,,,FCRD_Up,FCRD_Down,FCRN_Up,FCRN_Down
period1,sc01,t0001, 1.22772068059702E-02 , 5.99494265822784E-02 , 0.215628486956521 , 0.215628486956521 
period1,sc01,t0002, 1.20344204311774E-02 , 7.70674999200639E-02 , 0.215156901549407 , 0.215156901549407 
period1,sc01,t0003, 1.17457600497512E-02 , 8.78713284324324E-02 , 0.211606966758893 , 0.211606966758893 
period1,sc01,t0004, 1.28882394527363E-02 , 8.91621995121951E-02 , 0.221187868363637 , 0.221187868363637 
period1,sc01,t0005, 0.015014513457976 , 9.64445379081016E-02 , 0.214095607920949 , 0.214095607920949 
period1,sc01,t0006, 1.48852999656947E-02 , 0.097141909576923 , 0.216744493913044 , 0.216744493913044 
period1,sc01,t0007, 8.06959122852404E-02 , 0.211088223181258 , 0.181490631304348 , 0.181490631304348 
period1,sc01,t0008, 8.07724956517413E-02 , 0.168646544698898 , 0.184802418181818 , 0.184802418181818 
period1,sc01,t0009, 8.07894270303432E-02 , 0.10888653460652 , 0.183066991130435 , 0.183066991130435 
period1,sc01,t0010, 8.13549689536878E-02 , 0.108790389013158 , 0.183066991130435 , 0.183066991130435 
period1,sc01,t0011, 8.26990196949096E-02 , 0.10857831340681 , 0.183066991130435 , 0.183066991130435 
period1,sc01,t0012, 8.14839003647215E-02 , 0.114347412465198 , 0.183066991130435 , 0.183066991130435 
period1,sc01,t0013, 7.92315578703704E-02 , 0.122271043420264 , 0.183066991130435 , 0.183066991130435 
period1,sc01,t0014, 7.95524963237311E-02 , 0.123552452405286 , 0.183066991130435 , 0.183066991130435 
period1,sc01,t0015, 7.78250750994694E-02 , 0.122618932602644 , 0.179294987260869 , 0.179294987260869 
period1,sc01,t0016, 8.64627986207966E-02 , 0.122394558315419 , 0.181037706403162 , 0.181037706403162 
period1,sc01,t0017, 0.088768369987662 , 0.122230275629956 , 0.180252062869565 , 0.180252062869565 
period1,sc01,t0018, 8.89635251893061E-02 , 0.115419571023789 , 0.180390929644269 , 0.180390929644269 
period1,sc01,t0019, 2.95321409232597E-02 , 2.29075443732991E-02 , 0.201504023913044 , 0.201504023913044 
period1,sc01,t0020, 2.64927848463811E-02 , 2.63746273034826E-02 , 0.192785853660079 , 0.192785853660079 
period1,sc01,t0021, 0.017625194534712 , 2.78442279069767E-02 , 0.193279813557312 , 0.193279813557312 
period1,sc01,t0022, 1.32429998874472E-02 , 2.81396513591086E-02 , 0.200121244189724 , 0.200121244189724 
period1,sc01,t0023, 1.37322907694859E-02 , 2.77829026006295E-02 , 0.216837796442688 , 0.216837796442688 
period1,sc01,t0024, 1.52353391044776E-02 , 2.80193997326203E-02 , 0.216588687747036 , 0.216588687747036 
period1,sc01,t0025, 2.49897911445783E-02 , 8.14370677984629E-02 , 0.167958382666666 , 0.167958382666666 
period1,sc01,t0026, 2.37904159518716E-02 , 8.12958412502135E-02 , 0.176044139541666 , 0.176044139541666 
period1,sc01,t0027, 2.49897911445783E-02 , 8.78981628095645E-02 , 0.167884854083334 , 0.167884854083334 
period1,sc01,t0028, 2.78323923373494E-02 , 8.02457615182385E-02 , 0.162824750666666 , 0.162824750666666 
period1,sc01,t0029, 2.81195281069519E-02 , 8.77038197352689E-02 , 0.1595493865 , 0.1595493865 
period1,sc01,t0030, 3.11925827094474E-02 , 8.61379586387702E-02 , 0.166740386458334 , 0.166740386458334 
period1,sc01,t0031, 7.56738159518072E-02 , 8.33449649876543E-02 , 0.171885 , 0.171885 
period1,sc01,t0032, 7.73766904096385E-02 , 8.31626719012346E-02 , 0.169794145837958 , 0.169794145837958 
period1,sc01,t0033, 8.01719763855421E-02 , 9.30105809629629E-02 , 0.171885 , 0.171885 
period1,sc01,t0034, 7.89629272727273E-02 , 9.35361590123457E-02 , 0.171885 , 0.171885 
period1,sc01,t0035, 7.94739864171122E-02 , 8.29439201975308E-02 , 0.171885 , 0.171885 
period1,sc01,t0036, 7.80041939277109E-02 , 8.41835131851851E-02 , 0.165263583426517 , 0.165263583426517 
period1,sc01,t0037, 7.65405975903615E-02 , 8.40741373333333E-02 , 0.164475090734825 , 0.164475090734825 
period1,sc01,t0038, 7.71405679518073E-02 , 8.27599092716049E-02 , 0.171885 , 0.171885 
period1,sc01,t0039, 7.82777592260953E-02 , 0.084292889037037 , 0.164475090734825 , 0.164475090734825 
period1,sc01,t0040, 8.56013916259169E-02 , 8.29803788148149E-02 , 0.19117347160767 , 0.19117347160767 
period1,sc01,t0041, 8.70007517709924E-02 , 8.30686555555556E-02 , 0.190877700958702 , 0.190877700958702 
period1,sc01,t0042, 0.081095330642428 , 8.33631942962963E-02 , 0.191152345132743 , 0.191152345132743 
period1,sc01,t0043, 0.034377 , 8.33996529135803E-02 , 0.171885 , 0.171885 
period1,sc01,t0044, 4.29563795419848E-02 , 8.32538184444444E-02 , 0.171885 , 0.171885 
period1,sc01,t0045, 0.04283374900642 , 8.34725701481482E-02 , 0.171885 , 0.171885 
period1,sc01,t0046, 2.75311538170564E-02 , 8.33804939506173E-02 , 0.171219438592421 , 0.171219438592421 
period1,sc01,t0047, 3.07248267379679E-02 , 8.34725701481482E-02 , 0.171885 , 0.171885 
period1,sc01,t0048, 7.09443235080214E-02 , 0.082038921925926 , 0.180415939025 , 0.180415939025 
period1,sc01,t0049, 9.92681348484848E-03 , 3.21673232401367E-02 , 0.188834415458333 , 0.188834415458333 
period1,sc01,t0050, 1.00077828141136E-02 , 0.025816256047486 , 0.188057223129167 , 0.188057223129167 
period1,sc01,t0051, 9.98714010327022E-03 , 2.39668419134079E-02 , 0.179762667534783 , 0.179762667534783 
period1,sc01,t0052, 1.02438281212121E-02 , 2.47227227719637E-02 , 0.188441297966667 , 0.188441297966667 
period1,sc01,t0053, 1.01019146969697E-02 , 3.49058275566232E-02 , 0.194045839833333 , 0.194045839833333 
period1,sc01,t0054, 1.11038124612737E-02 , 2.47673443195069E-02 , 0.225383165524194 , 0.225383165524194 
period1,sc01,t0055, 1.13584025868819E-02 , 1.70225121307304E-02 , 0.254217564375 , 0.254217564375 
period1,sc01,t0056, 1.17214238042474E-02 , 0.018831053754745 , 0.250267352291667 , 0.250267352291667 
period1,sc01,t0057, 0.011879192 , 1.95319077821229E-02 , 0.245998267666667 , 0.245998267666667 
period1,sc01,t0058, 1.69265913586976E-02 , 1.93018085213962E-02 , 0.2459792305 , 0.2459792305 
period1,sc01,t0059, 0.0114223 , 1.82067325150906E-02 , 0.244422321347826 , 0.244422321347826 
period1,sc01,t0060, 0.0114223 , 0.018265829859655 , 0.245960193333333 , 0.245960193333333 
period1,sc01,t0061, 1.62859192719449E-02 , 1.88464172784391E-02 , 0.214952787347826 , 0.214952787347826 
period1,sc01,t0062, 1.57360367745267E-02 , 2.01135300704028E-02 , 0.214886778041667 , 0.214886778041667 
period1,sc01,t0063, 0.016193675844062 , 2.04333144281811E-02 , 0.212467195543478 , 0.212467195543478 
period1,sc01,t0064, 0.022766562148855 , 1.83481074098079E-02 , 0.212693158434783 , 0.212693158434783 
period1,sc01,t0065, 2.33701304317557E-02 , 1.79276053847736E-02 , 0.212725438847826 , 0.212725438847826 
period1,sc01,t0066, 2.31836243271755E-02 , 1.80317973978679E-02 , 0.212596317195652 , 0.212596317195652 
period1,sc01,t0067, 1.92876434641222E-02 , 1.80303512451989E-02 , 0.1989065044125 , 0.1989065044125 
period1,sc01,t0068, 1.92001631490465E-02 , 1.79966640778463E-02 , 0.209326063043478 , 0.209326063043478 
period1,sc01,t0069, 1.93247157204203E-02 , 1.83487968337051E-02 , 0.209060453183333 , 0.209060453183333 
period1,sc01,t0070, 0.011879192 , 1.83570865817809E-02 , 0.196369698491305 , 0.196369698491305 
period1,sc01,t0071, 1.13426605924477E-02 , 2.04494944104056E-02 , 0.208372549304348 , 0.208372549304348 
period1,sc01,t0072, 1.10310058690803E-02 , 2.00729384017645E-02 , 0.240820158333333 , 0.240820158333333 
period1,sc01,t0073, 0.011728366568792 , 7.24727632098766E-02 , 0.1371810540625 , 0.1371810540625 
period1,sc01,t0074, 1.16126280033557E-02 , 7.22338854673721E-02 , 0.137471809985572 , 0.137471809985572 
period1,sc01,t0075, 1.13781950285235E-02 , 7.08454085890653E-02 , 0.137387353754655 , 0.137387353754655 
period1,sc01,t0076, 1.15854727864584E-02 , 7.07558294356261E-02 , 0.139365631744716 , 0.139365631744716 
period1,sc01,t0077, 1.30014390515806E-02 , 7.03676531040564E-02 , 0.139192022833334 , 0.139192022833334 
period1,sc01,t0078, 0.013019765524957 , 7.05617412698413E-02 , 0.139148171416666 , 0.139148171416666 
period1,sc01,t0079, 3.06975006203208E-02 , 6.92390364726631E-02 , 0.137349615426854 , 0.137349615426854 
period1,sc01,t0080, 6.83969948039216E-02 , 6.80720864197531E-02 , 0.135464652416666 , 0.135464652416666 
period1,sc01,t0081, 6.96673425731497E-02 , 6.69987506172839E-02 , 0.136001355625 , 0.136001355625 
period1,sc01,t0082, 6.99799687522282E-02 , 6.69422592592592E-02 , 0.134871228354166 , 0.134871228354166 
period1,sc01,t0083, 7.25744719621342E-02 , 0.067083487654321 , 0.134328805395834 , 0.134328805395834 
period1,sc01,t0084, 7.36220527005348E-02 , 6.85574682380952E-02 , 0.134328805395834 , 0.134328805395834 
period1,sc01,t0085, 7.52793919449226E-02 , 6.76651872380953E-02 , 0.134372180166666 , 0.134372180166666 
period1,sc01,t0086, 7.50053164888124E-02 , 6.70703332380953E-02 , 0.134492928340918 , 0.134492928340918 
period1,sc01,t0087, 7.51470796557659E-02 , 6.78493087142858E-02 , 0.134458832723325 , 0.134458832723325 
period1,sc01,t0088, 0.075332767565872 , 0.06772184 , 0.130684476806784 , 0.130684476806784 
period1,sc01,t0089, 7.76953375114504E-02 , 6.76991627548501E-02 , 0.130963924043293 , 0.130963924043293 
period1,sc01,t0090, 0.10984619483604 , 4.79591454144621E-02 , 0.130583625757576 , 0.130583625757576 
period1,sc01,t0091, 2.76613052597403E-02 , 6.80014722222222E-02 , 0.129750927912255 , 0.129750927912255 
period1,sc01,t0092, 2.80529822319673E-02 , 6.79449808641976E-02 , 0.129784087854174 , 0.129784087854174 
period1,sc01,t0093, 0.028164049 , 6.81003320987655E-02 , 0.131854157245575 , 0.131854157245575 
period1,sc01,t0094, 3.53344267765321E-02 , 6.79167351851852E-02 , 0.129179811065111 , 0.129179811065111 
period1,sc01,t0095, 0.01715925 , 6.76907697530864E-02 , 0.136009210211267 , 0.136009210211267 
period1,sc01,t0096, 1.17475987483221E-02 , 6.75919098765432E-02 , 0.134611079742247 , 0.134611079742247 
period1,sc01,t0097, 1.55310074420677E-02 , 2.47103180369918E-02 , 0.167396690347826 , 0.167396690347826 
period1,sc01,t0098, 1.89362264491978E-02 , 0.024868811477433 , 0.17388611975 , 0.17388611975 
period1,sc01,t0099, 2.04893475846702E-02 , 2.60867735816165E-02 , 0.171047217166666 , 0.171047217166666 
period1,sc01,t0100, 1.91094706417112E-02 , 2.44457718949616E-02 , 0.162212586645834 , 0.162212586645834 
period1,sc01,t0101, 2.28108931729055E-02 , 3.47706541501976E-02 , 0.159578960108303 , 0.159578960108303 
period1,sc01,t0102, 2.58857940686274E-02 , 3.48701810196348E-02 , 0.168133379510891 , 0.168133379510891 
period1,sc01,t0103, 0.0114395 , 2.90830189103331E-02 , 0.162313573391304 , 0.162313573391304 
period1,sc01,t0104, 1.15629127125646E-02 , 2.36856264005124E-02 , 0.175770404347826 , 0.175770404347826 
period1,sc01,t0105, 1.20720393752151E-02 , 2.40225787779675E-02 , 0.199270121565218 , 0.199270121565218 
period1,sc01,t0106, 1.20976748812393E-02 , 0.023719036383433 , 0.202381665565218 , 0.202381665565218 
period1,sc01,t0107, 1.17405498364888E-02 , 2.40749210845431E-02 , 0.206462002583334 , 0.206462002583334 
period1,sc01,t0108, 1.17668941583476E-02 , 2.41483644329633E-02 , 0.185963371875 , 0.185963371875 
period1,sc01,t0109, 1.53730340963856E-02 , 1.61635223959887E-02 , 0.211473581217391 , 0.211473581217391 
period1,sc01,t0110, 1.54640775524957E-02 , 1.60929104099572E-02 , 0.215155198692403 , 0.215155198692403 
period1,sc01,t0111, 0.01496270848537 , 1.61386768334771E-02 , 0.233830456939356 , 0.233830456939356 
period1,sc01,t0112, 4.09515028053863E-02 , 1.56667012448559E-02 , 0.233816560208248 , 0.233816560208248 
period1,sc01,t0113, 3.25871213725817E-02 , 1.56739575514051E-02 , 0.243242646240133 , 0.243242646240133 
period1,sc01,t0114, 3.76256629388343E-02 , 1.20185315798493E-02 , 0.243413690721649 , 0.243413690721649 
period1,sc01,t0115, 0.115590402603991 , 1.42650721812886E-02 , 0.252816310323123 , 0.252816310323123 
period1,sc01,t0116, 0.116145549120731 , 1.41218668681507E-02 , 0.253886140206186 , 0.253886140206186 
period1,sc01,t0117, 8.61424912073047E-02 , 1.41179884075343E-02 , 0.253280062916666 , 0.253280062916666 
period1,sc01,t0118, 4.66382093707665E-02 , 1.48976735714286E-02 , 0.2429106328125 , 0.2429106328125 
period1,sc01,t0119, 4.39961946524064E-02 , 0.016041596188794 , 0.242862968229166 , 0.242862968229166 
period1,sc01,t0120, 4.40390163101605E-02 , 1.96802038834789E-02 , 0.2450269403125 , 0.2450269403125 
period1,sc01,t0121, 6.64110894474153E-02 , 3.90672295844156E-02 , 0.13127648121616 , 0.13127648121616 
period1,sc01,t0122, 2.83363503158348E-02 , 3.84312493595218E-02 , 0.129655293 , 0.129655293 
period1,sc01,t0123, 2.85309082593583E-02 , 3.84742329632792E-02 , 0.130959396 , 0.130959396 
period1,sc01,t0124, 0.030746439657754 , 5.89497408730158E-02 , 0.1316800845 , 0.1316800845 
period1,sc01,t0125, 2.69601282878788E-02 , 2.75644111003659E-02 , 0.134602722162162 , 0.134602722162162 
period1,sc01,t0126, 2.70280719848485E-02 , 2.65407469185433E-02 , 0.139714426666666 , 0.139714426666666 
period1,sc01,t0127, 0.126203581907309 , 3.36288085397096E-02 , 0.162457105958334 , 0.162457105958334 
period1,sc01,t0128, 0.128473129768271 , 3.74557879188713E-02 , 0.19375653125 , 0.19375653125 
period1,sc01,t0129, 0.133073399286987 , 2.47832677771126E-02 , 0.23493873125 , 0.23493873125 
period1,sc01,t0130, 0.133552594028521 , 3.67752688095238E-02 , 0.193994854166666 , 0.193994854166666 
period1,sc01,t0131, 0.126703167914438 , 0.036720795 , 0.1870930225 , 0.1870930225 
period1,sc01,t0132, 0.141973554590909 , 3.67861635714286E-02 , 0.174355472198089 , 0.174355472198089 
period1,sc01,t0133, 0.12533695311943 , 3.66881107142858E-02 , 0.178151146666666 , 0.178151146666666 
period1,sc01,t0134, 0.125124883957219 , 3.66346456790124E-02 , 0.174963339333334 , 0.174963339333334 
period1,sc01,t0135, 0.100558710641711 , 3.66507457160494E-02 , 0.165721176625 , 0.165721176625 
period1,sc01,t0136, 0.106618305826162 , 3.60779448369566E-02 , 0.1656768485625 , 0.1656768485625 
period1,sc01,t0137, 0.091516 , 5.30572887213404E-02 , 0.165361785666666 , 0.165361785666666 
period1,sc01,t0138, 8.15239284580967E-02 , 3.70522782186949E-02 , 0.165142528583334 , 0.165142528583334 
period1,sc01,t0139, 3.19810728737569E-02 , 2.50535944761905E-02 , 0.157483783333334 , 0.157483783333334 
period1,sc01,t0140, 2.83660375511771E-02 , 2.40941360190218E-02 , 0.140136639545834 , 0.140136639545834 
period1,sc01,t0141, 6.62375993313253E-02 , 2.59262649047619E-02 , 0.136783464362806 , 0.136783464362806 
period1,sc01,t0142, 0.066677537692771 , 3.73246472663139E-02 , 0.1390170938125 , 0.1390170938125 
period1,sc01,t0143, 7.16892665909091E-02 , 3.72439453262787E-02 , 0.1390170938125 , 0.1390170938125 
period1,sc01,t0144, 2.69115970757576E-02 , 2.80952044632958E-02 , 0.13947352739202 , 0.13947352739202 
period1,sc01,t0145, 1.32666131336898E-02 , 3.20944401388432E-02 , 0.153698071565217 , 0.153698071565217 
period1,sc01,t0146, 1.31536490421687E-02 , 3.63545804519865E-02 , 0.1597053574125 , 0.1597053574125 
period1,sc01,t0147, 1.31797549518073E-02 , 4.44566132676653E-02 , 0.159475207575 , 0.159475207575 
period1,sc01,t0148, 1.27968288123925E-02 , 2.84277900709509E-02 , 0.1608625076125 , 0.1608625076125 
period1,sc01,t0149, 1.25375456282272E-02 , 3.85149483981693E-02 , 0.1528561785 , 0.1528561785 
period1,sc01,t0150, 1.19189362048193E-02 , 2.84014140599124E-02 , 0.153412954434783 , 0.153412954434783 
period1,sc01,t0151, 1.30832628770054E-02 , 0.014221932648702 , 0.1720783235 , 0.1720783235 
period1,sc01,t0152, 3.09503080641711E-02 , 1.30670389481481E-02 , 0.1777960518 , 0.1777960518 
period1,sc01,t0153, 1.62831253983957E-02 , 1.33870548307591E-02 , 0.1777960518 , 0.1777960518 
period1,sc01,t0154, 2.13036159144385E-02 , 1.35862493808353E-02 , 0.1777960518 , 0.1777960518 
period1,sc01,t0155, 1.40635695882353E-02 , 1.34204086076366E-02 , 0.1777960518 , 0.1777960518 
period1,sc01,t0156, 1.50149391657754E-02 , 1.43254635261255E-02 , 0.1738958289 , 0.1738958289 
period1,sc01,t0157, 1.24390438074866E-02 , 1.45332669682514E-02 , 0.18483640125 , 0.18483640125 
period1,sc01,t0158, 1.24413326203208E-02 , 1.46816994109432E-02 , 0.1848101284375 , 0.1848101284375 
period1,sc01,t0159, 2.56970330213904E-02 , 1.82763268895826E-02 , 0.18022002925 , 0.18022002925 
period1,sc01,t0160, 2.55350130567986E-02 , 1.79054611193294E-02 , 0.18022002925 , 0.18022002925 
period1,sc01,t0161, 2.35158970655339E-02 , 1.75813962292161E-02 , 0.179462416875 , 0.179462416875 
period1,sc01,t0162, 2.20047814200596E-02 , 0.01536243 , 0.166283258477993 , 0.166283258477993 
period1,sc01,t0163, 0.0343935 , 0.052984592010582 , 0.16862865545 , 0.16862865545 
period1,sc01,t0164, 0.0343935 , 3.61384310989199E-02 , 0.169776178332662 , 0.169776178332662 
period1,sc01,t0165, 3.19777608338663E-02 , 2.60154483519553E-02 , 0.1728201721875 , 0.1728201721875 
period1,sc01,t0166, 2.93240599053357E-02 , 2.60199316759777E-02 , 0.17817207022472 , 0.17817207022472 
period1,sc01,t0167, 2.63428460855615E-02 , 2.60336620864198E-02 , 0.17457567375 , 0.17457567375 
period1,sc01,t0168, 0.025731784130809 , 2.84594364345473E-02 , 0.1709548025 , 0.1709548025 
period1,sc01,t0169, 5.71525114027538E-02 , 7.70857093023256E-02 , 0.130720072992701 , 0.130720072992701 
period1,sc01,t0170, 5.82789179432014E-02 , 7.70667352941176E-02 , 0.130728554070474 , 0.130728554070474 
period1,sc01,t0171, 2.80341409090909E-02 , 8.34710204599257E-02 , 0.130728554070474 , 0.130728554070474 
period1,sc01,t0172, 2.79733295454546E-02 , 0.100053534836066 , 0.13180354185756 , 0.13180354185756 
period1,sc01,t0173, 2.53941157487091E-02 , 9.19547872612551E-02 , 0.134834970074813 , 0.134834970074813 
period1,sc01,t0174, 6.22483396729776E-02 , 8.85976469072165E-02 , 0.131148236259229 , 0.131148236259229 
period1,sc01,t0175, 6.23382041308089E-02 , 7.41017734177215E-02 , 0.128964586507293 , 0.128964586507293 
period1,sc01,t0176, 6.45318818181818E-02 , 7.06424423963134E-02 , 0.1360935 , 0.1360935 
period1,sc01,t0177, 6.45580227272727E-02 , 7.07271757137822E-02 , 0.137223759693054 , 0.137223759693054 
period1,sc01,t0178, 6.42104181818182E-02 , 6.88090467483257E-02 , 0.134894794603302 , 0.134894794603302 
period1,sc01,t0179, 6.37433181818182E-02 , 6.90942027229468E-02 , 0.134783880386629 , 0.134783880386629 
period1,sc01,t0180, 6.47155636363637E-02 , 6.92510385089884E-02 , 0.134634853581322 , 0.134634853581322 
period1,sc01,t0181, 6.25415545611015E-02 , 7.37961416108566E-02 , 0.132549691738595 , 0.132549691738595 
period1,sc01,t0182, 6.23982849397591E-02 , 7.34195739337328E-02 , 0.135785310292326 , 0.135785310292326 
period1,sc01,t0183, 6.40454727272728E-02 , 7.35583093937258E-02 , 0.135950349375 , 0.135950349375 
period1,sc01,t0184, 6.78783725850966E-02 , 7.71810037010927E-02 , 0.135950349375 , 0.135950349375 
period1,sc01,t0185, 6.60689505343511E-02 , 7.41455130792903E-02 , 0.14742637961926 , 0.14742637961926 
period1,sc01,t0186, 6.53272625954199E-02 , 5.42318126542123E-02 , 0.1377 , 0.1377 
period1,sc01,t0187, 3.19900575572519E-02 , 1.66875379307389E-02 , 0.151778454092921 , 0.151778454092921 
period1,sc01,t0188, 3.56107266412213E-02 , 1.93953664495114E-02 , 0.138420152198421 , 0.138420152198421 
period1,sc01,t0189, 3.26415975272555E-02 , 1.95732526763777E-02 , 0.1380213 , 0.1380213 
period1,sc01,t0190, 2.27119541602465E-02 , 1.95215036610879E-02 , 0.1380213 , 0.1380213 
period1,sc01,t0191, 1.46993277797576E-02 , 1.95558728354032E-02 , 0.138441638964051 , 0.138441638964051 
period1,sc01,t0192, 1.45984758308157E-02 , 2.03457176007005E-02 , 0.140187251308901 , 0.140187251308901 
period1,sc01,t0193, 0.0115125 , 1.66204483240224E-02 , 0.233016403695652 , 0.233016403695652 
period1,sc01,t0194, 0.0115125 , 1.66628966480447E-02 , 0.24027436546875 , 0.24027436546875 
period1,sc01,t0195, 0.0115125 , 1.67400754189944E-02 , 0.2319236296875 , 0.2319236296875 
period1,sc01,t0196, 0.0115125 , 2.00312960072297E-02 , 0.2368818715625 , 0.2368818715625 
period1,sc01,t0197, 0.0115125 , 2.00071587249425E-02 , 0.232844016521739 , 0.232844016521739 
period1,sc01,t0198, 1.18547442340791E-02 , 2.00071587249425E-02 , 0.24723309609375 , 0.24723309609375 
period1,sc01,t0199, 1.27373626290877E-02 , 1.71034529837252E-02 , 0.394901775 , 0.394901775 
period1,sc01,t0200, 0.013632206863167 , 1.70394079855406E-02 , 0.5180625 , 0.5180625 
period1,sc01,t0201, 0.013639745390223 , 0.017342341457244 , 0.5180625 , 0.5180625 
period1,sc01,t0202, 1.36940901322799E-02 , 1.73088186776305E-02 , 0.548946032608696 , 0.548946032608696 
period1,sc01,t0203, 1.48394346928812E-02 , 1.71973974696024E-02 , 0.755119891304348 , 0.755119891304348 
period1,sc01,t0204, 1.51406818181819E-02 , 1.53979214590864E-02 , 0.556063760869565 , 0.556063760869565 
period1,sc01,t0205, 1.79947967914439E-02 , 1.50963189286888E-02 , 0.773637997826087 , 0.773637997826087 
period1,sc01,t0206, 1.51263168449198E-02 , 1.54525897551758E-02 , 0.8115353125 , 0.8115353125 
period1,sc01,t0207, 1.79484184491979E-02 , 1.71335100768574E-02 , 0.922175234374999 , 0.922175234374999 
period1,sc01,t0208, 3.60594349236641E-02 , 1.63314249472852E-02 , 0.953786640625 , 0.953786640625 
period1,sc01,t0209, 3.96891240458015E-02 , 0.014553319987775 , 0.922175234374999 , 0.922175234374999 
period1,sc01,t0210, 4.11324927480916E-02 , 1.29035836831059E-02 , 0.728691195652173 , 0.728691195652173 
period1,sc01,t0211, 0.107198341988131 , 0.026972224074074 , 0.528474980625 , 0.528474980625 
period1,sc01,t0212, 8.13735576461169E-02 , 2.50486416666667E-02 , 0.9978320265625 , 0.9978320265625 
period1,sc01,t0213, 8.12882649543006E-02 , 2.48047472222222E-02 , 0.802977954456521 , 0.802977954456521 
period1,sc01,t0214, 6.91017502151463E-02 , 2.48380055555555E-02 , 0.551789068834459 , 0.551789068834459 
period1,sc01,t0215, 6.30543090435772E-02 , 2.48849083333334E-02 , 0.525855961956521 , 0.525855961956521 
period1,sc01,t0216, 0.077709375 , 2.78771599060632E-02 , 0.550789659375 , 0.550789659375 
period1,sc01,t0217, 7.75068442255005E-02 , 3.87056884516681E-02 , 0.27793701 , 0.27793701 
period1,sc01,t0218, 7.75068644125395E-02 , 3.95225189189189E-02 , 0.2802933825 , 0.2802933825 
period1,sc01,t0219, 7.76215671680717E-02 , 4.95474413645833E-02 , 0.2802933825 , 0.2802933825 
period1,sc01,t0220, 5.53271829926238E-02 , 2.98235408145871E-02 , 0.344835 , 0.344835 
period1,sc01,t0221, 7.00232868150685E-02 , 3.95138908220817E-02 , 0.326125210775 , 0.326125210775 
period1,sc01,t0222, 6.96522490384615E-02 , 0.02897477185579 , 0.2873625 , 0.2873625 
period1,sc01,t0223, 0.229873096323529 , 2.30100381863561E-02 , 0.492364408695652 , 0.492364408695652 
period1,sc01,t0224, 0.5241492 , 2.30120929181315E-02 , 0.49607438351087 , 0.49607438351087 
period1,sc01,t0225, 0.533733584558824 , 1.75934998762462E-02 , 0.590317539130434 , 0.590317539130434 
period1,sc01,t0226, 0.54622089382353 , 0.022989 , 0.488991022826087 , 0.488991022826087 
period1,sc01,t0227, 0.56143625157754 , 2.14535348402447E-02 , 0.489065986956521 , 0.489065986956521 
period1,sc01,t0228, 0.569804698342246 , 1.95598991626795E-02 , 0.492514336956522 , 0.492514336956522 
period1,sc01,t0229, 0.423529789203208 , 1.86588704933651E-02 , 0.45224765415 , 0.45224765415 
period1,sc01,t0230, 0.533480685069519 , 1.88072197157623E-02 , 0.45224765415 , 0.45224765415 
period1,sc01,t0231, 0.519525997338781 , 1.92571662538541E-02 , 0.45314379410625 , 0.45314379410625 
period1,sc01,t0232, 0.475228331024097 , 1.91917627687017E-02 , 0.45314379410625 , 0.45314379410625 
period1,sc01,t0233, 0.454084647252322 , 1.93381429099347E-02 , 0.436608687234783 , 0.436608687234783 
period1,sc01,t0234, 0.490697393791688 , 1.74743626930999E-02 , 0.437905166882609 , 0.437905166882609 
period1,sc01,t0235, 6.49310777734251E-02 , 1.86923369008265E-02 , 0.4434224644125 , 0.4434224644125 
period1,sc01,t0236, 6.45773836480686E-02 , 1.95769101248462E-02 , 0.42018259695 , 0.42018259695 
period1,sc01,t0237, 5.39131633199599E-02 , 1.96620290156168E-02 , 0.4192541287125 , 0.4192541287125 
period1,sc01,t0238, 4.38206927267905E-02 , 2.31448191208042E-02 , 0.4211615452 , 0.4211615452 
period1,sc01,t0239, 0.037052712549891 , 2.30662350764136E-02 , 0.409620702082466 , 0.409620702082466 
period1,sc01,t0240, 3.42056696654368E-02 , 4.97354138845186E-02 , 0.40678384145 , 0.40678384145 
period1,sc01,t0241, 1.58768133590192E-02 , 1.73621274967235E-02 , 0.2110745727 , 0.2110745727 
period1,sc01,t0242, 1.45117912609457E-02 , 1.74230186403007E-02 , 0.211126117583333 , 0.211126117583333 
period1,sc01,t0243, 1.50925810420315E-02 , 1.97802834775511E-02 , 0.211177662466667 , 0.211177662466667 
period1,sc01,t0244, 1.74884269789843E-02 , 2.05275406365703E-02 , 0.194517743 , 0.194517743 
period1,sc01,t0245, 1.58679338896673E-02 , 2.35683026975563E-02 , 0.207825770434782 , 0.207825770434782 
period1,sc01,t0246, 1.88597948580441E-02 , 0.024224856362344 , 0.188614783304348 , 0.188614783304348 
period1,sc01,t0247, 3.85541594219653E-02 , 3.96857034235669E-02 , 0.173117993666667 , 0.173117993666667 
period1,sc01,t0248, 5.79681965938554E-02 , 5.46503038990826E-02 , 0.1701521509 , 0.1701521509 
period1,sc01,t0249, 5.24766040320285E-02 , 5.46766731651376E-02 , 0.173438376733333 , 0.173438376733333 
period1,sc01,t0250, 5.69980067540107E-02 , 5.29980873882821E-02 , 0.173438376733333 , 0.173438376733333 
period1,sc01,t0251, 5.19449625383244E-02 , 5.32562401581288E-02 , 0.173438376733333 , 0.173438376733333 
period1,sc01,t0252, 5.17865867522282E-02 , 3.81766228362184E-02 , 0.1701521509 , 0.1701521509 
period1,sc01,t0253, 5.16414089483066E-02 , 4.00266623525557E-02 , 0.175612842666667 , 0.175612842666667 
period1,sc01,t0254, 5.14302412335116E-02 , 4.01114207077326E-02 , 0.175612842666667 , 0.175612842666667 
period1,sc01,t0255, 5.18723736363636E-02 , 3.81382581182348E-02 , 0.175612842666667 , 0.175612842666667 
period1,sc01,t0256, 6.36071030292599E-02 , 5.30695294479607E-02 , 0.175612842666667 , 0.175612842666667 
period1,sc01,t0257, 6.16957309148264E-02 , 5.28795297995781E-02 , 0.178329393075684 , 0.178329393075684 
period1,sc01,t0258, 0.065377342135303 , 3.66448683544304E-02 , 0.184788121213762 , 0.184788121213762 
period1,sc01,t0259, 1.56693658181818E-02 , 5.27793555168776E-02 , 0.185447860177205 , 0.185447860177205 
period1,sc01,t0260, 1.57151821506938E-02 , 5.26924003586498E-02 , 0.185467770406766 , 0.185467770406766 
period1,sc01,t0261, 1.59155529635061E-02 , 5.27115620253165E-02 , 0.185467770406766 , 0.185467770406766 
period1,sc01,t0262, 1.42930341579578E-02 , 5.14054099232737E-02 , 0.184126466975 , 0.184126466975 
period1,sc01,t0263, 1.36297679439418E-02 , 5.11944398433509E-02 , 0.18369075582175 , 0.18369075582175 
period1,sc01,t0264, 1.23726239205251E-02 , 5.30022247706422E-02 , 0.184153005883333 , 0.184153005883333 
period1,sc01,t0265, 5.24638235828877E-02 , 3.75670844800545E-02 , 0.137539865807491 , 0.137539865807491 
period1,sc01,t0266, 4.98307851515151E-02 , 4.44948314493481E-02 , 0.138790273100616 , 0.138790273100616 
period1,sc01,t0267, 5.91941796791444E-02 , 4.45308462010888E-02 , 0.138775775041051 , 0.138775775041051 
period1,sc01,t0268, 5.00831658199644E-02 , 4.44723261961519E-02 , 0.139213778009162 , 0.139213778009162 
period1,sc01,t0269, 5.95323267379679E-02 , 4.44898588349348E-02 , 0.140890340716874 , 0.140890340716874 
period1,sc01,t0270, 5.01441347593583E-02 , 0.052121330408301 , 0.1417867525 , 0.1417867525 
period1,sc01,t0271, 1.24576821962135E-02 , 4.45953511620795E-02 , 0.153900758166667 , 0.153900758166667 
period1,sc01,t0272, 1.17675060068847E-02 , 4.02704622936085E-02 , 0.15514914075 , 0.15514914075 
period1,sc01,t0273, 1.31445339518073E-02 , 4.26456953048471E-02 , 0.15729907975 , 0.15729907975 
period1,sc01,t0274, 1.25178781927711E-02 , 4.45603683898742E-02 , 0.156726337533333 , 0.156726337533333 
period1,sc01,t0275, 1.31387161927711E-02 , 3.95627745330296E-02 , 0.157056301433333 , 0.157056301433333 
period1,sc01,t0276, 1.31294920249554E-02 , 3.80385536370007E-02 , 0.157168780416667 , 0.157168780416667 
period1,sc01,t0277, 0.055083295144385 , 0.047975750385613 , 0.158407103125 , 0.158407103125 
period1,sc01,t0278, 4.85066543201377E-02 , 6.16277403946002E-02 , 0.158088540416667 , 0.158088540416667 
period1,sc01,t0279, 0.046131227686747 , 6.63995419544198E-02 , 0.158423869583333 , 0.158423869583333 
period1,sc01,t0280, 5.13546942839695E-02 , 6.21243537918871E-02 , 0.162208270178926 , 0.162208270178926 
period1,sc01,t0281, 5.07168477450382E-02 , 6.24420398550724E-02 , 0.16180102482679 , 0.16180102482679 
period1,sc01,t0282, 5.00603602687023E-02 , 7.09314913043478E-02 , 0.161882816550926 , 0.161882816550926 
period1,sc01,t0283, 8.42207798125672E-02 , 5.35540257391304E-02 , 0.168684001432903 , 0.168684001432903 
period1,sc01,t0284, 8.43394181508967E-02 , 0.049789008173913 , 0.157575305467848 , 0.157575305467848 
period1,sc01,t0285, 8.53390055077452E-02 , 4.91853323623188E-02 , 0.156697673902537 , 0.156697673902537 
period1,sc01,t0286, 7.99572493351158E-02 , 4.92249886811594E-02 , 0.155502365967078 , 0.155502365967078 
period1,sc01,t0287, 7.99818008609626E-02 , 4.87002136495064E-02 , 0.15617927195 , 0.15617927195 
period1,sc01,t0288, 7.85874668342246E-02 , 5.98337047152178E-02 , 0.156944588916667 , 0.156944588916667 
period1,sc01,t0289, 1.79528431556351E-02 , 3.03121803856042E-02 , 0.149251467175 , 0.149251467175 
period1,sc01,t0290, 1.61894830679785E-02 , 0.030278884627798 , 0.149056593025 , 0.149056593025 
period1,sc01,t0291, 1.54685039355993E-02 , 3.00563360964762E-02 , 0.149641215475 , 0.149641215475 
period1,sc01,t0292, 1.76137330733453E-02 , 3.22373432990045E-02 , 0.149462129001637 , 0.149462129001637 
period1,sc01,t0293, 1.96627905259391E-02 , 3.02143089621511E-02 , 0.150598051878863 , 0.150598051878863 
period1,sc01,t0294, 0.018472532236136 , 3.02815097174254E-02 , 0.149305598883333 , 0.149305598883333 
period1,sc01,t0295, 6.58502089731663E-02 , 0.105391527723992 , 0.144207299922952 , 0.144207299922952 
period1,sc01,t0296, 5.99522274060823E-02 , 0.10510834392425 , 0.144219975107526 , 0.144219975107526 
period1,sc01,t0297, 5.99637449731663E-02 , 0.132785215261688 , 0.144236379966667 , 0.144236379966667 
period1,sc01,t0298, 6.03968877638641E-02 , 0.115160232619215 , 0.149549910133333 , 0.149549910133333 
period1,sc01,t0299, 0.05951931373057 , 9.48268004079254E-02 , 0.1585942168 , 0.1585942168 
period1,sc01,t0300, 5.96908751813471E-02 , 6.49131955599086E-02 , 0.144905784645376 , 0.144905784645376 
period1,sc01,t0301, 4.04533154060823E-02 , 3.72625322773723E-02 , 0.163504954054954 , 0.163504954054954 
period1,sc01,t0302, 4.15453864364938E-02 , 4.17348688778878E-02 , 0.1871999025 , 0.1871999025 
period1,sc01,t0303, 4.05310589838999E-02 , 3.32051003910891E-02 , 0.18247176125 , 0.18247176125 
period1,sc01,t0304, 0.043148973463976 , 3.02260425412319E-02 , 0.193467683666667 , 0.193467683666667 
period1,sc01,t0305, 4.31380184766014E-02 , 2.82865049419219E-02 , 0.1910748226375 , 0.1910748226375 
period1,sc01,t0306, 4.31521864927822E-02 , 2.90276975186794E-02 , 0.186781661634782 , 0.186781661634782 
period1,sc01,t0307, 3.54757510619185E-02 , 2.84534141656452E-02 , 0.232714609333333 , 0.232714609333333 
period1,sc01,t0308, 3.55318159961501E-02 , 2.85222655223356E-02 , 0.232714609333333 , 0.232714609333333 
period1,sc01,t0309, 3.53986617773501E-02 , 2.97060226478106E-02 , 0.2857866775 , 0.2857866775 
period1,sc01,t0310, 3.16907755889465E-02 , 3.32393678350516E-02 , 0.289195538 , 0.289195538 
period1,sc01,t0311, 2.97624169395509E-02 , 0.030432135797546 , 0.292236744434782 , 0.292236744434782 
period1,sc01,t0312, 2.87898248604651E-02 , 0.046952040294712 , 0.293503913782609 , 0.293503913782609 
period1,sc01,t0313, 4.13841547332186E-02 , 0.228006193287788 , 0.295961479130435 , 0.295961479130435 
period1,sc01,t0314, 4.16669405163511E-02 , 0.190488985384253 , 0.913021453695653 , 0.913021453695653 
period1,sc01,t0315, 4.15676288425129E-02 , 0.188274479643766 , 0.627384910217391 , 0.627384910217391 
period1,sc01,t0316, 4.16888227495697E-02 , 0.220224170894103 , 0.964120880869565 , 0.964120880869565 
period1,sc01,t0317, 4.13387070180723E-02 , 0.227286190691717 , 0.935732310217391 , 0.935732310217391 
period1,sc01,t0318, 4.15361221691619E-02 , 0.215490800330033 , 0.64136159152174 , 0.64136159152174 
period1,sc01,t0319, 2.69548639037433E-02 , 5.78636861161524E-02 , 0.373385290208696 , 0.373385290208696 
period1,sc01,t0320, 2.65491491807229E-02 , 6.14297550572045E-02 , 0.261695098695652 , 0.261695098695652 
period1,sc01,t0321, 2.64552040998278E-02 , 3.75821748931624E-02 , 0.2155555425 , 0.2155555425 
period1,sc01,t0322, 2.64333416695352E-02 , 3.76876702995392E-02 , 0.2155555425 , 0.2155555425 
period1,sc01,t0323, 2.60391644277109E-02 , 3.75378045932621E-02 , 0.20640867 , 0.20640867 
period1,sc01,t0324, 2.60643735524957E-02 , 3.81477462044035E-02 , 0.2049241728625 , 0.2049241728625 
period1,sc01,t0325, 3.43699781506024E-02 , 3.82558820243181E-02 , 0.164165784230769 , 0.164165784230769 
period1,sc01,t0326, 3.48779080588235E-02 , 3.83713341880341E-02 , 0.1834022722 , 0.1834022722 
period1,sc01,t0327, 0.035289289383821 , 3.84475773414393E-02 , 0.184547548845834 , 0.184547548845834 
period1,sc01,t0328, 0.035649841257315 , 3.90153241083677E-02 , 0.18491826564375 , 0.18491826564375 
period1,sc01,t0329, 3.49772520462428E-02 , 3.96877656825397E-02 , 0.164662880833334 , 0.164662880833334 
period1,sc01,t0330, 3.40063408314144E-02 , 3.98902787160494E-02 , 0.164662880833334 , 0.164662880833334 
period1,sc01,t0331, 2.89062533626479E-02 , 3.99207977142858E-02 , 0.172835621 , 0.172835621 
period1,sc01,t0332, 2.88239930723377E-02 , 0.039863818095238 , 0.172743577 , 0.172743577 
period1,sc01,t0333, 2.87605482730398E-02 , 3.82909127566138E-02 , 0.172766588 , 0.172766588 
period1,sc01,t0334, 0.025248973566845 , 3.77851008002736E-02 , 0.172766588 , 0.172766588 
period1,sc01,t0335, 2.20393082272727E-02 , 3.78071319521776E-02 , 0.171826972166666 , 0.171826972166666 
period1,sc01,t0336, 1.74396308235294E-02 , 3.76195461229718E-02 , 0.172182683875 , 0.172182683875 
period1,sc01,t0337, 3.48730286773619E-02 , 3.16465917117117E-02 , 0.184650235580828 , 0.184650235580828 
period1,sc01,t0338, 1.90969920855615E-02 , 3.48306180847514E-02 , 0.17807625 , 0.17807625 
period1,sc01,t0339, 0.023024 , 0.034723602962963 , 0.18512735 , 0.18512735 
period1,sc01,t0340, 3.80912995935829E-02 , 3.15980500650325E-02 , 0.18799473442623 , 0.18799473442623 
period1,sc01,t0341, 6.25505853832442E-02 , 3.13029650825413E-02 , 0.188199881481481 , 0.188199881481481 
period1,sc01,t0342, 3.13552405561498E-02 , 3.10013782521682E-02 , 0.187993265222722 , 0.187993265222722 
period1,sc01,t0343, 0.076965150292599 , 1.93604312556278E-02 , 0.177571098434783 , 0.177571098434783 
period1,sc01,t0344, 7.41478211084337E-02 , 2.07791887943973E-02 , 0.224153655652174 , 0.224153655652174 
period1,sc01,t0345, 7.66394062650602E-02 , 2.17763387693847E-02 , 0.23024 , 0.23024 
period1,sc01,t0346, 8.27599937254902E-02 , 1.87424650992163E-02 , 0.23024 , 0.23024 
period1,sc01,t0347, 7.88602780748663E-02 , 1.87722039372706E-02 , 0.23024 , 0.23024 
period1,sc01,t0348, 7.91816290909091E-02 , 1.87549186519853E-02 , 0.23024 , 0.23024 
period1,sc01,t0349, 7.13317996557659E-02 , 5.52610954688021E-02 , 0.223269082197439 , 0.223269082197439 
period1,sc01,t0350, 7.13728148709122E-02 , 3.51646658258258E-02 , 0.223347762794476 , 0.223347762794476 
period1,sc01,t0351, 7.13300163855421E-02 , 2.02746793460127E-02 , 0.214003283333333 , 0.214003283333333 
period1,sc01,t0352, 7.22573169018933E-02 , 2.79537765794769E-02 , 0.214650833333333 , 0.214650833333333 
period1,sc01,t0353, 7.06377239886798E-02 , 2.03045265347199E-02 , 0.2236206 , 0.2236206 
period1,sc01,t0354, 6.89742950098231E-02 , 1.98205601609658E-02 , 0.22324646 , 0.22324646 
period1,sc01,t0355, 6.95974554789027E-02 , 1.89874625964442E-02 , 0.197015408666667 , 0.197015408666667 
period1,sc01,t0356, 6.98493186136072E-02 , 2.03851815467203E-02 , 0.166115761666667 , 0.166115761666667 
period1,sc01,t0357, 7.05107238887113E-02 , 2.02842521301577E-02 , 0.16430971925264 , 0.16430971925264 
period1,sc01,t0358, 7.37085025817556E-02 , 2.02491355355355E-02 , 0.16514903850528 , 0.16514903850528 
period1,sc01,t0359, 7.21402551187608E-02 , 0.020251824357691 , 0.163663948366534 , 0.163663948366534 
period1,sc01,t0360, 7.38112948683532E-02 , 8.70500456089532E-02 , 0.164716987814785 , 0.164716987814785 
period1,sc01,t0361, 1.39786182409638E-02 , 1.85301141589446E-02 , 0.190006598797337 , 0.190006598797337 
period1,sc01,t0362, 1.37392445094664E-02 , 1.85303148916117E-02 , 0.190108417788861 , 0.190108417788861 
period1,sc01,t0363, 0.014177944580895 , 1.85299134893217E-02 , 0.185365508289855 , 0.185365508289855 
period1,sc01,t0364, 1.52193945180723E-02 , 1.99222023562676E-02 , 0.1675975577 , 0.1675975577 
period1,sc01,t0365, 1.37125594457831E-02 , 0.020490231196984 , 0.170774937376033 , 0.170774937376033 
period1,sc01,t0366, 1.56862247641997E-02 , 2.13966563540685E-02 , 0.171133934482188 , 0.171133934482188 
period1,sc01,t0367, 1.77982248192771E-02 , 5.43161318567389E-02 , 0.17256382837893 , 0.17256382837893 
period1,sc01,t0368, 1.75354917590362E-02 , 4.36554553128593E-02 , 0.182566741884817 , 0.182566741884817 
period1,sc01,t0369, 1.97353862375215E-02 , 3.51747884857053E-02 , 0.167689368666935 , 0.167689368666935 
period1,sc01,t0370, 1.96708907349398E-02 , 3.52500480456561E-02 , 0.154185776178977 , 0.154185776178977 
period1,sc01,t0371, 2.09877234027538E-02 , 0.040835325652174 , 0.162266222883065 , 0.162266222883065 
period1,sc01,t0372, 2.10648091876076E-02 , 3.65931300886845E-02 , 0.154892608903916 , 0.154892608903916 
period1,sc01,t0373, 2.14288187951807E-02 , 2.01945864345541E-02 , 0.174250919861111 , 0.174250919861111 
period1,sc01,t0374, 2.12387767986231E-02 , 3.44754109706028E-02 , 0.171207192992611 , 0.171207192992611 
period1,sc01,t0375, 0.020641332271945 , 0.036753780864674 , 0.153128000413907 , 0.153128000413907 
period1,sc01,t0376, 2.07744804457831E-02 , 3.66125923138916E-02 , 0.154790310292103 , 0.154790310292103 
period1,sc01,t0377, 2.22653800229584E-02 , 4.44325266790059E-02 , 0.150304131125655 , 0.150304131125655 
period1,sc01,t0378, 2.06879497595383E-02 , 3.69793600475938E-02 , 0.154432812954088 , 0.154432812954088 
period1,sc01,t0379, 1.36212040134314E-02 , 1.76625253297363E-02 , 0.150903420325203 , 0.150903420325203 
period1,sc01,t0380, 1.36489622638489E-02 , 1.94597578365878E-02 , 0.14120403696182 , 0.14120403696182 
period1,sc01,t0381, 1.34237457890433E-02 , 1.99096914731073E-02 , 0.14120403696182 , 0.14120403696182 
period1,sc01,t0382, 1.34340489406196E-02 , 2.01780235517412E-02 , 0.150021586499596 , 0.150021586499596 
period1,sc01,t0383, 1.10857831325301E-02 , 0.020556121514206 , 0.140566096544716 , 0.140566096544716 
period1,sc01,t0384, 1.08221592504303E-02 , 1.72116903606613E-02 , 0.14842062732783 , 0.14842062732783 
period1,sc01,t0385, 2.13447599019608E-02 , 5.96269767770934E-02 , 0.14125114375 , 0.14125114375 
period1,sc01,t0386, 2.07192675579323E-02 , 5.40888166862515E-02 , 0.1414952 , 0.1414952 
period1,sc01,t0387, 0.0172275 , 5.41013777032691E-02 , 0.12201744127907 , 0.12201744127907 
period1,sc01,t0388, 2.59213089500861E-02 , 5.38111754735792E-02 , 0.12201744127907 , 0.12201744127907 
period1,sc01,t0389, 0.026219800344234 , 6.15142580928924E-02 , 0.131256635485118 , 0.131256635485118 
period1,sc01,t0390, 2.62066818181818E-02 , 0.06423581716626 , 0.131256635485118 , 0.131256635485118 
period1,sc01,t0391, 0.02297 , 2.10077907644357E-02 , 0.140410253725332 , 0.140410253725332 
period1,sc01,t0392, 0.02297 , 2.10904475587703E-02 , 0.140493511880789 , 0.140493511880789 
period1,sc01,t0393, 3.41262956149732E-02 , 2.35518273759813E-02 , 0.127467059304704 , 0.127467059304704 
period1,sc01,t0394, 2.88519635362917E-02 , 2.56530487989249E-02 , 0.127493754464286 , 0.127493754464286 
period1,sc01,t0395, 2.64988997285375E-02 , 2.33494976541555E-02 , 0.139862172400464 , 0.139862172400464 
period1,sc01,t0396, 2.63742304995618E-02 , 2.33367167713461E-02 , 0.131220580978909 , 0.131220580978909 
period1,sc01,t0397, 4.93192553281462E-02 , 4.86590415107179E-02 , 0.131853304986471 , 0.131853304986471 
period1,sc01,t0398, 2.63040303083392E-02 , 2.32106990816661E-02 , 0.131368773734177 , 0.131368773734177 
period1,sc01,t0399, 0.024620653643547 , 2.10264283944499E-02 , 0.131302217425431 , 0.131302217425431 
period1,sc01,t0400, 2.82464702886248E-02 , 2.10426631985233E-02 , 0.131797660088602 , 0.131797660088602 
period1,sc01,t0401, 2.86681991321118E-02 , 2.09849851288831E-02 , 0.132527329166667 , 0.132527329166667 
period1,sc01,t0402, 2.86555708346658E-02 , 2.11524422583405E-02 , 0.13265175 , 0.13265175 
period1,sc01,t0403, 3.60290786810317E-02 , 3.71613983797111E-02 , 0.11485 , 0.11485 
period1,sc01,t0404, 4.35631727851199E-02 , 4.00789686509334E-02 , 0.113115530612245 , 0.113115530612245 
period1,sc01,t0405, 5.12428599296451E-02 , 5.39550250968651E-02 , 0.111501225674571 , 0.111501225674571 
period1,sc01,t0406, 4.11185139759036E-02 , 7.15935655155321E-02 , 0.111864920064594 , 0.111864920064594 
period1,sc01,t0407, 2.74562663511187E-02 , 7.87623094435075E-02 , 0.111824477374643 , 0.111824477374643 
period1,sc01,t0408, 2.09420771428571E-02 , 7.86193468862583E-02 , 0.131912272180763 , 0.131912272180763 
period1,sc01,t0409, 1.43872133012049E-02 , 2.06427697626453E-02 , 0.155205883463275 , 0.155205883463275 
period1,sc01,t0410, 1.48632567228916E-02 , 2.06433724668522E-02 , 0.171471294993794 , 0.171471294993794 
period1,sc01,t0411, 1.43218608055078E-02 , 2.50736130379746E-02 , 0.16821340525 , 0.16821340525 
period1,sc01,t0412, 1.58777467450981E-02 , 2.72945846645367E-02 , 0.173930133111481 , 0.173930133111481 
period1,sc01,t0413, 1.45400193184165E-02 , 2.77603439341591E-02 , 0.170600600166251 , 0.170600600166251 
period1,sc01,t0414, 2.54120593627955E-02 , 2.76930567295391E-02 , 0.170609341372141 , 0.170609341372141 
period1,sc01,t0415, 4.27321982972686E-02 , 8.86997973296816E-02 , 0.148816539179862 , 0.148816539179862 
period1,sc01,t0416, 6.34666715147215E-02 , 0.29536890985325 , 0.148829642276423 , 0.148829642276423 
period1,sc01,t0417, 4.78224284001371E-02 , 0.254247829120879 , 0.149030095238096 , 0.149030095238096 
period1,sc01,t0418, 5.40789883521754E-02 , 0.250149392219521 , 0.149116999586948 , 0.149116999586948 
period1,sc01,t0419, 6.56541584391629E-02 , 0.364774136235955 , 0.149175361053931 , 0.149175361053931 
period1,sc01,t0420, 6.83055587938986E-02 , 0.264806022210563 , 0.14890008393866 , 0.14890008393866 
period1,sc01,t0421, 2.07775339836822E-02 , 9.86615259831461E-02 , 0.142488927295388 , 0.142488927295388 
period1,sc01,t0422, 6.67934932529266E-02 , 0.26514008 , 0.138621203432775 , 0.138621203432775 
period1,sc01,t0423, 6.65931688542036E-02 , 0.933083837233146 , 0.1385696345 , 0.1385696345 
period1,sc01,t0424, 6.21711028666115E-02 , 0.240349755126405 , 0.1375686125 , 0.1375686125 
period1,sc01,t0425, 6.58065540910538E-02 , 0.132335160112359 , 0.1375686125 , 0.1375686125 
period1,sc01,t0426, 0.05753 , 7.62110898876405E-02 , 0.137976116666667 , 0.137976116666667 
period1,sc01,t0427, 2.34763061127029E-02 , 2.02320064992095E-02 , 0.136659584051551 , 0.136659584051551 
period1,sc01,t0428, 2.19506294531499E-02 , 2.24153447023705E-02 , 0.136224252355593 , 0.136224252355593 
period1,sc01,t0429, 2.19231431020147E-02 , 2.25365793089005E-02 , 0.136651967833333 , 0.136651967833333 
period1,sc01,t0430, 0.017712599721393 , 2.30855153046062E-02 , 0.146581645833333 , 0.146581645833333 
period1,sc01,t0431, 2.61715202770449E-02 , 0.024210756651719 , 0.137620657108337 , 0.137620657108337 
period1,sc01,t0432, 2.72832920863309E-02 , 2.42179553264604E-02 , 0.137751724968841 , 0.137751724968841 
period1,sc01,t0433, 2.59859215686275E-02 , 7.22548136677327E-02 , 0.11851133660894 , 0.11851133660894 
period1,sc01,t0434, 2.10469556862745E-02 , 7.13689567149108E-02 , 0.11851133660894 , 0.11851133660894 
period1,sc01,t0435, 2.57447467843137E-02 , 7.37297483108108E-02 , 0.118520604430125 , 0.118520604430125 
period1,sc01,t0436, 2.28376666666666E-02 , 7.41460922502967E-02 , 0.118529872251309 , 0.118529872251309 
period1,sc01,t0437, 2.76666999999999E-02 , 7.36072547541545E-02 , 0.118529872251309 , 0.118529872251309 
period1,sc01,t0438, 1.42117517521515E-02 , 0.073415306858001 , 0.131638278534032 , 0.131638278534032 
period1,sc01,t0439, 1.09282839380379E-02 , 2.22650945768567E-02 , 0.13986882739726 , 0.13986882739726 
period1,sc01,t0440, 1.11054090051635E-02 , 0.023419508048583 , 0.161467533333333 , 0.161467533333333 
period1,sc01,t0441, 1.11659095731497E-02 , 1.98678702889034E-02 , 0.161390826666667 , 0.161390826666667 
period1,sc01,t0442, 1.11630776316695E-02 , 1.95227280630334E-02 , 0.16234966 , 0.16234966 
period1,sc01,t0443, 1.12168647160069E-02 , 2.20077747537755E-02 , 0.160166875916667 , 0.160166875916667 
period1,sc01,t0444, 1.14488858795181E-02 , 0.020866013900197 , 0.178333411666667 , 0.178333411666667 
period1,sc01,t0445, 1.40442112941176E-02 , 1.97190779908076E-02 , 0.145157496323529 , 0.145157496323529 
period1,sc01,t0446, 1.40541532185887E-02 , 2.17179907884363E-02 , 0.162876271553519 , 0.162876271553519 
period1,sc01,t0447, 1.40205263889845E-02 , 2.20431313394616E-02 , 0.163308493333333 , 0.163308493333333 
period1,sc01,t0448, 1.40331695390781E-02 , 1.93736345518868E-02 , 0.164344033333333 , 0.164344033333333 
period1,sc01,t0449, 1.39510709945635E-02 , 1.93866586771105E-02 , 0.153927658980582 , 0.153927658980582 
period1,sc01,t0450, 1.22983943396226E-02 , 1.96909663494269E-02 , 0.138933066857611 , 0.138933066857611 
period1,sc01,t0451, 2.66601961917715E-02 , 5.20172809265292E-02 , 0.129319816977226 , 0.129319816977226 
period1,sc01,t0452, 0.046024 , 4.36303522258415E-02 , 0.143514527990334 , 0.143514527990334 
period1,sc01,t0453, 0.046024 , 4.29478211364459E-02 , 0.123765825041459 , 0.123765825041459 
period1,sc01,t0454, 4.47521216110155E-02 , 4.96025779631561E-02 , 0.123475181635119 , 0.123475181635119 
period1,sc01,t0455, 1.39995343752151E-02 , 5.06752515085158E-02 , 0.129585674208144 , 0.129585674208144 
period1,sc01,t0456, 1.41838284130809E-02 , 0.062448990549259 , 0.123943206604913 , 0.123943206604913 
period1,sc01,t0457, 1.78966819277109E-02 , 2.55181376273414E-02 , 0.158723674551386 , 0.158723674551386 
period1,sc01,t0458, 2.38426470588235E-02 , 2.92487955905512E-02 , 0.158294385823601 , 0.158294385823601 
period1,sc01,t0459, 1.44525957884198E-02 , 2.59728556341349E-02 , 0.157006996726678 , 0.157006996726678 
period1,sc01,t0460, 1.40181895421687E-02 , 1.83662661864139E-02 , 0.179799792727272 , 0.179799792727272 
period1,sc01,t0461, 1.44427431187607E-02 , 1.87096332237923E-02 , 0.18144962 , 0.18144962 
period1,sc01,t0462, 1.91550083137255E-02 , 3.68939221752904E-02 , 0.163812020082987 , 0.163812020082987 
period1,sc01,t0463, 0.020450079372549 , 7.09268802116403E-02 , 0.23012 , 0.23012 
period1,sc01,t0464, 7.14168112220309E-02 , 0.070511284303351 , 0.23012 , 0.23012 
period1,sc01,t0465, 7.14639505882353E-02 , 7.04554386031746E-02 , 0.23012 , 0.23012 
period1,sc01,t0466, 8.94441203230592E-02 , 7.09161656296297E-02 , 0.216806842937853 , 0.216806842937853 
period1,sc01,t0467, 8.97646269985165E-02 , 7.19911953580247E-02 , 0.216863840361446 , 0.216863840361446 
period1,sc01,t0468, 0.090085133673974 , 0.072033079633157 , 0.204667179735682 , 0.204667179735682 
period1,sc01,t0469, 5.92097529411764E-02 , 7.18703722116402E-02 , 0.19239679056527 , 0.19239679056527 
period1,sc01,t0470, 6.83794401568628E-02 , 7.07655526984127E-02 , 0.200963881334982 , 0.200963881334982 
period1,sc01,t0471, 4.27485843137256E-02 , 7.46207729453263E-02 , 0.214133008457511 , 0.214133008457511 
period1,sc01,t0472, 5.73982976813856E-02 , 7.06998041269841E-02 , 0.21438022997621 , 0.21438022997621 
period1,sc01,t0473, 7.01812811886793E-02 , 7.02839647054674E-02 , 0.214743600761904 , 0.214743600761904 
period1,sc01,t0474, 8.95971622896682E-02 , 7.12933676190477E-02 , 0.200270689711934 , 0.200270689711934 
period1,sc01,t0475, 7.78793824251025E-02 , 1.43800737390708E-02 , 0.193779757894737 , 0.193779757894737 
period1,sc01,t0476, 4.61598937648855E-02 , 1.43966433259043E-02 , 0.19370395742939 , 0.19370395742939 
period1,sc01,t0477, 3.55546139184542E-02 , 1.47055955849056E-02 , 0.207286343 , 0.207286343 
period1,sc01,t0478, 2.70883235294118E-02 , 1.47221337422253E-02 , 0.207232648333333 , 0.207232648333333 
period1,sc01,t0479, 2.70403305882353E-02 , 2.02350600866955E-02 , 0.182845681333333 , 0.182845681333333 
period1,sc01,t0480, 3.44868250980392E-02 , 5.33210246285227E-02 , 0.205823163333333 , 0.205823163333333 
period1,sc01,t0481, 4.58844663235294E-02 , 3.27081897718631E-02 , 0.15111436 , 0.15111436 
period1,sc01,t0482, 1.96474835628227E-02 , 3.61100626691349E-02 , 0.155282957420925 , 0.155282957420925 
period1,sc01,t0483, 4.53301281818181E-02 , 3.72339197621941E-02 , 0.155330830849778 , 0.155330830849778 
period1,sc01,t0484, 3.79715992513369E-02 , 3.94849629368222E-02 , 0.1509419425 , 0.1509419425 
period1,sc01,t0485, 5.09375766351809E-02 , 7.64242161125319E-02 , 0.150350722084367 , 0.150350722084367 
period1,sc01,t0486, 2.06095336628808E-02 , 3.54088514905529E-02 , 0.16857258975 , 0.16857258975 
period1,sc01,t0487, 1.93332741841652E-02 , 2.11582910958904E-02 , 0.186256878 , 0.186256878 
period1,sc01,t0488, 0.019404595479346 , 2.84910205443372E-02 , 0.213399311079545 , 0.213399311079545 
period1,sc01,t0489, 1.33460443476765E-02 , 1.59878216899098E-02 , 0.213105788992688 , 0.213105788992688 
period1,sc01,t0490, 0.035255595712442 , 1.71711501584057E-02 , 0.253318781514297 , 0.253318781514297 
period1,sc01,t0491, 3.53083505420754E-02 , 1.95782854706684E-02 , 0.22989 , 0.22989 
period1,sc01,t0492, 3.53558239545689E-02 , 1.71387989189189E-02 , 0.22989 , 0.22989 
period1,sc01,t0493, 1.35413519277109E-02 , 1.72195905395924E-02 , 0.22989 , 0.22989 
period1,sc01,t0494, 1.94803587661332E-02 , 1.92634171972755E-02 , 0.209407758875 , 0.209407758875 
period1,sc01,t0495, 3.36800124935467E-02 , 2.73502453854025E-02 , 0.212432728125 , 0.212432728125 
period1,sc01,t0496, 3.37522836144578E-02 , 1.74402091119096E-02 , 0.2125524625 , 0.2125524625 
period1,sc01,t0497, 3.36270182283339E-02 , 1.61524868069815E-02 , 0.212336940625 , 0.212336940625 
period1,sc01,t0498, 4.22485542700183E-02 , 0.016179963252394 , 0.209407758875 , 0.209407758875 
period1,sc01,t0499, 1.42015705404542E-02 , 1.42304583139534E-02 , 0.212289046875 , 0.212289046875 
period1,sc01,t0500, 6.14882315063887E-02 , 0.0160923 , 0.2061998355 , 0.2061998355 
period1,sc01,t0501, 5.83507660857909E-02 , 1.64486674752217E-02 , 0.2061998355 , 0.2061998355 
period1,sc01,t0502, 5.03117983056649E-02 , 1.83850305266689E-02 , 0.2061998355 , 0.2061998355 
period1,sc01,t0503, 3.02346105025818E-02 , 2.05151972027027E-02 , 0.209552398 , 0.209552398 
period1,sc01,t0504, 2.42512187607573E-02 , 2.10454672050098E-02 , 0.2117262953125 , 0.2117262953125 
period1,sc01,t0505, 1.23282471442559E-02 , 1.41233602865033E-02 , 0.248136834375 , 0.248136834375 
period1,sc01,t0506, 0.013158359939506 , 1.41270220359489E-02 , 0.243702703125 , 0.243702703125 
period1,sc01,t0507, 1.22736090404441E-02 , 3.51137662412993E-02 , 0.244929571875 , 0.244929571875 
period1,sc01,t0508, 1.29809130982368E-02 , 3.50715182926829E-02 , 0.243173896875 , 0.243173896875 
period1,sc01,t0509, 1.36260580304806E-02 , 1.73236090692756E-02 , 0.299574 , 0.299574 
period1,sc01,t0510, 1.20010092546274E-02 , 6.27634963293131E-02 , 0.30906478125 , 0.30906478125 
period1,sc01,t0511, 8.26403712160082E-02 , 5.45720238095238E-02 , 1.02594083478261 , 1.02594083478261 
period1,sc01,t0512, 8.32539473684211E-02 , 0.059147061808118 , 1.05947976521739 , 1.05947976521739 
period1,sc01,t0513, 0.148094050966609 , 5.82737338560885E-02 , 1.05140535652174 , 1.05140535652174 
period1,sc01,t0514, 0.543015553602811 , 4.50870110701108E-02 , 1.00013326875 , 1.00013326875 
period1,sc01,t0515, 0.358937939499122 , 2.75479333333333E-02 , 1.01540702623907 , 1.01540702623907 
period1,sc01,t0516, 0.582909833040422 , 3.60642857142857E-02 , 0.9984454875 , 0.9984454875 
period1,sc01,t0517, 1.01890534191564 , 6.26571428571428E-02 , 1.009857375 , 1.009857375 
period1,sc01,t0518, 0.628160456942003 , 5.80874238929889E-02 , 1.00964221875 , 1.00964221875 
period1,sc01,t0519, 0.210907878295254 , 4.48921428571428E-02 , 1.236488625 , 1.236488625 
period1,sc01,t0520, 0.302041393260349 , 4.48160147601476E-02 , 1.237827375 , 1.237827375 
period1,sc01,t0521, 0.297257207753647 , 3.64934640221403E-02 , 1.23956775 , 1.23956775 
period1,sc01,t0522, 0.407875793075339 , 1.86731200423057E-02 , 1.236488625 , 1.236488625 
period1,sc01,t0523, 0.951752486422668 , 0.014076 , 1.3280878125 , 1.3280878125 
period1,sc01,t0524, 0.399054505813954 , 0.013802562626008 , 1.46291428125 , 1.46291428125 
period1,sc01,t0525, 0.354371445497631 , 1.38098764382191E-02 , 1.463196375 , 1.463196375 
period1,sc01,t0526, 0.214016615114236 , 1.37518755414862E-02 , 1.4665815 , 1.4665815 
period1,sc01,t0527, 0.163079715289982 , 0.01408974867852 , 1.2933759375 , 1.2933759375 
period1,sc01,t0528, 8.64128726333907E-02 , 1.49410845070422E-02 , 1.24778671875 , 1.24778671875 
period1,sc01,t0529, 9.61202633567662E-02 , 4.09785715188336E-02 , 0.326114647579167 , 0.326114647579167 
period1,sc01,t0530, 9.59079525571178E-02 , 0.048439855576586 , 0.322504522338548 , 0.322504522338548 
period1,sc01,t0531, 8.03244204745167E-02 , 5.53050624493927E-02 , 0.322058225225548 , 0.322058225225548 
period1,sc01,t0532, 8.22965832513181E-02 , 4.61235030620496E-02 , 0.321090842952225 , 0.321090842952225 
period1,sc01,t0533, 0.103732013620387 , 6.09551075530804E-02 , 0.3255823876625 , 0.3255823876625 
period1,sc01,t0534, 0.099108938400703 , 5.25338257495591E-02 , 0.378685571999172 , 0.378685571999172 
period1,sc01,t0535, 9.63293920447504E-02 , 1.91909165524332E-02 , 0.7804726875 , 0.7804726875 
period1,sc01,t0536, 9.70816775957821E-02 , 2.67448821280992E-02 , 0.77796428125 , 0.77796428125 
period1,sc01,t0537, 0.136658613941481 , 1.45346592617563E-02 , 0.781896834763948 , 0.781896834763948 
period1,sc01,t0538, 0.11954495524957 , 3.51198818024691E-02 , 0.91736 , 0.91736 
period1,sc01,t0539, 0.236149664850615 , 2.69063534009646E-02 , 0.791700791666667 , 0.791700791666667 
period1,sc01,t0540, 0.151258214274727 , 3.46958657142858E-02 , 1.1467 , 1.1467 
period1,sc01,t0541, 0.211099266602663 , 3.44592968988307E-02 , 1.01526811275 , 1.01526811275 
period1,sc01,t0542, 0.105217483866432 , 1.46079524293211E-02 , 0.91814262275 , 0.91814262275 
period1,sc01,t0543, 0.108754133253012 , 4.47578245185186E-02 , 0.924205799 , 0.924205799 
period1,sc01,t0544, 0.144057613235537 , 0.046338739391144 , 0.909722500208333 , 0.909722500208333 
period1,sc01,t0545, 0.143174868877216 , 5.50923763837638E-02 , 0.919585075791667 , 0.919585075791667 
period1,sc01,t0546, 0.151290330861244 , 4.57495217712178E-02 , 0.89198066225 , 0.89198066225 
period1,sc01,t0547, 5.28704244641101E-02 , 3.76740456974169E-02 , 0.387195707549361 , 0.387195707549361 
period1,sc01,t0548, 0.123543378192384 , 4.79032867158672E-02 , 0.326772714772277 , 0.326772714772277 
period1,sc01,t0549, 0.118076587149742 , 4.78778985239853E-02 , 0.322173076725146 , 0.322173076725146 
period1,sc01,t0550, 9.49616731458699E-02 , 6.44783949523809E-02 , 0.321064533 , 0.321064533 
period1,sc01,t0551, 1.73923008709123E-02 , 6.09176865176389E-02 , 0.321731530166667 , 0.321731530166667 
period1,sc01,t0552, 5.39553586994727E-02 , 7.02580817400067E-02 , 0.321259472 , 0.321259472 
period1,sc01,t0553, 1.78087052719449E-02 , 1.80812007664793E-02 , 0.236321822416667 , 0.236321822416667 
period1,sc01,t0554, 1.93081376247849E-02 , 1.81410122309361E-02 , 0.229772353208333 , 0.229772353208333 
period1,sc01,t0555, 1.45073564113597E-02 , 1.83584263510122E-02 , 0.236519654041667 , 0.236519654041667 
period1,sc01,t0556, 1.89492781927711E-02 , 1.83622914989939E-02 , 0.2328951301875 , 0.2328951301875 
period1,sc01,t0557, 2.08616160240963E-02 , 2.90562045286751E-02 , 0.2327030328125 , 0.2327030328125 
period1,sc01,t0558, 3.00508964411248E-02 , 3.06666206162751E-02 , 0.239802512166667 , 0.239802512166667 
period1,sc01,t0559, 7.25236497363796E-02 , 4.54989247455365E-02 , 0.220059349957082 , 0.220059349957082 
period1,sc01,t0560, 7.73280643927943E-02 , 4.32864853579912E-02 , 0.2263036098125 , 0.2263036098125 
period1,sc01,t0561, 8.14143776115993E-02 , 0.042712327741266 , 0.237491469957082 , 0.237491469957082 
period1,sc01,t0562, 0.157960145184535 , 4.27297916381083E-02 , 0.24545457125 , 0.24545457125 
period1,sc01,t0563, 0.144264821253075 , 4.29762651245551E-02 , 0.2517909175 , 0.2517909175 
period1,sc01,t0564, 0.187721587972759 , 4.22935996795412E-02 , 0.2517909175 , 0.2517909175 
period1,sc01,t0565, 0.235449756198594 , 0.042821593899698 , 0.245718765128755 , 0.245718765128755 
period1,sc01,t0566, 0.193457772904218 , 4.39536170631596E-02 , 0.245718765128755 , 0.245718765128755 
period1,sc01,t0567, 0.12203189443761 , 5.10876505340454E-02 , 0.248523350708333 , 0.248523350708333 
period1,sc01,t0568, 0.152151010360585 , 4.23994707141634E-02 , 0.220516318 , 0.220516318 
period1,sc01,t0569, 0.137465467805508 , 4.22811508289181E-02 , 0.226160731416667 , 0.226160731416667 
period1,sc01,t0570, 0.136938528722031 , 4.39353745551602E-02 , 0.226160731416667 , 0.226160731416667 
period1,sc01,t0571, 0.176673012330464 , 4.67028058235397E-02 , 0.220355759 , 0.220355759 
period1,sc01,t0572, 0.154708880645438 , 4.64656526836894E-02 , 0.220355759 , 0.220355759 
period1,sc01,t0573, 0.086029978108873 , 5.02750318325712E-02 , 0.208734345666667 , 0.208734345666667 
period1,sc01,t0574, 3.04101839147937E-02 , 6.54241259063942E-02 , 0.197525798333333 , 0.197525798333333 
period1,sc01,t0575, 7.12325115963855E-02 , 7.76314732949877E-02 , 0.208084464 , 0.208084464 
period1,sc01,t0576, 1.64453157796902E-02 , 7.72877173913044E-02 , 0.196847179398618 , 0.196847179398618 
period1,sc01,t0577, 5.65218626506024E-02 , 0.100077543375341 , 0.108174944442207 , 0.108174944442207 
period1,sc01,t0578, 6.10729975757576E-02 , 0.100062348351462 , 0.106387743291667 , 0.106387743291667 
period1,sc01,t0579, 5.49225333734939E-02 , 0.099223668852459 , 0.102740534575 , 0.102740534575 
period1,sc01,t0580, 5.61094569879518E-02 , 0.120494064191202 , 9.90251925541666E-02 , 9.90251925541666E-02 
period1,sc01,t0581, 5.66387118181818E-02 , 0.131090172370462 , 9.90251925541666E-02 , 9.90251925541666E-02 
period1,sc01,t0582, 6.24484860962567E-02 , 0.127429439757341 , 9.90251925541666E-02 , 9.90251925541666E-02 
period1,sc01,t0583, 4.88190166844919E-02 , 9.06542457531914E-02 , 0.111578909020833 , 0.111578909020833 
period1,sc01,t0584, 5.71209702673797E-02 , 9.35657708158116E-02 , 0.109956075891667 , 0.109956075891667 
period1,sc01,t0585, 6.41187260240964E-02 , 9.15741138582414E-02 , 0.111671058479167 , 0.111671058479167 
period1,sc01,t0586, 6.05646959447416E-02 , 8.97944293112117E-02 , 0.111679099008746 , 0.111679099008746 
period1,sc01,t0587, 6.38231575757576E-02 , 8.96311270072993E-02 , 0.111679099008746 , 0.111679099008746 
period1,sc01,t0588, 0.06322161114082 , 0.086486582649316 , 0.111679099008746 , 0.111679099008746 
period1,sc01,t0589, 3.85140462424242E-02 , 7.75882389511873E-02 , 0.119562824033334 , 0.119562824033334 
period1,sc01,t0590, 6.02732369946524E-02 , 9.06674096736205E-02 , 0.1117102100625 , 0.1117102100625 
period1,sc01,t0591, 0.060423756372549 , 0.101304101325178 , 0.111827521575 , 0.111827521575 
period1,sc01,t0592, 6.39953593373494E-02 , 0.089816127037037 , 0.111382597043054 , 0.111382597043054 
period1,sc01,t0593, 6.23400367710844E-02 , 6.62463057971015E-02 , 0.111251244695904 , 0.111251244695904 
period1,sc01,t0594, 6.42300617469879E-02 , 6.56158532065218E-02 , 0.114280607 , 0.114280607 
period1,sc01,t0595, 3.85851827867488E-02 , 0.083487 , 0.114993580165122 , 0.114993580165122 
period1,sc01,t0596, 4.04615375257069E-02 , 8.59000592592593E-02 , 0.115755803970223 , 0.115755803970223 
period1,sc01,t0597, 4.88204679518073E-02 , 8.64868276073619E-02 , 0.1255046975 , 0.1255046975 
period1,sc01,t0598, 4.21912096385542E-02 , 9.38698577284372E-02 , 0.116139325468165 , 0.116139325468165 
period1,sc01,t0599, 5.74693503614457E-02 , 9.44476502704531E-02 , 0.121117810333334 , 0.121117810333334 
period1,sc01,t0600, 6.32850393975903E-02 , 9.26386149807491E-02 , 0.116376612126508 , 0.116376612126508 
period1,sc01,t0601, 1.15343808915662E-02 , 5.97460344993581E-02 , 0.139630493275 , 0.139630493275 
period1,sc01,t0602, 1.11805127710843E-02 , 3.37131814691152E-02 , 0.1203316751875 , 0.1203316751875 
period1,sc01,t0603, 1.14879926506024E-02 , 2.61018530245591E-02 , 0.12042664165 , 0.12042664165 
period1,sc01,t0604, 1.11481672289157E-02 , 5.77078057786885E-02 , 0.120592921953353 , 0.120592921953353 
period1,sc01,t0605, 1.11629593975904E-02 , 5.76659553402646E-02 , 0.146931076098347 , 0.146931076098347 
period1,sc01,t0606, 1.22235776144579E-02 , 4.98516488926175E-02 , 0.146977890566037 , 0.146977890566037 
period1,sc01,t0607, 1.44558144819277E-02 , 6.05925803457106E-02 , 0.187004768533334 , 0.187004768533334 
period1,sc01,t0608, 1.43223693975904E-02 , 5.25333147942158E-02 , 0.18532927175 , 0.18532927175 
period1,sc01,t0609, 1.43867449156627E-02 , 5.40419162067316E-02 , 0.18532927175 , 0.18532927175 
period1,sc01,t0610, 1.54457853012048E-02 , 5.02843636665009E-02 , 0.175412939625 , 0.175412939625 
period1,sc01,t0611, 1.62482111445784E-02 , 5.18838055555556E-02 , 0.176181385247814 , 0.176181385247814 
period1,sc01,t0612, 2.07655054901961E-02 , 7.46680770508137E-02 , 0.15770391455 , 0.15770391455 
period1,sc01,t0613, 4.75334026737968E-02 , 8.62564191432841E-02 , 0.15307701542274 , 0.15307701542274 
period1,sc01,t0614, 2.00573918072289E-02 , 5.58710116461367E-02 , 0.15434886741573 , 0.15434886741573 
period1,sc01,t0615, 0.0217721 , 5.77596270627063E-02 , 0.154378682761405 , 0.154378682761405 
period1,sc01,t0616, 0.018669393313253 , 2.08732196471199E-02 , 0.1549543275 , 0.1549543275 
period1,sc01,t0617, 1.60279854002349E-02 , 2.37426491808754E-02 , 0.15472228275 , 0.15472228275 
period1,sc01,t0618, 1.60566717889147E-02 , 2.78581022222222E-02 , 0.15463634025 , 0.15463634025 
period1,sc01,t0619, 1.26671970898625E-02 , 2.01165473333333E-02 , 0.150564098125 , 0.150564098125 
period1,sc01,t0620, 1.22886506555804E-02 , 1.99552725185186E-02 , 0.15102102575 , 0.15102102575 
period1,sc01,t0621, 1.17848504253278E-02 , 1.82857346172839E-02 , 0.152465814666666 , 0.152465814666666 
period1,sc01,t0622, 0.012723533192771 , 1.98809138582677E-02 , 0.1485179504375 , 0.1485179504375 
period1,sc01,t0623, 1.11584231325301E-02 , 1.82154787428102E-02 , 0.149177559125 , 0.149177559125 
period1,sc01,t0624, 1.11584231325301E-02 , 2.69401353598423E-02 , 0.147724865055305 , 0.147724865055305 
period1,sc01,t0625, 0.028319370253012 , 9.69868452192287E-02 , 0.117007849 , 0.117007849 
period1,sc01,t0626, 1.97213137349397E-02 , 8.23168555691554E-02 , 0.116156324848972 , 0.116156324848972 
period1,sc01,t0627, 2.15633529156626E-02 , 8.20583663853728E-02 , 0.120697477376645 , 0.120697477376645 
period1,sc01,t0628, 1.68360519277109E-02 , 0.057972800346921 , 0.117059612068965 , 0.117059612068965 
period1,sc01,t0629, 4.29797308433734E-02 , 6.21335066941297E-02 , 0.117144234311699 , 0.117144234311699 
period1,sc01,t0630, 4.46139696385543E-02 , 6.06287420618557E-02 , 0.117551895368505 , 0.117551895368505 
period1,sc01,t0631, 6.34973563253012E-02 , 4.31948306262904E-02 , 0.143035502243254 , 0.143035502243254 
period1,sc01,t0632, 8.38233966547192E-02 , 5.55842720922289E-02 , 0.124719185427386 , 0.124719185427386 
period1,sc01,t0633, 9.20262281648675E-02 , 2.04626621622544E-02 , 0.142585721629166 , 0.142585721629166 
period1,sc01,t0634, 9.19335866316308E-02 , 4.22250939368062E-02 , 0.145080137542408 , 0.145080137542408 
period1,sc01,t0635, 4.22856428433734E-02 , 4.22642365499574E-02 , 0.147192126129827 , 0.147192126129827 
period1,sc01,t0636, 1.77893041846154E-02 , 1.39786996648044E-02 , 0.167307758261406 , 0.167307758261406 
period1,sc01,t0637, 1.44010972831589E-02 , 1.45212605323694E-02 , 0.165366960574283 , 0.165366960574283 
period1,sc01,t0638, 2.04348879518072E-02 , 3.44989096686593E-02 , 0.146975563270337 , 0.146975563270337 
period1,sc01,t0639, 6.23028114186047E-02 , 1.39793398324022E-02 , 0.15963246425 , 0.15963246425 
period1,sc01,t0640, 0.137354589714286 , 4.32289259259259E-02 , 0.147179471264368 , 0.147179471264368 
period1,sc01,t0641, 0.122068505263158 , 4.32289259259259E-02 , 0.147195629583334 , 0.147195629583334 
period1,sc01,t0642, 8.07863099289139E-02 , 4.39629486419753E-02 , 0.152509740833334 , 0.152509740833334 
period1,sc01,t0643, 3.85496245617313E-02 , 4.33553368915457E-02 , 0.144948697992534 , 0.144948697992534 
period1,sc01,t0644, 4.03837913943356E-02 , 4.37395802146442E-02 , 0.123905212083334 , 0.123905212083334 
period1,sc01,t0645, 9.95379237288135E-02 , 5.27390845588236E-02 , 0.120640352 , 0.120640352 
period1,sc01,t0646, 6.48757455818606E-02 , 0.049565716568545 , 0.1206346225 , 0.1206346225 
period1,sc01,t0647, 1.42345987487387E-02 , 5.34604934121621E-02 , 0.120540952713815 , 0.120540952713815 
period1,sc01,t0648, 3.71322879518073E-02 , 4.48881263767158E-02 , 0.120451722809582 , 0.120451722809582 
period1,sc01,t0649, 1.23730468696544E-02 , 1.55279112717713E-02 , 0.154071343701863 , 0.154071343701863 
period1,sc01,t0650, 0.011987229581864 , 0.014660327834374 , 0.154009020074844 , 0.154009020074844 
period1,sc01,t0651, 1.18158449545607E-02 , 1.76806781706742E-02 , 0.154914410503423 , 0.154914410503423 
period1,sc01,t0652, 1.23460522152435E-02 , 1.66334277257471E-02 , 0.153973029302708 , 0.153973029302708 
period1,sc01,t0653, 1.13613638949306E-02 , 1.66485849649011E-02 , 0.159002871350455 , 0.159002871350455 
period1,sc01,t0654, 0.011993634014061 , 1.58754985303514E-02 , 0.1589684124 , 0.1589684124 
period1,sc01,t0655, 1.52885638834952E-02 , 1.40851745403112E-02 , 0.1688012286 , 0.1688012286 
period1,sc01,t0656, 1.66636340718858E-02 , 1.44894556424581E-02 , 0.16050494267101 , 0.16050494267101 
period1,sc01,t0657, 1.66054405101527E-02 , 1.45054359513638E-02 , 0.1647308782 , 0.1647308782 
period1,sc01,t0658, 1.67698117251806E-02 , 1.40336579428196E-02 , 0.1648107754 , 0.1648107754 
period1,sc01,t0659, 1.49963997177894E-02 , 1.40463137430167E-02 , 0.165090986387435 , 0.165090986387435 
period1,sc01,t0660, 0.494229086042065 , 4.41736334391534E-02 , 0.161340518355314 , 0.161340518355314 
period1,sc01,t0661, 0.551806681147228 , 5.24728533333333E-02 , 0.163392513733387 , 0.163392513733387 
period1,sc01,t0662, 0.348416124039631 , 1.44601354412489E-02 , 0.161042073722459 , 0.161042073722459 
period1,sc01,t0663, 3.37468333949269E-02 , 1.45073825994876E-02 , 0.1626127881 , 0.1626127881 
period1,sc01,t0664, 2.90491870797627E-02 , 1.37212000411311E-02 , 0.165883974440895 , 0.165883974440895 
period1,sc01,t0665, 3.68729855847256E-02 , 1.37369417789203E-02 , 0.170133564122738 , 0.170133564122738 
period1,sc01,t0666, 0.054609122852292 , 0.013761017377892 , 0.170324400486421 , 0.170324400486421 
period1,sc01,t0667, 4.39140316167665E-02 , 1.36228710627086E-02 , 0.168147043883495 , 0.168147043883495 
period1,sc01,t0668, 1.71144424943458E-02 , 1.37360157943445E-02 , 0.163847384394619 , 0.163847384394619 
period1,sc01,t0669, 2.00054419825073E-02 , 1.39154409873158E-02 , 0.184474650562265 , 0.184474650562265 
period1,sc01,t0670, 1.59073297596312E-02 , 1.38795210544335E-02 , 0.187966755186722 , 0.187966755186722 
period1,sc01,t0671, 1.59200192172014E-02 , 1.41428009467455E-02 , 0.164895608655737 , 0.164895608655737 
period1,sc01,t0672, 3.23232230697027E-02 , 1.46981063424252E-02 , 0.164855758520345 , 0.164855758520345 
period1,sc01,t0673, 0.13970014973262 , 4.30003899371069E-02 , 0.390491125 , 0.390491125 
period1,sc01,t0674, 0.210008914941176 , 4.31253754594784E-02 , 0.390016701 , 0.390016701 
period1,sc01,t0675, 5.08837540106951E-02 , 4.33211069603524E-02 , 0.381002645 , 0.381002645 
period1,sc01,t0676, 0.207395327283423 , 4.39677962304034E-02 , 0.39180153 , 0.39180153 
period1,sc01,t0677, 5.24281850602409E-02 , 4.32489424802111E-02 , 0.372311886 , 0.372311886 
period1,sc01,t0678, 1.52438112908779E-02 , 5.18605685298756E-02 , 0.450611308695652 , 0.450611308695652 
period1,sc01,t0679, 0.402179503850268 , 5.69843225396825E-02 , 0.752208290925 , 0.752208290925 
period1,sc01,t0680, 0.731992221949939 , 4.67767974603175E-02 , 0.7638828995 , 0.7638828995 
period1,sc01,t0681, 0.735269807794477 , 1.99591735952178E-02 , 0.706061517999999 , 0.706061517999999 
period1,sc01,t0682, 1.08852037745267 , 4.33087005291006E-02 , 0.519338440487804 , 0.519338440487804 
period1,sc01,t0683, 0.473264985407917 , 4.68229523809524E-02 , 0.493367488387361 , 0.493367488387361 
period1,sc01,t0684, 0.375446130712564 , 1.45101915832622E-02 , 0.7223484174 , 0.7223484174 
period1,sc01,t0685, 0.339253724819277 , 1.44773826315789E-02 , 0.450681436548223 , 0.450681436548223 
period1,sc01,t0686, 0.309406539077452 , 4.68229523809524E-02 , 0.387584740233588 , 0.387584740233588 
period1,sc01,t0687, 0.321560101363167 , 4.68350984126984E-02 , 0.39782748 , 0.39782748 
period1,sc01,t0688, 0.344144814733218 , 4.48265804347827E-02 , 0.396760026 , 0.396760026 
period1,sc01,t0689, 0.352891999001721 , 4.33006031746031E-02 , 0.399296664 , 0.399296664 
period1,sc01,t0690, 0.34553718898451 , 4.40127655026455E-02 , 0.39840138 , 0.39840138 
period1,sc01,t0691, 0.194539742613921 , 1.45109062992663E-02 , 0.22238625 , 0.22238625 
period1,sc01,t0692, 0.192875112035958 , 1.73988134426801E-02 , 0.2210232375 , 0.2210232375 
period1,sc01,t0693, 0.188967473976756 , 2.20861670486815E-02 , 0.219846065348931 , 0.219846065348931 
period1,sc01,t0694, 0.193627735765921 , 0.02491822093808 , 0.218935338219895 , 0.218935338219895 
period1,sc01,t0695, 0.196002753253012 , 3.77105992401456E-02 , 0.22581769375 , 0.22581769375 
period1,sc01,t0696, 0.195373438812393 , 6.42390219573643E-02 , 0.218733791381394 , 0.218733791381394 
period1,sc01,t0697, 1.41248878192772E-02 , 1.51976060370254E-02 , 0.20759822778719 , 0.20759822778719 
period1,sc01,t0698, 0.014113176 , 1.79729375960483E-02 , 0.207388316860465 , 0.207388316860465 
period1,sc01,t0699, 1.40455865783133E-02 , 2.15555253128431E-02 , 0.17803074375 , 0.17803074375 
period1,sc01,t0700, 1.40492933493975E-02 , 1.83393627003293E-02 , 0.2082339741125 , 0.2082339741125 
period1,sc01,t0701, 1.39186296686747E-02 , 0.022911 , 0.176801778715264 , 0.176801778715264 
period1,sc01,t0702, 1.45482483975904E-02 , 2.78914569154775E-02 , 0.1814135938125 , 0.1814135938125 
period1,sc01,t0703, 0.010931251223331 , 0.016285725856202 , 0.17564006954375 , 0.17564006954375 
period1,sc01,t0704, 0.010890183311292 , 2.64397752782568E-02 , 0.1762034414875 , 0.1762034414875 
period1,sc01,t0705, 0.010913379452762 , 2.61139217551623E-02 , 0.153168004043478 , 0.153168004043478 
period1,sc01,t0706, 1.07827853563792E-02 , 2.61392657817109E-02 , 0.1772204035 , 0.1772204035 
period1,sc01,t0707, 1.13262018582244E-02 , 0.020099504886101 , 0.177468606 , 0.177468606 
period1,sc01,t0708, 1.10792931670612E-02 , 1.97196360277136E-02 , 0.178064292 , 0.178064292 
period1,sc01,t0709, 1.54161287525355E-02 , 1.96639608652901E-02 , 0.144522588 , 0.144522588 
period1,sc01,t0710, 1.43923614358224E-02 , 1.96579533923304E-02 , 0.1500861425 , 0.1500861425 
period1,sc01,t0711, 1.43952588179629E-02 , 1.91420485743554E-02 , 0.17204705196875 , 0.17204705196875 
period1,sc01,t0712, 1.53557533324912E-02 , 2.02773027831516E-02 , 0.1667661142 , 0.1667661142 
period1,sc01,t0713, 0.015292048426607 , 2.58103459359605E-02 , 0.16680697215 , 0.16680697215 
period1,sc01,t0714, 1.44218798633587E-02 , 2.69796775862069E-02 , 0.166461737530713 , 0.166461737530713 
period1,sc01,t0715, 1.16026900580152E-02 , 2.58974109605911E-02 , 0.153633529 , 0.153633529 
period1,sc01,t0716, 1.11270748081228E-02 , 2.59046663793103E-02 , 0.159772722375 , 0.159772722375 
period1,sc01,t0717, 1.11105894387592E-02 , 2.58647615763547E-02 , 0.166219305 , 0.166219305 
period1,sc01,t0718, 1.11297862681745E-02 , 2.49292511612585E-02 , 0.1593345495 , 0.1593345495 
period1,sc01,t0719, 1.10747833153457E-02 , 1.90067402459016E-02 , 0.15355143125 , 0.15355143125 
period1,sc01,t0720, 1.09184871920351E-02 , 2.01043396267838E-02 , 0.149116063173156 , 0.149116063173156 
period1,sc01,t0721, 2.79243029443065E-02 , 5.76423909836066E-02 , 0.11811060426903 , 0.11811060426903 
period1,sc01,t0722, 2.73488180883864E-02 , 5.72804278688525E-02 , 0.116992527126806 , 0.116992527126806 
period1,sc01,t0723, 2.90905369989723E-02 , 5.73011114754098E-02 , 0.116992527126806 , 0.116992527126806 
period1,sc01,t0724, 2.73757739636862E-02 , 5.84118136707197E-02 , 0.115956480064438 , 0.115956480064438 
period1,sc01,t0725, 4.41263391273501E-02 , 5.82525573770491E-02 , 0.115380808940798 , 0.115380808940798 
period1,sc01,t0726, 1.42763266666667E-02 , 5.82525573770491E-02 , 0.124398825050342 , 0.124398825050342 
period1,sc01,t0727, 2.77981695636751E-02 , 5.94104568069518E-02 , 0.128595235916667 , 0.128595235916667 
period1,sc01,t0728, 4.57792967364313E-02 , 5.96411748768473E-02 , 0.126487338212697 , 0.126487338212697 
period1,sc01,t0729, 5.28249649698474E-02 , 4.21921673198159E-02 , 0.129195021333333 , 0.129195021333333 
period1,sc01,t0730, 5.30219316546763E-02 , 5.66818808343307E-02 , 0.12060684212646 , 0.12060684212646 
period1,sc01,t0731, 5.34185039020929E-02 , 4.33290047708298E-02 , 0.118743652916667 , 0.118743652916667 
period1,sc01,t0732, 0.054218026782547 , 0.043750164252854 , 0.117666124446234 , 0.117666124446234 
period1,sc01,t0733, 5.28901677899965E-02 , 4.37290574203442E-02 , 0.11927280225 , 0.11927280225 
period1,sc01,t0734, 4.41426144022703E-02 , 4.37431286420174E-02 , 0.11700575675 , 0.11700575675 
period1,sc01,t0735, 5.03232988180884E-02 , 4.43136710063336E-02 , 0.1186003735 , 0.1186003735 
period1,sc01,t0736, 0.05735 , 5.82483891625616E-02 , 0.117117734746101 , 0.117117734746101 
period1,sc01,t0737, 0.05735 , 6.06303715693173E-02 , 0.117208355882353 , 0.117208355882353 
period1,sc01,t0738, 5.77655685400122E-02 , 6.08551706544686E-02 , 0.126237688836292 , 0.126237688836292 
period1,sc01,t0739, 0.05735 , 6.11300147783251E-02 , 0.116915262945368 , 0.116915262945368 
period1,sc01,t0740, 0.05735 , 6.10622118226601E-02 , 0.115190722690375 , 0.115190722690375 
period1,sc01,t0741, 5.69358968481376E-02 , 6.08551706544686E-02 , 0.117924903906565 , 0.117924903906565 
period1,sc01,t0742, 4.48003896882494E-02 , 6.09463817733991E-02 , 0.115271088084113 , 0.115271088084113 
period1,sc01,t0743, 4.48003896882494E-02 , 4.26608786885246E-02 , 0.118715647 , 0.118715647 
period1,sc01,t0744, 3.41896769784172E-02 , 4.72207343854936E-02 , 0.11746685075 , 0.11746685075 
period1,sc01,t0745, 1.16672213700516E-02 , 1.69663697246558E-02 , 0.11613582619412 , 0.11613582619412 
period1,sc01,t0746, 1.17248876006884E-02 , 1.73612103128912E-02 , 0.115793946606335 , 0.115793946606335 
period1,sc01,t0747, 1.17266649845095E-02 , 1.69352075469337E-02 , 0.116630460491341 , 0.116630460491341 
period1,sc01,t0748, 1.21878763373494E-02 , 1.69060558322903E-02 , 0.116140036790736 , 0.116140036790736 
period1,sc01,t0749, 1.77173963993116E-02 , 4.12209553191489E-02 , 0.11372208106323 , 0.11372208106323 
period1,sc01,t0750, 1.22912015834768E-02 , 1.69010296745932E-02 , 0.11674795 , 0.11674795 
period1,sc01,t0751, 1.42397277177281E-02 , 2.14229201501877E-02 , 0.115423756734694 , 0.115423756734694 
period1,sc01,t0752, 1.43177437876226E-02 , 2.03006509386733E-02 , 0.11672930475 , 0.11672930475 
period1,sc01,t0753, 0.014297954338857 , 0.022948 , 0.11672930475 , 0.11672930475 
period1,sc01,t0754, 1.48533991049914E-02 , 2.33874297872341E-02 , 0.11784515125 , 0.11784515125 
period1,sc01,t0755, 1.45164861273666E-02 , 0.022948 , 0.119966502616666 , 0.119966502616666 
period1,sc01,t0756, 1.40587110499139E-02 , 0.022948 , 0.1202010503 , 0.1202010503 
period1,sc01,t0757, 1.48569286608049E-02 , 2.30439098591989E-02 , 0.11751814225 , 0.11751814225 
period1,sc01,t0758, 1.41533519065358E-02 , 2.74290888454317E-02 , 0.117045317833334 , 0.117045317833334 
period1,sc01,t0759, 0.014084265879518 , 3.04387588022375E-02 , 0.13708418075 , 0.13708418075 
period1,sc01,t0760, 1.42359163496638E-02 , 1.95483754998305E-02 , 0.156534045 , 0.156534045 
period1,sc01,t0761, 1.42140366997121E-02 , 1.92771717901131E-02 , 0.153489610333334 , 0.153489610333334 
period1,sc01,t0762, 1.43363353630204E-02 , 1.93558137072179E-02 , 0.152133040499395 , 0.152133040499395 
period1,sc01,t0763, 1.24245121667474E-02 , 1.40052821111661E-02 , 0.154251652493868 , 0.154251652493868 
period1,sc01,t0764, 1.16726943076431E-02 , 1.40152827449031E-02 , 0.1543947177 , 0.1543947177 
period1,sc01,t0765, 1.16741620402942E-02 , 1.54897867138391E-02 , 0.153857677755349 , 0.153857677755349 
period1,sc01,t0766, 1.14085132805508E-02 , 1.54737285906041E-02 , 0.153958132 , 0.153958132 
period1,sc01,t0767, 1.14078813218589E-02 , 1.40615757603536E-02 , 0.156086559 , 0.156086559 
period1,sc01,t0768, 1.13451594216868E-02 , 1.40762648467967E-02 , 0.156287354 , 0.156287354 
period1,sc01,t0769, 1.13662736401099E-02 , 4.10748492206726E-02 , 0.128281214180768 , 0.128281214180768 
period1,sc01,t0770, 0.011474 , 4.10673191140279E-02 , 0.122238811174551 , 0.122238811174551 
period1,sc01,t0771, 0.011474 , 4.10673191140279E-02 , 0.122226199591836 , 0.122226199591836 
period1,sc01,t0772, 0.011474 , 5.28067553732567E-02 , 0.122169191724703 , 0.122169191724703 
period1,sc01,t0773, 0.011474 , 5.28067553732567E-02 , 0.111475804338928 , 0.111475804338928 
period1,sc01,t0774, 0.011474 , 5.39075628383922E-02 , 0.11456948425292 , 0.11456948425292 
period1,sc01,t0775, 0.011474 , 5.39075628383922E-02 , 0.132489349174386 , 0.132489349174386 
period1,sc01,t0776, 1.14809229482344E-02 , 5.39178226086957E-02 , 0.135100613 , 0.135100613 
period1,sc01,t0777, 1.13532044962303E-02 , 5.46911645611156E-02 , 0.134147314833334 , 0.134147314833334 
period1,sc01,t0778, 1.17179360550775E-02 , 3.41038529942575E-02 , 0.13448531975 , 0.13448531975 
period1,sc01,t0779, 1.23121352151463E-02 , 2.59747263658736E-02 , 0.139217292966666 , 0.139217292966666 
period1,sc01,t0780, 0.012305618141136 , 1.91104221590345E-02 , 0.1366926305 , 0.1366926305 
period1,sc01,t0781, 4.43047750445633E-02 , 2.88081957237277E-02 , 0.13657645625 , 0.13657645625 
period1,sc01,t0782, 4.33520700344234E-02 , 2.60948507407407E-02 , 0.136460282 , 0.136460282 
period1,sc01,t0783, 1.94742020654045E-02 , 4.91198012237474E-02 , 0.136437716466666 , 0.136437716466666 
period1,sc01,t0784, 1.92827744851833E-02 , 0.049906747005988 , 0.142306285 , 0.142306285 
period1,sc01,t0785, 2.62892199936041E-02 , 5.04393196376687E-02 , 0.142306285 , 0.142306285 
period1,sc01,t0786, 4.31746278829605E-02 , 5.19770176366843E-02 , 0.1620157485 , 0.1620157485 
period1,sc01,t0787, 1.19737629677007E-02 , 1.40255555112882E-02 , 0.157404156666666 , 0.157404156666666 
period1,sc01,t0788, 0.011971432942117 , 1.90001822406639E-02 , 0.156601062843097 , 0.156601062843097 
period1,sc01,t0789, 1.17803891909178E-02 , 0.019064287184595 , 0.1571622465 , 0.1571622465 
period1,sc01,t0790, 1.18002486746988E-02 , 1.89317205687831E-02 , 0.1570302955 , 0.1570302955 
period1,sc01,t0791, 1.18038034423408E-02 , 3.43935426587301E-02 , 0.153872077 , 0.153872077 
period1,sc01,t0792, 0.011474 , 4.12972936507937E-02 , 0.1529547307 , 0.1529547307 
period1,sc01,t0793, 1.31898231871658E-02 , 0.046269810739034 , 0.15523579672524 , 0.15523579672524 
period1,sc01,t0794, 1.31434363208556E-02 , 4.62618989861751E-02 , 0.15454144672296 , 0.15454144672296 
period1,sc01,t0795, 1.42179646402754E-02 , 4.49513104708778E-02 , 0.154770696485623 , 0.154770696485623 
period1,sc01,t0796, 1.41764923511187E-02 , 4.61746542857142E-02 , 0.15855335902556 , 0.15855335902556 
period1,sc01,t0797, 1.32808788877006E-02 , 5.52628103771975E-02 , 0.157903419859909 , 0.157903419859909 
period1,sc01,t0798, 2.56979090017212E-02 , 6.51987284126984E-02 , 0.287914404577033 , 0.287914404577033 
period1,sc01,t0799, 0.110615700356506 , 6.56236306666666E-02 , 0.40159 , 0.40159 
period1,sc01,t0800, 0.108390987504303 , 6.49264485714286E-02 , 0.438569745833334 , 0.438569745833334 
period1,sc01,t0801, 0.247657106850258 , 6.52269580952382E-02 , 0.45896 , 0.45896 
period1,sc01,t0802, 0.248840607490534 , 6.60057330793651E-02 , 0.438057344439816 , 0.438057344439816 
period1,sc01,t0803, 0.170904616417113 , 6.70460424126984E-02 , 0.40159 , 0.40159 
period1,sc01,t0804, 0.250577127219251 , 1.55503479310911E-02 , 0.40159 , 0.40159 
period1,sc01,t0805, 0.127532794153298 , 2.01754397951869E-02 , 0.40159 , 0.40159 
period1,sc01,t0806, 0.113171557521515 , 4.36478852169312E-02 , 0.381335895652174 , 0.381335895652174 
period1,sc01,t0807, 0.111759564316695 , 4.74694961975309E-02 , 0.39761899826087 , 0.39761899826087 
period1,sc01,t0808, 0.106931762707494 , 4.74286188077601E-02 , 0.43664307 , 0.43664307 
period1,sc01,t0809, 0.109410923352135 , 4.74613207195767E-02 , 0.40159 , 0.40159 
period1,sc01,t0810, 0.102430367348912 , 4.74286188077601E-02 , 0.40159 , 0.40159 
period1,sc01,t0811, 2.12628475519743E-02 , 6.12966982504409E-02 , 0.37703564 , 0.37703564 
period1,sc01,t0812, 2.07585832812248E-02 , 6.20600329135802E-02 , 0.329495033333334 , 0.329495033333334 
period1,sc01,t0813, 2.07447331184528E-02 , 0.061767273904762 , 0.203866932082552 , 0.203866932082552 
period1,sc01,t0814, 1.46445881436107E-02 , 6.12966982504409E-02 , 0.178321075449102 , 0.178321075449102 
period1,sc01,t0815, 0.014306058717291 , 0.061509058313933 , 0.203723945286506 , 0.203723945286506 
period1,sc01,t0816, 1.18081481583477E-02 , 6.12143363809524E-02 , 0.178275134328358 , 0.178275134328358 
period1,sc01,t0817, 1.11820197418244E-02 , 1.45989948075613E-02 , 0.113551390173178 , 0.113551390173178 
period1,sc01,t0818, 1.11703608950086E-02 , 1.45873184489866E-02 , 0.11469997375 , 0.11469997375 
period1,sc01,t0819, 1.11691752495697E-02 , 1.46095625373135E-02 , 0.113832057390254 , 0.113832057390254 
period1,sc01,t0820, 1.11660135283993E-02 , 1.46380322727273E-02 , 0.103526900443012 , 0.103526900443012 
period1,sc01,t0821, 1.11766843373494E-02 , 1.64578934058577E-02 , 0.10213556809025 , 0.10213556809025 
period1,sc01,t0822, 1.14100984027539E-02 , 0.035545513381144 , 0.110992243961353 , 0.110992243961353 
period1,sc01,t0823, 1.38699174733219E-02 , 2.88200729646698E-02 , 0.111427205357143 , 0.111427205357143 
period1,sc01,t0824, 2.38522379679144E-02 , 2.89107046632125E-02 , 0.122806905973451 , 0.122806905973451 
period1,sc01,t0825, 2.50953515989673E-02 , 1.57106911966701E-02 , 0.117957422883295 , 0.117957422883295 
period1,sc01,t0826, 2.50834556230637E-02 , 1.74485592537313E-02 , 0.122760677670623 , 0.122760677670623 
period1,sc01,t0827, 2.54050026660929E-02 , 0.016210688165057 , 0.123010109513275 , 0.123010109513275 
period1,sc01,t0828, 2.56052086203208E-02 , 1.63826404390487E-02 , 0.112319754929577 , 0.112319754929577 
period1,sc01,t0829, 2.52990257246128E-02 , 1.63928986313868E-02 , 0.112377804270749 , 0.112377804270749 
period1,sc01,t0830, 0.017612170172117 , 0.016993974441841 , 0.112508251389448 , 0.112508251389448 
period1,sc01,t0831, 1.38951321996558E-02 , 1.69949633044203E-02 , 0.1153591745 , 0.1153591745 
period1,sc01,t0832, 1.37301426413206E-02 , 1.83838407613345E-02 , 0.116371894375 , 0.116371894375 
period1,sc01,t0833, 0.013594576098497 , 1.63769128399048E-02 , 0.117129162 , 0.117129162 
period1,sc01,t0834, 1.26226394138335E-02 , 1.65259857702171E-02 , 0.130440435924285 , 0.130440435924285 
period1,sc01,t0835, 1.10891357880925E-02 , 1.41464187493487E-02 , 0.134421111207971 , 0.134421111207971 
period1,sc01,t0836, 1.14139195782246E-02 , 2.02318218377047E-02 , 0.133956269503832 , 0.133956269503832 
period1,sc01,t0837, 1.17864749080059E-02 , 1.93004208105727E-02 , 0.137871412605719 , 0.137871412605719 
period1,sc01,t0838, 1.14793400963855E-02 , 2.21669878676471E-02 , 0.138680995489467 , 0.138680995489467 
period1,sc01,t0839, 1.11264920137694E-02 , 2.17851525821596E-02 , 0.1442220258 , 0.1442220258 
period1,sc01,t0840, 1.11596900860585E-02 , 2.48954226392252E-02 , 0.139338678125 , 0.139338678125 
period1,sc01,t0841, 1.13461038347277E-02 , 5.63278815637066E-02 , 0.144281915575437 , 0.144281915575437 
period1,sc01,t0842, 0.011418 , 6.29933661115475E-02 , 0.144443448086992 , 0.144443448086992 
period1,sc01,t0843, 0.011418 , 6.29246534880075E-02 , 0.144443448086992 , 0.144443448086992 
period1,sc01,t0844, 0.011418 , 6.24922050164603E-02 , 0.139294023327815 , 0.139294023327815 
period1,sc01,t0845, 0.011418 , 6.41476824115755E-02 , 0.143463054369714 , 0.143463054369714 
period1,sc01,t0846, 1.25466329432014E-02 , 6.41166731448763E-02 , 0.143260721707612 , 0.143260721707612 
period1,sc01,t0847, 0.011418 , 5.16962959785523E-02 , 0.142202163449692 , 0.142202163449692 
period1,sc01,t0848, 0.011418 , 5.16750157423409E-02 , 0.117984143414634 , 0.117984143414634 
period1,sc01,t0849, 0.011418 , 5.55808319848293E-02 , 0.116175561417972 , 0.116175561417972 
period1,sc01,t0850, 1.13481208300731E-02 , 5.56032793854836E-02 , 0.116159991365495 , 0.116159991365495 
period1,sc01,t0851, 0.011702467383821 , 4.39810597501186E-02 , 0.119757693 , 0.119757693 
period1,sc01,t0852, 1.21407338519794E-02 , 4.38605850446778E-02 , 0.116010686 , 0.116010686 
period1,sc01,t0853, 0.01606990151463 , 1.81823217473287E-02 , 0.11693887425 , 0.11693887425 
period1,sc01,t0854, 1.57222519104991E-02 , 1.79319215220461E-02 , 0.11693887425 , 0.11693887425 
period1,sc01,t0855, 1.44582144578313E-02 , 1.78804589830508E-02 , 0.11705019975 , 0.11705019975 
period1,sc01,t0856, 1.51453251332676E-02 , 1.57241368700787E-02 , 0.115205717 , 0.115205717 
period1,sc01,t0857, 1.41590694584838E-02 , 1.56959615478346E-02 , 0.11529848825 , 0.11529848825 
period1,sc01,t0858, 1.43687869539667E-02 , 1.38710518471338E-02 , 0.11702736375 , 0.11702736375 
period1,sc01,t0859, 1.41203344814089E-02 , 1.40398124781341E-02 , 0.114443644301606 , 0.114443644301606 
period1,sc01,t0860, 1.55534008566553E-02 , 2.03532812195122E-02 , 0.114454252726541 , 0.114454252726541 
period1,sc01,t0861, 1.54841159738737E-02 , 2.03839475323767E-02 , 0.11446402275 , 0.11446402275 
period1,sc01,t0862, 1.41060841239243E-02 , 2.04591341584159E-02 , 0.11446402275 , 0.11446402275 
period1,sc01,t0863, 0.014106752302926 , 2.08667232127978E-02 , 0.114454528634716 , 0.114454528634716 
period1,sc01,t0864, 0.01424302151463 , 3.00529258502261E-02 , 0.114451701615771 , 0.114451701615771 
period1,sc01,t0865, 1.12903456956971E-02 , 3.03925263298872E-02 , 0.111310423638564 , 0.111310423638564 
period1,sc01,t0866, 0.011163468988296 , 0.040892940193609 , 0.113583 , 0.113583 
period1,sc01,t0867, 0.011163468988296 , 4.08808061701128E-02 , 0.113583 , 0.113583 
period1,sc01,t0868, 1.12880388464716E-02 , 3.17722044440955E-02 , 0.113583 , 0.113583 
period1,sc01,t0869, 1.13231694232358E-02 , 4.26452874856581E-02 , 0.113583 , 0.113583 
period1,sc01,t0870, 1.11739084585198E-02 , 5.98332583450829E-02 , 0.113583 , 0.113583 
period1,sc01,t0871, 1.36803978898451E-02 , 6.00948221693122E-02 , 0.128148142798609 , 0.128148142798609 
period1,sc01,t0872, 1.41945124740103E-02 , 6.01719464285715E-02 , 0.128305845810186 , 0.128305845810186 
period1,sc01,t0873, 2.15782594310161E-02 , 0.021603997607362 , 0.128703472973978 , 0.128703472973978 
period1,sc01,t0874, 1.57505809304813E-02 , 0.013290933420685 , 0.128381170196224 , 0.128381170196224 
period1,sc01,t0875, 1.98065670962567E-02 , 1.33341131828808E-02 , 0.128375594247788 , 0.128375594247788 
period1,sc01,t0876, 1.95055012834225E-02 , 1.59295269942625E-02 , 0.128442604867256 , 0.128442604867256 
period1,sc01,t0877, 1.40663063958692E-02 , 1.59784424222944E-02 , 0.113664814244402 , 0.113664814244402 
period1,sc01,t0878, 1.21035295972461E-02 , 2.86357833622034E-02 , 0.121767979190752 , 0.121767979190752 
period1,sc01,t0879, 0.011760317351463 , 2.74390508986784E-02 , 0.12220600007731 , 0.12220600007731 
period1,sc01,t0880, 1.21230172277228E-02 , 1.81861406587751E-02 , 0.122658661377366 , 0.122658661377366 
period1,sc01,t0881, 0.01249413 , 2.82786432254395E-02 , 0.113667672627065 , 0.113667672627065 
period1,sc01,t0882, 1.32776123328855E-02 , 1.76639703361229E-02 , 0.120931937195877 , 0.120931937195877 
period1,sc01,t0883, 2.13987022928464E-02 , 1.61059939559518E-02 , 0.122251537454692 , 0.122251537454692 
period1,sc01,t0884, 2.13928920490327E-02 , 1.39066777903682E-02 , 0.113746960033058 , 0.113746960033058 
period1,sc01,t0885, 2.27793685664797E-02 , 1.58571850044269E-02 , 0.121850367182064 , 0.121850367182064 
period1,sc01,t0886, 2.22689148537006E-02 , 1.58545032611904E-02 , 0.12178011870893 , 0.12178011870893 
period1,sc01,t0887, 1.44196844179002E-02 , 1.90980422340734E-02 , 0.12175974044289 , 0.12175974044289 
period1,sc01,t0888, 1.41393435882961E-02 , 2.45961507430856E-02 , 0.121723701083592 , 0.121723701083592 
period1,sc01,t0889, 0.011321 , 0.01517014 , 0.110630130951456 , 0.110630130951456 
period1,sc01,t0890, 0.011321 , 2.07603093515037E-02 , 0.110583020371086 , 0.110583020371086 
period1,sc01,t0891, 0.011321 , 2.05501686090225E-02 , 0.110569892037109 , 0.110569892037109 
period1,sc01,t0892, 0.011321 , 1.80444722404885E-02 , 0.110548886702745 , 0.110548886702745 
period1,sc01,t0893, 0.01177384 , 1.80444722404885E-02 , 0.110585646037882 , 0.110585646037882 
period1,sc01,t0894, 0.011017786659808 , 2.39075697510568E-02 , 0.115003943076923 , 0.115003943076923 
period1,sc01,t0895, 1.38882664939551E-02 , 2.39134190230155E-02 , 0.11321 , 0.11321 
period1,sc01,t0896, 1.40007725975821E-02 , 0.022642 , 0.118960090647481 , 0.118960090647481 
period1,sc01,t0897, 1.45598793685152E-02 , 1.39406690137615E-02 , 0.119212911236407 , 0.119212911236407 
period1,sc01,t0898, 1.60373407513417E-02 , 1.38587686770002E-02 , 0.11321 , 0.11321 
period1,sc01,t0899, 4.49951828604651E-02 , 1.37436299591452E-02 , 0.119311075583334 , 0.119311075583334 
period1,sc01,t0900, 0.044748044822898 , 1.38017530733945E-02 , 0.119186544583334 , 0.119186544583334 
period1,sc01,t0901, 5.87693159713775E-02 , 1.32555345582691E-02 , 0.118990785625 , 0.118990785625 
period1,sc01,t0902, 5.87550583971377E-02 , 1.46794023301609E-02 , 0.118787007625 , 0.118787007625 
period1,sc01,t0903, 3.68043887298748E-02 , 0.013850290650713 , 0.109406144 , 0.109406144 
period1,sc01,t0904, 2.18105224093265E-02 , 1.38160596078432E-02 , 0.109478079520833 , 0.109478079520833 
period1,sc01,t0905, 1.92588608752296E-02 , 1.39537223368636E-02 , 0.109018539951671 , 0.109018539951671 
period1,sc01,t0906, 1.92840480674795E-02 , 1.33316175306479E-02 , 0.108988805329536 , 0.108988805329536 
period1,sc01,t0907, 1.99911443076923E-02 , 0.013911653447274 , 0.104670236407572 , 0.104670236407572 
period1,sc01,t0908, 2.40038525224158E-02 , 1.91089037771321E-02 , 0.104184659887233 , 0.104184659887233 
period1,sc01,t0909, 2.07343317223861E-02 , 1.89436136402387E-02 , 0.104202897503021 , 0.104202897503021 
period1,sc01,t0910, 1.83802589978286E-02 , 2.07430743566628E-02 , 0.104595662416667 , 0.104595662416667 
period1,sc01,t0911, 1.57261112629399E-02 , 2.38991523500554E-02 , 0.10296548177496 , 0.10296548177496 
period1,sc01,t0912, 1.37686823212435E-02 , 0.02240119960698 , 0.10828859119171 , 0.10828859119171 
period1,sc01,t0913, 0.0112865 , 1.41074859003398E-02 , 0.103847163773661 , 0.103847163773661 
period1,sc01,t0914, 0.0112865 , 1.39107361211277E-02 , 0.103917820177812 , 0.103917820177812 
period1,sc01,t0915, 1.16012787366609E-02 , 1.38368309129651E-02 , 0.103917820177812 , 0.103917820177812 
period1,sc01,t0916, 0.0112865 , 1.37657931158826E-02 , 0.103819657730963 , 0.103819657730963 
period1,sc01,t0917, 1.21268513458111E-02 , 1.38372046231979E-02 , 0.103807878237341 , 0.103807878237341 
period1,sc01,t0918, 1.51746087165776E-02 , 1.38946014028213E-02 , 0.103342600908732 , 0.103342600908732 
period1,sc01,t0919, 1.20597761390375E-02 , 0.015324782827381 , 0.105244453383004 , 0.105244453383004 
period1,sc01,t0920, 0.01241515 , 1.50320303939536E-02 , 0.106269082091056 , 0.106269082091056 
period1,sc01,t0921, 0.01241515 , 1.44437045935092E-02 , 0.104114740415987 , 0.104114740415987 
period1,sc01,t0922, 1.22230984331551E-02 , 1.44543100642822E-02 , 0.105030287916667 , 0.105030287916667 
period1,sc01,t0923, 1.28198343983957E-02 , 1.40319840542877E-02 , 0.105251315208333 , 0.105251315208333 
period1,sc01,t0924, 1.30474354224599E-02 , 0.0135438 , 0.104951686591276 , 0.104951686591276 
period1,sc01,t0925, 1.43652399197861E-02 , 1.73061494862894E-02 , 0.109831753125 , 0.109831753125 
period1,sc01,t0926, 1.37781809714795E-02 , 1.75713592221085E-02 , 0.110121910229167 , 0.110121910229167 
period1,sc01,t0927, 1.37827076426025E-02 , 0.016750876314595 , 0.110095104791667 , 0.110095104791667 
period1,sc01,t0928, 0.01241515 , 1.98371770569063E-02 , 0.110367946693387 , 0.110367946693387 
period1,sc01,t0929, 1.60115388523511E-02 , 1.65841594036036E-02 , 0.109420141641452 , 0.109420141641452 
period1,sc01,t0930, 3.98761338025863E-02 , 1.67220863412489E-02 , 0.109416226034016 , 0.109416226034016 
period1,sc01,t0931, 0.035727891686747 , 1.52377389989751E-02 , 0.11099406830447 , 0.11099406830447 
period1,sc01,t0932, 3.55495611015491E-02 , 1.40179161782769E-02 , 0.105408091723721 , 0.105408091723721 
period1,sc01,t0933, 0.018692601173146 , 0.0135438 , 0.109766780749094 , 0.109766780749094 
period1,sc01,t0934, 1.86751751721171E-02 , 1.67542172455926E-02 , 0.109730416673379 , 0.109730416673379 
period1,sc01,t0935, 1.72829921962135E-02 , 1.45054426847034E-02 , 0.109639245483871 , 0.109639245483871 
period1,sc01,t0936, 1.41635314545454E-02 , 1.44762100341998E-02 , 0.109772499 , 0.109772499 
period1,sc01,t0937, 1.39449943505155E-02 , 1.87454855252274E-02 , 9.54343479081215E-02 , 9.54343479081215E-02 
period1,sc01,t0938, 1.39430163041237E-02 , 2.66302941812817E-02 , 0.104246714055578 , 0.104246714055578 
period1,sc01,t0939, 1.61497363701067E-02 , 3.43874736272742E-02 , 0.104486298355521 , 0.104486298355521 
period1,sc01,t0940, 1.39351041185567E-02 , 3.13671417021975E-02 , 0.104654256667955 , 0.104654256667955 
period1,sc01,t0941, 1.44405545987544E-02 , 3.67695217731829E-02 , 0.098951227593361 , 0.098951227593361 
period1,sc01,t0942, 1.94099684163702E-02 , 3.64384065425878E-02 , 0.099183685246581 , 0.099183685246581 
period1,sc01,t0943, 1.93617698398576E-02 , 3.02631803254438E-02 , 9.71884469593234E-02 , 9.71884469593234E-02 
period1,sc01,t0944, 1.40807343545611E-02 , 3.02043948281479E-02 , 9.56385287469287E-02 , 9.56385287469287E-02 
period1,sc01,t0945, 1.40813171342513E-02 , 0.02370165 , 9.61167155380141E-02 , 9.61167155380141E-02 
period1,sc01,t0946, 1.86360032352942E-02 , 2.65901762170468E-02 , 0.0945176656 , 0.0945176656 
period1,sc01,t0947, 1.97927523580034E-02 , 0.019759140940367 , 0.09539400357528 , 0.09539400357528 
period1,sc01,t0948, 1.93355422650602E-02 , 1.85437138764325E-02 , 0.0955560236 , 0.0955560236 
period1,sc01,t0949, 1.94526147058824E-02 , 6.87875025078371E-02 , 9.43397761780105E-02 , 9.43397761780105E-02 
period1,sc01,t0950, 2.11074256351118E-02 , 6.61158018716139E-02 , 9.52843951666666E-02 , 9.52843951666666E-02 
period1,sc01,t0951, 2.36181182444062E-02 , 6.58966215128667E-02 , 0.0944657477 , 0.0944657477 
period1,sc01,t0952, 1.97105804216867E-02 , 6.72544630178512E-02 , 0.0945695835 , 0.0945695835 
period1,sc01,t0953, 1.87021076054674E-02 , 6.97337078576463E-02 , 9.39948454413543E-02 , 9.39948454413543E-02 
period1,sc01,t0954, 4.24846394148021E-02 , 7.02495144291755E-02 , 9.47522183340139E-02 , 9.47522183340139E-02 
period1,sc01,t0955, 2.66716736831484E-02 , 1.97856359375512E-02 , 9.33123635339886E-02 , 9.33123635339886E-02 
period1,sc01,t0956, 2.02493444697987E-02 , 1.89234389608206E-02 , 9.33191279664484E-02 , 9.33191279664484E-02 
period1,sc01,t0957, 2.68972253012048E-02 , 1.77039336592416E-02 , 0.103890790135783 , 0.103890790135783 
period1,sc01,t0958, 2.68816845094665E-02 , 1.88374108424848E-02 , 0.103674234560327 , 0.103674234560327 
period1,sc01,t0959, 1.91715092082616E-02 , 3.47531702868382E-02 , 0.103712266169154 , 0.103712266169154 
period1,sc01,t0960, 1.52047771907217E-02 , 5.13882331441923E-02 , 9.55770584561835E-02 , 9.55770584561835E-02 
period1,sc01,t0961, 1.12166829931153E-02 , 1.52084880325815E-02 , 0.126296848886639 , 0.126296848886639 
period1,sc01,t0962, 1.09374149655766E-02 , 1.71163732675439E-02 , 0.125746973821989 , 0.125746973821989 
period1,sc01,t0963, 1.12486777017031E-02 , 1.71198774589266E-02 , 0.125271968082965 , 0.125271968082965 
period1,sc01,t0964, 1.17243618072289E-02 , 1.79826616447368E-02 , 0.141352616915022 , 0.141352616915022 
period1,sc01,t0965, 1.20496363957219E-02 , 1.80766239401737E-02 , 0.141212160672574 , 0.141212160672574 
period1,sc01,t0966, 1.12173434767642E-02 , 5.24189263002611E-02 , 0.1780445375 , 0.1780445375 
period1,sc01,t0967, 1.39508910395869E-02 , 3.05678953560371E-02 , 0.130689468414533 , 0.130689468414533 
period1,sc01,t0968, 1.41642154848485E-02 , 3.00193130052724E-02 , 0.145078424835717 , 0.145078424835717 
period1,sc01,t0969, 0.058552873228164 , 1.45938236907114E-02 , 0.144898242211056 , 0.144898242211056 
period1,sc01,t0970, 5.89895662210339E-02 , 1.45808687493846E-02 , 0.145088320994364 , 0.145088320994364 
period1,sc01,t0971, 0.102675362709447 , 0.013394370995535 , 0.15352461625 , 0.15352461625 
period1,sc01,t0972, 0.104385036096257 , 1.33999367349298E-02 , 0.153919868044515 , 0.153919868044515 
period1,sc01,t0973, 0.104596280748663 , 2.78255313854679E-02 , 0.18024568692756 , 0.18024568692756 
period1,sc01,t0974, 0.07414486114082 , 4.56620737195767E-02 , 0.167213326253687 , 0.167213326253687 
period1,sc01,t0975, 2.68390555775401E-02 , 5.31855865942029E-02 , 0.153617729875 , 0.153617729875 
period1,sc01,t0976, 2.78648726987952E-02 , 4.65782508783069E-02 , 0.161728905882353 , 0.161728905882353 
period1,sc01,t0977, 0.039231874 , 3.79128256521739E-02 , 0.181618595833334 , 0.181618595833334 
period1,sc01,t0978, 3.68117725284889E-02 , 0.038186127878349 , 0.163944948896157 , 0.163944948896157 
period1,sc01,t0979, 5.05738312569877E-02 , 1.39451419035891E-02 , 0.119656351683367 , 0.119656351683367 
period1,sc01,t0980, 4.19254313335466E-02 , 1.39479513173652E-02 , 0.119596444965768 , 0.119596444965768 
period1,sc01,t0981, 3.07068561359725E-02 , 1.38861422810941E-02 , 0.119585535743052 , 0.119585535743052 
period1,sc01,t0982, 0.02367919771123 , 1.39014369406471E-02 , 0.119137348509867 , 0.119137348509867 
period1,sc01,t0983, 2.20015932745098E-02 , 0.01512391 , 0.119093711619009 , 0.119093711619009 
period1,sc01,t0984, 2.02135782994652E-02 , 3.72233980585326E-02 , 0.118996811269325 , 0.118996811269325 
period1,sc01,t0985, 1.32759923063683E-02 , 0.01511051 , 0.105202086701911 , 0.105202086701911 
period1,sc01,t0986, 1.30288801604278E-02 , 0.017958568125 , 0.106155326983488 , 0.106155326983488 
period1,sc01,t0987, 1.71266991804739E-02 , 1.79368162478485E-02 , 0.105216351434343 , 0.105216351434343 
period1,sc01,t0988, 2.63017829768271E-02 , 1.79397515406294E-02 , 0.108057599376704 , 0.108057599376704 
period1,sc01,t0989, 0.026251531194296 , 1.76997597321429E-02 , 0.112200738264911 , 0.112200738264911 
period1,sc01,t0990, 1.29022456684492E-02 , 0.026243828125 , 0.116019008731809 , 0.116019008731809 
period1,sc01,t0991, 1.42077869786096E-02 , 0.023261212421875 , 0.115076318154281 , 0.115076318154281 
period1,sc01,t0992, 0.017755441217728 , 2.36818179440704E-02 , 0.118691179963754 , 0.118691179963754 
period1,sc01,t0993, 6.19825586452763E-02 , 1.77009151215881E-02 , 0.114783234635521 , 0.114783234635521 
period1,sc01,t0994, 3.65280207219252E-02 , 1.43512860149082E-02 , 0.114996277959852 , 0.114996277959852 
period1,sc01,t0995, 6.11885804812834E-02 , 1.43519662202918E-02 , 0.114943498389071 , 0.114943498389071 
period1,sc01,t0996, 6.19860762700535E-02 , 1.44552580753495E-02 , 0.118183695503814 , 0.118183695503814 
period1,sc01,t0997, 0.071761957540107 , 0.01511051 , 0.105232976147907 , 0.105232976147907 
period1,sc01,t0998, 7.95441495900178E-02 , 0.014631575505618 , 0.109869080833004 , 0.109869080833004 
period1,sc01,t0999, 4.72624044919786E-02 , 0.019599686597582 , 0.110187975869832 , 0.110187975869832 
period1,sc01,t1000, 3.93046386299484E-02 , 1.44717464853925E-02 , 0.114260542354865 , 0.114260542354865 
period1,sc01,t1001, 5.56419774853701E-02 , 2.31436921520068E-02 , 0.105262943106312 , 0.105262943106312 
period1,sc01,t1002, 2.65607619260401E-02 , 0.014425759375 , 0.112765 , 0.112765 
period1,sc01,t1003, 3.80391886317223E-02 , 0.014445879333045 , 0.10294880675 , 0.10294880675 
period1,sc01,t1004, 2.60154378733572E-02 , 1.44460505711037E-02 , 0.10288114775 , 0.10288114775 
period1,sc01,t1005, 2.43109151274157E-02 , 1.77194694392524E-02 , 0.10317558635805 , 0.10317558635805 
period1,sc01,t1006, 2.36615141212121E-02 , 1.85407396049828E-02 , 0.104940829614438 , 0.104940829614438 
period1,sc01,t1007, 1.91083689036145E-02 , 2.22216017244641E-02 , 0.104026497771588 , 0.104026497771588 
period1,sc01,t1008, 1.74073059672978E-02 , 2.66263221884499E-02 , 0.10631269585726 , 0.10631269585726 
period1,sc01,t1009, 1.28298743805159E-02 , 4.42211296595847E-02 , 0.106803095054096 , 0.106803095054096 
period1,sc01,t1010, 0.011791944621058 , 0.045348247170649 , 0.106316124420402 , 0.106316124420402 
period1,sc01,t1011, 1.28316323529412E-02 , 4.82583120481928E-02 , 0.105919591190108 , 0.105919591190108 
period1,sc01,t1012, 1.28252131635008E-02 , 4.74292079207921E-02 , 0.12389706868238 , 0.12389706868238 
period1,sc01,t1013, 1.30189740734141E-02 , 2.08219289025582E-02 , 0.125086016180448 , 0.125086016180448 
period1,sc01,t1014, 1.15621858433735E-02 , 0.022505 , 0.132961605676328 , 0.132961605676328 
period1,sc01,t1015, 1.42449290361446E-02 , 1.83463358213429E-02 , 0.164955126811595 , 0.164955126811595 
period1,sc01,t1016, 1.42927630927835E-02 , 1.92270412269938E-02 , 0.166343443877551 , 0.166343443877551 
period1,sc01,t1017, 1.82389350365289E-02 , 3.45289726676641E-02 , 0.143999078207051 , 0.143999078207051 
period1,sc01,t1018, 1.82336215787598E-02 , 1.40702760588535E-02 , 0.130521534279396 , 0.130521534279396 
period1,sc01,t1019, 0.061866453528154 , 1.40005061945448E-02 , 0.132921348691485 , 0.132921348691485 
period1,sc01,t1020, 3.11168117426942E-02 , 1.39766126865672E-02 , 0.150826860596903 , 0.150826860596903 
period1,sc01,t1021, 4.81628454338917E-02 , 1.57070283008036E-02 , 0.148299903612237 , 0.148299903612237 
period1,sc01,t1022, 6.42677755256593E-02 , 0.015709685935706 , 0.148837435495761 , 0.148837435495761 
period1,sc01,t1023, 3.10425436386315E-02 , 1.67397919371111E-02 , 0.167106581723338 , 0.167106581723338 
period1,sc01,t1024, 1.70705111872552E-02 , 1.67250897739131E-02 , 0.16360518921095 , 0.16360518921095 
period1,sc01,t1025, 3.64728555491329E-02 , 1.75160684895375E-02 , 0.16537660058309 , 0.16537660058309 
period1,sc01,t1026, 6.21717492504996E-02 , 1.38065326991676E-02 , 0.196766435860058 , 0.196766435860058 
period1,sc01,t1027, 9.07626573112402E-02 , 1.35619425881342E-02 , 0.165961691022544 , 0.165961691022544 
period1,sc01,t1028, 9.03457455480042E-02 , 1.35479476808584E-02 , 0.165597932669082 , 0.165597932669082 
period1,sc01,t1029, 0.121873364805575 , 1.37296056451613E-02 , 0.167383655495169 , 0.167383655495169 
period1,sc01,t1030, 0.089282131147541 , 1.37260178624199E-02 , 0.167897048104957 , 0.167897048104957 
period1,sc01,t1031, 8.28939513542409E-02 , 1.37616857915438E-02 , 0.167275606413994 , 0.167275606413994 
period1,sc01,t1032, 4.90261720420528E-02 , 1.73262687284942E-02 , 0.164756713164251 , 0.164756713164251 
period1,sc01,t1033, 4.12155295098039E-02 , 9.68628789954338E-02 , 0.149663074568465 , 0.149663074568465 
period1,sc01,t1034, 0.041540932745098 , 0.110459042140234 , 0.110613222730197 , 0.110613222730197 
period1,sc01,t1035, 5.37565339750445E-02 , 0.110952931364031 , 0.110591373236705 , 0.110591373236705 
period1,sc01,t1036, 4.33024167272727E-02 , 0.129915971019553 , 0.110867848852627 , 0.110867848852627 
period1,sc01,t1037, 1.48314106024097E-02 , 0.143236366740235 , 0.177300942544048 , 0.177300942544048 
period1,sc01,t1038, 1.50966264122203E-02 , 0.134839692025825 , 0.262640809583334 , 0.262640809583334 
period1,sc01,t1039, 1.50998571791444E-02 , 0.149856432687271 , 0.237440764 , 0.237440764 
period1,sc01,t1040, 3.83223184313726E-02 , 9.13908113540197E-02 , 0.354742104934783 , 0.354742104934783 
period1,sc01,t1041, 5.42177734402852E-02 , 2.96127562330623E-02 , 0.409771218333334 , 0.409771218333334 
period1,sc01,t1042, 8.28571621800356E-02 , 7.84721471836587E-02 , 0.237707761360874 , 0.237707761360874 
period1,sc01,t1043, 8.27909747192513E-02 , 1.39438124661628E-02 , 0.236686188387097 , 0.236686188387097 
period1,sc01,t1044, 8.24901226247772E-02 , 1.39254898865619E-02 , 0.374185303145834 , 0.374185303145834 
period1,sc01,t1045, 7.42301730303031E-02 , 1.66959335362042E-02 , 0.487888913583334 , 0.487888913583334 
period1,sc01,t1046, 7.42724331907309E-02 , 0.016931456763083 , 0.486638601458334 , 0.486638601458334 
period1,sc01,t1047, 0.074454735473262 , 1.67861191071112E-02 , 0.484971518625 , 0.484971518625 
period1,sc01,t1048, 5.73110228840126E-02 , 8.06445390879479E-02 , 0.472056330625 , 0.472056330625 
period1,sc01,t1049, 0.130410143646879 , 2.56880021107503E-02 , 0.427480680666666 , 0.427480680666666 
period1,sc01,t1050, 4.64417265988181E-02 , 1.74265078823529E-02 , 0.440057736141195 , 0.440057736141195 
period1,sc01,t1051, 0.244563671214993 , 1.36775622185488E-02 , 0.5752635284375 , 0.5752635284375 
period1,sc01,t1052, 0.288500614977091 , 1.35058243751068E-02 , 0.573057842375 , 0.573057842375 
period1,sc01,t1053, 0.240608706846722 , 1.35058243751068E-02 , 0.5723226136875 , 0.5723226136875 
period1,sc01,t1054, 0.27119850642685 , 1.34718564511761E-02 , 0.580642504791666 , 0.580642504791666 
period1,sc01,t1055, 8.46203365686274E-02 , 1.38539059465661E-02 , 0.580376731145834 , 0.580376731145834 
period1,sc01,t1056, 0.22726640901426 , 1.74488466107557E-02 , 0.577301413613655 , 0.577301413613655 
period1,sc01,t1057, 0.17099773753476 , 3.33672547460317E-02 , 0.593073155625 , 0.593073155625 
period1,sc01,t1058, 3.24479468262032E-02 , 4.00930202529422E-02 , 0.572069930224032 , 0.572069930224032 
period1,sc01,t1059, 3.36876449197861E-02 , 4.04607061170681E-02 , 0.5941707515625 , 0.5941707515625 
period1,sc01,t1060, 1.64531929812834E-02 , 0.037297537735849 , 0.727840074375 , 0.727840074375 
period1,sc01,t1061, 1.39875842788296E-02 , 3.77608318384941E-02 , 0.73920126582015 , 0.73920126582015 
period1,sc01,t1062, 0.014184606 , 5.09485273968254E-02 , 0.74210647125 , 0.74210647125 
period1,sc01,t1063, 0.014058923746988 , 0.0512409 , 1.281925306125 , 1.281925306125 
period1,sc01,t1064, 3.38367718812392E-02 , 9.08926777777778E-02 , 1.2804695225625 , 1.2804695225625 
period1,sc01,t1065, 7.65819591016043E-02 , 2.14674807936508E-02 , 1.36518825317165 , 1.36518825317165 
period1,sc01,t1066, 0.125922454010696 , 0.019132058685446 , 0.537062388375 , 0.537062388375 
period1,sc01,t1067, 0.099186948 , 1.38795859400827E-02 , 0.7921575 , 0.7921575 
period1,sc01,t1068, 8.02917024064171E-02 , 1.38171874832215E-02 , 0.7951005 , 0.7951005 
period1,sc01,t1069, 0.198976702139037 , 1.37826087365636E-02 , 0.791624421875 , 0.791624421875 
period1,sc01,t1070, 0.233683301791444 , 1.38541285633851E-02 , 0.791096809730669 , 0.791096809730669 
period1,sc01,t1071, 0.19618045868984 , 2.03435871462347E-02 , 0.78113106 , 0.78113106 
period1,sc01,t1072, 1.65541168421052E-02 , 0.068017635 , 1.28839220149253 , 1.28839220149253 
period1,sc01,t1073, 3.06715854052659E-02 , 0.052030605 , 1.12815 , 1.12815 
period1,sc01,t1074, 6.22422307095091E-02 , 0.08029921 , 1.11137287837219 , 1.11137287837219 
period1,sc01,t1075, 7.33480350582475E-02 , 5.61066003095238E-02 , 0.253215498305085 , 0.253215498305085 
period1,sc01,t1076, 7.36352769813897E-02 , 5.63179642857143E-02 , 0.256916803575832 , 0.256916803575832 
period1,sc01,t1077, 6.38586491979346E-02 , 5.66141086349206E-02 , 0.256341548407644 , 0.256341548407644 
period1,sc01,t1078, 6.04281783368984E-02 , 5.65307608333334E-02 , 0.255443244 , 0.255443244 
period1,sc01,t1079, 6.03476899056436E-02 , 5.65530850714286E-02 , 0.236810906625 , 0.236810906625 
period1,sc01,t1080, 0.064146609 , 1.39708292528237E-02 , 0.200577549 , 0.200577549 
period1,sc01,t1081, 4.13731856755793E-02 , 1.91730301700985E-02 , 0.109278979202568 , 0.109278979202568 
period1,sc01,t1082, 0.041821041483066 , 2.79917661586748E-02 , 0.110986566159887 , 0.110986566159887 
period1,sc01,t1083, 3.14050065784314E-02 , 1.56184716790124E-02 , 0.110986566159887 , 0.110986566159887 
period1,sc01,t1084, 3.53430068627451E-02 , 4.47561986180258E-02 , 0.110957311439791 , 0.110957311439791 
period1,sc01,t1085, 1.64406014893048E-02 , 9.01598491692611E-02 , 0.110963334470399 , 0.110963334470399 
period1,sc01,t1086, 5.32455937887701E-02 , 0.106304267990792 , 0.10941287959122 , 0.10941287959122 
period1,sc01,t1087, 5.32493219117647E-02 , 0.101503686150761 , 0.107905033125 , 0.107905033125 
period1,sc01,t1088, 6.14068759411765E-02 , 0.102629004892086 , 0.1074765 , 0.1074765 
period1,sc01,t1089, 0.065875873184492 , 9.60302478500987E-02 , 0.108207697583333 , 0.108207697583333 
period1,sc01,t1090, 7.23759959313726E-02 , 5.59023364039409E-02 , 0.1088537878125 , 0.1088537878125 
period1,sc01,t1091, 6.55544127727273E-02 , 3.62787742994746E-02 , 0.1084602303125 , 0.1084602303125 
period1,sc01,t1092, 6.57735903262033E-02 , 3.64421953441296E-02 , 0.1085445640625 , 0.1085445640625 
period1,sc01,t1093, 7.86999949322638E-02 , 0.073044272 , 0.108147258395833 , 0.108147258395833 
period1,sc01,t1094, 7.66748246569239E-02 , 7.95909111252205E-02 , 0.109535485625 , 0.109535485625 
period1,sc01,t1095, 7.87680231550803E-02 , 8.68858212308235E-02 , 0.1085220750625 , 0.1085220750625 
period1,sc01,t1096, 7.75651803184166E-02 , 6.82106838624339E-02 , 0.108872528645833 , 0.108872528645833 
period1,sc01,t1097, 0.077494732848537 , 6.00985932246377E-02 , 0.108552498689516 , 0.108552498689516 
period1,sc01,t1098, 6.69036660749507E-02 , 5.88908376984127E-02 , 0.1078670829375 , 0.1078670829375 
period1,sc01,t1099, 6.80101430890309E-02 , 5.85453587109857E-02 , 0.108601255083333 , 0.108601255083333 
period1,sc01,t1100, 6.41222197321714E-02 , 5.61768873897707E-02 , 0.108577360520833 , 0.108577360520833 
period1,sc01,t1101, 4.18078924496322E-02 , 0.035995481914331 , 0.107558702525 , 0.107558702525 
period1,sc01,t1102, 1.66440422829417E-02 , 3.63611829805996E-02 , 0.107200383208092 , 0.107200383208092 
period1,sc01,t1103, 4.87726278983957E-02 , 3.61810072448439E-02 , 0.108371679875 , 0.108371679875 
period1,sc01,t1104, 5.77979326203209E-02 , 5.25381116613757E-02 , 0.107241420216667 , 0.107241420216667 
period1,sc01,t1105, 1.42435945561498E-02 , 4.35674201128748E-02 , 0.110114301150425 , 0.110114301150425 
period1,sc01,t1106, 1.38711842340792E-02 , 4.34638596560847E-02 , 0.112529458286347 , 0.112529458286347 
period1,sc01,t1107, 1.44721553425129E-02 , 3.55322233686067E-02 , 0.115629455271873 , 0.115629455271873 
period1,sc01,t1108, 1.44540402788296E-02 , 4.36509903474427E-02 , 0.112530196329662 , 0.112530196329662 
period1,sc01,t1109, 4.86314402727273E-02 , 5.53414428544973E-02 , 0.112530117377307 , 0.112530117377307 
period1,sc01,t1110, 4.85910322299465E-02 , 5.52764548007054E-02 , 0.112531182437226 , 0.112531182437226 
period1,sc01,t1111, 4.86544103208556E-02 , 5.56797892645503E-02 , 0.112617640107785 , 0.112617640107785 
period1,sc01,t1112, 5.42416640695187E-02 , 5.57823184797178E-02 , 0.112618807454692 , 0.112618807454692 
period1,sc01,t1113, 4.84717322941176E-02 , 4.36363943121693E-02 , 0.112616724301249 , 0.112616724301249 
period1,sc01,t1114, 0.032142393228164 , 3.55649454585538E-02 , 0.112612340850284 , 0.112612340850284 
period1,sc01,t1115, 3.83603311213425E-02 , 0.035780534452381 , 0.11261110884414 , 0.11261110884414 
period1,sc01,t1116, 3.83077471170396E-02 , 3.57699443941799E-02 , 0.112611289987918 , 0.112611289987918 
period1,sc01,t1117, 3.92212569607843E-02 , 0.035780534452381 , 0.110743549169421 , 0.110743549169421 
period1,sc01,t1118, 0.0562225 , 4.37166725061729E-02 , 0.1108575577125 , 0.1108575577125 
period1,sc01,t1119, 0.046113754631016 , 5.69638040740741E-02 , 0.110916554089811 , 0.110916554089811 
period1,sc01,t1120, 0.0179912 , 7.48504809239131E-02 , 0.1127216147 , 0.1127216147 
period1,sc01,t1121, 0.017424471244621 , 8.18709600543479E-02 , 0.1127216147 , 0.1127216147 
period1,sc01,t1122, 5.71370148931135E-02 , 0.08840988125 , 0.11271950635625 , 0.11271950635625 
period1,sc01,t1123, 5.61767323099237E-02 , 3.63562250881835E-02 , 0.110814172683333 , 0.110814172683333 
period1,sc01,t1124, 3.67630944763359E-02 , 2.53619994973545E-02 , 0.112807635125 , 0.112807635125 
period1,sc01,t1125, 2.78073703405625E-02 , 2.07805102733686E-02 , 0.11100907735 , 0.11100907735 
period1,sc01,t1126, 1.71698103208556E-02 , 2.02461287971781E-02 , 0.110999332116667 , 0.110999332116667 
period1,sc01,t1127, 1.42214087986231E-02 , 3.57699443941799E-02 , 0.1109944595 , 0.1109944595 
period1,sc01,t1128, 1.57998253386809E-02 , 3.58360826790124E-02 , 0.112810258841666 , 0.112810258841666 
period1,sc01,t1129, 1.12571300335289E-02 , 0.037250969924812 , 0.127886057897704 , 0.127886057897704 
period1,sc01,t1130, 1.12498679773869E-02 , 0.044978 , 0.127955209534837 , 0.127955209534837 
period1,sc01,t1131, 1.10372703096664E-02 , 0.044978 , 0.128394176966019 , 0.128394176966019 
period1,sc01,t1132, 1.24955400912898E-02 , 0.044978 , 0.128208765537656 , 0.128208765537656 
period1,sc01,t1133, 1.07046886599665E-02 , 0.082200309398589 , 0.159934271666666 , 0.159934271666666 
period1,sc01,t1134, 1.09890881296421E-02 , 8.18403664091711E-02 , 0.160009235 , 0.160009235 
period1,sc01,t1135, 1.33996136644183E-02 , 7.84694580634058E-02 , 0.159259601666666 , 0.159259601666666 
period1,sc01,t1136, 5.87768981626507E-02 , 7.53038053858695E-02 , 0.161995763333334 , 0.161995763333334 
period1,sc01,t1137, 6.00679641703958E-02 , 5.70737502962963E-02 , 0.156031878690773 , 0.156031878690773 
period1,sc01,t1138, 5.68275740929432E-02 , 5.67092791835655E-02 , 0.1657509578125 , 0.1657509578125 
period1,sc01,t1139, 5.88571719212261E-02 , 1.41771578585203E-02 , 0.200615935625 , 0.200615935625 
period1,sc01,t1140, 0.059625314197861 , 1.64447859637605E-02 , 0.2005456575 , 0.2005456575 
period1,sc01,t1141, 0.050882865775401 , 5.49873303465609E-02 , 0.263355560416666 , 0.263355560416666 
period1,sc01,t1142, 1.80489052031362E-02 , 0.065052506393298 , 0.264002119166666 , 0.264002119166666 
period1,sc01,t1143, 1.58084441176471E-02 , 5.79989680362319E-02 , 0.263786599583334 , 0.263786599583334 
period1,sc01,t1144, 2.18413702127659E-02 , 7.14911865489131E-02 , 0.235976761523046 , 0.235976761523046 
period1,sc01,t1145, 4.12336673358779E-02 , 7.22390272807971E-02 , 0.238714650801604 , 0.238714650801604 
period1,sc01,t1146, 8.12359654492525E-02 , 7.21716825036232E-02 , 0.199753857291666 , 0.199753857291666 
period1,sc01,t1147, 8.08333631747805E-02 , 1.37553788850713E-02 , 0.1927869525 , 0.1927869525 
period1,sc01,t1148, 8.10240734589041E-02 , 0.01384121847721 , 0.160459015 , 0.160459015 
period1,sc01,t1149, 4.26740810397553E-02 , 1.40919363748491E-02 , 0.160608941666666 , 0.160608941666666 
period1,sc01,t1150, 4.28607051635112E-02 , 1.41130312345571E-02 , 0.144392091173913 , 0.144392091173913 
period1,sc01,t1151, 3.91069581798623E-02 , 1.42550635180345E-02 , 0.160721386666666 , 0.160721386666666 
period1,sc01,t1152, 1.35731372461274E-02 , 7.58177966578716E-02 , 0.160683905 , 0.160683905 
period1,sc01,t1153, 1.44025794974183E-02 , 1.30502294930876E-02 , 0.137835293333334 , 0.137835293333334 
period1,sc01,t1154, 1.42024289156626E-02 , 3.29008922309711E-02 , 0.137840324369052 , 0.137840324369052 
period1,sc01,t1155, 1.31558081652324E-02 , 3.39412679547318E-02 , 0.127531584646465 , 0.127531584646465 
period1,sc01,t1156, 1.33250327022375E-02 , 4.07543274848435E-02 , 0.127354998794697 , 0.127354998794697 
period1,sc01,t1157, 1.32640493218589E-02 , 4.14791615800688E-02 , 0.131018229183841 , 0.131018229183841 
period1,sc01,t1158, 1.32948016247849E-02 , 4.72871858028538E-02 , 0.14583961981474 , 0.14583961981474 
period1,sc01,t1159, 1.29168336157235E-02 , 4.84608462916188E-02 , 0.15164032 , 0.15164032 
period1,sc01,t1160, 1.81869821929981E-02 , 4.01961972386588E-02 , 0.145808 , 0.145808 
period1,sc01,t1161, 1.45587742814019E-02 , 1.45192840019682E-02 , 0.152275893333334 , 0.152275893333334 
period1,sc01,t1162, 1.46766475405406E-02 , 1.45849296023564E-02 , 0.15231328 , 0.15231328 
period1,sc01,t1163, 1.77605765118679E-02 , 0.013770517924059 , 0.158669013333334 , 0.158669013333334 
period1,sc01,t1164, 2.24728335749199E-02 , 1.38028836332825E-02 , 0.160300006666666 , 0.160300006666666 
period1,sc01,t1165, 1.29931303469621E-02 , 1.48251124356833E-02 , 0.14723804 , 0.14723804 
period1,sc01,t1166, 1.34010350981068E-02 , 2.07879415324165E-02 , 0.134592 , 0.134592 
period1,sc01,t1167, 1.32979914373088E-02 , 3.15130911371514E-02 , 0.149871463333334 , 0.149871463333334 
period1,sc01,t1168, 1.40702872785417E-02 , 0.01794604747268 , 0.131714852173913 , 0.131714852173913 
period1,sc01,t1169, 1.40416285513272E-02 , 1.77179932600733E-02 , 0.143576483333334 , 0.143576483333334 
period1,sc01,t1170, 1.31956958974359E-02 , 2.67578324400564E-02 , 0.15613373 , 0.15613373 
period1,sc01,t1171, 1.44026424304445E-02 , 1.31687927221834E-02 , 0.1903795428 , 0.1903795428 
period1,sc01,t1172, 0.014464961137502 , 1.34738948114683E-02 , 0.170596762 , 0.170596762 
period1,sc01,t1173, 1.28502275526742E-02 , 1.33036566213863E-02 , 0.160547226 , 0.160547226 
period1,sc01,t1174, 1.30795355043029E-02 , 1.38183072894693E-02 , 0.155678547333334 , 0.155678547333334 
period1,sc01,t1175, 1.31514646196214E-02 , 1.25095773790253E-02 , 0.155827159333334 , 0.155827159333334 
period1,sc01,t1176, 1.33323298588641E-02 , 1.82699204163053E-02 , 0.158462452 , 0.158462452 
period1,sc01,t1177, 1.02891193030303E-02 , 1.86155068245882E-02 , 0.17673248025 , 0.17673248025 
period1,sc01,t1178, 0.010996463030303 , 3.36591201630344E-02 , 0.1757304524375 , 0.1757304524375 
period1,sc01,t1179, 0.010695771 , 1.86018522748209E-02 , 0.17789847625 , 0.17789847625 
period1,sc01,t1180, 0.0105948675 , 2.16976502110417E-02 , 0.216442678958334 , 0.216442678958334 
period1,sc01,t1181, 0.0112115 , 0.036560326394052 , 0.2802875 , 0.2802875 
period1,sc01,t1182, 0.0112115 , 4.61788041375662E-02 , 0.264638114583334 , 0.264638114583334 
period1,sc01,t1183, 0.014043860666093 , 4.77359371419754E-02 , 0.398068003355705 , 0.398068003355705 
period1,sc01,t1184, 1.82183877272728E-02 , 4.13591048597884E-02 , 0.563920219918699 , 0.563920219918699 
period1,sc01,t1185, 1.95929163683304E-02 , 1.40192844487987E-02 , 0.640807296875 , 0.640807296875 
period1,sc01,t1186, 1.75940536715392E-02 , 1.37970478856563E-02 , 0.636602984375 , 0.636602984375 
period1,sc01,t1187, 2.70150298847807E-02 , 1.38470166130705E-02 , 0.636618217391305 , 0.636618217391305 
period1,sc01,t1188, 2.78061781066208E-02 , 0.01502341 , 0.571183881875 , 0.571183881875 
period1,sc01,t1189, 1.41176210576096E-02 , 1.40748523028898E-02 , 0.438743366666666 , 0.438743366666666 
period1,sc01,t1190, 1.40995746878762E-02 , 1.88171538452237E-02 , 0.346703451086957 , 0.346703451086957 
period1,sc01,t1191, 1.54397104436801E-02 , 1.65359879259388E-02 , 0.346484095652174 , 0.346484095652174 
period1,sc01,t1192, 1.39597548717949E-02 , 2.17732704564681E-02 , 0.296129836956522 , 0.296129836956522 
period1,sc01,t1193, 1.40100772583334E-02 , 2.84667981616582E-02 , 0.265883159782608 , 0.265883159782608 
period1,sc01,t1194, 1.38294155712179E-02 , 1.71960777722947E-02 , 0.30383165 , 0.30383165 
period1,sc01,t1195, 1.03363179259694E-02 , 1.38000772836953E-02 , 0.24897938625 , 0.24897938625 
period1,sc01,t1196, 1.03703115843023E-02 , 1.38189523263888E-02 , 0.183518240625 , 0.183518240625 
period1,sc01,t1197, 9.93511088300979E-03 , 1.38359406615331E-02 , 0.1681725 , 0.1681725 
period1,sc01,t1198, 1.09517637005164E-02 , 1.37350305938762E-02 , 0.1681725 , 0.1681725 
period1,sc01,t1199, 1.00496914277108E-02 , 0.016637866 , 0.153480763541666 , 0.153480763541666 
period1,sc01,t1200, 1.32401447022376E-02 , 2.00980929526557E-02 , 0.150945338014528 , 0.150945338014528 
period1,sc01,t1201, 0.011876803373494 , 3.54926035602094E-02 , 9.54955469387756E-02 , 9.54955469387756E-02 
period1,sc01,t1202, 1.19196520481928E-02 , 3.55272921616872E-02 , 9.43048844536083E-02 , 9.43048844536083E-02 
period1,sc01,t1203, 1.20319464578313E-02 , 3.53470003190811E-02 , 9.42421220843672E-02 , 9.42421220843672E-02 
period1,sc01,t1204, 1.20738686746988E-02 , 3.54439506197761E-02 , 9.54348297376093E-02 , 9.54348297376093E-02 
period1,sc01,t1205, 1.15550908915663E-02 , 2.10665251235664E-02 , 9.60304649878148E-02 , 9.60304649878148E-02 
period1,sc01,t1206, 0.012078114939759 , 1.36799392813782E-02 , 0.0977346825 , 0.0977346825 
period1,sc01,t1207, 1.40994915180723E-02 , 1.36761859491386E-02 , 0.09773001 , 0.09773001 
period1,sc01,t1208, 1.83153604491978E-02 , 1.37130937161608E-02 , 0.098985978 , 0.098985978 
period1,sc01,t1209, 1.40533712209889E-02 , 1.38188125742412E-02 , 0.0990056025 , 0.0990056025 
period1,sc01,t1210, 1.40783792330979E-02 , 1.37418692633306E-02 , 0.099014013 , 0.099014013 
period1,sc01,t1211, 1.40213096670031E-02 , 1.36805648367515E-02 , 0.0990168165 , 0.0990168165 
period1,sc01,t1212, 2.64518470588235E-02 , 1.42636402025317E-02 , 0.09731929725 , 0.09731929725 
period1,sc01,t1213, 2.83008577540107E-02 , 1.83711639719158E-02 , 0.0916342665 , 0.0916342665 
period1,sc01,t1214, 1.54417379679144E-02 , 1.96393401611047E-02 , 0.0916342665 , 0.0916342665 
period1,sc01,t1215, 3.46826244578314E-02 , 1.95178060114848E-02 , 0.0916398735 , 0.0916398735 
period1,sc01,t1216, 1.77027755421686E-02 , 2.01184029817063E-02 , 0.0922697265 , 0.0922697265 
period1,sc01,t1217, 1.71047299421965E-02 , 1.89884520430842E-02 , 9.44517840000001E-02 , 9.44517840000001E-02 
period1,sc01,t1218, 1.47514322883295E-02 , 1.38837313207548E-02 , 0.0979683075 , 0.0979683075 
period1,sc01,t1219, 1.56816154543982E-02 , 1.50628426602838E-02 , 0.095329412676625 , 0.095329412676625 
period1,sc01,t1220, 1.87526009068507E-02 , 1.50990020106001E-02 , 9.43276569343066E-02 , 9.43276569343066E-02 
period1,sc01,t1221, 1.40566186046511E-02 , 1.51003057411524E-02 , 9.43281646247465E-02 , 9.43281646247465E-02 
period1,sc01,t1222, 1.40460447272727E-02 , 1.99559883426321E-02 , 9.36287212317666E-02 , 9.36287212317666E-02 
period1,sc01,t1223, 1.40889916626506E-02 , 1.50665747596391E-02 , 0.095322626192401 , 0.095322626192401 
period1,sc01,t1224, 1.41342722891566E-02 , 0.048715806569343 , 9.88278824136563E-02 , 9.88278824136563E-02 
period1,sc01,t1225, 1.11356029227343E-02 , 3.11324466603952E-02 , 0.1022945175 , 0.1022945175 
period1,sc01,t1226, 1.08673366945821E-02 , 3.32825931890875E-02 , 0.10770304875 , 0.10770304875 
period1,sc01,t1227, 9.83202957029907E-03 , 3.31871972436501E-02 , 0.11206988525 , 0.11206988525 
period1,sc01,t1228, 1.08281462580427E-02 , 3.52508063969897E-02 , 0.11226994275 , 0.11226994275 
period1,sc01,t1229, 1.09603630161457E-02 , 3.34786678208955E-02 , 0.108488280386629 , 0.108488280386629 
period1,sc01,t1230, 1.11309586702758E-02 , 3.53663529633114E-02 , 0.10326234596319 , 0.10326234596319 
period1,sc01,t1231, 9.56986137540731E-03 , 0.036812551998731 , 0.1095338075 , 0.1095338075 
period1,sc01,t1232, 0.011654152151463 , 1.64320976171015E-02 , 0.110392659 , 0.110392659 
period1,sc01,t1233, 1.11910226024096E-02 , 1.95914455315146E-02 , 0.10946402 , 0.10946402 
period1,sc01,t1234, 1.10973512013769E-02 , 1.89521743751977E-02 , 0.10138960625 , 0.10138960625 
period1,sc01,t1235, 1.19489653012048E-02 , 1.36294815750615E-02 , 0.100248348 , 0.100248348 
period1,sc01,t1236, 1.27493825882353E-02 , 1.36176468974569E-02 , 0.09767318925 , 0.09767318925 
period1,sc01,t1237, 1.39331378181818E-02 , 1.44371635972888E-02 , 0.10323106575 , 0.10323106575 
period1,sc01,t1238, 1.70485115294117E-02 , 2.47214681234362E-02 , 0.09904242 , 0.09904242 
period1,sc01,t1239, 1.52502481283423E-02 , 3.32625722891566E-02 , 9.90219490000001E-02 , 9.90219490000001E-02 
period1,sc01,t1240, 1.48263298818695E-02 , 1.90724331965111E-02 , 0.0990526555 , 0.0990526555 
period1,sc01,t1241, 1.53206245200404E-02 , 3.44669015873016E-02 , 0.0990321845 , 0.0990321845 
period1,sc01,t1242, 1.38954373315319E-02 , 1.90103611640212E-02 , 0.098981007 , 0.098981007 
period1,sc01,t1243, 1.86121332730015E-02 , 1.37212087185628E-02 , 0.100488417 , 0.100488417 
period1,sc01,t1244, 3.76441916288452E-02 , 3.46677714285714E-02 , 0.09845480925 , 0.09845480925 
period1,sc01,t1245, 0.042223239242685 , 3.65641402751322E-02 , 0.09722599095 , 0.09722599095 
period1,sc01,t1246, 4.33622951871658E-02 , 3.67883926865426E-02 , 9.98984800000001E-02 , 9.98984800000001E-02 
period1,sc01,t1247, 1.49641312358004E-02 , 1.48043023264972E-02 , 0.10459331775 , 0.10459331775 
period1,sc01,t1248, 1.22057256454389E-02 , 3.41377905384111E-02 , 0.105429632323064 , 0.105429632323064 
period1,sc01,t1249, 1.09901801755292E-02 , 1.96520138720759E-02 , 0.11554716375 , 0.11554716375 
period1,sc01,t1250, 1.08936725989673E-02 , 2.70768508140263E-02 , 0.12290747061208 , 0.12290747061208 
period1,sc01,t1251, 1.08915585542169E-02 , 1.48079827842303E-02 , 0.122467624142107 , 0.122467624142107 
period1,sc01,t1252, 1.08479870934435E-02 , 1.95778539505971E-02 , 0.115231676898223 , 0.115231676898223 
period1,sc01,t1253, 1.06113515318417E-02 , 2.67534656633404E-02 , 0.122070290055249 , 0.122070290055249 
period1,sc01,t1254, 1.16615621063501E-02 , 2.03656661213807E-02 , 0.121703162011173 , 0.121703162011173 
period1,sc01,t1255, 0.012670653822848 , 2.69615152952724E-02 , 0.117353642092747 , 0.117353642092747 
period1,sc01,t1256, 1.39581149948365E-02 , 0.022332 , 0.11945991625 , 0.11945991625 
period1,sc01,t1257, 1.39189090740103E-02 , 0.022332 , 0.11571698 , 0.11571698 
period1,sc01,t1258, 1.39459956363637E-02 , 1.78026472232645E-02 , 0.1197041725 , 0.1197041725 
period1,sc01,t1259, 1.39507327272727E-02 , 1.77991905816135E-02 , 0.11960647 , 0.11960647 
period1,sc01,t1260, 1.41038303339071E-02 , 1.77899728705441E-02 , 0.11549366 , 0.11549366 
period1,sc01,t1261, 2.74830887700535E-02 , 1.77655213808322E-02 , 0.11377511955 , 0.11377511955 
period1,sc01,t1262, 1.70671215294118E-02 , 1.77605952317881E-02 , 0.1139272563 , 0.1139272563 
period1,sc01,t1263, 3.16875555080213E-02 , 1.75616173858989E-02 , 0.13032815625 , 0.13032815625 
period1,sc01,t1264, 1.66568456684492E-02 , 1.97837799966493E-02 , 0.1213208232 , 0.1213208232 
period1,sc01,t1265, 0.01565911383821 , 1.98412696008188E-02 , 0.120192685 , 0.120192685 
period1,sc01,t1266, 0.013995808116939 , 1.99629548523206E-02 , 0.1297349625 , 0.1297349625 
period1,sc01,t1267, 1.19663386488741E-02 , 2.00096761603375E-02 , 0.1230818875 , 0.1230818875 
period1,sc01,t1268, 1.43349724158815E-02 , 1.48210991918158E-02 , 0.122779475 , 0.122779475 
period1,sc01,t1269, 1.19453116350589E-02 , 1.48225176683143E-02 , 0.139575 , 0.139575 
period1,sc01,t1270, 1.27606613449606E-02 , 2.95123608702765E-02 , 0.1250824625 , 0.1250824625 
period1,sc01,t1271, 1.20043627258647E-02 , 1.75941673809913E-02 , 0.12141396625 , 0.12141396625 
period1,sc01,t1272, 1.20035941146102E-02 , 0.022332 , 0.12011126625 , 0.12011126625 
period1,sc01,t1273, 0.011166 , 2.99712294339623E-02 , 0.11593797375 , 0.11593797375 
period1,sc01,t1274, 0.011166 , 3.65294173975829E-02 , 0.11582631375 , 0.11582631375 
period1,sc01,t1275, 0.011166 , 4.18605912466424E-02 , 0.11584027125 , 0.11584027125 
period1,sc01,t1276, 1.14756114629948E-02 , 4.87009524118889E-02 , 0.1155820575 , 0.1155820575 
period1,sc01,t1277, 0.011166 , 2.97662689661867E-02 , 0.12418453 , 0.12418453 
period1,sc01,t1278, 9.89518579679144E-03 , 5.43391891271315E-02 , 0.129039879 , 0.129039879 
period1,sc01,t1279, 1.39933665454545E-02 , 5.43308365365025E-02 , 0.114529662 , 0.114529662 
period1,sc01,t1280, 1.42193724888124E-02 , 4.83410268890402E-02 , 0.1148841825 , 0.1148841825 
period1,sc01,t1281, 1.42087638278829E-02 , 4.14692984855886E-02 , 0.1103954505 , 0.1103954505 
period1,sc01,t1282, 1.68025622065405E-02 , 4.84858822330751E-02 , 0.1056368735 , 0.1056368735 
period1,sc01,t1283, 1.25692139037433E-02 , 3.39791870437777E-02 , 0.1103954505 , 0.1103954505 
period1,sc01,t1284, 1.25851368983957E-02 , 4.33795841439688E-02 , 0.1101944625 , 0.1101944625 
period1,sc01,t1285, 1.87507592727273E-02 , 3.24578308979306E-02 , 0.10447793575 , 0.10447793575 
period1,sc01,t1286, 2.16191673368984E-02 , 4.58174431215084E-02 , 0.1044421115 , 0.1044421115 
period1,sc01,t1287, 1.46604803101605E-02 , 6.50254601265823E-02 , 0.1044421115 , 0.1044421115 
period1,sc01,t1288, 1.52896575401069E-02 , 4.79457723586956E-02 , 0.1044421115 , 0.1044421115 
period1,sc01,t1289, 1.48356949604675E-02 , 4.79557853478261E-02 , 0.110230752 , 0.110230752 
period1,sc01,t1290, 1.41436757273652E-02 , 4.79577879456521E-02 , 0.109733865 , 0.109733865 
period1,sc01,t1291, 1.14994556313993E-02 , 4.14137487301587E-02 , 0.1145585075 , 0.1145585075 
period1,sc01,t1292, 1.14878716709512E-02 , 4.81660475238095E-02 , 0.10987344 , 0.10987344 
period1,sc01,t1293, 1.10967252244898E-02 , 4.81660475238095E-02 , 0.1098780925 , 0.1098780925 
period1,sc01,t1294, 1.08442808261618E-02 , 4.81679971428571E-02 , 0.1098873975 , 0.1098873975 
period1,sc01,t1295, 9.82010887700535E-03 , 4.84126265665017E-02 , 0.10978039 , 0.10978039 
period1,sc01,t1296, 9.8851145026738E-03 , 4.13147907936508E-02 , 0.114551994 , 0.114551994 
period1,sc01,t1297, 1.11082053638538E-02 , 3.58173669342215E-02 , 0.115488077 , 0.115488077 
period1,sc01,t1298, 0.011166 , 4.07728953222896E-02 , 0.11668702625 , 0.11668702625 
period1,sc01,t1299, 0.011166 , 4.61496578209621E-02 , 0.1154890075 , 0.1154890075 
period1,sc01,t1300, 0.011166 , 4.50147721797005E-02 , 0.115528513936431 , 0.115528513936431 
period1,sc01,t1301, 1.14760342719449E-02 , 3.77628901151029E-02 , 0.114299401957586 , 0.114299401957586 
period1,sc01,t1302, 1.08521604475043E-02 , 5.62267761946134E-02 , 0.122826 , 0.122826 
period1,sc01,t1303, 1.34462471049914E-02 , 4.20586612876667E-02 , 0.12165357 , 0.12165357 
period1,sc01,t1304, 1.32542149672977E-02 , 4.39351057897327E-02 , 0.1135665945 , 0.1135665945 
period1,sc01,t1305, 1.35291176592083E-02 , 3.49459661690885E-02 , 0.112843596 , 0.112843596 
period1,sc01,t1306, 1.42655739759036E-02 , 0.051473117270789 , 0.11365127 , 0.11365127 
period1,sc01,t1307, 1.41913115436242E-02 , 5.16416053796949E-02 , 0.112661218 , 0.112661218 
period1,sc01,t1308, 1.34039085542169E-02 , 0.034978853326713 , 0.113338622 , 0.113338622 
period1,sc01,t1309, 1.24036771084338E-02 , 3.60416012165051E-02 , 0.112010764397905 , 0.112010764397905 
period1,sc01,t1310, 1.34375806379188E-02 , 3.52861703907429E-02 , 0.111607937668712 , 0.111607937668712 
period1,sc01,t1311, 0.012487747882353 , 4.59493545092657E-02 , 0.11234252175 , 0.11234252175 
period1,sc01,t1312, 1.39470066506025E-02 , 3.78827023624824E-02 , 0.11234857 , 0.11234857 
period1,sc01,t1313, 1.37998274850696E-02 , 3.78827023624824E-02 , 0.11234857 , 0.11234857 
period1,sc01,t1314, 0.014074063233533 , 3.79064438928068E-02 , 0.11837123125 , 0.11837123125 
period1,sc01,t1315, 1.60541933545897E-02 , 5.06159189703808E-02 , 0.1096268575 , 0.1096268575 
period1,sc01,t1316, 1.58189749361988E-02 , 0.053154648448519 , 0.108542825 , 0.108542825 
period1,sc01,t1317, 1.48233664670659E-02 , 3.82782764174894E-02 , 0.1092825725 , 0.1092825725 
period1,sc01,t1318, 0.017409023989673 , 4.89831473906911E-02 , 0.110850465 , 0.110850465 
period1,sc01,t1319, 1.38918574545454E-02 , 3.81618080014001E-02 , 0.11166 , 0.11166 
period1,sc01,t1320, 0.013798024151463 , 3.80302537578288E-02 , 0.11166 , 0.11166 
period1,sc01,t1321, 0.011166 , 5.20306402950051E-02 , 0.120548632880099 , 0.120548632880099 
period1,sc01,t1322, 1.11092850178967E-02 , 4.47366594040722E-02 , 0.119911144026187 , 0.119911144026187 
period1,sc01,t1323, 1.08746719986473E-02 , 5.04398738706533E-02 , 0.122523224322103 , 0.122523224322103 
period1,sc01,t1324, 1.11029462777684E-02 , 5.18566536633339E-02 , 0.122360173482032 , 0.122360173482032 
period1,sc01,t1325, 1.12957639104992E-02 , 6.43067140151515E-02 , 0.127704592185592 , 0.127704592185592 
period1,sc01,t1326, 0.011166 , 6.92861140776699E-02 , 0.127598786949362 , 0.127598786949362 
period1,sc01,t1327, 1.37862623752152E-02 , 7.31589944488502E-02 , 0.131649392507204 , 0.131649392507204 
period1,sc01,t1328, 0.013606068888124 , 7.95449113009199E-02 , 0.12702622060606 , 0.12702622060606 
period1,sc01,t1329, 1.34772944182918E-02 , 7.20800279822398E-02 , 0.126886702 , 0.126886702 
period1,sc01,t1330, 0.013905392 , 4.76122286059386E-02 , 0.124644578493758 , 0.124644578493758 
period1,sc01,t1331, 2.07103027058823E-02 , 5.16696338635607E-02 , 0.122865713422655 , 0.122865713422655 
period1,sc01,t1332, 1.42315745454545E-02 , 3.64504255878929E-02 , 0.123010239 , 0.123010239 
period1,sc01,t1333, 1.29205547807486E-02 , 3.28718714473684E-02 , 0.120265509834877 , 0.120265509834877 
period1,sc01,t1334, 1.28263702673796E-02 , 3.36703635377281E-02 , 0.120294887082991 , 0.120294887082991 
period1,sc01,t1335, 1.28414971122995E-02 , 4.07451933781347E-02 , 0.120250731192883 , 0.120250731192883 
period1,sc01,t1336, 1.17970199896925E-02 , 3.38000795239659E-02 , 0.1205097994 , 0.1205097994 
period1,sc01,t1337, 0.01161264 , 3.44369590909091E-02 , 0.10813573125 , 0.10813573125 
period1,sc01,t1338, 1.91891932436975E-02 , 0.034683177653277 , 0.11824794 , 0.11824794 
period1,sc01,t1339, 1.29650819118392E-02 , 3.47005286257928E-02 , 0.109146188481675 , 0.109146188481675 
period1,sc01,t1340, 1.31366917258969E-02 , 0.034683177653277 , 0.108297158759565 , 0.108297158759565 
period1,sc01,t1341, 1.13053167934224E-02 , 3.47005286257928E-02 , 0.108301206041079 , 0.108301206041079 
period1,sc01,t1342, 1.12985161992809E-02 , 3.38248232897135E-02 , 0.10847908575 , 0.10847908575 
period1,sc01,t1343, 0.011166 , 3.37578932262296E-02 , 0.108167645751107 , 0.108167645751107 
period1,sc01,t1344, 0.011166 , 3.45791188938509E-02 , 0.110889847297624 , 0.110889847297624 
period1,sc01,t1345, 0.011166 , 2.93751291142618E-02 , 0.12254031622276 , 0.12254031622276 
period1,sc01,t1346, 1.18191629535284E-02 , 3.71910203114421E-02 , 0.122845337011679 , 0.122845337011679 
period1,sc01,t1347, 0.011166 , 3.70549638273045E-02 , 0.122730214337495 , 0.122730214337495 
period1,sc01,t1348, 0.0122826 , 3.68084121410992E-02 , 0.123222772427184 , 0.123222772427184 
period1,sc01,t1349, 0.0122826 , 3.63788565941101E-02 , 0.123392169714055 , 0.123392169714055 
period1,sc01,t1350, 1.08738774526678E-02 , 4.39312026251026E-02 , 0.125913234316576 , 0.125913234316576 
period1,sc01,t1351, 1.38353850877797E-02 , 0.038132026123302 , 0.151643585 , 0.151643585 
period1,sc01,t1352, 1.38857669090909E-02 , 3.73267240143369E-02 , 0.1483710165 , 0.1483710165 
period1,sc01,t1353, 1.42564144171123E-02 , 1.73543420301875E-02 , 0.148869361371989 , 0.148869361371989 
period1,sc01,t1354, 1.54687912299466E-02 , 1.36423500746888E-02 , 0.151174653111021 , 0.151174653111021 
period1,sc01,t1355, 3.44275247165775E-02 , 2.47404138208033E-02 , 0.15163428 , 0.15163428 
period1,sc01,t1356, 2.04675616628175E-02 , 2.61357568081733E-02 , 0.124634174542497 , 0.124634174542497 
period1,sc01,t1357, 3.41270304088436E-02 , 2.89724253456221E-02 , 0.124787494 , 0.124787494 
period1,sc01,t1358, 3.15263457694332E-02 , 2.64249741916168E-02 , 0.124623726 , 0.124623726 
period1,sc01,t1359, 1.77940466888928E-02 , 2.91017519815668E-02 , 0.124917764 , 0.124917764 
period1,sc01,t1360, 1.44959719740306E-02 , 2.92109058730159E-02 , 0.124509972375 , 0.124509972375 
period1,sc01,t1361, 1.39235581151474E-02 , 3.44643414814814E-02 , 0.12551561025 , 0.12551561025 
period1,sc01,t1362, 1.41626808255659E-02 , 3.78107936507937E-02 , 0.12563285325 , 0.12563285325 
period1,sc01,t1363, 5.27771271944923E-02 , 0.025575851005291 , 0.128568908148148 , 0.128568908148148 
period1,sc01,t1364, 4.72815717728055E-02 , 1.33962967238689E-02 , 0.126566126124639 , 0.126566126124639 
period1,sc01,t1365, 2.56333691566265E-02 , 1.72123003809523E-02 , 0.126477547321788 , 0.126477547321788 
period1,sc01,t1366, 1.44357545783132E-02 , 1.77031802067896E-02 , 0.12538924835 , 0.12538924835 
period1,sc01,t1367, 1.38826243786574E-02 , 1.78055168355739E-02 , 0.125131639425 , 0.125131639425 
period1,sc01,t1368, 1.31151492598967E-02 , 5.19605426652892E-02 , 0.126402396088019 , 0.126402396088019 
period1,sc01,t1369, 1.37320675135135E-02 , 0.043996451856 , 0.127338925 , 0.127338925 
period1,sc01,t1370, 1.37707867585743E-02 , 5.16659258707557E-02 , 0.127528301408451 , 0.127528301408451 
period1,sc01,t1371, 1.37502119777815E-02 , 5.18159714979001E-02 , 0.128187295659164 , 0.128187295659164 
period1,sc01,t1372, 0.016718991375 , 0.035110586516129 , 0.128004029563812 , 0.128004029563812 
period1,sc01,t1373, 2.59964541843971E-02 , 3.50894978474467E-02 , 0.127988919902913 , 0.127988919902913 
period1,sc01,t1374, 1.38013862542031E-02 , 0.05583 , 0.149574194837635 , 0.149574194837635 
period1,sc01,t1375, 1.38105532627333E-02 , 0.041944453445555 , 0.14975467 , 0.14975467 
period1,sc01,t1376, 0.026487823529009 , 4.47781717791412E-02 , 0.148460491776077 , 0.148460491776077 
period1,sc01,t1377, 0.013780770859454 , 1.43677279050985E-02 , 0.149308759803922 , 0.149308759803922 
period1,sc01,t1378, 6.69822993865031E-02 , 0.013821072741391 , 0.148488777776883 , 0.148488777776883 
period1,sc01,t1379, 5.16156097399197E-02 , 1.35865448763936E-02 , 0.153010756734356 , 0.153010756734356 
period1,sc01,t1380, 5.12149337635135E-02 , 1.35711258082191E-02 , 0.149286921185247 , 0.149286921185247 
period1,sc01,t1381, 4.58996418371607E-02 , 2.13835769357829E-02 , 0.148791734101497 , 0.148791734101497 
period1,sc01,t1382, 5.43926312727273E-02 , 2.13723467156454E-02 , 0.14834260058019 , 0.14834260058019 
period1,sc01,t1383, 4.40397296868476E-02 , 2.12759540769231E-02 , 0.147713814654454 , 0.147713814654454 
period1,sc01,t1384, 0.053850325268998 , 0.021230474475454 , 0.147331697585346 , 0.147331697585346 
period1,sc01,t1385, 4.39678555795148E-02 , 2.87409749065744E-02 , 0.147372690261086 , 0.147372690261086 
period1,sc01,t1386, 5.60333813628232E-02 , 2.88524803598616E-02 , 0.147217208454206 , 0.147217208454206 
period1,sc01,t1387, 7.45924325605009E-02 , 1.30395663379576E-02 , 0.14526733375 , 0.14526733375 
period1,sc01,t1388, 0.066996 , 1.34439175539568E-02 , 0.146173344259568 , 0.146173344259568 
period1,sc01,t1389, 6.53409472998643E-02 , 1.31881612609217E-02 , 0.146231457582052 , 0.146231457582052 
period1,sc01,t1390, 6.71863465771812E-02 , 1.36232655182774E-02 , 0.1424344265 , 0.1424344265 
period1,sc01,t1391, 5.31840557563242E-02 , 1.37927813023725E-02 , 0.1424772295 , 0.1424772295 
period1,sc01,t1392, 1.72610307399577E-02 , 3.44574766002469E-02 , 0.144884583648812 , 0.144884583648812 
period1,sc01,t1393, 1.22587400412583E-02 , 2.81405528339617E-02 , 0.117157557390254 , 0.117157557390254 
period1,sc01,t1394, 1.18990746776689E-02 , 3.39359648910014E-02 , 0.118601987192912 , 0.118601987192912 
period1,sc01,t1395, 1.19140471376998E-02 , 0.027735293469923 , 0.118167578977044 , 0.118167578977044 
period1,sc01,t1396, 1.18753490871583E-02 , 3.29139860345679E-02 , 0.117795229077728 , 0.117795229077728 
period1,sc01,t1397, 1.18702814853017E-02 , 0.034556948959187 , 0.12737964140153 , 0.12737964140153 
period1,sc01,t1398, 1.19146749243466E-02 , 3.84477460655465E-02 , 0.124373410632299 , 0.124373410632299 
period1,sc01,t1399, 1.19146749243466E-02 , 3.40298053794757E-02 , 0.1172139684 , 0.1172139684 
period1,sc01,t1400, 1.35697916666667E-02 , 4.23010611522198E-02 , 0.11682139045 , 0.11682139045 
period1,sc01,t1401, 2.94247076536611E-02 , 2.78449197851662E-02 , 0.11034101625 , 0.11034101625 
period1,sc01,t1402, 3.58711113253012E-02 , 3.57386754756871E-02 , 0.11123801825 , 0.11123801825 
period1,sc01,t1403, 3.14589411122994E-02 , 0.026441088 , 0.112164331 , 0.112164331 
period1,sc01,t1404, 3.56133698395722E-02 , 1.75967234637802E-02 , 0.11875041 , 0.11875041 
period1,sc01,t1405, 4.97473166953528E-02 , 0.022105390122764 , 0.1215966234 , 0.1215966234 
period1,sc01,t1406, 0.042077177969019 , 2.81177329266621E-02 , 0.117879462 , 0.117879462 
period1,sc01,t1407, 4.20161397314975E-02 , 2.93625189331486E-02 , 0.11981443675 , 0.11981443675 
period1,sc01,t1408, 0.033487181601465 , 3.18593172424723E-02 , 0.11871830775 , 0.11871830775 
period1,sc01,t1409, 4.15052749799904E-02 , 2.90686626215644E-02 , 0.10992101804269 , 0.10992101804269 
period1,sc01,t1410, 4.34049249061785E-02 , 3.59074638477801E-02 , 0.109885491904954 , 0.109885491904954 
period1,sc01,t1411, 4.72525674076345E-02 , 1.38297836822979E-02 , 0.11061939895288 , 0.11061939895288 
period1,sc01,t1412, 0.050128432132964 , 2.79351837843552E-02 , 0.112225744 , 0.112225744 
period1,sc01,t1413, 4.02728743955164E-02 , 3.44776807610994E-02 , 0.111451568 , 0.111451568 
period1,sc01,t1414, 2.76063945642084E-02 , 3.46783382663848E-02 , 0.113952752 , 0.113952752 
period1,sc01,t1415, 2.08223537287262E-02 , 3.39931491425602E-02 , 0.112076864 , 0.112076864 
period1,sc01,t1416, 1.39805921402785E-02 , 3.44291853810741E-02 , 0.110718782198953 , 0.110718782198953 
period1,sc01,t1417, 0.011166 , 3.03227750253807E-02 , 0.10684884975 , 0.10684884975 
period1,sc01,t1418, 0.011166 , 2.98793529981988E-02 , 0.10900481825 , 0.10900481825 
period1,sc01,t1419, 1.14820304716007E-02 , 2.99218082986736E-02 , 0.109449132 , 0.109449132 
period1,sc01,t1420, 1.40331059277109E-02 , 3.00350224332733E-02 , 0.10747016423681 , 0.10747016423681 
period1,sc01,t1421, 1.61337937590361E-02 , 0.030327492280989 , 0.1094052124 , 0.1094052124 
period1,sc01,t1422, 1.63627448055077E-02 , 3.04595754380219E-02 , 0.1093756225 , 0.1093756225 
period1,sc01,t1423, 1.75111323511188E-02 , 3.14324899028133E-02 , 0.110052096 , 0.110052096 
period1,sc01,t1424, 1.74846683545611E-02 , 2.97881012393888E-02 , 0.1090828872 , 0.1090828872 
period1,sc01,t1425, 0.017428626950086 , 2.98663011544992E-02 , 0.1090828872 , 0.1090828872 
period1,sc01,t1426, 1.50260535283993E-02 , 1.48323781933544E-02 , 0.1094268 , 0.1094268 
period1,sc01,t1427, 2.78686639827883E-02 , 1.36103428983135E-02 , 0.122139291 , 0.122139291 
period1,sc01,t1428, 2.82977381927711E-02 , 1.36146944751924E-02 , 0.12232353 , 0.12232353 
period1,sc01,t1429, 2.90809917728055E-02 , 1.36115862059931E-02 , 0.122812973 , 0.122812973 
period1,sc01,t1430, 2.24361647504303E-02 , 1.36128295136728E-02 , 0.1227928742 , 0.1227928742 
period1,sc01,t1431, 2.52185167022376E-02 , 1.36283708596693E-02 , 0.12536524145 , 0.12536524145 
period1,sc01,t1432, 1.42757790464716E-02 , 1.49333825034106E-02 , 0.122861359 , 0.122861359 
period1,sc01,t1433, 1.40505930644628E-02 , 3.12311667614534E-02 , 0.108011600563834 , 0.108011600563834 
period1,sc01,t1434, 1.33378068042567E-02 , 3.10845211374407E-02 , 0.10888292275 , 0.10888292275 
period1,sc01,t1435, 1.18990923568916E-02 , 1.37116422453506E-02 , 0.108278563 , 0.108278563 
period1,sc01,t1436, 1.38698538631276E-02 , 3.10592374091628E-02 , 0.1119996325 , 0.1119996325 
period1,sc01,t1437, 1.41205697246127E-02 , 2.50271197894737E-02 , 0.1119996325 , 0.1119996325 
period1,sc01,t1438, 1.41291027779691E-02 , 2.78547149745331E-02 , 0.1119996325 , 0.1119996325 
period1,sc01,t1439, 1.34785727710843E-02 , 3.36870509462916E-02 , 0.11197962675 , 0.11197962675 
period1,sc01,t1440, 1.14795704922547E-02 , 3.28276377533978E-02 , 0.110196147626977 , 0.110196147626977 
period1,sc01,t1441, 0.011166 , 2.67850483538084E-02 , 0.128778920275 , 0.128778920275 
period1,sc01,t1442, 1.11047311394148E-02 , 2.67850483538084E-02 , 0.128778920275 , 0.128778920275 
period1,sc01,t1443, 1.11060380034423E-02 , 2.75309115479116E-02 , 0.128778920275 , 0.128778920275 
period1,sc01,t1444, 0.011166 , 2.75311001964637E-02 , 0.1288437296 , 0.1288437296 
period1,sc01,t1445, 0.011166 , 0.027544628992629 , 0.129630694409988 , 0.129630694409988 
period1,sc01,t1446, 0.011166 , 2.69338917739558E-02 , 0.13244737 , 0.13244737 
period1,sc01,t1447, 0.011166 , 0.029534572972973 , 0.136517664720394 , 0.136517664720394 
period1,sc01,t1448, 0.011166 , 2.95290859950859E-02 , 0.135793866725 , 0.135793866725 
period1,sc01,t1449, 1.14804929845094E-02 , 1.75819232432432E-02 , 0.136666527145161 , 0.136666527145161 
period1,sc01,t1450, 1.19739494664372E-02 , 1.77257333903134E-02 , 0.1338194853 , 0.1338194853 
period1,sc01,t1451, 1.19739494664372E-02 , 3.86298060512172E-02 , 0.13584899885 , 0.13584899885 
period1,sc01,t1452, 1.19620339414802E-02 , 3.82848810259699E-02 , 0.1338215324 , 0.1338215324 
period1,sc01,t1453, 1.24076745748709E-02 , 0.017275180210019 , 0.136589005638341 , 0.136589005638341 
period1,sc01,t1454, 1.27457679862307E-02 , 1.71760360232681E-02 , 0.136549789857781 , 0.136549789857781 
period1,sc01,t1455, 1.18907714148021E-02 , 1.55604467212293E-02 , 0.133742822368104 , 0.133742822368104 
period1,sc01,t1456, 1.19527464812332E-02 , 1.41103549514563E-02 , 0.13231793745 , 0.13231793745 
period1,sc01,t1457, 1.19604645247212E-02 , 2.70211292063492E-02 , 0.1299525134 , 0.1299525134 
period1,sc01,t1458, 1.19315869523505E-02 , 4.25276901587302E-02 , 0.128764789363636 , 0.128764789363636 
period1,sc01,t1459, 0.011166 , 2.69911956613757E-02 , 0.1285482028 , 0.1285482028 
period1,sc01,t1460, 0.011166 , 3.31174698095238E-02 , 0.128063002400322 , 0.128063002400322 
period1,sc01,t1461, 0.011166 , 2.70286125925926E-02 , 0.1286667485 , 0.1286667485 
period1,sc01,t1462, 0.011166 , 2.70211292063492E-02 , 0.1288658755 , 0.1288658755 
period1,sc01,t1463, 0.011166 , 5.60564708994709E-02 , 0.1288658755 , 0.1288658755 
period1,sc01,t1464, 0.011166 , 5.46689544611232E-02 , 0.1288833689 , 0.1288833689 
period1,sc01,t1465, 1.38222011359725E-02 , 3.40761053728259E-02 , 0.13148030135 , 0.13148030135 
period1,sc01,t1466, 1.38045584716007E-02 , 4.51055679358717E-02 , 0.134200432 , 0.134200432 
period1,sc01,t1467, 1.37999844475043E-02 , 4.51728540431944E-02 , 0.1307560932 , 0.1307560932 
period1,sc01,t1468, 1.38372300722891E-02 , 4.39359048338369E-02 , 0.130667556125 , 0.130667556125 
period1,sc01,t1469, 1.38693827710843E-02 , 5.21822195459033E-02 , 0.130667556125 , 0.130667556125 
period1,sc01,t1470, 1.38911807272728E-02 , 0.048190028050583 , 0.149090979515798 , 0.149090979515798 
period1,sc01,t1471, 1.37999844475043E-02 , 4.49477202357563E-02 , 0.129955133055787 , 0.129955133055787 
period1,sc01,t1472, 1.38128801204819E-02 , 4.23629865224625E-02 , 0.145455713475 , 0.145455713475 
period1,sc01,t1473, 1.37563774698795E-02 , 3.04135478880157E-02 , 0.13204232335 , 0.13204232335 
period1,sc01,t1474, 1.37999844475043E-02 , 3.03933474459725E-02 , 0.138385479183673 , 0.138385479183673 
period1,sc01,t1475, 1.51307948364888E-02 , 3.19859832023576E-02 , 0.1302039345 , 0.1302039345 
period1,sc01,t1476, 1.37901829672977E-02 , 3.28279298816568E-02 , 0.13321642825 , 0.13321642825 
period1,sc01,t1477, 1.51606812834225E-02 , 0.031852353390411 , 0.13709735765 , 0.13709735765 
period1,sc01,t1478, 0.015162671657754 , 3.38668784643879E-02 , 0.133073084725 , 0.133073084725 
period1,sc01,t1479, 1.48456846417112E-02 , 5.83350187878787E-02 , 0.13480293075 , 0.13480293075 
period1,sc01,t1480, 1.38222011359725E-02 , 6.57040270756213E-02 , 0.137826307304348 , 0.137826307304348 
period1,sc01,t1481, 1.37719978605605E-02 , 5.86660813326282E-02 , 0.1449039735 , 0.1449039735 
period1,sc01,t1482, 1.37493131358597E-02 , 5.77165875198308E-02 , 0.141508579 , 0.141508579 
period1,sc01,t1483, 1.14677977575657E-02 , 3.16108219989423E-02 , 0.136939824 , 0.136939824 
period1,sc01,t1484, 1.14640296213368E-02 , 3.16108219989423E-02 , 0.1440832725 , 0.1440832725 
period1,sc01,t1485, 1.14667818217821E-02 , 3.16108219989423E-02 , 0.130281863875 , 0.130281863875 
period1,sc01,t1486, 1.14705375037796E-02 , 3.18445304686965E-02 , 0.143138815 , 0.143138815 
period1,sc01,t1487, 0.011950502788296 , 8.18931404715128E-02 , 0.14783784 , 0.14783784 
period1,sc01,t1488, 1.14745736592083E-02 , 8.37372780082987E-02 , 0.148280758 , 0.148280758 
period1,sc01,t1489, 0.011166 , 6.29343464409052E-02 , 0.2417031441 , 0.2417031441 
period1,sc01,t1490, 0.011166 , 6.16027754102921E-02 , 0.1949516604 , 0.1949516604 
period1,sc01,t1491, 0.011166 , 6.84564783547558E-02 , 0.194299984725 , 0.194299984725 
period1,sc01,t1492, 1.32329207710843E-02 , 6.96980517334231E-02 , 0.1949516604 , 0.1949516604 
period1,sc01,t1493, 0.013626284251806 , 7.82799507042254E-02 , 0.1949516604 , 0.1949516604 
period1,sc01,t1494, 1.32390489745354E-02 , 7.09084220801077E-02 , 0.195789529125 , 0.195789529125 
period1,sc01,t1495, 1.18715769851952E-02 , 0.081784374732334 , 0.2519298974 , 0.2519298974 
period1,sc01,t1496, 1.18820681711014E-02 , 6.31570210105921E-02 , 0.2526374496 , 0.2526374496 
period1,sc01,t1497, 1.21952074150912E-02 , 4.59917204798185E-02 , 0.2294093781 , 0.2294093781 
period1,sc01,t1498, 1.33564191065752E-02 , 1.82159020937879E-02 , 0.23015424335 , 0.23015424335 
period1,sc01,t1499, 1.41679529296875E-02 , 5.23089752315609E-02 , 0.14073096015 , 0.14073096015 
period1,sc01,t1500, 1.37321620481927E-02 , 4.36255791111867E-02 , 0.1459528331 , 0.1459528331 
period1,sc01,t1501, 1.36849411075251E-02 , 2.01753178785764E-02 , 0.15849967677607 , 0.15849967677607 
period1,sc01,t1502, 1.36648969879518E-02 , 3.62720712799168E-02 , 0.1585153275 , 0.1585153275 
period1,sc01,t1503, 1.32310373493975E-02 , 5.51697896184256E-02 , 0.167255514 , 0.167255514 
period1,sc01,t1504, 1.34764587263339E-02 , 2.44603310399178E-02 , 0.154527730434783 , 0.154527730434783 
period1,sc01,t1505, 1.33371646237444E-02 , 3.54911211534392E-02 , 0.159100935652174 , 0.159100935652174 
period1,sc01,t1506, 1.31347752863365E-02 , 3.44767284550264E-02 , 0.154382086956521 , 0.154382086956521 
period1,sc01,t1507, 1.39588388489209E-02 , 1.60579676331049E-02 , 0.1585572 , 0.1585572 
period1,sc01,t1508, 1.46512216503137E-02 , 2.79788002728979E-02 , 0.15525327365 , 0.15525327365 
period1,sc01,t1509, 1.46672033898305E-02 , 0.02438462395087 , 0.146495492608696 , 0.146495492608696 
period1,sc01,t1510, 1.32034234271273E-02 , 1.95619730769231E-02 , 0.154829018243479 , 0.154829018243479 
period1,sc01,t1511, 1.27250503476764E-02 , 2.03975719496021E-02 , 0.146451799565218 , 0.146451799565218 
period1,sc01,t1512, 1.13039657201859E-02 , 2.76343266082355E-02 , 0.26893311 , 0.26893311 
period1,sc01,t1513, 0.011166 , 2.27082237837837E-02 , 0.205661034057341 , 0.205661034057341 
period1,sc01,t1514, 0.011166 , 2.27251690140845E-02 , 0.180652288250211 , 0.180652288250211 
period1,sc01,t1515, 1.11013784656797E-02 , 2.65871277560595E-02 , 0.180652288250211 , 0.180652288250211 
period1,sc01,t1516, 0.011098107962963 , 2.34815009766595E-02 , 0.359050012173913 , 0.359050012173913 
period1,sc01,t1517, 0.011166 , 3.08911449569977E-02 , 0.359050012173913 , 0.359050012173913 
period1,sc01,t1518, 0.011166 , 2.65054922098569E-02 , 0.460904565 , 0.460904565 
period1,sc01,t1519, 0.011166 , 2.99226852088452E-02 , 0.437919839478261 , 0.437919839478261 
period1,sc01,t1520, 0.011166 , 0.029523599017199 , 0.416078172521739 , 0.416078172521739 
period1,sc01,t1521, 0.011166 , 2.99325617690418E-02 , 0.414886808869565 , 0.414886808869565 
period1,sc01,t1522, 1.66008451461202E-02 , 2.36258293857494E-02 , 0.413298324 , 0.413298324 
period1,sc01,t1523, 1.56016346839547E-02 , 3.73963799701543E-02 , 0.287050673217391 , 0.287050673217391 
period1,sc01,t1524, 0.012370742761169 , 2.51737058476658E-02 , 0.286587526956521 , 0.286587526956521 
period1,sc01,t1525, 1.19189642257306E-02 , 0.029523599017199 , 0.268717072173913 , 0.268717072173913 
period1,sc01,t1526, 1.19473896148555E-02 , 2.95224212250246E-02 , 0.268880678347826 , 0.268880678347826 
period1,sc01,t1527, 1.19376263339071E-02 , 3.10803640834576E-02 , 0.170833038581315 , 0.170833038581315 
period1,sc01,t1528, 0.011166 , 0.03704290975435 , 0.279515079652174 , 0.279515079652174 
period1,sc01,t1529, 1.13260448097218E-02 , 0.038302845989418 , 0.170607741391304 , 0.170607741391304 
period1,sc01,t1530, 0.011166 , 2.82414627334613E-02 , 0.329053281391305 , 0.329053281391305 
period1,sc01,t1531, 1.18912365206268E-02 , 2.05816592554292E-02 , 0.380612529130435 , 0.380612529130435 
period1,sc01,t1532, 0.011453880690758 , 2.05823944666782E-02 , 0.380612529130435 , 0.380612529130435 
period1,sc01,t1533, 1.14538092740646E-02 , 2.05850048729551E-02 , 0.380612529130435 , 0.380612529130435 
period1,sc01,t1534, 1.14550947745443E-02 , 0.022332 , 0.38533866 , 0.38533866 
period1,sc01,t1535, 0.011166 , 0.022332 , 0.198894375 , 0.198894375 
period1,sc01,t1536, 0.011166 , 0.022332 , 0.192959646 , 0.192959646 
period1,sc01,t1537, 0.011166 , 2.19134053221288E-02 , 0.136248502956521 , 0.136248502956521 
period1,sc01,t1538, 0.011166 , 2.19102775910364E-02 , 0.133168143391304 , 0.133168143391304 
period1,sc01,t1539, 0.011166 , 2.19106251167134E-02 , 0.135785356695652 , 0.135785356695652 
period1,sc01,t1540, 1.15255703342852E-02 , 2.19146216619981E-02 , 0.1509782775 , 0.1509782775 
period1,sc01,t1541, 1.18327968271955E-02 , 2.07563513117159E-02 , 0.1509782775 , 0.1509782775 
period1,sc01,t1542, 0.0122826 , 0.020791033767927 , 0.134675067913044 , 0.134675067913044 
period1,sc01,t1543, 1.14608379195289E-02 , 2.07633735332464E-02 , 0.128385988330435 , 0.128385988330435 
period1,sc01,t1544, 0.01147090404949 , 0.021569443902439 , 0.1395889575 , 0.1395889575 
period1,sc01,t1545, 1.10961671601983E-02 , 2.07997898028995E-02 , 0.136582512 , 0.136582512 
period1,sc01,t1546, 1.44616070778564E-02 , 3.51813577129825E-02 , 0.118188711652174 , 0.118188711652174 
period1,sc01,t1547, 1.57813600960106E-02 , 0.034943380525661 , 0.1465358844 , 0.1465358844 
period1,sc01,t1548, 1.78390892470362E-02 , 0.028714330868417 , 0.1461953214 , 0.1461953214 
period1,sc01,t1549, 1.78835022502761E-02 , 4.32176071393643E-02 , 0.143083260104348 , 0.143083260104348 
period1,sc01,t1550, 1.62525220372751E-02 , 4.32369225450902E-02 , 0.143083260104348 , 0.143083260104348 
period1,sc01,t1551, 1.69135861825319E-02 , 3.64247533219231E-02 , 0.1369984455 , 0.1369984455 
period1,sc01,t1552, 1.56036523145637E-02 , 0.035613426628646 , 0.15005494235 , 0.15005494235 
period1,sc01,t1553, 1.55698021889914E-02 , 2.82539544660846E-02 , 0.197757530556521 , 0.197757530556521 
period1,sc01,t1554, 1.56048625298329E-02 , 3.58311216333623E-02 , 0.18826346913913 , 0.18826346913913 
period1,sc01,t1555, 0.01161264 , 0.035304243967725 , 0.19803260253913 , 0.19803260253913 
period1,sc01,t1556, 1.30036884309589E-02 , 3.52995237326784E-02 , 0.186701637026087 , 0.186701637026087 
period1,sc01,t1557, 1.19708047732697E-02 , 2.40996889766234E-02 , 0.197344922582609 , 0.197344922582609 
period1,sc01,t1558, 1.13238827146992E-02 , 2.53425617796611E-02 , 0.209843123478261 , 0.209843123478261 
period1,sc01,t1559, 1.13230443870968E-02 , 2.53425617796611E-02 , 0.210309182608696 , 0.210309182608696 
period1,sc01,t1560, 0.011166 , 2.53402688917862E-02 , 0.217663984069565 , 0.217663984069565 
period1,sc01,t1561, 1.10975212366954E-02 , 1.84205073750623E-02 , 0.260961601090909 , 0.260961601090909 
period1,sc01,t1562, 1.11076231676064E-02 , 1.85144519142176E-02 , 0.206091877090909 , 0.206091877090909 
period1,sc01,t1563, 0.011166 , 0.018513834058086 , 0.239405130545455 , 0.239405130545455 
period1,sc01,t1564, 0.011166 , 1.82216465443826E-02 , 0.247720755272727 , 0.247720755272727 
period1,sc01,t1565, 1.15115777166438E-02 , 1.82042739600394E-02 , 0.247751208 , 0.247751208 
period1,sc01,t1566, 1.17973536196756E-02 , 1.81978735342286E-02 , 0.247653759272727 , 0.247653759272727 
period1,sc01,t1567, 1.54606245204751E-02 , 1.78559437219358E-02 , 0.222878435454545 , 0.222878435454545 
period1,sc01,t1568, 1.38355241060736E-02 , 1.77636529168105E-02 , 0.216671154545455 , 0.216671154545455 
period1,sc01,t1569, 1.39188153977759E-02 , 1.77620527820317E-02 , 0.180493314545455 , 0.180493314545455 
period1,sc01,t1570, 1.38212346826347E-02 , 1.56477651955026E-02 , 0.222812454545455 , 0.222812454545455 
period1,sc01,t1571, 2.69373800511509E-02 , 1.77388260541427E-02 , 0.184471963363636 , 0.184471963363636 
period1,sc01,t1572, 0.033498 , 1.76315786152797E-02 , 0.227913540136364 , 0.227913540136364 
period1,sc01,t1573, 0.110255277144379 , 1.77488749317872E-02 , 0.22465992 , 0.22465992 
period1,sc01,t1574, 0.127400669152903 , 1.75712461669797E-02 , 0.209433556363636 , 0.209433556363636 
period1,sc01,t1575, 6.92097670751199E-02 , 1.91015268972638E-02 , 0.202368523636364 , 0.202368523636364 
period1,sc01,t1576, 6.90899968034097E-02 , 1.78475104706685E-02 , 0.196628184545455 , 0.196628184545455 
period1,sc01,t1577, 6.67681224489795E-02 , 1.77467963786859E-02 , 0.196536826363636 , 0.196536826363636 
period1,sc01,t1578, 6.66742905162065E-02 , 1.77515159545142E-02 , 0.196064809090909 , 0.196064809090909 
period1,sc01,t1579, 1.17045105563619E-02 , 1.77525970103093E-02 , 0.126853880727273 , 0.126853880727273 
period1,sc01,t1580, 1.15620972712681E-02 , 1.78762098951507E-02 , 0.140354589818182 , 0.140354589818182 
period1,sc01,t1581, 1.15658828214971E-02 , 1.84245825408889E-02 , 0.126244826181818 , 0.126244826181818 
period1,sc01,t1582, 1.13199560065253E-02 , 2.07958290909091E-02 , 0.1819862595 , 0.1819862595 
period1,sc01,t1583, 1.15533177904143E-02 , 2.07596686847599E-02 , 0.18139585725 , 0.18139585725 
period1,sc01,t1584, 0.011166 , 2.07745710149923E-02 , 0.211776217 , 0.211776217 
period1,sc01,t1585, 1.38012913115319E-02 , 8.49410234309624E-02 , 0.150383769652651 , 0.150383769652651 
period1,sc01,t1586, 1.37954104234079E-02 , 9.86995696916299E-02 , 0.150259014388489 , 0.150259014388489 
period1,sc01,t1587, 1.38243151807229E-02 , 8.51138551495017E-02 , 0.177030749183303 , 0.177030749183303 
period1,sc01,t1588, 1.38222011359725E-02 , 8.51751001575354E-02 , 0.239536310091743 , 0.239536310091743 
period1,sc01,t1589, 1.51032545989673E-02 , 8.51342558684625E-02 , 0.252290135779816 , 0.252290135779816 
period1,sc01,t1590, 1.50993340068847E-02 , 8.51129423278574E-02 , 0.257561717064221 , 0.257561717064221 
period1,sc01,t1591, 1.50221530757341E-02 , 0.08476921314097 , 0.257561717064221 , 0.257561717064221 
period1,sc01,t1592, 0.014557829642077 , 8.41926237885462E-02 , 0.195367609266055 , 0.195367609266055 
period1,sc01,t1593, 1.49726908162227E-02 , 0.08311091966759 , 0.195367609266055 , 0.195367609266055 
period1,sc01,t1594, 3.32423054316792E-02 , 6.86218892973715E-02 , 0.2854448325 , 0.2854448325 
period1,sc01,t1595, 3.28737802409639E-02 , 6.87449411252511E-02 , 0.1697594895 , 0.1697594895 
period1,sc01,t1596, 4.23143754301446E-02 , 6.66690105565894E-02 , 0.19253394225 , 0.19253394225 
period1,sc01,t1597, 4.24874179621342E-02 , 8.31103070018559E-02 , 0.181019759116926 , 0.181019759116926 
period1,sc01,t1598, 4.23800088086643E-02 , 6.60486454203691E-02 , 0.189215232694175 , 0.189215232694175 
period1,sc01,t1599, 4.28382340791739E-02 , 6.87813111337062E-02 , 0.15850983755 , 0.15850983755 
period1,sc01,t1600, 0.033560372803304 , 6.66344677795275E-02 , 0.29064958425 , 0.29064958425 
period1,sc01,t1601, 1.63176431723697E-02 , 0.066765316941424 , 0.237938240366972 , 0.237938240366972 
period1,sc01,t1602, 1.64055544145873E-02 , 7.03239406349207E-02 , 0.213639385321101 , 0.213639385321101 
period1,sc01,t1603, 1.18857017268948E-02 , 3.00713968253968E-02 , 0.213948755229357 , 0.213948755229357 
period1,sc01,t1604, 1.18999850655581E-02 , 3.00509762532982E-02 , 0.213336161834862 , 0.213336161834862 
period1,sc01,t1605, 1.18907635491607E-02 , 0.030385961829653 , 0.205483595504587 , 0.205483595504587 
period1,sc01,t1606, 0.011900148855084 , 5.77258917119327E-02 , 0.26606990174312 , 0.26606990174312 
period1,sc01,t1607, 0.0122826 , 7.56804303492063E-02 , 0.268757424770643 , 0.268757424770643 
period1,sc01,t1608, 0.0122826 , 0.075039603206751 , 0.269195357339449 , 0.269195357339449 
period1,sc01,t1609, 1.13062002120021E-02 , 5.08268373788973E-02 , 0.275226533944954 , 0.275226533944954 
period1,sc01,t1610, 0.011166 , 5.11138590422535E-02 , 0.273567 , 0.273567 
period1,sc01,t1611, 0.011166 , 5.15270480535494E-02 , 0.323872903211009 , 0.323872903211009 
period1,sc01,t1612, 0.011166 , 0.019117453557849 , 0.271479265321101 , 0.271479265321101 
period1,sc01,t1613, 1.31541667320599E-02 , 2.02605293724732E-02 , 0.271479265321101 , 0.271479265321101 
period1,sc01,t1614, 1.19498461699895E-02 , 2.00031549800797E-02 , 0.271205749541284 , 0.271205749541284 
period1,sc01,t1615, 1.38817065454545E-02 , 0.019951748992629 , 0.3011874037 , 0.3011874037 
period1,sc01,t1616, 1.54703835294117E-02 , 1.95473587223587E-02 , 0.26531858275 , 0.26531858275 
period1,sc01,t1617, 0.342760632010695 , 0.020413309 , 0.300390190568807 , 0.300390190568807 
period1,sc01,t1618, 0.173855217112299 , 1.74414566093366E-02 , 0.405309409541284 , 0.405309409541284 
period1,sc01,t1619, 0.173950755080213 , 1.70894714754099E-02 , 0.290183869 , 0.290183869 
period1,sc01,t1620, 5.64300978609625E-02 , 1.75304901843548E-02 , 0.274818821284403 , 0.274818821284403 
period1,sc01,t1621, 7.54546928342246E-02 , 0.017937759164859 , 0.337400649225 , 0.337400649225 
period1,sc01,t1622, 0.075438570802139 , 1.72351387755102E-02 , 0.3449104821 , 0.3449104821 
period1,sc01,t1623, 8.93936823529412E-02 , 1.71070502479339E-02 , 0.478613841 , 0.478613841 
period1,sc01,t1624, 0.247350306802139 , 1.71007494505494E-02 , 0.5077785025 , 0.5077785025 
period1,sc01,t1625, 0.315804121850632 , 1.75061826262626E-02 , 0.5692566375 , 0.5692566375 
period1,sc01,t1626, 0.259350419607843 , 1.73767185058844E-02 , 0.57581991925 , 0.57581991925 
period1,sc01,t1627, 0.251990989688617 , 1.57217592171938E-02 , 0.5988698 , 0.5988698 
period1,sc01,t1628, 0.1779921103816 , 1.57217592171938E-02 , 0.5988698 , 0.5988698 
period1,sc01,t1629, 0.182898042910216 , 1.57185622206704E-02 , 0.5988698 , 0.5988698 
period1,sc01,t1630, 0.232523729754011 , 1.73905595643773E-02 , 0.335784812104539 , 0.335784812104539 
period1,sc01,t1631, 0.165372998053476 , 1.73890264550264E-02 , 0.342176384559633 , 0.342176384559633 
period1,sc01,t1632, 0.234564878534759 , 2.00779190491284E-02 , 0.335472738165138 , 0.335472738165138 
period1,sc01,t1633, 0.241737192438502 , 1.92312061202955E-02 , 0.366388216513761 , 0.366388216513761 
period1,sc01,t1634, 0.239341717219251 , 1.92232550449023E-02 , 0.272586440807339 , 0.272586440807339 
period1,sc01,t1635, 0.238661009197861 , 1.62557431311706E-02 , 0.282397359633028 , 0.282397359633028 
period1,sc01,t1636, 0.302131120780749 , 1.55450347266881E-02 , 0.277006537761468 , 0.277006537761468 
period1,sc01,t1637, 0.308679671272728 , 1.55368513426423E-02 , 0.27684509174312 , 0.27684509174312 
period1,sc01,t1638, 0.381103461882352 , 1.55397843447037E-02 , 0.278325969688074 , 0.278325969688074 
period1,sc01,t1639, 0.508743659893048 , 1.55676116045845E-02 , 0.272619016844037 , 0.272619016844037 
period1,sc01,t1640, 0.492848789229947 , 1.55856251342642E-02 , 0.279711373211009 , 0.279711373211009 
period1,sc01,t1641, 0.457883883347594 , 1.82716363636364E-02 , 0.280173174385321 , 0.280173174385321 
period1,sc01,t1642, 0.301800260855615 , 0.01496244 , 0.27509336146789 , 0.27509336146789 
period1,sc01,t1643, 0.493931294117648 , 0.01496244 , 0.368142866339449 , 0.368142866339449 
period1,sc01,t1644, 0.367053807550803 , 0.01496244 , 0.380079371559633 , 0.380079371559633 
period1,sc01,t1645, 0.309026155636364 , 0.01496244 , 0.371459014678899 , 0.371459014678899 
period1,sc01,t1646, 0.101598657754011 , 1.48056057011343E-02 , 0.275974348623853 , 0.275974348623853 
period1,sc01,t1647, 0.372448796791443 , 0.01496244 , 0.307705252293578 , 0.307705252293578 
period1,sc01,t1648, 0.37496502802139 , 0.01496244 , 0.307751350458716 , 0.307751350458716 
period1,sc01,t1649, 0.392764547593583 , 1.82748312642071E-02 , 0.6632092225 , 0.6632092225 
period1,sc01,t1650, 0.386646136898396 , 1.72056860773674E-02 , 0.362331577981652 , 0.362331577981652 
period1,sc01,t1651, 0.619328628227194 , 0.017188904952381 , 0.278617310091744 , 0.278617310091744 
period1,sc01,t1652, 0.584961553090333 , 0.042745470826087 , 0.36300768440367 , 0.36300768440367 
period1,sc01,t1653, 0.578356604064171 , 0.235083381 , 0.364155016513761 , 0.364155016513761 
period1,sc01,t1654, 0.372866775401069 , 0.384272307 , 0.357592225623853 , 0.357592225623853 
period1,sc01,t1655, 0.381598547593583 , 0.240764852173913 , 0.364190870642202 , 0.364190870642202 
period1,sc01,t1656, 0.365703676930482 , 0.386738779304348 , 0.306660360550459 , 0.306660360550459 
period1,sc01,t1657, 0.133633732620321 , 5.73739407407407E-02 , 0.374981516643742 , 0.374981516643742 
period1,sc01,t1658, 0.133665578609625 , 5.91609455909944E-02 , 0.364513557798166 , 0.364513557798166 
period1,sc01,t1659, 0.133633732620321 , 7.19903234521576E-02 , 0.38426253675 , 0.38426253675 
period1,sc01,t1660, 0.139497375401069 , 7.27970826641651E-02 , 0.37623837 , 0.37623837 
period1,sc01,t1661, 0.143935910160427 , 7.37877771106942E-02 , 0.364513557798166 , 0.364513557798166 
period1,sc01,t1662, 0.144047371122995 , 5.92675967934505E-02 , 0.376210455 , 0.376210455 
period1,sc01,t1663, 0.1853556 , 5.74015111111111E-02 , 0.376210455 , 0.376210455 
period1,sc01,t1664, 0.247908766032085 , 2.78296424766517E-02 , 0.3762132465 , 0.3762132465 
period1,sc01,t1665, 0.334970048128343 , 2.17060806553398E-02 , 0.443401347798166 , 0.443401347798166 
period1,sc01,t1666, 0.490342828331551 , 0.016749 , 0.3664309 , 0.3664309 
period1,sc01,t1667, 0.47386535519786 , 1.54288459006211E-02 , 0.356896296990825 , 0.356896296990825 
period1,sc01,t1668, 0.522582253012048 , 1.54296063026952E-02 , 0.356896296990825 , 0.356896296990825 
period1,sc01,t1669, 0.579674914285714 , 1.52946391214113E-02 , 0.361275264137615 , 0.361275264137615 
period1,sc01,t1670, 0.539557600299466 , 0.01542917454923 , 0.354899529357798 , 0.354899529357798 
period1,sc01,t1671, 0.530470745326203 , 1.52993315234308E-02 , 0.4043953 , 0.4043953 
period1,sc01,t1672, 0.350305882352941 , 0.015301075593279 , 0.45015729 , 0.45015729 
period1,sc01,t1673, 0.2463585828877 , 1.53036657548658E-02 , 0.45015729 , 0.45015729 
period1,sc01,t1674, 0.356485600688468 , 0.01496244 , 0.4246401885 , 0.4246401885 
period1,sc01,t1675, 0.342279219039974 , 1.48276542178427E-02 , 0.442681653 , 0.442681653 
period1,sc01,t1676, 0.34485100618753 , 0.01496244 , 0.491096172825 , 0.491096172825 
period1,sc01,t1677, 0.259182648072347 , 0.034357013968254 , 0.49149186795 , 0.49149186795 
period1,sc01,t1678, 0.20095055248637 , 3.43124287407408E-02 , 0.4503793073 , 0.4503793073 
period1,sc01,t1679, 0.200849213662943 , 0.033950154074074 , 0.4503793073 , 0.4503793073 
period1,sc01,t1680, 0.197994656684025 , 3.39611822222222E-02 , 0.4503793073 , 0.4503793073 
period1,sc01,t1681, 0.164451434834225 , 3.29679054340781E-02 , 0.456035956375 , 0.456035956375 
period1,sc01,t1682, 0.163551427368984 , 3.45877094036698E-02 , 0.428523165 , 0.428523165 
period1,sc01,t1683, 0.165038396224599 , 3.45940238329238E-02 , 0.4556544979 , 0.4556544979 
period1,sc01,t1684, 0.169884718877005 , 3.30377619716869E-02 , 0.4559658432 , 0.4559658432 
period1,sc01,t1685, 0.168924741433155 , 3.32273725737676E-02 , 0.5417653872 , 0.5417653872 
period1,sc01,t1686, 0.186803895882352 , 1.35119779729493E-02 , 0.430059001775 , 0.430059001775 
period1,sc01,t1687, 0.17232824173262 , 1.35127855077513E-02 , 0.558210253275 , 0.558210253275 
period1,sc01,t1688, 0.173197119743315 , 1.34019434889435E-02 , 0.739266384975 , 0.739266384975 
period1,sc01,t1689, 0.173447070951872 , 1.34137539349943E-02 , 0.739657753275 , 0.739657753275 
period1,sc01,t1690, 0.172673412449198 , 1.31868173759213E-02 , 0.7365838 , 0.7365838 
period1,sc01,t1691, 0.334317408132666 , 1.31786234889435E-02 , 0.708090029 , 0.708090029 
period1,sc01,t1692, 0.257188209625668 , 1.32020638729949E-02 , 0.7080060979 , 0.7080060979 
period1,sc01,t1693, 0.256256714438503 , 1.33728625061425E-02 , 0.738943548 , 0.738943548 
period1,sc01,t1694, 0.290813593582888 , 1.34645238615043E-02 , 0.6619489533 , 0.6619489533 
period1,sc01,t1695, 0.458972370193943 , 1.33498171990172E-02 , 0.6624752441 , 0.6624752441 
period1,sc01,t1696, 0.219732292589073 , 1.33432328255528E-02 , 0.6618400848 , 0.6618400848 
period1,sc01,t1697, 0.220429946321311 , 1.33596937592138E-02 , 0.699355690528067 , 0.699355690528067 
period1,sc01,t1698, 0.222370045075669 , 1.34489664959016E-02 , 0.700562973872926 , 0.700562973872926 
period1,sc01,t1699, 0.302080111186212 , 1.31776357203897E-02 , 0.56716999125 , 0.56716999125 
period1,sc01,t1700, 0.217269893711392 , 1.31585518031106E-02 , 0.65408055225 , 0.65408055225 
period1,sc01,t1701, 0.220342968515513 , 1.36123947615607E-02 , 0.538457483973913 , 0.538457483973913 
period1,sc01,t1702, 0.168498880941177 , 1.36038598382749E-02 , 0.61533007132353 , 0.61533007132353 
period1,sc01,t1703, 0.18633113555938 , 1.35965076090876E-02 , 0.7005855465 , 0.7005855465 
period1,sc01,t1704, 0.187796776585522 , 1.35980962642123E-02 , 0.7006631502 , 0.7006631502 
period1,sc01,t1705, 0.151409175757576 , 1.28298483479434E-02 , 0.399666073266667 , 0.399666073266667 
period1,sc01,t1706, 0.129738708128342 , 1.28079520124346E-02 , 0.39989049695625 , 0.39989049695625 
period1,sc01,t1707, 0.15136759810606 , 0.012808131601767 , 0.399730194320833 , 0.399730194320833 
period1,sc01,t1708, 0.151375913636364 , 1.28065152977749E-02 , 0.390603051629167 , 0.390603051629167 
period1,sc01,t1709, 0.151375913636364 , 1.28032775081968E-02 , 0.4016638877375 , 0.4016638877375 
period1,sc01,t1710, 0.398998709893048 , 1.28083111910995E-02 , 0.4013428251125 , 0.4013428251125 
period1,sc01,t1711, 0.306512051377897 , 1.28136988710733E-02 , 0.409272523125 , 0.409272523125 
period1,sc01,t1712, 0.191260131862745 , 1.25009527248412E-02 , 0.4515636055625 , 0.4515636055625 
period1,sc01,t1713, 0.147130766935829 , 1.24886078132759E-02 , 0.5095840125 , 0.5095840125 
period1,sc01,t1714, 0.234560814802065 , 1.24971628045748E-02 , 0.5306794734375 , 0.5306794734375 
period1,sc01,t1715, 0.324066763881813 , 0.012505539234609 , 0.5306794734375 , 0.5306794734375 
period1,sc01,t1716, 0.31967035681101 , 1.25137620452641E-02 , 0.5521728325 , 0.5521728325 
period1,sc01,t1717, 0.158450179435456 , 1.17140733884162E-02 , 0.546776906705539 , 0.546776906705539 
period1,sc01,t1718, 0.151392544696969 , 1.13414019195306E-02 , 0.556910062421972 , 0.556910062421972 
period1,sc01,t1719, 0.273543771657754 , 1.25210662390277E-02 , 0.555435520186916 , 0.555435520186916 
period1,sc01,t1720, 0.151425806818181 , 1.25015076585695E-02 , 0.37502858725 , 0.37502858725 
period1,sc01,t1721, 0.154485263597247 , 1.25126874872492E-02 , 0.410279525529167 , 0.410279525529167 
period1,sc01,t1722, 0.20790690669105 , 1.24824454152249E-02 , 0.38433405233125 , 0.38433405233125 
period1,sc01,t1723, 0.138045753879518 , 1.25199039154539E-02 , 0.353372812611219 , 0.353372812611219 
period1,sc01,t1724, 0.13548565338049 , 1.25232674565561E-02 , 0.358889462193252 , 0.358889462193252 
period1,sc01,t1725, 0.13584802918262 , 1.39490006005176E-02 , 0.36953827915625 , 0.36953827915625 
period1,sc01,t1726, 0.121026928131907 , 1.38645131150651E-02 , 0.36953827915625 , 0.36953827915625 
period1,sc01,t1727, 0.113240226424243 , 1.38638349599563E-02 , 0.354502989604167 , 0.354502989604167 
period1,sc01,t1728, 0.114681141515152 , 1.38665457684613E-02 , 0.3591294014125 , 0.3591294014125 
period1,sc01,t1729, 0.101613128342246 , 8.20619902173913E-02 , 0.30466623375 , 0.30466623375 
period1,sc01,t1730, 0.101601288770053 , 0.139946458695652 , 0.30466623375 , 0.30466623375 
period1,sc01,t1731, 8.62613470588235E-02 , 8.72485659782609E-02 , 0.30388764375 , 0.30388764375 
period1,sc01,t1732, 0.118553582887701 , 0.053661825 , 0.30447158625 , 0.30447158625 
period1,sc01,t1733, 0.118395721925134 , 5.66861810869566E-02 , 0.30447158625 , 0.30447158625 
period1,sc01,t1734, 0.118277326203208 , 0.057129622826087 , 0.30427693875 , 0.30427693875 
period1,sc01,t1735, 0.118247727272727 , 5.66154293478261E-02 , 0.30622341375 , 0.30622341375 
period1,sc01,t1736, 0.101263860962567 , 3.41249796195653E-02 , 0.31681648125 , 0.31681648125 
period1,sc01,t1737, 0.104077053356282 , 3.47243038043478E-02 , 0.305882919 , 0.305882919 
period1,sc01,t1738, 0.106111315373085 , 3.44734239130435E-02 , 0.3043742625 , 0.3043742625 
period1,sc01,t1739, 0.121454411936074 , 5.54488679347826E-02 , 0.287896752 , 0.287896752 
period1,sc01,t1740, 0.106077751032702 , 1.56669878152002E-02 , 0.300453453 , 0.300453453 
period1,sc01,t1741, 0.122282725817556 , 0.033377554076087 , 0.300453453 , 0.300453453 
period1,sc01,t1742, 0.120089493975903 , 5.45045086956522E-02 , 0.300453453 , 0.300453453 
period1,sc01,t1743, 0.122847401069519 , 5.29490934782609E-02 , 0.30145455 , 0.30145455 
period1,sc01,t1744, 0.133287772620321 , 0.15228860625 , 0.2894301315 , 0.2894301315 
period1,sc01,t1745, 0.119754154905335 , 5.63376766304347E-02 , 0.297531711 , 0.297531711 
period1,sc01,t1746, 0.121756586437177 , 5.67820809782609E-02 , 0.304511760276074 , 0.304511760276074 
period1,sc01,t1747, 0.10628773977789 , 0.462771548531082 , 0.2915123985 , 0.2915123985 
period1,sc01,t1748, 0.114743093320702 , 0.943454432602612 , 0.300044079822795 , 0.300044079822795 
period1,sc01,t1749, 0.116795073279352 , 1.08345869496269 , 0.30641806125 , 0.30641806125 
period1,sc01,t1750, 0.1057732965 , 1.99721697481343 , 0.30641806125 , 0.30641806125 
period1,sc01,t1751, 0.106491589931153 , 1.95601805597015 , 0.31790134125 , 0.31790134125 
period1,sc01,t1752, 0.106420139845095 , 1.95823373875836 , 0.317969145 , 0.317969145 
period1,sc01,t1753, 4.95822099222032E-02 , 0.495328819309447 , 0.30371339178 , 0.30371339178 
period1,sc01,t1754, 2.62894561125646E-02 , 0.457175726462541 , 0.30671896806 , 0.30671896806 
period1,sc01,t1755, 0.02792178464716 , 0.45349704742671 , 0.3156378948 , 0.3156378948 
period1,sc01,t1756, 4.24442899177281E-02 , 1.13558491856678 , 0.2693911986 , 0.2693911986 
period1,sc01,t1757, 6.37924120481928E-02 , 1.14438635179153 , 0.3120830868375 , 0.3120830868375 
period1,sc01,t1758, 6.80157850331551E-02 , 0.447979028872965 , 0.26405865324 , 0.26405865324 
period1,sc01,t1759, 7.10677149955249E-02 , 0.447913338175896 , 0.26872616835 , 0.26872616835 
period1,sc01,t1760, 7.07390879948365E-02 , 0.447913338175896 , 0.266809715775 , 0.266809715775 
period1,sc01,t1761, 7.20393078671256E-02 , 0.328688910570825 , 0.25776721476 , 0.25776721476 
period1,sc01,t1762, 7.23393586068847E-02 , 0.133475055068404 , 0.25760890512 , 0.25760890512 
period1,sc01,t1763, 7.12105963001721E-02 , 0.134960471372093 , 0.333694998 , 0.333694998 
period1,sc01,t1764, 7.42850826737968E-02 , 0.095645750422833 , 0.3807423738 , 0.3807423738 
period1,sc01,t1765, 7.00697528179001E-02 , 0.121944657459283 , 0.4444161867 , 0.4444161867 
period1,sc01,t1766, 7.15782255211704E-02 , 9.21056521775899E-02 , 0.4689541008 , 0.4689541008 
period1,sc01,t1767, 7.31870766216868E-02 , 9.50077031194503E-02 , 0.4338630918 , 0.4338630918 
period1,sc01,t1768, 7.26082836722892E-02 , 7.09690565960912E-02 , 0.433441125 , 0.433441125 
period1,sc01,t1769, 7.07182551015491E-02 , 0.421772301371335 , 0.322326405000001 , 0.322326405000001 
period1,sc01,t1770, 7.17333021542168E-02 , 0.110616612801303 , 0.3393036 , 0.3393036 
period1,sc01,t1771, 4.31919149173839E-02 , 9.85680508143322E-02 , 0.4233951432 , 0.4233951432 
period1,sc01,t1772, 4.21357157659209E-02 , 0.110538 , 0.3807423738 , 0.3807423738 
period1,sc01,t1773, 5.04810113328744E-02 , 0.442496077763213 , 0.361728696375 , 0.361728696375 
period1,sc01,t1774, 0.067161823373494 , 0.450490413386893 , 0.306735741 , 0.306735741 
period1,sc01,t1775, 5.62300337339071E-02 , 0.504089745938111 , 0.3062801322 , 0.3062801322 
period1,sc01,t1776, 5.58710801287436E-02 , 0.505986554814332 , 0.3542372838 , 0.3542372838 
period1,sc01,t1777, 1.45362987387263E-02 , 0.160796899266667 , 0.456802578956838 , 0.456802578956838 
period1,sc01,t1778, 1.40242575272727E-02 , 0.191606023333333 , 0.449472781006364 , 0.449472781006364 
period1,sc01,t1779, 1.39610825783132E-02 , 0.163912589228571 , 0.428554871353636 , 0.428554871353636 
period1,sc01,t1780, 1.46186980636833E-02 , 0.199658531428572 , 0.430947466363636 , 0.430947466363636 
period1,sc01,t1781, 2.13515276901893E-02 , 0.19577508 , 0.433463592667878 , 0.433463592667878 
period1,sc01,t1782, 2.18077585404475E-02 , 0.156738419590477 , 0.371558514125455 , 0.371558514125455 
period1,sc01,t1783, 2.36706948371773E-02 , 0.156738419590477 , 0.457170201928215 , 0.457170201928215 
period1,sc01,t1784, 2.38143371607573E-02 , 0.156701359142857 , 0.453010939736483 , 0.453010939736483 
period1,sc01,t1785, 3.12995671807229E-02 , 0.118425773333334 , 0.462253744606997 , 0.462253744606997 
period1,sc01,t1786, 3.06077629197935E-02 , 0.118473868085714 , 0.461398575092727 , 0.461398575092727 
period1,sc01,t1787, 0.044821503783821 , 0.164868889142857 , 0.456312721712727 , 0.456312721712727 
period1,sc01,t1788, 3.66277461118761E-02 , 0.354877238723809 , 0.336978107672727 , 0.336978107672727 
period1,sc01,t1789, 4.44473107745266E-02 , 0.377441651142857 , 0.35109558558 , 0.35109558558 
period1,sc01,t1790, 4.45100948364888E-02 , 0.386501322228571 , 0.30875363622 , 0.30875363622 
period1,sc01,t1791, 4.52863341480207E-02 , 0.386405756571429 , 0.30876469002 , 0.30876469002 
period1,sc01,t1792, 3.21728744571429E-02 , 0.162444110419048 , 0.370503981605455 , 0.370503981605455 
period1,sc01,t1793, 2.56335909707401E-02 , 0.192451219885714 , 0.308817698015455 , 0.308817698015455 
period1,sc01,t1794, 2.56022348560013E-02 , 0.195634714285714 , 0.308822320513636 , 0.308822320513636 
period1,sc01,t1795, 0.014783858582437 , 0.161138865238096 , 0.33519764196 , 0.33519764196 
period1,sc01,t1796, 1.35887194618529E-02 , 0.160796899266667 , 0.337886679788182 , 0.337886679788182 
period1,sc01,t1797, 1.69618325213917E-02 , 0.195494348571429 , 0.335245916818825 , 0.335245916818825 
period1,sc01,t1798, 2.16887376270677E-02 , 0.192404548285715 , 0.33505394256 , 0.33505394256 
period1,sc01,t1799, 1.85811143669535E-02 , 0.194979674285714 , 0.33487266024 , 0.33487266024 
period1,sc01,t1800, 1.80887541428571E-02 , 0.162620717780953 , 0.337004166197418 , 0.337004166197418 
period1,sc01,t1801, 1.38603965202133E-02 , 8.17148379452055E-02 , 0.3284781751125 , 0.3284781751125 
period1,sc01,t1802, 1.33348591239243E-02 , 8.02994833399801E-02 , 0.3284754116625 , 0.3284754116625 
period1,sc01,t1803, 2.10482235944922E-02 , 8.14209287203792E-02 , 0.3284754116625 , 0.3284754116625 
period1,sc01,t1804, 2.19093768854489E-02 , 0.126612447657143 , 0.304049440407273 , 0.304049440407273 
period1,sc01,t1805, 1.37395880179002E-02 , 0.122028493333333 , 0.303700642772727 , 0.303700642772727 
period1,sc01,t1806, 1.47323783760537E-02 , 0.162596485200001 , 0.31192441875 , 0.31192441875 
period1,sc01,t1807, 1.36915677232358E-02 , 0.122874586666666 , 0.3195929925 , 0.3195929925 
period1,sc01,t1808, 1.32037736127367E-02 , 0.161079989619047 , 0.3220236770625 , 0.3220236770625 
period1,sc01,t1809, 1.45905593886403E-02 , 0.124972508228572 , 0.32944469175 , 0.32944469175 
period1,sc01,t1810, 1.82363678034103E-02 , 0.123702783371428 , 0.328686124725 , 0.328686124725 
period1,sc01,t1811, 4.33894944578314E-02 , 8.15813329523809E-02 , 0.326318212353186 , 0.326318212353186 
period1,sc01,t1812, 0.043252511049914 , 8.52787218285715E-02 , 0.320639536137273 , 0.320639536137273 
period1,sc01,t1813, 5.17517607469879E-02 , 8.05997867047619E-02 , 0.3284894592 , 0.3284894592 
period1,sc01,t1814, 5.29636620320856E-02 , 8.48140333333333E-02 , 0.3284894592 , 0.3284894592 
period1,sc01,t1815, 5.24136569638554E-02 , 0.124994732800001 , 0.326409041925 , 0.326409041925 
period1,sc01,t1816, 3.09753921407918E-02 , 0.0832113688 , 0.310087980613636 , 0.310087980613636 
period1,sc01,t1817, 2.98066829798657E-02 , 0.123453809685714 , 0.33226341075 , 0.33226341075 
period1,sc01,t1818, 2.38969982696405E-02 , 0.163318959228571 , 0.38443734675 , 0.38443734675 
period1,sc01,t1819, 1.38752587058824E-02 , 0.162113256733333 , 0.5252477900625 , 0.5252477900625 
period1,sc01,t1820, 1.50679342689479E-02 , 0.161616791 , 0.3866011281 , 0.3866011281 
period1,sc01,t1821, 1.59011498684211E-02 , 0.161971409380952 , 0.385991787375 , 0.385991787375 
period1,sc01,t1822, 2.03352932921591E-02 , 0.161935947542857 , 0.326113681279492 , 0.326113681279492 
period1,sc01,t1823, 1.74870015206639E-02 , 0.161137793 , 0.33633360414 , 0.33633360414 
period1,sc01,t1824, 1.55480924354561E-02 , 0.162140550066667 , 0.3322164321 , 0.3322164321 
period1,sc01,t1825, 1.35497206185567E-02 , 5.67368847398031E-02 , 0.2643677734375 , 0.2643677734375 
period1,sc01,t1826, 1.37622162371134E-02 , 5.69747366473277E-02 , 0.263161268958334 , 0.263161268958334 
period1,sc01,t1827, 1.37032033807829E-02 , 4.30377465717299E-02 , 0.262909129270834 , 0.262909129270834 
period1,sc01,t1828, 2.11422141014235E-02 , 4.30533268987342E-02 , 0.26288111375 , 0.26288111375 
period1,sc01,t1829, 3.02951058941281E-02 , 0.056273970745429 , 0.260580617795454 , 0.260580617795454 
period1,sc01,t1830, 5.15086132117437E-02 , 4.19196061884669E-02 , 0.265281263125 , 0.265281263125 
period1,sc01,t1831, 3.69202756227758E-02 , 4.22907047732068E-02 , 0.460877362708334 , 0.460877362708334 
period1,sc01,t1832, 0.030648904608541 , 0.041756826652602 , 0.466748681041666 , 0.466748681041666 
period1,sc01,t1833, 0.028451073024911 , 2.80244349507735E-02 , 0.406767826704546 , 0.406767826704546 
period1,sc01,t1834, 1.36136586941581E-02 , 2.74630393372012E-02 , 0.266731974431818 , 0.266731974431818 
period1,sc01,t1835, 3.61282323453608E-02 , 1.94569522360143E-02 , 0.268385850454546 , 0.268385850454546 
period1,sc01,t1836, 3.86388055798969E-02 , 2.00241653749792E-02 , 0.265830634545454 , 0.265830634545454 
period1,sc01,t1837, 4.76781835910653E-02 , 1.96399175331766E-02 , 0.2641335453125 , 0.2641335453125 
period1,sc01,t1838, 4.69927810567011E-02 , 2.01450255255256E-02 , 0.273992253020834 , 0.273992253020834 
period1,sc01,t1839, 4.89734382117438E-02 , 4.07437603948745E-02 , 0.338856909895834 , 0.338856909895834 
period1,sc01,t1840, 3.45150459106529E-02 , 4.01820403070176E-02 , 0.268053672386363 , 0.268053672386363 
period1,sc01,t1841, 2.78273239561855E-02 , 7.01325723339691E-02 , 0.41965413125 , 0.41965413125 
period1,sc01,t1842, 1.49056795719845E-02 , 8.92686269031294E-02 , 0.30860244375 , 0.30860244375 
period1,sc01,t1843, 1.32105274338172E-02 , 6.79191265943878E-02 , 0.34634348375 , 0.34634348375 
period1,sc01,t1844, 1.42540574617996E-02 , 8.45087401107596E-02 , 0.339689901931818 , 0.339689901931818 
period1,sc01,t1845, 1.35649078092959E-02 , 8.46550091508439E-02 , 0.445916239545454 , 0.445916239545454 
period1,sc01,t1846, 2.05836268879668E-02 , 0.108370835946268 , 0.383177672613637 , 0.383177672613637 
period1,sc01,t1847, 1.35658349290477E-02 , 0.106735161779184 , 0.532550584431818 , 0.532550584431818 
period1,sc01,t1848, 0.01212475 , 0.110396616139241 , 0.485310153522728 , 0.485310153522728 
period1,sc01,t1849, 0.010997 , 6.07516824525043E-02 , 0.3742004175 , 0.3742004175 
period1,sc01,t1850, 0.010997 , 6.06248872482046E-02 , 0.37345812 , 0.37345812 
period1,sc01,t1851, 0.010997 , 9.95205364656381E-02 , 0.3727158225 , 0.3727158225 
period1,sc01,t1852, 1.09386771315563E-02 , 6.13142825354462E-02 , 0.364950440909091 , 0.364950440909091 
period1,sc01,t1853, 1.09378937066758E-02 , 5.34617061880758E-02 , 0.366507516136363 , 0.366507516136363 
period1,sc01,t1854, 0.010997 , 0.05320971506993 , 0.325123805681818 , 0.325123805681818 
period1,sc01,t1855, 0.010997 , 4.07233840454859E-02 , 0.349459666818182 , 0.349459666818182 
period1,sc01,t1856, 0.010997 , 2.61736997570289E-02 , 0.310035421818182 , 0.310035421818182 
period1,sc01,t1857, 0.010997 , 1.35497122089301E-02 , 0.302367306224066 , 0.302367306224066 
period1,sc01,t1858, 0.010997 , 1.35658902805001E-02 , 0.256877599709544 , 0.256877599709544 
period1,sc01,t1859, 1.11404233035418E-02 , 1.35987201529312E-02 , 0.276266542738589 , 0.276266542738589 
period1,sc01,t1860, 0.010997 , 1.42749222644091E-02 , 0.261130837759336 , 0.261130837759336 
period1,sc01,t1861, 0.01143688 , 2.66720418849449E-02 , 0.295878619917013 , 0.295878619917013 
period1,sc01,t1862, 0.01143688 , 2.67635329253366E-02 , 0.28747891966805 , 0.28747891966805 
period1,sc01,t1863, 0.01143688 , 1.69438392307692E-02 , 0.295440565145228 , 0.295440565145228 
period1,sc01,t1864, 0.010997 , 1.36627418993217E-02 , 0.291762730290456 , 0.291762730290456 
period1,sc01,t1865, 0.010997 , 1.35441999457167E-02 , 0.299931876712328 , 0.299931876712328 
period1,sc01,t1866, 0.010997 , 1.63094412974297E-02 , 0.302643465753425 , 0.302643465753425 
period1,sc01,t1867, 1.11232735301063E-02 , 0.033635332350166 , 0.301281295435684 , 0.301281295435684 
period1,sc01,t1868, 1.26377718240489E-02 , 1.56403914320685E-02 , 0.268117355062241 , 0.268117355062241 
period1,sc01,t1869, 1.11313150699713E-02 , 3.37008185916478E-02 , 0.299689240124481 , 0.299689240124481 
period1,sc01,t1870, 1.11290081498829E-02 , 4.25080263148698E-02 , 0.274149278008299 , 0.274149278008299 
period1,sc01,t1871, 0.010997 , 5.07075356145251E-02 , 0.268357828879668 , 0.268357828879668 
period1,sc01,t1872, 0.010997 , 5.06276691340782E-02 , 0.300624213278008 , 0.300624213278008 
period1,sc01,t1873, 1.23843854951423E-02 , 2.34414260279816E-02 , 0.2178311625 , 0.2178311625 
period1,sc01,t1874, 1.26969001289103E-02 , 3.04066806482783E-02 , 0.2135952 , 0.2135952 
period1,sc01,t1875, 1.23645179700928E-02 , 3.61715898135116E-02 , 0.21381708375 , 0.21381708375 
period1,sc01,t1876, 1.23751082072878E-02 , 2.37557861650485E-02 , 0.22005 , 0.22005 
period1,sc01,t1877, 1.35159331503088E-02 , 2.34425612377007E-02 , 0.217927434375 , 0.217927434375 
period1,sc01,t1878, 1.40937372201493E-02 , 0.023444517540218 , 0.2160340875 , 0.2160340875 
period1,sc01,t1879, 1.35798186341798E-02 , 1.79285150725652E-02 , 0.21063071390625 , 0.21063071390625 
period1,sc01,t1880, 3.38915777055892E-02 , 1.35639120666098E-02 , 0.214645021875 , 0.214645021875 
period1,sc01,t1881, 4.26816816775524E-02 , 1.36028080991313E-02 , 0.20883180515625 , 0.20883180515625 
period1,sc01,t1882, 3.70403138127447E-02 , 1.29732725904143E-02 , 0.2083071234375 , 0.2083071234375 
period1,sc01,t1883, 5.28231630918477E-02 , 1.26653630857341E-02 , 0.195684046875 , 0.195684046875 
period1,sc01,t1884, 5.26376393090409E-02 , 1.35364171014244E-02 , 0.1899155278125 , 0.1899155278125 
period1,sc01,t1885, 4.16612366792712E-02 , 1.25580666427803E-02 , 0.1890930909375 , 0.1890930909375 
period1,sc01,t1886, 3.94272639652802E-02 , 1.28824165933099E-02 , 0.1889032978125 , 0.1889032978125 
period1,sc01,t1887, 4.06317154725881E-02 , 1.24786234452207E-02 , 0.18926706796875 , 0.18926706796875 
period1,sc01,t1888, 4.17797716913029E-02 , 0.012471195673712 , 0.19550525625 , 0.19550525625 
period1,sc01,t1889, 2.61957081471296E-02 , 1.25118533469596E-02 , 0.189441045 , 0.189441045 
period1,sc01,t1890, 0.026426319254446 , 1.25060741059147E-02 , 0.1897889990625 , 0.1897889990625 
period1,sc01,t1891, 2.67899910309278E-02 , 1.62671370967741E-02 , 0.1956427875 , 0.1956427875 
period1,sc01,t1892, 4.26116758632966E-02 , 1.64685799797464E-02 , 0.18999460828125 , 0.18999460828125 
period1,sc01,t1893, 2.63814957130657E-02 , 1.64552289362451E-02 , 0.191231102717617 , 0.191231102717617 
period1,sc01,t1894, 0.026201204701073 , 2.01336642611835E-02 , 0.19146733875 , 0.19146733875 
period1,sc01,t1895, 2.62524415606738E-02 , 2.07044649700599E-02 , 0.19028273625 , 0.19028273625 
period1,sc01,t1896, 3.29325929829839E-02 , 2.07672478161324E-02 , 0.190952971875 , 0.190952971875 
period1,sc01,t1897, 1.27000310294117E-02 , 2.03643584660519E-02 , 0.20306228625 , 0.20306228625 
period1,sc01,t1898, 0.018513435 , 4.91667147887324E-02 , 0.196691830875 , 0.196691830875 
period1,sc01,t1899, 1.35714070588235E-02 , 4.18485898514851E-02 , 0.20284169625 , 0.20284169625 
period1,sc01,t1900, 1.36014564705882E-02 , 4.29282863528009E-02 , 0.2028876525 , 0.2028876525 
period1,sc01,t1901, 1.38074770588235E-02 , 1.89424177053099E-02 , 0.20365052625 , 0.20365052625 
period1,sc01,t1902, 1.61489640363377E-02 , 1.89849543564871E-02 , 0.20320934625 , 0.20320934625 
period1,sc01,t1903, 0.081297315496063 , 1.91245284012431E-02 , 0.271288935 , 0.271288935 
period1,sc01,t1904, 9.73221529411764E-02 , 0.013972970275466 , 0.273229060996706 , 0.273229060996706 
period1,sc01,t1905, 0.104828534579439 , 1.27172205286723E-02 , 0.280924122375 , 0.280924122375 
period1,sc01,t1906, 0.105153893641995 , 0.012754610771028 , 0.274215429 , 0.274215429 
period1,sc01,t1907, 0.117134582519531 , 1.53552499931892E-02 , 0.2841417032625 , 0.2841417032625 
period1,sc01,t1908, 0.10559476673767 , 1.53633629576026E-02 , 0.269950689 , 0.269950689 
period1,sc01,t1909, 3.38492593893775E-02 , 0.01654425 , 0.2151737802 , 0.2151737802 
period1,sc01,t1910, 5.54152685228769E-02 , 1.60689376862181E-02 , 0.22140802125 , 0.22140802125 
period1,sc01,t1911, 4.48920742090124E-02 , 1.53188279332274E-02 , 0.2158156051875 , 0.2158156051875 
period1,sc01,t1912, 5.34972295588235E-02 , 1.57399300123022E-02 , 0.2228363415 , 0.2228363415 
period1,sc01,t1913, 4.77869876470588E-02 , 1.59214791272164E-02 , 0.2214172125 , 0.2214172125 
period1,sc01,t1914, 5.31034542224274E-02 , 1.50129498123828E-02 , 0.2190642525 , 0.2190642525 
period1,sc01,t1915, 0.052777285750155 , 2.30909947791659E-02 , 0.193851262063228 , 0.193851262063228 
period1,sc01,t1916, 4.71727026845638E-02 , 1.40008656633715E-02 , 0.201017233125 , 0.201017233125 
period1,sc01,t1917, 4.60510705656759E-02 , 0.026869696925859 , 0.22059 , 0.22059 
period1,sc01,t1918, 4.20646548672566E-02 , 4.97754732834507E-02 , 0.22059 , 0.22059 
period1,sc01,t1919, 3.71589175619296E-02 , 5.41049371888798E-02 , 0.22059 , 0.22059 
period1,sc01,t1920, 1.70730786635945E-02 , 6.15842877764235E-02 , 0.2238505959375 , 0.2238505959375 
period1,sc01,t1921, 1.55672887527206E-02 , 5.80387612896406E-02 , 0.27032080173913 , 0.27032080173913 
period1,sc01,t1922, 3.31762187016575E-02 , 5.85478670896644E-02 , 0.235296381666667 , 0.235296381666667 
period1,sc01,t1923, 3.29912146736878E-02 , 6.80719609759337E-02 , 0.228152696086956 , 0.228152696086956 
period1,sc01,t1924, 3.57484372392956E-02 , 8.04784264026402E-02 , 0.265187045217391 , 0.265187045217391 
period1,sc01,t1925, 4.46191736878453E-02 , 7.68335280963456E-02 , 0.26495887826087 , 0.26495887826087 
period1,sc01,t1926, 5.14401794141971E-02 , 7.77286081610155E-02 , 0.264046210434783 , 0.264046210434783 
period1,sc01,t1927, 6.06052194181442E-02 , 7.46092466765141E-02 , 0.2274238928 , 0.2274238928 
period1,sc01,t1928, 0.06730958 , 7.28805023680649E-02 , 0.2197479701625 , 0.2197479701625 
period1,sc01,t1929, 6.84541989619377E-02 , 0.261642330316742 , 0.224128743126795 , 0.224128743126795 
period1,sc01,t1930, 7.13113564977421E-02 , 0.245921511358575 , 0.21866 , 0.21866 
period1,sc01,t1931, 7.55774024920555E-02 , 0.170059168147252 , 0.223233638333333 , 0.223233638333333 
period1,sc01,t1932, 0.059817900819535 , 0.112206051071862 , 0.275609046304348 , 0.275609046304348 
period1,sc01,t1933, 5.94720822946982E-02 , 0.234493231550523 , 0.447373606521739 , 0.447373606521739 
period1,sc01,t1934, 5.94517486335508E-02 , 0.230394376463288 , 0.445110950869565 , 0.445110950869565 
period1,sc01,t1935, 5.94314149724034E-02 , 0.182532403457733 , 0.43775732 , 0.43775732 
period1,sc01,t1936, 4.39502931208054E-02 , 0.215297743607463 , 0.46215157625 , 0.46215157625 
period1,sc01,t1937, 4.39502931208054E-02 , 0.227241244343892 , 0.225115223478261 , 0.225115223478261 
period1,sc01,t1938, 3.66203917165802E-02 , 6.45612663090501E-02 , 0.268381382608695 , 0.268381382608695 
period1,sc01,t1939, 5.36178854900651E-02 , 5.28117231707317E-02 , 0.446807942608695 , 0.446807942608695 
period1,sc01,t1940, 6.01466326834138E-02 , 5.32613671945701E-02 , 0.459839702291667 , 0.459839702291667 
period1,sc01,t1941, 6.01617835551488E-02 , 5.66212953846153E-02 , 0.441551982083333 , 0.441551982083333 
period1,sc01,t1942, 6.05234947030444E-02 , 5.37186935623058E-02 , 0.444262455 , 0.444262455 
period1,sc01,t1943, 0.054665 , 6.51916921454296E-02 , 0.444262455 , 0.444262455 
period1,sc01,t1944, 4.66939270510681E-02 , 6.92091264972622E-02 , 0.419418400869565 , 0.419418400869565 
period1,sc01,t1945, 1.67003035589598E-02 , 7.24769487179487E-02 , 0.334385805 , 0.334385805 
period1,sc01,t1946, 4.28316352941177E-02 , 8.36485892830189E-02 , 0.219130373255814 , 0.219130373255814 
period1,sc01,t1947, 4.57548973262032E-02 , 8.33182655972927E-02 , 0.227723839018303 , 0.227723839018303 
period1,sc01,t1948, 5.91697911686747E-02 , 8.66572343668803E-02 , 0.219130373255814 , 0.219130373255814 
period1,sc01,t1949, 7.50916451462995E-02 , 8.58098691213389E-02 , 0.219130373255814 , 0.219130373255814 
period1,sc01,t1950, 7.50429076764199E-02 , 0.102287436647277 , 0.219153642891566 , 0.219153642891566 
period1,sc01,t1951, 7.61849451462995E-02 , 8.52404858225667E-02 , 0.233411431435644 , 0.233411431435644 
period1,sc01,t1952, 7.70761445955249E-02 , 6.92650987540536E-02 , 0.23618833225 , 0.23618833225 
period1,sc01,t1953, 7.61779826506024E-02 , 5.65957212765957E-02 , 0.231632915583333 , 0.231632915583333 
period1,sc01,t1954, 7.84733481239243E-02 , 0.102452250510204 , 0.208043453769634 , 0.208043453769634 
period1,sc01,t1955, 7.72005939237557E-02 , 6.92090517503805E-02 , 0.209706692975 , 0.209706692975 
period1,sc01,t1956, 7.71878012246898E-02 , 6.86010714166805E-02 , 0.2096822303875 , 0.2096822303875 
period1,sc01,t1957, 6.71324784917596E-02 , 0.497742650543478 , 0.210158225875 , 0.210158225875 
period1,sc01,t1958, 6.76182720167364E-02 , 8.46869642751843E-02 , 0.208396008491667 , 0.208396008491667 
period1,sc01,t1959, 6.75720189445646E-02 , 8.60699141784038E-02 , 0.214678565833333 , 0.214678565833333 
period1,sc01,t1960, 0.072529823080895 , 7.87907856275635E-02 , 0.2084200155375 , 0.2084200155375 
period1,sc01,t1961, 5.99563085542169E-02 , 7.74460445652174E-02 , 0.204268527666667 , 0.204268527666667 
period1,sc01,t1962, 4.24579761927711E-02 , 7.11560044565217E-02 , 0.2094904929 , 0.2094904929 
period1,sc01,t1963, 4.40789957314974E-02 , 6.75897073913044E-02 , 0.21012660336087 , 0.21012660336087 
period1,sc01,t1964, 0.043032589080895 , 6.45357057566138E-02 , 0.209694666675 , 0.209694666675 
period1,sc01,t1965, 4.39933193993116E-02 , 6.52173696296297E-02 , 0.209694666675 , 0.209694666675 
period1,sc01,t1966, 3.65361101566265E-02 , 6.46387111992946E-02 , 0.209236255095833 , 0.209236255095833 
period1,sc01,t1967, 3.36010418691911E-02 , 6.43379090828924E-02 , 0.209694666675 , 0.209694666675 
period1,sc01,t1968, 4.13512028227195E-02 , 0.062248778442029 , 0.211036783533333 , 0.211036783533333 
period1,sc01,t1969, 4.92555171944922E-02 , 0.128842069323107 , 0.190344896625 , 0.190344896625 
period1,sc01,t1970, 0.035065160626506 , 0.127280035476718 , 0.19111703975 , 0.19111703975 
period1,sc01,t1971, 1.27636051497327E-02 , 0.129911563636364 , 0.1880027747 , 0.1880027747 
period1,sc01,t1972, 5.65414866781412E-02 , 0.130997586296297 , 0.191271468375 , 0.191271468375 
period1,sc01,t1973, 5.66081008261618E-02 , 0.13043069 , 0.202429505958333 , 0.202429505958333 
period1,sc01,t1974, 0.057473319368984 , 0.130685793333333 , 0.204957306666667 , 0.204957306666667 
period1,sc01,t1975, 5.98355939328744E-02 , 7.89297660749743E-02 , 0.204319639441667 , 0.204319639441667 
period1,sc01,t1976, 5.98179995180723E-02 , 7.90982303703704E-02 , 0.205066636666667 , 0.205066636666667 
period1,sc01,t1977, 0.06220877 , 7.49436903703703E-02 , 0.190460940913044 , 0.190460940913044 
period1,sc01,t1978, 0.059113814132977 , 7.51218577777778E-02 , 0.190131524869565 , 0.190131524869565 
period1,sc01,t1979, 0.058796316247711 , 7.49274933333333E-02 , 0.189951843391305 , 0.189951843391305 
period1,sc01,t1980, 6.41394512392427E-02 , 7.97164172839506E-02 , 0.1887090465 , 0.1887090465 
period1,sc01,t1981, 6.62173045834767E-02 , 0.194754757826087 , 0.191578959 , 0.191578959 
period1,sc01,t1982, 0.065718263 , 0.523266848188406 , 0.2063439755 , 0.2063439755 
period1,sc01,t1983, 6.57432150791738E-02 , 0.588355829891305 , 0.221178440317391 , 0.221178440317391 
period1,sc01,t1984, 6.57229485714285E-02 , 1.48842401901234 , 0.207220437666667 , 0.207220437666667 
period1,sc01,t1985, 6.67288222065404E-02 , 0.195079776902174 , 0.205033679217391 , 0.205033679217391 
period1,sc01,t1986, 0.071083317555938 , 1.02259201086957 , 0.205068854956522 , 0.205068854956522 
period1,sc01,t1987, 4.82670309810671E-02 , 6.31311824565217E-02 , 0.270218601956522 , 0.270218601956522 
period1,sc01,t1988, 4.79019703958692E-02 , 0.193645216775362 , 0.2416193 , 0.2416193 
period1,sc01,t1989, 3.69280785714286E-02 , 7.86630826102611E-02 , 0.24517490173913 , 0.24517490173913 
period1,sc01,t1990, 3.75973592299465E-02 , 0.174617043297102 , 0.336993087826087 , 0.336993087826087 
period1,sc01,t1991, 4.04317017693632E-02 , 0.317558722504409 , 0.345138172826087 , 0.345138172826087 
period1,sc01,t1992, 1.81857649023209E-02 , 1.01578213767196 , 0.315765004608695 , 0.315765004608695 
period1,sc01,t1993, 1.36015407848536E-02 , 5.22983651590871E-02 , 0.205765611875 , 0.205765611875 
period1,sc01,t1994, 1.46889428846816E-02 , 5.84727043360891E-02 , 0.208985371979167 , 0.208985371979167 
period1,sc01,t1995, 1.37261790172117E-02 , 5.82952163306452E-02 , 0.2091835110625 , 0.2091835110625 
period1,sc01,t1996, 2.31015803855421E-02 , 5.88201133527099E-02 , 0.227631675 , 0.227631675 
period1,sc01,t1997, 2.41706516695353E-02 , 5.89607800755754E-02 , 0.208390954729167 , 0.208390954729167 
period1,sc01,t1998, 2.42463888674699E-02 , 5.94284443669341E-02 , 0.205193323197744 , 0.205193323197744 
period1,sc01,t1999, 2.16156527710843E-02 , 6.51806116968699E-02 , 0.20427956875 , 0.20427956875 
period1,sc01,t2000, 3.16401196626506E-02 , 5.79451930961977E-02 , 0.2023477126875 , 0.2023477126875 
period1,sc01,t2001, 2.50774505186241E-02 , 0.057725997936508 , 0.20358106 , 0.20358106 
period1,sc01,t2002, 3.18090499037433E-02 , 0.058035639965338 , 0.183712823208333 , 0.183712823208333 
period1,sc01,t2003, 3.62247660843374E-02 , 5.79684167764298E-02 , 0.190604970734782 , 0.190604970734782 
period1,sc01,t2004, 4.38252461016043E-02 , 5.77443394800693E-02 , 0.190604970734782 , 0.190604970734782 
period1,sc01,t2005, 3.75857914423408E-02 , 4.97839894409171E-02 , 0.1949383153625 , 0.1949383153625 
period1,sc01,t2006, 4.53339934457831E-02 , 4.98773075238095E-02 , 0.194873714716667 , 0.194873714716667 
period1,sc01,t2007, 4.11718798726334E-02 , 3.44996701234568E-02 , 0.19001355475 , 0.19001355475 
period1,sc01,t2008, 3.42876024302926E-02 , 3.44536777777777E-02 , 0.185562035304348 , 0.185562035304348 
period1,sc01,t2009, 3.41348833493976E-02 , 4.33383361146385E-02 , 0.183172456521739 , 0.183172456521739 
period1,sc01,t2010, 0.02283357256118 , 0.035822819664903 , 0.190873222708333 , 0.190873222708333 
period1,sc01,t2011, 5.78977461108286E-02 , 4.20214283915344E-02 , 0.194881202 , 0.194881202 
period1,sc01,t2012, 6.41506960264347E-02 , 3.30169000881834E-02 , 0.193259109458333 , 0.193259109458333 
period1,sc01,t2013, 5.97645142728486E-02 , 3.13383727160493E-02 , 0.187385184826087 , 0.187385184826087 
period1,sc01,t2014, 2.99605153837991E-02 , 3.41605055608466E-02 , 0.191416963833333 , 0.191416963833333 
period1,sc01,t2015, 2.79154477272727E-02 , 3.40589938835979E-02 , 0.18878911 , 0.18878911 
period1,sc01,t2016, 0.015997710246085 , 3.11738824444444E-02 , 0.1873647 , 0.1873647 
period1,sc01,t2017, 1.32864907216495E-02 , 0.064475142165493 , 0.197720220833334 , 0.197720220833334 
period1,sc01,t2018, 1.33065273195876E-02 , 6.38324247799296E-02 , 0.19906810875 , 0.19906810875 
period1,sc01,t2019, 1.19204015747331E-02 , 6.40554083626761E-02 , 0.201021466479166 , 0.201021466479166 
period1,sc01,t2020, 1.20236502669039E-02 , 6.44226754401408E-02 , 0.20003988375 , 0.20003988375 
period1,sc01,t2021, 1.70015542654639E-02 , 6.40029416373239E-02 , 0.180246266666666 , 0.180246266666666 
period1,sc01,t2022, 2.58694742268041E-02 , 0.064042291681338 , 0.198235664115989 , 0.198235664115989 
period1,sc01,t2023, 2.21154691838488E-02 , 6.40816417253521E-02 , 0.189569744318182 , 0.189569744318182 
period1,sc01,t2024, 4.55484188917526E-02 , 5.38631766725352E-02 , 0.201412069112628 , 0.201412069112628 
period1,sc01,t2025, 4.22008228436426E-02 , 5.41958461267606E-02 , 0.2124948 , 0.2124948 
period1,sc01,t2026, 3.98043715206185E-02 , 5.53144405063291E-02 , 0.31180480625 , 0.31180480625 
period1,sc01,t2027, 0.0539875 , 5.38631766725352E-02 , 0.2106875684375 , 0.2106875684375 
period1,sc01,t2028, 4.67161303856383E-02 , 4.89120499912296E-02 , 0.20446901825 , 0.20446901825 
period1,sc01,t2029, 4.78940543019197E-02 , 9.26030039905279E-02 , 0.20321218925 , 0.20321218925 
period1,sc01,t2030, 5.12535994274476E-02 , 9.31384351851852E-02 , 0.203578764375 , 0.203578764375 
period1,sc01,t2031, 4.06646552941176E-02 , 9.39582453703704E-02 , 0.20024503625 , 0.20024503625 
period1,sc01,t2032, 3.27174471385542E-02 , 9.53367833333333E-02 , 0.184117006818182 , 0.184117006818182 
period1,sc01,t2033, 2.91713511445783E-02 , 9.50351388888889E-02 , 0.203686984772727 , 0.203686984772727 
period1,sc01,t2034, 1.70087283254955E-02 , 0.092318625 , 0.19903720090625 , 0.19903720090625 
period1,sc01,t2035, 2.15455531819635E-02 , 8.18497445652174E-02 , 0.203816309375 , 0.203816309375 
period1,sc01,t2036, 3.23473474588024E-02 , 8.01795308641975E-02 , 0.217660503958334 , 0.217660503958334 
period1,sc01,t2037, 2.75156528922214E-02 , 0.081480562962963 , 0.20534145625 , 0.20534145625 
period1,sc01,t2038, 2.74247684980006E-02 , 0.095596913580247 , 0.2064225559375 , 0.2064225559375 
period1,sc01,t2039, 1.71686085530625E-02 , 9.53586342877217E-02 , 0.21052425625 , 0.21052425625 
period1,sc01,t2040, 0.01360485 , 0.310925748913043 , 0.215469012281432 , 0.215469012281432 
period1,sc01,t2041, 1.34610545301205E-02 , 3.25410559763609E-02 , 0.253213429875 , 0.253213429875 
period1,sc01,t2042, 1.33901220361446E-02 , 3.25320155860349E-02 , 0.261175494270834 , 0.261175494270834 
period1,sc01,t2043, 1.33920250120482E-02 , 3.54042425961539E-02 , 0.261125813229166 , 0.261125813229166 
period1,sc01,t2044, 1.34568754457831E-02 , 3.07000651852481E-02 , 0.261130781333334 , 0.261130781333334 
period1,sc01,t2045, 1.84719259036145E-02 , 3.32085532055565E-02 , 0.261205302895834 , 0.261205302895834 
period1,sc01,t2046, 1.83972993975904E-02 , 7.80713610965143E-02 , 0.253080646 , 0.253080646 
period1,sc01,t2047, 0.016075015813253 , 3.59514740976475E-02 , 0.2558460734375 , 0.2558460734375 
period1,sc01,t2048, 1.84855825542168E-02 , 0.028749987971849 , 0.260470475125 , 0.260470475125 
period1,sc01,t2049, 1.86451937608437E-02 , 2.64560489551261E-02 , 0.27144817875 , 0.27144817875 
period1,sc01,t2050, 2.98542998396947E-02 , 2.18812663128583E-02 , 0.283755979354166 , 0.283755979354166 
period1,sc01,t2051, 2.13380799478554E-02 , 2.06207239017199E-02 , 0.2846412051875 , 0.2846412051875 
period1,sc01,t2052, 4.23271918803063E-02 , 2.92716561234851E-02 , 0.28245027125 , 0.28245027125 
period1,sc01,t2053, 4.09232815384616E-02 , 4.72088787938487E-02 , 0.233030461533334 , 0.233030461533334 
period1,sc01,t2054, 4.18677646445784E-02 , 4.80625772908138E-02 , 0.235247410270834 , 0.235247410270834 
period1,sc01,t2055, 3.93070842948718E-02 , 4.82459335234726E-02 , 0.231570019566666 , 0.231570019566666 
period1,sc01,t2056, 3.26133129759036E-02 , 5.21043930999493E-02 , 0.21679 , 0.21679 
period1,sc01,t2057, 0.031350856373494 , 5.38416874201475E-02 , 0.22293057675 , 0.22293057675 
period1,sc01,t2058, 3.52952963192771E-02 , 5.38292195292513E-02 , 0.233202809583334 , 0.233202809583334 
period1,sc01,t2059, 1.81603666461538E-02 , 5.31868839012346E-02 , 0.20671468475 , 0.20671468475 
period1,sc01,t2060, 1.79885090246243E-02 , 5.99653757407407E-02 , 0.216453523854166 , 0.216453523854166 
period1,sc01,t2061, 1.81175888789238E-02 , 0.053897874808642 , 0.215966649645834 , 0.215966649645834 
period1,sc01,t2062, 1.83514359229376E-02 , 5.34013798271604E-02 , 0.222270677022916 , 0.222270677022916 
period1,sc01,t2063, 0.014551568248366 , 5.35815411111111E-02 , 0.21849722125 , 0.21849722125 
period1,sc01,t2064, 1.34380073995805E-02 , 5.23997292682927E-02 , 0.2207962792 , 0.2207962792 
period1,sc01,t2065, 0.0126975349075 , 4.91931225029104E-02 , 0.241422677291667 , 0.241422677291667 
period1,sc01,t2066, 1.24993727366609E-02 , 5.43889646817949E-02 , 0.231790213270833 , 0.231790213270833 
period1,sc01,t2067, 1.27418872767403E-02 , 5.31715588083791E-02 , 0.231540821791667 , 0.231540821791667 
period1,sc01,t2068, 1.27188979070569E-02 , 6.38781998661095E-02 , 0.241127556525 , 0.241127556525 
period1,sc01,t2069, 1.43661936230636E-02 , 0.060605788604824 , 0.22679791899375 , 0.22679791899375 
period1,sc01,t2070, 1.72637246781412E-02 , 5.22749279761904E-02 , 0.230554710745833 , 0.230554710745833 
period1,sc01,t2071, 1.67467878769633E-02 , 5.25254719576719E-02 , 0.223248216875 , 0.223248216875 
period1,sc01,t2072, 1.76604861101608E-02 , 4.76067161569665E-02 , 0.220286460217392 , 0.220286460217392 
period1,sc01,t2073, 1.76163242150574E-02 , 4.10797066084656E-02 , 0.220391683460869 , 0.220391683460869 
period1,sc01,t2074, 1.74777464016105E-02 , 0.040869688712522 , 0.229723826729167 , 0.229723826729167 
period1,sc01,t2075, 1.74329883593491E-02 , 0.041648522574956 , 0.230151354979167 , 0.230151354979167 
period1,sc01,t2076, 1.74544260576282E-02 , 4.12080938934567E-02 , 0.231128783695653 , 0.231128783695653 
period1,sc01,t2077, 3.20196984685908E-02 , 4.26344845208845E-02 , 0.231495841521739 , 0.231495841521739 
period1,sc01,t2078, 3.25525425025818E-02 , 0.048915943965602 , 0.247897836166667 , 0.247897836166667 
period1,sc01,t2079, 0.021647 , 5.35035395429135E-02 , 0.247452033456522 , 0.247452033456522 
period1,sc01,t2080, 2.40557596790017E-02 , 5.46341049466069E-02 , 0.247498150978261 , 0.247498150978261 
period1,sc01,t2081, 1.85244668227195E-02 , 0.054290129340422 , 0.248051561239131 , 0.248051561239131 
period1,sc01,t2082, 1.77060735002555E-02 , 0.085402569047619 , 0.252127785456522 , 0.252127785456522 
period1,sc01,t2083, 2.05367771417644E-02 , 8.55915507936508E-02 , 0.252174373565218 , 0.252174373565218 
period1,sc01,t2084, 2.09075655020353E-02 , 8.60210547619048E-02 , 0.252780018978261 , 0.252780018978261 
period1,sc01,t2085, 1.77411648824227E-02 , 8.59695142857143E-02 , 0.257238967645833 , 0.257238967645833 
period1,sc01,t2086, 1.76779365054393E-02 , 8.59695142857143E-02 , 0.257238967645833 , 0.257238967645833 
period1,sc01,t2087, 0.016091500390625 , 0.085832073015873 , 0.258010593 , 0.258010593 
period1,sc01,t2088, 1.36649672918756E-02 , 7.22034348765432E-02 , 0.258010593 , 0.258010593 
period1,sc01,t2089, 1.19179696256685E-02 , 8.08228083832336E-02 , 0.269366850909091 , 0.269366850909091 
period1,sc01,t2090, 1.31652976827094E-02 , 0.127888836409699 , 0.314002711666666 , 0.314002711666666 
period1,sc01,t2091, 1.18069537254902E-02 , 0.128069952949693 , 0.269595628333334 , 0.269595628333334 
period1,sc01,t2092, 1.72077731194296E-02 , 0.141011001867512 , 0.27884222 , 0.27884222 
period1,sc01,t2093, 2.57413200688468E-02 , 7.01602668589974E-02 , 0.27877189 , 0.27877189 
period1,sc01,t2094, 2.56999396213425E-02 , 6.98441645796064E-02 , 0.278935993333334 , 0.278935993333334 
period1,sc01,t2095, 0.026038506919105 , 6.86853069514971E-02 , 0.270967965 , 0.270967965 
period1,sc01,t2096, 2.00148397246127E-02 , 6.89449565064889E-02 , 0.2711289125 , 0.2711289125 
period1,sc01,t2097, 2.57666222740136E-02 , 6.68839710342478E-02 , 0.270967965 , 0.270967965 
period1,sc01,t2098, 2.54663995996664E-02 , 6.77222198731501E-02 , 0.261251154166666 , 0.261251154166666 
period1,sc01,t2099, 3.41447582717453E-02 , 3.73766377378436E-02 , 0.261206521666666 , 0.261206521666666 
period1,sc01,t2100, 4.30184456692913E-02 , 3.21208947240962E-02 , 0.254015279166666 , 0.254015279166666 
period1,sc01,t2101, 4.39586568110236E-02 , 0.048343344432699 , 0.253774083333334 , 0.253774083333334 
period1,sc01,t2102, 4.40258984251969E-02 , 4.52342768367717E-02 , 0.2523616225 , 0.2523616225 
period1,sc01,t2103, 4.35718844094489E-02 , 9.31859283387623E-02 , 0.25364785 , 0.25364785 
period1,sc01,t2104, 3.36460679527559E-02 , 5.16581574375678E-02 , 0.18447112675 , 0.18447112675 
period1,sc01,t2105, 0.037921182007874 , 0.036979082844734 , 0.193046833333334 , 0.193046833333334 
period1,sc01,t2106, 3.35814887401575E-02 , 0.026204010895757 , 0.186645 , 0.186645 
period1,sc01,t2107, 2.52650619766775E-02 , 2.58299859055673E-02 , 0.186599916666666 , 0.186599916666666 
period1,sc01,t2108, 1.42722538015931E-02 , 3.45530866807611E-02 , 0.186199441416666 , 0.186199441416666 
period1,sc01,t2109, 1.28520591113721E-02 , 3.25513104298802E-02 , 0.185956397166666 , 0.185956397166666 
period1,sc01,t2110, 0.012870326848249 , 0.03460455602537 , 0.186226446333334 , 0.186226446333334 
period1,sc01,t2111, 1.16588834279006E-02 , 3.45530866807611E-02 , 0.1887008 , 0.1887008 
period1,sc01,t2112, 1.15716918110236E-02 , 0.034473023255814 , 0.188141766666666 , 0.188141766666666 
period1,sc01,t2113, 1.04444397321429E-02 , 2.09496822276823E-02 , 0.183234896666666 , 0.183234896666666 
period1,sc01,t2114, 1.15224365901129E-02 , 3.51598425552825E-02 , 0.18171310875 , 0.18171310875 
period1,sc01,t2115, 1.04583081296191E-02 , 1.76988615233415E-02 , 0.18192748 , 0.18192748 
period1,sc01,t2116, 1.15633200468933E-02 , 0.016450175036855 , 0.179293170666666 , 0.179293170666666 
period1,sc01,t2117, 1.12091481178396E-02 , 1.69157806388207E-02 , 0.172022671666666 , 0.172022671666666 
period1,sc01,t2118, 1.91733504098361E-02 , 1.76219783783784E-02 , 0.179026998666666 , 0.179026998666666 
period1,sc01,t2119, 2.36361569672131E-02 , 1.76609693693693E-02 , 0.17305508 , 0.17305508 
period1,sc01,t2120, 2.60513672131148E-02 , 1.76648684684684E-02 , 0.17299016 , 0.17299016 
period1,sc01,t2121, 2.79468627049181E-02 , 1.77305696949819E-02 , 0.171133628333334 , 0.171133628333334 
period1,sc01,t2122, 3.91231391732284E-02 , 1.50223160264901E-02 , 0.178760826666666 , 0.178760826666666 
period1,sc01,t2123, 3.91591561417323E-02 , 1.80670073710074E-02 , 0.176122459833334 , 0.176122459833334 
period1,sc01,t2124, 0.02573537 , 1.81893362169356E-02 , 0.18112368925 , 0.18112368925 
period1,sc01,t2125, 0.024359483464567 , 1.82960054579567E-02 , 0.181896823333334 , 0.181896823333334 
period1,sc01,t2126, 2.13605468309859E-02 , 1.79567339587242E-02 , 0.180223871 , 0.180223871 
period1,sc01,t2127, 0.025412516535433 , 1.76929791574279E-02 , 0.180648601083334 , 0.180648601083334 
period1,sc01,t2128, 1.57693072693952E-02 , 1.77037751662971E-02 , 0.177704975 , 0.177704975 
period1,sc01,t2129, 1.39841733566027E-02 , 1.41726682585707E-02 , 0.183836308333334 , 0.183836308333334 
period1,sc01,t2130, 1.36002677318784E-02 , 1.78499280176811E-02 , 0.183757863333334 , 0.183757863333334 
period1,sc01,t2131, 1.81584338665627E-02 , 0.014534182675551 , 0.1848318385 , 0.1848318385 
period1,sc01,t2132, 2.55847084870849E-02 , 1.77558784982935E-02 , 0.182422225739275 , 0.182422225739275 
period1,sc01,t2133, 1.19431977567886E-02 , 1.78616227645052E-02 , 0.184411571666666 , 0.184411571666666 
period1,sc01,t2134, 1.19303075277183E-02 , 1.78231822646658E-02 , 0.184463868333334 , 0.184463868333334 
period1,sc01,t2135, 1.09379486348745E-02 , 2.78351034738142E-02 , 0.185691758 , 0.185691758 
period1,sc01,t2136, 9.94448854961832E-03 , 6.69601188405797E-02 , 0.178027771666666 , 0.178027771666666 
period1,sc01,t2137, 1.01512047244095E-02 , 0.097591695652174 , 0.156533300666666 , 0.156533300666666 
period1,sc01,t2138, 0.010157168503937 , 7.11973641304348E-02 , 0.179174331 , 0.179174331 
period1,sc01,t2139, 1.02565932283465E-02 , 6.03599188405797E-02 , 0.164013166666666 , 0.164013166666666 
period1,sc01,t2140, 1.03100188114754E-02 , 6.72251304347826E-02 , 0.1805373805 , 0.1805373805 
period1,sc01,t2141, 0.010257679488189 , 6.97925282608695E-02 , 0.182550994260869 , 0.182550994260869 
period1,sc01,t2142, 0.010928838976378 , 4.15829965432099E-02 , 0.205766825333334 , 0.205766825333334 
period1,sc01,t2143, 1.11251964173229E-02 , 4.13782673913043E-02 , 0.214651668333334 , 0.214651668333334 
period1,sc01,t2144, 1.16668935166994E-02 , 4.83428058553792E-02 , 0.24553285 , 0.24553285 
period1,sc01,t2145, 1.21995695872556E-02 , 4.60971986956522E-02 , 0.242948516521739 , 0.242948516521739 
period1,sc01,t2146, 1.24719107892832E-02 , 4.55187991304348E-02 , 0.241868476666666 , 0.241868476666666 
period1,sc01,t2147, 1.40716079268293E-02 , 3.11587773913043E-02 , 0.233080833333334 , 0.233080833333334 
period1,sc01,t2148, 1.41668381932532E-02 , 4.06151504056438E-02 , 0.239865875 , 0.239865875 
period1,sc01,t2149, 1.56663910447761E-02 , 3.12106036231884E-02 , 0.242143602608695 , 0.242143602608695 
period1,sc01,t2150, 0.028646482480315 , 2.94886163043478E-02 , 0.242252743478261 , 0.242252743478261 
period1,sc01,t2151, 2.09504166929134E-02 , 3.05657943478261E-02 , 0.244771921739131 , 0.244771921739131 
period1,sc01,t2152, 2.14654529527559E-02 , 3.09381434782609E-02 , 0.234173026086957 , 0.234173026086957 
period1,sc01,t2153, 0.014567596456693 , 3.03410356261023E-02 , 0.234229478260869 , 0.234229478260869 
period1,sc01,t2154, 1.25575936363636E-02 , 3.61253926086957E-02 , 0.243155978260869 , 0.243155978260869 
period1,sc01,t2155, 0.011112981233244 , 3.45962639492754E-02 , 0.235171288695652 , 0.235171288695652 
period1,sc01,t2156, 1.11074208764341E-02 , 4.16952421164021E-02 , 0.235183990434783 , 0.235183990434783 
period1,sc01,t2157, 0.01082 , 4.55122718478261E-02 , 0.243628765217391 , 0.243628765217391 
period1,sc01,t2158, 0.01082 , 4.55144476086957E-02 , 0.233900173913043 , 0.233900173913043 
period1,sc01,t2159, 0.01082 , 4.02492239130435E-02 , 0.233956626086957 , 0.233956626086957 
period1,sc01,t2160, 1.15404105491045E-02 , 4.11075624751221E-02 , 0.181097045 , 0.181097045 
period1,sc01,t2161, 1.07806519668101E-02 , 4.10946065569025E-02 , 0.1779648262 , 0.1779648262 
period1,sc01,t2162, 1.15838964416453E-02 , 4.09425007110548E-02 , 0.1816176845 , 0.1816176845 
period1,sc01,t2163, 1.15826153158827E-02 , 4.07541791876244E-02 , 0.177846210466667 , 0.177846210466667 
period1,sc01,t2164, 1.16046506790002E-02 , 4.05079125800615E-02 , 0.1759501669 , 0.1759501669 
period1,sc01,t2165, 1.22963304782523E-02 , 6.50133244255473E-02 , 0.181623561041667 , 0.181623561041667 
period1,sc01,t2166, 1.33661986026372E-02 , 0.060040882449792 , 0.180563071291667 , 0.180563071291667 
period1,sc01,t2167, 1.33800347608738E-02 , 5.99560847656956E-02 , 0.17812701875 , 0.17812701875 
period1,sc01,t2168, 0.052562454831726 , 4.84674788397989E-02 , 0.1771804435 , 0.1771804435 
period1,sc01,t2169, 5.08519384176344E-02 , 4.83484034312697E-02 , 0.178913752066667 , 0.178913752066667 
period1,sc01,t2170, 8.32490467034048E-02 , 3.99701408027282E-02 , 0.179002713866667 , 0.179002713866667 
period1,sc01,t2171, 2.39071033896659E-02 , 0.021095407575547 , 0.179986718166667 , 0.179986718166667 
period1,sc01,t2172, 2.30387762390158E-02 , 2.10578301937046E-02 , 0.180301339166667 , 0.180301339166667 
period1,sc01,t2173, 2.64923644744929E-02 , 2.11360376821192E-02 , 0.180036894791667 , 0.180036894791667 
period1,sc01,t2174, 1.91399831714813E-02 , 2.12173222829006E-02 , 0.180036894791667 , 0.180036894791667 
period1,sc01,t2175, 1.85105591025389E-02 , 2.66100172449713E-02 , 0.1800662775 , 0.1800662775 
period1,sc01,t2176, 1.34022409407597E-02 , 3.33842123419541E-02 , 0.180263367666667 , 0.180263367666667 
period1,sc01,t2177, 1.31396955678016E-02 , 4.14712496037634E-02 , 0.17932583325 , 0.17932583325 
period1,sc01,t2178, 1.10192235788863E-02 , 6.82258807617152E-02 , 0.183304704 , 0.183304704 
period1,sc01,t2179, 1.10638655973494E-02 , 6.66702162113263E-02 , 0.184182116875 , 0.184182116875 
period1,sc01,t2180, 1.11891319577547E-02 , 6.67532472770038E-02 , 0.18482085175 , 0.18482085175 
period1,sc01,t2181, 1.11567510028653E-02 , 0.285249987334902 , 0.18326944475 , 0.18326944475 
period1,sc01,t2182, 1.11281247572816E-02 , 0.286813091311743 , 0.183191241541667 , 0.183191241541667 
period1,sc01,t2183, 1.07899738397106E-02 , 0.301693278994029 , 0.19170454225 , 0.19170454225 
period1,sc01,t2184, 1.07759391227734E-02 , 8.09047238346526E-02 , 0.202782904260869 , 0.202782904260869 
period1,sc01,t2185, 9.75323934426229E-03 , 0.108784585915493 , 0.182345533217391 , 0.182345533217391 
period1,sc01,t2186, 9.75323934426229E-03 , 0.108616697287522 , 0.223960782933333 , 0.223960782933333 
period1,sc01,t2187, 9.69596913385827E-03 , 0.109039166726944 , 0.181997540173913 , 0.181997540173913 
period1,sc01,t2188, 9.75556655737705E-03 , 0.104054614104882 , 0.196451008 , 0.196451008 
period1,sc01,t2189, 0.010816 , 0.139314782608696 , 0.200143026086957 , 0.200143026086957 
period1,sc01,t2190, 1.33619756850394E-02 , 0.158269822608696 , 0.226182310956521 , 0.226182310956521 
period1,sc01,t2191, 1.24533384918032E-02 , 0.118866664347826 , 0.234514393043478 , 0.234514393043478 
period1,sc01,t2192, 1.22604044094488E-02 , 0.110630828985507 , 0.234908001391304 , 0.234908001391304 
period1,sc01,t2193, 1.26998576377953E-02 , 0.115972208695653 , 0.234912704 , 0.234912704 
period1,sc01,t2194, 1.29630646557377E-02 , 0.11018035826087 , 0.235613862956522 , 0.235613862956522 
period1,sc01,t2195, 1.54491045245902E-02 , 0.10753622010582 , 0.234718016 , 0.234718016 
period1,sc01,t2196, 1.32454775081968E-02 , 7.15579692698413E-02 , 0.223708268521739 , 0.223708268521739 
period1,sc01,t2197, 1.32060805039371E-02 , 7.11727136507937E-02 , 0.223747770434783 , 0.223747770434783 
period1,sc01,t2198, 1.31927947086614E-02 , 7.29740628405797E-02 , 0.223783980521739 , 0.223783980521739 
period1,sc01,t2199, 1.30790563779528E-02 , 7.14474057142858E-02 , 0.222520272 , 0.222520272 
period1,sc01,t2200, 0.010617841352733 , 0.123704943304347 , 0.243587700313043 , 0.243587700313043 
period1,sc01,t2201, 9.75427437340153E-03 , 0.120718198956522 , 0.250354989356522 , 0.250354989356522 
period1,sc01,t2202, 9.61475769081751E-03 , 0.12377607026087 , 0.235695688347826 , 0.235695688347826 
period1,sc01,t2203, 1.09562706507509E-02 , 7.02540347826087E-02 , 0.194631568695653 , 0.194631568695653 
period1,sc01,t2204, 0.010816 , 7.29334636521739E-02 , 0.193240537043479 , 0.193240537043479 
period1,sc01,t2205, 0.010816 , 7.03439448042328E-02 , 0.193331767652174 , 0.193331767652174 
period1,sc01,t2206, 9.71962404371585E-03 , 7.10676630123457E-02 , 0.19389796173913 , 0.19389796173913 
period1,sc01,t2207, 1.07515796152336E-02 , 7.03246972839506E-02 , 0.192725131130434 , 0.192725131130434 
period1,sc01,t2208, 0.010816 , 6.47423470598813E-02 , 0.269073864347826 , 0.269073864347826 
period1,sc01,t2209, 1.06974666141732E-02 , 7.63283930947671E-02 , 0.254361744000001 , 0.254361744000001 
period1,sc01,t2210, 0.010764 , 6.50485495414494E-02 , 0.252400356 , 0.252400356 
period1,sc01,t2211, 0.010764 , 7.57836857142857E-02 , 0.2490832656 , 0.2490832656 
period1,sc01,t2212, 1.06975937480315E-02 , 7.52483154108973E-02 , 0.2486545776 , 0.2486545776 
period1,sc01,t2213, 0.010764 , 0.120089772860996 , 0.399331296 , 0.399331296 
period1,sc01,t2214, 0.010764 , 0.146796106599532 , 0.5736246048 , 0.5736246048 
period1,sc01,t2215, 1.74046251968504E-02 , 9.48482412515735E-02 , 0.83312892 , 0.83312892 
period1,sc01,t2216, 1.36762796065574E-02 , 9.47665500262651E-02 , 0.577731024 , 0.577731024 
period1,sc01,t2217, 2.10692586614173E-02 , 9.48287478900368E-02 , 0.411752016 , 0.411752016 
period1,sc01,t2218, 3.57769552868852E-02 , 9.45799564349501E-02 , 0.37211616 , 0.37211616 
period1,sc01,t2219, 4.72410347244095E-02 , 0.292102654806513 , 0.746123976 , 0.746123976 
period1,sc01,t2220, 4.82401453278689E-02 , 0.208998709512678 , 0.308317464 , 0.308317464 
period1,sc01,t2221, 4.75737016535433E-02 , 0.549620176227297 , 0.35413092 , 0.35413092 
period1,sc01,t2222, 0.054987430795082 , 0.25823767034706 , 0.277054128 , 0.277054128 
period1,sc01,t2223, 4.21466625737705E-02 , 0.585348681460169 , 0.3245764392 , 0.3245764392 
period1,sc01,t2224, 1.24340081311476E-02 , 0.478424990659716 , 0.3202556292 , 0.3202556292 
period1,sc01,t2225, 1.08970667716535E-02 , 0.471538971749056 , 0.34207056 , 0.34207056 
period1,sc01,t2226, 0.010764 , 0.252744447384505 , 0.3352284 , 0.3352284 
period1,sc01,t2227, 1.17600937795276E-02 , 0.27046180176164 , 0.301117752 , 0.301117752 
period1,sc01,t2228, 1.24241562992126E-02 , 0.234029444544311 , 0.30089124 , 0.30089124 
period1,sc01,t2229, 0.010764 , 0.173765749991012 , 0.2752529832 , 0.2752529832 
period1,sc01,t2230, 0.010764 , 0.135220693400467 , 0.293282496 , 0.293282496 
period1,sc01,t2231, 0.010764 , 0.211193046773323 , 0.34802352 , 0.34802352 
period1,sc01,t2232, 0.010432653422502 , 0.130779482259233 , 0.2017353 , 0.2017353 
period1,sc01,t2233, 1.10545140047207E-02 , 0.21510574570058 , 0.195620537 , 0.195620537 
period1,sc01,t2234, 1.09549845790716E-02 , 0.131290221804852 , 0.1997096037125 , 0.1997096037125 
period1,sc01,t2235, 1.08782783660933E-02 , 0.503122323098343 , 0.2001496802375 , 0.2001496802375 
period1,sc01,t2236, 1.14621207415421E-02 , 0.508948954525908 , 0.198272074 , 0.198272074 
period1,sc01,t2237, 1.08529916830467E-02 , 0.52043431891021 , 0.2011466867375 , 0.2011466867375 
period1,sc01,t2238, 1.15072463709677E-02 , 0.230944876900797 , 0.2009828417625 , 0.2009828417625 
period1,sc01,t2239, 0.0107205 , 0.130601692446043 , 0.2013719959125 , 0.2013719959125 
period1,sc01,t2240, 1.39121893784422E-02 , 0.127536539725062 , 0.204943332391304 , 0.204943332391304 
period1,sc01,t2241, 1.21511238013698E-02 , 0.126017455833627 , 0.2149803306 , 0.2149803306 
period1,sc01,t2242, 0.012486021933833 , 0.127274097596728 , 0.210943705 , 0.210943705 
period1,sc01,t2243, 1.45570320690916E-02 , 0.126398360451181 , 0.211801345 , 0.211801345 
period1,sc01,t2244, 0.040954819322384 , 0.319310300334861 , 0.1834441931 , 0.1834441931 
period1,sc01,t2245, 0.032095541984402 , 0.376784431879073 , 0.1836414503 , 0.1836414503 
period1,sc01,t2246, 1.32193805960265E-02 , 0.328364437103454 , 0.1838222694 , 0.1838222694 
period1,sc01,t2247, 1.31944310070345E-02 , 0.381458591928093 , 0.1992305760375 , 0.1992305760375 
period1,sc01,t2248, 1.32753697482297E-02 , 0.396434929833454 , 0.178567795 , 0.178567795 
period1,sc01,t2249, 1.90502336283186E-02 , 0.352213934725742 , 0.179097605217391 , 0.179097605217391 
period1,sc01,t2250, 0.01179255 , 0.110276100161261 , 0.180463303695653 , 0.180463303695653 
period1,sc01,t2251, 1.14339893280632E-02 , 9.23701255199154E-02 , 0.176295942375 , 0.176295942375 
period1,sc01,t2252, 1.14545768550228E-02 , 0.094024491011632 , 0.1773420845 , 0.1773420845 
period1,sc01,t2253, 1.14100216540917E-02 , 9.73196182587241E-02 , 0.1773420845 , 0.1773420845 
period1,sc01,t2254, 1.08949758225617E-02 , 9.28455005287275E-02 , 0.177125033217391 , 0.177125033217391 
period1,sc01,t2255, 1.09319594036697E-02 , 0.092212945034977 , 0.176714041875 , 0.176714041875 
period1,sc01,t2256, 1.33326937263881E-02 , 0.100897318087487 , 0.1588648560625 , 0.1588648560625 
period1,sc01,t2257, 2.65845365853658E-02 , 0.102551181831153 , 0.162630437132501 , 0.162630437132501 
period1,sc01,t2258, 1.36314607317073E-02 , 0.104975664062704 , 0.162611994022416 , 0.162611994022416 
period1,sc01,t2259, 3.21665337804878E-02 , 0.10542065938326 , 0.16376911725 , 0.16376911725 
period1,sc01,t2260, 3.30120325609757E-02 , 0.103874952951542 , 0.16378832175 , 0.16378832175 
period1,sc01,t2261, 0.02633052 , 9.89253484931506E-02 , 0.16370510225 , 0.16370510225 
period1,sc01,t2262, 3.20399356097561E-02 , 9.25111861854584E-02 , 0.1707323946 , 0.1707323946 
period1,sc01,t2263, 4.13216429268293E-02 , 6.66538586709887E-02 , 0.1552821 , 0.1552821 
period1,sc01,t2264, 2.67566151219512E-02 , 9.33450675658588E-02 , 0.154484719617391 , 0.154484719617391 
period1,sc01,t2265, 3.30972515853659E-02 , 9.26626520547946E-02 , 0.154970484125 , 0.154970484125 
period1,sc01,t2266, 4.13160307317073E-02 , 9.25251205057956E-02 , 0.155898304239402 , 0.155898304239402 
period1,sc01,t2267, 4.12876675609756E-02 , 0.093012183065309 , 0.1526878464 , 0.1526878464 
period1,sc01,t2268, 4.05072137671233E-02 , 9.91043553635406E-02 , 0.171820513119306 , 0.171820513119306 
period1,sc01,t2269, 4.05767408219178E-02 , 9.75009459480337E-02 , 0.180341229 , 0.180341229 
period1,sc01,t2270, 4.12876675609756E-02 , 9.79520869766625E-02 , 0.171716905539131 , 0.171716905539131 
period1,sc01,t2271, 4.12876675609756E-02 , 9.72229483020851E-02 , 0.17675958975 , 0.17675958975 
period1,sc01,t2272, 4.12876675609756E-02 , 9.73739556164384E-02 , 0.1769420325 , 0.1769420325 
period1,sc01,t2273, 4.80821363414634E-02 , 9.50272021276596E-02 , 0.17438463325 , 0.17438463325 
period1,sc01,t2274, 4.10760014634146E-02 , 9.05410226298702E-02 , 0.150513038165217 , 0.150513038165217 
period1,sc01,t2275, 0.041245878292683 , 9.04623004112555E-02 , 0.151102493353606 , 0.151102493353606 
period1,sc01,t2276, 4.12876675609756E-02 , 9.05142012554112E-02 , 0.170063600869565 , 0.170063600869565 
period1,sc01,t2277, 0.079014267804878 , 7.36224757142857E-02 , 0.150674308252173 , 0.150674308252173 
period1,sc01,t2278, 4.12876675609756E-02 , 9.15994733345357E-02 , 0.150701361547827 , 0.150701361547827 
period1,sc01,t2279, 4.12963664634146E-02 , 0.092848175487013 , 0.150376722 , 0.150376722 
period1,sc01,t2280, 1.09045150934579E-02 , 0.034058975831283 , 0.180702164315353 , 0.180702164315353 
period1,sc01,t2281, 0.010974 , 4.28116183655536E-02 , 0.200085617925311 , 0.200085617925311 
period1,sc01,t2282, 1.06300964788732E-02 , 0.044191661546573 , 0.18259643153527 , 0.18259643153527 
period1,sc01,t2283, 0.010665918442623 , 4.17839480265171E-02 , 0.200035529128631 , 0.200035529128631 
period1,sc01,t2284, 0.010974 , 4.25713089806678E-02 , 0.191517701576764 , 0.191517701576764 
period1,sc01,t2285, 1.16986296377953E-02 , 4.39070318594024E-02 , 0.200105653443984 , 0.200105653443984 
period1,sc01,t2286, 1.17784719685039E-02 , 3.12742413637961E-02 , 0.189408507883817 , 0.189408507883817 
period1,sc01,t2287, 0.01121140996063 , 0.037494358565905 , 0.199618675220779 , 0.199618675220779 
period1,sc01,t2288, 0.011709527852459 , 0.030139039887522 , 0.199613872531121 , 0.199613872531121 
period1,sc01,t2289, 1.17230204754099E-02 , 3.00137549947276E-02 , 0.19277184935065 , 0.19277184935065 
period1,sc01,t2290, 1.17544933464566E-02 , 4.99399546080844E-02 , 0.201784994190871 , 0.201784994190871 
period1,sc01,t2291, 1.16885197322834E-02 , 8.38889800288809E-02 , 0.194377568831169 , 0.194377568831169 
period1,sc01,t2292, 0.012087593545316 , 9.22215738844765E-02 , 0.193883501298702 , 0.193883501298702 
period1,sc01,t2293, 1.20541829173228E-02 , 0.100267457133574 , 0.217665874854772 , 0.217665874854772 
period1,sc01,t2294, 1.02951457677165E-02 , 0.110528582924188 , 0.211544515324675 , 0.211544515324675 
period1,sc01,t2295, 1.03699979527559E-02 , 0.135841203400722 , 0.213859126307054 , 0.213859126307054 
period1,sc01,t2296, 9.59674051229508E-03 , 0.123477348281588 , 0.213089124896266 , 0.213089124896266 
period1,sc01,t2297, 1.11915010819672E-02 , 7.01236619133574E-02 , 0.218527811975103 , 0.218527811975103 
period1,sc01,t2298, 1.04234035714286E-02 , 0.033723815599297 , 0.205693615584415 , 0.205693615584415 
period1,sc01,t2299, 1.06106377380046E-02 , 3.61041628700361E-02 , 0.221190233766234 , 0.221190233766234 
period1,sc01,t2300, 1.11256593167702E-02 , 3.55262450902527E-02 , 0.189810294545454 , 0.189810294545454 
period1,sc01,t2301, 1.06064686482393E-02 , 3.65447700527241E-02 , 0.184610233766234 , 0.184610233766234 
period1,sc01,t2302, 1.05600987401575E-02 , 4.34476089173989E-02 , 0.191959488311688 , 0.191959488311688 
period1,sc01,t2303, 1.07703267060213E-02 , 0.043797947599297 , 0.193617464935064 , 0.193617464935064 
period1,sc01,t2304, 8.6665662474645E-03 , 0.024501157154513 , 0.208779637402598 , 0.208779637402598 
period1,sc01,t2305, 8.41868046565774E-03 , 0.024873112891382 , 0.211238116182573 , 0.211238116182573 
period1,sc01,t2306, 8.49815326771654E-03 , 2.47882010300867E-02 , 0.210123412780083 , 0.210123412780083 
period1,sc01,t2307, 8.83638145275591E-03 , 2.48143162774095E-02 , 0.200145724481328 , 0.200145724481328 
period1,sc01,t2308, 8.56561177868853E-03 , 2.49089840489546E-02 , 0.190615054545455 , 0.190615054545455 
period1,sc01,t2309, 8.81642087007875E-03 , 2.51119181744009E-02 , 0.217691374605809 , 0.217691374605809 
period1,sc01,t2310, 1.17509937637795E-02 , 2.39361910861805E-02 , 0.282521759502075 , 0.282521759502075 
period1,sc01,t2311, 1.36663625010183E-02 , 2.30333631519508E-02 , 0.449067481558442 , 0.449067481558442 
period1,sc01,t2312, 1.36760326721311E-02 , 2.10584960224376E-02 , 0.562383295324675 , 0.562383295324675 
period1,sc01,t2313, 1.36760326721311E-02 , 2.12246449566547E-02 , 0.446288351688312 , 0.446288351688312 
period1,sc01,t2314, 2.47925990551181E-02 , 2.11980074043855E-02 , 0.454719804155844 , 0.454719804155844 
period1,sc01,t2315, 2.55818332131147E-02 , 2.41944877328647E-02 , 0.452487949090909 , 0.452487949090909 
period1,sc01,t2316, 2.94593431967213E-02 , 2.61563072056239E-02 , 0.376441454545455 , 0.376441454545455 
period1,sc01,t2317, 1.52467744251968E-02 , 2.37826830790861E-02 , 0.368646713278008 , 0.368646713278008 
period1,sc01,t2318, 1.49224251408987E-02 , 2.41610835711776E-02 , 0.36850692 , 0.36850692 
period1,sc01,t2319, 1.35630431102362E-02 , 0.024320563370826 , 0.447404279220779 , 0.447404279220779 
period1,sc01,t2320, 1.18671280629921E-02 , 2.39934394390617E-02 , 0.462148394545454 , 0.462148394545454 
period1,sc01,t2321, 1.14832790532787E-02 , 2.45356074833041E-02 , 0.582835125818182 , 0.582835125818182 
period1,sc01,t2322, 1.20336206557377E-02 , 2.31518613005272E-02 , 0.615042818181818 , 0.615042818181818 
period1,sc01,t2323, 2.50173018688524E-02 , 2.23477698980668E-02 , 0.685722029090909 , 0.685722029090909 
period1,sc01,t2324, 2.51110081352459E-02 , 2.18136118945519E-02 , 0.677972294805194 , 0.677972294805194 
period1,sc01,t2325, 3.15396648425197E-02 , 1.79739848014059E-02 , 0.534496508571429 , 0.534496508571429 
period1,sc01,t2326, 1.83881467322834E-02 , 1.77460272232613E-02 , 0.534496508571429 , 0.534496508571429 
period1,sc01,t2327, 1.45827369344262E-02 , 3.41548295746924E-02 , 0.522841265454546 , 0.522841265454546 
period1,sc01,t2328, 1.56383004373911E-02 , 1.95572109173989E-02 , 0.565079288831169 , 0.565079288831169 
period1,sc01,t2329, 1.60107989933562E-02 , 2.27991470158173E-02 , 0.533542856190476 , 0.533542856190476 
period1,sc01,t2330, 1.61809724179585E-02 , 1.96364831895514E-02 , 0.466875835844156 , 0.466875835844156 
period1,sc01,t2331, 1.61986142500503E-02 , 1.94066279559532E-02 , 0.540599110580087 , 0.540599110580087 
period1,sc01,t2332, 1.61752950338688E-02 , 2.25618319398812E-02 , 0.545156532640692 , 0.545156532640692 
period1,sc01,t2333, 1.60602913721696E-02 , 2.41770817019045E-02 , 0.501881356709957 , 0.501881356709957 
period1,sc01,t2334, 1.61046934197794E-02 , 2.07091939928608E-02 , 0.384631996536796 , 0.384631996536796 
period1,sc01,t2335, 0.109305758405476 , 1.97919966037736E-02 , 0.390692765541126 , 0.390692765541126 
period1,sc01,t2336, 4.66138018723576E-02 , 1.95127777202073E-02 , 0.389543914597403 , 0.389543914597403 
period1,sc01,t2337, 3.78493753510702E-02 , 1.95456627163048E-02 , 0.442112909090909 , 0.442112909090909 
period1,sc01,t2338, 7.32406712542508E-02 , 1.96240562908469E-02 , 0.437077454545455 , 0.437077454545455 
period1,sc01,t2339, 8.21486037007874E-02 , 2.00124107860561E-02 , 0.45387669004329 , 0.45387669004329 
period1,sc01,t2340, 5.12229467377049E-02 , 0.024207182231986 , 0.554579067012987 , 0.554579067012987 
period1,sc01,t2341, 2.74498883464567E-02 , 2.45746252794376E-02 , 0.491271414199134 , 0.491271414199134 
period1,sc01,t2342, 2.73506442952756E-02 , 2.61499986502636E-02 , 0.522237061818182 , 0.522237061818182 
period1,sc01,t2343, 0.014683714543307 , 0.024497732099983 , 0.496174987792208 , 0.496174987792208 
period1,sc01,t2344, 1.83340673084802E-02 , 3.62050066783831E-02 , 0.521310538181818 , 0.521310538181818 
period1,sc01,t2345, 1.48608470798898E-02 , 3.63038325623902E-02 , 0.372531559480519 , 0.372531559480519 
period1,sc01,t2346, 1.42034391806636E-02 , 3.64269560632689E-02 , 0.359993373575757 , 0.359993373575757 
period1,sc01,t2347, 4.84242006847698E-02 , 3.59596942003515E-02 , 0.372624388547718 , 0.372624388547718 
period1,sc01,t2348, 0.013920219811098 , 4.45027985940247E-02 , 0.369777664315353 , 0.369777664315353 
period1,sc01,t2349, 1.44939128532074E-02 , 3.51069413005273E-02 , 0.372583937759337 , 0.372583937759337 
period1,sc01,t2350, 1.41944667965368E-02 , 3.61553601054482E-02 , 0.365683400995851 , 0.365683400995851 
period1,sc01,t2351, 3.30484307373272E-02 , 5.13988049209138E-02 , 0.363891614937759 , 0.363891614937759 
period1,sc01,t2352, 1.36244796233521E-02 , 0.190786133708261 , 0.601734804 , 0.601734804 
period1,sc01,t2353, 3.29173552943761E-02 , 0.200529465171354 , 0.328298532467532 , 0.328298532467532 
period1,sc01,t2354, 1.47056056239016E-02 , 0.192523356414763 , 0.456065227272727 , 0.456065227272727 
period1,sc01,t2355, 3.36627736885245E-02 , 0.186597435676625 , 0.543752166666666 , 0.543752166666666 
period1,sc01,t2356, 4.01633734622144E-02 , 0.18663254824253 , 0.546804576969697 , 0.546804576969697 
period1,sc01,t2357, 4.91590045992714E-02 , 0.212949454973638 , 0.468077748701299 , 0.468077748701299 
period1,sc01,t2358, 3.37417157103826E-02 , 0.21165449582601 , 0.858369217532468 , 0.858369217532468 
period1,sc01,t2359, 0.066524849726776 , 0.202687093760984 , 0.748831445584416 , 0.748831445584416 
period1,sc01,t2360, 6.36598536906855E-02 , 0.191041683304042 , 0.740681863636364 , 0.740681863636364 
period1,sc01,t2361, 7.06055822495606E-02 , 0.191435754332162 , 0.911782314798789 , 0.911782314798789 
period1,sc01,t2362, 6.28495637082601E-02 , 0.187241731968366 , 1.26759235930735 , 1.26759235930735 
period1,sc01,t2363, 5.57475649384886E-02 , 0.192806572056239 , 0.729604568181819 , 0.729604568181819 
period1,sc01,t2364, 7.14563867311072E-02 , 0.190354480228471 , 0.385116076558442 , 0.385116076558442 
period1,sc01,t2365, 7.02826238137083E-02 , 0.190810943585237 , 0.436515345248918 , 0.436515345248918 
period1,sc01,t2366, 7.89893826010544E-02 , 0.185824959226713 , 0.38137329033195 , 0.38137329033195 
period1,sc01,t2367, 7.06287333919157E-02 , 0.190530043057997 , 0.489458497142857 , 0.489458497142857 
period1,sc01,t2368, 6.67069298769772E-02 , 0.18656232311072 , 0.496197256493506 , 0.496197256493506 
period1,sc01,t2369, 7.01923343585237E-02 , 0.190454801845342 , 0.402042621212121 , 0.402042621212121 
period1,sc01,t2370, 5.51880789982425E-02 , 0.191091689771529 , 0.306460435714286 , 0.306460435714286 
period1,sc01,t2371, 4.81383825175747E-02 , 0.192253549143233 , 0.307933416623377 , 0.307933416623377 
period1,sc01,t2372, 4.80629097934974E-02 , 0.191728577697715 , 0.311151392337662 , 0.311151392337662 
period1,sc01,t2373, 4.74822212653779E-02 , 0.192449851537786 , 0.314118073593073 , 0.314118073593073 
period1,sc01,t2374, 4.78053340421793E-02 , 0.204146078752197 , 0.312217207792207 , 0.312217207792207 
period1,sc01,t2375, 5.42299689718805E-02 , 0.283580271968366 , 0.312906651818181 , 0.312906651818181 
period1,sc01,t2376, 1.48065927859618E-02 , 0.215953580776173 , 0.653102035269709 , 0.653102035269709 
period1,sc01,t2377, 1.61882540824038E-02 , 0.204183240974729 , 0.654164468063044 , 0.654164468063044 
period1,sc01,t2378, 0.03069165 , 0.205981860108303 , 0.642996886929461 , 0.642996886929461 
period1,sc01,t2379, 2.46347933333334E-02 , 9.45650087873462E-02 , 0.753405927634855 , 0.753405927634855 
period1,sc01,t2380, 0.04059308 , 9.55573576449912E-02 , 0.773438694285714 , 0.773438694285714 
period1,sc01,t2381, 0.109458919166667 , 8.36699912214412E-02 , 0.774372342857144 , 0.774372342857144 
period1,sc01,t2382, 0.402058195 , 4.94774143592058E-02 , 0.994885852714286 , 0.994885852714286 
period1,sc01,t2383, 0.405836904 , 1.52926786787836E-02 , 0.994081227857143 , 0.994081227857143 
period1,sc01,t2384, 0.39188496875 , 2.27162273989455E-02 , 0.989672656431536 , 0.989672656431536 
period1,sc01,t2385, 7.50158386435589E-02 , 2.08336644101275E-02 , 1.00229774973859 , 1.00229774973859 
period1,sc01,t2386, 0.074372045 , 2.91412387223198E-02 , 1.01391418804979 , 1.01391418804979 
period1,sc01,t2387, 7.90442986666667E-02 , 0.102708386972924 , 1.030962289801 , 1.030962289801 
period1,sc01,t2388, 0.1161215825 , 0.103974927643234 , 0.533045850857143 , 0.533045850857143 
period1,sc01,t2389, 0.116360618 , 0.102066543500879 , 0.491595401 , 0.491595401 
period1,sc01,t2390, 7.59077366666666E-02 , 0.120521313579965 , 0.547939122630896 , 0.547939122630896 
period1,sc01,t2391, 7.60938548333334E-02 , 0.121661347297012 , 0.491595401 , 0.491595401 
period1,sc01,t2392, 0.0749387485 , 0.104138451168717 , 0.351909976 , 0.351909976 
period1,sc01,t2393, 0.07439322 , 0.10260762433213 , 0.352063155714286 , 0.352063155714286 
period1,sc01,t2394, 2.94585793333334E-02 , 8.63896754512635E-02 , 0.401489351214285 , 0.401489351214285 
period1,sc01,t2395, 0.02907025 , 8.54665318101933E-02 , 0.351084741857143 , 0.351084741857143 
period1,sc01,t2396, 1.49632781906826E-02 , 8.29146775360281E-02 , 0.333140284714286 , 0.333140284714286 
period1,sc01,t2397, 1.49638055974166E-02 , 8.20628919753955E-02 , 0.333339667571429 , 0.333339667571429 
period1,sc01,t2398, 1.49658442632613E-02 , 8.38935615817223E-02 , 0.333380263071428 , 0.333380263071428 
period1,sc01,t2399, 1.56517061145343E-02 , 0.117176163954305 , 0.333380263071428 , 0.333380263071428 
period1,sc01,t2400, 7.21446110749869E-02 , 6.19451295857367E-02 , 0.344708625809129 , 0.344708625809129 
period1,sc01,t2401, 6.71098413765622E-02 , 4.80334793392764E-02 , 0.343839436431535 , 0.343839436431535 
period1,sc01,t2402, 6.58449615649339E-02 , 6.31560779159935E-02 , 0.362545766340249 , 0.362545766340249 
period1,sc01,t2403, 0.0599968683119 , 0.04706274415312 , 0.420805093941908 , 0.420805093941908 
period1,sc01,t2404, 5.81815912008391E-02 , 0.050365789983845 , 0.35815756909091 , 0.35815756909091 
period1,sc01,t2405, 5.86893175674697E-02 , 4.90763236373166E-02 , 0.426045199966805 , 0.426045199966805 
period1,sc01,t2406, 7.29588327549357E-02 , 5.00802619213366E-02 , 0.492654460580913 , 0.492654460580913 
period1,sc01,t2407, 7.17899525629415E-02 , 4.84626589140271E-02 , 0.487882913526971 , 0.487882913526971 
period1,sc01,t2408, 7.19129957344684E-02 , 4.83954595442641E-02 , 0.567989214647302 , 0.567989214647302 
period1,sc01,t2409, 7.54513553749345E-02 , 8.02774500996329E-02 , 0.558083087925311 , 0.558083087925311 
period1,sc01,t2410, 0.095805624560768 , 5.09791609433962E-02 , 0.553776076307053 , 0.553776076307053 
period1,sc01,t2411, 8.12164765441043E-02 , 6.59653080230729E-02 , 0.505889148298755 , 0.505889148298755 
period1,sc01,t2412, 7.93344049990944E-02 , 0.079167999937074 , 0.430875336883117 , 0.430875336883117 
period1,sc01,t2413, 7.91499899293607E-02 , 6.03475248243314E-02 , 0.442674825532468 , 0.442674825532468 
period1,sc01,t2414, 7.06375579605144E-02 , 5.03645920293655E-02 , 0.43159621553527 , 0.43159621553527 
period1,sc01,t2415, 0.080827288896939 , 5.10011554798113E-02 , 0.434702201875519 , 0.434702201875519 
period1,sc01,t2416, 0.104887368203224 , 4.68976806502359E-02 , 0.584361802655602 , 0.584361802655602 
period1,sc01,t2417, 0.227511175071545 , 4.85916520713162E-02 , 0.887564447302904 , 0.887564447302904 
period1,sc01,t2418, 0.105166946187729 , 4.64173208180388E-02 , 0.736039937925311 , 0.736039937925311 
period1,sc01,t2419, 0.106475435584688 , 4.63096539590981E-02 , 0.739037471701245 , 0.739037471701245 
period1,sc01,t2420, 9.60673627012987E-02 , 4.01472189826954E-02 , 0.77776079813278 , 0.77776079813278 
period1,sc01,t2421, 9.06859631088448E-02 , 4.63554942317776E-02 , 0.7359375206639 , 0.7359375206639 
period1,sc01,t2422, 9.06336385571703E-02 , 4.69451002936549E-02 , 0.598293750746888 , 0.598293750746888 
period1,sc01,t2423, 8.10636438101908E-02 , 4.58916985317253E-02 , 0.40110988879668 , 0.40110988879668 
period1,sc01,t2424, 6.51142469343066E-02 , 0.1429387066787 , 0.430025108935064 , 0.430025108935064 
period1,sc01,t2425, 6.57318162919708E-02 , 0.149686012010193 , 0.457457596612987 , 0.457457596612987 
period1,sc01,t2426, 6.57512962335767E-02 , 0.157851912379613 , 0.458008676571428 , 0.458008676571428 
period1,sc01,t2427, 5.71005788321167E-02 , 0.147111742505415 , 0.446626074896266 , 0.446626074896266 
period1,sc01,t2428, 6.35951101970803E-02 , 0.157069813265378 , 0.451236670233766 , 0.451236670233766 
period1,sc01,t2429, 6.66394935059675E-02 , 0.156353880512195 , 0.45745467225 , 0.45745467225 
period1,sc01,t2430, 8.70746696853527E-02 , 0.156365542741464 , 0.603518992317225 , 0.603518992317225 
period1,sc01,t2431, 8.23428227848101E-02 , 0.158080355383275 , 0.604237066115702 , 0.604237066115702 
period1,sc01,t2432, 8.25539582278481E-02 , 0.158232041853659 , 0.595990034280991 , 0.595990034280991 
period1,sc01,t2433, 8.61638952879581E-02 , 0.176902690153846 , 0.602628830578513 , 0.602628830578513 
period1,sc01,t2434, 8.50755186618445E-02 , 0.185815637538462 , 0.597120394115702 , 0.597120394115702 
period1,sc01,t2435, 8.59888302640144E-02 , 0.176645681538462 , 0.594805913429752 , 0.594805913429752 
period1,sc01,t2436, 0.097351938726944 , 0.274979326153846 , 0.456878647437931 , 0.456878647437931 
period1,sc01,t2437, 9.61057339267016E-02 , 0.276168090461538 , 0.524423188448276 , 0.524423188448276 
period1,sc01,t2438, 9.39116596020942E-02 , 0.393404201538461 , 0.524446834 , 0.524446834 
period1,sc01,t2439, 9.09329892670157E-02 , 0.38823816923077 , 0.463021732727272 , 0.463021732727272 
period1,sc01,t2440, 9.12189692007043E-02 , 0.301937896440434 , 0.468507500727273 , 0.468507500727273 
period1,sc01,t2441, 9.11764868661972E-02 , 0.203371507516245 , 0.561285142857143 , 0.561285142857143 
period1,sc01,t2442, 5.62002402810219E-02 , 0.311494902888087 , 0.464011924441559 , 0.464011924441559 
period1,sc01,t2443, 5.08493438211679E-02 , 0.166797 , 0.471300447896104 , 0.471300447896104 
period1,sc01,t2444, 5.70591839562044E-02 , 0.231147322743682 , 0.471226412171429 , 0.471226412171429 
period1,sc01,t2445, 5.44915227359156E-02 , 0.166797 , 0.468008794545455 , 0.468008794545455 
period1,sc01,t2446, 5.44009981669014E-02 , 0.406153705776173 , 0.464379214805195 , 0.464379214805195 
period1,sc01,t2447, 5.44915227359156E-02 , 0.273017183393502 , 0.424549727885714 , 0.424549727885714 
period1,sc01,t2448, 6.27907550783832E-02 , 0.14599738478594 , 0.503753239941909 , 0.503753239941909 
period1,sc01,t2449, 6.91530395219684E-02 , 0.148984995585237 , 0.525809728220656 , 0.525809728220656 
period1,sc01,t2450, 6.91530395219684E-02 , 0.149029552956063 , 0.521536153294606 , 0.521536153294606 
period1,sc01,t2451, 6.94969911564147E-02 , 0.296712613434095 , 0.52665772092946 , 0.52665772092946 
period1,sc01,t2452, 6.94969911564147E-02 , 0.29819883626362 , 0.528037377909581 , 0.528037377909581 
period1,sc01,t2453, 7.03834483233744E-02 , 0.279175184045695 , 0.526956709742738 , 0.526956709742738 
period1,sc01,t2454, 8.72151905799648E-02 , 0.137436213634798 , 0.610153115452282 , 0.610153115452282 
period1,sc01,t2455, 8.72151905799648E-02 , 0.134868126115993 , 0.611496719502075 , 0.611496719502075 
period1,sc01,t2456, 8.90725294059754E-02 , 0.145250775226713 , 0.665823632838174 , 0.665823632838174 
period1,sc01,t2457, 9.37496853532513E-02 , 0.140393240098419 , 0.611559470240663 , 0.611559470240663 
period1,sc01,t2458, 9.37307289279437E-02 , 0.15167641712478 , 0.605699658622407 , 0.605699658622407 
period1,sc01,t2459, 9.37242798347979E-02 , 0.14092636513181 , 0.653419288307053 , 0.653419288307053 
period1,sc01,t2460, 9.53750522530756E-02 , 0.178668803346221 , 0.51186884833195 , 0.51186884833195 
period1,sc01,t2461, 0.095467684681898 , 0.241761649581723 , 0.595358706024896 , 0.595358706024896 
period1,sc01,t2462, 9.54688572442882E-02 , 0.243038570024605 , 0.64497331573444 , 0.64497331573444 
period1,sc01,t2463, 9.56990703268893E-02 , 0.156754726208436 , 0.696732293514522 , 0.696732293514522 
period1,sc01,t2464, 0.09559373513884 , 0.155129613363796 , 0.596362717842324 , 0.596362717842324 
period1,sc01,t2465, 9.55513274657294E-02 , 0.145237486186291 , 0.596362717842324 , 0.596362717842324 
period1,sc01,t2466, 8.08270706783832E-02 , 0.114450375386994 , 0.509724710962656 , 0.509724710962656 
period1,sc01,t2467, 7.41140923666081E-02 , 0.117524658089632 , 0.502816131485478 , 0.502816131485478 
period1,sc01,t2468, 7.48968363901581E-02 , 0.124037245488928 , 0.502816131485478 , 0.502816131485478 
period1,sc01,t2469, 7.23275567662566E-02 , 0.132788274033744 , 0.510838997975104 , 0.510838997975104 
period1,sc01,t2470, 6.51874726038664E-02 , 0.145489977954305 , 0.510170425767635 , 0.510170425767635 
period1,sc01,t2471, 6.51616371458699E-02 , 0.149544405558875 , 0.50743384760166 , 0.50743384760166 
period1,sc01,t2472, 0.032328913086116 , 9.56224629173989E-02 , 0.51164331479502 , 0.51164331479502 
period1,sc01,t2473, 5.39026930755712E-02 , 0.1223178 , 0.409828764946058 , 0.409828764946058 
period1,sc01,t2474, 6.07201271536028E-02 , 0.102260143181019 , 0.386730956315353 , 0.386730956315353 
period1,sc01,t2475, 6.16363283198594E-02 , 9.25282466541301E-02 , 0.410788482124482 , 0.410788482124482 
period1,sc01,t2476, 6.13267718488577E-02 , 9.21131204826011E-02 , 0.381913914323652 , 0.381913914323652 
period1,sc01,t2477, 6.23035749479789E-02 , 0.101480154679086 , 0.397267543568465 , 0.397267543568465 
period1,sc01,t2478, 6.81670904362039E-02 , 9.17392489644991E-02 , 0.443247316745229 , 0.443247316745229 
period1,sc01,t2479, 6.72058042460457E-02 , 0.104584748119508 , 0.476047404647302 , 0.476047404647302 
period1,sc01,t2480, 6.68903849630931E-02 , 8.80377430966608E-02 , 0.470261417427386 , 0.470261417427386 
period1,sc01,t2481, 7.72445017223199E-02 , 8.92529867578207E-02 , 0.476626003369295 , 0.476626003369295 
period1,sc01,t2482, 7.65670733441125E-02 , 0.096719785887522 , 0.437810057526971 , 0.437810057526971 
period1,sc01,t2483, 7.70129597356766E-02 , 8.89998305377856E-02 , 0.465439761410788 , 0.465439761410788 
period1,sc01,t2484, 7.70568917398945E-02 , 9.65669619226714E-02 , 0.443860336092947 , 0.443860336092947 
period1,sc01,t2485, 7.69474525834798E-02 , 9.67133367943761E-02 , 0.428527562240663 , 0.428527562240663 
period1,sc01,t2486, 7.70946287061511E-02 , 9.68950839648506E-02 , 0.426063672946058 , 0.426063672946058 
period1,sc01,t2487, 7.70363718980668E-02 , 9.75736067346221E-02 , 0.433516338239004 , 0.433516338239004 
period1,sc01,t2488, 7.65814567760985E-02 , 0.105639956557118 , 0.381339929626556 , 0.381339929626556 
period1,sc01,t2489, 0.077171177487522 , 0.104178259824253 , 0.386346146639004 , 0.386346146639004 
period1,sc01,t2490, 6.13267718488577E-02 , 9.05659830369069E-02 , 0.290653115900415 , 0.290653115900415 
period1,sc01,t2491, 6.16363283198594E-02 , 0.102736008084359 , 0.295200237435685 , 0.295200237435685 
period1,sc01,t2492, 6.16392792685413E-02 , 0.135481767100175 , 0.295200237435685 , 0.295200237435685 
period1,sc01,t2493, 6.16392792685413E-02 , 0.102907983901582 , 0.294758213850623 , 0.294758213850623 
period1,sc01,t2494, 5.98633162724077E-02 , 0.102008179066081 , 0.345779639751037 , 0.345779639751037 
period1,sc01,t2495, 5.98877641982426E-02 , 0.118083872636204 , 0.362593331034025 , 0.362593331034025 
period1,sc01,t2496, 3.29393292721031E-02 , 4.93121598216868E-02 , 0.386593566233767 , 0.386593566233767 
period1,sc01,t2497, 3.98155830608696E-02 , 5.75255385542169E-02 , 0.361433365145228 , 0.361433365145228 
period1,sc01,t2498, 4.16186908172232E-02 , 5.77115865553603E-02 , 0.383062736099585 , 0.383062736099585 
period1,sc01,t2499, 3.95914830843585E-02 , 5.61516419998248E-02 , 0.382921158713693 , 0.382921158713693 
period1,sc01,t2500, 0.047819741311072 , 6.21555278689942E-02 , 0.367050790456431 , 0.367050790456431 
period1,sc01,t2501, 4.81313277820738E-02 , 5.80300641430073E-02 , 0.379938662337662 , 0.379938662337662 
period1,sc01,t2502, 4.85492265975395E-02 , 4.60282351643234E-02 , 0.523435737189055 , 0.523435737189055 
period1,sc01,t2503, 5.61578064566505E-02 , 0.052728640311072 , 0.547592099751038 , 0.547592099751038 
period1,sc01,t2504, 7.75190309666081E-02 , 0.038141197781195 , 0.550133185477179 , 0.550133185477179 
period1,sc01,t2505, 9.84654256766256E-02 , 5.11797220667838E-02 , 0.562004278268398 , 0.562004278268398 
period1,sc01,t2506, 0.100385083075571 , 5.39315791898067E-02 , 0.548317798029046 , 0.548317798029046 
period1,sc01,t2507, 0.105897617996485 , 0.052424841554007 , 0.547004827620331 , 0.547004827620331 
period1,sc01,t2508, 7.03340496660809E-02 , 5.93740516449913E-02 , 0.428472084170125 , 0.428472084170125 
period1,sc01,t2509, 6.93759618892794E-02 , 6.26503907381371E-02 , 0.470735140259741 , 0.470735140259741 
period1,sc01,t2510, 7.07929258761384E-02 , 5.81286342530755E-02 , 0.42785854674109 , 0.42785854674109 
period1,sc01,t2511, 6.99661552868852E-02 , 5.20767586742224E-02 , 0.467841694054054 , 0.467841694054054 
period1,sc01,t2512, 6.38544515448154E-02 , 5.25059956449913E-02 , 0.444975861923077 , 0.444975861923077 
period1,sc01,t2513, 6.47530384534271E-02 , 4.92906662196837E-02 , 0.454540228205128 , 0.454540228205128 
period1,sc01,t2514, 5.71866865664845E-02 , 3.49698169815466E-02 , 0.408500603141026 , 0.408500603141026 
period1,sc01,t2515, 6.35345701639344E-02 , 3.45585143286468E-02 , 0.462978544871795 , 0.462978544871795 
period1,sc01,t2516, 6.35380329539246E-02 , 4.81772301098419E-02 , 0.387552975897436 , 0.387552975897436 
period1,sc01,t2517, 8.59870282331512E-02 , 3.91563684780317E-02 , 0.409645156472757 , 0.409645156472757 
period1,sc01,t2518, 4.25887796502732E-02 , 0.051682771344464 , 0.407572576452991 , 0.407572576452991 
period1,sc01,t2519, 0.040138699922685 , 0.051903965241652 , 0.422619496752137 , 0.422619496752137 
period1,sc01,t2520, 0.032017555380241 , 0.096278826801406 , 0.557522794298756 , 0.557522794298756 
period1,sc01,t2521, 3.28126492239716E-02 , 9.67231960439367E-02 , 0.564433629853448 , 0.564433629853448 
period1,sc01,t2522, 3.23973447570815E-02 , 9.56483837082601E-02 , 0.566292933659336 , 0.566292933659336 
period1,sc01,t2523, 3.19906557564658E-02 , 9.53286661781559E-02 , 0.571688134348548 , 0.571688134348548 
period1,sc01,t2524, 3.21427128911827E-02 , 9.78163738738738E-02 , 0.567070572049281 , 0.567070572049281 
period1,sc01,t2525, 4.45805077260908E-02 , 0.101677511891892 , 0.567954446526187 , 0.567954446526187 
period1,sc01,t2526, 0.065497333156508 , 0.118959117370826 , 0.547760636487367 , 0.547760636487367 
period1,sc01,t2527, 5.78377511232202E-02 , 0.101204205114236 , 0.546922960448065 , 0.546922960448065 
period1,sc01,t2528, 0.06415438 , 0.100340700611599 , 0.545606110896496 , 0.545606110896496 
period1,sc01,t2529, 7.32663809885905E-02 , 0.12238592002109 , 0.547932818239608 , 0.547932818239608 
period1,sc01,t2530, 7.32644782541688E-02 , 0.12238592002109 , 0.54813925604727 , 0.54813925604727 
period1,sc01,t2531, 6.22403925127421E-02 , 8.95338143935018E-02 , 0.611300867340469 , 0.611300867340469 
period1,sc01,t2532, 7.01970714107899E-02 , 9.40558400274475E-02 , 0.484983976816694 , 0.484983976816694 
period1,sc01,t2533, 7.02879050551153E-02 , 0.11904841502334 , 0.525287653018017 , 0.525287653018017 
period1,sc01,t2534, 7.33613881717403E-02 , 0.117452280420825 , 0.524116770810811 , 0.524116770810811 
period1,sc01,t2535, 7.40179932432432E-02 , 9.50297389423077E-02 , 0.527907983218673 , 0.527907983218673 
period1,sc01,t2536, 6.88331138007859E-02 , 8.46708737434095E-02 , 0.517003011915156 , 0.517003011915156 
period1,sc01,t2537, 7.00904605578754E-02 , 8.35890631722319E-02 , 0.518620556489627 , 0.518620556489627 
period1,sc01,t2538, 4.69331025593717E-02 , 4.62471006049209E-02 , 0.502705882526971 , 0.502705882526971 
period1,sc01,t2539, 4.68695308248187E-02 , 5.25848776304042E-02 , 0.498318605518242 , 0.498318605518242 
period1,sc01,t2540, 5.38000144183638E-02 , 4.47857912741652E-02 , 0.500746553236515 , 0.500746553236515 
period1,sc01,t2541, 4.78028898860891E-02 , 6.23315146079086E-02 , 0.508165292672199 , 0.508165292672199 
period1,sc01,t2542, 4.61411162161687E-02 , 5.06191315968366E-02 , 0.503850086771784 , 0.503850086771784 
period1,sc01,t2543, 4.39476988875648E-02 , 6.23194037725835E-02 , 0.490866833792531 , 0.490866833792531 
period1,sc01,t2544, 3.52847729231986E-02 , 9.44621827908611E-02 , 0.349378383020746 , 0.349378383020746 
period1,sc01,t2545, 3.50657523022847E-02 , 6.04392174635261E-02 , 0.318958633333333 , 0.318958633333333 
period1,sc01,t2546, 3.54080088752197E-02 , 9.43010248725611E-02 , 0.319033 , 0.319033 
period1,sc01,t2547, 3.51896727855888E-02 , 9.29868564598347E-02 , 0.357219203319502 , 0.357219203319502 
period1,sc01,t2548, 3.51906724043716E-02 , 0.110608314112478 , 0.36366133153527 , 0.36366133153527 
period1,sc01,t2549, 5.05507416666667E-02 , 8.40417386271752E-02 , 0.314025322510823 , 0.314025322510823 
period1,sc01,t2550, 8.30346502732241E-02 , 9.33728598523466E-02 , 0.392022917532467 , 0.392022917532467 
period1,sc01,t2551, 9.51088710382514E-02 , 8.63770336614519E-02 , 0.397096245435684 , 0.397096245435684 
period1,sc01,t2552, 9.62231476274164E-02 , 8.64563471880491E-02 , 0.393483691341991 , 0.393483691341991 
period1,sc01,t2553, 9.41027173989455E-02 , 8.84656195079087E-02 , 0.392018174688797 , 0.392018174688797 
period1,sc01,t2554, 9.36549490333919E-02 , 8.75246001757469E-02 , 0.391824697925311 , 0.391824697925311 
period1,sc01,t2555, 9.31927627833421E-02 , 8.62257974516697E-02 , 0.390529698745675 , 0.390529698745675 
period1,sc01,t2556, 9.40272398066784E-02 , 9.69528297012302E-02 , 0.407360318181818 , 0.407360318181818 
period1,sc01,t2557, 9.37672832161687E-02 , 9.76005646748682E-02 , 0.414146732365145 , 0.414146732365145 
period1,sc01,t2558, 8.30224590163934E-02 , 9.67214957820738E-02 , 0.438335956431536 , 0.438335956431536 
period1,sc01,t2559, 8.84122950790861E-02 , 9.58771269771529E-02 , 0.436458460182497 , 0.436458460182497 
period1,sc01,t2560, 8.86016752196836E-02 , 9.54926039725787E-02 , 0.3683381 , 0.3683381 
period1,sc01,t2561, 8.30759312829526E-02 , 0.093514351291967 , 0.366714229337948 , 0.366714229337948 
period1,sc01,t2562, 5.99859831756046E-02 , 6.02635100369133E-02 , 0.364089017012449 , 0.364089017012449 
period1,sc01,t2563, 6.91520191211003E-02 , 0.059958360254833 , 0.410902525103734 , 0.410902525103734 
period1,sc01,t2564, 6.36562864661655E-02 , 6.03521768453427E-02 , 0.364274975757576 , 0.364274975757576 
period1,sc01,t2565, 6.16772753281723E-02 , 7.44941841272632E-02 , 0.311143372727273 , 0.311143372727273 
period1,sc01,t2566, 5.53782035149385E-02 , 5.99854291615398E-02 , 0.350049694805195 , 0.350049694805195 
period1,sc01,t2567, 5.82591717668488E-02 , 0.117911232378274 , 0.294090234854771 , 0.294090234854771 
period1,sc01,t2568, 0.036461306147541 , 6.69472520210896E-02 , 0.338980168181818 , 0.338980168181818 
period1,sc01,t2569, 3.45060055810193E-02 , 6.50215755676626E-02 , 0.335114791454545 , 0.335114791454545 
period1,sc01,t2570, 3.38192779230228E-02 , 6.69641351353251E-02 , 0.333430545636363 , 0.333430545636363 
period1,sc01,t2571, 0.033585368400703 , 0.069927601891516 , 0.259761977272727 , 0.259761977272727 
period1,sc01,t2572, 3.83025825471767E-02 , 0.070260795819744 , 0.261579416 , 0.261579416 
period1,sc01,t2573, 4.75027004590164E-02 , 0.072657646839502 , 0.344511336363636 , 0.344511336363636 
period1,sc01,t2574, 4.97299544918033E-02 , 6.24606914783977E-02 , 0.3505265 , 0.3505265 
period1,sc01,t2575, 4.38005735897996E-02 , 6.29917571031787E-02 , 0.340429618181818 , 0.340429618181818 
period1,sc01,t2576, 4.14532792422587E-02 , 6.03094879721231E-02 , 0.259941 , 0.259941 
period1,sc01,t2577, 4.17646287868853E-02 , 5.56410260145178E-02 , 0.26563630969697 , 0.26563630969697 
period1,sc01,t2578, 5.33510428235501E-02 , 0.06307843456942 , 0.308664780242425 , 0.308664780242425 
period1,sc01,t2579, 4.73345261237076E-02 , 6.20449417135325E-02 , 0.356770812727272 , 0.356770812727272 
period1,sc01,t2580, 5.78867054948621E-02 , 7.26947149314587E-02 , 0.306673092727273 , 0.306673092727273 
period1,sc01,t2581, 7.03750406193078E-02 , 6.46095738586995E-02 , 0.346192717818182 , 0.346192717818182 
period1,sc01,t2582, 7.77124445974499E-02 , 6.33301940105449E-02 , 0.403606022545454 , 0.403606022545454 
period1,sc01,t2583, 5.99154270578692E-02 , 6.39095895834798E-02 , 0.403425567636364 , 0.403425567636364 
period1,sc01,t2584, 6.32566695438976E-02 , 7.21640626221441E-02 , 0.356937423212121 , 0.356937423212121 
period1,sc01,t2585, 6.61506814129111E-02 , 7.19652133637961E-02 , 0.357603865151515 , 0.357603865151515 
period1,sc01,t2586, 0.050188537500437 , 5.56962043057997E-02 , 0.314936781818182 , 0.314936781818182 
period1,sc01,t2587, 8.46316926201332E-02 , 7.25169909841828E-02 , 0.298705387878788 , 0.298705387878788 
period1,sc01,t2588, 5.02451377189622E-02 , 5.76011840769771E-02 , 0.316870227272727 , 0.316870227272727 
period1,sc01,t2589, 0.04929342389101 , 6.32293739479789E-02 , 0.310087414181818 , 0.310087414181818 
period1,sc01,t2590, 0.039919805991105 , 0.063129891175747 , 0.296742344 , 0.296742344 
period1,sc01,t2591, 4.06020989291178E-02 , 6.17039249819495E-02 , 0.262089272727273 , 0.262089272727273 
period1,sc01,t2592, 3.91132100824242E-02 , 5.64870274186291E-02 , 0.265427639965651 , 0.265427639965651 
period1,sc01,t2593, 3.49626432267736E-02 , 5.63775440404218E-02 , 0.265633612185487 , 0.265633612185487 
period1,sc01,t2594, 3.28793240921788E-02 , 5.61398358383128E-02 , 0.270558952486046 , 0.270558952486046 
period1,sc01,t2595, 2.68844001819175E-02 , 8.88779435978911E-02 , 0.265769506500644 , 0.265769506500644 
period1,sc01,t2596, 2.74629769136926E-02 , 9.01116617644992E-02 , 0.263505232580507 , 0.263505232580507 
period1,sc01,t2597, 3.75926296700656E-02 , 8.91974203205624E-02 , 0.255650351764706 , 0.255650351764706 
period1,sc01,t2598, 4.17337713882642E-02 , 5.61642753036907E-02 , 0.284441480103048 , 0.284441480103048 
period1,sc01,t2599, 4.32129147803935E-02 , 6.31224101022847E-02 , 0.283949040772864 , 0.283949040772864 
period1,sc01,t2600, 4.05318923070977E-02 , 5.56802149648506E-02 , 0.269593013799914 , 0.269593013799914 
period1,sc01,t2601, 4.81433478593914E-02 , 5.60031608899824E-02 , 0.326239162249893 , 0.326239162249893 
period1,sc01,t2602, 0.049144872712906 , 5.58532487054481E-02 , 0.269612900772864 , 0.269612900772864 
period1,sc01,t2603, 4.93262157009346E-02 , 5.10701001039711E-02 , 0.272536759295835 , 0.272536759295835 
period1,sc01,t2604, 0.054427403622001 , 0.113222519505096 , 0.331069802679262 , 0.331069802679262 
period1,sc01,t2605, 5.83753452227844E-02 , 0.122530680421792 , 0.320924605478746 , 0.320924605478746 
period1,sc01,t2606, 5.88785887155215E-02 , 0.12400848314587 , 0.333383320532418 , 0.333383320532418 
period1,sc01,t2607, 5.11707080987822E-02 , 0.122118833760984 , 0.333753597028767 , 0.333753597028767 
period1,sc01,t2608, 5.79335132750122E-02 , 0.110489912065377 , 0.303657030966079 , 0.303657030966079 
period1,sc01,t2609, 5.78080263783255E-02 , 8.47444954618629E-02 , 0.322042063958781 , 0.322042063958781 
period1,sc01,t2610, 0.04747633317 , 7.40207642741652E-02 , 0.260749466328897 , 0.260749466328897 
period1,sc01,t2611, 5.02733719347541E-02 , 0.069056025456942 , 0.272880046328897 , 0.272880046328897 
period1,sc01,t2612, 5.05055961253468E-02 , 5.58509811261863E-02 , 0.254800420420781 , 0.254800420420781 
period1,sc01,t2613, 4.50548078752864E-02 , 6.92231867486819E-02 , 0.249607079484757 , 0.249607079484757 
period1,sc01,t2614, 4.22051952146477E-02 , 7.14952236449912E-02 , 0.254265366148561 , 0.254265366148561 
period1,sc01,t2615, 4.28105714719137E-02 , 7.13019173581722E-02 , 0.263909127531129 , 0.263909127531129 
period1,sc01,t2616, 3.64616317801967E-02 , 5.38860558622144E-02 , 0.493664119576806 , 0.493664119576806 
period1,sc01,t2617, 2.93483396562007E-02 , 5.73701429455184E-02 , 0.452278244242424 , 0.452278244242424 
period1,sc01,t2618, 0.026595800370396 , 5.67918520906854E-02 , 0.389721497212121 , 0.389721497212121 
period1,sc01,t2619, 1.44319954856102E-02 , 5.81010787086116E-02 , 0.461058590448133 , 0.461058590448133 
period1,sc01,t2620, 0.026223345091439 , 0.067257563768014 , 0.461255992643984 , 0.461255992643984 
period1,sc01,t2621, 2.67779088480874E-02 , 9.03035144748682E-02 , 0.434013152121213 , 0.434013152121213 
period1,sc01,t2622, 4.47625379166959E-02 , 5.66651777483304E-02 , 0.387931006481328 , 0.387931006481328 
period1,sc01,t2623, 3.65768624131147E-02 , 5.86425456267135E-02 , 0.43296765939394 , 0.43296765939394 
period1,sc01,t2624, 3.64821318032787E-02 , 5.90965847666081E-02 , 0.432815620475984 , 0.432815620475984 
period1,sc01,t2625, 3.89816837564148E-02 , 5.80256284003515E-02 , 0.506815723917013 , 0.506815723917013 
period1,sc01,t2626, 3.65222739310103E-02 , 5.92101381588753E-02 , 0.390709952190065 , 0.390709952190065 
period1,sc01,t2627, 3.90035974362533E-02 , 6.28410170826011E-02 , 0.435728428545455 , 0.435728428545455 
period1,sc01,t2628, 3.93039581856318E-02 , 9.40879104527241E-02 , 0.455412812848484 , 0.455412812848484 
period1,sc01,t2629, 3.92762418360995E-02 , 9.44382805202109E-02 , 0.515447965090909 , 0.515447965090909 
period1,sc01,t2630, 3.93212291208333E-02 , 0.10335572008717 , 0.516089582545454 , 0.516089582545454 
period1,sc01,t2631, 0.04521398 , 6.66451235571177E-02 , 0.518873744 , 0.518873744 
period1,sc01,t2632, 4.81913150852419E-02 , 0.057840055140246 , 0.390406080121212 , 0.390406080121212 
period1,sc01,t2633, 4.80557737662783E-02 , 5.64211513339192E-02 , 0.390338767575757 , 0.390338767575757 
period1,sc01,t2634, 4.47066477966102E-02 , 6.55969980316345E-02 , 0.38993536969697 , 0.38993536969697 
period1,sc01,t2635, 4.47124052344827E-02 , 5.78188329240774E-02 , 0.389852780545455 , 0.389852780545455 
period1,sc01,t2636, 4.53010268002037E-02 , 4.99964403304042E-02 , 0.389958284606061 , 0.389958284606061 
period1,sc01,t2637, 4.49838224022403E-02 , 5.80777439613356E-02 , 0.434504867878788 , 0.434504867878788 
period1,sc01,t2638, 4.64671832251948E-02 , 6.59381039718805E-02 , 0.390607540363636 , 0.390607540363636 
period1,sc01,t2639, 4.21149271245551E-02 , 6.64113884639719E-02 , 0.389759004552142 , 0.389759004552142 
period1,sc01,t2640, 0.052358102230563 , 5.01877798162125E-02 , 0.378883634630706 , 0.378883634630706 
period1,sc01,t2641, 3.67548383959719E-02 , 5.35272920391334E-02 , 0.33718333939394 , 0.33718333939394 
period1,sc01,t2642, 3.64904609131764E-02 , 0.045516512395877 , 0.338928529268715 , 0.338928529268715 
period1,sc01,t2643, 3.63553999746514E-02 , 5.50270446263309E-02 , 0.337745364780082 , 0.337745364780082 
period1,sc01,t2644, 4.45060683193916E-02 , 5.54008939422004E-02 , 0.338165588809623 , 0.338165588809623 
period1,sc01,t2645, 5.59053751939163E-02 , 5.98600613790772E-02 , 0.337876234107884 , 0.337876234107884 
period1,sc01,t2646, 6.70624418555133E-02 , 4.79501228301887E-02 , 0.350315684024896 , 0.350315684024896 
period1,sc01,t2647, 5.57879290240811E-02 , 6.34590936352201E-02 , 0.349917445524679 , 0.349917445524679 
period1,sc01,t2648, 6.82597458555133E-02 , 5.54536580917206E-02 , 0.350703135757576 , 0.350703135757576 
period1,sc01,t2649, 5.63028791634981E-02 , 5.50702547714386E-02 , 0.382842250545455 , 0.382842250545455 
period1,sc01,t2650, 7.00971135107731E-02 , 5.53402245521343E-02 , 0.352902489636363 , 0.352902489636363 
period1,sc01,t2651, 0.177498660735108 , 5.42857640217011E-02 , 0.352361124909091 , 0.352361124909091 
period1,sc01,t2652, 4.95011046387832E-02 , 0.059969813175853 , 0.343311168 , 0.343311168 
period1,sc01,t2653, 4.99652821959965E-02 , 6.03011212801679E-02 , 0.34312212 , 0.34312212 
period1,sc01,t2654, 4.87787017828533E-02 , 6.09866842594859E-02 , 0.34327966 , 0.34327966 
period1,sc01,t2655, 5.16437643803233E-02 , 6.07836369889841E-02 , 0.34312212 , 0.34312212 
period1,sc01,t2656, 5.75877586311787E-02 , 0.060020978546471 , 0.376096484016598 , 0.376096484016598 
period1,sc01,t2657, 4.58339597092084E-02 , 5.53267847075471E-02 , 0.379251293333333 , 0.379251293333333 
period1,sc01,t2658, 5.80390938213915E-02 , 5.50835142138365E-02 , 0.389322522655601 , 0.389322522655601 
period1,sc01,t2659, 5.87691348196721E-02 , 5.53106591509434E-02 , 0.379400221237559 , 0.379400221237559 
period1,sc01,t2660, 7.00600978450363E-02 , 4.96720895251572E-02 , 0.395097430363636 , 0.395097430363636 
period1,sc01,t2661, 4.53806368345825E-02 , 5.49650289412998E-02 , 0.487860801515152 , 0.487860801515152 
period1,sc01,t2662, 4.46007683465704E-02 , 5.49650289412998E-02 , 0.491928159662483 , 0.491928159662483 
period1,sc01,t2663, 0.037988856712049 , 5.99292728721174E-02 , 0.477226016953699 , 0.477226016953699 
period1,sc01,t2664, 4.47012739057591E-02 , 5.69843052628159E-02 , 0.588874972121212 , 0.588874972121212 
period1,sc01,t2665, 4.75503913895694E-02 , 5.07237395985559E-02 , 0.708855383327272 , 0.708855383327272 
period1,sc01,t2666, 4.68059717755066E-02 , 5.00218619306859E-02 , 0.709921308515152 , 0.709921308515152 
period1,sc01,t2667, 0.0441112 , 5.62546296158172E-02 , 0.503890257818182 , 0.503890257818182 
period1,sc01,t2668, 3.66017703766849E-02 , 0.061094012 , 0.501011572363636 , 0.501011572363636 
period1,sc01,t2669, 0.041315883701275 , 6.09637715500878E-02 , 0.625685577563636 , 0.625685577563636 
period1,sc01,t2670, 5.24672593398907E-02 , 4.56333464963093E-02 , 0.637031130969697 , 0.637031130969697 
period1,sc01,t2671, 0.172748980469945 , 5.35751455500878E-02 , 0.638347306060606 , 0.638347306060606 
period1,sc01,t2672, 0.176496334028046 , 4.18140065405976E-02 , 0.65633503230303 , 0.65633503230303 
period1,sc01,t2673, 0.418533887718805 , 0.055586468974341 , 0.612515127784232 , 0.612515127784232 
period1,sc01,t2674, 0.751329989655173 , 5.60226331185017E-02 , 0.61108236992949 , 0.61108236992949 
period1,sc01,t2675, 0.992521691115641 , 3.86016045674777E-02 , 0.732784040033195 , 0.732784040033195 
period1,sc01,t2676, 0.417484145060838 , 6.06453414024605E-02 , 0.52411128278607 , 0.52411128278607 
period1,sc01,t2677, 0.415348950057923 , 6.13963559015818E-02 , 0.526240887272727 , 0.526240887272727 
period1,sc01,t2678, 0.339974282527241 , 6.18754546994727E-02 , 0.50838158 , 0.50838158 
period1,sc01,t2679, 9.87789774859745E-02 , 6.17080026924429E-02 , 0.563987471272728 , 0.563987471272728 
period1,sc01,t2680, 6.13381187636108E-02 , 3.86299957796133E-02 , 0.552103226545454 , 0.552103226545454 
period1,sc01,t2681, 9.82055630579964E-02 , 3.85858264365553E-02 , 0.541526563818182 , 0.541526563818182 
period1,sc01,t2682, 0.135602754923858 , 3.85741590629174E-02 , 0.847005965684647 , 0.847005965684647 
period1,sc01,t2683, 0.14342108305043 , 4.25977362003515E-02 , 0.792649620363636 , 0.792649620363636 
period1,sc01,t2684, 0.720941746664323 , 0.046488708403515 , 0.820551386545455 , 0.820551386545455 
period1,sc01,t2685, 0.473810686766257 , 3.82240797107205E-02 , 0.616458793939394 , 0.616458793939394 
period1,sc01,t2686, 0.462657530333216 , 5.18845779957821E-02 , 0.614434643636363 , 0.614434643636363 
period1,sc01,t2687, 0.479902494809348 , 6.72385703690686E-02 , 0.642553146666667 , 0.642553146666667 
period1,sc01,t2688, 0.206993028244548 , 9.19319271001758E-02 , 0.458727836363636 , 0.458727836363636 
period1,sc01,t2689, 0.236135478122989 , 8.71603201405976E-02 , 0.502057415854608 , 0.502057415854608 
period1,sc01,t2690, 0.108434717226671 , 0.087361882741652 , 0.510441057454545 , 0.510441057454545 
period1,sc01,t2691, 0.082813967876296 , 8.60643234973638E-02 , 0.511554817515151 , 0.511554817515151 
period1,sc01,t2692, 8.59050637647479E-02 , 8.73200197398945E-02 , 0.511392980969697 , 0.511392980969697 
period1,sc01,t2693, 0.102995921505005 , 8.75905906642599E-02 , 0.473330362181818 , 0.473330362181818 
period1,sc01,t2694, 8.57336269105971E-02 , 9.54050057644992E-02 , 0.514228601925312 , 0.514228601925312 
period1,sc01,t2695, 8.57198440618101E-02 , 0.09583216343058 , 0.603296619120332 , 0.603296619120332 
period1,sc01,t2696, 9.26712408450704E-02 , 8.75870076245487E-02 , 0.540195112121212 , 0.540195112121212 
period1,sc01,t2697, 0.11021109726997 , 9.60236479015818E-02 , 0.540028024242425 , 0.540028024242425 
period1,sc01,t2698, 0.102309552657162 , 8.85996092513079E-02 , 0.536519178787879 , 0.536519178787879 
period1,sc01,t2699, 0.103525808898305 , 8.88359618834566E-02 , 0.562704236363636 , 0.562704236363636 
period1,sc01,t2700, 0.107658709440655 , 7.17993384259927E-02 , 0.542584946181818 , 0.542584946181818 
period1,sc01,t2701, 0.114130307076286 , 6.99751702987698E-02 , 0.443944378242424 , 0.443944378242424 
period1,sc01,t2702, 9.59558864214507E-02 , 7.00782850180505E-02 , 0.44404272139394 , 0.44404272139394 
period1,sc01,t2703, 8.71143345087299E-02 , 7.67943819507909E-02 , 0.422732333333333 , 0.422732333333333 
period1,sc01,t2704, 8.65400114738997E-02 , 7.17159332238268E-02 , 0.699012284127272 , 0.699012284127272 
period1,sc01,t2705, 9.61173455298585E-02 , 0.102539546601055 , 0.587646695975768 , 0.587646695975768 
period1,sc01,t2706, 0.102882623807913 , 9.35771818312829E-02 , 0.450516660606061 , 0.450516660606061 
period1,sc01,t2707, 0.111712382419153 , 7.33935920397112E-02 , 0.385696111515152 , 0.385696111515152 
period1,sc01,t2708, 0.241491866285306 , 8.08721484182777E-02 , 0.384426362489627 , 0.384426362489627 
period1,sc01,t2709, 0.226075025541652 , 8.56520504541301E-02 , 0.3970008 , 0.3970008 
period1,sc01,t2710, 0.210225273664641 , 8.64800463620387E-02 , 0.380272916363637 , 0.380272916363637 
period1,sc01,t2711, 0.225666953571684 , 8.75760430052724E-02 , 0.385142334545454 , 0.385142334545454 
period1,sc01,t2712, 0.804384012056239 , 0.112565464187698 , 0.725142369493775 , 0.725142369493775 
period1,sc01,t2713, 0.981015139297012 , 0.119839934625659 , 0.719484111828358 , 0.719484111828358 
period1,sc01,t2714, 0.479932130056239 , 0.119354405393673 , 0.76405914582331 , 0.76405914582331 
period1,sc01,t2715, 0.576539412105448 , 0.113028875035149 , 0.767923849045643 , 0.767923849045643 
period1,sc01,t2716, 1.11133355763006 , 0.112368736771529 , 0.767364618174273 , 0.767364618174273 
period1,sc01,t2717, 1.10133348959578 , 0.109978504086115 , 0.749246808921162 , 0.749246808921162 
period1,sc01,t2718, 1.19248509495606 , 0.109705458780317 , 1.11264247344398 , 1.11264247344398 
period1,sc01,t2719, 1.19996529050088 , 0.111625004578207 , 0.88626109593361 , 0.88626109593361 
period1,sc01,t2720, 1.20268536160808 , 0.110802984785589 , 0.888792160331951 , 0.888792160331951 
period1,sc01,t2721, 1.37986724741743 , 9.82006036931319E-02 , 1.1030642830083 , 1.1030642830083 
period1,sc01,t2722, 1.32663770070274 , 0.107675213752854 , 1.10151414224067 , 1.10151414224067 
period1,sc01,t2723, 1.343536903471 , 9.87868957144113E-02 , 0.893854289128631 , 0.893854289128631 
period1,sc01,t2724, 1.10617109414762 , 0.110740423919157 , 0.751302163941909 , 0.751302163941909 
period1,sc01,t2725, 0.975783174421793 , 9.95622544059754E-02 , 0.731005533112033 , 0.731005533112033 
period1,sc01,t2726, 0.819880880045694 , 9.94335182161687E-02 , 0.767247935207383 , 0.767247935207383 
period1,sc01,t2727, 0.810466527068541 , 9.92466431019332E-02 , 0.749767285732062 , 0.749767285732062 
period1,sc01,t2728, 1.08023569294112 , 0.111664148377856 , 0.732252454543568 , 0.732252454543568 
period1,sc01,t2729, 1.07714546683655 , 0.111507573179262 , 0.751760807915458 , 0.751760807915458 
period1,sc01,t2730, 1.15924208852372 , 0.111155278982425 , 0.714611716431535 , 0.714611716431535 
period1,sc01,t2731, 1.17257712753955 , 0.111765199365553 , 0.700730807302904 , 0.700730807302904 
period1,sc01,t2732, 1.2803705193717 , 0.109957144183655 , 0.792829141431535 , 0.792829141431535 
period1,sc01,t2733, 1.163687101529 , 0.113470876977153 , 0.736934065671641 , 0.736934065671641 
period1,sc01,t2734, 1.18991267826011 , 0.111076991383128 , 0.644340626832299 , 0.644340626832299 
period1,sc01,t2735, 1.15946433917398 , 0.122938639323374 , 0.588305529033596 , 0.588305529033596 
period1,sc01,t2736, 0.113440942646284 , 7.24123233540877E-02 , 0.3721419 , 0.3721419 
period1,sc01,t2737, 0.114146775276753 , 8.30215449810504E-02 , 0.356898337662338 , 0.356898337662338 
period1,sc01,t2738, 0.122532581444386 , 6.71174185435841E-02 , 0.355424644155844 , 0.355424644155844 
period1,sc01,t2739, 0.125653844491302 , 7.12844331049024E-02 , 0.395837854545455 , 0.395837854545455 
period1,sc01,t2740, 0.177815671649974 , 7.08196946758039E-02 , 0.365863306493506 , 0.365863306493506 
period1,sc01,t2741, 0.174476782946758 , 7.08196946758039E-02 , 0.453651984415585 , 0.453651984415585 
period1,sc01,t2742, 0.189889936478651 , 7.13786461676331E-02 , 0.533037210871369 , 0.533037210871369 
period1,sc01,t2743, 0.181474892435424 , 0.073927517886136 , 0.602537701065089 , 0.602537701065089 
period1,sc01,t2744, 0.210415548423541 , 7.43044659989457E-02 , 0.625749984603111 , 0.625749984603111 
period1,sc01,t2745, 0.205902730521472 , 7.46708393881971E-02 , 0.601379911867219 , 0.601379911867219 
period1,sc01,t2746, 0.197835773080895 , 6.98698950975224E-02 , 0.596571914285714 , 0.596571914285714 
period1,sc01,t2747, 0.216642732792824 , 6.55045951272333E-02 , 0.557400885311204 , 0.557400885311204 
period1,sc01,t2748, 0.157290995946179 , 6.37888841905793E-02 , 0.463739231452282 , 0.463739231452282 
period1,sc01,t2749, 0.157188884496124 , 4.99715726529508E-02 , 0.488248687717842 , 0.488248687717842 
period1,sc01,t2750, 0.157028367803617 , 6.02830736900369E-02 , 0.453374722207792 , 0.453374722207792 
period1,sc01,t2751, 0.156985141624979 , 0.05990528199262 , 0.441499806473029 , 0.441499806473029 
period1,sc01,t2752, 0.152527197257202 , 7.13268040590405E-02 , 0.4147103586722 , 0.4147103586722 
period1,sc01,t2753, 0.150572270463953 , 6.74568587493233E-02 , 0.438533463236514 , 0.438533463236514 
period1,sc01,t2754, 0.116985426748191 , 7.19750221402215E-02 , 0.409992460381743 , 0.409992460381743 
period1,sc01,t2755, 0.118436405580434 , 7.19042952398524E-02 , 0.408135507784232 , 0.408135507784232 
period1,sc01,t2756, 0.120718582363073 , 7.17077591987348E-02 , 0.426230744813278 , 0.426230744813278 
period1,sc01,t2757, 0.119884941370995 , 6.71957508987547E-02 , 0.414147151867219 , 0.414147151867219 
period1,sc01,t2758, 0.121237258904581 , 6.66082582349756E-02 , 0.397783885714286 , 0.397783885714286 
period1,sc01,t2759, 0.120199905821564 , 6.73137810990795E-02 , 0.371136985892116 , 0.371136985892116 
period1,sc01,t2760, 3.77418624481255E-02 , 3.29114899353825E-02 , 0.394331097402597 , 0.394331097402597 
period1,sc01,t2761, 3.96019149357876E-02 , 3.54783580806846E-02 , 0.370039786424242 , 0.370039786424242 
period1,sc01,t2762, 3.96751850673343E-02 , 3.82115756592735E-02 , 0.384750744571428 , 0.384750744571428 
period1,sc01,t2763, 4.04179204216868E-02 , 4.33406455728257E-02 , 0.370360973073593 , 0.370360973073593 
period1,sc01,t2764, 4.79008422001048E-02 , 4.06727337897311E-02 , 0.372288092969697 , 0.372288092969697 
period1,sc01,t2765, 5.56536436249345E-02 , 4.07961980562348E-02 , 0.415911850376624 , 0.415911850376624 
period1,sc01,t2766, 7.70715874279728E-02 , 3.75202641477471E-02 , 0.349219042857142 , 0.349219042857142 
period1,sc01,t2767, 0.109338678278688 , 4.29135352951449E-02 , 0.319035830904564 , 0.319035830904564 
period1,sc01,t2768, 0.109162819115623 , 2.63911283579526E-02 , 0.359664181285714 , 0.359664181285714 
period1,sc01,t2769, 0.109407290896599 , 2.62902726403924E-02 , 0.359664181285714 , 0.359664181285714 
period1,sc01,t2770, 7.82175983797909E-02 , 2.63010980353466E-02 , 0.359664181285714 , 0.359664181285714 
period1,sc01,t2771, 7.79418824307853E-02 , 0.026690512710248 , 0.414918000584415 , 0.414918000584415 
period1,sc01,t2772, 7.04992049773756E-02 , 2.78493714781834E-02 , 0.341120999784233 , 0.341120999784233 
period1,sc01,t2773, 7.57498165408039E-02 , 6.08175831295843E-02 , 0.36731979651948 , 0.36731979651948 
period1,sc01,t2774, 6.98524995075692E-02 , 4.71089379147747E-02 , 0.361850288874459 , 0.361850288874459 
period1,sc01,t2775, 8.02494794778068E-02 , 3.07789027337761E-02 , 0.435322233697095 , 0.435322233697095 
period1,sc01,t2776, 8.04309106166173E-02 , 3.43328038325533E-02 , 0.415663959435065 , 0.415663959435065 
period1,sc01,t2777, 8.51825570324575E-02 , 3.34632160539644E-02 , 0.441644216 , 0.441644216 
period1,sc01,t2778, 8.13516621026373E-02 , 3.14957997100943E-02 , 0.483809998290456 , 0.483809998290456 
period1,sc01,t2779, 8.85238481200998E-02 , 3.18999693817673E-02 , 0.475648437369295 , 0.475648437369295 
period1,sc01,t2780, 0.088253044982181 , 3.04910242228432E-02 , 0.47567053166805 , 0.47567053166805 
period1,sc01,t2781, 5.76169253893866E-02 , 3.01809225637444E-02 , 0.50102273520332 , 0.50102273520332 
period1,sc01,t2782, 5.67810842898749E-02 , 3.00278314844569E-02 , 0.480232913062241 , 0.480232913062241 
period1,sc01,t2783, 4.84348021523579E-02 , 0.030204843044883 , 0.4826085066722 , 0.4826085066722 
period1,sc01,t2784, 3.05792736439499E-02 , 3.44752909409594E-02 , 0.35737653604329 , 0.35737653604329 
period1,sc01,t2785, 3.23764550780839E-02 , 3.51357941063269E-02 , 0.356646718298755 , 0.356646718298755 
period1,sc01,t2786, 2.93549988936731E-02 , 3.41372484692443E-02 , 0.355293031655602 , 0.355293031655602 
period1,sc01,t2787, 3.23340272135325E-02 , 4.08342037451669E-02 , 0.349119029220779 , 0.349119029220779 
period1,sc01,t2788, 2.27509617258652E-02 , 4.08268758567663E-02 , 0.35659294333195 , 0.35659294333195 
period1,sc01,t2789, 3.87269632896175E-02 , 4.08342037451669E-02 , 0.359372617722943 , 0.359372617722943 
period1,sc01,t2790, 4.86207507492142E-02 , 4.05139808224956E-02 , 0.353597339875519 , 0.353597339875519 
period1,sc01,t2791, 5.00837003690685E-02 , 4.05439884288225E-02 , 0.36255867117316 , 0.36255867117316 
period1,sc01,t2792, 5.15060297334959E-02 , 3.43939759156415E-02 , 0.377984679194805 , 0.377984679194805 
period1,sc01,t2793, 6.44776840070299E-02 , 3.38842333040421E-02 , 0.363159229246753 , 0.363159229246753 
period1,sc01,t2794, 4.44766089806679E-02 , 5.09561637891037E-02 , 0.402111968831169 , 0.402111968831169 
period1,sc01,t2795, 4.62515820966608E-02 , 0.174414087355596 , 0.392289010471862 , 0.392289010471862 
period1,sc01,t2796, 7.62927923022847E-02 , 8.31769956447653 , 0.365711196242424 , 0.365711196242424 
period1,sc01,t2797, 7.03990625351494E-02 , 7.77742543146209 , 0.409134354870129 , 0.409134354870129 
period1,sc01,t2798, 7.03846581107206E-02 , 8.51191972774368 , 0.365182457484849 , 0.365182457484849 
period1,sc01,t2799, 4.27916267759563E-02 , 0.700433731714801 , 0.396869389182572 , 0.396869389182572 
period1,sc01,t2800, 4.24727505272407E-02 , 0.111373307942238 , 0.416071586441559 , 0.416071586441559 
period1,sc01,t2801, 5.92070181019332E-02 , 4.34396837697716E-02 , 0.309406459896266 , 0.309406459896266 
period1,sc01,t2802, 4.12396157873462E-02 , 4.25826362563177E-02 , 0.346638548755187 , 0.346638548755187 
period1,sc01,t2803, 5.73108702655994E-02 , 4.47503230254375E-02 , 0.32053208391342 , 0.32053208391342 
period1,sc01,t2804, 6.46011589632047E-02 , 4.30542958241082E-02 , 0.320475123766234 , 0.320475123766234 
period1,sc01,t2805, 7.68806348448185E-02 , 5.14366528514939E-02 , 0.317543644049792 , 0.317543644049792 
period1,sc01,t2806, 7.52535662504393E-02 , 5.15505734806679E-02 , 0.315990652224066 , 0.315990652224066 
period1,sc01,t2807, 6.07288213743409E-02 , 3.79711068734622E-02 , 0.354608656186722 , 0.354608656186722 
period1,sc01,t2808, 3.98661028133454E-02 , 3.47922238916968E-02 , 0.328493359870129 , 0.328493359870129 
period1,sc01,t2809, 3.70121039630836E-02 , 4.00086029891696E-02 , 0.394209462792208 , 0.394209462792208 
period1,sc01,t2810, 4.78409564639884E-02 , 3.46733918050542E-02 , 0.394040868376623 , 0.394040868376623 
period1,sc01,t2811, 4.84460190553746E-02 , 0.042161460281195 , 0.331094190670996 , 0.331094190670996 
period1,sc01,t2812, 5.30144088526964E-02 , 4.19526444639719E-02 , 0.332969208225109 , 0.332969208225109 
period1,sc01,t2813, 5.49967493485342E-02 , 4.17515625659051E-02 , 0.361588537319502 , 0.361588537319502 
period1,sc01,t2814, 6.47490727139365E-02 , 4.32442089630931E-02 , 0.356250116506224 , 0.356250116506224 
period1,sc01,t2815, 5.73290783487924E-02 , 4.24940188049209E-02 , 0.364487505588745 , 0.364487505588745 
period1,sc01,t2816, 7.06382302732618E-02 , 4.20609193321616E-02 , 0.441261035124481 , 0.441261035124481 
period1,sc01,t2817, 0.07690961120056 , 4.25558901581722E-02 , 0.392476464601732 , 0.392476464601732 
period1,sc01,t2818, 0.081058998202934 , 4.25636240773287E-02 , 0.392382737536797 , 0.392382737536797 
period1,sc01,t2819, 7.23364956252183E-02 , 4.30585949033392E-02 , 0.426244946261411 , 0.426244946261411 
period1,sc01,t2820, 5.02401833333334E-02 , 0.065765381546573 , 0.339110144701245 , 0.339110144701245 
period1,sc01,t2821, 4.98631555623472E-02 , 0.204090137148014 , 0.352716580784233 , 0.352716580784233 
period1,sc01,t2822, 4.99912310059378E-02 , 8.36018680144404E-02 , 0.316765596058091 , 0.316765596058091 
period1,sc01,t2823, 0.049615496926301 , 7.21041090162455E-02 , 0.367967599129871 , 0.367967599129871 
period1,sc01,t2824, 5.41762776903597E-02 , 5.29223781588447E-02 , 0.321460908439834 , 0.321460908439834 
period1,sc01,t2825, 4.96387525971299E-02 , 4.37198449912126E-02 , 0.312593242946058 , 0.312593242946058 
period1,sc01,t2826, 5.40891744393673E-02 , 4.26280669586995E-02 , 0.314857214935065 , 0.314857214935065 
period1,sc01,t2827, 4.70610898867229E-02 , 4.19990479789103E-02 , 0.294105245020747 , 0.294105245020747 
period1,sc01,t2828, 5.00072505782074E-02 , 3.47085144077329E-02 , 0.317605208658009 , 0.317605208658009 
period1,sc01,t2829, 4.31257266956976E-02 , 4.06865245588752E-02 , 0.294020373935065 , 0.294020373935065 
period1,sc01,t2830, 4.31269843388716E-02 , 3.96756983935018E-02 , 0.289258486580087 , 0.289258486580087 
period1,sc01,t2831, 4.23912546978162E-02 , 4.21846620386643E-02 , 0.281603706473029 , 0.281603706473029 
period1,sc01,t2832, 3.33272518077512E-02 , 0.05104696 , 0.316528871428572 , 0.316528871428572 
period1,sc01,t2833, 0.033820345400306 , 5.08250803514938E-02 , 0.318494066666667 , 0.318494066666667 
period1,sc01,t2834, 4.15653937557118E-02 , 5.07547304745167E-02 , 0.318494066666667 , 0.318494066666667 
period1,sc01,t2835, 4.15676936555361E-02 , 5.08451803163444E-02 , 0.318232233333333 , 0.318232233333333 
period1,sc01,t2836, 4.21960881335676E-02 , 5.29347688934217E-02 , 0.309180416969698 , 0.309180416969698 
period1,sc01,t2837, 4.08780715922671E-02 , 5.56307886783832E-02 , 0.304195586363636 , 0.304195586363636 
period1,sc01,t2838, 0.041007329827768 , 5.50070326537786E-02 , 0.294181651515151 , 0.294181651515151 
period1,sc01,t2839, 4.40610556414763E-02 , 5.25227543057997E-02 , 0.315877828 , 0.315877828 
period1,sc01,t2840, 5.60732308534677E-02 , 5.58268792970124E-02 , 0.316075774 , 0.316075774 
period1,sc01,t2841, 7.74904362060173E-02 , 5.24609082601055E-02 , 0.320865081576764 , 0.320865081576764 
period1,sc01,t2842, 7.75913775624681E-02 , 4.15025620386643E-02 , 0.316420194564315 , 0.316420194564315 
period1,sc01,t2843, 7.76900472026166E-02 , 4.92167739332161E-02 , 0.381226519439833 , 0.381226519439833 
period1,sc01,t2844, 7.51934491023183E-02 , 0.047449426543058 , 0.377619412178424 , 0.377619412178424 
period1,sc01,t2845, 8.57794990333919E-02 , 5.08379851168512E-02 , 0.370165408298755 , 0.370165408298755 
period1,sc01,t2846, 8.92797919507908E-02 , 4.67304867773678E-02 , 0.351964415053942 , 0.351964415053942 
period1,sc01,t2847, 7.70352799015818E-02 , 4.81134404780317E-02 , 0.346358846060606 , 0.346358846060606 
period1,sc01,t2848, 5.91905311072056E-02 , 4.74604703813038E-02 , 0.417563129602076 , 0.417563129602076 
period1,sc01,t2849, 5.36336639015818E-02 , 4.72753492513181E-02 , 0.38048926413278 , 0.38048926413278 
period1,sc01,t2850, 7.80676227856895E-02 , 4.17035616871705E-02 , 0.363845789878788 , 0.363845789878788 
period1,sc01,t2851, 6.78074193440383E-02 , 4.19664073813708E-02 , 0.360021785454545 , 0.360021785454545 
period1,sc01,t2852, 7.95060883838384E-02 , 4.14301055307557E-02 , 0.41944129 , 0.41944129 
period1,sc01,t2853, 6.10810361061947E-02 , 4.74144642003515E-02 , 0.375173290350497 , 0.375173290350497 
period1,sc01,t2854, 5.40561228162292E-02 , 4.74045108523726E-02 , 0.369496914909091 , 0.369496914909091 
period1,sc01,t2855, 5.34016725358852E-02 , 0.047464230940246 , 0.370277654303031 , 0.370277654303031 
period1,sc01,t2856, 5.88984151724138E-02 , 4.94114906694708E-02 , 0.439546757575758 , 0.439546757575758 
period1,sc01,t2857, 4.92564465869947E-02 , 4.33068160883281E-02 , 0.410175215761095 , 0.410175215761095 
period1,sc01,t2858, 4.92426595678904E-02 , 4.29062540407589E-02 , 0.422352857454545 , 0.422352857454545 
period1,sc01,t2859, 5.10693896231567E-02 , 4.82671777559263E-02 , 0.405857815767635 , 0.405857815767635 
period1,sc01,t2860, 0.072977826162516 , 4.97275009411765E-02 , 0.385277729676348 , 0.385277729676348 
period1,sc01,t2861, 7.29956353006245E-02 , 5.25437243968394E-02 , 0.37797267107054 , 0.37797267107054 
period1,sc01,t2862, 7.86385945945945E-02 , 0.043277991374474 , 0.451434263900415 , 0.451434263900415 
period1,sc01,t2863, 0.075702463483146 , 4.31812906605922E-02 , 0.423701050157195 , 0.423701050157195 
period1,sc01,t2864, 7.58762884635645E-02 , 4.36256032519754E-02 , 0.478813928489626 , 0.478813928489626 
period1,sc01,t2865, 7.57042305287195E-02 , 3.56596337830734E-02 , 0.452316682157676 , 0.452316682157676 
period1,sc01,t2866, 7.40618824503883E-02 , 3.62429320456541E-02 , 0.425742428912864 , 0.425742428912864 
period1,sc01,t2867, 7.39937879180528E-02 , 0.037479915308165 , 0.419795020829875 , 0.419795020829875 
period1,sc01,t2868, 0.078811413986014 , 3.78372245373134E-02 , 0.421597792232365 , 0.421597792232365 
period1,sc01,t2869, 7.84871493848858E-02 , 4.91011174398596E-02 , 0.419718514257261 , 0.419718514257261 
period1,sc01,t2870, 7.89610776801406E-02 , 4.93025141141352E-02 , 0.406285379253112 , 0.406285379253112 
period1,sc01,t2871, 8.02885392759226E-02 , 3.86085682177348E-02 , 0.425957484248963 , 0.425957484248963 
period1,sc01,t2872, 6.78967014622144E-02 , 4.35944977348552E-02 , 0.412373883286307 , 0.412373883286307 
period1,sc01,t2873, 7.52306014760148E-02 , 5.27724923863038E-02 , 0.416740787999999 , 0.416740787999999 
period1,sc01,t2874, 7.41373112750263E-02 , 5.20670939420544E-02 , 0.397746618049793 , 0.397746618049793 
period1,sc01,t2875, 7.43899221071115E-02 , 0.047956584547849 , 0.397386736954357 , 0.397386736954357 
period1,sc01,t2876, 7.74030817658349E-02 , 4.79977623901581E-02 , 0.375889162909091 , 0.375889162909091 
period1,sc01,t2877, 7.48325843342037E-02 , 5.23681133567663E-02 , 0.381400059272727 , 0.381400059272727 
period1,sc01,t2878, 6.85661462853132E-02 , 4.95083414024605E-02 , 0.373334210181818 , 0.373334210181818 
period1,sc01,t2879, 6.90959612903226E-02 , 5.24697189595782E-02 , 0.355244727272727 , 0.355244727272727 
period1,sc01,t2880, 0.102487571810193 , 4.50193349736379E-02 , 0.361651090909091 , 0.361651090909091 
period1,sc01,t2881, 8.10388164298725E-02 , 4.98856172671353E-02 , 0.382973049519688 , 0.382973049519688 
period1,sc01,t2882, 8.12754331147541E-02 , 4.99261096221442E-02 , 0.387691382344398 , 0.387691382344398 
period1,sc01,t2883, 9.49736206557377E-02 , 0.049969494288225 , 0.383668510441558 , 0.383668510441558 
period1,sc01,t2884, 9.53261475409835E-02 , 0.049923217311072 , 0.401926748790044 , 0.401926748790044 
period1,sc01,t2885, 7.06635744881603E-02 , 4.87369210691823E-02 , 0.428383404891775 , 0.428383404891775 
period1,sc01,t2886, 8.46194423952641E-02 , 4.07090579211287E-02 , 0.441219537439394 , 0.441219537439394 
period1,sc01,t2887, 8.49132147996357E-02 , 4.04156123550088E-02 , 0.454713485030303 , 0.454713485030303 
period1,sc01,t2888, 9.75371729162884E-02 , 3.06482154727053E-02 , 0.453436421428571 , 0.453436421428571 
period1,sc01,t2889, 0.114489241476275 , 2.88317721212121E-02 , 0.443860059268398 , 0.443860059268398 
period1,sc01,t2890, 7.98971430037632E-02 , 4.19369546137184E-02 , 0.423536946623376 , 0.423536946623376 
period1,sc01,t2891, 8.14020998168498E-02 , 4.75212493760984E-02 , 0.441363869294606 , 0.441363869294606 
period1,sc01,t2892, 5.72287843924581E-02 , 0.124345273506151 , 0.45066107463708 , 0.45066107463708 
period1,sc01,t2893, 4.98212531475748E-02 , 0.126069268411553 , 0.451815566029046 , 0.451815566029046 
period1,sc01,t2894, 4.89266688484424E-02 , 0.122786317838313 , 0.447513918580913 , 0.447513918580913 
period1,sc01,t2895, 5.38394065026362E-02 , 0.256051837184115 , 0.416948230078838 , 0.416948230078838 
period1,sc01,t2896, 5.38475049736379E-02 , 0.123546031546572 , 0.419879669199171 , 0.419879669199171 
period1,sc01,t2897, 5.39428355465729E-02 , 0.117424320188049 , 0.413031019084812 , 0.413031019084812 
period1,sc01,t2898, 0.0987435 , 4.92325719912127E-02 , 0.436438385718615 , 0.436438385718615 
period1,sc01,t2899, 8.97168932240437E-02 , 6.02444486537786E-02 , 0.423492205701299 , 0.423492205701299 
period1,sc01,t2900, 8.82901093233743E-02 , 5.74075542618629E-02 , 0.370309070590909 , 0.370309070590909 
period1,sc01,t2901, 8.27422302396736E-02 , 0.116674178880867 , 0.379632838356846 , 0.379632838356846 
period1,sc01,t2902, 8.13425765595463E-02 , 0.112966536107205 , 0.374741506927386 , 0.374741506927386 
period1,sc01,t2903, 8.07378994727593E-02 , 0.113011077697715 , 0.339209735116182 , 0.339209735116182 
period1,sc01,t2904, 4.33318838383838E-02 , 0.117585900561699 , 0.471260566846886 , 0.471260566846886 
period1,sc01,t2905, 4.36629365568453E-02 , 0.117388694734071 , 0.506532758298755 , 0.506532758298755 
period1,sc01,t2906, 4.33174472730441E-02 , 0.117166838177988 , 0.511542391133219 , 0.511542391133219 
period1,sc01,t2907, 5.14162121900104E-02 , 0.11731474254871 , 0.511126563246753 , 0.511126563246753 
period1,sc01,t2908, 0.0548575 , 0.120943156451641 , 0.468505661936453 , 0.468505661936453 
period1,sc01,t2909, 0.0548575 , 0.122316279060031 , 0.515071808524448 , 0.515071808524448 
period1,sc01,t2910, 5.65781439049948E-02 , 0.114249193364929 , 0.468272929151515 , 0.468272929151515 
period1,sc01,t2911, 0.0548575 , 0.112382478436019 , 0.46840577454329 , 0.46840577454329 
period1,sc01,t2912, 7.47473447803164E-02 , 0.104349614885027 , 0.472904896969697 , 0.472904896969697 
period1,sc01,t2913, 6.74440665026362E-02 , 0.124912751843075 , 0.47412993650108 , 0.47412993650108 
period1,sc01,t2914, 7.74955792789639E-02 , 0.295079352893456 , 0.473302917266436 , 0.473302917266436 
period1,sc01,t2915, 7.33124885395431E-02 , 0.339634679664684 , 0.482533979324675 , 0.482533979324675 
period1,sc01,t2916, 5.92688378700801E-02 , 0.157627641373715 , 0.559519185062241 , 0.559519185062241 
period1,sc01,t2917, 5.16401665813715E-02 , 0.14511706560393 , 0.595823693506494 , 0.595823693506494 
period1,sc01,t2918, 5.16905095298927E-02 , 0.14511706560393 , 0.601732154978355 , 0.601732154978355 
period1,sc01,t2919, 6.00696373725835E-02 , 0.333733873412699 , 0.530754624242425 , 0.530754624242425 
period1,sc01,t2920, 5.24807887530562E-02 , 0.427705641666666 , 0.524104280389611 , 0.524104280389611 
period1,sc01,t2921, 5.24485985330073E-02 , 0.128927649543379 , 0.518666624534833 , 0.518666624534833 
period1,sc01,t2922, 0.044815781599297 , 0.113398289285714 , 0.437043290584416 , 0.437043290584416 
period1,sc01,t2923, 0.045212413857645 , 0.104277421320688 , 0.469964914935065 , 0.469964914935065 
period1,sc01,t2924, 5.22916344376099E-02 , 0.102726304794521 , 0.46694656504329 , 0.46694656504329 
period1,sc01,t2925, 5.12913768585237E-02 , 0.101878489550404 , 0.482059319878841 , 0.482059319878841 
period1,sc01,t2926, 4.56426162065026E-02 , 0.112353131280295 , 0.480956363116883 , 0.480956363116883 
period1,sc01,t2927, 4.56523343717047E-02 , 0.117617408816298 , 0.466284387951599 , 0.466284387951599 
period1,sc01,t2928, 7.51819627240774E-02 , 0.125664365186789 , 0.387538457714286 , 0.387538457714286 
period1,sc01,t2929, 5.57219110955548E-02 , 0.106855091589966 , 0.364533806818182 , 0.364533806818182 
period1,sc01,t2930, 7.50942992091388E-02 , 0.107311857065512 , 0.364248200757575 , 0.364248200757575 
period1,sc01,t2931, 7.93100637522769E-02 , 0.147297983216025 , 0.364569507575758 , 0.364569507575758 
period1,sc01,t2932, 8.38212943989071E-02 , 0.147924111171269 , 0.396711410984849 , 0.396711410984849 
period1,sc01,t2933, 8.96511811247723E-02 , 0.147472477892077 , 0.376997064393939 , 0.376997064393939 
period1,sc01,t2934, 0.195511059749389 , 0.11766152319076 , 0.414634469696969 , 0.414634469696969 
period1,sc01,t2935, 0.198580442662565 , 0.118303047735066 , 0.416101983921162 , 0.416101983921162 
period1,sc01,t2936, 0.193717349516696 , 0.112475015375154 , 0.415428503787878 , 0.415428503787878 
period1,sc01,t2937, 0.187894485940246 , 0.159175267325392 , 0.411666666666666 , 0.411666666666666 
period1,sc01,t2938, 0.195258575900703 , 0.1203610584732 , 0.412212121212122 , 0.412212121212122 
period1,sc01,t2939, 0.19533415806239 , 0.159175267325392 , 0.384952651515152 , 0.384952651515152 
period1,sc01,t2940, 0.106816663005272 , 0.124627492781086 , 0.460213068181818 , 0.460213068181818 
period1,sc01,t2941, 7.66342569200352E-02 , 0.122708141143911 , 0.485591193181818 , 0.485591193181818 
period1,sc01,t2942, 0.08212832271529 , 0.123707968173431 , 0.487437310606061 , 0.487437310606061 
period1,sc01,t2943, 7.64240992970122E-02 , 0.125073224169742 , 0.441371401515151 , 0.441371401515151 
period1,sc01,t2944, 0.146087305030755 , 0.21163085408771 , 0.3359953125 , 0.3359953125 
period1,sc01,t2945, 0.178801867311072 , 0.217561304367443 , 0.375841382575758 , 0.375841382575758 
period1,sc01,t2946, 0.154775043936731 , 0.193979256903086 , 0.354897017045455 , 0.354897017045455 
period1,sc01,t2947, 0.144079341498243 , 0.139552314564158 , 0.440017045454546 , 0.440017045454546 
period1,sc01,t2948, 0.146522363796133 , 0.132116551615232 , 0.441752272727273 , 0.441752272727273 
period1,sc01,t2949, 0.145752644442004 , 9.16906357155748E-02 , 0.441173863636364 , 0.441173863636364 
period1,sc01,t2950, 0.118846605887522 , 9.21846688323408E-02 , 0.376466098484849 , 0.376466098484849 
period1,sc01,t2951, 9.29163115114235E-02 , 9.49089022140221E-02 , 0.369484232954546 , 0.369484232954546 
period1,sc01,t2952, 4.35747885544815E-02 , 0.078699725877193 , 0.262026041666667 , 0.262026041666667 
period1,sc01,t2953, 3.83930157103825E-02 , 8.19055180180181E-02 , 0.273989367219917 , 0.273989367219917 
period1,sc01,t2954, 0.018116993510158 , 8.06036184210527E-02 , 0.282740002593361 , 0.282740002593361 
period1,sc01,t2955, 2.02791630052724E-02 , 8.03180921052632E-02 , 0.282623275414938 , 0.282623275414938 
period1,sc01,t2956, 2.01439264571949E-02 , 7.97066666666667E-02 , 0.269243127593361 , 0.269243127593361 
period1,sc01,t2957, 2.37297131147541E-02 , 7.80643914473684E-02 , 0.279918399896265 , 0.279918399896265 
period1,sc01,t2958, 0.018190561840949 , 4.21373903508772E-02 , 0.27930335840249 , 0.27930335840249 
period1,sc01,t2959, 4.01347621924429E-02 , 5.33527987938597E-02 , 0.2824380186722 , 0.2824380186722 
period1,sc01,t2960, 4.03198346880492E-02 , 4.54210197368421E-02 , 0.281890689834025 , 0.281890689834025 
period1,sc01,t2961, 4.29502361599296E-02 , 4.27725225225225E-02 , 0.286072916666667 , 0.286072916666667 
period1,sc01,t2962, 4.41171463093145E-02 , 4.24831688596491E-02 , 0.284215248962656 , 0.284215248962656 
period1,sc01,t2963, 0.042101032513181 , 4.31745495495496E-02 , 0.284121212121212 , 0.284121212121212 
period1,sc01,t2964, 5.04012302284709E-02 , 4.26374099099099E-02 , 0.298870591286307 , 0.298870591286307 
period1,sc01,t2965, 4.35229119093624E-02 , 4.28462274774775E-02 , 0.30063148340249 , 0.30063148340249 
period1,sc01,t2966, 4.18775199841883E-02 , 5.41927028508772E-02 , 0.300103215767635 , 0.300103215767635 
period1,sc01,t2967, 4.15713422671353E-02 , 4.23775932017543E-02 , 0.299310814315353 , 0.299310814315353 
period1,sc01,t2968, 0.04375 , 0.042065625 , 0.300499416493776 , 0.300499416493776 
period1,sc01,t2969, 0.049220672231986 , 4.03401096491228E-02 , 0.301745656120332 , 0.301745656120332 
period1,sc01,t2970, 3.27458369947276E-02 , 4.81334429824561E-02 , 0.281593879668049 , 0.281593879668049 
period1,sc01,t2971, 0.03356393129771 , 0.040422850877193 , 0.284262448132781 , 0.284262448132781 
period1,sc01,t2972, 4.41463130005222E-02 , 4.54078947368421E-02 , 0.294441130705395 , 0.294441130705395 
period1,sc01,t2973, 4.38911350623825E-02 , 4.85824561403509E-02 , 0.308399377593361 , 0.308399377593361 
period1,sc01,t2974, 3.66688144329897E-02 , 4.86024122807018E-02 , 0.295498106060606 , 0.295498106060606 
period1,sc01,t2975, 3.21038218548934E-02 , 4.85325657894737E-02 , 0.302859848484849 , 0.302859848484849 
period1,sc01,t2976, 3.60637226697354E-02 , 3.11792948154658E-02 , 0.26780303030303 , 0.26780303030303 
period1,sc01,t2977, 3.06955357142858E-02 , 3.38293799428822E-02 , 0.267988636363637 , 0.267988636363637 
period1,sc01,t2978, 3.18946059615722E-02 , 3.40552614235501E-02 , 0.268333333333333 , 0.268333333333333 
period1,sc01,t2979, 2.65275702987697E-02 , 3.44749807776802E-02 , 0.268227272727273 , 0.268227272727273 
period1,sc01,t2980, 3.05110116432337E-02 , 3.88034050966609E-02 , 0.278483272821577 , 0.278483272821577 
period1,sc01,t2981, 2.73755464480875E-02 , 3.97233084358523E-02 , 0.289541666666667 , 0.289541666666667 
period1,sc01,t2982, 0.032923374340949 , 3.07029849516696E-02 , 0.343002840909091 , 0.343002840909091 
period1,sc01,t2983, 9.18791273584906E-02 , 3.06181376318102E-02 , 0.343141478716645 , 0.343141478716645 
period1,sc01,t2984, 0.107183540202109 , 0.029896570188928 , 0.335532480940279 , 0.335532480940279 
period1,sc01,t2985, 0.172263664323375 , 1.48446372239748E-02 , 0.318743580580263 , 0.318743580580263 
period1,sc01,t2986, 5.32365080405524E-02 , 2.30386615773287E-02 , 0.351589898348158 , 0.351589898348158 
period1,sc01,t2987, 0.109014158611599 , 3.05062445079086E-02 , 0.318814922172808 , 0.318814922172808 
period1,sc01,t2988, 0.036406378954608 , 3.11110171353251E-02 , 0.300517888341804 , 0.300517888341804 
period1,sc01,t2989, 3.81721547314578E-02 , 3.15905755711775E-02 , 0.29659246749289 , 0.29659246749289 
period1,sc01,t2990, 0.038933403701435 , 3.13898176625659E-02 , 0.297147120073141 , 0.297147120073141 
period1,sc01,t2991, 3.33143069543324E-02 , 3.11010599736379E-02 , 0.268874227737537 , 0.268874227737537 
period1,sc01,t2992, 3.62902403595056E-02 , 3.15971496045694E-02 , 0.268747536307054 , 0.268747536307054 
period1,sc01,t2993, 4.06511185424354E-02 , 3.10883155755712E-02 , 0.278661931818181 , 0.278661931818181 
period1,sc01,t2994, 3.11508449732713E-02 , 3.09268096441125E-02 , 0.296285984848485 , 0.296285984848485 
period1,sc01,t2995, 3.43151164504717E-02 , 3.22571095123023E-02 , 0.285357954545454 , 0.285357954545454 
period1,sc01,t2996, 4.98398806400839E-02 , 0.03098457271529 , 0.306897727272728 , 0.306897727272728 
period1,sc01,t2997, 3.48036272703907E-02 , 4.86416959578208E-02 , 0.306886363636363 , 0.306886363636363 
period1,sc01,t2998, 2.95558280393622E-02 , 3.09973363356766E-02 , 0.28725 , 0.28725 
period1,sc01,t2999, 3.01213571428571E-02 , 3.07824307996485E-02 , 0.285429924242424 , 0.285429924242424 
period1,sc01,t3000, 0.043900713998391 , 5.09869529282116E-02 , 0.280863636363636 , 0.280863636363636 
period1,sc01,t3001, 0.04336056976 , 6.20843854300981E-02 , 0.298948437178423 , 0.298948437178423 
period1,sc01,t3002, 4.32440514022141E-02 , 4.31487014211189E-02 , 0.271312121991343 , 0.271312121991343 
period1,sc01,t3003, 2.36301740896309E-02 , 4.26251151619287E-02 , 0.321105098658009 , 0.321105098658009 
period1,sc01,t3004, 2.97845351142355E-02 , 4.53676115031535E-02 , 0.320937515670996 , 0.320937515670996 
period1,sc01,t3005, 2.99221983419735E-02 , 0.045338835888227 , 0.623439009177489 , 0.623439009177489 
period1,sc01,t3006, 0.070474042080478 , 4.14474731738036E-02 , 0.531584596363636 , 0.531584596363636 
period1,sc01,t3007, 5.18082161852674E-02 , 4.05036896198318E-02 , 0.503386948680225 , 0.503386948680225 
period1,sc01,t3008, 0.050944555328093 , 2.72483029084203E-02 , 0.60553982064935 , 0.60553982064935 
period1,sc01,t3009, 5.25657433632653E-02 , 2.65064872256207E-02 , 0.503016904458874 , 0.503016904458874 
period1,sc01,t3010, 0.056959201296065 , 2.02213095843829E-02 , 0.504481598701298 , 0.504481598701298 
period1,sc01,t3011, 5.90954625941619E-02 , 2.82789577750526E-02 , 0.285244706428571 , 0.285244706428571 
period1,sc01,t3012, 5.88642196742011E-02 , 0.032816615529082 , 0.280259622302904 , 0.280259622302904 
period1,sc01,t3013, 6.15097988880064E-02 , 2.60410093711684E-02 , 0.279594417199171 , 0.279594417199171 
period1,sc01,t3014, 5.97346108163266E-02 , 2.60015077084793E-02 , 0.279594417199171 , 0.279594417199171 
period1,sc01,t3015, 5.27474940730984E-02 , 3.19846515784863E-02 , 0.321119300606061 , 0.321119300606061 
period1,sc01,t3016, 5.33515572280301E-02 , 2.61202885423967E-02 , 0.321076221363636 , 0.321076221363636 
period1,sc01,t3017, 5.33495285877551E-02 , 4.06125848230553E-02 , 0.60677539012987 , 0.60677539012987 
period1,sc01,t3018, 5.23308772686041E-02 , 4.04465981867554E-02 , 0.529515845930736 , 0.529515845930736 
period1,sc01,t3019, 4.76081402989978E-02 , 4.03981279432375E-02 , 0.577692025491341 , 0.577692025491341 
period1,sc01,t3020, 5.53193663043478E-02 , 4.03253267869656E-02 , 0.617433952142857 , 0.617433952142857 
period1,sc01,t3021, 5.38198194281915E-02 , 4.01942847056762E-02 , 0.597306951363636 , 0.597306951363636 
period1,sc01,t3022, 4.76048691181309E-02 , 4.04636489838823E-02 , 0.624663217099567 , 0.624663217099567 
period1,sc01,t3023, 5.38169837599734E-02 , 4.04272484057463E-02 , 0.646524181056277 , 0.646524181056277 
period1,sc01,t3024, 7.84085169632653E-02 , 3.47882336787004E-02 , 0.340576391763485 , 0.340576391763485 
period1,sc01,t3025, 0.078770978072412 , 3.13760843585238E-02 , 0.337751316182573 , 0.337751316182573 
period1,sc01,t3026, 7.87088383477818E-02 , 3.86876738137083E-02 , 0.338980620746888 , 0.338980620746888 
period1,sc01,t3027, 7.96339514938489E-02 , 0.037286467486819 , 0.339843346058091 , 0.339843346058091 
period1,sc01,t3028, 7.96339514938489E-02 , 3.48414312829525E-02 , 0.376350486307054 , 0.376350486307054 
period1,sc01,t3029, 9.35297574692442E-02 , 3.52127075812275E-02 , 0.544 , 0.544 
period1,sc01,t3030, 0.454318397188049 , 0.035565553602812 , 0.675152465454545 , 0.675152465454545 
period1,sc01,t3031, 0.545241352548331 , 2.63682249560632E-02 , 0.859578403463204 , 0.859578403463204 
period1,sc01,t3032, 0.526625079789104 , 2.56886551845343E-02 , 0.728225246753246 , 0.728225246753246 
period1,sc01,t3033, 9.39788611500701E-02 , 2.75699582425308E-02 , 0.867498666666666 , 0.867498666666666 
period1,sc01,t3034, 9.42142186685208E-02 , 3.11480441476275E-02 , 0.332422824896266 , 0.332422824896266 
period1,sc01,t3035, 9.41944073694984E-02 , 3.76230017574692E-02 , 0.292590046753246 , 0.292590046753246 
period1,sc01,t3036, 8.58865762947515E-02 , 7.22452031768954E-02 , 0.363403286307054 , 0.363403286307054 
period1,sc01,t3037, 0.085637957624175 , 6.23969963898917E-02 , 0.365670677056277 , 0.365670677056277 
period1,sc01,t3038, 0.101188360341523 , 5.17122079422382E-02 , 0.368187677922078 , 0.368187677922078 
period1,sc01,t3039, 9.48482880387744E-02 , 5.34724112635379E-02 , 0.367933811255411 , 0.367933811255411 
period1,sc01,t3040, 9.46706102328744E-02 , 5.34651055595667E-02 , 0.371762535064935 , 0.371762535064935 
period1,sc01,t3041, 9.45195389830508E-02 , 4.12234166064983E-02 , 0.36800398961039 , 0.36800398961039 
period1,sc01,t3042, 0.40465301370826 , 3.68315725834798E-02 , 0.608198970735931 , 0.608198970735931 
period1,sc01,t3043, 0.397663043936731 , 0.035235711775044 , 0.764190476190476 , 0.764190476190476 
period1,sc01,t3044, 0.40391722741652 , 3.26802502636204E-02 , 0.753821035497835 , 0.753821035497835 
period1,sc01,t3045, 0.395580738137083 , 3.52398802108963E-02 , 0.762582308571429 , 0.762582308571429 
period1,sc01,t3046, 0.391262009138841 , 0.037618030228471 , 0.448199480519481 , 0.448199480519481 
period1,sc01,t3047, 0.380183530404217 , 4.07581244288225E-02 , 0.289541178423236 , 0.289541178423236 
period1,sc01,t3048, 4.78436746720484E-02 , 2.69732217926186E-02 , 0.743922590476191 , 0.743922590476191 
period1,sc01,t3049, 4.78894211790467E-02 , 2.50985527065027E-02 , 0.749290393249676 , 0.749290393249676 
period1,sc01,t3050, 4.78493207649254E-02 , 2.88831008927944E-02 , 0.731843343376623 , 0.731843343376623 
period1,sc01,t3051, 3.35429106921676E-02 , 3.01425219437609E-02 , 0.872714964887446 , 0.872714964887446 
period1,sc01,t3052, 4.14776334863388E-02 , 3.06637034747293E-02 , 0.877465982536796 , 0.877465982536796 
period1,sc01,t3053, 4.71397089511202E-02 , 4.11356020036101E-02 , 0.972701233181818 , 0.972701233181818 
period1,sc01,t3054, 7.51882265400916E-02 , 3.12172176895307E-02 , 1.0663985472381 , 1.0663985472381 
period1,sc01,t3055, 0.102213801011915 , 1.85797796700373E-02 , 1.19472808441558 , 1.19472808441558 
period1,sc01,t3056, 0.120068347586206 , 1.89940288007214E-02 , 1.0403227247619 , 1.0403227247619 
period1,sc01,t3057, 0.102458374164134 , 0.06256235866426 , 1.01702334415584 , 1.01702334415584 
period1,sc01,t3058, 0.102208631146984 , 1.90268231433195E-02 , 0.781783102157676 , 0.781783102157676 
period1,sc01,t3059, 0.102142741731067 , 1.86619418316832E-02 , 0.769528642493507 , 0.769528642493507 
period1,sc01,t3060, 0.101602857682403 , 0.019012745866426 , 0.55968638935065 , 0.55968638935065 
period1,sc01,t3061, 0.101757632382892 , 1.87788048912066E-02 , 0.617433586060606 , 0.617433586060606 
period1,sc01,t3062, 0.101659867174281 , 1.87722914950761E-02 , 0.634062997836434 , 0.634062997836434 
period1,sc01,t3063, 0.101600538606081 , 1.90745206555361E-02 , 0.769953434701299 , 0.769953434701299 
period1,sc01,t3064, 8.66635367977528E-02 , 2.37937310469314E-02 , 0.983071118961039 , 0.983071118961039 
period1,sc01,t3065, 7.59330162846804E-02 , 3.11699844765343E-02 , 1.55202553030303 , 1.55202553030303 
period1,sc01,t3066, 5.58454048188711E-02 , 3.09810516245488E-02 , 1.10444595811255 , 1.10444595811255 
period1,sc01,t3067, 5.67614582679793E-02 , 3.11758886281589E-02 , 1.19895972279221 , 1.19895972279221 
period1,sc01,t3068, 7.41482106805601E-02 , 1.86347510752689E-02 , 1.19194102274026 , 1.19194102274026 
period1,sc01,t3069, 5.85248911147812E-02 , 2.62929006678383E-02 , 1.09322936706493 , 1.09322936706493 
period1,sc01,t3070, 5.85818279149632E-02 , 2.31814259050967E-02 , 1.08903383602597 , 1.08903383602597 
period1,sc01,t3071, 5.85912089306123E-02 , 2.68101129279438E-02 , 1.05202452290909 , 1.05202452290909 
period1,sc01,t3072, 8.47124516530985E-02 , 4.67768167567568E-02 , 0.411145050129871 , 0.411145050129871 
period1,sc01,t3073, 0.087914563415787 , 4.67529434641699E-02 , 0.41579315806867 , 0.41579315806867 
period1,sc01,t3074, 8.17982522621423E-02 , 7.89740044300378E-02 , 0.408324429870129 , 0.408324429870129 
period1,sc01,t3075, 0.081149663011773 , 4.67931059650388E-02 , 0.399836987551867 , 0.399836987551867 
period1,sc01,t3076, 8.13822210747418E-02 , 0.021806 , 0.401329929460581 , 0.401329929460581 
period1,sc01,t3077, 8.89692364960971E-02 , 2.78916388203018E-02 , 0.487567056277056 , 0.487567056277056 
period1,sc01,t3078, 9.85050382597144E-02 , 0.021806 , 0.516444798755186 , 0.516444798755186 
period1,sc01,t3079, 0.103640783301946 , 0.021806 , 0.478469378311203 , 0.478469378311203 
period1,sc01,t3080, 0.103451461203585 , 0.021806 , 0.573949034459227 , 0.573949034459227 
period1,sc01,t3081, 0.103333710064516 , 0.021806 , 0.452059147619048 , 0.452059147619048 
period1,sc01,t3082, 8.42644098129307E-02 , 0.021806 , 0.370567624064935 , 0.370567624064935 
period1,sc01,t3083, 8.42484155428571E-02 , 1.95338132798885E-02 , 0.371579903896104 , 0.371579903896104 
period1,sc01,t3084, 7.85140605714286E-02 , 0.0163545 , 0.498103885393939 , 0.498103885393939 
period1,sc01,t3085, 8.56608676383885E-02 , 3.62594111261505E-02 , 0.406903735930736 , 0.406903735930736 
period1,sc01,t3086, 8.59957436734694E-02 , 3.56859155772271E-02 , 0.367160560829876 , 0.367160560829876 
period1,sc01,t3087, 8.83635862885739E-02 , 0.017838799008547 , 0.396995410484849 , 0.396995410484849 
period1,sc01,t3088, 8.89246996138997E-02 , 1.86672863106627E-02 , 0.475115924675325 , 0.475115924675325 
period1,sc01,t3089, 8.96214440520446E-02 , 2.01111547536433E-02 , 0.527755183883117 , 0.527755183883117 
period1,sc01,t3090, 8.83144782992641E-02 , 0.021806 , 0.43612 , 0.43612 
period1,sc01,t3091, 9.15406345057034E-02 , 0.021806 , 0.473454515151515 , 0.473454515151515 
period1,sc01,t3092, 9.28618170886076E-02 , 1.96441386404044E-02 , 0.538041810389611 , 0.538041810389611 
period1,sc01,t3093, 9.69560601315578E-02 , 3.72720855441256E-02 , 0.450036028215767 , 0.450036028215767 
period1,sc01,t3094, 9.70805373486194E-02 , 3.72720855441256E-02 , 0.395930881212121 , 0.395930881212121 
period1,sc01,t3095, 9.71164090776463E-02 , 3.72720855441256E-02 , 0.408414108225109 , 0.408414108225109 
period1,sc01,t3096, 0.089555130758476 , 1.89388651799825E-02 , 0.324474637219917 , 0.324474637219917 
period1,sc01,t3097, 8.16319184713376E-02 , 1.84940122914837E-02 , 0.334782278838175 , 0.334782278838175 
period1,sc01,t3098, 8.39993426751593E-02 , 1.86146507908299E-02 , 0.327769010788381 , 0.327769010788381 
period1,sc01,t3099, 8.68874292993631E-02 , 1.86581681842528E-02 , 0.330755927272727 , 0.330755927272727 
period1,sc01,t3100, 8.12187668789809E-02 , 1.55767933884298E-02 , 0.336150677178424 , 0.336150677178424 
period1,sc01,t3101, 8.24453044585987E-02 , 0.02184 , 0.357213136929461 , 0.357213136929461 
period1,sc01,t3102, 0.101231082802548 , 1.47351424022643E-02 , 0.467222836363636 , 0.467222836363636 
period1,sc01,t3103, 0.101229095541401 , 1.46698796021637E-02 , 0.467075345454545 , 0.467075345454545 
period1,sc01,t3104, 9.20354888848726E-02 , 1.46529721362229E-02 , 0.467351460674158 , 0.467351460674158 
period1,sc01,t3105, 0.118563013169447 , 1.46900678142931E-02 , 0.439527730909091 , 0.439527730909091 
period1,sc01,t3106, 7.68810184372256E-02 , 2.48258865671642E-02 , 0.255618622406639 , 0.255618622406639 
period1,sc01,t3107, 7.62859119929763E-02 , 2.51606770851625E-02 , 0.248314456431535 , 0.248314456431535 
period1,sc01,t3108, 0.189979352976295 , 2.45532221246708E-02 , 0.263861636514523 , 0.263861636514523 
period1,sc01,t3109, 0.195853028270412 , 2.78949913959613E-02 , 0.258307636363637 , 0.258307636363637 
period1,sc01,t3110, 0.201927386128183 , 2.79962338893767E-02 , 0.257910545454545 , 0.257910545454545 
period1,sc01,t3111, 0.199277632309043 , 2.81108986830553E-02 , 0.25620585560166 , 0.25620585560166 
period1,sc01,t3112, 0.209758914837576 , 2.80234619841967E-02 , 0.402226645643154 , 0.402226645643154 
period1,sc01,t3113, 0.211534685162424 , 1.71124548699643E-02 , 0.436710181818182 , 0.436710181818182 
period1,sc01,t3114, 0.09828 , 1.71152960760999E-02 , 0.428453527272727 , 0.428453527272727 
period1,sc01,t3115, 0.091515160667252 , 1.71826366972477E-02 , 0.45791797752809 , 0.45791797752809 
period1,sc01,t3116, 9.83553949780508E-02 , 1.71125840707965E-02 , 0.497520872727273 , 0.497520872727273 
period1,sc01,t3117, 8.88225882352941E-02 , 2.48465952589991E-02 , 0.466723636363636 , 0.466723636363636 
period1,sc01,t3118, 9.50515114450463E-02 , 2.48638525021949E-02 , 0.518735501818182 , 0.518735501818182 
period1,sc01,t3119, 0.095003041264267 , 2.48707553994732E-02 , 0.393535367800829 , 0.393535367800829 
period1,sc01,t3120, 7.38642356654392E-02 , 2.27541029989659E-02 , 0.252849054545454 , 0.252849054545454 
period1,sc01,t3121, 6.91896991330953E-02 , 0.025149009490334 , 0.234675784232365 , 0.234675784232365 
period1,sc01,t3122, 5.85306484848485E-02 , 0.025107555711775 , 0.2345616 , 0.2345616 
period1,sc01,t3123, 5.91169265377856E-02 , 2.01786370839937E-02 , 0.234701158506225 , 0.234701158506225 
period1,sc01,t3124, 7.08683050966608E-02 , 0.025390069858579 , 0.234701158506225 , 0.234701158506225 
period1,sc01,t3125, 7.47070555838858E-02 , 2.54024415851776E-02 , 0.291277633195021 , 0.291277633195021 
period1,sc01,t3126, 9.30698244604317E-02 , 1.91487361665221E-02 , 0.291387286307054 , 0.291387286307054 
period1,sc01,t3127, 9.90558997389034E-02 , 1.84417782426778E-02 , 0.293736219087137 , 0.293736219087137 
period1,sc01,t3128, 0.136449014634147 , 2.52729869947276E-02 , 0.368804195850623 , 0.368804195850623 
period1,sc01,t3129, 0.089563084236281 , 3.27357158122744E-02 , 0.256161450622407 , 0.256161450622407 
period1,sc01,t3130, 0.086501425061425 , 3.43913967509026E-02 , 0.253032 , 0.253032 
period1,sc01,t3131, 8.59434834710744E-02 , 0.113112277256317 , 0.25441470373444 , 0.25441470373444 
period1,sc01,t3132, 7.75649863013699E-02 , 0.114370639711192 , 0.247344796680498 , 0.247344796680498 
period1,sc01,t3133, 7.58727592914206E-02 , 0.114808622382671 , 0.24714089626556 , 0.24714089626556 
period1,sc01,t3134, 7.50296239782016E-02 , 0.112618709025271 , 0.244612531120332 , 0.244612531120332 
period1,sc01,t3135, 7.43155838857725E-02 , 0.195358425487364 , 0.270801500414938 , 0.270801500414938 
period1,sc01,t3136, 0.148285245901639 , 8.87874844765343E-02 , 0.270883060580913 , 0.270883060580913 
period1,sc01,t3137, 0.157609185237258 , 2.57673616871704E-02 , 0.412281201659751 , 0.412281201659751 
period1,sc01,t3138, 8.17889330076762E-02 , 1.91283069478051E-02 , 0.408691636363636 , 0.408691636363636 
period1,sc01,t3139, 8.83724780487805E-02 , 1.75165340782123E-02 , 0.441238909090909 , 0.441238909090909 
period1,sc01,t3140, 8.16235915854284E-02 , 2.50419205623902E-02 , 0.398622545454545 , 0.398622545454545 
period1,sc01,t3141, 7.37983235294118E-02 , 2.56936660808436E-02 , 0.388602334545455 , 0.388602334545455 
period1,sc01,t3142, 7.47671963284039E-02 , 2.65617005272407E-02 , 0.419365818181818 , 0.419365818181818 
period1,sc01,t3143, 7.48123018867925E-02 , 3.45615121265378E-02 , 0.397866181818181 , 0.397866181818181 
period1,sc01,t3144, 5.14393043478261E-02 , 3.50788399297012E-02 , 0.237213211618257 , 0.237213211618257 
period1,sc01,t3145, 4.21425833080425E-02 , 3.52357117750439E-02 , 0.235133427385892 , 0.235133427385892 
period1,sc01,t3146, 5.00459852941176E-02 , 0.034269483032491 , 0.235326 , 0.235326 
period1,sc01,t3147, 6.63803345070423E-02 , 3.52357117750439E-02 , 0.249406003319502 , 0.249406003319502 
period1,sc01,t3148, 6.89580889436619E-02 , 2.43965082601054E-02 , 0.240161158506225 , 0.240161158506225 
period1,sc01,t3149, 7.58229972183588E-02 , 2.42242156223176E-02 , 0.288081380912863 , 0.288081380912863 
period1,sc01,t3150, 7.88863240223464E-02 , 1.70144352479486E-02 , 0.402375266390041 , 0.402375266390041 
period1,sc01,t3151, 7.80248732624693E-02 , 1.69438752814827E-02 , 0.39502035186722 , 0.39502035186722 
period1,sc01,t3152, 7.85294014745308E-02 , 2.00985574692443E-02 , 0.388893818181818 , 0.388893818181818 
period1,sc01,t3153, 0.083248834028357 , 1.96972496171517E-02 , 0.393301054545455 , 0.393301054545455 
period1,sc01,t3154, 0.077716350071736 , 1.89817049180328E-02 , 0.392421309090909 , 0.392421309090909 
period1,sc01,t3155, 0.078136841210139 , 3.32528393673111E-02 , 0.386466049792531 , 0.386466049792531 
period1,sc01,t3156, 8.55024938875306E-02 , 3.34224927943761E-02 , 0.294442909090909 , 0.294442909090909 
period1,sc01,t3157, 8.26305633802816E-02 , 3.33326762741652E-02 , 0.293122818181818 , 0.293122818181818 
period1,sc01,t3158, 8.19328068669527E-02 , 3.28985630931459E-02 , 0.2561936 , 0.2561936 
period1,sc01,t3159, 8.24422596170736E-02 , 3.26241237258348E-02 , 0.314686307053942 , 0.314686307053942 
period1,sc01,t3160, 8.87111315240084E-02 , 1.47947768014059E-02 , 0.346749236363637 , 0.346749236363637 
period1,sc01,t3161, 9.98715065502183E-02 , 0.019720897286156 , 0.475211575767635 , 0.475211575767635 
period1,sc01,t3162, 8.02069481506503E-02 , 1.75210786516854E-02 , 0.3808882406639 , 0.3808882406639 
period1,sc01,t3163, 0.079722275862069 , 1.67495742725881E-02 , 0.3276 , 0.3276 
period1,sc01,t3164, 7.94570629599346E-02 , 1.90306586414445E-02 , 0.327883636363636 , 0.327883636363636 
period1,sc01,t3165, 7.96022240339149E-02 , 2.31859043936731E-02 , 0.30342 , 0.30342 
period1,sc01,t3166, 7.94607088278328E-02 , 3.12481516245488E-02 , 0.409020181818182 , 0.409020181818182 
period1,sc01,t3167, 7.96003480333731E-02 , 2.65467311072057E-02 , 0.35430909090909 , 0.35430909090909 
period1,sc01,t3168, 3.41976784797124E-02 , 9.77817869947276E-02 , 0.276050488431877 , 0.276050488431877 
period1,sc01,t3169, 3.39888187755798E-02 , 9.68655460808436E-02 , 0.273770823993145 , 0.273770823993145 
period1,sc01,t3170, 3.07407147918125E-02 , 9.66322084165202E-02 , 0.276283492630677 , 0.276283492630677 
period1,sc01,t3171, 3.29251342706502E-02 , 4.80556987627416E-02 , 0.233256607112253 , 0.233256607112253 
period1,sc01,t3172, 3.46518291608084E-02 , 5.81351474753954E-02 , 0.238437627855382 , 0.238437627855382 
period1,sc01,t3173, 0.0433311945 , 6.73283798154658E-02 , 0.320643775554643 , 0.320643775554643 
period1,sc01,t3174, 6.08621611316113E-02 , 6.77367876801406E-02 , 0.33661009387839 , 0.33661009387839 
period1,sc01,t3175, 0.066997944016795 , 5.89512745544815E-02 , 0.361622822622108 , 0.361622822622108 
period1,sc01,t3176, 6.06832293685499E-02 , 8.23769163962463E-02 , 0.358642933442893 , 0.358642933442893 
period1,sc01,t3177, 5.08494197106383E-02 , 0.148868010757496 , 0.363040512425022 , 0.363040512425022 
period1,sc01,t3178, 5.75724319281318E-02 , 0.149488755975396 , 0.360408459383033 , 0.360408459383033 
period1,sc01,t3179, 6.74859906824749E-02 , 0.15557604172232 , 0.312656562982005 , 0.312656562982005 
period1,sc01,t3180, 6.45485282513181E-02 , 0.197197872363796 , 0.312253640616966 , 0.312253640616966 
period1,sc01,t3181, 0.082574166209805 , 0.195428002927944 , 0.312514794001714 , 0.312514794001714 
period1,sc01,t3182, 5.94750334535105E-02 , 0.194990146696539 , 0.312453236418166 , 0.312453236418166 
period1,sc01,t3183, 8.14960199472759E-02 , 0.209730028017923 , 0.370282855398457 , 0.370282855398457 
period1,sc01,t3184, 5.86038649498555E-02 , 0.195247006360921 , 0.379197512724936 , 0.379197512724936 
period1,sc01,t3185, 0.082584469947276 , 0.273615597619047 , 0.404860496229649 , 0.404860496229649 
period1,sc01,t3186, 7.48871747134422E-02 , 0.205434829507995 , 0.352383588946015 , 0.352383588946015 
period1,sc01,t3187, 0.083332027352583 , 0.251133917469244 , 0.405406931101068 , 0.405406931101068 
period1,sc01,t3188, 7.50922437521397E-02 , 0.252749950087874 , 0.456944367669237 , 0.456944367669237 
period1,sc01,t3189, 6.57140969928546E-02 , 0.271464403585237 , 0.436483559588689 , 0.436483559588689 
period1,sc01,t3190, 0.059521415953577 , 0.27319697113181 , 0.366603390745501 , 0.366603390745501 
period1,sc01,t3191, 6.50809963616033E-02 , 0.275132040114236 , 0.348505461182519 , 0.348505461182519 
period1,sc01,t3192, 4.09398755887522E-02 , 6.76992323465705E-02 , 0.597854712939161 , 0.597854712939161 
period1,sc01,t3193, 4.09432205799649E-02 , 6.58409254873646E-02 , 0.595319940488432 , 0.595319940488432 
period1,sc01,t3194, 4.04204002987698E-02 , 6.58120053790614E-02 , 0.568190391970021 , 0.568190391970021 
period1,sc01,t3195, 0.040379305254833 , 4.28073374340949E-02 , 0.560546616323908 , 0.560546616323908 
period1,sc01,t3196, 4.45977876168717E-02 , 0.128201648130867 , 0.480642923650386 , 0.480642923650386 
period1,sc01,t3197, 4.57333045623902E-02 , 0.13260338631769 , 0.552952828626444 , 0.552952828626444 
period1,sc01,t3198, 7.56493550193321E-02 , 9.32362834797892E-02 , 0.437565411311054 , 0.437565411311054 
period1,sc01,t3199, 7.14994556858746E-02 , 9.48431434494585E-02 , 0.446784485373871 , 0.446784485373871 
period1,sc01,t3200, 7.27406987200408E-02 , 0.222727315229242 , 0.449902445051334 , 0.449902445051334 
period1,sc01,t3201, 7.33080483987762E-02 , 9.72854395271122E-02 , 0.487366122740772 , 0.487366122740772 
period1,sc01,t3202, 7.30887045945946E-02 , 5.92215731546573E-02 , 0.482511180462725 , 0.482511180462725 
period1,sc01,t3203, 7.35903411142355E-02 , 9.73450259268953E-02 , 0.490797743573264 , 0.490797743573264 
period1,sc01,t3204, 0.08175675954615 , 0.265514537301444 , 0.568190391970021 , 0.568190391970021 
period1,sc01,t3205, 8.37884567768014E-02 , 0.276097929097473 , 0.552003098329049 , 0.552003098329049 
period1,sc01,t3206, 8.48336407275922E-02 , 0.270954214267148 , 0.547017060411311 , 0.547017060411311 
period1,sc01,t3207, 8.59949562284709E-02 , 0.271809936823105 , 0.579729179691517 , 0.579729179691517 
period1,sc01,t3208, 8.71562717293498E-02 , 0.397611235505415 , 0.580109602789203 , 0.580109602789203 
period1,sc01,t3209, 8.61774486643234E-02 , 0.280283528555956 , 0.519942642609255 , 0.519942642609255 
period1,sc01,t3210, 7.40362603919156E-02 , 0.124349235676895 , 0.44823414100257 , 0.44823414100257 
period1,sc01,t3211, 7.40080265746925E-02 , 0.270545268303249 , 0.443131657456862 , 0.443131657456862 
period1,sc01,t3212, 7.39665890720563E-02 , 8.43451050541516E-02 , 0.441071965981922 , 0.441071965981922 
period1,sc01,t3213, 7.45918425553602E-02 , 0.12137261398917 , 0.440803245523614 , 0.440803245523614 
period1,sc01,t3214, 6.21604776115993E-02 , 0.124731658331283 , 0.445249612715694 , 0.445249612715694 
period1,sc01,t3215, 4.47932802498725E-02 , 0.094104130900703 , 0.466199223500411 , 0.466199223500411 
period1,sc01,t3216, 3.36889412814412E-02 , 0.204057346125462 , 0.335841345603944 , 0.335841345603944 
period1,sc01,t3217, 3.36139322727273E-02 , 0.203536130479705 , 0.341199102054232 , 0.341199102054232 
period1,sc01,t3218, 0.034407637733263 , 0.203195920231945 , 0.341199102054232 , 0.341199102054232 
period1,sc01,t3219, 3.74496376383764E-02 , 0.203347124786505 , 0.340647929334429 , 0.340647929334429 
period1,sc01,t3220, 3.94509237532947E-02 , 0.203498329341064 , 0.341362313393591 , 0.341362313393591 
period1,sc01,t3221, 3.97060337585662E-02 , 0.197164826758039 , 0.339238092566735 , 0.339238092566735 
period1,sc01,t3222, 4.45424052714813E-02 , 0.189774303637322 , 0.361069889460155 , 0.361069889460155 
period1,sc01,t3223, 4.45658641012125E-02 , 0.191608669688982 , 0.348451750205423 , 0.348451750205423 
period1,sc01,t3224, 4.32505336845683E-02 , 0.191608669688982 , 0.361314034704371 , 0.361314034704371 
period1,sc01,t3225, 4.23215227129016E-02 , 0.179749563732208 , 0.353330253081347 , 0.353330253081347 
period1,sc01,t3226, 4.24152106476287E-02 , 0.19302192113864 , 0.424516588380463 , 0.424516588380463 
period1,sc01,t3227, 4.23141059051504E-02 , 0.192876972272008 , 0.424510914910026 , 0.424510914910026 
period1,sc01,t3228, 4.23809678735339E-02 , 0.192500067074328 , 0.529080555192802 , 0.529080555192802 
period1,sc01,t3229, 4.99965719020908E-02 , 0.201343702583026 , 0.425515584215938 , 0.425515584215938 
period1,sc01,t3230, 5.02414682741652E-02 , 0.203797152872957 , 0.434247194730077 , 0.434247194730077 
period1,sc01,t3231, 4.33885693286467E-02 , 0.199771960991039 , 0.424635824267353 , 0.424635824267353 
period1,sc01,t3232, 4.29620123995808E-02 , 0.203912158355298 , 0.434259704267352 , 0.434259704267352 
period1,sc01,t3233, 4.33885693286467E-02 , 0.197055695519241 , 0.434257658097686 , 0.434257658097686 
period1,sc01,t3234, 4.32744841328414E-02 , 0.182839263257776 , 0.434255425912596 , 0.434255425912596 
period1,sc01,t3235, 4.34085618344755E-02 , 0.181012220938323 , 0.363376480719794 , 0.363376480719794 
period1,sc01,t3236, 4.36204923352662E-02 , 0.18172594152873 , 0.39378481454396 , 0.39378481454396 
period1,sc01,t3237, 4.14729052617267E-02 , 0.181191423510806 , 0.394835520986031 , 0.394835520986031 
period1,sc01,t3238, 4.24290126515551E-02 , 0.19421774928835 , 0.39469184149548 , 0.39469184149548 
period1,sc01,t3239, 4.26582225830258E-02 , 0.180779463574064 , 0.342845772339332 , 0.342845772339332 
period1,sc01,t3240, 3.23814948214286E-02 , 5.13018411247803E-02 , 0.272466666666666 , 0.272466666666666 
period1,sc01,t3241, 3.38645779652352E-02 , 4.38676318101933E-02 , 0.27418555787037 , 0.27418555787037 
period1,sc01,t3242, 3.89475916080843E-02 , 4.78512322056239E-02 , 0.280565946502058 , 0.280565946502058 
period1,sc01,t3243, 3.89475916080843E-02 , 0.043576788224956 , 0.279221810699588 , 0.279221810699588 
period1,sc01,t3244, 3.94363236379613E-02 , 4.49343771968365E-02 , 0.274631138888888 , 0.274631138888888 
period1,sc01,t3245, 0.039599234314587 , 0.043576788224956 , 0.277140640432098 , 0.277140640432098 
period1,sc01,t3246, 6.43619059094903E-02 , 6.01929501318102E-02 , 0.300548765432098 , 0.300548765432098 
period1,sc01,t3247, 7.65608696674212E-02 , 5.98671287785589E-02 , 0.304008905579399 , 0.304008905579399 
period1,sc01,t3248, 7.20915756204757E-02 , 4.27009854789104E-02 , 0.288614541309013 , 0.288614541309013 
period1,sc01,t3249, 7.33157742184816E-02 , 5.98671287785589E-02 , 0.372862127659575 , 0.372862127659575 
period1,sc01,t3250, 7.32783857729138E-02 , 5.99247234622144E-02 , 0.304242542918455 , 0.304242542918455 
period1,sc01,t3251, 5.06614152931181E-02 , 7.31458414103691E-02 , 0.284719806866953 , 0.284719806866953 
period1,sc01,t3252, 5.09435063742988E-02 , 7.96388602941176E-02 , 0.273397222222222 , 0.273397222222222 
period1,sc01,t3253, 5.06276337752847E-02 , 8.38926840949034E-02 , 0.275099794238684 , 0.275099794238684 
period1,sc01,t3254, 5.10549908210096E-02 , 8.36211663005273E-02 , 0.274472530864198 , 0.274472530864198 
period1,sc01,t3255, 5.04172000337895E-02 , 0.100009111665202 , 0.273397222222222 , 0.273397222222222 
period1,sc01,t3256, 5.09312730520585E-02 , 8.17767013400702E-02 , 0.273752522119342 , 0.273752522119342 
period1,sc01,t3257, 6.60775577768014E-02 , 8.44900615114236E-02 , 0.275010185185186 , 0.275010185185186 
period1,sc01,t3258, 6.43619059094903E-02 , 5.99214323374341E-02 , 0.281618972103004 , 0.281618972103004 
period1,sc01,t3259, 6.43619059094903E-02 , 5.99214323374341E-02 , 0.27749728446502 , 0.27749728446502 
period1,sc01,t3260, 6.28144673201225E-02 , 5.99214323374341E-02 , 0.273752522119342 , 0.273752522119342 
period1,sc01,t3261, 5.58862611125276E-02 , 5.99214323374341E-02 , 0.275099794238684 , 0.275099794238684 
period1,sc01,t3262, 5.07762797042325E-02 , 6.89211278558875E-02 , 0.304008905579399 , 0.304008905579399 
period1,sc01,t3263, 4.16477688679245E-02 , 6.11991877707582E-02 , 0.280689095493562 , 0.280689095493562 
period1,sc01,t3264, 3.09197346221441E-02 , 4.90637129963899E-02 , 0.392260047325102 , 0.392260047325102 
period1,sc01,t3265, 2.77775121089631E-02 , 4.90123124358524E-02 , 0.364798554395062 , 0.364798554395062 
period1,sc01,t3266, 2.77986473813708E-02 , 6.17044350776173E-02 , 0.342606073205761 , 0.342606073205761 
period1,sc01,t3267, 2.99736590509666E-02 , 6.10444308787346E-02 , 0.342072035555556 , 0.342072035555556 
period1,sc01,t3268, 3.28889048158173E-02 , 6.24091403429603E-02 , 0.342490447530865 , 0.342490447530865 
period1,sc01,t3269, 3.27719114760985E-02 , 6.11866136203866E-02 , 0.341426871283951 , 0.341426871283951 
period1,sc01,t3270, 4.02307988892795E-02 , 5.74706484534271E-02 , 0.388991764674897 , 0.388991764674897 
period1,sc01,t3271, 4.12137811950791E-02 , 5.67011323989456E-02 , 0.387148952362139 , 0.387148952362139 
period1,sc01,t3272, 0.044400327002109 , 4.24599229602888E-02 , 0.388826199506172 , 0.388826199506172 
period1,sc01,t3273, 3.94547116864675E-02 , 3.74397708845342E-02 , 0.316707271744856 , 0.316707271744856 
period1,sc01,t3274, 0.040464843210369 , 3.78417452454873E-02 , 0.320954378246914 , 0.320954378246914 
period1,sc01,t3275, 4.28595272158173E-02 , 0.064541608866426 , 0.318218503814814 , 0.318218503814814 
period1,sc01,t3276, 5.41927598418278E-02 , 0.132965944430325 , 0.331812393958847 , 0.331812393958847 
period1,sc01,t3277, 5.45770375219683E-02 , 0.133811511812274 , 0.330585052164609 , 0.330585052164609 
period1,sc01,t3278, 5.79509955536029E-02 , 0.115223948400721 , 0.332147123539094 , 0.332147123539094 
period1,sc01,t3279, 0.054644286115993 , 0.237227749530686 , 0.33342575454321 , 0.33342575454321 
period1,sc01,t3280, 5.31652781806678E-02 , 0.218626372238267 , 0.332497149901235 , 0.332497149901235 
period1,sc01,t3281, 5.48835877967213E-02 , 0.161112871274368 , 0.331142934798354 , 0.331142934798354 
period1,sc01,t3282, 4.26488808907104E-02 , 5.96206820738137E-02 , 0.302570345843622 , 0.302570345843622 
period1,sc01,t3283, 4.96333051669596E-02 , 5.52737380543322E-02 , 0.290094470493827 , 0.290094470493827 
period1,sc01,t3284, 4.06907024168717E-02 , 5.72092009025271E-02 , 0.278293003263374 , 0.278293003263374 
period1,sc01,t3285, 3.77290359082601E-02 , 6.29014527680141E-02 , 0.28639534870782 , 0.28639534870782 
period1,sc01,t3286, 0.029123129481897 , 5.72665087740072E-02 , 0.301013673333333 , 0.301013673333333 
period1,sc01,t3287, 3.55101012998242E-02 , 6.15643585799649E-02 , 0.302325597333333 , 0.302325597333333 
period1,sc01,t3288, 0.02405194 , 4.29022588938488E-02 , 0.283480861851852 , 0.283480861851852 
period1,sc01,t3289, 2.56625355752212E-02 , 4.07973779008788E-02 , 0.285484740279836 , 0.285484740279836 
period1,sc01,t3290, 0.02405194 , 4.17667818866426E-02 , 0.284196211358025 , 0.284196211358025 
period1,sc01,t3291, 2.50393414991212E-02 , 4.31505407029877E-02 , 0.283375584 , 0.283375584 
period1,sc01,t3292, 3.56390648892795E-02 , 6.71169789191564E-02 , 0.283634729481481 , 0.283634729481481 
period1,sc01,t3293, 3.95510308869947E-02 , 6.73792484358524E-02 , 0.287459824765432 , 0.287459824765432 
period1,sc01,t3294, 4.42313216783831E-02 , 4.20194575018051E-02 , 0.289793483814814 , 0.289793483814814 
period1,sc01,t3295, 4.26329476597974E-02 , 3.47124176913884E-02 , 0.290949290658436 , 0.290949290658436 
period1,sc01,t3296, 4.55330623198595E-02 , 4.07295913181019E-02 , 0.302997755925926 , 0.302997755925926 
period1,sc01,t3297, 4.80808233391915E-02 , 0.035302596069314 , 0.37500615565236 , 0.37500615565236 
period1,sc01,t3298, 0.045324399539543 , 0.308838907942238 , 0.972118792274678 , 0.972118792274678 
period1,sc01,t3299, 5.47284429279437E-02 , 0.333624957039711 , 0.690651973236051 , 0.690651973236051 
period1,sc01,t3300, 6.97656128295254E-02 , 0.130316205270758 , 0.564414479330472 , 0.564414479330472 
period1,sc01,t3301, 6.23048616695958E-02 , 0.142365066844766 , 0.774999865201716 , 0.774999865201716 
period1,sc01,t3302, 5.43194946207381E-02 , 0.130105278442883 , 0.785465227467812 , 0.785465227467812 
period1,sc01,t3303, 4.55628054123023E-02 , 0.142816031268893 , 0.565672912866952 , 0.565672912866952 
period1,sc01,t3304, 4.48642104589496E-02 , 0.148539463036907 , 0.476736102188841 , 0.476736102188841 
period1,sc01,t3305, 4.42382941774362E-02 , 3.46645526462094E-02 , 0.299457000823045 , 0.299457000823045 
period1,sc01,t3306, 5.91481742383129E-02 , 3.57297544217927E-02 , 0.562907362060086 , 0.562907362060086 
period1,sc01,t3307, 5.56247412185792E-02 , 3.57297544217927E-02 , 0.555672542261802 , 0.555672542261802 
period1,sc01,t3308, 5.91646981785588E-02 , 3.36953691692443E-02 , 0.686828812738198 , 0.686828812738198 
period1,sc01,t3309, 4.17950011862917E-02 , 2.70270177996485E-02 , 0.679769244590129 , 0.679769244590129 
period1,sc01,t3310, 5.13622427907104E-02 , 3.55933742731107E-02 , 0.544607523746781 , 0.544607523746781 
period1,sc01,t3311, 3.85701546395574E-02 , 3.57297544217927E-02 , 0.290674848395062 , 0.290674848395062 
period1,sc01,t3312, 3.08943986699147E-02 , 2.74641336608085E-02 , 0.303957212875536 , 0.303957212875536 
period1,sc01,t3313, 3.03215227981843E-02 , 0.034282314897891 , 0.304144898712446 , 0.304144898712446 
period1,sc01,t3314, 3.05550731170952E-02 , 2.66577654291553E-02 , 0.304820567725322 , 0.304820567725322 
period1,sc01,t3315, 4.83751065464481E-02 , 0.035840234254833 , 0.466816905708155 , 0.466816905708155 
period1,sc01,t3316, 5.55978575300547E-02 , 0.03599586671529 , 0.494260141095279 , 0.494260141095279 
period1,sc01,t3317, 6.44540614284153E-02 , 3.58609852495607E-02 , 0.481354112206008 , 0.481354112206008 
period1,sc01,t3318, 6.48580345647443E-02 , 3.38692740333919E-02 , 0.398625949012876 , 0.398625949012876 
period1,sc01,t3319, 9.11557498095065E-02 , 2.97512583435852E-02 , 0.76981757771588 , 0.76981757771588 
period1,sc01,t3320, 6.04949304255319E-02 , 2.76930670887522E-02 , 0.601683255965665 , 0.601683255965665 
period1,sc01,t3321, 0.12373817629321 , 0.01848000592744 , 0.367732860257511 , 0.367732860257511 
period1,sc01,t3322, 0.12986973543884 , 0.018700296887522 , 0.36820911306867 , 0.36820911306867 
period1,sc01,t3323, 0.089158762374341 , 2.82852197799649E-02 , 0.360478113320988 , 0.360478113320988 
period1,sc01,t3324, 0.122080621836066 , 2.78340009279437E-02 , 0.360013341785408 , 0.360013341785408 
period1,sc01,t3325, 5.47265404006544E-02 , 3.11084310404218E-02 , 0.365351126987124 , 0.365351126987124 
period1,sc01,t3326, 0.493808970239891 , 2.76917413307557E-02 , 0.334047756992274 , 0.334047756992274 
period1,sc01,t3327, 0.494827145136611 , 3.02411931718805E-02 , 0.319704541185186 , 0.319704541185186 
period1,sc01,t3328, 0.249544254237705 , 3.52490230439368E-02 , 0.305345149639485 , 0.305345149639485 
period1,sc01,t3329, 5.30981526172107E-02 , 3.58765484956063E-02 , 0.3068262255 , 0.3068262255 
period1,sc01,t3330, 3.41262163392858E-02 , 3.47559947803164E-02 , 0.297796850082305 , 0.297796850082305 
period1,sc01,t3331, 0.0327981 , 3.51035739420035E-02 , 0.299250044362139 , 0.299250044362139 
period1,sc01,t3332, 0.0327981 , 3.44562581898066E-02 , 0.293779195308642 , 0.293779195308642 
period1,sc01,t3333, 2.40321323905385E-02 , 4.97024751493849E-02 , 0.293090202918455 , 0.293090202918455 
period1,sc01,t3334, 2.11060333333334E-02 , 5.03788038664324E-02 , 0.295318972231759 , 0.295318972231759 
period1,sc01,t3335, 2.05018713528637E-02 , 5.68930998400721E-02 , 0.298885003133048 , 0.298885003133048 
period1,sc01,t3336, 4.75063282073814E-02 , 0.269266480765343 , 0.288459993321888 , 0.288459993321888 
period1,sc01,t3337, 3.75919739015818E-02 , 0.425122292851985 , 0.899387786266095 , 0.899387786266095 
period1,sc01,t3338, 3.73896543233743E-02 , 1.40890120176895 , 0.268991003433477 , 0.268991003433477 
period1,sc01,t3339, 3.96237158069217E-02 , 4.60692785395307 , 0.274016314208154 , 0.274016314208154 
period1,sc01,t3340, 5.04733492896175E-02 , 1.34796457166066 , 0.274213102658798 , 0.274213102658798 
period1,sc01,t3341, 3.90000666074682E-02 , 4.20096819418772 , 0.570234164798283 , 0.570234164798283 
period1,sc01,t3342, 3.94884498360655E-02 , 6.09965490027076 , 0.291098122532188 , 0.291098122532188 
period1,sc01,t3343, 3.97709710861159E-02 , 6.23971162635379 , 0.644651078927039 , 0.644651078927039 
period1,sc01,t3344, 5.21471049209139E-02 , 6.22502588905235 , 0.298120934334764 , 0.298120934334764 
period1,sc01,t3345, 4.23821198242531E-02 , 6.19934380476534 , 0.478321606433477 , 0.478321606433477 
period1,sc01,t3346, 5.08290009260819E-02 , 4.86586878276174 , 0.303825074172839 , 0.303825074172839 
period1,sc01,t3347, 4.82240111972318E-02 , 0.25117764400722 , 0.297356671390946 , 0.297356671390946 
period1,sc01,t3348, 0.058749313884007 , 0.353985085902527 , 1.05223336652361 , 1.05223336652361 
period1,sc01,t3349, 0.041052213460457 , 0.153261315541517 , 3.24743052360515 , 3.24743052360515 
period1,sc01,t3350, 5.86803413005273E-02 , 1.26592310981949 , 1.31195014107296 , 1.31195014107296 
period1,sc01,t3351, 4.86065123022848E-02 , 0.172031179783394 , 1.03471610643777 , 1.03471610643777 
period1,sc01,t3352, 4.09520882601055E-02 , 0.264243504990975 , 0.295724586740741 , 0.295724586740741 
period1,sc01,t3353, 5.11661615114235E-02 , 2.95501490072202 , 0.671205822875536 , 0.671205822875536 
period1,sc01,t3354, 4.18986940437159E-02 , 1.05811855597365 , 0.584792860716738 , 0.584792860716738 
period1,sc01,t3355, 0.051135507029877 , 9.22469985940246E-02 , 0.303716687242798 , 0.303716687242798 
period1,sc01,t3356, 4.00560194463971E-02 , 8.24912098418278E-02 , 0.304673148065844 , 0.304673148065844 
period1,sc01,t3357, 3.72547746045694E-02 , 4.81629785190434 , 0.289218198626609 , 0.289218198626609 
period1,sc01,t3358, 3.92125012008999E-02 , 4.84284646769675 , 0.309097294420601 , 0.309097294420601 
period1,sc01,t3359, 5.10818616871705E-02 , 4.57905956632672 , 0.295192033476394 , 0.295192033476394 
period1,sc01,t3360, 3.63235089240184E-02 , 8.25707199033392E-02 , 0.296500268026906 , 0.296500268026906 
period1,sc01,t3361, 2.37667219071282E-02 , 7.06248781588447E-02 , 0.297369467407408 , 0.297369467407408 
period1,sc01,t3362, 0.023621209481557 , 6.29352728574007E-02 , 0.287602100067265 , 0.287602100067265 
period1,sc01,t3363, 0.026052306397188 , 7.06248781588447E-02 , 0.287602100067265 , 0.287602100067265 
period1,sc01,t3364, 3.63367357117751E-02 , 8.75653128295254E-02 , 0.290138882057614 , 0.290138882057614 
period1,sc01,t3365, 2.64772360655737E-02 , 6.42735504512636E-02 , 0.302822894439462 , 0.302822894439462 
period1,sc01,t3366, 3.94975214472537E-02 , 6.38069957504394E-02 , 0.276112930852018 , 0.276112930852018 
period1,sc01,t3367, 2.96818766881309E-02 , 4.41494481732852E-02 , 0.295269843049327 , 0.295269843049327 
period1,sc01,t3368, 2.99367573907768E-02 , 3.76714475270758E-02 , 0.293069716681614 , 0.293069716681614 
period1,sc01,t3369, 3.21776346387232E-02 , 3.76714475270758E-02 , 0.301048347085202 , 0.301048347085202 
period1,sc01,t3370, 4.26962933561524E-02 , 3.63626575388086E-02 , 0.295269843049327 , 0.295269843049327 
period1,sc01,t3371, 6.19016916010499E-02 , 7.07069955415162E-02 , 0.280401908340807 , 0.280401908340807 
period1,sc01,t3372, 5.85154903677758E-02 , 5.41994474516695E-02 , 0.371518797695473 , 0.371518797695473 
period1,sc01,t3373, 5.85681493848857E-02 , 4.50755149448819E-02 , 0.300868311111111 , 0.300868311111111 
period1,sc01,t3374, 5.85681493848857E-02 , 4.57146094160649E-02 , 0.370963425679012 , 0.370963425679012 
period1,sc01,t3375, 5.95780769771529E-02 , 3.66141406335677E-02 , 0.373250304320988 , 0.373250304320988 
period1,sc01,t3376, 5.05748020210897E-02 , 7.07974544112478E-02 , 0.313893805381166 , 0.313893805381166 
period1,sc01,t3377, 4.34382426621905E-02 , 5.88807487530756E-02 , 0.387878179013453 , 0.387878179013453 
period1,sc01,t3378, 0.029900914391433 , 5.35126966889279E-02 , 0.305863051309417 , 0.305863051309417 
period1,sc01,t3379, 2.97192858549222E-02 , 5.44350972231986E-02 , 0.307560096430493 , 0.307560096430493 
period1,sc01,t3380, 2.95734377272728E-02 , 5.35154510369069E-02 , 0.306563304484305 , 0.306563304484305 
period1,sc01,t3381, 2.96957677518848E-02 , 0.067700113599297 , 0.301427073363228 , 0.301427073363228 
period1,sc01,t3382, 2.96213704498977E-02 , 6.75705827346221E-02 , 0.309359827130044 , 0.309359827130044 
period1,sc01,t3383, 0.02941543179112 , 7.29210375755712E-02 , 0.299633004035875 , 0.299633004035875 
period1,sc01,t3384, 3.47442871716287E-02 , 0.165959623285199 , 0.274685874618834 , 0.274685874618834 
period1,sc01,t3385, 3.30266909831756E-02 , 0.146133925746925 , 0.288430631569506 , 0.288430631569506 
period1,sc01,t3386, 3.45926639880952E-02 , 0.164358022231986 , 0.261940873542601 , 0.261940873542601 
period1,sc01,t3387, 3.47056275297619E-02 , 0.143601537906137 , 0.255290520390135 , 0.255290520390135 
period1,sc01,t3388, 3.44161492385787E-02 , 0.152887092093863 , 0.255358748343049 , 0.255358748343049 
period1,sc01,t3389, 3.77873783651322E-02 , 0.163542498465704 , 0.279347074123318 , 0.279347074123318 
period1,sc01,t3390, 0.044898551151823 , 0.146675007214411 , 0.279547089497758 , 0.279547089497758 
period1,sc01,t3391, 4.06141995448976E-02 , 0.146226170702987 , 0.277604270576234 , 0.277604270576234 
period1,sc01,t3392, 4.05937809436275E-02 , 0.149494005448155 , 0.279462619109865 , 0.279462619109865 
period1,sc01,t3393, 4.03674316471206E-02 , 0.146226170702987 , 0.295894190740741 , 0.295894190740741 
period1,sc01,t3394, 5.15237112355617E-02 , 0.146315938005272 , 0.283601668116592 , 0.283601668116592 
period1,sc01,t3395, 6.30390215236427E-02 , 0.151283062065026 , 0.282705902690583 , 0.282705902690583 
period1,sc01,t3396, 5.90749864273204E-02 , 0.147501209455185 , 0.304292779596413 , 0.304292779596413 
period1,sc01,t3397, 5.78973049146695E-02 , 0.151871937274369 , 0.297902791704035 , 0.297902791704035 
period1,sc01,t3398, 6.36384062140855E-02 , 0.150469884363719 , 0.317814655345292 , 0.317814655345292 
period1,sc01,t3399, 5.15603054144033E-02 , 0.166905781158844 , 0.302161731582305 , 0.302161731582305 
period1,sc01,t3400, 5.15498407777194E-02 , 0.174114515722022 , 0.284639530533632 , 0.284639530533632 
period1,sc01,t3401, 4.03535050350263E-02 , 0.141894605776173 , 0.287110325852018 , 0.287110325852018 
period1,sc01,t3402, 4.42043018917499E-02 , 0.118976301444043 , 0.305354859775785 , 0.305354859775785 
period1,sc01,t3403, 4.41262894921191E-02 , 0.161861796714801 , 0.395068539103139 , 0.395068539103139 
period1,sc01,t3404, 5.26339155926665E-02 , 0.161595577942238 , 0.396671385381166 , 0.396671385381166 
period1,sc01,t3405, 4.42156991592223E-02 , 0.160038899929702 , 0.336449883049327 , 0.336449883049327 
period1,sc01,t3406, 4.03731381048387E-02 , 0.160983274765343 , 0.305909242286995 , 0.305909242286995 
period1,sc01,t3407, 4.41538295633877E-02 , 0.169579792129964 , 0.306386789327355 , 0.306386789327355 
period1,sc01,t3408, 1.37226584675325E-02 , 4.98198998242531E-02 , 0.305003750852018 , 0.305003750852018 
period1,sc01,t3409, 0.013552554954144 , 5.05723132688928E-02 , 0.305285546636771 , 0.305285546636771 
period1,sc01,t3410, 1.67739606578276E-02 , 4.76440190369069E-02 , 0.287436602017938 , 0.287436602017938 
period1,sc01,t3411, 1.78706278409091E-02 , 4.29631105448155E-02 , 0.316965490699589 , 0.316965490699589 
period1,sc01,t3412, 1.58428767754252E-02 , 4.27419460456942E-02 , 0.299934268609865 , 0.299934268609865 
period1,sc01,t3413, 2.07287367941713E-02 , 4.06551827328647E-02 , 0.331618699327354 , 0.331618699327354 
period1,sc01,t3414, 2.65919959518678E-02 , 5.35365848637961E-02 , 0.371435613206278 , 0.371435613206278 
period1,sc01,t3415, 2.63604065003514E-02 , 5.30469724209139E-02 , 0.370916539237669 , 0.370916539237669 
period1,sc01,t3416, 2.60309052338342E-02 , 5.32509776054481E-02 , 0.374078171591928 , 0.374078171591928 
period1,sc01,t3417, 3.88563145869947E-02 , 5.22513522012302E-02 , 0.374762648699551 , 0.374762648699551 
period1,sc01,t3418, 4.96762728381413E-02 , 5.74103990749097E-02 , 0.372517057847533 , 0.372517057847533 
period1,sc01,t3419, 5.27583059815684E-02 , 0.146963885379061 , 0.398533998654709 , 0.398533998654709 
period1,sc01,t3420, 4.38919920101737E-02 , 0.058630150368231 , 0.402504160470852 , 0.402504160470852 
period1,sc01,t3421, 3.41299010198878E-02 , 5.33427059344319E-02 , 0.388383443045268 , 0.388383443045268 
period1,sc01,t3422, 3.01894679904956E-02 , 5.46799481265378E-02 , 0.348343147442387 , 0.348343147442387 
period1,sc01,t3423, 3.00775639255702E-02 , 5.53328409806679E-02 , 0.397114030123456 , 0.397114030123456 
period1,sc01,t3424, 2.46723147218586E-02 , 5.65762982490974E-02 , 0.303855295964126 , 0.303855295964126 
period1,sc01,t3425, 2.95544027564549E-02 , 0.056244343771529 , 0.29228194103139 , 0.29228194103139 
period1,sc01,t3426, 2.70273521638437E-02 , 5.47847343409491E-02 , 0.319782975617284 , 0.319782975617284 
period1,sc01,t3427, 2.15663736671295E-02 , 5.47761546836556E-02 , 0.318638749053498 , 0.318638749053498 
period1,sc01,t3428, 2.91337006802721E-02 , 0.052740550631769 , 0.359975552016461 , 0.359975552016461 
period1,sc01,t3429, 2.32398350991226E-02 , 5.12262738137082E-02 , 0.306060292777778 , 0.306060292777778 
period1,sc01,t3430, 2.09680242824388E-02 , 5.12262738137082E-02 , 0.321732134094651 , 0.321732134094651 
period1,sc01,t3431, 1.86483049660219E-02 , 5.11516566064982E-02 , 0.337336783139013 , 0.337336783139013 
period1,sc01,t3432, 0.043394 , 0.130251516561372 , 0.284730801255605 , 0.284730801255605 
period1,sc01,t3433, 0.035641160288225 , 0.165549485631769 , 0.273689723259259 , 0.273689723259259 
period1,sc01,t3434, 4.11010235641476E-02 , 0.184380524490975 , 0.281105541925926 , 0.281105541925926 
period1,sc01,t3435, 4.13681804077329E-02 , 0.183481275205776 , 0.27458861037037 , 0.27458861037037 
period1,sc01,t3436, 4.14171179050967E-02 , 0.178392048389892 , 0.27668601362963 , 0.27668601362963 
period1,sc01,t3437, 5.32790340949033E-02 , 0.176455865718411 , 0.279800015407407 , 0.279800015407407 
period1,sc01,t3438, 5.26087617574693E-02 , 0.177152891480144 , 0.278539076543209 , 0.278539076543209 
period1,sc01,t3439, 6.56234702003514E-02 , 0.158596673215884 , 0.289128824394619 , 0.289128824394619 
period1,sc01,t3440, 6.49531978629174E-02 , 0.160039774700361 , 0.289207118716049 , 0.289207118716049 
period1,sc01,t3441, 5.26087617574693E-02 , 0.160025576027436 , 0.281365933827161 , 0.281365933827161 
period1,sc01,t3442, 0.064208091142355 , 0.149883225357401 , 0.280859418074074 , 0.280859418074074 
period1,sc01,t3443, 5.26087617574693E-02 , 0.149629917903249 , 0.287588630852018 , 0.287588630852018 
period1,sc01,t3444, 5.26087617574693E-02 , 0.154870231929701 , 0.319889221283951 , 0.319889221283951 
period1,sc01,t3445, 5.39493064323374E-02 , 0.158424881007943 , 0.315836649382716 , 0.315836649382716 
period1,sc01,t3446, 5.26087617574693E-02 , 0.173696544291037 , 0.32261308108642 , 0.32261308108642 
period1,sc01,t3447, 5.26087617574693E-02 , 0.157091007606498 , 0.328139899190123 , 0.328139899190123 
period1,sc01,t3448, 4.52059322904245E-02 , 0.159119442537184 , 0.319485699013453 , 0.319485699013453 
period1,sc01,t3449, 5.19384894200351E-02 , 0.166974359618772 , 0.313547073333333 , 0.313547073333333 
period1,sc01,t3450, 4.45213166678383E-02 , 0.17611478464982 , 0.303896075555555 , 0.303896075555555 
period1,sc01,t3451, 4.22941844920914E-02 , 0.17850117868592 , 0.281595966134529 , 0.281595966134529 
period1,sc01,t3452, 4.37067072759226E-02 , 0.16619879133574 , 0.278902327964125 , 0.278902327964125 
period1,sc01,t3453, 4.17438756695958E-02 , 0.179780819415162 , 0.283228474116592 , 0.283228474116592 
period1,sc01,t3454, 3.76839675711775E-02 , 0.174080697630325 , 0.295911506367713 , 0.295911506367713 
period1,sc01,t3455, 3.39527214200351E-02 , 0.182169364765343 , 0.275474061201794 , 0.275474061201794 
period1,sc01,t3456, 1.51409189314587E-02 , 4.56166026010545E-02 , 0.26973501826009 , 0.26973501826009 
period1,sc01,t3457, 1.51797642601055E-02 , 7.05781537855888E-02 , 0.246805083228699 , 0.246805083228699 
period1,sc01,t3458, 1.52841134762742E-02 , 6.08298804780317E-02 , 0.235164206419753 , 0.235164206419753 
period1,sc01,t3459, 1.51249237961336E-02 , 5.37373328056239E-02 , 0.246439712394619 , 0.246439712394619 
period1,sc01,t3460, 1.50319996766257E-02 , 5.68966005342706E-02 , 0.245478670493274 , 0.245478670493274 
period1,sc01,t3461, 1.67819436485062E-02 , 0.045072768 , 0.263622830636771 , 0.263622830636771 
period1,sc01,t3462, 1.65728643796133E-02 , 6.74697658207381E-02 , 0.249686265470853 , 0.249686265470853 
period1,sc01,t3463, 1.74397245469244E-02 , 4.20083188808664E-02 , 0.258235554295964 , 0.258235554295964 
period1,sc01,t3464, 1.87750517609842E-02 , 4.22982975268893E-02 , 0.258750571695068 , 0.258750571695068 
period1,sc01,t3465, 2.13305602565905E-02 , 5.48000191297012E-02 , 0.259444387587443 , 0.259444387587443 
period1,sc01,t3466, 1.74242625827768E-02 , 4.12967735536029E-02 , 0.295239068556054 , 0.295239068556054 
period1,sc01,t3467, 2.44906848674868E-02 , 4.23884415395431E-02 , 0.279899323910314 , 0.279899323910314 
period1,sc01,t3468, 0.039207123374341 , 0.115938072548331 , 0.349245695183892 , 0.349245695183892 
period1,sc01,t3469, 5.56287956414763E-02 , 0.115938072548331 , 0.346941568078924 , 0.346941568078924 
period1,sc01,t3470, 5.55499624745167E-02 , 0.132729651361687 , 0.348263824762416 , 0.348263824762416 
period1,sc01,t3471, 2.11245657637962E-02 , 8.85902947170475E-02 , 0.329742221930044 , 0.329742221930044 
period1,sc01,t3472, 2.15069827908612E-02 , 6.82311751299639E-02 , 0.343837956624215 , 0.343837956624215 
period1,sc01,t3473, 1.42592823057996E-02 , 0.130080574830325 , 0.33363798844843 , 0.33363798844843 
period1,sc01,t3474, 1.42760176078569E-02 , 4.42118512202166E-02 , 0.28988191587444 , 0.28988191587444 
period1,sc01,t3475, 1.43364017082601E-02 , 4.48914897996485E-02 , 0.282538545147982 , 0.282538545147982 
period1,sc01,t3476, 1.42941288506151E-02 , 4.28907649560632E-02 , 0.32076109587444 , 0.32076109587444 
period1,sc01,t3477, 1.43164077891037E-02 , 4.38869953012302E-02 , 0.296051435623318 , 0.296051435623318 
period1,sc01,t3478, 1.43438280210896E-02 , 4.87737376449912E-02 , 0.283228474116592 , 0.283228474116592 
period1,sc01,t3479, 1.26484960112478E-02 , 9.54229050108303E-02 , 0.334214710762332 , 0.334214710762332 
period1,sc01,t3480, 1.38468382237062E-02 , 9.73806008231046E-02 , 0.292777674080717 , 0.292777674080717 
period1,sc01,t3481, 1.39498275386919E-02 , 9.52136408231047E-02 , 0.291767073901345 , 0.291767073901345 
period1,sc01,t3482, 1.38652345157932E-02 , 9.37038094873646E-02 , 0.270811696143498 , 0.270811696143498 
period1,sc01,t3483, 1.38205857827639E-02 , 0.143882335634446 , 0.295538361686098 , 0.295538361686098 
period1,sc01,t3484, 2.10191311634446E-02 , 0.101505178405776 , 0.288350467910314 , 0.288350467910314 
period1,sc01,t3485, 1.99128390537786E-02 , 8.67616508710018E-02 , 0.301610708340807 , 0.301610708340807 
period1,sc01,t3486, 0.019619772972973 , 7.28888795852373E-02 , 0.285173879461883 , 0.285173879461883 
period1,sc01,t3487, 1.95203204487507E-02 , 7.22926799578207E-02 , 0.315728747259259 , 0.315728747259259 
period1,sc01,t3488, 1.95910422437532E-02 , 7.99374724635379E-02 , 0.286697553578475 , 0.286697553578475 
period1,sc01,t3489, 1.96629640095466E-02 , 8.00093263537906E-02 , 0.288910184932736 , 0.288910184932736 
period1,sc01,t3490, 2.54849784134784E-02 , 8.69602190509667E-02 , 0.287784920502242 , 0.287784920502242 
period1,sc01,t3491, 2.18803074718526E-02 , 8.41667829173989E-02 , 0.294725994618834 , 0.294725994618834 
period1,sc01,t3492, 2.71259304790795E-02 , 8.20511189891697E-02 , 0.301758411443946 , 0.301758411443946 
period1,sc01,t3493, 2.69822287206322E-02 , 0.081135832635379 , 0.302773870278027 , 0.302773870278027 
period1,sc01,t3494, 2.57598838258437E-02 , 0.117481306137184 , 0.315639587946188 , 0.315639587946188 
period1,sc01,t3495, 2.18436419173891E-02 , 7.78429919156414E-02 , 0.323341527390134 , 0.323341527390134 
period1,sc01,t3496, 2.43569573039709E-02 , 8.03450880843586E-02 , 0.322140451950617 , 0.322140451950617 
period1,sc01,t3497, 2.20092285958319E-02 , 7.93682423198594E-02 , 0.31981511580269 , 0.31981511580269 
period1,sc01,t3498, 1.59360472227874E-02 , 0.076207298910369 , 0.280187928 , 0.280187928 
period1,sc01,t3499, 1.59981783732058E-02 , 8.17389828736462E-02 , 0.281116416914798 , 0.281116416914798 
period1,sc01,t3500, 1.61318958464702E-02 , 8.10085139566787E-02 , 0.286085363085201 , 0.286085363085201 
period1,sc01,t3501, 0.016044118047635 , 7.50967795149385E-02 , 0.288910184932736 , 0.288910184932736 
period1,sc01,t3502, 0.015885237757377 , 7.52567308681898E-02 , 0.301241450582959 , 0.301241450582959 
period1,sc01,t3503, 1.71013451059536E-02 , 8.13424370166066E-02 , 0.269687403443946 , 0.269687403443946 
period1,sc01,t3504, 3.04379430562025E-02 , 9.89169445012302E-02 , 0.302137465751072 , 0.302137465751072 
period1,sc01,t3505, 1.65031500655737E-02 , 9.89287041476275E-02 , 0.292514729055794 , 0.292514729055794 
period1,sc01,t3506, 1.38219988909969E-02 , 9.89211264094904E-02 , 0.29404815751073 , 0.29404815751073 
period1,sc01,t3507, 1.37993391960581E-02 , 0.144378617484216 , 0.306065903197425 , 0.306065903197425 
period1,sc01,t3508, 1.38811310384272E-02 , 0.109263761983404 , 0.266014500193133 , 0.266014500193133 
period1,sc01,t3509, 2.32288295833334E-02 , 0.145105739766173 , 0.287232196666666 , 0.287232196666666 
period1,sc01,t3510, 5.18265003924133E-02 , 0.132450387887764 , 0.269182604855967 , 0.269182604855967 
period1,sc01,t3511, 5.44858436245955E-02 , 9.02313180046765E-02 , 0.286892479506173 , 0.286892479506173 
period1,sc01,t3512, 0.055816492920354 , 8.12193411081038E-02 , 0.291319502345679 , 0.291319502345679 
period1,sc01,t3513, 0.0354732124 , 8.25239292161687E-02 , 0.289320431810699 , 0.289320431810699 
period1,sc01,t3514, 3.72793823508006E-02 , 8.30759796172753E-02 , 0.288069898168724 , 0.288069898168724 
period1,sc01,t3515, 5.79081419277207E-02 , 8.85861578049209E-02 , 0.276959124935622 , 0.276959124935622 
period1,sc01,t3516, 4.60410089912706E-02 , 8.76307916133568E-02 , 0.291495078175966 , 0.291495078175966 
period1,sc01,t3517, 0.029794069142027 , 0.148499487267135 , 0.302175607296137 , 0.302175607296137 
period1,sc01,t3518, 4.62164193912063E-02 , 0.142773824795326 , 0.289584104570816 , 0.289584104570816 
period1,sc01,t3519, 2.62275601848592E-02 , 0.139389700799508 , 0.306860447880658 , 0.306860447880658 
period1,sc01,t3520, 1.65614572603219E-02 , 8.86861915641476E-02 , 0.293012233133047 , 0.293012233133047 
period1,sc01,t3521, 1.49869769880366E-02 , 0.116434335484013 , 0.293136841630901 , 0.293136841630901 
period1,sc01,t3522, 1.39531585482199E-02 , 0.123064466498243 , 0.285849104334764 , 0.285849104334764 
period1,sc01,t3523, 1.39571528820049E-02 , 9.43917714323374E-02 , 0.286401473347639 , 0.286401473347639 
period1,sc01,t3524, 1.40223493621867E-02 , 9.26764989982426E-02 , 0.284150667777778 , 0.284150667777778 
period1,sc01,t3525, 1.39670086375191E-02 , 0.127564196040056 , 0.278204725823046 , 0.278204725823046 
period1,sc01,t3526, 1.39591245523906E-02 , 0.141963021739894 , 0.280817338798283 , 0.280817338798283 
period1,sc01,t3527, 1.39410872908266E-02 , 0.111583698192443 , 0.291246326137339 , 0.291246326137339 
period1,sc01,t3528, 1.34728100864649E-02 , 4.27313417218543E-02 , 0.269873179012875 , 0.269873179012875 
period1,sc01,t3529, 1.35372563110805E-02 , 6.10492542770222E-02 , 0.264012324120171 , 0.264012324120171 
period1,sc01,t3530, 2.32703374808771E-02 , 6.08685948639942E-02 , 0.274110186695279 , 0.274110186695279 
period1,sc01,t3531, 2.31343146251913E-02 , 8.57545847494631E-02 , 0.277011431287553 , 0.277011431287553 
period1,sc01,t3532, 2.56151969539351E-02 , 0.121604420633501 , 0.269894184334764 , 0.269894184334764 
period1,sc01,t3533, 2.61683121876594E-02 , 8.82739269863994E-02 , 0.27903039127572 , 0.27903039127572 
period1,sc01,t3534, 2.17809648750638E-02 , 8.57403253398397E-02 , 0.272873070740741 , 0.272873070740741 
period1,sc01,t3535, 1.52060695334215E-02 , 7.71893844980829E-02 , 0.284435890815451 , 0.284435890815451 
period1,sc01,t3536, 1.81764194285714E-02 , 7.66514528346456E-02 , 0.278971428841202 , 0.278971428841202 
period1,sc01,t3537, 2.27851132180759E-02 , 5.08604948588358E-02 , 0.269361931545065 , 0.269361931545065 
period1,sc01,t3538, 3.16858811052284E-02 , 6.07617176896922E-02 , 0.255784816523605 , 0.255784816523605 
period1,sc01,t3539, 0.038712686728395 , 4.32762579470199E-02 , 0.262465055922747 , 0.262465055922747 
period1,sc01,t3540, 0.04895325 , 4.30146978804921E-02 , 0.264401270987654 , 0.264401270987654 
period1,sc01,t3541, 3.95611246487023E-02 , 6.14121723620387E-02 , 0.266557273292181 , 0.266557273292181 
period1,sc01,t3542, 3.48101026395427E-02 , 5.89424469639719E-02 , 0.255683250041152 , 0.255683250041152 
period1,sc01,t3543, 2.96413179998309E-02 , 0.065827447702109 , 0.265737580555556 , 0.265737580555556 
period1,sc01,t3544, 3.65450279291271E-02 , 4.60044303212997E-02 , 0.24610121654321 , 0.24610121654321 
period1,sc01,t3545, 2.50527627742252E-02 , 8.43143400123023E-02 , 0.242317468312758 , 0.242317468312758 
period1,sc01,t3546, 1.34161654367347E-02 , 6.93528073370512E-02 , 0.242317468312758 , 0.242317468312758 
period1,sc01,t3547, 1.32753723885245E-02 , 6.92718157859882E-02 , 0.241383618477366 , 0.241383618477366 
period1,sc01,t3548, 1.32794781942857E-02 , 6.92195277012896E-02 , 0.242768724609053 , 0.242768724609053 
period1,sc01,t3549, 2.88820356424489E-02 , 6.85183971906588E-02 , 0.24016146600823 , 0.24016146600823 
period1,sc01,t3550, 2.80734567183674E-02 , 8.34616985770303E-02 , 0.24199066563786 , 0.24199066563786 
period1,sc01,t3551, 1.34449379591837E-02 , 8.30068604914604E-02 , 0.244681191769547 , 0.244681191769547 
period1,sc01,t3552, 1.38042128355014E-02 , 3.58651335518453E-02 , 0.267041496137339 , 0.267041496137339 
period1,sc01,t3553, 0.030702107813907 , 3.61198177961335E-02 , 0.251406520171674 , 0.251406520171674 
period1,sc01,t3554, 0.038509157317695 , 4.38198992425307E-02 , 0.252055196781116 , 0.252055196781116 
period1,sc01,t3555, 2.01463054665987E-02 , 4.31974668484745E-02 , 0.255503916309013 , 0.255503916309013 
period1,sc01,t3556, 3.98392427504394E-02 , 4.43371262214412E-02 , 0.246221774034335 , 0.246221774034335 
period1,sc01,t3557, 4.35994672170475E-02 , 4.36526116871704E-02 , 0.269765468240343 , 0.269765468240343 
period1,sc01,t3558, 4.34656523049034E-02 , 4.42424178453427E-02 , 0.264046167407408 , 0.264046167407408 
period1,sc01,t3559, 0.037935287589928 , 4.32676057038665E-02 , 0.2635381727897 , 0.2635381727897 
period1,sc01,t3560, 5.07844349549399E-02 , 3.58486491405975E-02 , 0.263329769320988 , 0.263329769320988 
period1,sc01,t3561, 5.00574454977489E-02 , 3.93653186731107E-02 , 0.30594388944206 , 0.30594388944206 
period1,sc01,t3562, 4.92861404038005E-02 , 4.37411858040422E-02 , 0.277405805925926 , 0.277405805925926 
period1,sc01,t3563, 5.16005006749916E-02 , 1.38748844150943E-02 , 0.25190275 , 0.25190275 
period1,sc01,t3564, 5.06248242449524E-02 , 4.36595283464567E-02 , 0.247096787446352 , 0.247096787446352 
period1,sc01,t3565, 5.99281964340949E-02 , 4.22916934173228E-02 , 0.274614675901288 , 0.274614675901288 
period1,sc01,t3566, 5.06921350127487E-02 , 4.21279520667838E-02 , 0.266968225364807 , 0.266968225364807 
period1,sc01,t3567, 4.35277016019502E-02 , 0.040155510632689 , 0.249917830686695 , 0.249917830686695 
period1,sc01,t3568, 3.95535506151143E-02 , 0.027582445 , 0.265367096296296 , 0.265367096296296 
period1,sc01,t3569, 3.85803165476798E-02 , 4.27469962829525E-02 , 0.273427924377682 , 0.273427924377682 
period1,sc01,t3570, 3.74234802857143E-02 , 4.27851777469244E-02 , 0.272294840343348 , 0.272294840343348 
period1,sc01,t3571, 1.46769107318271E-02 , 3.64410435785199E-02 , 0.280657635193134 , 0.280657635193134 
period1,sc01,t3572, 0.02576236608 , 3.69374514885765E-02 , 0.287416938798283 , 0.287416938798283 
period1,sc01,t3573, 0.029908782244898 , 4.22413498681898E-02 , 0.286539125343348 , 0.286539125343348 
period1,sc01,t3574, 1.50072052653061E-02 , 4.34625643101934E-02 , 0.286911531051502 , 0.286911531051502 
period1,sc01,t3575, 3.00729942857143E-02 , 0.04197348721529 , 0.333792182961373 , 0.333792182961373 
period1,sc01,t3576, 1.26447202014316E-02 , 1.33591251241919E-02 , 0.258075139259259 , 0.258075139259259 
period1,sc01,t3577, 1.16138244565218E-02 , 2.29409871335676E-02 , 0.270479679670781 , 0.270479679670781 
period1,sc01,t3578, 1.16098284905032E-02 , 2.24793010810811E-02 , 0.263543909870371 , 0.263543909870371 
period1,sc01,t3579, 1.19576273329445E-02 , 3.35059501054481E-02 , 0.263155962654321 , 0.263155962654321 
period1,sc01,t3580, 1.23536681711013E-02 , 3.53255311493849E-02 , 0.250508427160494 , 0.250508427160494 
period1,sc01,t3581, 1.15853785795919E-02 , 3.31697406151143E-02 , 0.270057871502058 , 0.270057871502058 
period1,sc01,t3582, 1.37341678163265E-02 , 2.48135157142857E-02 , 0.289317909814815 , 0.289317909814815 
period1,sc01,t3583, 1.36319678971428E-02 , 1.27345289696444E-02 , 0.289946819979423 , 0.289946819979423 
period1,sc01,t3584, 2.44589222547706E-02 , 3.21611121441125E-02 , 0.289227733222222 , 0.289227733222222 
period1,sc01,t3585, 4.07819239538742E-02 , 2.33160105439402E-02 , 0.272427109388888 , 0.272427109388888 
period1,sc01,t3586, 3.54815224838013E-02 , 3.31697406151143E-02 , 0.267076586831276 , 0.267076586831276 
period1,sc01,t3587, 3.16644822629969E-02 , 3.36740548506151E-02 , 0.26067118600823 , 0.26067118600823 
period1,sc01,t3588, 4.55745675889328E-02 , 0.033842159595782 , 0.259468831440329 , 0.259468831440329 
period1,sc01,t3589, 3.39852779432376E-02 , 4.13575878734622E-02 , 0.255503924115227 , 0.255503924115227 
period1,sc01,t3590, 3.57243045409836E-02 , 4.24896969209138E-02 , 0.262409635051441 , 0.262409635051441 
period1,sc01,t3591, 3.83096079021793E-02 , 3.72866258242531E-02 , 0.252442571934156 , 0.252442571934156 
period1,sc01,t3592, 1.88615629654706E-02 , 3.34488326977153E-02 , 0.264073831543209 , 0.264073831543209 
period1,sc01,t3593, 0.014507783761921 , 2.60241427768014E-02 , 0.256888778930041 , 0.256888778930041 
period1,sc01,t3594, 1.22784761473926E-02 , 2.62482187609842E-02 , 0.280967711459227 , 0.280967711459227 
period1,sc01,t3595, 1.30737467728691E-02 , 2.32976939411248E-02 , 0.264250607060086 , 0.264250607060086 
period1,sc01,t3596, 1.34130669800429E-02 , 1.60524476255319E-02 , 0.262507371090535 , 0.262507371090535 
period1,sc01,t3597, 1.34424047952756E-02 , 2.63536662829526E-02 , 0.279784662017168 , 0.279784662017168 
period1,sc01,t3598, 0.012855411946277 , 3.31697406151143E-02 , 0.267856685925926 , 0.267856685925926 
period1,sc01,t3599, 1.52635038934169E-02 , 3.31697406151143E-02 , 0.271970098353909 , 0.271970098353909 
period1,sc01,t3600, 1.30646053552971E-02 , 3.33776205577969E-02 , 0.249399111934157 , 0.249399111934157 
period1,sc01,t3601, 1.41995692185204E-02 , 3.37764936177864E-02 , 0.244425540740741 , 0.244425540740741 
period1,sc01,t3602, 1.43096397841727E-02 , 3.30592034781134E-02 , 0.245714251851851 , 0.245714251851851 
period1,sc01,t3603, 1.63601538755737E-02 , 0.040788651838274 , 0.251611895061729 , 0.251611895061729 
period1,sc01,t3604, 0.01807886586116 , 4.08224300675321E-02 , 0.245230985185185 , 0.245230985185185 
period1,sc01,t3605, 1.65226450734659E-02 , 4.08193211734784E-02 , 0.255923922746781 , 0.255923922746781 
period1,sc01,t3606, 2.66323757976455E-02 , 3.37427153885283E-02 , 0.252797208154506 , 0.252797208154506 
period1,sc01,t3607, 2.46335103771429E-02 , 3.25907242466915E-02 , 0.26052906 , 0.26052906 
period1,sc01,t3608, 2.75896038102644E-02 , 3.97745611147168E-02 , 0.259900813333333 , 0.259900813333333 
period1,sc01,t3609, 0.031132743862661 , 3.16916463778285E-02 , 0.263588573562231 , 0.263588573562231 
period1,sc01,t3610, 3.54807313870475E-02 , 0.032592844194001 , 0.364054113476395 , 0.364054113476395 
period1,sc01,t3611, 3.61154347526772E-02 , 4.10876778565164E-02 , 0.254753128395061 , 0.254753128395061 
period1,sc01,t3612, 3.86093716930138E-02 , 4.08269885072794E-02 , 0.337104633733906 , 0.337104633733906 
period1,sc01,t3613, 3.97903508463788E-02 , 4.06859713122053E-02 , 0.245318293519313 , 0.245318293519313 
period1,sc01,t3614, 3.26205739316675E-02 , 4.46180316867469E-02 , 0.424122500858369 , 0.424122500858369 
period1,sc01,t3615, 0.025006843676023 , 4.08499905086827E-02 , 0.283739549098712 , 0.283739549098712 
period1,sc01,t3616, 0.014729096996124 , 4.25292510489387E-02 , 0.369054990128755 , 0.369054990128755 
period1,sc01,t3617, 1.34068035918367E-02 , 0.040091420359586 , 0.421648196266094 , 0.421648196266094 
period1,sc01,t3618, 1.14932451183674E-02 , 3.49916416891065E-02 , 0.369449796180258 , 0.369449796180258 
period1,sc01,t3619, 1.14994230416326E-02 , 3.80524604142633E-02 , 0.340841757682404 , 0.340841757682404 
period1,sc01,t3620, 1.14913508139535E-02 , 4.08116538396773E-02 , 0.300414738025751 , 0.300414738025751 
period1,sc01,t3621, 1.17275801387755E-02 , 3.99695442965232E-02 , 0.491590468326181 , 0.491590468326181 
period1,sc01,t3622, 1.10323879651163E-02 , 3.98243161772654E-02 , 0.490907257854077 , 0.490907257854077 
period1,sc01,t3623, 1.14964405959184E-02 , 3.98625065777934E-02 , 0.425522522317596 , 0.425522522317596 
period1,sc01,t3624, 3.62212965224914E-02 , 3.85603356959578E-02 , 0.284513760965665 , 0.284513760965665 
period1,sc01,t3625, 4.34972486731107E-02 , 3.85603356959578E-02 , 0.283641547596566 , 0.283641547596566 
period1,sc01,t3626, 4.35207537785588E-02 , 4.86284902527076E-02 , 0.355097569525751 , 0.355097569525751 
period1,sc01,t3627, 4.54019266080844E-02 , 6.71835154217926E-02 , 0.269604465772532 , 0.269604465772532 
period1,sc01,t3628, 0.04352839771529 , 0.046679610632689 , 0.285290772875536 , 0.285290772875536 
period1,sc01,t3629, 4.52173255360281E-02 , 4.29644098445595E-02 , 0.269639466309013 , 0.269639466309013 
period1,sc01,t3630, 5.31692363387978E-02 , 4.58798637521969E-02 , 0.297704348333333 , 0.297704348333333 
period1,sc01,t3631, 5.16252712355213E-02 , 4.51181836766257E-02 , 0.301395686394849 , 0.301395686394849 
period1,sc01,t3632, 5.12989165215878E-02 , 4.42838097627416E-02 , 0.282991937639484 , 0.282991937639484 
period1,sc01,t3633, 6.19475198339483E-02 , 0.045504928655536 , 0.298497263641976 , 0.298497263641976 
period1,sc01,t3634, 5.87562686129526E-02 , 5.15686152363796E-02 , 0.361768345107296 , 0.361768345107296 
period1,sc01,t3635, 8.87385570606327E-02 , 0.132407649744584 , 0.296560945622318 , 0.296560945622318 
period1,sc01,t3636, 7.25314046572935E-02 , 6.00343623151453E-02 , 0.30614245915236 , 0.30614245915236 
period1,sc01,t3637, 6.35578051318102E-02 , 6.88471800316344E-02 , 0.299756727939914 , 0.299756727939914 
period1,sc01,t3638, 7.22304246485062E-02 , 8.42755872706503E-02 , 0.371315931450643 , 0.371315931450643 
period1,sc01,t3639, 7.01343522437532E-02 , 8.42755872706503E-02 , 0.28182724845679 , 0.28182724845679 
period1,sc01,t3640, 6.42517599279438E-02 , 8.35751542381371E-02 , 0.292309212962963 , 0.292309212962963 
period1,sc01,t3641, 4.40791762181939E-02 , 4.42987154393673E-02 , 0.300671516172839 , 0.300671516172839 
period1,sc01,t3642, 3.55589813260762E-02 , 4.49872430404218E-02 , 0.291171298950617 , 0.291171298950617 
period1,sc01,t3643, 3.59987411142857E-02 , 4.50951372073813E-02 , 0.291530616666667 , 0.291530616666667 
period1,sc01,t3644, 3.55112340162856E-02 , 3.69596380149385E-02 , 0.28803364537037 , 0.28803364537037 
period1,sc01,t3645, 4.57514165705378E-02 , 3.89275121968366E-02 , 0.283774186666667 , 0.283774186666667 
period1,sc01,t3646, 3.99280344037413E-02 , 8.35986784534271E-02 , 0.285868342222223 , 0.285868342222223 
period1,sc01,t3647, 3.99456286250974E-02 , 7.09117309033392E-02 , 0.289380888901288 , 0.289380888901288 
period1,sc01,t3648, 1.11761998945519E-02 , 1.65357270237259E-02 , 0.268193170896862 , 0.268193170896862 
period1,sc01,t3649, 0.0108735 , 1.51034252688928E-02 , 0.271434741659193 , 0.271434741659193 
period1,sc01,t3650, 1.11778815606327E-02 , 3.55362796660809E-02 , 0.264959401748878 , 0.264959401748878 
period1,sc01,t3651, 1.11778051212654E-02 , 3.79811928295254E-02 , 0.305436127399103 , 0.305436127399103 
period1,sc01,t3652, 1.11742889103691E-02 , 3.91331340949034E-02 , 0.270960793587444 , 0.270960793587444 
period1,sc01,t3653, 1.25094362293497E-02 , 3.71116950263621E-02 , 0.317167317376682 , 0.317167317376682 
period1,sc01,t3654, 1.18415090377856E-02 , 3.72283606107206E-02 , 0.314511842892376 , 0.314511842892376 
period1,sc01,t3655, 1.36608615289982E-02 , 3.64078222223198E-02 , 0.298969076704036 , 0.298969076704036 
period1,sc01,t3656, 2.51012358769772E-02 , 3.76494841950791E-02 , 0.295257946278027 , 0.295257946278027 
period1,sc01,t3657, 2.58342894094903E-02 , 3.57329772680141E-02 , 0.29519065735426 , 0.29519065735426 
period1,sc01,t3658, 2.58497301616872E-02 , 2.41449029525484E-02 , 0.328516228251121 , 0.328516228251121 
period1,sc01,t3659, 0.045309434973638 , 2.25986109912126E-02 , 0.472597212592593 , 0.472597212592593 
period1,sc01,t3660, 0.028221605509666 , 3.27447139718805E-02 , 0.330833620740741 , 0.330833620740741 
period1,sc01,t3661, 2.58976576449912E-02 , 3.89764333919156E-02 , 0.312162523580247 , 0.312162523580247 
period1,sc01,t3662, 2.82479770913884E-02 , 3.27447139718805E-02 , 0.356044224484305 , 0.356044224484305 
period1,sc01,t3663, 2.82084197188049E-02 , 3.27447139718805E-02 , 0.32853183147982 , 0.32853183147982 
period1,sc01,t3664, 2.81732576098418E-02 , 3.38546135852372E-02 , 0.30286744587444 , 0.30286744587444 
period1,sc01,t3665, 0.026138441652021 , 3.65303354182777E-02 , 0.302024871524664 , 0.302024871524664 
period1,sc01,t3666, 1.56878424516696E-02 , 3.58810212126538E-02 , 0.309651924753363 , 0.309651924753363 
period1,sc01,t3667, 0.013372073599297 , 3.73597407732865E-02 , 0.303177560044843 , 0.303177560044843 
period1,sc01,t3668, 2.51646041124781E-02 , 3.49373581133568E-02 , 0.307077392017937 , 0.307077392017937 
period1,sc01,t3669, 1.33638181476274E-02 , 3.35182803690685E-02 , 0.391342628609865 , 0.391342628609865 
period1,sc01,t3670, 1.27604822214412E-02 , 4.09695898945519E-02 , 0.312069937600897 , 0.312069937600897 
period1,sc01,t3671, 1.18143157328647E-02 , 4.45271735984182E-02 , 0.308060395426009 , 0.308060395426009 
period1,sc01,t3672, 1.10081388404779E-02 , 2.62195709524676E-02 , 0.336592459024691 , 0.336592459024691 
period1,sc01,t3673, 1.28205204340949E-02 , 8.39662813148789E-02 , 0.316992770082305 , 0.316992770082305 
period1,sc01,t3674, 1.39563802196837E-02 , 0.068155949208083 , 0.301623231460905 , 0.301623231460905 
period1,sc01,t3675, 1.39510583804921E-02 , 2.28617574841883E-02 , 0.289240861893004 , 0.289240861893004 
period1,sc01,t3676, 1.44033002636204E-02 , 2.16351010455104E-02 , 0.323969739333333 , 0.323969739333333 
period1,sc01,t3677, 1.50029513699473E-02 , 2.13023061500616E-02 , 0.304006535 , 0.304006535 
period1,sc01,t3678, 0.013818660940246 , 2.23144222017221E-02 , 0.337423255555556 , 0.337423255555556 
period1,sc01,t3679, 0.01628025 , 2.18277215867159E-02 , 0.32681684017284 , 0.32681684017284 
period1,sc01,t3680, 0.01628025 , 2.14659382533826E-02 , 0.333323044444444 , 0.333323044444444 
period1,sc01,t3681, 2.00306291512916E-02 , 2.15456564575646E-02 , 0.33939743127572 , 0.33939743127572 
period1,sc01,t3682, 3.53010516605166E-02 , 2.15792220172201E-02 , 0.342809807407408 , 0.342809807407408 
period1,sc01,t3683, 3.83111001282953E-02 , 2.06317578105781E-02 , 0.3777018 , 0.3777018 
period1,sc01,t3684, 4.14275615289982E-02 , 2.06840132841328E-02 , 0.348160180925926 , 0.348160180925926 
period1,sc01,t3685, 4.72385712082601E-02 , 2.06342747638622E-02 , 0.357933244032922 , 0.357933244032922 
period1,sc01,t3686, 4.88893904657294E-02 , 2.06044089608117E-02 , 0.346374043209877 , 0.346374043209877 
period1,sc01,t3687, 4.13010963181019E-02 , 1.98117283025831E-02 , 0.357067554580247 , 0.357067554580247 
period1,sc01,t3688, 2.51001970386643E-02 , 2.07101099332514E-02 , 0.356240276691358 , 0.356240276691358 
period1,sc01,t3689, 1.56523874235501E-02 , 2.29328564025997E-02 , 0.347062771481481 , 0.347062771481481 
period1,sc01,t3690, 1.34061516414763E-02 , 2.30305510455104E-02 , 0.37159882781893 , 0.37159882781893 
period1,sc01,t3691, 1.34359844604569E-02 , 2.47156947109471E-02 , 0.369485298518519 , 0.369485298518519 
period1,sc01,t3692, 1.33543447768014E-02 , 2.10531390836408E-02 , 0.353667327222223 , 0.353667327222223 
period1,sc01,t3693, 1.34068001810193E-02 , 2.21086424354243E-02 , 0.338363222253087 , 0.338363222253087 
period1,sc01,t3694, 2.59324666198172E-02 , 2.73151184501846E-02 , 0.351001296707818 , 0.351001296707818 
period1,sc01,t3695, 0.013407847962052 , 4.17018131734318E-02 , 0.32864165744033 , 0.32864165744033 
period1,sc01,t3696, 5.09465960456942E-02 , 0.116890287530756 , 0.2713375 , 0.2713375 
period1,sc01,t3697, 5.54730366432338E-02 , 0.127772275437159 , 0.2731125 , 0.2731125 
period1,sc01,t3698, 5.20305711775044E-02 , 0.121848171803279 , 0.2731125 , 0.2731125 
period1,sc01,t3699, 5.81456032513181E-02 , 0.118521472513662 , 0.2731125 , 0.2731125 
period1,sc01,t3700, 5.04085997188049E-02 , 0.125724279918033 , 0.2731125 , 0.2731125 
period1,sc01,t3701, 5.23684818980668E-02 , 0.116918261282952 , 0.289679077160494 , 0.289679077160494 
period1,sc01,t3702, 5.23684818980668E-02 , 6.56890760984182E-02 , 0.318213151851852 , 0.318213151851852 
period1,sc01,t3703, 5.50254969332162E-02 , 4.43500140949034E-02 , 0.31837645072584 , 0.31837645072584 
period1,sc01,t3704, 5.96191627855887E-02 , 4.52381754098361E-02 , 0.302271474074074 , 0.302271474074074 
period1,sc01,t3705, 5.93369305360281E-02 , 0.04816667728471 , 0.304204616049382 , 0.304204616049382 
period1,sc01,t3706, 6.44848851669596E-02 , 4.68351938488577E-02 , 0.282000457407408 , 0.282000457407408 
period1,sc01,t3707, 0.066788245913884 , 7.05144795869947E-02 , 0.274919762962963 , 0.274919762962963 
period1,sc01,t3708, 7.52427337434095E-02 , 0.154261619789104 , 0.281469967283951 , 0.281469967283951 
period1,sc01,t3709, 7.41829228471001E-02 , 0.137078859648506 , 0.278764467654321 , 0.278764467654321 
period1,sc01,t3710, 7.81725732864675E-02 , 0.137173116120218 , 0.279984594938272 , 0.279984594938272 
period1,sc01,t3711, 7.80494193463364E-02 , 0.147788785081967 , 0.287484286666667 , 0.287484286666667 
period1,sc01,t3712, 7.56728019332162E-02 , 0.167239966775956 , 0.287379087777777 , 0.287379087777777 
period1,sc01,t3713, 7.40830855887522E-02 , 0.166458337704919 , 0.266947750762332 , 0.266947750762332 
period1,sc01,t3714, 5.20305711775044E-02 , 0.164123001967213 , 0.287419548888889 , 0.287419548888889 
period1,sc01,t3715, 5.62784545254833E-02 , 0.180000737923497 , 0.272691704444445 , 0.272691704444445 
period1,sc01,t3716, 5.66649399121265E-02 , 0.179781849945355 , 0.261963216049383 , 0.261963216049383 
period1,sc01,t3717, 6.23906066783832E-02 , 0.162314646643234 , 0.286734407407407 , 0.286734407407407 
period1,sc01,t3718, 3.24510640544815E-02 , 0.141545502978143 , 0.278746035370371 , 0.278746035370371 
period1,sc01,t3719, 5.23684818980668E-02 , 0.16902887852459 , 0.282887904444444 , 0.282887904444444 
period1,sc01,t3720, 3.20080170210897E-02 , 0.203338176174864 , 0.407346804301075 , 0.407346804301075 
period1,sc01,t3721, 2.52758422001052E-02 , 0.218330838114754 , 0.408188720430107 , 0.408188720430107 
period1,sc01,t3722, 2.98849434094903E-02 , 0.434225309107469 , 0.364798951612903 , 0.364798951612903 
period1,sc01,t3723, 3.83037440685413E-02 , 0.219119097996357 , 0.39012730734767 , 0.39012730734767 
period1,sc01,t3724, 0.0328425 , 0.220177954553734 , 0.389760428763441 , 0.389760428763441 
period1,sc01,t3725, 0.0328425 , 0.223479752459017 , 0.401055188172043 , 0.401055188172043 
period1,sc01,t3726, 3.73792671353251E-02 , 0.224822167213115 , 0.398198636200717 , 0.398198636200717 
period1,sc01,t3727, 4.72418294815466E-02 , 0.281571095856102 , 0.439393019265233 , 0.439393019265233 
period1,sc01,t3728, 6.33837162126538E-02 , 0.22403251147541 , 0.433805478046595 , 0.433805478046595 
period1,sc01,t3729, 6.34014169156415E-02 , 0.140343759471766 , 0.381043629032258 , 0.381043629032258 
period1,sc01,t3730, 7.08316250873209E-02 , 0.136259484517304 , 0.375990807154606 , 0.375990807154606 
period1,sc01,t3731, 6.70500705184534E-02 , 0.13191864483304 , 0.371720596774193 , 0.371720596774193 
period1,sc01,t3732, 7.61778518162767E-02 , 8.27238506151142E-02 , 0.398687063322369 , 0.398687063322369 
period1,sc01,t3733, 7.87413181103737E-02 , 8.20466063268893E-02 , 0.382844669354839 , 0.382844669354839 
period1,sc01,t3734, 8.48001074048201E-02 , 0.11602694913479 , 0.407246803808243 , 0.407246803808243 
period1,sc01,t3735, 6.94602241529864E-02 , 0.169899616575592 , 0.377747607526881 , 0.377747607526881 
period1,sc01,t3736, 6.78875831282953E-02 , 0.142094163023679 , 0.39549315188172 , 0.39549315188172 
period1,sc01,t3737, 7.60012236057523E-02 , 0.177895080327869 , 0.40908335483871 , 0.40908335483871 
period1,sc01,t3738, 5.26343871265379E-02 , 0.114615707425308 , 0.375666993951613 , 0.375666993951613 
period1,sc01,t3739, 0.104658484797891 , 0.115286148360655 , 0.385153846326165 , 0.385153846326165 
period1,sc01,t3740, 0.065685 , 0.112830822407733 , 0.472189414202509 , 0.472189414202509 
period1,sc01,t3741, 4.22769746924428E-02 , 0.114767894991213 , 0.368993531362007 , 0.368993531362007 
period1,sc01,t3742, 5.05951507029877E-02 , 0.116207014571949 , 0.374024868951613 , 0.374024868951613 
period1,sc01,t3743, 4.58721413884007E-02 , 0.127376854508196 , 0.364946095430107 , 0.364946095430107 
period1,sc01,t3744, 2.11334849736379E-02 , 0.123479865006374 , 0.433118446188341 , 0.433118446188341 
period1,sc01,t3745, 2.19523503514938E-02 , 0.444915157020579 , 0.29503113147982 , 0.29503113147982 
period1,sc01,t3746, 0.02101056 , 0.202867794973593 , 0.309114723408072 , 0.309114723408072 
period1,sc01,t3747, 2.66563017926186E-02 , 0.142405677253688 , 0.440203717497758 , 0.440203717497758 
period1,sc01,t3748, 2.52521744991213E-02 , 0.358303035876889 , 0.308784961255605 , 0.308784961255605 
period1,sc01,t3749, 1.87789055737705E-02 , 0.118762738845383 , 0.332214022399103 , 0.332214022399103 
period1,sc01,t3750, 2.12828079929701E-02 , 0.084542696412311 , 0.51813438781893 , 0.51813438781893 
period1,sc01,t3751, 0.022223329033392 , 8.50528781642688E-02 , 0.485686162376682 , 0.485686162376682 
period1,sc01,t3752, 2.14809743760984E-02 , 0.084542696412311 , 0.477295384035875 , 0.477295384035875 
period1,sc01,t3753, 2.62071607856892E-02 , 8.23407390616763E-02 , 0.492854072735426 , 0.492854072735426 
period1,sc01,t3754, 3.89185520782396E-02 , 6.79188803321033E-02 , 0.549801101233184 , 0.549801101233184 
period1,sc01,t3755, 4.88838510698001E-02 , 5.03541417592424E-02 , 0.347764025399103 , 0.347764025399103 
period1,sc01,t3756, 5.73674755008787E-02 , 9.47016905481697E-02 , 0.352946290251029 , 0.352946290251029 
period1,sc01,t3757, 5.69674501933216E-02 , 0.544957812784557 , 0.294274445112108 , 0.294274445112108 
period1,sc01,t3758, 5.68574432337434E-02 , 0.604065158805317 , 0.324678319282512 , 0.324678319282512 
period1,sc01,t3759, 5.72295821616872E-02 , 0.116274008486615 , 0.316549093363228 , 0.316549093363228 
period1,sc01,t3760, 6.25485136612022E-02 , 0.111677709338918 , 0.333242320896861 , 0.333242320896861 
period1,sc01,t3761, 0.053991605519363 , 0.112871136059006 , 0.4696166367713 , 0.4696166367713 
period1,sc01,t3762, 1.87704182776802E-02 , 0.053341893644145 , 0.431797039910313 , 0.431797039910313 
period1,sc01,t3763, 2.94578251845343E-02 , 7.84624459515571E-02 , 0.431797039910313 , 0.431797039910313 
period1,sc01,t3764, 2.16290606678383E-02 , 7.35600920137058E-02 , 0.431360301345292 , 0.431360301345292 
period1,sc01,t3765, 2.69746680878735E-02 , 8.23407390616763E-02 , 0.499314859192825 , 0.499314859192825 
period1,sc01,t3766, 2.47227179261863E-02 , 0.084542696412311 , 0.351010219730942 , 0.351010219730942 
period1,sc01,t3767, 2.71093390710382E-02 , 0.084542696412311 , 0.37248529290583 , 0.37248529290583 
period1,sc01,t3768, 3.11053477069057E-02 , 0.084542696412311 , 0.350176 , 0.350176 
period1,sc01,t3769, 3.14871169914405E-02 , 8.34721091196626E-02 , 0.360221838565023 , 0.360221838565023 
period1,sc01,t3770, 3.11508275171324E-02 , 8.27442050606221E-02 , 0.305430770044843 , 0.305430770044843 
period1,sc01,t3771, 3.45419361096468E-02 , 8.13086349954471E-02 , 0.305766911569507 , 0.305766911569507 
period1,sc01,t3772, 3.45419361096468E-02 , 8.18935474212347E-02 , 0.291554612017937 , 0.291554612017937 
period1,sc01,t3773, 3.70884449130206E-02 , 8.46663081405937E-02 , 0.305731528251121 , 0.305731528251121 
period1,sc01,t3774, 3.11508275171324E-02 , 4.91450780179231E-02 , 0.292604317130044 , 0.292604317130044 
period1,sc01,t3775, 3.11508275171324E-02 , 7.88959419082763E-02 , 0.29357735838565 , 0.29357735838565 
period1,sc01,t3776, 0.052189565629942 , 4.91354496573537E-02 , 0.293090837757847 , 0.293090837757847 
period1,sc01,t3777, 3.70691881918819E-02 , 4.98588861570902E-02 , 0.29889861632287 , 0.29889861632287 
period1,sc01,t3778, 5.38897750439367E-02 , 4.26484922600619E-02 , 0.294882609686099 , 0.294882609686099 
period1,sc01,t3779, 5.21948857644991E-02 , 8.40432158441085E-02 , 0.307869270403587 , 0.307869270403587 
period1,sc01,t3780, 6.09222173462214E-02 , 8.38175746968898E-02 , 0.305802294887893 , 0.305802294887893 
period1,sc01,t3781, 6.08386284885764E-02 , 8.46663081405937E-02 , 0.307843715784753 , 0.307843715784753 
period1,sc01,t3782, 6.89814158699473E-02 , 8.46663081405937E-02 , 0.358374043049327 , 0.358374043049327 
period1,sc01,t3783, 5.55846643233744E-02 , 0.089936590405904 , 0.298183086995516 , 0.298183086995516 
period1,sc01,t3784, 5.38897750439367E-02 , 9.60047683711122E-02 , 0.289826726636771 , 0.289826726636771 
period1,sc01,t3785, 0.052189565629942 , 6.74257913585868E-02 , 0.296860144035874 , 0.296860144035874 
period1,sc01,t3786, 0.03016989014233 , 5.10418650500791E-02 , 0.281416308430493 , 0.281416308430493 
period1,sc01,t3787, 5.52167221929362E-02 , 5.07626425935688E-02 , 0.29620948412556 , 0.29620948412556 
period1,sc01,t3788, 4.55529292567212E-02 , 6.44507051133368E-02 , 0.281273792286996 , 0.281273792286996 
period1,sc01,t3789, 3.04246565629942E-02 , 5.22731397996837E-02 , 0.281533269955157 , 0.281533269955157 
period1,sc01,t3790, 0.021918 , 5.00597722720085E-02 , 0.281783901793722 , 0.281783901793722 
period1,sc01,t3791, 2.26747891407485E-02 , 4.98286916183447E-02 , 0.291096594618834 , 0.291096594618834 
period1,sc01,t3792, 2.03415603690686E-02 , 6.14135173770492E-02 , 0.273714539461883 , 0.273714539461883 
period1,sc01,t3793, 2.11543368189806E-02 , 0.113673774535519 , 0.270613584753363 , 0.270613584753363 
period1,sc01,t3794, 1.80248601639345E-02 , 6.94381403278689E-02 , 0.274586345112107 , 0.274586345112107 
period1,sc01,t3795, 2.11520256063269E-02 , 0.070199321726776 , 0.284588029775784 , 0.284588029775784 
period1,sc01,t3796, 2.11516404042179E-02 , 8.57687271147541E-02 , 0.277460256860987 , 0.277460256860987 
period1,sc01,t3797, 2.70839454833041E-02 , 6.86505894590164E-02 , 0.297198251300449 , 0.297198251300449 
period1,sc01,t3798, 3.09457892267135E-02 , 3.91218965905096E-02 , 0.291809175336323 , 0.291809175336323 
period1,sc01,t3799, 2.96120563934426E-02 , 4.06896691739895E-02 , 0.295465451569507 , 0.295465451569507 
period1,sc01,t3800, 2.92140361054482E-02 , 3.41635750439367E-02 , 0.293986232286996 , 0.293986232286996 
period1,sc01,t3801, 3.09351576485061E-02 , 2.88309930928962E-02 , 0.278763542421524 , 0.278763542421524 
period1,sc01,t3802, 0.021918 , 6.90021757377049E-02 , 0.287294853632287 , 0.287294853632287 
period1,sc01,t3803, 3.09449032618629E-02 , 6.17297114754098E-02 , 0.290929506726457 , 0.290929506726457 
period1,sc01,t3804, 2.87927020386643E-02 , 6.74619272131148E-02 , 0.288649248430493 , 0.288649248430493 
period1,sc01,t3805, 0.029278750059754 , 0.078393636801406 , 0.290207097309417 , 0.290207097309417 
period1,sc01,t3806, 2.87840349912127E-02 , 7.86640486818981E-02 , 0.289299908340807 , 0.289299908340807 
period1,sc01,t3807, 2.87892352196837E-02 , 0.186937783606558 , 0.289042396412556 , 0.289042396412556 
period1,sc01,t3808, 0.020373339543058 , 0.117724811803279 , 0.277961520538117 , 0.277961520538117 
period1,sc01,t3809, 0.021918 , 8.74883519125682E-02 , 0.285058578766816 , 0.285058578766816 
period1,sc01,t3810, 2.68908708196721E-02 , 5.93673490333919E-02 , 0.277527092017937 , 0.277527092017937 
period1,sc01,t3811, 2.50764676393442E-02 , 4.60917574426229E-02 , 0.276123553721973 , 0.276123553721973 
period1,sc01,t3812, 2.76091743825137E-02 , 0.042614909314587 , 0.293093786367713 , 0.293093786367713 
period1,sc01,t3813, 2.43235871704745E-02 , 3.92572951318102E-02 , 0.292718330044843 , 0.292718330044843 
period1,sc01,t3814, 2.03165222319859E-02 , 4.04036566080844E-02 , 0.291660761973094 , 0.291660761973094 
period1,sc01,t3815, 2.43120311072057E-02 , 0.055473726115993 , 0.294366602959641 , 0.294366602959641 
period1,sc01,t3816, 2.03174669945356E-02 , 3.67165020210897E-02 , 0.312233213004484 , 0.312233213004484 
period1,sc01,t3817, 1.80815844393993E-02 , 3.78058551639345E-02 , 0.296508276591928 , 0.296508276591928 
period1,sc01,t3818, 1.56813255157438E-02 , 3.59740249560633E-02 , 0.291837678565023 , 0.291837678565023 
period1,sc01,t3819, 2.85209601816276E-02 , 3.50765040421793E-02 , 0.31217129219731 , 0.31217129219731 
period1,sc01,t3820, 0.021918 , 3.66116307469244E-02 , 0.312082833901346 , 0.312082833901346 
period1,sc01,t3821, 2.75766189806678E-02 , 3.58989105448154E-02 , 0.311958992286996 , 0.311958992286996 
period1,sc01,t3822, 2.84741398945518E-02 , 3.63823391915642E-02 , 0.317594525925925 , 0.317594525925925 
period1,sc01,t3823, 2.79783868852459E-02 , 3.82187902460457E-02 , 0.31790390345679 , 0.31790390345679 
period1,sc01,t3824, 3.53212999824253E-02 , 3.74778539894552E-02 , 0.373484839641976 , 0.373484839641976 
period1,sc01,t3825, 0.035475958629174 , 3.71704627065026E-02 , 0.585853356598241 , 0.585853356598241 
period1,sc01,t3826, 4.69340633879781E-02 , 0.039478786344464 , 0.59855442271605 , 0.59855442271605 
period1,sc01,t3827, 0.054795 , 4.57403508196721E-02 , 0.585046891481482 , 0.585046891481482 
period1,sc01,t3828, 0.043836 , 7.36249174863388E-02 , 0.505227591659193 , 0.505227591659193 
period1,sc01,t3829, 0.038079031693989 , 8.10337204918033E-02 , 0.518110068161434 , 0.518110068161434 
period1,sc01,t3830, 0.043836 , 9.70276723497268E-02 , 0.506105294529148 , 0.506105294529148 
period1,sc01,t3831, 4.53567779261863E-02 , 9.40869075409836E-02 , 0.50106366309417 , 0.50106366309417 
period1,sc01,t3832, 4.47115643936731E-02 , 3.26075163934426E-02 , 0.482705618071749 , 0.482705618071749 
period1,sc01,t3833, 3.14015211726385E-02 , 3.52364786885246E-02 , 0.52047731044843 , 0.52047731044843 
period1,sc01,t3834, 4.07339442622951E-02 , 3.71906858172232E-02 , 0.30725595955157 , 0.30725595955157 
period1,sc01,t3835, 3.42890940983606E-02 , 3.70976595079086E-02 , 0.306962081434977 , 0.306962081434977 
period1,sc01,t3836, 3.42890940983606E-02 , 3.76800850966608E-02 , 0.308009820807174 , 0.308009820807174 
period1,sc01,t3837, 1.81218332161687E-02 , 3.68388036906854E-02 , 0.296965802556054 , 0.296965802556054 
period1,sc01,t3838, 2.03458126775956E-02 , 3.87410280052724E-02 , 0.305934589183857 , 0.305934589183857 
period1,sc01,t3839, 2.04022297012303E-02 , 0.041347401775044 , 0.297036077757847 , 0.297036077757847 
period1,sc01,t3840, 0.023254181658468 , 3.58453120218579E-02 , 0.290760367431193 , 0.290760367431193 
period1,sc01,t3841, 0.02194 , 2.98210158469946E-02 , 0.28522 , 0.28522 
period1,sc01,t3842, 1.72493128295254E-02 , 2.98370504393673E-02 , 0.276484256880733 , 0.276484256880733 
period1,sc01,t3843, 0.02194 , 3.00173131810194E-02 , 0.290572152293578 , 0.290572152293578 
period1,sc01,t3844, 0.02194 , 2.88690298769772E-02 , 0.290825770642202 , 0.290825770642202 
period1,sc01,t3845, 2.11050655498907E-02 , 2.85896708260105E-02 , 0.292482341284404 , 0.292482341284404 
period1,sc01,t3846, 2.02881081573197E-02 , 2.87516181019332E-02 , 0.298202844036697 , 0.298202844036697 
period1,sc01,t3847, 3.78846598735067E-02 , 2.83049135325131E-02 , 0.30716 , 0.30716 
period1,sc01,t3848, 2.64366978215039E-02 , 2.88163970123023E-02 , 0.308219259174312 , 0.308219259174312 
period1,sc01,t3849, 5.04912944483486E-02 , 2.84703311072057E-02 , 0.303080971559633 , 0.303080971559633 
period1,sc01,t3850, 5.35471679550246E-02 , 2.86665957820738E-02 , 0.346990006834862 , 0.346990006834862 
period1,sc01,t3851, 9.23056503865074E-02 , 2.91929244288225E-02 , 0.317472303211009 , 0.317472303211009 
period1,sc01,t3852, 0.102493180252987 , 2.83642942003515E-02 , 0.316299318348623 , 0.316299318348623 
period1,sc01,t3853, 0.102493180252987 , 2.81734277680141E-02 , 0.313571914678899 , 0.313571914678899 
period1,sc01,t3854, 0.115975179198876 , 2.82709817223199E-02 , 0.316066834862385 , 0.316066834862385 
period1,sc01,t3855, 0.105585286366831 , 2.85208432337434E-02 , 0.310773055045871 , 0.310773055045871 
period1,sc01,t3856, 0.065138904075896 , 2.88244943760984E-02 , 0.3127547 , 0.3127547 
period1,sc01,t3857, 2.60783186453023E-02 , 2.86393911439114E-02 , 0.30911044587156 , 0.30911044587156 
period1,sc01,t3858, 4.16790618411806E-02 , 2.86515350553505E-02 , 0.312597698165138 , 0.312597698165138 
period1,sc01,t3859, 4.02147248770204E-02 , 0.028161474516696 , 0.333850311926606 , 0.333850311926606 
period1,sc01,t3860, 0.037600966268447 , 2.80805008787346E-02 , 0.311628513761468 , 0.311628513761468 
period1,sc01,t3861, 3.84027090653549E-02 , 2.82212407732864E-02 , 0.316736105504587 , 0.316736105504587 
period1,sc01,t3862, 5.38724905130007E-02 , 2.83669933216168E-02 , 0.308284676605504 , 0.308284676605504 
period1,sc01,t3863, 2.71108555867885E-02 , 2.82374355008788E-02 , 0.308194098623854 , 0.308194098623854 
period1,sc01,t3864, 7.03585459497453E-02 , 3.85899965208224E-02 , 0.298977265470852 , 0.298977265470852 
period1,sc01,t3865, 6.93054327886136E-02 , 3.83973601124582E-02 , 0.290191713004484 , 0.290191713004484 
period1,sc01,t3866, 6.14967450373338E-02 , 0.034643368729573 , 0.280101758923766 , 0.280101758923766 
period1,sc01,t3867, 4.77354079072219E-02 , 2.78410384818134E-02 , 0.311582619753086 , 0.311582619753086 
period1,sc01,t3868, 0.057093028300856 , 0.02983693800738 , 0.28873879103139 , 0.28873879103139 
period1,sc01,t3869, 6.74849462308909E-02 , 2.99056029520295E-02 , 0.288046689686099 , 0.288046689686099 
period1,sc01,t3870, 7.60940300474433E-02 , 2.97548093480935E-02 , 0.317623190123457 , 0.317623190123457 
period1,sc01,t3871, 0.076142114742576 , 2.20277911790547E-02 , 0.38455343055144 , 0.38455343055144 
period1,sc01,t3872, 6.93627497452117E-02 , 2.97124948163767E-02 , 0.384518745695474 , 0.384518745695474 
period1,sc01,t3873, 7.01163330873309E-02 , 2.19752826919698E-02 , 0.400683059753086 , 0.400683059753086 
period1,sc01,t3874, 6.96168292742927E-02 , 2.20427936039361E-02 , 0.400758735802469 , 0.400758735802469 
period1,sc01,t3875, 8.37775604182042E-02 , 2.20652972412581E-02 , 0.466849152263375 , 0.466849152263375 
period1,sc01,t3876, 0.10332492659333 , 2.19229473097873E-02 , 0.536179674814815 , 0.536179674814815 
period1,sc01,t3877, 8.13073726937269E-02 , 2.20438899349851E-02 , 0.468697412107623 , 0.468697412107623 
period1,sc01,t3878, 0.080470278099246 , 2.18371834475488E-02 , 0.496121368888888 , 0.496121368888888 
period1,sc01,t3879, 8.18090182360161E-02 , 2.20060953646108E-02 , 0.377911776131687 , 0.377911776131687 
period1,sc01,t3880, 8.16678250392875E-02 , 2.20885317659462E-02 , 0.308450171851852 , 0.308450171851852 
period1,sc01,t3881, 8.23988952732385E-02 , 3.78488099103849E-02 , 0.378146011522634 , 0.378146011522634 
period1,sc01,t3882, 6.09923583552978E-02 , 3.83104229836584E-02 , 0.291410989417041 , 0.291410989417041 
period1,sc01,t3883, 5.66972410472676E-02 , 4.30581903777895E-02 , 0.303471768888888 , 0.303471768888888 
period1,sc01,t3884, 6.08873413811281E-02 , 3.74979839746969E-02 , 0.305688896954733 , 0.305688896954733 
period1,sc01,t3885, 0.071362496046389 , 6.02924375329467E-02 , 0.299669948312757 , 0.299669948312757 
period1,sc01,t3886, 6.74435933930768E-02 , 8.36085138639958E-02 , 0.312777220246914 , 0.312777220246914 
period1,sc01,t3887, 5.91008987875593E-02 , 8.36762171147425E-02 , 0.294355119820628 , 0.294355119820628 
period1,sc01,t3888, 0.021892 , 4.54948605972323E-02 , 0.315592814080718 , 0.315592814080718 
period1,sc01,t3889, 0.021969 , 5.29374096412965E-02 , 0.320951820067265 , 0.320951820067265 
period1,sc01,t3890, 0.0197721 , 4.46528030217849E-02 , 0.321846342578475 , 0.321846342578475 
period1,sc01,t3891, 2.04670771528999E-02 , 5.28720728654251E-02 , 0.319479503004484 , 0.319479503004484 
period1,sc01,t3892, 2.13203546572935E-02 , 5.32522461788475E-02 , 0.321180869058296 , 0.321180869058296 
period1,sc01,t3893, 2.16498896572935E-02 , 5.35177885541111E-02 , 0.323613221569506 , 0.323613221569506 
period1,sc01,t3894, 2.26215063268893E-02 , 5.39193828004216E-02 , 0.297740192347533 , 0.297740192347533 
period1,sc01,t3895, 3.05689561687171E-02 , 5.37057524156711E-02 , 0.292424137668161 , 0.292424137668161 
period1,sc01,t3896, 2.26350546987528E-02 , 4.34866614574188E-02 , 0.301393991704036 , 0.301393991704036 
period1,sc01,t3897, 2.28893594765502E-02 , 5.38336939859526E-02 , 0.305329693721973 , 0.305329693721973 
period1,sc01,t3898, 3.24052783268926E-02 , 4.37281050955414E-02 , 0.369797034814815 , 0.369797034814815 
period1,sc01,t3899, 4.62224981556298E-02 , 0.01647675 , 0.391003867937219 , 0.391003867937219 
period1,sc01,t3900, 4.57868227472335E-02 , 2.15321787188353E-02 , 0.395733113878924 , 0.395733113878924 
period1,sc01,t3901, 5.30246685930089E-02 , 2.20039824840765E-02 , 0.359203986726457 , 0.359203986726457 
period1,sc01,t3902, 3.78219507992271E-02 , 2.15648423639672E-02 , 0.361245231928252 , 0.361245231928252 
period1,sc01,t3903, 3.45501403917091E-02 , 2.08037834303913E-02 , 0.35585445309417 , 0.35585445309417 
period1,sc01,t3904, 2.93363369683656E-02 , 1.74435867006325E-02 , 0.355644614663677 , 0.355644614663677 
period1,sc01,t3905, 2.93637499560632E-02 , 0.01931685693078 , 0.352624123452915 , 0.352624123452915 
period1,sc01,t3906, 3.67928626713532E-02 , 2.01463680832747E-02 , 0.305027841632287 , 0.305027841632287 
period1,sc01,t3907, 3.90739321265378E-02 , 1.99886251054111E-02 , 0.351676402466368 , 0.351676402466368 
period1,sc01,t3908, 4.49748673022847E-02 , 1.99697129304287E-02 , 0.381194167600897 , 0.381194167600897 
period1,sc01,t3909, 2.43967868541301E-02 , 1.89044557273366E-02 , 0.375979239282511 , 0.375979239282511 
period1,sc01,t3910, 2.17817422671353E-02 , 2.02388061630359E-02 , 0.301632054881166 , 0.301632054881166 
period1,sc01,t3911, 3.06890327768014E-02 , 2.29092052705552E-02 , 0.294477204753363 , 0.294477204753363 
period1,sc01,t3912, 9.43392875219684E-02 , 0.0197721 , 0.292160577777777 , 0.292160577777777 
period1,sc01,t3913, 0.100914100878735 , 2.86664885569853E-02 , 0.291541330041152 , 0.291541330041152 
period1,sc01,t3914, 8.02774250919117E-02 , 0.0196839 , 0.272399291972477 , 0.272399291972477 
period1,sc01,t3915, 0.079592348180147 , 2.36621926186291E-02 , 0.27666815 , 0.27666815 
period1,sc01,t3916, 9.32814231617647E-02 , 2.36368237961335E-02 , 0.287111327489712 , 0.287111327489712 
period1,sc01,t3917, 0.099360274632353 , 2.52535096660809E-02 , 0.314611325229358 , 0.314611325229358 
period1,sc01,t3918, 0.102268065685413 , 0.0196839 , 0.295060490946502 , 0.295060490946502 
period1,sc01,t3919, 0.102066268233743 , 1.87141191036907E-02 , 0.354539710493827 , 0.354539710493827 
period1,sc01,t3920, 0.102072994815466 , 0.018729109771529 , 0.405720550617284 , 0.405720550617284 
period1,sc01,t3921, 0.102247885940246 , 1.87562082864675E-02 , 0.363680619266056 , 0.363680619266056 
period1,sc01,t3922, 0.126767237258348 , 1.84869528295255E-02 , 0.371933005761317 , 0.371933005761317 
period1,sc01,t3923, 9.78525452548331E-02 , 2.15071534007353E-02 , 0.325162367283951 , 0.325162367283951 
period1,sc01,t3924, 9.43872025395431E-02 , 0.018384304273897 , 0.304752134074075 , 0.304752134074075 
period1,sc01,t3925, 8.14673609314587E-02 , 1.88938905330883E-02 , 0.30546964853211 , 0.30546964853211 
period1,sc01,t3926, 7.76072639630932E-02 , 2.82457532352941E-02 , 0.304952971238532 , 0.304952971238532 
period1,sc01,t3927, 0.074547053655536 , 5.60894660294117E-02 , 0.328308011111111 , 0.328308011111111 
period1,sc01,t3928, 0.100733828488576 , 0.0196839 , 0.311169427489712 , 0.311169427489712 
period1,sc01,t3929, 0.100585843690685 , 1.88269507996323E-02 , 0.354661216049383 , 0.354661216049383 
period1,sc01,t3930, 9.28988982864675E-02 , 1.85597949264706E-02 , 0.323740302263375 , 0.323740302263375 
period1,sc01,t3931, 9.29311858787346E-02 , 1.88209201930147E-02 , 0.347035617386831 , 0.347035617386831 
period1,sc01,t3932, 9.93637198857645E-02 , 1.88263477389706E-02 , 0.332483752037037 , 0.332483752037037 
period1,sc01,t3933, 9.29890344815466E-02 , 4.32555310661764E-02 , 0.266042264156378 , 0.266042264156378 
period1,sc01,t3934, 0.080514684771529 , 9.25454881341911E-02 , 0.357478344855967 , 0.357478344855967 
period1,sc01,t3935, 7.71950205975396E-02 , 0.100203594661765 , 0.266465027522936 , 0.266465027522936 
period1,sc01,t3936, 2.57040213682887E-02 , 3.71650189056604E-02 , 0.241828836797877 , 0.241828836797877 
period1,sc01,t3937, 2.57682607649488E-02 , 3.74978222925723E-02 , 0.216133357399103 , 0.216133357399103 
period1,sc01,t3938, 3.36908532243578E-02 , 4.47602994918125E-02 , 0.22760226 , 0.22760226 
period1,sc01,t3939, 4.04496025944494E-02 , 4.58658052449463E-02 , 0.228628797578475 , 0.228628797578475 
period1,sc01,t3940, 4.71637139862604E-02 , 5.02018025728863E-02 , 0.228062432017937 , 0.228062432017937 
period1,sc01,t3941, 0.055093869082519 , 4.69351001040091E-02 , 0.229619937309417 , 0.229619937309417 
period1,sc01,t3942, 7.11561764620653E-02 , 4.41423877173913E-02 , 0.243487153333333 , 0.243487153333333 
period1,sc01,t3943, 7.96164979978925E-02 , 1.61580775458341E-02 , 0.228596349551569 , 0.228596349551569 
period1,sc01,t3944, 8.38842484023876E-02 , 0.0153489 , 0.226832356816144 , 0.226832356816144 
period1,sc01,t3945, 6.84811732227489E-02 , 0.0153489 , 0.236507768475336 , 0.236507768475336 
period1,sc01,t3946, 7.24489837262491E-02 , 9.16097040586246E-02 , 0.310038832210762 , 0.310038832210762 
period1,sc01,t3947, 7.17321730985915E-02 , 0.118295406918333 , 0.260480960717488 , 0.260480960717488 
period1,sc01,t3948, 7.16570039408866E-02 , 8.39823906097102E-02 , 0.310564981883408 , 0.310564981883408 
period1,sc01,t3949, 7.03650700387052E-02 , 8.65547074708318E-02 , 0.310297531479821 , 0.310297531479821 
period1,sc01,t3950, 7.11353347860539E-02 , 0.100004289525322 , 0.310364394080717 , 0.310364394080717 
period1,sc01,t3951, 6.55055623152709E-02 , 0.129611970355731 , 0.281601676412556 , 0.281601676412556 
period1,sc01,t3952, 5.89058189064152E-02 , 8.08168829848595E-02 , 0.280028438744395 , 0.280028438744395 
period1,sc01,t3953, 6.37068243243243E-02 , 1.50665755713514E-02 , 0.262405732839506 , 0.262405732839506 
period1,sc01,t3954, 5.65828354481547E-02 , 0.014869883069361 , 0.22571584970852 , 0.22571584970852 
period1,sc01,t3955, 5.65234917313117E-02 , 1.51936051540818E-02 , 0.209216028026906 , 0.209216028026906 
period1,sc01,t3956, 6.35170083479789E-02 , 1.50630865647187E-02 , 0.205730323318386 , 0.205730323318386 
period1,sc01,t3957, 5.67411783664848E-02 , 1.51123714892412E-02 , 0.235983192040359 , 0.235983192040359 
period1,sc01,t3958, 6.33609374340949E-02 , 4.62938125432054E-02 , 0.235679360515695 , 0.235679360515695 
period1,sc01,t3959, 5.67678083831282E-02 , 4.44893799736743E-02 , 0.206121135080286 , 0.206121135080286 
period1,sc01,t3960, 3.92504090087873E-02 , 0.113900552952548 , 0.210543447309417 , 0.210543447309417 
period1,sc01,t3961, 3.39144022671354E-02 , 0.114677053919156 , 0.207446135650224 , 0.207446135650224 
period1,sc01,t3962, 0.034253519314587 , 0.115098060026362 , 0.21927 , 0.21927 
period1,sc01,t3963, 3.43031739344262E-02 , 0.116578614226713 , 0.21927 , 0.21927 
period1,sc01,t3964, 0.0504321 , 4.67856283391915E-02 , 0.22504673206278 , 0.22504673206278 
period1,sc01,t3965, 8.21593506830601E-02 , 4.54455379613357E-02 , 0.208085263452915 , 0.208085263452915 
period1,sc01,t3966, 8.21962950819672E-02 , 4.58335957644991E-02 , 0.22719764293722 , 0.22719764293722 
period1,sc01,t3967, 8.22442229508197E-02 , 4.57229973637962E-02 , 0.241995909753363 , 0.241995909753363 
period1,sc01,t3968, 9.52868806502636E-02 , 4.63619247100176E-02 , 0.276881963408072 , 0.276881963408072 
period1,sc01,t3969, 8.09268151318102E-02 , 4.54686595782073E-02 , 0.273343161928251 , 0.273343161928251 
period1,sc01,t3970, 8.06306657557117E-02 , 4.58077766256591E-02 , 0.227052731481482 , 0.227052731481482 
period1,sc01,t3971, 8.64449816783832E-02 , 0.114149881054481 , 0.241445145061729 , 0.241445145061729 
period1,sc01,t3972, 7.39410039543058E-02 , 0.114296896001757 , 0.23605939573991 , 0.23605939573991 
period1,sc01,t3973, 7.34232724165202E-02 , 0.114053155623902 , 0.220145113452915 , 0.220145113452915 
period1,sc01,t3974, 0.07335872456942 , 0.113490914973638 , 0.220499091928251 , 0.220499091928251 
period1,sc01,t3975, 8.54863979789104E-02 , 0.113465095834798 , 0.213793166367713 , 0.213793166367713 
period1,sc01,t3976, 8.56898682073814E-02 , 6.27472126502636E-02 , 0.229150685185185 , 0.229150685185185 
period1,sc01,t3977, 8.64729202987697E-02 , 0.046907016827768 , 0.226152914798207 , 0.226152914798207 
period1,sc01,t3978, 7.81106021968366E-02 , 4.68260911687171E-02 , 0.270034446457399 , 0.270034446457399 
period1,sc01,t3979, 7.74092464850615E-02 , 4.66440084358523E-02 , 0.267143622242152 , 0.267143622242152 
period1,sc01,t3980, 6.52376420035149E-02 , 4.65091323374341E-02 , 0.21927 , 0.21927 
period1,sc01,t3981, 6.29004318980668E-02 , 4.53289664762741E-02 , 0.21927 , 0.21927 
period1,sc01,t3982, 0.03837225 , 0.113512880509666 , 0.209314355381166 , 0.209314355381166 
period1,sc01,t3983, 3.35752852196836E-02 , 0.11357877711775 , 0.207642790358745 , 0.207642790358745 
period1,sc01,t3984, 0.027389077357645 , 7.14284549209139E-02 , 0.214420003251122 , 0.214420003251122 
period1,sc01,t3985, 2.22586025219684E-02 , 0.072440989059754 , 0.203326219506726 , 0.203326219506726 
period1,sc01,t3986, 3.14095604393673E-02 , 7.93456818980668E-02 , 0.208124594394619 , 0.208124594394619 
period1,sc01,t3987, 0.031311756 , 8.73430638137082E-02 , 0.227209933856503 , 0.227209933856503 
period1,sc01,t3988, 4.62416466065574E-02 , 7.27621868541301E-02 , 0.207101989910314 , 0.207101989910314 
period1,sc01,t3989, 4.67919867838313E-02 , 7.13205540421792E-02 , 0.237263905829597 , 0.237263905829597 
period1,sc01,t3990, 6.01470326889279E-02 , 0.032418433655536 , 0.232630229260089 , 0.232630229260089 
period1,sc01,t3991, 7.56940078734623E-02 , 2.88854891335677E-02 , 0.236317505044843 , 0.236317505044843 
period1,sc01,t3992, 6.87436498418278E-02 , 2.88543520228471E-02 , 0.301252398161435 , 0.301252398161435 
period1,sc01,t3993, 5.94331527680141E-02 , 2.89205183831282E-02 , 0.301210117399103 , 0.301210117399103 
period1,sc01,t3994, 7.42859014059754E-02 , 2.90314058040421E-02 , 0.352378689282512 , 0.352378689282512 
period1,sc01,t3995, 0.142353629314586 , 2.56848022460457E-02 , 0.300586721973094 , 0.300586721973094 
period1,sc01,t3996, 9.36367679261863E-02 , 0.025645264281195 , 0.606065229820628 , 0.606065229820628 
period1,sc01,t3997, 8.08844255008788E-02 , 2.63493945869947E-02 , 0.609151725470852 , 0.609151725470852 
period1,sc01,t3998, 8.52765693057997E-02 , 2.62499330984183E-02 , 0.510548071345292 , 0.510548071345292 
period1,sc01,t3999, 0.115936411318102 , 0.026280800456942 , 0.357210987107623 , 0.357210987107623 
period1,sc01,t4000, 8.97465558875219E-02 , 2.39381953075571E-02 , 0.264340801008969 , 0.264340801008969 
period1,sc01,t4001, 6.29013952987697E-02 , 2.54194046203867E-02 , 0.339843918161435 , 0.339843918161435 
period1,sc01,t4002, 6.44938966608085E-02 , 7.47562721652021E-02 , 0.21927 , 0.21927 
period1,sc01,t4003, 6.42092117530756E-02 , 7.45779274270651E-02 , 0.235948777466368 , 0.235948777466368 
period1,sc01,t4004, 6.43320453427065E-02 , 7.43858638629174E-02 , 0.21927 , 0.21927 
period1,sc01,t4005, 7.71636178418278E-02 , 7.21634140492091E-02 , 0.21927 , 0.21927 
period1,sc01,t4006, 0.03867728193058 , 0.086845101258348 , 0.228571767713004 , 0.228571767713004 
period1,sc01,t4007, 3.08623488400703E-02 , 8.69810563655536E-02 , 0.21927 , 0.21927 
period1,sc01,t4008, 3.81369883590462E-02 , 2.26042929810725E-02 , 0.202930361697247 , 0.202930361697247 
period1,sc01,t4009, 3.76101585844429E-02 , 2.26433930073607E-02 , 0.201186264793578 , 0.201186264793578 
period1,sc01,t4010, 3.75319915147265E-02 , 2.25655905625657E-02 , 0.200756352752294 , 0.200756352752294 
period1,sc01,t4011, 4.13783655652936E-02 , 2.25944062828602E-02 , 0.205480356995413 , 0.205480356995413 
period1,sc01,t4012, 4.12296503856266E-02 , 2.24791434016824E-02 , 0.205545723738533 , 0.205545723738533 
period1,sc01,t4013, 0.0548075 , 2.23667620925341E-02 , 0.202808049074075 , 0.202808049074075 
period1,sc01,t4014, 0.0548075 , 2.23898146687697E-02 , 0.214917574485596 , 0.214917574485596 
period1,sc01,t4015, 4.98371988353766E-02 , 2.24532092534174E-02 , 0.21494238446502 , 0.21494238446502 
period1,sc01,t4016, 4.96595473262498E-02 , 2.24215119610936E-02 , 0.21923 , 0.21923 
period1,sc01,t4017, 5.01781008106695E-02 , 2.27384848843323E-02 , 0.232397332716049 , 0.232397332716049 
period1,sc01,t4018, 5.00637570930638E-02 , 2.24877881177707E-02 , 0.237844437155964 , 0.237844437155964 
period1,sc01,t4019, 6.56906626285514E-02 , 0.022775945320715 , 0.208561708847736 , 0.208561708847736 
period1,sc01,t4020, 0.062205843882886 , 0.023437938468279 , 0.208809808641975 , 0.208809808641975 
period1,sc01,t4021, 6.67918442528736E-02 , 2.28739187697161E-02 , 0.206705471296296 , 0.206705471296296 
period1,sc01,t4022, 6.66272466904721E-02 , 2.25194854100946E-02 , 0.231781594135803 , 0.231781594135803 
period1,sc01,t4023, 8.26102318007663E-02 , 2.24993144058886E-02 , 0.199562152637614 , 0.199562152637614 
period1,sc01,t4024, 6.73036865334265E-02 , 2.24791434016824E-02 , 0.197364824426605 , 0.197364824426605 
period1,sc01,t4025, 7.14517786993154E-02 , 2.23955778128286E-02 , 0.200504942201835 , 0.200504942201835 
period1,sc01,t4026, 7.12093796913364E-02 , 2.23667620925341E-02 , 0.199657688646789 , 0.199657688646789 
period1,sc01,t4027, 7.12007546888694E-02 , 2.23437095162986E-02 , 0.200909210366972 , 0.200909210366972 
period1,sc01,t4028, 6.74311836516558E-02 , 2.29859158692604E-02 , 0.18373083027523 , 0.18373083027523 
period1,sc01,t4029, 6.74368538906414E-02 , 2.23523542323869E-02 , 0.181193595 , 0.181193595 
period1,sc01,t4030, 6.74828507885053E-02 , 2.23580021135647E-02 , 0.180867766926606 , 0.180867766926606 
period1,sc01,t4031, 6.72847068874869E-02 , 2.23434021486155E-02 , 0.201281800802752 , 0.201281800802752 
period1,sc01,t4032, 0.063914599314587 , 3.43005208977512E-02 , 0.206666056502242 , 0.206666056502242 
period1,sc01,t4033, 0.058359959086116 , 3.42775109627548E-02 , 0.204693234080718 , 0.204693234080718 
period1,sc01,t4034, 6.12656621862918E-02 , 3.45819853829937E-02 , 0.235652017937219 , 0.235652017937219 
period1,sc01,t4035, 6.02961581019332E-02 , 0.034282319465917 , 0.207584880717489 , 0.207584880717489 
period1,sc01,t4036, 6.68270537785589E-02 , 0.035882781658468 , 0.201615029596413 , 0.201615029596413 
period1,sc01,t4037, 6.83605434094904E-02 , 0.034917426563598 , 0.208787687892376 , 0.208787687892376 
period1,sc01,t4038, 7.76673054481547E-02 , 3.60106878425861E-02 , 0.228396455144033 , 0.228396455144033 
period1,sc01,t4039, 0.067142602460457 , 3.57425657062544E-02 , 0.21896 , 0.21896 
period1,sc01,t4040, 6.55733612565445E-02 , 3.48308735066761E-02 , 0.262650629629629 , 0.262650629629629 
period1,sc01,t4041, 7.37859279860384E-02 , 3.48770351370344E-02 , 0.276349145679013 , 0.276349145679013 
period1,sc01,t4042, 8.78434013121619E-02 , 3.50347540407589E-02 , 0.244400599103139 , 0.244400599103139 
period1,sc01,t4043, 8.67728813819578E-02 , 3.57706473647224E-02 , 0.238249099551569 , 0.238249099551569 
period1,sc01,t4044, 8.19440320642122E-02 , 3.46058355586789E-02 , 0.27851712 , 0.27851712 
period1,sc01,t4045, 8.27911191143911E-02 , 3.46519971890372E-02 , 0.25389148412556 , 0.25389148412556 
period1,sc01,t4046, 8.02286407380074E-02 , 3.45192825017569E-02 , 0.279681302386832 , 0.279681302386832 
period1,sc01,t4047, 8.17165953259533E-02 , 3.46404567814476E-02 , 0.265921063045267 , 0.265921063045267 
period1,sc01,t4048, 7.46841741697417E-02 , 0.035638702037948 , 0.262435342600897 , 0.262435342600897 
period1,sc01,t4049, 7.18192455746924E-02 , 3.47962522839072E-02 , 0.255289686098655 , 0.255289686098655 
period1,sc01,t4050, 6.92658217926187E-02 , 3.51407334504568E-02 , 0.240968633744856 , 0.240968633744856 
period1,sc01,t4051, 0.069159997539543 , 3.57425657062544E-02 , 0.21896 , 0.21896 
period1,sc01,t4052, 6.66003974692443E-02 , 3.57321793394238E-02 , 0.211085295067264 , 0.211085295067264 
period1,sc01,t4053, 7.39197415536028E-02 , 7.61803462403373E-02 , 0.207206855605381 , 0.207206855605381 
period1,sc01,t4054, 7.45297125483304E-02 , 8.95890069919883E-02 , 0.500506230313902 , 0.500506230313902 
period1,sc01,t4055, 7.51581162038664E-02 , 9.59353385287691E-02 , 0.426166855605381 , 0.426166855605381 
period1,sc01,t4056, 0.045954662917399 , 0.146755712209302 , 0.495089179551569 , 0.495089179551569 
period1,sc01,t4057, 4.16146189455185E-02 , 0.133970837572675 , 0.504700350672646 , 0.504700350672646 
period1,sc01,t4058, 4.62207654481546E-02 , 0.160209848528343 , 0.545451692313902 , 0.545451692313902 
period1,sc01,t4059, 4.66180475219684E-02 , 0.133970837572675 , 0.500617888251121 , 0.500617888251121 
period1,sc01,t4060, 4.81660910369068E-02 , 0.139966648615553 , 0.504530248071749 , 0.504530248071749 
period1,sc01,t4061, 5.57873177855887E-02 , 0.139966648615553 , 0.530071351390135 , 0.530071351390135 
period1,sc01,t4062, 5.57298274266982E-02 , 0.158247266914971 , 0.572261246771301 , 0.572261246771301 
period1,sc01,t4063, 5.57501089279438E-02 , 2.70841988078541E-02 , 0.51676131735426 , 0.51676131735426 
period1,sc01,t4064, 4.82398012930282E-02 , 2.69812749859748E-02 , 0.522479039372197 , 0.522479039372197 
period1,sc01,t4065, 0.055928017847769 , 2.69798057503507E-02 , 0.267026963991031 , 0.267026963991031 
period1,sc01,t4066, 5.18015465826772E-02 , 0.133970837572675 , 0.297044732618834 , 0.297044732618834 
period1,sc01,t4067, 7.53243649305556E-02 , 8.08785572674418E-02 , 0.31706135838565 , 0.31706135838565 
period1,sc01,t4068, 6.71241579267234E-02 , 8.11782736918604E-02 , 0.388377862780269 , 0.388377862780269 
period1,sc01,t4069, 5.91001437662789E-02 , 8.18834888081396E-02 , 0.359075711838565 , 0.359075711838565 
period1,sc01,t4070, 6.72878683799271E-02 , 8.09843395348837E-02 , 0.359287351121076 , 0.359287351121076 
period1,sc01,t4071, 4.82036334433061E-02 , 8.16366635174418E-02 , 0.317919783139013 , 0.317919783139013 
period1,sc01,t4072, 4.46543725347222E-02 , 7.70181856795058E-02 , 0.317594412466367 , 0.317594412466367 
period1,sc01,t4073, 5.28702983831283E-02 , 2.69140767882187E-02 , 0.301394117668161 , 0.301394117668161 
period1,sc01,t4074, 4.45447397293973E-02 , 2.71930382363254E-02 , 0.230954388888888 , 0.230954388888888 
period1,sc01,t4075, 4.36837802636204E-02 , 2.77405218267882E-02 , 0.229570795349794 , 0.229570795349794 
period1,sc01,t4076, 4.52002350087873E-02 , 2.79212764726508E-02 , 0.226369475470852 , 0.226369475470852 
period1,sc01,t4077, 0.038296170231986 , 2.71746727910238E-02 , 0.225909110582959 , 0.225909110582959 
period1,sc01,t4078, 3.19947726713533E-02 , 2.84384087482468E-02 , 0.22950500044843 , 0.22950500044843 
period1,sc01,t4079, 3.19947726713533E-02 , 2.85573008415147E-02 , 0.222297397219731 , 0.222297397219731 
period1,sc01,t4080, 4.71257933919156E-02 , 2.56779866771985E-02 , 0.201833658744395 , 0.201833658744395 
period1,sc01,t4081, 0.051183805254833 , 3.07931456029489E-02 , 0.203339995964126 , 0.203339995964126 
period1,sc01,t4082, 0.044685784112478 , 2.29353230647709E-02 , 0.21416878251121 , 0.21416878251121 
period1,sc01,t4083, 4.69131880492092E-02 , 3.07912030015798E-02 , 0.214292852017938 , 0.214292852017938 
period1,sc01,t4084, 0.051054074340949 , 2.44777485518694E-02 , 0.20263031838565 , 0.20263031838565 
period1,sc01,t4085, 5.08859732273839E-02 , 2.43961592943655E-02 , 0.234441739910314 , 0.234441739910314 
period1,sc01,t4086, 7.24552016520211E-02 , 0.024376733280674 , 0.244652164035874 , 0.244652164035874 
period1,sc01,t4087, 0.072334223198594 , 2.44117001053186E-02 , 0.236020896591928 , 0.236020896591928 
period1,sc01,t4088, 7.22486435852373E-02 , 2.45166005792522E-02 , 0.280600062914798 , 0.280600062914798 
period1,sc01,t4089, 6.91934513884007E-02 , 2.45768212216957E-02 , 0.233281441883408 , 0.233281441883408 
period1,sc01,t4090, 6.54761841827768E-02 , 2.44136427066877E-02 , 0.266813073333333 , 0.266813073333333 
period1,sc01,t4091, 7.72159566432337E-02 , 2.45515674038968E-02 , 0.25559807219731 , 0.25559807219731 
period1,sc01,t4092, 8.15729314586995E-02 , 0.024637041864139 , 0.246059410008969 , 0.246059410008969 
period1,sc01,t4093, 8.15729314586995E-02 , 2.45748786203265E-02 , 0.239516182735427 , 0.239516182735427 
period1,sc01,t4094, 8.15729314586995E-02 , 2.45593378093733E-02 , 0.23962784529148 , 0.23962784529148 
period1,sc01,t4095, 8.15729314586995E-02 , 2.48106557213025E-02 , 0.239590624439462 , 0.239590624439462 
period1,sc01,t4096, 0.078927548910369 , 3.08572514481306E-02 , 0.23076928251121 , 0.23076928251121 
period1,sc01,t4097, 0.064292657029877 , 2.46467548709847E-02 , 0.23944174103139 , 0.23944174103139 
period1,sc01,t4098, 0.053020460456942 , 2.45865342285414E-02 , 0.198446694618834 , 0.198446694618834 
period1,sc01,t4099, 4.89962736379614E-02 , 2.45690508162191E-02 , 0.203908234304933 , 0.203908234304933 
period1,sc01,t4100, 5.29893405975395E-02 , 2.45651656134808E-02 , 0.208615431390134 , 0.208615431390134 
period1,sc01,t4101, 5.29582207381371E-02 , 2.45981898367562E-02 , 0.211459104484305 , 0.211459104484305 
period1,sc01,t4102, 5.28415212653779E-02 , 2.46467548709847E-02 , 0.212026413580247 , 0.212026413580247 
period1,sc01,t4103, 5.28726411247803E-02 , 2.46584104791996E-02 , 0.199374734529148 , 0.199374734529148 
period1,sc01,t4104, 2.98443341652021E-02 , 2.33766309963099E-02 , 0.218060888888889 , 0.218060888888889 
period1,sc01,t4105, 2.72842144808744E-02 , 2.39039909506238E-02 , 0.219040773542601 , 0.219040773542601 
period1,sc01,t4106, 2.62894112478032E-02 , 2.32235108065367E-02 , 0.204313368834081 , 0.204313368834081 
period1,sc01,t4107, 1.67729415641476E-02 , 2.32425509576525E-02 , 0.225114125560538 , 0.225114125560538 
period1,sc01,t4108, 2.64306706652127E-02 , 0.02318245914602 , 0.221514714125561 , 0.221514714125561 
period1,sc01,t4109, 2.75317355008787E-02 , 2.32484936742225E-02 , 0.237231894618834 , 0.237231894618834 
period1,sc01,t4110, 3.55890509666081E-02 , 4.93898392198208E-02 , 0.259491872197309 , 0.259491872197309 
period1,sc01,t4111, 3.77780755711775E-02 , 0.046737901950448 , 0.262709641255606 , 0.262709641255606 
period1,sc01,t4112, 4.54013400702988E-02 , 4.66118147074328E-02 , 0.278125 , 0.278125 
period1,sc01,t4113, 5.00709072934973E-02 , 4.25435951502373E-02 , 0.278125 , 0.278125 
period1,sc01,t4114, 5.02957399817851E-02 , 4.94901429612092E-02 , 0.254902186098655 , 0.254902186098655 
period1,sc01,t4115, 5.03921971766849E-02 , 5.12226120014569E-02 , 0.252911659192825 , 0.252911659192825 
period1,sc01,t4116, 5.05747583479789E-02 , 4.88938960639607E-02 , 0.288062668161435 , 0.288062668161435 
period1,sc01,t4117, 5.05190355887522E-02 , 0.051446905511811 , 0.287858127802691 , 0.287858127802691 
period1,sc01,t4118, 5.22386203866432E-02 , 0.051176946631671 , 0.287808239910313 , 0.287808239910313 
period1,sc01,t4119, 4.71711731107206E-02 , 5.24112414338429E-02 , 0.262669730941704 , 0.262669730941704 
period1,sc01,t4120, 4.55655755711775E-02 , 2.36244486909155E-02 , 0.261238806584362 , 0.261238806584362 
period1,sc01,t4121, 4.53485500878735E-02 , 2.32235108065367E-02 , 0.252592438271604 , 0.252592438271604 
period1,sc01,t4122, 2.99456063268893E-02 , 2.05297399402565E-02 , 0.225034027777778 , 0.225034027777778 
period1,sc01,t4123, 3.48320035149385E-02 , 1.95132226322263E-02 , 0.227259027777778 , 0.227259027777778 
period1,sc01,t4124, 3.01643914762742E-02 , 2.05297399402565E-02 , 0.200362247757848 , 0.200362247757848 
period1,sc01,t4125, 3.78523725834797E-02 , 1.95007116499736E-02 , 0.227239349775785 , 0.227239349775785 
period1,sc01,t4126, 3.78562829525483E-02 , 1.95007116499736E-02 , 0.228108281893005 , 0.228108281893005 
period1,sc01,t4127, 3.78797451669596E-02 , 1.95085310138816E-02 , 0.226655661434978 , 0.226655661434978 
period1,sc01,t4128, 2.72861643233743E-02 , 0.042939762741652 , 0.216994727366255 , 0.216994727366255 
period1,sc01,t4129, 2.76201098418277E-02 , 4.23062829525483E-02 , 0.208911018518518 , 0.208911018518518 
period1,sc01,t4130, 2.62409226713532E-02 , 4.21889718804921E-02 , 0.205405041152263 , 0.205405041152263 
period1,sc01,t4131, 2.44515377855887E-02 , 4.21967926186292E-02 , 0.220295601851852 , 0.220295601851852 
period1,sc01,t4132, 2.89015377855887E-02 , 4.24548769771529E-02 , 0.204352057613169 , 0.204352057613169 
period1,sc01,t4133, 0.029589762741652 , 4.21342267135325E-02 , 0.246237911522634 , 0.246237911522634 
period1,sc01,t4134, 3.59265158172232E-02 , 4.20560193321617E-02 , 0.324589043209876 , 0.324589043209876 
period1,sc01,t4135, 3.72252292176039E-02 , 4.24754846221441E-02 , 0.316776820987654 , 0.316776820987654 
period1,sc01,t4136, 0.047527864298725 , 4.35729166666667E-02 , 0.330363609865471 , 0.330363609865471 
period1,sc01,t4137, 6.96992003514939E-02 , 7.56459471766849E-02 , 0.323829521604939 , 0.323829521604939 
period1,sc01,t4138, 6.54721304920914E-02 , 0.125905637295082 , 0.325789887892376 , 0.325789887892376 
period1,sc01,t4139, 0.119494817662566 , 0.230808004098361 , 0.437915919282512 , 0.437915919282512 
period1,sc01,t4140, 0.158552757029877 , 0.237698087431694 , 0.435022421524664 , 0.435022421524664 
period1,sc01,t4141, 0.158461840949034 , 0.198071607468124 , 0.419856502242152 , 0.419856502242152 
period1,sc01,t4142, 0.159067948154657 , 0.237698087431694 , 0.429000952914799 , 0.429000952914799 
period1,sc01,t4143, 0.128404790528234 , 0.141950136612022 , 0.422894674887892 , 0.422894674887892 
period1,sc01,t4144, 0.076040059314587 , 4.38357422586521E-02 , 0.349899104938272 , 0.349899104938272 
period1,sc01,t4145, 5.32592267135325E-02 , 4.29801912568306E-02 , 0.363762777777778 , 0.363762777777778 
period1,sc01,t4146, 2.99338752196836E-02 , 4.39984951669596E-02 , 0.231441203703704 , 0.231441203703704 
period1,sc01,t4147, 2.99338752196836E-02 , 4.25487258347979E-02 , 0.235282304526749 , 0.235282304526749 
period1,sc01,t4148, 0.029589762741652 , 4.35879064147627E-02 , 0.232450694444444 , 0.232450694444444 
period1,sc01,t4149, 2.48771423550088E-02 , 4.38890048330404E-02 , 0.232814321748878 , 0.232814321748878 
period1,sc01,t4150, 0.029589762741652 , 0.044174558287796 , 0.234498038116592 , 0.234498038116592 
period1,sc01,t4151, 0.029589762741652 , 4.40532403339191E-02 , 0.237081532921811 , 0.237081532921811 
period1,sc01,t4152, 3.92256942003515E-02 , 4.37202367941712E-02 , 0.289825706278027 , 0.289825706278027 
period1,sc01,t4153, 3.57997807557118E-02 , 0.103043032786885 , 0.322849495515695 , 0.322849495515695 
period1,sc01,t4154, 3.93320562390159E-02 , 5.94579576502732E-02 , 0.323510011210762 , 0.323510011210762 
period1,sc01,t4155, 3.77334973637961E-02 , 0.049034177140255 , 0.323515498878924 , 0.323515498878924 
period1,sc01,t4156, 4.36856851933216E-02 , 8.69604166666667E-02 , 0.323564887892376 , 0.323564887892376 
period1,sc01,t4157, 4.51696507029877E-02 , 8.69604166666667E-02 , 0.323460622197309 , 0.323460622197309 
period1,sc01,t4158, 4.07298176625659E-02 , 6.20057447275922E-02 , 0.2856945781893 , 0.2856945781893 
period1,sc01,t4159, 4.11546792618629E-02 , 4.77250341530054E-02 , 0.305255349794239 , 0.305255349794239 
period1,sc01,t4160, 3.93144125683061E-02 , 4.74750869947276E-02 , 0.31573024691358 , 0.31573024691358 
period1,sc01,t4161, 3.76842267135325E-02 , 6.20057447275922E-02 , 0.284776053811659 , 0.284776053811659 
period1,sc01,t4162, 4.91504064147627E-02 , 0.059141837431694 , 0.311579820627803 , 0.311579820627803 
period1,sc01,t4163, 0.062653888400703 , 9.13303734061931E-02 , 0.273639290123457 , 0.273639290123457 
period1,sc01,t4164, 6.11679481546573E-02 , 8.66442964480875E-02 , 0.324670403587444 , 0.324670403587444 
period1,sc01,t4165, 5.62398943533698E-02 , 0.10964954007286 , 0.416264537037037 , 0.416264537037037 
period1,sc01,t4166, 7.11264850615115E-02 , 0.109329772313297 , 0.411256913580247 , 0.411256913580247 
period1,sc01,t4167, 6.21042486338798E-02 , 0.109656429872495 , 0.393837818930041 , 0.393837818930041 
period1,sc01,t4168, 6.31160940246046E-02 , 0.109625628415301 , 0.35407432735426 , 0.35407432735426 
period1,sc01,t4169, 4.84150615114235E-02 , 8.69604166666667E-02 , 0.33961581838565 , 0.33961581838565 
period1,sc01,t4170, 4.07857359402461E-02 , 5.78763949912127E-02 , 0.257835838477366 , 0.257835838477366 
period1,sc01,t4171, 4.08610105448155E-02 , 4.25487258347979E-02 , 0.279320823045268 , 0.279320823045268 
period1,sc01,t4172, 4.08244485940246E-02 , 4.35810632688928E-02 , 0.243802130044843 , 0.243802130044843 
period1,sc01,t4173, 3.78289103690686E-02 , 4.74924490333919E-02 , 0.251156603139014 , 0.251156603139014 
period1,sc01,t4174, 3.75035676625659E-02 , 5.75322825131811E-02 , 0.292858890134529 , 0.292858890134529 
period1,sc01,t4175, 0.039399901142355 , 6.21033084358524E-02 , 0.256493609865471 , 0.256493609865471 
period1,sc01,t4176, 4.25710149384885E-02 , 5.75322825131811E-02 , 0.311125840807175 , 0.311125840807175 
period1,sc01,t4177, 4.37868177504394E-02 , 6.89076356766256E-02 , 0.312590515134529 , 0.312590515134529 
period1,sc01,t4178, 4.30538329349736E-02 , 7.30699142794376E-02 , 0.312603030269059 , 0.312603030269059 
period1,sc01,t4179, 4.65669020210896E-02 , 6.89547224956064E-02 , 0.336469391816144 , 0.336469391816144 
period1,sc01,t4180, 0.047057389718805 , 7.21101279525483E-02 , 0.29519698116592 , 0.29519698116592 
period1,sc01,t4181, 5.02455597539543E-02 , 7.20076748822496E-02 , 0.291183127219731 , 0.291183127219731 
period1,sc01,t4182, 4.77519202987698E-02 , 5.87672930140597E-02 , 0.310756925349794 , 0.310756925349794 
period1,sc01,t4183, 4.77519202987698E-02 , 5.87672930140597E-02 , 0.315898014887892 , 0.315898014887892 
period1,sc01,t4184, 5.01077695663623E-02 , 6.04938097100176E-02 , 0.314915827130044 , 0.314915827130044 
period1,sc01,t4185, 6.55091270189607E-02 , 0.125355327850638 , 0.415596580179373 , 0.415596580179373 
period1,sc01,t4186, 0.121947511885246 , 0.369126719417122 , 0.461285832107624 , 0.461285832107624 
period1,sc01,t4187, 0.171483763888889 , 0.929660898415301 , 0.550606847847534 , 0.550606847847534 
period1,sc01,t4188, 0.187705407103825 , 0.493174962058288 , 0.644999997309417 , 0.644999997309417 
period1,sc01,t4189, 5.94930366229508E-02 , 0.230000634790528 , 0.442955665470852 , 0.442955665470852 
period1,sc01,t4190, 8.42405030327869E-02 , 0.111635 , 0.431111342152466 , 0.431111342152466 
period1,sc01,t4191, 0.061294285632689 , 0.14267725701275 , 0.436277589686098 , 0.436277589686098 
period1,sc01,t4192, 6.35074642223198E-02 , 0.206738259562841 , 0.380114671973095 , 0.380114671973095 
period1,sc01,t4193, 0.056507714288225 , 6.35377763620387E-02 , 0.32452745044843 , 0.32452745044843 
period1,sc01,t4194, 5.14864936291739E-02 , 5.98032030316344E-02 , 0.292931618209876 , 0.292931618209876 
period1,sc01,t4195, 5.63472267135325E-02 , 6.04938097100176E-02 , 0.292074204798206 , 0.292074204798206 
period1,sc01,t4196, 5.65826608084358E-02 , 4.54583998242531E-02 , 0.296991651457399 , 0.296991651457399 
period1,sc01,t4197, 4.94853038224957E-02 , 5.98032030316344E-02 , 0.299050641390134 , 0.299050641390134 
period1,sc01,t4198, 4.62490659929701E-02 , 5.87672930140597E-02 , 0.334200147623319 , 0.334200147623319 
period1,sc01,t4199, 4.62201462660341E-02 , 5.87672930140597E-02 , 0.308056031591928 , 0.308056031591928 
period1,sc01,t4200, 2.93468599297013E-02 , 4.97329858151184E-02 , 0.353770290825688 , 0.353770290825688 
period1,sc01,t4201, 2.35944167759563E-02 , 0.050202494112478 , 0.34039531559633 , 0.34039531559633 
period1,sc01,t4202, 2.94239527868852E-02 , 4.97871272131148E-02 , 0.339017515366973 , 0.339017515366973 
period1,sc01,t4203, 3.15226985974499E-02 , 6.10269299472759E-02 , 0.349946033944954 , 0.349946033944954 
period1,sc01,t4204, 3.57207947540983E-02 , 6.58596527592268E-02 , 0.337628550642202 , 0.337628550642202 
period1,sc01,t4205, 3.59859843351549E-02 , 5.05996229508197E-02 , 0.349732893577981 , 0.349732893577981 
period1,sc01,t4206, 0.044626005974499 , 8.64757833333334E-02 , 0.348190163302752 , 0.348190163302752 
period1,sc01,t4207, 4.27787469398908E-02 , 5.87003989071038E-02 , 0.348454051376147 , 0.348454051376147 
period1,sc01,t4208, 4.36067590892532E-02 , 0.056155399142355 , 0.34747563559633 , 0.34747563559633 
period1,sc01,t4209, 4.27638350637522E-02 , 5.69054277680141E-02 , 0.389833731192661 , 0.389833731192661 
period1,sc01,t4210, 4.33846930418944E-02 , 0.07429499715847 , 0.39357941940367 , 0.39357941940367 
period1,sc01,t4211, 6.73627682094718E-02 , 0.090626385026362 , 0.392355892201835 , 0.392355892201835 
period1,sc01,t4212, 5.58268400728598E-02 , 6.60398105061511E-02 , 0.411665394495413 , 0.411665394495413 
period1,sc01,t4213, 5.57925830601093E-02 , 6.55823583725835E-02 , 0.438216594495413 , 0.438216594495413 
period1,sc01,t4214, 7.31084954462659E-02 , 7.04766567926186E-02 , 0.43543968 , 0.43543968 
period1,sc01,t4215, 7.53776195173042E-02 , 8.80113173637962E-02 , 0.384351963944954 , 0.384351963944954 
period1,sc01,t4216, 6.69710467943761E-02 , 7.33960833339191E-02 , 0.430057987229358 , 0.430057987229358 
period1,sc01,t4217, 4.91044051001821E-02 , 0.06405554771529 , 0.342802786788991 , 0.342802786788991 
period1,sc01,t4218, 3.57715757377049E-02 , 4.82381797188049E-02 , 0.26777027293578 , 0.26777027293578 
period1,sc01,t4219, 3.57377217486339E-02 , 4.58842459016394E-02 , 0.245984282568807 , 0.245984282568807 
period1,sc01,t4220, 3.56587291074681E-02 , 4.84711054481546E-02 , 0.244309608256881 , 0.244309608256881 
period1,sc01,t4221, 0.035356881370826 , 4.84711054481546E-02 , 0.235253426307339 , 0.235253426307339 
period1,sc01,t4222, 4.10497572934974E-02 , 4.88169943233743E-02 , 0.245287009082569 , 0.245287009082569 
period1,sc01,t4223, 3.71044076274165E-02 , 4.88650182425307E-02 , 0.245287009082569 , 0.245287009082569 
period1,sc01,t4224, 2.99220900546448E-02 , 4.48545349209139E-02 , 0.514575640864197 , 0.514575640864197 
period1,sc01,t4225, 2.80960262295082E-02 , 4.14859628119508E-02 , 0.504106607407408 , 0.504106607407408 
period1,sc01,t4226, 2.97204942003515E-02 , 4.53790439367311E-02 , 0.507117385185185 , 0.507117385185185 
period1,sc01,t4227, 2.76519437609842E-02 , 4.53110123022847E-02 , 0.522444360493827 , 0.522444360493827 
period1,sc01,t4228, 2.78857049180328E-02 , 5.33212513181019E-02 , 0.588191736625514 , 0.588191736625514 
period1,sc01,t4229, 4.36318007285974E-02 , 4.57211458699473E-02 , 0.524489777777778 , 0.524489777777778 
period1,sc01,t4230, 7.04271254833041E-02 , 3.20650586994728E-02 , 0.334976905349794 , 0.334976905349794 
period1,sc01,t4231, 0.069856437258348 , 2.99624924428823E-02 , 0.332373481481482 , 0.332373481481482 
period1,sc01,t4232, 6.94334748681898E-02 , 3.00711486818981E-02 , 0.336305925925926 , 0.336305925925926 
period1,sc01,t4233, 6.95803779854621E-02 , 2.93877223198594E-02 , 0.336387851851852 , 0.336387851851852 
period1,sc01,t4234, 0.079736072724126 , 2.93352407732865E-02 , 0.334663766255144 , 0.334663766255144 
period1,sc01,t4235, 9.35370199031738E-02 , 3.37621564147627E-02 , 0.323047125102881 , 0.323047125102881 
period1,sc01,t4236, 9.26380602474448E-02 , 0.0439082 , 0.334078906172839 , 0.334078906172839 
period1,sc01,t4237, 9.30098999462076E-02 , 5.92487504393673E-02 , 0.334175851851852 , 0.334175851851852 
period1,sc01,t4238, 0.119135456338533 , 8.35739472759227E-02 , 0.424051869629629 , 0.424051869629629 
period1,sc01,t4239, 0.106042943050026 , 6.83303905096661E-02 , 0.373372855967078 , 0.373372855967078 
period1,sc01,t4240, 9.27782911437791E-02 , 3.03413314586995E-02 , 0.314753035390946 , 0.314753035390946 
period1,sc01,t4241, 8.93344797507788E-02 , 3.06025729349736E-02 , 0.315419366255144 , 0.315419366255144 
period1,sc01,t4242, 6.92140083073728E-02 , 3.05891609841827E-02 , 0.288993703703703 , 0.288993703703703 
period1,sc01,t4243, 6.92352112478031E-02 , 3.09388435852373E-02 , 0.281533437860082 , 0.281533437860082 
period1,sc01,t4244, 6.92219936731107E-02 , 3.07858695957821E-02 , 0.284054480658436 , 0.284054480658436 
period1,sc01,t4245, 7.02996147627417E-02 , 2.88683493848858E-02 , 0.29646261728395 , 0.29646261728395 
period1,sc01,t4246, 7.05769894551845E-02 , 3.05912991212653E-02 , 0.295506814814815 , 0.295506814814815 
period1,sc01,t4247, 7.07709455737705E-02 , 2.93527346221441E-02 , 0.278449381893004 , 0.278449381893004 
period1,sc01,t4248, 2.28885630931459E-02 , 0.042979466736879 , 0.217211456502242 , 0.217211456502242 
period1,sc01,t4249, 2.22701042530755E-02 , 4.21292520800422E-02 , 0.209088228295965 , 0.209088228295965 
period1,sc01,t4250, 2.29657769947276E-02 , 4.35512051079516E-02 , 0.208662493049327 , 0.208662493049327 
period1,sc01,t4251, 2.29525223725834E-02 , 4.30709260663507E-02 , 0.216114753086419 , 0.216114753086419 
period1,sc01,t4252, 2.98423919156415E-02 , 4.35299848341232E-02 , 0.217739607407407 , 0.217739607407407 
period1,sc01,t4253, 0.032047737431694 , 4.31059687203792E-02 , 0.217684837037037 , 0.217684837037037 
period1,sc01,t4254, 6.96553184153006E-02 , 4.37474829067931E-02 , 0.219072615067265 , 0.219072615067265 
period1,sc01,t4255, 7.37853627416521E-02 , 4.25920097946288E-02 , 0.217751017901235 , 0.217751017901235 
period1,sc01,t4256, 7.51703131147541E-02 , 4.18699364402317E-02 , 0.247425148148148 , 0.247425148148148 
period1,sc01,t4257, 7.51198076502732E-02 , 4.31410113744076E-02 , 0.233289828395061 , 0.233289828395061 
period1,sc01,t4258, 0.07175877 , 4.25456756187468E-02 , 0.276290776444445 , 0.276290776444445 
period1,sc01,t4259, 7.83933698360656E-02 , 4.75038218009479E-02 , 0.218266901165919 , 0.218266901165919 
period1,sc01,t4260, 8.07058738523726E-02 , 0.050809512164297 , 0.444977309876543 , 0.444977309876543 
period1,sc01,t4261, 7.68005943585237E-02 , 5.04236536071616E-02 , 0.517809446098655 , 0.517809446098655 
period1,sc01,t4262, 7.96103793321617E-02 , 5.86835965244866E-02 , 0.516444706008968 , 0.516444706008968 
period1,sc01,t4263, 7.68771982776802E-02 , 5.11190556082149E-02 , 0.490787704074074 , 0.490787704074074 
period1,sc01,t4264, 0.06596786456942 , 4.24569008952081E-02 , 0.436174712556054 , 0.436174712556054 
period1,sc01,t4265, 6.76999318101933E-02 , 4.22589098999474E-02 , 0.451501181434978 , 0.451501181434978 
period1,sc01,t4266, 5.03909546572935E-02 , 4.21004392311743E-02 , 0.3697 , 0.3697 
period1,sc01,t4267, 4.45554123374341E-02 , 4.20212038967878E-02 , 0.251989345679012 , 0.251989345679012 
period1,sc01,t4268, 4.82971142003515E-02 , 3.93083963033175E-02 , 0.254370487530864 , 0.254370487530864 
period1,sc01,t4269, 0.044572370456942 , 4.17474818325434E-02 , 0.309851959876543 , 0.309851959876543 
period1,sc01,t4270, 4.85834530228471E-02 , 0.04182671716693 , 0.253506439910313 , 0.253506439910313 
period1,sc01,t4271, 4.97102908260105E-02 , 0.04182671716693 , 0.256326438565022 , 0.256326438565022 
period1,sc01,t4272, 2.98356663740123E-02 , 4.42479788505344E-02 , 0.22182 , 0.22182 
period1,sc01,t4273, 2.92199466374012E-02 , 8.23293847643245E-02 , 0.222366 , 0.222366 
period1,sc01,t4274, 2.88829811273047E-02 , 6.85024432325215E-02 , 0.229454788762332 , 0.229454788762332 
period1,sc01,t4275, 2.76551272793448E-02 , 4.44470163742772E-02 , 0.223131816538116 , 0.223131816538116 
period1,sc01,t4276, 2.99266761545215E-02 , 8.21242407324339E-02 , 0.221667990134529 , 0.221667990134529 
period1,sc01,t4277, 3.32732942159789E-02 , 8.21715816628702E-02 , 0.226623860179372 , 0.226623860179372 
period1,sc01,t4278, 7.00771123511853E-02 , 0.044797962679166 , 0.46261102412556 , 0.46261102412556 
period1,sc01,t4279, 7.99844059438103E-02 , 4.43568932696688E-02 , 0.446132082222222 , 0.446132082222222 
period1,sc01,t4280, 7.49904443283582E-02 , 4.43568932696688E-02 , 0.467816183408072 , 0.467816183408072 
period1,sc01,t4281, 6.99541179877086E-02 , 4.47030859996495E-02 , 0.490875437892376 , 0.490875437892376 
period1,sc01,t4282, 6.75153154661984E-02 , 0.079712699295079 , 0.477588321524663 , 0.477588321524663 
period1,sc01,t4283, 8.06175340719929E-02 , 0.183347772720175 , 0.564480578206278 , 0.564480578206278 
period1,sc01,t4284, 9.53096207705004E-02 , 0.199888641460868 , 0.646909061798206 , 0.646909061798206 
period1,sc01,t4285, 9.52742452488147E-02 , 0.103904924882876 , 0.647311913206277 , 0.647311913206277 
period1,sc01,t4286, 9.18974838068481E-02 , 0.14302167641184 , 0.66797250664574 , 0.66797250664574 
period1,sc01,t4287, 8.64837795223881E-02 , 0.161827492465953 , 0.624716835282511 , 0.624716835282511 
period1,sc01,t4288, 0.079660520786655 , 0.182296107118213 , 0.643686250533632 , 0.643686250533632 
period1,sc01,t4289, 6.91860865179982E-02 , 0.045395471459611 , 0.591588289910314 , 0.591588289910314 
period1,sc01,t4290, 3.22413129376646E-02 , 4.28150985228667E-02 , 0.229160627461884 , 0.229160627461884 
period1,sc01,t4291, 2.99091055311677E-02 , 4.27819793534256E-02 , 0.237173780717489 , 0.237173780717489 
period1,sc01,t4292, 3.36986985302898E-02 , 3.99972416593657E-02 , 0.244322398896861 , 0.244322398896861 
period1,sc01,t4293, 2.95795587287093E-02 , 4.28349700245313E-02 , 0.245669557937219 , 0.245669557937219 
period1,sc01,t4294, 2.85307877436348E-02 , 4.30138135395129E-02 , 0.321413599910314 , 0.321413599910314 
period1,sc01,t4295, 2.68078905092186E-02 , 4.28415938584195E-02 , 0.333424355381166 , 0.333424355381166 
period1,sc01,t4296, 4.15690757377049E-02 , 3.06775971584699E-02 , 0.763422364278027 , 0.763422364278027 
period1,sc01,t4297, 4.22913557504394E-02 , 7.02700862295082E-02 , 0.911700101421525 , 0.911700101421525 
period1,sc01,t4298, 0.042296436168717 , 0.102458476065574 , 0.911501168609866 , 0.911501168609866 
period1,sc01,t4299, 4.26139623110721E-02 , 0.102063563770492 , 1.1321420870852 , 1.1321420870852 
period1,sc01,t4300, 4.18850055737705E-02 , 0.09079945 , 0.909946600923767 , 0.909946600923767 
period1,sc01,t4301, 4.18850055737705E-02 , 0.090725328 , 0.910347458017938 , 0.910347458017938 
period1,sc01,t4302, 4.21272184480875E-02 , 0.43299399147541 , 1.14724901488789 , 1.14724901488789 
period1,sc01,t4303, 4.22009354098361E-02 , 0.394841210868853 , 1.16134881417041 , 1.16134881417041 
period1,sc01,t4304, 0.043048275431694 , 0.396421265087432 , 1.15329178600897 , 1.15329178600897 
period1,sc01,t4305, 4.25168652459017E-02 , 0.431735740147541 , 1.13768129394618 , 1.13768129394618 
period1,sc01,t4306, 0.088258847568306 , 0.390275214661202 , 1.13415634412556 , 1.13415634412556 
period1,sc01,t4307, 0.082350149557377 , 0.500653606174863 , 1.72015556932735 , 1.72015556932735 
period1,sc01,t4308, 0.12124901062295 , 0.486793197213115 , 1.23586834740808 , 1.23586834740808 
period1,sc01,t4309, 0.14221362849836 , 0.491931107431694 , 1.23931153035874 , 1.23931153035874 
period1,sc01,t4310, 0.12124901062295 , 0.260201696411475 , 1.23722747233184 , 1.23722747233184 
period1,sc01,t4311, 0.112631113008196 , 0.158572475409836 , 1.12592132344843 , 1.12592132344843 
period1,sc01,t4312, 6.17885852459017E-02 , 8.27493147540983E-02 , 1.1088300533139 , 1.1088300533139 
period1,sc01,t4313, 5.54699885245902E-02 , 0.119803186080874 , 1.12635408956502 , 1.12635408956502 
period1,sc01,t4314, 3.84097773770492E-02 , 2.62277659213115E-02 , 1.4710966749148 , 1.4710966749148 
period1,sc01,t4315, 3.88573837961335E-02 , 3.02482566120219E-02 , 0.911525598955157 , 0.911525598955157 
period1,sc01,t4316, 3.88573837961335E-02 , 0.0333549 , 0.810150634721973 , 0.810150634721973 
period1,sc01,t4317, 3.92012890333919E-02 , 3.02664833333333E-02 , 0.916159387304933 , 0.916159387304933 
period1,sc01,t4318, 3.92012890333919E-02 , 2.71821170491803E-02 , 0.966703777399103 , 0.966703777399103 
period1,sc01,t4319, 3.87257072131148E-02 , 0.027198318579235 , 0.954817666547085 , 0.954817666547085 
period1,sc01,t4320, 2.90326364499121E-02 , 8.50462019683656E-02 , 0.476499426134529 , 0.476499426134529 
period1,sc01,t4321, 2.90717165905097E-02 , 9.74346065377855E-02 , 0.475886174609866 , 0.475886174609866 
period1,sc01,t4322, 3.23134142530756E-02 , 9.29684298360656E-02 , 0.473678469121076 , 0.473678469121076 
period1,sc01,t4323, 3.24716888224956E-02 , 9.46227904217926E-02 , 0.472407193724663 , 0.472407193724663 
period1,sc01,t4324, 2.94380929086117E-02 , 9.44176196836555E-02 , 0.497264721053812 , 0.497264721053812 
period1,sc01,t4325, 4.09208152196836E-02 , 9.40072782073814E-02 , 0.475440146305829 , 0.475440146305829 
period1,sc01,t4326, 2.91076486442623E-02 , 9.07479944815465E-02 , 0.485011656443946 , 0.485011656443946 
period1,sc01,t4327, 0.0333549 , 8.47491928998243E-02 , 0.474798994493827 , 0.474798994493827 
period1,sc01,t4328, 0.0333549 , 8.05754338840071E-02 , 0.48967884955157 , 0.48967884955157 
period1,sc01,t4329, 3.74268552495606E-02 , 0.145573523725835 , 0.482220115560539 , 0.482220115560539 
period1,sc01,t4330, 3.78256680843586E-02 , 8.30652445901639E-02 , 0.506017266188341 , 0.506017266188341 
period1,sc01,t4331, 3.77189793005272E-02 , 0.147325373245902 , 0.48232581419731 , 0.48232581419731 
period1,sc01,t4332, 4.24005847434095E-02 , 0.242244669819673 , 0.516647956439461 , 0.516647956439461 
period1,sc01,t4333, 4.11324445027322E-02 , 0.242491338114754 , 0.552405007533632 , 0.552405007533632 
period1,sc01,t4334, 7.94988827868853E-02 , 0.255313431519126 , 0.548552990233184 , 0.548552990233184 
period1,sc01,t4335, 0.090589235147541 , 0.193952959639192 , 0.544028889147982 , 0.544028889147982 
period1,sc01,t4336, 3.80938475409836E-02 , 0.189796610826011 , 0.48523252670852 , 0.48523252670852 
period1,sc01,t4337, 3.84812374428823E-02 , 0.190860372253075 , 0.491282028639014 , 0.491282028639014 
period1,sc01,t4338, 3.40427104745167E-02 , 8.81393950966609E-02 , 0.327052522466368 , 0.327052522466368 
period1,sc01,t4339, 0.0333549 , 6.01360291803279E-02 , 0.33146643770852 , 0.33146643770852 
period1,sc01,t4340, 0.0333549 , 4.35548166959578E-02 , 0.337455860932735 , 0.337455860932735 
period1,sc01,t4341, 3.78256680843586E-02 , 6.22107183537786E-02 , 0.340285792358744 , 0.340285792358744 
period1,sc01,t4342, 2.56756523725835E-02 , 8.36705810193322E-02 , 0.337542613587444 , 0.337542613587444 
period1,sc01,t4343, 0.0333549 , 8.71096333919157E-02 , 0.340155164798206 , 0.340155164798206 
period1,sc01,t4344, 0.035039013825369 , 4.63530756008433E-02 , 0.282092211295964 , 0.282092211295964 
period1,sc01,t4345, 3.44420191865776E-02 , 4.59869497716093E-02 , 0.29411898 , 0.29411898 
period1,sc01,t4346, 0.03445220221539 , 0.046098571433591 , 0.274395339887893 , 0.274395339887893 
period1,sc01,t4347, 0.035126514550246 , 4.62994904251582E-02 , 0.272849325336323 , 0.272849325336323 
period1,sc01,t4348, 3.51234988070977E-02 , 4.67906257378777E-02 , 0.28205143587444 , 0.28205143587444 
period1,sc01,t4349, 3.72377697470133E-02 , 4.74384230323261E-02 , 0.286714971524664 , 0.286714971524664 
period1,sc01,t4350, 2.98434954051348E-02 , 4.51527247189037E-02 , 0.285843745089686 , 0.285843745089686 
period1,sc01,t4351, 3.73648617796908E-02 , 4.36558194834856E-02 , 0.294655204629629 , 0.294655204629629 
period1,sc01,t4352, 3.00353727012017E-02 , 0.043310771468728 , 0.284310726457399 , 0.284310726457399 
period1,sc01,t4353, 0.047957552403496 , 2.90242366206957E-02 , 0.297746507623319 , 0.297746507623319 
period1,sc01,t4354, 3.17834066083977E-02 , 2.79556256605763E-02 , 0.286019689843049 , 0.286019689843049 
period1,sc01,t4355, 5.65979165331391E-02 , 0.04419904490513 , 0.292479161569506 , 0.292479161569506 
period1,sc01,t4356, 8.37647703386744E-02 , 0.043346020414617 , 0.294629986210762 , 0.294629986210762 
period1,sc01,t4357, 8.00570142480675E-02 , 4.01965075166901E-02 , 0.294898401928251 , 0.294898401928251 
period1,sc01,t4358, 8.16885013109979E-02 , 4.37725326598735E-02 , 0.310784413721973 , 0.310784413721973 
period1,sc01,t4359, 9.59123817638792E-02 , 4.36558194834856E-02 , 0.300784862222222 , 0.300784862222222 
period1,sc01,t4360, 8.37624617709066E-02 , 4.09049134153197E-02 , 0.274229891838565 , 0.274229891838565 
period1,sc01,t4361, 8.36292990864372E-02 , 4.26429997716093E-02 , 0.284475674663677 , 0.284475674663677 
period1,sc01,t4362, 3.01530076502185E-02 , 4.36558194834856E-02 , 0.265176611111111 , 0.265176611111111 
period1,sc01,t4363, 0.028684174162418 , 4.36558194834856E-02 , 0.263651421296297 , 0.263651421296297 
period1,sc01,t4364, 2.82637797786367E-02 , 4.36558194834856E-02 , 0.26441975 , 0.26441975 
period1,sc01,t4365, 3.06791158819396E-02 , 4.53869343815882E-02 , 0.289863127037037 , 0.289863127037037 
period1,sc01,t4366, 2.82637797786367E-02 , 4.36558194834856E-02 , 0.276213022222222 , 0.276213022222222 
period1,sc01,t4367, 2.82597249736564E-02 , 0.044117580674631 , 0.278992396412557 , 0.278992396412557 
period1,sc01,t4368, 3.08716521147455E-02 , 2.91347189637033E-02 , 0.26384637037037 , 0.26384637037037 
period1,sc01,t4369, 3.19415590764387E-02 , 2.90859931790285E-02 , 0.26322529748879 , 0.26322529748879 
period1,sc01,t4370, 3.19796796414203E-02 , 4.29663568823426E-02 , 0.266695095964125 , 0.266695095964125 
period1,sc01,t4371, 3.03382809461664E-02 , 4.05284822097038E-02 , 0.276347881165919 , 0.276347881165919 
period1,sc01,t4372, 0.039994426389342 , 4.00074510783799E-02 , 0.288782910313901 , 0.288782910313901 
period1,sc01,t4373, 3.02330623164764E-02 , 4.03273241504633E-02 , 0.280771448878924 , 0.280771448878924 
period1,sc01,t4374, 4.09112323736225E-02 , 3.02546650938103E-02 , 0.285704427443947 , 0.285704427443947 
period1,sc01,t4375, 4.08231627426972E-02 , 2.96798092968613E-02 , 0.285596340269059 , 0.285596340269059 
period1,sc01,t4376, 0.042210181353857 , 2.95082467648606E-02 , 0.292205670852017 , 0.292205670852017 
period1,sc01,t4377, 4.22765458807067E-02 , 2.90331234297738E-02 , 0.290058939461883 , 0.290058939461883 
period1,sc01,t4378, 4.44253902221445E-02 , 2.95182845817991E-02 , 0.286203830224216 , 0.286203830224216 
period1,sc01,t4379, 7.91581069965562E-02 , 2.89561668332456E-02 , 0.288477664125561 , 0.288477664125561 
period1,sc01,t4380, 6.06295148849013E-02 , 2.90274098965456E-02 , 0.358733326995515 , 0.358733326995515 
period1,sc01,t4381, 8.00972267536704E-02 , 2.88083780782044E-02 , 0.31129506690583 , 0.31129506690583 
period1,sc01,t4382, 0.105170085916259 , 4.00857186568472E-02 , 0.362057007623318 , 0.362057007623318 
period1,sc01,t4383, 0.104375181620446 , 3.01119014501181E-02 , 0.408725246672646 , 0.408725246672646 
period1,sc01,t4384, 5.95762165121568E-02 , 2.90341409082939E-02 , 0.319721362914798 , 0.319721362914798 
period1,sc01,t4385, 4.75632612034283E-02 , 2.88126436612309E-02 , 0.280836501345292 , 0.280836501345292 
period1,sc01,t4386, 0.032188161850621 , 4.02363837453972E-02 , 0.24540792735426 , 0.24540792735426 
period1,sc01,t4387, 4.75720447437467E-02 , 2.95280093284236E-02 , 0.245911296296296 , 0.245911296296296 
period1,sc01,t4388, 3.69429850096205E-02 , 2.93589709258285E-02 , 0.246096482690583 , 0.246096482690583 
period1,sc01,t4389, 4.27346563057548E-02 , 4.09810878429947E-02 , 0.245801083950618 , 0.245801083950618 
period1,sc01,t4390, 4.09271988980235E-02 , 2.93972437716991E-02 , 0.246278629596413 , 0.246278629596413 
period1,sc01,t4391, 3.67690769258655E-02 , 2.94068119831668E-02 , 0.246548847533632 , 0.246548847533632 
period1,sc01,t4392, 3.11582000382444E-02 , 2.93049132022472E-02 , 0.279925766816144 , 0.279925766816144 
period1,sc01,t4393, 3.21944601393443E-02 , 0.029719079494382 , 0.281554452242153 , 0.281554452242153 
period1,sc01,t4394, 2.88411242868852E-02 , 2.96689368065309E-02 , 0.271448386748879 , 0.271448386748879 
period1,sc01,t4395, 3.03472957131147E-02 , 2.96718863764045E-02 , 0.277450950672646 , 0.277450950672646 
period1,sc01,t4396, 3.28057136557377E-02 , 2.93320959269663E-02 , 0.283578578475336 , 0.283578578475336 
period1,sc01,t4397, 3.47604763278689E-02 , 2.95244078827248E-02 , 0.28168504103139 , 0.28168504103139 
period1,sc01,t4398, 3.30836247868853E-02 , 2.84414044803371E-02 , 0.281061228430493 , 0.281061228430493 
period1,sc01,t4399, 0.0560025 , 0.020661975 , 0.279140568699551 , 0.279140568699551 
period1,sc01,t4400, 5.52081968914647E-02 , 0.017238945 , 0.291576639551569 , 0.291576639551569 
period1,sc01,t4401, 4.85117197452229E-02 , 1.76105265000001E-02 , 0.287478160627803 , 0.287478160627803 
period1,sc01,t4402, 4.22009157324841E-02 , 0.017596575 , 0.290688635784753 , 0.290688635784753 
period1,sc01,t4403, 7.14459712855638E-02 , 1.75996351894072E-02 , 0.280544900448431 , 0.280544900448431 
period1,sc01,t4404, 6.20853511011591E-02 , 0.0176050245 , 0.440450872869955 , 0.440450872869955 
period1,sc01,t4405, 8.10407345831817E-02 , 1.71920603481235E-02 , 0.440455895515695 , 0.440455895515695 
period1,sc01,t4406, 8.63524118083183E-02 , 0.023508081 , 0.441329835874439 , 0.441329835874439 
period1,sc01,t4407, 8.37965495049505E-02 , 0.0210009375 , 0.545005280179372 , 0.545005280179372 
period1,sc01,t4408, 4.67685638408304E-02 , 1.60747814742015E-02 , 0.398315897757847 , 0.398315897757847 
period1,sc01,t4409, 3.28562435325132E-02 , 1.60234793469101E-02 , 0.391734222780269 , 0.391734222780269 
period1,sc01,t4410, 3.14283274165202E-02 , 5.87470944311798E-02 , 0.315558768430493 , 0.315558768430493 
period1,sc01,t4411, 3.68437396397188E-02 , 5.88166059612008E-02 , 0.316224268991032 , 0.316224268991032 
period1,sc01,t4412, 3.08074772056239E-02 , 0.108658280002729 , 0.35740544367713 , 0.35740544367713 
period1,sc01,t4413, 3.10646102076125E-02 , 0.141286909789848 , 0.358576724663678 , 0.358576724663678 
period1,sc01,t4414, 3.11509317552804E-02 , 0.139492261989628 , 0.33625156661435 , 0.33625156661435 
period1,sc01,t4415, 3.70543641564148E-02 , 0.221955759825328 , 0.356127682600897 , 0.356127682600897 
period1,sc01,t4416, 4.63972583420777E-02 , 7.32105409090909E-02 , 0.338953846788991 , 0.338953846788991 
period1,sc01,t4417, 3.49546871873868E-02 , 8.85358913990201E-02 , 0.340544195711009 , 0.340544195711009 
period1,sc01,t4418, 4.87333907212758E-02 , 8.85358913990201E-02 , 0.340872966605505 , 0.340872966605505 
period1,sc01,t4419, 4.87456250453063E-02 , 9.54362397387045E-02 , 0.32488551412844 , 0.32488551412844 
period1,sc01,t4420, 4.73737495106922E-02 , 6.27566652966794E-02 , 0.323671590825688 , 0.323671590825688 
period1,sc01,t4421, 6.04218143494229E-02 , 5.32354585737616E-02 , 0.317883777935779 , 0.317883777935779 
period1,sc01,t4422, 4.83328469832109E-02 , 4.68967664942841E-02 , 0.293953179357798 , 0.293953179357798 
period1,sc01,t4423, 4.82197023084995E-02 , 4.68967664942841E-02 , 0.296114706055046 , 0.296114706055046 
period1,sc01,t4424, 0.046104642297934 , 3.06249241376291E-02 , 0.296067222660551 , 0.296067222660551 
period1,sc01,t4425, 6.98490286463798E-02 , 2.28249672563963E-02 , 0.287773112339449 , 0.287773112339449 
period1,sc01,t4426, 5.54969328561073E-02 , 0.022503 , 0.298657648279816 , 0.298657648279816 
period1,sc01,t4427, 8.45640555092425E-02 , 0.022503 , 0.299596477568807 , 0.299596477568807 
period1,sc01,t4428, 6.70343826862539E-02 , 3.06781180616355E-02 , 0.314029365 , 0.314029365 
period1,sc01,t4429, 7.98138277282266E-02 , 2.28534888548415E-02 , 0.316014893463303 , 0.316014893463303 
period1,sc01,t4430, 8.62563838929695E-02 , 4.68967664942841E-02 , 0.315641219793577 , 0.315641219793577 
period1,sc01,t4431, 8.22892757922351E-02 , 4.68967664942841E-02 , 0.310310692637614 , 0.310310692637614 
period1,sc01,t4432, 6.19643796511017E-02 , 4.60818963666608E-02 , 0.31165209853211 , 0.31165209853211 
period1,sc01,t4433, 6.36534547345053E-02 , 3.16903787340221E-02 , 0.31142706853211 , 0.31142706853211 
period1,sc01,t4434, 4.45914603207684E-02 , 4.44915950534058E-02 , 0.251592830229358 , 0.251592830229358 
period1,sc01,t4435, 8.24183181986227E-02 , 4.51929667921554E-02 , 0.257052388348624 , 0.257052388348624 
period1,sc01,t4436, 4.71804471910112E-02 , 2.98997136403433E-02 , 0.258005152981651 , 0.258005152981651 
period1,sc01,t4437, 7.19574157082896E-02 , 3.10199382770092E-02 , 0.261261894495412 , 0.261261894495412 
period1,sc01,t4438, 5.27584833272925E-02 , 0.031197645386097 , 0.261674793577982 , 0.261674793577982 
period1,sc01,t4439, 7.20362037565583E-02 , 4.57310134827526E-02 , 0.261881243119266 , 0.261881243119266 
period1,sc01,t4440, 2.37169360017574E-02 , 5.86665529592911E-02 , 0.25781532262844 , 0.25781532262844 
period1,sc01,t4441, 2.10825274692443E-02 , 5.86613388497982E-02 , 0.234320046788991 , 0.234320046788991 
period1,sc01,t4442, 2.10255829349736E-02 , 5.86613388497982E-02 , 0.229489556880734 , 0.229489556880734 
period1,sc01,t4443, 2.47285594551845E-02 , 5.89892729447368E-02 , 0.23097586146789 , 0.23097586146789 
period1,sc01,t4444, 2.59694757644991E-02 , 5.85404635883489E-02 , 0.232184809606996 , 0.232184809606996 
period1,sc01,t4445, 3.16100113843351E-02 , 5.72314652482892E-02 , 0.24311401559633 , 0.24311401559633 
period1,sc01,t4446, 2.91852724754098E-02 , 4.88792181396618E-02 , 0.256184533621399 , 0.256184533621399 
period1,sc01,t4447, 3.15708011511423E-02 , 4.26328606685384E-02 , 0.260238417489712 , 0.260238417489712 
period1,sc01,t4448, 3.87511510193322E-02 , 0.050861183014564 , 0.260322680493828 , 0.260322680493828 
period1,sc01,t4449, 3.56503548816029E-02 , 4.50774113177751E-02 , 0.250206953148148 , 0.250206953148148 
period1,sc01,t4450, 4.60225371584699E-02 , 0.053992134585015 , 0.245798423888889 , 0.245798423888889 
period1,sc01,t4451, 4.51166799648506E-02 , 5.16721507983857E-02 , 0.257461442222222 , 0.257461442222222 
period1,sc01,t4452, 4.78908074653083E-02 , 6.16603166257453E-02 , 0.272062091111111 , 0.272062091111111 
period1,sc01,t4453, 4.40583650535746E-02 , 0.05427527691161 , 0.289394856834862 , 0.289394856834862 
period1,sc01,t4454, 6.42823887493412E-02 , 0.105393034505437 , 0.296569630974771 , 0.296569630974771 
period1,sc01,t4455, 4.34054289566134E-02 , 0.060583015152578 , 0.267614671234568 , 0.267614671234568 
period1,sc01,t4456, 0.044339624340949 , 6.45969005000878E-02 , 0.256224718681193 , 0.256224718681193 
period1,sc01,t4457, 3.33437929525484E-02 , 5.18968054570977E-02 , 0.260146395263761 , 0.260146395263761 
period1,sc01,t4458, 4.71255565905097E-02 , 5.31201239473684E-02 , 0.233412781697248 , 0.233412781697248 
period1,sc01,t4459, 3.17904726010544E-02 , 4.86141231566941E-02 , 0.231277509048165 , 0.231277509048165 
period1,sc01,t4460, 2.83810715515727E-02 , 4.57758543604141E-02 , 0.234534497366255 , 0.234534497366255 
period1,sc01,t4461, 3.14082487858021E-02 , 0.049965130733462 , 0.221774191055046 , 0.221774191055046 
period1,sc01,t4462, 2.80925973620386E-02 , 4.50900456746798E-02 , 0.227991021245413 , 0.227991021245413 
period1,sc01,t4463, 3.22962310184534E-02 , 5.18176827969819E-02 , 0.23310416706422 , 0.23310416706422 
period1,sc01,t4464, 2.10192557644991E-02 , 4.18216947249545E-02 , 0.237219062780269 , 0.237219062780269 
period1,sc01,t4465, 2.18619557820738E-02 , 2.56985937785589E-02 , 0.227179378923767 , 0.227179378923767 
period1,sc01,t4466, 2.12818333391916E-02 , 4.51230071353251E-02 , 0.207455183946189 , 0.207455183946189 
period1,sc01,t4467, 2.03220015782074E-02 , 2.68737866045695E-02 , 0.227865508071749 , 0.227865508071749 
period1,sc01,t4468, 2.88451344080145E-02 , 0.036577372513181 , 0.21221570941704 , 0.21221570941704 
period1,sc01,t4469, 2.91027688087432E-02 , 0.026843020738137 , 0.245178867206278 , 0.245178867206278 
period1,sc01,t4470, 2.78103264692443E-02 , 2.66703087565906E-02 , 0.250277714887892 , 0.250277714887892 
period1,sc01,t4471, 2.69853820738137E-02 , 2.29569517223199E-02 , 0.24972830706278 , 0.24972830706278 
period1,sc01,t4472, 3.38594573462214E-02 , 2.52790232864675E-02 , 0.254973663497758 , 0.254973663497758 
period1,sc01,t4473, 2.82860110544816E-02 , 2.11272131107205E-02 , 0.292402513026906 , 0.292402513026906 
period1,sc01,t4474, 3.19897784710018E-02 , 3.11973201414763E-02 , 0.264349921008969 , 0.264349921008969 
period1,sc01,t4475, 3.19719833040422E-02 , 2.96538662214411E-02 , 0.265217672578476 , 0.265217672578476 
period1,sc01,t4476, 3.69392075746925E-02 , 0.031518206546573 , 0.252016749573991 , 0.252016749573991 
period1,sc01,t4477, 3.68409387082602E-02 , 2.87174449912127E-02 , 0.260903635560538 , 0.260903635560538 
period1,sc01,t4478, 0.037618785228471 , 3.65690681019332E-02 , 0.273957242600897 , 0.273957242600897 
period1,sc01,t4479, 0.037444550771529 , 2.96681023550088E-02 , 0.249611766008969 , 0.249611766008969 
period1,sc01,t4480, 3.64959101933217E-02 , 2.98086841739895E-02 , 0.213026552627802 , 0.213026552627802 
period1,sc01,t4481, 3.60751533567662E-02 , 2.40800244815466E-02 , 0.319887534977578 , 0.319887534977578 
period1,sc01,t4482, 2.69379282952549E-02 , 4.14861100017575E-02 , 0.306714864349776 , 0.306714864349776 
period1,sc01,t4483, 4.54815295081967E-02 , 3.72650568541301E-02 , 0.266972346973094 , 0.266972346973094 
period1,sc01,t4484, 2.89863497363796E-02 , 3.64244527117751E-02 , 0.265936594663677 , 0.265936594663677 
period1,sc01,t4485, 2.01674604393673E-02 , 4.51166799648506E-02 , 0.272935111973094 , 0.272935111973094 
period1,sc01,t4486, 2.66017182741652E-02 , 4.22631260808436E-02 , 0.337827794170404 , 0.337827794170404 
period1,sc01,t4487, 2.71653505289982E-02 , 2.28848219789103E-02 , 0.308465502690582 , 0.308465502690582 
period1,sc01,t4488, 2.55016605975395E-02 , 2.18054066959578E-02 , 0.178797183856502 , 0.178797183856502 
period1,sc01,t4489, 2.27315462741652E-02 , 2.95969216871705E-02 , 0.193859333076233 , 0.193859333076233 
period1,sc01,t4490, 2.14210339708561E-02 , 3.75792404130053E-02 , 0.186227720864197 , 0.186227720864197 
period1,sc01,t4491, 2.48060672934973E-02 , 2.96064124428823E-02 , 0.19463365 , 0.19463365 
period1,sc01,t4492, 0.032168283768014 , 3.73809231634447E-02 , 0.187953980941704 , 0.187953980941704 
period1,sc01,t4493, 3.32611442882249E-02 , 3.02834196836556E-02 , 0.192930939798207 , 0.192930939798207 
period1,sc01,t4494, 3.29378456493849E-02 , 3.02834196836556E-02 , 0.205260974156378 , 0.205260974156378 
period1,sc01,t4495, 3.17643730228471E-02 , 0.022501 , 0.207750899629629 , 0.207750899629629 
period1,sc01,t4496, 5.77585247521968E-02 , 0.022501 , 0.22776294185426 , 0.22776294185426 
period1,sc01,t4497, 0.034763451827768 , 1.79108355448155E-02 , 0.204125738518518 , 0.204125738518518 
period1,sc01,t4498, 4.95595399824254E-02 , 2.18180610369068E-02 , 0.233056882286996 , 0.233056882286996 
period1,sc01,t4499, 6.24311796924429E-02 , 2.18061975922671E-02 , 0.229921625235427 , 0.229921625235427 
period1,sc01,t4500, 6.24353318980668E-02 , 2.96847111775044E-02 , 0.2812625 , 0.2812625 
period1,sc01,t4501, 6.22435449453552E-02 , 1.93184332513181E-02 , 0.239910606165919 , 0.239910606165919 
period1,sc01,t4502, 4.29676882786885E-02 , 2.96609842882249E-02 , 0.248047795156951 , 0.248047795156951 
period1,sc01,t4503, 9.15495604918033E-02 , 3.75792404130053E-02 , 0.306642719887892 , 0.306642719887892 
period1,sc01,t4504, 0.219520616693989 , 3.75792404130053E-02 , 0.248815149887892 , 0.248815149887892 
period1,sc01,t4505, 5.80557435852373E-02 , 2.18196428295255E-02 , 0.248441915811659 , 0.248441915811659 
period1,sc01,t4506, 5.61151988160291E-02 , 2.96728477328647E-02 , 0.214212547040359 , 0.214212547040359 
period1,sc01,t4507, 5.74304212021858E-02 , 2.21874887029877E-02 , 0.226968420370371 , 0.226968420370371 
period1,sc01,t4508, 5.47667782331512E-02 , 0.022501 , 0.201220489820627 , 0.201220489820627 
period1,sc01,t4509, 0.105859493760984 , 0.039526783029877 , 0.219995203139013 , 0.219995203139013 
period1,sc01,t4510, 5.37091492622951E-02 , 4.58126687170475E-02 , 0.241554793587444 , 0.241554793587444 
period1,sc01,t4511, 4.29168253624773E-02 , 3.82752291652021E-02 , 0.201542163309418 , 0.201542163309418 
period1,sc01,t4512, 2.33004296276782E-02 , 0.015609999546573 , 0.198947182511211 , 0.198947182511211 
period1,sc01,t4513, 0.01995313635166 , 0.015034794595782 , 0.206984823497758 , 0.206984823497758 
period1,sc01,t4514, 1.99201899964869E-02 , 1.73636425834798E-02 , 0.206288419035875 , 0.206288419035875 
period1,sc01,t4515, 1.99831410679782E-02 , 2.23579362809699E-02 , 0.199937470681615 , 0.199937470681615 
period1,sc01,t4516, 3.03361409625856E-02 , 2.43056070316345E-02 , 0.188485297062781 , 0.188485297062781 
period1,sc01,t4517, 3.42818592130686E-02 , 2.06068582220661E-02 , 0.202069439596413 , 0.202069439596413 
period1,sc01,t4518, 1.50226762854145E-02 , 1.90600971880492E-02 , 0.250053259035875 , 0.250053259035875 
period1,sc01,t4519, 1.49746393636364E-02 , 1.38676824885764E-02 , 0.249574816666666 , 0.249574816666666 
period1,sc01,t4520, 0.014163216752361 , 1.73444137434095E-02 , 0.247762308333334 , 0.247762308333334 
period1,sc01,t4521, 0.0334935 , 1.39310591757469E-02 , 0.241412326666667 , 0.241412326666667 
period1,sc01,t4522, 4.61633916579223E-02 , 2.06033097100176E-02 , 0.230302959999999 , 0.230302959999999 
period1,sc01,t4523, 3.22567748688353E-02 , 2.06199877855888E-02 , 0.237724747264574 , 0.237724747264574 
period1,sc01,t4524, 4.56825173812434E-02 , 2.06023286467487E-02 , 0.23257205515695 , 0.23257205515695 
period1,sc01,t4525, 3.07435155780649E-02 , 1.37947086999297E-02 , 0.225086333004484 , 0.225086333004484 
period1,sc01,t4526, 6.68036585257083E-02 , 4.44578745722067E-02 , 0.252846687026906 , 0.252846687026906 
period1,sc01,t4527, 6.67117925367261E-02 , 2.84418187368236E-02 , 0.274406387892377 , 0.274406387892377 
period1,sc01,t4528, 4.37844938875305E-02 , 1.73469497540408E-02 , 0.23395334912556 , 0.23395334912556 
period1,sc01,t4529, 0.0265288485854 , 1.39097112390159E-02 , 0.245279011111111 , 0.245279011111111 
period1,sc01,t4530, 2.61871673105135E-02 , 2.06042907732864E-02 , 0.252251614170404 , 0.252251614170404 
period1,sc01,t4531, 3.01321392909535E-02 , 2.06072339630932E-02 , 0.244098024618834 , 0.244098024618834 
period1,sc01,t4532, 0.027025808474162 , 2.80908041994727E-02 , 0.24226138 , 0.24226138 
period1,sc01,t4533, 2.67355263709396E-02 , 3.45628589630932E-02 , 0.241342858666667 , 0.241342858666667 
period1,sc01,t4534, 2.63049346524625E-02 , 4.20091291739895E-02 , 0.262238713611112 , 0.262238713611112 
period1,sc01,t4535, 1.42050720513268E-02 , 0.019738992970123 , 0.246940716591928 , 0.246940716591928 
period1,sc01,t4536, 3.08112730228471E-02 , 1.92227574780316E-02 , 0.201931260134529 , 0.201931260134529 
period1,sc01,t4537, 2.93720552899825E-02 , 1.92331330579965E-02 , 0.209398247736626 , 0.209398247736626 
period1,sc01,t4538, 3.00594997363796E-02 , 2.34098193760984E-02 , 0.194468809053498 , 0.194468809053498 
period1,sc01,t4539, 3.27359937795993E-02 , 1.92472666959578E-02 , 0.199947839506172 , 0.199947839506172 
period1,sc01,t4540, 4.47390355191257E-02 , 1.92331330579965E-02 , 0.199947839506172 , 0.199947839506172 
period1,sc01,t4541, 5.93023892794376E-02 , 2.34981546133568E-02 , 0.208460561316872 , 0.208460561316872 
period1,sc01,t4542, 0.124945285588753 , 2.35217106766257E-02 , 0.216903186471194 , 0.216903186471194 
period1,sc01,t4543, 7.77444312126538E-02 , 1.89331858523725E-02 , 0.214553684444445 , 0.214553684444445 
period1,sc01,t4544, 7.17167349726777E-02 , 1.92508001054482E-02 , 0.231796082962963 , 0.231796082962963 
period1,sc01,t4545, 0.10784786300703 , 1.41619837574692E-02 , 0.212304937742798 , 0.212304937742798 
period1,sc01,t4546, 9.06180357196836E-02 , 1.88860737258348E-02 , 0.229999861888889 , 0.229999861888889 
period1,sc01,t4547, 0.112866914147627 , 1.73411885764499E-02 , 0.250167842037037 , 0.250167842037037 
period1,sc01,t4548, 0.113004324516696 , 1.88860737258348E-02 , 0.2639113831893 , 0.2639113831893 
period1,sc01,t4549, 8.31507222222223E-02 , 1.41388988154657E-02 , 0.303835221111111 , 0.303835221111111 
period1,sc01,t4550, 8.70692025500911E-02 , 1.73411885764499E-02 , 0.305664169279835 , 0.305664169279835 
period1,sc01,t4551, 7.59588816168717E-02 , 1.38124902987698E-02 , 0.305437561728395 , 0.305437561728395 
period1,sc01,t4552, 6.47430546924428E-02 , 1.92313663532513E-02 , 0.282390700411523 , 0.282390700411523 
period1,sc01,t4553, 6.30881038374342E-02 , 1.88841107205624E-02 , 0.280550260987654 , 0.280550260987654 
period1,sc01,t4554, 9.03963927943761E-02 , 1.92313663532513E-02 , 0.231381892162551 , 0.231381892162551 
period1,sc01,t4555, 9.03963927943761E-02 , 1.92313663532513E-02 , 0.208221543209877 , 0.208221543209877 
period1,sc01,t4556, 0.062195193989071 , 2.63376417398945E-02 , 0.203985866563786 , 0.203985866563786 
period1,sc01,t4557, 0.124945285588753 , 2.64004579086116E-02 , 0.206510633213992 , 0.206510633213992 
period1,sc01,t4558, 0.159494178383128 , 0.024378326917399 , 0.207872576773663 , 0.207872576773663 
period1,sc01,t4559, 5.90213469945355E-02 , 2.35275996924429E-02 , 0.255776541255605 , 0.255776541255605 
period1,sc01,t4560, 3.02377406151143E-02 , 0.019286526801406 , 0.200913104938272 , 0.200913104938272 
period1,sc01,t4561, 2.64278038523726E-02 , 1.94591152407733E-02 , 0.192717293408072 , 0.192717293408072 
period1,sc01,t4562, 2.43646670404217E-02 , 0.021989552108963 , 0.197665720224216 , 0.197665720224216 
period1,sc01,t4563, 2.32598328295254E-02 , 2.20244779613357E-02 , 0.192470466666667 , 0.192470466666667 
period1,sc01,t4564, 4.21772033606558E-02 , 2.20238893233744E-02 , 0.198103944722223 , 0.198103944722223 
period1,sc01,t4565, 3.14281656063269E-02 , 2.20234968980668E-02 , 0.184671856666667 , 0.184671856666667 
period1,sc01,t4566, 4.28724648506151E-02 , 1.93469193442623E-02 , 0.246210305 , 0.246210305 
period1,sc01,t4567, 0.028900161775044 , 1.88933164323374E-02 , 0.249891833333333 , 0.249891833333333 
period1,sc01,t4568, 3.35026042671353E-02 , 1.88756572934973E-02 , 0.223138383333333 , 0.223138383333333 
period1,sc01,t4569, 0.049927487029877 , 1.88776194200351E-02 , 0.188457761300449 , 0.188457761300449 
period1,sc01,t4570, 4.78594252803163E-02 , 2.08699627065027E-02 , 0.222527322222223 , 0.222527322222223 
period1,sc01,t4571, 6.03616835325132E-02 , 1.88795815465729E-02 , 0.315451431333334 , 0.315451431333334 
period1,sc01,t4572, 6.35870663778559E-02 , 2.34047554956064E-02 , 0.204760734941704 , 0.204760734941704 
period1,sc01,t4573, 6.52186530790861E-02 , 2.38510215553603E-02 , 0.326180029399103 , 0.326180029399103 
period1,sc01,t4574, 6.61077710984182E-02 , 2.28426847275923E-02 , 0.285317809204036 , 0.285317809204036 
period1,sc01,t4575, 6.43200776098419E-02 , 2.38754500307558E-02 , 0.226414057399103 , 0.226414057399103 
period1,sc01,t4576, 6.66761991564147E-02 , 2.39075307996485E-02 , 0.228937334529148 , 0.228937334529148 
period1,sc01,t4577, 6.35485694551845E-02 , 2.36876745210896E-02 , 0.2397473 , 0.2397473 
period1,sc01,t4578, 4.20091291739895E-02 , 2.22799468365554E-02 , 0.294810476166667 , 0.294810476166667 
period1,sc01,t4579, 4.20091291739895E-02 , 2.28156073813708E-02 , 0.213457888888889 , 0.213457888888889 
period1,sc01,t4580, 4.20091291739895E-02 , 2.31207573005273E-02 , 0.209372508888889 , 0.209372508888889 
period1,sc01,t4581, 4.25271305799649E-02 , 2.37570749367312E-02 , 0.198279517399103 , 0.198279517399103 
period1,sc01,t4582, 4.21472628822496E-02 , 2.46082454288225E-02 , 0.199268802242152 , 0.199268802242152 
period1,sc01,t4583, 2.65868145869948E-02 , 2.33347075782074E-02 , 0.209130610358745 , 0.209130610358745 
period1,sc01,t4584, 2.93494887521969E-02 , 3.16608137704918E-02 , 0.188244484304933 , 0.188244484304933 
period1,sc01,t4585, 2.94553914938489E-02 , 2.09224926775956E-02 , 0.175271433183856 , 0.175271433183856 
period1,sc01,t4586, 2.72489877449909E-02 , 1.91063746924429E-02 , 0.194953481481482 , 0.194953481481482 
period1,sc01,t4587, 2.85088996721311E-02 , 1.91275419332162E-02 , 0.195595983539095 , 0.195595983539095 
period1,sc01,t4588, 0.039178865136612 , 1.93780993462215E-02 , 0.201562074074074 , 0.201562074074074 
period1,sc01,t4589, 2.90645815114235E-02 , 1.88114052724077E-02 , 0.230795917695473 , 0.230795917695473 
period1,sc01,t4590, 0.05576 , 1.91287178910369E-02 , 0.247170082633745 , 0.247170082633745 
period1,sc01,t4591, 4.60924957377049E-02 , 2.01635019753954E-02 , 0.217018920179373 , 0.217018920179373 
period1,sc01,t4592, 0.061858254863388 , 1.91540009841828E-02 , 0.221891894098655 , 0.221891894098655 
period1,sc01,t4593, 5.23105237258348E-02 , 1.96479032688928E-02 , 0.226300584753363 , 0.226300584753363 
period1,sc01,t4594, 5.92094762741652E-02 , 1.90999069244288E-02 , 0.221339695067265 , 0.221339695067265 
period1,sc01,t4595, 7.66245884288224E-02 , 1.94063223339191E-02 , 0.252439058436213 , 0.252439058436213 
period1,sc01,t4596, 8.69414623831282E-02 , 1.91334217223198E-02 , 0.222070739753087 , 0.222070739753087 
period1,sc01,t4597, 7.42311810755712E-02 , 0.023526016168717 , 0.30014024691358 , 0.30014024691358 
period1,sc01,t4598, 8.16841861511424E-02 , 2.97118531147541E-02 , 0.286147469958848 , 0.286147469958848 
period1,sc01,t4599, 7.08842679226713E-02 , 1.88564272495446E-02 , 0.272136335802469 , 0.272136335802469 
period1,sc01,t4600, 7.09452413356766E-02 , 2.72713933114754E-02 , 0.278455802469135 , 0.278455802469135 
period1,sc01,t4601, 7.40527332604736E-02 , 1.89108668852459E-02 , 0.270258468161435 , 0.270258468161435 
period1,sc01,t4602, 9.79294293333333E-02 , 1.99983189216757E-02 , 0.281540491479821 , 0.281540491479821 
period1,sc01,t4603, 7.42670673884007E-02 , 1.94048327873463E-02 , 0.222764641975309 , 0.222764641975309 
period1,sc01,t4604, 7.10314586432338E-02 , 2.70717249912126E-02 , 0.213898360538117 , 0.213898360538117 
period1,sc01,t4605, 5.80052954657294E-02 , 1.70967607732864E-02 , 0.22370011838565 , 0.22370011838565 
period1,sc01,t4606, 7.10192286818981E-02 , 1.79359046748681E-02 , 0.203496495067265 , 0.203496495067265 
period1,sc01,t4607, 6.79147000351494E-02 , 1.79270849912126E-02 , 0.203016408968609 , 0.203016408968609 
period1,sc01,t4608, 2.30489831718511E-02 , 4.35779981441125E-02 , 0.22304 , 0.22304 
period1,sc01,t4609, 2.08520536884528E-02 , 4.56895061068166E-02 , 0.237720334763948 , 0.237720334763948 
period1,sc01,t4610, 2.01106287966368E-02 , 4.56159238229093E-02 , 0.238509785407725 , 0.238509785407725 
period1,sc01,t4611, 1.89246771088494E-02 , 4.51791410615114E-02 , 0.51924656806867 , 0.51924656806867 
period1,sc01,t4612, 2.64324690163072E-02 , 4.57946156534296E-02 , 0.238342326180258 , 0.238342326180258 
period1,sc01,t4613, 3.75358449912127E-02 , 0.045131849212828 , 0.238461939914163 , 0.238461939914163 
period1,sc01,t4614, 4.50504590509666E-02 , 4.39220620175747E-02 , 0.254240905236052 , 0.254240905236052 
period1,sc01,t4615, 0.03798843301179 , 4.34456087772312E-02 , 0.253816037253219 , 0.253816037253219 
period1,sc01,t4616, 4.86722377476539E-02 , 4.34569611880492E-02 , 0.253320357939914 , 0.253320357939914 
period1,sc01,t4617, 0.050285879979021 , 4.34569611880492E-02 , 0.258936940429185 , 0.258936940429185 
period1,sc01,t4618, 0.05574 , 4.34569611880492E-02 , 0.25907521390558 , 0.25907521390558 
period1,sc01,t4619, 0.05574 , 0.043070797602812 , 0.252806975793992 , 0.252806975793992 
period1,sc01,t4620, 5.42760541276596E-02 , 0.047603751608822 , 0.250300350386266 , 0.250300350386266 
period1,sc01,t4621, 5.42119340436327E-02 , 4.76031884297521E-02 , 0.258806800686695 , 0.258806800686695 
period1,sc01,t4622, 5.44330454313425E-02 , 0.047870106865059 , 0.251509406008584 , 0.251509406008584 
period1,sc01,t4623, 0.05574 , 4.54826406951341E-02 , 0.250772585407725 , 0.250772585407725 
period1,sc01,t4624, 5.91909444834856E-02 , 4.58908046732256E-02 , 0.272859979055794 , 0.272859979055794 
period1,sc01,t4625, 4.57906549033391E-02 , 4.58862063901582E-02 , 0.277578501630901 , 0.277578501630901 
period1,sc01,t4626, 4.54047074754098E-02 , 3.50172590509666E-02 , 0.24544068360515 , 0.24544068360515 
period1,sc01,t4627, 4.89475569068542E-02 , 3.47821518453428E-02 , 0.255260014248927 , 0.255260014248927 
period1,sc01,t4628, 0.044943681195079 , 3.60517307557117E-02 , 0.249336263690987 , 0.249336263690987 
period1,sc01,t4629, 5.55112828169014E-02 , 3.50172590509666E-02 , 0.256230320858369 , 0.256230320858369 
period1,sc01,t4630, 3.77223794009459E-02 , 3.58793188049209E-02 , 0.257014030042918 , 0.257014030042918 
period1,sc01,t4631, 2.91297046793761E-02 , 3.55344949033392E-02 , 0.25600625037037 , 0.25600625037037 
period1,sc01,t4632, 0.0234108 , 0.032542997260274 , 0.19638182832618 , 0.19638182832618 
period1,sc01,t4633, 2.02961099167245E-02 , 3.26549863013699E-02 , 0.189814197530864 , 0.189814197530864 
period1,sc01,t4634, 2.17007869244288E-02 , 3.83895300316122E-02 , 0.190913088412017 , 0.190913088412017 
period1,sc01,t4635, 2.14841656830601E-02 , 3.85892307692308E-02 , 0.19810426609442 , 0.19810426609442 
period1,sc01,t4636, 3.25980515846995E-02 , 3.85696522655426E-02 , 0.202482128755365 , 0.202482128755365 
period1,sc01,t4637, 2.96427147540983E-02 , 3.80909154639175E-02 , 0.18849754074074 , 0.18849754074074 
period1,sc01,t4638, 3.30669173770492E-02 , 3.85853150684931E-02 , 0.189447185185185 , 0.189447185185185 
period1,sc01,t4639, 3.97713530054645E-02 , 3.43884278609063E-02 , 0.195654281481481 , 0.195654281481481 
period1,sc01,t4640, 3.81645383606557E-02 , 3.05876920969442E-02 , 0.198080343347639 , 0.198080343347639 
period1,sc01,t4641, 3.68630823401951E-02 , 3.04737452054795E-02 , 0.196221774320988 , 0.196221774320988 
period1,sc01,t4642, 6.36986617492097E-02 , 3.16374914646996E-02 , 0.206424258765432 , 0.206424258765432 
period1,sc01,t4643, 0.071250090621707 , 3.03398282402529E-02 , 0.212637777777778 , 0.212637777777778 
period1,sc01,t4644, 5.95311814541623E-02 , 4.31587752160168E-02 , 0.199697521030042 , 0.199697521030042 
period1,sc01,t4645, 5.93158179135932E-02 , 4.31902966069547E-02 , 0.207481982832618 , 0.207481982832618 
period1,sc01,t4646, 5.92877307611365E-02 , 4.16953603793467E-02 , 0.208435486419753 , 0.208435486419753 
period1,sc01,t4647, 5.93941537434095E-02 , 4.22438521601686E-02 , 0.205104849382716 , 0.205104849382716 
period1,sc01,t4648, 6.60847170474516E-02 , 0.0413405 , 0.215179338271605 , 0.215179338271605 
period1,sc01,t4649, 0.138897419628416 , 4.22676400421497E-02 , 0.202510836051502 , 0.202510836051502 
period1,sc01,t4650, 0.119210957408081 , 2.90006585879874E-02 , 0.204328964806867 , 0.204328964806867 
period1,sc01,t4651, 0.147111394248271 , 2.94282531085353E-02 , 0.201902666666667 , 0.201902666666667 
period1,sc01,t4652, 0.131107912 , 2.89924356164384E-02 , 0.196333982832618 , 0.196333982832618 
period1,sc01,t4653, 0.112911140225701 , 2.91975720210896E-02 , 0.199908041201717 , 0.199908041201717 
period1,sc01,t4654, 8.74754787040407E-02 , 2.91107782776801E-02 , 0.201489777777778 , 0.201489777777778 
period1,sc01,t4655, 0.045570749726776 , 0.030209317934668 , 0.185157275536481 , 0.185157275536481 
period1,sc01,t4656, 2.68486386926726E-02 , 2.01091118964311E-02 , 0.20385976 , 0.20385976 
period1,sc01,t4657, 3.31450335224343E-02 , 3.54946442319859E-02 , 0.204274483950617 , 0.204274483950617 
period1,sc01,t4658, 3.68589321616872E-02 , 3.76194327272727E-02 , 0.20422264345679 , 0.20422264345679 
period1,sc01,t4659, 3.17992131147541E-02 , 3.91392437065898E-02 , 0.204430005432099 , 0.204430005432099 
period1,sc01,t4660, 3.48260777082601E-02 , 3.83451231775045E-02 , 0.205986332703863 , 0.205986332703863 
period1,sc01,t4661, 5.82164625659051E-02 , 3.38897240773287E-02 , 0.20168245925926 , 0.20168245925926 
period1,sc01,t4662, 0.100088327868852 , 3.75889792196837E-02 , 0.204737837037037 , 0.204737837037037 
period1,sc01,t4663, 8.84277384885764E-02 , 3.40919162741652E-02 , 0.208395831759657 , 0.208395831759657 
period1,sc01,t4664, 8.16529284358524E-02 , 2.43404530755712E-02 , 0.223703040515021 , 0.223703040515021 
period1,sc01,t4665, 9.36706291739894E-02 , 1.99331725834798E-02 , 0.214779753580246 , 0.214779753580246 
period1,sc01,t4666, 9.90012932161687E-02 , 1.96828618052014E-02 , 0.227024661728395 , 0.227024661728395 
period1,sc01,t4667, 0.110592862144112 , 2.38820744518103E-02 , 0.21989544691358 , 0.21989544691358 
period1,sc01,t4668, 7.92990137643378E-02 , 2.39218684344722E-02 , 0.198310001716738 , 0.198310001716738 
period1,sc01,t4669, 8.36662882622951E-02 , 1.97453952065273E-02 , 0.223675674074074 , 0.223675674074074 
period1,sc01,t4670, 9.69205901639344E-02 , 1.97340254971953E-02 , 0.207481982832618 , 0.207481982832618 
period1,sc01,t4671, 0.112270743901582 , 1.96752819989801E-02 , 0.224125264197531 , 0.224125264197531 
period1,sc01,t4672, 0.100567107205624 , 1.98022437531872E-02 , 0.215115111111111 , 0.215115111111111 
period1,sc01,t4673, 9.69205901639344E-02 , 1.98881103690686E-02 , 0.215115111111111 , 0.215115111111111 
period1,sc01,t4674, 7.57113678688525E-02 , 2.44903339191564E-02 , 0.198156896137339 , 0.198156896137339 
period1,sc01,t4675, 8.34943775737705E-02 , 2.87379374340949E-02 , 0.194204858369099 , 0.194204858369099 
period1,sc01,t4676, 7.07806622950819E-02 , 2.87105082601054E-02 , 0.191614851851852 , 0.191614851851852 
period1,sc01,t4677, 5.79968100546449E-02 , 2.87536112478032E-02 , 0.202232977777777 , 0.202232977777777 
period1,sc01,t4678, 3.49400655184534E-02 , 2.43081258347979E-02 , 0.189910538271605 , 0.189910538271605 
period1,sc01,t4679, 4.22487648506151E-02 , 2.87261820738138E-02 , 0.181877555555555 , 0.181877555555555 
period1,sc01,t4680, 9.01048365553603E-02 , 4.21570730404218E-02 , 0.194646950729614 , 0.194646950729614 
period1,sc01,t4681, 6.06575894904459E-02 , 4.39633787346221E-02 , 0.194664511111111 , 0.194664511111111 
period1,sc01,t4682, 5.25630685413005E-02 , 4.40391946397188E-02 , 0.196263509871244 , 0.196263509871244 
period1,sc01,t4683, 0.060652330228471 , 5.67043892794376E-02 , 0.200737815450644 , 0.200737815450644 
period1,sc01,t4684, 5.31649696721312E-02 , 5.76676845079086E-02 , 0.199725666666667 , 0.199725666666667 
period1,sc01,t4685, 0.102313583620387 , 5.54779439367311E-02 , 0.199246111111111 , 0.199246111111111 
period1,sc01,t4686, 0.114350865026362 , 5.69241569420035E-02 , 0.265461666666667 , 0.265461666666667 
period1,sc01,t4687, 8.09391447869761E-02 , 5.66630351493849E-02 , 0.2724475 , 0.2724475 
period1,sc01,t4688, 8.08989754282748E-02 , 5.66630351493849E-02 , 0.240469444444444 , 0.240469444444444 
period1,sc01,t4689, 9.78359947275923E-02 , 3.58292182776802E-02 , 0.273651 , 0.273651 
period1,sc01,t4690, 0.113868794024605 , 2.80696080843586E-02 , 0.2741905 , 0.2741905 
period1,sc01,t4691, 0.158431352459017 , 4.20201284710018E-02 , 0.290378958333333 , 0.290378958333333 
period1,sc01,t4692, 0.114644282425307 , 6.79302632688928E-02 , 0.3885147 , 0.3885147 
period1,sc01,t4693, 8.15332131147541E-02 , 6.93938327477161E-02 , 0.3715744 , 0.3715744 
period1,sc01,t4694, 9.47797275922672E-02 , 6.80783476370344E-02 , 0.381162360515021 , 0.381162360515021 
period1,sc01,t4695, 9.46618401639345E-02 , 6.78111166549543E-02 , 0.387823033333333 , 0.387823033333333 
period1,sc01,t4696, 8.12348715289982E-02 , 6.87739356113844E-02 , 0.374783733333333 , 0.374783733333333 
period1,sc01,t4697, 8.28707227592267E-02 , 6.87871249121574E-02 , 0.374549006008584 , 0.374549006008584 
period1,sc01,t4698, 9.79210660808435E-02 , 8.26767381851722E-02 , 0.437475938888889 , 0.437475938888889 
period1,sc01,t4699, 7.18262285864425E-02 , 5.64779638966972E-02 , 0.2075 , 0.2075 
period1,sc01,t4700, 7.19837557117751E-02 , 5.64779638966972E-02 , 0.209602666666667 , 0.209602666666667 
period1,sc01,t4701, 7.17192836437105E-02 , 4.35833145869947E-02 , 0.209049333333333 , 0.209049333333333 
period1,sc01,t4702, 0.071683259135629 , 4.37534572934974E-02 , 0.186667 , 0.186667 
period1,sc01,t4703, 7.15352239985945E-02 , 4.36683859402461E-02 , 0.185228333333334 , 0.185228333333334 
period1,sc01,t4704, 4.68027307496175E-02 , 1.65283739174732E-02 , 0.1963116 , 0.1963116 
period1,sc01,t4705, 5.61955079086116E-02 , 1.84533934095494E-02 , 0.198385392592593 , 0.198385392592593 
period1,sc01,t4706, 3.86701036885943E-02 , 1.76879980049875E-02 , 0.198652533333334 , 0.198652533333334 
period1,sc01,t4707, 4.74251107205624E-02 , 0.018784245988024 , 0.194839284773662 , 0.194839284773662 
period1,sc01,t4708, 4.73894586994728E-02 , 1.84691837244134E-02 , 0.200267436213991 , 0.200267436213991 
period1,sc01,t4709, 0.06041456 , 1.80435761460102E-02 , 0.196578946090535 , 0.196578946090535 
period1,sc01,t4710, 0.0610433984 , 1.57574989250868E-02 , 0.20527966436214 , 0.20527966436214 
period1,sc01,t4711, 7.06391736842106E-02 , 1.58343032985248E-02 , 0.224239141630901 , 0.224239141630901 
period1,sc01,t4712, 0.070639524309199 , 1.54473964143427E-02 , 0.230506283950617 , 0.230506283950617 
period1,sc01,t4713, 7.88973019607843E-02 , 1.46789075927524E-02 , 0.238988930041152 , 0.238988930041152 
period1,sc01,t4714, 7.17027778369384E-02 , 1.45793532211457E-02 , 0.232611832618025 , 0.232611832618025 
period1,sc01,t4715, 0.083698104 , 1.51956489963974E-02 , 0.223173827160494 , 0.223173827160494 
period1,sc01,t4716, 0.08447996658629 , 1.80446435492095E-02 , 0.204434089711934 , 0.204434089711934 
period1,sc01,t4717, 7.58093364497042E-02 , 1.79806627300613E-02 , 0.213874917695473 , 0.213874917695473 
period1,sc01,t4718, 8.14981080000001E-02 , 1.79212540030597E-02 , 0.206119117037037 , 0.206119117037037 
period1,sc01,t4719, 7.65635216881595E-02 , 1.78953319520548E-02 , 0.204876912592593 , 0.204876912592593 
period1,sc01,t4720, 7.80986414485166E-02 , 1.79594720040795E-02 , 0.204542801152264 , 0.204542801152264 
period1,sc01,t4721, 7.50824959044963E-02 , 1.79382871834625E-02 , 0.196917952961374 , 0.196917952961374 
period1,sc01,t4722, 6.75099680317954E-02 , 2.14374250382457E-02 , 0.196050137283951 , 0.196050137283951 
period1,sc01,t4723, 7.81961930622838E-02 , 1.80365976542581E-02 , 0.203865303347639 , 0.203865303347639 
period1,sc01,t4724, 6.02405899366763E-02 , 1.74947380272335E-02 , 0.202596485150215 , 0.202596485150215 
period1,sc01,t4725, 6.83586897841237E-02 , 1.57289209677419E-02 , 0.202744239012345 , 0.202744239012345 
period1,sc01,t4726, 6.84174056603773E-02 , 1.76680749108204E-02 , 0.20295127308642 , 0.20295127308642 
period1,sc01,t4727, 7.17820265170832E-02 , 1.94413632406288E-02 , 0.200259830123457 , 0.200259830123457 
period1,sc01,t4728, 4.95987132914616E-02 , 1.88106228748068E-02 , 0.173873374485596 , 0.173873374485596 
period1,sc01,t4729, 6.50869518306986E-02 , 1.93267351307013E-02 , 0.170527568765432 , 0.170527568765432 
period1,sc01,t4730, 3.71649216326531E-02 , 1.88899228576305E-02 , 0.186236053497942 , 0.186236053497942 
period1,sc01,t4731, 0.06599447543058 , 1.88689907949791E-02 , 0.185565268312757 , 0.185565268312757 
period1,sc01,t4732, 3.75200485430237E-02 , 1.52031821427319E-02 , 0.183082431481482 , 0.183082431481482 
period1,sc01,t4733, 5.65732549590723E-02 , 0.017450961158241 , 0.18295665925926 , 0.18295665925926 
period1,sc01,t4734, 3.80643304733727E-02 , 1.43493374326531E-02 , 0.204084995123457 , 0.204084995123457 
period1,sc01,t4735, 4.94714986118341E-02 , 0.0135834 , 0.208477240617284 , 0.208477240617284 
period1,sc01,t4736, 8.06780971737613E-02 , 0.0135834 , 0.225497071201716 , 0.225497071201716 
period1,sc01,t4737, 7.61343513124684E-02 , 0.013239058907563 , 0.210766295061729 , 0.210766295061729 
period1,sc01,t4738, 7.29868876957114E-02 , 0.0135834 , 0.211502761296296 , 0.211502761296296 
period1,sc01,t4739, 9.40668209744013E-02 , 0.0135834 , 0.227848026131687 , 0.227848026131687 
period1,sc01,t4740, 0.1643412356942 , 1.25621870514286E-02 , 0.192330882222222 , 0.192330882222222 
period1,sc01,t4741, 0.162184363655536 , 0.0135834 , 0.217912020576132 , 0.217912020576132 
period1,sc01,t4742, 0.162776001493848 , 1.32231410488246E-02 , 0.217297134156378 , 0.217297134156378 
period1,sc01,t4743, 0.16219391261863 , 1.32169961409114E-02 , 0.216216424691358 , 0.216216424691358 
period1,sc01,t4744, 0.165349447047452 , 1.32309737881059E-02 , 0.218843666666666 , 0.218843666666666 
period1,sc01,t4745, 0.203034716885246 , 1.32257587621816E-02 , 0.244365171673819 , 0.244365171673819 
period1,sc01,t4746, 0.188454356871705 , 1.46511846057143E-02 , 0.280320989141975 , 0.280320989141975 
period1,sc01,t4747, 0.146613504180328 , 1.46255701942857E-02 , 0.222900519567901 , 0.222900519567901 
period1,sc01,t4748, 6.01174916783462E-02 , 1.46493734857143E-02 , 0.216617032510288 , 0.216617032510288 
period1,sc01,t4749, 4.89482101229577E-02 , 1.46704085825308E-02 , 0.218185924526749 , 0.218185924526749 
period1,sc01,t4750, 5.61949383608703E-02 , 1.81496227692825E-02 , 0.221434574444444 , 0.221434574444444 
period1,sc01,t4751, 6.54947264616424E-02 , 1.83251884609559E-02 , 0.218147727037036 , 0.218147727037036 
period1,sc01,t4752, 4.69790352706079E-02 , 4.55904808547907E-02 , 0.160565477119342 , 0.160565477119342 
period1,sc01,t4753, 5.30041338308457E-02 , 4.64945561056105E-02 , 0.16114125382716 , 0.16114125382716 
period1,sc01,t4754, 4.53549038481814E-02 , 4.44293694551845E-02 , 0.160444905843622 , 0.160444905843622 
period1,sc01,t4755, 4.81997240688686E-02 , 2.97377918453427E-02 , 0.169720856790123 , 0.169720856790123 
period1,sc01,t4756, 2.94710853196931E-02 , 1.67454029106136E-02 , 0.161962348641975 , 0.161962348641975 
period1,sc01,t4757, 3.29157127890921E-02 , 1.46223351309604E-02 , 0.166085510699588 , 0.166085510699588 
period1,sc01,t4758, 0.076943415319747 , 0.0135732 , 0.187690451646091 , 0.187690451646091 
period1,sc01,t4759, 0.118698520435776 , 0.0135732 , 0.19677936025751 , 0.19677936025751 
period1,sc01,t4760, 0.168145469525483 , 0.0135732 , 0.207071826872428 , 0.207071826872428 
period1,sc01,t4761, 0.145532257439447 , 0.0135732 , 0.207490287325102 , 0.207490287325102 
period1,sc01,t4762, 0.08226392421915 , 0.0135732 , 0.207341801358025 , 0.207341801358025 
period1,sc01,t4763, 9.83234309557273E-02 , 1.31870563102041E-02 , 0.195858483160494 , 0.195858483160494 
period1,sc01,t4764, 8.67909519181586E-02 , 0.0131942815 , 0.190456759176954 , 0.190456759176954 
period1,sc01,t4765, 8.70727272838642E-02 , 1.31874605785262E-02 , 0.199082909465021 , 0.199082909465021 
period1,sc01,t4766, 0.166014304223558 , 1.31858200822423E-02 , 0.20134045473251 , 0.20134045473251 
period1,sc01,t4767, 0.145138355596556 , 1.31874644422144E-02 , 0.204035544855967 , 0.204035544855967 
period1,sc01,t4768, 0.144211773054629 , 1.31987828163265E-02 , 0.19357170617284 , 0.19357170617284 
period1,sc01,t4769, 0.164744238412921 , 0.0135732 , 0.194753089270387 , 0.194753089270387 
period1,sc01,t4770, 0.171337319929763 , 1.46994164473908E-02 , 0.225319489055794 , 0.225319489055794 
period1,sc01,t4771, 0.150887469101123 , 1.46738450892402E-02 , 0.202249523991769 , 0.202249523991769 
period1,sc01,t4772, 0.105085465063202 , 1.46940330035696E-02 , 0.235652815432098 , 0.235652815432098 
period1,sc01,t4773, 8.84919411764706E-02 , 1.46353534659187E-02 , 0.213499546995885 , 0.213499546995885 
period1,sc01,t4774, 8.43712634205093E-02 , 1.46951736258195E-02 , 0.199391052757202 , 0.199391052757202 
period1,sc01,t4775, 7.65254080672554E-02 , 1.62943741274996E-02 , 0.19772046925926 , 0.19772046925926 
period1,sc01,t4776, 3.19901024748491E-02 , 1.48382201963169E-02 , 0.18516525925926 , 0.18516525925926 
period1,sc01,t4777, 3.71108042253522E-02 , 1.66916348614016E-02 , 0.154658160944206 , 0.154658160944206 
period1,sc01,t4778, 3.74207167774936E-02 , 1.95733559217877E-02 , 0.1687575 , 0.1687575 
period1,sc01,t4779, 4.51483158172232E-02 , 1.54643343628736E-02 , 0.1687575 , 0.1687575 
period1,sc01,t4780, 4.49941701265378E-02 , 1.62875964478765E-02 , 0.1687575 , 0.1687575 
period1,sc01,t4781, 4.86877745254833E-02 , 1.68136503276158E-02 , 0.184938774691358 , 0.184938774691358 
period1,sc01,t4782, 4.83769522759227E-02 , 1.39974970833334E-02 , 0.200658917777778 , 0.200658917777778 
period1,sc01,t4783, 7.16037973637962E-02 , 1.28929238047461E-02 , 0.173531961115879 , 0.173531961115879 
period1,sc01,t4784, 8.69372995606327E-02 , 1.27467316261525E-02 , 0.20984265925926 , 0.20984265925926 
period1,sc01,t4785, 9.11561381985941E-02 , 1.27603822509407E-02 , 0.210428333436214 , 0.210428333436214 
period1,sc01,t4786, 0.072388218856694 , 1.20219628571429E-02 , 0.211818673004116 , 0.211818673004116 
period1,sc01,t4787, 8.28970848541301E-02 , 1.19661154580472E-02 , 0.1687575 , 0.1687575 
period1,sc01,t4788, 6.85586308006119E-02 , 0.012395598669938 , 0.204203982736626 , 0.204203982736626 
period1,sc01,t4789, 6.35613748160843E-02 , 1.23943265106128E-02 , 0.20306643218107 , 0.20306643218107 
period1,sc01,t4790, 6.88852643889173E-02 , 1.23971630085188E-02 , 0.203150695185185 , 0.203150695185185 
period1,sc01,t4791, 6.55573984963706E-02 , 1.19687997179359E-02 , 0.164724219892703 , 0.164724219892703 
period1,sc01,t4792, 7.93473420430672E-02 , 1.20142482285714E-02 , 0.189870294527897 , 0.189870294527897 
period1,sc01,t4793, 9.43041473722883E-02 , 1.22592393744688E-02 , 0.338470135041153 , 0.338470135041153 
period1,sc01,t4794, 0.104124867959291 , 0.012737371281659 , 0.245171081193416 , 0.245171081193416 
period1,sc01,t4795, 9.84628116748596E-02 , 1.27442558303587E-02 , 0.250222231604938 , 0.250222231604938 
period1,sc01,t4796, 7.70977043415078E-02 , 0.012748463054564 , 0.255039112345679 , 0.255039112345679 
period1,sc01,t4797, 0.065662672065522 , 0.012743682117967 , 0.257869793703703 , 0.257869793703703 
period1,sc01,t4798, 5.54617111305872E-02 , 0.0135006 , 0.248990695390947 , 0.248990695390947 
period1,sc01,t4799, 5.54406082474227E-02 , 1.29814767946998E-02 , 0.254269025665236 , 0.254269025665236 
period1,sc01,t4800, 2.34356026645768E-02 , 1.35357922696831E-02 , 0.151772022901234 , 0.151772022901234 
period1,sc01,t4801, 2.33884811214792E-02 , 1.39367760705497E-02 , 0.152545668395062 , 0.152545668395062 
period1,sc01,t4802, 1.84880889779387E-02 , 1.42599398693878E-02 , 0.151406728888889 , 0.151406728888889 
period1,sc01,t4803, 2.11946151597051E-02 , 0.01462565 , 0.148316776748972 , 0.148316776748972 
period1,sc01,t4804, 2.20866513535815E-02 , 1.42575520081633E-02 , 0.148138991069959 , 0.148138991069959 
period1,sc01,t4805, 1.92010750052156E-02 , 1.42678381795919E-02 , 0.145302187201716 , 0.145302187201716 
period1,sc01,t4806, 3.72712653901581E-02 , 1.42674708163265E-02 , 0.150244874678111 , 0.150244874678111 
period1,sc01,t4807, 5.77707836449912E-02 , 1.31286787685509E-02 , 0.147082925617284 , 0.147082925617284 
period1,sc01,t4808, 6.38871802530755E-02 , 1.31330537848606E-02 , 0.135283790123457 , 0.135283790123457 
period1,sc01,t4809, 5.09357493042867E-02 , 0.013129810974801 , 0.141797968518518 , 0.141797968518518 
period1,sc01,t4810, 0.046631246397188 , 1.42790388510638E-02 , 0.140034001234568 , 0.140034001234568 
period1,sc01,t4811, 4.61626403339192E-02 , 3.72598689169675E-02 , 0.139645095061728 , 0.139645095061728 
period1,sc01,t4812, 4.40643306680852E-02 , 4.15123677592267E-02 , 0.1426350944206 , 0.1426350944206 
period1,sc01,t4813, 4.55081179601648E-02 , 1.65913102474449E-02 , 0.15036779382716 , 0.15036779382716 
period1,sc01,t4814, 4.72566687309645E-02 , 4.09619039279438E-02 , 0.142533695064378 , 0.142533695064378 
period1,sc01,t4815, 5.79638018892795E-02 , 1.43379233713496E-02 , 0.140895150617284 , 0.140895150617284 
period1,sc01,t4816, 6.12815759635701E-02 , 1.39574663012068E-02 , 0.140854714866953 , 0.140854714866953 
period1,sc01,t4817, 8.01204851810193E-02 , 1.27553213878489E-02 , 0.150215903433476 , 0.150215903433476 
period1,sc01,t4818, 8.74810407732865E-02 , 1.42800907590647E-02 , 0.154701319753086 , 0.154701319753086 
period1,sc01,t4819, 6.02125120582878E-02 , 1.45441320914286E-02 , 0.155016148559671 , 0.155016148559671 
period1,sc01,t4820, 5.80996383304043E-02 , 1.46032419793388E-02 , 0.153571739270387 , 0.153571739270387 
period1,sc01,t4821, 3.45901096908648E-02 , 1.45894619653081E-02 , 0.150476644635193 , 0.150476644635193 
period1,sc01,t4822, 1.86422270214521E-02 , 1.45279313714286E-02 , 0.149302931687243 , 0.149302931687243 
period1,sc01,t4823, 2.02240040946083E-02 , 1.45551897257143E-02 , 0.150840037037037 , 0.150840037037037 
period1,sc01,t4824, 2.97535715158717E-02 , 0.016361975874397 , 0.173479932098766 , 0.173479932098766 
period1,sc01,t4825, 3.82209001520913E-02 , 0.022501 , 0.169884481416309 , 0.169884481416309 
period1,sc01,t4826, 0.03136099345402 , 5.00688394029597E-02 , 0.172541001481482 , 0.172541001481482 
period1,sc01,t4827, 2.44162050604098E-02 , 2.47944010269245E-02 , 0.174557757777778 , 0.174557757777778 
period1,sc01,t4828, 3.24664809961894E-02 , 2.55533574877536E-02 , 0.173770685761317 , 0.173770685761317 
period1,sc01,t4829, 5.52401527240773E-02 , 1.66559828749125E-02 , 0.185141561481482 , 0.185141561481482 
period1,sc01,t4830, 7.78427828998242E-02 , 0.01462565 , 0.231718631481482 , 0.231718631481482 
period1,sc01,t4831, 8.95646571001758E-02 , 1.31365794875063E-02 , 0.228646856909871 , 0.228646856909871 
period1,sc01,t4832, 8.97060298154658E-02 , 1.27597460649329E-02 , 0.221985791522634 , 0.221985791522634 
period1,sc01,t4833, 9.85992633655536E-02 , 1.27987585075641E-02 , 0.222060727296137 , 0.222060727296137 
period1,sc01,t4834, 8.24891009929701E-02 , 1.28048706132879E-02 , 0.221475120679012 , 0.221475120679012 
period1,sc01,t4835, 8.64054217926186E-02 , 1.33359127546541E-02 , 0.21590218781893 , 0.21590218781893 
period1,sc01,t4836, 7.32749612653779E-02 , 1.58496076049847E-02 , 0.204664460600858 , 0.204664460600858 
period1,sc01,t4837, 0.07647453228471 , 1.58132984941297E-02 , 0.214222483539095 , 0.214222483539095 
period1,sc01,t4838, 7.39737181546573E-02 , 1.73089810891939E-02 , 0.207482396995708 , 0.207482396995708 
period1,sc01,t4839, 8.84222073813708E-02 , 1.44151561388305E-02 , 0.200208897777778 , 0.200208897777778 
period1,sc01,t4840, 8.45797835245902E-02 , 1.47650949991393E-02 , 0.199658229527897 , 0.199658229527897 
period1,sc01,t4841, 9.56944989455184E-02 , 1.47191268723441E-02 , 0.209765813927039 , 0.209765813927039 
period1,sc01,t4842, 8.89016289516696E-02 , 1.58736692065161E-02 , 0.210673251728395 , 0.210673251728395 
period1,sc01,t4843, 0.088094301771529 , 1.59047270562391E-02 , 0.203060413395062 , 0.203060413395062 
period1,sc01,t4844, 6.06093500439367E-02 , 0.016177350781914 , 0.202854848703703 , 0.202854848703703 
period1,sc01,t4845, 7.11796792179262E-02 , 1.58336588118307E-02 , 0.21292057382716 , 0.21292057382716 
period1,sc01,t4846, 3.58500989350739E-02 , 1.49361873612566E-02 , 0.207274489567901 , 0.207274489567901 
period1,sc01,t4847, 5.09491976531147E-02 , 2.73129317803164E-02 , 0.209741265864197 , 0.209741265864197 
period1,sc01,t4848, 2.27910172558951E-02 , 1.93481073565879E-02 , 0.211677000041153 , 0.211677000041153 
period1,sc01,t4849, 2.61363273167358E-02 , 2.84784418833928E-02 , 0.200812918189301 , 0.200812918189301 
period1,sc01,t4850, 2.39916125661601E-02 , 2.99606255340967E-02 , 0.200788925432099 , 0.200788925432099 
period1,sc01,t4851, 2.56973373285198E-02 , 0.033636 , 0.194186303209876 , 0.194186303209876 
period1,sc01,t4852, 2.45835218967922E-02 , 0.022424 , 0.194353791111111 , 0.194353791111111 
period1,sc01,t4853, 2.73433646039175E-02 , 2.13762633496846E-02 , 0.194277660246914 , 0.194277660246914 
period1,sc01,t4854, 3.99433613679986E-02 , 2.05674179714091E-02 , 0.199844902716049 , 0.199844902716049 
period1,sc01,t4855, 5.09005164273205E-02 , 1.93322871230982E-02 , 0.205497965432099 , 0.205497965432099 
period1,sc01,t4856, 4.75904693079409E-02 , 1.96213923023093E-02 , 0.205304177777778 , 0.205304177777778 
period1,sc01,t4857, 5.81435185058259E-02 , 1.95742833333333E-02 , 0.204612079012346 , 0.204612079012346 
period1,sc01,t4858, 4.07552620672994E-02 , 1.95956069686411E-02 , 0.202930463175966 , 0.202930463175966 
period1,sc01,t4859, 7.62251544434858E-02 , 1.80261830485304E-02 , 0.21421560583691 , 0.21421560583691 
period1,sc01,t4860, 0.047697414241908 , 1.79903559519726E-02 , 0.208239080515022 , 0.208239080515022 
period1,sc01,t4861, 5.95820942408377E-02 , 1.95341737150742E-02 , 0.22424 , 0.22424 
period1,sc01,t4862, 5.25513496503497E-02 , 4.16022343760984E-02 , 0.211173175308642 , 0.211173175308642 
period1,sc01,t4863, 0.144448504068808 , 2.69683732970028E-02 , 0.235883869629629 , 0.235883869629629 
period1,sc01,t4864, 0.106776096052392 , 3.52423308260106E-02 , 0.303527606866953 , 0.303527606866953 
period1,sc01,t4865, 0.100132478284182 , 3.52202615114235E-02 , 0.249873615450644 , 0.249873615450644 
period1,sc01,t4866, 0.108705299731903 , 2.84369029876977E-02 , 0.300922284532188 , 0.300922284532188 
period1,sc01,t4867, 0.103161230981542 , 2.59582430931459E-02 , 0.29851590108642 , 0.29851590108642 
period1,sc01,t4868, 7.96743356568364E-02 , 0.022935732231986 , 0.300582277300411 , 0.300582277300411 
period1,sc01,t4869, 7.79545717593404E-02 , 1.96495718804921E-02 , 0.258748044444445 , 0.258748044444445 
period1,sc01,t4870, 7.85564879831342E-02 , 0.020634975051975 , 0.259121777777778 , 0.259121777777778 
period1,sc01,t4871, 7.74297725931131E-02 , 1.95552182762201E-02 , 0.256768641975308 , 0.256768641975308 
period1,sc01,t4872, 2.01851141537446E-02 , 1.70587798955613E-02 , 0.180420643325103 , 0.180420643325103 
period1,sc01,t4873, 2.27759086299705E-02 , 1.87125640339426E-02 , 0.167009298148148 , 0.167009298148148 
period1,sc01,t4874, 0.022795515 , 2.01836067911714E-02 , 0.166037678148148 , 0.166037678148148 
period1,sc01,t4875, 2.10450052192066E-02 , 2.28241177872063E-02 , 0.193010052345679 , 0.193010052345679 
period1,sc01,t4876, 2.75671616692427E-02 , 0.022422 , 0.165911727407407 , 0.165911727407407 
period1,sc01,t4877, 4.56754660808436E-02 , 1.94980266163608E-02 , 0.190027280444445 , 0.190027280444445 
period1,sc01,t4878, 5.12997065899581E-02 , 1.88475957279001E-02 , 0.192508094814815 , 0.192508094814815 
period1,sc01,t4879, 4.79957394201424E-02 , 1.94212636640705E-02 , 0.219629487654321 , 0.219629487654321 
period1,sc01,t4880, 4.95884579657499E-02 , 1.94212636640705E-02 , 0.219248405925925 , 0.219248405925925 
period1,sc01,t4881, 5.13386744540376E-02 , 1.79360814087369E-02 , 0.220824774024692 , 0.220824774024692 
period1,sc01,t4882, 5.07503355654864E-02 , 1.79913122324159E-02 , 0.211451916666667 , 0.211451916666667 
period1,sc01,t4883, 5.90670742657343E-02 , 0.01808850994192 , 0.219216110864197 , 0.219216110864197 
period1,sc01,t4884, 9.72598272251309E-02 , 1.79710823295172E-02 , 0.20523604 , 0.20523604 
period1,sc01,t4885, 9.68248162038664E-02 , 1.80381675840979E-02 , 0.216467339753086 , 0.216467339753086 
period1,sc01,t4886, 9.74295008963094E-02 , 1.80507385321101E-02 , 0.21333840962963 , 0.21333840962963 
period1,sc01,t4887, 9.72313282460458E-02 , 1.82917173277484E-02 , 0.220073314074074 , 0.220073314074074 
period1,sc01,t4888, 9.76151030404218E-02 , 1.79787412844036E-02 , 0.220858084074074 , 0.220858084074074 
period1,sc01,t4889, 9.65808932161687E-02 , 1.94415425076453E-02 , 0.225361861111112 , 0.225361861111112 
period1,sc01,t4890, 0.106751378435852 , 1.95605424321503E-02 , 0.223597166666666 , 0.223597166666666 
period1,sc01,t4891, 0.114606762601054 , 1.95387290055248E-02 , 0.198232625185185 , 0.198232625185185 
period1,sc01,t4892, 9.98829760333919E-02 , 2.01477153071942E-02 , 0.195942443950617 , 0.195942443950617 
period1,sc01,t4893, 9.93660484481546E-02 , 1.81978186238532E-02 , 0.196718448148148 , 0.196718448148148 
period1,sc01,t4894, 0.100258061810193 , 0.018989357601935 , 0.192706478765432 , 0.192706478765432 
period1,sc01,t4895, 9.92737399507908E-02 , 1.92390476690742E-02 , 0.189411459753086 , 0.189411459753086 
period1,sc01,t4896, 2.09368399346939E-02 , 1.64308782073469E-02 , 0.177871972839506 , 0.177871972839506 
period1,sc01,t4897, 2.09097290742625E-02 , 1.86716760816327E-02 , 0.176467004938272 , 0.176467004938272 
period1,sc01,t4898, 2.08607314285714E-02 , 1.86762328163265E-02 , 0.176496867489712 , 0.176496867489712 
period1,sc01,t4899, 1.82218639943988E-02 , 0.016889474558535 , 0.181807807407408 , 0.181807807407408 
period1,sc01,t4900, 2.10683761517797E-02 , 2.15219740335337E-02 , 0.174006790123457 , 0.174006790123457 
period1,sc01,t4901, 4.14238043175488E-02 , 0.017519384318219 , 0.177052770370371 , 0.177052770370371 
period1,sc01,t4902, 3.49203813464236E-02 , 1.71008645249023E-02 , 0.183282558024692 , 0.183282558024692 
period1,sc01,t4903, 5.25218130052724E-02 , 1.74215709671936E-02 , 0.193877331851852 , 0.193877331851852 
period1,sc01,t4904, 4.95807170474516E-02 , 1.56973884358524E-02 , 0.205769289957081 , 0.205769289957081 
period1,sc01,t4905, 6.18758091074681E-02 , 1.49916432479526E-02 , 0.194015945751073 , 0.194015945751073 
period1,sc01,t4906, 6.18448996721311E-02 , 1.49907214415042E-02 , 0.210363299914163 , 0.210363299914163 
period1,sc01,t4907, 8.92631956284154E-02 , 1.46260585239086E-02 , 0.205243192446352 , 0.205243192446352 
period1,sc01,t4908, 9.59515388400703E-02 , 1.46177429403702E-02 , 0.255933502145923 , 0.255933502145923 
period1,sc01,t4909, 0.100967236335155 , 0.016333813368421 , 0.282214420600858 , 0.282214420600858 
period1,sc01,t4910, 8.24647466666667E-02 , 1.53468334209143E-02 , 0.284370557939914 , 0.284370557939914 
period1,sc01,t4911, 0.101435005901639 , 1.66606570735991E-02 , 0.256386290987124 , 0.256386290987124 
period1,sc01,t4912, 0.107359856612022 , 1.62010647220806E-02 , 0.2562138 , 0.2562138 
period1,sc01,t4913, 0.116127378629174 , 1.61174412934973E-02 , 0.257748275720165 , 0.257748275720165 
period1,sc01,t4914, 0.124722677609841 , 0.0178624 , 0.225026950386266 , 0.225026950386266 
period1,sc01,t4915, 9.61594081469926E-02 , 0.017401252687039 , 0.208932583004292 , 0.208932583004292 
period1,sc01,t4916, 8.01090206557377E-02 , 1.78026233554309E-02 , 0.208971872618025 , 0.208971872618025 
period1,sc01,t4917, 7.66042064796872E-02 , 0.018221818935917 , 0.201144958024692 , 0.201144958024692 
period1,sc01,t4918, 0.076133242427333 , 1.80795315451301E-02 , 0.201988460246913 , 0.201988460246913 
period1,sc01,t4919, 0.074574305490396 , 1.72214276280457E-02 , 0.202597656296296 , 0.202597656296296 
period1,sc01,t4920, 1.85680989064795E-02 , 1.58288243682664E-02 , 0.179427041373391 , 0.179427041373391 
period1,sc01,t4921, 2.08759225547922E-02 , 0.01635247 , 0.178877148148148 , 0.178877148148148 
period1,sc01,t4922, 1.93841690876448E-02 , 2.01579417740337E-02 , 0.17850155308642 , 0.17850155308642 
period1,sc01,t4923, 1.79244185407725E-02 , 1.94378160501981E-02 , 0.178986696707819 , 0.178986696707819 
period1,sc01,t4924, 2.10722998788089E-02 , 1.92163328678475E-02 , 0.178470253497942 , 0.178470253497942 
period1,sc01,t4925, 3.14126030207235E-02 , 2.01913261227175E-02 , 0.179158844444445 , 0.179158844444445 
period1,sc01,t4926, 3.68968192967839E-02 , 0.019351419144769 , 0.153506990534979 , 0.153506990534979 
period1,sc01,t4927, 6.29989761534474E-02 , 1.79665120645709E-02 , 0.161131202057613 , 0.161131202057613 
period1,sc01,t4928, 7.33138024520808E-02 , 1.77328011197243E-02 , 0.190145 , 0.190145 
period1,sc01,t4929, 7.27667816091954E-02 , 1.52678576040781E-02 , 0.190145 , 0.190145 
period1,sc01,t4930, 3.89636605222735E-02 , 0.015262155819881 , 0.181597450617284 , 0.181597450617284 
period1,sc01,t4931, 4.82746638626008E-02 , 1.68169067042928E-02 , 0.182152285407725 , 0.182152285407725 
period1,sc01,t4932, 7.46641415223727E-02 , 1.61101865406738E-02 , 0.213391388477366 , 0.213391388477366 
period1,sc01,t4933, 7.42823910751932E-02 , 1.61222183049147E-02 , 0.201808699588478 , 0.201808699588478 
period1,sc01,t4934, 7.42823910751932E-02 , 1.52719075383305E-02 , 0.18255024691358 , 0.18255024691358 
period1,sc01,t4935, 0.075797042867182 , 0.015633592425266 , 0.193094525925926 , 0.193094525925926 
period1,sc01,t4936, 7.65944555516514E-02 , 1.73883687087493E-02 , 0.188279452469136 , 0.188279452469136 
period1,sc01,t4937, 7.81289542340126E-02 , 0.016469066888775 , 0.202717804077253 , 0.202717804077253 
period1,sc01,t4938, 0.078795691848208 , 1.83670507551809E-02 , 0.187829272961374 , 0.187829272961374 
period1,sc01,t4939, 7.86703223822909E-02 , 1.86646102564103E-02 , 0.190628883261802 , 0.190628883261802 
period1,sc01,t4940, 7.86420258257203E-02 , 1.92165078787879E-02 , 0.179420288065844 , 0.179420288065844 
period1,sc01,t4941, 7.70291221011947E-02 , 1.86467349192863E-02 , 0.162161326748971 , 0.162161326748971 
period1,sc01,t4942, 7.48949731201088E-02 , 1.95867295660948E-02 , 0.154984736480687 , 0.154984736480687 
period1,sc01,t4943, 7.34665070274069E-02 , 1.82308516266842E-02 , 0.153032893827161 , 0.153032893827161 
period1,sc01,t4944, 1.96800323883303E-02 , 1.53728629837156E-02 , 0.211756532188841 , 0.211756532188841 
period1,sc01,t4945, 2.09226678000343E-02 , 1.73959078829604E-02 , 0.2448458805794 , 0.2448458805794 
period1,sc01,t4946, 1.93414238980717E-02 , 1.69908368861646E-02 , 0.243108603218884 , 0.243108603218884 
period1,sc01,t4947, 1.94511205252422E-02 , 1.57563818712134E-02 , 0.248774763283262 , 0.248774763283262 
period1,sc01,t4948, 1.94520889842141E-02 , 1.79755474054804E-02 , 0.270652064609053 , 0.270652064609053 
period1,sc01,t4949, 1.95054203983155E-02 , 0.017306160099193 , 0.249840133648069 , 0.249840133648069 
period1,sc01,t4950, 2.52042189090276E-02 , 1.57580371383757E-02 , 0.241416854506438 , 0.241416854506438 
period1,sc01,t4951, 3.78595817309662E-02 , 1.53274244217927E-02 , 0.250845597896996 , 0.250845597896996 
period1,sc01,t4952, 4.62792460621538E-02 , 1.49961331134812E-02 , 0.253640577639485 , 0.253640577639485 
period1,sc01,t4953, 4.72027736551604E-02 , 1.66954286080844E-02 , 0.237841657510729 , 0.237841657510729 
period1,sc01,t4954, 4.11889707586933E-02 , 1.75415581420813E-02 , 0.244033553648069 , 0.244033553648069 
period1,sc01,t4955, 7.24282630453829E-02 , 1.89629803443946E-02 , 0.251213164074074 , 0.251213164074074 
period1,sc01,t4956, 5.90839163540038E-02 , 0.01764307 , 0.272423999753086 , 0.272423999753086 
period1,sc01,t4957, 6.61947805699482E-02 , 1.84760983482535E-02 , 0.266203845679012 , 0.266203845679012 
period1,sc01,t4958, 6.71140534287673E-02 , 1.67160975342465E-02 , 0.271841319835391 , 0.271841319835391 
period1,sc01,t4959, 9.91776392552636E-02 , 1.53448854365009E-02 , 0.261085177222222 , 0.261085177222222 
period1,sc01,t4960, 9.84201278795812E-02 , 1.49937554923184E-02 , 0.266073340082305 , 0.266073340082305 
period1,sc01,t4961, 0.101475814059754 , 1.43490967700258E-02 , 0.24640104334764 , 0.24640104334764 
period1,sc01,t4962, 0.101821995184534 , 1.42503895526821E-02 , 0.273921433733905 , 0.273921433733905 
period1,sc01,t4963, 9.15735424077329E-02 , 1.58701092560463E-02 , 0.277527302660945 , 0.277527302660945 
period1,sc01,t4964, 0.112033160878734 , 1.61518361085734E-02 , 0.283296021995708 , 0.283296021995708 
period1,sc01,t4965, 7.18037679945355E-02 , 1.40805198649833E-02 , 0.290443061244635 , 0.290443061244635 
period1,sc01,t4966, 7.70759321968366E-02 , 1.42820865276804E-02 , 0.288436925236052 , 0.288436925236052 
period1,sc01,t4967, 9.62393339279438E-02 , 1.46870520259603E-02 , 0.31774683111588 , 0.31774683111588 
period1,sc01,t4968, 3.65695461879804E-02 , 1.48093131118367E-02 , 0.206993824074074 , 0.206993824074074 
period1,sc01,t4969, 5.06830411835958E-02 , 1.44350819966358E-02 , 0.183328196502057 , 0.183328196502057 
period1,sc01,t4970, 5.02207537725069E-02 , 1.71422638693877E-02 , 0.184894263662552 , 0.184894263662552 
period1,sc01,t4971, 4.96506942003515E-02 , 2.05581966640685E-02 , 0.174941833333334 , 0.174941833333334 
period1,sc01,t4972, 4.37612976274165E-02 , 1.81914590938775E-02 , 0.1795348031893 , 0.1795348031893 
period1,sc01,t4973, 6.27247228471001E-02 , 0.022333 , 0.177647526831275 , 0.177647526831275 
period1,sc01,t4974, 4.96153695957821E-02 , 1.97810672236504E-02 , 0.206154728230452 , 0.206154728230452 
period1,sc01,t4975, 4.96153695957821E-02 , 1.94226986103963E-02 , 0.186638702145923 , 0.186638702145923 
period1,sc01,t4976, 0.049236292910634 , 1.44635310776815E-02 , 0.182726216460906 , 0.182726216460906 
period1,sc01,t4977, 4.93380518283644E-02 , 1.44624681438042E-02 , 0.202325951358025 , 0.202325951358025 
period1,sc01,t4978, 6.06916876432203E-02 , 1.83932099255927E-02 , 0.206752113004116 , 0.206752113004116 
period1,sc01,t4979, 6.47001241813725E-02 , 1.86110797056262E-02 , 0.206547181824034 , 0.206547181824034 
period1,sc01,t4980, 6.69378593827775E-02 , 2.09282765044479E-02 , 0.208536544120172 , 0.208536544120172 
period1,sc01,t4981, 6.72465942350333E-02 , 1.72949256635514E-02 , 0.213214013648069 , 0.213214013648069 
period1,sc01,t4982, 6.70879534745763E-02 , 1.89152736093274E-02 , 0.211300851931331 , 0.211300851931331 
period1,sc01,t4983, 0.0781655 , 1.92996928618152E-02 , 0.225997093251029 , 0.225997093251029 
period1,sc01,t4984, 8.22005519707011E-02 , 1.48144753419093E-02 , 0.22061419691358 , 0.22061419691358 
period1,sc01,t4985, 6.37304535887522E-02 , 1.44547469259702E-02 , 0.22333 , 0.22333 
period1,sc01,t4986, 6.83103278207381E-02 , 0.014463542841086 , 0.204275062660945 , 0.204275062660945 
period1,sc01,t4987, 0.06822358629174 , 1.67820231213872E-02 , 0.186111528326181 , 0.186111528326181 
period1,sc01,t4988, 5.73612703866432E-02 , 2.31713941988452E-02 , 0.189753820171674 , 0.189753820171674 
period1,sc01,t4989, 0.044666 , 1.75508556723827E-02 , 0.190403681716738 , 0.190403681716738 
period1,sc01,t4990, 3.66833654040816E-02 , 1.75026842471182E-02 , 0.19027716 , 0.19027716 
period1,sc01,t4991, 3.85200402486911E-02 , 2.74954947100176E-02 , 0.207489193909465 , 0.207489193909465 
period1,sc01,t4992, 3.01619342883549E-02 , 3.09300621524169E-02 , 0.303130496172839 , 0.303130496172839 
period1,sc01,t4993, 3.02542240643076E-02 , 2.92826057047451E-02 , 0.295105483732057 , 0.295105483732057 
period1,sc01,t4994, 3.42716515957446E-02 , 0.017294653254957 , 0.302991490430622 , 0.302991490430622 
period1,sc01,t4995, 3.84204136643233E-02 , 0.018785670723016 , 0.311118909176955 , 0.311118909176955 
period1,sc01,t4996, 3.02262842979542E-02 , 3.09573651301518E-02 , 0.305299462427984 , 0.305299462427984 
period1,sc01,t4997, 5.28868204745167E-02 , 1.73990099206349E-02 , 0.364557458625515 , 0.364557458625515 
period1,sc01,t4998, 7.25919245250522E-02 , 1.56268617318435E-02 , 0.391052746995708 , 0.391052746995708 
period1,sc01,t4999, 7.37388168031634E-02 , 1.55477236325005E-02 , 0.38852135416309 , 0.38852135416309 
period1,sc01,t5000, 7.64475467311072E-02 , 1.55124949668536E-02 , 0.396066104938271 , 0.396066104938271 
period1,sc01,t5001, 7.29982953427065E-02 , 0.015147858460334 , 0.416425143690988 , 0.416425143690988 
period1,sc01,t5002, 7.88541335413005E-02 , 1.53190752288269E-02 , 0.405405986111112 , 0.405405986111112 
period1,sc01,t5003, 9.17588003339191E-02 , 1.55330052015222E-02 , 0.447900722222222 , 0.447900722222222 
period1,sc01,t5004, 8.06146725834798E-02 , 1.36009592251816E-02 , 0.396591426845493 , 0.396591426845493 
period1,sc01,t5005, 8.01505465289982E-02 , 1.40207873431476E-02 , 0.38304679308642 , 0.38304679308642 
period1,sc01,t5006, 7.44073545694201E-02 , 1.37217961290322E-02 , 0.405583822962963 , 0.405583822962963 
period1,sc01,t5007, 8.17755948724955E-02 , 1.52774192024013E-02 , 0.398222204444444 , 0.398222204444444 
period1,sc01,t5008, 8.92709808743169E-02 , 1.36945743413225E-02 , 0.401896580329218 , 0.401896580329218 
period1,sc01,t5009, 8.03960525307557E-02 , 1.52214804347826E-02 , 0.394064406419753 , 0.394064406419753 
period1,sc01,t5010, 9.32557785764499E-02 , 1.55217235400517E-02 , 0.434707709259259 , 0.434707709259259 
period1,sc01,t5011, 9.32139725452976E-02 , 1.59587494391717E-02 , 0.372178525946501 , 0.372178525946501 
period1,sc01,t5012, 9.33256427943761E-02 , 1.84516612916291E-02 , 0.386609044444444 , 0.386609044444444 
period1,sc01,t5013, 7.60506412034676E-02 , 1.57669572211521E-02 , 0.350283040772533 , 0.350283040772533 
period1,sc01,t5014, 0.075427875837158 , 1.62935874277709E-02 , 0.359125183476395 , 0.359125183476395 
period1,sc01,t5015, 7.77843189528796E-02 , 1.57923416155061E-02 , 0.363615745922747 , 0.363615745922747 
period1,sc01,t5016, 1.86831405595409E-02 , 1.50508245682451E-02 , 0.154919333827161 , 0.154919333827161 
period1,sc01,t5017, 2.87882073748903E-02 , 2.25417420571429E-02 , 0.158458623641975 , 0.158458623641975 
period1,sc01,t5018, 1.75671777337278E-02 , 2.85967629297937E-02 , 0.16167690345679 , 0.16167690345679 
period1,sc01,t5019, 1.87423924156365E-02 , 2.83527303694227E-02 , 0.166638865728396 , 0.166638865728396 
period1,sc01,t5020, 1.52344001694916E-02 , 1.54953168763084E-02 , 0.158075910194986 , 0.158075910194986 
period1,sc01,t5021, 2.41427228724138E-02 , 2.86393347881694E-02 , 0.172601703382716 , 0.172601703382716 
period1,sc01,t5022, 1.59004240566038E-02 , 1.71280206887623E-02 , 0.150511386666666 , 0.150511386666666 
period1,sc01,t5023, 0.020412735 , 1.49177824965133E-02 , 0.150395710370371 , 0.150395710370371 
period1,sc01,t5024, 2.67353041042621E-02 , 1.43119213791911E-02 , 0.16108612808642 , 0.16108612808642 
period1,sc01,t5025, 2.05055469747763E-02 , 1.45460080178916E-02 , 0.161861434691358 , 0.161861434691358 
period1,sc01,t5026, 2.66706455542493E-02 , 2.33068485239853E-02 , 0.160271344650205 , 0.160271344650205 
period1,sc01,t5027, 3.68825967391305E-02 , 1.72185654903996E-02 , 0.153703501604938 , 0.153703501604938 
period1,sc01,t5028, 0.034219457700153 , 1.51489958245981E-02 , 0.186651966666666 , 0.186651966666666 
period1,sc01,t5029, 3.73993532334011E-02 , 2.32999973747842E-02 , 0.186604227242798 , 0.186604227242798 
period1,sc01,t5030, 2.67946523899371E-02 , 4.42127107073983E-02 , 0.215470971563786 , 0.215470971563786 
period1,sc01,t5031, 4.32264651480404E-02 , 1.64344139589905E-02 , 0.181885116759777 , 0.181885116759777 
period1,sc01,t5032, 4.52799881305638E-02 , 0.031669210455764 , 0.188078640987654 , 0.188078640987654 
period1,sc01,t5033, 4.52726318834777E-02 , 1.78050928346732E-02 , 0.177114180617284 , 0.177114180617284 
period1,sc01,t5034, 3.27424901637108E-02 , 1.80013129837838E-02 , 0.185005415576132 , 0.185005415576132 
period1,sc01,t5035, 0.041987657791093 , 3.32555511263538E-02 , 0.187166542572016 , 0.187166542572016 
period1,sc01,t5036, 3.44977591854934E-02 , 4.48332877311072E-02 , 0.187559474753087 , 0.187559474753087 
period1,sc01,t5037, 1.91696801420176E-02 , 3.81088861570397E-02 , 0.187866567777778 , 0.187866567777778 
period1,sc01,t5038, 1.79227508939743E-02 , 4.31393984142281E-02 , 0.19063545436214 , 0.19063545436214 
period1,sc01,t5039, 2.84987626607235E-02 , 4.30367513389772E-02 , 0.188089657777778 , 0.188089657777778 
period1,sc01,t5040, 1.94362226880531E-02 , 2.94955939428572E-02 , 0.243837829032922 , 0.243837829032922 
period1,sc01,t5041, 2.18908643332765E-02 , 4.54661772191673E-02 , 0.229417155021459 , 0.229417155021459 
period1,sc01,t5042, 1.86475311912866E-02 , 3.39014902857143E-02 , 0.353011649382716 , 0.353011649382716 
period1,sc01,t5043, 2.42506370763216E-02 , 0.034393131707317 , 0.31524790074074 , 0.31524790074074 
period1,sc01,t5044, 3.68804925341745E-02 , 4.70263350449294E-02 , 0.233557802575108 , 0.233557802575108 
period1,sc01,t5045, 3.76151761255822E-02 , 4.76774437420986E-02 , 0.239135975967078 , 0.239135975967078 
period1,sc01,t5046, 3.79399184398398E-02 , 2.52968945270758E-02 , 0.172011747160494 , 0.172011747160494 
period1,sc01,t5047, 3.73971322358723E-02 , 2.48804288224956E-02 , 0.171923600987655 , 0.171923600987655 
period1,sc01,t5048, 3.37002815406976E-02 , 2.44245817223199E-02 , 0.216498936954733 , 0.216498936954733 
period1,sc01,t5049, 5.33618880701755E-02 , 2.33770156766257E-02 , 0.210215273162394 , 0.210215273162394 
period1,sc01,t5050, 5.71971453075571E-02 , 2.14590703670546E-02 , 0.217288236909871 , 0.217288236909871 
period1,sc01,t5051, 5.74357852631579E-02 , 1.93341508276703E-02 , 0.196172062222222 , 0.196172062222222 
period1,sc01,t5052, 5.84789591878172E-02 , 2.23109223184257E-02 , 0.233579179076924 , 0.233579179076924 
period1,sc01,t5053, 5.94885701679959E-02 , 2.26998348333906E-02 , 0.235477415384615 , 0.235477415384615 
period1,sc01,t5054, 6.53096632059021E-02 , 0.022498426002473 , 0.223219927247864 , 0.223219927247864 
period1,sc01,t5055, 6.20250966364122E-02 , 2.65681414411248E-02 , 0.181935766666666 , 0.181935766666666 
period1,sc01,t5056, 0.062074332631579 , 2.58728226643234E-02 , 0.261546222222222 , 0.261546222222222 
period1,sc01,t5057, 5.27276299299265E-02 , 2.58680779332161E-02 , 0.189461299145299 , 0.189461299145299 
period1,sc01,t5058, 4.66751168262654E-02 , 2.77078180105448E-02 , 0.176092432618026 , 0.176092432618026 
period1,sc01,t5059, 4.98557295970073E-02 , 2.89428597539543E-02 , 0.179743269527897 , 0.179743269527897 
period1,sc01,t5060, 5.36589260668381E-02 , 2.91749986643234E-02 , 0.236706380085837 , 0.236706380085837 
period1,sc01,t5061, 4.93332037834997E-02 , 2.68206709314587E-02 , 0.27615648583691 , 0.27615648583691 
period1,sc01,t5062, 0.036910590763828 , 2.90918678383129E-02 , 0.257861603433477 , 0.257861603433477 
period1,sc01,t5063, 3.60220045076283E-02 , 2.56411543057996E-02 , 0.219145974248927 , 0.219145974248927 
period1,sc01,t5064, 3.62454487763136E-02 , 2.36836020397756E-02 , 0.21902440823941 , 0.21902440823941 
period1,sc01,t5065, 3.45875397622192E-02 , 2.51093060475275E-02 , 0.221843332508311 , 0.221843332508311 
period1,sc01,t5066, 3.24470993845397E-02 , 3.31321271020408E-02 , 0.199442510925926 , 0.199442510925926 
period1,sc01,t5067, 3.29820235334243E-02 , 3.24636262628572E-02 , 0.199698909947432 , 0.199698909947432 
period1,sc01,t5068, 3.33002341109603E-02 , 0.027223544916366 , 0.191622800555555 , 0.191622800555555 
period1,sc01,t5069, 3.57837258892128E-02 , 2.74527062863795E-02 , 0.197219313888888 , 0.197219313888888 
period1,sc01,t5070, 8.18115907385092E-02 , 2.72207050285715E-02 , 0.192212076172839 , 0.192212076172839 
period1,sc01,t5071, 8.20204953950766E-02 , 2.32946224474089E-02 , 0.19309163308642 , 0.19309163308642 
period1,sc01,t5072, 8.19896792707803E-02 , 2.18729866608085E-02 , 0.222014289259259 , 0.222014289259259 
period1,sc01,t5073, 8.04724069776976E-02 , 2.20794057996485E-02 , 0.220313873703704 , 0.220313873703704 
period1,sc01,t5074, 8.13749457236842E-02 , 2.57338471001758E-02 , 0.222798461481482 , 0.222798461481482 
period1,sc01,t5075, 0.091407865313779 , 2.42904158968804E-02 , 0.223323994444444 , 0.223323994444444 
period1,sc01,t5076, 0.0962274 , 2.26686733944954E-02 , 0.242733495111111 , 0.242733495111111 
period1,sc01,t5077, 8.98512989748847E-02 , 0.02730246648 , 0.243441909876543 , 0.243441909876543 
period1,sc01,t5078, 8.98601714697407E-02 , 2.75543732571428E-02 , 0.248928363950618 , 0.248928363950618 
period1,sc01,t5079, 8.25632935183558E-02 , 2.30394932334711E-02 , 0.248029546666667 , 0.248029546666667 
period1,sc01,t5080, 7.89639507261411E-02 , 1.89622618110236E-02 , 0.251412951728395 , 0.251412951728395 
period1,sc01,t5081, 7.97540645302131E-02 , 2.55178903787346E-02 , 0.250269618669528 , 0.250269618669528 
period1,sc01,t5082, 4.91712888634847E-02 , 2.56412130843585E-02 , 0.220932957037037 , 0.220932957037037 
period1,sc01,t5083, 0.042180321207069 , 2.46589008295255E-02 , 0.219156875740741 , 0.219156875740741 
period1,sc01,t5084, 5.14833215299685E-02 , 2.53323677504394E-02 , 0.212523329037037 , 0.212523329037037 
period1,sc01,t5085, 3.06706754838158E-02 , 2.54753335676625E-02 , 0.190363997777778 , 0.190363997777778 
period1,sc01,t5086, 3.07325416127427E-02 , 2.56398421792618E-02 , 0.220078622037037 , 0.220078622037037 
period1,sc01,t5087, 3.61687432986627E-02 , 2.56970477300613E-02 , 0.214483201030043 , 0.214483201030043 
period1,sc01,t5088, 3.59351395947974E-02 , 2.24285159550374E-02 , 0.174716424945295 , 0.174716424945295 
period1,sc01,t5089, 3.35528369892834E-02 , 2.07802806191117E-02 , 0.180195461625514 , 0.180195461625514 
period1,sc01,t5090, 2.96430751312892E-02 , 2.95012895299494E-02 , 0.180118928653405 , 0.180118928653405 
period1,sc01,t5091, 3.29779367885478E-02 , 2.94128809380098E-02 , 0.182983 , 0.182983 
period1,sc01,t5092, 3.72553791382028E-02 , 2.12517275220209E-02 , 0.182425125 , 0.182425125 
period1,sc01,t5093, 5.15731912650603E-02 , 2.12213606161532E-02 , 0.179742350318471 , 0.179742350318471 
period1,sc01,t5094, 5.26398438282946E-02 , 0.020549184201419 , 0.178671980761317 , 0.178671980761317 
period1,sc01,t5095, 5.59449070889629E-02 , 1.43114230007204E-02 , 0.182611083333334 , 0.182611083333334 
period1,sc01,t5096, 5.83439256548537E-02 , 1.48634821508046E-02 , 0.179542541255144 , 0.179542541255144 
period1,sc01,t5097, 5.92593193703767E-02 , 1.44544482391971E-02 , 0.179397447839506 , 0.179397447839506 
period1,sc01,t5098, 0.07355383250774 , 1.44475957683742E-02 , 0.180753336625514 , 0.180753336625514 
period1,sc01,t5099, 6.60357009226038E-02 , 1.43633707191781E-02 , 0.177218750823045 , 0.177218750823045 
period1,sc01,t5100, 6.66187011869946E-02 , 1.52455256291946E-02 , 0.191573815843621 , 0.191573815843621 
period1,sc01,t5101, 6.62830185091277E-02 , 1.58872820711604E-02 , 0.213326808436214 , 0.213326808436214 
period1,sc01,t5102, 6.56572661656764E-02 , 1.58508613105925E-02 , 0.207466136419753 , 0.207466136419753 
period1,sc01,t5103, 6.26326389267611E-02 , 1.51639657662804E-02 , 0.187870260493827 , 0.187870260493827 
period1,sc01,t5104, 6.39381912921839E-02 , 1.35893213554987E-02 , 0.18596935308642 , 0.18596935308642 
period1,sc01,t5105, 5.95488750657779E-02 , 1.48321507279462E-02 , 0.18870959835391 , 0.18870959835391 
period1,sc01,t5106, 6.59032550245529E-02 , 1.46611252253814E-02 , 0.177960288374486 , 0.177960288374486 
period1,sc01,t5107, 0.068441772974153 , 0.015005109093296 , 0.179641719032922 , 0.179641719032922 
period1,sc01,t5108, 6.75229768453735E-02 , 1.51811208298408E-02 , 0.178952525308642 , 0.178952525308642 
period1,sc01,t5109, 3.97847363472437E-02 , 2.04080465682016E-02 , 0.180134393827161 , 0.180134393827161 
period1,sc01,t5110, 5.34324125959811E-02 , 1.96049598673879E-02 , 0.180223011008231 , 0.180223011008231 
period1,sc01,t5111, 4.10326387239098E-02 , 0.036627095796349 , 0.177252728395062 , 0.177252728395062 
period1,sc01,t5112, 4.08538491658154E-02 , 3.72368107349588E-02 , 0.162949899283878 , 0.162949899283878 
period1,sc01,t5113, 4.36581359737991E-02 , 3.65886574821853E-02 , 0.151530739258312 , 0.151530739258312 
period1,sc01,t5114, 3.67173113737304E-02 , 3.63653098736547E-02 , 0.151982120370371 , 0.151982120370371 
period1,sc01,t5115, 3.08351219197207E-02 , 3.95123191617234E-02 , 0.162659279667721 , 0.162659279667721 
period1,sc01,t5116, 3.07955685454227E-02 , 3.70078156018442E-02 , 0.152392536015779 , 0.152392536015779 
period1,sc01,t5117, 4.90217843373494E-02 , 3.69755427654321E-02 , 0.162004375242154 , 0.162004375242154 
period1,sc01,t5118, 4.87481349397591E-02 , 3.69243851244344E-02 , 0.164788048076923 , 0.164788048076923 
period1,sc01,t5119, 0.049284558110517 , 3.66355921768111E-02 , 0.164696488714614 , 0.164696488714614 
period1,sc01,t5120, 8.77487448087432E-02 , 2.85922972684086E-02 , 0.163546703154952 , 0.163546703154952 
period1,sc01,t5121, 7.18187153916211E-02 , 2.83093540319837E-02 , 0.183683006648936 , 0.183683006648936 
period1,sc01,t5122, 0.058842523420267 , 2.87845026284349E-02 , 0.187334040187617 , 0.187334040187617 
period1,sc01,t5123, 0.0559825 , 2.90747760925231E-02 , 0.182743988857939 , 0.182743988857939 
period1,sc01,t5124, 4.88731792223572E-02 , 2.89200329702628E-02 , 0.165132910220995 , 0.165132910220995 
period1,sc01,t5125, 0.0559825 , 3.01257167768883E-02 , 0.164757982215288 , 0.164757982215288 
period1,sc01,t5126, 4.86997868403016E-02 , 2.95815510630882E-02 , 0.168667881790592 , 0.168667881790592 
period1,sc01,t5127, 4.91387878761524E-02 , 3.84132610689656E-02 , 0.162043407363421 , 0.162043407363421 
period1,sc01,t5128, 0.063621827298515 , 3.74905012190844E-02 , 0.154936689786892 , 0.154936689786892 
period1,sc01,t5129, 9.63667209771529E-02 , 2.86880393111639E-02 , 0.156694949697214 , 0.156694949697214 
period1,sc01,t5130, 7.47898258645277E-02 , 3.73811089984214E-02 , 0.167594556831275 , 0.167594556831275 
period1,sc01,t5131, 0.098398156626506 , 3.78854523066129E-02 , 0.16823495943662 , 0.16823495943662 
period1,sc01,t5132, 7.05542654826958E-02 , 3.76470283283635E-02 , 0.164936709717314 , 0.164936709717314 
period1,sc01,t5133, 6.42842423286468E-02 , 3.82295369935099E-02 , 0.176454383729433 , 0.176454383729433 
period1,sc01,t5134, 0.073200316344464 , 3.78728830029819E-02 , 0.166707839876936 , 0.166707839876936 
period1,sc01,t5135, 3.99256564147628E-02 , 0.037846981472684 , 0.175803801116487 , 0.175803801116487 
period1,sc01,t5136, 0.0359883844 , 0.061391058857645 , 0.1548316 , 0.1548316 
period1,sc01,t5137, 0.03500970976 , 8.89098231565657E-02 , 0.156663916111111 , 0.156663916111111 
period1,sc01,t5138, 2.57183680549932E-02 , 7.34246939665472E-02 , 0.157484992777778 , 0.157484992777778 
period1,sc01,t5139, 2.55945144978166E-02 , 7.23250381384248E-02 , 0.174703873569959 , 0.174703873569959 
period1,sc01,t5140, 0.033795766809816 , 7.63723359093268E-02 , 0.157059710082304 , 0.157059710082304 
period1,sc01,t5141, 3.77219979217604E-02 , 9.07273695840989E-02 , 0.173909751440329 , 0.173909751440329 
period1,sc01,t5142, 4.24411424595582E-02 , 0.076948404379355 , 0.17867402345679 , 0.17867402345679 
period1,sc01,t5143, 0.047677954577823 , 0.075340082933754 , 0.159847316049382 , 0.159847316049382 
period1,sc01,t5144, 0.0475100856 , 7.03167893163861E-02 , 0.144493091883408 , 0.144493091883408 
period1,sc01,t5145, 0.0559825 , 3.65993326139503E-02 , 0.163395178189301 , 0.163395178189301 
period1,sc01,t5146, 5.98483745275267E-02 , 3.66180038461538E-02 , 0.151320446457399 , 0.151320446457399 
period1,sc01,t5147, 0.0559825 , 3.65868433589654E-02 , 0.155675955774648 , 0.155675955774648 
period1,sc01,t5148, 0.0559825 , 0.101024747822374 , 0.15906425310436 , 0.15906425310436 
period1,sc01,t5149, 0.0559825 , 0.104289493890909 , 0.188239853541077 , 0.188239853541077 
period1,sc01,t5150, 6.26613818939394E-02 , 0.111026017750043 , 0.185922164447592 , 0.185922164447592 
period1,sc01,t5151, 0.0559825 , 0.107456186299948 , 0.169145539093485 , 0.169145539093485 
period1,sc01,t5152, 5.26636357493857E-02 , 7.01237823626279E-02 , 0.152642852098766 , 0.152642852098766 
period1,sc01,t5153, 5.21022647118817E-02 , 7.26985543822328E-02 , 0.178895188888889 , 0.178895188888889 
period1,sc01,t5154, 4.79480080498946E-02 , 5.24954494463972E-02 , 0.148448081069959 , 0.148448081069959 
period1,sc01,t5155, 4.99057499616369E-02 , 5.98733848014441E-02 , 0.148305245061729 , 0.148305245061729 
period1,sc01,t5156, 4.88051302724077E-02 , 7.04753755360281E-02 , 0.143733939058296 , 0.143733939058296 
period1,sc01,t5157, 2.99954196642685E-02 , 7.07423992706502E-02 , 0.146979173991769 , 0.146979173991769 
period1,sc01,t5158, 3.10666012912605E-02 , 6.01150998555957E-02 , 0.156397135308642 , 0.156397135308642 
period1,sc01,t5159, 3.35280943142421E-02 , 7.62433331501536E-02 , 0.160479480576131 , 0.160479480576131 
period1,sc01,t5160, 2.93876022359155E-02 , 4.11385415900234E-02 , 0.145858602469136 , 0.145858602469136 
period1,sc01,t5161, 3.31725127022059E-02 , 0.041187238189967 , 0.145225114085057 , 0.145225114085057 
period1,sc01,t5162, 2.92725363998302E-02 , 4.48212388674981E-02 , 0.1679475 , 0.1679475 
period1,sc01,t5163, 0.02924514375 , 0.044786 , 0.17307319809886 , 0.17307319809886 
period1,sc01,t5164, 2.93596242919149E-02 , 4.60198641399875E-02 , 0.190297716278181 , 0.190297716278181 
period1,sc01,t5165, 3.09039746659223E-02 , 8.45222039678791E-02 , 0.180213729299363 , 0.180213729299363 
period1,sc01,t5166, 4.37574568453427E-02 , 6.16933837629677E-02 , 0.159055019653179 , 0.159055019653179 
period1,sc01,t5167, 4.44052402899824E-02 , 5.74783058729893E-02 , 0.15216181728395 , 0.15216181728395 
period1,sc01,t5168, 0.0559825 , 0.049770493211229 , 0.143379848095824 , 0.143379848095824 
period1,sc01,t5169, 4.32121931985941E-02 , 3.23839381075233E-02 , 0.152244293559671 , 0.152244293559671 
period1,sc01,t5170, 0.0559825 , 3.23484054743284E-02 , 0.15429907959596 , 0.15429907959596 
period1,sc01,t5171, 0.0559825 , 3.24082637016848E-02 , 0.169161212737127 , 0.169161212737127 
period1,sc01,t5172, 5.96172779399142E-02 , 3.39429750418481E-02 , 0.165849290417342 , 0.165849290417342 
period1,sc01,t5173, 5.99120976274165E-02 , 4.12455236900781E-02 , 0.176628646796431 , 0.176628646796431 
period1,sc01,t5174, 5.98884846221441E-02 , 4.97034621646144E-02 , 0.185463881905524 , 0.185463881905524 
period1,sc01,t5175, 5.11368751880493E-02 , 3.43578766746988E-02 , 0.183758929247224 , 0.183758929247224 
period1,sc01,t5176, 4.55986809314587E-02 , 3.28591680940116E-02 , 0.188804045985401 , 0.188804045985401 
period1,sc01,t5177, 4.52891537873462E-02 , 3.43598766639936E-02 , 0.191426693409742 , 0.191426693409742 
period1,sc01,t5178, 4.41710779876977E-02 , 3.39946434124259E-02 , 0.17516423593496 , 0.17516423593496 
period1,sc01,t5179, 4.53745541564148E-02 , 3.73374577705451E-02 , 0.150330693601313 , 0.150330693601313 
period1,sc01,t5180, 4.36781565026362E-02 , 4.79865494101898E-02 , 0.149004530813476 , 0.149004530813476 
period1,sc01,t5181, 4.26565988620387E-02 , 4.56687395900721E-02 , 0.1585772163106 , 0.1585772163106 
period1,sc01,t5182, 4.37206241599439E-02 , 5.82424533903453E-02 , 0.15881624244865 , 0.15881624244865 
period1,sc01,t5183, 4.48175133278145E-02 , 4.53251887950204E-02 , 0.164574928953771 , 0.164574928953771 
period1,sc01,t5184, 5.57050140744518E-02 , 8.82990227388427E-02 , 0.285595652369668 , 0.285595652369668 
period1,sc01,t5185, 5.44551652644231E-02 , 0.162354820271454 , 0.315887217592592 , 0.315887217592592 
period1,sc01,t5186, 6.43294250606796E-02 , 0.113380650737705 , 0.2911194140625 , 0.2911194140625 
period1,sc01,t5187, 0.065305218083261 , 0.10792552306867 , 0.276970737037037 , 0.276970737037037 
period1,sc01,t5188, 5.22340297717843E-02 , 0.107916642680921 , 0.291873031908549 , 0.291873031908549 
period1,sc01,t5189, 9.11026937269373E-02 , 0.113371762370541 , 0.287768062037038 , 0.287768062037038 
period1,sc01,t5190, 0.105763008152268 , 0.111055409443888 , 0.286889568518519 , 0.286889568518519 
period1,sc01,t5191, 0.063858349009901 , 0.130652788307421 , 0.276559331481481 , 0.276559331481481 
period1,sc01,t5192, 0.107827494776249 , 0.108092927502453 , 0.278355894444444 , 0.278355894444444 
period1,sc01,t5193, 9.39582163920208E-02 , 0.147050723158604 , 0.286554093518519 , 0.286554093518519 
period1,sc01,t5194, 0.127641271384136 , 0.208615815086432 , 0.290019287962963 , 0.290019287962963 
period1,sc01,t5195, 0.127216457971894 , 0.306286087088917 , 0.316595159488013 , 0.316595159488013 
period1,sc01,t5196, 0.160112622699387 , 0.209888383070866 , 0.309698578910615 , 0.309698578910615 
period1,sc01,t5197, 0.160572242647059 , 0.143356489007155 , 0.316095635462963 , 0.316095635462963 
period1,sc01,t5198, 0.10946748601083 , 0.167127190251572 , 0.31452460925926 , 0.31452460925926 
period1,sc01,t5199, 0.109075523457863 , 0.143908316546762 , 0.308939801851852 , 0.308939801851852 
period1,sc01,t5200, 6.98870233939764E-02 , 0.164369053149607 , 0.309425297222222 , 0.309425297222222 
period1,sc01,t5201, 8.51815941597139E-02 , 0.154224586532751 , 0.310332322222222 , 0.310332322222222 
period1,sc01,t5202, 3.69648094405595E-02 , 9.29555997008973E-02 , 0.253098849785408 , 0.253098849785408 
period1,sc01,t5203, 5.84577648434842E-02 , 8.81267576530612E-02 , 0.199480442060086 , 0.199480442060086 
period1,sc01,t5204, 0.0574384453125 , 9.52817153167602E-02 , 0.197934233465666 , 0.197934233465666 
period1,sc01,t5205, 4.96973217542696E-02 , 9.82303492546883E-02 , 0.17892 , 0.17892 
period1,sc01,t5206, 8.20007580068282E-02 , 0.111085768758085 , 0.190866407407407 , 0.190866407407407 
period1,sc01,t5207, 8.49259649122806E-02 , 9.91588883834281E-02 , 0.24204113304721 , 0.24204113304721 
period1,sc01,t5208, 0.05769375 , 8.24338723323811E-02 , 0.191634916666666 , 0.191634916666666 
period1,sc01,t5209, 5.22940481052085E-02 , 5.93793656786427E-02 , 0.218088520309013 , 0.218088520309013 
period1,sc01,t5210, 5.62068922503467E-02 , 7.23663376709828E-02 , 0.197089322360515 , 0.197089322360515 
period1,sc01,t5211, 5.59951188559685E-02 , 6.25901333757638E-02 , 0.201743458312758 , 0.201743458312758 
period1,sc01,t5212, 5.78155571652447E-02 , 8.43533241060527E-02 , 0.210358898839506 , 0.210358898839506 
period1,sc01,t5213, 5.93283183403068E-02 , 9.30369539921354E-02 , 0.197872450617284 , 0.197872450617284 
period1,sc01,t5214, 4.79908403002588E-02 , 9.03425579234973E-02 , 0.20073329037037 , 0.20073329037037 
period1,sc01,t5215, 5.21369329991646E-02 , 7.15794115929801E-02 , 0.214711035226338 , 0.214711035226338 
period1,sc01,t5216, 4.53719887421703E-02 , 8.90980244047619E-02 , 0.216918507366255 , 0.216918507366255 
period1,sc01,t5217, 5.22204515481171E-02 , 8.30736206788597E-02 , 0.213654428065843 , 0.213654428065843 
period1,sc01,t5218, 5.23514303625889E-02 , 8.24859111609367E-02 , 0.215931329135803 , 0.215931329135803 
period1,sc01,t5219, 0.08233354102649 , 0.107906300153925 , 0.21558135665236 , 0.21558135665236 
period1,sc01,t5220, 8.35671925150703E-02 , 8.33285813471503E-02 , 0.248673193201717 , 0.248673193201717 
period1,sc01,t5221, 9.10706668470241E-02 , 8.28336884326859E-02 , 0.248740614824034 , 0.248740614824034 
period1,sc01,t5222, 8.14133871874461E-02 , 0.11326750111227 , 0.245943018683128 , 0.245943018683128 
period1,sc01,t5223, 5.80330547838166E-02 , 0.107778691798711 , 0.237518607072961 , 0.237518607072961 
period1,sc01,t5224, 5.25209886344068E-02 , 0.177438761365616 , 0.230084715390947 , 0.230084715390947 
period1,sc01,t5225, 0.054174398756812 , 0.070234578519036 , 0.229397782798354 , 0.229397782798354 
period1,sc01,t5226, 4.50344293217772E-02 , 4.31543319121318E-02 , 0.197839345432099 , 0.197839345432099 
period1,sc01,t5227, 4.48381478090255E-02 , 3.95424733737987E-02 , 0.200796741975309 , 0.200796741975309 
period1,sc01,t5228, 4.57841397831527E-02 , 3.38933852240068E-02 , 0.214059335107297 , 0.214059335107297 
period1,sc01,t5229, 2.98847560473494E-02 , 4.29119186728293E-02 , 0.198030635622317 , 0.198030635622317 
period1,sc01,t5230, 0.029846794772344 , 0.043183948664141 , 0.196137646954732 , 0.196137646954732 
period1,sc01,t5231, 4.02518643321661E-02 , 4.70866238223684E-02 , 0.199417359259259 , 0.199417359259259 
period1,sc01,t5232, 8.98975006937218E-02 , 8.41422511509401E-02 , 0.252424738065843 , 0.252424738065843 
period1,sc01,t5233, 7.74515518720749E-02 , 0.11713621443761 , 0.262225285198555 , 0.262225285198555 
period1,sc01,t5234, 7.75136663915914E-02 , 8.56577771798365E-02 , 0.261353736770954 , 0.261353736770954 
period1,sc01,t5235, 7.89440324836938E-02 , 8.90222085925548E-02 , 0.26249939373297 , 0.26249939373297 
period1,sc01,t5236, 7.17848015923009E-02 , 0.088373657445181 , 0.261911779554263 , 0.261911779554263 
period1,sc01,t5237, 8.32857429407772E-02 , 0.088103427800442 , 0.266633760182025 , 0.266633760182025 
period1,sc01,t5238, 7.77449239298607E-02 , 8.98168333479789E-02 , 0.258980674082568 , 0.258980674082568 
period1,sc01,t5239, 6.98213555360282E-02 , 8.54663289455184E-02 , 0.259956478336556 , 0.259956478336556 
period1,sc01,t5240, 0.069909937881164 , 8.49122599121266E-02 , 0.264843599924185 , 0.264843599924185 
period1,sc01,t5241, 7.20327872248561E-02 , 8.68148378700361E-02 , 0.264999776724791 , 0.264999776724791 
period1,sc01,t5242, 7.16539051605109E-02 , 0.117575180351494 , 0.263575512206217 , 0.263575512206217 
period1,sc01,t5243, 9.38215080434427E-02 , 0.122401109826889 , 0.266554754435179 , 0.266554754435179 
period1,sc01,t5244, 8.01325261739793E-02 , 0.115628461950791 , 0.250116661288483 , 0.250116661288483 
period1,sc01,t5245, 7.40809869656747E-02 , 9.90191801845343E-02 , 0.250107029232284 , 0.250107029232284 
period1,sc01,t5246, 0.078273466142355 , 0.134582108963094 , 0.266785916829746 , 0.266785916829746 
period1,sc01,t5247, 6.14756907205624E-02 , 0.114848908857645 , 0.267213982097792 , 0.267213982097792 
period1,sc01,t5248, 5.28058495173042E-02 , 0.132416793014059 , 0.26746877993026 , 0.26746877993026 
period1,sc01,t5249, 6.95523634247057E-02 , 9.28901850175746E-02 , 0.237270655214369 , 0.237270655214369 
period1,sc01,t5250, 5.93853393673111E-02 , 8.63100249736379E-02 , 0.227613389481707 , 0.227613389481707 
period1,sc01,t5251, 7.28789666080844E-02 , 5.78490076805054E-02 , 0.227842754876067 , 0.227842754876067 
period1,sc01,t5252, 8.92491880492092E-02 , 4.73497909882671E-02 , 0.227815198438126 , 0.227815198438126 
period1,sc01,t5253, 6.65523289748954E-02 , 5.50111303068592E-02 , 0.231776063468486 , 0.231776063468486 
period1,sc01,t5254, 7.35445966481417E-02 , 9.26267267662566E-02 , 0.244193205246913 , 0.244193205246913 
period1,sc01,t5255, 7.44858093313121E-02 , 8.25600858411704E-02 , 0.212015862360515 , 0.212015862360515 
period1,sc01,t5256, 5.09748261261261E-02 , 6.50303355187446E-02 , 0.227157549618321 , 0.227157549618321 
period1,sc01,t5257, 4.84969522762546E-02 , 9.66827059402461E-02 , 0.191246285185185 , 0.191246285185185 
period1,sc01,t5258, 4.88160863356766E-02 , 6.12456784512362E-02 , 0.211198293209876 , 0.211198293209876 
period1,sc01,t5259, 4.87865753514939E-02 , 6.84215927281369E-02 , 0.196525933583691 , 0.196525933583691 
period1,sc01,t5260, 5.30666517574693E-02 , 7.66989999362753E-02 , 0.194602331790124 , 0.194602331790124 
period1,sc01,t5261, 0.054666475 , 6.84111460015711E-02 , 0.216869251851851 , 0.216869251851851 
period1,sc01,t5262, 4.84816285149385E-02 , 6.04137600890208E-02 , 0.199810308024691 , 0.199810308024691 
period1,sc01,t5263, 4.80470300878734E-02 , 5.12326424604569E-02 , 0.207987083690987 , 0.207987083690987 
period1,sc01,t5264, 4.72903684534271E-02 , 3.53467954034296E-02 , 0.202557991416309 , 0.202557991416309 
period1,sc01,t5265, 5.34792153163444E-02 , 2.91517371353251E-02 , 0.214381881759656 , 0.214381881759656 
period1,sc01,t5266, 5.36757584710017E-02 , 8.65019359701493E-02 , 0.216416590236052 , 0.216416590236052 
period1,sc01,t5267, 7.13049353731344E-02 , 8.71439287635379E-02 , 0.219750917703862 , 0.219750917703862 
period1,sc01,t5268, 6.37984422492402E-02 , 8.87985514059754E-02 , 0.214439630740741 , 0.214439630740741 
period1,sc01,t5269, 0.061211809205903 , 6.14851518453427E-02 , 0.221850113333334 , 0.221850113333334 
period1,sc01,t5270, 5.48424297786366E-02 , 8.81493097539543E-02 , 0.221259522839506 , 0.221259522839506 
period1,sc01,t5271, 5.53599092538672E-02 , 6.46554185061512E-02 , 0.220222995061728 , 0.220222995061728 
period1,sc01,t5272, 0.055672825577798 , 6.87676757820738E-02 , 0.220803450617283 , 0.220803450617283 
period1,sc01,t5273, 5.49695200175747E-02 , 4.60710532829526E-02 , 0.220706708024691 , 0.220706708024691 
period1,sc01,t5274, 0.060296350136612 , 3.47554795518453E-02 , 0.226304418703704 , 0.226304418703704 
period1,sc01,t5275, 5.31414129173989E-02 , 5.85025750439368E-02 , 0.208618876287553 , 0.208618876287553 
period1,sc01,t5276, 5.70445356854131E-02 , 4.76173501581723E-02 , 0.206300701931331 , 0.206300701931331 
period1,sc01,t5277, 5.40615654042179E-02 , 4.84198915360281E-02 , 0.219574592317596 , 0.219574592317596 
period1,sc01,t5278, 5.47633366080844E-02 , 5.68352443537906E-02 , 0.2152548605794 , 0.2152548605794 
period1,sc01,t5279, 5.09247574886996E-02 , 0.068565889107413 , 0.218998051545064 , 0.218998051545064 
period1,sc01,t5280, 6.48062026188836E-02 , 6.41004746829498E-02 , 0.187194613271605 , 0.187194613271605 
period1,sc01,t5281, 6.41705421686747E-02 , 0.083032917293233 , 0.192056900000001 , 0.192056900000001 
period1,sc01,t5282, 5.17904832337434E-02 , 6.46803776835679E-02 , 0.184756244744149 , 0.184756244744149 
period1,sc01,t5283, 4.31189876625659E-02 , 6.20957708394098E-02 , 0.22356 , 0.22356 
period1,sc01,t5284, 4.08349239344263E-02 , 0.063018207028754 , 0.2098566 , 0.2098566 
period1,sc01,t5285, 4.74625209836065E-02 , 7.11310437375745E-02 , 0.2193027 , 0.2193027 
period1,sc01,t5286, 4.50411096393443E-02 , 4.81495016424214E-02 , 0.22356 , 0.22356 
period1,sc01,t5287, 7.64013353251319E-02 , 0.052444797480168 , 0.231655278026906 , 0.231655278026906 
period1,sc01,t5288, 0.109729848717047 , 4.11740868248359E-02 , 0.2279231 , 0.2279231 
period1,sc01,t5289, 0.112829263926145 , 4.13698890698811E-02 , 0.234301907623318 , 0.234301907623318 
period1,sc01,t5290, 5.40830917219699E-02 , 6.32207935277263E-02 , 0.208033607623318 , 0.208033607623318 
period1,sc01,t5291, 6.88776445428231E-02 , 8.01699275118004E-02 , 0.2022528 , 0.2022528 
period1,sc01,t5292, 6.82988963675568E-02 , 7.90339421446384E-02 , 0.21602336 , 0.21602336 
period1,sc01,t5293, 5.90392885413006E-02 , 7.91916227419355E-02 , 0.226906347634069 , 0.226906347634069 
period1,sc01,t5294, 5.52279637961336E-02 , 8.59365580645162E-02 , 0.226894046017699 , 0.226894046017699 
period1,sc01,t5295, 6.09475659428571E-02 , 6.88981272480489E-02 , 0.20632472 , 0.20632472 
period1,sc01,t5296, 5.95605245418848E-02 , 7.87401290322581E-02 , 0.20671388 , 0.20671388 
period1,sc01,t5297, 5.71295989455185E-02 , 6.45177737903226E-02 , 0.203299248430493 , 0.203299248430493 
period1,sc01,t5298, 6.63012380655738E-02 , 4.21830362903226E-02 , 0.197875662780269 , 0.197875662780269 
period1,sc01,t5299, 5.53686219332162E-02 , 4.25373818869283E-02 , 0.202294230941704 , 0.202294230941704 
period1,sc01,t5300, 5.54994575746924E-02 , 4.87080243068059E-02 , 0.206101267264573 , 0.206101267264573 
period1,sc01,t5301, 5.21351551666105E-02 , 0.0486 , 0.202404507174888 , 0.202404507174888 
period1,sc01,t5302, 5.52915891918367E-02 , 5.55336604477612E-02 , 0.21476296412556 , 0.21476296412556 
period1,sc01,t5303, 5.15250916202946E-02 , 6.44524144697721E-02 , 0.200667155246637 , 0.200667155246637 
period1,sc01,t5304, 5.27064141176471E-02 , 5.25857124780316E-02 , 0.18840818 , 0.18840818 
period1,sc01,t5305, 3.72109556192426E-02 , 8.61236414762742E-02 , 0.1884597 , 0.1884597 
period1,sc01,t5306, 0.036180966115993 , 0.05589 , 0.19993532 , 0.19993532 
period1,sc01,t5307, 2.94156979782271E-02 , 0.052274323980031 , 0.2169222 , 0.2169222 
period1,sc01,t5308, 2.90046311810193E-02 , 5.85450667014613E-02 , 0.219579696958175 , 0.219579696958175 
period1,sc01,t5309, 4.64817481967213E-02 , 5.89743527791943E-02 , 0.219746353391685 , 0.219746353391685 
period1,sc01,t5310, 4.70025737704919E-02 , 5.22380095890411E-02 , 0.22009252 , 0.22009252 
period1,sc01,t5311, 5.28114688524591E-02 , 5.99256981923822E-02 , 0.22007136 , 0.22007136 
period1,sc01,t5312, 7.12512044288224E-02 , 6.87025164016038E-02 , 0.2281945 , 0.2281945 
period1,sc01,t5313, 8.70601182073814E-02 , 0.141192648491855 , 0.22834308 , 0.22834308 
period1,sc01,t5314, 8.62963077714874E-02 , 0.172107023721666 , 0.22824556 , 0.22824556 
period1,sc01,t5315, 9.19556174269605E-02 , 0.199298435852372 , 0.236693 , 0.236693 
period1,sc01,t5316, 0.103990760984183 , 0.228141801300527 , 0.31814934 , 0.31814934 
period1,sc01,t5317, 9.37018062818038E-02 , 0.191091607003891 , 0.32268816 , 0.32268816 
period1,sc01,t5318, 9.37865767409226E-02 , 0.170471931140657 , 0.288929746008968 , 0.288929746008968 
period1,sc01,t5319, 0.148257052941177 , 0.291909356714335 , 0.228464786098655 , 0.228464786098655 
period1,sc01,t5320, 7.12529246336358E-02 , 0.100022590817231 , 0.228436041034791 , 0.228436041034791 
period1,sc01,t5321, 5.44338009178991E-02 , 7.71340934973638E-02 , 0.212858192825112 , 0.212858192825112 
period1,sc01,t5322, 3.45851826468011E-02 , 5.53127712231986E-02 , 0.171060492914798 , 0.171060492914798 
period1,sc01,t5323, 3.89049405975395E-02 , 3.69428864620939E-02 , 0.19512786 , 0.19512786 
period1,sc01,t5324, 0.05589 , 0.046554700175747 , 0.21782196 , 0.21782196 
period1,sc01,t5325, 3.01951766643789E-02 , 4.66370912688928E-02 , 0.22343212 , 0.22343212 
period1,sc01,t5326, 0.029167970899743 , 4.75003511177505E-02 , 0.19467246 , 0.19467246 
period1,sc01,t5327, 3.04776874180328E-02 , 4.55292316344464E-02 , 0.2104155 , 0.2104155 
period1,sc01,t5328, 9.53342488569563E-02 , 8.59946413899614E-02 , 0.22821336 , 0.22821336 
period1,sc01,t5329, 6.69123858235594E-02 , 9.71758194103194E-02 , 0.218900684853853 , 0.218900684853853 
period1,sc01,t5330, 7.89375036906855E-02 , 7.17567178378378E-02 , 0.217785535426009 , 0.217785535426009 
period1,sc01,t5331, 4.88345210509666E-02 , 7.14114514285714E-02 , 0.244941917142857 , 0.244941917142857 
period1,sc01,t5332, 7.29123848857645E-02 , 8.07315257985258E-02 , 0.21942368 , 0.21942368 
period1,sc01,t5333, 0.05589 , 7.31693675043876E-02 , 0.24376872 , 0.24376872 
period1,sc01,t5334, 0.05589 , 7.51018392909793E-02 , 0.230446199999999 , 0.230446199999999 
period1,sc01,t5335, 0.05589 , 6.70185837451737E-02 , 0.23588064 , 0.23588064 
period1,sc01,t5336, 7.55912487506375E-02 , 7.00251283257283E-02 , 0.2327991 , 0.2327991 
period1,sc01,t5337, 7.36097820738137E-02 , 7.02899633555634E-02 , 0.218680777937219 , 0.218680777937219 
period1,sc01,t5338, 9.17523243585237E-02 , 8.55130732186732E-02 , 0.215812593363229 , 0.215812593363229 
period1,sc01,t5339, 9.57368244589489E-02 , 9.49327647946648E-02 , 0.215916854529148 , 0.215916854529148 
period1,sc01,t5340, 8.81411820738137E-02 , 0.102193364268164 , 0.224733 , 0.224733 
period1,sc01,t5341, 0.089972108852459 , 0.112023255879256 , 0.2313041 , 0.2313041 
period1,sc01,t5342, 8.99429931147541E-02 , 0.102286743137943 , 0.2311017 , 0.2311017 
period1,sc01,t5343, 0.104648868189807 , 0.116002451246051 , 0.2155146 , 0.2155146 
period1,sc01,t5344, 7.30597223198594E-02 , 0.085164668023868 , 0.2101119 , 0.2101119 
period1,sc01,t5345, 7.30204323374341E-02 , 8.06138213408213E-02 , 0.209116319730942 , 0.209116319730942 
period1,sc01,t5346, 0.066118133310068 , 7.00710330642331E-02 , 0.204863165919283 , 0.204863165919283 
period1,sc01,t5347, 7.31979343052872E-02 , 8.27776216216217E-02 , 0.207023 , 0.207023 
period1,sc01,t5348, 7.59404638312829E-02 , 8.24912074412075E-02 , 0.206838999999999 , 0.206838999999999 
period1,sc01,t5349, 0.05589 , 0.104855054405054 , 0.211347 , 0.211347 
period1,sc01,t5350, 6.62625553602812E-02 , 0.102496060898561 , 0.206471 , 0.206471 
period1,sc01,t5351, 5.20061852372584E-02 , 0.101174828360828 , 0.203670177578476 , 0.203670177578476 
period1,sc01,t5352, 0.05589 , 0.055892824765343 , 0.207125613658537 , 0.207125613658537 
period1,sc01,t5353, 4.61504773758006E-02 , 0.107275273602812 , 0.20827187082991 , 0.20827187082991 
period1,sc01,t5354, 5.27106037158471E-02 , 6.80995910469314E-02 , 0.22001803150838 , 0.22001803150838 
period1,sc01,t5355, 3.87360987697715E-02 , 0.10134005281567 , 0.205723951111111 , 0.205723951111111 
period1,sc01,t5356, 5.87909862917399E-02 , 6.50405338530951E-02 , 0.203335580960065 , 0.203335580960065 
period1,sc01,t5357, 0.05591 , 8.17793241644702E-02 , 0.204154789794239 , 0.204154789794239 
period1,sc01,t5358, 0.05591 , 7.51679980667839E-02 , 0.205673333004115 , 0.205673333004115 
period1,sc01,t5359, 5.04931141868513E-02 , 0.05591 , 0.206742755555556 , 0.206742755555556 
period1,sc01,t5360, 7.83983754348972E-02 , 2.97533643249097E-02 , 0.206432144444444 , 0.206432144444444 
period1,sc01,t5361, 9.03920018612245E-02 , 2.91264053285198E-02 , 0.206791533004115 , 0.206791533004115 
period1,sc01,t5362, 0.068996174057844 , 8.61792220035149E-02 , 0.210674862139918 , 0.210674862139918 
period1,sc01,t5363, 8.25062060306644E-02 , 8.75205903550088E-02 , 0.205839912592593 , 0.205839912592593 
period1,sc01,t5364, 8.71574460989291E-02 , 2.98569226010544E-02 , 0.209285625185185 , 0.209285625185185 
period1,sc01,t5365, 8.70865558172232E-02 , 4.61931544122299E-02 , 0.209252493333333 , 0.209252493333333 
period1,sc01,t5366, 8.70918618629174E-02 , 7.13057863620387E-02 , 0.214263972708758 , 0.214263972708758 
period1,sc01,t5367, 7.97429359562841E-02 , 3.79559135325132E-02 , 0.206301003024274 , 0.206301003024274 
period1,sc01,t5368, 6.21829251318102E-02 , 2.84939566783831E-02 , 0.203662353601273 , 0.203662353601273 
period1,sc01,t5369, 5.38898681478783E-02 , 5.52886030931459E-02 , 0.213289977613169 , 0.213289977613169 
period1,sc01,t5370, 6.54294390158173E-02 , 0.030202798172232 , 0.211595191358024 , 0.211595191358024 
period1,sc01,t5371, 6.83054914101037E-02 , 4.03377384885764E-02 , 0.216185333333333 , 0.216185333333333 
period1,sc01,t5372, 6.89202104637336E-02 , 0.05591 , 0.208362534979424 , 0.208362534979424 
period1,sc01,t5373, 5.51575414051841E-02 , 5.96977305448154E-02 , 0.205449693004115 , 0.205449693004115 
period1,sc01,t5374, 6.27842769771529E-02 , 5.42881186994727E-02 , 0.211795362962963 , 0.211795362962963 
period1,sc01,t5375, 4.94186260670999E-02 , 5.52145542776802E-02 , 0.20325930946502 , 0.20325930946502 
period1,sc01,t5376, 3.90037288163265E-02 , 2.64221084254143E-02 , 0.175598814814815 , 0.175598814814815 
period1,sc01,t5377, 4.65875916806441E-02 , 3.11885044639719E-02 , 0.178461963948498 , 0.178461963948498 
period1,sc01,t5378, 4.49887518734623E-02 , 3.11733967664259E-02 , 0.179670288395062 , 0.179670288395062 
period1,sc01,t5379, 4.46354269244289E-02 , 3.11705723772035E-02 , 0.178554688844463 , 0.178554688844463 
period1,sc01,t5380, 0.033576 , 3.20315953632654E-02 , 0.176143656954732 , 0.176143656954732 
period1,sc01,t5381, 3.77252576983163E-02 , 3.11754420797227E-02 , 0.17988261399177 , 0.17988261399177 
period1,sc01,t5382, 0.041620656644569 , 3.12697398945519E-02 , 0.180109217448559 , 0.180109217448559 
period1,sc01,t5383, 4.18096251364313E-02 , 3.21936208084358E-02 , 0.179578633744856 , 0.179578633744856 
period1,sc01,t5384, 0.061287392 , 2.61319431282953E-02 , 0.180094479012346 , 0.180094479012346 
period1,sc01,t5385, 0.06560131456888 , 3.11582132864675E-02 , 0.183267848559671 , 0.183267848559671 
period1,sc01,t5386, 0.063645748254022 , 3.02911775043937E-02 , 0.182889768927038 , 0.182889768927038 
period1,sc01,t5387, 8.02932569420035E-02 , 3.19591592267136E-02 , 0.187740042798354 , 0.187740042798354 
period1,sc01,t5388, 9.20238104745166E-02 , 3.12148932177461E-02 , 0.192585303703704 , 0.192585303703704 
period1,sc01,t5389, 9.19033848036716E-02 , 3.11252717714286E-02 , 0.192440222222222 , 0.192440222222222 
period1,sc01,t5390, 0.092058625659051 , 0.0311316672 , 0.192564577777778 , 0.192564577777778 
period1,sc01,t5391, 8.87332837961336E-02 , 3.21821620244898E-02 , 0.186722169547325 , 0.186722169547325 
period1,sc01,t5392, 0.091885310026738 , 3.20083332161687E-02 , 0.186795861728395 , 0.186795861728395 
period1,sc01,t5393, 8.87283812917595E-02 , 3.04111620386643E-02 , 0.190264 , 0.190264 
period1,sc01,t5394, 0.077749958819845 , 3.19571922671353E-02 , 0.181655832098766 , 0.181655832098766 
period1,sc01,t5395, 7.68629519853796E-02 , 3.22117168365554E-02 , 0.187038688180112 , 0.187038688180112 
period1,sc01,t5396, 7.28756633159269E-02 , 3.21936208084358E-02 , 0.187413033744856 , 0.187413033744856 
period1,sc01,t5397, 6.32186354883082E-02 , 3.21951943760985E-02 , 0.186132632098766 , 0.186132632098766 
period1,sc01,t5398, 5.94931875326484E-02 , 3.22101432688928E-02 , 0.189048731330472 , 0.189048731330472 
period1,sc01,t5399, 3.06631830198447E-02 , 0.029499672970123 , 0.185363469958848 , 0.185363469958848 
period1,sc01,t5400, 1.41436354633566E-02 , 1.53713153399385E-02 , 0.196431608583691 , 0.196431608583691 
period1,sc01,t5401, 4.90130235418131E-02 , 2.68357483963093E-02 , 0.196673683476394 , 0.196673683476394 
period1,sc01,t5402, 3.86920653805682E-02 , 3.06735614285715E-02 , 0.179725285493827 , 0.179725285493827 
period1,sc01,t5403, 4.92006153812368E-02 , 3.08326329270302E-02 , 0.176367512339056 , 0.176367512339056 
period1,sc01,t5404, 5.91924471959213E-02 , 3.30728337959183E-02 , 0.176109405364807 , 0.176109405364807 
period1,sc01,t5405, 6.95677845047342E-02 , 3.09713082610913E-02 , 0.174227806172839 , 0.174227806172839 
period1,sc01,t5406, 9.17095516695958E-02 , 3.08098971507992E-02 , 0.177874885288065 , 0.177874885288065 
period1,sc01,t5407, 7.70276251656495E-02 , 3.07131267135325E-02 , 0.176821121399177 , 0.176821121399177 
period1,sc01,t5408, 0.075828058305921 , 3.08536630358398E-02 , 0.199771924892704 , 0.199771924892704 
period1,sc01,t5409, 7.69842631581257E-02 , 2.95805130052724E-02 , 0.204239713519314 , 0.204239713519314 
period1,sc01,t5410, 0.126219954086116 , 2.96699298769772E-02 , 0.201373720493563 , 0.201373720493563 
period1,sc01,t5411, 0.125313441408303 , 2.92663774165203E-02 , 0.213158757201646 , 0.213158757201646 
period1,sc01,t5412, 9.18836358686182E-02 , 2.95805130052724E-02 , 0.21342965946502 , 0.21342965946502 
period1,sc01,t5413, 9.06179206942004E-02 , 3.04748213061225E-02 , 0.213140390946502 , 0.213140390946502 
period1,sc01,t5414, 9.05208563268892E-02 , 0.030544772 , 0.205736035185186 , 0.205736035185186 
period1,sc01,t5415, 9.07473398506151E-02 , 2.99146497363796E-02 , 0.20494995946502 , 0.20494995946502 
period1,sc01,t5416, 9.21850743243243E-02 , 2.93458329349736E-02 , 0.200882886266095 , 0.200882886266095 
period1,sc01,t5417, 7.79609510879102E-02 , 2.86828735017575E-02 , 0.200339856008584 , 0.200339856008584 
period1,sc01,t5418, 0.076754923218568 , 3.07303826010544E-02 , 0.202437455761317 , 0.202437455761317 
period1,sc01,t5419, 7.57356387633869E-02 , 3.08056810193321E-02 , 0.202116046296296 , 0.202116046296296 
period1,sc01,t5420, 7.57145864485982E-02 , 3.08699984182777E-02 , 0.212327703862661 , 0.212327703862661 
period1,sc01,t5421, 8.93239252196837E-02 , 3.21014413005273E-02 , 0.192239592592592 , 0.192239592592592 
period1,sc01,t5422, 7.80650844797936E-02 , 4.13690791612484E-02 , 0.202855288065843 , 0.202855288065843 
period1,sc01,t5423, 0.072571591424347 , 0.018637112314887 , 0.198644824074074 , 0.198644824074074 
period1,sc01,t5424, 1.49812206976935E-02 , 1.62797230163679E-02 , 0.212527876337449 , 0.212527876337449 
period1,sc01,t5425, 3.53553057623661E-02 , 2.39958335140463E-02 , 0.212796220987654 , 0.212796220987654 
period1,sc01,t5426, 3.06518520652728E-02 , 2.56362144586648E-02 , 0.213203466666667 , 0.213203466666667 
period1,sc01,t5427, 3.93559235149385E-02 , 0.022364 , 0.225242293168725 , 0.225242293168725 
period1,sc01,t5428, 3.97100529349736E-02 , 2.17844054128126E-02 , 0.225360095308642 , 0.225360095308642 
period1,sc01,t5429, 4.72982878383129E-02 , 2.17530414492754E-02 , 0.227074698982499 , 0.227074698982499 
period1,sc01,t5430, 4.66880925834798E-02 , 2.17700172088251E-02 , 0.21786953580247 , 0.21786953580247 
period1,sc01,t5431, 3.52966020386644E-02 , 0.021614811582626 , 0.225233089876544 , 0.225233089876544 
period1,sc01,t5432, 4.65890463971881E-02 , 2.17322266897747E-02 , 0.228416508641976 , 0.228416508641976 
period1,sc01,t5433, 5.68114382073814E-02 , 2.17323245192308E-02 , 0.224724606008584 , 0.224724606008584 
period1,sc01,t5434, 5.97533083934427E-02 , 2.17347626893617E-02 , 0.245716051502146 , 0.245716051502146 
period1,sc01,t5435, 6.48949101275046E-02 , 2.07449484410647E-02 , 0.258265806866953 , 0.258265806866953 
period1,sc01,t5436, 7.00738666666667E-02 , 3.00760234609165E-02 , 0.329149900765432 , 0.329149900765432 
period1,sc01,t5437, 5.53356240437158E-02 , 2.96939517946058E-02 , 0.324578426266094 , 0.324578426266094 
period1,sc01,t5438, 6.02806094903339E-02 , 3.00575019846547E-02 , 0.349371751759656 , 0.349371751759656 
period1,sc01,t5439, 5.57924809138841E-02 , 7.92757802311746E-02 , 0.398318677167382 , 0.398318677167382 
period1,sc01,t5440, 5.49853724077329E-02 , 2.03538563377416E-02 , 0.441250002962962 , 0.441250002962962 
period1,sc01,t5441, 4.72389598542805E-02 , 0.033623247822425 , 0.425047496480687 , 0.425047496480687 
period1,sc01,t5442, 6.61162771528998E-02 , 3.11003008665511E-02 , 0.359525688724279 , 0.359525688724279 
period1,sc01,t5443, 5.82348340949034E-02 , 5.77197546221441E-02 , 0.37777627728395 , 0.37777627728395 
period1,sc01,t5444, 9.44054098360656E-02 , 9.93790157942238E-02 , 0.43587436 , 0.43587436 
period1,sc01,t5445, 5.84519191256831E-02 , 8.73271358594025E-02 , 0.417130352532189 , 0.417130352532189 
period1,sc01,t5446, 6.22647978142076E-02 , 7.51735985322383E-02 , 0.411811943776824 , 0.411811943776824 
period1,sc01,t5447, 3.28112109314587E-02 , 2.03513345224007E-02 , 0.422095190946502 , 0.422095190946502 
period1,sc01,t5448, 3.57747983684568E-02 , 8.80365668056714E-02 , 0.371311507639485 , 0.371311507639485 
period1,sc01,t5449, 3.85777016405484E-02 , 8.99750450711649E-02 , 0.376475469957082 , 0.376475469957082 
period1,sc01,t5450, 2.87109303396809E-02 , 0.115475536162362 , 0.383664237654321 , 0.383664237654321 
period1,sc01,t5451, 0.035258381779661 , 0.0903142 , 0.384098918209877 , 0.384098918209877 
period1,sc01,t5452, 3.68903735780766E-02 , 0.123887395448955 , 0.384929641049383 , 0.384929641049383 
period1,sc01,t5453, 3.62626500395361E-02 , 0.117028866798419 , 0.375093873390558 , 0.375093873390558 
period1,sc01,t5454, 3.86647312983663E-02 , 0.123223825241923 , 0.475026959763949 , 0.475026959763949 
period1,sc01,t5455, 3.73811769204623E-02 , 0.092171011596863 , 0.438353491255145 , 0.438353491255145 
period1,sc01,t5456, 5.10779932129678E-02 , 0.102336091284484 , 0.439330917918455 , 0.439330917918455 
period1,sc01,t5457, 6.78620902447314E-02 , 7.16155446758039E-02 , 0.438530583333333 , 0.438530583333333 
period1,sc01,t5458, 4.57537434526944E-02 , 0.152917177032322 , 0.384815420064378 , 0.384815420064378 
period1,sc01,t5459, 6.72436514496573E-02 , 9.00917105956774E-02 , 0.42619375751073 , 0.42619375751073 
period1,sc01,t5460, 6.87740910121244E-02 , 0.151427381628912 , 0.45761548497854 , 0.45761548497854 
period1,sc01,t5461, 6.03626245387454E-02 , 8.78735257086168E-02 , 0.434943869098712 , 0.434943869098712 
period1,sc01,t5462, 5.78081325969263E-02 , 0.200855343813732 , 0.453367555257511 , 0.453367555257511 
period1,sc01,t5463, 6.87491866543666E-02 , 0.187086644915116 , 0.437723852467812 , 0.437723852467812 
period1,sc01,t5464, 4.45613987612019E-02 , 9.12406892461782E-02 , 0.436560528969957 , 0.436560528969957 
period1,sc01,t5465, 0.043289734284587 , 8.02753083816553E-02 , 0.442285999463519 , 0.442285999463519 
period1,sc01,t5466, 4.31644764101213E-02 , 9.24885777747699E-02 , 0.374467837446352 , 0.374467837446352 
period1,sc01,t5467, 0.042927020822351 , 5.28177724011912E-02 , 0.404558339055794 , 0.404558339055794 
period1,sc01,t5468, 4.16929656374502E-02 , 9.05371607801793E-02 , 0.376408309012876 , 0.376408309012876 
period1,sc01,t5469, 3.43539056764106E-02 , 8.44214714944649E-02 , 0.396403081545064 , 0.396403081545064 
period1,sc01,t5470, 3.46143000492288E-02 , 9.93078942189422E-02 , 0.391701815450643 , 0.391701815450643 
period1,sc01,t5471, 3.49468660348361E-02 , 7.73242483319432E-02 , 0.38864599248927 , 0.38864599248927 
period1,sc01,t5472, 8.05037790933099E-02 , 6.33426371265377E-02 , 0.348958790123457 , 0.348958790123457 
period1,sc01,t5473, 0.0558875 , 7.16803842267136E-02 , 0.346800566666667 , 0.346800566666667 
period1,sc01,t5474, 0.071524658240028 , 0.162388841564148 , 0.343857618312757 , 0.343857618312757 
period1,sc01,t5475, 5.67815435619314E-02 , 0.06822302043058 , 0.363666172222223 , 0.363666172222223 
period1,sc01,t5476, 8.70861065140845E-02 , 0.104054863796134 , 0.358904005246914 , 0.358904005246914 
period1,sc01,t5477, 8.04748514084508E-02 , 0.140475048330404 , 0.45244496090535 , 0.45244496090535 
period1,sc01,t5478, 7.99695024647887E-02 , 0.131801190465729 , 0.462983089506173 , 0.462983089506173 
period1,sc01,t5479, 7.97144665492958E-02 , 0.133990133919157 , 0.403946570370371 , 0.403946570370371 
period1,sc01,t5480, 8.41437477112676E-02 , 0.134067335281195 , 0.387765874176955 , 0.387765874176955 
period1,sc01,t5481, 7.97372938380282E-02 , 0.10843942970123 , 0.406587772222223 , 0.406587772222223 
period1,sc01,t5482, 8.03910201584508E-02 , 0.11627731271529 , 0.386398355349794 , 0.386398355349794 
period1,sc01,t5483, 7.96377196302817E-02 , 0.115892543484183 , 0.389185830658436 , 0.389185830658436 
period1,sc01,t5484, 7.94602177816901E-02 , 0.155162951230228 , 0.421198558641975 , 0.421198558641975 
period1,sc01,t5485, 8.97838591109155E-02 , 0.153166127196837 , 0.409662274691358 , 0.409662274691358 
period1,sc01,t5486, 7.95310610915494E-02 , 0.185764942530756 , 0.421350351851852 , 0.421350351851852 
period1,sc01,t5487, 8.41327276408451E-02 , 0.1629564581942 , 0.349423369341564 , 0.349423369341564 
period1,sc01,t5488, 8.70093595950704E-02 , 0.104488409358524 , 0.31017332510288 , 0.31017332510288 
period1,sc01,t5489, 6.65769683098591E-02 , 0.053510758831283 , 0.343172248971193 , 0.343172248971193 
period1,sc01,t5490, 7.89253507922535E-02 , 6.13082928383129E-02 , 0.232197613168724 , 0.232197613168724 
period1,sc01,t5491, 7.88647404049296E-02 , 6.12310914762741E-02 , 0.232137815843621 , 0.232137815843621 
period1,sc01,t5492, 7.34975725352113E-02 , 9.87509534270651E-02 , 0.2347275 , 0.2347275 
period1,sc01,t5493, 7.97459524647887E-02 , 0.0961265 , 0.2436695 , 0.2436695 
period1,sc01,t5494, 7.12416066901409E-02 , 9.87509534270651E-02 , 0.243430310699589 , 0.243430310699589 
period1,sc01,t5495, 8.12513727992958E-02 , 6.44366177504394E-02 , 0.243908689300411 , 0.243908689300411 
period1,sc01,t5496, 3.08355198040817E-02 , 2.20244640662894E-02 , 0.215369725925925 , 0.215369725925925 
period1,sc01,t5497, 0.030576642687277 , 4.44348615384616E-02 , 0.211129175617284 , 0.211129175617284 
period1,sc01,t5498, 3.25022434344722E-02 , 4.55958187170403E-02 , 0.210453465843621 , 0.210453465843621 
period1,sc01,t5499, 2.64870460649328E-02 , 2.61837174780527E-02 , 0.21375059835391 , 0.21375059835391 
period1,sc01,t5500, 5.53750791687915E-02 , 2.19582553780202E-02 , 0.227296532407408 , 0.227296532407408 
period1,sc01,t5501, 0.0558875 , 2.05738995918367E-02 , 0.227047166309013 , 0.227047166309013 
period1,sc01,t5502, 0.028580894963145 , 1.63049900327925E-02 , 0.246215486111111 , 0.246215486111111 
period1,sc01,t5503, 0.116518820582877 , 1.81383562340208E-02 , 0.33008164914163 , 0.33008164914163 
period1,sc01,t5504, 0.354128835566784 , 1.63735845199661E-02 , 0.379017991416309 , 0.379017991416309 
period1,sc01,t5505, 0.148000483469945 , 1.57620681818182E-02 , 0.376489285922746 , 0.376489285922746 
period1,sc01,t5506, 0.140538840528233 , 0.015712698974359 , 0.34561021888412 , 0.34561021888412 
period1,sc01,t5507, 0.145334608875219 , 1.57246581711065E-02 , 0.285318336934156 , 0.285318336934156 
period1,sc01,t5508, 8.04531104453511E-02 , 4.36232986111111E-02 , 0.220486537037037 , 0.220486537037037 
period1,sc01,t5509, 0.067065 , 5.98399632340091E-02 , 0.220100154320988 , 0.220100154320988 
period1,sc01,t5510, 0.067065 , 5.32955965549667E-02 , 0.220389941358025 , 0.220389941358025 
period1,sc01,t5511, 7.41357234829168E-02 , 3.70727776635363E-02 , 0.214235416666667 , 0.214235416666667 
period1,sc01,t5512, 0.0558875 , 4.06037356610499E-02 , 0.200449833333333 , 0.200449833333333 
period1,sc01,t5513, 0.0558875 , 1.79233261892963E-02 , 0.208067092592592 , 0.208067092592592 
period1,sc01,t5514, 0.0558875 , 3.01179700136379E-02 , 0.200381872854077 , 0.200381872854077 
period1,sc01,t5515, 5.89882891621129E-02 , 2.96405401224489E-02 , 0.205748796296296 , 0.205748796296296 
period1,sc01,t5516, 0.0558875 , 5.47796415929203E-02 , 0.205921288580246 , 0.205921288580246 
period1,sc01,t5517, 0.053171897891037 , 3.67321761193441E-02 , 0.203053316872428 , 0.203053316872428 
period1,sc01,t5518, 5.25126414762741E-02 , 2.88635100309901E-02 , 0.198742849691358 , 0.198742849691358 
period1,sc01,t5519, 4.45119260027544E-02 , 2.74628448780488E-02 , 0.201346112124463 , 0.201346112124463 
period1,sc01,t5520, 4.04040105448155E-02 , 2.55047465025691E-02 , 0.254998793209877 , 0.254998793209877 
period1,sc01,t5521, 4.63421387346222E-02 , 0.080569935383012 , 0.298098511111111 , 0.298098511111111 
period1,sc01,t5522, 0.044628 , 0.117736742530755 , 0.280777638376384 , 0.280777638376384 
period1,sc01,t5523, 4.33189838963093E-02 , 0.128040523749776 , 0.314964011270333 , 0.314964011270333 
period1,sc01,t5524, 4.52817335325132E-02 , 0.162833132355571 , 0.305727642891374 , 0.305727642891374 
period1,sc01,t5525, 4.49346120484041E-02 , 0.288963358787347 , 0.304576458148148 , 0.304576458148148 
period1,sc01,t5526, 4.52952699931176E-02 , 0.168136923640168 , 0.269357754629274 , 0.269357754629274 
period1,sc01,t5527, 4.53542627535037E-02 , 9.45449223694465E-02 , 0.248580714814814 , 0.248580714814814 
period1,sc01,t5528, 4.75639752142386E-02 , 9.18194015661708E-02 , 0.262575772946859 , 0.262575772946859 
period1,sc01,t5529, 4.56436795331529E-02 , 5.05416831397814E-02 , 0.315950838683788 , 0.315950838683788 
period1,sc01,t5530, 6.39172780995918E-02 , 5.29520601813685E-02 , 0.289055556 , 0.289055556 
period1,sc01,t5531, 6.80054216960897E-02 , 4.17589523183164E-02 , 0.298629315450644 , 0.298629315450644 
period1,sc01,t5532, 6.88118221224489E-02 , 0.033471 , 0.256563115879828 , 0.256563115879828 
period1,sc01,t5533, 6.09754950699534E-02 , 3.53556730731226E-02 , 0.271147027821939 , 0.271147027821939 
period1,sc01,t5534, 6.81556712323232E-02 , 3.46183691353997E-02 , 0.255940211042945 , 0.255940211042945 
period1,sc01,t5535, 7.03252274285715E-02 , 3.09187001540832E-02 , 0.289270743907311 , 0.289270743907311 
period1,sc01,t5536, 6.43156147486819E-02 , 4.04264921923405E-02 , 0.255774560112135 , 0.255774560112135 
period1,sc01,t5537, 0.0502065 , 5.80658600032959E-02 , 0.248291612961373 , 0.248291612961373 
period1,sc01,t5538, 6.25187005276595E-02 , 0.054227919902405 , 0.239612137339056 , 0.239612137339056 
period1,sc01,t5539, 6.27094936396365E-02 , 3.45213662162162E-02 , 0.206820613004292 , 0.206820613004292 
period1,sc01,t5540, 6.34781429566429E-02 , 3.46566689161554E-02 , 0.208574129484978 , 0.208574129484978 
period1,sc01,t5541, 0.05233322962052 , 3.47989162672106E-02 , 0.211670891304721 , 0.211670891304721 
period1,sc01,t5542, 0.05233322962052 , 3.49549893203883E-02 , 0.208626706248927 , 0.208626706248927 
period1,sc01,t5543, 0.044628 , 4.85837924738012E-02 , 0.212214950678111 , 0.212214950678111 
period1,sc01,t5544, 7.15779487506374E-02 , 6.65028507404521E-02 , 0.262832290123457 , 0.262832290123457 
period1,sc01,t5545, 0.056069560188457 , 0.139760516156925 , 0.259485488888889 , 0.259485488888889 
period1,sc01,t5546, 7.08178676571429E-02 , 0.137758593415505 , 0.259437275308642 , 0.259437275308642 
period1,sc01,t5547, 6.45918523965856E-02 , 0.14647523176929 , 0.242651541459227 , 0.242651541459227 
period1,sc01,t5548, 7.06737121372031E-02 , 0.146618207233047 , 0.242344097854077 , 0.242344097854077 
period1,sc01,t5549, 7.09275348571429E-02 , 0.147323124949163 , 0.25646399613734 , 0.25646399613734 
period1,sc01,t5550, 0.0640481952 , 0.100120844371173 , 0.302597297854077 , 0.302597297854077 
period1,sc01,t5551, 7.76875516490876E-02 , 8.86420880163181E-02 , 0.261135510729614 , 0.261135510729614 
period1,sc01,t5552, 0.076611288555347 , 8.99203414059754E-02 , 0.262342298712446 , 0.262342298712446 
period1,sc01,t5553, 7.91059767912519E-02 , 5.88705552914285E-02 , 0.26717902832618 , 0.26717902832618 
period1,sc01,t5554, 8.42709518393574E-02 , 7.24379505769231E-02 , 0.256260470386266 , 0.256260470386266 
period1,sc01,t5555, 8.20321192174913E-02 , 6.35988223992353E-02 , 0.280437733333333 , 0.280437733333333 
period1,sc01,t5556, 0.089685303975403 , 5.19329973795039E-02 , 0.369081844444445 , 0.369081844444445 
period1,sc01,t5557, 8.53637080789946E-02 , 4.12306505856353E-02 , 0.467078471769547 , 0.467078471769547 
period1,sc01,t5558, 8.50987597173145E-02 , 4.30661937042232E-02 , 0.448811494156379 , 0.448811494156379 
period1,sc01,t5559, 9.14291086408252E-02 , 3.49997988818139E-02 , 0.45884569304721 , 0.45884569304721 
period1,sc01,t5560, 8.65776617042775E-02 , 4.17830330349878E-02 , 0.39053 , 0.39053 
period1,sc01,t5561, 8.45870028410968E-02 , 0.033474 , 0.333104179733905 , 0.333104179733905 
period1,sc01,t5562, 0.088007842867182 , 4.22416845902766E-02 , 0.324834090420601 , 0.324834090420601 
period1,sc01,t5563, 0.084707342607429 , 3.93569707916447E-02 , 0.380593154506437 , 0.380593154506437 
period1,sc01,t5564, 8.80950760014054E-02 , 4.19520316165222E-02 , 0.350368862145923 , 0.350368862145923 
period1,sc01,t5565, 8.61068154657294E-02 , 3.77642915254237E-02 , 0.375497827467811 , 0.375497827467811 
period1,sc01,t5566, 8.76308923725835E-02 , 7.07507405272407E-02 , 0.368554007725322 , 0.368554007725322 
period1,sc01,t5567, 8.39479727634539E-02 , 0.070009954569935 , 0.381455145922747 , 0.381455145922747 
period1,sc01,t5568, 8.52253079469057E-02 , 4.57815537059621E-02 , 0.392476884737679 , 0.392476884737679 
period1,sc01,t5569, 0.082909340426648 , 5.92115634978016E-02 , 0.393628182304526 , 0.393628182304526 
period1,sc01,t5570, 8.29386558664102E-02 , 6.74491144458063E-02 , 0.393357833570863 , 0.393357833570863 
period1,sc01,t5571, 8.24840711138311E-02 , 5.92672607949571E-02 , 0.414996179700769 , 0.414996179700769 
period1,sc01,t5572, 9.20461812554642E-02 , 6.40096436529979E-02 , 0.393252973005641 , 0.393252973005641 
period1,sc01,t5573, 8.53958760272775E-02 , 6.37940095997397E-02 , 0.478428366952789 , 0.478428366952789 
period1,sc01,t5574, 8.71419644203911E-02 , 6.06296374785502E-02 , 0.544518975321889 , 0.544518975321889 
period1,sc01,t5575, 0.088730046931408 , 5.83548997618631E-02 , 0.601971141975308 , 0.601971141975308 
period1,sc01,t5576, 8.76583778007228E-02 , 5.83548997618631E-02 , 0.644172366255144 , 0.644172366255144 
period1,sc01,t5577, 0.097466096672326 , 0.040022701803537 , 0.601495291845493 , 0.601495291845493 
period1,sc01,t5578, 9.74817119652173E-02 , 4.21424439339799E-02 , 0.55530262167382 , 0.55530262167382 
period1,sc01,t5579, 9.74697912323514E-02 , 4.22090772357723E-02 , 0.690068899917696 , 0.690068899917696 
period1,sc01,t5580, 0.104654330529172 , 0.037705996418532 , 0.706312806584362 , 0.706312806584362 
period1,sc01,t5581, 0.104428807994557 , 3.79846046153846E-02 , 0.653974424892704 , 0.653974424892704 
period1,sc01,t5582, 0.104382900052457 , 4.00543242886178E-02 , 0.70879658436214 , 0.70879658436214 
period1,sc01,t5583, 9.98946759986343E-02 , 4.00427936706801E-02 , 0.642941334763949 , 0.642941334763949 
period1,sc01,t5584, 9.99273492676202E-02 , 3.97252994579946E-02 , 0.681394052360515 , 0.681394052360515 
period1,sc01,t5585, 9.99634503412073E-02 , 4.85047746454211E-02 , 0.73811068164609 , 0.73811068164609 
period1,sc01,t5586, 0.25518643308462 , 4.30403939485204E-02 , 0.711154333415638 , 0.711154333415638 
period1,sc01,t5587, 0.253212656714628 , 4.22307023988794E-02 , 0.709193068888889 , 0.709193068888889 
period1,sc01,t5588, 0.267076310380267 , 4.18532951707232E-02 , 0.690868308395062 , 0.690868308395062 
period1,sc01,t5589, 0.25527153746146 , 3.84225765715286E-02 , 0.696583259570815 , 0.696583259570815 
period1,sc01,t5590, 9.76177996557347E-02 , 4.61908949220802E-02 , 0.696854212839507 , 0.696854212839507 
period1,sc01,t5591, 9.76612605875153E-02 , 4.04001448747153E-02 , 0.69664466111588 , 0.69664466111588 
period1,sc01,t5592, 8.39025435322022E-02 , 3.56932563970588E-02 , 0.47795887728395 , 0.47795887728395 
period1,sc01,t5593, 0.076598768399927 , 3.71816883074407E-02 , 0.464756840858369 , 0.464756840858369 
period1,sc01,t5594, 7.85003758438241E-02 , 3.88801612219451E-02 , 0.447545115193133 , 0.447545115193133 
period1,sc01,t5595, 8.95939006750593E-02 , 3.77578451371571E-02 , 0.450092232103004 , 0.450092232103004 
period1,sc01,t5596, 8.96048996898376E-02 , 0.037740096882793 , 0.465890489957081 , 0.465890489957081 
period1,sc01,t5597, 0.181410417077176 , 3.81500450538687E-02 , 0.461975471605151 , 0.461975471605151 
period1,sc01,t5598, 0.102160453575978 , 3.71091056424202E-02 , 0.648757768240343 , 0.648757768240343 
period1,sc01,t5599, 0.355638477504105 , 3.74055793357934E-02 , 0.745256892703863 , 0.745256892703863 
period1,sc01,t5600, 0.278946013793103 , 3.62600677982779E-02 , 0.680740472103004 , 0.680740472103004 
period1,sc01,t5601, 0.318674021408451 , 3.47496667838313E-02 , 0.686729742489271 , 0.686729742489271 
period1,sc01,t5602, 0.340102282227203 , 3.58440919507908E-02 , 0.665232094935622 , 0.665232094935622 
period1,sc01,t5603, 0.318991223695346 , 3.51322643233744E-02 , 0.591904259742489 , 0.591904259742489 
period1,sc01,t5604, 0.308072617226277 , 3.48850474516696E-02 , 0.433227884120172 , 0.433227884120172 
period1,sc01,t5605, 0.30888222731655 , 3.47102298066784E-02 , 0.36940621888412 , 0.36940621888412 
period1,sc01,t5606, 0.30888222731655 , 3.48261862917399E-02 , 0.372360748148148 , 0.372360748148148 
period1,sc01,t5607, 0.391735073274213 , 3.45636215289681E-02 , 0.3717875527897 , 0.3717875527897 
period1,sc01,t5608, 0.315326393802817 , 0.035002769771529 , 0.405436232103004 , 0.405436232103004 
period1,sc01,t5609, 0.166366123335119 , 3.55030896309314E-02 , 0.526552586831276 , 0.526552586831276 
period1,sc01,t5610, 0.314671225237028 , 3.56643692091388E-02 , 0.621160825185185 , 0.621160825185185 
period1,sc01,t5611, 0.316663463264954 , 3.58764655887522E-02 , 0.624850996566523 , 0.624850996566523 
period1,sc01,t5612, 0.317757118943662 , 3.69157574692443E-02 , 0.610050311587983 , 0.610050311587983 
period1,sc01,t5613, 0.31841261084507 , 3.59704472407733E-02 , 0.512815704721031 , 0.512815704721031 
period1,sc01,t5614, 9.44335868613139E-02 , 3.67882249560632E-02 , 0.512352853905579 , 0.512352853905579 
period1,sc01,t5615, 9.45775556338028E-02 , 3.55015592407733E-02 , 0.508451682746781 , 0.508451682746781 
period1,sc01,t5616, 0.060576699056274 , 0.023927230406109 , 0.305285090128756 , 0.305285090128756 
period1,sc01,t5617, 5.86789448619364E-02 , 2.39041556299814E-02 , 0.304666988412017 , 0.304666988412017 
period1,sc01,t5618, 5.79639911744146E-02 , 2.50799916486621E-02 , 0.286563501234568 , 0.286563501234568 
period1,sc01,t5619, 4.67935109994758E-02 , 2.99632743327473E-02 , 0.281939788065844 , 0.281939788065844 
period1,sc01,t5620, 7.75910326371897E-02 , 2.99525273082443E-02 , 0.281871711111111 , 0.281871711111111 
period1,sc01,t5621, 7.82229657462426E-02 , 2.99128762827822E-02 , 0.282007865020576 , 0.282007865020576 
period1,sc01,t5622, 8.74126600838868E-02 , 0.027398048414448 , 0.357012109876543 , 0.357012109876543 
period1,sc01,t5623, 0.08734233677036 , 2.73361944964274E-02 , 0.36371009334764 , 0.36371009334764 
period1,sc01,t5624, 8.80455699056274E-02 , 2.32531954617137E-02 , 0.427949536480687 , 0.427949536480687 
period1,sc01,t5625, 8.72720134568333E-02 , 2.29506525806452E-02 , 0.46643467639485 , 0.46643467639485 
period1,sc01,t5626, 8.71243344984271E-02 , 2.25867914746544E-02 , 0.376741715128756 , 0.376741715128756 
period1,sc01,t5627, 0.086375923204613 , 2.26987479633402E-02 , 0.367608655864198 , 0.367608655864198 
period1,sc01,t5628, 8.28547079765858E-02 , 2.24535636764457E-02 , 0.255125238197425 , 0.255125238197425 
period1,sc01,t5629, 8.30597818015028E-02 , 2.26488434619324E-02 , 0.253638103004292 , 0.253638103004292 
period1,sc01,t5630, 8.28888869474052E-02 , 2.25688821434701E-02 , 0.255476393991416 , 0.255476393991416 
period1,sc01,t5631, 8.33263777738948E-02 , 2.26077384393064E-02 , 0.259852036111111 , 0.259852036111111 
period1,sc01,t5632, 8.33448470814401E-02 , 2.27674961558176E-02 , 0.343524391845494 , 0.343524391845494 
period1,sc01,t5633, 8.06012611412093E-02 , 2.26753319484483E-02 , 0.378754144849786 , 0.378754144849786 
period1,sc01,t5634, 7.76279523767914E-02 , 2.33262227179135E-02 , 0.313058748390558 , 0.313058748390558 
period1,sc01,t5635, 7.37652490387977E-02 , 2.31654993508742E-02 , 0.378715767167382 , 0.378715767167382 
period1,sc01,t5636, 7.34978251048585E-02 , 2.44389078217134E-02 , 0.375609573497854 , 0.375609573497854 
period1,sc01,t5637, 6.37734782418735E-02 , 2.69277859504833E-02 , 0.34159303497854 , 0.34159303497854 
period1,sc01,t5638, 7.72640292292905E-02 , 2.71990352625195E-02 , 0.305572701716738 , 0.305572701716738 
period1,sc01,t5639, 0.064411466969591 , 2.29591735931854E-02 , 0.27620034248927 , 0.27620034248927 
period1,sc01,t5640, 7.44659193760984E-02 , 4.21651855345912E-02 , 0.271623803862661 , 0.271623803862661 
period1,sc01,t5641, 7.50522961335676E-02 , 4.50616296133568E-02 , 0.279953679828326 , 0.279953679828326 
period1,sc01,t5642, 7.46922195518454E-02 , 4.63371316157206E-02 , 0.269551409012876 , 0.269551409012876 
period1,sc01,t5643, 7.63918281634447E-02 , 4.53498958964009E-02 , 0.382193744635193 , 0.382193744635193 
period1,sc01,t5644, 8.00690095782074E-02 , 4.59756046410568E-02 , 0.289342779828326 , 0.289342779828326 
period1,sc01,t5645, 7.92749945518453E-02 , 5.97465347293156E-02 , 0.289242997854077 , 0.289242997854077 
period1,sc01,t5646, 8.03208471001757E-02 , 0.042756982337434 , 0.327217714592275 , 0.327217714592275 
period1,sc01,t5647, 8.01843205184534E-02 , 4.25766493848858E-02 , 0.325749768240344 , 0.325749768240344 
period1,sc01,t5648, 7.99812899400218E-02 , 4.34480622144112E-02 , 0.327333317489712 , 0.327333317489712 
period1,sc01,t5649, 7.87495390892532E-02 , 5.28972443278022E-02 , 0.382119387875537 , 0.382119387875537 
period1,sc01,t5650, 8.26579071616871E-02 , 4.45526442718036E-02 , 0.383080269098712 , 0.383080269098712 
period1,sc01,t5651, 8.27211612038664E-02 , 4.54315282513181E-02 , 0.389503733690987 , 0.389503733690987 
period1,sc01,t5652, 8.27303939367311E-02 , 4.52226853995199E-02 , 0.425911681545064 , 0.425911681545064 
period1,sc01,t5653, 8.21387132688928E-02 , 4.52252578424598E-02 , 0.426813557081545 , 0.426813557081545 
period1,sc01,t5654, 8.41614675307558E-02 , 6.02994145776567E-02 , 0.41725367639485 , 0.41725367639485 
period1,sc01,t5655, 8.38198564147627E-02 , 3.94837133842794E-02 , 0.334400097854077 , 0.334400097854077 
period1,sc01,t5656, 8.44545380448155E-02 , 5.31100724802804E-02 , 0.364923787553648 , 0.364923787553648 
period1,sc01,t5657, 7.72065961748633E-02 , 4.62178820738137E-02 , 0.407858819742489 , 0.407858819742489 
period1,sc01,t5658, 8.05533941036907E-02 , 0.045590278564982 , 0.30335639055794 , 0.30335639055794 
period1,sc01,t5659, 8.13521630052725E-02 , 4.62343831282953E-02 , 0.367203421888412 , 0.367203421888412 
period1,sc01,t5660, 0.081216618629174 , 4.45183280685921E-02 , 0.395629771244635 , 0.395629771244635 
period1,sc01,t5661, 7.89581350175747E-02 , 0.046206881370826 , 0.323602536909871 , 0.323602536909871 
period1,sc01,t5662, 8.19756671353251E-02 , 4.62123817223198E-02 , 0.390133511459227 , 0.390133511459227 
period1,sc01,t5663, 8.09062416520211E-02 , 4.53075641738252E-02 , 0.395769849785408 , 0.395769849785408 
period1,sc01,t5664, 2.97318014896934E-02 , 2.45114512022631E-02 , 0.260971626028807 , 0.260971626028807 
period1,sc01,t5665, 2.26576070624892E-02 , 3.15175254324371E-02 , 0.264048049356223 , 0.264048049356223 
period1,sc01,t5666, 2.56125208442352E-02 , 4.51318003429462E-02 , 0.263209425925925 , 0.263209425925925 
period1,sc01,t5667, 2.88937392794376E-02 , 4.19604515242458E-02 , 0.266091660944206 , 0.266091660944206 
period1,sc01,t5668, 3.73352611710323E-02 , 4.38277553157217E-02 , 0.26087709334764 , 0.26087709334764 
period1,sc01,t5669, 4.72733209490334E-02 , 4.06394537401574E-02 , 0.265090741769547 , 0.265090741769547 
period1,sc01,t5670, 8.18904116871704E-02 , 4.19707054602889E-02 , 0.262455855257511 , 0.262455855257511 
period1,sc01,t5671, 8.07417152813191E-02 , 3.89172707129964E-02 , 0.292744704732511 , 0.292744704732511 
period1,sc01,t5672, 8.17212758787346E-02 , 3.28388594243594E-02 , 0.29831884002146 , 0.29831884002146 
period1,sc01,t5673, 8.24987898506151E-02 , 1.64473304904436E-02 , 0.311612581373391 , 0.311612581373391 
period1,sc01,t5674, 8.25983855008787E-02 , 1.66843434727732E-02 , 0.311775494635193 , 0.311775494635193 
period1,sc01,t5675, 8.21211668514412E-02 , 2.39031455829787E-02 , 0.305356827253219 , 0.305356827253219 
period1,sc01,t5676, 0.086707933831283 , 1.84787466116573E-02 , 0.284666459227468 , 0.284666459227468 
period1,sc01,t5677, 8.69891612706702E-02 , 4.59029917636837E-02 , 0.29653475751073 , 0.29653475751073 
period1,sc01,t5678, 8.66910398945518E-02 , 6.34387361247803E-02 , 0.266413074034335 , 0.266413074034335 
period1,sc01,t5679, 8.66702171353251E-02 , 1.73934990414779E-02 , 0.296237330472103 , 0.296237330472103 
period1,sc01,t5680, 8.87770481985941E-02 , 4.11726846660808E-02 , 0.321571398068669 , 0.321571398068669 
period1,sc01,t5681, 9.20489715729349E-02 , 0.017884 , 0.355527012017167 , 0.355527012017167 
period1,sc01,t5682, 9.89242515967547E-02 , 4.01191546028881E-02 , 0.322322161480687 , 0.322322161480687 
period1,sc01,t5683, 8.36855753843466E-02 , 3.48033579425452E-02 , 0.346139830901288 , 0.346139830901288 
period1,sc01,t5684, 0.100021190092561 , 4.33516945503379E-02 , 0.345194300751073 , 0.345194300751073 
period1,sc01,t5685, 8.52299439016173E-02 , 7.86609195957821E-02 , 0.301507065987124 , 0.301507065987124 
period1,sc01,t5686, 8.64450956063269E-02 , 7.88314304920914E-02 , 0.293401267714592 , 0.293401267714592 
period1,sc01,t5687, 0.08655412043058 , 7.99663949704142E-02 , 0.291646783991416 , 0.291646783991416 
period1,sc01,t5688, 6.33756439028651E-02 , 2.83506005455963E-02 , 0.289529391309013 , 0.289529391309013 
period1,sc01,t5689, 2.13634588296943E-02 , 2.95957266406859E-02 , 0.288190488283262 , 0.288190488283262 
period1,sc01,t5690, 3.41533386797409E-02 , 0.027431634681294 , 0.257988197839506 , 0.257988197839506 
period1,sc01,t5691, 3.77400844376098E-02 , 2.74888016319773E-02 , 0.280161431975308 , 0.280161431975308 
period1,sc01,t5692, 0.048275054590164 , 3.49014070148091E-02 , 0.258901410123456 , 0.258901410123456 
period1,sc01,t5693, 4.97436322677596E-02 , 2.04279657499578E-02 , 0.322586168024691 , 0.322586168024691 
period1,sc01,t5694, 7.86172769398907E-02 , 1.78913151243695E-02 , 0.574005010864198 , 0.574005010864198 
period1,sc01,t5695, 5.07196239226713E-02 , 1.59575192372583E-02 , 0.571942003705163 , 0.571942003705163 
period1,sc01,t5696, 0.054277987582131 , 1.77561491075982E-02 , 0.643079233333334 , 0.643079233333334 
period1,sc01,t5697, 6.00979520187305E-02 , 0.015644341192053 , 0.75362501304721 , 0.75362501304721 
period1,sc01,t5698, 0.13487829694254 , 1.78361691369794E-02 , 0.620050676716738 , 0.620050676716738 
period1,sc01,t5699, 0.148851809021114 , 1.58489601843318E-02 , 0.576100941502146 , 0.576100941502146 
period1,sc01,t5700, 0.238666148488577 , 1.55989603004292E-02 , 0.797593385407726 , 0.797593385407726 
period1,sc01,t5701, 0.245671099217926 , 1.77638769140625E-02 , 0.783314464377682 , 0.783314464377682 
period1,sc01,t5702, 0.239173365079086 , 1.82696880135497E-02 , 0.774385837854077 , 0.774385837854077 
period1,sc01,t5703, 0.177863598196721 , 0.01670175 , 0.806621410042918 , 0.806621410042918 
period1,sc01,t5704, 0.177440122131148 , 2.07705380063125E-02 , 0.790077358969957 , 0.790077358969957 
period1,sc01,t5705, 0.148328961740437 , 1.56375524354561E-02 , 0.94471214806867 , 0.94471214806867 
period1,sc01,t5706, 0.234989464808743 , 1.95463455663762E-02 , 0.944716962222222 , 0.944716962222222 
period1,sc01,t5707, 0.194848476830602 , 1.95397404559374E-02 , 1.10573237104938 , 1.10573237104938 
period1,sc01,t5708, 0.100086783333333 , 0.019281103539823 , 1.07637641587983 , 1.07637641587983 
period1,sc01,t5709, 0.379389935628415 , 0.0178152 , 1.07260311064378 , 1.07260311064378 
period1,sc01,t5710, 0.118327974295082 , 1.70911393714286E-02 , 0.940653073261803 , 0.940653073261803 
period1,sc01,t5711, 0.194657425846994 , 1.70842314367347E-02 , 0.656894880579399 , 0.656894880579399 
period1,sc01,t5712, 6.60224580421793E-02 , 0.020905946952596 , 0.644964144360515 , 0.644964144360515 
period1,sc01,t5713, 5.33514025746924E-02 , 2.34480791104661E-02 , 0.641943860832618 , 0.641943860832618 
period1,sc01,t5714, 6.32061041930783E-02 , 2.31883735085946E-02 , 0.649581993364807 , 0.649581993364807 
period1,sc01,t5715, 6.23666639344262E-02 , 2.30890305175038E-02 , 0.629640779077253 , 0.629640779077253 
period1,sc01,t5716, 0.110787093224044 , 2.92578738964347E-02 , 0.645347311562232 , 0.645347311562232 
period1,sc01,t5717, 7.78211598360655E-02 , 1.77034560034753E-02 , 0.643025418866952 , 0.643025418866952 
period1,sc01,t5718, 0.328485767622951 , 1.85488306146978E-02 , 0.826155200635193 , 0.826155200635193 
period1,sc01,t5719, 0.107909627986348 , 1.75709990367776E-02 , 0.819199673527897 , 0.819199673527897 
period1,sc01,t5720, 0.108501287504508 , 1.77118245263158E-02 , 0.822073358094421 , 0.822073358094421 
period1,sc01,t5721, 0.179978461862918 , 1.75753553158705E-02 , 0.811754218060085 , 0.811754218060085 
period1,sc01,t5722, 0.182362698066784 , 1.75954484040747E-02 , 0.813974792497854 , 0.813974792497854 
period1,sc01,t5723, 0.214424400702987 , 1.59733691779022E-02 , 0.815803500858369 , 0.815803500858369 
period1,sc01,t5724, 0.156112571177504 , 1.75598601646937E-02 , 0.780197507167381 , 0.780197507167381 
period1,sc01,t5725, 0.155120446572935 , 1.85358086233108E-02 , 0.774564671716738 , 0.774564671716738 
period1,sc01,t5726, 0.172525763005272 , 0.017396507318979 , 0.780528850429185 , 0.780528850429185 
period1,sc01,t5727, 0.152289273224044 , 1.59337206845497E-02 , 0.802559346781116 , 0.802559346781116 
period1,sc01,t5728, 0.150232738069217 , 1.85904272666331E-02 , 0.815205933819742 , 0.815205933819742 
period1,sc01,t5729, 0.132987918579235 , 2.07466057519058E-02 , 0.809968124656653 , 0.809968124656653 
period1,sc01,t5730, 0.150948054644808 , 2.10751409893993E-02 , 1.17904573390557 , 1.17904573390557 
period1,sc01,t5731, 0.20354008014572 , 2.05444468499018E-02 , 1.36738469141631 , 1.36738469141631 
period1,sc01,t5732, 0.211388240983607 , 1.91301942628039E-02 , 1.40042660538627 , 1.40042660538627 
period1,sc01,t5733, 0.19996349726776 , 1.70813761784085E-02 , 1.39310640916309 , 1.39310640916309 
period1,sc01,t5734, 0.132642453187613 , 1.85329891322878E-02 , 1.3597700210515 , 1.3597700210515 
period1,sc01,t5735, 0.149232402724077 , 1.70568922239775E-02 , 1.20102356008583 , 1.20102356008583 
period1,sc01,t5736, 6.85394185518453E-02 , 2.62934255068158E-02 , 0.767518171434977 , 0.767518171434977 
period1,sc01,t5737, 5.48695918734622E-02 , 2.74939792896272E-02 , 0.766317300376681 , 0.766317300376681 
period1,sc01,t5738, 4.31640961748634E-02 , 2.65821103054116E-02 , 0.784249810699588 , 0.784249810699588 
period1,sc01,t5739, 6.96303114235501E-02 , 2.65080648910412E-02 , 0.770393632286995 , 0.770393632286995 
period1,sc01,t5740, 7.06138332231986E-02 , 2.81412314261316E-02 , 0.745421413668162 , 0.745421413668162 
period1,sc01,t5741, 6.90364943128296E-02 , 2.62303571428571E-02 , 0.840836197530864 , 0.840836197530864 
period1,sc01,t5742, 7.35073729560633E-02 , 2.61147502583534E-02 , 0.81920780090535 , 0.81920780090535 
period1,sc01,t5743, 7.25614970826011E-02 , 2.61514206730769E-02 , 0.846531432098765 , 0.846531432098765 
period1,sc01,t5744, 7.30615998664323E-02 , 2.61338617401669E-02 , 0.834021494847737 , 0.834021494847737 
period1,sc01,t5745, 0.077828019543058 , 2.62662814454483E-02 , 0.829315126831276 , 0.829315126831276 
period1,sc01,t5746, 0.102534062144112 , 2.13217194651849E-02 , 0.838709061728395 , 0.838709061728395 
period1,sc01,t5747, 0.141894079437609 , 0.018570856390107 , 0.842963333333333 , 0.842963333333333 
period1,sc01,t5748, 0.124783253848857 , 2.13287771192282E-02 , 0.860573776279835 , 0.860573776279835 
period1,sc01,t5749, 0.106170556065574 , 2.61882185942602E-02 , 0.832153823868312 , 0.832153823868312 
period1,sc01,t5750, 9.03392663023679E-02 , 2.61861091344509E-02 , 0.821846775901235 , 0.821846775901235 
period1,sc01,t5751, 0.090707774863388 , 2.09479427614774E-02 , 0.744060825237668 , 0.744060825237668 
period1,sc01,t5752, 8.96078537785589E-02 , 2.62624604214627E-02 , 0.842266044493827 , 0.842266044493827 
period1,sc01,t5753, 8.78339824253076E-02 , 2.61705072115384E-02 , 0.80934086419753 , 0.80934086419753 
period1,sc01,t5754, 8.88915226252159E-02 , 2.61396657362177E-02 , 0.872377275720165 , 0.872377275720165 
period1,sc01,t5755, 8.77504741077677E-02 , 2.13406793268741E-02 , 0.878621448559671 , 0.878621448559671 
period1,sc01,t5756, 0.120260833156726 , 2.61410597143349E-02 , 0.820433991769547 , 0.820433991769547 
period1,sc01,t5757, 0.110551648084359 , 2.60951753457401E-02 , 0.881091670781893 , 0.881091670781893 
period1,sc01,t5758, 0.110356483163445 , 2.59987424783274E-02 , 0.768150493273542 , 0.768150493273542 
period1,sc01,t5759, 7.28850137082601E-02 , 2.54988912063328E-02 , 0.817872279835391 , 0.817872279835391 
period1,sc01,t5760, 7.90750042179262E-02 , 3.01536548736462E-02 , 0.745649578947369 , 0.745649578947369 
period1,sc01,t5761, 7.87726753514938E-02 , 3.98249267650158E-02 , 0.623139917307692 , 0.623139917307692 
period1,sc01,t5762, 6.87168085940247E-02 , 5.59708014059754E-02 , 0.646214107981221 , 0.646214107981221 
period1,sc01,t5763, 6.85093507557118E-02 , 3.00113257469244E-02 , 0.639767563380281 , 0.639767563380281 
period1,sc01,t5764, 7.06743445901639E-02 , 2.98770425307557E-02 , 0.622234871634616 , 0.622234871634616 
period1,sc01,t5765, 6.82732709289618E-02 , 2.92013449560633E-02 , 0.673896298333334 , 0.673896298333334 
period1,sc01,t5766, 7.33218666098418E-02 , 2.97953049209139E-02 , 0.80999884125 , 0.80999884125 
period1,sc01,t5767, 7.11963773725835E-02 , 2.98400659929702E-02 , 0.816381010384616 , 0.816381010384616 
period1,sc01,t5768, 9.32458760808435E-02 , 2.98497966608084E-02 , 0.815952977019231 , 0.815952977019231 
period1,sc01,t5769, 9.39136723532513E-02 , 2.59945060632689E-02 , 0.814354547887324 , 0.814354547887324 
period1,sc01,t5770, 0.116755169578207 , 2.52320109314587E-02 , 0.811723751826923 , 0.811723751826923 
period1,sc01,t5771, 0.127666277069508 , 0.022147 , 0.81400102769953 , 0.81400102769953 
period1,sc01,t5772, 0.130503435553603 , 0.022147 , 0.600567013461539 , 0.600567013461539 
period1,sc01,t5773, 0.101914321885246 , 2.53610395869947E-02 , 0.593045551538461 , 0.593045551538461 
period1,sc01,t5774, 9.13069577413479E-02 , 2.92200278383128E-02 , 0.632772542605634 , 0.632772542605634 
period1,sc01,t5775, 9.13456847358834E-02 , 2.14736377855888E-02 , 0.619493115625 , 0.619493115625 
period1,sc01,t5776, 0.110735 , 2.92013449560633E-02 , 0.661599514507042 , 0.661599514507042 
period1,sc01,t5777, 0.104355574165202 , 2.91359548681898E-02 , 0.667080417115384 , 0.667080417115384 
period1,sc01,t5778, 9.03831136028119E-02 , 2.96008602753697E-02 , 0.669256785769231 , 0.669256785769231 
period1,sc01,t5779, 0.103604171994728 , 2.93533626122449E-02 , 0.660240401346153 , 0.660240401346153 
period1,sc01,t5780, 0.110735 , 2.94027442704039E-02 , 0.597542696244131 , 0.597542696244131 
period1,sc01,t5781, 0.109299994175767 , 2.92707165605096E-02 , 0.533508452884616 , 0.533508452884616 
period1,sc01,t5782, 0.109951097398946 , 3.10214436932392E-02 , 0.530410002403847 , 0.530410002403847 
period1,sc01,t5783, 6.97692615502295E-02 , 6.32941020210896E-02 , 0.549920977024039 , 0.549920977024039 
period1,sc01,t5784, 4.74056729613356E-02 , 0.022147 , 0.440900144736842 , 0.440900144736842 
period1,sc01,t5785, 3.78763631147541E-02 , 2.14127931688805E-02 , 0.43396561728395 , 0.43396561728395 
period1,sc01,t5786, 0.045086525483304 , 0.024755106805293 , 0.446840370370371 , 0.446840370370371 
period1,sc01,t5787, 4.06178963093146E-02 , 2.14082825899776E-02 , 0.475533327160494 , 0.475533327160494 
period1,sc01,t5788, 5.30597713114754E-02 , 3.40642752293579E-02 , 0.497475 , 0.497475 
period1,sc01,t5789, 0.072268286885246 , 2.13958527131783E-02 , 0.497475 , 0.497475 
period1,sc01,t5790, 7.69440081967214E-02 , 2.31787950073783E-02 , 0.65463752037037 , 0.65463752037037 
period1,sc01,t5791, 7.27704939890711E-02 , 4.44411350451736E-02 , 0.600439233552632 , 0.600439233552632 
period1,sc01,t5792, 7.51603473770492E-02 , 2.13784740040513E-02 , 0.625480263157895 , 0.625480263157895 
period1,sc01,t5793, 0.075172187704918 , 2.05042985151049E-02 , 0.573073599276315 , 0.573073599276315 
period1,sc01,t5794, 0.11055 , 2.05050271084337E-02 , 0.593367798765432 , 0.593367798765432 
period1,sc01,t5795, 9.49340573770492E-02 , 2.17541719394773E-02 , 0.688732869135802 , 0.688732869135802 
period1,sc01,t5796, 0.101550569420035 , 2.14681737410072E-02 , 0.587858496296296 , 0.587858496296296 
period1,sc01,t5797, 8.90384077328647E-02 , 2.94586994219653E-02 , 0.582080660526315 , 0.582080660526315 
period1,sc01,t5798, 8.93865722319859E-02 , 3.36636692429299E-02 , 0.596594675925925 , 0.596594675925925 
period1,sc01,t5799, 8.94487444639718E-02 , 2.92623182976555E-02 , 0.563721602631579 , 0.563721602631579 
period1,sc01,t5800, 8.98719430755712E-02 , 2.04423520992366E-02 , 0.607379785592105 , 0.607379785592105 
period1,sc01,t5801, 8.81381917177914E-02 , 2.13530355744125E-02 , 0.602152273684211 , 0.602152273684211 
period1,sc01,t5802, 0.135526139894552 , 2.13922064384262E-02 , 0.698676 , 0.698676 
period1,sc01,t5803, 0.126980741467487 , 2.13697924338801E-02 , 0.697202 , 0.697202 
period1,sc01,t5804, 7.71467436065573E-02 , 2.13870724907063E-02 , 0.6923378 , 0.6923378 
period1,sc01,t5805, 7.73461766120219E-02 , 2.04486663179917E-02 , 0.648395144736842 , 0.648395144736842 
period1,sc01,t5806, 0.0795223 , 2.14132642575783E-02 , 0.67739027631579 , 0.67739027631579 
period1,sc01,t5807, 9.25631847100176E-02 , 2.04659826589596E-02 , 0.676620592592592 , 0.676620592592592 
period1,sc01,t5808, 0.090867204797048 , 1.85644426735219E-02 , 0.382961577777778 , 0.382961577777778 
period1,sc01,t5809, 7.95307306273063E-02 , 1.82529570393375E-02 , 0.40488452631579 , 0.40488452631579 
period1,sc01,t5810, 8.21077053241961E-02 , 2.43217445697929E-02 , 0.406377921052631 , 0.406377921052631 
period1,sc01,t5811, 9.16178025830258E-02 , 2.43274965719883E-02 , 0.389902092105263 , 0.389902092105263 
period1,sc01,t5812, 9.19754243542435E-02 , 2.06509475360376E-02 , 0.391717924342105 , 0.391717924342105 
period1,sc01,t5813, 8.97852833727918E-02 , 1.82607242876998E-02 , 0.422903449013158 , 0.422903449013158 
period1,sc01,t5814, 0.11055 , 1.85827087682672E-02 , 0.410598700657895 , 0.410598700657895 
period1,sc01,t5815, 0.100684857038791 , 1.95631396750525E-02 , 0.426456322368422 , 0.426456322368422 
period1,sc01,t5816, 9.32437206337643E-02 , 0.019899 , 0.514371953333333 , 0.514371953333333 
period1,sc01,t5817, 9.11731549815498E-02 , 1.72614490637347E-02 , 0.495882716049383 , 0.495882716049383 
period1,sc01,t5818, 9.32155345110181E-02 , 1.72726186824678E-02 , 0.449815666666667 , 0.449815666666667 
period1,sc01,t5819, 9.12547416974169E-02 , 0.024202226631579 , 0.429700092105263 , 0.429700092105263 
period1,sc01,t5820, 9.12547416974169E-02 , 2.82388874223602E-02 , 0.38589047037037 , 0.38589047037037 
period1,sc01,t5821, 9.14723062730627E-02 , 2.77950822368421E-02 , 0.399539983333333 , 0.399539983333333 
period1,sc01,t5822, 9.29086209804955E-02 , 0.027375099826238 , 0.417049192592592 , 0.417049192592592 
period1,sc01,t5823, 9.34269304316153E-02 , 1.83047305502846E-02 , 0.402280531481481 , 0.402280531481481 
period1,sc01,t5824, 9.53069448187943E-02 , 0.017593686788475 , 0.4422 , 0.4422 
period1,sc01,t5825, 9.38453141802847E-02 , 1.82390590584637E-02 , 0.680192815789474 , 0.680192815789474 
period1,sc01,t5826, 0.111710664268803 , 2.05923502225265E-02 , 0.702210690789474 , 0.702210690789474 
period1,sc01,t5827, 0.10591136951375 , 1.92451407485503E-02 , 0.693439660493827 , 0.693439660493827 
period1,sc01,t5828, 9.30638299947285E-02 , 1.99935659326197E-02 , 0.493614848765432 , 0.493614848765432 
period1,sc01,t5829, 9.18938376383764E-02 , 1.81847961842105E-02 , 0.468668308641976 , 0.468668308641976 
period1,sc01,t5830, 9.10012401159726E-02 , 0.019899 , 0.455366823456791 , 0.455366823456791 
period1,sc01,t5831, 9.34449565102794E-02 , 2.43048837209303E-02 , 0.479623222222222 , 0.479623222222222 
period1,sc01,t5832, 0.041114597580221 , 4.52629974780316E-02 , 0.332689988888889 , 0.332689988888889 
period1,sc01,t5833, 4.40269389587074E-02 , 3.31535559006211E-02 , 0.312725585526315 , 0.312725585526315 
period1,sc01,t5834, 3.36330782340863E-02 , 5.18389096519802E-02 , 0.329766555555555 , 0.329766555555555 
period1,sc01,t5835, 3.36460057803469E-02 , 0.051854930507893 , 0.312835165789474 , 0.312835165789474 
period1,sc01,t5836, 4.94706879283078E-02 , 5.18892011524359E-02 , 0.312068103947368 , 0.312068103947368 
period1,sc01,t5837, 4.68249472851871E-02 , 5.20642608303249E-02 , 0.318197810526315 , 0.318197810526315 
period1,sc01,t5838, 0.071400614391144 , 0.0320595 , 0.556173655921052 , 0.556173655921052 
period1,sc01,t5839, 5.01210506062204E-02 , 0.0320595 , 0.514603685273159 , 0.514603685273159 
period1,sc01,t5840, 4.95778468809074E-02 , 3.29215568541301E-02 , 0.59335324074074 , 0.59335324074074 
period1,sc01,t5841, 4.73988397502602E-02 , 2.43547323162274E-02 , 0.609435308641975 , 0.609435308641975 
period1,sc01,t5842, 7.14781617647058E-02 , 2.42335702987697E-02 , 0.569477960526315 , 0.569477960526315 
period1,sc01,t5843, 8.46815717169944E-02 , 2.13352216585024E-02 , 0.486869957894737 , 0.486869957894737 
period1,sc01,t5844, 0.140423947285188 , 0.0210045 , 0.539840087368421 , 0.539840087368421 
period1,sc01,t5845, 0.131412881903766 , 2.13480104329681E-02 , 0.554269965526316 , 0.554269965526316 
period1,sc01,t5846, 0.141231918484901 , 0.025281253236529 , 0.553563156666667 , 0.553563156666667 
period1,sc01,t5847, 0.110062577648919 , 0.0210045 , 0.513668527777778 , 0.513668527777778 
period1,sc01,t5848, 0.110302224226713 , 2.49066624392877E-02 , 0.526745728395062 , 0.526745728395062 
period1,sc01,t5849, 7.15330386643234E-02 , 2.44002271771509E-02 , 0.551613791666666 , 0.551613791666666 
period1,sc01,t5850, 9.38677486296556E-02 , 0.0320595 , 0.475415043209877 , 0.475415043209877 
period1,sc01,t5851, 9.32553645229309E-02 , 4.46268798736462E-02 , 0.416860256410256 , 0.416860256410256 
period1,sc01,t5852, 9.22182468764827E-02 , 4.62474151624548E-02 , 0.335654366666666 , 0.335654366666666 
period1,sc01,t5853, 8.44032058513443E-02 , 6.04042091388401E-02 , 0.333986096052632 , 0.333986096052632 
period1,sc01,t5854, 8.69603223883049E-02 , 6.04042091388401E-02 , 0.346789531578947 , 0.346789531578947 
period1,sc01,t5855, 5.87633166969148E-02 , 0.124730497382199 , 0.339360377631579 , 0.339360377631579 
period1,sc01,t5856, 3.73785287346222E-02 , 0.073342630006566 , 0.308474829399141 , 0.308474829399141 
period1,sc01,t5857, 2.82251035413745E-02 , 3.67129698316498E-02 , 0.318140915384615 , 0.318140915384615 
period1,sc01,t5858, 2.95196690615114E-02 , 7.33647393678637E-02 , 0.317782378912955 , 0.317782378912955 
period1,sc01,t5859, 2.79671899472759E-02 , 7.36175687067949E-02 , 0.306038434567902 , 0.306038434567902 
period1,sc01,t5860, 0.044573527140255 , 5.35165920114123E-02 , 0.318139344545815 , 0.318139344545815 
period1,sc01,t5861, 3.76687232407733E-02 , 7.24811410680118E-02 , 0.306461596909871 , 0.306461596909871 
period1,sc01,t5862, 5.14668753602812E-02 , 7.24528739205527E-02 , 0.393204532345679 , 0.393204532345679 
period1,sc01,t5863, 4.31735510484703E-02 , 6.92425856688233E-02 , 0.391634927038626 , 0.391634927038626 
period1,sc01,t5864, 4.15982654481547E-02 , 4.92727497118155E-02 , 0.403370032618025 , 0.403370032618025 
period1,sc01,t5865, 0.041701224745167 , 4.92571651141881E-02 , 0.376279567381975 , 0.376279567381975 
period1,sc01,t5866, 5.71876190369069E-02 , 4.89081094160967E-02 , 0.382179843621399 , 0.382179843621399 
period1,sc01,t5867, 5.03334048888889E-02 , 4.12107774932614E-02 , 0.39900599835391 , 0.39900599835391 
period1,sc01,t5868, 6.86171491822237E-02 , 7.15556557194183E-02 , 0.387043975440329 , 0.387043975440329 
period1,sc01,t5869, 6.16996678132678E-02 , 0.04173056636589 , 0.386147607703704 , 0.386147607703704 
period1,sc01,t5870, 9.00414975887013E-02 , 7.26289220734638E-02 , 0.389909089382717 , 0.389909089382717 
period1,sc01,t5871, 8.49586057223199E-02 , 4.15140402773193E-02 , 0.384219550214592 , 0.384219550214592 
period1,sc01,t5872, 7.63755944482998E-02 , 4.80959373091407E-02 , 0.389995463341563 , 0.389995463341563 
period1,sc01,t5873, 4.36819360764897E-02 , 4.49797344663068E-02 , 0.38225470709465 , 0.38225470709465 
period1,sc01,t5874, 0.067556222829932 , 5.58149511259383E-02 , 0.363023482472103 , 0.363023482472103 
period1,sc01,t5875, 0.052221140225256 , 5.43929130091985E-02 , 0.361340111587982 , 0.361340111587982 
period1,sc01,t5876, 4.34441161290323E-02 , 6.87487155384076E-02 , 0.355172446351932 , 0.355172446351932 
period1,sc01,t5877, 4.33778530894029E-02 , 4.81152771353482E-02 , 0.358036038969957 , 0.358036038969957 
period1,sc01,t5878, 5.62486482352941E-02 , 5.59049784885544E-02 , 0.332131889711934 , 0.332131889711934 
period1,sc01,t5879, 4.23414342354767E-02 , 7.34986976744186E-02 , 0.350426311111111 , 0.350426311111111 
period1,sc01,t5880, 3.68965305049799E-02 , 3.75208124131484E-02 , 0.262323060411522 , 0.262323060411522 
period1,sc01,t5881, 3.62230749209139E-02 , 0.036011367131952 , 0.261755393929713 , 0.261755393929713 
period1,sc01,t5882, 3.69130732442882E-02 , 4.98396463393919E-02 , 0.261829371734148 , 0.261829371734148 
period1,sc01,t5883, 3.74481787205624E-02 , 4.95255674578491E-02 , 0.269356474147836 , 0.269356474147836 
period1,sc01,t5884, 5.29466680492091E-02 , 4.96014880130826E-02 , 0.269237530534352 , 0.269237530534352 
period1,sc01,t5885, 5.28031842882249E-02 , 4.94780987325317E-02 , 0.269133467568643 , 0.269133467568643 
period1,sc01,t5886, 6.78805734098361E-02 , 0.049585771197752 , 0.254044593677718 , 0.254044593677718 
period1,sc01,t5887, 0.055015 , 4.99077065331929E-02 , 0.236264632832618 , 0.236264632832618 
period1,sc01,t5888, 0.053379581420765 , 4.99801709694415E-02 , 0.239166024763948 , 0.239166024763948 
period1,sc01,t5889, 5.37897801757469E-02 , 4.99119807806757E-02 , 0.252819960905349 , 0.252819960905349 
period1,sc01,t5890, 7.94787878734622E-02 , 3.47226888437447E-02 , 0.236616445493562 , 0.236616445493562 
period1,sc01,t5891, 7.03221772352011E-02 , 3.02797625600904E-02 , 0.255417941281337 , 0.255417941281337 
period1,sc01,t5892, 5.37543120477696E-02 , 0.07791180288 , 0.259540313006886 , 0.259540313006886 
period1,sc01,t5893, 5.37557462917399E-02 , 7.24821493004116E-02 , 0.256481266396761 , 0.256481266396761 
period1,sc01,t5894, 7.79383678734622E-02 , 7.82351794460642E-02 , 0.258577242785516 , 0.258577242785516 
period1,sc01,t5895, 7.62013248435852E-02 , 0.031365125153326 , 0.257075314555555 , 0.257075314555555 
period1,sc01,t5896, 5.38446984885765E-02 , 3.61599414439518E-02 , 0.241221804310345 , 0.241221804310345 
period1,sc01,t5897, 5.38300020386643E-02 , 3.59729020563951E-02 , 0.258861227894947 , 0.258861227894947 
period1,sc01,t5898, 0.048386143442623 , 4.96703855506048E-02 , 0.260360864691358 , 0.260360864691358 
period1,sc01,t5899, 4.58507636393443E-02 , 4.95473819795758E-02 , 0.232542029871245 , 0.232542029871245 
period1,sc01,t5900, 0.047275192003515 , 5.89531400677747E-02 , 0.250516575679012 , 0.250516575679012 
period1,sc01,t5901, 4.08987278712958E-02 , 5.86974407519302E-02 , 0.252825328412017 , 0.252825328412017 
period1,sc01,t5902, 5.44260316301703E-02 , 4.81681893769152E-02 , 0.24936906416309 , 0.24936906416309 
period1,sc01,t5903, 3.92546044639719E-02 , 3.97086439018175E-02 , 0.253784421399177 , 0.253784421399177 
period1,sc01,t5904, 2.80615959307984E-02 , 5.33857413706853E-02 , 0.286618233133048 , 0.286618233133048 
period1,sc01,t5905, 2.87729691622668E-02 , 5.07038320321966E-02 , 0.292295820164609 , 0.292295820164609 
period1,sc01,t5906, 3.27714248956323E-02 , 6.37138229097283E-02 , 0.30441557962963 , 0.30441557962963 
period1,sc01,t5907, 3.63362681386862E-02 , 5.92064573384832E-02 , 0.299056014461286 , 0.299056014461286 
period1,sc01,t5908, 3.67542448357664E-02 , 8.86743939790576E-02 , 0.298811605679012 , 0.298811605679012 
period1,sc01,t5909, 4.88971739295775E-02 , 0.063280628 , 0.324574492806584 , 0.324574492806584 
period1,sc01,t5910, 5.30791851801264E-02 , 6.37735090456214E-02 , 0.312939252078189 , 0.312939252078189 
period1,sc01,t5911, 3.80829155777437E-02 , 5.04313867226745E-02 , 0.311020101522634 , 0.311020101522634 
period1,sc01,t5912, 3.81346176728268E-02 , 6.41915289982426E-02 , 0.318175656351931 , 0.318175656351931 
period1,sc01,t5913, 3.95185194329985E-02 , 0.050825499224956 , 0.319773764176954 , 0.319773764176954 
period1,sc01,t5914, 6.13404415443082E-02 , 5.09350888594025E-02 , 0.313025726716738 , 0.313025726716738 
period1,sc01,t5915, 0.061706725223436 , 5.11120294939378E-02 , 0.32260222555794 , 0.32260222555794 
period1,sc01,t5916, 7.51001160288746E-02 , 0.050612627959042 , 0.322061207429964 , 0.322061207429964 
period1,sc01,t5917, 4.36613327531646E-02 , 4.84181665546363E-02 , 0.323590786666666 , 0.323590786666666 
period1,sc01,t5918, 7.20268979753521E-02 , 4.84904282768263E-02 , 0.336763611522634 , 0.336763611522634 
period1,sc01,t5919, 6.12709833581828E-02 , 0.048584266358563 , 0.346302772222222 , 0.346302772222222 
period1,sc01,t5920, 4.74470174374255E-02 , 5.73384898666432E-02 , 0.341607893415638 , 0.341607893415638 
period1,sc01,t5921, 3.86389724577465E-02 , 7.09934341155234E-02 , 0.324899195514403 , 0.324899195514403 
period1,sc01,t5922, 0.047261359910584 , 0.312278447565905 , 0.34304093502146 , 0.34304093502146 
period1,sc01,t5923, 4.72117728576642E-02 , 0.264931808059567 , 0.343484078670911 , 0.343484078670911 
period1,sc01,t5924, 4.51767161906934E-02 , 0.264931808059567 , 0.343465924526748 , 0.343465924526748 
period1,sc01,t5925, 8.31818060287611E-02 , 0.153030269250903 , 0.347739758271605 , 0.347739758271605 
period1,sc01,t5926, 8.94198515280464E-02 , 0.264931808059567 , 0.347620235802469 , 0.347620235802469 
period1,sc01,t5927, 7.91588453119614E-02 , 0.148397883135379 , 0.355616460504476 , 0.355616460504476 
period1,sc01,t5928, 6.51418923189807E-02 , 4.69325150087874E-02 , 0.322756624291845 , 0.322756624291845 
period1,sc01,t5929, 7.52588724077329E-02 , 4.44722324545303E-02 , 0.29651463654321 , 0.29651463654321 
period1,sc01,t5930, 5.16881901581722E-02 , 0.044850520499745 , 0.29641742218597 , 0.29641742218597 
period1,sc01,t5931, 5.71586794863388E-02 , 4.52857719389496E-02 , 0.288460928675874 , 0.288460928675874 
period1,sc01,t5932, 7.88575379781421E-02 , 4.60010828948714E-02 , 0.289808314938272 , 0.289808314938272 
period1,sc01,t5933, 6.90395125846995E-02 , 5.33768366649132E-02 , 0.288898282422998 , 0.288898282422998 
period1,sc01,t5934, 7.78028527777778E-02 , 5.32767485674836E-02 , 0.261589619032922 , 0.261589619032922 
period1,sc01,t5935, 7.73787233655536E-02 , 0.056398542435094 , 0.251922160450644 , 0.251922160450644 
period1,sc01,t5936, 7.72296153690685E-02 , 4.40725608489796E-02 , 0.252438563969958 , 0.252438563969958 
period1,sc01,t5937, 0.077155061370826 , 4.43885461761199E-02 , 0.243329289259259 , 0.243329289259259 
period1,sc01,t5938, 7.68121129789104E-02 , 4.47877819156414E-02 , 0.244243416666667 , 0.244243416666667 
period1,sc01,t5939, 8.15001071177504E-02 , 2.89261814174589E-02 , 0.262249822160494 , 0.262249822160494 
period1,sc01,t5940, 8.02062505464481E-02 , 0.0279032494 , 0.255524689763948 , 0.255524689763948 
period1,sc01,t5941, 8.46245974077329E-02 , 2.68317115183673E-02 , 0.257826752339055 , 0.257826752339055 
period1,sc01,t5942, 8.11375044626594E-02 , 2.65436079938377E-02 , 0.265884566851851 , 0.265884566851851 
period1,sc01,t5943, 8.18118607468124E-02 , 2.65977793244626E-02 , 0.262762094545065 , 0.262762094545065 
period1,sc01,t5944, 8.45742492530756E-02 , 0.035465317599297 , 0.259472525349794 , 0.259472525349794 
period1,sc01,t5945, 0.084788228910369 , 2.67989593271153E-02 , 0.258125150343347 , 0.258125150343347 
period1,sc01,t5946, 7.89881945081967E-02 , 4.55096077256502E-02 , 0.237147439613734 , 0.237147439613734 
period1,sc01,t5947, 7.76705490158172E-02 , 3.96918586067262E-02 , 0.237236817145922 , 0.237236817145922 
period1,sc01,t5948, 7.78692305799649E-02 , 4.15766740003415E-02 , 0.220728455922747 , 0.220728455922747 
period1,sc01,t5949, 7.32042804042179E-02 , 4.41967289002108E-02 , 0.230009532360515 , 0.230009532360515 
period1,sc01,t5950, 7.55002070491803E-02 , 5.72834531813542E-02 , 0.229066575751073 , 0.229066575751073 
period1,sc01,t5951, 7.40098508787347E-02 , 4.80612966555184E-02 , 0.229069627201646 , 0.229069627201646 
period1,sc01,t5952, 2.41787057198708E-02 , 4.52021835220126E-02 , 0.243020544489093 , 0.243020544489093 
period1,sc01,t5953, 2.43123408975012E-02 , 4.31399051265306E-02 , 0.236060182345679 , 0.236060182345679 
period1,sc01,t5954, 2.44651413005272E-02 , 4.57130211661342E-02 , 0.233714660493827 , 0.233714660493827 
period1,sc01,t5955, 2.45869449912127E-02 , 4.42379584766939E-02 , 0.236842022962963 , 0.236842022962963 
period1,sc01,t5956, 3.78212059929701E-02 , 4.28663439750584E-02 , 0.238547857037037 , 0.238547857037037 
period1,sc01,t5957, 3.78521789314587E-02 , 4.46081279494382E-02 , 0.235918029506173 , 0.235918029506173 
period1,sc01,t5958, 0.044090035940246 , 4.46253257757679E-02 , 0.262591153703704 , 0.262591153703704 
period1,sc01,t5959, 4.83903829086116E-02 , 3.39183552252534E-02 , 0.247139502222222 , 0.247139502222222 
period1,sc01,t5960, 4.21814208469945E-02 , 4.48750995918368E-02 , 0.260490551234567 , 0.260490551234567 
period1,sc01,t5961, 5.05965846994535E-02 , 4.39034194285714E-02 , 0.26356177691358 , 0.26356177691358 
period1,sc01,t5962, 0.055005 , 4.11882507432212E-02 , 0.244143427407407 , 0.244143427407407 
period1,sc01,t5963, 5.80568256830601E-02 , 4.42380820732658E-02 , 0.261166456296296 , 0.261166456296296 
period1,sc01,t5964, 5.31498586885246E-02 , 2.48951642155102E-02 , 0.220822665555556 , 0.220822665555556 
period1,sc01,t5965, 5.09779379789104E-02 , 2.41768196726423E-02 , 0.221930461728395 , 0.221930461728395 
period1,sc01,t5966, 5.47002200984183E-02 , 4.27341261886204E-02 , 0.219838913580247 , 0.219838913580247 
period1,sc01,t5967, 4.85877435553603E-02 , 2.49225102498725E-02 , 0.223876235308642 , 0.223876235308642 
period1,sc01,t5968, 5.29591620105448E-02 , 4.38763961335677E-02 , 0.224344343703704 , 0.224344343703704 
period1,sc01,t5969, 4.64778522917399E-02 , 3.22469164156159E-02 , 0.223160038518518 , 0.223160038518518 
period1,sc01,t5970, 5.46848302987698E-02 , 4.56540339964851E-02 , 0.21903036271605 , 0.21903036271605 
period1,sc01,t5971, 4.83049269859403E-02 , 4.39637677714286E-02 , 0.21622080691358 , 0.21622080691358 
period1,sc01,t5972, 4.81221612295082E-02 , 4.44718211691348E-02 , 0.222406266296296 , 0.222406266296296 
period1,sc01,t5973, 4.19555412574535E-02 , 2.48928707326578E-02 , 0.232945466781116 , 0.232945466781116 
period1,sc01,t5974, 5.45257894797891E-02 , 4.41336454559626E-02 , 0.262394222222223 , 0.262394222222223 
period1,sc01,t5975, 3.68508537004713E-02 , 2.92333354325799E-02 , 0.266221483703704 , 0.266221483703704 
period1,sc01,t5976, 5.55192118094573E-02 , 5.54559449812968E-02 , 0.216678955555556 , 0.216678955555556 
period1,sc01,t5977, 3.91453119873484E-02 , 5.52642504987531E-02 , 0.214323473950617 , 0.214323473950617 
period1,sc01,t5978, 3.93175082762256E-02 , 6.42430280236908E-02 , 0.216069082918455 , 0.216069082918455 
period1,sc01,t5979, 3.93175082762256E-02 , 6.42461145531119E-02 , 0.218118592592593 , 0.218118592592593 
period1,sc01,t5980, 4.62914579757511E-02 , 6.45315892452831E-02 , 0.219589467037037 , 0.219589467037037 
period1,sc01,t5981, 5.45547921454929E-02 , 5.51227881379741E-02 , 0.217525081851852 , 0.217525081851852 
period1,sc01,t5982, 0.07687535914602 , 6.64079701950325E-02 , 0.25732832962963 , 0.25732832962963 
period1,sc01,t5983, 7.67833458618872E-02 , 5.61464491369576E-02 , 0.26712835944206 , 0.26712835944206 
period1,sc01,t5984, 7.69673724301529E-02 , 0.055737578592 , 0.266157155278969 , 0.266157155278969 
period1,sc01,t5985, 7.76640444385873E-02 , 5.18539464792657E-02 , 0.263054282222222 , 0.263054282222222 
period1,sc01,t5986, 7.72302675276753E-02 , 5.58584767400453E-02 , 0.2629239 , 0.2629239 
period1,sc01,t5987, 7.58500682656826E-02 , 5.56327030590545E-02 , 0.259362835555556 , 0.259362835555556 
period1,sc01,t5988, 8.35859498154981E-02 , 5.57983955379276E-02 , 0.22321074271605 , 0.22321074271605 
period1,sc01,t5989, 8.37496793357933E-02 , 5.02219838167171E-02 , 0.223388207407408 , 0.223388207407408 
period1,sc01,t5990, 8.55358195571956E-02 , 5.04540377975992E-02 , 0.22288026 , 0.22288026 
period1,sc01,t5991, 8.55655885608856E-02 , 5.00307198873653E-02 , 0.231204192618025 , 0.231204192618025 
period1,sc01,t5992, 8.49945649446495E-02 , 5.25516668160253E-02 , 0.231204192618025 , 0.231204192618025 
period1,sc01,t5993, 8.53423210332103E-02 , 4.74413920611492E-02 , 0.231124872103004 , 0.231124872103004 
period1,sc01,t5994, 5.79826735898787E-02 , 5.28306062467053E-02 , 0.298962798283262 , 0.298962798283262 
period1,sc01,t5995, 5.12675982393252E-02 , 4.82691443384291E-02 , 0.228541289613734 , 0.228541289613734 
period1,sc01,t5996, 5.64380537877418E-02 , 5.23081602319452E-02 , 0.228200400257511 , 0.228200400257511 
period1,sc01,t5997, 4.66426162361624E-02 , 0.052654833811281 , 0.234574370214592 , 0.234574370214592 
period1,sc01,t5998, 5.03502103321033E-02 , 5.27270913020559E-02 , 0.234610253304721 , 0.234610253304721 
period1,sc01,t5999, 4.98782363099631E-02 , 5.12124564299706E-02 , 0.234789668755364 , 0.234789668755364 
period1,sc01,t6000, 4.67453464815131E-02 , 4.85245618662093E-02 , 0.258335585922747 , 0.258335585922747 
period1,sc01,t6001, 4.17517371930718E-02 , 4.04797963893744E-02 , 0.272728824197531 , 0.272728824197531 
period1,sc01,t6002, 4.72380545119382E-02 , 4.90422606726458E-02 , 0.341886633333334 , 0.341886633333334 
period1,sc01,t6003, 4.69400077563203E-02 , 0.049978040360298 , 0.312835844444444 , 0.312835844444444 
period1,sc01,t6004, 4.78101138100436E-02 , 0.055005 , 0.24850739639485 , 0.24850739639485 
period1,sc01,t6005, 6.03996617275281E-02 , 4.94176907029877E-02 , 0.248462070386266 , 0.248462070386266 
period1,sc01,t6006, 7.83757515273877E-02 , 4.93653731177504E-02 , 0.458482019742489 , 0.458482019742489 
period1,sc01,t6007, 7.82558143609551E-02 , 4.74641520758123E-02 , 0.719261677777778 , 0.719261677777778 
period1,sc01,t6008, 7.90953745259831E-02 , 4.99606258207382E-02 , 0.661348958369098 , 0.661348958369098 
period1,sc01,t6009, 7.90020900632022E-02 , 5.02526275722021E-02 , 0.648687772839506 , 0.648687772839506 
period1,sc01,t6010, 7.76961075842696E-02 , 4.93892698418277E-02 , 0.619257149356223 , 0.619257149356223 
period1,sc01,t6011, 8.29944526211377E-02 , 3.22631500258665E-02 , 0.614809534763949 , 0.614809534763949 
period1,sc01,t6012, 8.34363853493679E-02 , 4.61305290433213E-02 , 0.583076607296137 , 0.583076607296137 
period1,sc01,t6013, 8.10435326544944E-02 , 2.09582882182985E-02 , 0.608975973703703 , 0.608975973703703 
period1,sc01,t6014, 7.88406287570225E-02 , 0.055005 , 0.699295326180257 , 0.699295326180257 
period1,sc01,t6015, 7.62313676966292E-02 , 2.90093164334323E-02 , 0.62464466483691 , 0.62464466483691 
period1,sc01,t6016, 0.076888028511236 , 4.09527788804921E-02 , 0.722928677777778 , 0.722928677777778 
period1,sc01,t6017, 7.75446893258427E-02 , 5.45987556906855E-02 , 0.796126072222222 , 0.796126072222222 
period1,sc01,t6018, 7.34038634831461E-02 , 6.18283206064982E-02 , 0.807563943209877 , 0.807563943209877 
period1,sc01,t6019, 7.46584719101123E-02 , 5.71615137184116E-02 , 0.612684878111588 , 0.612684878111588 
period1,sc01,t6020, 8.19833301615169E-02 , 5.64370363104694E-02 , 0.924310358024691 , 0.924310358024691 
period1,sc01,t6021, 7.52394235955056E-02 , 0.049292754917399 , 0.468724088888889 , 0.468724088888889 
period1,sc01,t6022, 7.41941740870787E-02 , 4.71190810544816E-02 , 0.467367806008583 , 0.467367806008583 
period1,sc01,t6023, 7.45893293890449E-02 , 4.95087534622144E-02 , 0.440625460944206 , 0.440625460944206 
period1,sc01,t6024, 0.046350557768014 , 6.32331992361652E-02 , 0.340080296296297 , 0.340080296296297 
period1,sc01,t6025, 4.27641054217927E-02 , 6.35045232268122E-02 , 0.281476991358025 , 0.281476991358025 
period1,sc01,t6026, 4.67134589191564E-02 , 6.97886124395947E-02 , 0.310846746781116 , 0.310846746781116 
period1,sc01,t6027, 4.49147128383129E-02 , 7.00911047544817E-02 , 0.338085023454936 , 0.338085023454936 
period1,sc01,t6028, 4.79098825409836E-02 , 7.01499227045986E-02 , 0.311115857725321 , 0.311115857725321 
period1,sc01,t6029, 4.37208761111111E-02 , 6.32411952793205E-02 , 0.310846746781116 , 0.310846746781116 
period1,sc01,t6030, 7.76666232864675E-02 , 6.31440299824253E-02 , 0.448094839124463 , 0.448094839124463 
period1,sc01,t6031, 7.79525589543058E-02 , 6.31664563093146E-02 , 0.366651858369099 , 0.366651858369099 
period1,sc01,t6032, 0.077924944095941 , 7.05867993499649E-02 , 0.491652664429185 , 0.491652664429185 
period1,sc01,t6033, 7.78362210332104E-02 , 6.66175746661982E-02 , 0.486765043133048 , 0.486765043133048 
period1,sc01,t6034, 7.96866477859779E-02 , 6.34403395994378E-02 , 0.567729667381974 , 0.567729667381974 
period1,sc01,t6035, 8.19493758302583E-02 , 0.071042512262825 , 0.59255397167382 , 0.59255397167382 
period1,sc01,t6036, 8.14893303198032E-02 , 0.063507594940267 , 0.541347352360516 , 0.541347352360516 
period1,sc01,t6037, 7.73091016605166E-02 , 6.31376905657063E-02 , 0.522448210085837 , 0.522448210085837 
period1,sc01,t6038, 8.09875327798278E-02 , 6.31264813422348E-02 , 0.52301475944206 , 0.52301475944206 
period1,sc01,t6039, 7.95534665436654E-02 , 6.32497828004217E-02 , 0.47619417639485 , 0.47619417639485 
period1,sc01,t6040, 8.04037775522755E-02 , 6.31937366830639E-02 , 0.475778706866952 , 0.475778706866952 
period1,sc01,t6041, 7.78947531634447E-02 , 6.34804248857645E-02 , 0.52356947654321 , 0.52356947654321 
period1,sc01,t6042, 7.78539604481547E-02 , 6.44207839718805E-02 , 0.522985499382716 , 0.522985499382716 
period1,sc01,t6043, 7.63819416939891E-02 , 6.37797003514938E-02 , 0.477251735193133 , 0.477251735193133 
period1,sc01,t6044, 7.96849927065027E-02 , 6.32337352899825E-02 , 0.479234657939914 , 0.479234657939914 
period1,sc01,t6045, 7.96849927065027E-02 , 6.32000957996485E-02 , 0.402179224248927 , 0.402179224248927 
period1,sc01,t6046, 7.97255920913884E-02 , 5.46825381810193E-02 , 0.40409132832618 , 0.40409132832618 
period1,sc01,t6047, 8.10096926362038E-02 , 5.49098947363796E-02 , 0.452224669958847 , 0.452224669958847 
period1,sc01,t6048, 0.037224323778607 , 2.47462034980514E-02 , 0.30658800925926 , 0.30658800925926 
period1,sc01,t6049, 2.43677508426967E-02 , 2.63328040124708E-02 , 0.296911667725322 , 0.296911667725322 
period1,sc01,t6050, 2.49202934152335E-02 , 2.63328040124708E-02 , 0.30672829527897 , 0.30672829527897 
period1,sc01,t6051, 2.44030511506276E-02 , 2.63328040124708E-02 , 0.30587837081545 , 0.30587837081545 
period1,sc01,t6052, 4.03789262390158E-02 , 2.63328040124708E-02 , 0.308617016309012 , 0.308617016309012 
period1,sc01,t6053, 4.04127630579965E-02 , 2.24971803647701E-02 , 0.308249609547325 , 0.308249609547325 
period1,sc01,t6054, 4.01723277864584E-02 , 1.96965277596205E-02 , 0.311277141917696 , 0.311277141917696 
period1,sc01,t6055, 3.73496227132135E-02 , 1.96607485425031E-02 , 0.340739439227467 , 0.340739439227467 
period1,sc01,t6056, 4.13120348726179E-02 , 2.42634779344262E-02 , 0.402939272369098 , 0.402939272369098 
period1,sc01,t6057, 4.18025820784181E-02 , 2.17266981962957E-02 , 0.342330686695279 , 0.342330686695279 
period1,sc01,t6058, 4.18609214082779E-02 , 1.98614643759874E-02 , 0.323796667227467 , 0.323796667227467 
period1,sc01,t6059, 4.17108051031175E-02 , 1.82644113827842E-02 , 0.343123949527897 , 0.343123949527897 
period1,sc01,t6060, 4.70969686736842E-02 , 2.24674207751431E-02 , 0.340489183690988 , 0.340489183690988 
period1,sc01,t6061, 4.19132036235501E-02 , 2.27097808440816E-02 , 0.330339669055794 , 0.330339669055794 
period1,sc01,t6062, 5.23674465511423E-02 , 2.59067759104478E-02 , 0.340215319141631 , 0.340215319141631 
period1,sc01,t6063, 4.05733429332161E-02 , 1.95427501297371E-02 , 0.342513651687242 , 0.342513651687242 
period1,sc01,t6064, 4.08604697047918E-02 , 1.96682415102255E-02 , 0.340784150617284 , 0.340784150617284 
period1,sc01,t6065, 4.06429421218363E-02 , 2.13969370375571E-02 , 0.326172678283262 , 0.326172678283262 
period1,sc01,t6066, 0.04004215359495 , 2.45850864388917E-02 , 0.338514520024691 , 0.338514520024691 
period1,sc01,t6067, 4.06501253710099E-02 , 2.20770949413564E-02 , 0.338302044738197 , 0.338302044738197 
period1,sc01,t6068, 4.16566164691099E-02 , 2.41965408272629E-02 , 0.338184944034335 , 0.338184944034335 
period1,sc01,t6069, 4.19789227642002E-02 , 4.35185963339192E-02 , 0.329121337119342 , 0.329121337119342 
period1,sc01,t6070, 4.82507514285715E-02 , 4.43197446552618E-02 , 0.308901568065843 , 0.308901568065843 
period1,sc01,t6071, 4.18455333177023E-02 , 4.50551687021602E-02 , 0.345633092098766 , 0.345633092098766 
period1,sc01,t6072, 5.27142836133567E-02 , 8.46920173458725E-02 , 0.556910549383691 , 0.556910549383691 
period1,sc01,t6073, 2.96982074358524E-02 , 0.402981403163445 , 0.3367409 , 0.3367409 
period1,sc01,t6074, 3.32371826229508E-02 , 0.861740926115993 , 0.466334 , 0.466334 
period1,sc01,t6075, 3.39003698066784E-02 , 0.350651404920914 , 0.40142465 , 0.40142465 
period1,sc01,t6076, 3.84451909836066E-02 , 0.855068129613357 , 0.3368819 , 0.3368819 
period1,sc01,t6077, 5.14900461202186E-02 , 0.423798311107206 , 0.509586533333333 , 0.509586533333333 
period1,sc01,t6078, 3.43378324253076E-02 , 0.936446685019332 , 0.361752539917696 , 0.361752539917696 
period1,sc01,t6079, 3.42897173110721E-02 , 0.928152101230228 , 0.3629434 , 0.3629434 
period1,sc01,t6080, 0.034309925659051 , 1.01620564718805 , 0.3604524 , 0.3604524 
period1,sc01,t6081, 3.45874536379614E-02 , 0.923846375887522 , 0.3616744 , 0.3616744 
period1,sc01,t6082, 0.035059751599297 , 0.929522227223199 , 0.3621256 , 0.3621256 
period1,sc01,t6083, 3.50557099297013E-02 , 0.920750456977154 , 0.361618 , 0.361618 
period1,sc01,t6084, 3.87174699453552E-02 , 0.901846605975396 , 0.6023708 , 0.6023708 
period1,sc01,t6085, 4.66045836065573E-02 , 0.925057337082601 , 0.59737 , 0.59737 
period1,sc01,t6086, 9.52766920765028E-02 , 1.03017154024605 , 0.7261688 , 0.7261688 
period1,sc01,t6087, 3.91753270569046E-02 , 0.911978686731107 , 0.41936314 , 0.41936314 
period1,sc01,t6088, 3.89143485792349E-02 , 1.19772980810896 , 0.464054735 , 0.464054735 
period1,sc01,t6089, 0.039214587943761 , 0.936477555676625 , 0.4980402 , 0.4980402 
period1,sc01,t6090, 3.86922502636204E-02 , 0.841716185413006 , 0.417114761578045 , 0.417114761578045 
period1,sc01,t6091, 0.03872689314587 , 0.870277317223199 , 0.415987728987993 , 0.415987728987993 
period1,sc01,t6092, 4.66139226713532E-02 , 0.863137034270651 , 0.518186105060035 , 0.518186105060035 
period1,sc01,t6093, 3.90367544815466E-02 , 0.785623585237258 , 0.471510519939965 , 0.471510519939965 
period1,sc01,t6094, 4.45853894551845E-02 , 0.420905630439368 , 0.472837131217839 , 0.472837131217839 
period1,sc01,t6095, 8.33045841827768E-02 , 0.335442024850615 , 0.474955013293311 , 0.474955013293311 
period1,sc01,t6096, 5.81583074972677E-02 , 0.166085675922672 , 0.38804798 , 0.38804798 
period1,sc01,t6097, 4.36117056284153E-02 , 0.273165824340949 , 0.367721288626609 , 0.367721288626609 
period1,sc01,t6098, 0.062022593442623 , 0.163080097297297 , 0.41072355193133 , 0.41072355193133 
period1,sc01,t6099, 5.58865617486338E-02 , 0.114732960100167 , 0.411315778969957 , 0.411315778969957 
period1,sc01,t6100, 6.51759073114755E-02 , 0.131137612468828 , 0.40499869055794 , 0.40499869055794 
period1,sc01,t6101, 6.33810581967213E-02 , 0.134872822934973 , 0.405764825536481 , 0.405764825536481 
period1,sc01,t6102, 6.34657976721311E-02 , 0.109788498796133 , 0.371418477424892 , 0.371418477424892 
period1,sc01,t6103, 5.01078401967213E-02 , 0.100543238646749 , 0.360699168025751 , 0.360699168025751 
period1,sc01,t6104, 5.01765414098361E-02 , 0.100544008523726 , 0.458505933476395 , 0.458505933476395 
period1,sc01,t6105, 0.050377458546448 , 9.82666161906854E-02 , 0.381427114377683 , 0.381427114377683 
period1,sc01,t6106, 5.72346534972678E-02 , 9.78314786842105E-02 , 0.371575464592274 , 0.371575464592274 
period1,sc01,t6107, 0.062898713442623 , 9.68804273684211E-02 , 0.432081327038627 , 0.432081327038627 
period1,sc01,t6108, 7.22878792349727E-02 , 0.109683603057997 , 0.361318377777778 , 0.361318377777778 
period1,sc01,t6109, 7.29621245901639E-02 , 0.100767561550967 , 0.36276256223176 , 0.36276256223176 
period1,sc01,t6110, 8.26539028688524E-02 , 0.106956313866432 , 0.372148890772532 , 0.372148890772532 
period1,sc01,t6111, 6.34879799453552E-02 , 0.110459831520211 , 0.359195099356223 , 0.359195099356223 
period1,sc01,t6112, 0.063490373715847 , 0.108571708233743 , 0.356762268283262 , 0.356762268283262 
period1,sc01,t6113, 5.69362301092896E-02 , 0.109893394534271 , 0.432353939484978 , 0.432353939484978 
period1,sc01,t6114, 5.55570172407733E-02 , 0.102339169165202 , 0.351740559012876 , 0.351740559012876 
period1,sc01,t6115, 5.63526850966608E-02 , 0.105412710527241 , 0.357681398148148 , 0.357681398148148 
period1,sc01,t6116, 5.89675438524591E-02 , 0.112917856239016 , 0.358394182789699 , 0.358394182789699 
period1,sc01,t6117, 4.95802313040422E-02 , 0.109517617581722 , 0.337769171137339 , 0.337769171137339 
period1,sc01,t6118, 4.98023950819672E-02 , 0.1117053 , 0.327470530944206 , 0.327470530944206 
period1,sc01,t6119, 0.0547575 , 0.102915999490334 , 0.342316628755364 , 0.342316628755364 
period1,sc01,t6120, 5.09252063831283E-02 , 0.120666756 , 0.351321964377407 , 0.351321964377407 
period1,sc01,t6121, 2.83685155434783E-02 , 0.115754560498773 , 0.351215886777921 , 0.351215886777921 
period1,sc01,t6122, 4.81127562489045E-02 , 0.109531002100841 , 0.358511607381258 , 0.358511607381258 
period1,sc01,t6123, 5.00598812445224E-02 , 0.108548229946524 , 0.358348574518614 , 0.358348574518614 
period1,sc01,t6124, 5.04141482208589E-02 , 0.115729706597788 , 0.346842577086008 , 0.346842577086008 
period1,sc01,t6125, 5.50587686765995E-02 , 0.115987053811075 , 0.346163741976894 , 0.346163741976894 
period1,sc01,t6126, 5.53855831380095E-02 , 0.116050645609114 , 0.345569234210526 , 0.345569234210526 
period1,sc01,t6127, 5.03240461919369E-02 , 0.113332999535495 , 0.348140749679076 , 0.348140749679076 
period1,sc01,t6128, 0.0569322 , 0.113155098404908 , 0.349848846854942 , 0.349848846854942 
period1,sc01,t6129, 5.72416430905615E-02 , 8.75831895869948E-02 , 0.347646029268293 , 0.347646029268293 
period1,sc01,t6130, 5.72515629517026E-02 , 7.86480391533462E-02 , 0.347625415917843 , 0.347625415917843 
period1,sc01,t6131, 6.18408995882656E-02 , 7.92048841998247E-02 , 0.349966905134788 , 0.349966905134788 
period1,sc01,t6132, 5.48351928220859E-02 , 0.106006812199825 , 0.349390668292683 , 0.349390668292683 
period1,sc01,t6133, 5.32407995179667E-02 , 0.10606380964943 , 0.349379424646983 , 0.349379424646983 
period1,sc01,t6134, 7.00041908413672E-02 , 0.105050329745837 , 0.35153070885751 , 0.35153070885751 
period1,sc01,t6135, 4.84791135933392E-02 , 0.105499016739702 , 0.349997825160462 , 0.349997825160462 
period1,sc01,t6136, 5.04377576098418E-02 , 0.105475616968366 , 0.349233257252889 , 0.349233257252889 
period1,sc01,t6137, 5.53405305448155E-02 , 0.106314552996485 , 0.33344155686778 , 0.33344155686778 
period1,sc01,t6138, 5.32551202987698E-02 , 7.92613675043936E-02 , 0.33290326732991 , 0.33290326732991 
period1,sc01,t6139, 5.33638356326889E-02 , 6.53327011977153E-02 , 0.330528047175867 , 0.330528047175867 
period1,sc01,t6140, 5.50155390421793E-02 , 0.115135503532513 , 0.33758811970475 , 0.33758811970475 
period1,sc01,t6141, 4.84541357029877E-02 , 0.107646883465729 , 0.339944600449294 , 0.339944600449294 
period1,sc01,t6142, 5.33686460456942E-02 , 0.107162917434095 , 0.340260827984596 , 0.340260827984596 
period1,sc01,t6143, 5.55483813934426E-02 , 9.01925500175746E-02 , 0.450401707317073 , 0.450401707317073 
period1,sc01,t6144, 8.18678416871705E-02 , 9.12461074323374E-02 , 0.367817911802575 , 0.367817911802575 
period1,sc01,t6145, 7.82519504393673E-02 , 9.90495154285714E-02 , 0.363118514871244 , 0.363118514871244 
period1,sc01,t6146, 8.21760929525483E-02 , 9.86245529194145E-02 , 0.382058010193133 , 0.382058010193133 
period1,sc01,t6147, 8.25005072056239E-02 , 9.93594942025556E-02 , 0.357606203562231 , 0.357606203562231 
period1,sc01,t6148, 8.35496188524591E-02 , 8.81307828910176E-02 , 0.357565322896995 , 0.357565322896995 
period1,sc01,t6149, 9.11445673770491E-02 , 7.34651385869906E-02 , 0.365280961094421 , 0.365280961094421 
period1,sc01,t6150, 9.43389767213114E-02 , 0.069172176122449 , 0.357203035622318 , 0.357203035622318 
period1,sc01,t6151, 6.75868853360656E-02 , 6.30846383985705E-02 , 0.350032472961374 , 0.350032472961374 
period1,sc01,t6152, 7.14893973934426E-02 , 0.056326395827768 , 0.365830265665236 , 0.365830265665236 
period1,sc01,t6153, 8.29962509508196E-02 , 6.14564772123527E-02 , 0.350009918111588 , 0.350009918111588 
period1,sc01,t6154, 0.102705505327869 , 6.18749368944417E-02 , 0.349835118025751 , 0.349835118025751 
period1,sc01,t6155, 0.083099115 , 0.053584886690336 , 0.356629766523605 , 0.356629766523605 
period1,sc01,t6156, 8.89810956063269E-02 , 5.35889224137931E-02 , 0.37294115195279 , 0.37294115195279 
period1,sc01,t6157, 8.97969416520211E-02 , 6.55901045304276E-02 , 0.371299816738197 , 0.371299816738197 
period1,sc01,t6158, 0.107389968927944 , 6.71297857201781E-02 , 0.372715133562231 , 0.372715133562231 
period1,sc01,t6159, 8.45323913114754E-02 , 5.95215872816327E-02 , 0.373045468133047 , 0.373045468133047 
period1,sc01,t6160, 0.126695483606557 , 5.60336148506151E-02 , 0.372784677682403 , 0.372784677682403 
period1,sc01,t6161, 9.67200880492091E-02 , 5.68597744217926E-02 , 0.380564221287554 , 0.380564221287554 
period1,sc01,t6162, 7.45009827943761E-02 , 5.62395005272407E-02 , 0.398168281545064 , 0.398168281545064 
period1,sc01,t6163, 8.32386169771529E-02 , 5.65011869947275E-02 , 0.39141122446352 , 0.39141122446352 
period1,sc01,t6164, 9.46496862917399E-02 , 5.65732277398946E-02 , 0.399390002575107 , 0.399390002575107 
period1,sc01,t6165, 0.083729663936731 , 5.48193152031093E-02 , 0.389956906545064 , 0.389956906545064 
period1,sc01,t6166, 7.37232352196837E-02 , 0.054505195277732 , 0.389557497746782 , 0.389557497746782 
period1,sc01,t6167, 6.99179099077329E-02 , 5.63370080781332E-02 , 0.397302141666667 , 0.397302141666667 
period1,sc01,t6168, 8.36117126098418E-02 , 9.37310898242531E-02 , 0.347903859012875 , 0.347903859012875 
period1,sc01,t6169, 7.42838773770492E-02 , 9.17461210017575E-02 , 0.349919698712446 , 0.349919698712446 
period1,sc01,t6170, 7.68449090163935E-02 , 0.090702838629174 , 0.346043083905579 , 0.346043083905579 
period1,sc01,t6171, 7.99874675409836E-02 , 8.61713981632653E-02 , 0.3492166 , 0.3492166 
period1,sc01,t6172, 9.68180441803279E-02 , 9.06083433478038E-02 , 0.354587222222223 , 0.354587222222223 
period1,sc01,t6173, 0.094837143442623 , 9.08332970298769E-02 , 0.357753279978541 , 0.357753279978541 
period1,sc01,t6174, 9.70148778688524E-02 , 8.99636179245283E-02 , 0.358450736111111 , 0.358450736111111 
period1,sc01,t6175, 6.93442691557376E-02 , 9.00585309790923E-02 , 0.356416477777778 , 0.356416477777778 
period1,sc01,t6176, 8.24264503278689E-02 , 9.00268932942376E-02 , 0.377818317222222 , 0.377818317222222 
period1,sc01,t6177, 7.73111675409836E-02 , 9.02641759306476E-02 , 0.356458255686695 , 0.356458255686695 
period1,sc01,t6178, 0.107979132540984 , 9.06438281489036E-02 , 0.3518730305 , 0.3518730305 
period1,sc01,t6179, 0.119974819672131 , 0.112564626405975 , 0.373582644444445 , 0.373582644444445 
period1,sc01,t6180, 0.118957745901639 , 8.54675699472759E-02 , 0.368058833333334 , 0.368058833333334 
period1,sc01,t6181, 0.118778262295082 , 9.01647963793983E-02 , 0.36742355 , 0.36742355 
period1,sc01,t6182, 0.190014906885246 , 8.94860315227159E-02 , 0.358987688111588 , 0.358987688111588 
period1,sc01,t6183, 0.119356598360656 , 9.02303049974503E-02 , 0.356042516666667 , 0.356042516666667 
period1,sc01,t6184, 0.118329553278688 , 9.30888034797891E-02 , 0.359947209012875 , 0.359947209012875 
period1,sc01,t6185, 0.118858032786885 , 9.28686789806678E-02 , 0.375952566666667 , 0.375952566666667 
period1,sc01,t6186, 9.33494237704918E-02 , 9.47651362038665E-02 , 0.355091844444445 , 0.355091844444445 
period1,sc01,t6187, 9.45918491803279E-02 , 9.40564661599297E-02 , 0.348130310555555 , 0.348130310555555 
period1,sc01,t6188, 0.117012143606558 , 9.96044116871705E-02 , 0.347771668333333 , 0.347771668333333 
period1,sc01,t6189, 9.15089988688524E-02 , 9.47478187170474E-02 , 0.377433993333333 , 0.377433993333333 
period1,sc01,t6190, 0.108993183374341 , 9.30380055184534E-02 , 0.393226866666666 , 0.393226866666666 
period1,sc01,t6191, 9.41451344262295E-02 , 9.36137157469244E-02 , 0.387067772222222 , 0.387067772222222 
period1,sc01,t6192, 6.41963084710017E-02 , 0.060678068523966 , 0.35867051053648 , 0.35867051053648 
period1,sc01,t6193, 4.31693920400729E-02 , 6.06063489547038E-02 , 0.356564604997942 , 0.356564604997942 
period1,sc01,t6194, 6.26801080510018E-02 , 0.060916915856461 , 0.356244130201646 , 0.356244130201646 
period1,sc01,t6195, 4.82663941803279E-02 , 6.07316908644573E-02 , 0.481122610534979 , 0.481122610534979 
period1,sc01,t6196, 6.88448074225866E-02 , 8.66061999648876E-02 , 0.367851810843622 , 0.367851810843622 
period1,sc01,t6197, 7.16760336065573E-02 , 7.95949482092696E-02 , 0.391989575555555 , 0.391989575555555 
period1,sc01,t6198, 0.058702478734062 , 6.28175555272543E-02 , 0.372014795061728 , 0.372014795061728 
period1,sc01,t6199, 4.81877827330663E-02 , 6.07819756097561E-02 , 0.363528072839507 , 0.363528072839507 
period1,sc01,t6200, 0.050540252065732 , 0.063108256097561 , 0.364106920600859 , 0.364106920600859 
period1,sc01,t6201, 0.048271864065914 , 6.07819756097561E-02 , 0.373816315144033 , 0.373816315144033 
period1,sc01,t6202, 5.74408137174586E-02 , 6.08509024390244E-02 , 0.373669703004292 , 0.373669703004292 
period1,sc01,t6203, 6.39055611940299E-02 , 5.64901667462606E-02 , 0.382128222875537 , 0.382128222875537 
period1,sc01,t6204, 9.34887276743369E-02 , 6.08240975609756E-02 , 0.353045563090129 , 0.353045563090129 
period1,sc01,t6205, 7.75782158528017E-02 , 6.04760771208226E-02 , 0.331381786695279 , 0.331381786695279 
period1,sc01,t6206, 9.53529624977244E-02 , 6.07245365853658E-02 , 0.344082210729613 , 0.344082210729613 
period1,sc01,t6207, 6.47677876388131E-02 , 6.07704878048781E-02 , 0.393341170624463 , 0.393341170624463 
period1,sc01,t6208, 7.04052020666424E-02 , 5.62271620382051E-02 , 0.354764241416309 , 0.354764241416309 
period1,sc01,t6209, 7.22705016666666E-02 , 5.61359894662922E-02 , 0.401487003433476 , 0.401487003433476 
period1,sc01,t6210, 5.94611161748634E-02 , 5.86186622191012E-02 , 0.39771480890558 , 0.39771480890558 
period1,sc01,t6211, 0.058756141848816 , 5.84060258953651E-02 , 0.403116703862661 , 0.403116703862661 
period1,sc01,t6212, 7.33960358105647E-02 , 5.60057257724719E-02 , 0.406853775536481 , 0.406853775536481 
period1,sc01,t6213, 5.88788713797814E-02 , 5.85669398700843E-02 , 0.32813175193133 , 0.32813175193133 
period1,sc01,t6214, 5.85369180874317E-02 , 5.84175197507023E-02 , 0.325153719341564 , 0.325153719341564 
period1,sc01,t6215, 6.53378234972677E-02 , 5.83428096910112E-02 , 0.323740163703703 , 0.323740163703703 
period1,sc01,t6216, 5.95664346221441E-02 , 5.50863105043421E-02 , 0.337369062553648 , 0.337369062553648 
period1,sc01,t6217, 4.20885700456782E-02 , 3.91946038632986E-02 , 0.323202218755364 , 0.323202218755364 
period1,sc01,t6218, 5.40158800175747E-02 , 4.34818747803164E-02 , 0.326938760922747 , 0.326938760922747 
period1,sc01,t6219, 5.11716448154657E-02 , 3.50855733289431E-02 , 0.324490422746782 , 0.324490422746782 
period1,sc01,t6220, 6.20442257377049E-02 , 4.75254721315655E-02 , 0.386800840429185 , 0.386800840429185 
period1,sc01,t6221, 7.06273560655737E-02 , 0.045188132508924 , 0.357891778969957 , 0.357891778969957 
period1,sc01,t6222, 9.19499940983607E-02 , 4.17433681898066E-02 , 0.462580636480686 , 0.462580636480686 
period1,sc01,t6223, 9.00677181967214E-02 , 3.86745538567257E-02 , 0.400656773819743 , 0.400656773819743 
period1,sc01,t6224, 0.114995007205624 , 4.75524775043937E-02 , 0.495803727038626 , 0.495803727038626 
period1,sc01,t6225, 0.129410204393674 , 0.04348667728471 , 0.472122540772532 , 0.472122540772532 
period1,sc01,t6226, 0.10173249295082 , 3.43466297807241E-02 , 0.471146770815451 , 0.471146770815451 
period1,sc01,t6227, 0.10188121942623 , 3.43271209841917E-02 , 0.496901468240344 , 0.496901468240344 
period1,sc01,t6228, 9.38221159836066E-02 , 4.11233363901268E-02 , 0.487021797424893 , 0.487021797424893 
period1,sc01,t6229, 8.64399469672131E-02 , 3.47448154981549E-02 , 0.398509610793992 , 0.398509610793992 
period1,sc01,t6230, 0.109305 , 4.80096759226713E-02 , 0.389719706137339 , 0.389719706137339 
period1,sc01,t6231, 0.092945087704918 , 3.30263670866142E-02 , 0.389616968819743 , 0.389616968819743 
period1,sc01,t6232, 8.82849914754098E-02 , 0.033588952761888 , 0.416344621480686 , 0.416344621480686 
period1,sc01,t6233, 8.36925886885246E-02 , 3.67998678261986E-02 , 0.40288978583691 , 0.40288978583691 
period1,sc01,t6234, 0.106310926660808 , 4.56689352811951E-02 , 0.43722 , 0.43722 
period1,sc01,t6235, 0.105823376414763 , 4.74449014059754E-02 , 0.441761083261802 , 0.441761083261802 
period1,sc01,t6236, 0.131519080123023 , 0.047467953427065 , 0.413069693562232 , 0.413069693562232 
period1,sc01,t6237, 7.69113394639719E-02 , 4.77906817223199E-02 , 0.407740488412017 , 0.407740488412017 
period1,sc01,t6238, 9.33564249180328E-02 , 4.83869606678383E-02 , 0.385035072103005 , 0.385035072103005 
period1,sc01,t6239, 7.72414036065574E-02 , 4.77521656370826E-02 , 0.410114236480686 , 0.410114236480686 
period1,sc01,t6240, 8.50924270393121E-02 , 0.075266601965602 , 0.389161785185186 , 0.389161785185186 
period1,sc01,t6241, 4.40886050465076E-02 , 7.35104791505791E-02 , 0.340482095061728 , 0.340482095061728 
period1,sc01,t6242, 6.69400755352756E-02 , 7.52283122148122E-02 , 0.357924437037037 , 0.357924437037037 
period1,sc01,t6243, 5.24061282266279E-02 , 8.02162132477188E-02 , 0.365071014814815 , 0.365071014814815 
period1,sc01,t6244, 9.95728281193161E-02 , 8.54062745671168E-02 , 0.340150821888412 , 0.340150821888412 
period1,sc01,t6245, 8.92457415469262E-02 , 7.72609274131274E-02 , 0.477358130369099 , 0.477358130369099 
period1,sc01,t6246, 8.64874182702801E-02 , 6.10207860652861E-02 , 0.409819394291846 , 0.409819394291846 
period1,sc01,t6247, 3.96970286977887E-02 , 5.07838247806248E-02 , 0.60824839248927 , 0.60824839248927 
period1,sc01,t6248, 0.106705085385595 , 7.86493552123552E-02 , 0.544805958798283 , 0.544805958798283 
period1,sc01,t6249, 9.78698763186613E-02 , 0.056237482976483 , 0.549252528540773 , 0.549252528540773 
period1,sc01,t6250, 0.114878400040916 , 6.23439504382889E-02 , 0.651723610622317 , 0.651723610622317 
period1,sc01,t6251, 0.11473604799509 , 5.86058339758192E-02 , 0.618605370965665 , 0.618605370965665 
period1,sc01,t6252, 0.12306015365521 , 6.74583115988066E-02 , 0.502627068669528 , 0.502627068669528 
period1,sc01,t6253, 9.76858018003273E-02 , 5.86753128290628E-02 , 0.389841826931331 , 0.389841826931331 
period1,sc01,t6254, 0.109408074091653 , 5.72283633741889E-02 , 0.484024691227468 , 0.484024691227468 
period1,sc01,t6255, 0.104060142989634 , 6.07498047945206E-02 , 0.42835759055794 , 0.42835759055794 
period1,sc01,t6256, 9.36779029283376E-02 , 5.33120871533871E-02 , 0.502937622746781 , 0.502937622746781 
period1,sc01,t6257, 7.67995291505791E-02 , 5.62066974376975E-02 , 0.616355736051502 , 0.616355736051502 
period1,sc01,t6258, 0.206824945945946 , 5.62605721305721E-02 , 0.800382553648069 , 0.800382553648069 
period1,sc01,t6259, 9.54103672426337E-02 , 4.78099417339417E-02 , 0.698643155793991 , 0.698643155793991 
period1,sc01,t6260, 0.11126177761004 , 5.63067504387505E-02 , 0.743113558583691 , 0.743113558583691 
period1,sc01,t6261, 0.206428389724465 , 5.62143938223938E-02 , 0.69742917167382 , 0.69742917167382 
period1,sc01,t6262, 0.110404061240786 , 4.77406742716742E-02 , 0.465200596995709 , 0.465200596995709 
period1,sc01,t6263, 8.39006863313932E-02 , 5.62297865917866E-02 , 0.365540970386267 , 0.365540970386267 
period1,sc01,t6264, 0.085312793172232 , 5.86479811950791E-02 , 0.391992498148148 , 0.391992498148148 
period1,sc01,t6265, 5.17543845342706E-02 , 5.57318334622144E-02 , 0.383537549356223 , 0.383537549356223 
period1,sc01,t6266, 5.72428872131147E-02 , 5.65401574692443E-02 , 0.394502333333334 , 0.394502333333334 
period1,sc01,t6267, 6.41082891036907E-02 , 5.53852708260105E-02 , 0.425811406866952 , 0.425811406866952 
period1,sc01,t6268, 7.74449110819672E-02 , 5.69317558523726E-02 , 0.392601444444444 , 0.392601444444444 
period1,sc01,t6269, 8.67243383606558E-02 , 4.94575614411248E-02 , 0.446654577777777 , 0.446654577777777 
period1,sc01,t6270, 9.34329180327869E-02 , 3.97119119133574E-02 , 0.845560637037038 , 0.845560637037038 
period1,sc01,t6271, 0.039071707147541 , 4.16184421792619E-02 , 0.62078144974271 , 0.62078144974271 
period1,sc01,t6272, 8.50031213114754E-02 , 4.94245094551845E-02 , 0.73505562962963 , 0.73505562962963 
period1,sc01,t6273, 9.34079972459016E-02 , 3.85906096660809E-02 , 0.695589555555555 , 0.695589555555555 
period1,sc01,t6274, 0.102470709836066 , 0.039416522741652 , 0.592375814814815 , 0.592375814814815 
period1,sc01,t6275, 0.116475230491803 , 3.88679757469244E-02 , 0.578458592592592 , 0.578458592592592 
period1,sc01,t6276, 0.107442527016393 , 3.99755072056239E-02 , 0.470433792592592 , 0.470433792592592 
period1,sc01,t6277, 7.56629927873462E-02 , 3.74268318453427E-02 , 0.466741903519313 , 0.466741903519313 
period1,sc01,t6278, 8.56542269508197E-02 , 0.03988659543058 , 0.470810691502146 , 0.470810691502146 
period1,sc01,t6279, 9.38086129180328E-02 , 3.98556695957821E-02 , 0.482448746781116 , 0.482448746781116 
period1,sc01,t6280, 0.128599273442623 , 3.92216899824254E-02 , 0.539279613733906 , 0.539279613733906 
period1,sc01,t6281, 0.102440059672131 , 0.039403379261863 , 0.561204811158799 , 0.561204811158799 
period1,sc01,t6282, 0.133281336393443 , 3.97992606498195E-02 , 0.646226983796478 , 0.646226983796478 
period1,sc01,t6283, 0.090546534 , 4.79143553068592E-02 , 0.582246841911148 , 0.582246841911148 
period1,sc01,t6284, 0.122740885245902 , 5.95440454873646E-02 , 0.566225919999999 , 0.566225919999999 
period1,sc01,t6285, 0.114915077049181 , 4.82836022382672E-02 , 0.578502041481481 , 0.578502041481481 
period1,sc01,t6286, 0.11669728460457 , 3.74218063971881E-02 , 0.588241834074074 , 0.588241834074074 
period1,sc01,t6287, 0.145319299339191 , 0.047695562003515 , 0.602734769613733 , 0.602734769613733 
period1,sc01,t6288, 0.165774817213114 , 0.540023637184116 , 0.315458513304721 , 0.315458513304721 
period1,sc01,t6289, 0.142702979617486 , 0.265983840949033 , 0.317207265145922 , 0.317207265145922 
period1,sc01,t6290, 0.161211887704918 , 0.268388610369068 , 0.322574414592275 , 0.322574414592275 
period1,sc01,t6291, 0.16879487773224 , 0.272436212545127 , 0.325862305579399 , 0.325862305579399 
period1,sc01,t6292, 0.177926527868853 , 0.440400356384477 , 0.303127394635193 , 0.303127394635193 
period1,sc01,t6293, 0.175688633351549 , 0.510202176895307 , 0.32560288527897 , 0.32560288527897 
period1,sc01,t6294, 0.173411215737705 , 0.499934587888086 , 0.315284229021459 , 0.315284229021459 
period1,sc01,t6295, 0.26727211726776 , 0.364667065884477 , 0.318721061728395 , 0.318721061728395 
period1,sc01,t6296, 0.289216308378871 , 0.553525 , 0.316625802575107 , 0.316625802575107 
period1,sc01,t6297, 0.19264888132969 , 0.332115 , 0.319432103055794 , 0.319432103055794 
period1,sc01,t6298, 0.196155547905283 , 0.510122245487365 , 0.310315682098766 , 0.310315682098766 
period1,sc01,t6299, 0.192980593032787 , 0.310413622743682 , 0.323524672103004 , 0.323524672103004 
period1,sc01,t6300, 0.281146337340619 , 0.310593468411553 , 0.324593438065843 , 0.324593438065843 
period1,sc01,t6301, 0.208625488160292 , 0.364667065884477 , 0.300620140193133 , 0.300620140193133 
period1,sc01,t6302, 0.281029381238615 , 0.364307374548736 , 0.323353625751073 , 0.323353625751073 
period1,sc01,t6303, 0.206044387978142 , 0.138760643233743 , 0.317973916872428 , 0.317973916872428 
period1,sc01,t6304, 0.133571934426229 , 0.154530560755712 , 0.315331575308641 , 0.315331575308641 
period1,sc01,t6305, 0.115621189253188 , 0.224157196133568 , 0.322263166152263 , 0.322263166152263 
period1,sc01,t6306, 0.173351124499089 , 0.268341915817224 , 0.325439440987124 , 0.325439440987124 
period1,sc01,t6307, 0.169702295765027 , 0.138469775087873 , 0.308989955555555 , 0.308989955555555 
period1,sc01,t6308, 0.180517710473588 , 0.267501413884007 , 0.307049201234568 , 0.307049201234568 
period1,sc01,t6309, 0.262005076010545 , 0.267186225659051 , 0.30710387037037 , 0.30710387037037 
period1,sc01,t6310, 0.205293764551845 , 0.267186225659051 , 0.317764351851852 , 0.317764351851852 
period1,sc01,t6311, 0.185896264033392 , 0.103254300571177 , 0.309354416460905 , 0.309354416460905 
period1,sc01,t6312, 5.48505335676625E-02 , 8.86640041652021E-02 , 0.336022934012876 , 0.336022934012876 
period1,sc01,t6313, 3.62388343100122E-02 , 5.39631425219684E-02 , 0.336866287553648 , 0.336866287553648 
period1,sc01,t6314, 0.044246979086116 , 6.31255474850615E-02 , 0.334607912592593 , 0.334607912592593 
period1,sc01,t6315, 4.19243142530755E-02 , 5.40255964850615E-02 , 0.322620793415638 , 0.322620793415638 
period1,sc01,t6316, 6.08393543715847E-02 , 8.18407238646748E-02 , 0.333036749785408 , 0.333036749785408 
period1,sc01,t6317, 9.71186364586995E-02 , 9.18307966425993E-02 , 0.334503947381974 , 0.334503947381974 
period1,sc01,t6318, 0.091173734262295 , 0.104739459704745 , 0.337141371460905 , 0.337141371460905 
period1,sc01,t6319, 0.094671666837434 , 5.59327021074007E-02 , 0.352051402575107 , 0.352051402575107 
period1,sc01,t6320, 9.71052117750439E-02 , 0.122481074134446 , 0.341493034670782 , 0.341493034670782 
period1,sc01,t6321, 9.25566393442623E-02 , 5.50639665817224E-02 , 0.335369631974249 , 0.335369631974249 
period1,sc01,t6322, 9.07529947677596E-02 , 0.102444831058875 , 0.348422256518518 , 0.348422256518518 
period1,sc01,t6323, 9.12455211111111E-02 , 5.10705123154658E-02 , 0.360233119742489 , 0.360233119742489 
period1,sc01,t6324, 9.36697387978142E-02 , 5.56244957644991E-02 , 0.364993909871245 , 0.364993909871245 
period1,sc01,t6325, 8.27256723770492E-02 , 5.16402831282953E-02 , 0.364851371244635 , 0.364851371244635 
period1,sc01,t6326, 9.30728593806922E-02 , 8.17235399956063E-02 , 0.358376316566523 , 0.358376316566523 
period1,sc01,t6327, 9.01010653233151E-02 , 4.72125990047554E-02 , 0.366856414592275 , 0.366856414592275 
period1,sc01,t6328, 9.23021589981785E-02 , 4.93042087531381E-02 , 0.334661690128755 , 0.334661690128755 
period1,sc01,t6329, 9.34060304657293E-02 , 4.70253972580916E-02 , 0.336030060944206 , 0.336030060944206 
period1,sc01,t6330, 9.82239354130052E-02 , 5.67820327637381E-02 , 0.383943945150214 , 0.383943945150214 
period1,sc01,t6331, 0.089338935 , 4.61620393936731E-02 , 0.373418892961373 , 0.373418892961373 
period1,sc01,t6332, 9.94485000351494E-02 , 5.47514042019713E-02 , 0.385646806609442 , 0.385646806609442 
period1,sc01,t6333, 9.77573790158172E-02 , 5.46272752416521E-02 , 0.383695927939914 , 0.383695927939914 
period1,sc01,t6334, 8.88403150105448E-02 , 5.46728997100175E-02 , 0.371697976609442 , 0.371697976609442 
period1,sc01,t6335, 8.96578198769772E-02 , 4.87193734338747E-02 , 0.383034548712446 , 0.383034548712446 
period1,sc01,t6336, 7.23823921792618E-02 , 6.79288992970123E-02 , 0.340296717167382 , 0.340296717167382 
period1,sc01,t6337, 4.52261249261863E-02 , 5.66272612653778E-02 , 0.349519916566523 , 0.349519916566523 
period1,sc01,t6338, 8.28458630052724E-02 , 8.40951757398946E-02 , 0.34868178944206 , 0.34868178944206 
period1,sc01,t6339, 6.57416486643234E-02 , 6.37395845656978E-02 , 0.369801262618026 , 0.369801262618026 
period1,sc01,t6340, 8.35637917398946E-02 , 8.35463980193321E-02 , 0.374623819484979 , 0.374623819484979 
period1,sc01,t6341, 0.097406002513181 , 8.84180795254833E-02 , 0.375847751158798 , 0.375847751158798 
period1,sc01,t6342, 9.17812546221441E-02 , 8.81413364815465E-02 , 0.334675337860082 , 0.334675337860082 
period1,sc01,t6343, 8.59812076010545E-02 , 0.0703530275 , 0.338446090665236 , 0.338446090665236 
period1,sc01,t6344, 8.65135254920913E-02 , 9.67802955184535E-02 , 0.358565417811159 , 0.358565417811159 
period1,sc01,t6345, 8.66693685588752E-02 , 6.33741376054481E-02 , 0.356142085185185 , 0.356142085185185 
period1,sc01,t6346, 9.20767922231986E-02 , 5.66192842794376E-02 , 0.348661834034335 , 0.348661834034335 
period1,sc01,t6347, 0.103430377943761 , 0.104706792974517 , 0.32927563055794 , 0.32927563055794 
period1,sc01,t6348, 0.140613055017575 , 9.06243971001757E-02 , 0.355568059259259 , 0.355568059259259 
period1,sc01,t6349, 0.139306191247804 , 8.93900457465128E-02 , 0.343034409055794 , 0.343034409055794 
period1,sc01,t6350, 0.139897655571177 , 0.105876005096661 , 0.356897715879829 , 0.356897715879829 
period1,sc01,t6351, 0.128445038488576 , 7.11730811107205E-02 , 0.354332020600858 , 0.354332020600858 
period1,sc01,t6352, 9.96975376449912E-02 , 8.89573626871705E-02 , 0.352450510729613 , 0.352450510729613 
period1,sc01,t6353, 8.69814438137083E-02 , 9.80243162038665E-02 , 0.357239808583691 , 0.357239808583691 
period1,sc01,t6354, 0.100193667258348 , 0.106149460065905 , 0.349058091416309 , 0.349058091416309 
period1,sc01,t6355, 9.92307866871705E-02 , 8.81592166036906E-02 , 0.341099684763948 , 0.341099684763948 
period1,sc01,t6356, 0.104469223278689 , 0.159331344367311 , 0.338030353004292 , 0.338030353004292 
period1,sc01,t6357, 0.128024787521969 , 9.35640526115993E-02 , 0.350188897854078 , 0.350188897854078 
period1,sc01,t6358, 0.101181646151142 , 6.91628088700361E-02 , 0.360019311802575 , 0.360019311802575 
period1,sc01,t6359, 8.86044686115993E-02 , 7.28435008787346E-02 , 0.331891689484979 , 0.331891689484979 
period1,sc01,t6360, 3.30912738357463E-02 , 5.64147884115523E-02 , 0.342110340329218 , 0.342110340329218 
period1,sc01,t6361, 3.27757298734622E-02 , 3.92654290085679E-02 , 0.342695737339056 , 0.342695737339056 
period1,sc01,t6362, 4.06376918629174E-02 , 6.33647073813708E-02 , 0.331769536480687 , 0.331769536480687 
period1,sc01,t6363, 4.05945813356767E-02 , 5.44512124521073E-02 , 0.345362808230453 , 0.345362808230453 
period1,sc01,t6364, 4.19273180404218E-02 , 5.44618009314587E-02 , 0.335824770699589 , 0.335824770699589 
period1,sc01,t6365, 5.14331892970123E-02 , 5.70670749560633E-02 , 0.3441506672103 , 0.3441506672103 
period1,sc01,t6366, 5.18899278558876E-02 , 5.55523807557117E-02 , 0.299991553862661 , 0.299991553862661 
period1,sc01,t6367, 4.34635675043937E-02 , 5.69447342706503E-02 , 0.30097320472103 , 0.30097320472103 
period1,sc01,t6368, 5.01422037785589E-02 , 5.71486354130053E-02 , 0.300930524248928 , 0.300930524248928 
period1,sc01,t6369, 5.02408530931459E-02 , 3.05780496309964E-02 , 0.307930921810699 , 0.307930921810699 
period1,sc01,t6370, 4.72477785149385E-02 , 2.48667091118477E-02 , 0.27310862718107 , 0.27310862718107 
period1,sc01,t6371, 4.72477785149385E-02 , 0.020004454603498 , 0.291668861802576 , 0.291668861802576 
period1,sc01,t6372, 0.050222599086116 , 3.00680504079552E-02 , 0.307514405679012 , 0.307514405679012 
period1,sc01,t6373, 5.20635351142355E-02 , 2.97517309818658E-02 , 0.302994362188841 , 0.302994362188841 
period1,sc01,t6374, 6.06658330228471E-02 , 0.049759375063743 , 0.303903930472103 , 0.303903930472103 
period1,sc01,t6375, 6.25539576010545E-02 , 0.038898951616231 , 0.333023290473251 , 0.333023290473251 
period1,sc01,t6376, 5.92078427592267E-02 , 0.04763370390625 , 0.315887658583691 , 0.315887658583691 
period1,sc01,t6377, 4.75967407557118E-02 , 4.59404809050966E-02 , 0.316420690257511 , 0.316420690257511 
period1,sc01,t6378, 6.29236983391915E-02 , 0.057086494112478 , 0.299522068669528 , 0.299522068669528 
period1,sc01,t6379, 4.73613805799648E-02 , 0.049257078629174 , 0.324375381802576 , 0.324375381802576 
period1,sc01,t6380, 6.01042310193322E-02 , 5.42823679261863E-02 , 0.298540417811159 , 0.298540417811159 
period1,sc01,t6381, 5.11422903339192E-02 , 5.11387948857645E-02 , 0.300841843712446 , 0.300841843712446 
period1,sc01,t6382, 5.89830466045694E-02 , 4.82135734184915E-02 , 0.331082125226337 , 0.331082125226337 
period1,sc01,t6383, 5.86901280492092E-02 , 4.95834161290322E-02 , 0.29911850109442 , 0.29911850109442 
period1,sc01,t6384, 3.99637694586995E-02 , 4.54558304059652E-02 , 0.273800244032922 , 0.273800244032922 
period1,sc01,t6385, 1.81775117378017E-02 , 3.12296185264194E-02 , 0.255064458765433 , 0.255064458765433 
period1,sc01,t6386, 4.15241536344464E-02 , 4.72478610402855E-02 , 0.271538794506438 , 0.271538794506438 
period1,sc01,t6387, 4.11208162012302E-02 , 4.67995713921469E-02 , 0.254989717982832 , 0.254989717982832 
period1,sc01,t6388, 4.49095422880492E-02 , 4.37267326415094E-02 , 0.252230752532189 , 0.252230752532189 
period1,sc01,t6389, 5.74154746924429E-02 , 4.41906339747311E-02 , 0.284424185 , 0.284424185 
period1,sc01,t6390, 6.63771554446397E-02 , 4.56025256309314E-02 , 0.272646378765433 , 0.272646378765433 
period1,sc01,t6391, 4.27684066460457E-02 , 5.12092732302285E-02 , 0.299595350858369 , 0.299595350858369 
period1,sc01,t6392, 4.55428506168717E-02 , 5.30000583289404E-02 , 0.301717631974249 , 0.301717631974249 
period1,sc01,t6393, 4.58002836063269E-02 , 4.16201357768014E-02 , 0.340956251716739 , 0.340956251716739 
period1,sc01,t6394, 4.40525271432942E-02 , 3.44409805254833E-02 , 0.342795562017168 , 0.342795562017168 
period1,sc01,t6395, 5.65067149961336E-02 , 0.027210952540484 , 0.304425757001717 , 0.304425757001717 
period1,sc01,t6396, 5.80218809841827E-02 , 4.69825827521969E-02 , 0.303002323358024 , 0.303002323358024 
period1,sc01,t6397, 4.98993197662566E-02 , 5.61379658963093E-02 , 0.315812785586266 , 0.315812785586266 
period1,sc01,t6398, 6.27861873332162E-02 , 5.38701411693895E-02 , 0.349489142333047 , 0.349489142333047 
period1,sc01,t6399, 6.63879703339191E-02 , 4.49978460552336E-02 , 0.324180232599141 , 0.324180232599141 
period1,sc01,t6400, 5.73656489525483E-02 , 4.52523935905097E-02 , 0.308381594678111 , 0.308381594678111 
period1,sc01,t6401, 4.47148549687171E-02 , 3.58833816628159E-02 , 0.310117149012875 , 0.310117149012875 
period1,sc01,t6402, 6.04433242776486E-02 , 4.29121287996485E-02 , 0.412562016566524 , 0.412562016566524 
period1,sc01,t6403, 5.01314690819348E-02 , 2.80125127534199E-02 , 0.410694409184549 , 0.410694409184549 
period1,sc01,t6404, 6.56381785192244E-02 , 4.28176916414763E-02 , 0.358296231669528 , 0.358296231669528 
period1,sc01,t6405, 4.86198943601801E-02 , 4.33263776836555E-02 , 0.347556074369099 , 0.347556074369099 
period1,sc01,t6406, 0.044121051057548 , 2.83162290244325E-02 , 0.352796693871245 , 0.352796693871245 
period1,sc01,t6407, 4.73293351397188E-02 , 2.80892138901326E-02 , 0.353219263622318 , 0.353219263622318 
period1,sc01,t6408, 1.38462102896481E-02 , 1.76602313069387E-02 , 0.25514205060515 , 0.25514205060515 
period1,sc01,t6409, 1.38138621159821E-02 , 1.75623511346939E-02 , 0.261249599356223 , 0.261249599356223 
period1,sc01,t6410, 1.39798179634465E-02 , 0.017576818244898 , 0.244443720600858 , 0.244443720600858 
period1,sc01,t6411, 3.33258809016393E-02 , 1.82738158693878E-02 , 0.236897296137339 , 0.236897296137339 
period1,sc01,t6412, 3.95241894376099E-02 , 1.75347321061225E-02 , 0.256369571888412 , 0.256369571888412 
period1,sc01,t6413, 3.41009814762742E-02 , 2.60447008329083E-02 , 0.251343247789699 , 0.251343247789699 
period1,sc01,t6414, 3.46603919771529E-02 , 2.04880915774265E-02 , 0.260157939484978 , 0.260157939484978 
period1,sc01,t6415, 1.68658301171606E-02 , 2.26000851606323E-02 , 0.275629777777778 , 0.275629777777778 
period1,sc01,t6416, 3.26418345674856E-02 , 2.26506315431679E-02 , 0.263940851851852 , 0.263940851851852 
period1,sc01,t6417, 3.51024322722821E-02 , 1.90406739758627E-02 , 0.269826185185186 , 0.269826185185186 
period1,sc01,t6418, 3.26331900792284E-02 , 1.90087863335034E-02 , 0.257728555555556 , 0.257728555555556 
period1,sc01,t6419, 3.26826402632032E-02 , 1.85649236734694E-02 , 0.306314076609442 , 0.306314076609442 
period1,sc01,t6420, 3.47874785035035E-02 , 0.022938469318375 , 0.299384759656652 , 0.299384759656652 
period1,sc01,t6421, 3.40311925864187E-02 , 2.27208830528642E-02 , 0.300526811115879 , 0.300526811115879 
period1,sc01,t6422, 3.52318682304946E-02 , 2.26125447735785E-02 , 0.296673477366255 , 0.296673477366255 
period1,sc01,t6423, 4.06283876098418E-02 , 2.27314996599796E-02 , 0.282806921781115 , 0.282806921781115 
period1,sc01,t6424, 4.19689495519241E-02 , 1.87949515553289E-02 , 0.269598168862661 , 0.269598168862661 
period1,sc01,t6425, 3.24026440482299E-02 , 1.88305906850246E-02 , 0.294099326180257 , 0.294099326180257 
period1,sc01,t6426, 4.23395904680268E-02 , 1.89056204317525E-02 , 0.291309791845493 , 0.291309791845493 
period1,sc01,t6427, 4.23260520731309E-02 , 2.26289716131226E-02 , 0.272861734592275 , 0.272861734592275 
period1,sc01,t6428, 4.33098797387755E-02 , 2.24482248127978E-02 , 0.286166250472103 , 0.286166250472103 
period1,sc01,t6429, 3.85774591836735E-02 , 2.27130049294577E-02 , 0.26828292 , 0.26828292 
period1,sc01,t6430, 3.43544703722591E-02 , 1.76112072412034E-02 , 0.262971406666667 , 0.262971406666667 
period1,sc01,t6431, 3.28148787268401E-02 , 1.77346412653061E-02 , 0.269512872575107 , 0.269512872575107 
period1,sc01,t6432, 7.29388288224956E-02 , 5.76992804920914E-02 , 0.264480060085837 , 0.264480060085837 
period1,sc01,t6433, 6.22356571311475E-02 , 2.80978306397188E-02 , 0.263554465432099 , 0.263554465432099 
period1,sc01,t6434, 7.11792719323375E-02 , 3.71140286972212E-02 , 0.246597063950617 , 0.246597063950617 
period1,sc01,t6435, 6.78659840632689E-02 , 2.89876123940104E-02 , 0.23835206399177 , 0.23835206399177 
period1,sc01,t6436, 7.45232393624772E-02 , 3.68539270306859E-02 , 0.264427433333333 , 0.264427433333333 
period1,sc01,t6437, 8.11402644990893E-02 , 6.89761444765343E-02 , 0.264550194444444 , 0.264550194444444 
period1,sc01,t6438, 9.20050730755712E-02 , 3.06965849531784E-02 , 0.266882655555556 , 0.266882655555556 
period1,sc01,t6439, 9.00945563585237E-02 , 2.68507436234427E-02 , 0.293401689914163 , 0.293401689914163 
period1,sc01,t6440, 9.04753703866432E-02 , 2.36251978231292E-02 , 0.289387622866953 , 0.289387622866953 
period1,sc01,t6441, 9.21937907759227E-02 , 2.17049983666842E-02 , 0.327609363304721 , 0.327609363304721 
period1,sc01,t6442, 9.16639093760983E-02 , 1.97793031442325E-02 , 0.299139322961373 , 0.299139322961373 
period1,sc01,t6443, 9.04586714235501E-02 , 1.99149071647118E-02 , 0.332469754935622 , 0.332469754935622 
period1,sc01,t6444, 8.06664771353251E-02 , 1.98034876986161E-02 , 0.329800095922747 , 0.329800095922747 
period1,sc01,t6445, 7.27880616871705E-02 , 1.98957311965738E-02 , 0.330269538626609 , 0.330269538626609 
period1,sc01,t6446, 9.14404151142355E-02 , 2.14084815364355E-02 , 0.33610295695279 , 0.33610295695279 
period1,sc01,t6447, 7.25480626362039E-02 , 1.99084269824408E-02 , 0.309579918369099 , 0.309579918369099 
period1,sc01,t6448, 7.82699817574692E-02 , 0.026874166496312 , 0.317725934742489 , 0.317725934742489 
period1,sc01,t6449, 0.071828065483304 , 2.71027875417179E-02 , 0.307180126954732 , 0.307180126954732 
period1,sc01,t6450, 9.02770799086116E-02 , 2.77265832466632E-02 , 0.264675589914163 , 0.264675589914163 
period1,sc01,t6451, 9.00850806678383E-02 , 2.71998209767944E-02 , 0.259810456437768 , 0.259810456437768 
period1,sc01,t6452, 9.29650692794376E-02 , 2.72997847103411E-02 , 0.260066516094421 , 0.260066516094421 
period1,sc01,t6453, 8.88850854130053E-02 , 1.97537532501305E-02 , 0.266292559227468 , 0.266292559227468 
period1,sc01,t6454, 9.31879810193322E-02 , 1.94142734068242E-02 , 0.237353076180257 , 0.237353076180257 
period1,sc01,t6455, 9.04196424516696E-02 , 0.018435846304652 , 0.238894175965665 , 0.238894175965665 
period1,sc01,t6456, 2.47109728994394E-02 , 2.03932119237965E-02 , 0.261545023519313 , 0.261545023519313 
period1,sc01,t6457, 1.85295440743338E-02 , 1.95616942857143E-02 , 0.261785750356223 , 0.261785750356223 
period1,sc01,t6458, 1.82526860118323E-02 , 2.07747874285714E-02 , 0.274328041481481 , 0.274328041481481 
period1,sc01,t6459, 1.82112233257721E-02 , 2.18123555265306E-02 , 0.279253359506173 , 0.279253359506173 
period1,sc01,t6460, 1.99921386010544E-02 , 2.04630484897959E-02 , 0.273966500246913 , 0.273966500246913 
period1,sc01,t6461, 3.48390954833041E-02 , 2.47334347727671E-02 , 0.275200100740741 , 0.275200100740741 
period1,sc01,t6462, 3.77395958066783E-02 , 2.08465814159292E-02 , 0.271537451851852 , 0.271537451851852 
period1,sc01,t6463, 2.37961041101043E-02 , 1.97753151261938E-02 , 0.272060687407408 , 0.272060687407408 
period1,sc01,t6464, 3.46228556309314E-02 , 2.64128529846895E-02 , 0.285683888148148 , 0.285683888148148 
period1,sc01,t6465, 3.59938276287608E-02 , 1.96360552220888E-02 , 0.292775728395062 , 0.292775728395062 
period1,sc01,t6466, 3.53880235423466E-02 , 1.95037654258032E-02 , 0.298726589356223 , 0.298726589356223 
period1,sc01,t6467, 0.036974615681544 , 1.86985786664333E-02 , 0.289231453519314 , 0.289231453519314 
period1,sc01,t6468, 3.65300123304437E-02 , 1.95348476549127E-02 , 0.285455662660944 , 0.285455662660944 
period1,sc01,t6469, 3.52181012155261E-02 , 0.019561924018358 , 0.287725051851851 , 0.287725051851851 
period1,sc01,t6470, 3.69758259225512E-02 , 1.96619532071504E-02 , 0.287619483090128 , 0.287619483090128 
period1,sc01,t6471, 3.55818526080843E-02 , 0.019590675 , 0.297104671416309 , 0.297104671416309 
period1,sc01,t6472, 3.47187553286467E-02 , 2.59988719708414E-02 , 0.292447341630901 , 0.292447341630901 
period1,sc01,t6473, 6.07508252900622E-02 , 2.00674105046344E-02 , 0.276906066666667 , 0.276906066666667 
period1,sc01,t6474, 7.48432013391363E-02 , 2.49266632403764E-02 , 0.276275640493827 , 0.276275640493827 
period1,sc01,t6475, 7.52953001824817E-02 , 1.96707514700795E-02 , 0.278372216296296 , 0.278372216296296 
period1,sc01,t6476, 5.46484611232555E-02 , 3.88660293110721E-02 , 0.277038173819742 , 0.277038173819742 
period1,sc01,t6477, 7.11598941004535E-02 , 3.01036599648506E-02 , 0.270377885555556 , 0.270377885555556 
period1,sc01,t6478, 3.70124719023362E-02 , 0.018805403696416 , 0.276251113827161 , 0.276251113827161 
period1,sc01,t6479, 3.57310072226842E-02 , 0.022115198107399 , 0.284989550729614 , 0.284989550729614 
period1,sc01,t6480, 0.022934302031746 , 0.022074 , 0.222496209334764 , 0.222496209334764 
period1,sc01,t6481, 2.73770157142857E-02 , 3.35589780579965E-02 , 0.222566836660944 , 0.222566836660944 
period1,sc01,t6482, 2.36521742063492E-02 , 3.43378721441125E-02 , 0.222590379103004 , 0.222590379103004 
period1,sc01,t6483, 2.61641136507936E-02 , 3.39677737961336E-02 , 0.222589573828326 , 0.222589573828326 
period1,sc01,t6484, 2.81593385185185E-02 , 3.40498239015817E-02 , 0.226471660944206 , 0.226471660944206 
period1,sc01,t6485, 2.61716123583181E-02 , 4.12814835500879E-02 , 0.222956873819742 , 0.222956873819742 
period1,sc01,t6486, 2.88959171428572E-02 , 2.99931471119134E-02 , 0.226765349356223 , 0.226765349356223 
period1,sc01,t6487, 2.38982728409507E-02 , 3.42942284710017E-02 , 0.223340563519314 , 0.223340563519314 
period1,sc01,t6488, 2.75741386288848E-02 , 2.90912314641183E-02 , 0.223357616394849 , 0.223357616394849 
period1,sc01,t6489, 4.11273268783069E-02 , 2.23280720187624E-02 , 0.241072606666666 , 0.241072606666666 
period1,sc01,t6490, 7.85907182036033E-02 , 3.50187134446397E-02 , 0.240792820987654 , 0.240792820987654 
period1,sc01,t6491, 0.044427846727496 , 3.29608051570397E-02 , 0.244394607407407 , 0.244394607407407 
period1,sc01,t6492, 4.79636485714286E-02 , 3.47743088752197E-02 , 0.254431745150215 , 0.254431745150215 
period1,sc01,t6493, 3.29243596892139E-02 , 2.94970797833935E-02 , 0.257536358765432 , 0.257536358765432 
period1,sc01,t6494, 2.80277250274223E-02 , 0.034060301534296 , 0.257572316394849 , 0.257572316394849 
period1,sc01,t6495, 2.68812490859232E-02 , 2.98257990974729E-02 , 0.252482980429184 , 0.252482980429184 
period1,sc01,t6496, 2.69236214808044E-02 , 3.45892407942238E-02 , 0.252258450901287 , 0.252258450901287 
period1,sc01,t6497, 2.84744434589801E-02 , 0.022074 , 0.252875907103004 , 0.252875907103004 
period1,sc01,t6498, 0.041113700952381 , 3.43023584837545E-02 , 0.22074 , 0.22074 
period1,sc01,t6499, 4.06348305198238E-02 , 2.23518259141494E-02 , 0.220568902815451 , 0.220568902815451 
period1,sc01,t6500, 4.05869615873016E-02 , 2.23556024691358E-02 , 0.227489375308642 , 0.227489375308642 
period1,sc01,t6501, 2.75788740740741E-02 , 2.23596768311422E-02 , 0.220467481481481 , 0.220467481481481 
period1,sc01,t6502, 2.75148293455313E-02 , 0.022074 , 0.227271360493827 , 0.227271360493827 
period1,sc01,t6503, 2.64928877777778E-02 , 0.022074 , 0.22074 , 0.22074 
period1,sc01,t6504, 2.59345287202925E-02 , 2.70167981253254E-02 , 0.248479344206008 , 0.248479344206008 
period1,sc01,t6505, 3.69065577148081E-02 , 2.66063041825095E-02 , 0.246620580772533 , 0.246620580772533 
period1,sc01,t6506, 0.042430102047532 , 2.24354011870062E-02 , 0.249047773390558 , 0.249047773390558 
period1,sc01,t6507, 2.74289888888889E-02 , 2.70671119203554E-02 , 0.250804219570816 , 0.250804219570816 
period1,sc01,t6508, 3.67124517915905E-02 , 2.77518960861391E-02 , 0.250254264334764 , 0.250254264334764 
period1,sc01,t6509, 4.24340366270567E-02 , 3.90280540228471E-02 , 0.249887627510729 , 0.249887627510729 
period1,sc01,t6510, 4.48170399378428E-02 , 2.82389828690085E-02 , 0.230554877253219 , 0.230554877253219 
period1,sc01,t6511, 0.039745074021164 , 2.79468286062294E-02 , 0.245168244206008 , 0.245168244206008 
period1,sc01,t6512, 5.55806968888889E-02 , 2.99155072407733E-02 , 0.252529285185185 , 0.252529285185185 
period1,sc01,t6513, 3.90809964554795E-02 , 3.32851091599297E-02 , 0.346078635193133 , 0.346078635193133 
period1,sc01,t6514, 5.21549681377863E-02 , 2.68713097472924E-02 , 0.346931278969957 , 0.346931278969957 
period1,sc01,t6515, 5.20877190454625E-02 , 4.53921356414763E-02 , 0.345652313304721 , 0.345652313304721 
period1,sc01,t6516, 4.76109905013642E-02 , 2.72375314586995E-02 , 0.345100936995708 , 0.345100936995708 
period1,sc01,t6517, 5.28642211058102E-02 , 2.70396801405976E-02 , 0.344988766969957 , 0.344988766969957 
period1,sc01,t6518, 4.71630280952381E-02 , 2.22109368675568E-02 , 0.344469980600858 , 0.344469980600858 
period1,sc01,t6519, 4.36890788148148E-02 , 2.76332340949034E-02 , 0.366740278145923 , 0.366740278145923 
period1,sc01,t6520, 5.21417078412698E-02 , 0.028083248857645 , 0.333804354334764 , 0.333804354334764 
period1,sc01,t6521, 4.88590634283716E-02 , 2.21889099877472E-02 , 0.301546945493562 , 0.301546945493562 
period1,sc01,t6522, 0.052245877819732 , 3.27364592057762E-02 , 0.293421013454936 , 0.293421013454936 
period1,sc01,t6523, 4.56070842048379E-02 , 2.23350074650913E-02 , 0.290591657188841 , 0.290591657188841 
period1,sc01,t6524, 5.30680843545931E-02 , 2.26546640934645E-02 , 0.276285005150215 , 0.276285005150215 
period1,sc01,t6525, 5.31697352751359E-02 , 2.21671315222482E-02 , 0.276713695493562 , 0.276713695493562 
period1,sc01,t6526, 5.03010984246575E-02 , 2.08695850085764E-02 , 0.260432936266095 , 0.260432936266095 
period1,sc01,t6527, 2.81158130489732E-02 , 0.020761704847021 , 0.302297745708155 , 0.302297745708155 
period1,sc01,t6528, 6.07457180327869E-02 , 7.04009650252306E-02 , 0.253539263961374 , 0.253539263961374 
period1,sc01,t6529, 5.78723406193078E-02 , 7.92143605030355E-02 , 0.251413228111588 , 0.251413228111588 
period1,sc01,t6530, 5.38440801457195E-02 , 9.92796924428822E-02 , 0.252916053776823 , 0.252916053776823 
period1,sc01,t6531, 5.51604071766848E-02 , 9.78569387521968E-02 , 0.246105762532189 , 0.246105762532189 
period1,sc01,t6532, 5.27832714025501E-02 , 0.139105940246046 , 0.245481597081545 , 0.245481597081545 
period1,sc01,t6533, 6.12988857644992E-02 , 0.102654657039711 , 0.247943038626609 , 0.247943038626609 
period1,sc01,t6534, 7.72673600182149E-02 , 0.102577061511424 , 0.250201111587983 , 0.250201111587983 
period1,sc01,t6535, 0.108113384885765 , 9.75013230228471E-02 , 0.251908859259259 , 0.251908859259259 
period1,sc01,t6536, 0.111288629173989 , 6.73694565905097E-02 , 0.302984567901234 , 0.302984567901234 
period1,sc01,t6537, 0.112857053533079 , 0.045050944814625 , 0.365587761316872 , 0.365587761316872 
period1,sc01,t6538, 9.45384302019315E-02 , 2.32080754453371E-02 , 0.357698747954173 , 0.357698747954173 
period1,sc01,t6539, 9.27333628556467E-02 , 2.27255779046339E-02 , 0.3580372299509 , 0.3580372299509 
period1,sc01,t6540, 0.129599351156685 , 2.32644493528904E-02 , 0.34290897167382 , 0.34290897167382 
period1,sc01,t6541, 0.119608716284208 , 2.32588313458262E-02 , 0.375865179423868 , 0.375865179423868 
period1,sc01,t6542, 0.121196320074792 , 2.69596910432033E-02 , 0.394348372839506 , 0.394348372839506 
period1,sc01,t6543, 0.110103204639719 , 2.31910847575863E-02 , 0.346587111111111 , 0.346587111111111 
period1,sc01,t6544, 9.18843585237259E-02 , 2.32273218142548E-02 , 0.338100819753086 , 0.338100819753086 
period1,sc01,t6545, 9.26264441530055E-02 , 4.42474223826715E-02 , 0.339337269135802 , 0.339337269135802 
period1,sc01,t6546, 8.26323028937792E-02 , 4.55234657293498E-02 , 0.301869324034335 , 0.301869324034335 
period1,sc01,t6547, 9.13603665917343E-02 , 4.53063550087874E-02 , 0.301917609871245 , 0.301917609871245 
period1,sc01,t6548, 9.18533427065026E-02 , 3.02190144404332E-02 , 0.304095738271605 , 0.304095738271605 
period1,sc01,t6549, 9.66509080843585E-02 , 2.28580459293948E-02 , 0.283965693133047 , 0.283965693133047 
period1,sc01,t6550, 9.16677130404218E-02 , 2.23013243436328E-02 , 0.284024393562231 , 0.284024393562231 
period1,sc01,t6551, 6.37389001054481E-02 , 0.021292062264151 , 0.274876594420601 , 0.274876594420601 
period1,sc01,t6552, 0.049223143560007 , 4.53199849235635E-02 , 0.409041064549356 , 0.409041064549356 
period1,sc01,t6553, 3.94575808118081E-02 , 0.044314397601476 , 0.440496179806867 , 0.440496179806867 
period1,sc01,t6554, 0.039435821402214 , 4.56010392619926E-02 , 0.439815706802575 , 0.439815706802575 
period1,sc01,t6555, 3.95446184501845E-02 , 4.36872603321033E-02 , 0.350633408369099 , 0.350633408369099 
period1,sc01,t6556, 4.83562299763249E-02 , 4.61493763837639E-02 , 0.438543497510729 , 0.438543497510729 
period1,sc01,t6557, 4.84085827353852E-02 , 4.91121531365314E-02 , 0.435593547386266 , 0.435593547386266 
period1,sc01,t6558, 6.23138977859779E-02 , 5.69306987005956E-02 , 0.647721088841201 , 0.647721088841201 
period1,sc01,t6559, 6.27335435424355E-02 , 0.067221364970222 , 0.6444256 , 0.6444256 
period1,sc01,t6560, 9.37879542888363E-02 , 0.108630661234434 , 0.80922191330472 , 0.80922191330472 
period1,sc01,t6561, 8.73767548716081E-02 , 9.08119245387454E-02 , 0.883545389999999 , 0.883545389999999 
period1,sc01,t6562, 9.35261904935349E-02 , 9.05974389298893E-02 , 0.85035587 , 0.85035587 
period1,sc01,t6563, 9.74828509378984E-02 , 4.91451808118082E-02 , 0.859648094806867 , 0.859648094806867 
period1,sc01,t6564, 0.123077913485704 , 7.68208253925285E-02 , 0.8022924 , 0.8022924 
period1,sc01,t6565, 0.111930802941176 , 0.102897882945317 , 0.808899 , 0.808899 
period1,sc01,t6566, 0.20900107195572 , 0.1216215 , 0.804349 , 0.804349 
period1,sc01,t6567, 0.107276038590421 , 0.114987200920411 , 0.7880418 , 0.7880418 
period1,sc01,t6568, 0.156096564575646 , 0.121279887872225 , 0.804006851716739 , 0.804006851716739 
period1,sc01,t6569, 0.120016743542436 , 0.120961422360585 , 0.795897169957082 , 0.795897169957082 
period1,sc01,t6570, 0.126056922509225 , 0.127464025175961 , 1.02083288369099 , 1.02083288369099 
period1,sc01,t6571, 0.114480644612546 , 0.110315176177585 , 1.03285931871245 , 1.03285931871245 
period1,sc01,t6572, 0.110974834594096 , 9.42464360855442E-02 , 0.997782216566524 , 0.997782216566524 
period1,sc01,t6573, 6.52042079335793E-02 , 4.88945590405904E-02 , 1.042959645 , 1.042959645 
period1,sc01,t6574, 7.12640092250922E-02 , 4.88479317343174E-02 , 0.937226762575107 , 0.937226762575107 
period1,sc01,t6575, 6.45450143911439E-02 , 4.81821326568266E-02 , 0.931160397939914 , 0.931160397939914 
period1,sc01,t6576, 0.066339 , 4.53605723753512E-02 , 0.348605750665236 , 0.348605750665236 
period1,sc01,t6577, 0.066213 , 0.042227836727528 , 0.332744053693133 , 0.332744053693133 
period1,sc01,t6578, 0.066213 , 4.33062778651686E-02 , 0.335307273540773 , 0.335307273540773 
period1,sc01,t6579, 8.66859631147541E-02 , 4.21801763869383E-02 , 0.333459466686695 , 0.333459466686695 
period1,sc01,t6580, 8.69121004098361E-02 , 4.96184016967184E-02 , 0.33513913609442 , 0.33513913609442 
period1,sc01,t6581, 9.23092438524591E-02 , 5.48770073648174E-02 , 0.332196588695279 , 0.332196588695279 
period1,sc01,t6582, 9.21764865553603E-02 , 6.33979400456461E-02 , 0.334814228240344 , 0.334814228240344 
period1,sc01,t6583, 9.30434230228471E-02 , 5.00776703146412E-02 , 0.364295024938272 , 0.364295024938272 
period1,sc01,t6584, 9.11183198066784E-02 , 4.98188502914326E-02 , 0.334473217081545 , 0.334473217081545 
period1,sc01,t6585, 0.088205203715847 , 4.27503568030197E-02 , 0.334711924892704 , 0.334711924892704 
period1,sc01,t6586, 9.21104440437159E-02 , 4.24874098207274E-02 , 0.348955771545064 , 0.348955771545064 
period1,sc01,t6587, 8.87609587322405E-02 , 4.25869063837829E-02 , 0.348830734120172 , 0.348830734120172 
period1,sc01,t6588, 9.52189099033392E-02 , 4.24205117180732E-02 , 0.349943283025751 , 0.349943283025751 
period1,sc01,t6589, 0.104036255008787 , 4.25848435582822E-02 , 0.349758095021459 , 0.349758095021459 
period1,sc01,t6590, 0.119772994376099 , 5.49004500526686E-02 , 0.34963826748927 , 0.34963826748927 
period1,sc01,t6591, 0.107409820934974 , 5.07222268609551E-02 , 0.349888815965666 , 0.349888815965666 
period1,sc01,t6592, 0.10741882000703 , 0.0551775 , 0.415725756437768 , 0.415725756437768 
period1,sc01,t6593, 0.105693556557377 , 5.48957425531915E-02 , 0.603176748669528 , 0.603176748669528 
period1,sc01,t6594, 0.182358923852459 , 0.089643837847097 , 0.463153777854077 , 0.463153777854077 
period1,sc01,t6595, 0.117887723754098 , 8.38488759480337E-02 , 0.442799200686695 , 0.442799200686695 
period1,sc01,t6596, 0.175152883060109 , 8.41670779841327E-02 , 0.442375778497854 , 0.442375778497854 
period1,sc01,t6597, 8.17511448087432E-02 , 7.98853180301966E-02 , 0.434120940321888 , 0.434120940321888 
period1,sc01,t6598, 0.102515573770492 , 7.98853180301966E-02 , 0.432464668068669 , 0.432464668068669 
period1,sc01,t6599, 8.05319200492091E-02 , 7.98810219076813E-02 , 0.474747683626609 , 0.474747683626609 
period1,sc01,t6600, 8.20782392206846E-02 , 0.119776621068796 , 0.517910697424893 , 0.517910697424893 
period1,sc01,t6601, 8.17514598506919E-02 , 0.100674911128869 , 0.513169821888412 , 0.513169821888412 
period1,sc01,t6602, 8.21406985330288E-02 , 0.103577312193238 , 0.59779935193133 , 0.59779935193133 
period1,sc01,t6603, 7.91641093863802E-02 , 9.42453720647596E-02 , 0.508705073497854 , 0.508705073497854 
period1,sc01,t6604, 8.41955694646759E-02 , 9.55211252632502E-02 , 0.5343909527897 , 0.5343909527897 
period1,sc01,t6605, 8.19001976458187E-02 , 7.61106068403029E-02 , 0.569145630901288 , 0.569145630901288 
period1,sc01,t6606, 8.76156400946832E-02 , 9.51416954194454E-02 , 0.709137096566524 , 0.709137096566524 
period1,sc01,t6607, 8.14161560588128E-02 , 9.47671701649701E-02 , 0.715436381974249 , 0.715436381974249 
period1,sc01,t6608, 8.56795525298665E-02 , 9.17645783165105E-02 , 0.702814200643777 , 0.702814200643777 
period1,sc01,t6609, 8.66120202037948E-02 , 5.25619648161499E-02 , 0.627661931330472 , 0.627661931330472 
period1,sc01,t6610, 0.094364588145643 , 4.58638458904109E-02 , 0.702837811158799 , 0.702837811158799 
period1,sc01,t6611, 0.1003391721694 , 4.29132800018025E-02 , 0.737403605150215 , 0.737403605150215 
period1,sc01,t6612, 0.123166917955025 , 0.052605653546323 , 0.559490346888412 , 0.559490346888412 
period1,sc01,t6613, 0.123910727160928 , 6.85435475122851E-02 , 0.558417485085837 , 0.558417485085837 
period1,sc01,t6614, 0.124928632378778 , 7.51417205028839E-02 , 0.568135100858369 , 0.568135100858369 
period1,sc01,t6615, 0.116454991619628 , 5.27829468952775E-02 , 0.565908157081545 , 0.565908157081545 
period1,sc01,t6616, 0.121392113073561 , 6.72653742339582E-02 , 0.566095152360514 , 0.566095152360514 
period1,sc01,t6617, 9.50834767844137E-02 , 7.57209184390771E-02 , 0.565789160085837 , 0.565789160085837 
period1,sc01,t6618, 0.103263449578356 , 9.43365217645998E-02 , 0.511875965665236 , 0.511875965665236 
period1,sc01,t6619, 0.102429950281096 , 7.54000452415285E-02 , 0.550125 , 0.550125 
period1,sc01,t6620, 0.103288964862966 , 7.49494742249459E-02 , 0.648000028969957 , 0.648000028969957 
period1,sc01,t6621, 9.36456591860889E-02 , 5.27291044520548E-02 , 0.632216399678112 , 0.632216399678112 
period1,sc01,t6622, 8.89273256099782E-02 , 3.91356624549387E-02 , 0.649437909334764 , 0.649437909334764 
period1,sc01,t6623, 7.44714790285871E-02 , 3.72721237249955E-02 , 0.640983314452789 , 0.640983314452789 
period1,sc01,t6624, 8.42013509016393E-02 , 0.217005882419762 , 0.638258330472104 , 0.638258330472104 
period1,sc01,t6625, 8.57094618306011E-02 , 0.104608254886405 , 0.671230223175966 , 0.671230223175966 
period1,sc01,t6626, 8.98698584699454E-02 , 0.173919219076812 , 0.624408444206008 , 0.624408444206008 
period1,sc01,t6627, 7.07599122040073E-02 , 0.11217209324378 , 0.590908323175966 , 0.590908323175966 
period1,sc01,t6628, 8.54624454826958E-02 , 0.150031777387641 , 0.684665216738197 , 0.684665216738197 
period1,sc01,t6629, 8.49444226393442E-02 , 0.149249436271068 , 0.698454384120172 , 0.698454384120172 
period1,sc01,t6630, 0.127031859650273 , 0.235872949087079 , 0.656543815450644 , 0.656543815450644 
period1,sc01,t6631, 0.143722027759562 , 0.233280985358146 , 0.666130120171673 , 0.666130120171673 
period1,sc01,t6632, 0.142487046229509 , 0.255521165164083 , 0.671608008583691 , 0.671608008583691 
period1,sc01,t6633, 0.141060393743409 , 0.173579963216733 , 0.684877721030042 , 0.684877721030042 
period1,sc01,t6634, 0.13216227344464 , 0.212921739271547 , 0.638126776824034 , 0.638126776824034 
period1,sc01,t6635, 0.141457197891037 , 0.12394147421565 , 0.640251819742489 , 0.640251819742489 
period1,sc01,t6636, 0.139751636203866 , 0.180846358848315 , 0.622991748927038 , 0.622991748927038 
period1,sc01,t6637, 0.101656891036907 , 0.103678574792643 , 0.642235193133048 , 0.642235193133048 
period1,sc01,t6638, 0.140433280755712 , 0.255160085827624 , 0.64067682832618 , 0.64067682832618 
period1,sc01,t6639, 0.103697563060109 , 0.103460736819329 , 0.626769603004292 , 0.626769603004292 
period1,sc01,t6640, 0.104097599271403 , 0.218568662982329 , 0.640960167381975 , 0.640960167381975 
period1,sc01,t6641, 9.50465194462659E-02 , 0.194739807518932 , 0.668396832618025 , 0.668396832618025 
period1,sc01,t6642, 0.096817381147541 , 0.232982275549946 , 0.67301148137339 , 0.67301148137339 
period1,sc01,t6643, 9.62928847723133E-02 , 0.12533916868013 , 0.753115210300429 , 0.753115210300429 
period1,sc01,t6644, 0.13239182379235 , 0.23617366137757 , 0.757081957081545 , 0.757081957081545 
period1,sc01,t6645, 9.05733089198542E-02 , 0.139607754327443 , 0.660274446351931 , 0.660274446351931 
period1,sc01,t6646, 0.102586460479053 , 0.140910219076812 , 0.737578785407725 , 0.737578785407725 
period1,sc01,t6647, 8.76949120947177E-02 , 0.138545744608727 , 0.62358203862661 , 0.62358203862661 
period1,sc01,t6648, 6.35505434094903E-02 , 0.1350719771529 , 0.887066582317597 , 0.887066582317597 
period1,sc01,t6649, 5.57567839718805E-02 , 6.43317757469245E-02 , 0.887312142832618 , 0.887312142832618 
period1,sc01,t6650, 5.59731698594024E-02 , 9.07846805054151E-02 , 0.887901488068669 , 0.887901488068669 
period1,sc01,t6651, 4.33927380105448E-02 , 5.77935554151624E-02 , 0.893034647296137 , 0.893034647296137 
period1,sc01,t6652, 6.45019451669595E-02 , 9.07449584837545E-02 , 0.893403932532189 , 0.893403932532189 
period1,sc01,t6653, 7.19255861159929E-02 , 8.50110846570398E-02 , 0.909093360515021 , 0.909093360515021 
period1,sc01,t6654, 7.22892072267135E-02 , 8.95930198555957E-02 , 0.855176866034335 , 0.855176866034335 
period1,sc01,t6655, 8.08041079781421E-02 , 0.079461918231047 , 0.830776273227468 , 0.830776273227468 
period1,sc01,t6656, 7.62141935009108E-02 , 0.089612880866426 , 0.882879964429185 , 0.882879964429185 
period1,sc01,t6657, 7.71779280327869E-02 , 0.057577070397112 , 0.728466223587983 , 0.728466223587983 
period1,sc01,t6658, 7.33533333333334E-02 , 5.48087632635379E-02 , 0.750375604969956 , 0.750375604969956 
period1,sc01,t6659, 7.31705512568306E-02 , 5.22443889891697E-02 , 0.727505562519313 , 0.727505562519313 
period1,sc01,t6660, 8.08740541894354E-02 , 7.41358548330405E-02 , 0.698763695922746 , 0.698763695922746 
period1,sc01,t6661, 7.26975364850615E-02 , 5.89236368787346E-02 , 0.695494907682403 , 0.695494907682403 
period1,sc01,t6662, 7.26530603866433E-02 , 6.55580189891697E-02 , 0.714730796180258 , 0.714730796180258 
period1,sc01,t6663, 7.39792416939891E-02 , 4.94032766256591E-02 , 0.710640796909872 , 0.710640796909872 
period1,sc01,t6664, 7.42241536429872E-02 , 6.70507725631769E-02 , 0.572059570274678 , 0.572059570274678 
period1,sc01,t6665, 6.64020026958106E-02 , 6.61988050087874E-02 , 0.589970943133047 , 0.589970943133047 
period1,sc01,t6666, 8.10093369763206E-02 , 7.93695313708259E-02 , 0.652107670300429 , 0.652107670300429 
period1,sc01,t6667, 7.97266557377049E-02 , 5.41407546045694E-02 , 0.749003252253218 , 0.749003252253218 
period1,sc01,t6668, 7.70898799402461E-02 , 6.40219684115523E-02 , 0.742219643025751 , 0.742219643025751 
period1,sc01,t6669, 7.39516077609842E-02 , 4.61449189806678E-02 , 0.645989907854077 , 0.645989907854077 
period1,sc01,t6670, 0.068127714059754 , 4.59302734622144E-02 , 0.751612332725322 , 0.751612332725322 
period1,sc01,t6671, 6.76330624956063E-02 , 4.65219989455184E-02 , 0.592214043991417 , 0.592214043991417 
period1,sc01,t6672, 0.085831134973638 , 5.71714425401322E-02 , 0.5353790627897 , 0.5353790627897 
period1,sc01,t6673, 9.40407771038252E-02 , 5.64412422908914E-02 , 0.494347317424893 , 0.494347317424893 
period1,sc01,t6674, 0.123503764735883 , 0.057198462460267 , 0.496062935407725 , 0.496062935407725 
period1,sc01,t6675, 0.127981725191257 , 5.72245190335152E-02 , 0.48147805751073 , 0.48147805751073 
period1,sc01,t6676, 0.189534190710383 , 4.72384062688064E-02 , 0.482937253648069 , 0.482937253648069 
period1,sc01,t6677, 0.136304923497268 , 4.77789321616872E-02 , 0.48410461055794 , 0.48410461055794 
period1,sc01,t6678, 0.22384070295082 , 5.05033727797834E-02 , 0.400565867811159 , 0.400565867811159 
period1,sc01,t6679, 0.186633326921675 , 5.02817762565905E-02 , 0.387571938712446 , 0.387571938712446 
period1,sc01,t6680, 0.255264789945356 , 5.09228373285199E-02 , 0.383707193991417 , 0.383707193991417 
period1,sc01,t6681, 0.186732133460838 , 5.58455874729242E-02 , 0.38632949695279 , 0.38632949695279 
period1,sc01,t6682, 0.188623887868852 , 5.06757663537906E-02 , 0.460616747296137 , 0.460616747296137 
period1,sc01,t6683, 0.188566167213115 , 5.58217577504394E-02 , 0.400914374849786 , 0.400914374849786 
period1,sc01,t6684, 0.243159686174863 , 5.33228418772563E-02 , 0.433650424892704 , 0.433650424892704 
period1,sc01,t6685, 0.228321268852459 , 5.58439957996486E-02 , 0.434972673819742 , 0.434972673819742 
period1,sc01,t6686, 0.237188604590164 , 5.02730744112478E-02 , 0.409582661030042 , 0.409582661030042 
period1,sc01,t6687, 0.235063762950819 , 5.58542446397188E-02 , 0.401134514526749 , 0.401134514526749 
period1,sc01,t6688, 0.243361107213115 , 5.67000640070299E-02 , 0.436011583690987 , 0.436011583690987 
period1,sc01,t6689, 0.201246673770491 , 5.66795663268893E-02 , 0.398553111111111 , 0.398553111111111 
period1,sc01,t6690, 0.181321623661202 , 0.155429887436823 , 0.40994075437339 , 0.40994075437339 
period1,sc01,t6691, 0.338616261441125 , 7.59342054873646E-02 , 0.417594545064378 , 0.417594545064378 
period1,sc01,t6692, 0.181696807923498 , 7.66229853429602E-02 , 0.429959933690987 , 0.429959933690987 
period1,sc01,t6693, 0.182700270702988 , 0.135686453790614 , 0.434689334763948 , 0.434689334763948 
period1,sc01,t6694, 0.181685784881602 , 0.164662476931408 , 0.582190924892704 , 0.582190924892704 
period1,sc01,t6695, 0.180988326958106 , 0.130703723393502 , 0.621976450643776 , 0.621976450643776 
period1,sc01,t6696, 8.77430318935729E-02 , 4.31382437039636E-02 , 0.381912713304721 , 0.381912713304721 
period1,sc01,t6697, 6.25025080856946E-02 , 4.32181819712382E-02 , 0.371290650643777 , 0.371290650643777 
period1,sc01,t6698, 6.24083469246717E-02 , 4.64398126972992E-02 , 0.382042856652361 , 0.382042856652361 
period1,sc01,t6699, 4.45077406910851E-02 , 5.92722242300947E-02 , 0.371729227467811 , 0.371729227467811 
period1,sc01,t6700, 0.057663403722262 , 0.065755817723343 , 0.381505246351931 , 0.381505246351931 
period1,sc01,t6701, 6.03356821760916E-02 , 8.49333609510086E-02 , 0.372483768240343 , 0.372483768240343 
period1,sc01,t6702, 0.09708319447132 , 8.52539762247839E-02 , 0.38458 , 0.38458 
period1,sc01,t6703, 8.97739343469247E-02 , 7.49139357348703E-02 , 0.425547604938272 , 0.425547604938272 
period1,sc01,t6704, 8.17628656303972E-02 , 9.91554231544833E-02 , 0.414449165584416 , 0.414449165584416 
period1,sc01,t6705, 0.065928 , 6.57717068779258E-02 , 0.399456757201646 , 0.399456757201646 
period1,sc01,t6706, 8.94769670177862E-02 , 8.74409724473258E-02 , 0.401774097854077 , 0.401774097854077 
period1,sc01,t6707, 6.97076746675877E-02 , 4.61247411434584E-02 , 0.38458 , 0.38458 
period1,sc01,t6708, 9.30834609116023E-02 , 4.27982889005786E-02 , 0.407228012875537 , 0.407228012875537 
period1,sc01,t6709, 0.065928 , 4.65328216728038E-02 , 0.407345909871245 , 0.407345909871245 
period1,sc01,t6710, 9.30663870165746E-02 , 4.35087995245813E-02 , 0.4172610472103 , 0.4172610472103 
period1,sc01,t6711, 9.29468697513811E-02 , 4.62439693914296E-02 , 0.438105236051502 , 0.438105236051502 
period1,sc01,t6712, 8.68019743740286E-02 , 9.01520004032403E-02 , 0.406508841201716 , 0.406508841201716 
period1,sc01,t6713, 5.39074961008461E-02 , 8.44098318214543E-02 , 0.396381489270387 , 0.396381489270387 
period1,sc01,t6714, 8.96021972025557E-02 , 7.27391360691145E-02 , 0.39314403776824 , 0.39314403776824 
period1,sc01,t6715, 0.064995690601244 , 4.73495141365028E-02 , 0.390264049957082 , 0.390264049957082 
period1,sc01,t6716, 8.97112868002764E-02 , 5.65009213976945E-02 , 0.389140698271605 , 0.389140698271605 
period1,sc01,t6717, 0.048048903722262 , 4.73827813400577E-02 , 0.382797397424892 , 0.382797397424892 
period1,sc01,t6718, 4.46818328704366E-02 , 4.26678184496668E-02 , 0.373662738197424 , 0.373662738197424 
period1,sc01,t6719, 0.032964 , 4.80953190994236E-02 , 0.345320300429184 , 0.345320300429184 
period1,sc01,t6720, 7.49193463023679E-02 , 7.23264274368231E-02 , 0.238010454935623 , 0.238010454935623 
period1,sc01,t6721, 7.93090833333333E-02 , 5.44573863585237E-02 , 0.238680302575108 , 0.238680302575108 
period1,sc01,t6722, 7.68581775043937E-02 , 7.39684183212996E-02 , 0.24347542510288 , 0.24347542510288 
period1,sc01,t6723, 0.076578688888889 , 7.49954154657294E-02 , 0.218134717167382 , 0.218134717167382 
period1,sc01,t6724, 0.0719436 , 0.076535819133574 , 0.244791167489711 , 0.244791167489711 
period1,sc01,t6725, 7.66426513181019E-02 , 0.107051008353791 , 0.243403329629629 , 0.243403329629629 
period1,sc01,t6726, 9.60225277777778E-02 , 7.46463386281589E-02 , 0.25028655481893 , 0.25028655481893 
period1,sc01,t6727, 8.30068317047451E-02 , 8.20385033391916E-02 , 0.234447686412017 , 0.234447686412017 
period1,sc01,t6728, 9.53533916666667E-02 , 7.74662692442882E-02 , 0.25135756788412 , 0.25135756788412 
period1,sc01,t6729, 8.04937833333333E-02 , 5.69595361732852E-02 , 0.247586240527897 , 0.247586240527897 
period1,sc01,t6730, 0.09576325 , 6.03250250902527E-02 , 0.244756852133047 , 0.244756852133047 
period1,sc01,t6731, 0.110487959929702 , 5.54413403725835E-02 , 0.25143106581545 , 0.25143106581545 
period1,sc01,t6732, 9.30647666666667E-02 , 5.47667434094904E-02 , 0.239316125472103 , 0.239316125472103 
period1,sc01,t6733, 9.24907655555555E-02 , 0.055667334973638 , 0.246269574901288 , 0.246269574901288 
period1,sc01,t6734, 0.09522475 , 7.06756625451263E-02 , 0.250753042699571 , 0.250753042699571 
period1,sc01,t6735, 9.56934444444445E-02 , 5.65342054151625E-02 , 0.232813156330472 , 0.232813156330472 
period1,sc01,t6736, 9.95896315555556E-02 , 0.090528548849278 , 0.242809438914163 , 0.242809438914163 
period1,sc01,t6737, 0.09196503 , 0.071133604629964 , 0.254690687041152 , 0.254690687041152 
period1,sc01,t6738, 8.14034473215843E-02 , 7.32351575812274E-02 , 0.256751958892704 , 0.256751958892704 
period1,sc01,t6739, 8.23238205231037E-02 , 7.27963870036101E-02 , 0.254843738304721 , 0.254843738304721 
period1,sc01,t6740, 8.63188146418539E-02 , 7.22859434094904E-02 , 0.228516065 , 0.228516065 
period1,sc01,t6741, 7.55188875997225E-02 , 0.052414352059754 , 0.23191041 , 0.23191041 
period1,sc01,t6742, 5.83717385323258E-02 , 5.13355665237258E-02 , 0.246160737811159 , 0.246160737811159 
period1,sc01,t6743, 7.91253590369068E-02 , 5.61364123233744E-02 , 0.243366312626609 , 0.243366312626609 
period1,sc01,t6744, 5.38043503362864E-02 , 4.27455704621332E-02 , 0.299947809300412 , 0.299947809300412 
period1,sc01,t6745, 5.61801642224565E-02 , 3.79513178703216E-02 , 0.305964238480176 , 0.305964238480176 
period1,sc01,t6746, 5.56531995782815E-02 , 4.26461078017923E-02 , 0.302410035991189 , 0.302410035991189 
period1,sc01,t6747, 5.85974127306273E-02 , 4.31662527675277E-02 , 0.307524726079295 , 0.307524726079295 
period1,sc01,t6748, 6.13100658801892E-02 , 4.30217680548234E-02 , 0.306835039823788 , 0.306835039823788 
period1,sc01,t6749, 5.60072639989187E-02 , 4.31901409066947E-02 , 0.305142700440528 , 0.305142700440528 
period1,sc01,t6750, 0.0548175 , 4.72300436153442E-02 , 0.306727599074074 , 0.306727599074074 
period1,sc01,t6751, 0.0548175 , 4.40239140221402E-02 , 0.340436977777778 , 0.340436977777778 
period1,sc01,t6752, 0.0548175 , 4.69880746190226E-02 , 0.339624866666667 , 0.339624866666667 
period1,sc01,t6753, 0.0548175 , 4.25992947548761E-02 , 0.305353777777778 , 0.305353777777778 
period1,sc01,t6754, 6.02225904577401E-02 , 4.35852584343701E-02 , 0.305239295154185 , 0.305239295154185 
period1,sc01,t6755, 6.12561112452695E-02 , 4.31980394043226E-02 , 0.336782477777778 , 0.336782477777778 
period1,sc01,t6756, 6.52124112664214E-02 , 4.16878851871376E-02 , 0.302993468061674 , 0.302993468061674 
period1,sc01,t6757, 6.15673211718339E-02 , 4.22155433579336E-02 , 0.307055275770925 , 0.307055275770925 
period1,sc01,t6758, 6.13882023827095E-02 , 4.14526640748551E-02 , 0.307825618612335 , 0.307825618612335 
period1,sc01,t6759, 6.52254315028902E-02 , 4.21074687928307E-02 , 0.303382261784141 , 0.303382261784141 
period1,sc01,t6760, 6.44607710667368E-02 , 4.29158125988402E-02 , 0.294769262962963 , 0.294769262962963 
period1,sc01,t6761, 6.18794611770888E-02 , 4.18050141275698E-02 , 0.293185646296297 , 0.293185646296297 
period1,sc01,t6762, 0.0548175 , 4.13700188191882E-02 , 0.303384859506173 , 0.303384859506173 
period1,sc01,t6763, 4.68546085934403E-02 , 4.05142069688983E-02 , 0.30273878 , 0.30273878 
period1,sc01,t6764, 4.92461694781234E-02 , 4.15815444385873E-02 , 0.299912182160494 , 0.299912182160494 
period1,sc01,t6765, 4.26551196565451E-02 , 3.22693890358272E-02 , 0.302631237885463 , 0.302631237885463 
period1,sc01,t6766, 4.32176769535346E-02 , 2.68382323222749E-02 , 0.303114211453744 , 0.303114211453744 
period1,sc01,t6767, 3.83396157195572E-02 , 3.77636803900896E-02 , 0.303972455484581 , 0.303972455484581 
period1,sc01,t6768, 0.045618707164557 , 4.63723294376098E-02 , 0.253947502202644 , 0.253947502202644 
period1,sc01,t6769, 4.52434232970123E-02 , 3.42245436186292E-02 , 0.222606567078189 , 0.222606567078189 
period1,sc01,t6770, 4.63936019297012E-02 , 4.67439887521968E-02 , 0.224076021810699 , 0.224076021810699 
period1,sc01,t6771, 4.51468960333919E-02 , 4.22101616871705E-02 , 0.222606567078189 , 0.222606567078189 
period1,sc01,t6772, 4.52562874556962E-02 , 4.62458084358524E-02 , 0.224311134567901 , 0.224311134567901 
period1,sc01,t6773, 4.53351435189873E-02 , 6.94337464253075E-02 , 0.249377771604938 , 0.249377771604938 
period1,sc01,t6774, 5.64146148488576E-02 , 8.91820003514939E-02 , 0.25065280617284 , 0.25065280617284 
period1,sc01,t6775, 4.56621706799277E-02 , 8.12543681546573E-02 , 0.249065795061728 , 0.249065795061728 
period1,sc01,t6776, 4.96234113417722E-02 , 8.48182492405063E-02 , 0.249155318765432 , 0.249155318765432 
period1,sc01,t6777, 4.89074483544304E-02 , 4.70799708260106E-02 , 0.252262488017621 , 0.252262488017621 
period1,sc01,t6778, 4.86058522242315E-02 , 4.69003942003515E-02 , 0.24863174074074 , 0.24863174074074 
period1,sc01,t6779, 4.83292834797891E-02 , 4.14933999297012E-02 , 0.259175101053498 , 0.259175101053498 
period1,sc01,t6780, 0.054935 , 5.21756989455184E-02 , 0.226440713580247 , 0.226440713580247 
period1,sc01,t6781, 6.49454507240774E-02 , 4.68656374340949E-02 , 0.227091795061728 , 0.227091795061728 
period1,sc01,t6782, 6.86015342759227E-02 , 4.75262254972876E-02 , 0.243974699588477 , 0.243974699588477 
period1,sc01,t6783, 6.28846448154657E-02 , 4.80338509666081E-02 , 0.228008734814815 , 0.228008734814815 
period1,sc01,t6784, 0.054935 , 0.070172180880651 , 0.236744258880658 , 0.236744258880658 
period1,sc01,t6785, 4.90803578892795E-02 , 4.81898164556962E-02 , 0.224727555432099 , 0.224727555432099 
period1,sc01,t6786, 5.19015066783831E-02 , 4.23067082601054E-02 , 0.248016830452675 , 0.248016830452675 
period1,sc01,t6787, 4.51635213532513E-02 , 2.80149383778559E-02 , 0.250453864609053 , 0.250453864609053 
period1,sc01,t6788, 0.04901090228471 , 4.08677781370826E-02 , 0.242595672839506 , 0.242595672839506 
period1,sc01,t6789, 4.45799938664323E-02 , 2.45254068606432E-02 , 0.223664574485596 , 0.223664574485596 
period1,sc01,t6790, 4.84138582776801E-02 , 2.80984649869679E-02 , 0.242053104938272 , 0.242053104938272 
period1,sc01,t6791, 3.19183742495606E-02 , 3.58062661230229E-02 , 0.24422337654321 , 0.24422337654321 
period1,sc01,t6792, 4.54896936777368E-02 , 4.65039418416802E-02 , 0.208793692592593 , 0.208793692592593 
period1,sc01,t6793, 3.87495826817447E-02 , 2.38648722009486E-02 , 0.195607176954733 , 0.195607176954733 
period1,sc01,t6794, 0.029609605060622 , 3.66662533825339E-02 , 0.19488237037037 , 0.19488237037037 
period1,sc01,t6795, 2.98182238018309E-02 , 0.02499985141098 , 0.17788928 , 0.17788928 
period1,sc01,t6796, 4.86800801265156E-02 , 3.65308536285363E-02 , 0.195878979423869 , 0.195878979423869 
period1,sc01,t6797, 4.29299927618351E-02 , 4.13441214549289E-02 , 0.200931433476395 , 0.200931433476395 
period1,sc01,t6798, 4.86080953509244E-02 , 5.06832227727991E-02 , 0.209142939917695 , 0.209142939917695 
period1,sc01,t6799, 4.92820908274996E-02 , 4.78038502899314E-02 , 0.204558538271605 , 0.204558538271605 
period1,sc01,t6800, 4.92188605277329E-02 , 4.78021066235864E-02 , 0.204558538271605 , 0.204558538271605 
period1,sc01,t6801, 5.52254589773327E-02 , 3.70670366543666E-02 , 0.196966189300411 , 0.196966189300411 
period1,sc01,t6802, 5.10602945650158E-02 , 3.87392236162362E-02 , 0.199788404938272 , 0.199788404938272 
period1,sc01,t6803, 4.93650805959432E-02 , 3.44241108276225E-02 , 0.206053451851852 , 0.206053451851852 
period1,sc01,t6804, 5.10012853226101E-02 , 3.73974120541205E-02 , 0.195290074074074 , 0.195290074074074 
period1,sc01,t6805, 0.04458036900369 , 3.49312602776313E-02 , 0.203412437860083 , 0.203412437860083 
period1,sc01,t6806, 4.76451677910928E-02 , 3.74299079950799E-02 , 0.207685625679012 , 0.207685625679012 
period1,sc01,t6807, 4.88967197329116E-02 , 3.35959773397954E-02 , 0.199530192592592 , 0.199530192592592 
period1,sc01,t6808, 4.86955543841153E-02 , 3.90895221226498E-02 , 0.173234070186667 , 0.173234070186667 
period1,sc01,t6809, 4.58013813821576E-02 , 3.81150307503075E-02 , 0.198062459259259 , 0.198062459259259 
period1,sc01,t6810, 5.17233731825525E-02 , 3.87204610788965E-02 , 0.157026429155556 , 0.157026429155556 
period1,sc01,t6811, 4.54398621432417E-02 , 2.31349787111829E-02 , 0.163652250918455 , 0.163652250918455 
period1,sc01,t6812, 4.93066256483634E-02 , 3.66459106085083E-02 , 0.150899364806867 , 0.150899364806867 
period1,sc01,t6813, 4.71274318046038E-02 , 2.33539429977157E-02 , 0.15245843776824 , 0.15245843776824 
period1,sc01,t6814, 4.54043732208751E-02 , 2.50891875593042E-02 , 0.162249602844444 , 0.162249602844444 
period1,sc01,t6815, 2.90250262941487E-02 , 3.79157996837111E-02 , 0.165757802575107 , 0.165757802575107 
period1,sc01,t6816, 3.98429626713532E-02 , 4.10991128295255E-02 , 0.228304502660944 , 0.228304502660944 
period1,sc01,t6817, 3.83415024253075E-02 , 2.83762637609842E-02 , 0.221378911587983 , 0.221378911587983 
period1,sc01,t6818, 3.26120596912029E-02 , 0.043990599086116 , 0.221214321777778 , 0.221214321777778 
period1,sc01,t6819, 3.30712336086175E-02 , 3.18570165764499E-02 , 0.222188758815959 , 0.222188758815959 
period1,sc01,t6820, 4.12887057996485E-02 , 3.89075728646748E-02 , 0.221893882311111 , 0.221893882311111 
period1,sc01,t6821, 4.05636094200352E-02 , 4.10004471001758E-02 , 0.222076242403434 , 0.222076242403434 
period1,sc01,t6822, 4.51841838420108E-02 , 7.03267651036907E-02 , 0.251280041201716 , 0.251280041201716 
period1,sc01,t6823, 4.34948820475319E-02 , 7.18500658096948E-02 , 0.22635145033289 , 0.22635145033289 
period1,sc01,t6824, 4.34595431539889E-02 , 6.50400861759425E-02 , 0.229415722097778 , 0.229415722097778 
period1,sc01,t6825, 4.86763087971274E-02 , 5.21233636555361E-02 , 0.227296119466667 , 0.227296119466667 
period1,sc01,t6826, 5.11984696160877E-02 , 5.37068131880492E-02 , 0.231650395022222 , 0.231650395022222 
period1,sc01,t6827, 5.10330484739677E-02 , 5.25863187346221E-02 , 0.227409134933333 , 0.227409134933333 
period1,sc01,t6828, 0.05504 , 3.85121895870736E-02 , 0.233302573511111 , 0.233302573511111 
period1,sc01,t6829, 4.77396208833034E-02 , 3.53619648114901E-02 , 0.233432435364806 , 0.233432435364806 
period1,sc01,t6830, 5.07217648555759E-02 , 3.94145689048474E-02 , 0.233713540944206 , 0.233713540944206 
period1,sc01,t6831, 4.40721189228007E-02 , 0.034118158976234 , 0.22958530472103 , 0.22958530472103 
period1,sc01,t6832, 4.77694384815466E-02 , 3.86141320658135E-02 , 0.220934812017167 , 0.220934812017167 
period1,sc01,t6833, 0.045329442010772 , 3.82169127592268E-02 , 0.214302276266667 , 0.214302276266667 
period1,sc01,t6834, 4.89787076923077E-02 , 3.79805019332161E-02 , 0.244056336480687 , 0.244056336480687 
period1,sc01,t6835, 4.53049813708261E-02 , 2.69317200984182E-02 , 0.247826458369098 , 0.247826458369098 
period1,sc01,t6836, 4.90557587073608E-02 , 3.28741054762741E-02 , 0.24795995654321 , 0.24795995654321 
period1,sc01,t6837, 4.70312447100175E-02 , 2.82877354516696E-02 , 0.21685240754717 , 0.21685240754717 
period1,sc01,t6838, 4.52672562390158E-02 , 2.91398204288224E-02 , 0.211992045939294 , 0.211992045939294 
period1,sc01,t6839, 3.66246413497364E-02 , 3.41266572372583E-02 , 0.212100732949876 , 0.212100732949876 
period1,sc01,t6840, 5.06739447451669E-02 , 3.16653342144112E-02 , 0.228720255450643 , 0.228720255450643 
period1,sc01,t6841, 3.08196915289982E-02 , 0.031671505659051 , 0.228761830729614 , 0.228761830729614 
period1,sc01,t6842, 5.40902939894552E-02 , 3.15773472172352E-02 , 0.228730649270386 , 0.228730649270386 
period1,sc01,t6843, 3.09656046215722E-02 , 3.16917553177738E-02 , 0.227457896296297 , 0.227457896296297 
period1,sc01,t6844, 5.42364361243145E-02 , 3.83535875324675E-02 , 0.227886860085837 , 0.227886860085837 
period1,sc01,t6845, 3.64610316636198E-02 , 0.036247854340949 , 0.227936466952789 , 0.227936466952789 
period1,sc01,t6846, 7.92062829981719E-02 , 3.77535707557117E-02 , 0.218105803261802 , 0.218105803261802 
period1,sc01,t6847, 7.86847346938776E-02 , 3.84873729349736E-02 , 0.219770561422222 , 0.219770561422222 
period1,sc01,t6848, 9.05362720292505E-02 , 3.19591839718805E-02 , 0.219571094650206 , 0.219571094650206 
period1,sc01,t6849, 6.68176509012567E-02 , 3.01744950439368E-02 , 0.220717738666667 , 0.220717738666667 
period1,sc01,t6850, 6.79651428153565E-02 , 2.98531543057996E-02 , 0.2236781568 , 0.2236781568 
period1,sc01,t6851, 6.88943025374772E-02 , 2.90492027275923E-02 , 0.220750557939914 , 0.220750557939914 
period1,sc01,t6852, 7.99077637055656E-02 , 3.01298052724077E-02 , 0.22016 , 0.22016 
period1,sc01,t6853, 7.71264589384886E-02 , 3.03379692307693E-02 , 0.22016 , 0.22016 
period1,sc01,t6854, 7.72446251992687E-02 , 3.25548541300527E-02 , 0.218386978133333 , 0.218386978133333 
period1,sc01,t6855, 7.78433585637343E-02 , 3.21069891036907E-02 , 0.200421922133333 , 0.200421922133333 
period1,sc01,t6856, 8.13853504118738E-02 , 3.15587171880492E-02 , 0.196725191111111 , 0.196725191111111 
period1,sc01,t6857, 7.68091204021544E-02 , 3.20675228119508E-02 , 0.222234396444444 , 0.222234396444444 
period1,sc01,t6858, 0.18648209771529 , 3.18082834446397E-02 , 0.356604839506173 , 0.356604839506173 
period1,sc01,t6859, 0.180829131810193 , 2.95456267697715E-02 , 0.226657166222222 , 0.226657166222222 
period1,sc01,t6860, 0.172442099852373 , 2.96783189946139E-02 , 0.228711992888889 , 0.228711992888889 
period1,sc01,t6861, 6.82619321220825E-02 , 2.91222272459605E-02 , 0.194357248 , 0.194357248 
period1,sc01,t6862, 6.50989009120287E-02 , 2.95456267697715E-02 , 0.194357248 , 0.194357248 
period1,sc01,t6863, 6.72695520287253E-02 , 2.95667528435853E-02 , 0.193247152355556 , 0.193247152355556 
period1,sc01,t6864, 4.49515210867925E-02 , 3.82719681097671E-02 , 0.243920819439252 , 0.243920819439252 
period1,sc01,t6865, 4.04170129746836E-02 , 3.23063881198003E-02 , 0.206754150841122 , 0.206754150841122 
period1,sc01,t6866, 5.14014349367089E-02 , 3.22942356851417E-02 , 0.205387303738318 , 0.205387303738318 
period1,sc01,t6867, 4.08013129041592E-02 , 3.80989329284526E-02 , 0.186724385747664 , 0.186724385747664 
period1,sc01,t6868, 0.048977304509434 , 3.22783516971714E-02 , 0.219475195093458 , 0.219475195093458 
period1,sc01,t6869, 0.0410432484 , 0.033039 , 0.282844889867841 , 0.282844889867841 
period1,sc01,t6870, 6.56199407777778E-02 , 3.76138785376422E-02 , 0.277896317180617 , 0.277896317180617 
period1,sc01,t6871, 6.55523943777777E-02 , 0.033039 , 0.243848196475771 , 0.243848196475771 
period1,sc01,t6872, 6.68574756666667E-02 , 3.77123786852515E-02 , 0.259532319493007 , 0.259532319493007 
period1,sc01,t6873, 5.94057152007233E-02 , 3.23713018494473E-02 , 0.279812676211453 , 0.279812676211453 
period1,sc01,t6874, 6.32062556962025E-02 , 2.80141889517471E-02 , 0.241925761682243 , 0.241925761682243 
period1,sc01,t6875, 6.31843491862568E-02 , 3.23671031613977E-02 , 0.256597753738318 , 0.256597753738318 
period1,sc01,t6876, 6.74199544444444E-02 , 2.44859809081061E-02 , 0.27709016775701 , 0.27709016775701 
period1,sc01,t6877, 6.63561802222222E-02 , 2.53633823831016E-02 , 0.230300356542057 , 0.230300356542057 
period1,sc01,t6878, 6.69045868333334E-02 , 0.028820857742454 , 0.281360318061674 , 0.281360318061674 
period1,sc01,t6879, 6.58593332007233E-02 , 2.87793479978452E-02 , 0.254317823788547 , 0.254317823788547 
period1,sc01,t6880, 6.97367854611212E-02 , 2.88111400443705E-02 , 0.391097343171806 , 0.391097343171806 
period1,sc01,t6881, 6.56535833673111E-02 , 2.88273178826111E-02 , 0.277728304205607 , 0.277728304205607 
period1,sc01,t6882, 9.56983924694377E-02 , 0.033247186980599 , 0.401389859259259 , 0.401389859259259 
period1,sc01,t6883, 9.53999092724078E-02 , 0.027556321797005 , 0.423180190123457 , 0.423180190123457 
period1,sc01,t6884, 9.55343878734622E-02 , 3.47505272574136E-02 , 0.309480824933921 , 0.309480824933921 
period1,sc01,t6885, 6.81980722025316E-02 , 2.77204308106156E-02 , 0.284455601762114 , 0.284455601762114 
period1,sc01,t6886, 6.51322368506151E-02 , 2.78057273803936E-02 , 0.283611433480176 , 0.283611433480176 
period1,sc01,t6887, 5.92774317111112E-02 , 2.78162254197509E-02 , 0.278464219626169 , 0.278464219626169 
period1,sc01,t6888, 8.45943854716981E-02 , 2.89879268360022E-02 , 0.285780072687225 , 0.285780072687225 
period1,sc01,t6889, 5.46789814814814E-02 , 3.26321902336203E-02 , 0.280953893333333 , 0.280953893333333 
period1,sc01,t6890, 6.75640145283019E-02 , 0.033114 , 0.283553955555556 , 0.283553955555556 
period1,sc01,t6891, 5.07131098444444E-02 , 0.033114 , 0.285098367078189 , 0.285098367078189 
period1,sc01,t6892, 8.65400026415094E-02 , 0.033114 , 0.284017279012346 , 0.284017279012346 
period1,sc01,t6893, 3.98513452830189E-02 , 0.033114 , 0.28007902962963 , 0.28007902962963 
period1,sc01,t6894, 6.47850559529837E-02 , 0.033114 , 0.268625401234568 , 0.268625401234568 
period1,sc01,t6895, 0.113006764556962 , 3.73258410333774E-02 , 0.266248824444444 , 0.266248824444444 
period1,sc01,t6896, 0.224302247451669 , 0.033114 , 0.30105849744856 , 0.30105849744856 
period1,sc01,t6897, 8.68381216636528E-02 , 2.87534761988407E-02 , 0.265414842222223 , 0.265414842222223 
period1,sc01,t6898, 0.105635616101266 , 0.032297509437354 , 0.265002847736626 , 0.265002847736626 
period1,sc01,t6899, 0.110073729448155 , 3.22362266401591E-02 , 0.263751420164609 , 0.263751420164609 
period1,sc01,t6900, 0.116384691960217 , 0.033114 , 0.294583779259259 , 0.294583779259259 
period1,sc01,t6901, 9.04449554716981E-02 , 3.22601659136093E-02 , 0.291943744032921 , 0.291943744032921 
period1,sc01,t6902, 0.111652493962264 , 0.033114 , 0.296717792592593 , 0.296717792592593 
period1,sc01,t6903, 6.75433616666667E-02 , 0.033114 , 0.292493827078189 , 0.292493827078189 
period1,sc01,t6904, 0.126416339622641 , 4.59763721308513E-02 , 0.296507480082305 , 0.296507480082305 
period1,sc01,t6905, 0.080036478119349 , 0.033114 , 0.294222659506172 , 0.294222659506172 
period1,sc01,t6906, 0.271834203254973 , 0.033114 , 0.257708682962963 , 0.257708682962963 
period1,sc01,t6907, 7.52000196226416E-02 , 0.033114 , 0.302681038024691 , 0.302681038024691 
period1,sc01,t6908, 8.22780696296296E-02 , 3.79981536865926E-02 , 0.302264046913581 , 0.302264046913581 
period1,sc01,t6909, 6.74912377777777E-02 , 3.04786592871959E-02 , 0.261268973744494 , 0.261268973744494 
period1,sc01,t6910, 5.37069558770344E-02 , 3.82493360355358E-02 , 0.263496996475771 , 0.263496996475771 
period1,sc01,t6911, 5.37279141048825E-02 , 3.80630199888951E-02 , 0.259829657444934 , 0.259829657444934 
period1,sc01,t6912, 0.083916395 , 0.043717851599297 , 0.273593906726458 , 0.273593906726458 
period1,sc01,t6913, 6.17569046708861E-02 , 4.36445792442882E-02 , 0.203055288789238 , 0.203055288789238 
period1,sc01,t6914, 5.95787633333334E-02 , 4.74845554481547E-02 , 0.213210029820627 , 0.213210029820627 
period1,sc01,t6915, 3.78308800578662E-02 , 0.043985428453427 , 0.203641545955157 , 0.203641545955157 
period1,sc01,t6916, 4.62444752830189E-02 , 0.0550975 , 0.21731825525751 , 0.21731825525751 
period1,sc01,t6917, 4.14902185782074E-02 , 0.044078 , 0.237680683261803 , 0.237680683261803 
period1,sc01,t6918, 6.10112983333334E-02 , 5.03098012154696E-02 , 0.238207727502146 , 0.238207727502146 
period1,sc01,t6919, 6.17383081132075E-02 , 4.72583113924051E-02 , 0.245620337308348 , 0.245620337308348 
period1,sc01,t6920, 6.15960941886792E-02 , 0.0550975 , 0.244717376575809 , 0.244717376575809 
period1,sc01,t6921, 5.48022605660377E-02 , 0.043985428453427 , 0.244405888841202 , 0.244405888841202 
period1,sc01,t6922, 6.14201980188679E-02 , 4.74845554481547E-02 , 0.241839479423869 , 0.241839479423869 
period1,sc01,t6923, 6.68802771028302E-02 , 4.71456428822496E-02 , 0.242359850291349 , 0.242359850291349 
period1,sc01,t6924, 8.26625751851852E-02 , 4.74574424428823E-02 , 0.245599589184549 , 0.245599589184549 
period1,sc01,t6925, 6.46790592075471E-02 , 4.69474538878842E-02 , 0.245122182818532 , 0.245122182818532 
period1,sc01,t6926, 8.27834739622642E-02 , 0.0550975 , 0.244897746351931 , 0.244897746351931 
period1,sc01,t6927, 5.94720335849056E-02 , 4.72603040687161E-02 , 0.245941403856502 , 0.245941403856502 
period1,sc01,t6928, 7.42485341491863E-02 , 6.93396839622642E-02 , 0.24411305632287 , 0.24411305632287 
period1,sc01,t6929, 4.84093704113208E-02 , 4.69160410377358E-02 , 0.230471112982063 , 0.230471112982063 
period1,sc01,t6930, 8.49736959312839E-02 , 4.72867151481482E-02 , 0.243380086621077 , 0.243380086621077 
period1,sc01,t6931, 8.48900035262206E-02 , 4.37256138309352E-02 , 0.238775786337448 , 0.238775786337448 
period1,sc01,t6932, 8.46661688927944E-02 , 4.74845554481547E-02 , 0.239791040412557 , 0.239791040412557 
period1,sc01,t6933, 6.02102381370826E-02 , 3.71684442706503E-02 , 0.239044244938271 , 0.239044244938271 
period1,sc01,t6934, 5.82857820976493E-02 , 4.05769363620386E-02 , 0.219957620515695 , 0.219957620515695 
period1,sc01,t6935, 4.32606041772152E-02 , 3.72873576672694E-02 , 0.231735637668162 , 0.231735637668162 
period1,sc01,t6936, 0.06429898732342 , 4.72238832688928E-02 , 0.238768445064378 , 0.238768445064378 
period1,sc01,t6937, 0.041865625259542 , 4.71126075395431E-02 , 0.236952349775785 , 0.236952349775785 
period1,sc01,t6938, 0.055065 , 4.81236235985534E-02 , 0.242240679012346 , 0.242240679012346 
period1,sc01,t6939, 5.01275732342007E-02 , 0.044052 , 0.232433217283951 , 0.232433217283951 
period1,sc01,t6940, 6.35118028625954E-02 , 0.055065 , 0.233384958024691 , 0.233384958024691 
period1,sc01,t6941, 5.08184796755726E-02 , 5.21884998194946E-02 , 0.243011135802469 , 0.243011135802469 
period1,sc01,t6942, 7.32556888787346E-02 , 5.31981374675091E-02 , 0.235049054049382 , 0.235049054049382 
period1,sc01,t6943, 0.100813115596657 , 5.33601159059675E-02 , 0.242313192592593 , 0.242313192592593 
period1,sc01,t6944, 8.04391113200723E-02 , 5.26059601083032E-02 , 0.247724518518518 , 0.247724518518518 
period1,sc01,t6945, 7.65243184177215E-02 , 4.13822420577617E-02 , 0.245207044635193 , 0.245207044635193 
period1,sc01,t6946, 7.58290084572491E-02 , 0.041384229963899 , 0.249281381974249 , 0.249281381974249 
period1,sc01,t6947, 7.43258772490706E-02 , 3.24069428330404E-02 , 0.248525124463519 , 0.248525124463519 
period1,sc01,t6948, 8.91380450381679E-02 , 4.14856131768953E-02 , 0.266450398654708 , 0.266450398654708 
period1,sc01,t6949, 7.59213941793893E-02 , 4.13790732864675E-02 , 0.251866816143498 , 0.251866816143498 
period1,sc01,t6950, 7.56795755576208E-02 , 4.49087875451264E-02 , 0.257318991928252 , 0.257318991928252 
period1,sc01,t6951, 7.04071325130111E-02 , 4.15194075812274E-02 , 0.252163130044843 , 0.252163130044843 
period1,sc01,t6952, 8.23068223048327E-02 , 5.22178782073814E-02 , 0.266831282832618 , 0.266831282832618 
period1,sc01,t6953, 6.31573032713755E-02 , 4.12798989189189E-02 , 0.267086519742489 , 0.267086519742489 
period1,sc01,t6954, 8.16549110720562E-02 , 0.044052 , 0.275325 , 0.275325 
period1,sc01,t6955, 7.11284462929476E-02 , 3.70568530741411E-02 , 0.275325 , 0.275325 
period1,sc01,t6956, 0.077091 , 4.37384580976492E-02 , 0.275325 , 0.275325 
period1,sc01,t6957, 7.01689520773287E-02 , 3.57815273251318E-02 , 0.264779808849558 , 0.264779808849558 
period1,sc01,t6958, 0.062058623464684 , 4.05530015114235E-02 , 0.275325 , 0.275325 
period1,sc01,t6959, 6.29288396202531E-02 , 3.71465199648506E-02 , 0.275325 , 0.275325 
period1,sc01,t6960, 0.055065 , 4.30695711082987E-02 , 0.228090388546255 , 0.228090388546255 
period1,sc01,t6961, 0.0371363555 , 3.97909139048324E-02 , 0.222157176470588 , 0.222157176470588 
period1,sc01,t6962, 4.57816724077329E-02 , 4.42502435424354E-02 , 0.227985726872247 , 0.227985726872247 
period1,sc01,t6963, 4.58277696660808E-02 , 3.89884802867384E-02 , 0.206965559471366 , 0.206965559471366 
period1,sc01,t6964, 5.33053342706502E-02 , 4.91883592793423E-02 , 0.22184877092511 , 0.22184877092511 
period1,sc01,t6965, 4.93422882249561E-02 , 0.042827579931667 , 0.230191726872247 , 0.230191726872247 
period1,sc01,t6966, 6.82848852344297E-02 , 5.06260613925184E-02 , 0.228407242798354 , 0.228407242798354 
period1,sc01,t6967, 7.11469734079776E-02 , 5.01719111031132E-02 , 0.230541577092511 , 0.230541577092511 
period1,sc01,t6968, 6.95250848495452E-02 , 5.32048458981983E-02 , 0.231261038732394 , 0.231261038732394 
period1,sc01,t6969, 6.60231177396781E-02 , 4.19474106276615E-02 , 0.228997325102881 , 0.228997325102881 
period1,sc01,t6970, 7.14408891288697E-02 , 4.27118057592559E-02 , 0.232844757709251 , 0.232844757709251 
period1,sc01,t6971, 0.07033072253324 , 4.19529180108943E-02 , 0.228622259911894 , 0.228622259911894 
period1,sc01,t6972, 7.89320384884535E-02 , 0.043269050101833 , 0.229370550660793 , 0.229370550660793 
period1,sc01,t6973, 7.11355883484954E-02 , 4.28924413668415E-02 , 0.228724979423868 , 0.228724979423868 
period1,sc01,t6974, 7.06533635409377E-02 , 4.36905420607804E-02 , 0.226954732510288 , 0.226954732510288 
period1,sc01,t6975, 6.26118451714486E-02 , 4.36440209003797E-02 , 0.229051340329219 , 0.229051340329219 
period1,sc01,t6976, 6.60023544786564E-02 , 5.85989726149991E-02 , 0.22654621399177 , 0.22654621399177 
period1,sc01,t6977, 6.23569356193142E-02 , 4.47142361623616E-02 , 0.22479684691358 , 0.22479684691358 
period1,sc01,t6978, 7.87884709587124E-02 , 4.11546031459049E-02 , 0.227136296296296 , 0.227136296296296 
period1,sc01,t6979, 6.26520895770896E-02 , 3.72031375856616E-02 , 0.228372270670506 , 0.228372270670506 
period1,sc01,t6980, 6.60747750349895E-02 , 4.10099406581551E-02 , 0.228087766519824 , 0.228087766519824 
period1,sc01,t6981, 4.94947364541098E-02 , 3.61646779124934E-02 , 0.229263651982379 , 0.229263651982379 
period1,sc01,t6982, 4.51442142857142E-02 , 3.72031375856616E-02 , 0.232844757709251 , 0.232844757709251 
period1,sc01,t6983, 4.18281533018868E-02 , 3.40658887723739E-02 , 0.23417389084507 , 0.23417389084507 
period1,sc01,t6984, 5.29554364006666E-02 , 4.45237871704745E-02 , 0.243535597356828 , 0.243535597356828 
period1,sc01,t6985, 0.045223 , 4.05553256851722E-02 , 0.263842944933921 , 0.263842944933921 
period1,sc01,t6986, 4.90129175704989E-02 , 4.73464203866432E-02 , 0.262727718365554 , 0.262727718365554 
period1,sc01,t6987, 4.55474199746927E-02 , 4.09548358523726E-02 , 0.24673439953271 , 0.24673439953271 
period1,sc01,t6988, 0.05515 , 5.48536050966608E-02 , 0.262047533039647 , 0.262047533039647 
period1,sc01,t6989, 5.34051654636313E-02 , 4.73355648506151E-02 , 0.259423656387666 , 0.259423656387666 
period1,sc01,t6990, 6.79739520266519E-02 , 0.053286918629174 , 0.294903834782608 , 0.294903834782608 
period1,sc01,t6991, 8.70438922621251E-02 , 5.24365928659287E-02 , 0.287960164609054 , 0.287960164609054 
period1,sc01,t6992, 8.19330974507322E-02 , 5.13690835443038E-02 , 0.295446567400881 , 0.295446567400881 
period1,sc01,t6993, 0.071284266088214 , 3.52692128571429E-02 , 0.298241481938326 , 0.298241481938326 
period1,sc01,t6994, 7.48309543687523E-02 , 3.98830439059674E-02 , 0.303896085981309 , 0.303896085981309 
period1,sc01,t6995, 0.070609763976305 , 2.78363292224232E-02 , 0.287719611682244 , 0.287719611682244 
period1,sc01,t6996, 8.31041624796675E-02 , 0.036868878 , 0.294510792990654 , 0.294510792990654 
period1,sc01,t6997, 0.071241553056922 , 0.0359578 , 0.256081551401869 , 0.256081551401869 
period1,sc01,t6998, 7.06017698843095E-02 , 0.04412 , 0.293315532710281 , 0.293315532710281 
period1,sc01,t6999, 6.70663286024227E-02 , 0.041353776801406 , 0.260031521145374 , 0.260031521145374 
period1,sc01,t7000, 6.79321367383837E-02 , 5.00158920863309E-02 , 0.284829099118943 , 0.284829099118943 
period1,sc01,t7001, 6.69565771217712E-02 , 4.13029856115108E-02 , 0.251220239130434 , 0.251220239130434 
period1,sc01,t7002, 0.079529963099631 , 4.13156274864377E-02 , 0.291184225550661 , 0.291184225550661 
period1,sc01,t7003, 6.72962956949569E-02 , 3.45392582278481E-02 , 0.290681801762115 , 0.290681801762115 
period1,sc01,t7004, 7.07774155981029E-02 , 4.11540669077758E-02 , 0.297364676635514 , 0.297364676635514 
period1,sc01,t7005, 6.69282110310909E-02 , 2.92740852372583E-02 , 0.282628090123457 , 0.282628090123457 
period1,sc01,t7006, 6.72049701634159E-02 , 4.12838749033392E-02 , 0.291605367289719 , 0.291605367289719 
period1,sc01,t7007, 6.68416837111229E-02 , 3.42681954792043E-02 , 0.258733674008811 , 0.258733674008811 
period1,sc01,t7008, 5.29145866666666E-02 , 4.49543917266187E-02 , 0.255119814814814 , 0.255119814814814 
period1,sc01,t7009, 4.26256392592593E-02 , 0.04015579086116 , 0.252994610699589 , 0.252994610699589 
period1,sc01,t7010, 4.70744059259259E-02 , 0.050181114647378 , 0.253446704526749 , 0.253446704526749 
period1,sc01,t7011, 4.50518307407407E-02 , 4.73962454382827E-02 , 0.243614313656387 , 0.243614313656387 
period1,sc01,t7012, 5.04674528301887E-02 , 5.25252685185186E-02 , 0.253953267489712 , 0.253953267489712 
period1,sc01,t7013, 5.04397814814814E-02 , 0.047398371880492 , 0.25811561728395 , 0.25811561728395 
period1,sc01,t7014, 6.57002049728752E-02 , 5.23081757469245E-02 , 0.255755966956522 , 0.255755966956522 
period1,sc01,t7015, 7.09564358523726E-02 , 5.23275606326889E-02 , 0.25623078722467 , 0.25623078722467 
period1,sc01,t7016, 7.15693417721519E-02 , 5.26807160940326E-02 , 0.255704554185022 , 0.255704554185022 
period1,sc01,t7017, 6.73092471353252E-02 , 3.73753444846293E-02 , 0.263668505726872 , 0.263668505726872 
period1,sc01,t7018, 6.97426501084991E-02 , 4.16402925925926E-02 , 0.26119428722467 , 0.26119428722467 
period1,sc01,t7019, 7.12838183544304E-02 , 3.05100512589928E-02 , 0.26379678414097 , 0.26379678414097 
period1,sc01,t7020, 7.26037494444445E-02 , 3.57822722302158E-02 , 0.263892992951542 , 0.263892992951542 
period1,sc01,t7021, 7.17408752260397E-02 , 3.10071197735849E-02 , 0.262411960352423 , 0.262411960352423 
period1,sc01,t7022, 7.09664072222223E-02 , 4.16746509945751E-02 , 0.263287557709251 , 0.263287557709251 
period1,sc01,t7023, 6.79106528752261E-02 , 3.34375074339623E-02 , 0.220028577973568 , 0.220028577973568 
period1,sc01,t7024, 6.83078126582278E-02 , 4.47909255395684E-02 , 0.241386933920705 , 0.241386933920705 
period1,sc01,t7025, 6.71982492794376E-02 , 0.04412 , 0.215694711189427 , 0.215694711189427 
period1,sc01,t7026, 9.39779261862918E-02 , 0.041511095840868 , 0.229345140654205 , 0.229345140654205 
period1,sc01,t7027, 0.071695 , 3.31713188245932E-02 , 0.221181140088106 , 0.221181140088106 
period1,sc01,t7028, 7.30467856239016E-02 , 3.97108108084358E-02 , 0.217417334801762 , 0.217417334801762 
period1,sc01,t7029, 4.54374722222223E-02 , 2.95287250966608E-02 , 0.218935781938326 , 0.218935781938326 
period1,sc01,t7030, 0.058259471370826 , 2.81100571296296E-02 , 0.219764246696036 , 0.219764246696036 
period1,sc01,t7031, 4.60468576449912E-02 , 2.80572683001809E-02 , 0.219140347136564 , 0.219140347136564 
period1,sc01,t7032, 6.53658615923332E-02 , 3.92439333974808E-02 , 0.189930472222222 , 0.189930472222222 
period1,sc01,t7033, 3.90173888471648E-02 , 3.90994821553534E-02 , 0.190026218340611 , 0.190026218340611 
period1,sc01,t7034, 4.37305429966203E-02 , 4.41676487053884E-02 , 0.185754995633187 , 0.185754995633187 
period1,sc01,t7035, 4.15153022484335E-02 , 4.11648177046886E-02 , 0.187861812227074 , 0.187861812227074 
period1,sc01,t7036, 4.96881712354487E-02 , 4.95499460043196E-02 , 0.189200768558952 , 0.189200768558952 
period1,sc01,t7037, 4.98408674427337E-02 , 4.09201383135059E-02 , 0.183657009432315 , 0.183657009432315 
period1,sc01,t7038, 6.55285673146148E-02 , 6.17514564380686E-02 , 0.187687603930131 , 0.187687603930131 
period1,sc01,t7039, 0.068120349860042 , 6.10829184665227E-02 , 0.188567283842795 , 0.188567283842795 
period1,sc01,t7040, 6.94844480405879E-02 , 6.06022543196545E-02 , 0.187790785152838 , 0.187790785152838 
period1,sc01,t7041, 6.16872102231822E-02 , 6.06734638228942E-02 , 0.187196173362446 , 0.187196173362446 
period1,sc01,t7042, 6.42653719130115E-02 , 6.35531167926566E-02 , 0.188565504166667 , 0.188565504166667 
period1,sc01,t7043, 7.04754519438445E-02 , 6.11247353483229E-02 , 0.18794051790393 , 0.18794051790393 
period1,sc01,t7044, 7.13467493002099E-02 , 3.99300582050319E-02 , 0.20576735371179 , 0.20576735371179 
period1,sc01,t7045, 6.99828049335199E-02 , 3.96251680796167E-02 , 0.191331320833333 , 0.191331320833333 
period1,sc01,t7046, 6.96555659552135E-02 , 4.98167423516403E-02 , 0.193428070370371 , 0.193428070370371 
period1,sc01,t7047, 6.67542520993701E-02 , 4.21085529157667E-02 , 0.192075445414847 , 0.192075445414847 
period1,sc01,t7048, 7.06351679496152E-02 , 4.68558531317494E-02 , 0.1882587 , 0.1882587 
period1,sc01,t7049, 6.52503371238628E-02 , 3.82304338698391E-02 , 0.191989061135371 , 0.191989061135371 
period1,sc01,t7050, 7.58788002211574E-02 , 3.86822620713786E-02 , 0.207341467248908 , 0.207341467248908 
period1,sc01,t7051, 0.058320887799484 , 3.45234736842106E-02 , 0.188327327510917 , 0.188327327510917 
period1,sc01,t7052, 0.064318531355614 , 4.12540388768899E-02 , 0.187522513973799 , 0.187522513973799 
period1,sc01,t7053, 5.41622807907628E-02 , 0.031028037724982 , 0.186758013100437 , 0.186758013100437 
period1,sc01,t7054, 5.80793428971308E-02 , 4.10661249100072E-02 , 0.186470065502183 , 0.186470065502183 
period1,sc01,t7055, 4.91230845932325E-02 , 0.03297 , 0.182386008733624 , 0.182386008733624 
period1,sc01,t7056, 3.83787493670886E-02 , 2.36255786075949E-02 , 0.183814117596566 , 0.183814117596566 
period1,sc01,t7057, 2.54341466432337E-02 , 1.96004275483305E-02 , 0.182349661728395 , 0.182349661728395 
period1,sc01,t7058, 3.65316072056239E-02 , 2.97076336555361E-02 , 0.184120554785408 , 0.184120554785408 
period1,sc01,t7059, 2.62097466783831E-02 , 2.05749816757469E-02 , 0.18400558600823 , 0.18400558600823 
period1,sc01,t7060, 3.84220138788427E-02 , 2.93769082688928E-02 , 0.186346406008584 , 0.186346406008584 
period1,sc01,t7061, 3.64201483304042E-02 , 0.024976780913884 , 0.172074302403434 , 0.172074302403434 
period1,sc01,t7062, 4.13650405465729E-02 , 2.05798820228471E-02 , 0.183192764806867 , 0.183192764806867 
period1,sc01,t7063, 3.85916746924428E-02 , 1.60989662003514E-02 , 0.181153616419754 , 0.181153616419754 
period1,sc01,t7064, 3.86952545782074E-02 , 1.79245088400703E-02 , 0.191564745351852 , 0.191564745351852 
period1,sc01,t7065, 3.65123901581723E-02 , 1.60178894771529E-02 , 0.182487805411523 , 0.182487805411523 
period1,sc01,t7066, 3.77515053778559E-02 , 1.63676973919156E-02 , 0.185030980965666 , 0.185030980965666 
period1,sc01,t7067, 4.14180027293497E-02 , 1.60141421528999E-02 , 0.188271390946502 , 0.188271390946502 
period1,sc01,t7068, 4.13222633989456E-02 , 1.89035213224956E-02 , 0.191774704785408 , 0.191774704785408 
period1,sc01,t7069, 4.14281877644991E-02 , 1.66186143804921E-02 , 0.190303498024692 , 0.190303498024692 
period1,sc01,t7070, 4.06918289402461E-02 , 1.92290992857143E-02 , 0.191013586209095 , 0.191013586209095 
period1,sc01,t7071, 4.01194299648506E-02 , 1.74457737539543E-02 , 0.191661454522613 , 0.191661454522613 
period1,sc01,t7072, 4.12741823462215E-02 , 2.83364204516695E-02 , 0.198646428925619 , 0.198646428925619 
period1,sc01,t7073, 3.89068342706503E-02 , 1.70076250720562E-02 , 0.190396475647348 , 0.190396475647348 
period1,sc01,t7074, 3.85189018535262E-02 , 2.35014881810193E-02 , 0.194567053065844 , 0.194567053065844 
period1,sc01,t7075, 3.66196998191682E-02 , 0.01596437 , 0.195201074074075 , 0.195201074074075 
period1,sc01,t7076, 3.80870780822785E-02 , 1.88971796968366E-02 , 0.195311589020576 , 0.195311589020576 
period1,sc01,t7077, 3.96324699824253E-02 , 1.52683285413005E-02 , 0.187511376085837 , 0.187511376085837 
period1,sc01,t7078, 3.94003280492091E-02 , 2.05811887820738E-02 , 0.189340487982833 , 0.189340487982833 
period1,sc01,t7079, 3.67045606326889E-02 , 0.016269728884007 , 0.176158080042918 , 0.176158080042918 
period1,sc01,t7080, 5.02107627908612E-02 , 2.50936205623901E-02 , 0.179464005576209 , 0.179464005576209 
period1,sc01,t7081, 4.03757770705244E-02 , 0.021832 , 0.179621249719626 , 0.179621249719626 
period1,sc01,t7082, 4.15471645424955E-02 , 3.01772724077329E-02 , 0.189638462351388 , 0.189638462351388 
period1,sc01,t7083, 0.032748 , 0.021832 , 0.177598992070485 , 0.177598992070485 
period1,sc01,t7084, 3.88848943407407E-02 , 2.91563793851718E-02 , 0.187178142731278 , 0.187178142731278 
period1,sc01,t7085, 3.92010860830189E-02 , 2.97743971880492E-02 , 0.180368866960352 , 0.180368866960352 
period1,sc01,t7086, 4.80215054814815E-02 , 2.99048520210897E-02 , 0.211808368695653 , 0.211808368695653 
period1,sc01,t7087, 0.04524682 , 2.59125504393674E-02 , 0.212674456387665 , 0.212674456387665 
period1,sc01,t7088, 4.16123984444445E-02 , 3.00564098418277E-02 , 0.220572886751203 , 0.220572886751203 
period1,sc01,t7089, 4.16351401111111E-02 , 2.05578086799277E-02 , 0.200301386784141 , 0.200301386784141 
period1,sc01,t7090, 0.041390632688928 , 2.05099234147198E-02 , 0.197522979626169 , 0.197522979626169 
period1,sc01,t7091, 4.23506656662449E-02 , 2.06083346093064E-02 , 0.182778081057268 , 0.182778081057268 
period1,sc01,t7092, 0.05458 , 2.04830682815517E-02 , 0.226461091588785 , 0.226461091588785 
period1,sc01,t7093, 6.25801245048104E-02 , 2.15430526944006E-02 , 0.253529026860414 , 0.253529026860414 
period1,sc01,t7094, 0.05458 , 2.91724429990966E-02 , 0.25448706431718 , 0.25448706431718 
period1,sc01,t7095, 0.05458 , 2.05091772998373E-02 , 0.242551989719626 , 0.242551989719626 
period1,sc01,t7096, 0.065496 , 2.47195323141803E-02 , 0.25593451629956 , 0.25593451629956 
period1,sc01,t7097, 4.62644337777778E-02 , 0.020459346572935 , 0.24618224845815 , 0.24618224845815 
period1,sc01,t7098, 5.05156159132007E-02 , 2.05629430579964E-02 , 0.253741698678414 , 0.253741698678414 
period1,sc01,t7099, 0.048052113562387 , 2.03893230228472E-02 , 0.253280052863437 , 0.253280052863437 
period1,sc01,t7100, 4.70224893333334E-02 , 2.09111423550088E-02 , 0.255847957709252 , 0.255847957709252 
period1,sc01,t7101, 5.05195638336347E-02 , 0.019550057202109 , 0.253472405286343 , 0.253472405286343 
period1,sc01,t7102, 0.052216686 , 2.04356756463569E-02 , 0.248817467663551 , 0.248817467663551 
period1,sc01,t7103, 0.0419698368 , 2.12764158875219E-02 , 0.213882186915887 , 0.213882186915887 
period1,sc01,t7104, 7.17087093001321E-02 , 2.82174379402461E-02 , 0.243760531453745 , 0.243760531453745 
period1,sc01,t7105, 5.67886103936039E-02 , 0.0218386 , 0.242360357356828 , 0.242360357356828 
period1,sc01,t7106, 5.01229628819381E-02 , 0.025773577970123 , 0.239306154205608 , 0.239306154205608 
period1,sc01,t7107, 4.70431714543482E-02 , 0.0218386 , 0.220186664004673 , 0.220186664004673 
period1,sc01,t7108, 0.0545965 , 2.56958571177504E-02 , 0.242699962017621 , 0.242699962017621 
period1,sc01,t7109, 5.00108387780041E-02 , 2.56459622495606E-02 , 0.221999063705608 , 0.221999063705608 
period1,sc01,t7110, 7.06361916129032E-02 , 2.57572661862918E-02 , 0.362297574307692 , 0.362297574307692 
period1,sc01,t7111, 7.13767610627662E-02 , 2.55378439082601E-02 , 0.300641519823789 , 0.300641519823789 
period1,sc01,t7112, 7.18339982437276E-02 , 2.57802945869947E-02 , 0.300208596035242 , 0.300208596035242 
period1,sc01,t7113, 0.055908790556962 , 2.15012339297012E-02 , 0.297923720484582 , 0.297923720484582 
period1,sc01,t7114, 7.97357694177215E-02 , 2.15075493799402E-02 , 0.387379018271604 , 0.387379018271604 
period1,sc01,t7115, 7.40776764430379E-02 , 2.15030640035118E-02 , 0.304844247757709 , 0.304844247757709 
period1,sc01,t7116, 8.89948619240506E-02 , 2.15077237394663E-02 , 0.287504148504673 , 0.287504148504673 
period1,sc01,t7117, 8.39997483888889E-02 , 2.15054818079691E-02 , 0.282427310017606 , 0.282427310017606 
period1,sc01,t7118, 8.40620288407407E-02 , 2.50028199051967E-02 , 0.281725636422908 , 0.281725636422908 
period1,sc01,t7119, 8.16698933037037E-02 , 2.15026215384615E-02 , 0.290253362915888 , 0.290253362915888 
period1,sc01,t7120, 9.42795661772151E-02 , 2.56120123506676E-02 , 0.285257813511013 , 0.285257813511013 
period1,sc01,t7121, 8.15831649113924E-02 , 2.21757741669595E-02 , 0.289214498672898 , 0.289214498672898 
period1,sc01,t7122, 8.71264955943761E-02 , 0.0218386 , 0.26764632993458 , 0.26764632993458 
period1,sc01,t7123, 7.58324375276753E-02 , 0.0218386 , 0.264105830639648 , 0.264105830639648 
period1,sc01,t7124, 0.084602463960405 , 0.0218386 , 0.245866238333334 , 0.245866238333334 
period1,sc01,t7125, 7.38034914482011E-02 , 2.03068275465729E-02 , 0.238622781982379 , 0.238622781982379 
period1,sc01,t7126, 7.37778268486711E-02 , 2.21751984569421E-02 , 0.243539834167401 , 0.243539834167401 
period1,sc01,t7127, 0.06259170701107 , 0.0218386 , 0.23829568400881 , 0.23829568400881 
period1,sc01,t7128, 4.78791084074075E-02 , 2.15098695799648E-02 , 0.170110187312776 , 0.170110187312776 
period1,sc01,t7129, 4.47333974962963E-02 , 2.14933362390158E-02 , 0.165750990654206 , 0.165750990654206 
period1,sc01,t7130, 4.73840697926187E-02 , 2.14734062565905E-02 , 0.160951686343613 , 0.160951686343613 
period1,sc01,t7131, 4.27367811599297E-02 , 1.97877896660809E-02 , 0.153700542056075 , 0.153700542056075 
period1,sc01,t7132, 4.59769363796134E-02 , 2.16385951493849E-02 , 0.16685812345679 , 0.16685812345679 
period1,sc01,t7133, 4.59711873462214E-02 , 2.16523928295255E-02 , 0.163569607048458 , 0.163569607048458 
period1,sc01,t7134, 0.051972028400703 , 2.16753889630932E-02 , 0.174457275066079 , 0.174457275066079 
period1,sc01,t7135, 5.19689622495606E-02 , 1.98303325131811E-02 , 0.171896686569793 , 0.171896686569793 
period1,sc01,t7136, 6.10965109314587E-02 , 2.16646574340949E-02 , 0.170762754392524 , 0.170762754392524 
period1,sc01,t7137, 5.83823922671353E-02 , 1.96254752899824E-02 , 0.172244529724685 , 0.172244529724685 
period1,sc01,t7138, 6.44909318804921E-02 , 1.95932807029877E-02 , 0.177817119925338 , 0.177817119925338 
period1,sc01,t7139, 6.45112583001808E-02 , 2.14994685413005E-02 , 0.174421358659218 , 0.174421358659218 
period1,sc01,t7140, 6.42180530922243E-02 , 2.14879704745167E-02 , 0.173567641289118 , 0.173567641289118 
period1,sc01,t7141, 6.27101155555555E-02 , 2.14958274868189E-02 , 0.171459875947137 , 0.171459875947137 
period1,sc01,t7142, 6.26212681481481E-02 , 2.29376850615114E-02 , 0.17752864845815 , 0.17752864845815 
period1,sc01,t7143, 5.85345649186257E-02 , 2.14877788400703E-02 , 0.169120079295154 , 0.169120079295154 
period1,sc01,t7144, 5.58136521374322E-02 , 2.14739811599297E-02 , 0.180900722466961 , 0.180900722466961 
period1,sc01,t7145, 5.08067246292948E-02 , 2.14916115289982E-02 , 0.169432308370044 , 0.169432308370044 
period1,sc01,t7146, 6.24574987697715E-02 , 2.14753226010545E-02 , 0.181140898678414 , 0.181140898678414 
period1,sc01,t7147, 5.32513799648506E-02 , 2.15077088224956E-02 , 0.178967784317181 , 0.178967784317181 
period1,sc01,t7148, 5.42003537434095E-02 , 2.14883537434095E-02 , 0.175705230660792 , 0.175705230660792 
period1,sc01,t7149, 5.03015126045694E-02 , 1.99629435500879E-02 , 0.176022263259912 , 0.176022263259912 
period1,sc01,t7150, 4.81659766608084E-02 , 2.14898868189807E-02 , 0.176744713303965 , 0.176744713303965 
period1,sc01,t7151, 4.27604671775044E-02 , 0.021808 , 0.170350032897196 , 0.170350032897196 
period1,sc01,t7152, 9.67291800925754E-02 , 0.032712 , 0.168399491358024 , 0.168399491358024 
period1,sc01,t7153, 0.101399176301887 , 2.80022193146418E-02 , 0.16767015 , 0.16767015 
period1,sc01,t7154, 0.101480030490566 , 0.032712 , 0.175606679452054 , 0.175606679452054 
period1,sc01,t7155, 0.115351368817388 , 3.88008882459313E-02 , 0.178311641533821 , 0.178311641533821 
period1,sc01,t7156, 3.96110323630447E-02 , 4.23806734177215E-02 , 0.170201694435076 , 0.170201694435076 
period1,sc01,t7157, 3.97227001808318E-02 , 4.24272254565178E-02 , 0.169567251423868 , 0.169567251423868 
period1,sc01,t7158, 4.75841192371783E-02 , 4.39255150967275E-02 , 0.1665539 , 0.1665539 
period1,sc01,t7159, 4.40834325931284E-02 , 4.39354300180831E-02 , 0.171208236808237 , 0.171208236808237 
period1,sc01,t7160, 4.83202351835111E-02 , 4.22426481012658E-02 , 0.182008947867299 , 0.182008947867299 
period1,sc01,t7161, 5.56134288888889E-02 , 3.46135945027125E-02 , 0.169851164368309 , 0.169851164368309 
period1,sc01,t7162, 0.051583997037037 , 2.33789024288689E-02 , 0.17110256 , 0.17110256 
period1,sc01,t7163, 0.0747054848 , 2.56382879184862E-02 , 0.16879674 , 0.16879674 
period1,sc01,t7164, 6.76862406639004E-02 , 2.33738772167274E-02 , 0.171108199999999 , 0.171108199999999 
period1,sc01,t7165, 6.84894641509434E-02 , 2.50964471001758E-02 , 0.173626680493827 , 0.173626680493827 
period1,sc01,t7166, 5.86789501886792E-02 , 2.33330713993174E-02 , 0.173590333827161 , 0.173590333827161 
period1,sc01,t7167, 5.86882083018868E-02 , 2.33678543705994E-02 , 0.174464 , 0.174464 
period1,sc01,t7168, 6.05611188888889E-02 , 2.33661414224507E-02 , 0.174464 , 0.174464 
period1,sc01,t7169, 6.75023654972876E-02 , 2.42162301177298E-02 , 0.1656139 , 0.1656139 
period1,sc01,t7170, 6.61848568888889E-02 , 2.41915492442882E-02 , 0.1661027 , 0.1661027 
period1,sc01,t7171, 7.80615252021089E-02 , 2.41030141300527E-02 , 0.164826649999999 , 0.164826649999999 
period1,sc01,t7172, 8.31375384182777E-02 , 0.0207176 , 0.166418373662552 , 0.166418373662552 
period1,sc01,t7173, 6.59592046666666E-02 , 2.24259590596745E-02 , 0.1648995 , 0.1648995 
period1,sc01,t7174, 6.93198631464738E-02 , 0.0207176 , 0.16356 , 0.16356 
period1,sc01,t7175, 5.73633215189874E-02 , 2.40608545518453E-02 , 0.16167248 , 0.16167248 
period1,sc01,t7176, 9.83659613356766E-02 , 2.30833272407733E-02 , 0.17299525 , 0.17299525 
period1,sc01,t7177, 5.02252230037736E-02 , 2.41619231826402E-02 , 0.184455330396476 , 0.184455330396476 
period1,sc01,t7178, 4.59906488888889E-02 , 2.21213174683544E-02 , 0.173481679295154 , 0.173481679295154 
period1,sc01,t7179, 4.64521909777778E-02 , 3.21557344592593E-02 , 0.173431242290749 , 0.173431242290749 
period1,sc01,t7180, 5.57858893309223E-02 , 2.11498164195299E-02 , 0.172561804405287 , 0.172561804405287 
period1,sc01,t7181, 5.60012088245932E-02 , 3.00096220470163E-02 , 0.186202627160493 , 0.186202627160493 
period1,sc01,t7182, 4.65007252075471E-02 , 2.13787388400703E-02 , 0.18428240352423 , 0.18428240352423 
period1,sc01,t7183, 5.31909464150943E-02 , 2.08003860808436E-02 , 0.210006454205607 , 0.210006454205607 
period1,sc01,t7184, 5.31654351698113E-02 , 2.13343759855334E-02 , 0.208960028898679 , 0.208960028898679 
period1,sc01,t7185, 5.38434170867925E-02 , 2.04601444444445E-02 , 0.244670388722466 , 0.244670388722466 
period1,sc01,t7186, 4.64323591849057E-02 , 1.95532291036907E-02 , 0.21133104845815 , 0.21133104845815 
period1,sc01,t7187, 0.065236883245283 , 1.94075869244289E-02 , 0.242266705198238 , 0.242266705198238 
period1,sc01,t7188, 5.96440570566038E-02 , 1.92698017574692E-02 , 0.208159398130842 , 0.208159398130842 
period1,sc01,t7189, 6.30703818867925E-02 , 1.94681434094904E-02 , 0.262752775330397 , 0.262752775330397 
period1,sc01,t7190, 5.87402518518519E-02 , 1.92487219683656E-02 , 0.21808 , 0.21808 
period1,sc01,t7191, 7.03081690566038E-02 , 2.03715508137433E-02 , 0.234838021308411 , 0.234838021308411 
period1,sc01,t7192, 5.71048652075471E-02 , 1.94919060808436E-02 , 0.212953081869158 , 0.212953081869158 
period1,sc01,t7193, 5.70999275471699E-02 , 2.13714567311072E-02 , 0.262896881057269 , 0.262896881057269 
period1,sc01,t7194, 6.91168213333334E-02 , 2.13181823550088E-02 , 0.220051366343613 , 0.220051366343613 
period1,sc01,t7195, 0.070229837037037 , 2.13519100175747E-02 , 0.257453630654205 , 0.257453630654205 
period1,sc01,t7196, 5.78245177777778E-02 , 0.02041654228471 , 0.231996357383178 , 0.231996357383178 
period1,sc01,t7197, 5.47727464905661E-02 , 0.020398720281195 , 0.261878533920705 , 0.261878533920705 
period1,sc01,t7198, 5.03003688969258E-02 , 2.03868389455185E-02 , 0.261671982378855 , 0.261671982378855 
period1,sc01,t7199, 5.11130143396226E-02 , 2.13603419332162E-02 , 0.271056051242291 , 0.271056051242291 
period1,sc01,t7200, 4.01994133333334E-02 , 2.11522269244289E-02 , 0.21808 , 0.21808 
period1,sc01,t7201, 4.21275946666667E-02 , 1.83129824956063E-02 , 0.258510567753304 , 0.258510567753304 
period1,sc01,t7202, 3.40047018666667E-02 , 1.84734982073813E-02 , 0.252602022716049 , 0.252602022716049 
period1,sc01,t7203, 3.55850827851852E-02 , 1.94345557273366E-02 , 0.221036705185185 , 0.221036705185185 
period1,sc01,t7204, 0.025743260981132 , 1.83712821089631E-02 , 0.224352067160494 , 0.224352067160494 
period1,sc01,t7205, 5.33991842025317E-02 , 2.00587422784811E-02 , 0.255466534979424 , 0.255466534979424 
period1,sc01,t7206, 3.83787804981133E-02 , 2.11760688365554E-02 , 0.266744962633744 , 0.266744962633744 
period1,sc01,t7207, 4.39082714074074E-02 , 2.10643207872079E-02 , 0.517346452016461 , 0.517346452016461 
period1,sc01,t7208, 3.55774611211573E-02 , 1.85217296309315E-02 , 0.509922699588477 , 0.509922699588477 
period1,sc01,t7209, 4.65545779385172E-02 , 1.76452217926187E-02 , 0.5456 , 0.5456 
period1,sc01,t7210, 2.81840900830189E-02 , 1.60394893497363E-02 , 0.656695386337449 , 0.656695386337449 
period1,sc01,t7211, 0.047399627954717 , 1.92213005424955E-02 , 0.664509366255144 , 0.664509366255144 
period1,sc01,t7212, 5.05109179023508E-02 , 1.81481710228471E-02 , 0.628613400528635 , 0.628613400528635 
period1,sc01,t7213, 5.04741766037736E-02 , 1.92351132007233E-02 , 0.573082074074074 , 0.573082074074074 
period1,sc01,t7214, 5.04750725925926E-02 , 1.97147046467487E-02 , 0.522347345198237 , 0.522347345198237 
period1,sc01,t7215, 5.05053837037037E-02 , 2.00102006509946E-02 , 0.614121073251029 , 0.614121073251029 
period1,sc01,t7216, 5.05267037974683E-02 , 1.84119384182777E-02 , 0.568435268477366 , 0.568435268477366 
period1,sc01,t7217, 0.050225596344464 , 1.86942312829525E-02 , 0.608011251358025 , 0.608011251358025 
period1,sc01,t7218, 5.02741996175908E-02 , 1.77693002460457E-02 , 0.573620938271605 , 0.573620938271605 
period1,sc01,t7219, 0.054309952800137 , 1.85239536354057E-02 , 0.665452378600823 , 0.665452378600823 
period1,sc01,t7220, 4.72573213919157E-02 , 0.01774417771529 , 0.649753468312757 , 0.649753468312757 
period1,sc01,t7221, 4.72719419280575E-02 , 0.01774417771529 , 0.649834297942387 , 0.649834297942387 
period1,sc01,t7222, 4.48045149928057E-02 , 1.73369119971896E-02 , 0.607272989603524 , 0.607272989603524 
period1,sc01,t7223, 4.70070806220615E-02 , 1.77002612302284E-02 , 0.591721707136564 , 0.591721707136564 
period1,sc01,t7224, 3.29293848888889E-02 , 1.73181031623331E-02 , 0.515540564581498 , 0.515540564581498 
period1,sc01,t7225, 5.86398160875306E-02 , 0.015744313756149 , 0.342903042555066 , 0.342903042555066 
period1,sc01,t7226, 4.71548174339623E-02 , 0.015387042525909 , 0.342047517695473 , 0.342047517695473 
period1,sc01,t7227, 5.01510865094339E-02 , 1.62395193253689E-02 , 0.309906708414097 , 0.309906708414097 
period1,sc01,t7228, 5.82151116981132E-02 , 1.62755900913562E-02 , 0.311706027356829 , 0.311706027356829 
period1,sc01,t7229, 0.082414399245283 , 1.66006107167955E-02 , 0.33064788127572 , 0.33064788127572 
period1,sc01,t7230, 7.86558858047016E-02 , 0.016246426493324 , 0.338065622222223 , 0.338065622222223 
period1,sc01,t7231, 0.1034433960217 , 1.61965413914266E-02 , 0.588751559423869 , 0.588751559423869 
period1,sc01,t7232, 0.128640208398134 , 0.01621956528461 , 0.541223187654321 , 0.541223187654321 
period1,sc01,t7233, 0.114373754240222 , 0.016206740980151 , 0.589780740082304 , 0.589780740082304 
period1,sc01,t7234, 0.115106999605194 , 1.61351443429374E-02 , 0.531688210864197 , 0.531688210864197 
period1,sc01,t7235, 0.137043195342707 , 1.62272399156711E-02 , 0.601185173656388 , 0.601185173656388 
period1,sc01,t7236, 0.133775532337434 , 1.53743816089935E-02 , 0.553164526343612 , 0.553164526343612 
period1,sc01,t7237, 0.137106533304042 , 1.77797639908659E-02 , 0.538868119471366 , 0.538868119471366 
period1,sc01,t7238, 0.13387341827768 , 1.63133996135606E-02 , 0.340873757180617 , 0.340873757180617 
period1,sc01,t7239, 0.133775532337434 , 1.62349145467323E-02 , 0.550224997268723 , 0.550224997268723 
period1,sc01,t7240, 0.128953263767515 , 1.62934490778149E-02 , 0.567189558205015 , 0.567189558205015 
period1,sc01,t7241, 0.133657537245257 , 1.62172628952916E-02 , 0.588035177777777 , 0.588035177777777 
period1,sc01,t7242, 0.174821197935981 , 1.53732306165466E-02 , 0.559469071259842 , 0.559469071259842 
period1,sc01,t7243, 0.195272104651163 , 1.62771250175685E-02 , 0.826310724279835 , 0.826310724279835 
period1,sc01,t7244, 0.23254126532733 , 1.62970790583275E-02 , 0.72719478436214 , 0.72719478436214 
period1,sc01,t7245, 0.228759442355009 , 1.62679154602952E-02 , 0.713640160493827 , 0.713640160493827 
period1,sc01,t7246, 0.221107065026363 , 0.015970523506676 , 0.542988271189427 , 0.542988271189427 
period1,sc01,t7247, 0.221644478031634 , 1.62172628952916E-02 , 0.590615951298988 , 0.590615951298988 
period1,sc01,t7248, 0.104043075268817 , 1.53776582572031E-02 , 0.544589376387665 , 0.544589376387665 
period1,sc01,t7249, 8.45694959349593E-02 , 1.98816573637962E-02 , 0.281827176470589 , 0.281827176470589 
period1,sc01,t7250, 0.100700314511873 , 1.98816573637962E-02 , 0.3661728 , 0.3661728 
period1,sc01,t7251, 8.04372490061438E-02 , 1.62455324444444E-02 , 0.2358984 , 0.2358984 
period1,sc01,t7252, 6.80050065975495E-02 , 0.0157632432 , 0.236357741176471 , 0.236357741176471 
period1,sc01,t7253, 8.84966302299284E-02 , 2.03345403163444E-02 , 0.273082272897196 , 0.273082272897196 
period1,sc01,t7254, 9.26889138548539E-02 , 2.03046672759226E-02 , 0.255149697196261 , 0.255149697196261 
period1,sc01,t7255, 0.100855791855204 , 2.02872413356766E-02 , 0.254029547663552 , 0.254029547663552 
period1,sc01,t7256, 9.24659796303282E-02 , 2.03619239367312E-02 , 0.2546032 , 0.2546032 
period1,sc01,t7257, 9.33297866063349E-02 , 2.03818392970124E-02 , 0.459223802469136 , 0.459223802469136 
period1,sc01,t7258, 0.108149220893834 , 1.97529734973638E-02 , 0.325152 , 0.325152 
period1,sc01,t7259, 0.152363153526971 , 1.99084665026362E-02 , 0.273815461682243 , 0.273815461682243 
period1,sc01,t7260, 0.159576461712562 , 1.97315261862918E-02 , 0.253988814953271 , 0.253988814953271 
period1,sc01,t7261, 0.163421507825759 , 1.99111474165202E-02 , 0.254640538317757 , 0.254640538317757 
period1,sc01,t7262, 0.146933649188985 , 0.019836081827768 , 0.2270908 , 0.2270908 
period1,sc01,t7263, 0.163388632849331 , 2.02573682952548E-02 , 0.236240235294118 , 0.236240235294118 
period1,sc01,t7264, 0.19508891886196 , 2.03046672759226E-02 , 0.226825188785047 , 0.226825188785047 
period1,sc01,t7265, 0.132694844251627 , 2.44468707205624E-02 , 0.2731968 , 0.2731968 
period1,sc01,t7266, 0.136407289756098 , 1.93267061121157E-02 , 0.2766048 , 0.2766048 
period1,sc01,t7267, 0.108132871637373 , 1.83407461844485E-02 , 0.272898975700935 , 0.272898975700935 
period1,sc01,t7268, 8.05702430751837E-02 , 1.69538213381555E-02 , 0.197966419753087 , 0.197966419753087 
period1,sc01,t7269, 7.81058105107329E-02 , 0.018831122108963 , 0.196015901234568 , 0.196015901234568 
period1,sc01,t7270, 8.05470966308774E-02 , 1.86599266080844E-02 , 0.194648296296296 , 0.194648296296296 
period1,sc01,t7271, 0.076272 , 1.88368118081181E-02 , 0.196890271604938 , 0.196890271604938 
period1,sc01,t7272, 4.93707765726681E-02 , 1.87678861360042E-02 , 0.209759209876544 , 0.209759209876544 
period1,sc01,t7273, 0.066152322264151 , 1.43204407732865E-02 , 0.192828225490196 , 0.192828225490196 
period1,sc01,t7274, 5.75320150943396E-02 , 1.59171424253076E-02 , 0.192846995098039 , 0.192846995098039 
period1,sc01,t7275, 5.60438448301887E-02 , 1.91912402460457E-02 , 0.191301747663551 , 0.191301747663551 
period1,sc01,t7276, 6.32842533333334E-02 , 2.03877681735986E-02 , 0.231715845794392 , 0.231715845794392 
period1,sc01,t7277, 6.32682905660377E-02 , 2.88222471353251E-02 , 0.251885831775701 , 0.251885831775701 
period1,sc01,t7278, 0.0790962 , 2.92743248506151E-02 , 0.208824662616823 , 0.208824662616823 
period1,sc01,t7279, 8.47020211320755E-02 , 2.60112247100176E-02 , 0.225845938325991 , 0.225845938325991 
period1,sc01,t7280, 7.60897641509434E-02 , 2.10128752196836E-02 , 0.272608414096917 , 0.272608414096917 
period1,sc01,t7281, 0.063650158490566 , 1.73572809490334E-02 , 0.229007935682819 , 0.229007935682819 
period1,sc01,t7282, 8.44340943396227E-02 , 2.04133862917398E-02 , 0.235477957709251 , 0.235477957709251 
period1,sc01,t7283, 8.53501645283019E-02 , 0.020551818629174 , 0.253321242290749 , 0.253321242290749 
period1,sc01,t7284, 8.43281621132075E-02 , 2.04933694200351E-02 , 0.234396488105727 , 0.234396488105727 
period1,sc01,t7285, 8.10241169811321E-02 , 2.05610474516696E-02 , 0.270969823788547 , 0.270969823788547 
period1,sc01,t7286, 9.14258896226415E-02 , 2.07210137082602E-02 , 0.25930450660793 , 0.25930450660793 
period1,sc01,t7287, 7.67657735849056E-02 , 0.021334730404218 , 0.258109299559471 , 0.258109299559471 
period1,sc01,t7288, 9.28688717047451E-02 , 2.09032829525483E-02 , 0.250786719626168 , 0.250786719626168 
period1,sc01,t7289, 0.106683690205011 , 2.07850386643234E-02 , 0.280813414096917 , 0.280813414096917 
period1,sc01,t7290, 0.105426992715921 , 2.07210137082602E-02 , 0.215290083333334 , 0.215290083333334 
period1,sc01,t7291, 0.102587243210517 , 2.06810221441125E-02 , 0.293481162995595 , 0.293481162995595 
period1,sc01,t7292, 9.89637398945518E-02 , 0.020690250966608 , 0.281379691629956 , 0.281379691629956 
period1,sc01,t7293, 8.90917838312829E-02 , 2.06964035149385E-02 , 0.28282550660793 , 0.28282550660793 
period1,sc01,t7294, 6.77798842592592E-02 , 2.05948864674868E-02 , 0.245346608810573 , 0.245346608810573 
period1,sc01,t7295, 8.50789764499121E-02 , 2.05702762741652E-02 , 0.261097317180617 , 0.261097317180617 
period1,sc01,t7296, 0.05892284 , 2.04410727592267E-02 , 0.236198178504672 , 0.236198178504672 
period1,sc01,t7297, 0.04443579875 , 1.68322569420035E-02 , 0.263181002057613 , 0.263181002057613 
period1,sc01,t7298, 4.46844946202531E-02 , 0.015485313884007 , 0.256980277777778 , 0.256980277777778 
period1,sc01,t7299, 5.49314531645569E-02 , 1.72638040421792E-02 , 0.262896862139918 , 0.262896862139918 
period1,sc01,t7300, 5.06169209722222E-02 , 1.42518501808318E-02 , 0.231826093612335 , 0.231826093612335 
period1,sc01,t7301, 6.94533661844485E-02 , 1.88132724077328E-02 , 0.234994343612335 , 0.234994343612335 
period1,sc01,t7302, 6.19417152777778E-02 , 1.88209525483304E-02 , 0.239416321585903 , 0.239416321585903 
period1,sc01,t7303, 0.102064787522604 , 1.77659700351494E-02 , 0.270245385802469 , 0.270245385802469 
period1,sc01,t7304, 0.109716133333334 , 1.73225571177505E-02 , 0.224585180041153 , 0.224585180041153 
period1,sc01,t7305, 0.110948215189874 , 1.71370817223198E-02 , 0.236168827160494 , 0.236168827160494 
period1,sc01,t7306, 0.243690718806509 , 1.46199156414763E-02 , 0.220268213656387 , 0.220268213656387 
period1,sc01,t7307, 0.160653646202531 , 1.46252917398946E-02 , 0.268525709876543 , 0.268525709876543 
period1,sc01,t7308, 0.110397263291139 , 1.46441080843585E-02 , 0.267264614197531 , 0.267264614197531 
period1,sc01,t7309, 0.12524793386076 , 1.46602363796133E-02 , 0.238232438271605 , 0.238232438271605 
period1,sc01,t7310, 0.153859698869801 , 1.62177688927944E-02 , 0.266462098765432 , 0.266462098765432 
period1,sc01,t7311, 0.12127342676311 , 1.72960606326889E-02 , 0.367733476851852 , 0.367733476851852 
period1,sc01,t7312, 0.161323984771573 , 1.88071282952548E-02 , 0.337434135802469 , 0.337434135802469 
period1,sc01,t7313, 0.123183642578125 , 1.87562473637962E-02 , 0.253510353909465 , 0.253510353909465 
period1,sc01,t7314, 0.124116614955914 , 1.73214050966608E-02 , 0.251750664609053 , 0.251750664609053 
period1,sc01,t7315, 0.054625 , 1.72856924428822E-02 , 0.258101921806167 , 0.258101921806167 
period1,sc01,t7316, 0.054625 , 1.88063602811951E-02 , 0.169909738986784 , 0.169909738986784 
period1,sc01,t7317, 5.09044672131148E-02 , 1.73110369068541E-02 , 0.169579582599119 , 0.169579582599119 
period1,sc01,t7318, 4.53437420913885E-02 , 1.72937565905096E-02 , 0.333597522026432 , 0.333597522026432 
period1,sc01,t7319, 4.75320061511423E-02 , 1.86743386643233E-02 , 0.178614308641975 , 0.178614308641975 
period1,sc01,t7320, 0.034438710456942 , 1.54895763620387E-02 , 0.178700629629629 , 0.178700629629629 
period1,sc01,t7321, 1.80617706502636E-02 , 2.18235372222222E-02 , 0.19129703876652 , 0.19129703876652 
period1,sc01,t7322, 1.73200610720563E-02 , 2.92707547169812E-02 , 0.204348034140969 , 0.204348034140969 
period1,sc01,t7323, 1.79984094903339E-02 , 2.07816586792453E-02 , 0.187395033039647 , 0.187395033039647 
period1,sc01,t7324, 1.79610556057866E-02 , 3.49806132075472E-02 , 0.188997687224669 , 0.188997687224669 
period1,sc01,t7325, 2.96160352622062E-02 , 4.99664150943397E-02 , 0.188196360132159 , 0.188196360132159 
period1,sc01,t7326, 3.37764583333334E-02 , 4.38649056603773E-02 , 0.199853317901235 , 0.199853317901235 
period1,sc01,t7327, 4.56341003616637E-02 , 3.57020754716982E-02 , 0.189156027533039 , 0.189156027533039 
period1,sc01,t7328, 4.74377662037037E-02 , 3.18960528301887E-02 , 0.189261764207048 , 0.189261764207048 
period1,sc01,t7329, 4.71661686256781E-02 , 2.27710189873417E-02 , 0.190092593612335 , 0.190092593612335 
period1,sc01,t7330, 0.049901369801085 , 2.03880650994575E-02 , 0.165210277777778 , 0.165210277777778 
period1,sc01,t7331, 5.54197025483304E-02 , 2.03930040687161E-02 , 0.164708537037037 , 0.164708537037037 
period1,sc01,t7332, 0.051501595840868 , 2.03720902777778E-02 , 0.157793095814978 , 0.157793095814978 
period1,sc01,t7333, 5.15450587703435E-02 , 2.02880514059754E-02 , 0.153424539647577 , 0.153424539647577 
period1,sc01,t7334, 0.054625 , 0.0163875 , 0.160221140969164 , 0.160221140969164 
period1,sc01,t7335, 7.60658952983725E-02 , 1.69926950790861E-02 , 0.152572197136563 , 0.152572197136563 
period1,sc01,t7336, 6.86656481481481E-02 , 1.71430338312829E-02 , 0.16392445473251 , 0.16392445473251 
period1,sc01,t7337, 7.69359046112116E-02 , 1.78981836555361E-02 , 0.163769346707819 , 0.163769346707819 
period1,sc01,t7338, 7.64335126582279E-02 , 0.0163875 , 0.157360908590309 , 0.157360908590309 
period1,sc01,t7339, 8.28423191681736E-02 , 1.69919270650263E-02 , 0.157270095679012 , 0.157270095679012 
period1,sc01,t7340, 9.16912785588753E-02 , 0.017149369947276 , 0.165842399176954 , 0.165842399176954 
period1,sc01,t7341, 6.29115094339623E-02 , 0.0163875 , 0.156587620370371 , 0.156587620370371 
period1,sc01,t7342, 6.27198066037735E-02 , 0.0163875 , 0.165372129629629 , 0.165372129629629 
period1,sc01,t7343, 6.02616816037736E-02 , 1.71510979789103E-02 , 0.165761607929515 , 0.165761607929515 
period1,sc01,t7344, 4.72305958333334E-02 , 0.0163875 , 0.162358975770925 , 0.162358975770925 
period1,sc01,t7345, 4.71217582872928E-02 , 1.60806783831283E-02 , 0.161612995594713 , 0.161612995594713 
period1,sc01,t7346, 4.73101055555555E-02 , 0.0163875 , 0.153567479074889 , 0.153567479074889 
period1,sc01,t7347, 4.77245879166666E-02 , 0.0163875 , 0.155210945594713 , 0.155210945594713 
period1,sc01,t7348, 5.74134516509434E-02 , 0.0163875 , 0.14615436123348 , 0.14615436123348 
period1,sc01,t7349, 0.049958479009434 , 0.0163875 , 0.167280632716049 , 0.167280632716049 
period1,sc01,t7350, 5.66849359116023E-02 , 0.0163875 , 0.156078303964758 , 0.156078303964758 
period1,sc01,t7351, 5.22522136792453E-02 , 1.60545659050966E-02 , 0.198865609251101 , 0.198865609251101 
period1,sc01,t7352, 0.066857908018868 , 0.017901255711775 , 0.200545941629956 , 0.200545941629956 
period1,sc01,t7353, 5.48656591981132E-02 , 1.60729982425308E-02 , 0.207478744493392 , 0.207478744493392 
period1,sc01,t7354, 5.77590320754717E-02 , 1.60618620386643E-02 , 0.20842686123348 , 0.20842686123348 
period1,sc01,t7355, 0.06555 , 1.60728062390159E-02 , 0.208071678414097 , 0.208071678414097 
period1,sc01,t7356, 8.14559907407408E-02 , 1.60929666080844E-02 , 0.200225892070485 , 0.200225892070485 
period1,sc01,t7357, 6.24580188679245E-02 , 1.60900865553603E-02 , 0.205324546255507 , 0.205324546255507 
period1,sc01,t7358, 6.70394691509434E-02 , 0.015295 , 0.205938656387665 , 0.205938656387665 
period1,sc01,t7359, 6.42017313207547E-02 , 1.60883585237258E-02 , 0.207189977973568 , 0.207189977973568 
period1,sc01,t7360, 0.0803042125 , 1.64629573813708E-02 , 0.208869636563877 , 0.208869636563877 
period1,sc01,t7361, 7.07818611111111E-02 , 1.66138721441125E-02 , 0.207189977973568 , 0.207189977973568 
period1,sc01,t7362, 6.91297583333334E-02 , 0.0163875 , 0.206585905349794 , 0.206585905349794 
period1,sc01,t7363, 0.06555 , 0.016056485940246 , 0.207165914096916 , 0.207165914096916 
period1,sc01,t7364, 7.08061388888889E-02 , 1.66577257469244E-02 , 0.203206348765432 , 0.203206348765432 
period1,sc01,t7365, 6.85147987477638E-02 , 0.0163875 , 0.169917469135803 , 0.169917469135803 
period1,sc01,t7366, 6.87583019667832E-02 , 1.71898826889279E-02 , 0.160312011316872 , 0.160312011316872 
period1,sc01,t7367, 0.06555 , 1.78970316344464E-02 , 0.159615598765432 , 0.159615598765432 
period1,sc01,t7368, 6.47477258497317E-02 , 1.54956820738137E-02 , 0.160440144032922 , 0.160440144032922 
period1,sc01,t7369, 5.28611028232989E-02 , 3.30020253020487E-02 , 0.1686285 , 0.1686285 
period1,sc01,t7370, 4.18020073119777E-02 , 2.76898095780074E-02 , 0.1829574 , 0.1829574 
period1,sc01,t7371, 0.044316045048094 , 3.34182867273682E-02 , 0.1829574 , 0.1829574 
period1,sc01,t7372, 3.73502832698586E-02 , 2.18410876378918E-02 , 0.1651185 , 0.1651185 
period1,sc01,t7373, 4.54744488574538E-02 , 3.93102814743477E-02 , 0.1651941 , 0.1651941 
period1,sc01,t7374, 4.95421335945849E-02 , 2.93584549641044E-02 , 0.17923275 , 0.17923275 
period1,sc01,t7375, 6.36501145350909E-02 , 3.87429481701979E-02 , 0.16649145 , 0.16649145 
period1,sc01,t7376, 4.64841707784111E-02 , 3.96228480210158E-02 , 0.1988955 , 0.1988955 
period1,sc01,t7377, 4.62351179926881E-02 , 0.040143323380035 , 0.1805247 , 0.1805247 
period1,sc01,t7378, 4.66109931402439E-02 , 3.27785721541156E-02 , 0.187387362555066 , 0.187387362555066 
period1,sc01,t7379, 5.70280048746518E-02 , 4.78133353765324E-02 , 0.171727671806167 , 0.171727671806167 
period1,sc01,t7380, 4.89636751958224E-02 , 2.75076340455341E-02 , 0.1815255 , 0.1815255 
period1,sc01,t7381, 5.63430013357079E-02 , 3.95725202101576E-02 , 0.171080242731278 , 0.171080242731278 
period1,sc01,t7382, 0.056626746571683 , 3.14150485113836E-02 , 0.17530539185022 , 0.17530539185022 
period1,sc01,t7383, 5.74851878895815E-02 , 3.90795068301226E-02 , 0.18030195 , 0.18030195 
period1,sc01,t7384, 6.18517790912257E-02 , 3.25774228782288E-02 , 0.1953234 , 0.1953234 
period1,sc01,t7385, 6.26142696829356E-02 , 4.89943551612322E-02 , 0.1932129 , 0.1932129 
period1,sc01,t7386, 0.054675 , 3.24511638083228E-02 , 0.198097200000001 , 0.198097200000001 
period1,sc01,t7387, 5.67217577484859E-02 , 4.08517101423167E-02 , 0.198351 , 0.198351 
period1,sc01,t7388, 4.51512318071031E-02 , 3.31759548976204E-02 , 0.1984869 , 0.1984869 
period1,sc01,t7389, 4.44984768436053E-02 , 4.18493201438849E-02 , 0.196209 , 0.196209 
period1,sc01,t7390, 4.08961987887425E-02 , 3.37774706696181E-02 , 0.197379 , 0.197379 
period1,sc01,t7391, 4.66005100609756E-02 , 5.61279308400677E-02 , 0.199192499999999 , 0.199192499999999 
period1,sc01,t7392, 4.07657142670613E-02 , 2.30923525653073E-02 , 0.180393779735683 , 0.180393779735683 
period1,sc01,t7393, 4.27811034891599E-02 , 3.85241901240368E-02 , 0.175024140748899 , 0.175024140748899 
period1,sc01,t7394, 4.27959903455284E-02 , 5.46919573858297E-02 , 0.179466512037037 , 0.179466512037037 
period1,sc01,t7395, 4.39305548865176E-02 , 4.86195468426988E-02 , 0.179330876234567 , 0.179330876234567 
period1,sc01,t7396, 4.75475027269648E-02 , 6.31898220823154E-02 , 0.204168052263374 , 0.204168052263374 
period1,sc01,t7397, 4.78848056145543E-02 , 4.22392830482992E-02 , 0.201181804012345 , 0.201181804012345 
period1,sc01,t7398, 4.71048100191504E-02 , 5.74457057507987E-02 , 0.198825642819384 , 0.198825642819384 
period1,sc01,t7399, 0.050791522893454 , 4.88295312535238E-02 , 0.211699207290749 , 0.211699207290749 
period1,sc01,t7400, 5.24067908687326E-02 , 3.71541952631579E-02 , 0.193338200660793 , 0.193338200660793 
period1,sc01,t7401, 4.64269521500697E-02 , 0.031563002329247 , 0.210604913171806 , 0.210604913171806 
period1,sc01,t7402, 4.94987974254742E-02 , 3.12205159894921E-02 , 0.17401454431718 , 0.17401454431718 
period1,sc01,t7403, 4.96476659891599E-02 , 2.37094827057793E-02 , 0.179542157378855 , 0.179542157378855 
period1,sc01,t7404, 4.95345258807588E-02 , 1.95755956217163E-02 , 0.173141432158591 , 0.173141432158591 
period1,sc01,t7405, 4.64217878830083E-02 , 1.97468387915937E-02 , 0.195063613546256 , 0.195063613546256 
period1,sc01,t7406, 4.62668598711699E-02 , 2.06782861908932E-02 , 0.184969740775701 , 0.184969740775701 
period1,sc01,t7407, 4.63288310759053E-02 , 0.031563002329247 , 0.19480226068282 , 0.19480226068282 
period1,sc01,t7408, 0.05295986159601 , 0.034264026619965 , 0.207834572819384 , 0.207834572819384 
period1,sc01,t7409, 4.63911661585366E-02 , 3.46339264752232E-02 , 0.221656267400881 , 0.221656267400881 
period1,sc01,t7410, 4.62274584261839E-02 , 3.42722986759142E-02 , 0.214568764933921 , 0.214568764933921 
period1,sc01,t7411, 4.82222494918699E-02 , 4.88295312535238E-02 , 0.224039940455342 , 0.224039940455342 
period1,sc01,t7412, 0.048547935759053 , 3.68121722929349E-02 , 0.211169745412844 , 0.211169745412844 
period1,sc01,t7413, 4.57547530487805E-02 , 4.07877683894005E-02 , 0.209873827981651 , 0.209873827981651 
period1,sc01,t7414, 4.88765268292683E-02 , 4.88295312535238E-02 , 0.190369886666666 , 0.190369886666666 
period1,sc01,t7415, 4.78993420699861E-02 , 3.73352521029331E-02 , 0.236965701834862 , 0.236965701834862 
period1,sc01,t7416, 4.26247914972899E-02 , 2.56735571302387E-02 , 0.170875352752293 , 0.170875352752293 
period1,sc01,t7417, 4.73543495934959E-02 , 2.84696487119437E-02 , 0.160179708274648 , 0.160179708274648 
period1,sc01,t7418, 3.15065207172702E-02 , 2.11259190647482E-02 , 0.15331782306338 , 0.15331782306338 
period1,sc01,t7419, 3.77833070121951E-02 , 2.52523243559719E-02 , 0.156934864638158 , 0.156934864638158 
period1,sc01,t7420, 4.12695694613821E-02 , 2.37540951990633E-02 , 0.1418158828125 , 0.1418158828125 
period1,sc01,t7421, 4.00568420350609E-02 , 0.0330525 , 0.150305518914473 , 0.150305518914473 
period1,sc01,t7422, 4.20651054506591E-02 , 0.0330525 , 0.157811190789474 , 0.157811190789474 
period1,sc01,t7423, 5.04418897980501E-02 , 3.68780476273857E-02 , 0.164690288292254 , 0.164690288292254 
period1,sc01,t7424, 4.55516908621304E-02 , 3.71473053415062E-02 , 0.167425266285211 , 0.167425266285211 
period1,sc01,t7425, 0.058027331670823 , 1.89439255691768E-02 , 0.166583921104754 , 0.166583921104754 
period1,sc01,t7426, 6.91351068756679E-02 , 1.75813058669001E-02 , 0.159458139612676 , 0.159458139612676 
period1,sc01,t7427, 9.50141604369777E-02 , 1.76069683450088E-02 , 0.164084642269737 , 0.164084642269737 
period1,sc01,t7428, 0.10276350626741 , 1.74273309982487E-02 , 0.158592257218309 , 0.158592257218309 
period1,sc01,t7429, 6.94553483523334E-02 , 1.76339814798599E-02 , 0.20718064453125 , 0.20718064453125 
period1,sc01,t7430, 8.09052273334521E-02 , 1.76650465849387E-02 , 0.207395223921655 , 0.207395223921655 
period1,sc01,t7431, 7.43491430903155E-02 , 1.74908118651489E-02 , 0.20511486328125 , 0.20511486328125 
period1,sc01,t7432, 8.33805359085963E-02 , 1.86406066549912E-02 , 0.203696903782895 , 0.203696903782895 
period1,sc01,t7433, 0.066105 , 1.89427305638242E-02 , 0.207260899647887 , 0.207260899647887 
period1,sc01,t7434, 0.074208180887068 , 1.78199525914901E-02 , 0.205034608164613 , 0.205034608164613 
period1,sc01,t7435, 8.61567900571273E-02 , 1.99734870425495E-02 , 0.207722548415493 , 0.207722548415493 
period1,sc01,t7436, 8.34524673558215E-02 , 1.86887550998074E-02 , 0.186500180921053 , 0.186500180921053 
period1,sc01,t7437, 7.75341077257889E-02 , 1.99734870425495E-02 , 0.184515490645559 , 0.184515490645559 
period1,sc01,t7438, 6.31494682935518E-02 , 1.84579296970758E-02 , 0.192850484593838 , 0.192850484593838 
period1,sc01,t7439, 6.31534656272147E-02 , 1.90636896340396E-02 , 0.179354425616197 , 0.179354425616197 
period1,sc01,t7440, 5.89353004961699E-02 , 1.84725914025565E-02 , 0.179456259903169 , 0.179456259903169 
period1,sc01,t7441, 5.69501199453552E-02 , 1.72587423550088E-02 , 0.174941285046729 , 0.174941285046729 
period1,sc01,t7442, 4.90529741894354E-02 , 1.69522487702038E-02 , 0.170771247663552 , 0.170771247663552 
period1,sc01,t7443, 0.05495 , 1.72579697715289E-02 , 0.169446901308412 , 0.169446901308412 
period1,sc01,t7444, 6.32328032200358E-02 , 1.72514028119508E-02 , 0.168059696261683 , 0.168059696261683 
period1,sc01,t7445, 8.24069836065573E-02 , 1.85790875219684E-02 , 0.184529289719626 , 0.184529289719626 
period1,sc01,t7446, 0.127952426229509 , 1.72446427065027E-02 , 0.19550111 , 0.19550111 
period1,sc01,t7447, 0.192845513624772 , 0.018774357996485 , 0.333939880373832 , 0.333939880373832 
period1,sc01,t7448, 0.194189256320583 , 1.86754481012658E-02 , 0.33289823524229 , 0.33289823524229 
period1,sc01,t7449, 0.185638916211293 , 1.72713911392405E-02 , 0.336122614096916 , 0.336122614096916 
period1,sc01,t7450, 0.1973645856102 , 0.016485 , 0.32788665 , 0.32788665 
period1,sc01,t7451, 0.119004284153005 , 0.016485 , 0.353237481497797 , 0.353237481497797 
period1,sc01,t7452, 0.139545214717668 , 0.016451933427065 , 0.352490936123348 , 0.352490936123348 
period1,sc01,t7453, 0.132874905282332 , 0.016485 , 0.367408771806168 , 0.367408771806168 
period1,sc01,t7454, 0.209546670309654 , 0.0169874 , 0.359424318942731 , 0.359424318942731 
period1,sc01,t7455, 0.206838205828779 , 1.72545510455104E-02 , 0.342853078504672 , 0.342853078504672 
period1,sc01,t7456, 0.225372270309654 , 1.80036322263223E-02 , 0.351384674008811 , 0.351384674008811 
period1,sc01,t7457, 0.225224936247723 , 1.69632666787199E-02 , 0.369453783259912 , 0.369453783259912 
period1,sc01,t7458, 0.227547049180328 , 1.69744107913669E-02 , 0.343306297797357 , 0.343306297797357 
period1,sc01,t7459, 0.181730359744991 , 1.65231539622642E-02 , 0.323254929906542 , 0.323254929906542 
period1,sc01,t7460, 0.184492609838998 , 0.016800430886076 , 0.235591705607477 , 0.235591705607477 
period1,sc01,t7461, 0.183431652146691 , 1.69786556962025E-02 , 0.205921273364486 , 0.205921273364486 
period1,sc01,t7462, 0.15859506852459 , 1.71410778910369E-02 , 0.206958160792951 , 0.206958160792951 
period1,sc01,t7463, 0.154257441639344 , 1.69516404217926E-02 , 0.204994313084113 , 0.204994313084113 
period1,sc01,t7464, 0.151479433879782 , 0.016772442648867 , 0.198010014018692 , 0.198010014018692 
period1,sc01,t7465, 6.31435203864043E-02 , 1.87501676203867E-02 , 0.241683560352423 , 0.241683560352423 
period1,sc01,t7466, 5.75714816433566E-02 , 1.88869128295254E-02 , 0.237342044405286 , 0.237342044405286 
period1,sc01,t7467, 0.05523 , 1.82559901581723E-02 , 0.236362016035242 , 0.236362016035242 
period1,sc01,t7468, 6.56917080966011E-02 , 1.82410368236121E-02 , 0.238631555418502 , 0.238631555418502 
period1,sc01,t7469, 6.34531333333333E-02 , 0.0182259 , 0.238771698502202 , 0.238771698502202 
period1,sc01,t7470, 7.74628415300547E-02 , 1.88764298066784E-02 , 0.280608301850221 , 0.280608301850221 
period1,sc01,t7471, 0.107598904918033 , 1.89171971177504E-02 , 0.304149545327102 , 0.304149545327102 
period1,sc01,t7472, 0.107452027322404 , 1.81554307908611E-02 , 0.30390611629956 , 0.30390611629956 
period1,sc01,t7473, 0.130766330601093 , 0.016569 , 0.303619017621146 , 0.303619017621146 
period1,sc01,t7474, 0.111534419672131 , 1.60966815817223E-02 , 0.285800281121496 , 0.285800281121496 
period1,sc01,t7475, 0.116780722754919 , 0.016569 , 0.307584644859813 , 0.307584644859813 
period1,sc01,t7476, 9.77967368306011E-02 , 0.016569 , 0.288798288246269 , 0.288798288246269 
period1,sc01,t7477, 8.65997547103825E-02 , 0.016569 , 0.303267620299065 , 0.303267620299065 
period1,sc01,t7478, 9.43819245509839E-02 , 1.59415716695957E-02 , 0.294873692635513 , 0.294873692635513 
period1,sc01,t7479, 0.115024626118068 , 1.59493368717047E-02 , 0.307494315420561 , 0.307494315420561 
period1,sc01,t7480, 0.123207315734266 , 0.016569 , 0.295103645579439 , 0.295103645579439 
period1,sc01,t7481, 0.138028035714285 , 0.016569 , 0.297556012429907 , 0.297556012429907 
period1,sc01,t7482, 0.163790764285714 , 0.015895841938883 , 0.29602918682243 , 0.29602918682243 
period1,sc01,t7483, 0.139018042857143 , 1.55888373637962E-02 , 0.281733825991189 , 0.281733825991189 
period1,sc01,t7484, 0.115334144055944 , 1.55731128295254E-02 , 0.276125669603524 , 0.276125669603524 
period1,sc01,t7485, 8.94301153846153E-02 , 0.015595243655536 , 0.25635494859813 , 0.25635494859813 
period1,sc01,t7486, 8.54494057245081E-02 , 1.55597178558876E-02 , 0.263147836123348 , 0.263147836123348 
period1,sc01,t7487, 8.57991627906977E-02 , 1.59162906376251E-02 , 0.257318273127753 , 0.257318273127753 
period1,sc01,t7488, 7.77284284153005E-02 , 0.016569 , 0.231893008810573 , 0.231893008810573 
period1,sc01,t7489, 4.68655366964123E-02 , 2.62502601018973E-02 , 0.200054251982379 , 0.200054251982379 
period1,sc01,t7490, 4.69578479699517E-02 , 2.83524349964863E-02 , 0.200317020264317 , 0.200317020264317 
period1,sc01,t7491, 4.71040479341799E-02 , 0.028285483661279 , 0.196910764757709 , 0.196910764757709 
period1,sc01,t7492, 4.70921938830263E-02 , 2.81836011946592E-02 , 0.19979148370044 , 0.19979148370044 
period1,sc01,t7493, 4.75432634128574E-02 , 2.82330869641602E-02 , 0.200632342202643 , 0.200632342202643 
period1,sc01,t7494, 4.74629041332848E-02 , 2.82214432536893E-02 , 0.201560431578947 , 0.201560431578947 
period1,sc01,t7495, 5.14124814787834E-02 , 2.84753925790583E-02 , 0.218902651578947 , 0.218902651578947 
period1,sc01,t7496, 0.052820475600874 , 2.62284281447646E-02 , 0.221561676348548 , 0.221561676348548 
period1,sc01,t7497, 5.79879796029867E-02 , 2.05610849472944E-02 , 0.217035566390042 , 0.217035566390042 
period1,sc01,t7498, 0.05523 , 2.05449390021083E-02 , 0.22163799 , 0.22163799 
period1,sc01,t7499, 0.05523 , 2.05459481236823E-02 , 0.225740513157894 , 0.225740513157894 
period1,sc01,t7500, 7.29132541879097E-02 , 2.05449390021083E-02 , 0.225340528128441 , 0.225340528128441 
period1,sc01,t7501, 9.65619919883467E-02 , 1.88668862614196E-02 , 0.223620940789473 , 0.223620940789473 
period1,sc01,t7502, 5.99846875455207E-02 , 1.88575712930428E-02 , 0.210887394495413 , 0.210887394495413 
period1,sc01,t7503, 9.79595731196503E-02 , 0.016569 , 0.2112218146789 , 0.2112218146789 
period1,sc01,t7504, 9.87806450473416E-02 , 1.91309656148981E-02 , 0.209939870642202 , 0.209939870642202 
period1,sc01,t7505, 9.25964997268257E-02 , 1.59348059030217E-02 , 0.21289391559633 , 0.21289391559633 
period1,sc01,t7506, 8.75570482155864E-02 , 1.59367465214336E-02 , 0.213623559633027 , 0.213623559633027 
period1,sc01,t7507, 9.25441966854853E-02 , 1.54795368236121E-02 , 0.22092 , 0.22092 
period1,sc01,t7508, 0.086078816579858 , 1.59348059030217E-02 , 0.209053292523364 , 0.209053292523364 
period1,sc01,t7509, 8.07965606903952E-02 , 1.54931211524948E-02 , 0.210020197058823 , 0.210020197058823 
period1,sc01,t7510, 7.27520418794391E-02 , 1.59340296556571E-02 , 0.22092 , 0.22092 
period1,sc01,t7511, 7.47674519763906E-02 , 1.53308854532677E-02 , 0.22092 , 0.22092 
period1,sc01,t7512, 6.84566344928064E-02 , 1.59181165846803E-02 , 0.204143254128441 , 0.204143254128441 
period1,sc01,t7513, 7.56037333333333E-02 , 1.56102265789473E-02 , 0.256052416666667 , 0.256052416666667 
period1,sc01,t7514, 8.12482192131147E-02 , 1.63727881578947E-02 , 0.256227659476824 , 0.256227659476824 
period1,sc01,t7515, 8.11442781639345E-02 , 0.015577282368421 , 0.252767579439253 , 0.252767579439253 
period1,sc01,t7516, 8.03275984918033E-02 , 0.015613521 , 0.251114022026432 , 0.251114022026432 
period1,sc01,t7517, 8.44586415300547E-02 , 1.66265554736842E-02 , 0.301153188785047 , 0.301153188785047 
period1,sc01,t7518, 9.77802382513661E-02 , 1.67540689473684E-02 , 0.340574170588236 , 0.340574170588236 
period1,sc01,t7519, 0.264685338491803 , 1.70143282105263E-02 , 0.379092009813084 , 0.379092009813084 
period1,sc01,t7520, 0.282514195384615 , 1.81951615798923E-02 , 0.381056029906542 , 0.381056029906542 
period1,sc01,t7521, 0.299089761714285 , 1.69390112531419E-02 , 0.37704798364486 , 0.37704798364486 
period1,sc01,t7522, 0.201115217202797 , 1.70131642503945E-02 , 0.387343692647058 , 0.387343692647058 
period1,sc01,t7523, 0.19933464834965 , 1.69785338353765E-02 , 0.5329695 , 0.5329695 
period1,sc01,t7524, 0.206109863076923 , 1.69874689894737E-02 , 0.381022023529412 , 0.381022023529412 
period1,sc01,t7525, 0.257168827234973 , 1.70424664421053E-02 , 0.38391889117647 , 0.38391889117647 
period1,sc01,t7526, 0.196519204918033 , 1.70578145684211E-02 , 0.394293467647059 , 0.394293467647059 
period1,sc01,t7527, 0.197650967213115 , 0.017137869 , 0.456730441176471 , 0.456730441176471 
period1,sc01,t7528, 0.199416856529517 , 1.79773068631579E-02 , 0.388772115139638 , 0.388772115139638 
period1,sc01,t7529, 0.200990853146853 , 1.70578145684211E-02 , 0.394198710294118 , 0.394198710294118 
period1,sc01,t7530, 0.370243767482517 , 0.017046202676007 , 0.5441996 , 0.5441996 
period1,sc01,t7531, 0.203713730769231 , 1.62498712351458E-02 , 0.581674779411765 , 0.581674779411765 
period1,sc01,t7532, 0.204011123076923 , 1.70578145684211E-02 , 0.416621007352941 , 0.416621007352941 
period1,sc01,t7533, 0.269460604195804 , 1.70760485294118E-02 , 0.415971242647059 , 0.415971242647059 
period1,sc01,t7534, 0.18783922190164 , 1.71503175131348E-02 , 0.415483919117647 , 0.415483919117647 
period1,sc01,t7535, 0.14330456673224 , 1.70219440350263E-02 , 0.540328085294117 , 0.540328085294117 
period1,sc01,t7536, 0.161873275016394 , 1.70742916287215E-02 , 0.38603333382353 , 0.38603333382353 
period1,sc01,t7537, 0.261137575081967 , 1.39523127525031E-02 , 0.328769185574572 , 0.328769185574572 
period1,sc01,t7538, 0.253894160182149 , 1.48265637625153E-02 , 0.317933619607843 , 0.317933619607843 
period1,sc01,t7539, 0.253132074644809 , 1.39552076233972E-02 , 0.331065007383178 , 0.331065007383178 
period1,sc01,t7540, 0.227455315555555 , 1.39746028941219E-02 , 0.328557079166667 , 0.328557079166667 
period1,sc01,t7541, 0.236730024626594 , 1.39810716790168E-02 , 0.326631661274509 , 0.326631661274509 
period1,sc01,t7542, 0.266703662587412 , 1.59460682346741E-02 , 0.327895206542057 , 0.327895206542057 
period1,sc01,t7543, 0.31114615441958 , 1.59043820937994E-02 , 0.3492492625 , 0.3492492625 
period1,sc01,t7544, 0.310892147272727 , 1.59467630036888E-02 , 0.352499583333333 , 0.352499583333333 
period1,sc01,t7545, 0.308213316909091 , 1.44184448638679E-02 , 0.354136861764706 , 0.354136861764706 
period1,sc01,t7546, 0.262528941544627 , 1.59071611698577E-02 , 0.353763411480392 , 0.353763411480392 
period1,sc01,t7547, 0.265300627431694 , 1.42556952222027E-02 , 0.34900410864486 , 0.34900410864486 
period1,sc01,t7548, 0.280369764543828 , 1.50046948181978E-02 , 0.352879173411765 , 0.352879173411765 
period1,sc01,t7549, 0.268202658181818 , 1.94584873305621E-02 , 0.35031330724299 , 0.35031330724299 
period1,sc01,t7550, 0.265042551118881 , 3.92180897453013E-02 , 0.332970729411765 , 0.332970729411765 
period1,sc01,t7551, 0.261701504300699 , 3.80773948181978E-02 , 0.330170645046729 , 0.330170645046729 
period1,sc01,t7552, 0.383103914418604 , 4.54928961004743E-02 , 0.330617184271755 , 0.330617184271755 
period1,sc01,t7553, 0.140147252377623 , 3.80773948181978E-02 , 0.33062551927543 , 0.33062551927543 
period1,sc01,t7554, 0.133391784020979 , 3.80773948181978E-02 , 0.333093495093458 , 0.333093495093458 
period1,sc01,t7555, 0.131742581538461 , 0.037056663340945 , 0.328392188598131 , 0.328392188598131 
period1,sc01,t7556, 0.1402215875 , 5.72703849519141E-02 , 0.329275255887851 , 0.329275255887851 
period1,sc01,t7557, 0.13018473877551 , 0.171056174127852 , 0.326184520373832 , 0.326184520373832 
period1,sc01,t7558, 0.122665629230769 , 0.171056174127852 , 0.329313674147059 , 0.329313674147059 
period1,sc01,t7559, 0.117656461348837 , 9.99400558928908E-02 , 0.326949314833333 , 0.326949314833333 
period1,sc01,t7560, 0.122407012153846 , 0.100347173656421 , 0.326550874509804 , 0.326550874509804 
period1,sc01,t7561, 0.102482495469969 , 0.097815083175868 , 0.28911944278607 , 0.28911944278607 
period1,sc01,t7562, 9.51707771189397E-02 , 0.097375513344463 , 0.319920271641791 , 0.319920271641791 
period1,sc01,t7563, 9.53177471921869E-02 , 0.178752173747966 , 0.288172270895523 , 0.288172270895523 
period1,sc01,t7564, 8.67062645743515E-02 , 0.10174407409015 , 0.288196837313433 , 0.288196837313433 
period1,sc01,t7565, 0.103132804290199 , 9.96474189538119E-02 , 0.303883859950249 , 0.303883859950249 
period1,sc01,t7566, 0.105616167769834 , 0.05581607660406 , 0.303015846517413 , 0.303015846517413 
period1,sc01,t7567, 0.136803248261239 , 5.56009050464808E-02 , 0.319469887313433 , 0.319469887313433 
period1,sc01,t7568, 0.130776504311762 , 6.33815135647885E-02 , 0.308554481915423 , 0.308554481915423 
period1,sc01,t7569, 0.142701962281015 , 5.79743289318915E-02 , 0.308436836069652 , 0.308436836069652 
period1,sc01,t7570, 0.131029964136704 , 5.81830518673218E-02 , 0.309381278358209 , 0.309381278358209 
period1,sc01,t7571, 0.175526966009458 , 4.29653818937819E-02 , 0.317456617464789 , 0.317456617464789 
period1,sc01,t7572, 0.174637892737629 , 4.29653818937819E-02 , 0.318994936567165 , 0.318994936567165 
period1,sc01,t7573, 0.177373216169516 , 3.47799096390096E-02 , 0.319105658450705 , 0.319105658450705 
period1,sc01,t7574, 0.184831962086152 , 4.41825117822718E-02 , 0.312615435176359 , 0.312615435176359 
period1,sc01,t7575, 0.184021281465988 , 0.034230185534138 , 0.312578315877571 , 0.312578315877571 
period1,sc01,t7576, 0.201694755970096 , 4.02821243208279E-02 , 0.324163905594405 , 0.324163905594405 
period1,sc01,t7577, 0.187384385795656 , 3.35725389705882E-02 , 0.330577852676056 , 0.330577852676056 
period1,sc01,t7578, 0.17393138791247 , 3.35725389705882E-02 , 0.331786428169015 , 0.331786428169015 
period1,sc01,t7579, 0.173920351030433 , 3.28878790966387E-02 , 0.326196172537314 , 0.326196172537314 
period1,sc01,t7580, 0.174846024257743 , 3.81388975945379E-02 , 0.31758613438806 , 0.31758613438806 
period1,sc01,t7581, 0.132014487166251 , 0.031702763628118 , 0.321499217941176 , 0.321499217941176 
period1,sc01,t7582, 0.133159640227839 , 3.56744422222222E-02 , 0.320371975277778 , 0.320371975277778 
period1,sc01,t7583, 0.136964659665427 , 0.040226628713969 , 0.321473937009804 , 0.321473937009804 
period1,sc01,t7584, 0.131675618860716 , 5.27781705357143E-02 , 0.314400977882352 , 0.314400977882352 
period1,sc01,t7585, 0.105660027540984 , 5.90559967486819E-02 , 0.283448055 , 0.283448055 
period1,sc01,t7586, 8.69995121311475E-02 , 3.95729188301887E-02 , 0.285484485 , 0.285484485 
period1,sc01,t7587, 0.103812547709302 , 3.85633581666667E-02 , 0.284867385 , 0.284867385 
period1,sc01,t7588, 9.88408678604651E-02 , 3.54109550943396E-02 , 0.28816887 , 0.28816887 
period1,sc01,t7589, 9.53478052459017E-02 , 4.08237214556962E-02 , 0.286531946445498 , 0.286531946445498 
period1,sc01,t7590, 0.105454787377049 , 3.93475813291139E-02 , 0.286611789241706 , 0.286611789241706 
period1,sc01,t7591, 0.124624218688525 , 4.06414921792619E-02 , 0.282600984881517 , 0.282600984881517 
period1,sc01,t7592, 0.150382257786885 , 4.46481561511424E-02 , 0.285380262340425 , 0.285380262340425 
period1,sc01,t7593, 0.152120821311475 , 4.05107565026362E-02 , 0.282326201232228 , 0.282326201232228 
period1,sc01,t7594, 0.137544784426229 , 3.77667939059675E-02 , 0.291869446721312 , 0.291869446721312 
period1,sc01,t7595, 0.165787664196721 , 3.52986326889279E-02 , 0.286136928 , 0.286136928 
period1,sc01,t7596, 0.15112470909836 , 3.69943513181019E-02 , 0.288893682 , 0.288893682 
period1,sc01,t7597, 0.135964129604651 , 3.19333041142355E-02 , 0.282809405687204 , 0.282809405687204 
period1,sc01,t7598, 0.158927621311475 , 3.60240234358524E-02 , 0.28766841014218 , 0.28766841014218 
period1,sc01,t7599, 0.15754739127907 , 3.73325337521968E-02 , 0.295111417819905 , 0.295111417819905 
period1,sc01,t7600, 0.185572276744186 , 4.11526977396021E-02 , 0.285814398199053 , 0.285814398199053 
period1,sc01,t7601, 0.1290650625 , 3.74870750452079E-02 , 0.294706764 , 0.294706764 
period1,sc01,t7602, 0.125147488604651 , 0.037021267486819 , 0.285781216777251 , 0.285781216777251 
period1,sc01,t7603, 0.124601883488372 , 3.18305820433997E-02 , 0.283414956 , 0.283414956 
period1,sc01,t7604, 0.1295623125 , 3.63729723374341E-02 , 0.276810308317536 , 0.276810308317536 
period1,sc01,t7605, 0.118907863953488 , 3.79315723128295E-02 , 0.271956488459715 , 0.271956488459715 
period1,sc01,t7606, 0.11601259425 , 4.78679067047451E-02 , 0.275458683838862 , 0.275458683838862 
period1,sc01,t7607, 0.115134948 , 3.84039895254834E-02 , 0.277389427819905 , 0.277389427819905 
period1,sc01,t7608, 0.106558501229508 , 4.94869142530756E-02 , 0.275798793412323 , 0.275798793412323 
period1,sc01,t7609, 0.111155403278401 , 4.17388408247242E-02 , 0.255457993504902 , 0.255457993504902 
period1,sc01,t7610, 0.10565239315568 , 4.04602141875328E-02 , 0.253092378529412 , 0.253092378529412 
period1,sc01,t7611, 0.108236449647529 , 4.11404526376759E-02 , 0.258712255955882 , 0.258712255955882 
period1,sc01,t7612, 0.105651625939691 , 4.15942562324006E-02 , 0.256939787696079 , 0.256939787696079 
period1,sc01,t7613, 0.10796170475109 , 6.24211942041674E-02 , 0.266472748364486 , 0.266472748364486 
period1,sc01,t7614, 0.111499278851745 , 5.00983330064787E-02 , 0.267316291588785 , 0.267316291588785 
period1,sc01,t7615, 0.123461164130435 , 4.01444128523901E-02 , 0.25570683625 , 0.25570683625 
period1,sc01,t7616, 0.132934827171148 , 5.16970239404553E-02 , 0.275476427009804 , 0.275476427009804 
period1,sc01,t7617, 0.13443616431686 , 3.49344918388791E-02 , 0.283265097671569 , 0.283265097671569 
period1,sc01,t7618, 0.127599544458575 , 3.88642581260946E-02 , 0.27038065406542 , 0.27038065406542 
period1,sc01,t7619, 0.128284418963481 , 3.14472505744309E-02 , 0.307088076518692 , 0.307088076518692 
period1,sc01,t7620, 0.141877033117111 , 3.49295101751313E-02 , 0.306594731542056 , 0.306594731542056 
period1,sc01,t7621, 0.136077636864099 , 3.10940889352014E-02 , 0.287623599803921 , 0.287623599803921 
period1,sc01,t7622, 0.13409842201087 , 3.42715473555167E-02 , 0.267355656939252 , 0.267355656939252 
period1,sc01,t7623, 0.133563150581395 , 3.45587594308231E-02 , 0.282177483259804 , 0.282177483259804 
period1,sc01,t7624, 0.128191280866059 , 3.77081289316987E-02 , 0.287090518578432 , 0.287090518578432 
period1,sc01,t7625, 0.144358781122449 , 3.42920262565905E-02 , 0.282985685882353 , 0.282985685882353 
period1,sc01,t7626, 0.129540913204226 , 3.42866425307557E-02 , 0.256636523130841 , 0.256636523130841 
period1,sc01,t7627, 0.128065486619718 , 3.10073766695958E-02 , 0.273729701102941 , 0.273729701102941 
period1,sc01,t7628, 0.121394863450704 , 3.48275845259392E-02 , 0.276595267056075 , 0.276595267056075 
period1,sc01,t7629, 0.113883478265845 , 3.12328009613357E-02 , 0.252863584345794 , 0.252863584345794 
period1,sc01,t7630, 0.111927478661972 , 0.034351604275492 , 0.284509311397059 , 0.284509311397059 
period1,sc01,t7631, 0.112131649964789 , 3.16132381019332E-02 , 0.27094352745327 , 0.27094352745327 
period1,sc01,t7632, 0.112631677042254 , 3.49934488224956E-02 , 0.257582314018692 , 0.257582314018692 
period1,sc01,t7633, 8.75289684948979E-02 , 3.51008724077329E-02 , 0.259197073522167 , 0.259197073522167 
period1,sc01,t7634, 8.97075494557823E-02 , 3.41920794727592E-02 , 0.261042085098522 , 0.261042085098522 
period1,sc01,t7635, 8.93568993503401E-02 , 3.23962096616871E-02 , 0.254484178115764 , 0.254484178115764 
period1,sc01,t7636, 8.83109451284014E-02 , 3.38778239718805E-02 , 0.244737588032787 , 0.244737588032787 
period1,sc01,t7637, 8.52901463988095E-02 , 3.39121063901581E-02 , 0.260203443472907 , 0.260203443472907 
period1,sc01,t7638, 8.62917930323129E-02 , 3.39178201265378E-02 , 0.255812748768473 , 0.255812748768473 
period1,sc01,t7639, 0.100164289761905 , 3.39330310193322E-02 , 0.255507050369458 , 0.255507050369458 
period1,sc01,t7640, 0.103240416938775 , 3.55253489718805E-02 , 0.254362710344828 , 0.254362710344828 
period1,sc01,t7641, 0.105133015952381 , 3.38949651810193E-02 , 0.256261827832513 , 0.256261827832513 
period1,sc01,t7642, 0.105647895534014 , 3.47611367311072E-02 , 0.260128236256158 , 0.260128236256158 
period1,sc01,t7643, 0.118025552857143 , 3.22080810307557E-02 , 0.258106839408867 , 0.258106839408867 
period1,sc01,t7644, 0.107857895282313 , 3.51008724077329E-02 , 0.262719368349754 , 0.262719368349754 
period1,sc01,t7645, 0.106012816717687 , 3.47611367311072E-02 , 0.264228923275862 , 0.264228923275862 
period1,sc01,t7646, 0.104555448231293 , 3.39235338629174E-02 , 0.26892531637931 , 0.26892531637931 
period1,sc01,t7647, 0.105846569863946 , 3.39235338629174E-02 , 0.2641450591133 , 0.2641450591133 
period1,sc01,t7648, 0.105725153622449 , 3.40816653778559E-02 , 0.268170538916256 , 0.268170538916256 
period1,sc01,t7649, 0.102225750748299 , 3.40778047451669E-02 , 0.268944253448276 , 0.268944253448276 
period1,sc01,t7650, 0.105157672789116 , 3.45943573989456E-02 , 0.266232837704918 , 0.266232837704918 
period1,sc01,t7651, 9.91727860544217E-02 , 3.26858922355009E-02 , 0.267921651724138 , 0.267921651724138 
period1,sc01,t7652, 9.75392706207483E-02 , 3.48862212302284E-02 , 0.249488308793103 , 0.249488308793103 
period1,sc01,t7653, 8.49838972789116E-02 , 3.23211782653779E-02 , 0.25190089137931 , 0.25190089137931 
period1,sc01,t7654, 7.77131004702381E-02 , 3.41067594903339E-02 , 0.260460446551724 , 0.260460446551724 
period1,sc01,t7655, 0.078057717122449 , 3.02817218347979E-02 , 0.259188957635467 , 0.259188957635467 
period1,sc01,t7656, 8.96238656462585E-02 , 3.55224534973638E-02 , 0.250522272758621 , 0.250522272758621 
period1,sc01,t7657, 8.07752798079538E-02 , 2.84583005910767E-02 , 0.237660215517242 , 0.237660215517242 
period1,sc01,t7658, 4.79602255523454E-02 , 2.78653112076234E-02 , 0.23802543041872 , 0.23802543041872 
period1,sc01,t7659, 4.17479213655677E-02 , 3.06570842341472E-02 , 0.234519367364533 , 0.234519367364533 
period1,sc01,t7660, 4.70981589360979E-02 , 3.27674673906552E-02 , 0.246894796039409 , 0.246894796039409 
period1,sc01,t7661, 7.83937045802175E-02 , 3.26867262216758E-02 , 0.24545763482266 , 0.24545763482266 
period1,sc01,t7662, 8.12348218073026E-02 , 3.05053448568417E-02 , 0.243642273285714 , 0.243642273285714 
period1,sc01,t7663, 0.098513787808366 , 3.05064638503426E-02 , 0.25024374262295 , 0.25024374262295 
period1,sc01,t7664, 0.108245789256346 , 3.39639415448797E-02 , 0.256806834016393 , 0.256806834016393 
period1,sc01,t7665, 9.96181858846014E-02 , 0.030166328412085 , 0.248587214754098 , 0.248587214754098 
period1,sc01,t7666, 9.46703248602376E-02 , 3.05064638503426E-02 , 0.240826741803278 , 0.240826741803278 
period1,sc01,t7667, 9.11077497671256E-02 , 2.63059937642719E-02 , 0.24204212909836 , 0.24204212909836 
period1,sc01,t7668, 9.03512268986911E-02 , 0.030772900061479 , 0.248389151639345 , 0.248389151639345 
period1,sc01,t7669, 7.88032425837158E-02 , 2.63059937642719E-02 , 0.2462581858867 , 0.2462581858867 
period1,sc01,t7670, 7.77153290557539E-02 , 2.58520682627788E-02 , 0.248263350960591 , 0.248263350960591 
period1,sc01,t7671, 7.64533374145844E-02 , 1.45320213209204E-02 , 0.244135069926108 , 0.244135069926108 
period1,sc01,t7672, 8.18713226542581E-02 , 1.70507599332514E-02 , 0.255628896881773 , 0.255628896881773 
period1,sc01,t7673, 7.23483375262055E-02 , 1.45752183286493E-02 , 0.250514697931035 , 0.250514697931035 
period1,sc01,t7674, 8.17598728318058E-02 , 1.52273793167047E-02 , 0.25664922379235 , 0.25664922379235 
period1,sc01,t7675, 7.79671699524134E-02 , 1.34968751607237E-02 , 0.250369477665024 , 0.250369477665024 
period1,sc01,t7676, 7.82598641740312E-02 , 1.40999740716669E-02 , 0.248642092339901 , 0.248642092339901 
period1,sc01,t7677, 6.69610832171992E-02 , 0.01433270542684 , 0.24799157696798 , 0.24799157696798 
period1,sc01,t7678, 0.068966971971448 , 1.43376251396452E-02 , 0.257012465810664 , 0.257012465810664 
period1,sc01,t7679, 6.98578600084977E-02 , 1.44356721219041E-02 , 0.240651406719212 , 0.240651406719212 
period1,sc01,t7680, 8.01092587415088E-02 , 1.84583765852802E-02 , 0.249082622669951 , 0.249082622669951 
period1,sc01,t7681, 8.26151261202186E-02 , 5.89630891666666E-02 , 0.335969059836065 , 0.335969059836065 
period1,sc01,t7682, 8.31206472094718E-02 , 6.68313431296296E-02 , 0.325147850960591 , 0.325147850960591 
period1,sc01,t7683, 8.66688178688525E-02 , 6.39990239166666E-02 , 0.328905506502463 , 0.328905506502463 
period1,sc01,t7684, 8.39007357923497E-02 , 0.06413814825 , 0.335853823114754 , 0.335853823114754 
period1,sc01,t7685, 8.28712877486339E-02 , 0.06413814825 , 0.34777362147541 , 0.34777362147541 
period1,sc01,t7686, 9.86042212021857E-02 , 0.06413814825 , 0.334388156065573 , 0.334388156065573 
period1,sc01,t7687, 0.101548559444444 , 3.17267759534271E-02 , 0.461487057377049 , 0.461487057377049 
period1,sc01,t7688, 0.109019140018215 , 1.49071319312839E-02 , 0.456340417349727 , 0.456340417349727 
period1,sc01,t7689, 0.117885365327869 , 3.91970858566038E-02 , 0.464758099726776 , 0.464758099726776 
period1,sc01,t7690, 0.109593923178506 , 3.60741245056604E-02 , 0.461667114754098 , 0.461667114754098 
period1,sc01,t7691, 0.112388933836065 , 3.72412246148148E-02 , 0.474823307103825 , 0.474823307103825 
period1,sc01,t7692, 0.114681544398907 , 3.77147355037037E-02 , 0.423940375517242 , 0.423940375517242 
period1,sc01,t7693, 0.112567910868852 , 4.13438007197107E-02 , 0.472221478005464 , 0.472221478005464 
period1,sc01,t7694, 0.112670183459017 , 4.04171239796296E-02 , 0.454338779508197 , 0.454338779508197 
period1,sc01,t7695, 0.121112533696722 , 4.05932667759259E-02 , 0.462117506551724 , 0.462117506551724 
period1,sc01,t7696, 0.112695751606557 , 3.34238266792453E-02 , 0.455284080737705 , 0.455284080737705 
period1,sc01,t7697, 0.142783579807693 , 2.27493153301887E-02 , 0.488139150327868 , 0.488139150327868 
period1,sc01,t7698, 0.110760494918033 , 0.017049252079566 , 0.46049073989071 , 0.46049073989071 
period1,sc01,t7699, 0.11799815726297 , 2.08690545488029E-02 , 0.46398085204918 , 0.46398085204918 
period1,sc01,t7700, 0.119399861923077 , 2.07232203240741E-02 , 0.442082874043716 , 0.442082874043716 
period1,sc01,t7701, 0.118112511413238 , 1.42268653792453E-02 , 0.460955888114754 , 0.460955888114754 
period1,sc01,t7702, 9.03810007923497E-02 , 3.67230213962264E-02 , 0.445726635163935 , 0.445726635163935 
period1,sc01,t7703, 0.10129687924408 , 1.99727694245283E-02 , 0.447943741666666 , 0.447943741666666 
period1,sc01,t7704, 9.03137793715847E-02 , 1.42360830404218E-02 , 0.430769043413174 , 0.430769043413174 
period1,sc01,t7705, 7.44255536363636E-02 , 4.21670853690686E-02 , 0.687294506 , 0.687294506 
period1,sc01,t7706, 7.61205356534091E-02 , 0.039280929543058 , 0.688171586 , 0.688171586 
period1,sc01,t7707, 9.43481197992701E-02 , 3.93140326229508E-02 , 0.678611414 , 0.678611414 
period1,sc01,t7708, 7.60173375568182E-02 , 4.23282961748634E-02 , 0.70495305 , 0.70495305 
period1,sc01,t7709, 8.94322595454546E-02 , 4.66684485822306E-02 , 0.70495305 , 0.70495305 
period1,sc01,t7710, 0.120876908879562 , 4.21593781634446E-02 , 0.70495305 , 0.70495305 
period1,sc01,t7711, 0.135009518899648 , 1.79604866256591E-02 , 0.779175945 , 0.779175945 
period1,sc01,t7712, 0.133046573937044 , 0.0153489 , 0.804439784615385 , 0.804439784615385 
period1,sc01,t7713, 0.137872165484694 , 1.96295590755712E-02 , 0.7605847726 , 0.7605847726 
period1,sc01,t7714, 0.127384342568079 , 1.87973350123023E-02 , 0.778341032307692 , 0.778341032307692 
period1,sc01,t7715, 0.128326191807867 , 1.85903194692443E-02 , 0.752085045390582 , 0.752085045390582 
period1,sc01,t7716, 0.133597764667721 , 1.92794977961336E-02 , 0.778341032307692 , 0.778341032307692 
period1,sc01,t7717, 0.15621814837008 , 1.56422185573771E-02 , 0.760981595076923 , 0.760981595076923 
period1,sc01,t7718, 0.153899136076022 , 1.96487500175747E-02 , 0.779251846153846 , 0.779251846153846 
period1,sc01,t7719, 0.156055194161808 , 2.00037824446398E-02 , 0.744421874892307 , 0.744421874892307 
period1,sc01,t7720, 0.181243366242089 , 2.07285295254833E-02 , 0.751961839292307 , 0.751961839292307 
period1,sc01,t7721, 0.156975616587552 , 1.55018880316345E-02 , 0.798620696153846 , 0.798620696153846 
period1,sc01,t7722, 0.153996640933098 , 1.47843471880493E-02 , 0.751209349630769 , 0.751209349630769 
period1,sc01,t7723, 0.153959237193878 , 1.82714338365554E-02 , 0.833341141780822 , 0.833341141780822 
period1,sc01,t7724, 0.113106453301057 , 1.50608535081967E-02 , 0.756112114384615 , 0.756112114384615 
period1,sc01,t7725, 0.111875877633803 , 1.38952439472759E-02 , 0.747084937153846 , 0.747084937153846 
period1,sc01,t7726, 0.109487069957746 , 2.02788526133567E-02 , 0.751674426923077 , 0.751674426923077 
period1,sc01,t7727, 0.110540357337148 , 1.42244186994728E-02 , 0.726821015769231 , 0.726821015769231 
period1,sc01,t7728, 0.10687016565051 , 0.0153489 , 0.729778911846154 , 0.729778911846154 
period1,sc01,t7729, 7.42645222042254E-02 , 0.018696832688928 , 0.526004464285714 , 0.526004464285714 
period1,sc01,t7730, 7.47656601408451E-02 , 1.88108613356766E-02 , 0.529184056071429 , 0.529184056071429 
period1,sc01,t7731, 7.96223457922535E-02 , 1.88185920913884E-02 , 0.529640207142857 , 0.529640207142857 
period1,sc01,t7732, 7.24784583890845E-02 , 1.87393518453427E-02 , 0.529403435 , 0.529403435 
period1,sc01,t7733, 0.077274544375 , 1.86291885764499E-02 , 0.529285048928571 , 0.529285048928571 
period1,sc01,t7734, 0.077167323625 , 2.37638792126538E-02 , 0.529522382142857 , 0.529522382142857 
period1,sc01,t7735, 7.58697478613138E-02 , 1.60984022797731E-02 , 0.537756105357143 , 0.537756105357143 
period1,sc01,t7736, 7.79192635675183E-02 , 1.93298816029144E-02 , 0.560914328571429 , 0.560914328571429 
period1,sc01,t7737, 8.73894933333334E-02 , 1.86407847100175E-02 , 0.556382523472222 , 0.556382523472222 
period1,sc01,t7738, 8.64516713138686E-02 , 2.46354059578207E-02 , 0.55816648125 , 0.55816648125 
period1,sc01,t7739, 0.10005929489781 , 2.47405442355009E-02 , 0.558922525 , 0.558922525 
period1,sc01,t7740, 0.101982003956204 , 2.47339730931458E-02 , 0.5590599875 , 0.5590599875 
period1,sc01,t7741, 0.111858859715909 , 1.91946933567662E-02 , 0.557173187407407 , 0.557173187407407 
period1,sc01,t7742, 0.107133255620438 , 1.88305747627416E-02 , 0.568422711111111 , 0.568422711111111 
period1,sc01,t7743, 0.111295713622092 , 2.72863014182777E-02 , 0.5565071125 , 0.5565071125 
period1,sc01,t7744, 0.221023565715328 , 2.01423375591986E-02 , 0.557934831481482 , 0.557934831481482 
period1,sc01,t7745, 0.138562006390845 , 1.64204543100189E-02 , 0.568772985925926 , 0.568772985925926 
period1,sc01,t7746, 0.091786499221831 , 1.60936625519848E-02 , 0.580659928333334 , 0.580659928333334 
period1,sc01,t7747, 8.68750415404929E-02 , 0.015838083715847 , 0.558142635714286 , 0.558142635714286 
period1,sc01,t7748, 8.95306815140845E-02 , 1.79784724918032E-02 , 0.564342475 , 0.564342475 
period1,sc01,t7749, 9.12157007112677E-02 , 1.58565923278688E-02 , 0.539895470714286 , 0.539895470714286 
period1,sc01,t7750, 8.08096539348591E-02 , 1.89255470966609E-02 , 0.527758373571429 , 0.527758373571429 
period1,sc01,t7751, 8.64100312135036E-02 , 1.48812900756144E-02 , 0.531471544285715 , 0.531471544285715 
period1,sc01,t7752, 8.52467304647887E-02 , 1.87322777814208E-02 , 0.529296831428572 , 0.529296831428572 
period1,sc01,t7753, 7.23899471020408E-02 , 3.66578230741411E-02 , 0.442071726633166 , 0.442071726633166 
period1,sc01,t7754, 7.28047268571428E-02 , 3.61569186643234E-02 , 0.419764594974875 , 0.419764594974875 
period1,sc01,t7755, 8.98985206530612E-02 , 0.043924920632689 , 0.415975392964824 , 0.415975392964824 
period1,sc01,t7756, 0.080840664 , 4.39759204217926E-02 , 0.419134902512563 , 0.419134902512563 
period1,sc01,t7757, 0.116234904 , 5.16394114586995E-02 , 0.417734665326633 , 0.417734665326633 
period1,sc01,t7758, 0.111766431673469 , 4.37400463971881E-02 , 0.416922693467336 , 0.416922693467336 
period1,sc01,t7759, 0.121919786938776 , 1.91222163796133E-02 , 0.473781282711864 , 0.473781282711864 
period1,sc01,t7760, 0.261513476081633 , 1.93685798191682E-02 , 0.487976488135594 , 0.487976488135594 
period1,sc01,t7761, 0.117626513632653 , 2.10260153251318E-02 , 0.532162012669683 , 0.532162012669683 
period1,sc01,t7762, 0.117245382857143 , 2.10671628822496E-02 , 0.527616 , 0.527616 
period1,sc01,t7763, 0.106723683428571 , 1.92630453427065E-02 , 0.527616 , 0.527616 
period1,sc01,t7764, 0.119421798857143 , 1.92804316344464E-02 , 0.475816976271186 , 0.475816976271186 
period1,sc01,t7765, 0.134631137632653 , 1.94788285413005E-02 , 0.475540623728814 , 0.475540623728814 
period1,sc01,t7766, 0.118202359836735 , 1.92143637258348E-02 , 0.47526427118644 , 0.47526427118644 
period1,sc01,t7767, 0.117735984979592 , 0.020377699824253 , 0.527616 , 0.527616 
period1,sc01,t7768, 0.180147513974232 , 2.00579852372583E-02 , 0.526722426741954 , 0.526722426741954 
period1,sc01,t7769, 0.131122405915022 , 3.30544314938489E-02 , 0.527616 , 0.527616 
period1,sc01,t7770, 0.169986056151546 , 3.14508358523725E-02 , 0.531913324886877 , 0.531913324886877 
period1,sc01,t7771, 0.148935843142389 , 3.19789927592267E-02 , 0.523879824723618 , 0.523879824723618 
period1,sc01,t7772, 0.116818975510204 , 3.33389871353252E-02 , 0.478815938894473 , 0.478815938894473 
period1,sc01,t7773, 0.167685352816326 , 3.33389871353252E-02 , 0.523835635778895 , 0.523835635778895 
period1,sc01,t7774, 0.112179042938775 , 3.79303204217926E-02 , 0.513669201355933 , 0.513669201355933 
period1,sc01,t7775, 0.100080851428571 , 4.78469975957821E-02 , 0.499386997386935 , 0.499386997386935 
period1,sc01,t7776, 0.112139150204081 , 4.29704132161688E-02 , 0.494096034090453 , 0.494096034090453 
period1,sc01,t7777, 5.95970868367347E-02 , 0.036884165198594 , 0.443479332457627 , 0.443479332457627 
period1,sc01,t7778, 5.95478883928572E-02 , 3.39901948154658E-02 , 0.444302679211865 , 0.444302679211865 
period1,sc01,t7779, 6.46775089591837E-02 , 3.84472091546763E-02 , 0.442322831355932 , 0.442322831355932 
period1,sc01,t7780, 6.10057336887755E-02 , 5.30179518256579E-02 , 0.443028166525424 , 0.443028166525424 
period1,sc01,t7781, 7.18087252552817E-02 , 6.88676484045226E-02 , 0.440751829322034 , 0.440751829322034 
period1,sc01,t7782, 7.81505179647888E-02 , 4.40336667433691E-02 , 0.439244857537688 , 0.439244857537688 
period1,sc01,t7783, 8.27207295918368E-02 , 0.019635976011145 , 0.43815917881356 , 0.43815917881356 
period1,sc01,t7784, 0.11362455440051 , 2.15102607567859E-02 , 0.494159446733668 , 0.494159446733668 
period1,sc01,t7785, 8.61900616836734E-02 , 1.99347061367381E-02 , 0.519192982160804 , 0.519192982160804 
period1,sc01,t7786, 7.79210776901409E-02 , 1.98002863562826E-02 , 0.50724277160804 , 0.50724277160804 
period1,sc01,t7787, 0.08520946 , 2.10452483902878E-02 , 0.504028596105527 , 0.504028596105527 
period1,sc01,t7788, 7.33105451020408E-02 , 0.0212327015 , 0.475410550251256 , 0.475410550251256 
period1,sc01,t7789, 0.094186398877551 , 2.14481948490566E-02 , 0.486633909422111 , 0.486633909422111 
period1,sc01,t7790, 0.09512917575 , 2.11506407734807E-02 , 0.553161538567839 , 0.553161538567839 
period1,sc01,t7791, 9.56784398979592E-02 , 0.0307802675 , 0.460540986271187 , 0.460540986271187 
period1,sc01,t7792, 0.137604990898058 , 0.059745466490939 , 0.956463762217194 , 0.956463762217194 
period1,sc01,t7793, 0.107410341979592 , 0.060885443959363 , 0.939270896687783 , 0.939270896687783 
period1,sc01,t7794, 0.086233714516129 , 3.31188444207759E-02 , 1.11164630090498 , 1.11164630090498 
period1,sc01,t7795, 8.48269810572687E-02 , 2.27694838443396E-02 , 0.488609950251256 , 0.488609950251256 
period1,sc01,t7796, 0.075974463125 , 2.26675627377938E-02 , 0.474954540829145 , 0.474954540829145 
period1,sc01,t7797, 7.73237164183674E-02 , 0.019880949911859 , 0.434043586432161 , 0.434043586432161 
period1,sc01,t7798, 6.78813191071428E-02 , 1.62147705456852E-02 , 0.41178772220339 , 0.41178772220339 
period1,sc01,t7799, 0.071635272614796 , 2.08398219230769E-02 , 0.41169916690678 , 0.41169916690678 
period1,sc01,t7800, 7.48830620561225E-02 , 2.22875000667839E-02 , 0.414654008376624 , 0.414654008376624 
period1,sc01,t7801, 5.66010270124128E-02 , 6.16146276261074E-02 , 0.296832109547739 , 0.296832109547739 
period1,sc01,t7802, 4.77871452133991E-02 , 5.95715928659286E-02 , 0.258582416884422 , 0.258582416884422 
period1,sc01,t7803, 4.78706570533357E-02 , 5.70350897557547E-02 , 0.298461076381909 , 0.298461076381909 
period1,sc01,t7804, 4.79067607209658E-02 , 5.90793655666842E-02 , 0.301408730653266 , 0.301408730653266 
period1,sc01,t7805, 5.83720489678626E-02 , 5.84937772337733E-02 , 0.296948464321608 , 0.296948464321608 
period1,sc01,t7806, 6.04696538186462E-02 , 5.92491110612909E-02 , 0.300693979899497 , 0.300693979899497 
period1,sc01,t7807, 6.49703065941167E-02 , 5.71009435143209E-02 , 0.292245515175879 , 0.292245515175879 
period1,sc01,t7808, 6.87947968406734E-02 , 5.62008646494465E-02 , 0.349841128241206 , 0.349841128241206 
period1,sc01,t7809, 6.73780280224452E-02 , 0.137356170732236 , 0.36250994683417 , 0.36250994683417 
period1,sc01,t7810, 6.71432937757437E-02 , 0.056843943955885 , 0.296246457185929 , 0.296246457185929 
period1,sc01,t7811, 7.11334403379686E-02 , 5.90211065928659E-02 , 0.297311219076305 , 0.297311219076305 
period1,sc01,t7812, 7.17493866009852E-02 , 0.058319964589703 , 0.295783254371859 , 0.295783254371859 
period1,sc01,t7813, 6.59361010737546E-02 , 5.87606259699873E-02 , 0.29485407839196 , 0.29485407839196 
period1,sc01,t7814, 6.63886891638796E-02 , 5.95892236162361E-02 , 0.293574175879397 , 0.293574175879397 
period1,sc01,t7815, 7.12579656257701E-02 , 5.94608872535582E-02 , 0.293108756783919 , 0.293108756783919 
period1,sc01,t7816, 7.51657850025506E-02 , 4.45759789839089E-02 , 0.37001372160804 , 0.37001372160804 
period1,sc01,t7817, 6.95369004489033E-02 , 3.71970816885762E-02 , 0.363470150753769 , 0.363470150753769 
period1,sc01,t7818, 7.07928820268661E-02 , 3.96636976315314E-02 , 0.374540476381909 , 0.374540476381909 
period1,sc01,t7819, 6.93162492093182E-02 , 3.54975003073585E-02 , 0.361056620301507 , 0.361056620301507 
period1,sc01,t7820, 6.85690272572691E-02 , 3.85476012300123E-02 , 0.360316936381909 , 0.360316936381909 
period1,sc01,t7821, 6.19915617309981E-02 , 3.54039058940517E-02 , 0.350257235075377 , 0.350257235075377 
period1,sc01,t7822, 5.95432122768236E-02 , 3.68054118573186E-02 , 0.350685531457286 , 0.350685531457286 
period1,sc01,t7823, 6.12398518781905E-02 , 3.71255845959139E-02 , 0.29806768643216 , 0.29806768643216 
period1,sc01,t7824, 6.18787426861468E-02 , 4.59842609293075E-02 , 0.300692871758794 , 0.300692871758794 
period1,sc01,t7825, 1.62116807153285E-02 , 3.81050392592593E-02 , 0.196811329648241 , 0.196811329648241 
period1,sc01,t7826, 1.72165557481752E-02 , 4.91747636889693E-02 , 0.196224015075377 , 0.196224015075377 
period1,sc01,t7827, 2.91384970568928E-02 , 4.89163289056604E-02 , 0.195476020100502 , 0.195476020100502 
period1,sc01,t7828, 6.15846364963503E-02 , 4.32160949433962E-02 , 0.194565294350282 , 0.194565294350282 
period1,sc01,t7829, 5.97047523729112E-02 , 0.05513 , 0.210663877288136 , 0.210663877288136 
period1,sc01,t7830, 6.20844281751825E-02 , 3.92259311698113E-02 , 0.208153149748744 , 0.208153149748744 
period1,sc01,t7831, 5.96380228063381E-02 , 5.36425866184448E-02 , 0.226231357185929 , 0.226231357185929 
period1,sc01,t7832, 7.64003813467153E-02 , 3.59811666037736E-02 , 0.215072380301507 , 0.215072380301507 
period1,sc01,t7833, 7.79862297575757E-02 , 4.71055222222222E-02 , 0.235363544723618 , 0.235363544723618 
period1,sc01,t7834, 0.077237150120438 , 4.56462243652803E-02 , 0.216499665527638 , 0.216499665527638 
period1,sc01,t7835, 7.19302463169014E-02 , 3.76239481019333E-02 , 0.226210163525424 , 0.226210163525424 
period1,sc01,t7836, 0.072071798415493 , 3.13575564428822E-02 , 0.265477268341709 , 0.265477268341709 
period1,sc01,t7837, 7.05057278306879E-02 , 4.49408195660036E-02 , 0.254833576884422 , 0.254833576884422 
period1,sc01,t7838, 6.87096448943662E-02 , 3.84954147486437E-02 , 0.260108326633165 , 0.260108326633165 
period1,sc01,t7839, 7.07731205175145E-02 , 0.047095312962963 , 0.263390583050847 , 0.263390583050847 
period1,sc01,t7840, 0.071537153887324 , 4.90313968888889E-02 , 0.26294206779661 , 0.26294206779661 
period1,sc01,t7841, 6.53384648063381E-02 , 4.71055222222222E-02 , 0.253598443256281 , 0.253598443256281 
period1,sc01,t7842, 7.80470909591837E-02 , 4.53956754814815E-02 , 0.245730201005025 , 0.245730201005025 
period1,sc01,t7843, 6.11751986197183E-02 , 4.54080286851852E-02 , 0.256950125628141 , 0.256950125628141 
period1,sc01,t7844, 6.04413817142858E-02 , 3.95284293236889E-02 , 0.265327669346734 , 0.265327669346734 
period1,sc01,t7845, 6.11953500952381E-02 , 4.49123074864377E-02 , 0.26731124120603 , 0.26731124120603 
period1,sc01,t7846, 5.81960044788732E-02 , 5.02045365905097E-02 , 0.233994990954774 , 0.233994990954774 
period1,sc01,t7847, 0.05513 , 3.57316571283906E-02 , 0.224207892261306 , 0.224207892261306 
period1,sc01,t7848, 0.046332640310219 , 3.33016010790861E-02 , 0.230154874334506 , 0.230154874334506 
period1,sc01,t7849, 2.83444144387755E-02 , 1.95166857207547E-02 , 0.170811670180723 , 0.170811670180723 
period1,sc01,t7850, 3.60363433061224E-02 , 1.97370300444444E-02 , 0.181016503448275 , 0.181016503448275 
period1,sc01,t7851, 3.05152425714286E-02 , 1.58495074666667E-02 , 0.210908012974052 , 0.210908012974052 
period1,sc01,t7852, 5.84540202210884E-02 , 1.42045507777778E-02 , 0.194043748241206 , 0.194043748241206 
period1,sc01,t7853, 7.10381236678832E-02 , 1.81661671509434E-02 , 0.20600058643216 , 0.20600058643216 
period1,sc01,t7854, 7.10625894119718E-02 , 5.20929650632912E-02 , 0.189569630150754 , 0.189569630150754 
period1,sc01,t7855, 9.78145966197183E-02 , 1.42970466666667E-02 , 0.408951015577889 , 0.408951015577889 
period1,sc01,t7856, 0.123627449857142 , 1.39589976740741E-02 , 0.407164138693468 , 0.407164138693468 
period1,sc01,t7857, 9.29999221020409E-02 , 1.41914389873418E-02 , 0.42806090201005 , 0.42806090201005 
period1,sc01,t7858, 8.59577959183674E-02 , 1.54633524444444E-02 , 0.420428582914573 , 0.420428582914573 
period1,sc01,t7859, 7.83108523809524E-02 , 1.38383242296296E-02 , 0.42109341719457 , 0.42109341719457 
period1,sc01,t7860, 7.71714010633803E-02 , 1.42437339148148E-02 , 0.429861630653266 , 0.429861630653266 
period1,sc01,t7861, 8.96372064260563E-02 , 1.30859222407407E-02 , 0.43136870201005 , 0.43136870201005 
period1,sc01,t7862, 8.15142279894367E-02 , 1.51333891851852E-02 , 0.422193522624435 , 0.422193522624435 
period1,sc01,t7863, 9.18352822323943E-02 , 1.28272808666667E-02 , 0.42806090201005 , 0.42806090201005 
period1,sc01,t7864, 0.106880512248299 , 1.33719375283019E-02 , 0.419050364253394 , 0.419050364253394 
period1,sc01,t7865, 0.138037501090909 , 1.51917044740741E-02 , 0.414597556561086 , 0.414597556561086 
period1,sc01,t7866, 0.107716537873976 , 1.51021680294659E-02 , 0.423712715837104 , 0.423712715837104 
period1,sc01,t7867, 0.131457913471502 , 1.53245847956601E-02 , 0.423188856108597 , 0.423188856108597 
period1,sc01,t7868, 0.101455288959184 , 1.26366334177215E-02 , 0.417702556783919 , 0.417702556783919 
period1,sc01,t7869, 0.088791452459854 , 1.28105371645569E-02 , 0.417367344221106 , 0.417367344221106 
period1,sc01,t7870, 9.29577307755102E-02 , 0.012673320289331 , 0.410473447011552 , 0.410473447011552 
period1,sc01,t7871, 6.62292383941605E-02 , 1.33794428752261E-02 , 0.403694672845691 , 0.403694672845691 
period1,sc01,t7872, 7.34509263467153E-02 , 1.47505150090416E-02 , 0.396927688944724 , 0.396927688944724 
period1,sc01,t7873, 4.53250664285715E-02 , 3.99778412497806E-02 , 0.175767685423729 , 0.175767685423729 
period1,sc01,t7874, 4.43757543163822E-02 , 3.79913676377676E-02 , 0.165060153220339 , 0.165060153220339 
period1,sc01,t7875, 5.45886557190636E-02 , 5.04210395156195E-02 , 0.164510475028249 , 0.164510475028249 
period1,sc01,t7876, 5.63090793415493E-02 , 3.73083698139698E-02 , 0.164672145084746 , 0.164672145084746 
period1,sc01,t7877, 7.44390412986099E-02 , 4.83964608985609E-02 , 0.190441408442211 , 0.190441408442211 
period1,sc01,t7878, 7.77069296973962E-02 , 3.86806024578652E-02 , 0.190283231758794 , 0.190283231758794 
period1,sc01,t7879, 0.103165003047619 , 3.72433763652327E-02 , 0.3648489 , 0.3648489 
period1,sc01,t7880, 4.69862332993544E-02 , 0.035491356089856 , 0.394113906161138 , 0.394113906161138 
period1,sc01,t7881, 0.100311828571429 , 3.29329343208143E-02 , 0.408084057939914 , 0.408084057939914 
period1,sc01,t7882, 4.05083616646848E-02 , 1.73440111969112E-02 , 0.332516818957346 , 0.332516818957346 
period1,sc01,t7883, 8.10217740876657E-02 , 1.73442236679537E-02 , 0.365310526066351 , 0.365310526066351 
period1,sc01,t7884, 5.88717684467832E-02 , 1.56717171493769E-02 , 0.332855866350711 , 0.332855866350711 
period1,sc01,t7885, 5.88845873372983E-02 , 3.54798684210527E-02 , 0.333025390047393 , 0.333025390047393 
period1,sc01,t7886, 8.24163567419739E-02 , 3.26693447465357E-02 , 0.347012399052132 , 0.347012399052132 
period1,sc01,t7887, 9.03355568530239E-02 , 3.32589071792172E-02 , 0.344195697630332 , 0.344195697630332 
period1,sc01,t7888, 0.118576614365766 , 0.035491019821084 , 0.32233496492891 , 0.32233496492891 
period1,sc01,t7889, 7.51433768257716E-02 , 3.32461566789539E-02 , 0.33511965971564 , 0.33511965971564 
period1,sc01,t7890, 6.07987546341463E-02 , 1.66597750570075E-02 , 0.345774982403434 , 0.345774982403434 
period1,sc01,t7891, 0.110138224617213 , 2.34302033701948E-02 , 0.346296940772532 , 0.346296940772532 
period1,sc01,t7892, 9.57812812744265E-02 , 1.36658638854734E-02 , 0.312520846919432 , 0.312520846919432 
period1,sc01,t7893, 5.62126172620096E-02 , 2.75991339827979E-02 , 0.32540491005291 , 0.32540491005291 
period1,sc01,t7894, 0.074977173640845 , 0.029846393869382 , 0.314930691469194 , 0.314930691469194 
period1,sc01,t7895, 0.039906825915493 , 2.28309963412922E-02 , 0.304423630687831 , 0.304423630687831 
period1,sc01,t7896, 7.67865367887324E-02 , 3.54980212429775E-02 , 0.296843817061612 , 0.296843817061612 
period1,sc01,t7897, 3.93823433877551E-02 , 4.07539167662565E-02 , 0.217229218090452 , 0.217229218090452 
period1,sc01,t7898, 4.08239938591549E-02 , 3.75923247803163E-02 , 0.214949554894472 , 0.214949554894472 
period1,sc01,t7899, 3.94838234013606E-02 , 4.64377147275923E-02 , 0.21411024 , 0.21411024 
period1,sc01,t7900, 5.13288523943662E-02 , 3.71363472196837E-02 , 0.216574110552764 , 0.216574110552764 
period1,sc01,t7901, 0.06141307 , 5.54542418840071E-02 , 0.216629628140703 , 0.216629628140703 
period1,sc01,t7902, 6.08242971830985E-02 , 4.08609017926186E-02 , 0.215462981547739 , 0.215462981547739 
period1,sc01,t7903, 0.070895974244898 , 4.04881046045694E-02 , 0.367690930773869 , 0.367690930773869 
period1,sc01,t7904, 7.12907147755102E-02 , 4.05929538137082E-02 , 0.360388535879397 , 0.360388535879397 
period1,sc01,t7905, 9.56759618367347E-02 , 4.10018657293497E-02 , 0.376604668140703 , 0.376604668140703 
period1,sc01,t7906, 8.66964367891156E-02 , 4.11853518453427E-02 , 0.366390542311558 , 0.366390542311558 
period1,sc01,t7907, 6.29174205442176E-02 , 3.81971493848858E-02 , 0.346045567035176 , 0.346045567035176 
period1,sc01,t7908, 0.077603857632653 , 3.66011114235501E-02 , 0.343234156381909 , 0.343234156381909 
period1,sc01,t7909, 8.21103142857143E-02 , 0.038211711775044 , 0.364172503638191 , 0.364172503638191 
period1,sc01,t7910, 8.67506058095238E-02 , 3.81922952548331E-02 , 0.36640357295944 , 0.36640357295944 
period1,sc01,t7911, 8.72153170068027E-02 , 3.81971493848858E-02 , 0.364357987899497 , 0.364357987899497 
period1,sc01,t7912, 9.72096609795918E-02 , 3.99530629736379E-02 , 0.342732955656109 , 0.342732955656109 
period1,sc01,t7913, 0.115039892897959 , 4.01656932864675E-02 , 0.370852865158371 , 0.370852865158371 
period1,sc01,t7914, 0.101196523428571 , 3.77123188752196E-02 , 0.343565304977376 , 0.343565304977376 
period1,sc01,t7915, 0.149701978285715 , 3.77123188752196E-02 , 0.347172152036199 , 0.347172152036199 
period1,sc01,t7916, 9.70117552244898E-02 , 0.037472330685413 , 0.35198550480402 , 0.35198550480402 
period1,sc01,t7917, 5.54454026122449E-02 , 0.040267843599297 , 0.35138325001005 , 0.35138325001005 
period1,sc01,t7918, 8.83165470748299E-02 , 4.03543247803163E-02 , 0.361828273487437 , 0.361828273487437 
period1,sc01,t7919, 4.62475126569343E-02 , 2.96694137082601E-02 , 0.350416564705882 , 0.350416564705882 
period1,sc01,t7920, 6.09020416478873E-02 , 3.56790208787346E-02 , 0.351774318914027 , 0.351774318914027 
period1,sc01,t7921, 0.109533653419014 , 4.73009647627417E-02 , 0.20026713769457 , 0.20026713769457 
period1,sc01,t7922, 9.07727887482394E-02 , 3.91044062917399E-02 , 0.200476543545249 , 0.200476543545249 
period1,sc01,t7923, 9.07727887482394E-02 , 4.77486331147541E-02 , 0.199359712341629 , 0.199359712341629 
period1,sc01,t7924, 9.08244255457746E-02 , 0.040305983831283 , 0.199025931199095 , 0.199025931199095 
period1,sc01,t7925, 9.13113617121479E-02 , 4.84610417223198E-02 , 0.199618398968326 , 0.199618398968326 
period1,sc01,t7926, 0.101512776389084 , 4.19828787609842E-02 , 0.204267268769231 , 0.204267268769231 
period1,sc01,t7927, 9.16677877183098E-02 , 4.68306894991213E-02 , 0.255468597015838 , 0.255468597015838 
period1,sc01,t7928, 0.100008082440141 , 0.046817114543058 , 0.253245120300905 , 0.253245120300905 
period1,sc01,t7929, 0.119155504295775 , 5.19351444780316E-02 , 0.255098017563348 , 0.255098017563348 
period1,sc01,t7930, 0.101306749893707 , 4.68239020210896E-02 , 0.257666060271493 , 0.257666060271493 
period1,sc01,t7931, 0.105593559841549 , 4.03050141915641E-02 , 0.257809858280543 , 0.257809858280543 
period1,sc01,t7932, 0.106117585465986 , 5.37091197363796E-02 , 0.261920084705882 , 0.261920084705882 
period1,sc01,t7933, 0.108948358672535 , 4.00653192530756E-02 , 0.244796138461539 , 0.244796138461539 
period1,sc01,t7934, 0.107882286098592 , 4.03050141915641E-02 , 0.246971083348417 , 0.246971083348417 
period1,sc01,t7935, 0.109431273463028 , 4.67967521089631E-02 , 0.246312009140271 , 0.246312009140271 
period1,sc01,t7936, 0.11576822362676 , 5.47109514938489E-02 , 0.241320021312217 , 0.241320021312217 
period1,sc01,t7937, 0.11559202131162 , 4.60935693848857E-02 , 0.244205967466064 , 0.244205967466064 
period1,sc01,t7938, 0.10305239997007 , 4.56959395289983E-02 , 0.248223324343891 , 0.248223324343891 
period1,sc01,t7939, 0.118517756820423 , 4.57243305799649E-02 , 0.219329211479638 , 0.219329211479638 
period1,sc01,t7940, 0.114947062081633 , 4.56712331089631E-02 , 0.238731257710408 , 0.238731257710408 
period1,sc01,t7941, 0.102755459243838 , 5.45903283128296E-02 , 0.211582792760181 , 0.211582792760181 
period1,sc01,t7942, 8.73078391866197E-02 , 5.41743140878735E-02 , 0.209260475989949 , 0.209260475989949 
period1,sc01,t7943, 9.25432820440141E-02 , 4.15661276098419E-02 , 0.204035224366834 , 0.204035224366834 
period1,sc01,t7944, 9.16677877183098E-02 , 5.17496330070299E-02 , 0.200708068325792 , 0.200708068325792 
period1,sc01,t7945, 1.37863725961539E-02 , 3.02155525043937E-02 , 0.198183568925233 , 0.198183568925233 
period1,sc01,t7946, 1.38336566346154E-02 , 2.24502472926186E-02 , 0.176979113235294 , 0.176979113235294 
period1,sc01,t7947, 1.56587051923077E-02 , 2.88406796520211E-02 , 0.176199090028037 , 0.176199090028037 
period1,sc01,t7948, 1.41824244711538E-02 , 1.80376269384886E-02 , 0.188528067665198 , 0.188528067665198 
period1,sc01,t7949, 1.38328117978533E-02 , 2.98961516520211E-02 , 0.188583282334802 , 0.188583282334802 
period1,sc01,t7950, 1.38059781730769E-02 , 2.49271013919156E-02 , 0.206183200440529 , 0.206183200440529 
period1,sc01,t7951, 1.90704884555161E-02 , 3.00561419156414E-02 , 0.166154017995594 , 0.166154017995594 
period1,sc01,t7952, 2.74773291957295E-02 , 3.26266135061512E-02 , 0.166703258656388 , 0.166703258656388 
period1,sc01,t7953, 2.39746478358844E-02 , 3.16247421089631E-02 , 0.168354565654206 , 0.168354565654206 
period1,sc01,t7954, 1.48339364642858E-02 , 3.21354356678383E-02 , 0.165385371674009 , 0.165385371674009 
period1,sc01,t7955, 1.46930970035778E-02 , 0.0323788025 , 0.170657245514019 , 0.170657245514019 
period1,sc01,t7956, 2.55869693461539E-02 , 3.40365760105448E-02 , 0.166809328942731 , 0.166809328942731 
period1,sc01,t7957, 2.22251895384616E-02 , 3.27076520527241E-02 , 0.180282677004406 , 0.180282677004406 
period1,sc01,t7958, 2.22100492840136E-02 , 3.25274891036907E-02 , 0.179654973392071 , 0.179654973392071 
period1,sc01,t7959, 0.022209505076923 , 3.37815190685413E-02 , 0.180544220176212 , 0.180544220176212 
period1,sc01,t7960, 2.74372360576923E-02 , 3.63099642311072E-02 , 0.181636889427313 , 0.181636889427313 
period1,sc01,t7961, 2.44272360544217E-02 , 3.39174721476275E-02 , 0.180823199559471 , 0.180823199559471 
period1,sc01,t7962, 2.77442962254025E-02 , 3.47445286292948E-02 , 0.170962438981481 , 0.170962438981481 
period1,sc01,t7963, 2.43318755952381E-02 , 3.62312250615115E-02 , 0.166846138722466 , 0.166846138722466 
period1,sc01,t7964, 1.48023066826923E-02 , 3.42218787434095E-02 , 0.165523892687224 , 0.165523892687224 
period1,sc01,t7965, 2.06494393461539E-02 , 3.66325606329114E-02 , 0.165523892687224 , 0.165523892687224 
period1,sc01,t7966, 1.83587775576924E-02 , 3.55843255189874E-02 , 0.165221665022027 , 0.165221665022027 
period1,sc01,t7967, 1.47028014434783E-02 , 3.17751189593128E-02 , 0.167828378634361 , 0.167828378634361 
period1,sc01,t7968, 1.89069499591837E-02 , 3.58591725555556E-02 , 0.167639486343612 , 0.167639486343612 
period1,sc01,t7969, 5.39100554846939E-02 , 3.02365495755711E-02 , 0.152459236934579 , 0.152459236934579 
period1,sc01,t7970, 5.51870558863637E-02 , 2.82006759226714E-02 , 0.144139742593458 , 0.144139742593458 
period1,sc01,t7971, 5.42237343409091E-02 , 3.03918769244289E-02 , 0.149964239537383 , 0.149964239537383 
period1,sc01,t7972, 5.69284216122449E-02 , 2.28884469222423E-02 , 0.138491987873832 , 0.138491987873832 
period1,sc01,t7973, 6.53187021225402E-02 , 3.17008139578208E-02 , 0.149791905616823 , 0.149791905616823 
period1,sc01,t7974, 5.88646382937063E-02 , 3.56608998506151E-02 , 0.148578289345795 , 0.148578289345795 
period1,sc01,t7975, 6.71867491914336E-02 , 2.75245979891501E-02 , 0.124769758485981 , 0.124769758485981 
period1,sc01,t7976, 5.90607852272727E-02 , 3.39474215377856E-02 , 0.149178023691589 , 0.149178023691589 
period1,sc01,t7977, 6.59421601967213E-02 , 3.04966558919156E-02 , 0.138269472058823 , 0.138269472058823 
period1,sc01,t7978, 6.38849128622449E-02 , 3.09605707052441E-02 , 0.132558718598131 , 0.132558718598131 
period1,sc01,t7979, 6.57110813852459E-02 , 2.81312731107206E-02 , 0.147193583378855 , 0.147193583378855 
period1,sc01,t7980, 0.064851684 , 3.17007838372513E-02 , 0.132417242803739 , 0.132417242803739 
period1,sc01,t7981, 7.04872204722719E-02 , 0.027409864556962 , 0.144930674299066 , 0.144930674299066 
period1,sc01,t7982, 6.97449248076923E-02 , 3.38533036133568E-02 , 0.14872058528972 , 0.14872058528972 
period1,sc01,t7983, 6.83495219892666E-02 , 3.45524791080844E-02 , 0.150321296058824 , 0.150321296058824 
period1,sc01,t7984, 0.06897073125 , 3.86689752260398E-02 , 0.146279820280374 , 0.146279820280374 
period1,sc01,t7985, 6.94118432015306E-02 , 3.26286488137432E-02 , 0.148128847401869 , 0.148128847401869 
period1,sc01,t7986, 6.49329196678321E-02 , 2.83322547016275E-02 , 0.152066795383177 , 0.152066795383177 
period1,sc01,t7987, 6.39471479846939E-02 , 3.41733662478032E-02 , 0.153272825271028 , 0.153272825271028 
period1,sc01,t7988, 6.75857551652098E-02 , 0.028564578 , 0.136713186056075 , 0.136713186056075 
period1,sc01,t7989, 6.90215864489796E-02 , 2.94631248553346E-02 , 0.13511450957944 , 0.13511450957944 
period1,sc01,t7990, 6.97081129795919E-02 , 2.99293842970123E-02 , 0.135233431261682 , 0.135233431261682 
period1,sc01,t7991, 6.89392032653062E-02 , 2.99228520379747E-02 , 0.134639739647577 , 0.134639739647577 
period1,sc01,t7992, 7.16211695664336E-02 , 0.0329085 , 0.131859028528037 , 0.131859028528037 
period1,sc01,t7993, 1.48571521678321E-02 , 2.38810834639719E-02 , 0.136930332705883 , 0.136930332705883 
period1,sc01,t7994, 1.50020225204082E-02 , 1.75478674936709E-02 , 0.144811897136564 , 0.144811897136564 
period1,sc01,t7995, 1.48567686188811E-02 , 0.019791291427065 , 0.14325103876652 , 0.14325103876652 
period1,sc01,t7996, 0.012198554962433 , 1.58881019166667E-02 , 0.144407828971963 , 0.144407828971963 
period1,sc01,t7997, 1.36258833251748E-02 , 2.17836417287523E-02 , 0.146048128037383 , 0.146048128037383 
period1,sc01,t7998, 1.76690070603147E-02 , 2.69362166666667E-02 , 0.133091222794118 , 0.133091222794118 
period1,sc01,t7999, 2.72393682075134E-02 , 0.026257589973638 , 0.133584930700934 , 0.133584930700934 
period1,sc01,t8000, 4.31519329159213E-02 , 0.026154835254833 , 0.12592986 , 0.12592986 
period1,sc01,t8001, 5.94908363667263E-02 , 2.60372360456942E-02 , 0.120356431331776 , 0.120356431331776 
period1,sc01,t8002, 4.36529142980769E-02 , 2.32083003163445E-02 , 0.128280101004673 , 0.128280101004673 
period1,sc01,t8003, 2.83624514754098E-02 , 2.39582362565905E-02 , 0.136613830367647 , 0.136613830367647 
period1,sc01,t8004, 3.64575944007155E-02 , 2.30687235500879E-02 , 0.132903558308823 , 0.132903558308823 
period1,sc01,t8005, 3.83517896857924E-02 , 2.31134498066784E-02 , 0.154795561529412 , 0.154795561529412 
period1,sc01,t8006, 4.35221624606644E-02 , 2.61631250351494E-02 , 0.142504021691176 , 0.142504021691176 
period1,sc01,t8007, 3.82827700626118E-02 , 2.64837274692443E-02 , 0.154003578504673 , 0.154003578504673 
period1,sc01,t8008, 6.24722613723776E-02 , 2.61340144112478E-02 , 0.1725868 , 0.1725868 
period1,sc01,t8009, 3.84153040646853E-02 , 2.80788354305799E-02 , 0.158778135294118 , 0.158778135294118 
period1,sc01,t8010, 1.98663014685315E-02 , 0.02045194836116 , 0.173576205882353 , 0.173576205882353 
period1,sc01,t8011, 7.05650862611807E-02 , 2.37995737170475E-02 , 0.149246711214953 , 0.149246711214953 
period1,sc01,t8012, 5.12973556454082E-02 , 0.025296129685413 , 0.19728968382353 , 0.19728968382353 
period1,sc01,t8013, 0.052111306381932 , 2.27641920433996E-02 , 0.169852968224299 , 0.169852968224299 
period1,sc01,t8014, 1.67590453928571E-02 , 2.26002545694201E-02 , 0.195773311764706 , 0.195773311764706 
period1,sc01,t8015, 1.71699362871199E-02 , 2.10704242406436E-02 , 0.168994826470588 , 0.168994826470588 
period1,sc01,t8016, 1.58892088163266E-02 , 2.61764272407733E-02 , 0.14650089882353 , 0.14650089882353 
period1,sc01,t8017, 5.74507448479427E-02 , 0.021939 , 0.129066921911765 , 0.129066921911765 
period1,sc01,t8018, 5.69712462209302E-02 , 2.03809068717048E-02 , 0.135637354906542 , 0.135637354906542 
period1,sc01,t8019, 5.63418067132868E-02 , 1.87622405114236E-02 , 0.152433812299066 , 0.152433812299066 
period1,sc01,t8020, 5.72557664007155E-02 , 2.11853625764499E-02 , 0.135151971806168 , 0.135151971806168 
period1,sc01,t8021, 5.64034046748252E-02 , 0.021939 , 0.142999755066079 , 0.142999755066079 
period1,sc01,t8022, 8.45011155737705E-02 , 2.13448348154658E-02 , 0.136313978271028 , 0.136313978271028 
period1,sc01,t8023, 6.93143523360656E-02 , 2.12997229876977E-02 , 0.16596256630147 , 0.16596256630147 
period1,sc01,t8024, 8.38592299863388E-02 , 2.13163025483304E-02 , 0.159487926470588 , 0.159487926470588 
period1,sc01,t8025, 8.43238612701252E-02 , 2.12974095606327E-02 , 0.17375365367647 , 0.17375365367647 
period1,sc01,t8026, 8.03664500218532E-02 , 2.13351955360281E-02 , 0.166817918441176 , 0.166817918441176 
period1,sc01,t8027, 8.40171862325581E-02 , 2.03555748453427E-02 , 0.190119502411764 , 0.190119502411764 
period1,sc01,t8028, 9.14171442128801E-02 , 1.87618934973638E-02 , 0.191191932352941 , 0.191191932352941 
period1,sc01,t8029, 8.60153620948121E-02 , 1.87300838752197E-02 , 0.208627952602941 , 0.208627952602941 
period1,sc01,t8030, 0.109848062790698 , 1.90549275922671E-02 , 0.205415771125 , 0.205415771125 
period1,sc01,t8031, 0.101119208743169 , 1.99052084314587E-02 , 0.205490729375 , 0.205490729375 
period1,sc01,t8032, 9.34276510983607E-02 , 2.12927827065026E-02 , 0.199870742647059 , 0.199870742647059 
period1,sc01,t8033, 0.070963952194991 , 2.12962528471002E-02 , 0.213640207522059 , 0.213640207522059 
period1,sc01,t8034, 8.62820053255814E-02 , 2.13602576625659E-02 , 0.195676737147059 , 0.195676737147059 
period1,sc01,t8035, 9.90518618024476E-02 , 2.13417502460457E-02 , 0.188899306852941 , 0.188899306852941 
period1,sc01,t8036, 8.99997613636364E-02 , 0.0197451 , 0.198264678794117 , 0.198264678794117 
period1,sc01,t8037, 8.55503259391771E-02 , 2.13139891212654E-02 , 0.187805798264706 , 0.187805798264706 
period1,sc01,t8038, 7.04071176118068E-02 , 2.06542768365553E-02 , 0.19762973832353 , 0.19762973832353 
period1,sc01,t8039, 8.41694248389982E-02 , 1.98723384885764E-02 , 0.193353999294118 , 0.193353999294118 
period1,sc01,t8040, 5.56469194830054E-02 , 0.0197451 , 0.197918280196261 , 0.197918280196261 
period1,sc01,t8041, 7.84162135204082E-02 , 1.78411361054481E-02 , 0.195963625 , 0.195963625 
period1,sc01,t8042, 7.84162135204082E-02 , 1.87518357908612E-02 , 0.209667375 , 0.209667375 
period1,sc01,t8043, 8.14665896503496E-02 , 0.016902011960217 , 0.196938472156862 , 0.196938472156862 
period1,sc01,t8044, 7.96942979591837E-02 , 1.87255361511423E-02 , 0.209613634803922 , 0.209613634803922 
period1,sc01,t8045, 7.96602902857142E-02 , 1.86479666643234E-02 , 0.201948133235294 , 0.201948133235294 
period1,sc01,t8046, 8.71916475510204E-02 , 0.018795090509666 , 0.197953087058824 , 0.197953087058824 
period1,sc01,t8047, 0.089026831377551 , 1.85769672706503E-02 , 0.21926 , 0.21926 
period1,sc01,t8048, 8.99200921428572E-02 , 2.63936633391915E-02 , 0.210624760273973 , 0.210624760273973 
period1,sc01,t8049, 7.94264129523809E-02 , 2.64422165202109E-02 , 0.210876529411765 , 0.210876529411765 
period1,sc01,t8050, 7.93261798095238E-02 , 0.026642344254833 , 0.210005938235294 , 0.210005938235294 
period1,sc01,t8051, 7.91908948979591E-02 , 2.65840226362039E-02 , 0.211897593137255 , 0.211897593137255 
period1,sc01,t8052, 7.94097074285714E-02 , 2.68175403163444E-02 , 0.201780463823529 , 0.201780463823529 
period1,sc01,t8053, 8.80193779108391E-02 , 2.67389304042179E-02 , 0.220936694117647 , 0.220936694117647 
period1,sc01,t8054, 8.13635527832168E-02 , 2.68759197363796E-02 , 0.205343438823529 , 0.205343438823529 
period1,sc01,t8055, 9.85975421118881E-02 , 2.65308453427065E-02 , 0.197411493362745 , 0.197411493362745 
period1,sc01,t8056, 0.097841325104895 , 3.21005759312838E-02 , 0.197687341789216 , 0.197687341789216 
period1,sc01,t8057, 9.56447171768708E-02 , 2.61223820738138E-02 , 0.207169261985294 , 0.207169261985294 
period1,sc01,t8058, 0.086068661041384 , 2.79151890158172E-02 , 0.188813921833333 , 0.188813921833333 
period1,sc01,t8059, 9.14896283095238E-02 , 3.74188961862917E-02 , 0.175219371911765 , 0.175219371911765 
period1,sc01,t8060, 7.92577915714286E-02 , 3.72674565026362E-02 , 0.181518260294118 , 0.181518260294118 
period1,sc01,t8061, 9.01518812857142E-02 , 3.72674565026362E-02 , 0.179202057843138 , 0.179202057843138 
period1,sc01,t8062, 7.96435847619047E-02 , 3.72674565026362E-02 , 0.175829614439252 , 0.175829614439252 
period1,sc01,t8063, 7.93930019047619E-02 , 2.78400471880492E-02 , 0.176893640186916 , 0.176893640186916 
period1,sc01,t8064, 7.95600571428572E-02 , 0.027918079086116 , 0.176790669953271 , 0.176790669953271 
period1,sc01,t8065, 1.25597443976211E-02 , 2.44910933741753E-02 , 0.168098583878504 , 0.168098583878504 
period1,sc01,t8066, 1.09946581996602E-02 , 3.06379840704607E-02 , 0.168542664369159 , 0.168542664369159 
period1,sc01,t8067, 1.09881615097706E-02 , 2.78660732284922E-02 , 0.168902035864486 , 0.168902035864486 
period1,sc01,t8068, 1.62915513483433E-02 , 2.41200221237579E-02 , 0.168668444392523 , 0.168668444392523 
period1,sc01,t8069, 1.87273433406967E-02 , 3.74584769274269E-02 , 0.166548152570093 , 0.166548152570093 
period1,sc01,t8070, 1.46200351818182E-02 , 2.53663719929763E-02 , 0.185701470465687 , 0.185701470465687 
period1,sc01,t8071, 1.92543929737991E-02 , 4.05463845975948E-02 , 0.179347826720588 , 0.179347826720588 
period1,sc01,t8072, 2.22679369615729E-02 , 6.28618869565217E-02 , 0.186032681127451 , 0.186032681127451 
period1,sc01,t8073, 0.026668384178344 , 0.051939415587419 , 0.192393002941177 , 0.192393002941177 
period1,sc01,t8074, 2.24077814904458E-02 , 4.31409101083884E-02 , 0.186371970098039 , 0.186371970098039 
period1,sc01,t8075, 1.59071924012739E-02 , 5.37826392140921E-02 , 0.190055678921568 , 0.190055678921568 
period1,sc01,t8076, 2.43704362420382E-02 , 5.37826392140921E-02 , 0.189463269607843 , 0.189463269607843 
period1,sc01,t8077, 2.05674477707006E-02 , 5.53755328455284E-02 , 0.189247848039215 , 0.189247848039215 
period1,sc01,t8078, 2.39603668789809E-02 , 5.33586152728954E-02 , 0.210224523284313 , 0.210224523284313 
period1,sc01,t8079, 5.20906390303843E-02 , 1.93566183524976E-02 , 0.206497730147059 , 0.206497730147059 
period1,sc01,t8080, 4.78431850131004E-02 , 2.92576397266729E-02 , 0.207553295833334 , 0.207553295833334 
period1,sc01,t8081, 5.40247369371283E-02 , 2.07231611248843E-02 , 0.237179147058823 , 0.237179147058823 
period1,sc01,t8082, 3.29932750917031E-02 , 2.06808208672087E-02 , 0.2062715375 , 0.2062715375 
period1,sc01,t8083, 0.032063182253798 , 2.03441814797361E-02 , 0.23110425882353 , 0.23110425882353 
period1,sc01,t8084, 3.31222345327511E-02 , 3.06801039494129E-02 , 0.206061501470588 , 0.206061501470588 
period1,sc01,t8085, 1.47484778900804E-02 , 2.00426709575429E-02 , 0.20368647867647 , 0.20368647867647 
period1,sc01,t8086, 0.015436827769437 , 0.019281019895288 , 0.202377792647059 , 0.202377792647059 
period1,sc01,t8087, 1.30713059161572E-02 , 1.91915538718174E-02 , 0.205140574264706 , 0.205140574264706 
period1,sc01,t8088, 1.52586874155497E-02 , 1.75096851894439E-02 , 0.205528333088236 , 0.205528333088236 
period1,sc01,t8089, 2.61003451578947E-02 , 3.08450197222222E-02 , 0.21004843125 , 0.21004843125 
period1,sc01,t8090, 2.03541933213645E-02 , 1.94751498148148E-02 , 0.194934558823529 , 0.194934558823529 
period1,sc01,t8091, 2.69125210951526E-02 , 0.031333531574074 , 0.191382314252336 , 0.191382314252336 
period1,sc01,t8092, 2.73998907540395E-02 , 2.26914566666666E-02 , 0.190305755140187 , 0.190305755140187 
period1,sc01,t8093, 4.40642748653501E-02 , 0.0282326 , 0.195654252336449 , 0.195654252336449 
period1,sc01,t8094, 2.86885095062837E-02 , 2.59861316455697E-02 , 0.235269365196079 , 0.235269365196079 
period1,sc01,t8095, 3.78437976491229E-02 , 1.90959704745167E-02 , 0.346478725490197 , 0.346478725490197 
period1,sc01,t8096, 4.74453772890484E-02 , 1.91088481012658E-02 , 0.365649975490197 , 0.365649975490197 
period1,sc01,t8097, 8.49638356946983E-02 , 1.90993392405064E-02 , 0.413229044117647 , 0.413229044117647 
period1,sc01,t8098, 7.51741933931777E-02 , 1.90886543057996E-02 , 0.420102769607843 , 0.420102769607843 
period1,sc01,t8099, 8.25487768402155E-02 , 1.90985468354431E-02 , 0.426815392156863 , 0.426815392156863 
period1,sc01,t8100, 7.76396387612208E-02 , 0.018424423198594 , 0.381846191176471 , 0.381846191176471 
period1,sc01,t8101, 7.66477489945156E-02 , 1.89883457820738E-02 , 0.430010600490197 , 0.430010600490197 
period1,sc01,t8102, 0.077319669012797 , 1.84513775043936E-02 , 0.430753822058824 , 0.430753822058824 
period1,sc01,t8103, 9.55207906764168E-02 , 1.84529177504394E-02 , 0.480274718137255 , 0.480274718137255 
period1,sc01,t8104, 0.110835806247755 , 1.84352049209139E-02 , 0.467649617647058 , 0.467649617647058 
period1,sc01,t8105, 0.114287172631579 , 1.84575384885765E-02 , 0.475844387254902 , 0.475844387254902 
period1,sc01,t8106, 9.38766622807018E-02 , 1.76219550087874E-02 , 0.476835170343137 , 0.476835170343137 
period1,sc01,t8107, 8.61947087719299E-02 , 1.75990438488576E-02 , 0.466940764705882 , 0.466940764705882 
period1,sc01,t8108, 5.86842898805461E-02 , 1.76300413005273E-02 , 0.476166593137255 , 0.476166593137255 
period1,sc01,t8109, 4.16188137719299E-02 , 1.76017392794376E-02 , 0.473674867647059 , 0.473674867647059 
period1,sc01,t8110, 3.63807289497307E-02 , 1.76664296133567E-02 , 0.344975098039216 , 0.344975098039216 
period1,sc01,t8111, 4.30055822368421E-02 , 1.76596910369068E-02 , 0.383425 , 0.383425 
period1,sc01,t8112, 7.52837827289049E-02 , 1.67151351493849E-02 , 0.334060910784313 , 0.334060910784313 
period1,sc01,t8113, 1.94305823805372E-02 , 1.54370522966339E-02 , 0.22531056382353 , 0.22531056382353 
period1,sc01,t8114, 1.72026905995718E-02 , 1.59495442058204E-02 , 0.204244247058823 , 0.204244247058823 
period1,sc01,t8115, 0.017293886566738 , 1.63697471949509E-02 , 0.227417948137255 , 0.227417948137255 
period1,sc01,t8116, 1.83975410101744E-02 , 1.60390594642858E-02 , 0.231183929921568 , 0.231183929921568 
period1,sc01,t8117, 1.68665538174414E-02 , 1.61913219495092E-02 , 0.225012734509804 , 0.225012734509804 
period1,sc01,t8118, 2.59603475472384E-02 , 1.62397736325386E-02 , 0.223621968382353 , 0.223621968382353 
period1,sc01,t8119, 3.17451212390988E-02 , 1.62236230715287E-02 , 0.455407954348039 , 0.455407954348039 
period1,sc01,t8120, 0.02368872 , 1.62482334502104E-02 , 0.504916002897059 , 0.504916002897059 
period1,sc01,t8121, 0.342541832054412 , 1.62120869565218E-02 , 0.596465024509804 , 0.596465024509804 
period1,sc01,t8122, 1.81265488008566E-02 , 1.61959363955119E-02 , 0.504543877534313 , 0.504543877534313 
period1,sc01,t8123, 0.020909102146681 , 1.61859384291725E-02 , 0.54484878525 , 0.54484878525 
period1,sc01,t8124, 1.97113624946467E-02 , 1.68727218092567E-02 , 0.458559407813726 , 0.458559407813726 
period1,sc01,t8125, 3.15035842223838E-02 , 0.0175472 , 0.459138293382353 , 0.459138293382353 
period1,sc01,t8126, 2.36925456976744E-02 , 1.69442457223001E-02 , 0.457948803960785 , 0.457948803960785 
period1,sc01,t8127, 0.158353477394622 , 1.69427075736325E-02 , 0.457845370098039 , 0.457845370098039 
period1,sc01,t8128, 0.192112719914347 , 0.016941169424965 , 0.511686191551402 , 0.511686191551402 
period1,sc01,t8129, 0.341267563815836 , 1.67146001262272E-02 , 0.459086576450981 , 0.459086576450981 
period1,sc01,t8130, 0.207861181164981 , 1.60240055555555E-02 , 0.512573288607477 , 0.512573288607477 
period1,sc01,t8131, 0.262324366585281 , 1.61094155329593E-02 , 0.458993787029411 , 0.458993787029411 
period1,sc01,t8132, 0.276187353325416 , 1.61292191970547E-02 , 0.457130042147059 , 0.457130042147059 
period1,sc01,t8133, 0.225801617160795 , 1.61188366935484E-02 , 0.455680462794117 , 0.455680462794117 
period1,sc01,t8134, 0.196760191648822 , 1.68977167251052E-02 , 0.422163214161764 , 0.422163214161764 
period1,sc01,t8135, 0.155780815261628 , 1.61305650771389E-02 , 0.413462458696079 , 0.413462458696079 
period1,sc01,t8136, 0.150437192332849 , 1.75373750753857E-02 , 0.415726015240196 , 0.415726015240196 
period1,sc01,t8137, 0.10097638077132 , 3.30031772335071E-02 , 0.192109930034934 , 0.192109930034934 
period1,sc01,t8138, 3.49241482162547E-02 , 3.25020616459899E-02 , 0.193318482812227 , 0.193318482812227 
period1,sc01,t8139, 4.01275196158635E-02 , 5.17551235124933E-02 , 0.193055753947598 , 0.193055753947598 
period1,sc01,t8140, 3.18253288810429E-02 , 3.70074495893762E-02 , 0.19108600530131 , 0.19108600530131 
period1,sc01,t8141, 5.20216170016296E-02 , 0.052127537655076 , 0.191141422427947 , 0.191141422427947 
period1,sc01,t8142, 0.105892156002173 , 3.69729813035122E-02 , 0.192801639144105 , 0.192801639144105 
period1,sc01,t8143, 0.260914651216433 , 4.82088765332868E-02 , 0.194427221263889 , 0.194427221263889 
period1,sc01,t8144, 0.238809087220581 , 0.051082765612441 , 0.190502354803494 , 0.190502354803494 
period1,sc01,t8145, 0.236665767413523 , 0.048032705294426 , 0.19107983189083 , 0.19107983189083 
period1,sc01,t8146, 0.237607483255692 , 4.86493046304386E-02 , 0.190201293366812 , 0.190201293366812 
period1,sc01,t8147, 0.311108905784899 , 4.86404960684955E-02 , 0.191765032598253 , 0.191765032598253 
period1,sc01,t8148, 0.255643468174904 , 4.94577774244278E-02 , 0.19081561949345 , 0.19081561949345 
period1,sc01,t8149, 0.113589747284085 , 5.49072134195352E-02 , 0.192516609432314 , 0.192516609432314 
period1,sc01,t8150, 0.080004738428646 , 5.60247518434387E-02 , 0.193041110043669 , 0.193041110043669 
period1,sc01,t8151, 0.113084484616752 , 5.76807614887297E-02 , 0.191634146724891 , 0.191634146724891 
period1,sc01,t8152, 8.05375853576865E-02 , 5.65549803343519E-02 , 0.191520058270742 , 0.191520058270742 
period1,sc01,t8153, 0.113249366601458 , 5.67803460722632E-02 , 0.192330258576419 , 0.192330258576419 
period1,sc01,t8154, 8.99578533405757E-02 , 0.058398093834262 , 0.193071259257642 , 0.193071259257642 
period1,sc01,t8155, 0.084928858325723 , 3.78330579790171E-02 , 0.186942275 , 0.186942275 
period1,sc01,t8156, 7.80112884322679E-02 , 3.98501390077296E-02 , 0.190266327669903 , 0.190266327669903 
period1,sc01,t8157, 8.09156326786025E-02 , 3.66839867877045E-02 , 0.190960575 , 0.190960575 
period1,sc01,t8158, 7.97652094839761E-02 , 3.74099245011684E-02 , 0.1895907 , 0.1895907 
period1,sc01,t8159, 9.51248343291689E-02 , 3.38149596907786E-02 , 0.1894537125 , 0.1894537125 
period1,sc01,t8160, 5.70606933840304E-02 , 3.38210110436223E-02 , 0.1892710625 , 0.1892710625 
period1,sc01,t8161, 7.63169589071039E-02 , 2.97626409490334E-02 , 0.171004139444934 , 0.171004139444934 
period1,sc01,t8162, 2.26698602045454E-02 , 2.28290800281195E-02 , 0.174818889785046 , 0.174818889785046 
period1,sc01,t8163, 2.38752735681818E-02 , 0.021918 , 0.179511390196262 , 0.179511390196262 
period1,sc01,t8164, 0.024790826372093 , 2.41348573971881E-02 , 0.177769523719626 , 0.177769523719626 
period1,sc01,t8165, 3.02526429767441E-02 , 2.98473854130052E-02 , 0.17906186635514 , 0.17906186635514 
period1,sc01,t8166, 4.23548681590909E-02 , 2.94949254833041E-02 , 0.176604387420561 , 0.176604387420561 
period1,sc01,t8167, 8.31310726744187E-02 , 2.72711537082601E-02 , 0.181556786029412 , 0.181556786029412 
period1,sc01,t8168, 8.96109980232559E-02 , 0.028592974745167 , 0.184183991397058 , 0.184183991397058 
period1,sc01,t8169, 0.085105517978142 , 0.027073545026362 , 0.17541108546729 , 0.17541108546729 
period1,sc01,t8170, 8.05599226744186E-02 , 2.67788654130053E-02 , 0.204116747058823 , 0.204116747058823 
period1,sc01,t8171, 9.02592422404372E-02 , 1.92061771528998E-02 , 0.177111407352941 , 0.177111407352941 
period1,sc01,t8172, 9.33086588469945E-02 , 1.90932335262206E-02 , 0.177417023779412 , 0.177417023779412 
period1,sc01,t8173, 8.95053868032786E-02 , 2.17383032161687E-02 , 0.207452845794393 , 0.207452845794393 
period1,sc01,t8174, 8.11579823770492E-02 , 1.90910402425307E-02 , 0.206851637102804 , 0.206851637102804 
period1,sc01,t8175, 8.24530008196721E-02 , 2.24214591564147E-02 , 0.209721461214954 , 0.209721461214954 
period1,sc01,t8176, 0.124093520930233 , 2.16487555035971E-02 , 0.20548125 , 0.20548125 
period1,sc01,t8177, 0.158934238636364 , 1.85282214411248E-02 , 0.237423511764705 , 0.237423511764705 
period1,sc01,t8178, 0.104890045090909 , 1.95451550087873E-02 , 0.218785153676471 , 0.218785153676471 
period1,sc01,t8179, 8.56768283163265E-02 , 1.85494075571178E-02 , 0.237606161764706 , 0.237606161764706 
period1,sc01,t8180, 7.83876022959184E-02 , 2.02231107205624E-02 , 0.213410408823529 , 0.213410408823529 
period1,sc01,t8181, 7.92290969387755E-02 , 1.88926701657458E-02 , 0.221125990654205 , 0.221125990654205 
period1,sc01,t8182, 7.12467006136364E-02 , 1.89347166666667E-02 , 0.217643691588785 , 0.217643691588785 
period1,sc01,t8183, 7.80224280681819E-02 , 1.91156213444445E-02 , 0.219723652352942 , 0.219723652352942 
period1,sc01,t8184, 7.59858479846938E-02 , 0.018749204159132 , 0.237294582352941 , 0.237294582352941 
period1,sc01,t8185, 1.57180798636364E-02 , 1.73940930922243E-02 , 0.231226841911765 , 0.231226841911765 
period1,sc01,t8186, 0.015004557 , 1.94757665555556E-02 , 0.231552925882353 , 0.231552925882353 
period1,sc01,t8187, 0.014799708 , 1.94625751666666E-02 , 0.225799952943925 , 0.225799952943925 
period1,sc01,t8188, 1.48374705681818E-02 , 2.02700911111111E-02 , 0.225676024065421 , 0.225676024065421 
period1,sc01,t8189, 1.48830865813953E-02 , 2.02976915555556E-02 , 0.226295668457944 , 0.226295668457944 
period1,sc01,t8190, 0.014791608 , 2.03215134900542E-02 , 0.22592388182243 , 0.22592388182243 
period1,sc01,t8191, 2.17316185813954E-02 , 1.90740528295255E-02 , 0.2435802135 , 0.2435802135 
period1,sc01,t8192, 0.025732575 , 1.82913221441125E-02 , 0.344312977794118 , 0.344312977794118 
period1,sc01,t8193, 2.18680330909091E-02 , 1.82930555536028E-02 , 0.389597822058823 , 0.389597822058823 
period1,sc01,t8194, 1.68390207954545E-02 , 1.67252968318264E-02 , 0.338192691588785 , 0.338192691588785 
period1,sc01,t8195, 2.15615642727272E-02 , 1.66513887222223E-02 , 0.373461211682243 , 0.373461211682243 
period1,sc01,t8196, 1.58585543181818E-02 , 0.0175344 , 0.329502307009345 , 0.329502307009345 
period1,sc01,t8197, 3.11630829767442E-02 , 0.0175344 , 0.606709579411765 , 0.606709579411765 
period1,sc01,t8198, 5.87393778409091E-02 , 0.0175344 , 0.599552707764705 , 0.599552707764705 
period1,sc01,t8199, 8.00161805454546E-02 , 0.0175344 , 0.606419488235295 , 0.606419488235295 
period1,sc01,t8200, 0.102824494897959 , 1.83181765822785E-02 , 0.605844677941176 , 0.605844677941176 
period1,sc01,t8201, 0.081825559877551 , 0.018024681482821 , 0.57108168364486 , 0.57108168364486 
period1,sc01,t8202, 6.66969733219993E-02 , 1.56783060759494E-02 , 0.577856803738317 , 0.577856803738317 
period1,sc01,t8203, 7.18040577272728E-02 , 1.55479127240773E-02 , 0.390111433480176 , 0.390111433480176 
period1,sc01,t8204, 6.14500577653061E-02 , 1.39616442333333E-02 , 0.418142181308411 , 0.418142181308411 
period1,sc01,t8205, 0.063631439260204 , 1.55363566608084E-02 , 0.416645816915888 , 0.416645816915888 
period1,sc01,t8206, 4.98080610681818E-02 , 1.55640912126537E-02 , 0.418469927102804 , 0.418469927102804 
period1,sc01,t8207, 2.10090927272728E-02 , 1.55167113532514E-02 , 0.437393029411764 , 0.437393029411764 
period1,sc01,t8208, 2.16668243181818E-02 , 1.56319334538879E-02 , 0.439839465 , 0.439839465 
period1,sc01,t8209, 0.384214564444445 , 1.57110892442882E-02 , 0.173576412009804 , 0.173576412009804 
period1,sc01,t8210, 0.384260835555556 , 0.016292932973638 , 0.154331667523364 , 0.154331667523364 
period1,sc01,t8211, 0.384251262222223 , 1.67691881151143E-02 , 0.163321514018692 , 0.163321514018692 
period1,sc01,t8212, 0.385560615 , 1.71394325316455E-02 , 0.172592772897196 , 0.172592772897196 
period1,sc01,t8213, 0.38561626 , 1.87246071704745E-02 , 0.162912186915888 , 0.162912186915888 
period1,sc01,t8214, 0.38576345 , 1.86943950175747E-02 , 0.190654331308411 , 0.190654331308411 
period1,sc01,t8215, 0.575696388888889 , 0.0175192 , 0.2176213125 , 0.2176213125 
period1,sc01,t8216, 0.566387877888889 , 0.0175192 , 0.249251962037383 , 0.249251962037383 
period1,sc01,t8217, 0.274650317333334 , 0.0175192 , 0.349673612813084 , 0.349673612813084 
period1,sc01,t8218, 0.223018777777778 , 1.73679468014059E-02 , 0.362421214647578 , 0.362421214647578 
period1,sc01,t8219, 0.141808988888889 , 1.59546689113924E-02 , 0.380720254906543 , 0.380720254906543 
period1,sc01,t8220, 0.223018777777778 , 0.0175192 , 0.32296931728972 , 0.32296931728972 
period1,sc01,t8221, 0.417953284722222 , 0.0175192 , 0.244503358317757 , 0.244503358317757 
period1,sc01,t8222, 0.262807944444445 , 0.0175192 , 0.317330836448599 , 0.317330836448599 
period1,sc01,t8223, 0.385326666666667 , 0.0175192 , 0.380720254906543 , 0.380720254906543 
period1,sc01,t8224, 0.289165933129696 , 0.0175192 , 0.326022897476636 , 0.326022897476636 
period1,sc01,t8225, 0.263713422222222 , 0.0175192 , 0.222182751401869 , 0.222182751401869 
period1,sc01,t8226, 0.176478416666667 , 1.67604323637962E-02 , 0.222469280373832 , 0.222469280373832 
period1,sc01,t8227, 0.248505583888889 , 1.67581231546573E-02 , 0.222970706074767 , 0.222970706074767 
period1,sc01,t8228, 9.95041590858677E-02 , 1.67575458523726E-02 , 0.219665389719627 , 0.219665389719627 
period1,sc01,t8229, 0.467516850524475 , 1.67602399297012E-02 , 0.218764870093459 , 0.218764870093459 
period1,sc01,t8230, 0.0977400835 , 1.67560063796134E-02 , 0.2168001 , 0.2168001 
period1,sc01,t8231, 0.274299933333334 , 1.67563912478031E-02 , 0.191386003504673 , 0.191386003504673 
period1,sc01,t8232, 0.234066803333334 , 1.67565836818981E-02 , 0.188459314719627 , 0.188459314719627 
period1,sc01,t8233, 1.10183759455782E-02 , 1.78780001827768E-02 , 0.196557804137931 , 0.196557804137931 
period1,sc01,t8234, 1.07745012329932E-02 , 1.51615916186291E-02 , 0.198358968226602 , 0.198358968226602 
period1,sc01,t8235, 1.07579079634354E-02 , 1.32431580856102E-02 , 0.177725597142857 , 0.177725597142857 
period1,sc01,t8236, 1.06093101360544E-02 , 1.82919123198594E-02 , 0.17755160275862 , 0.17755160275862 
period1,sc01,t8237, 1.22084934421769E-02 , 1.67539195035149E-02 , 0.168399332466368 , 0.168399332466368 
period1,sc01,t8238, 1.15186583877551E-02 , 1.80591298506151E-02 , 0.167241720269058 , 0.167241720269058 
period1,sc01,t8239, 2.72236557183099E-02 , 1.47448056239016E-02 , 0.198922301896551 , 0.198922301896551 
period1,sc01,t8240, 4.12578976229655E-02 , 1.34882401072056E-02 , 0.187895907488789 , 0.187895907488789 
period1,sc01,t8241, 4.12444047987838E-02 , 1.50448363620386E-02 , 0.172204591479821 , 0.172204591479821 
period1,sc01,t8242, 3.12096417591241E-02 , 1.46902023286468E-02 , 0.174448442825112 , 0.174448442825112 
period1,sc01,t8243, 4.09743143355392E-02 , 1.46767909929701E-02 , 0.170000777482063 , 0.170000777482063 
period1,sc01,t8244, 3.13876228958729E-02 , 0.014748637434095 , 0.170237921771301 , 0.170237921771301 
period1,sc01,t8245, 4.38695862597133E-02 , 0.014725646572935 , 0.17274086706278 , 0.17274086706278 
period1,sc01,t8246, 4.33844603058487E-02 , 0.014725646572935 , 0.173368558811659 , 0.173368558811659 
period1,sc01,t8247, 4.31513578977272E-02 , 3.41050266256591E-02 , 0.172270098251121 , 0.172270098251121 
period1,sc01,t8248, 6.16779019452555E-02 , 3.39368101581723E-02 , 0.174498306188341 , 0.174498306188341 
period1,sc01,t8249, 4.19692690079434E-02 , 3.39843246045694E-02 , 0.180856373856502 , 0.180856373856502 
period1,sc01,t8250, 3.87821974897959E-02 , 2.59988321616872E-02 , 0.181270924170403 , 0.181270924170403 
period1,sc01,t8251, 4.37567784929577E-02 , 3.36682002636204E-02 , 0.182204151233183 , 0.182204151233183 
period1,sc01,t8252, 2.61611049383802E-02 , 2.03421223637961E-02 , 0.176450310201794 , 0.176450310201794 
period1,sc01,t8253, 0.045745726459507 , 0.031910395655536 , 0.18673786182266 , 0.18673786182266 
period1,sc01,t8254, 3.48514813309859E-02 , 2.32195992896175E-02 , 0.184707927339902 , 0.184707927339902 
period1,sc01,t8255, 0.035116475414966 , 2.29782161862917E-02 , 0.183762772660098 , 0.183762772660098 
period1,sc01,t8256, 2.64949833520408E-02 , 2.02779814207651E-02 , 0.18435886453202 , 0.18435886453202 
period1,sc01,t8257, 7.97471633494809E-02 , 3.64805900878735E-02 , 0.144294303921569 , 0.144294303921569 
period1,sc01,t8258, 8.35552574430823E-02 , 2.67359695189873E-02 , 0.137013056862745 , 0.137013056862745 
period1,sc01,t8259, 0.156111128605851 , 2.65664155360281E-02 , 0.137162088235294 , 0.137162088235294 
period1,sc01,t8260, 0.108885555992945 , 5.57364611599297E-02 , 0.137534666666667 , 0.137534666666667 
period1,sc01,t8261, 0.104506037843803 , 5.43479027884268E-02 , 0.144320071028037 , 0.144320071028037 
period1,sc01,t8262, 8.01903024390244E-02 , 1.72151780333333E-02 , 0.142092658878504 , 0.142092658878504 
period1,sc01,t8263, 0.107608209 , 0.01466879543058 , 0.141417079295155 , 0.141417079295155 
period1,sc01,t8264, 0.119288596139693 , 1.46191806678383E-02 , 0.141397467929516 , 0.141397467929516 
period1,sc01,t8265, 4.41926196907216E-02 , 1.47640176098419E-02 , 0.144028176470588 , 0.144028176470588 
period1,sc01,t8266, 4.44842185567011E-02 , 1.46936028119508E-02 , 0.144028176470588 , 0.144028176470588 
period1,sc01,t8267, 8.25676868181818E-02 , 1.46554376098419E-02 , 0.142083742862745 , 0.142083742862745 
period1,sc01,t8268, 7.90898958762886E-02 , 1.47079147627417E-02 , 0.144198299065421 , 0.144198299065421 
period1,sc01,t8269, 0.10963081742755 , 1.46325384885764E-02 , 0.169049927102804 , 0.169049927102804 
period1,sc01,t8270, 7.97436576923077E-02 , 0.01466879543058 , 0.1753567 , 0.1753567 
period1,sc01,t8271, 9.57880801013986E-02 , 1.46334926186292E-02 , 0.1758996 , 0.1758996 
period1,sc01,t8272, 8.18479456853147E-02 , 1.46077311072057E-02 , 0.176261533333333 , 0.176261533333333 
period1,sc01,t8273, 7.82031125034965E-02 , 0.014641125659051 , 0.179765859813084 , 0.179765859813084 
period1,sc01,t8274, 7.09293508407871E-02 , 1.47060065026362E-02 , 0.169739968224299 , 0.169739968224299 
period1,sc01,t8275, 8.09434666923077E-02 , 1.46926486818981E-02 , 0.17095921 , 0.17095921 
period1,sc01,t8276, 4.29868802719142E-02 , 1.47460799648507E-02 , 0.179109097058823 , 0.179109097058823 
period1,sc01,t8277, 0.079806144608229 , 0.014759170629174 , 0.166680344845815 , 0.166680344845815 
period1,sc01,t8278, 4.69881848251748E-02 , 1.47470340949033E-02 , 0.169323914018692 , 0.169323914018692 
period1,sc01,t8279, 4.17179871428572E-02 , 1.47212725834798E-02 , 0.167347131277533 , 0.167347131277533 
period1,sc01,t8280, 4.08226279186692E-02 , 0.019493640281195 , 0.16965625 , 0.16965625 
period1,sc01,t8281, 1.53174856239016E-02 , 1.39768987697715E-02 , 0.153046782222222 , 0.153046782222222 
period1,sc01,t8282, 1.17457258523726E-02 , 0.013740176625659 , 0.155137055555555 , 0.155137055555555 
period1,sc01,t8283, 1.25588530755712E-02 , 1.39639381370827E-02 , 0.16237491037037 , 0.16237491037037 
period1,sc01,t8284, 1.25790564147627E-02 , 1.42688942003515E-02 , 0.152346632592593 , 0.152346632592593 
period1,sc01,t8285, 2.58852424428822E-02 , 1.42217213093146E-02 , 0.155820602962963 , 0.155820602962963 
period1,sc01,t8286, 2.48296751493849E-02 , 1.39990080843586E-02 , 0.18831025925926 , 0.18831025925926 
period1,sc01,t8287, 7.19653424868189E-02 , 1.39707996485062E-02 , 0.203458358888889 , 0.203458358888889 
period1,sc01,t8288, 7.17012695957821E-02 , 1.39448783831283E-02 , 0.270553740740741 , 0.270553740740741 
period1,sc01,t8289, 7.82936572934974E-02 , 1.39685124780316E-02 , 0.3199516 , 0.3199516 
period1,sc01,t8290, 7.83935304042179E-02 , 1.35699730228471E-02 , 0.231092222222222 , 0.231092222222222 
period1,sc01,t8291, 0.067784985711775 , 1.35551064147627E-02 , 0.250282962962963 , 0.250282962962963 
period1,sc01,t8292, 7.85301507205624E-02 , 1.34099092091388E-02 , 0.290833444444445 , 0.290833444444445 
period1,sc01,t8293, 7.71455739543057E-02 , 1.40035824253075E-02 , 0.235162444444444 , 0.235162444444444 
period1,sc01,t8294, 0.06603438543058 , 1.35394202372583E-02 , 0.277685555555555 , 0.277685555555555 
period1,sc01,t8295, 9.18108347978911E-02 , 1.35328065026363E-02 , 0.28418246925926 , 0.28418246925926 
period1,sc01,t8296, 7.84618405623902E-02 , 1.40340780316345E-02 , 0.290663851851852 , 0.290663851851852 
period1,sc01,t8297, 7.84618405623902E-02 , 1.34455509490333E-02 , 0.288867955555555 , 0.288867955555555 
period1,sc01,t8298, 7.00351421441125E-02 , 0.013395652513181 , 0.239741444444445 , 0.239741444444445 
period1,sc01,t8299, 0.094267637082601 , 0.013472005887522 , 0.226629259259259 , 0.226629259259259 
period1,sc01,t8300, 6.78341026977153E-02 , 1.34241659050966E-02 , 0.214922907407407 , 0.214922907407407 
period1,sc01,t8301, 7.42727734797891E-02 , 1.38716889279438E-02 , 0.19731625074074 , 0.19731625074074 
period1,sc01,t8302, 7.44919225307557E-02 , 1.39174323374341E-02 , 0.177697333333334 , 0.177697333333334 
period1,sc01,t8303, 4.75822183128295E-02 , 0.013947927943761 , 0.152660111111111 , 0.152660111111111 
period1,sc01,t8304, 5.72188299121266E-02 , 1.38960854130053E-02 , 0.162675 , 0.162675 
period1,sc01,t8305, 1.06678024902796E-02 , 1.69543225267966E-02 , 0.179990133333333 , 0.179990133333333 
period1,sc01,t8306, 1.15418707432789E-02 , 1.71232727429274E-02 , 0.151770617647058 , 0.151770617647058 
period1,sc01,t8307, 9.67570189779671E-03 , 0.017805768871903 , 0.15374512990196 , 0.15374512990196 
period1,sc01,t8308, 1.07200748550343E-02 , 1.71764777777778E-02 , 0.148013707843137 , 0.148013707843137 
period1,sc01,t8309, 1.53988404305043E-02 , 1.76783675540326E-02 , 0.145313428921569 , 0.145313428921569 
period1,sc01,t8310, 1.16514817870322E-02 , 1.77024705060623E-02 , 0.144459585784314 , 0.144459585784314 
period1,sc01,t8311, 2.45229364039712E-02 , 1.76577078808646E-02 , 0.162748087850468 , 0.162748087850468 
period1,sc01,t8312, 4.76541186215076E-02 , 1.76559862414338E-02 , 0.162204054185022 , 0.162204054185022 
period1,sc01,t8313, 9.12677025338253E-02 , 1.84716990036901E-02 , 0.137746244117647 , 0.137746244117647 
period1,sc01,t8314, 6.13053228659286E-02 , 1.76921406694781E-02 , 0.136625575 , 0.136625575 
period1,sc01,t8315, 7.98567191213162E-02 , 1.76886973906168E-02 , 0.136625575 , 0.136625575 
period1,sc01,t8316, 6.38541143964154E-02 , 1.76955839483395E-02 , 0.144726411764706 , 0.144726411764706 
period1,sc01,t8317, 5.64383290585076E-02 , 0.018408151379371 , 0.151802636764706 , 0.151802636764706 
period1,sc01,t8318, 5.43302888879457E-02 , 1.76852541117554E-02 , 0.158597146894607 , 0.158597146894607 
period1,sc01,t8319, 5.47348669440844E-02 , 1.84043255139694E-02 , 0.166874492857143 , 0.166874492857143 
period1,sc01,t8320, 6.93919589184678E-02 , 1.76628727991566E-02 , 0.153851860294118 , 0.153851860294118 
period1,sc01,t8321, 7.19482491451414E-02 , 1.76886973906168E-02 , 0.165756859318182 , 0.165756859318182 
period1,sc01,t8322, 5.11443408513443E-02 , 1.77179652609383E-02 , 0.158127611453745 , 0.158127611453745 
period1,sc01,t8323, 0.063195886466281 , 1.77300167369531E-02 , 0.157176317954546 , 0.157176317954546 
period1,sc01,t8324, 0.055130094165612 , 1.76611511597259E-02 , 0.145206698529411 , 0.145206698529411 
period1,sc01,t8325, 5.43453276568266E-02 , 1.81899240168687E-02 , 0.167471494470046 , 0.167471494470046 
period1,sc01,t8326, 4.23294957804351E-02 , 1.76611511597259E-02 , 0.144619681372549 , 0.144619681372549 
period1,sc01,t8327, 4.44624263966733E-02 , 1.76886973906168E-02 , 0.146871692647058 , 0.146871692647058 
period1,sc01,t8328, 3.13163572656969E-02 , 1.77024705060623E-02 , 0.15171725245098 , 0.15171725245098 
period1,sc01,t8329, 1.13762516395564E-02 , 1.62588825202109E-02 , 0.130607477102803 , 0.130607477102803 
period1,sc01,t8330, 1.12033957523105E-02 , 1.44559709771529E-02 , 0.137148553921569 , 0.137148553921569 
period1,sc01,t8331, 1.16697581290613E-02 , 1.35223322929475E-02 , 0.131746998598131 , 0.131746998598131 
period1,sc01,t8332, 8.99854307815443E-03 , 0.013509441618705 , 0.135521663551402 , 0.135521663551402 
period1,sc01,t8333, 9.63256033086877E-03 , 0.016874075 , 0.131533338317757 , 0.131533338317757 
period1,sc01,t8334, 1.15156756617647E-02 , 0.017074164837963 , 0.130678697196262 , 0.130678697196262 
period1,sc01,t8335, 1.14909562093863E-02 , 1.64453485018519E-02 , 0.158379641956522 , 0.158379641956522 
period1,sc01,t8336, 1.73797639926063E-02 , 1.77876608963093E-02 , 0.159735681383177 , 0.159735681383177 
period1,sc01,t8337, 3.25417004232902E-02 , 1.86294992091388E-02 , 0.162285583039648 , 0.162285583039648 
period1,sc01,t8338, 1.99722078339351E-02 , 1.80480567926187E-02 , 0.152773883333333 , 0.152773883333333 
period1,sc01,t8339, 3.25043724057301E-02 , 1.70829345185186E-02 , 0.137986234885514 , 0.137986234885514 
period1,sc01,t8340, 3.18157176471119E-02 , 1.65979006231481E-02 , 0.163094014018692 , 0.163094014018692 
period1,sc01,t8341, 2.87944105175438E-02 , 0.017418944325 , 0.162693227312775 , 0.162693227312775 
period1,sc01,t8342, 2.36275368907943E-02 , 1.64731231509433E-02 , 0.169688929032258 , 0.169688929032258 
period1,sc01,t8343, 2.68942578885964E-02 , 1.73435922242315E-02 , 0.163463055069125 , 0.163463055069125 
period1,sc01,t8344, 2.67381821543986E-02 , 1.77616404393673E-02 , 0.154621870704845 , 0.154621870704845 
period1,sc01,t8345, 3.10112648008773E-02 , 0.0174184 , 0.15983971740088 , 0.15983971740088 
period1,sc01,t8346, 1.47270130542279E-02 , 1.77360026362038E-02 , 0.15967665969163 , 0.15967665969163 
period1,sc01,t8347, 1.73105175361011E-02 , 1.56294744525484E-02 , 0.15747538061674 , 0.15747538061674 
period1,sc01,t8348, 0.01198059325 , 0.014476136831283 , 0.176727574766355 , 0.176727574766355 
period1,sc01,t8349, 1.31348487368421E-02 , 1.66822506608085E-02 , 0.157067736343613 , 0.157067736343613 
period1,sc01,t8350, 1.04339271859649E-02 , 1.13033564873418E-02 , 0.161086686656863 , 0.161086686656863 
period1,sc01,t8351, 1.04197174385965E-02 , 1.06129937280859E-02 , 0.16590780520098 , 0.16590780520098 
period1,sc01,t8352, 1.04126125649123E-02 , 1.69196750566037E-02 , 0.160685807303922 , 0.160685807303922 
period1,sc01,t8353, 3.51630925972222E-02 , 1.11874954622144E-02 , 0.14450441254902 , 0.14450441254902 
period1,sc01,t8354, 2.67364375925926E-02 , 1.11874189314588E-02 , 0.148568705882353 , 0.148568705882353 
period1,sc01,t8355, 2.67364375925926E-02 , 1.11881077082601E-02 , 0.140964913551402 , 0.140964913551402 
period1,sc01,t8356, 2.87198194339623E-02 , 1.11872658699473E-02 , 0.144566316176471 , 0.144566316176471 
period1,sc01,t8357, 2.77648086388889E-02 , 1.13378783971881E-02 , 0.14766149754902 , 0.14766149754902 
period1,sc01,t8358, 0.029562311290566 , 1.24041048857645E-02 , 0.144726411764706 , 0.144726411764706 
period1,sc01,t8359, 0.037993885 , 1.47953083479789E-02 , 0.160383280007353 , 0.160383280007353 
period1,sc01,t8360, 3.25711755660377E-02 , 1.77966532601055E-02 , 0.170190148725491 , 0.170190148725491 
period1,sc01,t8361, 3.05327102987698E-02 , 1.84094732864675E-02 , 0.178133024509804 , 0.178133024509804 
period1,sc01,t8362, 2.37130018607595E-02 , 0.017684727029877 , 0.178175716666667 , 0.178175716666667 
period1,sc01,t8363, 3.21889000316455E-02 , 1.79016917223199E-02 , 0.144047606470589 , 0.144047606470589 
period1,sc01,t8364, 3.18419494421338E-02 , 1.76933367398945E-02 , 0.153994505463235 , 0.153994505463235 
period1,sc01,t8365, 3.20950556455697E-02 , 1.84094732864675E-02 , 0.149169064338235 , 0.149169064338235 
period1,sc01,t8366, 3.23837349150091E-02 , 1.76985025659051E-02 , 0.150089613970589 , 0.150089613970589 
period1,sc01,t8367, 3.86486878148148E-02 , 1.84113865553603E-02 , 0.147384896261682 , 0.147384896261682 
period1,sc01,t8368, 5.42716042233273E-02 , 1.77828777240773E-02 , 0.178447879166667 , 0.178447879166667 
period1,sc01,t8369, 5.31069332955801E-02 , 1.78517554042179E-02 , 0.164912916129032 , 0.164912916129032 
period1,sc01,t8370, 3.81738961320073E-02 , 1.76898928558875E-02 , 0.162748087850468 , 0.162748087850468 
period1,sc01,t8371, 5.61745313268893E-02 , 1.79292427943761E-02 , 0.167017054166667 , 0.167017054166667 
period1,sc01,t8372, 3.50195171792618E-02 , 1.34521170544815E-02 , 0.149489255514706 , 0.149489255514706 
period1,sc01,t8373, 0.050875355705036 , 1.48345303602812E-02 , 0.144086029411765 , 0.144086029411765 
period1,sc01,t8374, 3.94279855746403E-02 , 1.34469129630932E-02 , 0.144139394607843 , 0.144139394607843 
period1,sc01,t8375, 3.14718957328647E-02 , 1.34501655202109E-02 , 0.14899562745098 , 0.14899562745098 
period1,sc01,t8376, 2.60541674764151E-02 , 1.34469129630932E-02 , 0.150329757352942 , 0.150329757352942 
period1,sc01,t8377, 2.16057311202186E-02 , 1.64004524235501E-02 , 0.136989525 , 0.136989525 
period1,sc01,t8378, 3.04407972574692E-02 , 1.49851590527241E-02 , 0.136914614705883 , 0.136914614705883 
period1,sc01,t8379, 0.026143946172232 , 1.49833941564148E-02 , 0.140320282710281 , 0.140320282710281 
period1,sc01,t8380, 3.45910852144112E-02 , 1.49789819156415E-02 , 0.141238408878505 , 0.141238408878505 
period1,sc01,t8381, 4.18739058989071E-02 , 1.49225052337434E-02 , 0.148343685280374 , 0.148343685280374 
period1,sc01,t8382, 3.38207847100176E-02 , 1.48021086115992E-02 , 0.1794690125 , 0.1794690125 
period1,sc01,t8383, 6.36400491393443E-02 , 1.48854424112478E-02 , 0.18010575 , 0.18010575 
period1,sc01,t8384, 5.96254713934426E-02 , 1.48757354815465E-02 , 0.18083345 , 0.18083345 
period1,sc01,t8385, 4.03134929261863E-02 , 1.48198343093146E-02 , 0.175260084112149 , 0.175260084112149 
period1,sc01,t8386, 3.73053039015817E-02 , 1.47953943321616E-02 , 0.144523360294118 , 0.144523360294118 
period1,sc01,t8387, 4.72003485289983E-02 , 1.48308840949034E-02 , 0.150168386029412 , 0.150168386029412 
period1,sc01,t8388, 4.98016138523726E-02 , 1.48299249121265E-02 , 0.160123964117647 , 0.160123964117647 
period1,sc01,t8389, 5.30595740720562E-02 , 1.48337616432337E-02 , 0.184236517647059 , 0.184236517647059 
period1,sc01,t8390, 4.60614148998242E-02 , 1.48040269771529E-02 , 0.184514755882352 , 0.184514755882352 
period1,sc01,t8391, 5.52289769420035E-02 , 1.47541494727592E-02 , 0.147308242990654 , 0.147308242990654 
period1,sc01,t8392, 6.16481158391915E-02 , 0.014793475966608 , 0.177767478676471 , 0.177767478676471 
period1,sc01,t8393, 5.63467057131147E-02 , 1.47234556239016E-02 , 0.158755032 , 0.158755032 
period1,sc01,t8394, 4.68082537934974E-02 , 1.35737920765027E-02 , 0.1731016375 , 0.1731016375 
period1,sc01,t8395, 6.01652000826011E-02 , 1.47656596660809E-02 , 0.1726286325 , 0.1726286325 
period1,sc01,t8396, 4.02775427557117E-02 , 1.37016366393442E-02 , 0.1741931875 , 0.1741931875 
period1,sc01,t8397, 5.31436368506151E-02 , 1.56151119332162E-02 , 0.179576027205882 , 0.179576027205882 
period1,sc01,t8398, 4.30436935901639E-02 , 1.55737343606558E-02 , 0.176412842523365 , 0.176412842523365 
period1,sc01,t8399, 3.86750169068541E-02 , 1.48347208260105E-02 , 0.147415357710281 , 0.147415357710281 
period1,sc01,t8400, 0.032070523100189 , 1.66631150351493E-02 , 0.146128580882353 , 0.146128580882353 
period1,sc01,t8401, 1.37729385555555E-02 , 1.57221950666667E-02 , 0.179438986547086 , 0.179438986547086 
period1,sc01,t8402, 1.88028174130052E-02 , 1.52019571318101E-02 , 0.154169006896552 , 0.154169006896552 
period1,sc01,t8403, 1.61651223550087E-02 , 0.016413 , 0.154923627586207 , 0.154923627586207 
period1,sc01,t8404, 1.35220043725835E-02 , 1.59440901089631E-02 , 0.178938500448431 , 0.178938500448431 
period1,sc01,t8405, 1.45570521898066E-02 , 1.59536283022847E-02 , 0.184581235874439 , 0.184581235874439 
period1,sc01,t8406, 1.85977526666667E-02 , 0.016413 , 0.151814116591928 , 0.151814116591928 
period1,sc01,t8407, 3.45317648028933E-02 , 0.016413 , 0.154848165517241 , 0.154848165517241 
period1,sc01,t8408, 8.03411892148148E-02 , 0.016413 , 0.159520345615764 , 0.159520345615764 
period1,sc01,t8409, 8.05956312407407E-02 , 1.51567080216998E-02 , 0.156113125399015 , 0.156113125399015 
period1,sc01,t8410, 4.21888695551537E-02 , 0.016413 , 0.159149503448276 , 0.159149503448276 
period1,sc01,t8411, 4.59499578734622E-02 , 1.68541799015817E-02 , 0.183025803587444 , 0.183025803587444 
period1,sc01,t8412, 3.65971247240774E-02 , 1.51533047233273E-02 , 0.154370521076233 , 0.154370521076233 
period1,sc01,t8413, 5.00709381441125E-02 , 1.75367760913884E-02 , 0.155792681113301 , 0.155792681113301 
period1,sc01,t8414, 3.98247262706502E-02 , 0.016413 , 0.153716234482759 , 0.153716234482759 
period1,sc01,t8415, 0.041119679840868 , 0.016413 , 0.181774588340808 , 0.181774588340808 
period1,sc01,t8416, 6.46654892794376E-02 , 0.015277358857645 , 0.153188 , 0.153188 
period1,sc01,t8417, 7.87137865448155E-02 , 1.51958034586994E-02 , 0.181774588340808 , 0.181774588340808 
period1,sc01,t8418, 3.95726372056239E-02 , 1.37875278888889E-02 , 0.17518485470852 , 0.17518485470852 
period1,sc01,t8419, 6.00309465272408E-02 , 1.37703854222222E-02 , 0.172849252914798 , 0.172849252914798 
period1,sc01,t8420, 3.85322818453427E-02 , 1.37256526296959E-02 , 0.184621185812808 , 0.184621185812808 
period1,sc01,t8421, 7.88953199015817E-02 , 1.59670096202531E-02 , 0.158428383856502 , 0.158428383856502 
period1,sc01,t8422, 3.87946583703704E-02 , 1.52001110298769E-02 , 0.143837055121076 , 0.143837055121076 
period1,sc01,t8423, 4.11796112478031E-02 , 1.52031878664323E-02 , 0.145101714798206 , 0.145101714798206 
period1,sc01,t8424, 4.06805323333333E-02 , 1.59581089455184E-02 , 0.15255584346798 , 0.15255584346798 
period1,sc01,t8425, 1.41022785244123E-02 , 1.80722685413005E-02 , 0.137951617973568 , 0.137951617973568 
period1,sc01,t8426, 1.37113991985941E-02 , 1.48789181019332E-02 , 0.137239091806167 , 0.137239091806167 
period1,sc01,t8427, 1.53117843037975E-02 , 1.88310616520211E-02 , 0.137847207843137 , 0.137847207843137 
period1,sc01,t8428, 1.36100398698011E-02 , 1.78050380597539E-02 , 0.139613119154186 , 0.139613119154186 
period1,sc01,t8429, 1.35844895768535E-02 , 1.93799758172232E-02 , 0.136633449793043 , 0.136633449793043 
period1,sc01,t8430, 1.78847420878735E-02 , 1.84893356766256E-02 , 0.137471952941176 , 0.137471952941176 
period1,sc01,t8431, 3.55902834716981E-02 , 0.020800387318102 , 0.141273700934579 , 0.141273700934579 
period1,sc01,t8432, 4.06582253333333E-02 , 1.86246422495606E-02 , 0.144876448598131 , 0.144876448598131 
period1,sc01,t8433, 4.63388697777778E-02 , 4.18099232337435E-02 , 0.142650470588235 , 0.142650470588235 
period1,sc01,t8434, 3.26766059851852E-02 , 4.01262789455185E-02 , 0.139573380392157 , 0.139573380392157 
period1,sc01,t8435, 3.91504369208104E-02 , 2.20000030931459E-02 , 0.13964843137255 , 0.13964843137255 
period1,sc01,t8436, 3.66023767088608E-02 , 4.12646608084359E-02 , 0.144365420560748 , 0.144365420560748 
period1,sc01,t8437, 4.03281908282097E-02 , 2.20101510861159E-02 , 0.149431862745098 , 0.149431862745098 
period1,sc01,t8438, 3.85429728752261E-02 , 2.19776026039783E-02 , 0.143286169867841 , 0.143286169867841 
period1,sc01,t8439, 4.20321919703704E-02 , 2.23744025307557E-02 , 0.148049421682243 , 0.148049421682243 
period1,sc01,t8440, 0.054235640913884 , 2.19776026039783E-02 , 0.145934487058824 , 0.145934487058824 
period1,sc01,t8441, 5.34348780614828E-02 , 0.03999116456942 , 0.144900977943926 , 0.144900977943926 
period1,sc01,t8442, 3.29171372296296E-02 , 0.022812496 , 0.137775961290323 , 0.137775961290323 
period1,sc01,t8443, 3.91854875949368E-02 , 2.24522210488245E-02 , 0.14094153271028 , 0.14094153271028 
period1,sc01,t8444, 3.42607774481547E-02 , 1.67112266432338E-02 , 0.147528784313726 , 0.147528784313726 
period1,sc01,t8445, 3.81237801054482E-02 , 2.14949098066784E-02 , 0.149726705882353 , 0.149726705882353 
period1,sc01,t8446, 3.19900742133815E-02 , 1.93407016274865E-02 , 0.150048352941176 , 0.150048352941176 
period1,sc01,t8447, 3.00110555360282E-02 , 1.91488347407407E-02 , 0.140868966728972 , 0.140868966728972 
period1,sc01,t8448, 0.031514494623656 , 1.94903822222222E-02 , 0.144785349333333 , 0.144785349333333 
period1,sc01,t8449, 1.36159543409491E-02 , 1.85222999077329E-02 , 0.133103039901961 , 0.133103039901961 
period1,sc01,t8450, 1.34650478508138E-02 , 1.68461096347197E-02 , 0.136539759252336 , 0.136539759252336 
period1,sc01,t8451, 1.35476666329114E-02 , 0.02290950225 , 0.135328368271028 , 0.135328368271028 
period1,sc01,t8452, 1.34732577293498E-02 , 2.29894498688969E-02 , 0.134885176448598 , 0.134885176448598 
period1,sc01,t8453, 1.53003124256993E-02 , 3.65793222627416E-02 , 0.134513822254902 , 0.134513822254902 
period1,sc01,t8454, 1.79371985017482E-02 , 1.88374765858952E-02 , 0.128740035159314 , 0.128740035159314 
period1,sc01,t8455, 4.34105530715564E-02 , 2.17282797012303E-02 , 0.14096520789486 , 0.14096520789486 
period1,sc01,t8456, 4.91218252806122E-02 , 1.87038319156415E-02 , 0.138994991007009 , 0.138994991007009 
period1,sc01,t8457, 4.44713351503496E-02 , 0.022333705711775 , 0.142995077383178 , 0.142995077383178 
period1,sc01,t8458, 3.00874157744756E-02 , 2.17644136713532E-02 , 0.14169224625 , 0.14169224625 
period1,sc01,t8459, 3.41847788548951E-02 , 1.75094566783831E-02 , 0.14474145992647 , 0.14474145992647 
period1,sc01,t8460, 3.26119516013986E-02 , 2.20054564285714E-02 , 0.1450662605 , 0.1450662605 
period1,sc01,t8461, 3.80492384744898E-02 , 1.75130968980667E-02 , 0.14490818875 , 0.14490818875 
period1,sc01,t8462, 3.31191092593537E-02 , 1.75149170079086E-02 , 0.135457556140187 , 0.135457556140187 
period1,sc01,t8463, 3.66840430227272E-02 , 1.76780563268893E-02 , 0.13874756860793 , 0.13874756860793 
period1,sc01,t8464, 3.87641711975524E-02 , 0.018732187311072 , 0.142258054476636 , 0.142258054476636 
period1,sc01,t8465, 4.72005286054422E-02 , 2.12320602811951E-02 , 0.146487303088236 , 0.146487303088236 
period1,sc01,t8466, 2.57725921173469E-02 , 1.58103937205624E-02 , 0.138311819352941 , 0.138311819352941 
period1,sc01,t8467, 4.46476494489796E-02 , 2.15048548173599E-02 , 0.142076091121495 , 0.142076091121495 
period1,sc01,t8468, 3.08500769821429E-02 , 2.08975643851718E-02 , 0.15005594117647 , 0.15005594117647 
period1,sc01,t8469, 4.72895253688811E-02 , 3.44233839185185E-02 , 0.146315230392157 , 0.146315230392157 
period1,sc01,t8470, 3.04815850454546E-02 , 2.69551296518519E-02 , 0.15409056495098 , 0.15409056495098 
period1,sc01,t8471, 5.59742472727272E-02 , 0.022094615125 , 0.151047122656863 , 0.151047122656863 
period1,sc01,t8472, 4.26597201360544E-02 , 3.06756097222222E-02 , 0.142721582980393 , 0.142721582980393 
period1,sc01,t8473, 1.24781393669565E-02 , 1.65254048506151E-02 , 0.132951830588235 , 0.132951830588235 
period1,sc01,t8474, 1.17758672387543E-02 , 1.36075787697715E-02 , 0.131653070660792 , 0.131653070660792 
period1,sc01,t8475, 1.07158106853147E-02 , 1.42784823725136E-02 , 0.134099985903084 , 0.134099985903084 
period1,sc01,t8476, 1.24416165034965E-02 , 1.18472255768536E-02 , 0.134748461674009 , 0.134748461674009 
period1,sc01,t8477, 1.08842317342657E-02 , 1.66699738769772E-02 , 0.134935799118943 , 0.134935799118943 
period1,sc01,t8478, 1.41023414545454E-02 , 1.35440693815551E-02 , 0.134503481938326 , 0.134503481938326 
period1,sc01,t8479, 2.93048894285714E-02 , 1.67154573598553E-02 , 0.134667966728972 , 0.134667966728972 
period1,sc01,t8480, 3.99390453846154E-02 , 1.89467060808436E-02 , 0.121678449345794 , 0.121678449345794 
period1,sc01,t8481, 4.47867693426573E-02 , 1.83941089912127E-02 , 0.122935116862745 , 0.122935116862745 
period1,sc01,t8482, 2.41110334519573E-02 , 1.54111655254833E-02 , 0.120559515514018 , 0.120559515514018 
period1,sc01,t8483, 3.43277173566433E-02 , 1.52810074094904E-02 , 0.120882648479263 , 0.120882648479263 
period1,sc01,t8484, 2.41723506666666E-02 , 1.19421672766727E-02 , 0.122113590280374 , 0.122113590280374 
period1,sc01,t8485, 3.81614074405595E-02 , 1.78186690755711E-02 , 0.110643943225806 , 0.110643943225806 
period1,sc01,t8486, 2.41723506666666E-02 , 1.78417418629174E-02 , 0.108386720704846 , 0.108386720704846 
period1,sc01,t8487, 3.66756983252595E-02 , 1.65607506980109E-02 , 0.10710475615859 , 0.10710475615859 
period1,sc01,t8488, 3.82172219047619E-02 , 1.49895470666666E-02 , 0.112382126953271 , 0.112382126953271 
period1,sc01,t8489, 3.17011546938776E-02 , 1.21070347252747E-02 , 0.110908965981309 , 0.110908965981309 
period1,sc01,t8490, 2.36158757823129E-02 , 1.21620792888889E-02 , 0.109719105196262 , 0.109719105196262 
period1,sc01,t8491, 2.41676404353742E-02 , 1.19960563037975E-02 , 0.105886486343612 , 0.105886486343612 
period1,sc01,t8492, 2.41723506666666E-02 , 0.013666218910369 , 0.113699880448598 , 0.113699880448598 
period1,sc01,t8493, 2.35737998601399E-02 , 1.65525546962963E-02 , 0.113472832672897 , 0.113472832672897 
period1,sc01,t8494, 1.51348282517482E-02 , 1.35480918336347E-02 , 0.113756642392524 , 0.113756642392524 
period1,sc01,t8495, 2.82411703652174E-02 , 1.45073024956063E-02 , 0.118467883738318 , 0.118467883738318 
period1,sc01,t8496, 2.41136400715564E-02 , 2.15815455746925E-02 , 0.122728368470589 , 0.122728368470589 
period1,sc01,t8497, 1.05936267576792E-02 , 0.020836144028933 , 0.114411823529411 , 0.114411823529411 
period1,sc01,t8498, 9.71803551005484E-03 , 0.016248419124774 , 0.111939181176471 , 0.111939181176471 
period1,sc01,t8499, 9.63134463195691E-03 , 1.91113200702988E-02 , 0.115887070588235 , 0.115887070588235 
period1,sc01,t8500, 8.24833638225255E-03 , 1.51429156274166E-02 , 0.118051835294118 , 0.118051835294118 
period1,sc01,t8501, 1.06679637542662E-02 , 0.017336965641953 , 0.114849587058824 , 0.114849587058824 
period1,sc01,t8502, 9.03158186471664E-03 , 1.84735606326889E-02 , 0.114993904705882 , 0.114993904705882 
period1,sc01,t8503, 1.67261963822525E-02 , 1.69965956274166E-02 , 0.115460112149533 , 0.115460112149533 
period1,sc01,t8504, 2.30420499658703E-02 , 1.84505644991212E-02 , 0.115213908941176 , 0.115213908941176 
period1,sc01,t8505, 1.93108723549488E-02 , 1.64266689620253E-02 , 0.124043102235294 , 0.124043102235294 
period1,sc01,t8506, 1.72544441666666E-02 , 1.78649296309314E-02 , 9.76837603686636E-02 , 9.76837603686636E-02 
period1,sc01,t8507, 2.30582384982935E-02 , 1.57755392618629E-02 , 0.109168282352942 , 0.109168282352942 
period1,sc01,t8508, 2.30366537883959E-02 , 1.51368216520211E-02 , 0.118293114018691 , 0.118293114018691 
period1,sc01,t8509, 2.30420499658703E-02 , 1.54710321265378E-02 , 0.115984351372549 , 0.115984351372549 
period1,sc01,t8510, 2.30312576109215E-02 , 1.55572676274166E-02 , 0.116106219607843 , 0.116106219607843 
period1,sc01,t8511, 2.30690308532423E-02 , 1.54089425659051E-02 , 0.116654626666666 , 0.116654626666666 
period1,sc01,t8512, 2.30366537883959E-02 , 1.48104122242315E-02 , 0.108451897345794 , 0.108451897345794 
period1,sc01,t8513, 2.30474461433447E-02 , 1.13174513181019E-02 , 0.111503021176471 , 0.111503021176471 
period1,sc01,t8514, 2.30262521911263E-02 , 1.23053118842676E-02 , 0.098321469906542 , 0.098321469906542 
period1,sc01,t8515, 2.30312576109215E-02 , 1.10609677750439E-02 , 0.115282005490197 , 0.115282005490197 
period1,sc01,t8516, 2.30420499658703E-02 , 1.05786047100176E-02 , 0.118973864705882 , 0.118973864705882 
period1,sc01,t8517, 2.30312576109215E-02 , 1.10648387908611E-02 , 0.111592070509803 , 0.111592070509803 
period1,sc01,t8518, 1.23070805733789E-02 , 0.010564807029877 , 0.117170103925233 , 0.117170103925233 
period1,sc01,t8519, 2.19149931740614E-02 , 1.15690481827768E-02 , 0.1142194 , 0.1142194 
period1,sc01,t8520, 1.72662793174061E-02 , 1.30618038664323E-02 , 0.101503411764706 , 0.101503411764706 
period1,sc01,t8521, 1.40186817602862E-02 , 1.87571796133567E-02 , 0.119495611214953 , 0.119495611214953 
period1,sc01,t8522, 1.39734662468694E-02 , 1.86517806678383E-02 , 0.116203928 , 0.116203928 
period1,sc01,t8523, 1.21242151985428E-02 , 1.83450697363797E-02 , 0.124928303921569 , 0.124928303921569 
period1,sc01,t8524, 1.16290477280859E-02 , 1.85827922671353E-02 , 0.114914402616822 , 0.114914402616822 
period1,sc01,t8525, 1.55222519727892E-02 , 1.73901361265378E-02 , 0.129143448235294 , 0.129143448235294 
period1,sc01,t8526, 1.53123174955277E-02 , 1.77744781722319E-02 , 0.136709220705882 , 0.136709220705882 
period1,sc01,t8527, 2.84952175373666E-02 , 1.88202273462214E-02 , 0.139734250467289 , 0.139734250467289 
period1,sc01,t8528, 3.25934264480874E-02 , 1.78250696660809E-02 , 0.1406616 , 0.1406616 
period1,sc01,t8529, 3.20741452593918E-02 , 1.78480657996485E-02 , 0.140811262745098 , 0.140811262745098 
period1,sc01,t8530, 2.79544619105546E-02 , 0.017199383198594 , 0.138790815686274 , 0.138790815686274 
period1,sc01,t8531, 3.16898719141324E-02 , 1.71909512829526E-02 , 0.148204602352942 , 0.148204602352942 
period1,sc01,t8532, 2.29512510204082E-02 , 0.016724129771529 , 0.16356 , 0.16356 
period1,sc01,t8533, 3.22031466666666E-02 , 1.72035991564148E-02 , 0.143580023529411 , 0.143580023529411 
period1,sc01,t8534, 2.86807988251748E-02 , 1.69324364147627E-02 , 0.145172862745098 , 0.145172862745098 
period1,sc01,t8535, 0.031706106 , 2.55533036203866E-02 , 0.145987562588235 , 0.145987562588235 
period1,sc01,t8536, 3.62799074829932E-02 , 2.53551536028119E-02 , 0.150212281121495 , 0.150212281121495 
period1,sc01,t8537, 3.85969703945579E-02 , 2.56372395079086E-02 , 0.153531527058824 , 0.153531527058824 
period1,sc01,t8538, 2.29512510204082E-02 , 1.22005986643234E-02 , 0.164457976470589 , 0.164457976470589 
period1,sc01,t8539, 3.48052712925171E-02 , 1.22530681757469E-02 , 0.153938823529411 , 0.153938823529411 
period1,sc01,t8540, 2.77727476190476E-02 , 1.23750243374341E-02 , 0.156103588235294 , 0.156103588235294 
period1,sc01,t8541, 3.35186734693877E-02 , 1.28500861300527E-02 , 0.146462367647058 , 0.146462367647058 
period1,sc01,t8542, 2.75766353846154E-02 , 1.29297677328647E-02 , 0.150722891843137 , 0.150722891843137 
period1,sc01,t8543, 2.82434276636852E-02 , 1.29121756906854E-02 , 0.139688792156863 , 0.139688792156863 
period1,sc01,t8544, 1.66876951048951E-02 , 1.31362730123023E-02 , 0.128851498980392 , 0.128851498980392 
period1,sc01,t8545, 1.76903739585457E-02 , 1.26961453651686E-02 , 0.109634890044843 , 0.109634890044843 
period1,sc01,t8546, 1.52130443493034E-02 , 0.0119416 , 0.110013146188341 , 0.110013146188341 
period1,sc01,t8547, 1.54929100373768E-02 , 0.0119416 , 0.111364060986547 , 0.111364060986547 
period1,sc01,t8548, 1.40158595718655E-02 , 1.27127266853933E-02 , 0.112444792825112 , 0.112444792825112 
period1,sc01,t8549, 2.59887401970778E-02 , 1.34941452247191E-02 , 0.115092585829597 , 0.115092585829597 
period1,sc01,t8550, 0.0200300024193 , 1.33239103370787E-02 , 0.106392694529148 , 0.106392694529148 
period1,sc01,t8551, 3.26990245056066E-02 , 1.34762297752809E-02 , 0.111130097147982 , 0.111130097147982 
period1,sc01,t8552, 3.41381497379912E-02 , 1.35040558988764E-02 , 0.113197653991031 , 0.113197653991031 
period1,sc01,t8553, 3.43710440095141E-02 , 1.36759679775281E-02 , 0.10339590303139 , 0.10339590303139 
period1,sc01,t8554, 2.55459694323144E-02 , 1.27007195224719E-02 , 0.111562779336323 , 0.111562779336323 
period1,sc01,t8555, 0.031324379621543 , 1.27399810393258E-02 , 0.111292352968609 , 0.111292352968609 
period1,sc01,t8556, 2.53909224464832E-02 , 1.25081856179776E-02 , 0.103774499946188 , 0.103774499946188 
period1,sc01,t8557, 3.03314289067412E-02 , 0.012692714747191 , 0.113981184573991 , 0.113981184573991 
period1,sc01,t8558, 3.03001901358113E-02 , 1.25042213483146E-02 , 0.10688963644843 , 0.10688963644843 
period1,sc01,t8559, 3.08397991198044E-02 , 1.30665568117978E-02 , 0.105428019659193 , 0.105428019659193 
period1,sc01,t8560, 3.44710230527419E-02 , 1.27226373595505E-02 , 0.105969359210762 , 0.105969359210762 
period1,sc01,t8561, 3.79411482432891E-02 , 1.27155855337079E-02 , 0.106779713363229 , 0.106779713363229 
period1,sc01,t8562, 3.13728440366972E-02 , 1.27085337078652E-02 , 0.10883845883408 , 0.10883845883408 
period1,sc01,t8563, 3.33235488277268E-02 , 1.32892229775281E-02 , 0.103266166529148 , 0.103266166529148 
period1,sc01,t8564, 2.58850862385321E-02 , 1.31991120786516E-02 , 0.115230183093596 , 0.115230183093596 
period1,sc01,t8565, 3.16551443017329E-02 , 0.013252553483146 , 0.102561159390135 , 0.102561159390135 
period1,sc01,t8566, 2.50673306182326E-02 , 1.32783212359551E-02 , 0.11508859393722 , 0.11508859393722 
period1,sc01,t8567, 2.98569878899083E-02 , 1.19713204587496E-02 , 0.114455717123153 , 0.114455717123153 
period1,sc01,t8568, 2.51142544743277E-02 , 1.34039580898877E-02 , 0.118685492807882 , 0.118685492807882 
period1,sc01,t8569, 1.20281014793402E-02 , 1.17417663877774E-02 , 0.121614244094489 , 0.121614244094489 
period1,sc01,t8570, 1.20771414705346E-02 , 1.32418722358722E-02 , 0.124210625429554 , 0.124210625429554 
period1,sc01,t8571, 1.32673511647679E-02 , 1.31765496665497E-02 , 0.110975649373882 , 0.110975649373882 
period1,sc01,t8572, 1.32693933684748E-02 , 1.32137683397683E-02 , 0.109244656207978 , 0.109244656207978 
period1,sc01,t8573, 1.60539899288451E-02 , 1.27419374317934E-02 , 0.124338136759981 , 0.124338136759981 
period1,sc01,t8574, 1.20005627530364E-02 , 1.19664680589681E-02 , 0.12745797642015 , 0.12745797642015 
period1,sc01,t8575, 2.59019503485802E-02 , 1.13620233539469E-02 , 0.127851566466411 , 0.127851566466411 
period1,sc01,t8576, 2.97580473508185E-02 , 1.49745913653913E-02 , 0.10601616414164 , 0.10601616414164 
period1,sc01,t8577, 2.88169301883472E-02 , 1.57984722709723E-02 , 0.107212232451815 , 0.107212232451815 
period1,sc01,t8578, 2.17906534060905E-02 , 1.50098351702352E-02 , 0.106897334050179 , 0.106897334050179 
period1,sc01,t8579, 2.70056050671655E-02 , 1.49891750087751E-02 , 0.106445904107143 , 0.106445904107143 
period1,sc01,t8580, 2.08942460805986E-02 , 1.36311871533872E-02 , 0.127083172613203 , 0.127083172613203 
period1,sc01,t8581, 2.41190960746348E-02 , 1.49967706563707E-02 , 0.104377572624323 , 0.104377572624323 
period1,sc01,t8582, 2.37551471571907E-02 , 1.50304953316953E-02 , 0.108108901033973 , 0.108108901033973 
period1,sc01,t8583, 2.41190960746348E-02 , 1.50262417690418E-02 , 9.93873500672345E-02 , 9.93873500672345E-02 
period1,sc01,t8584, 2.41256010882503E-02 , 1.74576465426465E-02 , 9.94373034513671E-02 , 9.94373034513671E-02 
period1,sc01,t8585, 2.55772951538854E-02 , 1.50326221130221E-02 , 9.93873500672345E-02 , 9.93873500672345E-02 
period1,sc01,t8586, 2.05400249277334E-02 , 1.50092275184275E-02 , 0.105532101299866 , 0.105532101299866 
period1,sc01,t8587, 2.35343094525612E-02 , 1.49424617760618E-02 , 0.100723491875923 , 0.100723491875923 
period1,sc01,t8588, 2.21263388539364E-02 , 1.49887503819571E-02 , 0.10041023929099 , 0.10041023929099 
period1,sc01,t8589, 2.27867617752083E-02 , 0.012834023938224 , 0.11161146149645 , 0.11161146149645 
period1,sc01,t8590, 2.06450972283626E-02 , 1.48808230958231E-02 , 9.99403604135893E-02 , 9.99403604135893E-02 
period1,sc01,t8591, 0.012718476721646 , 0.0144988 , 0.110431329694323 , 0.110431329694323 
period1,sc01,t8592, 1.51363171229383E-02 , 0.013064285995086 , 0.107091895617922 , 0.107091895617922 
period1,sc01,t8593, 1.53363198238637E-02 , 2.21726126496129E-02 , 8.94336831838565E-02 , 8.94336831838565E-02 
period1,sc01,t8594, 1.14088070833333E-02 , 1.55992538284519E-02 , 8.97050320627802E-02 , 8.97050320627802E-02 
period1,sc01,t8595, 1.42309223722627E-02 , 1.62671426287065E-02 , 9.14687997757847E-02 , 9.14687997757847E-02 
period1,sc01,t8596, 1.46119027653061E-02 , 1.49300676605421E-02 , 8.67723700960591E-02 , 8.67723700960591E-02 
period1,sc01,t8597, 1.49755409183674E-02 , 1.86803250955066E-02 , 8.75405187192118E-02 , 8.75405187192118E-02 
period1,sc01,t8598, 1.36813798813869E-02 , 2.76627483409132E-02 , 8.24731118226602E-02 , 8.24731118226602E-02 
period1,sc01,t8599, 2.51617898339416E-02 , 2.19973600191014E-02 , 9.12878448275863E-02 , 9.12878448275863E-02 
period1,sc01,t8600, 2.37811362896126E-02 , 1.64695319828998E-02 , 0.101294908866995 , 0.101294908866995 
period1,sc01,t8601, 2.47404097711268E-02 , 2.07039458986218E-02 , 0.105753767686099 , 0.105753767686099 
period1,sc01,t8602, 1.65817101642336E-02 , 1.55627899345097E-02 , 0.109501725621076 , 0.109501725621076 
period1,sc01,t8603, 2.37632349242958E-02 , 1.49643496179734E-02 , 0.108849906849776 , 0.108849906849776 
period1,sc01,t8604, 1.88882712738095E-02 , 1.87241277382833E-02 , 0.102874901446188 , 0.102874901446188 
period1,sc01,t8605, 0.023660335365317 , 1.88530085044761E-02 , 0.10120654862069 , 0.10120654862069 
period1,sc01,t8606, 0.023519083890845 , 1.79100830577497E-02 , 9.46293525517241E-02 , 9.46293525517241E-02 
period1,sc01,t8607, 2.35067184419014E-02 , 1.66400906599965E-02 , 0.102629893793103 , 0.102629893793103 
period1,sc01,t8608, 2.62718230633802E-02 , 2.13822579778831E-02 , 0.110187802188341 , 0.110187802188341 
period1,sc01,t8609, 2.33776441198979E-02 , 1.56770222590837E-02 , 0.107143267766816 , 0.107143267766816 
period1,sc01,t8610, 0.019892107477993 , 1.56640488309637E-02 , 0.107252001139013 , 0.107252001139013 
period1,sc01,t8611, 0.023392584377551 , 1.94711689667091E-02 , 0.129421146305418 , 0.129421146305418 
period1,sc01,t8612, 1.98230205306123E-02 , 1.31143623130798E-02 , 0.11807973608867 , 0.11807973608867 
period1,sc01,t8613, 2.31214545357142E-02 , 0.021613276040021 , 0.118678030768473 , 0.118678030768473 
period1,sc01,t8614, 2.02910549084508E-02 , 1.45494278533746E-02 , 0.105245376179372 , 0.105245376179372 
period1,sc01,t8615, 1.80109041707746E-02 , 1.89169964071312E-02 , 0.102467732762332 , 0.102467732762332 
period1,sc01,t8616, 1.64043855994525E-02 , 2.29219990521327E-02 , 9.63358763448276E-02 , 9.63358763448276E-02 
period1,sc01,t8617, 1.32412397916667E-02 , 1.45987003043478E-02 , 9.88969753363229E-02 , 9.88969753363229E-02 
period1,sc01,t8618, 1.26101565264599E-02 , 1.64256983861566E-02 , 9.73003779147982E-02 , 9.73003779147982E-02 
period1,sc01,t8619, 1.44214383229927E-02 , 2.06502705349717E-02 , 9.05578428251121E-02 , 9.05578428251121E-02 
period1,sc01,t8620, 0.011112924084507 , 1.37175920910747E-02 , 0.104893193596059 , 0.104893193596059 
period1,sc01,t8621, 1.47073305574818E-02 , 1.70673758196721E-02 , 9.62993612068965E-02 , 9.62993612068965E-02 
period1,sc01,t8622, 1.25838329087592E-02 , 1.35556937996219E-02 , 0.086710145320197 , 0.086710145320197 
period1,sc01,t8623, 2.43709376551095E-02 , 1.83734438870674E-02 , 0.109041546995516 , 0.109041546995516 
period1,sc01,t8624, 2.35232691197184E-02 , 1.83161688324226E-02 , 0.102595072914798 , 0.102595072914798 
period1,sc01,t8625, 0.023573644056338 , 1.68053060984183E-02 , 0.104060356860987 , 0.104060356860987 
period1,sc01,t8626, 0.016567970421655 , 1.36268180182149E-02 , 0.104426677847534 , 0.104426677847534 
period1,sc01,t8627, 2.33776441198979E-02 , 1.34461358870674E-02 , 0.104845330403587 , 0.104845330403587 
period1,sc01,t8628, 2.16882364964788E-02 , 1.34869566648452E-02 , 0.106101288071749 , 0.106101288071749 
period1,sc01,t8629, 2.35067184419014E-02 , 1.34441283078325E-02 , 0.103050403399015 , 0.103050403399015 
period1,sc01,t8630, 2.35343029049296E-02 , 1.38670646634446E-02 , 0.10440774453202 , 0.10440774453202 
period1,sc01,t8631, 2.38446756734154E-02 , 1.34374363770491E-02 , 0.103027195527094 , 0.103027195527094 
period1,sc01,t8632, 2.40904627508802E-02 , 1.50807938752197E-02 , 0.103350402403941 , 0.103350402403941 
period1,sc01,t8633, 2.35067184419014E-02 , 0.013518979521858 , 0.118562417241379 , 0.118562417241379 
period1,sc01,t8634, 1.94371833231292E-02 , 1.34798707451669E-02 , 0.110351774439462 , 0.110351774439462 
period1,sc01,t8635, 2.46224243644366E-02 , 1.35759618347979E-02 , 9.45301965919283E-02 , 9.45301965919283E-02 
period1,sc01,t8636, 0.019181600170068 , 0.013474241996357 , 0.103647633497537 , 0.103647633497537 
period1,sc01,t8637, 2.41519095202464E-02 , 0.013382374370826 , 0.115759369955157 , 0.115759369955157 
period1,sc01,t8638, 2.64128318877551E-02 , 1.34165949525483E-02 , 0.106320783950617 , 0.106320783950617 
period1,sc01,t8639, 3.41902760915494E-02 , 1.93264628295255E-02 , 0.100284621231527 , 0.100284621231527 
period1,sc01,t8640, 3.20059670950704E-02 , 1.88940367377049E-02 , 0.110239128114754 , 0.110239128114754 
period1,sc01,t8641, 1.35598366513606E-02 , 1.69781181370826E-02 , 0.100379368965517 , 0.100379368965517 
period1,sc01,t8642, 1.09716155387324E-02 , 1.10838982952549E-02 , 0.103979782857143 , 0.103979782857143 
period1,sc01,t8643, 1.08861417508802E-02 , 1.62480917205624E-02 , 0.152045498789238 , 0.152045498789238 
period1,sc01,t8644, 1.15870255337592E-02 , 1.55709343936731E-02 , 0.145733730044843 , 0.145733730044843 
period1,sc01,t8645, 1.33985994795918E-02 , 1.55702127609841E-02 , 0.14264229103139 , 0.14264229103139 
period1,sc01,t8646, 1.09885466919014E-02 , 1.53255792794376E-02 , 0.164815370852018 , 0.164815370852018 
period1,sc01,t8647, 1.64967450191606E-02 , 1.55812651353251E-02 , 0.112630570344828 , 0.112630570344828 
period1,sc01,t8648, 2.44450087077464E-02 , 0.018710663271529 , 0.101664733901345 , 0.101664733901345 
period1,sc01,t8649, 2.92967076459854E-02 , 1.84042162530755E-02 , 9.81166080246914E-02 , 9.81166080246914E-02 
period1,sc01,t8650, 0.015706231796655 , 1.16938678207381E-02 , 0.104667984529148 , 0.104667984529148 
period1,sc01,t8651, 2.36957448086735E-02 , 0.010363177142355 , 0.136458028571428 , 0.136458028571428 
period1,sc01,t8652, 0.023491157 , 1.12554339344263E-02 , 0.104011901704036 , 0.104011901704036 
period1,sc01,t8653, 2.27439235969388E-02 , 1.04385307873462E-02 , 0.128115026948087 , 0.128115026948087 
period1,sc01,t8654, 1.84808781964286E-02 , 0.010365531943761 , 0.125232733631147 , 0.125232733631147 
period1,sc01,t8655, 2.27439235969388E-02 , 1.18294588049209E-02 , 0.13704893168306 , 0.13704893168306 
period1,sc01,t8656, 2.27439235969388E-02 , 0.015592583374341 , 0.13978118797541 , 0.13978118797541 
period1,sc01,t8657, 2.27439235969388E-02 , 0.011661964059754 , 0.140241395991803 , 0.140241395991803 
period1,sc01,t8658, 1.60169485459184E-02 , 1.18214828646749E-02 , 0.112978688423645 , 0.112978688423645 
period1,sc01,t8659, 2.27439235969388E-02 , 1.05138844323374E-02 , 0.12933533989071 , 0.12933533989071 
period1,sc01,t8660, 1.56724221615646E-02 , 1.04032087662566E-02 , 0.125561090928962 , 0.125561090928962 
period1,sc01,t8661, 2.24976758078231E-02 , 1.04214204964851E-02 , 0.128638591803279 , 0.128638591803279 
period1,sc01,t8662, 1.41682172570422E-02 , 1.15624977882798E-02 , 0.134399034114583 , 0.134399034114583 
period1,sc01,t8663, 1.97120987653061E-02 , 1.56291587574692E-02 , 0.153573774439462 , 0.153573774439462 
period1,sc01,t8664, 1.35556651403061E-02 , 2.47726223806922E-02 , 0.155875878946188 , 0.155875878946188 
period1,sc01,t8665, 2.77246163880787E-02 , 2.60678893433989E-02 , 0.1275049 , 0.1275049 
period1,sc01,t8666, 2.13008407219487E-02 , 0.034669416397472 , 0.11958973817734 , 0.11958973817734 
period1,sc01,t8667, 2.33686513422635E-02 , 5.14579687938905E-02 , 0.132738056950672 , 0.132738056950672 
period1,sc01,t8668, 3.53818868884433E-02 , 2.65301014352177E-02 , 0.117140341928251 , 0.117140341928251 
period1,sc01,t8669, 3.72606572548305E-02 , 4.71362809928019E-02 , 0.108249286083744 , 0.108249286083744 
period1,sc01,t8670, 3.73478142681371E-02 , 2.64067184085323E-02 , 0.116500733856502 , 0.116500733856502 
period1,sc01,t8671, 4.28383909624499E-02 , 3.54723166467696E-02 , 0.115541321748879 , 0.115541321748879 
period1,sc01,t8672, 3.68981455164585E-02 , 3.20940043890449E-02 , 0.118206355381166 , 0.118206355381166 
period1,sc01,t8673, 4.20434008220926E-02 , 5.17377811622191E-02 , 0.11416477654321 , 0.11416477654321 
period1,sc01,t8674, 3.60963577360554E-02 , 0.036193706441048 , 0.112990845679012 , 0.112990845679012 
period1,sc01,t8675, 4.41241105504587E-02 , 2.82288772334425E-02 , 0.118753779012345 , 0.118753779012345 
period1,sc01,t8676, 3.59971267681371E-02 , 1.82673504839883E-02 , 0.118259656053812 , 0.118259656053812 
period1,sc01,t8677, 4.18947189092762E-02 , 1.95623589883551E-02 , 0.140187068228699 , 0.140187068228699 
period1,sc01,t8678, 3.64156773970106E-02 , 1.58878991684862E-02 , 0.132888973827161 , 0.132888973827161 
period1,sc01,t8679, 3.67987940220561E-02 , 2.85748065866084E-02 , 0.138310844670782 , 0.138310844670782 
period1,sc01,t8680, 0.035308558058389 , 2.85714642740175E-02 , 0.136361407962963 , 0.136361407962963 
period1,sc01,t8681, 0.037361218696908 , 2.83585393013101E-02 , 0.136056808477366 , 0.136056808477366 
period1,sc01,t8682, 3.57452629300035E-02 , 1.88283085007279E-02 , 0.131702592181069 , 0.131702592181069 
period1,sc01,t8683, 3.52472901512487E-02 , 0.018475301309134 , 0.135313318930042 , 0.135313318930042 
period1,sc01,t8684, 3.27871840910635E-02 , 0.017235303337882 , 0.129523705349795 , 0.129523705349795 
period1,sc01,t8685, 3.52250178227225E-02 , 3.46916116836376E-02 , 0.116538429176954 , 0.116538429176954 
period1,sc01,t8686, 3.01025748550857E-02 , 0.034896054930653 , 0.122872586995516 , 0.122872586995516 
period1,sc01,t8687, 3.51137387349617E-02 , 2.66422350561798E-02 , 0.122275571604938 , 0.122275571604938 
period1,sc01,t8688, 0.026475565406261 , 3.51292571980337E-02 , 0.120699857757847 , 0.120699857757847 
period1,sc01,t8689, 0.026880530985742 , 2.93501307820738E-02 , 0.135635472027973 , 0.135635472027973 
period1,sc01,t8690, 2.56281986396871E-02 , 2.82180030351493E-02 , 0.156195365517241 , 0.156195365517241 
period1,sc01,t8691, 2.56281986396871E-02 , 2.93718937047451E-02 , 0.158218069950739 , 0.158218069950739 
period1,sc01,t8692, 2.95233967352491E-02 , 2.56811982688928E-02 , 0.159326806032368 , 0.159326806032368 
period1,sc01,t8693, 3.31687509454174E-02 , 2.88447410254833E-02 , 0.158788282702702 , 0.158788282702702 
period1,sc01,t8694, 0.033685911986907 , 2.57362702372583E-02 , 0.141256473542601 , 0.141256473542601 
period1,sc01,t8695, 3.44944807692307E-02 , 2.60832236379614E-02 , 0.142070520179373 , 0.142070520179373 
period1,sc01,t8696, 3.36767435725217E-02 , 1.91181388664323E-02 , 0.140985124663677 , 0.140985124663677 
period1,sc01,t8697, 7.75774634670975E-02 , 3.21593708787346E-02 , 0.154481389655172 , 0.154481389655172 
period1,sc01,t8698, 5.18570294762796E-02 , 2.14693321089631E-02 , 0.153153467317074 , 0.153153467317074 
period1,sc01,t8699, 3.40511419290937E-02 , 2.42423006678383E-02 , 0.156175032014778 , 0.156175032014778 
period1,sc01,t8700, 3.84411910578231E-02 , 1.19872684797891E-02 , 0.15217481769306 , 0.15217481769306 
period1,sc01,t8701, 3.89462746760204E-02 , 1.59761881195079E-02 , 0.142274031838565 , 0.142274031838565 
period1,sc01,t8702, 0.039350819364796 , 1.58892123901582E-02 , 0.157568036620689 , 0.157568036620689 
period1,sc01,t8703, 5.14564855211699E-02 , 1.78421783304042E-02 , 0.1555992 , 0.1555992 
period1,sc01,t8704, 5.71535618338718E-02 , 1.75742247188049E-02 , 0.13132906872428 , 0.13132906872428 
period1,sc01,t8705, 5.20933871569461E-02 , 0.018975635400703 , 0.149793489548693 , 0.149793489548693 
period1,sc01,t8706, 4.51543489797653E-02 , 1.57082345079086E-02 , 0.154034265517241 , 0.154034265517241 
period1,sc01,t8707, 8.42507462421357E-02 , 1.58987075571177E-02 , 0.156493448275863 , 0.156493448275863 
period1,sc01,t8708, 7.78718081533753E-02 , 1.51789739015817E-02 , 0.159487583128079 , 0.159487583128079 
period1,sc01,t8709, 7.70705365073967E-02 , 2.08491078031635E-02 , 0.159085682810201 , 0.159085682810201 
period1,sc01,t8710, 3.01309373967012E-02 , 1.72866730826011E-02 , 0.152948702914799 , 0.152948702914799 
period1,sc01,t8711, 3.33441818483251E-02 , 2.43213004569421E-02 , 0.156418927586207 , 0.156418927586207 
period1,sc01,t8712, 2.56281986396871E-02 , 1.16652873681898E-02 , 0.143088078475336 , 0.143088078475336 
period1,sc01,t8713, 2.74625740145985E-02 , 2.65403756648451E-02 , 0.11078443222383 , 0.11078443222383 
period1,sc01,t8714, 2.13553922253521E-02 , 2.61839202530756E-02 , 0.108553261102977 , 0.108553261102977 
period1,sc01,t8715, 0.026522621971831 , 2.62251313040422E-02 , 0.107296103937008 , 0.107296103937008 
period1,sc01,t8716, 2.27980310204082E-02 , 3.38683365905097E-02 , 0.108091301624815 , 0.108091301624815 
period1,sc01,t8717, 3.02780971267606E-02 , 0.025968664745167 , 0.1114048 , 0.1114048 
period1,sc01,t8718, 3.52677769014084E-02 , 2.93724542425307E-02 , 0.111967104565538 , 0.111967104565538 
period1,sc01,t8719, 8.27501257142858E-02 , 2.57578763022847E-02 , 0.132945130762332 , 0.132945130762332 
period1,sc01,t8720, 0.081586853877551 , 2.08583423550088E-02 , 0.121155884001763 , 0.121155884001763 
period1,sc01,t8721, 8.01498710204082E-02 , 2.77756400702987E-02 , 0.128400896 , 0.128400896 
period1,sc01,t8722, 8.17579232653062E-02 , 2.25207178347979E-02 , 0.139268230481809 , 0.139268230481809 
period1,sc01,t8723, 8.34857240816327E-02 , 2.24687668189807E-02 , 0.138801807334963 , 0.138801807334963 
period1,sc01,t8724, 8.31435853061224E-02 , 1.46584362741652E-02 , 0.138147346930884 , 0.138147346930884 
period1,sc01,t8725, 7.69624620408163E-02 , 2.02521901441125E-02 , 0.131245852390057 , 0.131245852390057 
period1,sc01,t8726, 7.57255567891156E-02 , 2.32738269806678E-02 , 0.13260707013453 , 0.13260707013453 
period1,sc01,t8727, 7.68658170340136E-02 , 2.64899617293498E-02 , 0.132156829826898 , 0.132156829826898 
period1,sc01,t8728, 7.77313545578231E-02 , 2.04731710018215E-02 , 0.123793242690583 , 0.123793242690583 
period1,sc01,t8729, 7.58753436734694E-02 , 2.51472788051002E-02 , 0.130252564769162 , 0.130252564769162 
period1,sc01,t8730, 7.52900288435374E-02 , 1.43799606557377E-02 , 0.120524958024691 , 0.120524958024691 
period1,sc01,t8731, 8.96933355102041E-02 , 2.62684333216169E-02 , 0.124602260089686 , 0.124602260089686 
period1,sc01,t8732, 9.53367858503401E-02 , 1.46308563934427E-02 , 0.130480731838565 , 0.130480731838565 
period1,sc01,t8733, 9.47246149659864E-02 , 2.57502537785588E-02 , 0.121432967901235 , 0.121432967901235 
period1,sc01,t8734, 9.48585273469388E-02 , 2.32997129326048E-02 , 0.105540878923767 , 0.105540878923767 
period1,sc01,t8735, 9.25054955102041E-02 , 2.15009865209471E-02 , 0.11150665470852 , 0.11150665470852 
period1,sc01,t8736, 9.67906917006803E-02 , 1.81788590163934E-02 , 0.107308892689655 , 0.107308892689655 
