hour,FCRD_Up,FCRD_Down,FCRN_Up,FCRN_Down
2025-01-01 01:00:00,0.0,0.0,0.14000000000000057,0.06950000000000145
2025-01-01 02:00:00,0.0,0.0,0.2995000000000019,0.006499999999999062
2025-01-01 03:00:00,0.0,0.0,0.14800000000001035,0.021000000000000796
2025-01-01 04:00:00,0.0,0.0,0.49800000000000466,0.0010000000000012221
2025-01-01 05:00:00,0.0,0.0,0.12250000000000938,0.06250000000000355
2025-01-01 06:00:00,0.0,0.0012499999999997513,0.0009999999999976694,0.32899999999999635
2025-01-01 07:00:00,0.0,0.014874999999999083,0.03849999999999909,0.49350000000000166
2025-01-01 08:00:00,0.0,0.0,0.15849999999999653,0.03100000000000236
2025-01-01 09:00:00,0.0,0.0,0.08999999999999986,0.05600000000000094
2025-01-01 10:00:00,0.0,0.0,0.2959999999999887,0.08100000000000307
2025-01-01 11:00:00,0.0,0.0,0.4710000000000001,0.0
2025-01-01 12:00:00,0.0,0.0,0.28600000000000136,0.05250000000000199
2025-01-01 13:00:00,0.0,0.0,0.06250000000001066,0.06899999999999906
2025-01-01 14:00:00,0.0,0.0,0.08749999999999858,0.12699999999999534
2025-01-01 15:00:00,0.0,0.0,0.04549999999999699,0.2305000000000028
2025-01-01 16:00:00,0.0,0.008624999999999439,0.004000000000001336,0.5394999999999982
2025-01-01 17:00:00,0.0,0.0,0.11850000000000449,0.03049999999999997
2025-01-01 18:00:00,0.0,0.0,0.16000000000000014,0.013500000000000512
2025-01-01 19:00:00,0.0,0.0,0.04949999999999477,0.1405000000000065
2025-01-01 20:00:00,0.0,0.0,0.04299999999999571,0.2524999999999977
2025-01-01 21:00:00,0.0,0.0,0.10200000000000031,0.14450000000000074
2025-01-01 22:00:00,0.0,0.0,0.1340000000000039,0.016499999999997073
2025-01-01 23:00:00,0.0,0.0,0.03249999999999886,0.11850000000000094
2025-01-02 00:00:00,0.014124999999999943,0.0,0.19449999999999576,0.2625000000000064
2025-01-02 01:00:00,0.0,0.0,0.11149999999999238,0.029500000000002302
2025-01-02 02:00:00,0.0,0.0,0.07050000000000267,0.21650000000000347
2025-01-02 03:00:00,0.0,0.005499999999999616,0.08300000000000196,0.2870000000000054
2025-01-02 04:00:00,0.0,0.0,0.15050000000000807,0.0010000000000012221
2025-01-02 05:00:00,0.0,0.0,0.21649999999999991,0.02750000000000341
2025-01-02 06:00:00,0.0,0.0,0.1395000000000053,0.07900000000000063
2025-01-02 07:00:00,0.0,0.0,0.013500000000004064,0.19599999999999795
2025-01-02 08:00:00,0.0,0.0,0.058499999999998664,0.10299999999999798
2025-01-02 09:00:00,0.0,0.0,0.6524999999999999,0.0
2025-01-02 10:00:00,0.0,0.0,0.1550000000000047,0.06950000000000145
2025-01-02 11:00:00,0.0,0.0,0.06550000000000367,0.11250000000000071
2025-01-02 12:00:00,0.0,0.0,0.0010000000000012221,0.27649999999999864
2025-01-02 13:00:00,0.0,0.0,0.13349999999999795,0.02050000000000196
2025-01-02 14:00:00,0.0,0.0,0.21099999999999497,0.0015000000000000568
2025-01-02 15:00:00,0.0,0.0,0.4720000000000013,0.004000000000001336
2025-01-02 16:00:00,0.0,0.0,0.0259999999999998,0.19300000000000495
2025-01-02 17:00:00,0.0,0.0,0.04199999999999804,0.12500000000000355
2025-01-02 18:00:00,0.0,0.0,0.033500000000000085,0.17499999999999716
2025-01-02 19:00:00,0.0,0.0,0.1339999999999968,0.06000000000000938
2025-01-02 20:00:00,0.0,0.0,0.019000000000001904,0.21550000000000225
2025-01-02 21:00:00,0.0,0.0,0.13200000000000145,0.029000000000003467
2025-01-02 22:00:00,0.0,0.0,0.272000000000002,0.06850000000000378
2025-01-02 23:00:00,0.0,0.0,0.04649999999999821,0.3890000000000029
2025-01-03 00:00:00,0.0,0.0,0.06700000000000017,0.11600000000000321
2025-01-03 01:00:00,0.0,0.0,0.03900000000000148,0.20000000000000284
2025-01-03 02:00:00,0.0,0.0,0.0449999999999946,0.0934999999999988
2025-01-03 03:00:00,0.0,0.0,0.08950000000000813,0.11950000000000216
2025-01-03 04:00:00,0.0,0.0,0.015499999999999403,0.20200000000000884
2025-01-03 05:00:00,0.0,0.0,0.1735000000000042,0.029500000000002302
2025-01-03 06:00:00,0.0,0.0,0.18649999999999878,0.09299999999999642
2025-01-03 07:00:00,0.0,0.0,0.19700000000000273,0.07300000000000395
2025-01-03 08:00:00,0.0,0.0,0.09049999999999514,0.05499999999999616
2025-01-03 09:00:00,0.0,0.0,0.03200000000000003,0.13250000000000028
2025-01-03 10:00:00,0.0,0.0,0.16750000000000043,0.035000000000003695
2025-01-03 11:00:00,0.0,0.0,0.10000000000000497,0.06550000000000011
2025-01-03 12:00:00,0.0,0.0,0.11299999999999955,0.05950000000000344
2025-01-03 13:00:00,0.0,0.0,0.018000000000000682,0.3164999999999978
2025-01-03 14:00:00,0.0,0.0,0.07450000000000045,0.11950000000000571
2025-01-03 15:00:00,0.0,0.02737499999999926,0.08800000000000097,0.4895000000000003
2025-01-03 16:00:00,0.0,0.0,0.3135000000000048,0.0030000000000001137
2025-01-03 17:00:00,0.0,0.0,0.11550000000000082,0.1460000000000008
2025-01-03 18:00:00,0.0,0.0,0.18300000000000338,0.0045000000000001705
2025-01-03 19:00:00,0.0,0.0,0.09900000000000375,0.09600000000000364
2025-01-03 20:00:00,0.0,0.0,0.19099999999999184,0.026000000000003354
2025-01-03 21:00:00,0.0,0.0,0.13899999999999935,0.01950000000000429
2025-01-03 22:00:00,0.0,0.0,0.13149999999999906,0.13100000000000023
2025-01-03 23:00:00,0.0,0.0,0.337499999999995,0.0
2025-01-04 00:00:00,0.029124999999998735,0.0,0.5109999999999992,0.18849999999999767
2025-01-04 01:00:00,0.0,0.0,0.008500000000001506,0.2615000000000052
2025-01-04 02:00:00,0.0,0.0,0.05000000000000071,0.06699999999999662
2025-01-04 03:00:00,0.0,0.0,0.0954999999999977,0.01799999999999713
2025-01-04 04:00:00,0.0,0.0,0.17199999999999704,0.024499999999999744
2025-01-04 05:00:00,0.0,0.0,0.0400000000000027,0.07100000000000861
2025-01-04 06:00:00,0.0,0.0,0.04399999999999693,0.06150000000000233
2025-01-04 07:00:00,0.0,0.0,0.04350000000000165,0.2889999999999944
2025-01-04 08:00:00,0.0,0.0,0.08799999999999741,0.027999999999998693
2025-01-04 09:00:00,0.0,0.0,0.25299999999999656,0.014500000000001734
2025-01-04 10:00:00,0.0,0.0,0.08050000000000423,0.06900000000000261
2025-01-04 11:00:00,0.0,0.0,0.002500000000001279,0.17150000000000531
2025-01-04 12:00:00,0.0,0.0,0.08650000000000091,0.036499999999996646
2025-01-04 13:00:00,0.0,0.0,0.25950000000000273,0.013999999999999346
2025-01-04 14:00:00,0.0,0.0,0.05849999999999511,0.16900000000000048
2025-01-04 15:00:00,0.0,0.0,0.06150000000000233,0.0779999999999994
2025-01-04 16:00:00,0.0,0.0,0.021999999999998465,0.1455000000000055
2025-01-04 17:00:00,0.0,0.0,0.07550000000000168,0.05250000000000199
2025-01-04 18:00:00,0.0,0.0,0.127000000000006,0.06899999999999551
2025-01-04 19:00:00,0.0,0.0,0.05099999999999838,0.05999999999999872
2025-01-04 20:00:00,0.0,0.0,0.028999999999999915,0.24699999999999633
2025-01-04 21:00:00,0.0,0.0,0.20300000000000296,0.023999999999997357
2025-01-04 22:00:00,0.0,0.0,0.012500000000002842,0.142000000000003
2025-01-04 23:00:00,0.0,0.0,0.08800000000000452,0.045999999999999375
2025-01-05 00:00:00,0.0,0.0,0.05000000000000426,0.08800000000000452
2025-01-05 01:00:00,0.0,0.0,0.03049999999999642,0.08049999999999713
2025-01-05 02:00:00,0.0,0.0,0.08750000000000213,0.031500000000001194
2025-01-05 03:00:00,0.0,0.0,0.3754999999999882,0.0
2025-01-05 04:00:00,0.0,0.0,0.10500000000000753,0.013500000000000512
2025-01-05 05:00:00,0.0,0.0,0.14600000000000435,0.009000000000003894
2025-01-05 06:00:00,0.0,0.0,0.017499999999998295,0.1635000000000062
2025-01-05 07:00:00,0.0,0.0,0.0004999999999988347,0.3585000000000065
2025-01-05 08:00:00,0.0,0.0,0.32949999999999235,0.025500000000000966
2025-01-05 09:00:00,0.0,0.0,0.023999999999997357,0.07349999999999568
2025-01-05 10:00:00,0.0,0.0,0.16250000000000497,0.02050000000000196
2025-01-05 11:00:00,0.0,0.0,0.18750000000000355,0.023500000000002075
2025-01-05 12:00:00,0.0,0.0,0.07350000000000279,0.04450000000000287
2025-01-05 13:00:00,0.0,0.0,0.02500000000000213,0.10650000000000759
2025-01-05 14:00:00,0.0,0.0,0.03399999999999892,0.06750000000000611
2025-01-05 15:00:00,0.0,0.0,0.051000000000005485,0.07350000000000279
2025-01-05 16:00:00,0.0,0.0,0.1385000000000005,0.0470000000000006
2025-01-05 17:00:00,0.0,0.0,0.041499999999999204,0.19550000000000267
2025-01-05 18:00:00,0.0,0.0,0.02049999999999841,0.137000000000004
2025-01-05 19:00:00,0.0,0.0,0.059499999999999886,0.07499999999999929
2025-01-05 20:00:00,0.0,0.0,0.18250000000000455,0.11749999999999972
2025-01-05 21:00:00,0.0,0.0,0.13450000000000273,0.055999999999997385
2025-01-05 22:00:00,0.0,0.0,0.0555000000000021,0.2175000000000047
2025-01-05 23:00:00,0.0,0.005999999999999339,0.05350000000000321,0.2659999999999968
2025-01-06 00:00:00,0.0,0.0,0.04050000000000509,0.15400000000000347
2025-01-06 01:00:00,0.0,0.0,0.06949999999999434,0.06850000000000378
2025-01-06 02:00:00,0.0,0.0,0.37849999999999895,0.05099999999999838
2025-01-06 03:00:00,0.0,0.0,0.030500000000007077,0.061499999999995225
2025-01-06 04:00:00,0.0,0.0,0.029999999999997584,0.11050000000000537
2025-01-06 05:00:00,0.0,0.0,0.03400000000000247,0.07600000000000762
2025-01-06 06:00:00,0.0,0.0,0.09499999999999886,0.19950000000000045
2025-01-06 07:00:00,0.004624999999999879,0.0,0.4670000000000016,0.006499999999999062
2025-01-06 08:00:00,0.0,0.0,0.07299999999999329,0.06999999999999673
2025-01-06 09:00:00,0.0,0.0,0.03950000000000031,0.1374999999999993
2025-01-06 10:00:00,0.0,0.0,0.0625,0.0890000000000093
2025-01-06 11:00:00,0.0,0.0,0.04949999999999832,0.029999999999997584
2025-01-06 12:00:00,0.0,0.0,0.04749999999999943,0.07849999999999824
2025-01-06 13:00:00,0.0,0.0,0.07600000000000406,0.04949999999999832
2025-01-06 14:00:00,0.0,0.0,0.026000000000003354,0.08699999999999619
2025-01-06 15:00:00,0.0,0.0,0.13299999999999912,0.03950000000000031
2025-01-06 16:00:00,0.0,0.0,0.2835000000000072,0.02050000000000196
2025-01-06 17:00:00,0.0,0.0,0.1130000000000031,0.03100000000000236
2025-01-06 18:00:00,0.00012499999999970868,0.0,0.2785000000000039,0.11599999999999966
2025-01-06 19:00:00,0.0,0.0,0.06299999999999883,0.17400000000000304
2025-01-06 20:00:00,0.0,0.0004999999999997229,0.04499999999999815,0.30250000000000127
2025-01-06 21:00:00,0.0,0.0,0.0004999999999988347,0.577499999999997
2025-01-06 22:00:00,0.0,0.0,0.2879999999999967,0.11850000000000094
2025-01-06 23:00:00,0.0,0.0,0.033500000000000085,0.16500000000000625
2025-01-07 00:00:00,0.0,0.0,0.02699999999999747,0.25350000000000605
2025-01-07 01:00:00,0.0,0.0,0.34349999999998815,0.0
2025-01-07 02:00:00,0.0,0.0,0.24250000000000682,0.06149999999999878
2025-01-07 03:00:00,0.0,0.0,0.023999999999997357,0.20999999999999375
2025-01-07 04:00:00,0.0,0.0,0.15899999999999892,0.041499999999999204
2025-01-07 05:00:00,0.0,0.0,0.14150000000000063,0.2879999999999967
2025-01-07 06:00:00,0.0,0.0,0.2829999999999977,0.0884999999999998
2025-01-07 07:00:00,0.0,0.0,0.12099999999999511,0.0849999999999973
2025-01-07 08:00:00,0.0,0.0,0.050499999999999545,0.09750000000000014
2025-01-07 09:00:00,0.0,0.0,0.04200000000000159,0.21450000000000102
2025-01-07 10:00:00,0.0,0.0,0.10250000000000625,0.06449999999999889
2025-01-07 11:00:00,0.0,0.0,0.05699999999999861,0.07700000000000529
2025-01-07 12:00:00,0.0,0.0,0.03300000000000125,0.1269999999999989
2025-01-07 13:00:00,0.0,0.0,0.04100000000000392,0.05799999999999983
2025-01-07 14:00:00,0.0,0.0,0.07499999999999929,0.03550000000000253
2025-01-07 15:00:00,0.0,0.0,0.03100000000000236,0.18200000000000216
2025-01-07 16:00:00,0.0,0.0,0.07950000000000301,0.06800000000000139
2025-01-07 17:00:00,0.0,0.0,0.042500000000000426,0.17300000000000182
2025-01-07 18:00:00,0.0,0.0,0.036000000000001364,0.23049999999999926
2025-01-07 19:00:00,0.0,0.0,0.053000000000000824,0.17450000000000188
2025-01-07 20:00:00,0.0,0.0,0.05349999999999966,0.10749999999999815
2025-01-07 21:00:00,0.0,0.0,0.14650000000000674,0.028999999999999915
2025-01-07 22:00:00,0.0,0.0,0.11749999999999972,0.08400000000000318
2025-01-07 23:00:00,0.0,0.0,0.055500000000005656,0.14400000000000546
2025-01-08 00:00:00,0.0,0.0003750000000000142,0.0940000000000012,0.23400000000000104
2025-01-08 01:00:00,0.0,0.0,0.13900000000000645,0.01850000000000307
2025-01-08 02:00:00,0.0,0.0,0.0034999999999989484,0.14250000000000185
2025-01-08 03:00:00,0.0,0.0,0.17099999999999937,0.012999999999998124
2025-01-08 04:00:00,0.0,0.0,0.15050000000000097,0.016499999999997073
2025-01-08 05:00:00,0.0,0.0,0.12700000000000244,0.10499999999999332
2025-01-08 06:00:00,0.0,0.0,0.26250000000000284,0.02949999999999875
2025-01-08 07:00:00,0.0,0.0,0.247999999999994,0.029999999999997584
2025-01-08 08:00:00,0.0,0.0,0.0660000000000025,0.08699999999999619
2025-01-08 09:00:00,0.0,0.0,0.04049999999999798,0.07550000000000168
2025-01-08 10:00:00,0.0,0.0,0.11049999999999827,0.0625
2025-01-08 11:00:00,0.0,0.0,0.07200000000000273,0.07700000000000173
2025-01-08 12:00:00,0.0,0.0,0.069500000000005,0.03599999999999781
2025-01-08 13:00:00,0.0,0.0,0.06600000000000605,0.06250000000000355
2025-01-08 14:00:00,0.0,0.0,0.03049999999999997,0.16849999999999454
2025-01-08 15:00:00,0.0,0.0,0.06050000000000111,0.13849999999999696
2025-01-08 16:00:00,0.0003750000000000142,0.0,0.4534999999999975,0.0
2025-01-08 17:00:00,0.0,0.0,0.06050000000000111,0.06799999999999784
2025-01-08 18:00:00,0.0,0.0,0.08450000000000557,0.09499999999999886
2025-01-08 19:00:00,0.0,0.0,0.05600000000000804,0.06700000000000728
2025-01-08 20:00:00,0.0,0.0,0.06150000000000588,0.07350000000000634
2025-01-08 21:00:00,0.0,0.0,0.09100000000001174,0.04299999999999926
2025-01-08 22:00:00,0.0,0.0,0.04449999999999932,0.0940000000000012
2025-01-08 23:00:00,0.0,0.0,0.07850000000000179,0.1445000000000043
2025-01-09 00:00:00,0.0,0.0,0.32849999999999824,0.007999999999999119
2025-01-09 01:00:00,0.0007500000000000284,0.0,0.37250000000000866,0.010500000000000398
2025-01-09 02:00:00,0.0,0.0,0.0,0.3185000000000002
2025-01-09 03:00:00,0.0,0.0,0.016500000000000625,0.17400000000000304
2025-01-09 04:00:00,0.0,0.0,0.30399999999999494,0.012000000000000455
2025-01-09 05:00:00,0.0,0.0,0.3234999999999957,0.003999999999997783
2025-01-09 06:00:00,0.02762499999999779,0.0,0.6280000000000016,0.006999999999997897
2025-01-09 07:00:00,0.0,0.0,0.013500000000000512,0.37200000000000344
2025-01-09 08:00:00,0.0,0.0,0.004999999999999005,0.2560000000000002
2025-01-09 09:00:00,0.0,0.0,0.09650000000000603,0.08549999999999613
2025-01-09 10:00:00,0.0,0.0,0.0259999999999998,0.28699999999999903
2025-01-09 11:00:00,0.0,0.0,0.02850000000000108,0.3184999999999967
2025-01-09 12:00:00,0.0,0.0,0.1300000000000061,0.05950000000000344
2025-01-09 13:00:00,0.0,0.0,0.03049999999999997,0.09700000000000131
2025-01-09 14:00:00,0.0,0.0,0.08800000000000097,0.03549999999999898
2025-01-09 15:00:00,0.0,0.0,0.28749999999999787,0.010500000000000398
2025-01-09 16:00:00,0.0,0.0,0.02499999999999858,0.06300000000000239
2025-01-09 17:00:00,0.0,0.0,0.02949999999999875,0.11800000000000566
2025-01-09 18:00:00,0.0,0.0,0.10150000000000148,0.05549999999999855
2025-01-09 19:00:00,0.0,0.0,0.14650000000000318,0.18850000000000833
2025-01-09 20:00:00,0.0,0.007749999999998813,0.0,0.5155000000000036
2025-01-09 21:00:00,0.0,0.0,0.010499999999996845,0.3019999999999996
2025-01-09 22:00:00,0.0,0.0,0.11549999999999727,0.11350000000000549
2025-01-09 23:00:00,0.0,0.0,0.134999999999998,0.05099999999999838
2025-01-10 00:00:00,0.0,0.0,0.025499999999997414,0.15600000000000236
2025-01-10 01:00:00,0.0,0.0,0.08300000000000907,0.05600000000000449
2025-01-10 02:00:00,0.0,0.0,0.12300000000000111,0.011000000000002785
2025-01-10 03:00:00,0.0,0.0,0.06100000000000705,0.02900000000000702
2025-01-10 04:00:00,0.0,0.0,0.04549999999999699,0.05600000000000449
2025-01-10 05:00:00,0.0,0.0,0.050499999999999545,0.07899999999999707
2025-01-10 06:00:00,0.0,0.0,0.36700000000001154,0.025500000000000966
2025-01-10 07:00:00,0.0016249999999988773,0.0,0.5600000000000044,0.0
2025-01-10 08:00:00,0.0,0.0,0.009499999999999176,0.15000000000000213
2025-01-10 09:00:00,0.0,0.0,0.013000000000001677,0.13600000000000634
2025-01-10 10:00:00,0.0,0.0,0.021999999999998465,0.18250000000000455
2025-01-10 11:00:00,0.0,0.0,0.0019999999999988916,0.2260000000000062
2025-01-10 12:00:00,0.0,0.0,0.03149999999999764,0.15600000000000236
2025-01-10 13:00:00,0.0,0.0,0.2375000000000007,0.20250000000000057
2025-01-10 14:00:00,0.0,0.0,0.04749999999999588,0.1665000000000063
2025-01-10 15:00:00,0.0,0.0,0.016500000000004178,0.1925000000000061
2025-01-10 16:00:00,0.0,0.0,0.07549999999999812,0.06450000000000244
2025-01-10 17:00:00,0.0,0.0,0.15299999999998803,0.02750000000000341
2025-01-10 18:00:00,0.0,0.0,0.025500000000000966,0.16900000000000048
2025-01-10 19:00:00,0.0,0.0,0.05250000000000199,0.1214999999999975
2025-01-10 20:00:00,0.0,0.0,0.05000000000000071,0.20049999999999812
2025-01-10 21:00:00,0.0,0.0,0.05649999999999622,0.2579999999999991
2025-01-10 22:00:00,0.0,0.0011250000000000426,0.002500000000001279,0.43050000000000493
2025-01-10 23:00:00,0.0,0.0,0.0990000000000002,0.190499999999993
2025-01-11 00:00:00,0.0,0.006374999999999353,0.0,0.6184999999999953
2025-01-11 01:00:00,0.0,0.00012499999999970868,0.0,0.5215000000000061
2025-01-11 02:00:00,0.0,0.0,0.032000000000007134,0.12050000000000693
2025-01-11 03:00:00,0.0,0.0,0.1680000000000028,0.03699999999999548
2025-01-11 04:00:00,0.0,0.0,0.08050000000001134,0.04100000000000392
2025-01-11 05:00:00,0.0,0.0,0.23999999999999844,0.013500000000000512
2025-01-11 06:00:00,0.0,0.0,0.20949999999999847,0.004000000000001336
2025-01-11 07:00:00,0.0,0.0,0.11400000000000432,0.036999999999999034
2025-01-11 08:00:00,0.0,0.0,0.21400000000000574,0.006499999999999062
2025-01-11 09:00:00,0.0,0.0,0.1600000000000037,0.06750000000000611
2025-01-11 10:00:00,0.0,0.0,0.22149999999999181,0.002500000000001279
2025-01-11 11:00:00,0.0,0.0,0.1475000000000044,0.01699999999999946
2025-01-11 12:00:00,0.0,0.0,0.20400000000000063,0.012000000000000455
2025-01-11 13:00:00,0.0,0.0,0.02499999999999858,0.12750000000000128
2025-01-11 14:00:00,0.0,0.0,0.12100000000000222,0.17749999999999844
2025-01-11 15:00:00,0.0015000000000000568,0.0,0.3799999999999983,0.007500000000000284
2025-01-11 16:00:00,0.0,0.0,0.30700000000000216,0.05549999999999855
2025-01-11 17:00:00,0.0,0.0,0.29149999999999565,0.015499999999999403
2025-01-11 18:00:00,0.0,0.0,0.18499999999999872,0.028500000000004633
2025-01-11 19:00:00,0.0,0.0,0.05000000000000426,0.12450000000000827
2025-01-11 20:00:00,0.0,0.0,0.09600000000000364,0.04150000000000276
2025-01-11 21:00:00,0.0,0.0,0.03800000000000381,0.07600000000000406
2025-01-11 22:00:00,0.0,0.0,0.0,0.43400000000000105
2025-01-11 23:00:00,0.0,0.0,0.03500000000000014,0.23249999999999815
2025-01-12 00:00:00,0.0,0.0,0.06800000000000495,0.10849999999999937
2025-01-12 01:00:00,0.0,0.0,0.35300000000000153,0.027499999999999858
2025-01-12 02:00:00,0.0,0.0,0.0710000000000015,0.05350000000000321
2025-01-12 03:00:00,0.0,0.0,0.05999999999999872,0.08799999999999741
2025-01-12 04:00:00,0.0,0.0,0.060000000000002274,0.06150000000000233
2025-01-12 05:00:00,0.0,0.0,0.0015000000000000568,0.2524999999999942
2025-01-12 06:00:00,0.0,0.0,0.1445000000000043,0.047500000000002984
2025-01-12 07:00:00,0.0,0.0,0.14150000000000063,0.03550000000000253
2025-01-12 08:00:00,0.0,0.0,0.31899999999999906,0.0015000000000000568
2025-01-12 09:00:00,0.0,0.0,0.442499999999999,0.003999999999997783
2025-01-12 10:00:00,0.0,0.0,0.07249999999999801,0.10100000000000975
2025-01-12 11:00:00,0.0,0.0,0.03400000000000247,0.0849999999999973
2025-01-12 12:00:00,0.0,0.0,0.0019999999999988916,0.3069999999999986
2025-01-12 13:00:00,0.0,0.0,0.02850000000000108,0.1164999999999985
2025-01-12 14:00:00,0.0,0.0,0.07400000000000162,0.18400000000000105
2025-01-12 15:00:00,0.011374999999999247,0.0,0.5445,0.007999999999999119
2025-01-12 16:00:00,0.0030000000000001137,0.0,0.21899999999999692,0.06449999999999889
2025-01-12 17:00:00,0.0,0.0,0.014999999999997016,0.14250000000000185
2025-01-12 18:00:00,0.0,0.0,0.04400000000000048,0.09299999999999997
2025-01-12 19:00:00,0.0,0.0,0.021000000000000796,0.2609999999999957
2025-01-12 20:00:00,0.0,0.0,0.0,0.5240000000000116
2025-01-12 21:00:00,0.0,0.0,0.11400000000000432,0.055999999999997385
2025-01-12 22:00:00,0.0,0.0,0.11650000000000915,0.05099999999999838
2025-01-12 23:00:00,0.0,0.0,0.22749999999999915,0.06650000000000134
2025-01-13 00:00:00,0.0,0.0,0.09099999999999753,0.15349999999999753
2025-01-13 01:00:00,0.0,0.0011250000000000426,0.0779999999999994,0.4734999999999971
2025-01-13 02:00:00,0.0,0.0009999999999994458,0.0,0.6520000000000067
2025-01-13 03:00:00,0.0,0.0,0.02650000000000219,0.31450000000000244
2025-01-13 04:00:00,0.0009999999999994458,0.0,0.4985000000000028,0.0
2025-01-13 05:00:00,0.0,0.0,0.40800000000000125,0.0259999999999998
2025-01-13 06:00:00,0.0,0.0,0.19200000000000017,0.09850000000000136
2025-01-13 07:00:00,0.0,0.0,0.2949999999999946,0.05600000000000094
2025-01-13 08:00:00,0.0,0.0,0.10550000000000281,0.05750000000000455
2025-01-13 09:00:00,0.0,0.0,0.06550000000000011,0.07000000000000028
2025-01-13 10:00:00,0.0,0.0,0.07349999999999923,0.30600000000000094
2025-01-13 11:00:00,0.0,0.0,0.17299999999999827,0.037000000000002586
2025-01-13 12:00:00,0.0,0.0,0.0835000000000079,0.05150000000000432
2025-01-13 13:00:00,0.0,0.0,0.07199999999999918,0.125
2025-01-13 14:00:00,0.0,0.00137499999999946,0.0365000000000002,0.5075000000000024
2025-01-13 15:00:00,0.0,0.0011250000000000426,0.09949999999999903,0.32899999999999635
2025-01-13 16:00:00,0.0,0.0,0.19850000000000634,0.048500000000000654
2025-01-13 17:00:00,0.0,0.0,0.11550000000000438,0.037000000000002586
2025-01-13 18:00:00,0.0,0.0,0.15649999999999764,0.045000000000001705
2025-01-13 19:00:00,0.0,0.0,0.07899999999999707,0.21199999999999974
2025-01-13 20:00:00,0.0,0.0,0.08900000000000219,0.09550000000000836
2025-01-13 21:00:00,0.0,0.0,0.1504999999999974,0.09099999999999753
2025-01-13 22:00:00,0.0,0.021374999999998145,0.04900000000000304,0.4845000000000027
2025-01-13 23:00:00,0.0,0.0,0.09099999999999753,0.14450000000000074
2025-01-14 00:00:00,0.0,0.0,0.09199999999999164,0.0715000000000039
2025-01-14 01:00:00,0.0,0.0,0.19800000000000395,0.013000000000001677
2025-01-14 02:00:00,0.0,0.0,0.134999999999998,0.041499999999999204
2025-01-14 03:00:00,0.0,0.0,0.04299999999999926,0.07549999999999812
2025-01-14 04:00:00,0.0,0.0,0.19150000000000844,0.0034999999999989484
2025-01-14 05:00:00,0.0,0.0,0.14599999999999724,0.05900000000000105
2025-01-14 06:00:00,0.016874999999998863,0.0,0.48849999999999627,0.022000000000002018
2025-01-14 07:00:00,0.0,0.0,0.14250000000000185,0.1559999999999988
2025-01-14 08:00:00,0.0,0.0017499999999994742,0.11349999999999483,0.21549999999999442
2025-01-14 09:00:00,0.0,0.0,0.2380000000000031,0.049500000000001876
2025-01-14 10:00:00,0.0,0.0,0.03999999999999915,0.17000000000001236
2025-01-14 11:00:00,0.0,0.0,0.06350000000000122,0.21500000000000696
2025-01-14 12:00:00,0.0,0.0,0.11950000000000216,0.037000000000002586
2025-01-14 13:00:00,0.0,0.0,0.08850000000000335,0.10949999999999349
2025-01-14 14:00:00,0.0,0.0,0.012999999999998124,0.21750000000000114
2025-01-14 15:00:00,0.0,0.0036249999999995453,0.12199999999999989,0.4344999999999942
2025-01-14 16:00:00,0.0053749999999990195,0.0004999999999997229,0.6099999999999965,0.056499999999999065
2025-01-14 17:00:00,0.0,0.013874999999999638,0.03100000000000236,0.4335000000000022
2025-01-14 18:00:00,0.0,0.0,0.23799999999999955,0.1494999999999962
2025-01-14 19:00:00,0.0,0.0,0.41249999999999787,0.13100000000000023
2025-01-14 20:00:00,0.0,0.0,0.17099999999999937,0.05850000000000222
2025-01-14 21:00:00,0.0,0.0,0.12050000000000693,0.08350000000000435
2025-01-14 22:00:00,0.0,0.0,0.032500000000002416,0.1280000000000001
2025-01-14 23:00:00,0.0,0.0,0.07600000000000762,0.058499999999998664
2025-01-15 00:00:00,0.0,0.0,0.01950000000000074,0.2920000000000016
2025-01-15 01:00:00,0.0,0.0,0.13100000000000378,0.06800000000000139
2025-01-15 02:00:00,0.0,0.0,0.25200000000000244,0.01950000000000074
2025-01-15 03:00:00,0.0,0.0,0.2700000000000031,0.026499999999998636
2025-01-15 04:00:00,0.0,0.0,0.11550000000000082,0.08699999999999974
2025-01-15 05:00:00,0.0,0.0,0.17600000000000549,0.03100000000000236
2025-01-15 06:00:00,0.0,0.0,0.13300000000000267,0.10800000000000054
2025-01-15 07:00:00,0.0,0.0,0.011499999999998067,0.13449999999999562
2025-01-15 08:00:00,0.0,0.0,0.028999999999999915,0.2979999999999947
2025-01-15 09:00:00,0.0,0.0,0.049500000000001876,0.417500000000004
2025-01-15 10:00:00,0.0,0.0,0.08949999999999747,0.08500000000000085
2025-01-15 11:00:00,0.0,0.0,0.22199999999999775,0.0365000000000002
2025-01-15 12:00:00,0.0,0.0,0.2835000000000001,0.05150000000000432
2025-01-15 13:00:00,0.0,0.0,0.05100000000000193,0.17749999999999844
2025-01-15 14:00:00,0.0,0.0,0.2764999999999951,0.002500000000001279
2025-01-15 15:00:00,0.0,0.0,0.1650000000000027,0.03450000000000131
2025-01-15 16:00:00,0.0,0.0,0.28249999999999886,0.021000000000000796
2025-01-15 17:00:00,0.0,0.0,0.058499999999998664,0.06200000000000827
2025-01-15 18:00:00,0.0,0.0,0.1629999999999967,0.13450000000000273
2025-01-15 19:00:00,0.0,0.0,0.11049999999999471,0.11200000000000543
2025-01-15 20:00:00,0.0,0.0,0.14900000000000446,0.1810000000000045
2025-01-15 21:00:00,0.0,0.06087499999999846,0.07949999999999946,0.7429999999999971
2025-01-15 22:00:00,0.0,0.02687499999999865,0.01249999999999929,0.7889999999999979
2025-01-15 23:00:00,0.0,0.0,0.1910000000000025,0.24750000000000583
2025-01-16 00:00:00,0.0,0.0,0.07499999999999929,0.24299999999999855
2025-01-16 01:00:00,0.0004999999999997229,0.0,0.39050000000001645,0.004000000000001336
2025-01-16 02:00:00,0.0,0.0,0.0,0.29900000000000304
2025-01-16 03:00:00,0.0,0.0,0.1579999999999977,0.04449999999999932
2025-01-16 04:00:00,0.0,0.0,0.2205000000000048,0.012000000000000455
2025-01-16 05:00:00,0.0,0.0,0.29550000000000054,0.11149999999999594
2025-01-16 06:00:00,0.0,0.0,0.3569999999999993,0.06599999999999895
2025-01-16 07:00:00,0.0,0.0,0.12100000000000932,0.09550000000000125
2025-01-16 08:00:00,0.0,0.0,0.09100000000000108,0.07350000000000989
2025-01-16 09:00:00,0.0,0.0038749999999989626,0.05500000000000327,0.37200000000000133
2025-01-16 10:00:00,0.0,0.0,0.10800000000000054,0.023500000000002075
2025-01-16 11:00:00,0.0,0.0,0.05950000000000344,0.1025000000000027
2025-01-16 12:00:00,0.0,0.0,0.017499999999998295,0.25500000000000256
2025-01-16 13:00:00,0.0,0.0,0.14699999999999847,0.03200000000000003
2025-01-16 14:00:00,0.0,0.0,0.2129999999999974,0.013000000000001677
2025-01-16 15:00:00,0.0,0.0,0.4504999999999981,0.04899999999999949
2025-01-16 16:00:00,0.0,0.0,0.12250000000000227,0.08050000000000068
2025-01-16 17:00:00,0.0,0.0,0.09350000000000236,0.09249999999999758
2025-01-16 18:00:00,0.0,0.0,0.0815000000000019,0.04050000000000509
2025-01-16 19:00:00,0.0,0.0,0.03849999999999909,0.14849999999999497
2025-01-16 20:00:00,0.0,0.0,0.06299999999999883,0.10099999999999909
2025-01-16 21:00:00,0.0,0.0,0.0484999999999971,0.09149999999999991
2025-01-16 22:00:00,0.0,0.0,0.045999999999999375,0.14650000000000318
2025-01-16 23:00:00,0.0,0.0024999999999995026,0.021000000000000796,0.4740000000000066
2025-01-17 00:00:00,0.0,0.0,0.1265000000000036,0.11949999999999861
2025-01-17 01:00:00,0.0,0.0,0.05500000000000327,0.2455000000000105
2025-01-17 02:00:00,0.0,0.0,0.22250000000000014,0.0
2025-01-17 03:00:00,0.0,0.0,0.2149999999999963,0.0004999999999988347
2025-01-17 04:00:00,0.0,0.0,0.297500000000003,0.0015000000000000568
2025-01-17 05:00:00,0.0,0.0,0.2879999999999967,0.02699999999999747
2025-01-17 06:00:00,0.0,0.0,0.28600000000000136,0.10000000000000142
2025-01-17 07:00:00,0.015374999999999694,0.0,0.31349999999999556,0.03300000000000125
2025-01-17 08:00:00,0.0,0.0,0.029999999999997584,0.19500000000000028
2025-01-17 09:00:00,0.0,0.0,0.17450000000000898,0.19000000000000128
2025-01-17 10:00:00,0.0,0.0,0.0519999999999996,0.04350000000000165
2025-01-17 11:00:00,0.0,0.0,0.09700000000000131,0.3325000000000067
2025-01-17 12:00:00,0.0,0.010874999999999524,0.0,0.6970000000000077
2025-01-17 13:00:00,0.0,0.0,0.1025000000000027,0.2569999999999979
2025-01-17 14:00:00,0.0,0.0,0.1630000000000038,0.012999999999998124
2025-01-17 15:00:00,0.0,0.0,0.2464999999999975,0.0034999999999989484
2025-01-17 16:00:00,0.0,0.0,0.11250000000000426,0.05350000000000321
2025-01-17 17:00:00,0.0,0.0,0.06099999999999994,0.06449999999999889
2025-01-17 18:00:00,0.0,0.0,0.04650000000000176,0.17300000000000182
2025-01-17 19:00:00,0.0,0.0,0.2875000000000014,0.04499999999999815
2025-01-17 20:00:00,0.0017499999999994742,0.0,0.3585000000000022,0.12500000000000355
2025-01-17 21:00:00,0.0,0.0,0.14500000000000668,0.0505000000000031
2025-01-17 22:00:00,0.0,0.0,0.10600000000000165,0.11350000000000549
2025-01-17 23:00:00,0.0,0.0,0.2699999999999996,0.1109999999999971
2025-01-18 00:00:00,0.0003750000000000142,0.0,0.15900000000000175,0.08300000000000907
2025-01-18 01:00:00,0.0,0.0,0.1564999999999941,0.10549999999999926
2025-01-18 02:00:00,0.0,0.0,0.0045000000000001705,0.24550000000000338
2025-01-18 03:00:00,0.0,0.0,0.03550000000000253,0.06800000000000139
2025-01-18 04:00:00,0.0,0.0,0.06099999999999994,0.22850000000000037
2025-01-18 05:00:00,0.0,0.0,0.11000000000000298,0.14250000000000895
2025-01-18 06:00:00,0.0,0.0,0.20600000000000662,0.036999999999999034
2025-01-18 07:00:00,0.009999999999999787,0.0,0.3455000000000027,0.027000000000004576
2025-01-18 08:00:00,0.0,0.0,0.10650000000000048,0.10500000000000043
2025-01-18 09:00:00,0.0,0.0,0.1629999999999967,0.042500000000000426
2025-01-18 10:00:00,0.0,0.0,0.19099999999999895,0.08199999999999719
2025-01-18 11:00:00,0.0,0.0,0.07600000000000051,0.11900000000000688
2025-01-18 12:00:00,0.0,0.0,0.014500000000001734,0.23899999999999721
2025-01-18 13:00:00,0.0,0.0,0.05150000000000432,0.09700000000000486
2025-01-18 14:00:00,0.0,0.0,0.11000000000000298,0.03300000000000125
2025-01-18 15:00:00,0.0,0.0,0.18000000000000327,0.04900000000000304
2025-01-18 16:00:00,0.00137499999999946,0.0,0.2969999999999999,0.02949999999999875
2025-01-18 17:00:00,0.0,0.00024999999999941735,0.13150000000000617,0.34100000000000036
2025-01-18 18:00:00,0.0,0.0,0.01600000000000179,0.1444999999999972
2025-01-18 19:00:00,0.0034999999999998366,0.0,0.13500000000000084,0.24850000000000705
2025-01-18 20:00:00,0.0,0.0,0.05900000000000816,0.07250000000000512
2025-01-18 21:00:00,0.0,0.0,0.04850000000000776,0.06900000000000261
2025-01-18 22:00:00,0.0,0.0,0.04099999999999682,0.1264999999999965
2025-01-18 23:00:00,0.0,0.0,0.03200000000000358,0.3789999999999978
2025-01-19 00:00:00,0.0,0.0,0.0,0.5975000000000037
2025-01-19 01:00:00,0.0,0.0,0.06550000000000367,0.08699999999999619
2025-01-19 02:00:00,0.0,0.0,0.134999999999998,0.13599999999999923
2025-01-19 03:00:00,0.0,0.0,0.05600000000000449,0.15499999999999758
2025-01-19 04:00:00,0.0,0.0,0.08400000000000318,0.07750000000000412
2025-01-19 05:00:00,0.0,0.0,0.10000000000000497,0.10100000000000264
2025-01-19 06:00:00,0.0,0.0,0.13949999999999818,0.05950000000000344
2025-01-19 07:00:00,0.0,0.0,0.120000000000001,0.01300000000000523
2025-01-19 08:00:00,0.0,0.0,0.2879999999999967,0.004999999999999005
2025-01-19 09:00:00,0.0,0.0,0.1545000000000094,0.014500000000001734
2025-01-19 10:00:00,0.0,0.0,0.12750000000000128,0.08549999999999969
2025-01-19 11:00:00,0.0,0.0,0.11400000000000432,0.04749999999999943
2025-01-19 12:00:00,0.0,0.0,0.3115000000000059,0.010500000000000398
2025-01-19 13:00:00,0.0,0.0,0.08800000000000452,0.053000000000000824
2025-01-19 14:00:00,0.0,0.0,0.10300000000000509,0.05999999999999872
2025-01-19 15:00:00,0.0,0.0,0.16200000000000614,0.03249999999999886
2025-01-19 16:00:00,0.0,0.0,0.2749999999999986,0.027499999999999858
2025-01-19 17:00:00,0.0,0.0,0.10400000000000276,0.13850000000000406
2025-01-19 18:00:00,0.0,0.0,0.06650000000000134,0.05950000000000344
2025-01-19 19:00:00,0.0,0.0,0.10000000000000497,0.09649999999999892
2025-01-19 20:00:00,0.0,0.0,0.05500000000000327,0.09300000000000352
2025-01-19 21:00:00,0.0,0.0,0.03249999999999886,0.1424999999999983
2025-01-19 22:00:00,0.0,0.0011250000000000426,0.015000000000000568,0.3875000000000057
2025-01-19 23:00:00,0.0,0.0,0.0870000000000033,0.07599999999999696
2025-01-20 00:00:00,0.0,0.0,0.09250000000000114,0.06999999999999673
2025-01-20 01:00:00,0.0,0.0,0.12049999999999983,0.08450000000000202
2025-01-20 02:00:00,0.0,0.0,0.010000000000001563,0.22300000000000253
2025-01-20 03:00:00,0.0,0.0,0.010500000000000398,0.3484999999999978
2025-01-20 04:00:00,0.0,0.0,0.20850000000000435,0.05549999999999855
2025-01-20 05:00:00,0.0,0.0,0.09850000000000492,0.17400000000000304
2025-01-20 06:00:00,0.0036249999999995453,0.0,0.5204999999999991,0.027499999999999858
2025-01-20 07:00:00,0.0,0.0,0.05714285714285593,0.1628571428571541
2025-01-20 08:00:00,0.0,0.004499999999999282,0.05649999999999977,0.4594999999999999
2025-01-20 09:00:00,0.0,0.0,0.10500000000001108,0.017500000000001847
2025-01-20 10:00:00,0.0,0.0,0.20100000000000406,0.08450000000000202
2025-01-20 11:00:00,0.0,0.0,0.0715000000000039,0.21899999999999764
2025-01-20 12:00:00,0.0,0.0,0.11900000000000333,0.03350000000000364
2025-01-20 13:00:00,0.0,0.0,0.1504999999999974,0.03100000000000236
2025-01-20 14:00:00,0.0,0.0,0.06450000000000244,0.03450000000000131
2025-01-20 15:00:00,0.0,0.0,0.1504999999999974,0.02699999999999747
2025-01-20 16:00:00,0.0015000000000000568,0.0,0.27400000000000374,0.02650000000000219
2025-01-20 17:00:00,0.0,0.0,0.06050000000000111,0.08400000000000674
2025-01-20 18:00:00,0.0,0.0,0.04199999999999804,0.13100000000000733
2025-01-20 19:00:00,0.0,0.0,0.08500000000000796,0.05649999999999622
2025-01-20 20:00:00,0.0,0.0,0.13250000000000384,0.0765000000000029
2025-01-20 21:00:00,0.0,0.0,0.26750000000000185,0.006499999999999062
2025-01-20 22:00:00,0.0,0.0,0.2204999999999977,0.06350000000000122
2025-01-20 23:00:00,0.0,0.0,0.06700000000000017,0.10500000000000043
2025-01-21 00:00:00,0.0,0.0,0.029500000000002302,0.14550000000000907
2025-01-21 01:00:00,0.0,0.0,0.29449999999999577,0.04100000000000037
2025-01-21 02:00:00,0.0,0.0,0.16449999999999676,0.03850000000000264
2025-01-21 03:00:00,0.0,0.0,0.13100000000000378,0.004999999999999005
2025-01-21 04:00:00,0.0,0.0,0.022000000000002018,0.07549999999999457
2025-01-21 05:00:00,0.0,0.0,0.3500000000000014,0.02850000000000108
2025-01-21 06:00:00,0.0,0.0,0.25750000000000384,0.08899999999999508
2025-01-21 07:00:00,0.0,0.0,0.07949999999999946,0.2014999999999958
2025-01-21 08:00:00,0.0,0.0003750000000000142,0.012000000000000455,0.3600000000000058
2025-01-21 09:00:00,0.0,0.0,0.013684210526313814,0.3310526315789462
2025-01-21 10:00:00,0.0,0.0,0.07315789473684363,0.030000000000001137
2025-01-21 11:00:00,0.0,0.0,0.10000000000000142,0.021999999999998465
2025-01-21 12:00:00,0.0,0.0,0.05250000000000199,0.07600000000000406
2025-01-21 13:00:00,0.0,0.0,0.19150000000000134,0.06200000000000472
2025-01-21 14:00:00,0.0,0.0,0.006500000000002615,0.2240000000000073
2025-01-21 15:00:00,0.0,0.0,0.017500000000001847,0.1390000000000029
2025-01-21 16:00:00,0.0,0.0,0.0365000000000002,0.19900000000000517
2025-01-21 17:00:00,0.0,0.0,0.046999999999997044,0.08449999999999491
2025-01-21 18:00:00,0.0,0.0,0.022500000000004405,0.23050000000000637
2025-01-21 19:00:00,0.0,0.0,0.06750000000000256,0.07899999999999707
2025-01-21 20:00:00,0.0,0.0,0.053000000000000824,0.07650000000000645
2025-01-21 21:00:00,0.0,0.0,0.17449999999999832,0.11450000000000315
2025-01-21 22:00:00,0.0,0.0,0.023500000000002075,0.2840000000000096
2025-01-21 23:00:00,0.0,0.0,0.11750000000000327,0.054999999999999716
2025-01-22 00:00:00,0.0,0.0,0.03900000000000148,0.06350000000000122
2025-01-22 01:00:00,0.0,0.0,0.3279999999999994,0.0
2025-01-22 02:00:00,0.0,0.0,0.5300000000000047,0.021999999999998465
2025-01-22 03:00:00,0.0,0.0,0.0,0.33800000000000807
2025-01-22 04:00:00,0.0,0.0,0.011000000000002785,0.19250000000000256
2025-01-22 05:00:00,0.0,0.0,0.12600000000001188,0.04899999999999949
2025-01-22 06:00:00,0.0,0.0,0.21150000000000446,0.08599999999999852
2025-01-22 07:00:00,0.0,0.0,0.13250000000000028,0.06500000000000128
2025-01-22 08:00:00,0.0,0.0,0.09850000000000136,0.045000000000001705
2025-01-22 09:00:00,0.003749999999999254,0.0,0.2855000000000004,0.11699999999999733
2025-01-22 10:00:00,0.0,0.006124999999999936,0.012000000000000455,0.47299999999999043
2025-01-22 11:00:00,0.0,0.0,0.032000000000007134,0.05099999999999483
2025-01-22 12:00:00,0.0,0.0,0.13799999999999457,0.06700000000000017
2025-01-22 13:00:00,0.0,0.0,0.0,0.2674999999999983
2025-01-22 14:00:00,0.0,0.0,0.05900000000000105,0.05250000000000199
2025-01-22 15:00:00,0.0,0.0,0.10850000000000648,0.05600000000000094
2025-01-22 16:00:00,0.0,0.0,0.09450000000000358,0.09149999999999991
2025-01-22 17:00:00,0.0,0.0,0.018000000000004235,0.08650000000001157
2025-01-22 18:00:00,0.0,0.0,0.07349999999999923,0.06350000000000122
2025-01-22 19:00:00,0.0,0.0,0.06099999999999994,0.19500000000000384
2025-01-22 20:00:00,0.0,0.0,0.09150000000000702,0.08850000000000335
2025-01-22 21:00:00,0.0,0.0,0.04150000000000276,0.15499999999999758
2025-01-22 22:00:00,0.0,0.0,0.062000000000001165,0.25500000000000256
2025-01-22 23:00:00,0.0,0.0,0.16900000000000048,0.03450000000000131
2025-01-23 00:00:00,0.0,0.0,0.0589999999999975,0.14750000000000085
2025-01-23 01:00:00,0.0,0.0,0.18200000000000216,0.07550000000000523
2025-01-23 02:00:00,0.0,0.0,0.11900000000000333,0.022500000000000853
2025-01-23 03:00:00,0.0,0.0,0.03950000000000031,0.08100000000000307
2025-01-23 04:00:00,0.0,0.0,0.02400000000000091,0.1424999999999983
2025-01-23 05:00:00,0.0,0.0,0.08799999999999741,0.04199999999999804
2025-01-23 06:00:00,0.0,0.0,0.25950000000000273,0.040500000000001535
2025-01-23 07:00:00,0.0,0.0,0.006000000000000227,0.1960000000000086
2025-01-23 08:00:00,0.0,0.0,0.04100000000000392,0.08099999999999596
2025-01-23 09:00:00,0.0,0.0,0.0940000000000012,0.05099999999999838
2025-01-23 10:00:00,0.0,0.0,0.1869999999999976,0.0004999999999988347
2025-01-23 11:00:00,0.0,0.0,0.1045000000000087,0.11550000000000082
2025-01-23 12:00:00,0.0,0.0,0.029500000000002302,0.19100000000000605
2025-01-23 13:00:00,0.0,0.0,0.05549999999999855,0.06750000000000611
2025-01-23 14:00:00,0.0,0.0,0.28600000000000136,0.030000000000001137
2025-01-23 15:00:00,0.0,0.0,0.14250000000000185,0.06650000000000134
2025-01-23 16:00:00,0.0,0.0,0.03599999999999781,0.15550000000000352
2025-01-23 17:00:00,0.0,0.0,0.01850000000000307,0.10599999999999454
2025-01-23 18:00:00,0.0,0.0,0.09300000000001063,0.06250000000000355
2025-01-23 19:00:00,0.0,0.0,0.029500000000002302,0.05349999999999966
2025-01-23 20:00:00,0.0,0.0,0.1280000000000001,0.12249999999999872
2025-01-23 21:00:00,0.0,0.0,0.05000000000000071,0.08999999999999986
2025-01-23 22:00:00,0.00137499999999946,0.0,0.09650000000000176,0.18000000000000327
2025-01-23 23:00:00,0.0,0.0,0.10999999999999943,0.0835000000000008
2025-01-24 00:00:00,0.0,0.0,0.2784999999999975,0.28450000000000486
2025-01-24 01:00:00,0.0,0.0,0.09149999999999991,0.14000000000000057
2025-01-24 02:00:00,0.0,0.0,0.0,0.28200000000000003
2025-01-24 03:00:00,0.0,0.0,0.0400000000000027,0.14799999999999613
2025-01-24 04:00:00,0.0,0.0,0.017000000000003013,0.10350000000000037
2025-01-24 05:00:00,0.0,0.0,0.09250000000000114,0.1965000000000039
2025-01-24 06:00:00,0.0,0.0,0.2680000000000007,0.041499999999999204
2025-01-24 07:00:00,0.0,0.0,0.2504999999999953,0.06850000000000378
2025-01-24 08:00:00,0.0,0.0,0.0400000000000027,0.11200000000000188
2025-01-24 09:00:00,0.0,0.0,0.009000000000000341,0.3010000000000055
2025-01-24 10:00:00,0.0,0.0,0.09449999999999292,0.024000000000004462
2025-01-24 11:00:00,0.0,0.0,0.10249999999999915,0.03950000000000031
2025-01-24 12:00:00,0.0,0.0,0.12100000000000932,0.05500000000000327
2025-01-24 13:00:00,0.0,0.0,0.022000000000002018,0.1545000000000023
2025-01-24 14:00:00,0.0,0.0,0.10700000000000287,0.03550000000000608
2025-01-24 15:00:00,0.0,0.0,0.16799999999999926,0.012500000000002842
2025-01-24 16:00:00,0.0,0.0,0.10800000000000409,0.025500000000000966
2025-01-24 17:00:00,0.0,0.0,0.0259999999999998,0.11450000000000671
2025-01-24 18:00:00,0.0,0.0,0.06650000000000489,0.09500000000000242
2025-01-24 19:00:00,0.0,0.0,0.018499999999999517,0.2755000000000045
2025-01-24 20:00:00,0.0,0.0019999999999997797,0.0,0.4984999999999921
2025-01-24 21:00:00,0.0,0.0,0.122999999999994,0.03600000000000492
2025-01-24 22:00:00,0.0,0.0,0.26699999999999946,0.04250000000000398
2025-01-24 23:00:00,0.0,0.0,0.10650000000000759,0.048500000000000654
2025-01-25 00:00:00,0.006124999999999936,0.0,0.2885000000000041,0.09949999999999548
2025-01-25 01:00:00,0.0,0.0,0.08249999999999602,0.17800000000000082
2025-01-25 02:00:00,0.0,0.0,0.05799999999999983,0.2860000000000049
2025-01-25 03:00:00,0.0,0.0,0.07950000000000301,0.0694999999999979
2025-01-25 04:00:00,0.0,0.0,0.1664999999999992,0.01600000000000179
2025-01-25 05:00:00,0.0,0.0,0.10650000000000404,0.054500000000004434
2025-01-25 06:00:00,0.0,0.0,0.10100000000000264,0.12250000000000227
2025-01-25 07:00:00,0.0,0.0,0.1180000000000021,0.032999999999994145
2025-01-25 08:00:00,0.0,0.0,0.1620000000000026,0.012000000000000455
2025-01-25 09:00:00,0.0,0.0,0.09700000000000131,0.11949999999999861
2025-01-25 10:00:00,0.0,0.0,0.06750000000000256,0.0715000000000039
2025-01-25 11:00:00,0.0,0.0,0.10850000000000293,0.04250000000000398
2025-01-25 12:00:00,0.0,0.0,0.03350000000000364,0.1714999999999982
2025-01-25 13:00:00,0.0,0.0,0.06449999999999889,0.12349999999999994
2025-01-25 14:00:00,0.0,0.0,0.16700000000000514,0.021000000000000796
2025-01-25 15:00:00,0.0,0.0,0.09299999999999287,0.05799999999999628
2025-01-25 16:00:00,0.0,0.0,0.1550000000000047,0.11599999999999966
2025-01-25 17:00:00,0.0,0.0,0.10050000000000026,0.055500000000005656
2025-01-25 18:00:00,0.0,0.008499999999998842,0.027000000000001023,0.4769999999999982
2025-01-25 19:00:00,0.0,0.0,0.0484999999999971,0.27099999999999724
2025-01-25 20:00:00,0.0,0.0,0.14799999999999613,0.08550000000000679
2025-01-25 21:00:00,0.0,0.0,0.17599999999999838,0.023500000000005627
2025-01-25 22:00:00,0.0,0.0,0.14199999999999946,0.13799999999999812
2025-01-25 23:00:00,0.0,0.0,0.31550000000000367,0.028500000000004633
2025-01-26 00:00:00,0.0,0.0,0.03999999999999915,0.10449999999999804
2025-01-26 01:00:00,0.0,0.0,0.15850000000000009,0.042500000000000426
2025-01-26 02:00:00,0.0,0.0,0.04049999999999798,0.09450000000000713
2025-01-26 03:00:00,0.0,0.0,0.20749999999999247,0.022000000000002018
2025-01-26 04:00:00,0.0,0.0,0.1755000000000031,0.02599999999999625
2025-01-26 05:00:00,0.0,0.0,0.35399999999999565,0.010000000000001563
2025-01-26 06:00:00,0.0,0.0,0.07200000000000273,0.11350000000000193
2025-01-26 07:00:00,0.0,0.0,0.09150000000000347,0.1965000000000039
2025-01-26 08:00:00,0.0,0.0,0.04199999999999804,0.06700000000000728
2025-01-26 09:00:00,0.0,0.0,0.2049999999999983,0.16049999999999898
2025-01-26 10:00:00,0.0011250000000000426,0.0,0.30749999999999955,0.0519999999999996
2025-01-26 11:00:00,0.0,0.0,0.2339999999999982,0.13849999999999696
2025-01-26 12:00:00,0.0,0.0,0.053999999999998494,0.2104999999999997
2025-01-26 13:00:00,0.0,0.0,0.08450000000000202,0.08600000000000207
2025-01-26 14:00:00,0.0,0.0,0.04550000000000409,0.1510000000000069
2025-01-26 15:00:00,0.0,0.0,0.09750000000000014,0.2029999999999994
2025-01-26 16:00:00,0.0,0.0,0.0070000000000014495,0.2729999999999997
2025-01-26 17:00:00,0.0,0.0,0.1150000000000091,0.037500000000004974
2025-01-26 18:00:00,0.0,0.0,0.15550000000000708,0.06350000000000477
2025-01-26 19:00:00,0.0,0.0,0.08550000000000679,0.0710000000000015
2025-01-26 20:00:00,0.0,0.0,0.11850000000000804,0.051499999999997215
2025-01-26 21:00:00,0.0,0.0,0.08500000000000085,0.08650000000000446
2025-01-26 22:00:00,0.0,0.0,0.22850000000000037,0.02949999999999875
2025-01-26 23:00:00,0.0,0.0,0.1960000000000015,0.052000000000003155
2025-01-27 00:00:00,0.00012499999999970868,0.0,0.15299999999999797,0.18500000000000227
2025-01-27 01:00:00,0.0,0.009874999999998302,0.0,0.7070000000000001
2025-01-27 02:00:00,0.0,0.05599999999999916,0.027499999999996305,0.46600000000000674
2025-01-27 03:00:00,0.0,0.0,0.19550000000000267,0.013000000000001677
2025-01-27 04:00:00,0.0,0.0,0.01249999999999929,0.2525000000000013
2025-01-27 05:00:00,0.0,0.009375000000000355,0.11599999999999966,0.2374999999999993
2025-01-27 06:00:00,0.0034999999999989484,0.0,0.5415000000000049,0.016500000000000625
2025-01-27 07:00:00,0.03837499999999672,0.0,0.813499999999997,0.013000000000001677
2025-01-27 08:00:00,0.0,0.0,0.033500000000000085,0.19549999999999912
2025-01-27 09:00:00,0.0,0.0,0.0010000000000012221,0.2895000000000003
2025-01-27 10:00:00,0.0,0.0,0.0015000000000000568,0.5760000000000041
2025-01-27 11:00:00,0.0,0.0,0.005500000000001393,0.3434999999999988
2025-01-27 12:00:00,0.0,0.0,0.08250000000000313,0.15700000000000358
2025-01-27 13:00:00,0.0,0.0,0.21850000000000236,0.0024999999999977263
2025-01-27 14:00:00,0.0,0.0,0.28000000000000114,0.013500000000000512
2025-01-27 15:00:00,0.0,0.0,0.2925000000000004,0.0470000000000006
2025-01-27 16:00:00,0.0,0.0,0.13600000000000279,0.07200000000000628
2025-01-27 17:00:00,0.0,0.0,0.120000000000001,0.0470000000000006
2025-01-27 18:00:00,0.0,0.004124999999999268,0.08199999999999719,0.4005000000000031
2025-01-27 19:00:00,0.0,0.0,0.0715000000000039,0.10500000000000753
2025-01-27 20:00:00,0.0,0.0,0.07900000000000063,0.19199999999999307
2025-01-27 21:00:00,0.0,0.0,0.12099999999999866,0.03599999999999781
2025-01-27 22:00:00,0.00012499999999970868,0.0,0.2889999999999972,0.05900000000000105
2025-01-27 23:00:00,0.0,0.0015000000000000568,0.08450000000000202,0.23650000000000232
2025-01-28 00:00:00,0.0,0.0,0.08600000000000563,0.07400000000000162
2025-01-28 01:00:00,0.0,0.0,0.1215000000000046,0.024499999999999744
2025-01-28 02:00:00,0.0,0.0,0.06899999999999906,0.04200000000000159
2025-01-28 03:00:00,0.0,0.0,0.028999999999999915,0.23699999999999832
2025-01-28 04:00:00,0.0,0.0,0.07500000000000284,0.23450000000000415
2025-01-28 05:00:00,0.0,0.0,0.027000000000004576,0.21100000000000207
2025-01-28 06:00:00,0.0,0.0,0.12599999999999767,0.2289999999999992
2025-01-28 07:00:00,0.0,0.0,0.31150000000000233,0.0030000000000001137
2025-01-28 08:00:00,0.0,0.0,0.17300000000000537,0.01600000000000179
2025-01-28 09:00:00,0.0,0.0,0.10100000000000264,0.03300000000000125
2025-01-28 10:00:00,0.0,0.0,0.12100000000000577,0.0365000000000002
2025-01-28 11:00:00,0.0,0.0,0.0990000000000002,0.022999999999999687
2025-01-28 12:00:00,0.0,0.0,0.0730000000000004,0.056500000000003325
2025-01-28 13:00:00,0.0,0.0,0.012999999999998124,0.17750000000000554
2025-01-28 14:00:00,0.0,0.0,0.10799999999999699,0.17150000000000176
2025-01-28 15:00:00,0.0,0.0,0.14199999999999946,0.0540000000000056
2025-01-28 16:00:00,0.0,0.0,0.1405000000000065,0.013500000000000512
2025-01-28 17:00:00,0.0,0.0,0.10950000000000415,0.07450000000000045
2025-01-28 18:00:00,0.0,0.0,0.013500000000000512,0.2914999999999992
2025-01-28 19:00:00,0.0,0.0,0.009000000000000341,0.09000000000000341
2025-01-28 20:00:00,0.0,0.0,0.07549999999999457,0.04800000000000182
2025-01-28 21:00:00,0.0,0.0,0.051499999999997215,0.05850000000000222
2025-01-28 22:00:00,0.0,0.0,0.03549999999999898,0.2774999999999963
2025-01-28 23:00:00,0.0,0.0,0.015999999999998238,0.22550000000000026
2025-01-29 00:00:00,0.0,0.0,0.06400000000000361,0.297500000000003
2025-01-29 01:00:00,0.0,0.0,0.0,0.27649999999999864
2025-01-29 02:00:00,0.0,0.0,0.15249999999999986,0.04550000000000409
2025-01-29 03:00:00,0.0,0.0,0.29999999999999716,0.0
2025-01-29 04:00:00,0.0,0.0,0.15650000000000475,0.03200000000000003
2025-01-29 05:00:00,0.0,0.0,0.2059999999999924,0.040500000000001535
2025-01-29 06:00:00,0.0,0.0,0.1340000000000039,0.05850000000000222
2025-01-29 07:00:00,0.0,0.0,0.10550000000000281,0.08650000000000091
2025-01-29 08:00:00,0.0,0.0,0.08400000000000318,0.19149999999999778
2025-01-29 09:00:00,0.0,0.0,0.12600000000000833,0.018000000000000682
2025-01-29 10:00:00,0.0,0.0,0.029999999999997584,0.0835000000000008
2025-01-29 11:00:00,0.0,0.0,0.08650000000000801,0.0470000000000006
2025-01-29 12:00:00,0.0,0.0,0.10550000000000637,0.0400000000000027
2025-01-29 13:00:00,0.0,0.0,0.12099999999999156,0.022999999999999687
2025-01-29 14:00:00,0.0,0.0,0.11850000000000094,0.038999999999997925
2025-01-29 15:00:00,0.0,0.0,0.21100000000000207,0.018499999999999517
2025-01-29 16:00:00,0.0,0.0,0.07549999999999812,0.050499999999999545
2025-01-29 17:00:00,0.0,0.0,0.12250000000000227,0.05649999999999977
2025-01-29 18:00:00,0.0,0.0,0.02049999999999841,0.3120000000000047
2025-01-29 19:00:00,0.0,0.0,0.03549999999999898,0.2380000000000031
2025-01-29 20:00:00,0.0,0.0019999999999997797,0.0,0.5839999999999975
2025-01-29 21:00:00,0.0,0.0,0.18850000000000122,0.010500000000000398
2025-01-29 22:00:00,0.0,0.0,0.1559999999999988,0.038000000000000256
2025-01-29 23:00:00,0.0,0.0,0.07300000000000395,0.10300000000000153
2025-01-30 00:00:00,0.0,0.0,0.1465000000000103,0.01799999999999713
2025-01-30 01:00:00,0.0,0.0,0.06449999999999889,0.11750000000000327
2025-01-30 02:00:00,0.0,0.0,0.041499999999999204,0.15700000000000003
2025-01-30 03:00:00,0.0,0.0,0.05700000000000216,0.09199999999999875
2025-01-30 04:00:00,0.0,0.0,0.030000000000001137,0.21300000000000097
2025-01-30 05:00:00,0.0,0.0,0.11200000000000543,0.19900000000000162
2025-01-30 06:00:00,0.0,0.0,0.1510000000000069,0.14849999999999852
2025-01-30 07:00:00,0.0,0.0,0.18849999999999767,0.048500000000000654
2025-01-30 08:00:00,0.0,0.0,0.12250000000000227,0.03400000000000247
2025-01-30 09:00:00,0.0,0.0,0.08300000000000196,0.16599999999999682
2025-01-30 10:00:00,0.0,0.0,0.09799999999999898,0.0484999999999971
2025-01-30 11:00:00,0.0,0.0,0.05850000000000222,0.05499999999999616
2025-01-30 12:00:00,0.0,0.0,0.16550000000000153,0.015000000000000568
2025-01-30 13:00:00,0.0,0.0,0.170499999999997,0.010999999999999233
2025-01-30 14:00:00,0.0,0.0,0.08400000000000674,0.03100000000000236
2025-01-30 15:00:00,0.0,0.0,0.16650000000000276,0.0224999999999973
2025-01-30 16:00:00,0.0,0.0,0.30699999999999505,0.006000000000000227
2025-01-30 17:00:00,0.0,0.0,0.054999999999999716,0.11749999999999616
2025-01-30 18:00:00,0.0,0.0,0.017499999999998295,0.15050000000000452
2025-01-30 19:00:00,0.0,0.0,0.3030000000000044,0.014500000000001734
2025-01-30 20:00:00,0.0,0.0,0.0020000000000024443,0.1385000000000005
2025-01-30 21:00:00,0.0,0.0,0.0765000000000029,0.10700000000000287
2025-01-30 22:00:00,0.0,0.0,0.03950000000000031,0.26699999999999946
2025-01-30 23:00:00,0.0,0.0,0.17400000000000304,0.054500000000004434
2025-01-31 00:00:00,0.009499999999999176,0.0,0.2819999999999972,0.06400000000000361
2025-01-31 01:00:00,0.0,0.0,0.038999999999997925,0.07250000000000867
2025-01-31 02:00:00,0.0,0.0,0.047999999999998266,0.06350000000000477
2025-01-31 03:00:00,0.0,0.0,0.048500000000000654,0.03550000000000608
2025-01-31 04:00:00,0.0,0.0,0.04650000000000176,0.05999999999999872
2025-01-31 05:00:00,0.0,0.0,0.06749999999999545,0.1479999999999997
2025-01-31 06:00:00,0.0,0.0,0.24899999999999878,0.053000000000000824
2025-01-31 07:00:00,0.0,0.0,0.10200000000000031,0.044000000000004036
2025-01-31 08:00:00,0.0,0.0,0.003999999999997783,0.21200000000000685
2025-01-31 09:00:00,0.0,0.0,0.030999999999998806,0.2204999999999977
2025-01-31 10:00:00,0.0,0.0,0.24600000000000577,0.021000000000000796
2025-01-31 11:00:00,0.0,0.0,0.028999999999999915,0.08850000000000335
2025-01-31 12:00:00,0.0,0.0,0.022000000000002018,0.12899999999999778
2025-01-31 13:00:00,0.0,0.0,0.11000000000000298,0.055500000000005656
2025-01-31 14:00:00,0.0,0.0,0.08350000000000435,0.05999999999999517
2025-01-31 15:00:00,0.0,0.0,0.247000000000007,0.0660000000000025
2025-01-31 16:00:00,0.0,0.0,0.04700000000000415,0.1285000000000025
2025-01-31 17:00:00,0.0,0.0,0.057500000000000995,0.09850000000000492
2025-01-31 18:00:00,0.0,0.0,0.13450000000000273,0.3329999999999984
2025-01-31 19:00:00,0.0,0.0,0.0,0.28000000000000114
2025-01-31 20:00:00,0.0,0.0008749999999997371,0.03550000000000253,0.21450000000000385
2025-01-31 21:00:00,0.0,0.0,0.03900000000000148,0.10349999999999682
2025-01-31 22:00:00,0.0,0.0,0.21649999999999636,0.013500000000000512
2025-01-31 23:00:00,0.0,0.0,0.284000000000006,0.0030000000000001137
2025-02-01 00:00:00,0.015124999999999389,0.0,0.36600000000000676,0.030500000000003524
2025-02-01 01:00:00,0.0,0.0,0.29749999999999943,0.0
2025-02-01 02:00:00,0.0,0.0,0.2154999999999987,0.15100000000000335
2025-02-01 03:00:00,0.0,0.0,0.025499999999997414,0.22499999999999787
2025-02-01 04:00:00,0.0,0.0,0.017499999999998295,0.14450000000000074
2025-02-01 05:00:00,0.0,0.0,0.06350000000000122,0.0519999999999996
2025-02-01 06:00:00,0.0,0.0,0.10450000000000159,0.07250000000000156
2025-02-01 07:00:00,0.0,0.0,0.1609999999999978,0.03850000000000264
2025-02-01 08:00:00,0.0,0.0,0.2524999999999942,0.09500000000000242
2025-02-01 09:00:00,0.0,0.0,0.017500000000001847,0.25050000000000594
2025-02-01 10:00:00,0.0,0.0,0.03749999999999787,0.3494999999999955
2025-02-01 11:00:00,0.0,0.0,0.06950000000000145,0.0779999999999994
2025-02-01 12:00:00,0.0,0.0,0.06300000000000239,0.07649999999999935
2025-02-01 13:00:00,0.0,0.0,0.04650000000000176,0.16600000000000392
2025-02-01 14:00:00,0.0,0.0,0.0625,0.12099999999999866
2025-02-01 15:00:00,0.0,0.0,0.08899999999999864,0.17549999999999955
2025-02-01 16:00:00,0.0,0.0,0.12000000000000455,0.06500000000000128
2025-02-01 17:00:00,0.0,0.0,0.0934999999999988,0.05450000000000088
2025-02-01 18:00:00,0.0,0.0,0.2309999999999981,0.0015000000000000568
2025-02-01 19:00:00,0.0,0.0,0.27950000000000585,0.03049999999999997
2025-02-01 20:00:00,0.0,0.0,0.03999999999999915,0.14900000000001512
2025-02-01 21:00:00,0.0,0.0,0.008500000000001506,0.09499999999999531
2025-02-01 22:00:00,0.0,0.0,0.054999999999999716,0.10050000000000026
2025-02-01 23:00:00,0.0,0.0,0.0484999999999971,0.1755000000000102
2025-02-02 00:00:00,0.0,0.0,0.014500000000001734,0.24599999999999866
2025-02-02 01:00:00,0.0,0.0,0.048500000000000654,0.0505000000000031
2025-02-02 02:00:00,0.0,0.0,0.03500000000000014,0.08200000000000429
2025-02-02 03:00:00,0.0,0.0,0.0920000000000023,0.0330000000000048
2025-02-02 04:00:00,0.0,0.0,0.054500000000007987,0.07500000000000284
2025-02-02 05:00:00,0.0,0.0,0.0779999999999994,0.051499999999997215
2025-02-02 06:00:00,0.0,0.0,0.03549999999999898,0.12449999999999406
2025-02-02 07:00:00,0.0,0.0,0.11950000000000216,0.014500000000001734
2025-02-02 08:00:00,0.0,0.0,0.11950000000000216,0.03350000000000364
2025-02-02 09:00:00,0.0,0.0,0.21749999999999758,0.05000000000000426
2025-02-02 10:00:00,0.0,0.0,0.25250000000001194,0.0
2025-02-02 11:00:00,0.0,0.0,0.05350000000000321,0.037000000000002586
2025-02-02 12:00:00,0.0,0.0,0.06449999999999889,0.043499999999998096
2025-02-02 13:00:00,0.0,0.0,0.22850000000000392,0.02949999999999875
2025-02-02 14:00:00,0.0,0.0,0.021999999999998465,0.09249999999999758
2025-02-02 15:00:00,0.0,0.004624999999998991,0.0,0.535500000000004
2025-02-02 16:00:00,0.0,0.0,0.12349999999999994,0.11899999999999622
2025-02-02 17:00:00,0.0,0.0,0.06349999999999767,0.04600000000000293
2025-02-02 18:00:00,0.0,0.0,0.11000000000000298,0.23049999999999216
2025-02-02 19:00:00,0.0,0.0,0.06449999999999889,0.1180000000000021
2025-02-02 20:00:00,0.0,0.0,0.05350000000000321,0.02850000000000108
2025-02-02 21:00:00,0.0,0.0,0.08300000000000551,0.07349999999999568
2025-02-02 22:00:00,0.0,0.0,0.03999999999999915,0.25
2025-02-02 23:00:00,0.0,0.0,0.07850000000000179,0.20149999999999935
2025-02-03 00:00:00,0.0,0.0,0.10399999999999565,0.036000000000001364
2025-02-03 01:00:00,0.0,0.0,0.14549999999999486,0.0470000000000006
2025-02-03 02:00:00,0.0,0.0,0.05200000000000671,0.043499999999998096
2025-02-03 03:00:00,0.0,0.0,0.021000000000000796,0.16300000000000026
2025-02-03 04:00:00,0.0,0.0,0.049500000000001876,0.19799999999999685
2025-02-03 05:00:00,0.0,0.0,0.16250000000000142,0.01950000000000074
2025-02-03 06:00:00,0.0,0.0,0.24249999999999972,0.04049999999999798
2025-02-03 07:00:00,0.0,0.0,0.03399999999999892,0.16400000000000503
2025-02-03 08:00:00,0.0,0.0,0.06799999999999784,0.15349999999999753
2025-02-03 09:00:00,0.0,0.0,0.09700000000000131,0.043000000000002814
2025-02-03 10:00:00,0.0,0.0,0.27199999999999847,0.010999999999999233
2025-02-03 11:00:00,0.0,0.0,0.15549999999999997,0.04550000000000054
2025-02-03 12:00:00,0.0,0.0,0.0835000000000008,0.24749999999999872
2025-02-03 13:00:00,0.0,0.0,0.04400000000000048,0.20100000000000762
2025-02-03 14:00:00,0.0,0.0,0.042499999999996874,0.1425000000000054
2025-02-03 15:00:00,0.0,0.0,0.08799999999999741,0.2240000000000073
2025-02-03 16:00:00,0.0,0.0,0.3349999999999973,0.007500000000000284
2025-02-03 17:00:00,0.0,0.0,0.0030000000000001137,0.22850000000000392
2025-02-03 18:00:00,0.0,0.0,0.11749999999999972,0.09100000000000108
2025-02-03 19:00:00,0.0,0.0,0.02049999999999841,0.22150000000000958
2025-02-03 20:00:00,0.0,0.0,0.06350000000000477,0.06500000000000483
2025-02-03 21:00:00,0.0,0.0,0.19800000000000395,0.015499999999999403
2025-02-03 22:00:00,0.0,0.0,0.23150000000000048,0.1335000000000015
2025-02-03 23:00:00,0.0,0.0,0.22149999999999892,0.014500000000001734
2025-02-04 00:00:00,0.0,0.0,0.20900000000000318,0.017499999999998295
2025-02-04 01:00:00,0.0,0.0,0.2364999999999995,0.008000000000002672
2025-02-04 02:00:00,0.0,0.0,0.052000000000003155,0.0750000000000064
2025-02-04 03:00:00,0.0,0.0,0.021500000000003183,0.1115000000000066
2025-02-04 04:00:00,0.0,0.0,0.059000000000004604,0.04199999999999804
2025-02-04 05:00:00,0.0,0.0,0.10550000000000637,0.029500000000002302
2025-02-04 06:00:00,0.0,0.0,0.20849999999999724,0.046999999999997044
2025-02-04 07:00:00,0.0,0.0,0.0,0.4714999999999989
2025-02-04 08:00:00,0.0,0.0,0.06299999999999883,0.11950000000000216
2025-02-04 09:00:00,0.0,0.0,0.09350000000000236,0.02050000000000196
2025-02-04 10:00:00,0.0,0.0,0.1994999999999969,0.06099999999999639
2025-02-04 11:00:00,0.0,0.0,0.04749999999999943,0.06250000000000355
2025-02-04 12:00:00,0.0,0.0,0.03399999999999892,0.13900000000000645
2025-02-04 13:00:00,0.0,0.0,0.052500000000009095,0.08050000000000068
2025-02-04 14:00:00,0.0,0.0,0.25999999999999446,0.045999999999999375
2025-02-04 15:00:00,0.0,0.0,0.01249999999999929,0.16150000000000375
2025-02-04 16:00:00,0.0,0.0,0.08149999999999835,0.07400000000000162
2025-02-04 17:00:00,0.0,0.0,0.03900000000000148,0.11250000000000426
2025-02-04 18:00:00,0.0,0.0,0.009000000000000341,0.2845000000000013
2025-02-04 19:00:00,0.0,0.0,0.026000000000003354,0.36549999999999017
2025-02-04 20:00:00,0.0,0.0,0.03750000000000142,0.31299999999999883
2025-02-04 21:00:00,0.0,0.0,0.19350000000000023,0.02550000000000452
2025-02-04 22:00:00,0.0,0.0,0.067499999999999,0.18650000000000588
2025-02-04 23:00:00,0.0,0.0,0.10050000000000381,0.08650000000000446
2025-02-05 00:00:00,0.0,0.0,0.12950000000000728,0.04500000000000526
2025-02-05 01:00:00,0.0,0.0,0.10800000000000054,0.08050000000000068
2025-02-05 02:00:00,0.0,0.0,0.05000000000000071,0.30499999999999616
2025-02-05 03:00:00,0.0,0.0,0.12100000000000222,0.04499999999999815
2025-02-05 04:00:00,0.0,0.0,0.03500000000000014,0.15549999999999642
2025-02-05 05:00:00,0.0,0.0,0.1599999999999966,0.05649999999999622
2025-02-05 06:00:00,0.0,0.0,0.1410000000000018,0.09100000000000108
2025-02-05 07:00:00,0.0,0.0,0.1620000000000026,0.06750000000000256
2025-02-05 08:00:00,0.0,0.0,0.09199999999999875,0.24350000000000094
2025-02-05 09:00:00,0.0,0.0,0.24249999999999616,0.07600000000000051
2025-02-05 10:00:00,0.0,0.0,0.04150000000000631,0.04500000000000526
2025-02-05 11:00:00,0.0,0.0,0.10500000000000398,0.07900000000000063
2025-02-05 12:00:00,0.0,0.0,0.06550000000000367,0.06549999999999656
2025-02-05 13:00:00,0.0,0.0,0.06800000000000495,0.07450000000000401
2025-02-05 14:00:00,0.0,0.0,0.09250000000000114,0.09350000000000236
2025-02-05 15:00:00,0.0,0.0,0.12800000000000367,0.08450000000000202
2025-02-05 16:00:00,0.0,0.0,0.06950000000000145,0.11950000000000216
2025-02-05 17:00:00,0.0,0.0,0.09949999999999903,0.20449999999999946
2025-02-05 18:00:00,0.0,0.0,0.07150000000000034,0.0799999999999983
2025-02-05 19:00:00,0.0,0.0,0.03049999999999997,0.4624999999999915
2025-02-05 20:00:00,0.0,0.0,0.08450000000000202,0.11650000000000205
2025-02-05 21:00:00,0.0,0.0,0.15900000000000958,0.021999999999998465
2025-02-05 22:00:00,0.0,0.0,0.06900000000000261,0.06700000000000017
2025-02-05 23:00:00,0.0,0.0,0.0779999999999994,0.20600000000000307
2025-02-06 00:00:00,0.0,0.0,0.04550000000000054,0.12999999999999545
2025-02-06 01:00:00,0.0,0.0,0.10100000000000264,0.019999999999999574
2025-02-06 02:00:00,0.0,0.0,0.2585000000000015,0.0010000000000012221
2025-02-06 03:00:00,0.0,0.0,0.19150000000000134,0.006499999999999062
2025-02-06 04:00:00,0.0003750000000000142,0.0,0.4409999999999982,0.0034999999999989484
2025-02-06 05:00:00,0.0,0.0,0.0435000000000052,0.08450000000000202
2025-02-06 06:00:00,0.0,0.0,0.14250000000000185,0.05499999999999616
2025-02-06 07:00:00,0.0,0.0,0.044499999999995765,0.17399999999999594
2025-02-06 08:00:00,0.0,0.0,0.12249999999999872,0.03849999999999909
2025-02-06 09:00:00,0.0,0.0,0.037000000000002586,0.1909999999999954
2025-02-06 10:00:00,0.0,0.0,0.1319999999999979,0.22049999999999415
2025-02-06 11:00:00,0.0,0.0,0.07600000000000051,0.17199999999999704
2025-02-06 12:00:00,0.0,0.0007500000000000284,0.0019999999999988916,0.3964999999999989
2025-02-06 13:00:00,0.0,0.0,0.056500000000003325,0.1600000000000037
2025-02-06 14:00:00,0.0,0.0,0.13150000000000261,0.017000000000003013
2025-02-06 15:00:00,0.0,0.0,0.19599999999999795,0.008500000000001506
2025-02-06 16:00:00,0.0,0.0,0.26699999999999946,0.0019999999999988916
2025-02-06 17:00:00,0.0,0.0,0.0955000000000048,0.07100000000000506
2025-02-06 18:00:00,0.0,0.0,0.09300000000000708,0.04550000000000054
2025-02-06 19:00:00,0.0,0.0,0.08999999999999986,0.02850000000000108
2025-02-06 20:00:00,0.0,0.0,0.06700000000000017,0.11250000000000071
2025-02-06 21:00:00,0.0,0.0,0.06550000000000011,0.06150000000000588
2025-02-06 22:00:00,0.0,0.0,0.03550000000000253,0.19200000000000372
2025-02-06 23:00:00,0.0,0.0,0.04549999999999699,0.32449999999999335
2025-02-07 00:00:00,0.0,0.0,0.11750000000000327,0.11400000000000787
2025-02-07 01:00:00,0.008249999999998536,0.0,0.42350000000000493,0.07049999999999912
2025-02-07 02:00:00,0.0,0.0,0.02049999999999841,0.08550000000000324
2025-02-07 03:00:00,0.0,0.0,0.11950000000000571,0.019000000000001904
2025-02-07 04:00:00,0.0,0.0,0.14149999999999707,0.029500000000002302
2025-02-07 05:00:00,0.0,0.0,0.24399999999999977,0.03750000000000142
2025-02-07 06:00:00,0.0,0.0,0.08299999999999841,0.13649999999999096
2025-02-07 07:00:00,0.0,0.0,0.17999999999999972,0.1095000000000006
2025-02-07 08:00:00,0.0,0.0,0.16300000000000026,0.041000000000007475
2025-02-07 09:00:00,0.0,0.0,0.11949999999999861,0.038999999999997925
2025-02-07 10:00:00,0.0,0.0,0.047999999999998266,0.09650000000000247
2025-02-07 11:00:00,0.0,0.0,0.07150000000000034,0.08600000000000918
2025-02-07 12:00:00,0.0,0.0,0.02500000000000213,0.22649999999999793
2025-02-07 13:00:00,0.0,0.0,0.013000000000001677,0.17200000000000415
2025-02-07 14:00:00,0.0,0.0,0.06899999999999906,0.09050000000000225
2025-02-07 15:00:00,0.0,0.0,0.061000000000003496,0.07949999999999946
2025-02-07 16:00:00,0.0,0.0,0.07000000000000028,0.09600000000000719
2025-02-07 17:00:00,0.0,0.0,0.1785000000000032,0.025499999999997414
2025-02-07 18:00:00,0.0,0.0,0.0,0.4190000000000005
2025-02-07 19:00:00,0.0,0.0,0.08199999999999719,0.057500000000000995
2025-02-07 20:00:00,0.0,0.002374999999999794,0.041499999999999204,0.3540000000000056
2025-02-07 21:00:00,0.0,0.0,0.36250000000000426,0.01950000000000074
2025-02-07 22:00:00,0.0,0.0,0.10800000000000409,0.043000000000002814
2025-02-07 23:00:00,0.00012499999999970868,0.0,0.2264999999999972,0.19549999999999912
2025-02-08 00:00:00,0.0,0.0,0.27549999999999386,0.006999999999997897
2025-02-08 01:00:00,0.002374999999999794,0.0,0.2895000000000067,0.29150000000000276
2025-02-08 02:00:00,0.0,0.0,0.0,0.459500000000002
2025-02-08 03:00:00,0.0,0.0,0.027000000000001023,0.27299999999999613
2025-02-08 04:00:00,0.0,0.0,0.12250000000000227,0.028999999999999915
2025-02-08 05:00:00,0.0,0.0,0.13700000000000045,0.02100000000000435
2025-02-08 06:00:00,0.0,0.0,0.08650000000000446,0.035000000000003695
2025-02-08 07:00:00,0.0,0.0,0.2119999999999962,0.18450000000000344
2025-02-08 08:00:00,0.0,0.0,0.26750000000000895,0.05100000000000193
2025-02-08 09:00:00,0.0,0.0,0.4140000000000086,0.006499999999999062
2025-02-08 10:00:00,0.0,0.0,0.06500000000000128,0.057500000000000995
2025-02-08 11:00:00,0.0,0.0,0.04299999999999926,0.03599999999999781
2025-02-08 12:00:00,0.0,0.0,0.11699999999999733,0.015000000000000568
2025-02-08 13:00:00,0.0,0.0,0.07500000000000284,0.08400000000000318
2025-02-08 14:00:00,0.0,0.0,0.07000000000000739,0.0849999999999973
2025-02-08 15:00:00,0.0,0.0,0.03500000000000014,0.11150000000000304
2025-02-08 16:00:00,0.0,0.0,0.07450000000000045,0.0694999999999979
2025-02-08 17:00:00,0.0,0.0,0.40650000000000475,0.013999999999999346
2025-02-08 18:00:00,0.0,0.0,0.028499999999993975,0.09850000000000492
2025-02-08 19:00:00,0.0,0.0,0.027000000000004576,0.3219999999999885
2025-02-08 20:00:00,0.0,0.0,0.02400000000000091,0.15550000000000352
2025-02-08 21:00:00,0.0,0.0,0.03950000000000742,0.06400000000000006
2025-02-08 22:00:00,0.0,0.0,0.019999999999999574,0.15499999999999758
2025-02-08 23:00:00,0.0,0.0,0.08699999999999974,0.06750000000000256
2025-02-09 00:00:00,0.0,0.0,0.15449999999999875,0.0365000000000002
2025-02-09 01:00:00,0.0,0.0,0.1130000000000031,0.010999999999999233
2025-02-09 02:00:00,0.0,0.0,0.06199999999999761,0.05000000000000071
2025-02-09 03:00:00,0.0,0.0,0.008500000000001506,0.13049999999999784
2025-02-09 04:00:00,0.0,0.0,0.05150000000000432,0.2289999999999992
2025-02-09 05:00:00,0.0,0.0,0.10200000000000031,0.04749999999999943
2025-02-09 06:00:00,0.0,0.0,0.09600000000000364,0.022000000000002018
2025-02-09 07:00:00,0.0,0.0,0.11750000000000327,0.023999999999997357
2025-02-09 08:00:00,0.0,0.0,0.3605000000000018,0.0045000000000001705
2025-02-09 09:00:00,0.0,0.0,0.05349999999999966,0.02400000000000091
2025-02-09 10:00:00,0.0,0.0,0.07400000000000517,0.05150000000000077
2025-02-09 11:00:00,0.0,0.0,0.08500000000000085,0.0435000000000052
2025-02-09 12:00:00,0.0,0.0,0.20800000000000196,0.02300000000000324
2025-02-09 13:00:00,0.0,0.0,0.019499999999997186,0.04099999999999682
2025-02-09 14:00:00,0.0,0.0,0.07850000000000179,0.09850000000000136
2025-02-09 15:00:00,0.0,0.0,0.008500000000001506,0.2545000000000037
2025-02-09 16:00:00,0.0,0.0,0.2210000000000072,0.10499999999999687
2025-02-09 17:00:00,0.0,0.0,0.029500000000002302,0.1460000000000008
2025-02-09 18:00:00,0.0,0.0,0.021999999999998465,0.18950000000000955
2025-02-09 19:00:00,0.0,0.0,0.03699999999999548,0.29550000000000054
2025-02-09 20:00:00,0.0,0.0,0.0004999999999988347,0.33949999999999747
2025-02-09 21:00:00,0.0,0.00012499999999970868,0.09199999999999875,0.2180000000000028
2025-02-09 22:00:00,0.0,0.00037499999999912603,0.006000000000000227,0.47250000000000225
2025-02-09 23:00:00,0.0,0.0,0.0379999999999967,0.15400000000000702
2025-02-10 00:00:00,0.0,0.0,0.18849999999999412,0.022999999999999687
2025-02-10 01:00:00,0.0,0.0,0.16199999999999548,0.017499999999998295
2025-02-10 02:00:00,0.0,0.0,0.14050000000000296,0.03999999999999915
2025-02-10 03:00:00,0.0,0.0,0.15950000000000486,0.013500000000000512
2025-02-10 04:00:00,0.0,0.0,0.10749999999999815,0.06850000000000023
2025-02-10 05:00:00,0.0,0.0,0.1839999999999975,0.047999999999998266
2025-02-10 06:00:00,0.0022500000000000853,0.0,0.32749999999999985,0.12750000000000128
2025-02-10 07:00:00,0.0,0.0,0.10400000000000276,0.07350000000000279
2025-02-10 08:00:00,0.0,0.0,0.38300000000000267,0.03599999999999781
2025-02-10 09:00:00,0.0,0.0,0.1785000000000032,0.02850000000000108
2025-02-10 10:00:00,0.0,0.0,0.07450000000000045,0.06899999999999906
2025-02-10 11:00:00,0.0,0.0,0.1755000000000031,0.007500000000000284
2025-02-10 12:00:00,0.0,0.0,0.0330000000000048,0.06550000000000011
2025-02-10 13:00:00,0.0,0.0,0.011000000000002785,0.11050000000000537
2025-02-10 14:00:00,0.0,0.0,0.0015000000000000568,0.17350000000000776
2025-02-10 15:00:00,0.0,0.0,0.0505000000000031,0.06149999999999878
2025-02-10 16:00:00,0.0,0.0,0.07450000000000401,0.06300000000000594
2025-02-10 17:00:00,0.0,0.006374999999999353,0.0,0.5694999999999993
2025-02-10 18:00:00,0.0,0.0,0.0,0.4119999999999955
2025-02-10 19:00:00,0.0,0.0,0.10450000000000159,0.05250000000000554
2025-02-10 20:00:00,0.0,0.0,0.18200000000000216,0.19700000000000273
2025-02-10 21:00:00,0.0,0.0,0.025500000000000966,0.24950000000000117
2025-02-10 22:00:00,0.0,0.0,0.060499999999997556,0.22099999999999653
2025-02-10 23:00:00,0.0,0.0,0.047500000000002984,0.1890000000000036
2025-02-11 00:00:00,0.0,0.0,0.08249999999999957,0.06800000000000139
2025-02-11 01:00:00,0.0,0.0,0.07950000000000301,0.059499999999999886
2025-02-11 02:00:00,0.0,0.0,0.05799999999999983,0.2049999999999983
2025-02-11 03:00:00,0.0,0.0,0.13849999999999696,0.054500000000004434
2025-02-11 04:00:00,0.0,0.0,0.32249999999998735,0.02499999999999858
2025-02-11 05:00:00,0.0,0.0,0.19150000000000134,0.0519999999999996
2025-02-11 06:00:00,0.0,0.0,0.28300000000000125,0.03599999999999781
2025-02-11 07:00:00,0.0,0.0,0.16300000000000026,0.04250000000000398
2025-02-11 08:00:00,0.0,0.0,0.19550000000000267,0.09700000000000131
2025-02-11 09:00:00,0.0,0.0,0.12399999999999878,0.1560000000000059
2025-02-11 10:00:00,0.0,0.0,0.0,0.23049999999999926
2025-02-11 11:00:00,0.0,0.0,0.09450000000000003,0.031500000000001194
2025-02-11 12:00:00,0.0,0.0,0.04450000000000287,0.17450000000000188
2025-02-11 13:00:00,0.0,0.0,0.004999999999999005,0.3639999999999972
2025-02-11 14:00:00,0.0,0.0,0.21699999999999875,0.0
2025-02-11 15:00:00,0.0,0.0,0.194500000000005,0.005500000000001393
2025-02-11 16:00:00,0.0,0.00024999999999941735,0.08050000000000068,0.2695
2025-02-11 17:00:00,0.0,0.0,0.11899999999999977,0.05499999999999616
2025-02-11 18:00:00,0.0,0.013999999999998458,0.06500000000000128,0.569000000000002
2025-02-11 19:00:00,0.0,0.0,0.3575000000000088,0.02750000000000341
2025-02-11 20:00:00,0.0,0.0,0.14700000000000202,0.03249999999999531
2025-02-11 21:00:00,0.0,0.0,0.07549999999999812,0.15400000000000347
2025-02-11 22:00:00,0.0,0.0,0.13500000000000512,0.07000000000000028
2025-02-11 23:00:00,0.0,0.0,0.13050000000000495,0.03500000000000014
2025-02-12 00:00:00,0.0,0.0,0.022500000000000853,0.2029999999999994
2025-02-12 01:00:00,0.0,0.0,0.13700000000000045,0.030000000000001137
2025-02-12 02:00:00,0.0,0.0,0.277000000000001,0.009000000000000341
2025-02-12 03:00:00,0.0,0.0,0.10700000000000287,0.034499999999997755
2025-02-12 04:00:00,0.0,0.0,0.1509999999999998,0.013999999999999346
2025-02-12 05:00:00,0.0,0.0,0.20400000000000773,0.015000000000000568
2025-02-12 06:00:00,0.0,0.0,0.1669999999999945,0.06250000000000355
2025-02-12 07:00:00,0.0,0.0,0.09650000000000247,0.04199999999999804
2025-02-12 08:00:00,0.0,0.0,0.10100000000000975,0.03049999999999642
2025-02-12 09:00:00,0.0,0.0,0.09600000000001074,0.027499999999999858
2025-02-12 10:00:00,0.0,0.0,0.19300000000000495,0.01600000000000179
2025-02-12 11:00:00,0.0,0.0,0.1645000000000003,0.03550000000000253
2025-02-12 12:00:00,0.0,0.0,0.026000000000003354,0.06050000000000466
2025-02-12 13:00:00,0.0,0.0,0.11350000000000193,0.05999999999999872
2025-02-12 14:00:00,0.0,0.0,0.018499999999999517,0.20950000000000202
2025-02-12 15:00:00,0.0,0.0,0.26050000000000395,0.021500000000003183
2025-02-12 16:00:00,0.0,0.0,0.05700000000000216,0.08599999999999497
2025-02-12 17:00:00,0.0,0.0,0.006499999999999062,0.13200000000000855
2025-02-12 18:00:00,0.0,0.0,0.031500000000001194,0.12849999999999895
2025-02-12 19:00:00,0.0,0.0,0.030000000000001137,0.1355000000000004
2025-02-12 20:00:00,0.0,0.0,0.03399999999999892,0.2575000000000003
2025-02-12 21:00:00,0.0,0.0,0.07600000000000762,0.06199999999999761
2025-02-12 22:00:00,0.0,0.0,0.11450000000000315,0.042500000000000426
2025-02-12 23:00:00,0.0,0.0,0.16900000000000404,0.07649999999999935
2025-02-13 00:00:00,0.0,0.0,0.042499999999996874,0.10100000000000264
2025-02-13 01:00:00,0.0,0.0,0.2270000000000003,0.019000000000001904
2025-02-13 02:00:00,0.0,0.0,0.013500000000000512,0.16149999999999665
2025-02-13 03:00:00,0.0,0.0,0.07350000000000634,0.1024999999999956
2025-02-13 04:00:00,0.0,0.0,0.09050000000000225,0.033500000000000085
2025-02-13 05:00:00,0.0,0.0,0.14899999999999736,0.035000000000003695
2025-02-13 06:00:00,0.0,0.0,0.19950000000000045,0.03999999999999915
2025-02-13 07:00:00,0.0,0.0,0.04350000000000165,0.13500000000000156
2025-02-13 08:00:00,0.0,0.0,0.016500000000004178,0.16850000000000165
2025-02-13 09:00:00,0.0,0.0,0.05699999999999861,0.04800000000000537
2025-02-13 10:00:00,0.0,0.0,0.035000000000003695,0.12600000000000833
2025-02-13 11:00:00,0.0,0.0,0.10999999999999943,0.045000000000001705
2025-02-13 12:00:00,0.0,0.0,0.09600000000000009,0.05649999999999977
2025-02-13 13:00:00,0.0,0.0,0.2295000000000016,0.005500000000001393
2025-02-13 14:00:00,0.0,0.0,0.15200000000000458,0.05699999999999861
2025-02-13 15:00:00,0.0,0.0,0.05999999999999872,0.07800000000000296
2025-02-13 16:00:00,0.0,0.0,0.06050000000000111,0.1999999999999993
2025-02-13 17:00:00,0.0,0.0,0.3210000000000015,0.0070000000000014495
2025-02-13 18:00:00,0.0,0.0,0.027000000000001023,0.07850000000000179
2025-02-13 19:00:00,0.0,0.0,0.057500000000000995,0.10100000000000264
2025-02-13 20:00:00,0.0,0.0,0.02500000000000213,0.1265000000000036
2025-02-13 21:00:00,0.0,0.0,0.08050000000000068,0.0779999999999994
2025-02-13 22:00:00,0.0,0.0,0.0730000000000075,0.05349999999999966
2025-02-13 23:00:00,0.0,0.0,0.21499999999999986,0.030500000000003524
2025-02-14 00:00:00,0.0,0.0,0.010500000000000398,0.11550000000000082
2025-02-14 01:00:00,0.0,0.0,0.11550000000000082,0.02750000000000341
2025-02-14 02:00:00,0.0,0.0,0.04749999999999943,0.11500000000000554
2025-02-14 03:00:00,0.0,0.0,0.03300000000000125,0.2290000000000063
2025-02-14 04:00:00,0.0,0.0,0.004000000000001336,0.30749999999999744
2025-02-14 05:00:00,0.0,0.0,0.0710000000000015,0.11350000000000193
2025-02-14 06:00:00,0.0,0.0,0.0765000000000029,0.23500000000000298
2025-02-14 07:00:00,0.0,0.0,0.10650000000000048,0.17800000000000082
2025-02-14 08:00:00,0.0,0.0,0.12249999999999872,0.029500000000002302
2025-02-14 09:00:00,0.0,0.0,0.15399999999999991,0.027499999999999858
2025-02-14 10:00:00,0.0,0.0,0.1285000000000025,0.03749999999999787
2025-02-14 11:00:00,0.0,0.0,0.03850000000000264,0.19000000000000483
2025-02-14 12:00:00,0.0,0.0,0.041000000000007475,0.16550000000000153
2025-02-14 13:00:00,0.0,0.0,0.08750000000000213,0.10549999999999926
2025-02-14 14:00:00,0.0,0.0,0.14150000000000063,0.027000000000001023
2025-02-14 15:00:00,0.0,0.0,0.10789473684210811,0.07421052631578855
2025-02-14 16:00:00,0.0,0.0,0.07549999999999812,0.15399999999999636
2025-02-14 17:00:00,0.0,0.0,0.09200000000000585,0.06250000000000355
2025-02-14 18:00:00,0.0,0.0,0.06150000000000233,0.1509999999999927
2025-02-14 19:00:00,0.0,0.0,0.04200000000000159,0.1235000000000035
2025-02-14 20:00:00,0.0,0.0,0.07349999999999923,0.1510000000000069
2025-02-14 21:00:00,0.0,0.0,0.09200000000000585,0.0884999999999998
2025-02-14 22:00:00,0.0,0.0,0.09599999999999653,0.045000000000001705
2025-02-14 23:00:00,0.0,0.0,0.20149999999999935,0.028500000000004633
2025-02-15 00:00:00,0.0,0.0,0.0744999999999969,0.038999999999997925
2025-02-15 01:00:00,0.0,0.0,0.1060000000000052,0.15549999999999997
2025-02-15 02:00:00,0.0,0.0,0.0940000000000083,0.06850000000000023
2025-02-15 03:00:00,0.0,0.0,0.036000000000001364,0.22500000000000142
2025-02-15 04:00:00,0.0,0.0,0.10900000000001242,0.02300000000000324
2025-02-15 05:00:00,0.0,0.0,0.08449999999999847,0.048500000000000654
2025-02-15 06:00:00,0.0,0.0,0.11350000000000193,0.05950000000000699
2025-02-15 07:00:00,0.0,0.0,0.038000000000000256,0.08400000000000674
2025-02-15 08:00:00,0.0,0.0,0.18149999999999977,0.029499999999995197
2025-02-15 09:00:00,0.0,0.0,0.1810000000000116,0.03750000000000142
2025-02-15 10:00:00,0.0,0.0,0.19850000000000634,0.035000000000003695
2025-02-15 11:00:00,0.0,0.0,0.08200000000000074,0.04749999999999943
2025-02-15 12:00:00,0.0,0.0,0.05549999999999855,0.11250000000000426
2025-02-15 13:00:00,0.0,0.0,0.042499999999996874,0.10849999999999937
2025-02-15 14:00:00,0.0,0.0,0.07500000000000284,0.0519999999999996
2025-02-15 15:00:00,0.0,0.0,0.0070000000000014495,0.2350000000000101
2025-02-15 16:00:00,0.0,0.0,0.05350000000000321,0.31299999999999883
2025-02-15 17:00:00,0.0,0.0,0.129999999999999,0.17450000000000543
2025-02-15 18:00:00,0.0,0.0,0.05049999999999599,0.08500000000000796
2025-02-15 19:00:00,0.0,0.0,0.06650000000000844,0.134999999999998
2025-02-15 20:00:00,0.0,0.0,0.10100000000000264,0.13949999999999463
2025-02-15 21:00:00,0.0,0.0,0.09849999999999426,0.03550000000000253
2025-02-15 22:00:00,0.0,0.0,0.1214999999999975,0.01899999999999835
2025-02-15 23:00:00,0.0,0.0,0.09050000000000225,0.03549999999999898
2025-02-16 00:00:00,0.0,0.0,0.013500000000000512,0.46050000000000324
2025-02-16 01:00:00,0.0,0.0,0.006499999999999062,0.185499999999994
2025-02-16 02:00:00,0.0,0.0,0.18100000000000094,0.0019999999999988916
2025-02-16 03:00:00,0.0,0.0,0.3475000000000037,0.0
2025-02-16 04:00:00,0.0,0.0,0.5599999999999987,0.0020000000000024443
2025-02-16 05:00:00,0.0,0.0,0.06249999999999645,0.05850000000000932
2025-02-16 06:00:00,0.0,0.0,0.008500000000001506,0.3424999999999976
2025-02-16 07:00:00,0.0,0.0,0.11149999999999949,0.21600000000000108
2025-02-16 08:00:00,0.0,0.0,0.18699999999999406,0.019000000000001904
2025-02-16 09:00:00,0.0,0.0,0.0835000000000008,0.038999999999997925
2025-02-16 10:00:00,0.0,0.0,0.1075000000000017,0.04649999999999821
2025-02-16 11:00:00,0.0,0.0,0.11600000000001032,0.047999999999998266
2025-02-16 12:00:00,0.0,0.0,0.031500000000001194,0.1944999999999979
2025-02-16 13:00:00,0.0,0.0,0.015500000000002956,0.33349999999999724
2025-02-16 14:00:00,0.0,0.0,0.045000000000001705,0.13650000000000162
2025-02-16 15:00:00,0.0,0.0,0.09300000000000708,0.047500000000002984
2025-02-16 16:00:00,0.0,0.0,0.07800000000000296,0.08300000000000196
2025-02-16 17:00:00,0.0,0.0,0.1319999999999979,0.08650000000000091
2025-02-16 18:00:00,0.0,0.0,0.0019999999999988916,0.19700000000000273
2025-02-16 19:00:00,0.0,0.0,0.12049999999999628,0.010500000000000398
2025-02-16 20:00:00,0.0,0.0,0.18849999999999767,0.010500000000000398
2025-02-16 21:00:00,0.0,0.0,0.15899999999999892,0.09850000000000492
2025-02-16 22:00:00,0.0,0.0,0.02500000000000213,0.2065000000000019
2025-02-16 23:00:00,0.0,0.0,0.18950000000000955,0.03550000000000253
2025-02-17 00:00:00,0.0,0.0,0.07149999999999679,0.05250000000000199
2025-02-17 01:00:00,0.0,0.0,0.06350000000000833,0.039500000000003865
2025-02-17 02:00:00,0.0,0.0,0.09100000000000108,0.0975000000000037
2025-02-17 03:00:00,0.0,0.0,0.09600000000000364,0.037499999999994316
2025-02-17 04:00:00,0.0,0.0,0.09700000000000841,0.0589999999999975
2025-02-17 05:00:00,0.0,0.0,0.14549999999999486,0.14649999999999963
2025-02-17 06:00:00,0.0,0.0,0.10849999999999582,0.07400000000000162
2025-02-17 07:00:00,0.0,0.014249999999997875,0.09850000000000136,0.5315000000000041
2025-02-17 08:00:00,0.0,0.0,0.12900000000000134,0.01950000000000074
2025-02-17 09:00:00,0.0,0.0,0.11950000000000216,0.023499999999998522
2025-02-17 10:00:00,0.0,0.0,0.15550000000000352,0.051499999999997215
2025-02-17 11:00:00,0.0,0.0,0.10800000000000409,0.232999999999997
2025-02-17 12:00:00,0.0,0.0,0.05700000000000216,0.25700000000000145
2025-02-17 13:00:00,0.0,0.0,0.17500000000000426,0.03450000000000131
2025-02-17 14:00:00,0.0,0.0,0.4024999999999963,0.0010000000000012221
2025-02-17 15:00:00,0.0,0.0,0.19849999999999568,0.032500000000002416
2025-02-17 16:00:00,0.0,0.0,0.23000000000000398,0.057500000000000995
2025-02-17 17:00:00,0.0,0.0,0.0934999999999988,0.08099999999999952
2025-02-17 18:00:00,0.0,0.0,0.0305555555555554,0.19944444444443754
2025-02-17 19:00:00,0.0,0.0,0.10421052631578594,0.04473684210526361
2025-02-17 20:00:00,0.0,0.0,0.055999999999997385,0.04800000000000537
2025-02-17 21:00:00,0.0,0.0,0.08399999999999963,0.1004999999999967
2025-02-17 22:00:00,0.0,0.0,0.07250000000000512,0.13649999999999807
2025-02-17 23:00:00,0.0,0.0,0.03200000000000003,0.11250000000000426
2025-02-18 00:00:00,0.0,0.0,0.38450000000000273,0.07450000000000045
2025-02-18 01:00:00,0.0,0.0,0.21850000000000236,0.058499999999998664
2025-02-18 02:00:00,0.0,0.0,0.12299999999999756,0.18850000000000477
2025-02-18 03:00:00,0.0,0.0,0.0,0.5774999999999935
2025-02-18 04:00:00,0.0,0.0,0.11450000000000671,0.037000000000002586
2025-02-18 05:00:00,0.0,0.0,0.06099999999999994,0.1965000000000039
2025-02-18 06:00:00,0.0,0.0,0.11299999999999599,0.17900000000000205
2025-02-18 07:00:00,0.0,0.0,0.10149999999999437,0.1130000000000031
2025-02-18 08:00:00,0.0,0.0,0.11400000000000787,0.041499999999999204
2025-02-18 09:00:00,0.0,0.0,0.013999999999999346,0.16250000000000142
2025-02-18 10:00:00,0.0,0.0,0.20842105263158311,0.025789473684213998
2025-02-18 11:00:00,0.0,0.0,0.1805000000000021,0.028999999999999915
2025-02-18 12:00:00,0.0,0.0,0.04650000000000176,0.23000000000000043
2025-02-18 13:00:00,0.0,0.0,0.11850000000000094,0.060499999999997556
2025-02-18 14:00:00,0.0,0.0,0.15249999999999986,0.032500000000002416
2025-02-18 15:00:00,0.0,0.0,0.1039999999999992,0.05700000000000571
2025-02-18 16:00:00,0.0,0.0,0.15750000000000597,0.09750000000000014
2025-02-18 17:00:00,0.0,0.0,0.058000000000006935,0.06650000000000844
2025-02-18 18:00:00,0.0,0.0,0.07899999999999707,0.2575000000000003
2025-02-18 19:00:00,0.0,0.0,0.040500000000001535,0.08350000000000435
2025-02-18 20:00:00,0.0,0.0,0.016500000000000625,0.337499999999995
2025-02-18 21:00:00,0.0,0.0,0.20050000000000523,0.0034999999999989484
2025-02-18 22:00:00,0.0,0.0,0.2855000000000061,0.023500000000005627
2025-02-18 23:00:00,0.0,0.0,0.05999999999999872,0.053000000000000824
2025-02-19 00:00:00,0.0,0.0,0.40149999999999864,0.0015000000000000568
2025-02-19 01:00:00,0.020624999999999005,0.0,0.32300000000000395,0.05700000000000216
2025-02-19 02:00:00,0.0,0.0,0.0,0.3200000000000074
2025-02-19 03:00:00,0.0,0.0,0.08249999999999957,0.2680000000000007
2025-02-19 04:00:00,0.0,0.0,0.36249999999999005,0.0
2025-02-19 05:00:00,0.0,0.0,0.2930000000000028,0.06149999999999878
2025-02-19 06:00:00,0.0,0.00987499999999919,0.2175000000000047,0.30849999999999655
2025-02-19 07:00:00,0.0,0.0,0.08600000000000207,0.12900000000000134
2025-02-19 08:00:00,0.0,0.0,0.04100000000000392,0.18650000000000233
2025-02-19 09:00:00,0.0,0.0,0.0030000000000001137,0.5545000000000009
2025-02-19 10:00:00,0.0,0.0,0.054000000000002046,0.28499999999999304
2025-02-19 11:00:00,0.0,0.0,0.052000000000003155,0.10600000000000165
2025-02-19 12:00:00,0.0,0.0,0.09750000000000014,0.04200000000000159
2025-02-19 13:00:00,0.0,0.0,0.18250000000000455,0.011499999999998067
2025-02-19 14:00:00,0.0,0.0,0.1805000000000021,0.013500000000004064
2025-02-19 15:00:00,0.00024999999999941735,0.0,0.485499999999994,0.0019999999999988916
2025-02-19 16:00:00,0.0,0.0,0.31800000000000495,0.009000000000000341
2025-02-19 17:00:00,0.0,0.0,0.26350000000000406,0.037000000000002586
2025-02-19 18:00:00,0.0,0.0012499999999997513,0.13500000000000156,0.3389999999999979
2025-02-19 19:00:00,0.0,0.0,0.027499999999999858,0.3034999999999961
2025-02-19 20:00:00,0.0,0.0,0.0,0.41700000000000514
2025-02-19 21:00:00,0.0,0.0,0.10000000000000142,0.0519999999999996
2025-02-19 22:00:00,0.0,0.0,0.1214999999999975,0.21300000000000452
2025-02-19 23:00:00,0.0,0.0,0.10999999999999943,0.052000000000003155
2025-02-20 00:00:00,0.0,0.0,0.2259999999999991,0.04100000000000037
2025-02-20 01:00:00,0.0,0.0,0.13199999999999434,0.03350000000000364
2025-02-20 02:00:00,0.0,0.0,0.022999999999999687,0.10549999999999926
2025-02-20 03:00:00,0.0,0.0,0.11000000000000298,0.048500000000004206
2025-02-20 04:00:00,0.0,0.0,0.14099999999999824,0.019000000000001904
2025-02-20 05:00:00,0.0,0.0,0.1340000000000039,0.1645000000000003
2025-02-20 06:00:00,0.0,0.0,0.03550000000000253,0.38649999999999807
2025-02-20 07:00:00,0.0,0.0006249999999994316,0.014000000000002899,0.4525000000000098
2025-02-20 08:00:00,0.0,0.0,0.28800000000000026,0.015499999999999403
2025-02-20 09:00:00,0.0,0.0,0.3684999999999974,0.010000000000001563
2025-02-20 10:00:00,0.0,0.0,0.11150000000000304,0.10150000000000148
2025-02-20 11:00:00,0.0,0.0008749999999997371,0.0,0.6114999999999988
2025-02-20 12:00:00,0.0,0.0003750000000000142,0.0,0.6674999999999927
2025-02-20 13:00:00,0.0,0.0,0.14749999999999375,0.030000000000001137
2025-02-20 14:00:00,0.0,0.0,0.38549999999999685,0.0019999999999988916
2025-02-20 15:00:00,0.0,0.0,0.33799999999999386,0.004000000000001336
2025-02-20 16:00:00,0.001875000000000071,0.0,0.32300000000000323,0.038000000000000256
2025-02-20 17:00:00,0.0,0.007124999999999382,0.07050000000000267,0.3705000000000013
2025-02-20 18:00:00,0.0,0.0,0.058499999999998664,0.0940000000000012
2025-02-20 19:00:00,0.0,0.0,0.12950000000000728,0.06550000000000367
2025-02-20 20:00:00,0.0,0.0,0.11149999999999949,0.272000000000002
2025-02-20 21:00:00,0.0,0.0,0.009000000000000341,0.2085000000000079
2025-02-20 22:00:00,0.0,0.0,0.0555000000000021,0.3694999999999986
2025-02-20 23:00:00,0.0,0.0,0.20599999999999952,0.016500000000004178
2025-02-21 00:00:00,0.0031249999999998224,0.0,0.29299999999999854,0.07249999999999801
2025-02-21 01:00:00,0.0,0.0,0.08650000000000801,0.07700000000000529
2025-02-21 02:00:00,0.0,0.0,0.23550000000000182,0.0
2025-02-21 03:00:00,0.0,0.0,0.06900000000000261,0.20549999999999713
2025-02-21 04:00:00,0.0,0.0,0.2875000000000014,0.07949999999999946
2025-02-21 05:00:00,0.0,0.0,0.21250000000000568,0.057500000000000995
2025-02-21 06:00:00,0.0,0.0,0.21149999999999736,0.07700000000000173
2025-02-21 07:00:00,0.0,0.0,0.24799999999999756,0.02449999999999619
2025-02-21 08:00:00,0.0,0.0,0.08400000000000674,0.1335000000000015
2025-02-21 09:00:00,0.0,0.0,0.09299999999999997,0.12049999999999983
2025-02-21 10:00:00,0.0,0.0,0.04200000000000159,0.07750000000000767
2025-02-21 11:00:00,0.0,0.0,0.13650000000000517,0.02100000000000435
2025-02-21 12:00:00,0.0,0.0,0.41849999999999454,0.0
2025-02-21 13:00:00,0.0,0.0,0.0555000000000021,0.19850000000000279
2025-02-21 14:00:00,0.0,0.011499999999998956,0.04999999999999716,0.38499999999999873
2025-02-21 15:00:00,0.0,0.0,0.09250000000000114,0.05600000000000449
2025-02-21 16:00:00,0.0,0.0,0.12949999999999662,0.014499999999998181
2025-02-21 17:00:00,0.0,0.0,0.11549999999999727,0.11200000000000188
2025-02-21 18:00:00,0.0,0.0,0.1025000000000027,0.06199999999999761
2025-02-21 19:00:00,0.0,0.0,0.0400000000000027,0.3405000000000058
2025-02-21 20:00:00,0.0,0.0,0.0004999999999988347,0.31549999999999656
2025-02-21 21:00:00,0.0,0.0,0.11100000000000776,0.047500000000002984
2025-02-21 22:00:00,0.0,0.0,0.12250000000000583,0.06650000000000489
2025-02-21 23:00:00,0.0,0.0,0.046999999999997044,0.13899999999999935
2025-02-22 00:00:00,0.0,0.0,0.18450000000000344,0.06549999999999656
2025-02-22 01:00:00,0.0,0.0,0.0,0.4909999999999961
2025-02-22 02:00:00,0.0,0.0,0.11350000000000549,0.07100000000000506
2025-02-22 03:00:00,0.0,0.0,0.03749999999999787,0.1560000000000059
2025-02-22 04:00:00,0.0,0.0,0.26550000000001006,0.006000000000000227
2025-02-22 05:00:00,0.0,0.0,0.4664999999999999,0.0
2025-02-22 06:00:00,0.0,0.0,0.1510000000000069,0.03400000000000247
2025-02-22 07:00:00,0.0,0.0,0.06400000000000716,0.08699999999999974
2025-02-22 08:00:00,0.0,0.0,0.09050000000000225,0.10499999999999687
2025-02-22 09:00:00,0.0,0.0,0.13250000000000028,0.046999999999997044
2025-02-22 10:00:00,0.0,0.0,0.07249999999999801,0.060000000000005826
2025-02-22 11:00:00,0.0,0.0,0.0835000000000008,0.16150000000000375
2025-02-22 12:00:00,0.0,0.0,0.05950000000000344,0.08999999999999986
2025-02-22 13:00:00,0.0,0.0,0.09500000000000242,0.033500000000000085
2025-02-22 14:00:00,0.0,0.0,0.11550000000000438,0.033500000000000085
2025-02-22 15:00:00,0.0,0.0,0.07949999999999946,0.046999999999997044
2025-02-22 16:00:00,0.0,0.0,0.19350000000000023,0.30549999999999855
2025-02-22 17:00:00,0.0,0.0,0.09849999999999781,0.059499999999996334
2025-02-22 18:00:00,0.0,0.0,0.04350000000000165,0.20250000000000057
2025-02-22 19:00:00,0.0,0.0,0.055999999999997385,0.16499999999999915
2025-02-22 20:00:00,0.0,0.0,0.03700000000000614,0.27150000000000674
2025-02-22 21:00:00,0.0,0.0,0.17600000000000904,0.02650000000000219
2025-02-22 22:00:00,0.0,0.0,0.18950000000000244,0.05850000000000577
2025-02-22 23:00:00,0.0,0.0,0.11499999999999844,0.04899999999999949
2025-02-23 00:00:00,0.0,0.0,0.15300000000000225,0.03950000000000031
2025-02-23 01:00:00,0.0003750000000000142,0.0,0.13000000000000184,0.042499999999996874
2025-02-23 02:00:00,0.0,0.0,0.0660000000000025,0.08200000000000074
2025-02-23 03:00:00,0.0,0.0,0.02100000000000435,0.18800000000000594
2025-02-23 04:00:00,0.0,0.0,0.09700000000000131,0.0400000000000027
2025-02-23 05:00:00,0.0,0.0,0.16350000000000264,0.01249999999999929
2025-02-23 06:00:00,0.0,0.0,0.06850000000000378,0.09349999999999525
2025-02-23 07:00:00,0.0,0.0,0.10549999999999926,0.03800000000000381
2025-02-23 08:00:00,0.0,0.0,0.1164999999999985,0.07650000000000645
2025-02-23 09:00:00,0.0,0.0,0.14450000000000784,0.09650000000000247
2025-02-23 10:00:00,0.0,0.0,0.16449999999999676,0.03550000000000253
2025-02-23 11:00:00,0.0,0.0,0.04650000000000176,0.19800000000000395
2025-02-23 12:00:00,0.0,0.0,0.12600000000000122,0.14999999999999858
2025-02-23 13:00:00,0.0,0.0,0.16749999999999332,0.20550000000000423
2025-02-23 14:00:00,0.0,0.0,0.08850000000000335,0.11700000000000443
2025-02-23 15:00:00,0.0,0.0,0.15399999999999991,0.05300000000000438
2025-02-23 16:00:00,0.0,0.0,0.16100000000000492,0.03049999999999997
2025-02-23 17:00:00,0.0,0.0,0.3734999999999964,0.013000000000001677
2025-02-23 18:00:00,0.0,0.0,0.12800000000000722,0.04199999999999804
2025-02-23 19:00:00,0.0,0.0,0.07950000000000657,0.029500000000002302
2025-02-23 20:00:00,0.0,0.0,0.12700000000000244,0.11850000000000094
2025-02-23 21:00:00,0.0,0.0,0.06000000000000938,0.10350000000000037
2025-02-23 22:00:00,0.0,0.0,0.04450000000000287,0.23100000000000165
2025-02-23 23:00:00,0.0,0.00649999999999995,0.0,0.5259999999999984
2025-02-24 00:00:00,0.0,0.0,0.13100000000000023,0.21649999999999991
2025-02-24 01:00:00,0.0,0.0,0.15699999999999648,0.02300000000000324
2025-02-24 02:00:00,0.0,0.0,0.16650000000000276,0.03599999999999781
2025-02-24 03:00:00,0.0,0.0,0.14650000000000318,0.03599999999999781
2025-02-24 04:00:00,0.0,0.0,0.048500000000004206,0.1944999999999979
2025-02-24 05:00:00,0.0,0.0,0.20250000000000412,0.05649999999999977
2025-02-24 06:00:00,0.0,0.0,0.23899999999999366,0.13599999999999923
2025-02-24 07:00:00,0.0,0.0,0.11249999999999716,0.06100000000000705
2025-02-24 08:00:00,0.0,0.0,0.10100000000000264,0.23749999999999716
2025-02-24 09:00:00,0.0004999999999997229,0.0,0.26550000000000223,0.03749999999999787
2025-02-24 10:00:00,0.0,0.0,0.033500000000000085,0.38900000000000645
2025-02-24 11:00:00,0.0,0.0,0.0750000000000064,0.07000000000000384
2025-02-24 12:00:00,0.0,0.0,0.24800000000000466,0.12049999999999983
2025-02-24 13:00:00,0.0,0.0,0.05749999999999744,0.19900000000000517
2025-02-24 14:00:00,0.0,0.0,0.31250000000000355,0.015999999999998238
2025-02-24 15:00:00,0.0,0.0,0.10449999999999804,0.06499999999999773
2025-02-24 16:00:00,0.0,0.0,0.07400000000000873,0.17800000000000793
2025-02-24 17:00:00,0.0,0.0,0.0730000000000004,0.07400000000000162
2025-02-24 18:00:00,0.0,0.0,0.07900000000000773,0.038999999999997925
2025-02-24 19:00:00,0.0,0.0,0.12750000000000483,0.021000000000000796
2025-02-24 20:00:00,0.0,0.0,0.06250000000000355,0.06650000000000489
2025-02-24 21:00:00,0.0,0.0,0.08299999999999841,0.06500000000000483
2025-02-24 22:00:00,0.0,0.0,0.07700000000000173,0.12800000000000367
2025-02-24 23:00:00,0.0,0.0,0.0,0.40450000000000585
2025-02-25 00:00:00,0.0,0.0,0.20050000000000523,0.02400000000000091
2025-02-25 01:00:00,0.0,0.0,0.22949999999999804,0.03550000000000253
2025-02-25 02:00:00,0.0,0.0,0.11800000000000566,0.038500000000006196
2025-02-25 03:00:00,0.0,0.0,0.16850000000000165,0.027999999999998693
2025-02-25 04:00:00,0.0,0.0,0.06150000000000588,0.12500000000000355
2025-02-25 05:00:00,0.0,0.0,0.09149999999999991,0.09199999999999875
2025-02-25 06:00:00,0.0,0.005499999999999616,0.14450000000000074,0.27599999999999836
2025-02-25 07:00:00,0.0,0.00024999999999941735,0.05600000000000449,0.22049999999999698
2025-02-25 08:00:00,0.0,0.0,0.21799999999999997,0.08500000000000085
2025-02-25 09:00:00,0.0,0.0,0.1214999999999975,0.018499999999999517
2025-02-25 10:00:00,0.0,0.0,0.09700000000000131,0.03000000000000469
2025-02-25 11:00:00,0.0,0.0,0.04499999999999815,0.09050000000000225
2025-02-25 12:00:00,0.0,0.0,0.10450000000000159,0.03999999999999915
2025-02-25 13:00:00,0.0,0.0,0.08699999999999974,0.02499999999999858
2025-02-25 14:00:00,0.0,0.0,0.05850000000000222,0.07299999999999685
2025-02-25 15:00:00,0.0,0.0,0.07350000000000279,0.1894999999999989
2025-02-25 16:00:00,0.0,0.0,0.28500000000000014,0.04400000000000048
2025-02-25 17:00:00,0.0,0.0,0.27800000000000225,0.004999999999999005
2025-02-25 18:00:00,0.0,0.0,0.04350000000000165,0.2154999999999987
2025-02-25 19:00:00,0.0,0.0,0.05449999999999733,0.09949999999999903
2025-02-25 20:00:00,0.0,0.0,0.007500000000000284,0.340999999999994
2025-02-25 21:00:00,0.0,0.0,0.1305000000000014,0.07450000000000756
2025-02-25 22:00:00,0.0,0.0,0.05449999999999733,0.3644999999999953
2025-02-25 23:00:00,0.0,0.0,0.11949999999999861,0.11900000000000688
2025-02-26 00:00:00,0.0,0.0,0.05450000000000088,0.21649999999999991
2025-02-26 01:00:00,0.0,0.0,0.08300000000000551,0.07500000000000284
2025-02-26 02:00:00,0.0,0.0,0.009499999999999176,0.2850000000000037
2025-02-26 03:00:00,0.0,0.0,0.11050000000000537,0.013000000000001677
2025-02-26 04:00:00,0.0,0.0,0.06700000000000372,0.06900000000000261
2025-02-26 05:00:00,0.0,0.0,0.09799999999999542,0.2304999999999957
2025-02-26 06:00:00,0.0,0.0003750000000000142,0.08949999999999747,0.3289999999999999
2025-02-26 07:00:00,0.0,0.0,0.1025000000000027,0.09550000000000125
2025-02-26 08:00:00,0.0,0.0,0.14150000000000418,0.03049999999999997
2025-02-26 09:00:00,0.0,0.0,0.22849999999999682,0.013000000000001677
2025-02-26 10:00:00,0.0,0.0,0.1960000000000015,0.007500000000000284
2025-02-26 11:00:00,0.0,0.0,0.2225000000000037,0.0045000000000001705
2025-02-26 12:00:00,0.0,0.0,0.3000000000000007,0.011000000000002785
2025-02-26 13:00:00,0.0,0.0,0.08049999999999713,0.07600000000000051
2025-02-26 14:00:00,0.0,0.0,0.059499999999996334,0.07600000000000051
2025-02-26 15:00:00,0.0,0.0,0.0625000000000071,0.052000000000003155
2025-02-26 16:00:00,0.0,0.0,0.05100000000000193,0.10600000000000165
2025-02-26 17:00:00,0.0,0.0,0.060000000000002274,0.2554999999999943
2025-02-26 18:00:00,0.0,0.0,0.04450000000000287,0.10949999999999349
2025-02-26 19:00:00,0.0,0.0,0.06899999999999906,0.11949999999999861
2025-02-26 20:00:00,0.0,0.0,0.04399999999999693,0.15799999999999415
2025-02-26 21:00:00,0.0,0.0,0.06250000000000355,0.12099999999999511
2025-02-26 22:00:00,0.0,0.0,0.09600000000000364,0.048500000000004206
2025-02-26 23:00:00,0.0,0.0,0.15900000000000247,0.030500000000003524
2025-02-27 00:00:00,0.0,0.0,0.13649999999999807,0.054500000000004434
2025-02-27 01:00:00,0.0,0.0,0.01950000000000074,0.23599999999999355
2025-02-27 02:00:00,0.0,0.0,0.06449999999999889,0.047500000000002984
2025-02-27 03:00:00,0.0,0.0,0.2010000000000005,0.004000000000001336
2025-02-27 04:00:00,0.0,0.0,0.15549999999999997,0.09250000000000114
2025-02-27 05:00:00,0.0,0.0,0.15850000000000364,0.04150000000000276
2025-02-27 06:00:00,0.0,0.0,0.15500000000000114,0.03800000000000381
2025-02-27 07:00:00,0.0,0.0,0.02850000000000108,0.09950000000000614
2025-02-27 08:00:00,0.0,0.0,0.07450000000000401,0.054999999999999716
2025-02-27 09:00:00,0.0,0.0,0.45549999999999713,0.013500000000000512
2025-02-27 10:00:00,0.0,0.0,0.15200000000000102,0.08650000000000091
2025-02-27 11:00:00,0.0,0.0,0.06550000000000722,0.07950000000000301
2025-02-27 12:00:00,0.0,0.0,0.03350000000000364,0.14000000000000057
2025-02-27 13:00:00,0.0,0.0,0.04800000000000182,0.05850000000000222
2025-02-27 14:00:00,0.0,0.0,0.04100000000000392,0.09450000000000713
2025-02-27 15:00:00,0.0,0.0,0.0,0.25849999999999795
2025-02-27 16:00:00,0.0,0.0,0.0870000000000033,0.04550000000000409
2025-02-27 17:00:00,0.0,0.0,0.0940000000000012,0.05800000000000338
2025-02-27 18:00:00,0.0,0.0,0.04749999999999943,0.06449999999999889
2025-02-27 19:00:00,0.0,0.0,0.04899999999999949,0.10200000000000387
2025-02-27 20:00:00,0.0,0.0,0.036000000000001364,0.07450000000000401
2025-02-27 21:00:00,0.0,0.0,0.07499999999999929,0.10699999999999577
2025-02-27 22:00:00,0.0,0.0,0.18700000000000472,0.09250000000000469
2025-02-27 23:00:00,0.0,0.0,0.1475000000000044,0.07199999999999918
2025-02-28 00:00:00,0.0,0.0,0.177500000000002,0.04800000000000537
2025-02-28 01:00:00,0.0,0.0,0.09100000000000108,0.033500000000000085
2025-02-28 02:00:00,0.0,0.0,0.1385000000000005,0.06349999999999767
2025-02-28 03:00:00,0.0,0.0,0.015999999999998238,0.18200000000000216
2025-02-28 04:00:00,0.0,0.0,0.05000000000000071,0.059000000000004604
2025-02-28 05:00:00,0.0,0.0,0.10550000000000637,0.08599999999999852
2025-02-28 06:00:00,0.0,0.0,0.12500000000000355,0.17949999999999733
2025-02-28 07:00:00,0.0,0.0,0.12350000000000705,0.08099999999999952
2025-02-28 08:00:00,0.0,0.0,0.08249999999999957,0.10749999999999815
2025-02-28 09:00:00,0.0,0.0,0.02400000000000091,0.1750000000000007
2025-02-28 10:00:00,0.0,0.0,0.06500000000000483,0.08299999999999841
2025-02-28 11:00:00,0.0,0.0,0.06700000000000017,0.038000000000000256
2025-02-28 12:00:00,0.0,0.0,0.05150000000000077,0.06600000000000605
2025-02-28 13:00:00,0.0,0.0,0.0934999999999988,0.04100000000000392
2025-02-28 14:00:00,0.0,0.0,0.3604999999999947,0.0
2025-02-28 15:00:00,0.0,0.0,0.06799999999999784,0.08450000000000202
2025-02-28 16:00:00,0.0,0.0014999999999991687,0.0,0.4370000000000033
2025-02-28 17:00:00,0.0,0.008749999999999147,0.07200000000000273,0.4590000000000032
2025-02-28 18:00:00,0.0,0.0,0.04650000000000176,0.34050000000000225
2025-02-28 19:00:00,0.0,0.0,0.1805000000000021,0.07300000000000395
2025-02-28 20:00:00,0.0,0.0,0.1720000000000006,0.043499999999998096
2025-02-28 21:00:00,0.0,0.0,0.3660000000000032,0.007999999999999119
2025-02-28 22:00:00,0.0,0.0,0.10850000000000293,0.08050000000000068
2025-02-28 23:00:00,0.0,0.0,0.18049999999999855,0.10099999999999909
2025-03-01 00:00:00,0.0,0.0,0.06700000000000372,0.10050000000000026
2025-03-01 01:00:00,0.0,0.0,0.0259999999999998,0.09999999999999787
2025-03-01 02:00:00,0.0,0.0,0.0,0.22699999999999676
2025-03-01 03:00:00,0.0,0.0,0.11150000000000304,0.038000000000000256
2025-03-01 04:00:00,0.0,0.0,0.27399999999999736,0.004000000000001336
2025-03-01 05:00:00,0.0,0.0,0.05700000000000216,0.08450000000000202
2025-03-01 06:00:00,0.0,0.0017499999999994742,0.09300000000000708,0.259500000000002
2025-03-01 07:00:00,0.0,0.0,0.08399999999999963,0.16199999999999548
2025-03-01 08:00:00,0.0,0.0,0.19450000000000855,0.0019999999999988916
2025-03-01 09:00:00,0.0,0.0,0.19349999999999667,0.012000000000000455
2025-03-01 10:00:00,0.0,0.0,0.11000000000000654,0.07049999999999912
2025-03-01 11:00:00,0.0,0.0,0.06499999999999773,0.13500000000000156
2025-03-01 12:00:00,0.0,0.0,0.10849999999999937,0.13150000000000617
2025-03-01 13:00:00,0.0,0.0,0.04649999999999821,0.10699999999999932
2025-03-01 14:00:00,0.0,0.0,0.0730000000000004,0.04650000000000176
2025-03-01 15:00:00,0.0,0.0,0.08950000000000458,0.03650000000000375
2025-03-01 16:00:00,0.0,0.0,0.12450000000000472,0.15500000000000114
2025-03-01 17:00:00,0.0,0.0,0.12749999999999773,0.047500000000002984
2025-03-01 18:00:00,0.0,0.0,0.14149999999999352,0.06850000000000378
2025-03-01 19:00:00,0.0,0.0,0.027499999999999858,0.15599999999999525
2025-03-01 20:00:00,0.0,0.0,0.18649999999999523,0.2769999999999939
2025-03-01 21:00:00,0.0,0.0,0.04050000000000509,0.17800000000000082
2025-03-01 22:00:00,0.0,0.0,0.1025000000000027,0.05150000000000077
2025-03-01 23:00:00,0.0,0.0,0.03949999999999676,0.27899999999999636
2025-03-02 00:00:00,0.0,0.0,0.07400000000000162,0.08200000000000074
2025-03-02 01:00:00,0.0,0.0,0.21799999999999997,0.019999999999999574
2025-03-02 02:00:00,0.0,0.0,0.0940000000000083,0.0365000000000002
2025-03-02 03:00:00,0.0,0.0,0.2010000000000005,0.0259999999999998
2025-03-02 04:00:00,0.0,0.0,0.11000000000000298,0.038000000000000256
2025-03-02 05:00:00,0.0,0.0,0.1460000000000008,0.023999999999997357
2025-03-02 06:00:00,0.0,0.0,0.0034999999999989484,0.19050000000001077
2025-03-02 07:00:00,0.0,0.0,0.0639999999999965,0.17249999999999943
2025-03-02 08:00:00,0.0,0.0,0.07850000000000534,0.04050000000000509
2025-03-02 09:00:00,0.0,0.0,0.10550000000000637,0.09000000000000341
2025-03-02 10:00:00,0.0,0.0,0.08600000000000563,0.07000000000000384
2025-03-02 11:00:00,0.0,0.0,0.0034999999999989484,0.2909999999999968
2025-03-02 12:00:00,0.0,0.0016249999999997655,0.0,0.4055000000000028
2025-03-02 13:00:00,0.0,0.0,0.10650000000000404,0.12300000000000111
2025-03-02 14:00:00,0.00024999999999941735,0.0,0.42850000000000604,0.0
2025-03-02 15:00:00,0.0129999999999999,0.0,0.32950000000000446,0.04299999999999926
2025-03-02 16:00:00,0.0,0.0,0.23300000000000054,0.0365000000000002
2025-03-02 17:00:00,0.0,0.0,0.18500000000000227,0.030999999999998806
2025-03-02 18:00:00,0.0,0.0,0.18149999999999977,0.16300000000000026
2025-03-02 19:00:00,0.0,0.0,0.0070000000000014495,0.3819999999999979
2025-03-02 20:00:00,0.0,0.0,0.23150000000000404,0.08550000000000324
2025-03-02 21:00:00,0.0,0.0,0.04900000000000304,0.26750000000000185
2025-03-02 22:00:00,0.0,0.0022500000000000853,0.0,0.5024999999999971
2025-03-02 23:00:00,0.0,0.0,0.15100000000000335,0.0470000000000006
2025-03-03 00:00:00,0.0,0.0,0.08850000000000335,0.018000000000000682
2025-03-03 01:00:00,0.0,0.0,0.15100000000000335,0.06750000000000256
2025-03-03 02:00:00,0.0,0.0,0.048500000000000654,0.2445000000000057
2025-03-03 03:00:00,0.0,0.0,0.0940000000000012,0.02400000000000091
2025-03-03 04:00:00,0.0,0.0,0.16249999999999787,0.04700000000000415
2025-03-03 05:00:00,0.0,0.0,0.17300000000000537,0.057500000000000995
2025-03-03 06:00:00,0.0,0.0,0.12800000000000722,0.07649999999999935
2025-03-03 07:00:00,0.0,0.0,0.1455000000000055,0.09950000000000259
2025-03-03 08:00:00,0.0,0.0,0.1305000000000085,0.04749999999999943
2025-03-03 09:00:00,0.0,0.0,0.07900000000000418,0.08350000000000435
2025-03-03 10:00:00,0.0,0.0,0.042500000000000426,0.2575000000000074
2025-03-03 11:00:00,0.0,0.0,0.005500000000001393,0.38750000000000284
2025-03-03 12:00:00,0.0,0.0,0.09600000000000009,0.1810000000000045
2025-03-03 13:00:00,0.0,0.0,0.12950000000000372,0.15400000000000347
2025-03-03 14:00:00,0.0,0.0,0.30200000000000315,0.015000000000000568
2025-03-03 15:00:00,0.0,0.0,0.42999999999999616,0.024499999999999744
2025-03-03 16:00:00,0.0,0.0,0.10550000000000637,0.05850000000000222
2025-03-03 17:00:00,0.0,0.0,0.2184999999999988,0.08550000000000324
2025-03-03 18:00:00,0.0,0.0,0.11650000000000205,0.06499999999999773
2025-03-03 19:00:00,0.0,0.0,0.056500000000003325,0.16750000000000398
2025-03-03 20:00:00,0.0,0.0,0.018499999999999517,0.25850000000000506
2025-03-03 21:00:00,0.0,0.0,0.17600000000000193,0.005500000000001393
2025-03-03 22:00:00,0.0,0.0,0.06450000000000244,0.1544999999999952
2025-03-03 23:00:00,0.0003750000000000142,0.0,0.12050000000000267,0.06150000000000588
2025-03-04 00:00:00,0.0,0.0,0.15749999999999814,0.059000000000004604
2025-03-04 01:00:00,0.0,0.0,0.1095000000000006,0.0660000000000025
2025-03-04 02:00:00,0.0,0.0,0.13299999999999912,0.038000000000000256
2025-03-04 03:00:00,0.0,0.0,0.11350000000000904,0.05600000000000449
2025-03-04 04:00:00,0.0,0.0,0.1285000000000025,0.11400000000000432
2025-03-04 05:00:00,0.0,0.0,0.24349999999999739,0.0954999999999977
2025-03-04 06:00:00,0.0,0.0,0.13049999999999784,0.14600000000000435
2025-03-04 07:00:00,0.0,0.0,0.11949999999999861,0.1165000000000056
2025-03-04 08:00:00,0.0,0.0017499999999994742,0.09750000000000014,0.2234999999999971
2025-03-04 09:00:00,0.0,0.0,0.1269999999999989,0.09500000000000242
2025-03-04 10:00:00,0.0,0.0,0.0990000000000073,0.17949999999999733
2025-03-04 11:00:00,0.0012499999999997513,0.0,0.21149999999999664,0.06550000000000011
2025-03-04 12:00:00,0.0,0.0012499999999997513,0.10500000000000398,0.22700000000000314
2025-03-04 13:00:00,0.0,0.0,0.10400000000000276,0.056500000000003325
2025-03-04 14:00:00,0.0,0.0,0.12600000000000833,0.04499999999999815
2025-03-04 15:00:00,0.0,0.0,0.18250000000000455,0.018000000000000682
2025-03-04 16:00:00,0.0,0.0,0.1559999999999988,0.04649999999999821
2025-03-04 17:00:00,0.0,0.0,0.13349999999999795,0.08800000000000097
2025-03-04 18:00:00,0.0,0.0,0.015999999999998238,0.4574999999999996
2025-03-04 19:00:00,0.0,0.0,0.17700000000000315,0.04400000000000048
2025-03-04 20:00:00,0.0,0.0,0.04250000000000398,0.35649999999999693
2025-03-04 21:00:00,0.0,0.0,0.058499999999998664,0.3349999999999973
2025-03-04 22:00:00,0.0011250000000000426,0.0,0.1904999999999994,0.0730000000000004
2025-03-04 23:00:00,0.0,0.0,0.1655000000000051,0.04800000000000182
2025-03-05 00:00:00,0.0021249999999994884,0.0,0.43750000000000283,0.07049999999999912
2025-03-05 01:00:00,0.0012499999999997513,0.0,0.13099999999999595,0.18500000000000227
2025-03-05 02:00:00,0.0,0.0,0.17650000000000787,0.03750000000000142
2025-03-05 03:00:00,0.0,0.0,0.07649999999999935,0.02499999999999858
2025-03-05 04:00:00,0.0,0.0,0.07299999999999685,0.07400000000000162
2025-03-05 05:00:00,0.0,0.0,0.1355000000000004,0.056500000000003325
2025-03-05 06:00:00,0.0,0.0,0.13499999999999446,0.07600000000000051
2025-03-05 07:00:00,0.0,0.0,0.08849999999999625,0.2674999999999983
2025-03-05 08:00:00,0.0,0.0,0.08749999999999858,0.08049999999999713
2025-03-05 09:00:00,0.0,0.0,0.041499999999999204,0.16800000000000992
2025-03-05 10:00:00,0.0,0.0,0.21450000000000102,0.10850000000000293
2025-03-05 11:00:00,0.0,0.0,0.11900000000000333,0.07750000000000057
2025-03-05 12:00:00,0.0,0.0,0.10549999999999571,0.24999999999999645
2025-03-05 13:00:00,0.0,0.0,0.14650000000000318,0.04150000000000276
2025-03-05 14:00:00,0.0,0.0,0.1999999999999993,0.04700000000000415
2025-03-05 15:00:00,0.0,0.003249999999999531,0.2354999999999947,0.12050000000000267
2025-03-05 16:00:00,0.0,0.0,0.14899999999999736,0.1595000000000013
2025-03-05 17:00:00,0.0,0.0,0.08900000000000219,0.10199999999999676
2025-03-05 18:00:00,0.0,0.0,0.036999999999999034,0.15650000000000475
2025-03-05 19:00:00,0.0,0.0,0.11850000000000449,0.013500000000000512
2025-03-05 20:00:00,0.0,0.0,0.10249999999999915,0.07800000000000296
2025-03-05 21:00:00,0.0,0.0,0.053999999999998494,0.04899999999999949
2025-03-05 22:00:00,0.0,0.0,0.08900000000000219,0.06650000000000134
2025-03-05 23:00:00,0.0,0.0,0.0694999999999979,0.08950000000000102
2025-03-06 00:00:00,0.003874999999999851,0.0,0.18400000000000033,0.11200000000000188
2025-03-06 01:00:00,0.0,0.0,0.043499999999998096,0.129999999999999
2025-03-06 02:00:00,0.0,0.0,0.12899999999999778,0.0365000000000002
2025-03-06 03:00:00,0.0,0.0,0.054000000000002046,0.10249999999999915
2025-03-06 04:00:00,0.0,0.0,0.09999999999999787,0.0505000000000031
2025-03-06 05:00:00,0.0,0.0,0.010000000000001563,0.34599999999999653
2025-03-06 06:00:00,0.0,0.0,0.1545000000000023,0.10800000000000409
2025-03-06 07:00:00,0.0,0.0,0.19000000000000483,0.03049999999999997
2025-03-06 08:00:00,0.0,0.0,0.05850000000000577,0.06900000000000261
2025-03-06 09:00:00,0.0,0.0,0.1374999999999993,0.11150000000000304
2025-03-06 10:00:00,0.0,0.0,0.15300000000000225,0.11999999999999744
2025-03-06 11:00:00,0.0,0.0,0.0715000000000039,0.25800000000000267
2025-03-06 12:00:00,0.0006249999999994316,0.0,0.18949999999999817,0.12200000000000344
2025-03-06 13:00:00,0.0,0.0,0.18300000000000338,0.026000000000006906
2025-03-06 14:00:00,0.0,0.0,0.1650000000000027,0.1075000000000017
2025-03-06 15:00:00,0.0,0.0,0.1290000000000049,0.09099999999999753
2025-03-06 16:00:00,0.0,0.0,0.09600000000000009,0.14299999999999713
2025-03-06 17:00:00,0.002874999999999517,0.0,0.32100000000000006,0.033500000000000085
2025-03-06 18:00:00,0.0,0.0,0.09450000000000358,0.08399999999999963
2025-03-06 19:00:00,0.0,0.0,0.14949999999999974,0.06349999999999412
2025-03-06 20:00:00,0.0,0.0,0.06099999999999994,0.11000000000000298
2025-03-06 21:00:00,0.0,0.0,0.2785000000000011,0.010000000000001563
2025-03-06 22:00:00,0.0,0.0,0.03500000000000014,0.21350000000000335
2025-03-06 23:00:00,0.0,0.0,0.06550000000000011,0.18250000000000455
2025-03-07 00:00:00,0.0,0.0,0.07949999999999591,0.08599999999999497
2025-03-07 01:00:00,0.0,0.0,0.09250000000000114,0.06349999999999767
2025-03-07 02:00:00,0.0,0.0,0.04250000000000753,0.022000000000002018
2025-03-07 03:00:00,0.0,0.0,0.05799999999999628,0.08449999999999847
2025-03-07 04:00:00,0.0,0.0,0.1235000000000035,0.05600000000000094
2025-03-07 05:00:00,0.0,0.0,0.09999999999999787,0.11400000000000077
2025-03-07 06:00:00,0.0,0.0,0.0779999999999994,0.2035000000000018
2025-03-07 07:00:00,0.0,0.0,0.11749999999999616,0.054500000000004434
2025-03-07 08:00:00,0.0,0.0,0.04749999999999943,0.0715000000000039
2025-03-07 09:00:00,0.0,0.0,0.08600000000000563,0.047500000000002984
2025-03-07 10:00:00,0.0,0.0,0.03549999999999898,0.19050000000000367
2025-03-07 11:00:00,0.0,0.0,0.06649999999999778,0.10450000000000159
2025-03-07 12:00:00,0.0,0.0,0.1564999999999941,0.06800000000000495
2025-03-07 13:00:00,0.0,0.0,0.07550000000000523,0.1504999999999974
2025-03-07 14:00:00,0.0,0.0,0.16200000000000614,0.0625
2025-03-07 15:00:00,0.0,0.0,0.16649999999999565,0.05600000000000094
2025-03-07 16:00:00,0.0,0.0,0.10400000000000276,0.1305000000000014
2025-03-07 17:00:00,0.0,0.002249999999999197,0.062000000000001165,0.4844999999999985
2025-03-07 18:00:00,0.0,0.0,0.08450000000000202,0.05999999999999872
2025-03-07 19:00:00,0.0,0.0,0.021499999999996078,0.285499999999999
2025-03-07 20:00:00,0.0,0.0,0.0920000000000023,0.07699999999999818
2025-03-07 21:00:00,0.0,0.0,0.17150000000000176,0.03850000000000264
2025-03-07 22:00:00,0.0,0.0,0.12800000000000722,0.04599999999999582
2025-03-07 23:00:00,0.0,0.0,0.18400000000000105,0.04049999999999798
2025-03-08 00:00:00,0.0,0.0,0.07499999999999929,0.0940000000000012
2025-03-08 01:00:00,0.0,0.0,0.20099999999999696,0.03100000000000236
2025-03-08 02:00:00,0.0,0.0,0.12500000000000355,0.11899999999999622
2025-03-08 03:00:00,0.0,0.0,0.08800000000000807,0.052000000000003155
2025-03-08 04:00:00,0.0,0.0,0.1010000000000062,0.07300000000000395
2025-03-08 05:00:00,0.0,0.0,0.11900000000000333,0.053999999999998494
2025-03-08 06:00:00,0.0,0.0,0.015499999999999403,0.2380000000000031
2025-03-08 07:00:00,0.0,0.0,0.127000000000006,0.013000000000001677
2025-03-08 08:00:00,0.0,0.0,0.10849999999999937,0.019999999999999574
2025-03-08 09:00:00,0.0,0.0,0.08250000000000313,0.054999999999999716
2025-03-08 10:00:00,0.0,0.0,0.030999999999998806,0.24149999999999494
2025-03-08 11:00:00,0.0,0.0,0.08500000000001151,0.03999999999999915
2025-03-08 12:00:00,0.0,0.0,0.16949999999999577,0.07249999999999801
2025-03-08 13:00:00,0.0,0.0,0.125,0.050499999999999545
2025-03-08 14:00:00,0.0,0.0,0.1410000000000018,0.08400000000000318
2025-03-08 15:00:00,0.0,0.0,0.22299999999999542,0.051000000000005485
2025-03-08 16:00:00,0.0,0.0,0.1340000000000039,0.07250000000000156
2025-03-08 17:00:00,0.0,0.0,0.12200000000000699,0.043499999999998096
2025-03-08 18:00:00,0.0,0.0,0.029500000000002302,0.16449999999999676
2025-03-08 19:00:00,0.0,0.0,0.09600000000000009,0.04499999999999815
2025-03-08 20:00:00,0.0,0.0,0.08949999999999747,0.04949999999999832
2025-03-08 21:00:00,0.0,0.0,0.1339999999999968,0.07550000000000523
2025-03-08 22:00:00,0.0,0.0,0.049500000000001876,0.069500000000005
2025-03-08 23:00:00,0.0,0.0,0.11550000000000438,0.09700000000000131
2025-03-09 00:00:00,0.0,0.0,0.0730000000000075,0.07750000000000412
2025-03-09 01:00:00,0.0,0.0,0.07499999999999929,0.07900000000000063
2025-03-09 02:00:00,0.0,0.0,0.047500000000002984,0.0715000000000039
2025-03-09 03:00:00,0.0,0.0,0.05750000000000455,0.06499999999999773
2025-03-09 04:00:00,0.0,0.0,0.05350000000000321,0.06649999999999778
2025-03-09 05:00:00,0.0,0.0,0.10800000000000765,0.06700000000000372
2025-03-09 06:00:00,0.0,0.0016249999999997655,0.0,0.3794999999999959
2025-03-09 07:00:00,0.0,0.0,0.12199999999999633,0.06950000000000145
2025-03-09 08:00:00,0.0,0.0,0.0694999999999979,0.043000000000002814
2025-03-09 09:00:00,0.0,0.0,0.06150000000000233,0.14649999999999963
2025-03-09 10:00:00,0.002749999999999808,0.0,0.18599999999999922,0.13949999999999108
2025-03-09 11:00:00,0.0,0.0,0.08300000000000196,0.054500000000004434
2025-03-09 12:00:00,0.0,0.0,0.1355000000000075,0.014000000000002899
2025-03-09 13:00:00,0.0,0.0,0.08899999999999508,0.19399999999999906
2025-03-09 14:00:00,0.0,0.0,0.08849999999999625,0.05850000000000222
2025-03-09 15:00:00,0.0,0.0,0.14350000000000307,0.17950000000000088
2025-03-09 16:00:00,0.0,0.0,0.19150000000000134,0.060499999999997556
2025-03-09 17:00:00,0.0,0.0,0.12299999999999756,0.10099999999999554
2025-03-09 18:00:00,0.0,0.0,0.0884999999999998,0.10200000000000742
2025-03-09 19:00:00,0.0,0.0,0.057500000000000995,0.0625000000000071
2025-03-09 20:00:00,0.0,0.0,0.11150000000001015,0.030000000000001137
2025-03-09 21:00:00,0.0,0.0,0.11749999999999616,0.08200000000000429
2025-03-09 22:00:00,0.0,0.0,0.08400000000000318,0.0505000000000031
2025-03-09 23:00:00,0.0,0.0,0.04899999999999949,0.08650000000000446
2025-03-10 00:00:00,0.0,0.0,0.07600000000000051,0.0625
2025-03-10 01:00:00,0.0,0.0,0.11950000000000571,0.0905000000000058
2025-03-10 02:00:00,0.0,0.0,0.07199999999999207,0.024500000000003297
2025-03-10 03:00:00,0.0,0.0,0.08399999999999963,0.04450000000000642
2025-03-10 04:00:00,0.0,0.0,0.06650000000000489,0.0870000000000104
2025-03-10 05:00:00,0.0,0.0,0.1180000000000021,0.06850000000000023
2025-03-10 06:00:00,0.0,0.0,0.07900000000000063,0.10849999999999937
2025-03-10 07:00:00,0.0,0.0,0.10200000000000031,0.09950000000000259
2025-03-10 08:00:00,0.0,0.0,0.07800000000000651,0.11550000000000082
2025-03-10 09:00:00,0.0,0.0,0.12700000000000244,0.042500000000000426
2025-03-10 10:00:00,0.0,0.0,0.07500000000000284,0.08450000000000557
2025-03-10 11:00:00,0.0,0.0,0.11749999999999972,0.04449999999999932
2025-03-10 12:00:00,0.0,0.0,0.06549999999999656,0.0625
2025-03-10 13:00:00,0.0,0.0,0.06750000000000256,0.062000000000001165
2025-03-10 14:00:00,0.0,0.0,0.08699999999999974,0.045999999999999375
2025-03-10 15:00:00,0.0,0.0,0.09150000000000702,0.10200000000000031
2025-03-10 16:00:00,0.0,0.0,0.06149999999999878,0.06900000000000261
2025-03-10 17:00:00,0.0,0.0,0.07350000000000279,0.16300000000000736
2025-03-10 18:00:00,0.0,0.0,0.07650000000000645,0.04100000000000037
2025-03-10 19:00:00,0.0,0.0,0.10999999999999588,0.0484999999999971
2025-03-10 20:00:00,0.0,0.0,0.09200000000000585,0.10400000000000631
2025-03-10 21:00:00,0.0,0.0,0.11449999999999605,0.08750000000000213
2025-03-10 22:00:00,0.0,0.0,0.1525000000000034,0.08300000000000196
2025-03-10 23:00:00,0.0,0.0,0.10999999999999943,0.11700000000000088
2025-03-11 00:00:00,0.0,0.0,0.07399999999999807,0.067499999999999
2025-03-11 01:00:00,0.0,0.0,0.1395000000000053,0.06150000000000233
2025-03-11 02:00:00,0.0,0.0,0.05799999999999983,0.0934999999999988
2025-03-11 03:00:00,0.0,0.0,0.12499999999999645,0.0975000000000037
2025-03-11 04:00:00,0.0,0.0,0.0660000000000025,0.09749999999999659
2025-03-11 05:00:00,0.0,0.0,0.07900000000000418,0.08100000000000307
2025-03-11 06:00:00,0.0,0.0,0.051000000000005485,0.2715000000000032
2025-03-11 07:00:00,0.0,0.0,0.20700000000000074,0.038000000000000256
2025-03-11 08:00:00,0.0,0.0,0.06650000000000134,0.07250000000000512
2025-03-11 09:00:00,0.0,0.0,0.06299999999999883,0.1180000000000021
2025-03-11 10:00:00,0.0,0.0,0.07850000000000179,0.044000000000004036
2025-03-11 11:00:00,0.0,0.0,0.07400000000000517,0.02650000000000219
2025-03-11 12:00:00,0.0,0.0,0.0625,0.14550000000000196
2025-03-11 13:00:00,0.0,0.0,0.06750000000000256,0.04149999999999565
2025-03-11 14:00:00,0.0,0.0,0.12650000000000006,0.08899999999999508
2025-03-11 15:00:00,0.0,0.0,0.07450000000000756,0.08600000000000207
2025-03-11 16:00:00,0.0,0.0,0.06350000000000122,0.07849999999999469
2025-03-11 17:00:00,0.0,0.0,0.08600000000000207,0.06850000000000733
2025-03-11 18:00:00,0.0,0.0,0.0400000000000027,0.08549999999999258
2025-03-11 19:00:00,0.0,0.0,0.060000000000002274,0.02500000000000213
2025-03-11 20:00:00,0.0,0.0,0.08450000000000202,0.05700000000000571
2025-03-11 21:00:00,0.0,0.0,0.09500000000000242,0.07400000000000162
2025-03-11 22:00:00,0.0,0.0,0.08450000000000202,0.05449999999999733
2025-03-11 23:00:00,0.0,0.0,0.09150000000000347,0.11500000000000554
2025-03-12 00:00:00,0.0017499999999994742,0.0,0.1785000000000025,0.07750000000000057
2025-03-12 01:00:00,0.0,0.0,0.05999999999999872,0.07699999999999818
2025-03-12 02:00:00,0.0,0.0,0.03400000000000247,0.08050000000000068
2025-03-12 03:00:00,0.0,0.0,0.09200000000000585,0.07349999999999923
2025-03-12 04:00:00,0.0,0.0,0.028500000000004633,0.07549999999999457
2025-03-12 05:00:00,0.0,0.0,0.07550000000000168,0.069500000000005
2025-03-12 06:00:00,0.0,0.0,0.08950000000000102,0.0934999999999988
2025-03-12 07:00:00,0.0,0.0,0.08599999999999852,0.018499999999999517
2025-03-12 08:00:00,0.0,0.0,0.08450000000000202,0.07149999999999679
2025-03-12 09:00:00,0.0,0.0,0.06400000000000716,0.09600000000000364
2025-03-12 10:00:00,0.0,0.0,0.017500000000001847,0.10800000000000409
2025-03-12 11:00:00,0.0,0.0,0.0315000000000083,0.05649999999999622
2025-03-12 12:00:00,0.0,0.0,0.10450000000000514,0.07150000000000745
2025-03-12 13:00:00,0.0,0.0,0.054500000000004434,0.033999999999991815
2025-03-12 14:00:00,0.0,0.0,0.10099999999999909,0.069500000000005
2025-03-12 15:00:00,0.0,0.0,0.07600000000000406,0.0519999999999996
2025-03-12 16:00:00,0.0,0.0,0.05900000000000105,0.11050000000000182
2025-03-12 17:00:00,0.0,0.0,0.09299999999999642,0.13500000000000156
2025-03-12 18:00:00,0.0,0.0,0.11750000000000327,0.09049999999999869
2025-03-12 19:00:00,0.0,0.0,0.06900000000000261,0.07500000000000284
2025-03-12 20:00:00,0.0,0.0,0.1059999999999981,0.07499999999999929
2025-03-12 21:00:00,0.0,0.0,0.06850000000000023,0.07299999999999685
2025-03-12 22:00:00,0.0,0.0,0.06500000000000483,0.04299999999999926
2025-03-12 23:00:00,0.0,0.0,0.07700000000000529,0.09350000000000236
2025-03-13 00:00:00,0.0,0.0,0.07600000000000051,0.06599999999999895
2025-03-13 01:00:00,0.0,0.0,0.09049999999999869,0.05099999999999838
2025-03-13 02:00:00,0.0,0.0,0.055999999999997385,0.069500000000005
2025-03-13 03:00:00,0.0,0.0,0.053499999999992554,0.05750000000000455
2025-03-13 04:00:00,0.0,0.0,0.06449999999999889,0.061000000000003496
2025-03-13 05:00:00,0.0,0.0,0.11000000000000654,0.03450000000000131
2025-03-13 06:00:00,0.0,0.0,0.09300000000000352,0.08299999999999841
2025-03-13 07:00:00,0.0,0.0,0.07750000000000057,0.07849999999999824
2025-03-13 08:00:00,0.0,0.0,0.06149999999999878,0.10099999999999909
2025-03-13 09:00:00,0.0,0.0,0.046500000000005315,0.06650000000000134
2025-03-13 10:00:00,0.0,0.0,0.09050000000000225,0.10550000000000637
2025-03-13 11:00:00,0.0,0.0,0.10499999999998977,0.04100000000000392
2025-03-13 12:00:00,0.0,0.0,0.07050000000000267,0.057500000000000995
2025-03-13 13:00:00,0.0,0.0,0.04499999999999105,0.0400000000000027
2025-03-13 14:00:00,0.0,0.0,0.01249999999999929,0.08649999999999736
2025-03-13 15:00:00,0.0,0.0,0.09600000000000009,0.07699999999999818
2025-03-13 16:00:00,0.0,0.0,0.11699999999999733,0.0975000000000037
2025-03-13 17:00:00,0.0,0.0,0.12100000000000577,0.06350000000000477
2025-03-13 18:00:00,0.0,0.0,0.06500000000000483,0.05649999999999977
2025-03-13 19:00:00,0.0,0.0,0.06299999999999883,0.09050000000000225
2025-03-13 20:00:00,0.0,0.0,0.17350000000000065,0.053000000000000824
2025-03-13 21:00:00,0.0,0.0,0.0470000000000006,0.13500000000000512
2025-03-13 22:00:00,0.0,0.0,0.10500000000000398,0.0815000000000019
2025-03-13 23:00:00,0.0,0.0,0.09600000000000364,0.09649999999999537
2025-03-14 00:00:00,0.0,0.0,0.1095000000000006,0.1095000000000006
2025-03-14 01:00:00,0.0,0.0,0.08400000000000674,0.06800000000000139
2025-03-14 02:00:00,0.0,0.0,0.14000000000000057,0.06500000000000128
2025-03-14 03:00:00,0.0,0.0,0.31649999999999423,0.07100000000000861
2025-03-14 04:00:00,0.0,0.0,0.07549999999999457,0.06500000000000483
2025-03-14 05:00:00,0.0,0.0,0.04800000000000182,0.08649999999999025
2025-03-14 06:00:00,0.0,0.0,0.0730000000000004,0.06850000000000378
2025-03-14 07:00:00,0.0,0.0,0.0884999999999998,0.11000000000000298
2025-03-14 08:00:00,0.0,0.0,0.09250000000000469,0.062000000000001165
2025-03-14 09:00:00,0.0,0.0,0.04500000000000526,0.11799999999999855
2025-03-14 10:00:00,0.0,0.0029999999999992255,0.036999999999999034,0.510000000000003
2025-03-14 11:00:00,0.0,0.0,0.05799999999999983,0.14450000000000074
2025-03-14 12:00:00,0.0,0.0,0.12249999999999872,0.08149999999999835
2025-03-14 13:00:00,0.0,0.0,0.0034999999999989484,0.46350000000000335
2025-03-14 14:00:00,0.0,0.0,0.07450000000000045,0.06149999999999878
2025-03-14 15:00:00,0.0,0.0,0.09449999999999648,0.18049999999999855
2025-03-14 16:00:00,0.0,0.0,0.18950000000000244,0.1004999999999967
2025-03-14 17:00:00,0.0,0.0,0.08200000000000429,0.14199999999999946
2025-03-14 18:00:00,0.0,0.0,0.11200000000000188,0.048500000000000654
2025-03-14 19:00:00,0.0,0.0,0.07849999999999824,0.18000000000000327
2025-03-14 20:00:00,0.0,0.0,0.08699999999999974,0.2925000000000004
2025-03-14 21:00:00,0.0,0.0,0.15900000000000247,0.02500000000000213
2025-03-14 22:00:00,0.0,0.0,0.10899999999999466,0.0365000000000002
2025-03-14 23:00:00,0.0,0.0,0.2820000000000036,0.015499999999999403
2025-03-15 00:00:00,0.0,0.0,0.13450000000000273,0.12600000000000122
2025-03-15 01:00:00,0.0,0.0,0.06900000000000261,0.08100000000000307
2025-03-15 02:00:00,0.0,0.0,0.15000000000000213,0.06350000000000122
2025-03-15 03:00:00,0.0,0.0,0.10949999999999704,0.0519999999999996
2025-03-15 04:00:00,0.0,0.0,0.06350000000000122,0.03450000000000486
2025-03-15 05:00:00,0.0,0.0,0.11549999999999372,0.06400000000000361
2025-03-15 06:00:00,0.0,0.0,0.015000000000000568,0.10250000000000625
2025-03-15 07:00:00,0.0,0.0,0.07750000000000057,0.040500000000001535
2025-03-15 08:00:00,0.0,0.0,0.08249999999999957,0.040500000000001535
2025-03-15 09:00:00,0.0,0.0,0.10450000000000514,0.0519999999999996
2025-03-15 10:00:00,0.0,0.0,0.08899999999999864,0.10550000000000637
2025-03-15 11:00:00,0.0,0.0,0.03300000000000125,0.21099999999999852
2025-03-15 12:00:00,0.0,0.0,0.10600000000000165,0.0975000000000037
2025-03-15 13:00:00,0.0,0.0,0.15349999999999753,0.04650000000000176
2025-03-15 14:00:00,0.0,0.0,0.08949999999999747,0.06850000000000023
2025-03-15 15:00:00,0.0,0.0003750000000000142,0.12249999999999872,0.2370000000000047
2025-03-15 16:00:00,0.0,0.002374999999999794,0.13349999999999795,0.24349999999999666
2025-03-15 17:00:00,0.0004999999999988347,0.0,0.41899999999999904,0.04800000000000182
2025-03-15 18:00:00,0.0,0.0,0.09000000000000341,0.059499999999999886
2025-03-15 19:00:00,0.0,0.0,0.015999999999998238,0.10450000000000159
2025-03-15 20:00:00,0.0,0.0,0.04100000000000037,0.2134999999999998
2025-03-15 21:00:00,0.0,0.0,0.09150000000000347,0.053999999999998494
2025-03-15 22:00:00,0.0,0.0,0.10899999999999821,0.10050000000000026
2025-03-15 23:00:00,0.0,0.0,0.16699999999999804,0.0519999999999996
2025-03-16 00:00:00,0.0,0.0,0.17800000000000082,0.061000000000003496
2025-03-16 01:00:00,0.0,0.0,0.09799999999999898,0.07300000000000395
2025-03-16 02:00:00,0.0,0.0,0.05100000000000193,0.04749999999999588
2025-03-16 03:00:00,0.0,0.0,0.08600000000000207,0.02499999999999858
2025-03-16 04:00:00,0.0,0.0,0.10800000000000054,0.12399999999999878
2025-03-16 05:00:00,0.0,0.0,0.03450000000000486,0.1095000000000006
2025-03-16 06:00:00,0.0,0.0,0.08549999999999613,0.1095000000000006
2025-03-16 07:00:00,0.0,0.0,0.0010000000000012221,0.3500000000000014
2025-03-16 08:00:00,0.0,0.0,0.08600000000000207,0.12800000000000722
2025-03-16 09:00:00,0.0,0.0,0.10400000000000276,0.06800000000000495
2025-03-16 10:00:00,0.0,0.0,0.04550000000000054,0.16900000000000404
2025-03-16 11:00:00,0.0,0.0,0.0,0.3025000000000091
2025-03-16 12:00:00,0.0,0.0017499999999994742,0.0715000000000039,0.17999999999999544
2025-03-16 13:00:00,0.0,0.0,0.24650000000000105,0.05399999999999494
2025-03-16 14:00:00,0.0,0.0,0.1280000000000001,0.07700000000000173
2025-03-16 15:00:00,0.0,0.0,0.08600000000000207,0.17099999999999937
2025-03-16 16:00:00,0.0,0.0,0.2104999999999997,0.03950000000000031
2025-03-16 17:00:00,0.0,0.0,0.11550000000000082,0.09950000000000259
2025-03-16 18:00:00,0.0,0.0,0.16800000000000637,0.05799999999999983
2025-03-16 19:00:00,0.0,0.0,0.07299999999999685,0.127000000000006
2025-03-16 20:00:00,0.0,0.0,0.10700000000000287,0.07500000000000284
2025-03-16 21:00:00,0.0,0.0,0.09750000000000014,0.1609999999999978
2025-03-16 22:00:00,0.0,0.0,0.06400000000000006,0.05250000000000554
2025-03-16 23:00:00,0.0,0.0,0.11500000000000199,0.07749999999999702
2025-03-17 00:00:00,0.0,0.0,0.11850000000000449,0.08699999999999974
2025-03-17 01:00:00,0.0,0.0,0.1025000000000027,0.0519999999999996
2025-03-17 02:00:00,0.0,0.0,0.09350000000000236,0.053000000000000824
2025-03-17 03:00:00,0.0,0.0,0.09649999999999892,0.06400000000000716
2025-03-17 04:00:00,0.0,0.0,0.10649999999999693,0.06450000000000244
2025-03-17 05:00:00,0.0,0.0,0.20300000000000296,0.08249999999999957
2025-03-17 06:00:00,0.0,0.0,0.07850000000000534,0.2880000000000038
2025-03-17 07:00:00,0.0,0.0,0.1095000000000006,0.129999999999999
2025-03-17 08:00:00,0.0,0.0,0.09050000000000225,0.09450000000000358
2025-03-17 09:00:00,0.0,0.0,0.053499999999996106,0.08300000000000196
2025-03-17 10:00:00,0.0,0.0,0.034499999999997755,0.1460000000000079
2025-03-17 11:00:00,0.0,0.0,0.14650000000000674,0.027000000000001023
2025-03-17 12:00:00,0.0,0.0,0.0715000000000039,0.09750000000000014
2025-03-17 13:00:00,0.0,0.0,0.053999999999998494,0.07849999999999469
2025-03-17 14:00:00,0.0,0.0,0.17100000000001003,0.05649999999999977
2025-03-17 15:00:00,0.0,0.0,0.03399999999999892,0.25250000000000056
2025-03-17 16:00:00,0.0,0.0,0.11450000000000315,0.10499999999999687
2025-03-17 17:00:00,0.0,0.0,0.12999999999999545,0.04299999999999926
2025-03-17 18:00:00,0.0,0.0,0.11157894736841904,0.032105263157894706
2025-03-17 19:00:00,0.0,0.0,0.038999999999997925,0.20649999999999835
2025-03-17 20:00:00,0.0,0.0,0.015000000000000568,0.25900000000000034
2025-03-17 21:00:00,0.0,0.0,0.2940000000000005,0.01950000000000429
2025-03-17 22:00:00,0.0,0.0,0.10150000000000148,0.2724999999999973
2025-03-17 23:00:00,0.0,0.0,0.0715000000000039,0.07549999999999812
2025-03-18 00:00:00,0.0,0.0,0.170499999999997,0.04399999999999693
2025-03-18 01:00:00,0.0,0.0,0.042499999999996874,0.11550000000000438
2025-03-18 02:00:00,0.0,0.0,0.1130000000000031,0.03500000000000014
2025-03-18 03:00:00,0.0,0.0,0.11749999999999972,0.04450000000000287
2025-03-18 04:00:00,0.0,0.0,0.10100000000000264,0.08099999999999952
2025-03-18 05:00:00,0.0,0.0,0.08699999999999974,0.1354999999999933
2025-03-18 06:00:00,0.0,0.0016249999999997655,0.09450000000000003,0.28849999999999837
2025-03-18 07:00:00,0.0,0.0,0.15400000000000347,0.022999999999999687
2025-03-18 08:00:00,0.0,0.0,0.13200000000000145,0.05150000000000077
2025-03-18 09:00:00,0.0,0.0,0.09263157894737317,0.11578947368421366
2025-03-18 10:00:00,0.0,0.0,0.10894736842105301,0.09842105263157769
2025-03-18 11:00:00,0.0,0.0,0.08099999999999596,0.23149999999999338
2025-03-18 12:00:00,0.0,0.0,0.08800000000000097,0.08050000000000423
2025-03-18 13:00:00,0.0,0.0058749999999996305,0.04400000000000048,0.27550000000000024
2025-03-18 14:00:00,0.003249999999999531,0.0,0.47800000000000437,0.038999999999997925
2025-03-18 15:00:00,0.0,0.008624999999999439,0.1024999999999956,0.43500000000000655
2025-03-18 16:00:00,0.0,0.0,0.1424999999999983,0.11049999999999827
2025-03-18 17:00:00,0.0,0.0,0.23000000000000043,0.036000000000001364
2025-03-18 18:00:00,0.0,0.0,0.09800000000000253,0.1004999999999896
2025-03-18 19:00:00,0.0,0.0,0.048500000000000654,0.21400000000000574
2025-03-18 20:00:00,0.0006249999999994316,0.0,0.20350000000000107,0.120000000000001
2025-03-18 21:00:00,0.0,0.0,0.06149999999999878,0.1649999999999956
2025-03-18 22:00:00,0.0,0.0,0.12950000000000372,0.055999999999997385
2025-03-18 23:00:00,0.0,0.0,0.10849999999999937,0.13600000000000279
2025-03-19 00:00:00,0.0,0.0,0.04749999999999943,0.22700000000000387
2025-03-19 01:00:00,0.0,0.0,0.23049999999999926,0.04650000000000176
2025-03-19 02:00:00,0.0,0.0,0.24950000000000827,0.0015000000000000568
2025-03-19 03:00:00,0.0,0.0,0.14250000000000185,0.03500000000000014
2025-03-19 04:00:00,0.0,0.0,0.13100000000000733,0.07900000000000063
2025-03-19 05:00:00,0.0,0.0,0.1425000000000054,0.12750000000000128
2025-03-19 06:00:00,0.00012499999999970868,0.0,0.5890000000000086,0.025500000000000966
2025-03-19 07:00:00,0.0,0.0,0.04449999999999932,0.12849999999999895
2025-03-19 08:00:00,0.0,0.0,0.012000000000000455,0.2605000000000004
2025-03-19 09:00:00,0.0,0.0,0.12100000000000222,0.13299999999999912
2025-03-19 10:00:00,0.0,0.0,0.062000000000001165,0.1785000000000032
2025-03-19 11:00:00,0.0009999999999994458,0.0,0.18150000000000616,0.17099999999999937
2025-03-19 12:00:00,0.0,0.0,0.1115000000000066,0.10800000000000054
2025-03-19 13:00:00,0.0,0.0,0.2300000000000324,0.0
2025-03-19 14:00:00,0.0,0.0,0.200500000000023,0.019999999999999574
2025-03-19 15:00:00,0.0,0.0009999999999994458,0.15050000000000097,0.21000000000000368
2025-03-19 16:00:00,0.0,0.0,0.1440000000000019,0.12599999999999412
2025-03-19 17:00:00,0.0,0.0,0.09100000000000108,0.06349999999999767
2025-03-19 18:00:00,0.0,0.0,0.117999999999995,0.055999999999997385
2025-03-19 19:00:00,0.0,0.0,0.0710000000000015,0.07399999999999807
2025-03-19 20:00:00,0.0,0.0,0.08999999999999275,0.13849999999999696
2025-03-19 21:00:00,0.0,0.0,0.08799999999999741,0.06800000000000495
2025-03-19 22:00:00,0.0,0.0,0.06400000000000361,0.0884999999999998
2025-03-19 23:00:00,0.0,0.0,0.11950000000000216,0.0400000000000027
2025-03-20 00:00:00,0.0,0.0,0.1320000000000121,0.03450000000000841
2025-03-20 01:00:00,0.0,0.0,0.07049999999999912,0.09600000000000009
2025-03-20 02:00:00,0.0,0.0,0.10800000000000054,0.03800000000000736
2025-03-20 03:00:00,0.0,0.0,0.060000000000002274,0.09150000000000347
2025-03-20 04:00:00,0.0,0.0,0.08400000000001029,0.05799999999999628
2025-03-20 05:00:00,0.0,0.0,0.11399999999999721,0.16199999999999903
2025-03-20 06:00:00,0.0,0.0,0.11499999999999844,0.0850000000000044
2025-03-20 07:00:00,0.0,0.0,0.10300000000000153,0.13450000000000273
2025-03-20 08:00:00,0.0,0.0,0.008500000000001506,0.137000000000004
2025-03-20 09:00:00,0.0,0.0,0.05099999999999838,0.13600000000000634
2025-03-20 10:00:00,0.0,0.0,0.10249999999999915,0.23000000000000398
2025-03-20 11:00:00,0.0,0.0,0.08900000000000219,0.1664999999999992
2025-03-20 12:00:00,0.0,0.0,0.06450000000000244,0.18500000000000227
2025-03-20 13:00:00,0.0,0.0,0.10450000000000159,0.07350000000000279
2025-03-20 14:00:00,0.0,0.0,0.13450000000000628,0.11050000000000182
2025-03-20 15:00:00,0.0,0.0,0.1284999999999954,0.12199999999999633
2025-03-20 16:00:00,0.0015000000000000568,0.0009999999999994458,0.33200000000000357,0.20949999999999774
2025-03-20 17:00:00,0.0,0.0,0.11900000000000333,0.4069999999999929
2025-03-20 18:00:00,0.0,0.0,0.08199999999999719,0.029000000000003467
2025-03-20 19:00:00,0.0,0.0,0.09950000000000259,0.03999999999999915
2025-03-20 20:00:00,0.0,0.0,0.06700000000000017,0.08149999999999835
2025-03-20 21:00:00,0.0,0.0,0.1039999999999992,0.0625
2025-03-20 22:00:00,0.0,0.0,0.09450000000000003,0.22550000000000026
2025-03-20 23:00:00,0.0,0.0,0.10949999999999704,0.02450000000000685
2025-03-21 00:00:00,0.0,0.0,0.10100000000000264,0.04200000000000159
2025-03-21 01:00:00,0.0,0.0,0.0680000000000085,0.02050000000000196
2025-03-21 02:00:00,0.0,0.0,0.1300000000000061,0.03149999999999764
2025-03-21 03:00:00,0.0,0.0,0.10549999999999571,0.049999999999993605
2025-03-21 04:00:00,0.0,0.0,0.08950000000000458,0.013999999999999346
2025-03-21 05:00:00,0.0,0.0,0.09599999999999653,0.18100000000000094
2025-03-21 06:00:00,0.0,0.0,0.137000000000004,0.11250000000000071
2025-03-21 07:00:00,0.0,0.0,0.09750000000000014,0.054999999999999716
2025-03-21 08:00:00,0.0,0.0,0.02850000000000108,0.22100000000000009
2025-03-21 09:00:00,0.0,0.0,0.03100000000000236,0.21600000000000463
2025-03-21 10:00:00,0.0,0.0,0.1319999999999979,0.1255000000000024
2025-03-21 11:00:00,0.001875000000000071,0.0,0.19649999999999962,0.04800000000000182
2025-03-21 12:00:00,0.0,0.0,0.11400000000000077,0.03850000000000264
2025-03-21 13:00:00,0.0,0.0,0.07849999999999469,0.059000000000004604
2025-03-21 14:00:00,0.0,0.0,0.10549999999999571,0.06400000000000361
2025-03-21 15:00:00,0.0,0.0,0.14199999999999946,0.08650000000000446
2025-03-21 16:00:00,0.0,0.0,0.14700000000000557,0.0710000000000015
2025-03-21 17:00:00,0.0,0.0,0.09399999999999764,0.15400000000000347
2025-03-21 18:00:00,0.0,0.0,0.05299999999999727,0.08549999999999969
2025-03-21 19:00:00,0.0,0.0,0.0934999999999988,0.06400000000000361
2025-03-21 20:00:00,0.0,0.0,0.07150000000000034,0.29850000000000776
2025-03-21 21:00:00,0.0,0.0,0.11349999999999838,0.11700000000000088
2025-03-21 22:00:00,0.0,0.0,0.1180000000000021,0.14450000000000074
2025-03-21 23:00:00,0.007624999999999993,0.0,0.17450000000000115,0.0815000000000019
2025-03-22 00:00:00,0.0,0.0,0.12900000000000844,0.12399999999999878
2025-03-22 01:00:00,0.0,0.0,0.11699999999999733,0.0870000000000033
2025-03-22 02:00:00,0.0,0.0,0.09500000000000242,0.11300000000000665
2025-03-22 03:00:00,0.0,0.0,0.08449999999999847,0.08149999999999835
2025-03-22 04:00:00,0.0,0.0,0.041999999999994486,0.0660000000000025
2025-03-22 05:00:00,0.0,0.0,0.0779999999999994,0.05549999999999855
2025-03-22 06:00:00,0.0,0.0,0.05349999999999966,0.12950000000000372
2025-03-22 07:00:00,0.0,0.0,0.20600000000000307,0.018499999999999517
2025-03-22 08:00:00,0.0,0.0,0.13949999999999108,0.09299999999999997
2025-03-22 09:00:00,0.0,0.0,0.05600000000000449,0.3630000000000031
2025-03-22 10:00:00,0.0,0.0,0.10799999999999699,0.05150000000000787
2025-03-22 11:00:00,0.0,0.0,0.125,0.09949999999999903
2025-03-22 12:00:00,0.0,0.0,0.08500000000000085,0.08099999999999596
2025-03-22 13:00:00,0.0,0.0,0.15900000000000247,0.03450000000000131
2025-03-22 14:00:00,0.0,0.0,0.08500000000000085,0.10450000000000159
2025-03-22 15:00:00,0.02287499999999998,0.00012499999999970868,0.3234999999999964,0.11050000000000111
2025-03-22 16:00:00,0.0,0.0,0.3190000000000026,0.11549999999999727
2025-03-22 17:00:00,0.0,0.0,0.07200000000000273,0.11849999999999739
2025-03-22 18:00:00,0.0,0.0016249999999997655,0.0,0.618
2025-03-22 19:00:00,0.0,0.0,0.06599999999999895,0.11150000000000304
2025-03-22 20:00:00,0.0,0.0,0.0905000000000058,0.2224999999999966
2025-03-22 21:00:00,0.0,0.0,0.015999999999998238,0.1799999999999926
2025-03-22 22:00:00,0.0,0.0,0.11550000000000438,0.031500000000004746
2025-03-22 23:00:00,0.0,0.0,0.08050000000000423,0.14349999999999952
2025-03-23 00:00:00,0.0,0.0,0.08699999999999619,0.08950000000000102
2025-03-23 01:00:00,0.0,0.0,0.13100000000001089,0.02149999999999963
2025-03-23 02:00:00,0.0,0.0,0.1305000000000014,0.015000000000004121
2025-03-23 03:00:00,0.0,0.0,0.1004999999999967,0.067499999999999
2025-03-23 04:00:00,0.0,0.0,0.08400000000000318,0.030500000000003524
2025-03-23 05:00:00,0.0,0.0,0.04500000000000526,0.06100000000000705
2025-03-23 06:00:00,0.0,0.0,0.10650000000000048,0.1670000000000016
2025-03-23 07:00:00,0.0,0.0007500000000000284,0.10200000000000031,0.19299999999999712
2025-03-23 08:00:00,0.0,0.0,0.11200000000000188,0.06950000000000145
2025-03-23 09:00:00,0.0,0.0,0.134999999999998,0.06249999999999645
2025-03-23 10:00:00,0.0,0.0,0.025499999999997414,0.20400000000000063
2025-03-23 11:00:00,0.0,0.0,0.05450000000000088,0.31650000000000134
2025-03-23 12:00:00,0.0,0.0,0.10649999999999693,0.09399999999999409
2025-03-23 13:00:00,0.0,0.0,0.23000000000000043,0.039500000000003865
2025-03-23 14:00:00,0.0,0.0,0.23300000000000054,0.03400000000000247
2025-03-23 15:00:00,0.0,0.0,0.2504999999999953,0.06600000000000605
2025-03-23 16:00:00,0.0,0.0,0.1964999999999968,0.14650000000000318
2025-03-23 17:00:00,0.0,0.0,0.12899999999999778,0.08899999999999864
2025-03-23 18:00:00,0.0,0.0,0.0,0.4559999999999924
2025-03-23 19:00:00,0.0,0.0,0.040500000000001535,0.14599999999999724
2025-03-23 20:00:00,0.0,0.0,0.1454999999999984,0.060000000000005826
2025-03-23 21:00:00,0.0,0.0,0.09199999999999875,0.049500000000001876
2025-03-23 22:00:00,0.0,0.0016249999999997655,0.04999999999999716,0.4404999999999923
2025-03-23 23:00:00,0.0,0.0016249999999997655,0.14349999999999596,0.17699999999999888
2025-03-24 00:00:00,0.0,0.0,0.10500000000000398,0.08200000000000429
2025-03-24 01:00:00,0.0,0.0,0.17599999999999838,0.019999999999999574
2025-03-24 02:00:00,0.0,0.0,0.13700000000000756,0.03049999999999997
2025-03-24 03:00:00,0.0,0.0,0.11750000000000327,0.06050000000000466
2025-03-24 04:00:00,0.0,0.0,0.0470000000000006,0.17149999999999466
2025-03-24 05:00:00,0.0,0.0,0.20550000000000068,0.034499999999997755
2025-03-24 06:00:00,0.0,0.0,0.21900000000000475,0.17650000000000077
2025-03-24 07:00:00,0.0,0.0,0.12199999999999633,0.10299999999999798
2025-03-24 08:00:00,0.0,0.0,0.1039999999999992,0.09000000000000696
2025-03-24 09:00:00,0.0,0.0,0.0010000000000012221,0.394999999999996
2025-03-24 10:00:00,0.0,0.0,0.15399999999999991,0.023499999999998522
2025-03-24 11:00:00,0.0,0.0,0.16599999999999682,0.051499999999997215
2025-03-24 12:00:00,0.0,0.0,0.21249999999999503,0.022000000000002018
2025-03-24 13:00:00,0.0,0.0,0.16100000000000136,0.037000000000002586
2025-03-24 14:00:00,0.0,0.0,0.2289999999999992,0.0329999999999977
2025-03-24 15:00:00,0.0,0.0,0.1490000000000009,0.0470000000000006
2025-03-24 16:00:00,0.0,0.0,0.11949999999999861,0.08100000000000307
2025-03-24 17:00:00,0.0,0.0,0.0505000000000031,0.142000000000003
2025-03-24 18:00:00,0.0,0.0,0.10700000000000287,0.04399999999999693
2025-03-24 19:00:00,0.0,0.0,0.09850000000000136,0.1495000000000033
2025-03-24 20:00:00,0.0,0.0,0.07049999999999912,0.12849999999999895
2025-03-24 21:00:00,0.0,0.0,0.2280000000000051,0.03350000000000364
2025-03-24 22:00:00,0.0,0.0,0.11250000000000071,0.08350000000000435
2025-03-24 23:00:00,0.0,0.0,0.07700000000000173,0.2345000000000006
2025-03-25 00:00:00,0.0,0.0,0.10050000000000026,0.0835000000000008
2025-03-25 01:00:00,0.0,0.0,0.11749999999999616,0.10950000000000415
2025-03-25 02:00:00,0.0,0.0,0.10349999999999682,0.10449999999999804
2025-03-25 03:00:00,0.0,0.0,0.05750000000000455,0.07400000000000517
2025-03-25 04:00:00,0.0,0.0,0.15550000000000708,0.03350000000000364
2025-03-25 05:00:00,0.0,0.0,0.09500000000000242,0.22050000000000125
2025-03-25 06:00:00,0.0,0.0012499999999997513,0.21599999999999753,0.1730000000000011
2025-03-25 07:00:00,0.0,0.0,0.18950000000000244,0.17150000000000176
2025-03-25 08:00:00,0.0,0.0,0.0660000000000025,0.03249999999999886
2025-03-25 09:00:00,0.0,0.0,0.09800000000000253,0.07500000000000284
2025-03-25 10:00:00,0.0,0.0,0.09250000000000114,0.06999999999999673
2025-03-25 11:00:00,0.0,0.0,0.11400000000000432,0.08349999999999724
2025-03-25 12:00:00,0.0,0.0,0.08800000000000452,0.06800000000000495
2025-03-25 13:00:00,0.0,0.0,0.0,0.3539999999999921
2025-03-25 14:00:00,0.0,0.0,0.17099999999999937,0.11450000000000315
2025-03-25 15:00:00,0.0,0.0,0.10400000000000276,0.060000000000002274
2025-03-25 16:00:00,0.0,0.0,0.10650000000000404,0.067499999999999
2025-03-25 17:00:00,0.0,0.0,0.12600000000000477,0.11399999999999721
2025-03-25 18:00:00,0.0,0.0,0.1875000000000071,0.09250000000000114
2025-03-25 19:00:00,0.0,0.0,0.06150000000000233,0.1425000000000054
2025-03-25 20:00:00,0.0,0.0,0.07750000000000412,0.18799999999999883
2025-03-25 21:00:00,0.0,0.0,0.15400000000000347,0.01950000000000429
2025-03-25 22:00:00,0.0,0.0,0.05549999999999855,0.1214999999999975
2025-03-25 23:00:00,0.0,0.0,0.19749999999999446,0.0744999999999969
2025-03-26 00:00:00,0.0,0.0,0.07350000000000279,0.11149999999999594
2025-03-26 01:00:00,0.0,0.0,0.10699999999999577,0.04449999999999932
2025-03-26 02:00:00,0.0,0.0,0.08050000000000423,0.03850000000000264
2025-03-26 03:00:00,0.0,0.0,0.06199999999999761,0.03149999999999764
2025-03-26 04:00:00,0.0,0.0,0.08250000000000313,0.03400000000000247
2025-03-26 05:00:00,0.0,0.0,0.07900000000000773,0.10999999999999588
2025-03-26 06:00:00,0.0,0.0,0.38000000000000256,0.09699999999999775
2025-03-26 07:00:00,0.0,0.0,0.038500000000006196,0.09100000000000108
2025-03-26 08:00:00,0.0,0.0,0.009000000000000341,0.11600000000000321
2025-03-26 09:00:00,0.0,0.0,0.08100000000000307,0.0710000000000015
2025-03-26 10:00:00,0.0,0.0,0.09800000000000253,0.054500000000004434
2025-03-26 11:00:00,0.0,0.0,0.0519999999999996,0.20800000000000196
2025-03-26 12:00:00,0.0,0.0,0.08949999999999747,0.06249999999999645
2025-03-26 13:00:00,0.0,0.0,0.10750000000000526,0.03750000000000142
2025-03-26 14:00:00,0.0,0.0,0.02699999999999747,0.20400000000000063
2025-03-26 15:00:00,0.0,0.0,0.11350000000000904,0.047500000000002984
2025-03-26 16:00:00,0.0,0.0,0.2204999999999977,0.00999999999999801
2025-03-26 17:00:00,0.0,0.0,0.10200000000000031,0.08949999999999747
2025-03-26 18:00:00,0.0,0.0,0.028000000000002245,0.27400000000000446
2025-03-26 19:00:00,0.0,0.0,0.09299999999999997,0.20250000000000057
2025-03-26 20:00:00,0.0,0.0,0.09550000000000125,0.21599999999999753
2025-03-26 21:00:00,0.0,0.0,0.16999999999999815,0.05699999999999861
2025-03-26 22:00:00,0.0,0.0,0.08500000000000085,0.11199999999999832
2025-03-26 23:00:00,0.0,0.0,0.20799999999999486,0.04649999999999821
2025-03-27 00:00:00,0.0,0.0,0.11299999999999599,0.142000000000003
2025-03-27 01:00:00,0.0,0.0,0.08099999999999596,0.069500000000005
2025-03-27 02:00:00,0.0,0.0,0.13800000000000523,0.14500000000000668
2025-03-27 03:00:00,0.0,0.0,0.10500000000000043,0.05250000000000554
2025-03-27 04:00:00,0.0,0.0,0.08200000000000074,0.03900000000000148
2025-03-27 05:00:00,0.0,0.0,0.14350000000000307,0.12300000000000111
2025-03-27 06:00:00,0.0,0.0,0.18400000000000105,0.03999999999999915
2025-03-27 07:00:00,0.0,0.0,0.3550000000000004,0.08950000000000102
2025-03-27 08:00:00,0.0,0.0,0.004999999999999005,0.4529999999999994
2025-03-27 09:00:00,0.002874999999999517,0.0,0.1640000000000043,0.0625
2025-03-27 10:00:00,0.0,0.0,0.08249999999999602,0.08299999999999841
2025-03-27 11:00:00,0.0,0.0,0.15400000000000347,0.037500000000004974
2025-03-27 12:00:00,0.0,0.0,0.09599999999999298,0.06299999999999883
2025-03-27 13:00:00,0.0,0.0,0.09050000000000225,0.05249999999999844
2025-03-27 14:00:00,0.0,0.0,0.12299999999999756,0.11200000000000543
2025-03-27 15:00:00,0.0,0.0,0.12699999999999534,0.05250000000000199
2025-03-27 16:00:00,0.0,0.0,0.2000000000000064,0.05999999999999517
2025-03-27 17:00:00,0.0,0.0,0.060000000000002274,0.2615000000000016
2025-03-27 18:00:00,0.0,0.0,0.11250000000000071,0.06050000000000111
2025-03-27 19:00:00,0.0,0.0,0.15199999999999747,0.11250000000000426
2025-03-27 20:00:00,0.0,0.0,0.056500000000003325,0.04700000000000415
2025-03-27 21:00:00,0.0,0.0,0.10000000000000142,0.08500000000000085
2025-03-27 22:00:00,0.0,0.0,0.1560000000000059,0.067499999999999
2025-03-27 23:00:00,0.0,0.0,0.14649999999999963,0.16050000000000253
2025-03-28 00:00:00,0.0,0.0,0.012000000000000455,0.4944999999999986
2025-03-28 01:00:00,0.0,0.0,0.0,0.3980000000000068
2025-03-28 02:00:00,0.0,0.0,0.1509999999999998,0.07749999999999702
2025-03-28 03:00:00,0.0,0.0,0.14199999999999946,0.02899999999999281
2025-03-28 04:00:00,0.0,0.0,0.18750000000000355,0.023499999999998522
2025-03-28 05:00:00,0.0,0.0,0.009499999999999176,0.19550000000000267
2025-03-28 06:00:00,0.0,0.0,0.11300000000000665,0.07100000000000506
2025-03-28 07:00:00,0.0,0.007124999999999382,0.09450000000000003,0.450499999999996
2025-03-28 08:00:00,0.0,0.0,0.1719999999999935,0.05450000000000088
2025-03-28 09:00:00,0.0,0.0,0.132000000000005,0.04600000000000293
2025-03-28 10:00:00,0.0,0.0,0.18299999999999983,0.06200000000000472
2025-03-28 11:00:00,0.0,0.0,0.07899999999999707,0.06000000000000938
2025-03-28 12:00:00,0.0,0.0,0.1374999999999993,0.07499999999999929
2025-03-28 13:00:00,0.0,0.0,0.04250000000000398,0.18450000000000344
2025-03-28 14:00:00,0.0,0.0,0.21649999999999991,0.018000000000004235
2025-03-28 15:00:00,0.0,0.0,0.15199999999999747,0.04049999999999798
2025-03-28 16:00:00,0.0,0.0,0.13000000000000256,0.0365000000000002
2025-03-28 17:00:00,0.0,0.0,0.05800000000000338,0.1810000000000045
2025-03-28 18:00:00,0.0,0.0,0.1529999999999987,0.08550000000000324
2025-03-28 19:00:00,0.0,0.0,0.06850000000000023,0.08099999999999952
2025-03-28 20:00:00,0.0,0.0,0.05600000000000094,0.12000000000000455
2025-03-28 21:00:00,0.0,0.0,0.1269999999999989,0.08000000000000185
2025-03-28 22:00:00,0.0,0.0,0.16999999999999815,0.06450000000000244
2025-03-28 23:00:00,0.0,0.0,0.11899999999999622,0.06499999999999773
2025-03-29 00:00:00,0.0,0.0,0.10699999999999932,0.053000000000000824
2025-03-29 01:00:00,0.0,0.0,0.0884999999999998,0.10200000000000031
2025-03-29 02:00:00,0.0,0.0,0.0815000000000019,0.028000000000002245
2025-03-29 03:00:00,0.0,0.0,0.10300000000000153,0.04550000000000409
2025-03-29 04:00:00,0.0,0.0,0.06350000000000833,0.054000000000002046
2025-03-29 05:00:00,0.0,0.0,0.06099999999999994,0.11350000000000904
2025-03-29 06:00:00,0.0,0.0,0.1095000000000006,0.058499999999998664
2025-03-29 07:00:00,0.0,0.0,0.1565000000000012,0.019499999999997186
2025-03-29 08:00:00,0.0,0.0,0.07200000000000273,0.05350000000000321
2025-03-29 09:00:00,0.0,0.0,0.06300000000000239,0.1390000000000029
2025-03-29 10:00:00,0.0,0.0,0.067499999999999,0.11749999999999616
2025-03-29 11:00:00,0.0,0.0,0.1130000000000031,0.07949999999999946
2025-03-29 12:00:00,0.0,0.0,0.08000000000000185,0.08149999999999835
2025-03-29 13:00:00,0.0,0.0,0.03249999999999886,0.3875000000000064
2025-03-29 14:00:00,0.0,0.0,0.16000000000000725,0.07049999999999912
2025-03-29 15:00:00,0.0,0.0,0.13949999999999818,0.17100000000000293
2025-03-29 16:00:00,0.0,0.0,0.19299999999999784,0.11050000000000537
2025-03-29 17:00:00,0.0,0.0,0.3149999999999942,0.04150000000000276
2025-03-29 18:00:00,0.0,0.0,0.1144999999999996,0.09299999999999642
2025-03-29 19:00:00,0.0,0.0,0.023499999999998522,0.245000000000001
2025-03-29 20:00:00,0.0,0.0,0.0660000000000025,0.08550000000000679
2025-03-29 21:00:00,0.0,0.0,0.12600000000000477,0.03500000000000014
2025-03-29 22:00:00,0.0,0.0,0.18850000000000122,0.08600000000000207
2025-03-29 23:00:00,0.0,0.0,0.26250000000000284,0.03100000000000236
2025-03-30 00:00:00,0.0,0.0,0.08999999999999986,0.10299999999999798
2025-03-30 01:00:00,0.0,0.0,0.06050000000000111,0.08200000000000074
2025-03-30 03:00:00,0.0,0.0,0.07700000000000173,0.13999999999999702
2025-03-30 04:00:00,0.0,0.0,0.028999999999999915,0.08600000000000563
2025-03-30 05:00:00,0.0,0.0,0.07949999999999946,0.07149999999999679
2025-03-30 06:00:00,0.0,0.0,0.0,0.3184999999999967
2025-03-30 07:00:00,0.0,0.0,0.1164999999999985,0.0835000000000008
2025-03-30 08:00:00,0.0,0.0,0.16250000000000142,0.04150000000000276
2025-03-30 09:00:00,0.0,0.0,0.045999999999999375,0.15200000000000813
2025-03-30 10:00:00,0.0,0.0,0.12600000000000122,0.014500000000001734
2025-03-30 11:00:00,0.0,0.0,0.09550000000000125,0.02200000000000557
2025-03-30 12:00:00,0.0,0.0,0.06150000000000588,0.04999999999999716
2025-03-30 13:00:00,0.0,0.0,0.06700000000000017,0.0715000000000039
2025-03-30 14:00:00,0.0,0.0,0.10700000000000287,0.055999999999997385
2025-03-30 15:00:00,0.0,0.0,0.1580000000000048,0.06850000000000378
2025-03-30 16:00:00,0.0,0.0,0.11850000000000449,0.06400000000000361
2025-03-30 17:00:00,0.0,0.0,0.0715000000000039,0.10050000000000026
2025-03-30 18:00:00,0.0,0.0,0.07399999999999807,0.05900000000000105
2025-03-30 19:00:00,0.0,0.0,0.13250000000001094,0.016500000000004178
2025-03-30 20:00:00,0.0,0.0,0.03600000000000492,0.12400000000000233
2025-03-30 21:00:00,0.0,0.0,0.16199999999999903,0.07700000000000173
2025-03-30 22:00:00,0.0,0.0,0.10950000000000415,0.03149999999999764
2025-03-30 23:00:00,0.0,0.0,0.06550000000000367,0.11850000000000449
2025-03-31 00:00:00,0.0,0.0,0.06700000000000017,0.09099999999999753
2025-03-31 01:00:00,0.0,0.0,0.11599999999999966,0.06050000000000111
2025-03-31 02:00:00,0.0,0.0,0.11500000000000554,0.05050000000000665
2025-03-31 03:00:00,0.0,0.0,0.028499999999997527,0.10450000000000159
2025-03-31 04:00:00,0.0,0.0,0.08999999999999986,0.057500000000000995
2025-03-31 05:00:00,0.0,0.0,0.19150000000000134,0.055500000000005656
2025-03-31 06:00:00,0.0,0.0,0.03950000000000031,0.24900000000000233
2025-03-31 07:00:00,0.0,0.0,0.15700000000000003,0.03850000000000264
2025-03-31 08:00:00,0.0,0.0,0.06500000000000128,0.08650000000000091
2025-03-31 09:00:00,0.0,0.0,0.04600000000000293,0.0990000000000073
2025-03-31 10:00:00,0.0,0.0,0.04650000000000176,0.10050000000000381
2025-03-31 11:00:00,0.0,0.0,0.052000000000003155,0.08000000000000185
2025-03-31 12:00:00,0.0,0.0,0.021500000000003183,0.14699999999999847
2025-03-31 13:00:00,0.0,0.0,0.05500000000000327,0.07600000000000051
2025-03-31 14:00:00,0.0,0.0,0.05600000000000094,0.07600000000000762
2025-03-31 15:00:00,0.0,0.0,0.1284999999999954,0.04550000000000409
2025-03-31 16:00:00,0.0,0.0,0.06299999999999528,0.10299999999999798
2025-03-31 17:00:00,0.0,0.0,0.11250000000000071,0.1180000000000021
2025-03-31 18:00:00,0.0,0.0,0.1150000000000091,0.047500000000002984
2025-03-31 19:00:00,0.0,0.0,0.09499999999999886,0.03399999999999537
2025-03-31 20:00:00,0.0,0.0,0.05500000000000327,0.06750000000000256
2025-03-31 21:00:00,0.0,0.0,0.08299999999999841,0.06449999999999179
2025-03-31 22:00:00,0.0,0.0,0.12400000000000588,0.04800000000000182
2025-03-31 23:00:00,0.0,0.0,0.0589999999999975,0.13150000000000261
2025-04-01 00:00:00,0.0,0.0,0.10850000000000293,0.052000000000003155
2025-04-01 01:00:00,0.0,0.0,0.04899999999999949,0.14300000000000068
2025-04-01 02:00:00,0.0,0.0,0.061000000000003496,0.06799999999999784
2025-04-01 03:00:00,0.0,0.0,0.08749999999999503,0.029500000000002302
2025-04-01 04:00:00,0.0,0.0,0.09800000000000253,0.0589999999999975
2025-04-01 05:00:00,0.0,0.0,0.1004999999999967,0.16350000000000975
2025-04-01 06:00:00,0.0,0.0,0.15700000000000358,0.12250000000000583
2025-04-01 07:00:00,0.0,0.0006249999999994316,0.08149999999999125,0.24350000000000022
2025-04-01 08:00:00,0.0,0.0,0.15500000000000114,0.04749999999999943
2025-04-01 09:00:00,0.0,0.0,0.08999999999999986,0.1714999999999982
2025-04-01 10:00:00,0.0,0.017249999999999766,0.018499999999999517,0.5740000000000052
2025-04-01 11:00:00,0.0,0.005499999999999616,0.1665000000000063,0.07949999999999875
2025-04-01 12:00:00,0.0,0.0,0.16947368421052775,0.05000000000000314
2025-04-01 13:00:00,0.0,0.0,0.1419999999999959,0.10650000000000759
2025-04-01 14:00:00,0.0,0.0,0.15400000000000702,0.067499999999999
2025-04-01 15:00:00,0.0,0.0,0.12949999999999307,0.08200000000000429
2025-04-01 16:00:00,0.0,0.0,0.17650000000000077,0.03599999999999781
2025-04-01 17:00:00,0.0,0.0,0.10550000000000637,0.0934999999999988
2025-04-01 18:00:00,0.0,0.0,0.13500000000000156,0.04999999999999716
2025-04-01 19:00:00,0.0,0.0,0.0919999999999952,0.08800000000000097
2025-04-01 20:00:00,0.0,0.0,0.07600000000000762,0.07300000000000395
2025-04-01 21:00:00,0.0,0.0,0.08950000000000102,0.1269999999999989
2025-04-01 22:00:00,0.0,0.0,0.08299999999999841,0.07800000000000651
2025-04-01 23:00:00,0.0,0.0,0.11900000000001043,0.04050000000000509
2025-04-02 00:00:00,0.0,0.0,0.1594999999999942,0.061499999999995225
2025-04-02 01:00:00,0.0,0.0,0.07250000000000156,0.054999999999999716
2025-04-02 02:00:00,0.0,0.0,0.11100000000000065,0.06749999999999545
2025-04-02 03:00:00,0.0,0.0,0.09700000000000486,0.08650000000000091
2025-04-02 04:00:00,0.0,0.0,0.10150000000000148,0.03249999999999886
2025-04-02 05:00:00,0.0,0.0,0.1375000000000064,0.07049999999999912
2025-04-02 06:00:00,0.0,0.0,0.14799999999999613,0.03850000000000264
2025-04-02 07:00:00,0.0,0.0,0.05800000000000338,0.1525000000000034
2025-04-02 08:00:00,0.0,0.0,0.0,0.3200000000000003
2025-04-02 09:00:00,0.0,0.015249999999999098,0.05349999999999966,0.41650000000000276
2025-04-02 10:00:00,0.006750000000000256,0.0,0.14100000000000462,0.129999999999999
2025-04-02 11:00:00,0.0,0.0,0.11899999999999977,0.12549999999999528
2025-04-02 12:00:00,0.0,0.0,0.05350000000000321,0.11350000000000549
2025-04-02 13:00:00,0.0,0.0,0.1820000000000057,0.01899999999999835
2025-04-02 14:00:00,0.0,0.0,0.1504999999999974,0.07400000000000517
2025-04-02 15:00:00,0.0,0.0,0.11900000000000333,0.025499999999997414
2025-04-02 16:00:00,0.0,0.0,0.2739999999999938,0.08299999999999841
2025-04-02 17:00:00,0.0,0.0,0.2345000000000006,0.14300000000000423
2025-04-02 18:00:00,0.0,0.003375000000000128,0.16499999999999915,0.19250000000000184
2025-04-02 19:00:00,0.0,0.0,0.10549999999999926,0.09250000000000114
2025-04-02 20:00:00,0.0,0.0,0.04649999999999466,0.08600000000000207
2025-04-02 21:00:00,0.0,0.0,0.1039999999999992,0.07450000000000401
2025-04-02 22:00:00,0.0,0.0,0.06500000000000483,0.0920000000000023
2025-04-02 23:00:00,0.0,0.0,0.05000000000000071,0.1785000000000032
2025-04-03 00:00:00,0.0,0.0,0.09799999999999898,0.03250000000000597
2025-04-03 01:00:00,0.0,0.0,0.15100000000000335,0.019000000000001904
2025-04-03 02:00:00,0.0,0.0,0.09649999999999892,0.15149999999999864
2025-04-03 03:00:00,0.0,0.0,0.09149999999999991,0.10350000000000392
2025-04-03 04:00:00,0.0,0.0,0.10999999999999588,0.08000000000000185
2025-04-03 05:00:00,0.0,0.0,0.12950000000000728,0.07600000000000406
2025-04-03 06:00:00,0.0,0.0,0.3709999999999951,0.010999999999999233
2025-04-03 07:00:00,0.0,0.0,0.10150000000000148,0.0870000000000033
2025-04-03 08:00:00,0.0,0.0,0.07400000000000162,0.09649999999999537
2025-04-03 09:00:00,0.0,0.0,0.07850000000000179,0.1164999999999985
2025-04-03 10:00:00,0.0,0.0,0.036000000000001364,0.3184999999999931
2025-04-03 11:00:00,0.0,0.0,0.16499999999999915,0.038999999999997925
2025-04-03 12:00:00,0.0,0.0,0.07250000000000156,0.08050000000000068
2025-04-03 13:00:00,0.0,0.0,0.05799999999999983,0.11100000000000065
2025-04-03 14:00:00,0.0,0.0,0.12550000000000594,0.13449999999999918
2025-04-03 15:00:00,0.0,0.0,0.16900000000000048,0.11549999999999727
2025-04-03 16:00:00,0.0,0.0,0.06350000000000477,0.19750000000000512
2025-04-03 17:00:00,0.0,0.0,0.12200000000000344,0.08000000000000185
2025-04-03 18:00:00,0.0,0.002374999999999794,0.11200000000000543,0.09750000000000654
2025-04-03 19:00:00,0.0,0.0,0.1460000000000008,0.05500000000000327
2025-04-03 20:00:00,0.0,0.0,0.04550000000000054,0.23349999999999582
2025-04-03 21:00:00,0.0,0.0,0.07049999999999912,0.13750000000000284
2025-04-03 22:00:00,0.0,0.0,0.0934999999999988,0.1314999999999955
2025-04-03 23:00:00,0.0016249999999997655,0.0,0.19650000000000317,0.17200000000000415
2025-04-04 00:00:00,0.0,0.0,0.10250000000000625,0.15849999999999653
2025-04-04 01:00:00,0.0,0.0,0.09900000000000375,0.16199999999999548
2025-04-04 02:00:00,0.0,0.0,0.07500000000000284,0.09149999999999636
2025-04-04 03:00:00,0.0,0.0,0.07050000000000622,0.03849999999999909
2025-04-04 04:00:00,0.0,0.0,0.08200000000000429,0.015499999999999403
2025-04-04 05:00:00,0.0,0.0,0.11350000000000904,0.04150000000000276
2025-04-04 06:00:00,0.0,0.0,0.14300000000000068,0.12500000000000355
2025-04-04 07:00:00,0.0,0.0,0.09000000000000696,0.0975000000000037
2025-04-04 08:00:00,0.0,0.0,0.07499999999999574,0.10600000000000165
2025-04-04 09:00:00,0.0,0.0,0.0715000000000039,0.16050000000000608
2025-04-04 10:00:00,0.0,0.0,0.15850000000000009,0.07450000000000045
2025-04-04 11:00:00,0.0026250000000000995,0.0,0.1689999999999962,0.10600000000000165
2025-04-04 12:00:00,0.0,0.0,0.09400000000000475,0.07550000000000523
2025-04-04 13:00:00,0.0,0.0,0.10149999999999793,0.134999999999998
2025-04-04 14:00:00,0.0,0.0,0.09049999999999514,0.14750000000000085
2025-04-04 15:00:00,0.0,0.0,0.20950000000000202,0.05199999999999605
2025-04-04 16:00:00,0.0,0.0,0.11700000000000799,0.1784999999999961
2025-04-04 17:00:00,0.0,0.0,0.21599999999999753,0.1894999999999989
2025-04-04 18:00:00,0.015374999999999694,0.0,0.44100000000000533,0.04200000000000159
2025-04-04 19:00:00,0.0,0.0,0.04749999999999943,0.27949999999999875
2025-04-04 20:00:00,0.0,0.0,0.09400000000000475,0.08099999999999952
2025-04-04 21:00:00,0.0,0.0,0.0694999999999979,0.1509999999999998
2025-04-04 22:00:00,0.0,0.0,0.09700000000000131,0.06850000000000023
2025-04-04 23:00:00,0.0,0.0,0.07899999999999707,0.16000000000000014
2025-04-05 00:00:00,0.0,0.0,0.129999999999999,0.08099999999999952
2025-04-05 01:00:00,0.0,0.0,0.2920000000000016,0.17800000000000082
2025-04-05 02:00:00,0.0,0.0,0.09049999999999514,0.07349999999999923
2025-04-05 03:00:00,0.0,0.0,0.09050000000000225,0.10150000000000148
2025-04-05 04:00:00,0.0,0.0,0.0470000000000006,0.07400000000000517
2025-04-05 05:00:00,0.0,0.0,0.0884999999999998,0.06850000000000378
2025-04-05 06:00:00,0.0,0.0,0.0884999999999998,0.13300000000000622
2025-04-05 07:00:00,0.0,0.0,0.07899999999999707,0.13550000000000395
2025-04-05 08:00:00,0.0,0.0,0.05249999999999844,0.11450000000000315
2025-04-05 09:00:00,0.0011250000000000426,0.0,0.2095000000000013,0.19849999999999923
2025-04-05 10:00:00,0.0,0.0,0.09050000000000225,0.08300000000000196
2025-04-05 11:00:00,0.0,0.0,0.12600000000000477,0.08900000000000574
2025-04-05 12:00:00,0.0,0.0,0.14850000000000207,0.07549999999999812
2025-04-05 13:00:00,0.0,0.0,0.07750000000000057,0.1374999999999993
2025-04-05 14:00:00,0.0,0.0,0.10399999999999565,0.08799999999999741
2025-04-05 15:00:00,0.0,0.0,0.06700000000000017,0.18749999999999645
2025-04-05 16:00:00,0.0,0.0,0.06350000000000122,0.2825000000000024
2025-04-05 17:00:00,0.0,0.0,0.11749999999999972,0.08950000000000102
2025-04-05 18:00:00,0.0,0.0,0.2120000000000033,0.12349999999999994
2025-04-05 19:00:00,0.0,0.0,0.08249999999999957,0.06500000000000128
2025-04-05 20:00:00,0.0,0.0,0.05100000000000193,0.05500000000000327
2025-04-05 21:00:00,0.0,0.0,0.04700000000000415,0.08500000000000085
2025-04-05 22:00:00,0.0,0.0,0.07600000000000051,0.038500000000006196
2025-04-05 23:00:00,0.0,0.0,0.132000000000005,0.05850000000000222
2025-04-06 00:00:00,0.0,0.0,0.09750000000000014,0.07750000000000057
2025-04-06 01:00:00,0.0,0.0,0.09750000000000014,0.06099999999999639
2025-04-06 02:00:00,0.0,0.0,0.08549999999999969,0.0954999999999977
2025-04-06 03:00:00,0.0,0.0,0.16750000000000043,0.05100000000000193
2025-04-06 04:00:00,0.0,0.0,0.08749999999999858,0.06300000000000594
2025-04-06 05:00:00,0.0,0.0,0.06449999999999534,0.0779999999999994
2025-04-06 06:00:00,0.0,0.0,0.09300000000000708,0.20050000000000168
2025-04-06 07:00:00,0.0,0.0,0.07499999999999929,0.0710000000000015
2025-04-06 08:00:00,0.0,0.0,0.3125000000000071,0.048500000000000654
2025-04-06 09:00:00,0.0,0.0,0.13449999999999918,0.1504999999999974
2025-04-06 10:00:00,0.0,0.0,0.06150000000000588,0.1265000000000036
2025-04-06 11:00:00,0.0,0.0,0.3520000000000003,0.1474999999999973
2025-04-06 12:00:00,0.0,0.0,0.0884999999999998,0.2874999999999943
2025-04-06 13:00:00,0.0,0.0,0.06149999999999878,0.08100000000000307
2025-04-06 14:00:00,0.0,0.0,0.06099999999999994,0.08750000000000213
2025-04-06 15:00:00,0.0,0.0,0.11550000000000082,0.049500000000001876
2025-04-06 16:00:00,0.0,0.0,0.13150000000000261,0.2960000000000029
2025-04-06 17:00:00,0.0,0.0,0.15300000000000225,0.10450000000000159
2025-04-06 18:00:00,0.0,0.0,0.07450000000000045,0.2380000000000031
2025-04-06 19:00:00,0.0,0.0,0.0934999999999988,0.06700000000000017
2025-04-06 20:00:00,0.0,0.0,0.21249999999999858,0.10050000000000381
2025-04-06 21:00:00,0.0,0.0,0.09550000000000125,0.10449999999999804
2025-04-06 22:00:00,0.0,0.0,0.07800000000000296,0.05300000000000438
2025-04-06 23:00:00,0.0,0.0,0.09850000000000136,0.07849999999999824
2025-04-07 00:00:00,0.0,0.0,0.09450000000000358,0.10700000000000287
2025-04-07 01:00:00,0.0,0.0,0.04400000000000048,0.051000000000005485
2025-04-07 02:00:00,0.0,0.0,0.0519999999999996,0.07800000000000651
2025-04-07 03:00:00,0.0,0.0,0.08999999999999986,0.08450000000000202
2025-04-07 04:00:00,0.0,0.0,0.08300000000000196,0.06400000000000361
2025-04-07 05:00:00,0.0,0.0,0.10450000000000159,0.04550000000000409
2025-04-07 06:00:00,0.0,0.0,0.08950000000000102,0.1999999999999993
2025-04-07 07:00:00,0.0,0.0,0.059499999999999886,0.19000000000000128
2025-04-07 08:00:00,0.0,0.0,0.09500000000000242,0.16050000000000608
2025-04-07 09:00:00,0.0,0.0,0.0004999999999988347,0.27099999999999724
2025-04-07 10:00:00,0.0,0.008749999999999147,0.06350000000000477,0.34500000000000314
2025-04-07 11:00:00,0.0,0.0,0.11100000000000065,0.15950000000000486
2025-04-07 12:00:00,0.0011250000000000426,0.0,0.14099999999999752,0.11799999999999855
2025-04-07 13:00:00,0.0,0.0,0.12700000000000244,0.030000000000001137
2025-04-07 14:00:00,0.0,0.0,0.09300000000000352,0.044000000000004036
2025-04-07 15:00:00,0.0,0.0,0.09600000000000009,0.26549999999999585
2025-04-07 16:00:00,0.0,0.0,0.12199999999999633,0.14499999999999957
2025-04-07 17:00:00,0.0,0.0,0.08650000000000091,0.10550000000000281
2025-04-07 18:00:00,0.0,0.0,0.24399999999999622,0.19799999999999685
2025-04-07 19:00:00,0.0,0.0,0.15499999999999758,0.029500000000002302
2025-04-07 20:00:00,0.0,0.0,0.0870000000000033,0.07900000000000418
2025-04-07 21:00:00,0.0,0.0,0.12949999999999662,0.03499999999999659
2025-04-07 22:00:00,0.0,0.0,0.030999999999998806,0.12750000000000128
2025-04-07 23:00:00,0.0,0.0,0.09199999999999875,0.08600000000000563
2025-04-08 00:00:00,0.0,0.0,0.0519999999999996,0.08899999999999864
2025-04-08 01:00:00,0.0,0.0,0.10349999999999326,0.025500000000000966
2025-04-08 02:00:00,0.0,0.0,0.09450000000000358,0.03849999999999909
2025-04-08 03:00:00,0.0,0.0,0.049500000000001876,0.07050000000000267
2025-04-08 04:00:00,0.0,0.0,0.09000000000000341,0.03450000000000486
2025-04-08 05:00:00,0.0,0.0,0.13700000000000045,0.04800000000000182
2025-04-08 06:00:00,0.0,0.0,0.1374999999999993,0.09100000000000108
2025-04-08 07:00:00,0.0,0.0,0.1369999999999969,0.0625
2025-04-08 08:00:00,0.0,0.0,0.08449999999999847,0.11199999999999832
2025-04-08 09:00:00,0.0,0.0,0.06300000000000239,0.1264999999999965
2025-04-08 10:00:00,0.0,0.0,0.07550000000000168,0.11199999999999832
2025-04-08 11:00:00,0.0,0.0,0.13299999999999912,0.1714999999999982
2025-04-08 12:00:00,0.0,0.0,0.1454999999999984,0.08300000000000196
2025-04-08 13:00:00,0.0,0.0,0.10700000000000642,0.060499999999994
2025-04-08 14:00:00,0.0,0.0,0.1739999999999995,0.06700000000000017
2025-04-08 15:00:00,0.0,0.0,0.07500000000000995,0.07699999999999818
2025-04-08 16:00:00,0.0,0.0,0.20299999999999585,0.059000000000004604
2025-04-08 17:00:00,0.0,0.0,0.04450000000000642,0.11200000000000188
2025-04-08 18:00:00,0.0,0.0,0.10149999999999082,0.13299999999999912
2025-04-08 19:00:00,0.0,0.0,0.09500000000000597,0.05299999999999727
2025-04-08 20:00:00,0.0,0.0,0.3269999999999982,0.13799999999999457
2025-04-08 21:00:00,0.0,0.0,0.06200000000000827,0.03599999999999781
2025-04-08 22:00:00,0.0,0.0,0.12600000000000122,0.16800000000000637
2025-04-08 23:00:00,0.0,0.0,0.07249999999999801,0.30199999999999605
2025-04-09 00:00:00,0.0,0.0,0.02699999999999747,0.2080000000000055
2025-04-09 01:00:00,0.0,0.0,0.14350000000000307,0.04400000000000759
2025-04-09 02:00:00,0.0,0.0,0.12899999999999423,0.16850000000000165
2025-04-09 03:00:00,0.0,0.0,0.15850000000000364,0.04199999999999804
2025-04-09 04:00:00,0.0,0.0,0.34750000000000014,0.048500000000000654
2025-04-09 05:00:00,0.0,0.0,0.19699999999999918,0.11350000000000193
2025-04-09 06:00:00,0.0,0.0,0.11750000000000682,0.12549999999999883
2025-04-09 07:00:00,0.0,0.0,0.1335000000000015,0.08400000000000674
2025-04-09 08:00:00,0.0,0.0,0.05100000000000193,0.1664999999999992
2025-04-09 09:00:00,0.0,0.0,0.13099999999999667,0.10299999999999798
2025-04-09 10:00:00,0.0,0.0,0.1475000000000044,0.20400000000000063
2025-04-09 11:00:00,0.0003750000000000142,0.0,0.30150000000000005,0.024499999999999744
2025-04-09 12:00:00,0.0,0.0,0.17800000000000082,0.1479999999999997
2025-04-09 13:00:00,0.0,0.0,0.23849999999999483,0.14299999999999713
2025-04-09 14:00:00,0.0,0.0,0.12349999999999639,0.10150000000000148
2025-04-09 15:00:00,0.0,0.0,0.19850000000000279,0.09050000000000225
2025-04-09 16:00:00,0.0004999999999988347,0.0,0.36549999999999583,0.1475000000000044
2025-04-09 17:00:00,0.0,0.0,0.3785000000000025,0.05900000000000105
2025-04-09 18:00:00,0.0007500000000000284,0.0,0.25149999999999934,0.054000000000002046
2025-04-09 19:00:00,0.0030000000000001137,0.003750000000000142,0.3875000000000021,0.22249999999999942
2025-04-09 20:00:00,0.0,0.0,0.16300000000000026,0.04200000000000159
2025-04-09 21:00:00,0.0,0.0,0.02149999999999963,0.2190000000000012
2025-04-09 22:00:00,0.0,0.0,0.012000000000000455,0.22649999999999793
2025-04-09 23:00:00,0.0,0.0,0.021000000000000796,0.15750000000000242
2025-04-10 00:00:00,0.0,0.0,0.046999999999997044,0.1615000000000002
2025-04-10 01:00:00,0.0004999999999997229,0.0,0.276500000000005,0.12199999999999633
2025-04-10 02:00:00,0.0,0.0,0.038000000000000256,0.1509999999999998
2025-04-10 03:00:00,0.0,0.0,0.06500000000000128,0.10749999999999815
2025-04-10 04:00:00,0.0,0.0,0.05649999999999977,0.11900000000001043
2025-04-10 05:00:00,0.0,0.0,0.03550000000000253,0.11400000000000077
2025-04-10 06:00:00,0.0,0.00024999999999941735,0.03849999999999909,0.30000000000000354
2025-04-10 07:00:00,0.0,0.0,0.03200000000000003,0.15000000000000213
2025-04-10 08:00:00,0.0,0.0,0.036999999999999034,0.15249999999999986
2025-04-10 09:00:00,0.0,0.0,0.15700000000000003,0.16899999999999693
2025-04-10 10:00:00,0.0,0.0,0.04449999999999932,0.30999999999999517
2025-04-10 11:00:00,0.0006249999999994316,0.0,0.34250000000000397,0.054999999999999716
2025-04-10 12:00:00,0.0,0.0021249999999994884,0.0639999999999965,0.4530000000000015
2025-04-10 13:00:00,0.0,0.0,0.16049999999999898,0.05049999999999599
2025-04-10 14:00:00,0.004624999999998991,0.0004999999999997229,0.23899999999999935,0.3160000000000018
2025-04-10 15:00:00,0.0011250000000000426,0.0,0.24150000000000132,0.0710000000000015
2025-04-10 16:00:00,0.0,0.0,0.22949999999999804,0.11800000000000566
2025-04-10 17:00:00,0.00024999999999941735,0.004374999999999574,0.24849999999999922,0.22050000000000694
2025-04-10 18:00:00,0.0,0.0,0.04700000000000415,0.1340000000000039
2025-04-10 19:00:00,0.0,0.0,0.11700000000000088,0.03349999999999653
2025-04-10 20:00:00,0.0,0.0,0.07950000000000657,0.13099999999999667
2025-04-10 21:00:00,0.0,0.0,0.10050000000000381,0.120000000000001
2025-04-10 22:00:00,0.0,0.0,0.03999999999999915,0.15899999999999537
2025-04-10 23:00:00,0.0,0.0,0.03900000000000148,0.2980000000000018
2025-04-11 00:00:00,0.0,0.0,0.1059999999999981,0.0765000000000029
2025-04-11 01:00:00,0.0,0.0,0.17650000000000432,0.05800000000000338
2025-04-11 02:00:00,0.0,0.0,0.1039999999999992,0.06800000000000139
2025-04-11 03:00:00,0.0,0.0,0.11250000000001137,0.06449999999999889
2025-04-11 04:00:00,0.0,0.0,0.22000000000000242,0.054000000000002046
2025-04-11 05:00:00,0.0,0.0,0.10149999999999793,0.26050000000000395
2025-04-11 06:00:00,0.0,0.0021249999999994884,0.10550000000000281,0.2615000000000002
2025-04-11 07:00:00,0.0,0.0,0.142000000000003,0.12450000000000117
2025-04-11 08:00:00,0.0,0.0,0.045999999999999375,0.062000000000001165
2025-04-11 09:00:00,0.0,0.0,0.037000000000002586,0.22199999999999775
2025-04-11 10:00:00,0.0,0.0,0.08449999999999847,0.35050000000000026
2025-04-11 11:00:00,0.0,0.0,0.06050000000000466,0.23900000000000077
2025-04-11 12:00:00,0.0,0.0,0.08149999999999835,0.11950000000000216
2025-04-11 13:00:00,0.0,0.0,0.14150000000000063,0.04400000000000048
2025-04-11 14:00:00,0.0,0.0,0.11349999999999838,0.06899999999999906
2025-04-11 15:00:00,0.0,0.0,0.09849999999999781,0.07850000000000534
2025-04-11 16:00:00,0.0,0.0,0.10050000000000026,0.14349999999999952
2025-04-11 17:00:00,0.0,0.0,0.15699999999999292,0.12399999999999878
2025-04-11 18:00:00,0.0,0.0,0.10249999999999915,0.08950000000000458
2025-04-11 19:00:00,0.0,0.0,0.08149999999999835,0.08799999999999741
2025-04-11 20:00:00,0.0,0.0,0.09850000000000136,0.08600000000000207
2025-04-11 21:00:00,0.0,0.0,0.06149999999999878,0.06500000000000128
2025-04-11 22:00:00,0.0,0.0,0.182500000000001,0.046999999999997044
2025-04-11 23:00:00,0.0,0.0,0.07750000000000057,0.11700000000000799
2025-04-12 00:00:00,0.0,0.0,0.1720000000000006,0.04200000000000159
2025-04-12 01:00:00,0.0,0.0,0.10149999999999793,0.0765000000000029
2025-04-12 02:00:00,0.0,0.0,0.2175000000000047,0.0259999999999998
2025-04-12 03:00:00,0.0,0.0,0.059499999999999886,0.09250000000000114
2025-04-12 04:00:00,0.0,0.0,0.10450000000000514,0.05600000000000449
2025-04-12 05:00:00,0.0,0.0,0.01249999999999929,0.4170000000000087
2025-04-12 06:00:00,0.0,0.0,0.1550000000000047,0.06400000000000361
2025-04-12 07:00:00,0.0,0.0,0.1375000000000064,0.03849999999999909
2025-04-12 08:00:00,0.0,0.0,0.14899999999999736,0.1630000000000038
2025-04-12 09:00:00,0.0,0.0,0.11700000000000088,0.053000000000000824
2025-04-12 10:00:00,0.0,0.0,0.12149999999999395,0.18150000000000333
2025-04-12 11:00:00,0.0,0.0,0.10450000000000159,0.08950000000000102
2025-04-12 12:00:00,0.009624999999999773,0.0,0.13699999999999904,0.15050000000000807
2025-04-12 13:00:00,0.0,0.0,0.09100000000000108,0.053000000000000824
2025-04-12 14:00:00,0.0,0.0,0.1430000000000078,0.043000000000006366
2025-04-12 15:00:00,0.0,0.0,0.11049999999999827,0.22900000000000276
2025-04-12 16:00:00,0.0,0.01774999999999949,0.16100000000000136,0.3829999999999963
2025-04-12 17:00:00,0.006124999999999048,0.0,0.32100000000000223,0.06099999999999639
2025-04-12 18:00:00,0.0,0.0,0.25,0.12049999999999628
2025-04-12 19:00:00,0.0,0.0,0.08399999999999963,0.07350000000000279
2025-04-12 20:00:00,0.0,0.0,0.05000000000000071,0.09849999999999426
2025-04-12 21:00:00,0.0,0.0,0.06800000000000139,0.07400000000000517
2025-04-12 22:00:00,0.0,0.0,0.11699999999999733,0.0625000000000071
2025-04-12 23:00:00,0.0,0.0,0.16250000000000142,0.1385000000000005
2025-04-13 00:00:00,0.0,0.0,0.2775000000000034,0.06899999999999906
2025-04-13 01:00:00,0.0,0.0,0.07050000000000267,0.05250000000000554
2025-04-13 02:00:00,0.0,0.0,0.09400000000000475,0.10200000000000031
2025-04-13 03:00:00,0.0,0.0,0.14999999999999858,0.06350000000000122
2025-04-13 04:00:00,0.0,0.0,0.02400000000000091,0.07400000000000162
2025-04-13 05:00:00,0.0,0.0,0.027999999999998693,0.1045000000000087
2025-04-13 06:00:00,0.0,0.0,0.019999999999999574,0.12300000000000111
2025-04-13 07:00:00,0.0,0.0,0.08450000000000557,0.05900000000000105
2025-04-13 08:00:00,0.0,0.0,0.13549999999999685,0.07799999999999585
2025-04-13 09:00:00,0.0,0.0,0.1525000000000034,0.04049999999999798
2025-04-13 10:00:00,0.0,0.0,0.037000000000002586,0.20100000000000406
2025-04-13 11:00:00,0.0,0.0,0.15950000000000486,0.11050000000000182
2025-04-13 12:00:00,0.0,0.0,0.08650000000000091,0.09299999999999642
2025-04-13 13:00:00,0.0,0.0,0.15449999999999875,0.10150000000000148
2025-04-13 14:00:00,0.0,0.0,0.13750000000000284,0.05000000000000426
2025-04-13 15:00:00,0.0,0.0,0.11100000000000065,0.11200000000000188
2025-04-13 16:00:00,0.0,0.0,0.07800000000000296,0.13649999999999807
2025-04-13 17:00:00,0.0,0.0,0.4095000000000013,0.02500000000000213
2025-04-13 18:00:00,0.0,0.0,0.09049999999999869,0.15900000000000247
2025-04-13 19:00:00,0.0,0.0,0.049500000000001876,0.11450000000000315
2025-04-13 20:00:00,0.0,0.0,0.06500000000000128,0.20749999999999957
2025-04-13 21:00:00,0.0011250000000000426,0.0,0.1394999999999939,0.10349999999999682
2025-04-13 22:00:00,0.0,0.0,0.19449999999999434,0.137000000000004
2025-04-13 23:00:00,0.0,0.0,0.06350000000000122,0.1285000000000025
2025-04-14 00:00:00,0.0,0.0,0.06649999999999423,0.10350000000000037
2025-04-14 01:00:00,0.0,0.0,0.11749999999999972,0.06400000000000361
2025-04-14 02:00:00,0.0,0.0,0.10800000000000054,0.07900000000000418
2025-04-14 03:00:00,0.0,0.0,0.06549999999999656,0.11150000000000304
2025-04-14 04:00:00,0.0,0.0,0.11299999999999955,0.08000000000000185
2025-04-14 05:00:00,0.0,0.0,0.14550000000000196,0.08349999999999369
2025-04-14 06:00:00,0.0,0.0,0.07199999999999918,0.16250000000000142
2025-04-14 07:00:00,0.0,0.0,0.1454999999999913,0.05450000000000088
2025-04-14 08:00:00,0.0,0.0,0.0849999999999973,0.08350000000000435
2025-04-14 09:00:00,0.0,0.0,0.07900000000000418,0.06200000000000472
2025-04-14 10:00:00,0.0,0.0,0.11749999999999972,0.1060000000000052
2025-04-14 11:00:00,0.0,0.0,0.07949999999999946,0.09949999999999548
2025-04-14 12:00:00,0.0,0.0,0.049500000000001876,0.12500000000000355
2025-04-14 13:00:00,0.0,0.0,0.16049999999999542,0.07250000000000156
2025-04-14 14:00:00,0.0,0.0,0.059000000000004604,0.08549999999999969
2025-04-14 15:00:00,0.0,0.0,0.0505000000000031,0.09450000000000003
2025-04-14 16:00:00,0.0,0.0,0.09799999999999898,0.10450000000000159
2025-04-14 17:00:00,0.0,0.0,0.18349999999999866,0.10699999999999932
2025-04-14 18:00:00,0.0,0.0,0.12150000000000816,0.0659999999999954
2025-04-14 19:00:00,0.0,0.0,0.08249999999999957,0.05749999999999744
2025-04-14 20:00:00,0.0,0.0,0.02750000000000341,0.1214999999999975
2025-04-14 21:00:00,0.0,0.0,0.03400000000000247,0.12850000000000605
2025-04-14 22:00:00,0.0,0.0,0.02650000000000219,0.27550000000000097
2025-04-14 23:00:00,0.0,0.0,0.21900000000000475,0.39450000000000074
2025-04-15 00:00:00,0.0,0.0,0.0765000000000029,0.06599999999999895
2025-04-15 01:00:00,0.0,0.0,0.07200000000000273,0.05099999999999838
2025-04-15 02:00:00,0.0,0.0,0.0540000000000056,0.05150000000000077
2025-04-15 03:00:00,0.0,0.0,0.07000000000000384,0.058499999999998664
2025-04-15 04:00:00,0.0,0.0,0.10949999999999704,0.05099999999999838
2025-04-15 05:00:00,0.0,0.0,0.0730000000000004,0.2524999999999942
2025-04-15 06:00:00,0.0,0.0,0.11349999999999838,0.1284999999999954
2025-04-15 07:00:00,0.0,0.0,0.09000000000000341,0.07050000000000267
2025-04-15 08:00:00,0.0,0.0,0.07150000000000034,0.11349999999999838
2025-04-15 09:00:00,0.0,0.0,0.30999999999998806,0.0
2025-04-15 10:00:00,0.0,0.0,0.07000000000000028,0.129999999999999
2025-04-15 11:00:00,0.00012499999999970868,0.0,0.12050000000000267,0.0555000000000021
2025-04-15 12:00:00,0.0,0.0,0.10200000000000031,0.07049999999999912
2025-04-15 13:00:00,0.0,0.0,0.0990000000000002,0.0710000000000015
2025-04-15 14:00:00,0.0,0.0,0.13500000000000156,0.067499999999999
2025-04-15 15:00:00,0.0,0.0,0.18000000000000327,0.06599999999999895
2025-04-15 16:00:00,0.0,0.0,0.08450000000000202,0.08149999999999835
2025-04-15 17:00:00,0.0,0.0,0.10199999999999676,0.08650000000000446
2025-04-15 18:00:00,0.0,0.0,0.10550000000000281,0.0694999999999979
2025-04-15 19:00:00,0.0,0.0,0.018499999999999517,0.19800000000000395
2025-04-15 20:00:00,0.0,0.021249999999998437,0.0,0.7520000000000053
2025-04-15 21:00:00,0.0,0.0,0.09600000000000364,0.19649999999999324
2025-04-15 22:00:00,0.0,0.0,0.18849999999999767,0.0470000000000006
2025-04-15 23:00:00,0.0006249999999994316,0.0,0.19300000000000067,0.18900000000000006
2025-04-16 00:00:00,0.0008749999999997371,0.0,0.14249999999999757,0.17000000000000526
2025-04-16 01:00:00,0.0,0.0,0.015000000000000568,0.26549999999999585
2025-04-16 02:00:00,0.0,0.0,0.14600000000000435,0.030000000000001137
2025-04-16 03:00:00,0.0,0.0,0.21600000000000819,0.009499999999999176
2025-04-16 04:00:00,0.0,0.0,0.08950000000000102,0.10150000000000148
2025-04-16 05:00:00,0.0,0.0,0.11750000000000327,0.0400000000000027
2025-04-16 06:00:00,0.0,0.014874999999999972,0.17399999999999594,0.3385000000000005
2025-04-16 07:00:00,0.0,0.0,0.365000000000002,0.05450000000000088
2025-04-16 08:00:00,0.0,0.0,0.13949999999999818,0.2105000000000068
2025-04-16 09:00:00,0.0,0.0,0.12550000000000594,0.0505000000000031
2025-04-16 10:00:00,0.0,0.0,0.09050000000000225,0.03549999999999898
2025-04-16 11:00:00,0.0,0.0,0.07400000000000162,0.07950000000000301
2025-04-16 12:00:00,0.0,0.0,0.10349999999999682,0.3135000000000083
2025-04-16 13:00:00,0.0,0.0,0.10350000000000392,0.09150000000000347
2025-04-16 14:00:00,0.0,0.0,0.29199999999999804,0.0034999999999989484
2025-04-16 15:00:00,0.0,0.0,0.15149999999999864,0.07000000000000028
2025-04-16 16:00:00,0.0,0.0,0.06150000000000233,0.11349999999999483
2025-04-16 17:00:00,0.0,0.0,0.14949999999999974,0.04650000000000176
2025-04-16 18:00:00,0.0,0.0,0.012000000000000455,0.20900000000000318
2025-04-16 19:00:00,0.0,0.0,0.013999999999999346,0.2600000000000051
2025-04-16 20:00:00,0.0,0.0,0.11150000000000304,0.1574999999999953
2025-04-16 21:00:00,0.0,0.0,0.03550000000000253,0.22499999999999432
2025-04-16 22:00:00,0.0,0.0,0.08500000000000085,0.07049999999999912
2025-04-16 23:00:00,0.0,0.002374999999999794,0.06850000000000023,0.27400000000000374
2025-04-17 00:00:00,0.0,0.0,0.1750000000000007,0.04299999999999926
2025-04-17 01:00:00,0.0,0.0,0.0,0.4994999999999976
2025-04-17 02:00:00,0.0,0.0,0.26050000000000395,0.0010000000000012221
2025-04-17 03:00:00,0.0,0.0,0.1670000000000016,0.015000000000000568
2025-04-17 04:00:00,0.0,0.0,0.21100000000000563,0.006999999999997897
2025-04-17 05:00:00,0.0,0.0,0.11450000000000671,0.027999999999998693
2025-04-17 06:00:00,0.0,0.0,0.21400000000000574,0.027499999999999858
2025-04-17 07:00:00,0.0,0.0,0.16450000000000387,0.0934999999999988
2025-04-17 08:00:00,0.0,0.0,0.16750000000000043,0.04649999999999821
2025-04-17 09:00:00,0.0,0.0,0.10649999999999693,0.01950000000000074
2025-04-17 10:00:00,0.0,0.0,0.04150000000000276,0.20700000000000074
2025-04-17 11:00:00,0.0,0.0,0.009499999999999176,0.4674999999999976
2025-04-17 12:00:00,0.0,0.0,0.05600000000000449,0.15150000000000574
2025-04-17 13:00:00,0.0,0.0,0.14150000000000418,0.09299999999999997
2025-04-17 14:00:00,0.0,0.0,0.05249999999999844,0.23449999999999704
2025-04-17 15:00:00,0.0,0.0,0.10700000000000287,0.1255000000000024
2025-04-17 16:00:00,0.0,0.0,0.17950000000000088,0.04299999999999926
2025-04-17 17:00:00,0.0,0.0,0.06800000000000139,0.031500000000001194
2025-04-17 18:00:00,0.0,0.0,0.0505000000000031,0.032000000000007134
2025-04-17 19:00:00,0.0,0.0,0.10899999999999821,0.15350000000000108
2025-04-17 20:00:00,0.0,0.0,0.08099999999999952,0.19200000000000372
2025-04-17 21:00:00,0.0,0.0,0.16749999999999687,0.0540000000000056
2025-04-17 22:00:00,0.0019999999999997797,0.0,0.31149999999999806,0.004999999999999005
2025-04-17 23:00:00,0.0,0.0,0.24099999999999966,0.022999999999999687
2025-04-18 00:00:00,0.0,0.0,0.16849999999999454,0.02149999999999963
2025-04-18 01:00:00,0.0,0.0,0.09849999999999781,0.05799999999999983
2025-04-18 02:00:00,0.0,0.0,0.14900000000000446,0.01249999999999929
2025-04-18 03:00:00,0.0,0.0,0.12650000000000006,0.02599999999999625
2025-04-18 04:00:00,0.0,0.0,0.08750000000000213,0.06650000000000489
2025-04-18 05:00:00,0.0,0.0,0.10999999999999943,0.03750000000000142
2025-04-18 06:00:00,0.0,0.0,0.054999999999999716,0.07299999999999685
2025-04-18 07:00:00,0.0,0.0,0.07349999999999923,0.10699999999999932
2025-04-18 08:00:00,0.0,0.0,0.1684999999999981,0.03900000000000148
2025-04-18 09:00:00,0.0,0.0,0.08600000000000918,0.024499999999999744
2025-04-18 10:00:00,0.0,0.0,0.18849999999999767,0.02300000000000324
2025-04-18 11:00:00,0.0,0.0,0.09100000000000108,0.047999999999998266
2025-04-18 12:00:00,0.0,0.0,0.07850000000000179,0.03249999999999886
2025-04-18 13:00:00,0.0,0.0,0.06700000000000372,0.06999999999999673
2025-04-18 14:00:00,0.0,0.0,0.0505000000000031,0.08050000000000068
2025-04-18 15:00:00,0.0,0.0,0.0940000000000012,0.034499999999997755
2025-04-18 16:00:00,0.0,0.0,0.09600000000000009,0.06350000000000477
2025-04-18 17:00:00,0.0,0.0,0.031500000000001194,0.18200000000000216
2025-04-18 18:00:00,0.0,0.0,0.1060000000000052,0.0589999999999975
2025-04-18 19:00:00,0.0,0.0,0.054999999999999716,0.0849999999999973
2025-04-18 20:00:00,0.0,0.0,0.06800000000000139,0.05000000000000426
2025-04-18 21:00:00,0.0,0.0,0.060499999999997556,0.10500000000000398
2025-04-18 22:00:00,0.0,0.0,0.10349999999999682,0.06500000000000483
2025-04-18 23:00:00,0.0,0.0,0.08349999999999724,0.08450000000000202
2025-04-19 00:00:00,0.0,0.0,0.08050000000000068,0.06850000000000023
2025-04-19 01:00:00,0.0,0.0,0.0694999999999979,0.05600000000000094
2025-04-19 02:00:00,0.0,0.0,0.11399999999999366,0.03800000000000381
2025-04-19 03:00:00,0.0,0.0,0.05300000000000438,0.07549999999999457
2025-04-19 04:00:00,0.0,0.0,0.052000000000003155,0.0589999999999975
2025-04-19 05:00:00,0.0,0.0,0.04650000000000176,0.09149999999999636
2025-04-19 06:00:00,0.0,0.0007499999999991402,0.06150000000000233,0.42850000000000177
2025-04-19 07:00:00,0.0,0.0,0.26249999999999574,0.06700000000000017
2025-04-19 08:00:00,0.0,0.0,0.1395000000000053,0.05100000000000193
2025-04-19 09:00:00,0.0,0.0,0.07100000000000506,0.054999999999999716
2025-04-19 10:00:00,0.0,0.0,0.02949999999999875,0.19899999999999451
2025-04-19 11:00:00,0.0,0.0,0.12249999999999872,0.09999999999999787
2025-04-19 12:00:00,0.0036249999999995453,0.0,0.17550000000000593,0.06649999999999423
2025-04-19 13:00:00,0.0,0.0,0.14699999999999847,0.02750000000000341
2025-04-19 14:00:00,0.0,0.0,0.06500000000000483,0.0919999999999952
2025-04-19 15:00:00,0.0,0.0,0.11900000000000333,0.07949999999999946
2025-04-19 16:00:00,0.0,0.0,0.06350000000000122,0.27899999999999636
2025-04-19 17:00:00,0.0,0.0,0.1255000000000024,0.18649999999999878
2025-04-19 18:00:00,0.0,0.0,0.06150000000000233,0.07699999999999818
2025-04-19 19:00:00,0.0,0.0,0.09499999999999886,0.11949999999999861
2025-04-19 20:00:00,0.0,0.0,0.10450000000000159,0.018499999999999517
2025-04-19 21:00:00,0.0,0.0,0.07850000000000534,0.06550000000000367
2025-04-19 22:00:00,0.0,0.0,0.16000000000000014,0.06950000000000145
2025-04-19 23:00:00,0.0008749999999997371,0.0,0.1850000000000051,0.04800000000000182
2025-04-20 00:00:00,0.0,0.0,0.06350000000000122,0.09599999999999653
2025-04-20 01:00:00,0.0,0.0,0.10650000000000048,0.0940000000000083
2025-04-20 02:00:00,0.0,0.0,0.07350000000000634,0.18150000000000688
2025-04-20 03:00:00,0.0,0.0,0.10249999999999915,0.043000000000006366
2025-04-20 04:00:00,0.0,0.0,0.08399999999999963,0.07750000000000412
2025-04-20 05:00:00,0.0,0.0,0.04550000000000054,0.11449999999999605
2025-04-20 06:00:00,0.0,0.0,0.049500000000001876,0.17650000000000077
2025-04-20 07:00:00,0.0,0.0,0.11250000000000071,0.07500000000000284
2025-04-20 08:00:00,0.0,0.0,0.1314999999999955,0.08199999999999719
2025-04-20 09:00:00,0.0,0.0,0.05600000000000094,0.10999999999999588
2025-04-20 10:00:00,0.0,0.0,0.19699999999999207,0.05150000000000077
2025-04-20 11:00:00,0.0,0.0,0.060499999999997556,0.08300000000000196
2025-04-20 12:00:00,0.0,0.0,0.1265000000000036,0.03400000000000247
2025-04-20 13:00:00,0.0,0.0,0.06550000000000011,0.04650000000000176
2025-04-20 14:00:00,0.0,0.0,0.12050000000000693,0.019999999999999574
2025-04-20 15:00:00,0.0,0.0,0.03250000000000597,0.08600000000000563
2025-04-20 16:00:00,0.0,0.0,0.06500000000000128,0.11699999999999733
2025-04-20 17:00:00,0.0,0.0,0.12249999999999872,0.10800000000000409
2025-04-20 18:00:00,0.0,0.0,0.10400000000000631,0.04800000000000182
2025-04-20 19:00:00,0.0,0.0,0.0884999999999998,0.034000000000006025
2025-04-20 20:00:00,0.0,0.0,0.04950000000000543,0.06800000000000139
2025-04-20 21:00:00,0.0,0.0,0.08049999999999713,0.05150000000000077
2025-04-20 22:00:00,0.0,0.0,0.02149999999999963,0.15449999999999164
2025-04-20 23:00:00,0.002749999999999808,0.0,0.17200000000000343,0.06500000000000128
2025-04-21 00:00:00,0.0,0.0,0.015499999999999403,0.23749999999999716
2025-04-21 01:00:00,0.0,0.0,0.12300000000000111,0.04250000000000398
2025-04-21 02:00:00,0.0,0.0,0.047500000000002984,0.07150000000000034
2025-04-21 03:00:00,0.0,0.0,0.031500000000004746,0.11800000000000566
2025-04-21 04:00:00,0.0,0.0,0.0765000000000029,0.060000000000005826
2025-04-21 05:00:00,0.0,0.0,0.07500000000000284,0.02599999999999625
2025-04-21 06:00:00,0.0,0.0,0.0849999999999973,0.043000000000006366
2025-04-21 07:00:00,0.0,0.0,0.09299999999999997,0.1285000000000025
2025-04-21 08:00:00,0.0,0.0,0.06449999999999889,0.07800000000000296
2025-04-21 09:00:00,0.0,0.0,0.07950000000000657,0.05099999999999838
2025-04-21 10:00:00,0.0,0.0,0.48550000000000537,0.0019999999999988916
2025-04-21 11:00:00,0.0,0.0,0.1460000000000008,0.07250000000000156
2025-04-21 12:00:00,0.0,0.0,0.06700000000000017,0.10650000000000048
2025-04-21 13:00:00,0.0,0.0,0.10900000000000531,0.10799999999999699
2025-04-21 14:00:00,0.0,0.0,0.0505000000000031,0.10700000000000642
2025-04-21 15:00:00,0.0,0.0,0.10350000000000747,0.10499999999999687
2025-04-21 16:00:00,0.0,0.0,0.16899999999999338,0.06450000000000244
2025-04-21 17:00:00,0.0,0.0,0.043499999999998096,0.2234999999999907
2025-04-21 18:00:00,0.0,0.0,0.10950000000000415,0.03200000000000003
2025-04-21 19:00:00,0.0,0.0,0.0030000000000001137,0.17699999999999605
2025-04-21 20:00:00,0.0,0.0,0.049500000000001876,0.06500000000000128
2025-04-21 21:00:00,0.0,0.0,0.036499999999996646,0.11000000000000654
2025-04-21 22:00:00,0.0,0.0,0.013000000000001677,0.40250000000000696
2025-04-21 23:00:00,0.0,0.0,0.020999999999997243,0.27550000000000807
2025-04-22 00:00:00,0.0,0.0,0.08200000000000429,0.1095000000000006
2025-04-22 01:00:00,0.0,0.0,0.023500000000002075,0.20400000000000063
2025-04-22 02:00:00,0.0,0.0,0.10850000000000293,0.03350000000000364
2025-04-22 03:00:00,0.0,0.0,0.09100000000000819,0.07049999999999912
2025-04-22 04:00:00,0.0,0.0,0.01950000000000074,0.3910000000000089
2025-04-22 05:00:00,0.0,0.0,0.053500000000006764,0.06649999999999778
2025-04-22 06:00:00,0.0,0.0,0.30400000000000205,0.0224999999999973
2025-04-22 07:00:00,0.0,0.0,0.20599999999999596,0.04250000000000398
2025-04-22 08:00:00,0.0,0.0,0.007999999999999119,0.2515000000000036
2025-04-22 09:00:00,0.0,0.0,0.11550000000000082,0.03200000000000358
2025-04-22 10:00:00,0.0,0.0,0.059000000000004604,0.12850000000000605
2025-04-22 11:00:00,0.0,0.0,0.048500000000004206,0.10899999999999821
2025-04-22 12:00:00,0.0,0.0,0.14000000000000412,0.01699999999999946
2025-04-22 13:00:00,0.0,0.0,0.14449999999999363,0.03999999999999915
2025-04-22 14:00:00,0.0,0.0,0.12100000000000577,0.01850000000000307
2025-04-22 15:00:00,0.0,0.0,0.1305000000000014,0.015999999999998238
2025-04-22 16:00:00,0.0,0.0,0.04150000000000276,0.11700000000000443
2025-04-22 17:00:00,0.0,0.0007500000000000284,0.09900000000000375,0.30700000000000144
2025-04-22 18:00:00,0.0,0.0,0.11850000000000094,0.06150000000000588
2025-04-22 19:00:00,0.0,0.0,0.05699999999999861,0.19250000000000256
2025-04-22 20:00:00,0.0,0.0,0.08449999999999491,0.10200000000000031
2025-04-22 21:00:00,0.0,0.0,0.09399999999999764,0.08550000000000679
2025-04-22 22:00:00,0.0,0.0,0.08549999999999969,0.19849999999998857
2025-04-22 23:00:00,0.0,0.0,0.028999999999999915,0.15250000000000696
2025-04-23 00:00:00,0.0,0.0,0.14550000000000196,0.025000000000005684
2025-04-23 01:00:00,0.0,0.0,0.1024999999999956,0.045999999999999375
2025-04-23 02:00:00,0.0,0.0,0.13850000000000406,0.015999999999998238
2025-04-23 03:00:00,0.0,0.0,0.1574999999999953,0.03049999999999997
2025-04-23 04:00:00,0.0,0.0,0.1095000000000006,0.137000000000004
2025-04-23 05:00:00,0.0,0.0,0.1620000000000026,0.036000000000001364
2025-04-23 06:00:00,0.0,0.0,0.14750000000000085,0.04550000000000054
2025-04-23 07:00:00,0.0,0.0,0.1235000000000035,0.06950000000000145
2025-04-23 08:00:00,0.0,0.0,0.12150000000000816,0.045999999999999375
2025-04-23 09:00:00,0.0,0.0,0.04150000000000276,0.14300000000000423
2025-04-23 10:00:00,0.0,0.0,0.1649999999999956,0.05649999999999977
2025-04-23 11:00:00,0.0,0.0,0.045000000000001705,0.09050000000000225
2025-04-23 12:00:00,0.0,0.0,0.10850000000000648,0.06050000000000111
2025-04-23 13:00:00,0.0,0.0,0.061000000000003496,0.13250000000000384
2025-04-23 14:00:00,0.0,0.0,0.06899999999999906,0.11149999999999949
2025-04-23 15:00:00,0.0,0.0,0.027999999999998693,0.36249999999999716
2025-04-23 16:00:00,0.0,0.0,0.08949999999999747,0.13450000000000273
2025-04-23 17:00:00,0.0,0.0,0.10150000000000148,0.13950000000000173
2025-04-23 18:00:00,0.0,0.0,0.20549999999999358,0.0519999999999996
2025-04-23 19:00:00,0.0,0.0,0.15850000000000364,0.033500000000000085
2025-04-23 20:00:00,0.0,0.0,0.004999999999999005,0.3569999999999922
2025-04-23 21:00:00,0.0,0.0,0.19050000000000367,0.03949999999999676
2025-04-23 22:00:00,0.0,0.0,0.10550000000000637,0.0519999999999996
2025-04-23 23:00:00,0.0,0.0,0.14150000000000418,0.02149999999999963
2025-04-24 00:00:00,0.0,0.0,0.13450000000000273,0.03950000000000031
2025-04-24 01:00:00,0.0,0.0,0.1290000000000049,0.03900000000000148
2025-04-24 02:00:00,0.0,0.0,0.09600000000000009,0.0259999999999998
2025-04-24 03:00:00,0.0,0.0,0.05799999999999983,0.059000000000004604
2025-04-24 04:00:00,0.0,0.0,0.053000000000000824,0.14400000000000546
2025-04-24 05:00:00,0.0,0.0,0.10850000000000293,0.1235000000000035
2025-04-24 06:00:00,0.0,0.0,0.1025000000000027,0.06299999999999883
2025-04-24 07:00:00,0.0,0.0,0.09800000000000253,0.14999999999999858
2025-04-24 08:00:00,0.0,0.0,0.04899999999999949,0.19250000000000256
2025-04-24 09:00:00,0.0,0.0004999999999997229,0.0070000000000014495,0.4879999999999988
2025-04-24 10:00:00,0.0,0.0,0.16999999999999815,0.06850000000000023
2025-04-24 11:00:00,0.0,0.0,0.09700000000000131,0.03900000000000148
2025-04-24 12:00:00,0.0,0.0,0.19650000000000034,0.024499999999999744
2025-04-24 13:00:00,0.0,0.0,0.14300000000000068,0.034499999999997755
2025-04-24 14:00:00,0.0,0.0,0.09699999999999775,0.0975000000000037
2025-04-24 15:00:00,0.0,0.0,0.12349999999999994,0.13500000000000156
2025-04-24 16:00:00,0.0,0.0,0.11550000000000793,0.08500000000000085
2025-04-24 17:00:00,0.0,0.0,0.22449999999999548,0.16300000000000026
2025-04-24 18:00:00,0.0,0.0,0.01150000000000162,0.29150000000000276
2025-04-24 19:00:00,0.0,0.0,0.12900000000000134,0.12599999999999412
2025-04-24 20:00:00,0.00012499999999970868,0.0,0.34100000000000036,0.04299999999999926
2025-04-24 21:00:00,0.0,0.0,0.26799999999999713,0.14999999999999858
2025-04-24 22:00:00,0.0,0.0,0.16799999999999926,0.30349999999999966
2025-04-24 23:00:00,0.0,0.0,0.05099999999999838,0.12600000000000122
2025-04-25 00:00:00,0.0012499999999997513,0.0,0.257499999999996,0.045999999999999375
2025-04-25 01:00:00,0.0,0.0,0.0835000000000008,0.06250000000000355
2025-04-25 02:00:00,0.0,0.0,0.09050000000000225,0.05300000000000438
2025-04-25 03:00:00,0.0,0.0,0.04050000000000509,0.029999999999997584
2025-04-25 04:00:00,0.0,0.0,0.07450000000000756,0.04350000000000165
2025-04-25 05:00:00,0.0,0.0,0.11350000000000193,0.06299999999999883
2025-04-25 06:00:00,0.0011249999999991545,0.0,0.41049999999999753,0.06149999999999878
2025-04-25 07:00:00,0.0,0.0,0.057500000000000995,0.08050000000000423
2025-04-25 08:00:00,0.0,0.00012499999999970868,0.0,0.4284999999999954
2025-04-25 09:00:00,0.0,0.0,0.04200000000000159,0.12049999999999628
2025-04-25 10:00:00,0.0,0.0,0.11050000000000182,0.0330000000000048
2025-04-25 11:00:00,0.0,0.0,0.09149999999999991,0.06350000000000477
2025-04-25 12:00:00,0.0,0.0,0.05900000000000105,0.397000000000002
2025-04-25 13:00:00,0.0,0.0,0.10799999999999699,0.15449999999999875
2025-04-25 14:00:00,0.0,0.0,0.006000000000000227,0.3219999999999992
2025-04-25 15:00:00,0.0,0.0,0.18849999999999412,0.025499999999997414
2025-04-25 16:00:00,0.0,0.0,0.07250000000000512,0.19400000000000261
2025-04-25 17:00:00,0.0,0.0,0.17899999999999494,0.06099999999999639
2025-04-25 18:00:00,0.0,0.0,0.2175000000000047,0.06149999999999878
2025-04-25 19:00:00,0.0,0.0,0.09850000000000136,0.13449999999999918
2025-04-25 20:00:00,0.0,0.0,0.09999999999999787,0.053000000000000824
2025-04-25 21:00:00,0.0,0.0,0.10450000000000514,0.12950000000000017
2025-04-25 22:00:00,0.0,0.0,0.08050000000000423,0.061000000000003496
2025-04-25 23:00:00,0.0,0.0,0.06700000000000017,0.2099999999999973
2025-04-26 00:00:00,0.0,0.0,0.19299999999999784,0.014500000000001734
2025-04-26 01:00:00,0.0,0.0,0.12400000000000233,0.02400000000000091
2025-04-26 02:00:00,0.0,0.0,0.10000000000000497,0.03850000000000264
2025-04-26 03:00:00,0.0,0.0,0.0750000000000064,0.043000000000002814
2025-04-26 04:00:00,0.0,0.0,0.07849999999999824,0.05100000000000193
2025-04-26 05:00:00,0.0,0.0,0.08050000000000423,0.10150000000000148
2025-04-26 06:00:00,0.0,0.0,0.08899999999999864,0.07700000000000173
2025-04-26 07:00:00,0.0,0.0,0.0015000000000000568,0.2415000000000056
2025-04-26 08:00:00,0.0,0.0,0.02949999999999875,0.09500000000000242
2025-04-26 09:00:00,0.0,0.0,0.16100000000000492,0.05000000000000071
2025-04-26 10:00:00,0.002874999999999517,0.0,0.14400000000000474,0.08450000000000557
2025-04-26 11:00:00,0.0,0.0,0.11750000000000682,0.05349999999999966
2025-04-26 12:00:00,0.0,0.0,0.09699999999999775,0.048500000000000654
2025-04-26 13:00:00,0.0,0.0,0.08400000000000674,0.05600000000000094
2025-04-26 14:00:00,0.0,0.0,0.05900000000000105,0.1389999999999887
2025-04-26 15:00:00,0.0,0.0,0.10550000000000281,0.21300000000000807
2025-04-26 16:00:00,0.0,0.0,0.07900000000000418,0.09449999999999648
2025-04-26 17:00:00,0.0,0.0,0.2190000000000083,0.08500000000000085
2025-04-26 18:00:00,0.0,0.0,0.12099999999999511,0.09849999999999781
2025-04-26 19:00:00,0.0,0.0,0.09300000000000352,0.06300000000000594
2025-04-26 20:00:00,0.0,0.0,0.09799999999999898,0.03300000000000125
2025-04-26 21:00:00,0.0,0.0,0.04949999999999832,0.042500000000000426
2025-04-26 22:00:00,0.0,0.0,0.11399999999999721,0.10500000000000043
2025-04-26 23:00:00,0.0,0.0,0.1235000000000035,0.03600000000000492
2025-04-27 00:00:00,0.0,0.0,0.06600000000000605,0.062000000000001165
2025-04-27 01:00:00,0.0,0.0,0.12799999999999656,0.0555000000000021
2025-04-27 02:00:00,0.0,0.0,0.06249999999999645,0.04750000000001009
2025-04-27 03:00:00,0.0,0.0,0.05700000000000571,0.04700000000000415
2025-04-27 04:00:00,0.0,0.0,0.05700000000000571,0.06500000000000838
2025-04-27 05:00:00,0.0,0.0,0.025499999999997414,0.4604999999999997
2025-04-27 06:00:00,0.0,0.0003750000000000142,0.0,0.44849999999999496
2025-04-27 07:00:00,0.0,0.0,0.17600000000000549,0.06500000000000128
2025-04-27 08:00:00,0.0,0.0,0.1615000000000002,0.016500000000000625
2025-04-27 09:00:00,0.0,0.0,0.050499999999999545,0.23099999999999454
2025-04-27 10:00:00,0.00137499999999946,0.0,0.08800000000000026,0.2799999999999976
2025-04-27 11:00:00,0.0,0.0,0.17650000000001143,0.007500000000000284
2025-04-27 12:00:00,0.0,0.0,0.196500000000011,0.010000000000001563
2025-04-27 13:00:00,0.0,0.0,0.39600000000000435,0.036499999999996646
2025-04-27 14:00:00,0.0,0.0,0.09300000000000708,0.04399999999999693
2025-04-27 15:00:00,0.0,0.0,0.1460000000000079,0.04550000000000054
2025-04-27 16:00:00,0.0,0.0011250000000000426,0.11849999999999739,0.4035000000000032
2025-04-27 17:00:00,0.00137499999999946,0.012124999999998387,0.2864999999999995,0.3914999999999971
2025-04-27 18:00:00,0.0,0.0,0.19899999999999807,0.07349999999999568
2025-04-27 19:00:00,0.0,0.0,0.2119999999999962,0.0519999999999996
2025-04-27 20:00:00,0.0,0.0,0.09799999999999898,0.03900000000000503
2025-04-27 21:00:00,0.0,0.0,0.09150000000000702,0.07200000000000628
2025-04-27 22:00:00,0.0,0.0,0.12050000000000338,0.05700000000000216
2025-04-27 23:00:00,0.0,0.0,0.12850000000000605,0.06149999999999878
2025-04-28 00:00:00,0.0,0.0,0.0779999999999994,0.08450000000000557
2025-04-28 01:00:00,0.0,0.0,0.16850000000000165,0.03550000000000608
2025-04-28 02:00:00,0.0,0.0,0.09800000000000608,0.036000000000001364
2025-04-28 03:00:00,0.0,0.0,0.040500000000001535,0.03049999999999642
2025-04-28 04:00:00,0.0,0.0,0.09700000000000486,0.043000000000002814
2025-04-28 05:00:00,0.0,0.0,0.1025000000000027,0.07000000000000028
2025-04-28 06:00:00,0.0,0.0,0.31799999999999784,0.0329999999999977
2025-04-28 07:00:00,0.01312499999999961,0.0,0.4305,0.07800000000000651
2025-04-28 08:00:00,0.0,0.07374999999999687,0.0,0.9959999999999993
2025-04-28 09:00:00,0.0,0.0039999999999995595,0.0990000000000002,0.27100000000000224
2025-04-28 10:00:00,0.0,0.0,0.06350000000000122,0.24500000000000455
2025-04-28 11:00:00,0.0,0.0,0.18100000000000094,0.04449999999999932
2025-04-28 12:00:00,0.0,0.0,0.14700000000000202,0.12599999999999767
2025-04-28 13:00:00,0.0,0.0,0.17999999999999972,0.04449999999999932
2025-04-28 14:00:00,0.0,0.0,0.10700000000000287,0.05850000000000222
2025-04-28 15:00:00,0.002874999999999517,0.0,0.3700000000000003,0.006499999999999062
2025-04-28 16:00:00,0.0,0.0,0.11800000000000566,0.1495000000000033
2025-04-28 17:00:00,0.0,0.016124999999998835,0.0365000000000002,0.5264999999999951
2025-04-28 18:00:00,0.0,0.0,0.09499999999999886,0.2430000000000021
2025-04-28 19:00:00,0.0,0.0,0.15499999999999758,0.09600000000000009
2025-04-28 20:00:00,0.0,0.0,0.06850000000000378,0.1524999999999963
2025-04-28 21:00:00,0.0,0.0,0.1585000000000072,0.03549999999999898
2025-04-28 22:00:00,0.0,0.0,0.1454999999999984,0.1509999999999998
2025-04-28 23:00:00,0.0,0.0,0.1579999999999977,0.0975000000000037
2025-04-29 00:00:00,0.0,0.0,0.15249999999999986,0.08550000000000324
2025-04-29 01:00:00,0.0,0.0,0.11399999999999721,0.0730000000000004
2025-04-29 02:00:00,0.0,0.0,0.1545000000000023,0.03749999999999787
2025-04-29 03:00:00,0.0,0.0,0.17099999999999937,0.03200000000000003
2025-04-29 04:00:00,0.009499999999999176,0.0,0.3684999999999995,0.19800000000000395
2025-04-29 05:00:00,0.0003750000000000142,0.0,0.3025000000000048,0.1075000000000017
2025-04-29 06:00:00,0.0,0.0008749999999997371,0.12600000000000122,0.17750000000000482
2025-04-29 07:00:00,0.0,0.004624999999999879,0.16300000000000026,0.1520000000000003
2025-04-29 08:00:00,0.0,0.0,0.0,0.36999999999999744
2025-04-29 09:00:00,0.0,0.0024999999999995026,0.016500000000000625,0.26350000000000334
2025-04-29 10:00:00,0.0,0.0,0.20249999999999702,0.18900000000000006
2025-04-29 11:00:00,0.0,0.002749999999999808,0.08999999999999986,0.4605000000000018
2025-04-29 12:00:00,0.0,0.0,0.21600000000000819,0.027499999999999858
2025-04-29 13:00:00,0.0,0.0,0.17599999999999838,0.009499999999999176
2025-04-29 14:00:00,0.0,0.0,0.17100000000000648,0.04449999999999932
2025-04-29 15:00:00,0.0,0.0,0.21250000000000213,0.026499999999998636
2025-04-29 16:00:00,0.0,0.0,0.16649999999999565,0.08800000000000097
2025-04-29 17:00:00,0.0,0.0,0.18599999999999994,0.09800000000000253
2025-04-29 18:00:00,0.0,0.0,0.13300000000000267,0.038000000000000256
2025-04-29 19:00:00,0.0,0.0,0.11550000000000438,0.03200000000000003
2025-04-29 20:00:00,0.0,0.0,0.11100000000001131,0.04550000000000054
2025-04-29 21:00:00,0.0,0.0,0.06949999999999434,0.0519999999999996
2025-04-29 22:00:00,0.0,0.0,0.13300000000000622,0.08150000000000546
2025-04-29 23:00:00,0.0,0.0,0.08749999999999858,0.03749999999999787
2025-04-30 00:00:00,0.0,0.0,0.10800000000000409,0.08099999999999596
2025-04-30 01:00:00,0.0,0.0,0.04649999999999821,0.10899999999999821
2025-04-30 02:00:00,0.0,0.0,0.17749999999999488,0.053999999999998494
2025-04-30 03:00:00,0.0,0.0,0.015000000000000568,0.07000000000000384
2025-04-30 04:00:00,0.0,0.0,0.04800000000000182,0.13500000000000156
2025-04-30 05:00:00,0.0,0.0,0.10000000000000497,0.02049999999999841
2025-04-30 06:00:00,0.0,0.0,0.12100000000000222,0.14949999999999974
2025-04-30 07:00:00,0.0,0.0,0.07500000000000284,0.04600000000000648
2025-04-30 08:00:00,0.0,0.0,0.0045000000000001705,0.2055000000000078
2025-04-30 09:00:00,0.0,0.0,0.08249999999999957,0.06400000000000006
2025-04-30 10:00:00,0.0,0.0,0.1630000000000038,0.07500000000000284
2025-04-30 11:00:00,0.0,0.0,0.11499999999999844,0.13049999999999784
2025-04-30 12:00:00,0.0,0.0,0.12300000000000111,0.06050000000000466
2025-04-30 13:00:00,0.0,0.0,0.019999999999999574,0.22650000000000148
2025-04-30 14:00:00,0.0,0.0,0.08200000000000429,0.06650000000000134
2025-04-30 15:00:00,0.0,0.0,0.14750000000000796,0.06200000000000472
2025-04-30 16:00:00,0.0,0.0,0.13650000000000517,0.13949999999999818
2025-04-30 17:00:00,0.0,0.0,0.20899999999999963,0.17499999999999716
2025-04-30 18:00:00,0.0,0.0,0.04999999999999716,0.14199999999999235
2025-04-30 19:00:00,0.0,0.0,0.024499999999999744,0.20499999999999474
2025-04-30 20:00:00,0.0,0.0,0.0,0.48699999999999477
2025-04-30 21:00:00,0.0,0.0,0.21499999999999986,0.017500000000001847
2025-04-30 22:00:00,0.0,0.0,0.12750000000000483,0.0330000000000048
2025-04-30 23:00:00,0.0,0.0,0.12399999999999878,0.08300000000000196
2025-05-01 00:00:00,0.0,0.0,0.1269999999999989,0.16250000000000497
2025-05-01 01:00:00,0.0,0.0,0.08750000000000568,0.043000000000006366
2025-05-01 02:00:00,0.0,0.0,0.060000000000002274,0.03300000000000125
2025-05-01 03:00:00,0.0,0.0,0.07199999999999918,0.0659999999999954
2025-05-01 04:00:00,0.0,0.0,0.03900000000000503,0.12699999999999534
2025-05-01 05:00:00,0.0,0.0,0.0224999999999973,0.0835000000000079
2025-05-01 06:00:00,0.0,0.0,0.03850000000000264,0.06500000000000838
2025-05-01 07:00:00,0.0,0.0,0.11049999999999471,0.056500000000003325
2025-05-01 08:00:00,0.0,0.0,0.1095000000000006,0.060000000000002274
2025-05-01 09:00:00,0.0,0.0,0.07350000000000279,0.20149999999999935
2025-05-01 10:00:00,0.0,0.0006249999999994316,0.300499999999996,0.11499999999999773
2025-05-01 11:00:00,0.0017499999999994742,0.0,0.21099999999999425,0.05450000000000088
2025-05-01 12:00:00,0.0,0.0,0.0659999999999954,0.13299999999999912
2025-05-01 13:00:00,0.0,0.0,0.13899999999999935,0.021999999999998465
2025-05-01 14:00:00,0.0,0.0,0.052000000000003155,0.07850000000000179
2025-05-01 15:00:00,0.0,0.0,0.08999999999999986,0.19050000000000722
2025-05-01 16:00:00,0.0,0.0,0.10650000000000404,0.1075000000000017
2025-05-01 17:00:00,0.0,0.0,0.1255000000000024,0.2579999999999991
2025-05-01 18:00:00,0.0,0.0,0.1705000000000041,0.08350000000000435
2025-05-01 19:00:00,0.0,0.0,0.1595000000000013,0.028499999999997527
2025-05-01 20:00:00,0.0,0.0,0.04250000000000398,0.11850000000000094
2025-05-01 21:00:00,0.0,0.0,0.20899999999999963,0.21249999999999503
2025-05-01 22:00:00,0.0,0.0,0.19950000000000045,0.07450000000000045
2025-05-01 23:00:00,0.0,0.0,0.22350000000000136,0.06650000000000489
2025-05-02 00:00:00,0.0,0.0,0.15149999999999864,0.20899999999999963
2025-05-02 01:00:00,0.0,0.0,0.1649999999999956,0.11950000000000216
2025-05-02 02:00:00,0.0,0.0,0.15400000000000347,0.07349999999999923
2025-05-02 03:00:00,0.0,0.0,0.044000000000004036,0.04800000000000182
2025-05-02 04:00:00,0.0,0.0,0.07749999999999702,0.06500000000000128
2025-05-02 05:00:00,0.0,0.0,0.0890000000000093,0.07800000000000651
2025-05-02 06:00:00,0.0007500000000000284,0.0004999999999997229,0.3045000000000037,0.12349999999999924
2025-05-02 07:00:00,0.0,0.0,0.12100000000000577,0.10299999999999798
2025-05-02 08:00:00,0.0,0.0,0.03200000000000003,0.16900000000000048
2025-05-02 09:00:00,0.0,0.0,0.2029999999999923,0.1650000000000027
2025-05-02 10:00:00,0.018625000000000114,0.0,0.30249999999999916,0.28949999999999676
2025-05-02 11:00:00,0.0,0.0,0.14399999999999835,0.05449999999999733
2025-05-02 12:00:00,0.004999999999999893,0.0,0.1730000000000011,0.33150000000000546
2025-05-02 13:00:00,0.0,0.0,0.04800000000000182,0.2205000000000119
2025-05-02 14:00:00,0.0,0.0,0.125,0.05900000000000105
2025-05-02 15:00:00,0.0,0.0,0.23900000000000077,0.028999999999999915
2025-05-02 16:00:00,0.0,0.0,0.0659999999999954,0.17799999999999727
2025-05-02 17:00:00,0.003749999999999254,0.0034999999999998366,0.456500000000004,0.15050000000000024
2025-05-02 18:00:00,0.0,0.0,0.10150000000000148,0.09900000000000375
2025-05-02 19:00:00,0.0,0.0,0.0750000000000064,0.1909999999999954
2025-05-02 20:00:00,0.0,0.0,0.04450000000000287,0.17800000000000793
2025-05-02 21:00:00,0.0,0.0,0.3144999999999989,0.026000000000003354
2025-05-02 22:00:00,0.0,0.0,0.04149999999999565,0.3930000000000007
2025-05-02 23:00:00,0.0,0.0,0.0710000000000015,0.036000000000001364
2025-05-03 00:00:00,0.0,0.0,0.059499999999999886,0.09499999999999886
2025-05-03 01:00:00,0.0,0.0,0.19499999999999673,0.05000000000000426
2025-05-03 02:00:00,0.0,0.0,0.0730000000000075,0.025499999999997414
2025-05-03 03:00:00,0.0,0.0,0.06149999999999878,0.07000000000000028
2025-05-03 04:00:00,0.0,0.0,0.134000000000011,0.034499999999997755
2025-05-03 05:00:00,0.0,0.0,0.045999999999999375,0.13300000000000267
2025-05-03 06:00:00,0.0,0.0,0.07800000000000296,0.1650000000000027
2025-05-03 07:00:00,0.0,0.0,0.08850000000001046,0.10449999999999804
2025-05-03 08:00:00,0.0,0.0,0.049500000000001876,0.10700000000000642
2025-05-03 09:00:00,0.0,0.0,0.18700000000000472,0.053000000000000824
2025-05-03 10:00:00,0.0,0.0,0.08950000000000102,0.08200000000000074
2025-05-03 11:00:00,0.0,0.0,0.07450000000000401,0.0850000000000044
2025-05-03 12:00:00,0.0,0.0,0.22299999999999187,0.08549999999999969
2025-05-03 13:00:00,0.0,0.0,0.10500000000000043,0.05500000000000682
2025-05-03 14:00:00,0.0,0.0,0.13250000000000028,0.08500000000000085
2025-05-03 15:00:00,0.0,0.0,0.20899999999999963,0.07199999999999562
2025-05-03 16:00:00,0.002874999999999517,0.0,0.3375000000000007,0.023499999999998522
2025-05-03 17:00:00,0.0,0.005749999999999922,0.06650000000000134,0.2805000000000021
2025-05-03 18:00:00,0.0,0.0,0.09750000000000014,0.18700000000000472
2025-05-03 19:00:00,0.0,0.0,0.050499999999999545,0.23900000000000077
2025-05-03 20:00:00,0.0,0.0,0.09700000000000131,0.1159999999999961
2025-05-03 21:00:00,0.0,0.0,0.1095000000000006,0.06950000000000145
2025-05-03 22:00:00,0.015000000000000568,0.0,0.27849999999999897,0.1419999999999959
2025-05-03 23:00:00,0.0,0.0,0.027499999999999858,0.20050000000001234
2025-05-04 00:00:00,0.0,0.007999999999999119,0.0015000000000000568,0.5244999999999976
2025-05-04 01:00:00,0.0,0.0,0.07150000000000034,0.07350000000000279
2025-05-04 02:00:00,0.0,0.0,0.22299999999999542,0.06249999999999645
2025-05-04 03:00:00,0.0,0.0,0.051000000000005485,0.030000000000001137
2025-05-04 04:00:00,0.0,0.0,0.1305000000000014,0.050499999999999545
2025-05-04 05:00:00,0.0,0.0,0.08399999999999963,0.06500000000000128
2025-05-04 06:00:00,0.0,0.0,0.0365000000000002,0.23199999999999932
2025-05-04 07:00:00,0.0,0.0,0.06499999999999417,0.24200000000000088
2025-05-04 08:00:00,0.0,0.0,0.11200000000000188,0.06599999999999895
2025-05-04 09:00:00,0.0007500000000000284,0.0,0.13350000000000434,0.08999999999999986
2025-05-04 10:00:00,0.0,0.0,0.2430000000000021,0.008000000000002672
2025-05-04 11:00:00,0.0,0.0,0.24899999999999878,0.04550000000000054
2025-05-04 12:00:00,0.0,0.0,0.13150000000000617,0.0625000000000071
2025-05-04 13:00:00,0.0,0.0,0.291000000000011,0.043499999999998096
2025-05-04 14:00:00,0.0,0.0,0.05649999999999622,0.1655000000000051
2025-05-04 15:00:00,0.0,0.0,0.26950000000000074,0.1355000000000075
2025-05-04 16:00:00,0.0,0.0,0.17950000000000088,0.13250000000000028
2025-05-04 17:00:00,0.0,0.0,0.13949999999999463,0.14649999999999608
2025-05-04 18:00:00,0.00012499999999970868,0.0,0.3370000000000026,0.19700000000000273
2025-05-04 19:00:00,0.0,0.0,0.17099999999999937,0.08950000000000458
2025-05-04 20:00:00,0.0,0.0,0.0365000000000002,0.13699999999999335
2025-05-04 21:00:00,0.0,0.0,0.04199999999999804,0.1374999999999993
2025-05-04 22:00:00,0.0,0.0,0.021000000000000796,0.5180000000000078
2025-05-04 23:00:00,0.0,0.0,0.12100000000000222,0.04449999999999932
2025-05-05 00:00:00,0.013624999999998444,0.0,0.315000000000002,0.182500000000001
2025-05-05 01:00:00,0.0,0.0,0.028999999999996362,0.11550000000000082
2025-05-05 02:00:00,0.0,0.0,0.06800000000000495,0.08450000000000202
2025-05-05 03:00:00,0.0,0.0,0.06400000000000361,0.11149999999999594
2025-05-05 04:00:00,0.0,0.0,0.11900000000000333,0.06149999999999878
2025-05-05 05:00:00,0.0,0.0,0.20550000000000068,0.1515000000000022
2025-05-05 06:00:00,0.0,0.0,0.17699999999999605,0.05500000000000327
2025-05-05 07:00:00,0.0,0.0,0.028000000000002245,0.20250000000000057
2025-05-05 08:00:00,0.0,0.0,0.024499999999999744,0.2305000000000028
2025-05-05 09:00:00,0.0,0.0,0.08699999999999974,0.07750000000000412
2025-05-05 10:00:00,0.0,0.0,0.10500000000000043,0.0975000000000037
2025-05-05 11:00:00,0.0,0.0,0.04550000000000054,0.44750000000000795
2025-05-05 12:00:00,0.0,0.0,0.11149999999999594,0.04099999999999682
2025-05-05 13:00:00,0.0,0.0,0.09800000000000253,0.08600000000000563
2025-05-05 14:00:00,0.0,0.0,0.10749999999999815,0.08650000000000091
2025-05-05 15:00:00,0.0,0.0,0.05500000000000327,0.15050000000000097
2025-05-05 16:00:00,0.0,0.0,0.02050000000000196,0.1300000000000061
2025-05-05 17:00:00,0.0,0.0,0.05150000000000077,0.15650000000000475
2025-05-05 18:00:00,0.0,0.0,0.05700000000000571,0.10400000000000276
2025-05-05 19:00:00,0.0,0.0,0.1444999999999972,0.03049999999999997
2025-05-05 20:00:00,0.0,0.0,0.16250000000000142,0.06050000000000111
2025-05-05 21:00:00,0.0,0.0,0.0730000000000075,0.07800000000000296
2025-05-05 22:00:00,0.0,0.0,0.17799999999999727,0.31750000000000256
2025-05-05 23:00:00,0.0,0.0,0.06650000000000134,0.3324999999999996
2025-05-06 00:00:00,0.0,0.0,0.02750000000000341,0.19450000000000145
2025-05-06 01:00:00,0.0,0.0,0.21649999999999991,0.0019999999999988916
2025-05-06 02:00:00,0.0,0.0,0.03049999999999997,0.09750000000000014
2025-05-06 03:00:00,0.0,0.0,0.1059999999999981,0.07749999999999346
2025-05-06 04:00:00,0.0,0.0,0.10600000000000165,0.07549999999999812
2025-05-06 05:00:00,0.0,0.0,0.10899999999999821,0.2565000000000026
2025-05-06 06:00:00,0.0022500000000000853,0.0,0.3779999999999994,0.05950000000000344
2025-05-06 07:00:00,0.0,0.0,0.04649999999999821,0.15949999999999775
2025-05-06 08:00:00,0.0,0.0,0.04100000000000037,0.23199999999999577
2025-05-06 09:00:00,0.0,0.0,0.11600000000000676,0.08900000000000219
2025-05-06 10:00:00,0.0,0.0,0.1645000000000003,0.04100000000000037
2025-05-06 11:00:00,0.0,0.0,0.12300000000000466,0.061499999999995225
2025-05-06 12:00:00,0.0,0.0,0.15700000000000003,0.041499999999999204
2025-05-06 13:00:00,0.0,0.0,0.08100000000000307,0.10549999999999926
2025-05-06 14:00:00,0.0,0.0,0.14750000000000085,0.033500000000000085
2025-05-06 15:00:00,0.0,0.0,0.13550000000000395,0.1095000000000006
2025-05-06 16:00:00,0.0,0.0,0.18899999999999295,0.09349999999999525
2025-05-06 17:00:00,0.0,0.0,0.15550000000000352,0.1144999999999996
2025-05-06 18:00:00,0.0,0.0,0.1109999999999971,0.19849999999999923
2025-05-06 19:00:00,0.0,0.0,0.1249999999999929,0.015499999999999403
2025-05-06 20:00:00,0.0,0.0,0.11400000000000077,0.06599999999999895
2025-05-06 21:00:00,0.0,0.0,0.1109999999999971,0.004999999999999005
2025-05-06 22:00:00,0.0003750000000000142,0.00137499999999946,0.09699999999999705,0.36599999999999466
2025-05-06 23:00:00,0.0,0.0,0.010999999999999233,0.1810000000000045
2025-05-07 00:00:00,0.0,0.0,0.13600000000000279,0.013500000000000512
2025-05-07 01:00:00,0.0,0.0,0.19200000000000017,0.02149999999999963
2025-05-07 02:00:00,0.0,0.0,0.06900000000000617,0.059000000000004604
2025-05-07 03:00:00,0.0,0.0,0.03500000000000014,0.11700000000000443
2025-05-07 04:00:00,0.0,0.0,0.062000000000001165,0.2690000000000019
2025-05-07 05:00:00,0.0,0.0,0.11950000000000216,0.03950000000000031
2025-05-07 06:00:00,0.0,0.0,0.3869999999999969,0.0555000000000021
2025-05-07 07:00:00,0.0,0.0,0.0015000000000000568,0.44850000000000634
2025-05-07 08:00:00,0.0,0.0,0.04450000000000287,0.47749999999999915
2025-05-07 09:00:00,0.0,0.0,0.14399999999999835,0.07050000000000267
2025-05-07 10:00:00,0.0,0.0,0.20750000000000313,0.03200000000000358
2025-05-07 11:00:00,0.0,0.0,0.20150000000000645,0.010500000000000398
2025-05-07 12:00:00,0.0,0.0,0.2119999999999962,0.009000000000003894
2025-05-07 13:00:00,0.0,0.0,0.1734999999999971,0.032500000000002416
2025-05-07 14:00:00,0.0,0.0,0.12500000000000355,0.03800000000000381
2025-05-07 15:00:00,0.0,0.0,0.12049999999999983,0.03850000000000264
2025-05-07 16:00:00,0.0,0.0,0.10699999999999932,0.0835000000000008
2025-05-07 17:00:00,0.0,0.0,0.061000000000003496,0.3035000000000032
2025-05-07 18:00:00,0.0,0.0,0.11450000000000315,0.08199999999999719
2025-05-07 19:00:00,0.0,0.0,0.11100000000000776,0.006000000000000227
2025-05-07 20:00:00,0.0,0.0,0.11899999999999977,0.04250000000000398
2025-05-07 21:00:00,0.0,0.0,0.06550000000000367,0.11750000000000682
2025-05-07 22:00:00,0.0,0.0,0.03950000000000031,0.2104999999999997
2025-05-07 23:00:00,0.0,0.0,0.08950000000000102,0.10350000000000037
2025-05-08 00:00:00,0.0,0.0,0.08550000000000324,0.0800000000000054
2025-05-08 01:00:00,0.0,0.0,0.11000000000000298,0.03400000000000247
2025-05-08 02:00:00,0.0,0.0,0.08250000000000313,0.03849999999999909
2025-05-08 03:00:00,0.0,0.0,0.08249999999999602,0.02500000000000213
2025-05-08 04:00:00,0.0,0.0,0.18499999999999872,0.016500000000004178
2025-05-08 05:00:00,0.0,0.0,0.09950000000000259,0.10699999999999932
2025-05-08 06:00:00,0.0,0.0,0.09299999999999997,0.04500000000000526
2025-05-08 07:00:00,0.0,0.0,0.09649999999999537,0.04649999999999821
2025-05-08 08:00:00,0.0,0.0,0.0730000000000004,0.08800000000000097
2025-05-08 09:00:00,0.0,0.0,0.0555000000000021,0.16950000000000287
2025-05-08 10:00:00,0.0,0.0,0.08650000000000091,0.07500000000000284
2025-05-08 11:00:00,0.0,0.0,0.03549999999999898,0.22000000000000242
2025-05-08 12:00:00,0.0,0.0,0.019999999999999574,0.18100000000000094
2025-05-08 13:00:00,0.0,0.0,0.1390000000000029,0.0505000000000031
2025-05-08 14:00:00,0.0,0.0,0.08750000000000213,0.06700000000000372
2025-05-08 15:00:00,0.0,0.0,0.09400000000000475,0.07850000000000179
2025-05-08 16:00:00,0.0,0.0,0.05000000000000426,0.2184999999999988
2025-05-08 17:00:00,0.0,0.0,0.16450000000000387,0.12049999999999983
2025-05-08 18:00:00,0.0,0.0,0.17150000000000531,0.03049999999999997
2025-05-08 19:00:00,0.0,0.0,0.0,0.40849999999999653
2025-05-08 20:00:00,0.0,0.0,0.0034999999999989484,0.5289999999999964
2025-05-08 21:00:00,0.0,0.0,0.11899999999999977,0.08650000000000446
2025-05-08 22:00:00,0.0,0.0,0.009499999999999176,0.2955000000000041
2025-05-08 23:00:00,0.0,0.0,0.11550000000000438,0.11150000000000304
2025-05-09 00:00:00,0.0,0.0,0.1670000000000016,0.020000000000003126
2025-05-09 01:00:00,0.0,0.0,0.1410000000000018,0.03749999999999787
2025-05-09 02:00:00,0.0,0.0,0.14049999999999585,0.016500000000000625
2025-05-09 03:00:00,0.0,0.0,0.18300000000000338,0.010999999999999233
2025-05-09 04:00:00,0.0,0.0,0.1075000000000017,0.08900000000000219
2025-05-09 05:00:00,0.0,0.0,0.20750000000000668,0.018499999999999517
2025-05-09 06:00:00,0.0,0.0,0.0329999999999977,0.31150000000000233
2025-05-09 07:00:00,0.0,0.0,0.1915000000000049,0.013000000000001677
2025-05-09 08:00:00,0.0,0.0,0.07000000000000028,0.09649999999999892
2025-05-09 09:00:00,0.0,0.0,0.10150000000000503,0.07900000000000063
2025-05-09 10:00:00,0.0,0.0,0.12300000000000111,0.07249999999999801
2025-05-09 11:00:00,0.0,0.0,0.1749999999999936,0.008000000000002672
2025-05-09 12:00:00,0.0,0.0,0.1645000000000003,0.024499999999999744
2025-05-09 13:00:00,0.0,0.0,0.11050000000000537,0.02650000000000219
2025-05-09 14:00:00,0.0,0.0,0.12200000000000344,0.043000000000002814
2025-05-09 15:00:00,0.0,0.0,0.15550000000000352,0.009000000000000341
2025-05-09 16:00:00,0.0,0.0,0.09299999999999642,0.07050000000000267
2025-05-09 17:00:00,0.0,0.0,0.08350000000000435,0.06249999999999645
2025-05-09 18:00:00,0.0,0.0,0.10149999999999793,0.09449999999999648
2025-05-09 19:00:00,0.0,0.0,0.054999999999999716,0.0329999999999977
2025-05-09 20:00:00,0.0,0.0,0.024499999999999744,0.14499999999999957
2025-05-09 21:00:00,0.0,0.0,0.1645000000000003,0.011499999999998067
2025-05-09 22:00:00,0.0,0.0,0.21750000000000114,0.05150000000000432
2025-05-09 23:00:00,0.0,0.0,0.19050000000000367,0.03350000000000364
2025-05-10 00:00:00,0.0,0.0,0.10200000000000031,0.03200000000000003
2025-05-10 01:00:00,0.0,0.0,0.07350000000000279,0.07100000000000861
2025-05-10 02:00:00,0.0,0.0,0.0730000000000004,0.016500000000000625
2025-05-10 03:00:00,0.0,0.0,0.04150000000000631,0.04199999999999804
2025-05-10 04:00:00,0.0,0.0,0.051000000000005485,0.017499999999998295
2025-05-10 05:00:00,0.0,0.0,0.035000000000003695,0.05699999999999861
2025-05-10 06:00:00,0.0,0.0,0.01699999999999946,0.09300000000000352
2025-05-10 07:00:00,0.0,0.0,0.08300000000000551,0.08349999999999724
2025-05-10 08:00:00,0.0,0.0,0.10799999999999699,0.0975000000000037
2025-05-10 09:00:00,0.0,0.0,0.04649999999999821,0.0884999999999998
2025-05-10 10:00:00,0.010249999999999204,0.0,0.4394999999999996,0.07200000000000273
2025-05-10 11:00:00,0.0,0.0,0.05150000000000077,0.10200000000000387
2025-05-10 12:00:00,0.0,0.0,0.06300000000000594,0.07450000000000045
2025-05-10 13:00:00,0.0,0.0,0.09450000000000003,0.1025000000000027
2025-05-10 14:00:00,0.0,0.0,0.019000000000001904,0.10350000000000392
2025-05-10 15:00:00,0.0,0.0,0.11550000000000082,0.067499999999999
2025-05-10 16:00:00,0.0,0.0,0.10650000000000404,0.07649999999999935
2025-05-10 17:00:00,0.0,0.0,0.07649999999999935,0.15449999999999875
2025-05-10 18:00:00,0.0,0.0,0.11150000000000304,0.0870000000000033
2025-05-10 19:00:00,0.0,0.0,0.07300000000000395,0.07600000000000406
2025-05-10 20:00:00,0.0,0.0,0.04600000000000293,0.07100000000000506
2025-05-10 21:00:00,0.0,0.0,0.05499999999999616,0.05200000000000671
2025-05-10 22:00:00,0.0,0.0,0.1495000000000033,0.10299999999999798
2025-05-10 23:00:00,0.0,0.0,0.09000000000000341,0.07300000000000395
2025-05-11 00:00:00,0.0,0.0,0.05249999999999844,0.053000000000000824
2025-05-11 01:00:00,0.0,0.0,0.053999999999998494,0.09849999999999781
2025-05-11 02:00:00,0.0,0.0,0.04999999999999716,0.02499999999999858
2025-05-11 03:00:00,0.0,0.0,0.043499999999998096,0.04299999999999571
2025-05-11 04:00:00,0.0,0.0,0.043499999999998096,0.07250000000000156
2025-05-11 05:00:00,0.0,0.0,0.06650000000000134,0.0730000000000004
2025-05-11 06:00:00,0.0,0.0,0.05099999999999838,0.14550000000000196
2025-05-11 07:00:00,0.0,0.0,0.0799999999999983,0.1790000000000056
2025-05-11 08:00:00,0.0,0.0,0.127000000000006,0.07050000000000978
2025-05-11 09:00:00,0.0,0.0,0.11000000000000298,0.09499999999999886
2025-05-11 10:00:00,0.0,0.0,0.12199999999999989,0.09699999999999775
2025-05-11 11:00:00,0.0,0.0,0.0694999999999979,0.09850000000000492
2025-05-11 12:00:00,0.0,0.0,0.05700000000000216,0.04450000000000287
2025-05-11 13:00:00,0.0,0.0,0.059000000000004604,0.08600000000000207
2025-05-11 14:00:00,0.0,0.0,0.061000000000003496,0.07199999999999918
2025-05-11 15:00:00,0.0,0.0,0.09999999999999787,0.10350000000000392
2025-05-11 16:00:00,0.0,0.0,0.09299999999999997,0.1109999999999971
2025-05-11 17:00:00,0.0,0.0,0.12800000000000367,0.062000000000001165
2025-05-11 18:00:00,0.0,0.0,0.1390000000000029,0.07150000000000034
2025-05-11 19:00:00,0.0,0.0,0.06500000000000483,0.17999999999999972
2025-05-11 20:00:00,0.0,0.0,0.06899999999999906,0.05649999999999977
2025-05-11 21:00:00,0.0,0.0,0.14250000000000185,0.06800000000000495
2025-05-11 22:00:00,0.0,0.0,0.05800000000000338,0.1115000000000066
2025-05-11 23:00:00,0.0,0.0,0.11549999999999727,0.07549999999999812
2025-05-12 00:00:00,0.0,0.0,0.08950000000000102,0.05800000000000338
2025-05-12 01:00:00,0.0,0.0,0.08399999999999963,0.07700000000000173
2025-05-12 02:00:00,0.0,0.0,0.07950000000000301,0.04949999999999832
2025-05-12 03:00:00,0.0,0.0,0.01950000000000074,0.14000000000000057
2025-05-12 04:00:00,0.0,0.0,0.06050000000000466,0.07800000000000296
2025-05-12 05:00:00,0.0,0.007499999999999396,0.0975000000000037,0.26950000000000146
2025-05-12 06:00:00,0.0,0.0,0.06599999999999895,0.11250000000000071
2025-05-12 07:00:00,0.0,0.0,0.08549999999999969,0.05799999999999983
2025-05-12 08:00:00,0.0,0.0,0.013999999999999346,0.5324999999999953
2025-05-12 09:00:00,0.0,0.0,0.11400000000000077,0.19349999999999667
2025-05-12 10:00:00,0.0,0.0,0.07550000000000168,0.14500000000001023
2025-05-12 11:00:00,0.0,0.0,0.09150000000000347,0.09200000000000585
2025-05-12 12:00:00,0.0,0.0,0.10450000000000159,0.05549999999999855
2025-05-12 13:00:00,0.0,0.0,0.08549999999999613,0.08600000000000207
2025-05-12 14:00:00,0.0,0.0,0.05799999999999983,0.0764999999999958
2025-05-12 15:00:00,0.0,0.0,0.09799999999999542,0.1750000000000007
2025-05-12 16:00:00,0.0,0.0,0.14149999999999352,0.06450000000000244
2025-05-12 17:00:00,0.0,0.0,0.09149999999999636,0.08650000000000446
2025-05-12 18:00:00,0.0,0.0,0.16599999999999682,0.0815000000000019
2025-05-12 19:00:00,0.0,0.0,0.11250000000000071,0.17599999999999483
2025-05-12 20:00:00,0.0,0.0,0.0799999999999983,0.15850000000000009
2025-05-12 21:00:00,0.0,0.0,0.14750000000000085,0.07700000000000173
2025-05-12 22:00:00,0.0,0.0,0.16350000000000264,0.060499999999994
2025-05-12 23:00:00,0.0,0.002374999999999794,0.08399999999999963,0.3265000000000022
2025-05-13 00:00:00,0.0,0.0,0.12199999999999633,0.05000000000000071
2025-05-13 01:00:00,0.0,0.0,0.07550000000000523,0.10899999999999821
2025-05-13 02:00:00,0.0,0.0,0.019499999999997186,0.30199999999999605
2025-05-13 03:00:00,0.0,0.0,0.10849999999999937,0.06099999999999639
2025-05-13 04:00:00,0.0,0.0,0.07649999999999935,0.04150000000000276
2025-05-13 05:00:00,0.0030000000000001137,0.0,0.3419999999999973,0.15800000000000125
2025-05-13 06:00:00,0.0,0.0,0.11749999999999972,0.08350000000000435
2025-05-13 07:00:00,0.0,0.0,0.15149999999999864,0.03799999999999315
2025-05-13 08:00:00,0.0,0.0,0.04350000000000165,0.2804999999999964
2025-05-13 09:00:00,0.0,0.0,0.07000000000000028,0.18199999999999505
2025-05-13 10:00:00,0.0,0.0,0.18900000000000006,0.10849999999999937
2025-05-13 11:00:00,0.0,0.0,0.19799999999999685,0.03900000000000148
2025-05-13 12:00:00,0.0,0.0,0.10550000000000281,0.07049999999999557
2025-05-13 13:00:00,0.0,0.0,0.18850000000000122,0.069500000000005
2025-05-13 14:00:00,0.0,0.0,0.170499999999997,0.09600000000000009
2025-05-13 15:00:00,0.0,0.0,0.11500000000000199,0.030999999999998806
2025-05-13 16:00:00,0.0,0.0,0.21650000000000347,0.29100000000000037
2025-05-13 17:00:00,0.0,0.0,0.09199999999999875,0.21100000000000563
2025-05-13 18:00:00,0.0,0.0,0.16149999999999665,0.16150000000000375
2025-05-13 19:00:00,0.0,0.0,0.22250000000000725,0.041499999999999204
2025-05-13 20:00:00,0.0,0.0,0.013999999999999346,0.20449999999999235
2025-05-13 21:00:00,0.0,0.0,0.062000000000001165,0.34950000000000614
2025-05-13 22:00:00,0.0,0.0,0.15300000000000935,0.15949999999999775
2025-05-13 23:00:00,0.0045000000000001705,0.0,0.3309999999999981,0.05799999999999628
2025-05-14 00:00:00,0.0,0.0,0.33500000000000085,0.031999999999996476
2025-05-14 01:00:00,0.0,0.0,0.05499999999999616,0.14650000000000674
2025-05-14 02:00:00,0.0,0.0,0.1164999999999985,0.048999999999995936
2025-05-14 03:00:00,0.0,0.0,0.09349999999999525,0.06200000000000472
2025-05-14 04:00:00,0.0,0.0,0.09449999999999648,0.15500000000000114
2025-05-14 05:00:00,0.0,0.0,0.09199999999999875,0.12199999999999989
2025-05-14 06:00:00,0.0,0.0,0.12850000000000605,0.12549999999999883
2025-05-14 07:00:00,0.0,0.0,0.053999999999998494,0.2524999999999977
2025-05-14 08:00:00,0.0,0.0,0.1750000000000007,0.07699999999999818
2025-05-14 09:00:00,0.0,0.0,0.1705000000000041,0.13200000000000145
2025-05-14 10:00:00,0.0,0.0,0.13649999999999807,0.1524999999999963
2025-05-14 11:00:00,0.0,0.0,0.13100000000000378,0.2115000000000009
2025-05-14 12:00:00,0.005249999999999311,0.0,0.32850000000000323,0.2619999999999969
2025-05-14 13:00:00,0.0,0.0,0.08500000000000085,0.13299999999999557
2025-05-14 14:00:00,0.0,0.0,0.10799999999999699,0.0730000000000075
2025-05-14 15:00:00,0.0,0.0,0.06200000000000472,0.07850000000000179
2025-05-14 16:00:00,0.0,0.0,0.15200000000000102,0.1545000000000023
2025-05-14 17:00:00,0.0,0.016874999999998863,0.13549999999999685,0.30600000000000166
2025-05-14 18:00:00,0.0,0.0,0.07400000000000162,0.15150000000000574
2025-05-14 19:00:00,0.0036249999999995453,0.0,0.4190000000000026,0.0
2025-05-14 20:00:00,0.0,0.0,0.16250000000000142,0.04600000000000293
2025-05-14 21:00:00,0.0,0.0,0.06150000000000233,0.2740000000000009
2025-05-14 22:00:00,0.0,0.0,0.12300000000000111,0.10200000000000031
2025-05-14 23:00:00,0.0,0.0,0.1494999999999962,0.05350000000000321
2025-05-15 00:00:00,0.0,0.0,0.13200000000000145,0.09350000000000236
2025-05-15 01:00:00,0.0,0.0,0.1424999999999983,0.13899999999999935
2025-05-15 02:00:00,0.0,0.0,0.08649999999999736,0.12050000000000338
2025-05-15 03:00:00,0.0,0.0,0.14499999999999957,0.09449999999999648
2025-05-15 04:00:00,0.0,0.0,0.09649999999999537,0.037000000000002586
2025-05-15 05:00:00,0.0,0.0006249999999994316,0.3235000000000028,0.31850000000000306
2025-05-15 06:00:00,0.0,0.0,0.1374999999999993,0.12549999999999883
2025-05-15 07:00:00,0.0,0.0,0.07250000000000156,0.14450000000000074
2025-05-15 08:00:00,0.0,0.0,0.03450000000000131,0.069500000000005
2025-05-15 09:00:00,0.0,0.0,0.06599999999999895,0.11450000000000671
2025-05-15 10:00:00,0.013624999999999332,0.0030000000000001137,0.31450000000000033,0.2915000000000084
2025-05-15 11:00:00,0.017874999999999197,0.0,0.4150000000000027,0.2079999999999984
2025-05-15 12:00:00,0.0,0.0,0.15200000000000458,0.014499999999998181
2025-05-15 13:00:00,0.0,0.0,0.0694999999999979,0.13649999999999807
2025-05-15 14:00:00,0.0,0.0,0.08200000000000074,0.10450000000000159
2025-05-15 15:00:00,0.0,0.0,0.07249999999999801,0.10549999999999571
2025-05-15 16:00:00,0.0039999999999995595,0.0,0.3800000000000011,0.1869999999999976
2025-05-15 17:00:00,0.0,0.01237499999999958,0.1550000000000047,0.4874999999999936
2025-05-15 18:00:00,0.0,0.0036249999999995453,0.32750000000000057,0.3935000000000052
2025-05-15 19:00:00,0.0,0.0,0.245000000000001,0.06099999999999994
2025-05-15 20:00:00,0.0,0.0,0.3190000000000026,0.04599999999999582
2025-05-15 21:00:00,0.0,0.0,0.2890000000000015,0.09650000000000247
2025-05-15 22:00:00,0.0,0.0,0.16300000000000026,0.10900000000000176
2025-05-15 23:00:00,0.009499999999999176,0.0,0.290500000000003,0.11499999999999844
2025-05-16 00:00:00,0.0,0.0,0.012500000000002842,0.24250000000000327
2025-05-16 01:00:00,0.0,0.0,0.0934999999999988,0.07450000000000756
2025-05-16 02:00:00,0.0,0.0,0.01799999999999713,0.13800000000000168
2025-05-16 03:00:00,0.0,0.0,0.05199999999999605,0.13300000000000267
2025-05-16 04:00:00,0.0,0.0,0.04450000000000642,0.08750000000000213
2025-05-16 05:00:00,0.0,0.0,0.08650000000000091,0.044000000000004036
2025-05-16 06:00:00,0.0,0.002749999999999808,0.27399999999999736,0.2430000000000007
2025-05-16 07:00:00,0.0,0.0,0.04150000000000276,0.1440000000000019
2025-05-16 08:00:00,0.0,0.0,0.009499999999999176,0.2645000000000053
2025-05-16 09:00:00,0.0,0.0,0.06299999999999883,0.16899999999999338
2025-05-16 10:00:00,0.0,0.0,0.0799999999999983,0.27699999999999747
2025-05-16 11:00:00,0.0,0.0,0.1525000000000034,0.04199999999999804
2025-05-16 12:00:00,0.0,0.0,0.13400000000000034,0.1839999999999975
2025-05-16 13:00:00,0.0,0.0,0.06850000000000378,0.20999999999999375
2025-05-16 14:00:00,0.0,0.0,0.002500000000001279,0.20350000000000534
2025-05-16 15:00:00,0.0,0.0,0.02100000000000435,0.3409999999999975
2025-05-16 16:00:00,0.0,0.0,0.09100000000000108,0.2859999999999978
2025-05-16 17:00:00,0.0,0.0,0.11100000000000065,0.20000000000000284
2025-05-16 18:00:00,0.0,0.0,0.0015000000000000568,0.28350000000000364
2025-05-16 19:00:00,0.0,0.0,0.11200000000000543,0.16399999999999793
2025-05-16 20:00:00,0.0,0.0,0.15550000000000352,0.1010000000000062
2025-05-16 21:00:00,0.0,0.0,0.1550000000000047,0.038999999999997925
2025-05-16 22:00:00,0.0,0.0,0.2275000000000027,0.19750000000000156
2025-05-16 23:00:00,0.0,0.010250000000000092,0.09850000000000136,0.353000000000003
2025-05-17 00:00:00,0.0,0.0,0.05450000000000088,0.295499999999997
2025-05-17 01:00:00,0.0,0.0,0.125,0.17399999999999238
2025-05-17 02:00:00,0.0,0.0,0.016500000000000625,0.48050000000000637
2025-05-17 03:00:00,0.0,0.0,0.08450000000000202,0.23799999999999955
2025-05-17 04:00:00,0.0,0.0,0.15950000000000486,0.07600000000000051
2025-05-17 05:00:00,0.0,0.0,0.2555000000000085,0.0660000000000025
2025-05-17 06:00:00,0.0,0.03199999999999914,0.07949999999999946,0.43149999999999694
2025-05-17 07:00:00,0.0,0.0019999999999997797,0.27250000000000085,0.12200000000000273
2025-05-17 08:00:00,0.0,0.0,0.15600000000000236,0.05600000000000094
2025-05-17 09:00:00,0.0,0.0,0.16450000000000387,0.1645000000000003
2025-05-17 10:00:00,0.0015000000000000568,0.0,0.11149999999999878,0.2270000000000003
2025-05-17 11:00:00,0.0,0.0,0.03300000000000125,0.32599999999999696
2025-05-17 12:00:00,0.0,0.0,0.26399999999999935,0.01799999999999713
2025-05-17 13:00:00,0.0,0.0,0.25950000000000273,0.013999999999999346
2025-05-17 14:00:00,0.0004999999999997229,0.0,0.15999999999999942,0.07949999999999946
2025-05-17 15:00:00,0.0,0.0,0.23850000000000193,0.029500000000002302
2025-05-17 16:00:00,0.0,0.0,0.24349999999999739,0.2690000000000019
2025-05-17 17:00:00,0.0,0.0034999999999998366,0.2190000000000083,0.15150000000000147
2025-05-17 18:00:00,0.0,0.0,0.25150000000000006,0.07000000000000028
2025-05-17 19:00:00,0.0,0.0,0.3390000000000022,0.0
2025-05-17 20:00:00,0.0,0.0,0.20800000000000196,0.053000000000000824
2025-05-17 21:00:00,0.0,0.0,0.08250000000000313,0.14650000000000674
2025-05-17 22:00:00,0.0,0.0,0.18250000000000455,0.2260000000000062
2025-05-17 23:00:00,0.0,0.0,0.3264999999999958,0.010000000000001563
2025-05-18 00:00:00,0.026624999999999233,0.0,0.4434999999999995,0.08600000000000207
2025-05-18 01:00:00,0.0,0.0,0.1319999999999979,0.006000000000000227
2025-05-18 02:00:00,0.0,0.0,0.10600000000000165,0.021999999999998465
2025-05-18 03:00:00,0.0,0.0,0.10450000000000159,0.0259999999999998
2025-05-18 04:00:00,0.0,0.0,0.17150000000000531,0.018499999999995964
2025-05-18 05:00:00,0.0,0.0,0.27600000000000335,0.02400000000000091
2025-05-18 06:00:00,0.0,0.0,0.07000000000000384,0.17699999999999605
2025-05-18 07:00:00,0.0,0.009624999999999773,0.0,0.8074999999999939
2025-05-18 08:00:00,0.0,0.0,0.10350000000000392,0.15850000000000009
2025-05-18 09:00:00,0.014624999999999666,0.0,0.4915000000000056,0.026000000000003354
2025-05-18 10:00:00,0.0,0.0,0.19800000000000395,0.0365000000000002
2025-05-18 11:00:00,0.0,0.0,0.24700000000000344,0.07049999999999912
2025-05-18 12:00:00,0.0,0.0,0.1609999999999978,0.054500000000004434
2025-05-18 13:00:00,0.0,0.0,0.09149999999999636,0.1615000000000002
2025-05-18 14:00:00,0.0,0.0,0.0870000000000033,0.033500000000000085
2025-05-18 15:00:00,0.0,0.0,0.10350000000000037,0.28000000000000114
2025-05-18 16:00:00,0.0,0.00012499999999970868,0.10799999999999699,0.31449999999999817
2025-05-18 17:00:00,0.0,0.0,0.14049999999999585,0.2099999999999973
2025-05-18 18:00:00,0.0,0.0,0.2084999999999937,0.07600000000000051
2025-05-18 19:00:00,0.0,0.0,0.26149999999999807,0.03200000000000003
2025-05-18 20:00:00,0.0,0.0,0.11350000000000193,0.11350000000000193
2025-05-18 21:00:00,0.0,0.0,0.11249999999999716,0.0625
2025-05-18 22:00:00,0.0,0.0,0.09499999999999886,0.032500000000002416
2025-05-18 23:00:00,0.0,0.0,0.09299999999999997,0.04700000000000415
2025-05-19 00:00:00,0.004624999999998991,0.0,0.355999999999996,0.011999999999996902
2025-05-19 01:00:00,0.0,0.0,0.05149999999999366,0.12800000000000367
2025-05-19 02:00:00,0.0,0.0,0.05600000000000449,0.04100000000000392
2025-05-19 03:00:00,0.0,0.0,0.06850000000000378,0.09100000000000108
2025-05-19 04:00:00,0.0,0.0,0.06750000000000256,0.25750000000000384
2025-05-19 05:00:00,0.0,0.0,0.09799999999999898,0.1819999999999986
2025-05-19 06:00:00,0.0,0.0,0.14700000000000202,0.1265000000000036
2025-05-19 07:00:00,0.0,0.0,0.08300000000000196,0.0940000000000012
2025-05-19 08:00:00,0.0,0.0,0.004999999999999005,0.2665000000000006
2025-05-19 09:00:00,0.0,0.0,0.0765000000000029,0.10700000000000287
2025-05-19 10:00:00,0.0,0.0,0.08949999999999747,0.1909999999999954
2025-05-19 11:00:00,0.0,0.0,0.10600000000000875,0.06250000000000355
2025-05-19 12:00:00,0.0,0.0,0.15850000000000009,0.04100000000000037
2025-05-19 13:00:00,0.0,0.0,0.09300000000000708,0.07550000000000523
2025-05-19 14:00:00,0.0,0.0,0.051499999999997215,0.14199999999999946
2025-05-19 15:00:00,0.0,0.0,0.09500000000000242,0.07600000000000051
2025-05-19 16:00:00,0.0,0.0,0.03400000000000247,0.42750000000000554
2025-05-19 17:00:00,0.0,0.0,0.11600000000000676,0.04550000000000054
2025-05-19 18:00:00,0.0,0.0,0.2505263157894695,0.06789473684210784
2025-05-19 19:00:00,0.0,0.0,0.11350000000000549,0.06350000000000477
2025-05-19 20:00:00,0.0,0.0,0.05749999999999744,0.14150000000000418
2025-05-19 21:00:00,0.0,0.0,0.04400000000000048,0.38150000000000617
2025-05-19 22:00:00,0.0,0.0,0.18349999999999866,0.11950000000000216
2025-05-19 23:00:00,0.0,0.0,0.04550000000000054,0.20749999999999247
2025-05-20 00:00:00,0.0,0.0,0.059499999999999886,0.20949999999999847
2025-05-20 01:00:00,0.0,0.0,0.14400000000000546,0.07350000000000279
2025-05-20 02:00:00,0.0,0.0,0.12300000000000466,0.07199999999999562
2025-05-20 03:00:00,0.0,0.0,0.13299999999999912,0.030999999999998806
2025-05-20 04:00:00,0.0,0.0,0.22099999999999298,0.03249999999999886
2025-05-20 05:00:00,0.0,0.0,0.1495000000000033,0.03499999999999659
2025-05-20 06:00:00,0.0,0.0,0.1769999999999996,0.08549999999999969
2025-05-20 07:00:00,0.0,0.0,0.10699999999999577,0.13750000000000284
2025-05-20 08:00:00,0.0,0.0,0.04200000000000159,0.17299999999999827
2025-05-20 09:00:00,0.0,0.0,0.08842105263157855,0.2268421052631565
2025-05-20 10:00:00,0.0,0.0,0.09999999999999787,0.2805000000000035
2025-05-20 11:00:00,0.0,0.0,0.15349999999999753,0.12150000000000816
2025-05-20 12:00:00,0.0,0.0,0.1834999999999951,0.05349999999999966
2025-05-20 13:00:00,0.0,0.0,0.16749999999999687,0.0259999999999998
2025-05-20 14:00:00,0.0,0.0,0.15500000000000114,0.07749999999999702
2025-05-20 15:00:00,0.0,0.0,0.1460000000000008,0.0779999999999994
2025-05-20 16:00:00,0.0,0.0,0.0870000000000033,0.12199999999999989
2025-05-20 17:00:00,0.0,0.0,0.1130000000000031,0.13149999999999906
2025-05-20 18:00:00,0.0,0.029999999999998472,0.18700000000000117,0.2585000000000015
2025-05-20 19:00:00,0.0,0.0,0.197499999999998,0.04299999999999926
2025-05-20 20:00:00,0.0,0.0,0.07949999999999591,0.0505000000000031
2025-05-20 21:00:00,0.0,0.0,0.1444999999999972,0.021999999999998465
2025-05-20 22:00:00,0.0,0.0,0.030000000000001137,0.1769999999999996
2025-05-20 23:00:00,0.0,0.0,0.16150000000000375,0.08300000000000551
2025-05-21 00:00:00,0.0,0.0,0.11049999999999827,0.17999999999999972
2025-05-21 01:00:00,0.0,0.0,0.1750000000000007,0.01799999999999713
2025-05-21 02:00:00,0.0,0.0,0.13900000000000645,0.05600000000000449
2025-05-21 03:00:00,0.0,0.0,0.053000000000000824,0.0975000000000037
2025-05-21 04:00:00,0.0,0.0009999999999994458,0.14099999999999824,0.237000000000004
2025-05-21 05:00:00,0.0,0.0,0.29900000000000304,0.030000000000001137
2025-05-21 06:00:00,0.0,0.0,0.09799999999999898,0.10400000000000276
2025-05-21 07:00:00,0.0,0.0,0.07749999999999702,0.06299999999999883
2025-05-21 08:00:00,0.0,0.0,0.10099999999999909,0.0835000000000008
2025-05-21 09:00:00,0.0,0.0,0.06800000000000495,0.11000000000000298
2025-05-21 10:00:00,0.0,0.0,0.12700000000000244,0.06650000000000489
2025-05-21 11:00:00,0.0,0.0,0.09799999999999898,0.1524999999999963
2025-05-21 12:00:00,0.0,0.0,0.11350000000000904,0.06800000000000139
2025-05-21 13:00:00,0.0,0.0,0.13000000000000256,0.12199999999999633
2025-05-21 14:00:00,0.0,0.0,0.0890000000000093,0.0920000000000023
2025-05-21 15:00:00,0.0,0.0,0.3240000000000052,0.01950000000000074
2025-05-21 16:00:00,0.0,0.0,0.04100000000000037,0.12700000000000244
2025-05-21 17:00:00,0.0,0.0,0.1840000000000046,0.09750000000000014
2025-05-21 18:00:00,0.0,0.0,0.0835000000000008,0.08349999999999724
2025-05-21 19:00:00,0.0,0.0,0.031500000000001194,0.19399999999999196
2025-05-21 20:00:00,0.0,0.0,0.02949999999999875,0.20899999999999963
2025-05-21 21:00:00,0.0,0.0,0.06850000000001089,0.06949999999999434
2025-05-21 22:00:00,0.0,0.0,0.21650000000000347,0.22449999999999903
2025-05-21 23:00:00,0.0,0.0,0.13599999999999923,0.3379999999999974
2025-05-22 00:00:00,0.0,0.0,0.07499999999999929,0.08400000000000318
2025-05-22 01:00:00,0.0,0.0,0.08549999999999969,0.05150000000000077
2025-05-22 02:00:00,0.0,0.0,0.20399999999999707,0.08200000000000074
2025-05-22 03:00:00,0.0,0.0,0.10799999999999699,0.05900000000000105
2025-05-22 04:00:00,0.0,0.0,0.0975000000000037,0.0730000000000004
2025-05-22 05:00:00,0.0,0.0,0.3255000000000017,0.06350000000000122
2025-05-22 06:00:00,0.0,0.0,0.07550000000000523,0.12450000000000472
2025-05-22 07:00:00,0.0,0.0,0.1440000000000019,0.16450000000000387
2025-05-22 08:00:00,0.0,0.0,0.01600000000000179,0.2815000000000012
2025-05-22 09:00:00,0.0,0.0,0.08750000000000213,0.16750000000000398
2025-05-22 10:00:00,0.0,0.0,0.08899999999999508,0.2970000000000006
2025-05-22 11:00:00,0.0,0.0,0.2865000000000002,0.11850000000000449
2025-05-22 12:00:00,0.0,0.0,0.07550000000000168,0.07049999999999912
2025-05-22 13:00:00,0.0,0.0,0.18000000000000327,0.05349999999999966
2025-05-22 14:00:00,0.0,0.0,0.10849999999999937,0.12300000000000111
2025-05-22 15:00:00,0.0,0.0,0.1424999999999983,0.09250000000000114
2025-05-22 16:00:00,0.0,0.0,0.09749999999999659,0.060000000000002274
2025-05-22 17:00:00,0.0,0.0,0.08099999999999952,0.28749999999999076
2025-05-22 18:00:00,0.0,0.0,0.10000000000000497,0.09199999999999875
2025-05-22 19:00:00,0.0,0.0,0.0575000000000081,0.07800000000000296
2025-05-22 20:00:00,0.0,0.0,0.07350000000000279,0.18100000000000094
2025-05-22 21:00:00,0.0,0.0,0.33649999999999736,0.02050000000000196
2025-05-22 22:00:00,0.0,0.0,0.067499999999999,0.07699999999999818
2025-05-22 23:00:00,0.0,0.0,0.26149999999999807,0.05700000000000571
2025-05-23 00:00:00,0.0,0.0,0.053000000000000824,0.29899999999999594
2025-05-23 01:00:00,0.0,0.0,0.04399999999999338,0.08150000000000546
2025-05-23 02:00:00,0.0,0.0,0.047999999999998266,0.07900000000000063
2025-05-23 03:00:00,0.0,0.0,0.08200000000000074,0.09450000000000003
2025-05-23 04:00:00,0.0,0.0,0.11200000000000188,0.047999999999994714
2025-05-23 05:00:00,0.00024999999999941735,0.0,0.2755000000000038,0.07349999999999923
2025-05-23 06:00:00,0.0,0.0,0.07000000000000739,0.22050000000000125
2025-05-23 07:00:00,0.0007500000000000284,0.0,0.357500000000001,0.053000000000000824
2025-05-23 08:00:00,0.0,0.0,0.1410000000000018,0.2634999999999934
2025-05-23 09:00:00,0.0,0.0,0.14800000000000324,0.12899999999999778
2025-05-23 10:00:00,0.0,0.0,0.12250000000000227,0.0625
2025-05-23 11:00:00,0.0,0.0,0.11799999999999855,0.08749999999999858
2025-05-23 12:00:00,0.0,0.0,0.049500000000001876,0.1580000000000048
2025-05-23 13:00:00,0.0,0.0,0.22799999999999798,0.07700000000000173
2025-05-23 14:00:00,0.0,0.0,0.08650000000000091,0.1830000000000105
2025-05-23 15:00:00,0.0,0.0,0.13150000000000261,0.11250000000000071
2025-05-23 16:00:00,0.0,0.0,0.15500000000000114,0.07249999999999801
2025-05-23 17:00:00,0.0,0.0,0.01150000000000162,0.3465000000000025
2025-05-23 18:00:00,0.0,0.0,0.11850000000000449,0.051000000000005485
2025-05-23 19:00:00,0.0,0.0,0.07450000000000045,0.3139999999999958
2025-05-23 20:00:00,0.0,0.0,0.08450000000000912,0.04200000000000159
2025-05-23 21:00:00,0.0,0.0,0.06300000000000239,0.03599999999999781
2025-05-23 22:00:00,0.0,0.0,0.06500000000000128,0.2635000000000076
2025-05-23 23:00:00,0.0012499999999997513,0.0,0.2559999999999995,0.17450000000000188
2025-05-24 00:00:00,0.0,0.0,0.06649999999999423,0.08550000000000324
2025-05-24 01:00:00,0.0,0.0,0.21050000000000324,0.04599999999999582
2025-05-24 02:00:00,0.0,0.0,0.05249999999999844,0.12950000000000372
2025-05-24 03:00:00,0.0,0.0,0.17150000000000176,0.027000000000001023
2025-05-24 04:00:00,0.0,0.0,0.08100000000000307,0.03800000000000381
2025-05-24 05:00:00,0.0,0.0,0.1374999999999993,0.03049999999999997
2025-05-24 06:00:00,0.0,0.0,0.06350000000000122,0.1269999999999989
2025-05-24 07:00:00,0.0,0.0,0.04649999999999821,0.11349999999999838
2025-05-24 08:00:00,0.0,0.0,0.05449999999999733,0.09399999999999764
2025-05-24 09:00:00,0.0,0.0,0.21600000000000108,0.07049999999999912
2025-05-24 10:00:00,0.003375000000000128,0.0,0.19600000000000078,0.1629999999999967
2025-05-24 11:00:00,0.0,0.0,0.11400000000000432,0.07949999999999946
2025-05-24 12:00:00,0.0011250000000000426,0.0,0.2730000000000018,0.08600000000000207
2025-05-24 13:00:00,0.0,0.0,0.11899999999999977,0.13450000000000273
2025-05-24 14:00:00,0.0,0.0,0.09949999999999903,0.07200000000000628
2025-05-24 15:00:00,0.0,0.0,0.11850000000000094,0.10899999999999466
2025-05-24 16:00:00,0.0,0.013874999999999638,0.2925000000000004,0.28050000000000497
2025-05-24 17:00:00,0.0,0.0,0.06299999999999883,0.16750000000000398
2025-05-24 18:00:00,0.0,0.0,0.0744999999999969,0.11000000000001009
2025-05-24 19:00:00,0.0,0.0,0.0710000000000015,0.1110000000000042
2025-05-24 20:00:00,0.0,0.0,0.04899999999999949,0.327499999999997
2025-05-24 21:00:00,0.0,0.0,0.03900000000000148,0.11100000000000776
2025-05-24 22:00:00,0.0,0.0,0.0884999999999998,0.0730000000000004
2025-05-24 23:00:00,0.0,0.0,0.03850000000000264,0.19200000000000017
2025-05-25 00:00:00,0.0,0.0,0.10800000000000765,0.1890000000000036
2025-05-25 01:00:00,0.0026250000000000995,0.0,0.47299999999999826,0.033500000000000085
2025-05-25 02:00:00,0.0,0.0,0.07349999999999923,0.10000000000000853
2025-05-25 03:00:00,0.0,0.0,0.059499999999999886,0.16249999999999432
2025-05-25 04:00:00,0.0,0.0,0.06599999999999895,0.10700000000000287
2025-05-25 05:00:00,0.0,0.0,0.13300000000000267,0.09749999999999659
2025-05-25 06:00:00,0.0,0.0,0.054999999999999716,0.16650000000000276
2025-05-25 07:00:00,0.0,0.0,0.08549999999999969,0.17600000000000549
2025-05-25 08:00:00,0.0,0.0,0.0955000000000048,0.04400000000000048
2025-05-25 09:00:00,0.0,0.0,0.09900000000000375,0.033500000000000085
2025-05-25 10:00:00,0.0,0.0,0.1180000000000021,0.04200000000000159
2025-05-25 11:00:00,0.0,0.0,0.16350000000000264,0.11250000000000426
2025-05-25 12:00:00,0.0,0.0,0.17499999999999716,0.1075000000000017
2025-05-25 13:00:00,0.0,0.0,0.07950000000000301,0.07649999999999935
2025-05-25 14:00:00,0.0,0.0,0.1685000000000052,0.03550000000000253
2025-05-25 15:00:00,0.0,0.0,0.12099999999999866,0.07599999999999696
2025-05-25 16:00:00,0.0,0.0006249999999994316,0.09650000000000247,0.29250000000000254
2025-05-25 17:00:00,0.0,0.0,0.18399999999999395,0.25999999999999446
2025-05-25 18:00:00,0.004999999999999005,0.0031249999999998224,0.24099999999999824,0.23499999999999446
2025-05-25 19:00:00,0.0,0.0,0.18300000000000338,0.062000000000001165
2025-05-25 20:00:00,0.0,0.0,0.15350000000000463,0.05150000000000432
2025-05-25 21:00:00,0.0,0.0,0.0070000000000014495,0.2749999999999986
2025-05-25 22:00:00,0.0,0.0,0.10949999999999349,0.1444999999999972
2025-05-25 23:00:00,0.0024999999999995026,0.0,0.274499999999999,0.07000000000000028
2025-05-26 00:00:00,0.011749999999999261,0.0,0.3809999999999981,0.2995000000000019
2025-05-26 01:00:00,0.0,0.0,0.0799999999999983,0.0905000000000058
2025-05-26 02:00:00,0.0,0.0,0.07400000000000162,0.10200000000000031
2025-05-26 03:00:00,0.0,0.0,0.17799999999999727,0.04499999999999815
2025-05-26 04:00:00,0.0,0.0,0.10249999999999915,0.03749999999999787
2025-05-26 05:00:00,0.0036249999999995453,0.0,0.41600000000000603,0.06200000000000472
2025-05-26 06:00:00,0.0,0.0,0.23700000000000188,0.05349999999999966
2025-05-26 07:00:00,0.0,0.016499999999999737,0.043499999999998096,0.3634999999999998
2025-05-26 08:00:00,0.0,0.0,0.03549999999999898,0.1960000000000015
2025-05-26 09:00:00,0.0,0.0,0.08650000000000091,0.15100000000000335
2025-05-26 10:00:00,0.0,0.0,0.12599999999999767,0.10500000000000043
2025-05-26 11:00:00,0.0,0.0,0.09000000000000341,0.16750000000000043
2025-05-26 12:00:00,0.00137499999999946,0.0,0.2985000000000035,0.017500000000001847
2025-05-26 13:00:00,0.00012499999999970868,0.0,0.15849999999999936,0.15150000000000574
2025-05-26 14:00:00,0.0,0.0,0.0975000000000037,0.11550000000000793
2025-05-26 15:00:00,0.0,0.0,0.24249999999999972,0.028000000000002245
2025-05-26 16:00:00,0.0,0.0,0.1424999999999983,0.09800000000000253
2025-05-26 17:00:00,0.0,0.007499999999999396,0.019999999999999574,0.518999999999999
2025-05-26 18:00:00,0.0,0.029499999999999638,0.21249999999999503,0.32299999999999757
2025-05-26 19:00:00,0.01262499999999811,0.0,0.33550000000000324,0.026499999999995083
2025-05-26 20:00:00,0.0,0.0,0.046999999999997044,0.08849999999999625
2025-05-26 21:00:00,0.0,0.0,0.06099999999999994,0.10550000000000281
2025-05-26 22:00:00,0.0,0.0,0.07200000000000273,0.19200000000000017
2025-05-26 23:00:00,0.0,0.0,0.08350000000000435,0.12950000000000728
2025-05-27 00:00:00,0.0,0.0,0.048500000000000654,0.14349999999999952
2025-05-27 01:00:00,0.0,0.0,0.13600000000000279,0.019000000000001904
2025-05-27 02:00:00,0.0,0.0,0.16650000000000276,0.07349999999999923
2025-05-27 03:00:00,0.0,0.0,0.0940000000000012,0.08450000000000912
2025-05-27 04:00:00,0.0,0.0,0.0975000000000037,0.049500000000001876
2025-05-27 05:00:00,0.0,0.0,0.09350000000000946,0.0884999999999998
2025-05-27 06:00:00,0.0,0.0,0.4115000000000002,0.0
2025-05-27 07:00:00,0.0,0.0,0.009000000000000341,0.2900000000000027
2025-05-27 08:00:00,0.0,0.0,0.10249999999999915,0.21300000000000452
2025-05-27 09:00:00,0.0,0.00012499999999970868,0.07149999999999679,0.2804999999999957
2025-05-27 10:00:00,0.011624999999999552,0.0,0.38499999999999446,0.050499999999999545
2025-05-27 11:00:00,0.0,0.0,0.09850000000000136,0.09150000000000347
2025-05-27 12:00:00,0.0,0.0,0.045000000000001705,0.1679999999999957
2025-05-27 13:00:00,0.0,0.0,0.09850000000000136,0.13449999999999918
2025-05-27 14:00:00,0.0,0.0,0.14300000000000423,0.09799999999999898
2025-05-27 15:00:00,0.0,0.0,0.11999999999999744,0.10050000000000026
2025-05-27 16:00:00,0.0,0.0,0.12750000000000483,0.17549999999999955
2025-05-27 17:00:00,0.0,0.0,0.07100000000000506,0.13650000000000162
2025-05-27 18:00:00,0.0,0.0,0.17650000000000077,0.05800000000000338
2025-05-27 19:00:00,0.0,0.0,0.2259999999999991,0.025500000000000966
2025-05-27 20:00:00,0.0,0.0,0.0779999999999994,0.1405000000000065
2025-05-27 21:00:00,0.0,0.0,0.2585000000000015,0.038000000000000256
2025-05-27 22:00:00,0.0,0.0,0.045999999999999375,0.08450000000000912
2025-05-27 23:00:00,0.0,0.0,0.08299999999999841,0.12349999999999639
2025-05-28 00:00:00,0.0,0.0,0.11100000000000065,0.11700000000000088
2025-05-28 01:00:00,0.0,0.0,0.15050000000000807,0.057500000000000995
2025-05-28 02:00:00,0.0,0.0,0.04350000000000165,0.09949999999999548
2025-05-28 03:00:00,0.0,0.0,0.09250000000000469,0.08450000000000202
2025-05-28 04:00:00,0.0,0.0,0.05600000000000449,0.09299999999999997
2025-05-28 05:00:00,0.00024999999999941735,0.0,0.39149999999999635,0.013000000000001677
2025-05-28 06:00:00,0.0,0.0,0.19300000000000495,0.06749999999999545
2025-05-28 07:00:00,0.0,0.0,0.07199999999999918,0.16400000000000148
2025-05-28 08:00:00,0.0,0.0,0.07950000000000301,0.09299999999999642
2025-05-28 09:00:00,0.0,0.0,0.05450000000000088,0.16250000000000497
2025-05-28 10:00:00,0.0,0.0,0.07400000000000162,0.12400000000000588
2025-05-28 11:00:00,0.0,0.0,0.021499999999996078,0.11200000000000898
2025-05-28 12:00:00,0.0,0.0,0.09000000000000341,0.07200000000000273
2025-05-28 13:00:00,0.0,0.0,0.08349999999999724,0.12299999999999756
2025-05-28 14:00:00,0.0,0.0,0.06500000000000128,0.1180000000000021
2025-05-28 15:00:00,0.0,0.0,0.027000000000001023,0.1889999999999965
2025-05-28 16:00:00,0.0,0.0,0.09150000000000347,0.10900000000000176
2025-05-28 17:00:00,0.0,0.0,0.027499999999999858,0.1525000000000034
2025-05-28 18:00:00,0.0,0.0,0.08600000000000563,0.043000000000002814
2025-05-28 19:00:00,0.0,0.0,0.0975000000000037,0.0400000000000027
2025-05-28 20:00:00,0.0,0.0,0.021500000000003183,0.1059999999999981
2025-05-28 21:00:00,0.0,0.0,0.08899999999999508,0.07750000000000057
2025-05-28 22:00:00,0.0,0.0,0.06500000000000483,0.04599999999999582
2025-05-28 23:00:00,0.0,0.0,0.1789999999999985,0.06650000000000134
2025-05-29 00:00:00,0.0,0.0,0.11150000000000304,0.0884999999999998
2025-05-29 01:00:00,0.0,0.0,0.05250000000000199,0.12750000000000483
2025-05-29 02:00:00,0.0,0.0,0.06800000000000495,0.04600000000000648
2025-05-29 03:00:00,0.0,0.0,0.034000000000006025,0.06850000000000023
2025-05-29 04:00:00,0.0,0.0,0.19350000000000733,0.021500000000003183
2025-05-29 05:00:00,0.0,0.0,0.09999999999999787,0.05450000000000088
2025-05-29 06:00:00,0.0,0.0,0.029500000000005855,0.0835000000000008
2025-05-29 07:00:00,0.0,0.0,0.0224999999999973,0.11649999999999494
2025-05-29 08:00:00,0.0,0.0,0.05700000000000216,0.09000000000000696
2025-05-29 09:00:00,0.0,0.0,0.03999999999999915,0.08800000000000452
2025-05-29 10:00:00,0.0,0.0,0.16100000000000136,0.11150000000000304
2025-05-29 11:00:00,0.0,0.0,0.11400000000000077,0.08949999999999392
2025-05-29 12:00:00,0.0,0.0,0.05850000000000222,0.16999999999999105
2025-05-29 13:00:00,0.0,0.0,0.0815000000000019,0.05799999999999983
2025-05-29 14:00:00,0.0,0.0,0.06099999999999994,0.09949999999999903
2025-05-29 15:00:00,0.0,0.0,0.10399999999999565,0.36599999999999966
2025-05-29 16:00:00,0.0011250000000000426,0.0,0.2649999999999963,0.1454999999999984
2025-05-29 17:00:00,0.0,0.0,0.07900000000000418,0.17599999999999838
2025-05-29 18:00:00,0.0,0.0007500000000000284,0.09499999999999886,0.20500000000000468
2025-05-29 19:00:00,0.0,0.0,0.0779999999999994,0.10200000000000742
2025-05-29 20:00:00,0.0,0.0,0.10000000000000142,0.07400000000000162
2025-05-29 21:00:00,0.0,0.0,0.09250000000000114,0.06299999999999883
2025-05-29 22:00:00,0.0,0.0,0.028499999999997527,0.24400000000000333
2025-05-29 23:00:00,0.0,0.0,0.05449999999999733,0.1355000000000004
2025-05-30 00:00:00,0.0,0.0,0.0940000000000012,0.13750000000000284
2025-05-30 01:00:00,0.0,0.0,0.13149999999999906,0.046500000000005315
2025-05-30 02:00:00,0.0,0.0,0.07450000000000401,0.06900000000000261
2025-05-30 03:00:00,0.0,0.0,0.08249999999999247,0.05849999999999156
2025-05-30 04:00:00,0.0,0.0,0.03200000000000358,0.14350000000000662
2025-05-30 05:00:00,0.0,0.0,0.17099999999999582,0.027000000000001023
2025-05-30 06:00:00,0.0,0.0,0.062000000000001165,0.27949999999999875
2025-05-30 07:00:00,0.0,0.0,0.1095000000000006,0.11749999999999972
2025-05-30 08:00:00,0.0,0.0,0.13150000000000972,0.0730000000000004
2025-05-30 09:00:00,0.0,0.00137499999999946,0.0899999999999963,0.38000000000000184
2025-05-30 10:00:00,0.0,0.0,0.2190000000000012,0.04450000000000642
2025-05-30 11:00:00,0.00012499999999970868,0.0,0.12000000000000384,0.08099999999999952
2025-05-30 12:00:00,0.004749999999999588,0.0,0.2760000000000019,0.024000000000004462
2025-05-30 13:00:00,0.0,0.0,0.11599999999999255,0.07049999999999912
2025-05-30 14:00:00,0.0,0.0,0.19700000000000273,0.03500000000000014
2025-05-30 15:00:00,0.0,0.0,0.08850000000000335,0.03300000000000125
2025-05-30 16:00:00,0.0,0.0,0.047999999999998266,0.20049999999999457
2025-05-30 17:00:00,0.0,0.01662499999999767,0.09350000000000236,0.389500000000001
2025-05-30 18:00:00,0.0,0.003249999999999531,0.09049999999999869,0.24050000000000366
2025-05-30 19:00:00,0.0,0.0,0.1109999999999971,0.05100000000000193
2025-05-30 20:00:00,0.0,0.0,0.009000000000000341,0.18100000000000094
2025-05-30 21:00:00,0.0,0.0,0.07600000000000762,0.03849999999999554
2025-05-30 22:00:00,0.0,0.0,0.39450000000000784,0.00549999999999784
2025-05-30 23:00:00,0.0,0.0,0.052000000000003155,0.13850000000000406
2025-05-31 00:00:00,0.0,0.0,0.05349999999999966,0.15250000000000696
2025-05-31 01:00:00,0.0,0.0,0.062000000000001165,0.061000000000003496
2025-05-31 02:00:00,0.0,0.0,0.06650000000000489,0.07750000000000412
2025-05-31 03:00:00,0.0,0.0,0.08249999999999957,0.0589999999999975
2025-05-31 04:00:00,0.0,0.0,0.11599999999999966,0.012000000000000455
2025-05-31 05:00:00,0.0,0.0,0.10450000000000159,0.04199999999999804
2025-05-31 06:00:00,0.0,0.0,0.10399999999999565,0.058499999999998664
2025-05-31 07:00:00,0.0,0.0,0.1269999999999989,0.058499999999998664
2025-05-31 08:00:00,0.0,0.0,0.07250000000000156,0.07300000000000395
2025-05-31 09:00:00,0.0,0.0,0.0899999999999963,0.037000000000002586
2025-05-31 10:00:00,0.0,0.0,0.12450000000000117,0.19450000000000145
2025-05-31 11:00:00,0.0003750000000000142,0.0,0.1869999999999969,0.06400000000000716
2025-05-31 12:00:00,0.0,0.0,0.16049999999999898,0.0470000000000006
2025-05-31 13:00:00,0.0,0.0,0.14899999999999736,0.045000000000001705
2025-05-31 14:00:00,0.0,0.0,0.11600000000000321,0.09550000000000125
2025-05-31 15:00:00,0.0,0.0,0.12249999999999517,0.127000000000006
2025-05-31 16:00:00,0.0,0.0,0.18950000000000244,0.06850000000000023
2025-05-31 17:00:00,0.006999999999999673,0.0,0.4265000000000022,0.07900000000000063
2025-05-31 18:00:00,0.0,0.0,0.07800000000000651,0.1545000000000023
2025-05-31 19:00:00,0.0,0.0,0.06899999999999906,0.07800000000000296
2025-05-31 20:00:00,0.0,0.0,0.07150000000000034,0.1805000000000021
2025-05-31 21:00:00,0.0,0.0,0.09049999999999514,0.04299999999999571
2025-05-31 22:00:00,0.0,0.0,0.05850000000000577,0.07400000000000162
2025-05-31 23:00:00,0.0,0.0,0.07400000000000162,0.08500000000000796
2025-06-01 00:00:00,0.0,0.0,0.1664999999999921,0.10099999999999554
2025-06-01 01:00:00,0.0,0.0,0.08349999999999724,0.06999999999999673
2025-06-01 02:00:00,0.0,0.0,0.08750000000000213,0.0765000000000029
2025-06-01 03:00:00,0.0,0.0,0.1159999999999961,0.05900000000000105
2025-06-01 04:00:00,0.0,0.0,0.07750000000000412,0.0884999999999998
2025-06-01 05:00:00,0.0,0.0,0.061000000000003496,0.07450000000000401
2025-06-01 06:00:00,0.0,0.0,0.1269999999999989,0.129999999999999
2025-06-01 07:00:00,0.0,0.0,0.047500000000002984,0.07000000000000028
2025-06-01 08:00:00,0.0,0.0,0.08350000000000435,0.21599999999999397
2025-06-01 09:00:00,0.0,0.0,0.11150000000000304,0.1404999999999994
2025-06-01 10:00:00,0.0,0.0,0.31300000000000594,0.012000000000000455
2025-06-01 11:00:00,0.0,0.0,0.11350000000000193,0.09700000000000486
2025-06-01 12:00:00,0.0,0.0,0.044000000000004036,0.09749999999999659
2025-06-01 13:00:00,0.0,0.0,0.06500000000000483,0.16049999999999542
2025-06-01 14:00:00,0.0,0.0,0.08200000000000074,0.08749999999999858
2025-06-01 15:00:00,0.0,0.0,0.0835000000000008,0.19350000000000378
2025-06-01 16:00:00,0.0,0.0,0.1720000000000006,0.125
2025-06-01 17:00:00,0.0,0.0,0.27699999999999747,0.1474999999999973
2025-06-01 18:00:00,0.0,0.009500000000000064,0.04449999999999932,0.23099999999999737
2025-06-01 19:00:00,0.0,0.0,0.16550000000000153,0.08199999999999719
2025-06-01 20:00:00,0.0,0.0,0.04700000000000415,0.20750000000000313
2025-06-01 21:00:00,0.0,0.0,0.1634999999999991,0.04649999999999821
2025-06-01 22:00:00,0.0,0.0,0.06149999999999878,0.25
2025-06-01 23:00:00,0.0,0.0,0.10300000000000509,0.0835000000000008
2025-06-02 00:00:00,0.01824999999999921,0.0,0.46750000000000114,0.03100000000000236
2025-06-02 01:00:00,0.0,0.0,0.10650000000000048,0.08900000000000219
2025-06-02 02:00:00,0.0,0.0,0.07550000000000168,0.05999999999999517
2025-06-02 03:00:00,0.0,0.0,0.08900000000000219,0.10800000000000765
2025-06-02 04:00:00,0.0,0.0,0.049500000000001876,0.07000000000000028
2025-06-02 05:00:00,0.0,0.0,0.21850000000000236,0.031500000000001194
2025-06-02 06:00:00,0.0,0.0,0.07450000000000045,0.1479999999999997
2025-06-02 07:00:00,0.004499999999999282,0.004249999999998977,0.3125000000000021,0.2580000000000041
2025-06-02 08:00:00,0.0,0.0,0.04150000000000276,0.18599999999999994
2025-06-02 09:00:00,0.0,0.0,0.11049999999999827,0.07700000000000529
2025-06-02 10:00:00,0.0,0.0,0.09850000000000136,0.05649999999999977
2025-06-02 11:00:00,0.0,0.0,0.1880000000000024,0.05850000000000577
2025-06-02 12:00:00,0.0,0.0,0.060499999999997556,0.06899999999999906
2025-06-02 13:00:00,0.0,0.0,0.05000000000000426,0.22299999999999898
2025-06-02 14:00:00,0.0,0.0,0.025500000000000966,0.2859999999999978
2025-06-02 15:00:00,0.0,0.0,0.03200000000000003,0.24900000000000233
2025-06-02 16:00:00,0.0,0.0,0.1305000000000014,0.17100000000000648
2025-06-02 17:00:00,0.0,0.0016249999999997655,0.037000000000002586,0.3559999999999974
2025-06-02 18:00:00,0.0,0.01912499999999895,0.19450000000000145,0.33300000000000196
2025-06-02 19:00:00,0.0,0.0,0.2759999999999927,0.10050000000000026
2025-06-02 20:00:00,0.0,0.0,0.13199999999999434,0.05799999999999628
2025-06-02 21:00:00,0.0,0.0,0.17550000000000665,0.0019999999999988916
2025-06-02 22:00:00,0.0,0.0,0.1269999999999918,0.08250000000000313
2025-06-02 23:00:00,0.0,0.0,0.16149999999999665,0.08000000000000185
2025-06-03 00:00:00,0.0,0.0,0.11149999999999949,0.10350000000000392
2025-06-03 01:00:00,0.0,0.0,0.08899999999999864,0.054500000000004434
2025-06-03 02:00:00,0.0,0.0,0.06850000000000023,0.18149999999999977
2025-06-03 03:00:00,0.0,0.0,0.10050000000000381,0.045000000000001705
2025-06-03 04:00:00,0.0,0.0,0.11400000000000077,0.05649999999999622
2025-06-03 05:00:00,0.0,0.0,0.21499999999999986,0.09949999999999903
2025-06-03 06:00:00,0.0,0.0,0.34299999999999997,0.045999999999999375
2025-06-03 07:00:00,0.0,0.0,0.05950000000000344,0.13100000000000023
2025-06-03 08:00:00,0.0,0.0,0.05600000000000094,0.11000000000000298
2025-06-03 09:00:00,0.0,0.0,0.07450000000000401,0.24200000000000088
2025-06-03 10:00:00,0.0,0.0,0.3114999999999952,0.09100000000000108
2025-06-03 11:00:00,0.0,0.0,0.0,0.4239999999999995
2025-06-03 12:00:00,0.0,0.0,0.12249999999999872,0.15850000000000364
2025-06-03 13:00:00,0.0,0.0,0.07350000000000279,0.0660000000000025
2025-06-03 14:00:00,0.0,0.0,0.09300000000000352,0.032500000000002416
2025-06-03 15:00:00,0.0,0.0,0.14649999999999963,0.045000000000001705
2025-06-03 16:00:00,0.0,0.0,0.09249999999999758,0.11499999999999844
2025-06-03 17:00:00,0.0,0.0,0.10999999999999588,0.020999999999997243
2025-06-03 18:00:00,0.0,0.0,0.1025000000000027,0.06150000000000233
2025-06-03 19:00:00,0.0,0.0,0.3269999999999982,0.013499999999996959
2025-06-03 20:00:00,0.0,0.0,0.16650000000000276,0.28550000000000963
2025-06-03 21:00:00,0.0,0.0,0.012999999999998124,0.14000000000000057
2025-06-03 22:00:00,0.0,0.0,0.07450000000000401,0.0975000000000037
2025-06-03 23:00:00,0.0,0.0,0.14999999999999858,0.12900000000000844
2025-06-04 00:00:00,0.004374999999999574,0.0,0.0970000000000006,0.2359999999999971
2025-06-04 01:00:00,0.0,0.0,0.09149999999999991,0.10450000000000159
2025-06-04 02:00:00,0.0,0.0,0.06350000000000122,0.059499999999996334
2025-06-04 03:00:00,0.0,0.0,0.11350000000000904,0.030999999999998806
2025-06-04 04:00:00,0.0,0.0,0.06299999999999883,0.2829999999999977
2025-06-04 05:00:00,0.0,0.0,0.11499999999999844,0.07600000000000406
2025-06-04 06:00:00,0.0,0.0009999999999994458,0.10500000000000043,0.16350000000000547
2025-06-04 07:00:00,0.0,0.004249999999999865,0.060000000000002274,0.18949999999999817
2025-06-04 08:00:00,0.0,0.0,0.13150000000000972,0.025500000000000966
2025-06-04 09:00:00,0.0,0.0,0.12700000000000244,0.10050000000000026
2025-06-04 10:00:00,0.0,0.0,0.1339999999999968,0.14649999999999608
2025-06-04 11:00:00,0.0,0.0,0.08200000000000074,0.10350000000000037
2025-06-04 12:00:00,0.0009999999999994458,0.0,0.16000000000000653,0.08800000000000097
2025-06-04 13:00:00,0.0,0.0,0.26299999999999457,0.029000000000003467
2025-06-04 14:00:00,0.0,0.0,0.192499999999999,0.09600000000000009
2025-06-04 15:00:00,0.006999999999998785,0.0,0.29000000000000414,0.10949999999999704
2025-06-04 16:00:00,0.0026250000000000995,0.0,0.11749999999999901,0.22299999999999542
2025-06-04 17:00:00,0.00137499999999946,0.0,0.13099999999999595,0.1280000000000001
2025-06-04 18:00:00,0.0,0.004749999999999588,0.11649999999999494,0.1569999999999993
2025-06-04 19:00:00,0.0,0.0,0.05900000000000105,0.21550000000000225
2025-06-04 20:00:00,0.0,0.0,0.012000000000000455,0.15249999999999986
2025-06-04 21:00:00,0.0,0.0,0.15099999999999625,0.07499999999999929
2025-06-04 22:00:00,0.0,0.0,0.11550000000000082,0.10749999999999815
2025-06-04 23:00:00,0.007749999999999702,0.0,0.25050000000000094,0.07049999999999912
2025-06-05 00:00:00,0.0029999999999992255,0.0,0.33049999999999924,0.08850000000000335
2025-06-05 01:00:00,0.0,0.0,0.15850000000000009,0.12600000000000122
2025-06-05 02:00:00,0.0,0.0,0.03100000000000236,0.18199999999999505
2025-06-05 03:00:00,0.0,0.0,0.08349999999999724,0.11499999999999844
2025-06-05 04:00:00,0.0,0.0,0.12899999999999778,0.06850000000000023
2025-06-05 05:00:00,0.0,0.0,0.13549999999999685,0.10299999999999798
2025-06-05 06:00:00,0.02612499999999862,0.0,0.5474999999999988,0.03900000000000148
2025-06-05 07:00:00,0.0,0.0,0.062000000000001165,0.12049999999999628
2025-06-05 08:00:00,0.0,0.0,0.010000000000001563,0.13500000000000512
2025-06-05 09:00:00,0.0,0.0,0.2154999999999987,0.07400000000000162
2025-06-05 10:00:00,0.004999999999999893,0.0,0.2109999999999978,0.10300000000000153
2025-06-05 11:00:00,0.0,0.0,0.08199999999999719,0.11050000000000537
2025-06-05 12:00:00,0.002874999999999517,0.0,0.19649999999999962,0.1285000000000025
2025-06-05 13:00:00,0.0,0.0,0.046999999999997044,0.08500000000000085
2025-06-05 14:00:00,0.0,0.0,0.1855000000000011,0.10899999999999821
2025-06-05 15:00:00,0.0,0.0,0.29299999999999216,0.02149999999999963
2025-06-05 16:00:00,0.0,0.0,0.1645000000000003,0.04049999999999798
2025-06-05 17:00:00,0.0,0.0,0.036000000000001364,0.21499999999999986
2025-06-05 18:00:00,0.0,0.0,0.05600000000000094,0.2219999999999942
2025-06-05 19:00:00,0.0,0.0,0.177500000000002,0.054000000000002046
2025-06-05 20:00:00,0.0,0.0,0.2574999999999932,0.04100000000000037
2025-06-05 21:00:00,0.0,0.0,0.16150000000000375,0.12149999999999395
2025-06-05 22:00:00,0.0,0.0,0.04299999999999926,0.120000000000001
2025-06-05 23:00:00,0.0,0.0,0.11850000000000094,0.2154999999999987
2025-06-06 00:00:00,0.0,0.0,0.05600000000000094,0.10400000000000276
2025-06-06 01:00:00,0.0,0.0,0.13000000000000256,0.0625
2025-06-06 02:00:00,0.0,0.0,0.05000000000000071,0.10849999999999582
2025-06-06 03:00:00,0.0,0.0,0.0484999999999971,0.10299999999999798
2025-06-06 04:00:00,0.0,0.0,0.12700000000000244,0.08749999999999858
2025-06-06 05:00:00,0.0,0.0,0.22650000000000148,0.09500000000000242
2025-06-06 06:00:00,0.0,0.0004999999999997229,0.09050000000000225,0.22749999999999487
2025-06-06 07:00:00,0.0,0.0,0.026000000000003354,0.1559999999999988
2025-06-06 08:00:00,0.0,0.0,0.01999999999999602,0.2280000000000051
2025-06-06 09:00:00,0.0,0.00012499999999970868,0.10200000000000742,0.3214999999999996
2025-06-06 10:00:00,0.0,0.0,0.2544999999999966,0.07600000000000051
2025-06-06 11:00:00,0.0,0.0,0.0555000000000021,0.12349999999999284
2025-06-06 12:00:00,0.0,0.0,0.11450000000000671,0.1425000000000054
2025-06-06 13:00:00,0.0,0.0,0.012000000000000455,0.36850000000000094
2025-06-06 14:00:00,0.0,0.0,0.12400000000000233,0.0940000000000012
2025-06-06 15:00:00,0.0,0.0,0.13150000000000261,0.03399999999999892
2025-06-06 16:00:00,0.0,0.0,0.09950000000000259,0.10100000000000264
2025-06-06 17:00:00,0.0,0.0019999999999988916,0.1319999999999979,0.36349999999999694
2025-06-06 18:00:00,0.0,0.0,0.16200000000000614,0.10300000000000153
2025-06-06 19:00:00,0.0,0.0,0.01950000000000074,0.15350000000000463
2025-06-06 20:00:00,0.0,0.0,0.204500000000003,0.1404999999999994
2025-06-06 21:00:00,0.001875000000000071,0.0,0.2785000000000032,0.030500000000003524
2025-06-06 22:00:00,0.0,0.004124999999999268,0.03850000000000264,0.4500000000000085
2025-06-06 23:00:00,0.0,0.0,0.1645000000000003,0.07450000000000756
2025-06-07 00:00:00,0.0,0.0,0.21149999999999736,0.05000000000000426
2025-06-07 01:00:00,0.0,0.0,0.10700000000000287,0.07200000000000273
2025-06-07 02:00:00,0.0,0.0,0.17299999999999827,0.04100000000000392
2025-06-07 03:00:00,0.0,0.0,0.07000000000000384,0.06700000000000372
2025-06-07 04:00:00,0.0,0.0,0.1200000000000081,0.03100000000000236
2025-06-07 05:00:00,0.0,0.0,0.0715000000000039,0.04550000000000409
2025-06-07 06:00:00,0.0,0.0,0.09500000000000597,0.06400000000000361
2025-06-07 07:00:00,0.0,0.0,0.07250000000000156,0.05600000000000094
2025-06-07 08:00:00,0.0,0.0,0.16550000000000153,0.06199999999999761
2025-06-07 09:00:00,0.0,0.0,0.1095000000000006,0.04599999999999582
2025-06-07 10:00:00,0.0,0.0,0.06349999999999767,0.0870000000000033
2025-06-07 11:00:00,0.0,0.0,0.09499999999999886,0.04449999999999932
2025-06-07 12:00:00,0.0,0.0,0.07000000000000028,0.08749999999999858
2025-06-07 13:00:00,0.0,0.0,0.10300000000000153,0.05449999999999733
2025-06-07 14:00:00,0.0,0.0,0.06050000000000466,0.14699999999999847
2025-06-07 15:00:00,0.0,0.0,0.09450000000000003,0.06799999999999784
2025-06-07 16:00:00,0.0,0.0,0.18400000000000105,0.07599999999999696
2025-06-07 17:00:00,0.0,0.0016249999999988773,0.2354999999999947,0.29399999999999904
2025-06-07 18:00:00,0.0,0.0,0.1565000000000012,0.08500000000000085
2025-06-07 19:00:00,0.0,0.0,0.017499999999998295,0.17900000000000205
2025-06-07 20:00:00,0.0,0.0,0.0589999999999975,0.09500000000000242
2025-06-07 21:00:00,0.0,0.0,0.14550000000000196,0.048500000000004206
2025-06-07 22:00:00,0.0,0.0,0.07950000000000301,0.06850000000000378
2025-06-07 23:00:00,0.0,0.0,0.1389999999999958,0.037000000000002586
2025-06-08 00:00:00,0.0,0.0,0.06599999999999895,0.05350000000000321
2025-06-08 01:00:00,0.0,0.0,0.0710000000000015,0.06799999999999784
2025-06-08 02:00:00,0.0,0.0,0.10050000000000026,0.08249999999999957
2025-06-08 03:00:00,0.0,0.0,0.05549999999999855,0.08800000000000097
2025-06-08 04:00:00,0.0,0.0,0.05000000000000426,0.0765000000000029
2025-06-08 05:00:00,0.0,0.0,0.04299999999999926,0.0379999999999967
2025-06-08 06:00:00,0.0,0.0,0.028999999999996362,0.08600000000000207
2025-06-08 07:00:00,0.0,0.0,0.07250000000000156,0.13650000000000162
2025-06-08 08:00:00,0.0,0.0,0.2080000000000055,0.0259999999999998
2025-06-08 09:00:00,0.0,0.0,0.0694999999999979,0.09850000000000492
2025-06-08 10:00:00,0.0,0.0,0.06350000000000122,0.08100000000000662
2025-06-08 11:00:00,0.0,0.0,0.08400000000000318,0.052499999999994884
2025-06-08 12:00:00,0.0,0.0,0.1024999999999956,0.0870000000000033
2025-06-08 13:00:00,0.0,0.0,0.10050000000000026,0.08250000000000313
2025-06-08 14:00:00,0.0,0.0,0.08000000000000185,0.09150000000000347
2025-06-08 15:00:00,0.0,0.0,0.05450000000000088,0.0799999999999983
2025-06-08 16:00:00,0.0,0.0009999999999994458,0.06500000000000483,0.15400000000000275
2025-06-08 17:00:00,0.0,0.0008749999999997371,0.08799999999999741,0.1940000000000019
2025-06-08 18:00:00,0.0,0.0,0.09550000000000125,0.07499999999999929
2025-06-08 19:00:00,0.0,0.0,0.07550000000000523,0.0990000000000002
2025-06-08 20:00:00,0.0,0.0,0.08949999999999747,0.06250000000000355
2025-06-08 21:00:00,0.0,0.0,0.07500000000000284,0.044000000000004036
2025-06-08 22:00:00,0.0,0.0,0.12299999999999756,0.02850000000000108
2025-06-08 23:00:00,0.00137499999999946,0.0,0.21650000000000275,0.0710000000000015
2025-06-09 00:00:00,0.0,0.0,0.1004999999999967,0.10299999999999798
2025-06-09 01:00:00,0.0,0.0,0.08999999999999986,0.10850000000000293
2025-06-09 02:00:00,0.0,0.0,0.0990000000000002,0.1369999999999969
2025-06-09 03:00:00,0.0,0.0,0.08250000000000313,0.07049999999999912
2025-06-09 04:00:00,0.0,0.0,0.09150000000000347,0.07900000000000063
2025-06-09 05:00:00,0.0,0.0,0.1325000000000074,0.06350000000000477
2025-06-09 06:00:00,0.0,0.0,0.08399999999999608,0.11149999999999949
2025-06-09 07:00:00,0.0,0.0,0.029500000000002302,0.10900000000000887
2025-06-09 08:00:00,0.0,0.0,0.09700000000000486,0.11450000000000671
2025-06-09 09:00:00,0.0,0.0,0.06600000000000605,0.1235000000000035
2025-06-09 10:00:00,0.0,0.0,0.08099999999999596,0.07250000000000512
2025-06-09 11:00:00,0.0,0.0,0.05500000000000327,0.09350000000000236
2025-06-09 12:00:00,0.0,0.0,0.07749999999999702,0.10050000000000026
2025-06-09 13:00:00,0.0,0.0,0.07949999999999591,0.03949999999999676
2025-06-09 14:00:00,0.0,0.0,0.07549999999999812,0.07100000000000506
2025-06-09 15:00:00,0.0,0.0,0.08850000000001046,0.07400000000000517
2025-06-09 16:00:00,0.0,0.0,0.11199999999999832,0.11799999999999855
2025-06-09 17:00:00,0.0,0.0,0.0835000000000008,0.1840000000000046
2025-06-09 18:00:00,0.0,0.0,0.05399999999999494,0.0849999999999973
2025-06-09 19:00:00,0.0,0.0,0.12950000000000017,0.03000000000000469
2025-06-09 20:00:00,0.0,0.0,0.06800000000000139,0.07099999999999795
2025-06-09 21:00:00,0.0,0.0,0.019999999999999574,0.2114999999999938
2025-06-09 22:00:00,0.0,0.0,0.1235000000000035,0.062000000000001165
2025-06-09 23:00:00,0.0,0.0,0.032500000000002416,0.13799999999999812
2025-06-10 00:00:00,0.0,0.0,0.06700000000000017,0.0470000000000077
2025-06-10 01:00:00,0.0,0.0,0.05549999999999855,0.05600000000000449
2025-06-10 02:00:00,0.0,0.0,0.09649999999999892,0.03900000000000148
2025-06-10 03:00:00,0.0,0.0,0.11700000000000799,0.054500000000004434
2025-06-10 04:00:00,0.0,0.0,0.06699999999999662,0.07850000000000534
2025-06-10 05:00:00,0.0,0.0,0.14150000000000773,0.08399999999999963
2025-06-10 06:00:00,0.0,0.0,0.2059999999999924,0.038999999999997925
2025-06-10 07:00:00,0.0,0.0,0.040500000000001535,0.16450000000000387
2025-06-10 08:00:00,0.0,0.0034999999999998366,0.07349999999999568,0.35600000000000376
2025-06-10 09:00:00,0.0,0.0,0.11350000000000193,0.06499999999999773
2025-06-10 10:00:00,0.0,0.0,0.08749999999999503,0.08549999999999613
2025-06-10 11:00:00,0.0,0.0,0.13050000000000495,0.047500000000002984
2025-06-10 12:00:00,0.0,0.0,0.0715000000000039,0.06350000000000122
2025-06-10 13:00:00,0.0,0.0,0.11450000000000315,0.02500000000000213
2025-06-10 14:00:00,0.0,0.0,0.07549999999999812,0.06900000000000617
2025-06-10 15:00:00,0.0,0.0,0.09649999999999892,0.021500000000003183
2025-06-10 16:00:00,0.0,0.0,0.06900000000000261,0.12450000000000472
2025-06-10 17:00:00,0.0,0.0,0.08999999999999275,0.07949999999999946
2025-06-10 18:00:00,0.0,0.0,0.07150000000000034,0.13900000000000645
2025-06-10 19:00:00,0.0,0.0,0.04950000000000543,0.2259999999999991
2025-06-10 20:00:00,0.0,0.0,0.11749999999999972,0.028499999999997527
2025-06-10 21:00:00,0.0,0.0,0.037500000000004974,0.22849999999999326
2025-06-10 22:00:00,0.0,0.0,0.06849999999999667,0.13000000000000256
2025-06-10 23:00:00,0.0,0.0,0.10450000000000159,0.054999999999999716
2025-06-11 00:00:00,0.0,0.0,0.19449999999999434,0.0710000000000015
2025-06-11 01:00:00,0.0,0.0,0.10100000000000264,0.09850000000000492
2025-06-11 02:00:00,0.0,0.0,0.12549999999999883,0.05249999999999844
2025-06-11 03:00:00,0.0,0.0,0.09299999999999997,0.03200000000000003
2025-06-11 04:00:00,0.0,0.0,0.08050000000000423,0.033500000000000085
2025-06-11 05:00:00,0.0,0.0,0.06950000000000145,0.0850000000000044
2025-06-11 06:00:00,0.0,0.0,0.12500000000000355,0.036000000000001364
2025-06-11 07:00:00,0.0,0.0,0.043000000000002814,0.1165000000000056
2025-06-11 08:00:00,0.0,0.0,0.10950000000000415,0.12100000000000932
2025-06-11 09:00:00,0.0,0.0,0.14750000000000085,0.06150000000000233
2025-06-11 10:00:00,0.0,0.0,0.1280000000000001,0.06950000000000145
2025-06-11 11:00:00,0.0,0.01699999999999946,0.008500000000001506,0.4730000000000004
2025-06-11 12:00:00,0.0,0.0,0.17850000000000676,0.05600000000000094
2025-06-11 13:00:00,0.0,0.0,0.10350000000000037,0.04049999999999443
2025-06-11 14:00:00,0.0,0.0,0.16799999999999926,0.07049999999999912
2025-06-11 15:00:00,0.0,0.0,0.13250000000000384,0.03549999999999898
2025-06-11 16:00:00,0.0,0.0,0.11549999999999727,0.1474999999999973
2025-06-11 17:00:00,0.0,0.0,0.15700000000000003,0.07150000000000034
2025-06-11 18:00:00,0.0,0.0,0.1479999999999997,0.05299999999999727
2025-06-11 19:00:00,0.0,0.0,0.11299999999999599,0.0555000000000021
2025-06-11 20:00:00,0.0,0.0,0.06400000000000006,0.11350000000000193
2025-06-11 21:00:00,0.0,0.0,0.09450000000000713,0.09950000000000614
2025-06-11 22:00:00,0.0,0.0,0.19049999999999656,0.09450000000000003
2025-06-11 23:00:00,0.0,0.0,0.12399999999999878,0.06850000000000378
2025-06-12 00:00:00,0.0,0.0,0.0015000000000000568,0.30150000000000077
2025-06-12 01:00:00,0.0,0.0,0.10699999999999932,0.10800000000000409
2025-06-12 02:00:00,0.0,0.0,0.09300000000000352,0.03900000000000148
2025-06-12 03:00:00,0.0,0.0,0.049500000000001876,0.10350000000000037
2025-06-12 04:00:00,0.0,0.0,0.02400000000000091,0.24250000000000327
2025-06-12 05:00:00,0.0,0.0,0.13850000000000406,0.0870000000000033
2025-06-12 06:00:00,0.0,0.0004999999999997229,0.16499999999999915,0.15150000000000502
2025-06-12 07:00:00,0.0,0.0,0.11500000000000199,0.03950000000000031
2025-06-12 08:00:00,0.0,0.0,0.0365000000000002,0.15000000000000568
2025-06-12 09:00:00,0.0,0.0,0.05100000000000193,0.137000000000004
2025-06-12 10:00:00,0.001875000000000071,0.009999999999998899,0.1039999999999985,0.4560000000000066
2025-06-12 11:00:00,0.0,0.0,0.0,0.6154999999999973
2025-06-12 12:00:00,0.0004999999999997229,0.0,0.5240000000000002,0.0
2025-06-12 13:00:00,0.0,0.0,0.20949999999999847,0.016500000000000625
2025-06-12 14:00:00,0.0,0.0,0.11750000000000327,0.05099999999999838
2025-06-12 15:00:00,0.0,0.0,0.08249999999999957,0.17999999999999972
2025-06-12 16:00:00,0.0,0.0,0.27150000000000674,0.042500000000000426
2025-06-12 17:00:00,0.0,0.0,0.17900000000000205,0.04450000000000287
2025-06-12 18:00:00,0.0,0.0,0.22099999999999298,0.04100000000000037
2025-06-12 19:00:00,0.0,0.0,0.23999999999999488,0.02500000000000213
2025-06-12 20:00:00,0.0,0.0,0.06250000000000355,0.049500000000001876
2025-06-12 21:00:00,0.0,0.0,0.13050000000000495,0.03350000000000364
2025-06-12 22:00:00,0.0,0.0,0.377999999999993,0.01899999999999835
2025-06-12 23:00:00,0.0,0.0,0.0955000000000048,0.19950000000000045
2025-06-13 00:00:00,0.0,0.0,0.03200000000000003,0.12000000000000455
2025-06-13 01:00:00,0.0,0.0,0.05699999999999861,0.10150000000000148
2025-06-13 02:00:00,0.0,0.0,0.10799999999999699,0.0799999999999983
2025-06-13 03:00:00,0.0,0.0,0.06549999999999656,0.10299999999999798
2025-06-13 04:00:00,0.0,0.002749999999999808,0.09550000000000125,0.3744999999999969
2025-06-13 05:00:00,0.0,0.0,0.29650000000000887,0.03849999999999909
2025-06-13 06:00:00,0.0,0.0,0.12899999999999778,0.08549999999999969
2025-06-13 07:00:00,0.0,0.0,0.08300000000000196,0.11200000000000188
2025-06-13 08:00:00,0.0,0.0,0.1024999999999956,0.17150000000000176
2025-06-13 09:00:00,0.0,0.0,0.08099999999999952,0.0850000000000044
2025-06-13 10:00:00,0.0,0.0,0.11899999999999622,0.2615000000000016
2025-06-13 11:00:00,0.0,0.0,0.09100000000000108,0.07000000000000384
2025-06-13 12:00:00,0.0,0.0,0.16900000000000048,0.02949999999999875
2025-06-13 13:00:00,0.0,0.0,0.0990000000000002,0.07450000000000401
2025-06-13 14:00:00,0.0,0.0,0.12399999999999878,0.045000000000001705
2025-06-13 15:00:00,0.0,0.022499999999999964,0.08600000000000563,0.2870000000000005
2025-06-13 16:00:00,0.0,0.0,0.22550000000000026,0.05900000000000105
2025-06-13 17:00:00,0.0,0.0011250000000000426,0.12249999999999517,0.17799999999999655
2025-06-13 18:00:00,0.0,0.0,0.24650000000000105,0.06499999999999773
2025-06-13 19:00:00,0.0,0.0,0.08100000000000662,0.05000000000000426
2025-06-13 20:00:00,0.0,0.0,0.023500000000002075,0.11650000000000205
2025-06-13 21:00:00,0.0,0.0,0.10700000000000642,0.09150000000000702
2025-06-13 22:00:00,0.0,0.0,0.0849999999999973,0.04350000000000165
2025-06-13 23:00:00,0.0,0.0,0.18499999999999872,0.10749999999999815
2025-06-14 00:00:00,0.0,0.0,0.10100000000000264,0.04099999999999682
2025-06-14 01:00:00,0.0,0.0,0.15200000000000102,0.046500000000005315
2025-06-14 02:00:00,0.0,0.0,0.058999999999993946,0.09950000000000259
2025-06-14 03:00:00,0.0,0.0,0.08650000000000091,0.0870000000000104
2025-06-14 04:00:00,0.0,0.0,0.04800000000000537,0.1620000000000026
2025-06-14 05:00:00,0.0,0.0,0.05850000000000222,0.09250000000000114
2025-06-14 06:00:00,0.0,0.00012499999999970868,0.1655000000000051,0.11349999999999767
2025-06-14 07:00:00,0.0,0.0,0.09300000000000352,0.04899999999999949
2025-06-14 08:00:00,0.0,0.0,0.04899999999999949,0.08599999999999852
2025-06-14 09:00:00,0.0,0.0,0.12100000000000577,0.16649999999999565
2025-06-14 10:00:00,0.003375000000000128,0.0,0.2430000000000078,0.1180000000000021
2025-06-14 11:00:00,0.0,0.0,0.11849999999999383,0.10099999999999909
2025-06-14 12:00:00,0.0,0.0,0.11749999999999972,0.04749999999999943
2025-06-14 13:00:00,0.0,0.0,0.09750000000000014,0.05450000000000088
2025-06-14 14:00:00,0.0,0.0,0.09999999999999787,0.08000000000000895
2025-06-14 15:00:00,0.0,0.0,0.06299999999999883,0.16900000000000048
2025-06-14 16:00:00,0.0,0.0,0.2309999999999981,0.02500000000000213
2025-06-14 17:00:00,0.0,0.007749999999999702,0.10650000000000404,0.2194999999999986
2025-06-14 18:00:00,0.0,0.0,0.06050000000000466,0.12400000000000588
2025-06-14 19:00:00,0.0,0.0,0.09799999999999898,0.07050000000000267
2025-06-14 20:00:00,0.0,0.0,0.13850000000000406,0.021000000000000796
2025-06-14 21:00:00,0.0,0.0,0.040500000000001535,0.06199999999999761
2025-06-14 22:00:00,0.0,0.0,0.060000000000005826,0.09100000000000108
2025-06-14 23:00:00,0.0,0.0,0.10150000000000503,0.08149999999999835
2025-06-15 00:00:00,0.0,0.0,0.19499999999999673,0.13850000000000406
2025-06-15 01:00:00,0.0,0.0,0.05000000000000071,0.09450000000000358
2025-06-15 02:00:00,0.0,0.0,0.056500000000003325,0.06899999999999551
2025-06-15 03:00:00,0.0,0.0,0.12749999999999773,0.0379999999999967
2025-06-15 04:00:00,0.0,0.0,0.06800000000000495,0.0730000000000004
2025-06-15 05:00:00,0.0,0.0,0.038000000000000256,0.10000000000000497
2025-06-15 06:00:00,0.0,0.0,0.035000000000003695,0.15349999999999753
2025-06-15 07:00:00,0.0,0.0,0.08350000000000435,0.10749999999999815
2025-06-15 08:00:00,0.0,0.0,0.047500000000002984,0.07349999999999923
2025-06-15 09:00:00,0.0,0.0,0.0934999999999988,0.06599999999999895
2025-06-15 10:00:00,0.0,0.0,0.09999999999999787,0.049500000000001876
2025-06-15 11:00:00,0.0,0.0,0.08400000000000318,0.10050000000000736
2025-06-15 12:00:00,0.0,0.0,0.12049999999999628,0.09700000000000486
2025-06-15 13:00:00,0.0,0.0,0.12650000000000006,0.06800000000000495
2025-06-15 14:00:00,0.0,0.0,0.1060000000000052,0.05649999999999977
2025-06-15 15:00:00,0.0,0.0,0.21499999999999986,0.036000000000001364
2025-06-15 16:00:00,0.0,0.0,0.0954999999999977,0.12300000000000466
2025-06-15 17:00:00,0.0,0.003249999999999531,0.1565000000000012,0.08899999999999793
2025-06-15 18:00:00,0.0,0.0,0.09450000000000003,0.09799999999999898
2025-06-15 19:00:00,0.0,0.0,0.043000000000002814,0.13799999999999812
2025-06-15 20:00:00,0.0,0.0,0.059000000000004604,0.10850000000000293
2025-06-15 21:00:00,0.0,0.0,0.04449999999999932,0.23899999999999721
2025-06-15 22:00:00,0.0,0.0,0.0815000000000019,0.06950000000000145
2025-06-15 23:00:00,0.0,0.0,0.2065000000000019,0.33149999999999835
2025-06-16 00:00:00,0.0,0.0,0.053000000000000824,0.15199999999999747
2025-06-16 01:00:00,0.0,0.0,0.0484999999999971,0.08000000000000185
2025-06-16 02:00:00,0.0,0.0,0.05800000000000338,0.125
2025-06-16 03:00:00,0.0,0.0,0.07900000000000418,0.11500000000000554
2025-06-16 04:00:00,0.0,0.0,0.13100000000000733,0.2010000000000005
2025-06-16 05:00:00,0.0,0.0,0.34000000000000696,0.06800000000000139
2025-06-16 06:00:00,0.0,0.004499999999999282,0.07099999999999795,0.32850000000000035
2025-06-16 07:00:00,0.0,0.0,0.08949999999999747,0.0799999999999983
2025-06-16 08:00:00,0.0,0.0,0.08200000000000429,0.08850000000000335
2025-06-16 09:00:00,0.0,0.0,0.20300000000000296,0.022999999999996135
2025-06-16 10:00:00,0.0,0.0,0.15850000000000364,0.0505000000000031
2025-06-16 11:00:00,0.0039999999999995595,0.0,0.13399999999999962,0.25200000000000244
2025-06-16 12:00:00,0.0,0.0,0.15549999999999642,0.11049999999999827
2025-06-16 13:00:00,0.004249999999999865,0.0,0.26699999999999874,0.08300000000000196
2025-06-16 14:00:00,0.0,0.0,0.12200000000000344,0.09600000000000009
2025-06-16 15:00:00,0.0,0.0,0.09800000000000608,0.08750000000000568
2025-06-16 16:00:00,0.0,0.0,0.09400000000000475,0.06700000000000017
2025-06-16 17:00:00,0.0,0.0,0.053000000000000824,0.16250000000000142
2025-06-16 18:00:00,0.0,0.0,0.0799999999999983,0.23499999999999588
2025-06-16 19:00:00,0.0,0.0,0.16399999999999793,0.09899999999999665
2025-06-16 20:00:00,0.0,0.0,0.051578947368420516,0.0631578947368445
2025-06-16 21:00:00,0.0,0.0,0.10849999999999582,0.07649999999999935
2025-06-16 22:00:00,0.0,0.0,0.16000000000000014,0.14349999999999952
2025-06-16 23:00:00,0.00012499999999970868,0.0,0.2059999999999988,0.182500000000001
2025-06-17 00:00:00,0.0004999999999997229,0.0,0.07200000000000202,0.2765000000000093
2025-06-17 01:00:00,0.0,0.0,0.14399999999999835,0.07600000000000051
2025-06-17 02:00:00,0.0,0.0,0.09350000000000591,0.12250000000000227
2025-06-17 03:00:00,0.0,0.0,0.036000000000001364,0.23449999999999704
2025-06-17 04:00:00,0.0,0.0,0.1264999999999965,0.04999999999999716
2025-06-17 05:00:00,0.0,0.0,0.2609999999999957,0.03100000000000236
2025-06-17 06:00:00,0.0,0.0,0.2639999999999958,0.11100000000000065
2025-06-17 07:00:00,0.0,0.0,0.045000000000001705,0.12350000000000705
2025-06-17 08:00:00,0.0,0.0,0.05700000000000216,0.06249999999999645
2025-06-17 09:00:00,0.0,0.021842105263156542,0.0,0.6915789473684173
2025-06-17 10:00:00,0.0,0.0045000000000001705,0.010499999999996845,0.3524999999999949
2025-06-17 11:00:00,0.008249999999999424,0.0,0.33600000000000063,0.03250000000000597
2025-06-17 12:00:00,0.0,0.0,0.17650000000000077,0.009000000000000341
2025-06-17 13:00:00,0.0,0.0,0.11699999999999733,0.11850000000000094
2025-06-17 14:00:00,0.0,0.0,0.2309999999999981,0.03749999999999787
2025-06-17 15:00:00,0.0,0.0,0.28450000000000486,0.04400000000000048
2025-06-17 16:00:00,0.0,0.0,0.3655000000000001,0.057500000000000995
2025-06-17 17:00:00,0.0,0.0,0.08249999999999957,0.26150000000000445
2025-06-17 18:00:00,0.0,0.02362499999999823,0.10600000000000165,0.43650000000000233
2025-06-17 19:00:00,0.0,0.0,0.06700000000000017,0.23400000000000176
2025-06-17 20:00:00,0.0,0.0,0.03900000000000503,0.24299999999999855
2025-06-17 21:00:00,0.01637499999999914,0.0,0.3479999999999997,0.018000000000000682
2025-06-17 22:00:00,0.0,0.0,0.09950000000000259,0.242999999999995
2025-06-17 23:00:00,0.0,0.0,0.15199999999999747,0.0715000000000039
2025-06-18 00:00:00,0.002749999999999808,0.0,0.1805000000000007,0.05850000000000222
2025-06-18 01:00:00,0.0,0.0,0.12950000000000372,0.02149999999999963
2025-06-18 02:00:00,0.0,0.0,0.11400000000000077,0.021999999999998465
2025-06-18 03:00:00,0.0,0.0,0.027999999999998693,0.17749999999999488
2025-06-18 04:00:00,0.0,0.0,0.2789999999999999,0.13150000000000261
2025-06-18 05:00:00,0.0,0.0,0.1705000000000041,0.14700000000000202
2025-06-18 06:00:00,0.0,0.003874999999999851,0.20750000000000313,0.18299999999999556
2025-06-18 07:00:00,0.0,0.0,0.0870000000000033,0.16850000000000165
2025-06-18 08:00:00,0.0,0.0,0.07600000000000051,0.14000000000000057
2025-06-18 09:00:00,0.0,0.0,0.08950000000000458,0.1264999999999965
2025-06-18 10:00:00,0.0030000000000001137,0.0,0.19050000000000294,0.04949999999999832
2025-06-18 11:00:00,0.0,0.0,0.1369999999999969,0.07399999999999451
2025-06-18 12:00:00,0.0,0.0,0.09149999999999991,0.32750000000000057
2025-06-18 13:00:00,0.0,0.0,0.1440000000000019,0.1095000000000006
2025-06-18 14:00:00,0.0,0.0,0.04499999999999815,0.12150000000000105
2025-06-18 15:00:00,0.0,0.0,0.09899999999999665,0.09250000000000469
2025-06-18 16:00:00,0.0,0.0,0.18700000000000472,0.09099999999999753
2025-06-18 17:00:00,0.0,0.0016249999999997655,0.024499999999999744,0.322000000000002
2025-06-18 18:00:00,0.0,0.0,0.1565000000000012,0.10549999999999926
2025-06-18 19:00:00,0.0,0.0,0.10800000000000054,0.1529999999999987
2025-06-18 20:00:00,0.0,0.0,0.1255000000000024,0.05449999999999733
2025-06-18 21:00:00,0.0,0.0,0.1580000000000048,0.04150000000000276
2025-06-18 22:00:00,0.0,0.0,0.1629999999999967,0.05850000000000222
2025-06-18 23:00:00,0.0,0.0,0.06450000000000244,0.26450000000000173
2025-06-19 00:00:00,0.0015000000000000568,0.0,0.187000000000004,0.05250000000000554
2025-06-19 01:00:00,0.0,0.0,0.11499999999999844,0.05500000000000327
2025-06-19 02:00:00,0.0,0.0,0.1515000000000022,0.058499999999998664
2025-06-19 03:00:00,0.0,0.0,0.10100000000000264,0.09850000000000136
2025-06-19 04:00:00,0.0,0.0,0.1410000000000018,0.04999999999999716
2025-06-19 05:00:00,0.0,0.0,0.2605000000000004,0.03300000000000125
2025-06-19 06:00:00,0.0,0.0,0.09650000000000247,0.10449999999999449
2025-06-19 07:00:00,0.0,0.0,0.016999999999995907,0.20599999999999596
2025-06-19 08:00:00,0.0,0.008374999999999133,0.11850000000000094,0.3600000000000044
2025-06-19 09:00:00,0.019374999999998366,0.0,0.37549999999999956,0.052000000000003155
2025-06-19 10:00:00,0.0,0.0,0.11349999999999838,0.22099999999999653
2025-06-19 11:00:00,0.0,0.0,0.11600000000000321,0.2414999999999985
2025-06-19 12:00:00,0.0,0.0,0.1714999999999911,0.15200000000000102
2025-06-19 13:00:00,0.0,0.0,0.2069999999999972,0.07800000000000651
2025-06-19 14:00:00,0.0,0.0,0.0870000000000033,0.19150000000000844
2025-06-19 15:00:00,0.0,0.0,0.14700000000000202,0.067499999999999
2025-06-19 16:00:00,0.0,0.0,0.16799999999999926,0.030500000000003524
2025-06-19 17:00:00,0.0,0.005499999999999616,0.18599999999999994,0.3065000000000019
2025-06-19 18:00:00,0.0,0.0,0.11349999999999483,0.1390000000000029
2025-06-19 19:00:00,0.0,0.0,0.16300000000000026,0.10050000000000026
2025-06-19 20:00:00,0.0,0.0,0.1665000000000063,0.032500000000002416
2025-06-19 21:00:00,0.0,0.0,0.07750000000000057,0.13100000000000733
2025-06-19 22:00:00,0.0,0.0,0.045000000000001705,0.1375000000000064
2025-06-19 23:00:00,0.0,0.0,0.08949999999999747,0.05100000000000193
2025-06-20 00:00:00,0.00024999999999941735,0.0,0.15249999999999558,0.0470000000000006
2025-06-20 01:00:00,0.0,0.0,0.1095000000000006,0.049000000000006594
2025-06-20 02:00:00,0.0,0.0,0.07699999999999818,0.054500000000004434
2025-06-20 03:00:00,0.0,0.0,0.09149999999999636,0.06050000000000111
2025-06-20 04:00:00,0.0,0.0,0.09800000000000253,0.04350000000000165
2025-06-20 05:00:00,0.0,0.0,0.19549999999999557,0.10700000000000287
2025-06-20 06:00:00,0.0,0.0,0.045000000000001705,0.13199999999999434
2025-06-20 07:00:00,0.0,0.0,0.09000000000000341,0.045999999999999375
2025-06-20 08:00:00,0.0,0.0,0.0750000000000064,0.07600000000000051
2025-06-20 09:00:00,0.0,0.0,0.08450000000000202,0.15549999999999997
2025-06-20 10:00:00,0.0,0.0,0.19499999999999673,0.05150000000000077
2025-06-20 11:00:00,0.0,0.0,0.13200000000000145,0.06899999999999906
2025-06-20 12:00:00,0.0,0.0,0.08549999999999613,0.09650000000000247
2025-06-20 13:00:00,0.0,0.0,0.08850000000000335,0.09150000000000702
2025-06-20 14:00:00,0.0,0.0,0.06350000000000122,0.10650000000000404
2025-06-20 15:00:00,0.0,0.0,0.09850000000000136,0.07549999999999812
2025-06-20 16:00:00,0.0,0.0,0.06500000000000128,0.1339999999999968
2025-06-20 17:00:00,0.0,0.0,0.07500000000000284,0.20550000000000423
2025-06-20 18:00:00,0.0,0.0,0.09700000000000486,0.03800000000000381
2025-06-20 19:00:00,0.0,0.0,0.013500000000000512,0.2634999999999863
2025-06-20 20:00:00,0.0,0.0,0.0,0.3440000000000012
2025-06-20 21:00:00,0.0,0.0,0.0,0.41499999999999204
2025-06-20 22:00:00,0.0,0.0,0.2134999999999998,0.002500000000001279
2025-06-20 23:00:00,0.010249999999999204,0.0,0.37700000000000033,0.03249999999999886
2025-06-21 00:00:00,0.0,0.0,0.09699999999999775,0.04299999999999926
2025-06-21 01:00:00,0.0,0.0,0.03999999999999915,0.09100000000000108
2025-06-21 02:00:00,0.0,0.0,0.06549999999999656,0.21449999999999392
2025-06-21 03:00:00,0.0,0.0,0.11850000000000449,0.02750000000000341
2025-06-21 04:00:00,0.0,0.0,0.0849999999999973,0.04149999999999565
2025-06-21 05:00:00,0.0,0.0,0.12000000000000455,0.0074999999999967315
2025-06-21 06:00:00,0.0,0.0,0.07150000000000034,0.03450000000000131
2025-06-21 07:00:00,0.0,0.0,0.11400000000000077,0.04199999999999804
2025-06-21 08:00:00,0.0,0.0,0.08699999999999974,0.19200000000000017
2025-06-21 09:00:00,0.0,0.0,0.17699999999999605,0.09300000000000352
2025-06-21 10:00:00,0.0,0.0,0.10600000000000165,0.05649999999999977
2025-06-21 11:00:00,0.0,0.0,0.1164999999999985,0.10800000000000054
2025-06-21 12:00:00,0.0,0.0,0.06350000000000122,0.23000000000000753
2025-06-21 13:00:00,0.0,0.0,0.09149999999999991,0.12999999999998835
2025-06-21 14:00:00,0.0,0.0,0.12849999999999895,0.05450000000000088
2025-06-21 15:00:00,0.0,0.0,0.10800000000000054,0.1565000000000083
2025-06-21 16:00:00,0.0,0.0,0.1494999999999962,0.10299999999999798
2025-06-21 17:00:00,0.002874999999999517,0.00012499999999970868,0.30400000000000416,0.3105000000000004
2025-06-21 18:00:00,0.0,0.0,0.15750000000000597,0.08200000000000074
2025-06-21 19:00:00,0.0,0.0,0.09849999999999426,0.05549999999999855
2025-06-21 20:00:00,0.0,0.0,0.05600000000000094,0.03149999999999764
2025-06-21 21:00:00,0.0,0.0,0.07600000000000406,0.07200000000000273
2025-06-21 22:00:00,0.0,0.0,0.04199999999999804,0.2064999999999948
2025-06-21 23:00:00,0.0,0.0,0.10050000000000026,0.07450000000000401
2025-06-22 00:00:00,0.0007500000000000284,0.0,0.20650000000000118,0.03350000000000364
2025-06-22 01:00:00,0.0,0.0,0.08550000000000679,0.03949999999999676
2025-06-22 02:00:00,0.0,0.0,0.0659999999999954,0.04100000000000392
2025-06-22 03:00:00,0.0,0.0,0.09650000000000603,0.021500000000003183
2025-06-22 04:00:00,0.0,0.0,0.08999999999999986,0.0940000000000012
2025-06-22 05:00:00,0.0,0.0,0.06800000000000139,0.041499999999999204
2025-06-22 06:00:00,0.0,0.0,0.03550000000000253,0.07600000000000051
2025-06-22 07:00:00,0.0,0.0,0.006000000000000227,0.44399999999999906
2025-06-22 08:00:00,0.0,0.0,0.08299999999999486,0.1595000000000013
2025-06-22 09:00:00,0.0,0.0,0.15200000000000813,0.047999999999998266
2025-06-22 10:00:00,0.0,0.0,0.22100000000000009,0.04100000000000037
2025-06-22 11:00:00,0.0,0.0,0.09950000000000259,0.054000000000002046
2025-06-22 12:00:00,0.0,0.0,0.15450000000000585,0.0659999999999954
2025-06-22 13:00:00,0.0,0.0,0.08749999999999858,0.07049999999999912
2025-06-22 14:00:00,0.0,0.0,0.07850000000000179,0.04950000000000543
2025-06-22 15:00:00,0.0,0.0,0.14249999999999474,0.054999999999999716
2025-06-22 16:00:00,0.0,0.0016249999999997655,0.14699999999999847,0.28199999999999575
2025-06-22 17:00:00,0.0,0.0,0.2015000000000029,0.04949999999999832
2025-06-22 18:00:00,0.0,0.0,0.10650000000000404,0.13850000000000762
2025-06-22 19:00:00,0.0,0.0,0.06699999999999662,0.07099999999999795
2025-06-22 20:00:00,0.0,0.0,0.054000000000002046,0.1130000000000031
2025-06-22 21:00:00,0.0,0.0,0.0934999999999988,0.07249999999999446
2025-06-22 22:00:00,0.0,0.0,0.29700000000000415,0.07999999999999474
2025-06-22 23:00:00,0.004374999999999574,0.0,0.2685000000000016,0.18849999999999767
2025-06-23 00:00:00,0.00024999999999941735,0.0,0.34999999999999715,0.09399999999999764
2025-06-23 01:00:00,0.0,0.0,0.040500000000001535,0.16199999999999903
2025-06-23 02:00:00,0.0,0.0,0.07850000000000179,0.182500000000001
2025-06-23 03:00:00,0.0,0.0,0.11899999999999977,0.09799999999999542
2025-06-23 04:00:00,0.0,0.0,0.06300000000000594,0.3610000000000035
2025-06-23 05:00:00,0.0011249999999991545,0.0,0.2665000000000063,0.12449999999999761
2025-06-23 06:00:00,0.0,0.0,0.23000000000000398,0.06200000000000472
2025-06-23 07:00:00,0.0,0.01574999999999882,0.08650000000000091,0.480000000000004
2025-06-23 08:00:00,0.0,0.0,0.12049999999999983,0.14499999999999957
2025-06-23 09:00:00,0.0,0.0,0.25400000000000134,0.08000000000000185
2025-06-23 10:00:00,0.013874999999999638,0.0,0.28299999999999914,0.05549999999999855
2025-06-23 11:00:00,0.0,0.0,0.204500000000003,0.10050000000000026
2025-06-23 12:00:00,0.0,0.0,0.15100000000000335,0.036000000000001364
2025-06-23 13:00:00,0.004374999999999574,0.0,0.41150000000000586,0.08099999999999952
2025-06-23 14:00:00,0.0,0.0,0.03550000000000253,0.14650000000000318
2025-06-23 15:00:00,0.0,0.0,0.06099999999999994,0.11050000000000182
2025-06-23 16:00:00,0.0,0.0,0.06650000000000489,0.17700000000000315
2025-06-23 17:00:00,0.0,0.0,0.10200000000000387,0.06050000000000111
2025-06-23 18:00:00,0.0,0.0011249999999991545,0.03500000000000014,0.3465000000000046
2025-06-23 19:00:00,0.0,0.0,0.21800000000000352,0.03750000000000142
2025-06-23 20:00:00,0.0,0.0,0.04899999999999949,0.08349999999999724
2025-06-23 21:00:00,0.0,0.0,0.046999999999997044,0.11549999999999372
2025-06-23 22:00:00,0.0,0.0,0.10800000000000409,0.14250000000000185
2025-06-23 23:00:00,0.008124999999999716,0.0,0.283499999999998,0.0885000000000069
2025-06-24 00:00:00,0.0,0.0024999999999995026,0.058499999999998664,0.3980000000000025
2025-06-24 01:00:00,0.0,0.0,0.10999999999999943,0.0555000000000021
2025-06-24 02:00:00,0.0,0.0,0.11749999999999972,0.07000000000000384
2025-06-24 03:00:00,0.0,0.0,0.055999999999997385,0.06750000000000611
2025-06-24 04:00:00,0.0,0.0,0.08799999999999741,0.04450000000000642
2025-06-24 05:00:00,0.0,0.0,0.06150000000000233,0.1285000000000025
2025-06-24 06:00:00,0.0,0.0,0.06750000000000256,0.16250000000000497
2025-06-24 07:00:00,0.0,0.0,0.10550000000000281,0.1335000000000086
2025-06-24 08:00:00,0.0,0.0,0.06650000000000134,0.040500000000001535
2025-06-24 09:00:00,0.0,0.0,0.11249999999999716,0.15000000000000213
2025-06-24 10:00:00,0.0,0.0,0.16300000000000026,0.07049999999999912
2025-06-24 11:00:00,0.0,0.0,0.05150000000000432,0.07900000000000773
2025-06-24 12:00:00,0.0,0.0,0.08600000000000563,0.07050000000000267
2025-06-24 13:00:00,0.0,0.0,0.09499999999999886,0.05800000000000338
2025-06-24 14:00:00,0.0,0.0,0.09249999999999758,0.1620000000000026
2025-06-24 15:00:00,0.0,0.0,0.09600000000000009,0.09799999999999898
2025-06-24 16:00:00,0.0,0.0,0.0940000000000083,0.08300000000000196
2025-06-24 17:00:00,0.0,0.0007500000000000284,0.09949999999999903,0.1829999999999991
2025-06-24 18:00:00,0.0,0.0,0.12399999999999878,0.04449999999999932
2025-06-24 19:00:00,0.0,0.0,0.03650000000000375,0.09850000000000136
2025-06-24 20:00:00,0.0,0.0,0.02300000000000324,0.3674999999999926
2025-06-24 21:00:00,0.0,0.0,0.013500000000000512,0.4689999999999941
2025-06-24 22:00:00,0.0,0.0,0.2729999999999997,0.01249999999999929
2025-06-24 23:00:00,0.0004999999999997229,0.0,0.2355000000000011,0.11000000000000298
2025-06-25 00:00:00,0.0,0.0012499999999997513,0.0070000000000014495,0.5944999999999994
2025-06-25 01:00:00,0.0,0.0,0.09999999999999787,0.06150000000000588
2025-06-25 02:00:00,0.0,0.0,0.10899999999999821,0.04600000000000293
2025-06-25 03:00:00,0.0,0.0,0.1339999999999968,0.04800000000000537
2025-06-25 04:00:00,0.0,0.0,0.1664999999999992,0.07100000000000506
2025-06-25 05:00:00,0.0,0.0,0.16600000000000747,0.01600000000000179
2025-06-25 06:00:00,0.0,0.0,0.13349999999999795,0.10999999999999943
2025-06-25 07:00:00,0.0,0.02499999999999858,0.12150000000000105,0.3575000000000017
2025-06-25 08:00:00,0.0,0.0,0.0975000000000037,0.059499999999999886
2025-06-25 09:00:00,0.0,0.0,0.1509999999999998,0.021000000000000796
2025-06-25 10:00:00,0.0,0.0,0.10650000000000404,0.09849999999999781
2025-06-25 11:00:00,0.0003750000000000142,0.0,0.18149999999999905,0.05900000000000105
2025-06-25 12:00:00,0.0,0.0,0.142000000000003,0.12600000000000122
2025-06-25 13:00:00,0.0,0.0,0.18299999999999628,0.06450000000000244
2025-06-25 14:00:00,0.0,0.0,0.11599999999999966,0.05150000000000077
2025-06-25 15:00:00,0.0,0.0,0.07750000000000057,0.09750000000000014
2025-06-25 16:00:00,0.0,0.0,0.1285000000000096,0.04899999999999949
2025-06-25 17:00:00,0.0,0.0,0.09999999999999787,0.2834999999999958
2025-06-25 18:00:00,0.0,0.0,0.07450000000000401,0.10699999999999577
2025-06-25 19:00:00,0.0,0.0,0.15700000000000003,0.03900000000000148
2025-06-25 20:00:00,0.0,0.0,0.10300000000000509,0.03200000000000003
2025-06-25 21:00:00,0.0,0.0,0.08100000000000307,0.044000000000004036
2025-06-25 22:00:00,0.0,0.0,0.06761904761905244,0.1304761904761943
2025-06-25 23:00:00,0.0,0.0,0.11849999999999739,0.1235000000000035
2025-06-26 00:00:00,0.007249999999999979,0.0,0.18699999999999975,0.29050000000000864
2025-06-26 01:00:00,0.0,0.0,0.10157894736842366,0.03894736842105161
2025-06-26 02:00:00,0.0,0.0,0.07380952380952097,0.046666666666666176
2025-06-26 03:00:00,0.0,0.0,0.0710526315789538,0.04421052631579115
2025-06-26 04:00:00,0.0,0.0,0.06190476190476989,0.14904761904762018
2025-06-26 05:00:00,0.0,0.0,0.16249999999999787,0.041499999999999204
2025-06-26 06:00:00,0.0,0.0,0.14315789473684878,0.05263157894736917
2025-06-26 07:00:00,0.0,0.0,0.045999999999999375,0.08050000000000068
2025-06-26 08:00:00,0.0,0.0,0.07476190476190647,0.11476190476190122
2025-06-26 09:00:00,0.0,0.0,0.04000000000000027,0.1963157894736904
2025-06-26 10:00:00,0.0,0.0,0.059499999999996334,0.045500000000007645
2025-06-26 11:00:00,0.0,0.0,0.11285714285714375,0.10285714285714675
2025-06-26 12:00:00,0.0,0.0,0.09736842105263277,0.07631578947368585
2025-06-26 13:00:00,0.0,0.0,0.09952380952380765,0.102380952380954
2025-06-26 14:00:00,0.0,0.0,0.07949999999999591,0.09599999999999653
2025-06-26 15:00:00,0.0,0.0,0.1310526315789486,0.06052631578947099
2025-06-26 16:00:00,0.0,0.0,0.11100000000000065,0.05350000000000321
2025-06-26 17:00:00,0.0,0.0,0.05571428571428444,0.08190476190475711
2025-06-26 18:00:00,0.0,0.0,0.04736842105263337,0.08526315789474008
2025-06-26 19:00:00,0.0,0.0,0.16450000000000387,0.036499999999996646
2025-06-26 20:00:00,0.0,0.0,0.09949999999999548,0.0954999999999977
2025-06-26 21:00:00,0.0,0.0,0.04100000000000392,0.1525000000000034
2025-06-26 22:00:00,0.0,0.0,0.058499999999998664,0.2624999999999993
2025-06-26 23:00:00,0.0,0.0,0.05600000000000094,0.24400000000001043
2025-06-27 00:00:00,0.0,0.0,0.12049999999999983,0.0730000000000004
2025-06-27 01:00:00,0.0,0.0,0.0920000000000023,0.054999999999999716
2025-06-27 02:00:00,0.0,0.0,0.1115000000000066,0.029500000000002302
2025-06-27 03:00:00,0.0,0.0,0.07150000000000034,0.040500000000001535
2025-06-27 04:00:00,0.0,0.0,0.05600000000000094,0.06400000000000006
2025-06-27 05:00:00,0.0,0.0,0.06500000000000128,0.08300000000000196
2025-06-27 06:00:00,0.0,0.0,0.09600000000000009,0.05999999999999872
2025-06-27 07:00:00,0.0,0.0,0.055999999999997385,0.12600000000000833
2025-06-27 08:00:00,0.0,0.0,0.127000000000006,0.03200000000000003
2025-06-27 09:00:00,0.0,0.0,0.12299999999999756,0.037500000000004974
2025-06-27 10:00:00,0.0,0.0,0.10400000000000276,0.0884999999999998
2025-06-27 11:00:00,0.0,0.0,0.08099999999999952,0.07849999999999824
2025-06-27 12:00:00,0.0,0.0,0.15350000000000108,0.0555000000000021
2025-06-27 13:00:00,0.0,0.0,0.07900000000000063,0.13400000000000034
2025-06-27 14:00:00,0.0,0.0,0.06150000000000233,0.10350000000000392
2025-06-27 15:00:00,0.0,0.0,0.09950000000000259,0.06800000000000139
2025-06-27 16:00:00,0.0,0.0,0.12300000000000111,0.07700000000000173
2025-06-27 17:00:00,0.0,0.0,0.10599999999999454,0.09650000000000247
2025-06-27 18:00:00,0.0,0.0,0.12100000000000222,0.06500000000000128
2025-06-27 19:00:00,0.0,0.0,0.08299999999999841,0.062000000000001165
2025-06-27 20:00:00,0.0,0.0,0.10649999999999693,0.09100000000000108
2025-06-27 21:00:00,0.0,0.0,0.05950000000000699,0.08950000000000102
2025-06-27 22:00:00,0.0,0.0,0.03250000000000597,0.14500000000000313
2025-06-27 23:00:00,0.0,0.0,0.17799999999999727,0.018499999999999517
2025-06-28 00:00:00,0.0,0.0,0.0870000000000033,0.12099999999999511
2025-06-28 01:00:00,0.0,0.0,0.08449999999999847,0.09450000000000003
2025-06-28 02:00:00,0.0,0.0,0.09550000000000125,0.07399999999999807
2025-06-28 03:00:00,0.0,0.0,0.1025000000000027,0.07300000000000395
2025-06-28 04:00:00,0.0,0.0,0.10200000000000031,0.043000000000002814
2025-06-28 05:00:00,0.0,0.0,0.07950000000000657,0.062000000000001165
2025-06-28 06:00:00,0.0,0.0,0.0730000000000075,0.06650000000000134
2025-06-28 07:00:00,0.0,0.0,0.15100000000000335,0.06849999999999667
2025-06-28 08:00:00,0.0,0.0,0.06600000000000605,0.0730000000000004
2025-06-28 09:00:00,0.0,0.0,0.013999999999999346,0.3040000000000056
2025-06-28 10:00:00,0.0,0.0,0.1369999999999969,0.14400000000000546
2025-06-28 11:00:00,0.0,0.0,0.1440000000000019,0.05499999999999616
2025-06-28 12:00:00,0.0,0.0,0.10699999999999932,0.08950000000000458
2025-06-28 13:00:00,0.0,0.0,0.06950000000000145,0.06750000000000611
2025-06-28 14:00:00,0.0,0.0,0.11250000000000426,0.04800000000000182
2025-06-28 15:00:00,0.0,0.0,0.05649999999999622,0.08450000000000557
2025-06-28 16:00:00,0.0,0.0,0.046500000000005315,0.07199999999999918
2025-06-28 17:00:00,0.0,0.013749999999998153,0.14850000000000207,0.4600000000000023
2025-06-28 18:00:00,0.003874999999999851,0.0,0.2649999999999991,0.04550000000000054
2025-06-28 19:00:00,0.0,0.0,0.039500000000003865,0.17199999999999704
2025-06-28 20:00:00,0.0,0.0,0.03000000000000469,0.3134999999999941
2025-06-28 21:00:00,0.0,0.0,0.11049999999999116,0.05999999999999872
2025-06-28 22:00:00,0.0,0.0,0.11549999999999727,0.07600000000000051
2025-06-28 23:00:00,0.0,0.0,0.1840000000000117,0.05349999999999966
2025-06-29 00:00:00,0.0,0.0,0.1729999999999947,0.040500000000001535
2025-06-29 01:00:00,0.002249999999999197,0.0,0.4320000000000007,0.03900000000000148
2025-06-29 02:00:00,0.0,0.0,0.1305000000000014,0.053000000000000824
2025-06-29 03:00:00,0.0,0.0,0.03900000000000148,0.13550000000000395
2025-06-29 04:00:00,0.0,0.0,0.09849999999999781,0.06500000000000128
2025-06-29 05:00:00,0.0,0.0,0.08900000000000219,0.04550000000000409
2025-06-29 06:00:00,0.0,0.0,0.06849999999999667,0.10699999999999932
2025-06-29 07:00:00,0.0,0.0,0.055999999999997385,0.05999999999999517
2025-06-29 08:00:00,0.0,0.0,0.08650000000000091,0.08000000000000185
2025-06-29 09:00:00,0.0,0.0,0.045999999999999375,0.3234999999999957
2025-06-29 10:00:00,0.0,0.0,0.11899999999999977,0.06450000000000244
2025-06-29 11:00:00,0.0,0.0,0.22549999999999315,0.04150000000000276
2025-06-29 12:00:00,0.0,0.0,0.10800000000000054,0.054000000000002046
2025-06-29 13:00:00,0.0,0.0,0.09450000000000358,0.07000000000000028
2025-06-29 14:00:00,0.0,0.0,0.09649999999999892,0.06150000000000233
2025-06-29 15:00:00,0.0,0.0,0.10750000000000881,0.023500000000002075
2025-06-29 16:00:00,0.0,0.0,0.22799999999999798,0.08950000000000458
2025-06-29 17:00:00,0.0,0.0,0.3125,0.19450000000000145
2025-06-29 18:00:00,0.0,0.0,0.10999999999999588,0.09049999999999869
2025-06-29 19:00:00,0.0,0.0,0.07150000000000034,0.08449999999999847
2025-06-29 20:00:00,0.0,0.0,0.036999999999999034,0.1444999999999972
2025-06-29 21:00:00,0.0,0.0,0.07600000000000051,0.10050000000000026
2025-06-29 22:00:00,0.0,0.0,0.17249999999999588,0.10100000000000264
2025-06-29 23:00:00,0.0,0.0,0.12199999999999989,0.11250000000000071
2025-06-30 00:00:00,0.0,0.0,0.048999999999995936,0.2990000000000066
2025-06-30 01:00:00,0.0,0.0,0.10000000000000497,0.07100000000000506
2025-06-30 02:00:00,0.0,0.0,0.21300000000000097,0.08650000000000091
2025-06-30 03:00:00,0.0,0.0,0.05099999999999838,0.26099999999999923
2025-06-30 04:00:00,0.0,0.0,0.1280000000000001,0.0764999999999958
2025-06-30 05:00:00,0.0,0.0,0.10799999999999699,0.07700000000000529
2025-06-30 06:00:00,0.0,0.0015000000000000568,0.09750000000000014,0.22949999999999732
2025-06-30 07:00:00,0.0,0.0,0.03400000000000247,0.1739999999999995
2025-06-30 08:00:00,0.0,0.0,0.0,0.319500000000005
2025-06-30 09:00:00,0.0,0.0,0.029000000000003467,0.1805000000000021
2025-06-30 10:00:00,0.0,0.0,0.08800000000000097,0.09099999999999397
2025-06-30 11:00:00,0.0,0.0,0.19149999999999778,0.04100000000000037
2025-06-30 12:00:00,0.0,0.0,0.1340000000000039,0.06950000000000145
2025-06-30 13:00:00,0.0,0.0,0.30150000000000077,0.027000000000001023
2025-06-30 14:00:00,0.0,0.0,0.12450000000000117,0.08300000000000196
2025-06-30 15:00:00,0.0,0.0,0.48850000000000193,0.08050000000000068
2025-06-30 16:00:00,0.0,0.0,0.14699999999999847,0.09350000000000236
2025-06-30 17:00:00,0.0,0.0,0.08200000000000429,0.1235000000000035
2025-06-30 18:00:00,0.0,0.0,0.03850000000000264,0.11000000000000298
2025-06-30 19:00:00,0.0,0.0,0.03350000000000364,0.11450000000000671
2025-06-30 20:00:00,0.0,0.0,0.03850000000000264,0.07450000000000045
2025-06-30 21:00:00,0.0,0.0,0.036499999999996646,0.2685000000000066
2025-06-30 22:00:00,0.0,0.0,0.06450000000000244,0.08750000000000213
2025-06-30 23:00:00,0.0,0.0,0.06950000000000145,0.09750000000000725
2025-07-01 00:00:00,0.0,0.0,0.26099999999999923,0.03450000000000131
2025-07-01 01:00:00,0.0,0.0,0.09850000000000136,0.10000000000000497
2025-07-01 02:00:00,0.0,0.0,0.07499999999999929,0.07249999999999801
2025-07-01 03:00:00,0.0,0.0,0.05050000000000665,0.09400000000000475
2025-07-01 04:00:00,0.0,0.0,0.2339999999999982,0.03450000000000131
2025-07-01 05:00:00,0.0,0.0,0.0365000000000002,0.1255000000000024
2025-07-01 06:00:00,0.0,0.0,0.056500000000003325,0.12849999999999895
2025-07-01 07:00:00,0.0,0.0016249999999997655,0.006499999999999062,0.4764999999999972
2025-07-01 08:00:00,0.0,0.0,0.04150000000000276,0.11999999999999744
2025-07-01 09:00:00,0.0,0.0,0.08600000000000563,0.12300000000000466
2025-07-01 10:00:00,0.0,0.0,0.06550000000000011,0.10350000000000392
2025-07-01 11:00:00,0.0,0.0,0.13049999999999073,0.04450000000000287
2025-07-01 12:00:00,0.0,0.0,0.012000000000000455,0.22000000000000597
2025-07-01 13:00:00,0.0,0.0,0.12100000000000577,0.09949999999999903
2025-07-01 14:00:00,0.0,0.0,0.07949999999999946,0.11750000000000327
2025-07-01 15:00:00,0.0,0.0,0.08050000000000423,0.1300000000000061
2025-07-01 16:00:00,0.0,0.0,0.08899999999999864,0.1039999999999992
2025-07-01 17:00:00,0.0,0.0,0.06800000000000139,0.1440000000000019
2025-07-01 18:00:00,0.0,0.0,0.07799999999999585,0.3130000000000024
2025-07-01 19:00:00,0.0,0.0,0.13100000000000733,0.010499999999996845
2025-07-01 20:00:00,0.0,0.0,0.039500000000003865,0.13300000000000267
2025-07-01 21:00:00,0.0,0.0,0.08600000000000207,0.04950000000000543
2025-07-01 22:00:00,0.0,0.0,0.036999999999999034,0.10850000000000648
2025-07-01 23:00:00,0.0,0.0,0.15649999999999764,0.1215000000000046
2025-07-02 00:00:00,0.0,0.0,0.055999999999997385,0.07399999999999807
2025-07-02 01:00:00,0.0,0.0,0.15449999999999875,0.07150000000000745
2025-07-02 02:00:00,0.0,0.0,0.05250000000000199,0.07800000000000296
2025-07-02 03:00:00,0.0,0.0,0.08099999999999952,0.049500000000001876
2025-07-02 04:00:00,0.0,0.0,0.08550000000000324,0.018499999999999517
2025-07-02 05:00:00,0.0,0.0,0.10650000000000404,0.0505000000000031
2025-07-02 06:00:00,0.0,0.0,0.13850000000000406,0.08399999999999608
2025-07-02 07:00:00,0.0,0.0,0.07400000000000162,0.1130000000000031
2025-07-02 08:00:00,0.0,0.0,0.07749999999999702,0.04899999999999949
2025-07-02 09:00:00,0.0,0.0,0.07800000000000296,0.03600000000000492
2025-07-02 10:00:00,0.0,0.0,0.15099999999999625,0.04450000000000287
2025-07-02 11:00:00,0.0,0.0,0.09650000000000247,0.05900000000000105
2025-07-02 12:00:00,0.0,0.0,0.07350000000000634,0.0625
2025-07-02 13:00:00,0.0,0.0,0.054000000000002046,0.06200000000000472
2025-07-02 14:00:00,0.0,0.0,0.21100000000000563,0.0505000000000031
2025-07-02 15:00:00,0.0,0.0,0.1390000000000029,0.030999999999998806
2025-07-02 16:00:00,0.0,0.0,0.0505000000000031,0.10249999999999915
2025-07-02 17:00:00,0.0,0.011499999999998956,0.0259999999999998,0.6530000000000022
2025-07-02 18:00:00,0.0,0.0,0.10899999999999821,0.06750000000000256
2025-07-02 19:00:00,0.0,0.0,0.07499999999999929,0.1469999999999949
2025-07-02 20:00:00,0.0,0.0,0.0,0.31749999999999545
2025-07-02 21:00:00,0.0,0.0,0.13750000000000284,0.012500000000002842
2025-07-02 22:00:00,0.0,0.0,0.045999999999999375,0.3065000000000033
2025-07-02 23:00:00,0.0,0.0,0.062000000000001165,0.4034999999999975
2025-07-03 00:00:00,0.0,0.0,0.04199999999999804,0.4209999999999958
2025-07-03 01:00:00,0.0,0.0,0.007500000000000284,0.2515000000000036
2025-07-03 02:00:00,0.0,0.0,0.22850000000000037,0.021999999999998465
2025-07-03 03:00:00,0.0,0.0,0.3805000000000085,0.023500000000002075
2025-07-03 04:00:00,0.0,0.0,0.0400000000000027,0.3625000000000007
2025-07-03 05:00:00,0.0,0.0,0.24399999999999622,0.008499999999997954
2025-07-03 06:00:00,0.0,0.0,0.15649999999999764,0.06650000000000134
2025-07-03 07:00:00,0.0,0.0,0.12250000000000227,0.2039999999999999
2025-07-03 08:00:00,0.0,0.0,0.16300000000000736,0.07000000000000384
2025-07-03 09:00:00,0.0,0.0,0.20000000000000284,0.03550000000000253
2025-07-03 10:00:00,0.004124999999999268,0.0,0.5194999999999972,0.0519999999999996
2025-07-03 11:00:00,0.0,0.0,0.11349999999999838,0.15599999999999525
2025-07-03 12:00:00,0.0012499999999997513,0.0,0.254500000000003,0.04700000000000415
2025-07-03 13:00:00,0.0,0.0,0.12650000000000006,0.038999999999997925
2025-07-03 14:00:00,0.0,0.0,0.15700000000000713,0.06649999999999778
2025-07-03 15:00:00,0.0,0.0,0.11399999999999366,0.029500000000002302
2025-07-03 16:00:00,0.0,0.0,0.1165000000000056,0.10800000000000054
2025-07-03 17:00:00,0.0,0.0011250000000000426,0.08999999999999986,0.2735000000000049
2025-07-03 18:00:00,0.0,0.0,0.09350000000000236,0.061000000000003496
2025-07-03 19:00:00,0.0,0.0,0.07950000000000301,0.0625000000000071
2025-07-03 20:00:00,0.0,0.0,0.10050000000000736,0.02500000000000213
2025-07-03 21:00:00,0.0,0.0,0.15350000000000463,0.017499999999998295
2025-07-03 22:00:00,0.00012499999999970868,0.0,0.25199999999999817,0.08399999999999963
2025-07-03 23:00:00,0.0,0.0,0.14650000000000318,0.14349999999999952
2025-07-04 00:00:00,0.0,0.0,0.08500000000000085,0.05800000000000338
2025-07-04 01:00:00,0.0,0.0,0.1479999999999997,0.058499999999998664
2025-07-04 02:00:00,0.0,0.0,0.061500000000009436,0.06350000000000122
2025-07-04 03:00:00,0.0,0.0,0.20399999999999352,0.06700000000000017
2025-07-04 04:00:00,0.0,0.0,0.10099999999999909,0.05099999999999838
2025-07-04 05:00:00,0.0,0.0,0.199500000000004,0.037500000000004974
2025-07-04 06:00:00,0.0,0.0,0.0330000000000048,0.26200000000000756
2025-07-04 07:00:00,0.0,0.0011250000000000426,0.06800000000000139,0.22600000000000547
2025-07-04 08:00:00,0.0,0.0,0.0940000000000012,0.048500000000000654
2025-07-04 09:00:00,0.0,0.0,0.0555000000000021,0.12399999999999878
2025-07-04 10:00:00,0.0,0.0,0.1004999999999967,0.13750000000000284
2025-07-04 11:00:00,0.0,0.0,0.1144999999999996,0.10900000000000176
2025-07-04 12:00:00,0.0,0.0,0.1880000000000024,0.0505000000000031
2025-07-04 13:00:00,0.0,0.0,0.1669999999999945,0.06650000000000134
2025-07-04 14:00:00,0.0,0.0,0.11999999999999744,0.09450000000000003
2025-07-04 15:00:00,0.0,0.0,0.1375000000000064,0.09799999999999898
2025-07-04 16:00:00,0.0,0.0,0.07400000000000162,0.18249999999999744
2025-07-04 17:00:00,0.0,0.002874999999999517,0.1144999999999996,0.17600000000000052
2025-07-04 18:00:00,0.0,0.0,0.17800000000000082,0.036000000000001364
2025-07-04 19:00:00,0.0,0.0,0.12049999999999983,0.04399999999999693
2025-07-04 20:00:00,0.0,0.0,0.08600000000000563,0.09499999999999886
2025-07-04 21:00:00,0.0,0.0,0.03450000000000131,0.10400000000000631
2025-07-04 22:00:00,0.0,0.0,0.03399999999999892,0.12550000000000594
2025-07-04 23:00:00,0.0,0.0,0.10450000000000514,0.0975000000000037
2025-07-05 00:00:00,0.0,0.0,0.0765000000000029,0.14599999999999724
2025-07-05 01:00:00,0.0,0.0,0.0764999999999958,0.09499999999999886
2025-07-05 02:00:00,0.0,0.0,0.029500000000002302,0.12850000000000605
2025-07-05 03:00:00,0.0,0.0,0.06200000000000472,0.0765000000000029
2025-07-05 04:00:00,0.0,0.0,0.05449999999999733,0.067499999999999
2025-07-05 05:00:00,0.0,0.0,0.06500000000000483,0.07400000000000517
2025-07-05 06:00:00,0.0,0.0,0.022999999999999687,0.2375000000000007
2025-07-05 07:00:00,0.0,0.0,0.07499999999999574,0.08149999999999835
2025-07-05 08:00:00,0.0,0.0,0.0694999999999979,0.07450000000000401
2025-07-05 09:00:00,0.0,0.0,0.08999999999999986,0.12399999999999523
2025-07-05 10:00:00,0.0,0.0,0.1479999999999997,0.04550000000000409
2025-07-05 11:00:00,0.0,0.0,0.09799999999999898,0.10600000000000165
2025-07-05 12:00:00,0.0,0.0,0.07250000000000156,0.1720000000000006
2025-07-05 13:00:00,0.0,0.0,0.12399999999999878,0.07050000000000622
2025-07-05 14:00:00,0.0,0.0,0.08600000000000207,0.036999999999999034
2025-07-05 15:00:00,0.0,0.0,0.10899999999999821,0.07900000000000063
2025-07-05 16:00:00,0.0,0.0,0.03999999999999915,0.1110000000000042
2025-07-05 17:00:00,0.0,0.0,0.09550000000000125,0.134999999999998
2025-07-05 18:00:00,0.0,0.0,0.02699999999999747,0.2185000000000059
2025-07-05 19:00:00,0.0,0.0,0.09350000000000591,0.09650000000000603
2025-07-05 20:00:00,0.0,0.0,0.07900000000000418,0.05600000000000094
2025-07-05 21:00:00,0.0,0.0,0.10349999999999326,0.06750000000000966
2025-07-05 22:00:00,0.0,0.0,0.05099999999999483,0.03800000000000736
2025-07-05 23:00:00,0.0,0.0,0.07049999999999912,0.07850000000000179
2025-07-06 00:00:00,0.0,0.0,0.1255000000000024,0.04499999999999815
2025-07-06 01:00:00,0.0,0.0,0.14099999999999824,0.07549999999999812
2025-07-06 02:00:00,0.0,0.0,0.06050000000000111,0.0470000000000006
2025-07-06 03:00:00,0.0,0.0,0.1369999999999969,0.050000000000007816
2025-07-06 04:00:00,0.0,0.0,0.04450000000000642,0.05999999999999517
2025-07-06 05:00:00,0.0,0.0,0.028000000000002245,0.07200000000000273
2025-07-06 06:00:00,0.0,0.0,0.11449999999999605,0.05299999999999727
2025-07-06 07:00:00,0.0,0.0,0.0,0.34199999999999875
2025-07-06 08:00:00,0.0,0.0,0.14150000000000063,0.029500000000002302
2025-07-06 09:00:00,0.0,0.0,0.15900000000000603,0.06150000000000233
2025-07-06 10:00:00,0.0,0.0,0.08050000000000423,0.07850000000000179
2025-07-06 11:00:00,0.0,0.0,0.07499999999999929,0.05900000000000105
2025-07-06 12:00:00,0.0,0.0,0.052000000000003155,0.120000000000001
2025-07-06 13:00:00,0.0,0.0,0.09950000000000259,0.09799999999999898
2025-07-06 14:00:00,0.0,0.0,0.0694999999999979,0.10449999999999804
2025-07-06 15:00:00,0.0,0.0,0.10450000000000159,0.08050000000000068
2025-07-06 16:00:00,0.0,0.0,0.051499999999997215,0.2825000000000024
2025-07-06 17:00:00,0.0,0.0,0.11299999999999955,0.11999999999999744
2025-07-06 18:00:00,0.0,0.0,0.05900000000000105,0.15150000000000574
2025-07-06 19:00:00,0.0,0.0,0.11249999999999716,0.033500000000000085
2025-07-06 20:00:00,0.0,0.0,0.03900000000000148,0.09150000000000347
2025-07-06 21:00:00,0.0,0.0,0.11400000000000077,0.04049999999999798
2025-07-06 22:00:00,0.0,0.0,0.1060000000000052,0.0329999999999977
2025-07-06 23:00:00,0.0,0.0,0.04950000000000543,0.052000000000003155
2025-07-07 00:00:00,0.0,0.0,0.15449999999999875,0.08050000000000068
2025-07-07 01:00:00,0.0,0.0,0.0,0.1545000000000023
2025-07-07 02:00:00,0.0,0.0,0.10350000000000037,0.028499999999997527
2025-07-07 03:00:00,0.0,0.0,0.09250000000000469,0.05799999999999983
2025-07-07 04:00:00,0.0,0.0,0.1010000000000062,0.12050000000000693
2025-07-07 05:00:00,0.0,0.0,0.04100000000000037,0.16499999999999915
2025-07-07 06:00:00,0.0,0.0,0.08249999999999957,0.1455000000000055
2025-07-07 07:00:00,0.0,0.0,0.04800000000000537,0.1599999999999966
2025-07-07 08:00:00,0.0,0.0,0.08950000000000458,0.06450000000000244
2025-07-07 09:00:00,0.0,0.0,0.06499999999999773,0.08149999999999835
2025-07-07 10:00:00,0.0,0.0,0.1455000000000055,0.02850000000000108
2025-07-07 11:00:00,0.0,0.0,0.15900000000000247,0.0715000000000039
2025-07-07 12:00:00,0.0,0.0,0.1004999999999967,0.30600000000000094
2025-07-07 13:00:00,0.0,0.0,0.12199999999999989,0.14600000000000435
2025-07-07 14:00:00,0.0,0.0,0.15399999999999991,0.0470000000000006
2025-07-07 15:00:00,0.0,0.0,0.1775000000000091,0.036499999999996646
2025-07-07 16:00:00,0.0,0.0,0.1550000000000047,0.0765000000000029
2025-07-07 17:00:00,0.0,0.0,0.06950000000000145,0.26699999999999235
2025-07-07 18:00:00,0.0,0.0,0.08750000000000213,0.07450000000000401
2025-07-07 19:00:00,0.0,0.0,0.09350000000000236,0.054000000000002046
2025-07-07 20:00:00,0.0,0.0,0.05150000000000077,0.1439999999999948
2025-07-07 21:00:00,0.0,0.0,0.09450000000000358,0.053999999999998494
2025-07-07 22:00:00,0.0,0.0,0.2854999999999954,0.1580000000000048
2025-07-07 23:00:00,0.0039999999999995595,0.0,0.20849999999999938,0.11000000000000298
2025-07-08 00:00:00,0.0,0.0,0.0400000000000027,0.2995000000000019
2025-07-08 01:00:00,0.0,0.0,0.0905000000000058,0.11800000000001276
2025-07-08 02:00:00,0.0,0.0,0.1024999999999956,0.027000000000001023
2025-07-08 03:00:00,0.0,0.0,0.044000000000004036,0.0715000000000039
2025-07-08 04:00:00,0.0,0.0,0.11150000000000304,0.01600000000000179
2025-07-08 05:00:00,0.0,0.0,0.06400000000000006,0.0639999999999965
2025-07-08 06:00:00,0.0,0.0,0.10500000000000398,0.10849999999999937
2025-07-08 07:00:00,0.0,0.0,0.1075000000000017,0.10900000000000531
2025-07-08 08:00:00,0.0,0.0,0.05000000000000071,0.06950000000000145
2025-07-08 09:00:00,0.0,0.0,0.09249999999999403,0.06099999999999994
2025-07-08 10:00:00,0.0,0.0,0.04500000000000526,0.11750000000000327
2025-07-08 11:00:00,0.0,0.0,0.17450000000000188,0.051499999999997215
2025-07-08 12:00:00,0.0,0.0,0.07849999999999824,0.14699999999999847
2025-07-08 13:00:00,0.0,0.0,0.11550000000000082,0.06250000000000355
2025-07-08 14:00:00,0.0,0.0,0.015500000000002956,0.10649999999999693
2025-07-08 15:00:00,0.0,0.0,0.08600000000000207,0.059499999999999886
2025-07-08 16:00:00,0.0,0.0,0.04800000000000182,0.20449999999999946
2025-07-08 17:00:00,0.0,0.0,0.07949999999999946,0.12900000000000134
2025-07-08 18:00:00,0.0,0.0,0.12949999999999662,0.06799999999999784
2025-07-08 19:00:00,0.0,0.0,0.01249999999999929,0.27099999999999724
2025-07-08 20:00:00,0.0,0.0,0.08450000000000912,0.08100000000000307
2025-07-08 21:00:00,0.0,0.0,0.14400000000000546,0.020000000000003126
2025-07-08 22:00:00,0.0,0.0,0.06050000000000466,0.03100000000000236
2025-07-08 23:00:00,0.0,0.0,0.14699999999999847,0.01699999999999946
2025-07-09 00:00:00,0.0,0.0,0.03200000000000358,0.19200000000000372
2025-07-09 01:00:00,0.0,0.0,0.060000000000002274,0.037500000000008527
2025-07-09 02:00:00,0.0,0.0,0.1694999999999922,0.022500000000004405
2025-07-09 03:00:00,0.0,0.0,0.050000000000007816,0.059499999999996334
2025-07-09 04:00:00,0.0,0.0,0.08949999999999747,0.06300000000000239
2025-07-09 05:00:00,0.0,0.0,0.06400000000000361,0.0470000000000006
2025-07-09 06:00:00,0.0,0.0,0.04600000000000648,0.10150000000000148
2025-07-09 07:00:00,0.0,0.00137499999999946,0.048500000000000654,0.29450000000000215
2025-07-09 08:00:00,0.0,0.0,0.05249999999999844,0.047500000000002984
2025-07-09 09:00:00,0.0,0.0,0.03500000000000014,0.07200000000000273
2025-07-09 10:00:00,0.0,0.0,0.07300000000000395,0.020999999999997243
2025-07-09 11:00:00,0.0,0.0,0.11000000000001009,0.0470000000000006
2025-07-09 12:00:00,0.0,0.0,0.09850000000000136,0.047500000000002984
2025-07-09 13:00:00,0.0,0.0,0.0815000000000019,0.05900000000000105
2025-07-09 14:00:00,0.0,0.0,0.04299999999999926,0.18700000000000117
2025-07-09 15:00:00,0.0,0.0,0.09000000000000341,0.05600000000000094
2025-07-09 16:00:00,0.0,0.0,0.07699999999999818,0.3680000000000021
2025-07-09 17:00:00,0.0,0.0,0.13299999999999912,0.017500000000001847
2025-07-09 18:00:00,0.0,0.0,0.10650000000000759,0.03550000000000253
2025-07-09 19:00:00,0.0,0.0,0.032500000000002416,0.09000000000000696
2025-07-09 20:00:00,0.0,0.0,0.14849999999999852,0.05450000000000088
2025-07-09 21:00:00,0.0,0.0,0.10800000000000054,0.01950000000000429
2025-07-09 22:00:00,0.0,0.0,0.1459999999999937,0.028999999999999915
2025-07-09 23:00:00,0.0,0.0,0.13549999999999685,0.05750000000000455
2025-07-10 00:00:00,0.0,0.0,0.07350000000000279,0.09750000000000014
2025-07-10 01:00:00,0.0,0.0,0.07700000000000529,0.04350000000000165
2025-07-10 02:00:00,0.0,0.0,0.11050000000000182,0.04399999999999693
2025-07-10 03:00:00,0.0,0.0,0.0765000000000029,0.04550000000000054
2025-07-10 04:00:00,0.0,0.0,0.05999999999999872,0.058499999999998664
2025-07-10 05:00:00,0.0,0.0,0.04299999999999926,0.05700000000000216
2025-07-10 06:00:00,0.0,0.0,0.05749999999999744,0.26699999999999946
2025-07-10 07:00:00,0.0,0.0,0.0540000000000056,0.09099999999999753
2025-07-10 08:00:00,0.0,0.0,0.08850000000000335,0.04450000000000642
2025-07-10 09:00:00,0.0,0.0,0.015000000000000568,0.2254999999999967
2025-07-10 10:00:00,0.0,0.0,0.07950000000000301,0.06199999999999761
2025-07-10 11:00:00,0.0,0.0,0.15100000000000335,0.032500000000002416
2025-07-10 12:00:00,0.0,0.0,0.09250000000000114,0.06649999999999423
2025-07-10 13:00:00,0.0,0.0,0.09700000000000131,0.06700000000000372
2025-07-10 14:00:00,0.0,0.0,0.05549999999999855,0.15650000000000475
2025-07-10 15:00:00,0.0,0.0,0.14949999999999974,0.06050000000000111
2025-07-10 16:00:00,0.0,0.0,0.07100000000000506,0.05500000000000327
2025-07-10 17:00:00,0.0,0.0,0.11300000000000665,0.04949999999999832
2025-07-10 18:00:00,0.0,0.0,0.11749999999999972,0.056500000000003325
2025-07-10 19:00:00,0.0,0.0,0.07200000000000628,0.042500000000000426
2025-07-10 20:00:00,0.0,0.0,0.05200000000001026,0.07299999999999685
2025-07-10 21:00:00,0.0,0.0,0.07300000000000395,0.0710000000000015
2025-07-10 22:00:00,0.0,0.0,0.1004999999999967,0.10649999999999693
2025-07-10 23:00:00,0.0,0.0,0.03550000000000608,0.11450000000001026
2025-07-11 00:00:00,0.0,0.0,0.08249999999999602,0.06400000000000006
2025-07-11 01:00:00,0.0,0.0,0.20499999999999474,0.047999999999998266
2025-07-11 02:00:00,0.0,0.0,0.038000000000000256,0.1480000000000139
2025-07-11 03:00:00,0.0,0.0,0.04900000000000304,0.11200000000001253
2025-07-11 04:00:00,0.0,0.0,0.027000000000001023,0.3234999999999921
2025-07-11 05:00:00,0.0,0.0,0.09399999999999409,0.10050000000000026
2025-07-11 06:00:00,0.0,0.0,0.1115000000000066,0.057500000000000995
2025-07-11 07:00:00,0.0,0.0,0.09700000000000131,0.1469999999999949
2025-07-11 08:00:00,0.0,0.0,0.0660000000000025,0.1855000000000011
2025-07-11 09:00:00,0.0,0.0,0.16949999999999932,0.04449999999999932
2025-07-11 10:00:00,0.0,0.0,0.13100000000000023,0.08800000000000097
2025-07-11 11:00:00,0.0,0.0,0.12799999999999656,0.08949999999999747
2025-07-11 12:00:00,0.0,0.0,0.12049999999999983,0.030500000000003524
2025-07-11 13:00:00,0.0,0.0,0.07900000000000063,0.06900000000000261
2025-07-11 14:00:00,0.0,0.0,0.1164999999999985,0.05999999999999872
2025-07-11 15:00:00,0.0,0.0,0.07450000000000401,0.07700000000000529
2025-07-11 16:00:00,0.0,0.0,0.0765000000000029,0.21649999999999991
2025-07-11 17:00:00,0.0,0.0,0.08599999999999852,0.06150000000000233
2025-07-11 18:00:00,0.0,0.0,0.1890000000000036,0.027499999999999858
2025-07-11 19:00:00,0.0,0.0,0.0884999999999998,0.11499999999999488
2025-07-11 20:00:00,0.0,0.0,0.11900000000000333,0.042000000000005144
2025-07-11 21:00:00,0.0,0.0,0.09800000000000253,0.06500000000000128
2025-07-11 22:00:00,0.0,0.0,0.07450000000000401,0.1559999999999988
2025-07-11 23:00:00,0.0,0.0,0.2020000000000053,0.12250000000000227
2025-07-12 00:00:00,0.0,0.0,0.06300000000000594,0.22449999999999903
2025-07-12 01:00:00,0.0,0.0,0.05500000000000327,0.07849999999999824
2025-07-12 02:00:00,0.0,0.0,0.058499999999998664,0.1235000000000035
2025-07-12 03:00:00,0.0,0.0,0.1164999999999985,0.05099999999999838
2025-07-12 04:00:00,0.0,0.0,0.06150000000000588,0.12049999999999983
2025-07-12 05:00:00,0.0,0.0,0.08099999999999596,0.0505000000000031
2025-07-12 06:00:00,0.0,0.0,0.009500000000002728,0.15100000000000335
2025-07-12 07:00:00,0.0,0.0,0.06499999999999773,0.20549999999999358
2025-07-12 08:00:00,0.0,0.0,0.09999999999999787,0.07450000000000045
2025-07-12 09:00:00,0.0,0.0,0.1165000000000056,0.04350000000000165
2025-07-12 10:00:00,0.0,0.0,0.13949999999999463,0.05799999999999983
2025-07-12 11:00:00,0.0,0.0,0.15100000000000335,0.02850000000000108
2025-07-12 12:00:00,0.0,0.0,0.08550000000000679,0.08450000000000202
2025-07-12 13:00:00,0.0,0.0,0.08450000000000202,0.04150000000000276
2025-07-12 14:00:00,0.0,0.0,0.05875000000000519,0.06124999999999936
2025-07-12 20:00:00,0.0,0.0,0.0,0.5671428571428601
2025-07-12 21:00:00,0.0,0.0,0.12849999999999895,0.0589999999999975
2025-07-12 22:00:00,0.0,0.0,0.1454999999999984,0.1385000000000005
2025-07-12 23:00:00,0.0,0.0,0.1525000000000034,0.1265000000000036
2025-07-13 00:00:00,0.0,0.0,0.09799999999999898,0.17849999999999966
2025-07-13 01:00:00,0.0,0.0,0.14850000000000207,0.02400000000000091
2025-07-13 02:00:00,0.0,0.0,0.2550000000000061,0.018000000000000682
2025-07-13 03:00:00,0.0,0.0,0.19349999999999667,0.02149999999999963
2025-07-13 04:00:00,0.0,0.0,0.17500000000000426,0.026499999999998636
2025-07-13 05:00:00,0.0,0.0,0.05950000000000699,0.060499999999997556
2025-07-13 06:00:00,0.0,0.0,0.10300000000000153,0.12600000000000122
2025-07-13 07:00:00,0.0,0.0,0.049500000000001876,0.18450000000000344
2025-07-13 08:00:00,0.0,0.0,0.09450000000000003,0.1285000000000025
2025-07-13 09:00:00,0.0011250000000000426,0.0,0.11400000000000717,0.10000000000000497
2025-07-13 10:00:00,0.005999999999999339,0.0,0.1940000000000012,0.035000000000003695
2025-07-13 11:00:00,0.0,0.0,0.10199999999999676,0.13700000000000756
2025-07-13 12:00:00,0.00012499999999970868,0.0,0.2599999999999973,0.024499999999999744
2025-07-13 13:00:00,0.0,0.0,0.05950000000000344,0.06350000000000477
2025-07-13 14:00:00,0.0,0.0,0.18450000000000344,0.011000000000002785
2025-07-13 15:00:00,0.0,0.0,0.12450000000000117,0.14550000000000196
2025-07-13 16:00:00,0.0,0.0,0.2759999999999998,0.13650000000000162
2025-07-13 17:00:00,0.0,0.00012499999999970868,0.13600000000000279,0.1019999999999996
2025-07-13 18:00:00,0.0,0.0,0.10450000000000514,0.17300000000000182
2025-07-13 19:00:00,0.0,0.0,0.12100000000000222,0.04400000000000048
2025-07-13 20:00:00,0.0,0.0,0.12000000000000455,0.05700000000000571
2025-07-13 21:00:00,0.0,0.0,0.11899999999999267,0.03300000000000125
2025-07-13 22:00:00,0.0,0.0,0.1235000000000035,0.04700000000000415
2025-07-13 23:00:00,0.0,0.0,0.11849999999999739,0.10400000000000276
2025-07-14 00:00:00,0.0,0.0,0.05850000000000577,0.21600000000000108
2025-07-14 01:00:00,0.0,0.0,0.10249999999999915,0.06050000000000111
2025-07-14 02:00:00,0.0,0.0,0.08550000000000324,0.04000000000000625
2025-07-14 03:00:00,0.0,0.0,0.036999999999999034,0.1440000000000019
2025-07-14 04:00:00,0.0,0.0,0.08500000000000085,0.07050000000000267
2025-07-14 05:00:00,0.0,0.0,0.11149999999999594,0.1264999999999965
2025-07-14 06:00:00,0.0,0.0,0.12500000000000355,0.15950000000000486
2025-07-14 07:00:00,0.0,0.0,0.1164999999999985,0.059499999999999886
2025-07-14 08:00:00,0.0,0.0,0.07050000000000622,0.07599999999999696
2025-07-14 09:00:00,0.0,0.0,0.06450000000000244,0.06750000000000611
2025-07-14 10:00:00,0.0,0.0,0.12299999999999756,0.028000000000002245
2025-07-14 11:00:00,0.0,0.0,0.13250000000000028,0.04949999999999832
2025-07-14 12:00:00,0.0,0.0,0.10300000000000153,0.0555000000000021
2025-07-14 13:00:00,0.0,0.0,0.14699999999999847,0.06500000000000128
2025-07-14 14:00:00,0.0,0.0,0.08050000000000068,0.09950000000000259
2025-07-14 15:00:00,0.0,0.0,0.09499999999999886,0.03549999999999898
2025-07-14 16:00:00,0.0,0.0,0.05249999999999844,0.09049999999999869
2025-07-14 17:00:00,0.0,0.0,0.1250000000000071,0.05649999999999977
2025-07-14 18:00:00,0.0,0.0,0.11900000000000688,0.060000000000002274
2025-07-14 19:00:00,0.0,0.0,0.02315789473684423,0.09263157894736944
2025-07-14 20:00:00,0.0,0.0,0.011000000000002785,0.12800000000000722
2025-07-14 21:00:00,0.0,0.0,0.05249999999999844,0.1545000000000023
2025-07-14 22:00:00,0.0,0.0,0.056500000000003325,0.0470000000000006
2025-07-14 23:00:00,0.0,0.0,0.09700000000000131,0.059000000000004604
2025-07-15 00:00:00,0.0,0.0,0.1319999999999979,0.07300000000000395
2025-07-15 01:00:00,0.0,0.0,0.06899999999999551,0.054500000000004434
2025-07-15 02:00:00,0.0,0.0,0.09100000000000108,0.026000000000003354
2025-07-15 03:00:00,0.0,0.0,0.08150000000000546,0.03500000000000725
2025-07-15 04:00:00,0.0,0.0,0.05900000000000105,0.0779999999999994
2025-07-15 05:00:00,0.0,0.0,0.10099999999999554,0.07600000000000406
2025-07-15 06:00:00,0.0,0.0,0.04600000000000293,0.13599999999999568
2025-07-15 07:00:00,0.0,0.0,0.0639999999999965,0.06900000000000261
2025-07-15 08:00:00,0.0,0.0,0.006000000000000227,0.1819999999999986
2025-07-15 09:00:00,0.0,0.0,0.05650000000000688,0.07000000000000028
2025-07-15 10:00:00,0.0,0.0,0.13650000000001228,0.06149999999999878
2025-07-15 11:00:00,0.0,0.0,0.15900000000000603,0.03100000000000236
2025-07-15 12:00:00,0.0,0.0,0.03300000000000125,0.08150000000000546
2025-07-15 13:00:00,0.0,0.0,0.08049999999999713,0.06500000000000483
2025-07-15 14:00:00,0.0,0.0,0.06400000000000361,0.059000000000004604
2025-07-15 15:00:00,0.0,0.0,0.10749999999999815,0.027499999999999858
2025-07-15 16:00:00,0.0,0.0,0.1130000000000031,0.07200000000000273
2025-07-15 17:00:00,0.0,0.0,0.14800000000000324,0.05350000000000321
2025-07-15 18:00:00,0.0,0.0,0.0400000000000027,0.11700000000000088
2025-07-15 19:00:00,0.0,0.0,0.07150000000000034,0.09000000000000341
2025-07-15 20:00:00,0.0,0.0,0.046500000000005315,0.06699999999999662
2025-07-15 21:00:00,0.0,0.0,0.07249999999999801,0.06549999999999656
2025-07-15 22:00:00,0.0,0.0,0.023499999999998522,0.30150000000000077
2025-07-15 23:00:00,0.0,0.0,0.2325000000000088,0.06899999999999906
2025-07-16 00:00:00,0.0,0.0,0.14699999999999847,0.06099999999999639
2025-07-16 01:00:00,0.0,0.0,0.06350000000000477,0.03850000000000264
2025-07-16 02:00:00,0.0,0.0,0.06599999999999895,0.03949999999999676
2025-07-16 03:00:00,0.0,0.0,0.05350000000000321,0.05500000000000327
2025-07-16 04:00:00,0.0,0.0,0.10150000000000503,0.05000000000000426
2025-07-16 05:00:00,0.0,0.0,0.09950000000000259,0.07150000000000034
2025-07-16 06:00:00,0.0,0.0,0.0975000000000037,0.054000000000002046
2025-07-16 07:00:00,0.0,0.0,0.0765000000000029,0.08649999999999736
2025-07-16 08:00:00,0.0,0.0,0.03599999999999426,0.07750000000000057
2025-07-16 09:00:00,0.0,0.0,0.053999999999998494,0.0470000000000006
2025-07-16 10:00:00,0.0,0.0,0.09799999999999898,0.0435000000000052
2025-07-16 11:00:00,0.0,0.0,0.08900000000000219,0.03950000000000031
2025-07-16 12:00:00,0.0,0.0,0.22850000000000037,0.07900000000000063
2025-07-16 13:00:00,0.0,0.0,0.1180000000000021,0.17149999999999466
2025-07-16 14:00:00,0.0,0.0,0.07450000000000756,0.07400000000000162
2025-07-16 15:00:00,0.0,0.0,0.07949999999999946,0.056500000000003325
2025-07-16 16:00:00,0.0,0.0,0.031500000000001194,0.16900000000000048
2025-07-16 17:00:00,0.0,0.0,0.09250000000000114,0.13100000000000378
2025-07-16 18:00:00,0.0,0.0,0.07600000000000762,0.05250000000000199
2025-07-16 19:00:00,0.0,0.0,0.27999999999999403,0.01950000000000074
2025-07-16 20:00:00,0.0,0.0,0.10050000000000026,0.262999999999991
2025-07-16 21:00:00,0.0,0.00012499999999970868,0.04099999999999682,0.41849999999999665
2025-07-16 22:00:00,0.0,0.0,0.1805000000000021,0.037000000000002586
2025-07-16 23:00:00,0.0,0.0,0.08450000000000202,0.06500000000000483
2025-07-17 00:00:00,0.0,0.0,0.08599999999999852,0.17449999999999832
2025-07-17 01:00:00,0.0,0.0,0.11199999999999832,0.043499999999998096
2025-07-17 02:00:00,0.0,0.0,0.12900000000000134,0.034499999999997755
2025-07-17 03:00:00,0.0,0.0,0.0625,0.05000000000000426
2025-07-17 04:00:00,0.0,0.0,0.07500000000000284,0.038000000000000256
2025-07-17 05:00:00,0.0,0.0,0.15950000000000486,0.1335000000000015
2025-07-17 06:00:00,0.0,0.0019999999999997797,0.12199999999999989,0.1990000000000009
2025-07-17 07:00:00,0.0,0.0,0.0899999999999963,0.06649999999999778
2025-07-17 08:00:00,0.0,0.0,0.08650000000000446,0.05900000000000105
2025-07-17 09:00:00,0.0,0.0,0.06599999999999895,0.04800000000000182
2025-07-17 10:00:00,0.0,0.0,0.1039999999999921,0.04049999999999798
2025-07-17 11:00:00,0.0,0.0,0.044499999999995765,0.07750000000000057
2025-07-17 12:00:00,0.0,0.0,0.10749999999999815,0.04100000000000037
2025-07-17 13:00:00,0.0,0.0,0.11999999999999744,0.07200000000000628
2025-07-17 14:00:00,0.0,0.0,0.07150000000000034,0.05100000000000193
2025-07-17 15:00:00,0.0,0.0,0.06250000000000355,0.067499999999999
2025-07-17 16:00:00,0.0,0.0,0.08699999999999974,0.09299999999999642
2025-07-17 17:00:00,0.0,0.0,0.11999999999999744,0.11600000000000321
2025-07-17 18:00:00,0.0,0.0,0.1300000000000061,0.03700000000000614
2025-07-17 19:00:00,0.0,0.0,0.2624999999999993,0.009000000000000341
2025-07-17 20:00:00,0.0,0.0,0.04949999999999832,0.11749999999999616
2025-07-17 21:00:00,0.0,0.0,0.08149999999999835,0.0625
2025-07-17 22:00:00,0.0,0.0,0.22199999999999775,0.07550000000000523
2025-07-17 23:00:00,0.00024999999999941735,0.0,0.15249999999999558,0.11999999999999744
2025-07-18 00:00:00,0.0,0.0,0.045999999999999375,0.15499999999999758
2025-07-18 01:00:00,0.0,0.0,0.17749999999999844,0.0400000000000027
2025-07-18 02:00:00,0.0,0.0,0.03349999999999653,0.08950000000000458
2025-07-18 03:00:00,0.0,0.0,0.14050000000000296,0.020999999999997243
2025-07-18 04:00:00,0.0,0.0,0.055999999999997385,0.10699999999999932
2025-07-18 05:00:00,0.0,0.0,0.05550000000000921,0.0730000000000004
2025-07-18 06:00:00,0.0,0.0,0.04150000000000276,0.10050000000000381
2025-07-18 07:00:00,0.0,0.0,0.07199999999999918,0.03900000000000148
2025-07-18 08:00:00,0.0,0.0,0.03549999999999898,0.08550000000000324
2025-07-18 09:00:00,0.0,0.0,0.07199999999999918,0.053000000000000824
2025-07-18 10:00:00,0.0,0.0,0.08949999999999747,0.07749999999999702
2025-07-18 11:00:00,0.0,0.0,0.05600000000000449,0.06850000000000378
2025-07-18 12:00:00,0.0,0.0,0.1395000000000053,0.04150000000000276
2025-07-18 13:00:00,0.0,0.0,0.042500000000000426,0.08000000000000185
2025-07-18 14:00:00,0.0,0.0,0.062000000000001165,0.03750000000000142
2025-07-18 15:00:00,0.0,0.0,0.05449999999999733,0.07750000000000412
2025-07-18 16:00:00,0.0,0.0,0.053999999999998494,0.06500000000000483
2025-07-18 17:00:00,0.0,0.0,0.05500000000000327,0.24399999999999977
2025-07-18 18:00:00,0.0,0.0,0.08999999999999986,0.06700000000000017
2025-07-18 19:00:00,0.0,0.0,0.06349999999999767,0.09100000000000108
2025-07-18 20:00:00,0.0,0.0,0.12650000000000006,0.05000000000000071
2025-07-18 21:00:00,0.0,0.0,0.1960000000000015,0.07450000000000045
2025-07-18 22:00:00,0.0,0.0,0.14250000000000185,0.1424999999999983
2025-07-18 23:00:00,0.0,0.0,0.08750000000000213,0.0694999999999979
2025-07-19 00:00:00,0.0,0.0,0.0470000000000006,0.1755000000000102
2025-07-19 01:00:00,0.0,0.0,0.1095000000000006,0.06050000000000111
2025-07-19 02:00:00,0.0,0.0,0.05250000000000199,0.05799999999999983
2025-07-19 03:00:00,0.0,0.0,0.06900000000000261,0.0660000000000025
2025-07-19 04:00:00,0.0,0.0,0.024499999999999744,0.08900000000000219
2025-07-19 05:00:00,0.0,0.0,0.07950000000000301,0.0435000000000052
2025-07-19 06:00:00,0.0,0.0,0.038999999999997925,0.09049999999999869
2025-07-19 07:00:00,0.0,0.0,0.12249999999999872,0.04150000000000631
2025-07-19 08:00:00,0.0,0.0,0.08800000000000452,0.024000000000004462
2025-07-19 09:00:00,0.0,0.0,0.045000000000001705,0.07949999999999591
2025-07-19 10:00:00,0.0,0.0,0.11500000000000199,0.1215000000000046
2025-07-19 11:00:00,0.0,0.0,0.08950000000000102,0.06650000000000134
2025-07-19 12:00:00,0.0,0.0,0.09899999999999665,0.09500000000000242
2025-07-19 13:00:00,0.0,0.0,0.04400000000000048,0.10550000000000992
2025-07-19 14:00:00,0.0,0.0,0.07149999999999324,0.07700000000000529
2025-07-19 15:00:00,0.0,0.0,0.10299999999999443,0.2684999999999924
2025-07-19 16:00:00,0.0,0.0,0.04100000000000037,0.30250000000000554
2025-07-19 17:00:00,0.0,0.0,0.17150000000000176,0.09700000000000841
2025-07-19 18:00:00,0.0,0.0,0.06349999999999767,0.05850000000000222
2025-07-19 19:00:00,0.0,0.0,0.34250000000000114,0.010999999999999233
2025-07-19 20:00:00,0.0,0.0,0.0589999999999975,0.180499999999995
2025-07-19 21:00:00,0.0,0.0,0.04950000000000543,0.10050000000000381
2025-07-19 22:00:00,0.0,0.0,0.08550000000000324,0.07199999999999918
2025-07-19 23:00:00,0.0,0.0,0.10749999999999815,0.05649999999999977
2025-07-20 00:00:00,0.0,0.0,0.182500000000001,0.06650000000000134
2025-07-20 01:00:00,0.0,0.0,0.03850000000000264,0.16400000000000503
2025-07-20 02:00:00,0.0,0.0,0.07899999999999707,0.057500000000000995
2025-07-20 03:00:00,0.0,0.0,0.042500000000000426,0.06550000000000722
2025-07-20 04:00:00,0.0,0.0,0.04049999999999088,0.06499999999999773
2025-07-20 05:00:00,0.0,0.0,0.0519999999999996,0.10900000000000176
2025-07-20 06:00:00,0.0,0.0,0.06350000000000122,0.049500000000001876
2025-07-20 07:00:00,0.0,0.0,0.07450000000000401,0.05849999999999511
2025-07-20 08:00:00,0.0,0.0,0.07150000000000034,0.10449999999999804
2025-07-20 09:00:00,0.0,0.0,0.07549999999999812,0.1075000000000017
2025-07-20 10:00:00,0.0,0.0,0.11449999999999605,0.10550000000000281
2025-07-20 11:00:00,0.0,0.0,0.13049999999999784,0.045000000000001705
2025-07-20 12:00:00,0.0,0.0,0.0555000000000021,0.12600000000000122
2025-07-20 13:00:00,0.0,0.0,0.06450000000000244,0.08950000000000102
2025-07-20 14:00:00,0.0,0.0,0.04350000000000165,0.0870000000000104
2025-07-20 15:00:00,0.0,0.0,0.051499999999997215,0.24800000000000466
2025-07-20 16:00:00,0.0,0.0,0.1354999999999933,0.053999999999998494
2025-07-20 17:00:00,0.0,0.0,0.14150000000000773,0.060000000000002274
2025-07-20 18:00:00,0.0,0.0,0.10050000000000381,0.0694999999999979
2025-07-20 19:00:00,0.0,0.0,0.09600000000000009,0.04999999999999716
2025-07-20 20:00:00,0.0,0.0,0.01899999999999835,0.08950000000000458
2025-07-20 21:00:00,0.0,0.0,0.09799999999999898,0.04049999999999798
2025-07-20 22:00:00,0.0,0.0,0.08000000000000185,0.1075000000000017
2025-07-20 23:00:00,0.0,0.0,0.1634999999999991,0.1180000000000021
2025-07-21 00:00:00,0.0,0.0,0.15749999999999886,0.08650000000000446
2025-07-21 01:00:00,0.0,0.0,0.09199999999999875,0.0660000000000096
2025-07-21 02:00:00,0.0,0.0,0.10950000000000415,0.052000000000003155
2025-07-21 03:00:00,0.0,0.0,0.09250000000000469,0.025500000000000966
2025-07-21 04:00:00,0.0,0.0,0.03999999999999915,0.10350000000000747
2025-07-21 05:00:00,0.0,0.0,0.04150000000000276,0.1634999999999991
2025-07-21 06:00:00,0.0,0.0,0.08250000000000313,0.1714999999999982
2025-07-21 07:00:00,0.0,0.0,0.11000000000000654,0.09100000000000108
2025-07-21 08:00:00,0.0,0.0,0.137000000000004,0.06800000000000139
2025-07-21 09:00:00,0.0,0.0,0.04700000000000415,0.062000000000001165
2025-07-21 10:00:00,0.0,0.0,0.08899999999999864,0.03349999999999653
2025-07-21 11:00:00,0.0,0.0,0.11349999999999838,0.030000000000001137
2025-07-21 12:00:00,0.0,0.0,0.18599999999999994,0.060000000000002274
2025-07-21 13:00:00,0.0,0.0,0.06900000000000261,0.14399999999999835
2025-07-21 14:00:00,0.0,0.0,0.07550000000000168,0.08849999999999625
2025-07-21 15:00:00,0.0,0.0,0.07349999999999923,0.07499999999999929
2025-07-21 16:00:00,0.0,0.0,0.05850000000000222,0.06250000000000355
2025-07-21 17:00:00,0.0,0.0,0.10850000000000293,0.09150000000000347
2025-07-21 18:00:00,0.0,0.0,0.06950000000000145,0.10500000000000398
2025-07-21 19:00:00,0.0,0.0,0.02949999999999875,0.036000000000001364
2025-07-21 20:00:00,0.0,0.0,0.026499999999998636,0.15449999999999875
2025-07-21 21:00:00,0.0,0.0,0.1059999999999981,0.07049999999999912
2025-07-21 22:00:00,0.0,0.0,0.03550000000000253,0.2524999999999942
2025-07-21 23:00:00,0.0,0.0,0.13150000000000261,0.06750000000000256
2025-07-22 00:00:00,0.0,0.0,0.0940000000000012,0.06549999999999656
2025-07-22 01:00:00,0.0,0.0,0.08749999999999858,0.060000000000002274
2025-07-22 02:00:00,0.0,0.0,0.08900000000000574,0.040500000000001535
2025-07-22 03:00:00,0.0,0.0,0.07399999999999807,0.03849999999999909
2025-07-22 04:00:00,0.0,0.0,0.04949999999999832,0.05349999999999966
2025-07-22 05:00:00,0.0,0.0,0.08450000000000202,0.06350000000000122
2025-07-22 06:00:00,0.0,0.0,0.045999999999999375,0.12400000000000944
2025-07-22 07:00:00,0.0,0.0,0.18000000000000682,0.0
2025-07-22 08:00:00,0.0,0.0,0.09800000000000253,0.04449999999999932
2025-07-22 09:00:00,0.0,0.0,0.0694999999999979,0.054999999999999716
2025-07-22 10:00:00,0.0,0.0,0.1164999999999985,0.02900000000000702
2025-07-22 11:00:00,0.0,0.0,0.06150000000000233,0.08800000000000452
2025-07-22 12:00:00,0.0,0.0,0.08899999999999864,0.12100000000000577
2025-07-22 13:00:00,0.0,0.0,0.10650000000000048,0.09400000000000475
2025-07-22 14:00:00,0.0,0.0,0.10100000000000264,0.0519999999999996
2025-07-22 15:00:00,0.0,0.0,0.17950000000000088,0.14699999999999847
2025-07-22 16:00:00,0.0,0.0,0.04199999999999804,0.3160000000000096
2025-07-22 17:00:00,0.0,0.0,0.10299999999999443,0.13650000000000517
2025-07-22 18:00:00,0.0,0.0,0.11050000000000182,0.03149999999999764
2025-07-22 19:00:00,0.0,0.0,0.054500000000004434,0.05500000000000327
2025-07-22 20:00:00,0.0,0.0,0.06400000000000006,0.028500000000004633
2025-07-22 21:00:00,0.0,0.0,0.07700000000000884,0.024499999999999744
2025-07-22 22:00:00,0.0,0.0,0.04749999999999943,0.059000000000004604
2025-07-22 23:00:00,0.0,0.0,0.03800000000000381,0.13650000000000873
2025-07-23 00:00:00,0.005499999999999616,0.0,0.3444999999999979,0.1374999999999993
2025-07-23 01:00:00,0.0,0.0,0.059000000000004604,0.03950000000000742
2025-07-23 02:00:00,0.0,0.0,0.07199999999999918,0.05149999999999366
2025-07-23 03:00:00,0.0,0.0,0.09049999999999869,0.033500000000000085
2025-07-23 04:00:00,0.0,0.0,0.050499999999999545,0.06300000000000239
2025-07-23 05:00:00,0.0,0.0,0.09300000000000708,0.030500000000003524
2025-07-23 06:00:00,0.0,0.0,0.05800000000000338,0.08749999999999503
2025-07-23 07:00:00,0.0,0.0,0.10149999999999793,0.1750000000000007
2025-07-23 08:00:00,0.0,0.0,0.08650000000000091,0.042000000000005144
2025-07-23 09:00:00,0.0,0.0,0.07850000000000534,0.05100000000000193
2025-07-23 10:00:00,0.0,0.0,0.13150000000000617,0.03500000000000014
2025-07-23 11:00:00,0.0,0.0,0.06650000000000134,0.07600000000000051
2025-07-23 12:00:00,0.0,0.0,0.06050000000000111,0.09750000000000014
2025-07-23 13:00:00,0.0,0.0053749999999990195,0.17249999999999943,0.3184999999999981
2025-07-23 14:00:00,0.0,0.0,0.06449999999999534,0.05549999999999855
2025-07-23 15:00:00,0.0,0.0,0.13350000000000506,0.07000000000000739
2025-07-23 16:00:00,0.0,0.0,0.04649999999999821,0.23249999999999815
2025-07-23 17:00:00,0.0,0.0,0.17449999999999832,0.026499999999998636
2025-07-23 18:00:00,0.0,0.0,0.11050000000000182,0.04049999999999798
2025-07-23 19:00:00,0.0,0.0,0.11500000000000199,0.05550000000000921
2025-07-23 20:00:00,0.0,0.0,0.04449999999999932,0.1144999999999925
2025-07-23 21:00:00,0.0,0.0,0.0905000000000058,0.05450000000000088
2025-07-23 22:00:00,0.0,0.0,0.05150000000000432,0.09450000000000358
2025-07-23 23:00:00,0.0,0.0,0.06400000000000006,0.0555000000000021
2025-07-24 00:00:00,0.0,0.0,0.08399999999999963,0.08599999999999852
2025-07-24 01:00:00,0.0,0.0,0.033500000000000085,0.030999999999998806
2025-07-24 02:00:00,0.0,0.0,0.04949999999999832,0.04350000000000165
2025-07-24 03:00:00,0.0,0.0,0.04649999999999821,0.10599999999999454
2025-07-24 04:00:00,0.0,0.0,0.046500000000005315,0.018499999999999517
2025-07-24 05:00:00,0.0,0.0,0.06350000000000477,0.05800000000000338
2025-07-24 06:00:00,0.0,0.0,0.05900000000000105,0.11200000000000898
2025-07-24 07:00:00,0.0,0.0,0.06750000000000966,0.05100000000000193
2025-07-24 08:00:00,0.0,0.0,0.0715000000000039,0.07199999999999562
2025-07-24 09:00:00,0.0,0.0,0.08400000000000674,0.03550000000000253
2025-07-24 10:00:00,0.0,0.0,0.060499999999997556,0.09199999999999164
2025-07-24 11:00:00,0.0,0.0,0.08500000000000085,0.04649999999999821
2025-07-24 12:00:00,0.0,0.0,0.06550000000000367,0.056500000000003325
2025-07-24 13:00:00,0.0,0.0,0.07050000000000267,0.052499999999994884
2025-07-24 14:00:00,0.0,0.0,0.04700000000000415,0.05150000000000787
2025-07-24 15:00:00,0.0,0.0,0.12700000000000955,0.037000000000002586
2025-07-24 16:00:00,0.0,0.0,0.09350000000000591,0.04749999999999588
2025-07-24 17:00:00,0.0,0.0,0.0885000000000069,0.06550000000000011
2025-07-24 18:00:00,0.0,0.0,0.1960000000000015,0.12899999999999423
2025-07-24 19:00:00,0.0,0.0,0.031999999999996476,0.1495000000000033
2025-07-24 20:00:00,0.0,0.0,0.11850000000000094,0.08200000000000074
2025-07-24 21:00:00,0.023124999999998508,0.0,0.6650000000000077,0.0
2025-07-24 22:00:00,0.0,0.0,0.05549999999999855,0.16349999999999554
2025-07-24 23:00:00,0.0,0.0,0.027499999999996305,0.34499999999999886
2025-07-25 00:00:00,0.0,0.0,0.0850000000000044,0.10649999999999338
2025-07-25 01:00:00,0.0,0.0,0.02500000000000213,0.09049999999999869
2025-07-25 02:00:00,0.0,0.0,0.12050000000000338,0.04850000000001131
2025-07-25 03:00:00,0.0,0.0,0.09250000000000469,0.09249999999999758
2025-07-25 04:00:00,0.0,0.0,0.040500000000001535,0.07600000000000406
2025-07-25 05:00:00,0.0,0.0,0.06450000000000244,0.05700000000000216
2025-07-25 06:00:00,0.0,0.0,0.06650000000000134,0.22650000000000148
2025-07-25 07:00:00,0.0,0.0,0.15900000000000247,0.060499999999997556
2025-07-25 08:00:00,0.0,0.0,0.06750000000000611,0.06900000000000261
2025-07-25 09:00:00,0.0,0.0,0.060000000000002274,0.06700000000000372
2025-07-25 10:00:00,0.0,0.0,0.0660000000000025,0.08600000000000207
2025-07-25 11:00:00,0.0,0.0,0.07200000000000273,0.05150000000000077
2025-07-25 12:00:00,0.0007500000000000284,0.0,0.16200000000000542,0.046999999999997044
2025-07-25 13:00:00,0.0,0.0,0.07050000000000622,0.05700000000000571
2025-07-25 14:00:00,0.0,0.0,0.03200000000000003,0.08150000000000546
2025-07-25 15:00:00,0.0,0.0,0.08399999999999963,0.021500000000003183
2025-07-25 16:00:00,0.0,0.0,0.044000000000004036,0.061000000000003496
2025-07-25 17:00:00,0.0,0.0,0.10000000000000142,0.07700000000000173
2025-07-25 18:00:00,0.0,0.0,0.15850000000000364,0.03200000000000358
2025-07-25 19:00:00,0.0,0.0,0.04900000000000304,0.09850000000000136
2025-07-25 20:00:00,0.0,0.0,0.023999999999997357,0.13650000000000162
2025-07-25 21:00:00,0.0,0.0,0.047999999999998266,0.1095000000000006
2025-07-25 22:00:00,0.0,0.0,0.07900000000000418,0.05200000000001026
2025-07-25 23:00:00,0.0,0.0,0.05650000000000688,0.21099999999999852
2025-07-26 00:00:00,0.0,0.0,0.12550000000000594,0.0365000000000002
2025-07-26 01:00:00,0.0,0.0,0.1374999999999993,0.04099999999999682
2025-07-26 02:00:00,0.0,0.0,0.06950000000000145,0.06449999999999534
2025-07-26 03:00:00,0.0,0.0,0.051000000000005485,0.09100000000000108
2025-07-26 04:00:00,0.0,0.0,0.053499999999996106,0.06899999999999906
2025-07-26 05:00:00,0.0,0.0,0.15199999999999392,0.022000000000002018
2025-07-26 06:00:00,0.0,0.0,0.06050000000000466,0.10899999999999466
2025-07-26 07:00:00,0.0,0.0,0.036000000000001364,0.15500000000000114
2025-07-26 08:00:00,0.0,0.0,0.08999999999999986,0.06750000000000256
2025-07-26 09:00:00,0.0,0.0,0.037500000000004974,0.09650000000000247
2025-07-26 10:00:00,0.0,0.0,0.23950000000000315,0.020000000000003126
2025-07-26 11:00:00,0.0,0.0,0.030000000000001137,0.10100000000000975
2025-07-26 12:00:00,0.0,0.0,0.21399999999999508,0.024499999999999744
2025-07-26 13:00:00,0.0,0.0,0.06550000000000011,0.09450000000000003
2025-07-26 14:00:00,0.0,0.0,0.018499999999999517,0.1124999999999936
2025-07-26 15:00:00,0.0,0.0,0.08950000000000813,0.10649999999999693
2025-07-26 16:00:00,0.0,0.0,0.04850000000000776,0.0835000000000008
2025-07-26 17:00:00,0.0,0.0,0.04749999999999943,0.12550000000000594
2025-07-26 18:00:00,0.0,0.0,0.06149999999999878,0.11000000000000654
2025-07-26 19:00:00,0.0,0.0,0.05249999999999844,0.10450000000000159
2025-07-26 20:00:00,0.0,0.0,0.05050000000000665,0.08299999999999841
2025-07-26 21:00:00,0.0,0.0,0.06800000000000139,0.06550000000000367
2025-07-26 22:00:00,0.0,0.0,0.05600000000000094,0.07700000000000529
2025-07-26 23:00:00,0.0,0.0,0.10999999999999588,0.06449999999999534
2025-07-27 00:00:00,0.0,0.0,0.03850000000000264,0.06550000000000367
2025-07-27 01:00:00,0.0,0.0,0.0710000000000015,0.05600000000000804
2025-07-27 02:00:00,0.0,0.0,0.05700000000000216,0.05100000000000904
2025-07-27 03:00:00,0.0,0.0,0.06999999999999673,0.08550000000000324
2025-07-27 04:00:00,0.0,0.0,0.06899999999999906,0.06250000000000355
2025-07-27 05:00:00,0.0,0.0,0.07700000000000529,0.04499999999999815
2025-07-27 06:00:00,0.0,0.0,0.04049999999999798,0.06700000000000017
2025-07-27 07:00:00,0.0,0.0,0.07250000000000512,0.08750000000000213
2025-07-27 08:00:00,0.0,0.0,0.049500000000001876,0.032500000000002416
2025-07-27 09:00:00,0.0,0.0,0.06550000000000367,0.07099999999999795
2025-07-27 10:00:00,0.0,0.0,0.0730000000000075,0.03900000000000503
2025-07-27 11:00:00,0.0,0.0,0.04200000000000159,0.04899999999999949
2025-07-27 12:00:00,0.0,0.0,0.04250000000000398,0.10150000000000148
2025-07-27 13:00:00,0.0,0.0,0.08500000000000085,0.06400000000000006
2025-07-27 14:00:00,0.0,0.0,0.10250000000000625,0.10249999999999915
2025-07-27 15:00:00,0.0,0.0,0.08000000000000185,0.1305000000000014
2025-07-27 16:00:00,0.0,0.0,0.10449999999999804,0.0815000000000019
2025-07-27 17:00:00,0.0,0.0,0.07299999999999329,0.08200000000000429
2025-07-27 18:00:00,0.0,0.0,0.0779999999999994,0.09049999999999869
2025-07-27 19:00:00,0.0,0.0,0.12250000000000227,0.08300000000000196
2025-07-27 20:00:00,0.0,0.0,0.0815000000000019,0.06699999999999662
2025-07-27 21:00:00,0.0,0.0,0.0764999999999958,0.02050000000000196
2025-07-27 22:00:00,0.0,0.0,0.09450000000000003,0.05150000000000077
2025-07-27 23:00:00,0.0,0.0,0.09450000000000358,0.04800000000000182
2025-07-28 00:00:00,0.0,0.0,0.06150000000000233,0.1164999999999985
2025-07-28 01:00:00,0.0,0.0,0.18449999999999633,0.14149999999999707
2025-07-28 02:00:00,0.0,0.0,0.06599999999999895,0.11250000000000071
2025-07-28 03:00:00,0.0,0.0,0.09800000000000253,0.05150000000000077
2025-07-28 04:00:00,0.0,0.0,0.08650000000000091,0.014500000000001734
2025-07-28 05:00:00,0.0,0.0,0.032500000000002416,0.1390000000000029
2025-07-28 06:00:00,0.0,0.0,0.1615000000000002,0.04800000000000182
2025-07-28 07:00:00,0.0,0.0,0.19800000000000395,0.02949999999999875
2025-07-28 08:00:00,0.0,0.0,0.07050000000000978,0.06300000000000594
2025-07-28 09:00:00,0.0,0.0,0.06400000000000006,0.10349999999999682
2025-07-28 10:00:00,0.0,0.0,0.0010000000000012221,0.3160000000000025
2025-07-28 11:00:00,0.0,0.0,0.13249999999999673,0.05649999999999622
2025-07-28 12:00:00,0.0,0.0,0.056500000000003325,0.07300000000000395
2025-07-28 13:00:00,0.0,0.0,0.10099999999999909,0.04600000000000293
2025-07-28 14:00:00,0.0,0.0,0.09600000000000009,0.09049999999999869
2025-07-28 15:00:00,0.0,0.0,0.09950000000000614,0.11349999999999838
2025-07-28 16:00:00,0.0,0.0,0.04350000000000165,0.11200000000000543
2025-07-28 17:00:00,0.0,0.0,0.07000000000000028,0.16550000000000153
2025-07-28 18:00:00,0.0,0.0,0.0940000000000083,0.08250000000000313
2025-07-28 19:00:00,0.0,0.0,0.05800000000000338,0.13599999999999923
2025-07-28 20:00:00,0.0,0.0,0.08750000000000568,0.05850000000000222
2025-07-28 21:00:00,0.0,0.0,0.1180000000000021,0.03049999999999997
2025-07-28 22:00:00,0.0,0.0,0.05799999999999628,0.26800000000000423
2025-07-28 23:00:00,0.0,0.0,0.0400000000000027,0.20750000000000313
2025-07-29 00:00:00,0.0,0.0,0.23549999999999827,0.03599999999999781
2025-07-29 01:00:00,0.0,0.0,0.13200000000000145,0.04250000000000753
2025-07-29 02:00:00,0.0,0.0,0.09050000000000225,0.053000000000000824
2025-07-29 03:00:00,0.0,0.0,0.13250000000000384,0.06550000000000011
2025-07-29 04:00:00,0.0,0.0,0.046500000000005315,0.08400000000000318
2025-07-29 05:00:00,0.0,0.0,0.05699999999999861,0.09800000000000608
2025-07-29 06:00:00,0.0,0.0,0.08650000000000446,0.09450000000000003
2025-07-29 07:00:00,0.0,0.0,0.09249999999999758,0.04200000000000159
2025-07-29 08:00:00,0.0,0.0,0.07049999999999557,0.09050000000000225
2025-07-29 09:00:00,0.0,0.0,0.0990000000000002,0.08650000000000446
2025-07-29 10:00:00,0.0,0.0,0.1469999999999949,0.09399999999999764
2025-07-29 11:00:00,0.0,0.0,0.237999999999996,0.047999999999998266
2025-07-29 12:00:00,0.0,0.0,0.06249999999999645,0.15550000000000708
2025-07-29 13:00:00,0.0,0.0,0.06500000000000128,0.14000000000000412
2025-07-29 14:00:00,0.0,0.0,0.08200000000000429,0.12099999999999156
2025-07-29 15:00:00,0.0,0.0,0.1280000000000001,0.15450000000000585
2025-07-29 16:00:00,0.0,0.0,0.031500000000001194,0.2994999999999983
2025-07-29 17:00:00,0.0,0.0,0.09350000000000236,0.08200000000000429
2025-07-29 18:00:00,0.0,0.0,0.04649999999999821,0.28600000000000136
2025-07-29 19:00:00,0.0,0.0,0.1095000000000006,0.05700000000000216
2025-07-29 20:00:00,0.0,0.0,0.021000000000000796,0.308499999999988
2025-07-29 21:00:00,0.0,0.0,0.07750000000000412,0.0884999999999998
2025-07-29 22:00:00,0.0,0.0,0.09149999999999281,0.07549999999999812
2025-07-29 23:00:00,0.002374999999999794,0.003375000000000128,0.20700000000000002,0.36249999999999927
2025-07-30 00:00:00,0.0,0.0,0.0400000000000027,0.21150000000000446
2025-07-30 01:00:00,0.0,0.0,0.15200000000000458,0.10900000000001242
2025-07-30 02:00:00,0.0,0.0,0.11499999999999844,0.05099999999999838
2025-07-30 03:00:00,0.0,0.0,0.12349999999999639,0.03100000000000236
2025-07-30 04:00:00,0.0,0.0,0.1255000000000024,0.035000000000003695
2025-07-30 05:00:00,0.0,0.0,0.13049999999999784,0.16049999999999898
2025-07-30 06:00:00,0.0,0.0,0.2149999999999963,0.03149999999999764
2025-07-30 07:00:00,0.0,0.0,0.11699999999999733,0.06400000000000006
2025-07-30 08:00:00,0.0,0.0,0.053000000000000824,0.27899999999999636
2025-07-30 09:00:00,0.0,0.0,0.1130000000000031,0.05750000000000455
2025-07-30 10:00:00,0.0,0.0,0.11400000000000432,0.08099999999999952
2025-07-30 11:00:00,0.0,0.0,0.03399999999999892,0.23100000000000165
2025-07-30 12:00:00,0.0,0.0,0.13749999999999574,0.06500000000000128
2025-07-30 13:00:00,0.0,0.0,0.16400000000000503,0.05999999999999517
2025-07-30 14:00:00,0.0,0.0,0.11250000000000426,0.03500000000000014
2025-07-30 15:00:00,0.0,0.0,0.1269999999999989,0.04700000000000415
2025-07-30 16:00:00,0.0,0.0,0.10900000000000531,0.26950000000000074
2025-07-30 17:00:00,0.0,0.0,0.2560000000000002,0.05099999999999838
2025-07-30 18:00:00,0.0,0.0,0.06650000000000134,0.2134999999999998
2025-07-30 19:00:00,0.0,0.0,0.11899999999999622,0.05700000000000216
2025-07-30 20:00:00,0.0,0.0,0.042500000000000426,0.10450000000000514
2025-07-30 21:00:00,0.0,0.0,0.09800000000000608,0.0400000000000027
2025-07-30 22:00:00,0.0,0.0,0.13500000000000512,0.10450000000000159
2025-07-30 23:00:00,0.0,0.0,0.05450000000000088,0.16900000000000404
2025-07-31 00:00:00,0.0,0.0,0.14399999999999835,0.08249999999999957
2025-07-31 01:00:00,0.0,0.0,0.15749999999999886,0.047999999999994714
2025-07-31 02:00:00,0.0,0.0,0.07099999999999795,0.03400000000000247
2025-07-31 03:00:00,0.0,0.0,0.07750000000000412,0.04550000000000409
2025-07-31 04:00:00,0.0,0.0,0.09500000000000597,0.031500000000001194
2025-07-31 05:00:00,0.0,0.0,0.06350000000000477,0.09049999999999514
2025-07-31 06:00:00,0.0,0.0,0.054500000000004434,0.12300000000000111
2025-07-31 07:00:00,0.0,0.0,0.13100000000000378,0.08399999999999963
2025-07-31 08:00:00,0.0,0.0,0.11400000000000077,0.05950000000000344
2025-07-31 09:00:00,0.0021249999999994884,0.0,0.3560000000000045,0.03800000000000381
2025-07-31 10:00:00,0.0,0.0,0.04349999999999454,0.2674999999999983
2025-07-31 11:00:00,0.0,0.0,0.08200000000000074,0.18899999999999295
2025-07-31 12:00:00,0.0,0.0,0.10500000000000753,0.07150000000000745
2025-07-31 13:00:00,0.0,0.0,0.2280000000000051,0.021000000000000796
2025-07-31 14:00:00,0.0,0.0,0.05800000000000338,0.0955000000000048
2025-07-31 15:00:00,0.0,0.0,0.013000000000001677,0.19750000000000156
2025-07-31 16:00:00,0.0,0.0,0.09949999999999903,0.13599999999999568
2025-07-31 17:00:00,0.0,0.0,0.09399999999999764,0.11350000000000193
2025-07-31 18:00:00,0.0,0.0,0.08799999999999741,0.1369999999999969
2025-07-31 19:00:00,0.0,0.0,0.07649999999999935,0.19299999999999784
2025-07-31 20:00:00,0.0,0.0,0.028000000000002245,0.056500000000003325
2025-07-31 21:00:00,0.0,0.0,0.11949999999999505,0.11499999999999488
2025-07-31 22:00:00,0.0053749999999990195,0.0,0.4570000000000022,0.0835000000000008
2025-07-31 23:00:00,0.0,0.0,0.06099999999999994,0.10950000000000415
2025-08-01 00:00:00,0.0,0.0,0.07549999999999812,0.06800000000000495
2025-08-01 01:00:00,0.0,0.0,0.0625,0.10650000000000404
2025-08-01 02:00:00,0.0,0.0,0.09549999999999059,0.04600000000000293
2025-08-01 03:00:00,0.0,0.0,0.09149999999999636,0.08200000000000074
2025-08-01 04:00:00,0.0,0.0,0.04999999999999716,0.03550000000000253
2025-08-01 05:00:00,0.0,0.0,0.0990000000000073,0.06249999999999645
2025-08-01 06:00:00,0.0,0.0,0.031500000000001194,0.11150000000000304
2025-08-01 07:00:00,0.0,0.0,0.14450000000000074,0.13150000000000261
2025-08-01 08:00:00,0.0,0.0,0.10299999999999798,0.03600000000000492
2025-08-01 09:00:00,0.0,0.0,0.07250000000000512,0.277000000000001
2025-08-01 10:00:00,0.0,0.0,0.09650000000000603,0.09049999999999514
2025-08-01 11:00:00,0.0,0.0,0.1494999999999962,0.09050000000000225
2025-08-01 12:00:00,0.0,0.0,0.07249999999999801,0.0519999999999996
2025-08-01 13:00:00,0.0,0.0,0.07550000000000168,0.14850000000000207
2025-08-01 14:00:00,0.0,0.0,0.025500000000000966,0.22000000000000597
2025-08-01 15:00:00,0.0,0.0,0.25700000000000145,0.030500000000003524
2025-08-01 16:00:00,0.0,0.0,0.04150000000000631,0.1305000000000014
2025-08-01 17:00:00,0.0,0.0,0.04650000000000176,0.30449999999999733
2025-08-01 18:00:00,0.0,0.0,0.10650000000000404,0.09700000000000486
2025-08-01 19:00:00,0.0,0.0,0.07350000000000279,0.08750000000000568
2025-08-01 20:00:00,0.0,0.0,0.0030000000000001137,0.20950000000000202
2025-08-01 21:00:00,0.0,0.0,0.12400000000000233,0.11399999999999721
2025-08-01 22:00:00,0.0,0.0,0.13700000000000045,0.0954999999999977
2025-08-01 23:00:00,0.0,0.0,0.2219999999999942,0.015999999999998238
2025-08-02 00:00:00,0.0,0.0,0.03650000000000375,0.27099999999999724
2025-08-02 01:00:00,0.00012499999999970868,0.0,0.5004999999999982,0.08300000000000196
2025-08-02 02:00:00,0.0,0.0,0.03300000000000125,0.13300000000000267
2025-08-02 03:00:00,0.0,0.0,0.12100000000000222,0.03750000000000142
2025-08-02 04:00:00,0.0,0.0,0.10050000000000381,0.05250000000000199
2025-08-02 05:00:00,0.0,0.0,0.09850000000000136,0.08149999999999835
2025-08-02 06:00:00,0.0,0.0,0.03249999999999531,0.13800000000000168
2025-08-02 07:00:00,0.0,0.0,0.11000000000000298,0.06750000000000256
2025-08-02 08:00:00,0.0,0.0,0.15249999999999986,0.07550000000000523
2025-08-02 09:00:00,0.0,0.0,0.05200000000000671,0.11500000000000554
2025-08-02 10:00:00,0.0022500000000000853,0.0,0.11850000000000023,0.07349999999999923
2025-08-02 11:00:00,0.01049999999999951,0.0,0.27899999999999425,0.07549999999999457
2025-08-02 12:00:00,0.0,0.0,0.09600000000000364,0.1269999999999989
2025-08-02 13:00:00,0.0,0.0,0.06999999999999673,0.042500000000000426
2025-08-02 14:00:00,0.0,0.0,0.12999999999999545,0.02650000000000574
2025-08-02 15:00:00,0.0,0.0,0.07199999999999918,0.11599999999999966
2025-08-02 16:00:00,0.0,0.0,0.06450000000000244,0.2659999999999947
2025-08-02 17:00:00,0.0,0.0,0.15100000000000335,0.12349999999999994
2025-08-02 18:00:00,0.0,0.0,0.03049999999999997,0.25
2025-08-02 19:00:00,0.0,0.0,0.25400000000000134,0.0259999999999998
2025-08-02 20:00:00,0.0,0.0,0.04600000000000293,0.07500000000000284
2025-08-02 21:00:00,0.0,0.0,0.07349999999999923,0.05750000000000455
2025-08-02 22:00:00,0.0,0.0,0.07350000000000279,0.07699999999999463
2025-08-02 23:00:00,0.0,0.0,0.2510000000000012,0.03850000000000264
2025-08-03 00:00:00,0.0,0.0,0.08600000000000207,0.09650000000000603
2025-08-03 01:00:00,0.0,0.0,0.05600000000000094,0.11249999999999716
2025-08-03 02:00:00,0.0,0.0,0.06550000000000011,0.06950000000000855
2025-08-03 03:00:00,0.0,0.0,0.05699999999999861,0.07500000000000284
2025-08-03 04:00:00,0.0,0.0,0.058499999999998664,0.08300000000000551
2025-08-03 05:00:00,0.0,0.0,0.13100000000001089,0.07550000000000168
2025-08-03 06:00:00,0.0,0.0,0.11199999999999832,0.07050000000000622
2025-08-03 07:00:00,0.0,0.0,0.1215000000000046,0.07300000000000395
2025-08-03 08:00:00,0.0,0.0,0.05749999999999744,0.19549999999999912
2025-08-03 09:00:00,0.0,0.0,0.10200000000000031,0.1609999999999978
2025-08-03 10:00:00,0.0,0.0,0.21450000000000102,0.007500000000000284
2025-08-03 11:00:00,0.0,0.0,0.1559999999999988,0.04400000000000048
2025-08-03 12:00:00,0.0,0.0,0.14450000000000074,0.040500000000001535
2025-08-03 13:00:00,0.0,0.0,0.07550000000000168,0.11200000000000188
2025-08-03 14:00:00,0.0,0.0,0.056500000000003325,0.1599999999999966
2025-08-03 15:00:00,0.0,0.0,0.17450000000000188,0.19549999999999912
2025-08-03 16:00:00,0.0,0.0,0.07800000000000296,0.15350000000000108
2025-08-03 17:00:00,0.0,0.0,0.06150000000000233,0.12950000000000372
2025-08-03 18:00:00,0.0,0.0,0.15200000000000458,0.14549999999999486
2025-08-03 19:00:00,0.0,0.0,0.05950000000000699,0.06300000000000239
2025-08-03 20:00:00,0.0,0.0,0.09999999999999787,0.06200000000000472
2025-08-03 21:00:00,0.0,0.0,0.0884999999999998,0.0934999999999988
2025-08-03 22:00:00,0.0,0.0008749999999997371,0.02149999999999963,0.49149999999999777
2025-08-03 23:00:00,0.0,0.00012499999999970868,0.037500000000004974,0.2584999999999937
2025-08-04 00:00:00,0.0036249999999995453,0.0,0.26100000000000206,0.11050000000000182
2025-08-04 01:00:00,0.0,0.0,0.13400000000000745,0.014500000000001734
2025-08-04 02:00:00,0.0,0.0,0.14250000000000895,0.029500000000002302
2025-08-04 03:00:00,0.0,0.0,0.09750000000000014,0.016500000000000625
2025-08-04 04:00:00,0.0,0.0,0.09300000000000708,0.058000000000006935
2025-08-04 05:00:00,0.0,0.0,0.10199999999999676,0.043000000000002814
2025-08-04 06:00:00,0.0,0.0,0.1159999999999961,0.12750000000000483
2025-08-04 07:00:00,0.0,0.0,0.3205000000000062,0.01699999999999946
2025-08-04 08:00:00,0.0,0.0,0.09200000000000585,0.11599999999999966
2025-08-04 09:00:00,0.0,0.0,0.09299999999999997,0.06500000000000128
2025-08-04 10:00:00,0.0,0.0,0.09149999999999991,0.16600000000000392
2025-08-04 11:00:00,0.0,0.0,0.08899999999999864,0.08650000000000446
2025-08-04 12:00:00,0.0,0.0,0.10050000000000026,0.16799999999999926
2025-08-04 13:00:00,0.0,0.0,0.2590000000000039,0.03549999999999898
2025-08-04 14:00:00,0.0,0.0,0.23000000000000398,0.12750000000000128
2025-08-04 16:00:00,0.0,0.0,0.06937500000000263,0.08375000000000465
2025-08-04 17:00:00,0.0,0.0,0.16949999999999932,0.02100000000000435
2025-08-04 18:00:00,0.0,0.0,0.0710000000000015,0.03999999999999915
2025-08-04 19:00:00,0.0,0.0,0.05500000000000327,0.15400000000000347
2025-08-04 20:00:00,0.0,0.0,0.04399999999999693,0.3754999999999953
2025-08-04 21:00:00,0.0,0.0,0.11149999999999949,0.20199999999999818
2025-08-04 22:00:00,0.0,0.0,0.05799999999999628,0.3660000000000103
2025-08-04 23:00:00,0.005124999999999602,0.02099999999999813,0.2579999999999984,0.447000000000002
2025-08-05 00:00:00,0.0,0.003750000000000142,0.12100000000000222,0.18949999999999817
2025-08-05 01:00:00,0.0011250000000000426,0.0,0.3415000000000063,0.013999999999999346
2025-08-05 02:00:00,0.0,0.0,0.0919999999999952,0.053000000000000824
2025-08-05 03:00:00,0.0,0.0,0.2430000000000021,0.0589999999999975
2025-08-05 04:00:00,0.0,0.0,0.1720000000000006,0.04600000000000293
2025-08-05 05:00:00,0.0,0.0,0.45000000000000284,0.009000000000000341
2025-08-05 06:00:00,0.0,0.0,0.25499999999999545,0.024499999999999744
2025-08-05 07:00:00,0.0,0.0,0.09450000000000358,0.15399999999999991
2025-08-05 08:00:00,0.0,0.0,0.04800000000000182,0.23700000000000188
2025-08-05 09:00:00,0.0,0.0,0.09950000000000259,0.2430000000000021
2025-08-05 10:00:00,0.0,0.0,0.08399999999999963,0.180499999999995
2025-08-05 11:00:00,0.0,0.0,0.10450000000000159,0.13150000000000261
2025-08-05 12:00:00,0.0,0.0,0.2525000000000013,0.06850000000000023
2025-08-05 13:00:00,0.0,0.0,0.14849999999999852,0.05250000000000554
2025-08-05 14:00:00,0.0,0.0,0.06750000000000256,0.07950000000000301
2025-08-05 15:00:00,0.0,0.0,0.10849999999999937,0.20700000000000074
2025-08-05 16:00:00,0.0,0.006624999999999659,0.07049999999999912,0.34049999999999303
2025-08-05 17:00:00,0.0,0.0,0.19750000000000156,0.06850000000000378
2025-08-05 18:00:00,0.0,0.0,0.3379999999999974,0.07750000000000057
2025-08-05 19:00:00,0.0,0.00024999999999941735,0.07900000000000418,0.10999999999999872
2025-08-05 20:00:00,0.0,0.0,0.047999999999998266,0.1265000000000036
2025-08-05 21:00:00,0.0,0.0,0.09350000000000236,0.0870000000000033
2025-08-05 22:00:00,0.0,0.0,0.045000000000001705,0.22650000000000503
2025-08-05 23:00:00,0.0,0.0,0.059499999999999886,0.23900000000000432
2025-08-06 00:00:00,0.0,0.0,0.09550000000000125,0.07399999999999807
2025-08-06 01:00:00,0.0021249999999994884,0.0,0.3565000000000104,0.07349999999999923
2025-08-06 02:00:00,0.0,0.0,0.14300000000000423,0.06649999999999423
2025-08-06 03:00:00,0.0,0.0,0.08399999999999963,0.08750000000000568
2025-08-06 04:00:00,0.0,0.0,0.1390000000000029,0.03550000000000253
2025-08-06 05:00:00,0.0,0.0,0.18150000000000333,0.08000000000000185
2025-08-06 06:00:00,0.0,0.0,0.09250000000000114,0.06450000000000244
2025-08-06 07:00:00,0.0,0.0,0.07349999999999923,0.11499999999999844
2025-08-06 08:00:00,0.0,0.0,0.03900000000000503,0.14500000000000313
2025-08-06 09:00:00,0.0,0.0,0.12499999999999645,0.0940000000000012
2025-08-06 10:00:00,0.0,0.0,0.1405000000000065,0.07199999999999918
2025-08-06 11:00:00,0.0,0.0,0.04700000000000415,0.1559999999999988
2025-08-06 12:00:00,0.0,0.0,0.3464999999999989,0.08349999999999724
2025-08-06 13:00:00,0.0,0.0,0.2920000000000016,0.08050000000000423
2025-08-06 14:00:00,0.0,0.0,0.10949999999999704,0.10350000000000392
2025-08-06 15:00:00,0.0,0.0,0.16750000000000398,0.1504999999999974
2025-08-06 16:00:00,0.0,0.0024999999999995026,0.08449999999999847,0.4295000000000037
2025-08-06 17:00:00,0.026999999999999247,0.0068749999999999645,0.46549999999999725,0.32850000000000323
2025-08-06 18:00:00,0.0,0.0,0.3230000000000004,0.05700000000000216
2025-08-06 19:00:00,0.0,0.0,0.05600000000000094,0.14550000000000196
2025-08-06 20:00:00,0.0,0.0,0.0470000000000006,0.12650000000000006
2025-08-06 21:00:00,0.0,0.0,0.05350000000000321,0.11500000000000199
2025-08-06 22:00:00,0.0,0.0,0.17399999999999238,0.1620000000000026
2025-08-06 23:00:00,0.0,0.0,0.04549999999999699,0.13599999999999568
2025-08-07 00:00:00,0.0,0.0,0.08399999999999963,0.05249999999999844
2025-08-07 01:00:00,0.0,0.0,0.08800000000000097,0.07950000000000301
2025-08-07 02:00:00,0.0,0.0,0.06099999999999994,0.09550000000000125
2025-08-07 03:00:00,0.0,0.0,0.07750000000000412,0.09649999999999892
2025-08-07 04:00:00,0.0,0.0,0.2210000000000072,0.018000000000000682
2025-08-07 05:00:00,0.0,0.0,0.19000000000000483,0.08350000000000435
2025-08-07 06:00:00,0.0,0.0034999999999998366,0.33150000000000546,0.13350000000000434
2025-08-07 07:00:00,0.0,0.0011250000000000426,0.12700000000000955,0.1619999999999983
2025-08-07 08:00:00,0.0,0.0,0.07000000000000028,0.13800000000000168
2025-08-07 09:00:00,0.0,0.0,0.05700000000000216,0.20549999999999713
2025-08-07 10:00:00,0.0,0.0,0.21950000000000003,0.10949999999999704
2025-08-07 11:00:00,0.013999999999999346,0.0,0.1955000000000041,0.1335000000000015
2025-08-07 12:00:00,0.002749999999999808,0.0,0.14600000000000363,0.16050000000000608
2025-08-07 13:00:00,0.0,0.0,0.053499999999996106,0.09700000000000841
2025-08-07 14:00:00,0.016624999999999446,0.0,0.34300000000000425,0.2410000000000032
2025-08-07 15:00:00,0.0,0.0,0.26049999999999685,0.10099999999999554
2025-08-07 16:00:00,0.0,0.0008749999999997371,0.14849999999999852,0.21750000000000042
2025-08-07 17:00:00,0.014249999999999652,0.0,0.3425000000000054,0.2789999999999999
2025-08-07 18:00:00,0.0,0.0009999999999994458,0.07299999999999685,0.4255000000000095
2025-08-07 19:00:00,0.0,0.0,0.2575000000000074,0.09399999999999764
2025-08-07 20:00:00,0.0,0.0,0.0,0.45200000000000173
2025-08-07 21:00:00,0.0,0.0,0.07750000000000057,0.03800000000000381
2025-08-07 22:00:00,0.0,0.0,0.14150000000000063,0.27749999999999986
2025-08-07 23:00:00,0.0,0.0,0.06900000000000261,0.2504999999999953
2025-08-08 00:00:00,0.0,0.0,0.07700000000000173,0.08050000000000068
2025-08-08 01:00:00,0.0,0.0,0.10600000000000875,0.050499999999999545
2025-08-08 02:00:00,0.0,0.0,0.06850000000000023,0.042000000000005144
2025-08-08 03:00:00,0.0,0.0,0.10500000000000043,0.04650000000000176
2025-08-08 04:00:00,0.0,0.0,0.03450000000000131,0.2700000000000031
2025-08-08 05:00:00,0.0,0.0,0.006000000000000227,0.4464999999999968
2025-08-08 06:00:00,0.0,0.0011250000000000426,0.18850000000000122,0.28349999999999936
2025-08-08 07:00:00,0.0,0.0,0.16649999999999565,0.05900000000000105
2025-08-08 08:00:00,0.0,0.0,0.08300000000000196,0.11299999999999955
2025-08-08 09:00:00,0.0,0.0012499999999997513,0.0,0.5580000000000027
2025-08-08 10:00:00,0.0,0.0,0.06850000000000378,0.0519999999999996
2025-08-08 11:00:00,0.0030000000000001137,0.0,0.36800000000000066,0.03149999999999764
2025-08-08 12:00:00,0.0,0.0,0.09000000000000341,0.11050000000000182
2025-08-08 13:00:00,0.0,0.0,0.20800000000000196,0.05849999999999511
2025-08-08 14:00:00,0.0,0.0,0.11900000000000688,0.12599999999999767
2025-08-08 15:00:00,0.0,0.0,0.11200000000000188,0.036000000000001364
2025-08-08 16:00:00,0.0,0.0,0.1235000000000035,0.14300000000000423
2025-08-08 17:00:00,0.0,0.0,0.0,0.4439999999999884
2025-08-08 18:00:00,0.0,0.0,0.2765000000000093,0.019999999999999574
2025-08-08 19:00:00,0.0,0.0,0.08650000000000091,0.14200000000000657
2025-08-08 20:00:00,0.0,0.0012499999999997513,0.0010000000000012221,0.5340000000000081
2025-08-08 21:00:00,0.0,0.0,0.240000000000002,0.03999999999999915
2025-08-08 22:00:00,0.0,0.0,0.13100000000000378,0.03800000000000381
2025-08-08 23:00:00,0.0,0.0,0.16449999999999676,0.0400000000000027
2025-08-09 00:00:00,0.004999999999999005,0.0,0.28700000000000114,0.0030000000000001137
2025-08-09 01:00:00,0.0,0.0,0.15600000000000946,0.005500000000001393
2025-08-09 02:00:00,0.0,0.0,0.16300000000000026,0.015499999999999403
2025-08-09 03:00:00,0.0,0.0,0.12050000000000338,0.016500000000004178
2025-08-09 04:00:00,0.0,0.0,0.0955000000000048,0.08149999999999835
2025-08-09 05:00:00,0.0,0.0,0.06499999999999773,0.3069999999999986
2025-08-09 06:00:00,0.0,0.0,0.010000000000001563,0.22600000000000264
2025-08-09 07:00:00,0.008750000000000036,0.0,0.3834999999999965,0.0815000000000019
2025-08-09 08:00:00,0.003249999999999531,0.0,0.21700000000000869,0.033500000000000085
2025-08-09 09:00:00,0.0,0.0,0.09299999999999997,0.0470000000000006
2025-08-09 10:00:00,0.0,0.0,0.13700000000000045,0.10450000000000159
2025-08-09 11:00:00,0.0,0.0,0.2270000000000003,0.038000000000000256
2025-08-09 12:00:00,0.0,0.0,0.21449999999999392,0.09450000000000358
2025-08-09 13:00:00,0.0,0.0,0.07150000000000034,0.06950000000000145
2025-08-09 14:00:00,0.0,0.0,0.10550000000000281,0.12100000000000222
2025-08-09 15:00:00,0.0,0.0,0.16400000000000503,0.006000000000000227
2025-08-09 16:00:00,0.0,0.0,0.0815000000000019,0.15950000000000486
2025-08-09 17:00:00,0.0,0.0003750000000000142,0.01899999999999835,0.35050000000000664
2025-08-09 18:00:00,0.0,0.0,0.12200000000000344,0.0730000000000004
2025-08-09 19:00:00,0.0,0.0,0.10199999999999676,0.13500000000000867
2025-08-09 20:00:00,0.0,0.0,0.04549999999999699,0.30750000000000455
2025-08-09 21:00:00,0.0,0.0,0.1769999999999996,0.012999999999998124
2025-08-09 22:00:00,0.0,0.0,0.1164999999999985,0.15350000000000463
2025-08-09 23:00:00,0.0,0.0,0.1455000000000055,0.1095000000000006
2025-08-10 00:00:00,0.0,0.0,0.058499999999998664,0.14899999999999736
2025-08-10 01:00:00,0.0,0.0,0.11450000000001026,0.024500000000003297
2025-08-10 02:00:00,0.0,0.0,0.11400000000000432,0.07749999999999702
2025-08-10 03:00:00,0.0,0.0,0.11399999999999721,0.018000000000000682
2025-08-10 04:00:00,0.0,0.0,0.07400000000000162,0.0954999999999977
2025-08-10 05:00:00,0.0,0.0,0.0,0.3064999999999998
2025-08-10 06:00:00,0.0,0.0,0.09000000000000341,0.18049999999999855
2025-08-10 07:00:00,0.0,0.0,0.25400000000000134,0.007500000000000284
2025-08-10 08:00:00,0.0,0.0,0.0,0.4435000000000002
2025-08-10 09:00:00,0.0,0.0,0.21799999999999997,0.06100000000000705
2025-08-10 10:00:00,0.013500000000000512,0.0,0.2610000000000007,0.06849999999999667
2025-08-10 11:00:00,0.0,0.0,0.1944999999999979,0.028000000000005798
2025-08-10 12:00:00,0.0,0.0,0.16750000000000753,0.04800000000000182
2025-08-10 13:00:00,0.0,0.0,0.17249999999999588,0.045999999999999375
2025-08-10 14:00:00,0.0,0.0,0.20749999999999957,0.027000000000001023
2025-08-10 15:00:00,0.0,0.0,0.09049999999999869,0.10900000000000176
2025-08-10 16:00:00,0.0,0.0,0.09150000000000347,0.20399999999999707
2025-08-10 17:00:00,0.0,0.0022500000000000853,0.1509999999999998,0.32549999999999313
2025-08-10 18:00:00,0.0,0.002749999999999808,0.2065000000000019,0.12499999999999929
2025-08-10 19:00:00,0.005999999999998451,0.0,0.3964999999999968,0.08100000000000307
2025-08-10 20:00:00,0.0,0.0,0.04650000000000176,0.120000000000001
2025-08-10 21:00:00,0.0,0.0,0.19300000000000495,0.042500000000000426
2025-08-10 22:00:00,0.0,0.0,0.03950000000000031,0.2959999999999958
2025-08-10 23:00:00,0.0,0.0,0.04900000000000304,0.17100000000000293
2025-08-11 00:00:00,0.00012499999999970868,0.0,0.23350000000000576,0.05649999999999977
2025-08-11 01:00:00,0.0,0.0,0.10450000000000159,0.06099999999999639
2025-08-11 02:00:00,0.0,0.0,0.16600000000001103,0.03950000000000742
2025-08-11 03:00:00,0.0,0.0,0.08299999999999841,0.03049999999999642
2025-08-11 04:00:00,0.0,0.0,0.07400000000000162,0.05800000000000338
2025-08-11 05:00:00,0.0,0.0,0.22449999999999903,0.18549999999999756
2025-08-11 06:00:00,0.0,0.0,0.2289999999999992,0.16750000000000043
2025-08-11 07:00:00,0.0,0.0,0.20500000000000185,0.08600000000000207
2025-08-11 08:00:00,0.0,0.0,0.10850000000000293,0.07049999999999912
2025-08-11 09:00:00,0.0,0.0,0.10200000000000387,0.05000000000000071
2025-08-11 10:00:00,0.0,0.0,0.10549999999999926,0.15800000000000125
2025-08-11 11:00:00,0.0,0.0,0.09049999999999869,0.14099999999999824
2025-08-11 12:00:00,0.0,0.0,0.2184999999999988,0.12450000000000472
2025-08-11 13:00:00,0.0,0.0,0.14300000000000423,0.06150000000000588
2025-08-11 14:00:00,0.0,0.0,0.14000000000000057,0.05600000000000094
2025-08-11 15:00:00,0.0,0.0,0.13550000000000395,0.11500000000000199
2025-08-11 16:00:00,0.0,0.0,0.10050000000000026,0.16799999999999926
2025-08-11 17:00:00,0.0,0.0,0.29949999999999477,0.03200000000000003
2025-08-11 18:00:00,0.0,0.0,0.04499999999999815,0.24650000000000816
2025-08-11 19:00:00,0.0,0.0,0.1159999999999961,0.05349999999999966
2025-08-11 20:00:00,0.0,0.0,0.008500000000001506,0.2830000000000048
2025-08-11 21:00:00,0.0,0.0,0.08500000000000085,0.09849999999999426
2025-08-11 22:00:00,0.0,0.0,0.07349999999999213,0.08450000000000557
2025-08-11 23:00:00,0.0,0.0,0.12199999999999989,0.13000000000000256
2025-08-12 00:00:00,0.0,0.0,0.13449999999999918,0.04549999999999699
2025-08-12 01:00:00,0.0,0.0,0.1645000000000003,0.027499999999999858
2025-08-12 02:00:00,0.0,0.0,0.18500000000000583,0.03750000000000142
2025-08-12 03:00:00,0.0,0.0,0.03049999999999997,0.042500000000000426
2025-08-12 04:00:00,0.0,0.0,0.14500000000000668,0.03249999999999886
2025-08-12 05:00:00,0.0,0.0,0.10200000000000387,0.08850000000000335
2025-08-12 06:00:00,0.0,0.0,0.32049999999999557,0.08850000000000335
2025-08-12 07:00:00,0.0,0.0,0.13299999999999557,0.06800000000000139
2025-08-12 08:00:00,0.0,0.0,0.0,0.33300000000000196
2025-08-12 09:00:00,0.0,0.0,0.042000000000005144,0.11999999999999744
2025-08-12 10:00:00,0.0,0.0,0.12900000000000134,0.08500000000000085
2025-08-12 11:00:00,0.0,0.0,0.13500000000000156,0.052000000000003155
2025-08-12 12:00:00,0.003375000000000128,0.0,0.3470000000000006,0.0470000000000006
2025-08-12 13:00:00,0.0,0.0,0.0045000000000001705,0.30649999999999267
2025-08-12 14:00:00,0.0,0.0,0.1039999999999992,0.07850000000000179
2025-08-12 15:00:00,0.0,0.0,0.15600000000000236,0.134999999999998
2025-08-12 16:00:00,0.0,0.0,0.09949999999999903,0.05999999999999872
2025-08-12 17:00:00,0.0,0.0,0.09950000000000259,0.15249999999999986
2025-08-12 18:00:00,0.0,0.0,0.09949999999999903,0.05450000000000088
2025-08-12 19:00:00,0.0,0.0,0.06950000000000145,0.09450000000000003
2025-08-12 20:00:00,0.0,0.0,0.030999999999998806,0.16299999999999315
2025-08-12 21:00:00,0.0,0.0,0.07000000000000028,0.027499999999999858
2025-08-12 22:00:00,0.0,0.0,0.03950000000000031,0.14199999999999946
2025-08-12 23:00:00,0.0,0.0,0.08549999999999613,0.0920000000000023
2025-08-13 00:00:00,0.0,0.0,0.10250000000000625,0.10649999999999693
2025-08-13 01:00:00,0.0,0.0,0.08950000000000102,0.05549999999999855
2025-08-13 02:00:00,0.0,0.0,0.09000000000000696,0.02050000000000196
2025-08-13 03:00:00,0.0,0.0,0.08750000000000213,0.0435000000000052
2025-08-13 04:00:00,0.0,0.0,0.053999999999998494,0.08200000000000074
2025-08-13 05:00:00,0.0,0.0,0.03249999999999886,0.0835000000000008
2025-08-13 06:00:00,0.0,0.0,0.09149999999999991,0.04949999999999832
2025-08-13 07:00:00,0.0,0.0,0.09050000000000225,0.026499999999998636
2025-08-13 08:00:00,0.0,0.0,0.07850000000000534,0.06850000000000733
2025-08-13 09:00:00,0.0,0.0,0.051000000000005485,0.13349999999999795
2025-08-13 10:00:00,0.0,0.0,0.12750000000000483,0.07499999999999929
2025-08-13 11:00:00,0.0,0.0,0.060000000000005826,0.1025000000000027
2025-08-13 12:00:00,0.0,0.0,0.10900000000000887,0.06650000000000134
2025-08-13 13:00:00,0.0,0.0,0.13200000000000145,0.07349999999999923
2025-08-13 14:00:00,0.0,0.0,0.12050000000000338,0.06400000000000006
2025-08-13 15:00:00,0.0,0.0,0.08699999999999974,0.09650000000000603
2025-08-13 16:00:00,0.0,0.0,0.05150000000000077,0.2870000000000026
2025-08-13 17:00:00,0.0,0.0,0.13550000000000395,0.053000000000000824
2025-08-13 18:00:00,0.0,0.0,0.11700000000000443,0.06750000000000256
2025-08-13 19:00:00,0.0,0.0,0.09249999999999758,0.07400000000000517
2025-08-13 20:00:00,0.0,0.0,0.07900000000000773,0.08750000000000213
2025-08-13 21:00:00,0.0,0.0,0.1419999999999959,0.08050000000000423
2025-08-13 22:00:00,0.0,0.0,0.042499999999996874,0.2345000000000077
2025-08-13 23:00:00,0.0,0.0,0.11749999999999972,0.12249999999999872
2025-08-14 00:00:00,0.0,0.0,0.07600000000000406,0.07099999999999795
2025-08-14 01:00:00,0.0,0.0,0.252999999999993,0.027999999999998693
2025-08-14 02:00:00,0.0,0.0,0.0815000000000019,0.067499999999999
2025-08-14 03:00:00,0.0,0.0,0.07499999999999929,0.06650000000000489
2025-08-14 04:00:00,0.0,0.0,0.06500000000000483,0.042500000000000426
2025-08-14 05:00:00,0.0,0.0,0.07750000000000412,0.03049999999999997
2025-08-14 06:00:00,0.0,0.0,0.023499999999998522,0.16949999999999577
2025-08-14 07:00:00,0.0,0.0,0.1630000000000038,0.052000000000003155
2025-08-14 08:00:00,0.0,0.0,0.2410000000000032,0.030000000000001137
2025-08-14 09:00:00,0.0,0.0,0.025500000000000966,0.15199999999999747
2025-08-14 10:00:00,0.0,0.0004999999999997229,0.0,0.5894999999999925
2025-08-14 11:00:00,0.0,0.0,0.15388888888888946,0.05500000000000208
2025-08-14 12:00:00,0.0,0.0,0.16684210526315799,0.03578947368420565
2025-08-14 13:00:00,0.0,0.0,0.28099999999999525,0.036999999999999034
2025-08-14 14:00:00,0.0,0.0,0.14000000000000412,0.05500000000000327
2025-08-14 15:00:00,0.0022500000000000853,0.0,0.2955000000000069,0.04400000000000048
2025-08-14 16:00:00,0.0,0.0,0.06400000000000006,0.22149999999999892
2025-08-14 17:00:00,0.0,0.007374999999999687,0.10850000000000293,0.24199999999999947
2025-08-14 18:00:00,0.0,0.0,0.10100000000000264,0.0470000000000077
2025-08-14 19:00:00,0.0,0.0019999999999988916,0.05000000000000071,0.2784999999999961
2025-08-14 20:00:00,0.0,0.0,0.08650000000000091,0.16050000000000253
2025-08-14 21:00:00,0.013235294117646516,0.0,0.3100000000000023,0.23941176470588027
2025-08-14 22:00:00,0.0,0.0,0.031500000000001194,0.15449999999999875
2025-08-14 23:00:00,0.0,0.0,0.11200000000000188,0.029500000000002302
2025-08-15 00:00:00,0.0,0.0,0.022500000000000853,0.2824999999999953
2025-08-15 01:00:00,0.0,0.0,0.0470000000000006,0.09849999999999426
2025-08-15 02:00:00,0.0,0.0,0.28300000000000125,0.025000000000005684
2025-08-15 03:00:00,0.0,0.0,0.11700000000000443,0.03950000000000031
2025-08-15 04:00:00,0.0,0.0,0.09299999999999997,0.05800000000000338
2025-08-15 05:00:00,0.0,0.0,0.1609999999999978,0.03550000000000253
2025-08-15 06:00:00,0.0034999999999989484,0.002749999999999808,0.27949999999999664,0.1399999999999963
2025-08-15 07:00:00,0.0019999999999988916,0.0,0.4994999999999997,0.07000000000000028
2025-08-15 08:00:00,0.0,0.0,0.06500000000000128,0.0990000000000002
2025-08-15 09:00:00,0.0,0.0,0.19150000000000134,0.09550000000000125
2025-08-15 10:00:00,0.0,0.0,0.08400000000000318,0.42150000000000176
2025-08-15 11:00:00,0.0034999999999998366,0.0,0.2285000000000032,0.15349999999999753
2025-08-15 12:00:00,0.010124999999999496,0.0,0.4,0.10849999999999937
2025-08-15 13:00:00,0.0,0.0,0.14000000000000057,0.21199999999999974
2025-08-15 14:00:00,0.0,0.0,0.11899999999999977,0.10800000000000409
2025-08-15 15:00:00,0.0,0.0,0.2079999999999984,0.11499999999999844
2025-08-15 16:00:00,0.0,0.00024999999999941735,0.21099999999999852,0.10649999999999978
2025-08-15 17:00:00,0.0,0.0,0.019999999999999574,0.19850000000000279
2025-08-15 18:00:00,0.0,0.00024999999999941735,0.054999999999999716,0.5100000000000044
2025-08-15 19:00:00,0.0,0.0,0.08050000000000423,0.14600000000000435
2025-08-15 20:00:00,0.0,0.0,0.2345000000000006,0.08699999999999974
2025-08-15 21:00:00,0.0,0.0,0.067499999999999,0.12899999999999778
2025-08-15 22:00:00,0.0,0.0,0.04600000000000293,0.19000000000000128
2025-08-15 23:00:00,0.0,0.0,0.0329999999999977,0.25400000000000134
2025-08-16 00:00:00,0.0,0.0,0.08249999999999602,0.1560000000000059
2025-08-16 01:00:00,0.0,0.0,0.120000000000001,0.02500000000000213
2025-08-16 02:00:00,0.0,0.0,0.10300000000000864,0.05999999999999872
2025-08-16 03:00:00,0.0,0.0,0.11950000000000216,0.04450000000000642
2025-08-16 04:00:00,0.0,0.0,0.15050000000000097,0.018499999999999517
2025-08-16 05:00:00,0.0,0.0,0.11000000000000298,0.05749999999999744
2025-08-16 06:00:00,0.0,0.0,0.08899999999999864,0.11050000000000892
2025-08-16 07:00:00,0.0,0.0,0.14699999999999847,0.01950000000000074
2025-08-16 08:00:00,0.0,0.0,0.09299999999999997,0.07599999999999696
2025-08-16 09:00:00,0.0,0.0,0.10000000000000142,0.06550000000000011
2025-08-16 10:00:00,0.0,0.0,0.09850000000000136,0.18849999999999767
2025-08-16 11:00:00,0.0,0.0,0.3074999999999939,0.07450000000000401
2025-08-16 12:00:00,0.0,0.0,0.11050000000000182,0.11850000000000449
2025-08-16 13:00:00,0.0,0.0,0.24049999999999727,0.051000000000005485
2025-08-16 14:00:00,0.0,0.0,0.06700000000000372,0.13300000000000978
2025-08-16 15:00:00,0.0,0.0,0.10350000000000037,0.2205000000000048
2025-08-16 16:00:00,0.0,0.0,0.06400000000000361,0.17300000000000182
2025-08-16 17:00:00,0.0,0.0008749999999997371,0.17250000000000298,0.2195000000000064
2025-08-16 18:00:00,0.0,0.0,0.1475000000000044,0.04650000000000176
2025-08-16 19:00:00,0.0,0.0,0.0,0.5009999999999977
2025-08-16 20:00:00,0.0,0.0,0.06300000000000594,0.08100000000000662
2025-08-16 21:00:00,0.0,0.0,0.10800000000000409,0.03900000000000148
2025-08-16 22:00:00,0.0,0.0,0.08749999999999858,0.15950000000000486
2025-08-16 23:00:00,0.0,0.0,0.08149999999999835,0.21399999999999864
2025-08-17 00:00:00,0.0,0.0,0.21999999999999886,0.03500000000000014
2025-08-17 01:00:00,0.0,0.0,0.16899999999999693,0.004000000000001336
2025-08-17 02:00:00,0.0,0.0,0.04400000000000048,0.2069999999999972
2025-08-17 03:00:00,0.0,0.0,0.054500000000007987,0.05249999999999844
2025-08-17 04:00:00,0.0,0.0,0.26050000000000395,0.016499999999997073
2025-08-17 05:00:00,0.0,0.0,0.027499999999999858,0.25700000000000855
2025-08-17 06:00:00,0.0,0.0,0.10650000000000759,0.2150000000000034
2025-08-17 07:00:00,0.0,0.0,0.1680000000000028,0.013999999999999346
2025-08-17 08:00:00,0.0,0.0,0.19550000000000622,0.022999999999999687
2025-08-17 09:00:00,0.0,0.0,0.13100000000000378,0.06200000000000472
2025-08-17 10:00:00,0.0,0.0,0.13000000000000256,0.07100000000000506
2025-08-17 11:00:00,0.0,0.0,0.16500000000000625,0.17150000000000176
2025-08-17 12:00:00,0.0,0.0,0.237999999999996,0.05500000000000327
2025-08-17 13:00:00,0.0,0.0,0.13450000000000273,0.0259999999999998
2025-08-17 14:00:00,0.0,0.0,0.2480000000000082,0.005500000000001393
2025-08-17 15:00:00,0.0,0.0,0.16749999999999687,0.18799999999999883
2025-08-17 16:00:00,0.0,0.003124999999998934,0.14900000000000446,0.26100000000000134
2025-08-17 17:00:00,0.0,0.0,0.2615000000000016,0.019999999999999574
2025-08-17 18:00:00,0.0,0.0,0.3794999999999966,0.07049999999999557
2025-08-17 19:00:00,0.0,0.0,0.054000000000002046,0.09249999999999403
2025-08-17 20:00:00,0.0,0.0,0.021499999999996078,0.23549999999999827
2025-08-17 21:00:00,0.0,0.0,0.07650000000000645,0.03700000000000614
2025-08-17 22:00:00,0.0,0.0,0.06099999999999994,0.13500000000000156
2025-08-17 23:00:00,0.0,0.0,0.18100000000000804,0.059000000000004604
2025-08-18 00:00:00,0.0034999999999998366,0.0,0.25149999999999506,0.09799999999999898
2025-08-18 01:00:00,0.0,0.0,0.08549999999999969,0.09950000000000259
2025-08-18 02:00:00,0.0,0.0,0.07050000000000267,0.10500000000000398
2025-08-18 03:00:00,0.0,0.0,0.05749999999999744,0.0694999999999979
2025-08-18 04:00:00,0.0,0.0,0.025499999999997414,0.10699999999999932
2025-08-18 05:00:00,0.0,0.0,0.10750000000000526,0.06699999999999662
2025-08-18 06:00:00,0.0003750000000000142,0.0,0.2179999999999957,0.10050000000000026
2025-08-18 07:00:00,0.0,0.0,0.18149999999999977,0.04999999999999716
2025-08-18 08:00:00,0.0,0.0,0.03049999999999997,0.15449999999999875
2025-08-18 09:00:00,0.0008749999999997371,0.0,0.13949999999999746,0.059499999999999886
2025-08-18 10:00:00,0.0,0.0,0.05150000000000077,0.13049999999999784
2025-08-18 11:00:00,0.0,0.0,0.10000000000000142,0.08899999999999864
2025-08-18 12:00:00,0.0,0.0,0.1750000000000007,0.06550000000000011
2025-08-18 13:00:00,0.0,0.0,0.1285000000000025,0.10550000000000281
2025-08-18 14:00:00,0.0,0.0,0.3039999999999942,0.03249999999999886
2025-08-18 15:00:00,0.0,0.0,0.1159999999999961,0.0779999999999994
2025-08-18 16:00:00,0.0,0.0,0.05900000000000105,0.1495000000000033
2025-08-18 17:00:00,0.0,0.0,0.134999999999998,0.14850000000000563
2025-08-18 18:00:00,0.0,0.0,0.023499999999998522,0.17050000000000054
2025-08-18 19:00:00,0.0,0.0,0.09368421052631436,0.08052631578947674
2025-08-18 20:00:00,0.0,0.0,0.028999999999999915,0.2865000000000073
2025-08-18 21:00:00,0.0,0.0,0.08894736842105101,0.06999999999999766
2025-08-18 22:00:00,0.01962499999999956,0.006624999999999659,0.2470000000000013,0.2404999999999994
2025-08-18 23:00:00,0.0,0.0,0.08900000000000574,0.15899999999999892
2025-08-19 00:00:00,0.00012499999999970868,0.0,0.30150000000000005,0.0940000000000012
2025-08-19 01:00:00,0.0,0.0,0.04450000000000287,0.10750000000000526
2025-08-19 02:00:00,0.0,0.0,0.05250000000000199,0.1374999999999993
2025-08-19 03:00:00,0.0,0.0,0.04949999999999477,0.2014999999999958
2025-08-19 04:00:00,0.0,0.0,0.08000000000000185,0.1059999999999981
2025-08-19 05:00:00,0.0,0.0,0.2049999999999983,0.07750000000000057
2025-08-19 06:00:00,0.0,0.00137499999999946,0.2154999999999916,0.1625000000000007
2025-08-19 07:00:00,0.0,0.0,0.07150000000000745,0.16950000000000287
2025-08-19 08:00:00,0.0,0.0011250000000000426,0.040500000000001535,0.2899999999999949
2025-08-19 09:00:00,0.0,0.0,0.1095000000000006,0.13999999999999702
2025-08-19 10:00:00,0.0,0.0,0.15611111111111833,0.07833333333333235
2025-08-19 11:00:00,0.0,0.0,0.11299999999999599,0.0519999999999996
2025-08-19 12:00:00,0.0,0.0,0.021999999999998465,0.2394999999999996
2025-08-19 13:00:00,0.0,0.0,0.1700000000000017,0.07499999999999574
2025-08-19 14:00:00,0.0,0.0,0.13949999999999818,0.10849999999999937
2025-08-19 15:00:00,0.0,0.0,0.1855000000000011,0.10799999999999699
2025-08-19 16:00:00,0.0,0.0,0.14350000000000662,0.08549999999999969
2025-08-19 17:00:00,0.0,0.0,0.19399999999999906,0.2375000000000007
2025-08-19 18:00:00,0.0,0.0,0.16100000000000492,0.09700000000000131
2025-08-19 19:00:00,0.0,0.0,0.10700000000000287,0.12349999999999994
2025-08-19 20:00:00,0.0,0.0,0.017500000000001847,0.43400000000000105
2025-08-19 21:00:00,0.0,0.0014999999999991687,0.056500000000003325,0.3684999999999995
2025-08-19 22:00:00,0.0,0.0009999999999994458,0.024000000000004462,0.3510000000000012
2025-08-19 23:00:00,0.0,0.0,0.2499999999999929,0.036999999999999034
2025-08-20 00:00:00,0.00012499999999970868,0.0,0.2089999999999989,0.09350000000000236
2025-08-20 01:00:00,0.0003750000000000142,0.0,0.17650000000000005,0.1109999999999971
2025-08-20 02:00:00,0.0,0.0,0.0955000000000048,0.057500000000000995
2025-08-20 03:00:00,0.0,0.0,0.11299999999999955,0.08749999999999858
2025-08-20 04:00:00,0.0,0.0007500000000000284,0.14849999999999852,0.37649999999999934
2025-08-20 05:00:00,0.0,0.0,0.07349999999999923,0.3210000000000015
2025-08-20 06:00:00,0.0,0.0017499999999994742,0.19849999999999568,0.18949999999999817
2025-08-20 07:00:00,0.0,0.0,0.4405000000000072,0.0
2025-08-20 08:00:00,0.0,0.0,0.055999999999997385,0.1980000000000004
2025-08-20 09:00:00,0.0,0.0,0.12300000000000111,0.13650000000000162
2025-08-20 10:00:00,0.0,0.0,0.19700000000000273,0.03049999999999997
2025-08-20 11:00:00,0.0,0.0,0.08750000000000213,0.13650000000000162
2025-08-20 12:00:00,0.0,0.0,0.17749999999999844,0.08599999999999852
2025-08-20 13:00:00,0.0,0.0,0.17350000000000065,0.05250000000000554
2025-08-20 14:00:00,0.0,0.0,0.10800000000000054,0.07949999999999946
2025-08-20 15:00:00,0.0,0.0,0.1670000000000016,0.06349999999999767
2025-08-20 16:00:00,0.0,0.0,0.067499999999999,0.13150000000000261
2025-08-20 17:00:00,0.0,0.0,0.2514999999999965,0.14000000000000057
2025-08-20 18:00:00,0.0,0.0,0.22000000000000242,0.06400000000000006
2025-08-20 19:00:00,0.0,0.0,0.14650000000000674,0.04749999999999943
2025-08-20 20:00:00,0.0,0.0,0.08100000000000307,0.058499999999998664
2025-08-20 21:00:00,0.0,0.0,0.12449999999999761,0.0330000000000048
2025-08-20 22:00:00,0.0,0.0,0.06900000000000261,0.09250000000000114
2025-08-20 23:00:00,0.002749999999999808,0.0,0.16850000000000093,0.18149999999999977
2025-08-21 00:00:00,0.0,0.0,0.20250000000000057,0.06550000000000367
2025-08-21 01:00:00,0.0,0.0,0.048500000000000654,0.20200000000000884
2025-08-21 02:00:00,0.0,0.0,0.0870000000000033,0.05450000000000088
2025-08-21 03:00:00,0.0,0.0,0.015500000000002956,0.08399999999999963
2025-08-21 04:00:00,0.0,0.0,0.06449999999999889,0.0730000000000004
2025-08-21 05:00:00,0.0,0.0,0.06350000000000833,0.06149999999999878
2025-08-21 06:00:00,0.0,0.0,0.12199999999999989,0.10849999999999937
2025-08-21 07:00:00,0.0,0.0,0.21149999999999736,0.14650000000000318
2025-08-21 08:00:00,0.0,0.0,0.0470000000000006,0.24200000000000088
2025-08-21 09:00:00,0.0,0.0,0.07949999999999946,0.10350000000000392
2025-08-21 10:00:00,0.0,0.0,0.10350000000000392,0.14099999999999469
2025-08-21 11:00:00,0.0,0.004374999999999574,0.0,0.46949999999999437
2025-08-21 12:00:00,0.0,0.0,0.26000000000000867,0.038000000000000256
2025-08-21 13:00:00,0.0,0.0,0.08099999999999596,0.17949999999999733
2025-08-21 14:00:00,0.0,0.0,0.1664999999999992,0.06799999999999784
2025-08-21 15:00:00,0.0,0.0,0.1215000000000046,0.05950000000000344
2025-08-21 16:00:00,0.0,0.0,0.10500000000000398,0.08699999999999974
2025-08-21 17:00:00,0.0,0.01187499999999897,0.2585000000000015,0.31499999999999917
2025-08-21 18:00:00,0.0,0.0,0.204500000000003,0.038999999999997925
2025-08-21 19:00:00,0.0,0.0,0.14949999999999974,0.04999999999999716
2025-08-21 20:00:00,0.0,0.0,0.10100000000000264,0.02550000000000452
2025-08-21 21:00:00,0.0,0.0,0.09099999999999753,0.08100000000000662
2025-08-21 22:00:00,0.0,0.0,0.07250000000000156,0.1545000000000023
2025-08-21 23:00:00,0.0,0.0,0.11250000000000071,0.13100000000000378
2025-08-22 00:00:00,0.0,0.0,0.1944999999999979,0.04100000000000392
2025-08-22 01:00:00,0.0017499999999994742,0.0,0.3800000000000054,0.06650000000000134
2025-08-22 02:00:00,0.0,0.0,0.029500000000002302,0.179500000000008
2025-08-22 03:00:00,0.0,0.0,0.053499999999996106,0.05850000000000222
2025-08-22 04:00:00,0.0,0.0,0.09850000000000492,0.06700000000000372
2025-08-22 05:00:00,0.0,0.0,0.1479999999999997,0.1095000000000006
2025-08-22 06:00:00,0.0,0.0,0.2535000000000096,0.06149999999999878
2025-08-22 07:00:00,0.0,0.0,0.054500000000004434,0.057500000000000995
2025-08-22 08:00:00,0.0,0.0034999999999998366,0.01600000000000179,0.34599999999999936
2025-08-22 09:00:00,0.0,0.003749999999999254,0.09100000000000108,0.37499999999999856
2025-08-22 10:00:00,0.0,0.0,0.15750000000000242,0.05150000000000787
2025-08-22 11:00:00,0.0,0.0,0.15399999999999991,0.043000000000002814
2025-08-22 12:00:00,0.0,0.0,0.09799999999999898,0.15850000000000009
2025-08-22 13:00:00,0.0,0.0,0.0470000000000006,0.17650000000000787
2025-08-22 14:00:00,0.0,0.0,0.09700000000000131,0.09550000000000836
2025-08-22 15:00:00,0.0,0.0,0.09650000000000603,0.09800000000000608
2025-08-22 16:00:00,0.0,0.0,0.06150000000000233,0.10000000000000142
2025-08-22 17:00:00,0.005874999999998742,0.0,0.3749999999999979,0.12049999999999983
2025-08-22 18:00:00,0.0,0.0,0.10950000000001125,0.05000000000000071
2025-08-22 19:00:00,0.006249999999999645,0.0,0.2914999999999971,0.12900000000000134
2025-08-22 20:00:00,0.0,0.0,0.03749999999999787,0.1455000000000055
2025-08-22 21:00:00,0.0,0.0,0.050499999999999545,0.18000000000000682
2025-08-22 22:00:00,0.0,0.0,0.047500000000002984,0.09250000000000114
2025-08-22 23:00:00,0.0,0.0,0.0470000000000006,0.15400000000000347
2025-08-23 00:00:00,0.0,0.0,0.09350000000000236,0.013999999999999346
2025-08-23 01:00:00,0.0,0.0,0.09899999999999665,0.05649999999999977
2025-08-23 02:00:00,0.0,0.0,0.04150000000000276,0.09799999999999542
2025-08-23 03:00:00,0.0,0.0,0.0435000000000052,0.09450000000000713
2025-08-23 04:00:00,0.0,0.0,0.10450000000000159,0.0715000000000039
2025-08-23 05:00:00,0.0,0.0,0.07099999999999795,0.09000000000000341
2025-08-23 06:00:00,0.0,0.003124999999998934,0.0330000000000048,0.402000000000006
2025-08-23 07:00:00,0.0,0.0,0.19200000000000372,0.1515000000000022
2025-08-23 08:00:00,0.0,0.0,0.35800000000000054,0.0004999999999988347
2025-08-23 09:00:00,0.0,0.0,0.1280000000000001,0.06800000000000495
2025-08-23 10:00:00,0.0,0.0,0.09149999999999991,0.0800000000000054
2025-08-23 11:00:00,0.0,0.0,0.10750000000000526,0.049500000000001876
2025-08-23 12:00:00,0.0,0.0,0.07149999999999679,0.1290000000000049
2025-08-23 13:00:00,0.0,0.0,0.11550000000000082,0.03549999999999898
2025-08-23 14:00:00,0.0,0.0,0.08400000000000318,0.050499999999999545
2025-08-23 15:00:00,0.0,0.0,0.04900000000000304,0.10450000000000159
2025-08-23 16:00:00,0.0,0.0,0.13700000000000045,0.08099999999999596
2025-08-23 17:00:00,0.0,0.006999999999998785,0.1490000000000009,0.41599999999999754
2025-08-23 18:00:00,0.0,0.0003750000000000142,0.14499999999999957,0.11800000000000495
2025-08-23 19:00:00,0.0,0.0,0.12300000000000466,0.06299999999999883
2025-08-23 20:00:00,0.0,0.0,0.0019999999999988916,0.3235000000000028
2025-08-23 21:00:00,0.0,0.0,0.10650000000000048,0.10600000000000165
2025-08-23 22:00:00,0.0,0.0,0.022500000000004405,0.18250000000000455
2025-08-23 23:00:00,0.0,0.0,0.14550000000000196,0.019000000000005457
2025-08-24 00:00:00,0.0,0.0,0.09049999999999869,0.06650000000000134
2025-08-24 01:00:00,0.0,0.0,0.16549999999999798,0.044499999999995765
2025-08-24 02:00:00,0.0,0.0,0.08800000000000097,0.040500000000001535
2025-08-24 03:00:00,0.0,0.0,0.07000000000000739,0.06300000000000239
2025-08-24 04:00:00,0.0,0.0,0.06450000000000244,0.08749999999999858
2025-08-24 05:00:00,0.0,0.0,0.10500000000000043,0.09600000000000009
2025-08-24 06:00:00,0.0,0.0019999999999988916,0.010999999999999233,0.5725000000000022
2025-08-24 07:00:00,0.0,0.0,0.22699999999999676,0.018499999999999517
2025-08-24 08:00:00,0.0,0.0,0.13650000000000517,0.03300000000000125
2025-08-24 09:00:00,0.0,0.0,0.015499999999999403,0.48699999999999477
2025-08-24 10:00:00,0.0009999999999994458,0.0,0.21499999999999914,0.05649999999999977
2025-08-24 11:00:00,0.0,0.0,0.09000000000000696,0.11649999999999494
2025-08-24 12:00:00,0.0,0.0,0.11100000000000065,0.1095000000000006
2025-08-24 13:00:00,0.0,0.0,0.19150000000000134,0.02149999999999963
2025-08-24 14:00:00,0.0,0.0,0.15450000000000585,0.14149999999999707
2025-08-24 15:00:00,0.0,0.0,0.24899999999999878,0.06550000000000367
2025-08-24 16:00:00,0.0,0.0,0.17649999999999721,0.06700000000000372
2025-08-24 17:00:00,0.0011250000000000426,0.015249999999999098,0.3549999999999997,0.4475000000000001
2025-08-24 18:00:00,0.0,0.0,0.10150000000000148,0.1389999999999958
2025-08-24 19:00:00,0.0,0.0,0.09999999999999432,0.16533333333332698
2025-08-24 20:00:00,0.0,0.0,0.08099999999999596,0.08099999999999596
2025-08-24 21:00:00,0.0,0.0,0.17649999999999721,0.07900000000000063
2025-08-24 22:00:00,0.0,0.0,0.09699999999999775,0.2134999999999998
2025-08-24 23:00:00,0.0,0.0,0.06500000000000128,0.23249999999999815
2025-08-25 00:00:00,0.0,0.0,0.2115000000000009,0.02499999999999858
2025-08-25 01:00:00,0.0,0.0,0.18700000000000117,0.032500000000002416
2025-08-25 02:00:00,0.0,0.0,0.17000000000000526,0.0034999999999989484
2025-08-25 03:00:00,0.0,0.0,0.15100000000001046,0.016499999999997073
2025-08-25 04:00:00,0.0,0.0,0.15950000000000486,0.006000000000000227
2025-08-25 05:00:00,0.0,0.0,0.12549999999999883,0.048500000000000654
2025-08-25 06:00:00,0.0,0.01100000000000012,0.24450000000000216,0.25949999999999707
2025-08-25 07:00:00,0.0,0.0,0.17999999999999972,0.16949999999999932
2025-08-25 08:00:00,0.0,0.0,0.18549999999999756,0.037000000000002586
2025-08-25 09:00:00,0.0,0.0,0.013500000000000512,0.3144999999999989
2025-08-25 10:00:00,0.0,0.0,0.18900000000000006,0.04900000000000304
2025-08-25 11:00:00,0.0,0.0,0.15149999999999864,0.03900000000000148
2025-08-25 12:00:00,0.0,0.0,0.1595000000000084,0.03249999999999886
2025-08-25 13:00:00,0.0016249999999997655,0.0,0.1589999999999982,0.2065000000000019
2025-08-25 14:00:00,0.0,0.0,0.0884999999999998,0.3279999999999994
2025-08-25 15:00:00,0.0,0.0,0.14050000000000296,0.054000000000002046
2025-08-25 16:00:00,0.0,0.0,0.17900000000000205,0.06400000000000006
2025-08-25 17:00:00,0.0,0.0,0.347999999999999,0.06599999999999895
2025-08-25 18:00:00,0.0,0.0,0.12450000000000117,0.14000000000000057
2025-08-25 19:00:00,0.0,0.0,0.22350000000000847,0.045000000000001705
2025-08-25 20:00:00,0.03724999999999845,0.0,0.6935000000000023,0.004499999999996618
2025-08-25 21:00:00,0.0,0.02237499999999848,0.06050000000000111,0.6695000000000029
2025-08-25 22:00:00,0.0,0.0,0.053000000000000824,0.16400000000000148
2025-08-25 23:00:00,0.0,0.0,0.13700000000000045,0.04749999999999943
2025-08-26 00:00:00,0.0,0.0,0.13300000000000267,0.09149999999999636
2025-08-26 01:00:00,0.0,0.0,0.15600000000000236,0.025500000000000966
2025-08-26 02:00:00,0.0,0.0,0.24249999999999616,0.055500000000005656
2025-08-26 03:00:00,0.0,0.0,0.026499999999995083,0.05150000000000787
2025-08-26 04:00:00,0.0,0.0,0.051499999999997215,0.1159999999999961
2025-08-26 05:00:00,0.0,0.0,0.07750000000000057,0.1545000000000023
2025-08-26 06:00:00,0.0,0.0,0.09550000000000125,0.08249999999999957
2025-08-26 07:00:00,0.0,0.0,0.03450000000000131,0.07900000000000418
2025-08-26 08:00:00,0.0,0.0,0.0,0.5395000000000074
2025-08-26 09:00:00,0.0,0.0,0.17350000000000065,0.027499999999999858
2025-08-26 10:00:00,0.0,0.0,0.120000000000001,0.05700000000000216
2025-08-26 11:00:00,0.0,0.0,0.08599999999999852,0.21099999999999852
2025-08-26 12:00:00,0.0,0.0,0.06950000000000145,0.19799999999999685
2025-08-26 13:00:00,0.0,0.0,0.15350000000000108,0.03900000000000148
2025-08-26 14:00:00,0.0,0.0,0.2055000000000078,0.041999999999994486
2025-08-26 15:00:00,0.0,0.0,0.030500000000003524,0.19750000000000867
2025-08-26 16:00:00,0.0,0.0,0.13099999999999667,0.030999999999998806
2025-08-26 17:00:00,0.0,0.0,0.16400000000000148,0.05700000000000216
2025-08-26 18:00:00,0.0,0.0,0.132000000000005,0.09100000000000108
2025-08-26 19:00:00,0.0,0.0,0.08100000000000662,0.29450000000000287
2025-08-26 20:00:00,0.0,0.0,0.12999999999999545,0.02500000000000213
2025-08-26 21:00:00,0.0,0.0,0.11400000000000432,0.033500000000000085
2025-08-26 22:00:00,0.0,0.0,0.07300000000000395,0.06900000000000261
2025-08-26 23:00:00,0.005124999999999602,0.0,0.19999999999999857,0.21600000000000108
2025-08-27 00:00:00,0.0,0.0,0.09499999999999176,0.04400000000000759
2025-08-27 01:00:00,0.0,0.0,0.11000000000000298,0.054999999999999716
2025-08-27 02:00:00,0.0,0.0,0.1460000000000008,0.064500000000006
2025-08-27 03:00:00,0.0,0.0,0.08699999999999974,0.03550000000000608
2025-08-27 04:00:00,0.0,0.0,0.09249999999999758,0.0470000000000006
2025-08-27 05:00:00,0.0,0.0,0.12449999999999406,0.08200000000000074
2025-08-27 06:00:00,0.0,0.0,0.125,0.09600000000000719
2025-08-27 07:00:00,0.0,0.0,0.059499999999999886,0.15300000000000225
2025-08-27 08:00:00,0.0,0.0,0.11249999999999716,0.04550000000000054
2025-08-27 09:00:00,0.0,0.0,0.12950000000000017,0.016500000000000625
2025-08-27 10:00:00,0.0,0.0,0.08349999999999724,0.05100000000000193
2025-08-27 11:00:00,0.0,0.0,0.10199999999999676,0.12799999999999656
2025-08-27 12:00:00,0.0,0.0,0.03300000000000125,0.21749999999999758
2025-08-27 13:00:00,0.0,0.0,0.06050000000000466,0.16050000000000608
2025-08-27 14:00:00,0.0,0.0,0.1635000000000062,0.0224999999999973
2025-08-27 15:00:00,0.0,0.0,0.1159999999999961,0.05150000000000077
2025-08-27 16:00:00,0.0,0.0,0.10450000000000159,0.23550000000000892
2025-08-27 17:00:00,0.0,0.0,0.10099999999999909,0.19799999999999685
2025-08-27 18:00:00,0.0,0.0,0.013500000000000512,0.17099999999999582
2025-08-27 19:00:00,0.0,0.0,0.059000000000004604,0.14150000000000418
2025-08-27 20:00:00,0.0,0.0,0.10500000000000398,0.0555000000000021
2025-08-27 21:00:00,0.0,0.0,0.07250000000000512,0.07000000000000028
2025-08-27 22:00:00,0.0,0.0,0.13650000000000162,0.030500000000003524
2025-08-27 23:00:00,0.0,0.0,0.11899999999999977,0.058499999999998664
2025-08-28 00:00:00,0.0,0.0,0.07400000000000517,0.06149999999999878
2025-08-28 01:00:00,0.0,0.0,0.13500000000000156,0.006000000000000227
2025-08-28 02:00:00,0.0,0.0,0.048500000000004206,0.0990000000000002
2025-08-28 03:00:00,0.0,0.0,0.1265000000000036,0.006500000000002615
2025-08-28 04:00:00,0.0,0.0,0.009000000000000341,0.2555000000000085
2025-08-28 05:00:00,0.0,0.0,0.10650000000000048,0.035000000000003695
2025-08-28 06:00:00,0.0,0.0,0.1144999999999996,0.07750000000000057
2025-08-28 07:00:00,0.0,0.0,0.10449999999999804,0.12700000000000244
2025-08-28 08:00:00,0.0,0.0,0.0850000000000044,0.048500000000000654
2025-08-28 09:00:00,0.0,0.0,0.12499999999999645,0.029000000000003467
2025-08-28 10:00:00,0.0,0.0,0.07849999999999824,0.17600000000000193
2025-08-28 11:00:00,0.0,0.0,0.022999999999999687,0.3050000000000104
2025-08-28 12:00:00,0.0,0.0,0.15649999999999764,0.006499999999999062
2025-08-28 13:00:00,0.0,0.0,0.1095000000000006,0.040500000000001535
2025-08-28 14:00:00,0.0,0.0,0.09250000000000824,0.03450000000000131
2025-08-28 15:00:00,0.0,0.0,0.11550000000000082,0.02949999999999875
2025-08-28 16:00:00,0.0,0.0,0.09299999999999642,0.037000000000002586
2025-08-28 17:00:00,0.0,0.0,0.049500000000001876,0.05999999999999872
2025-08-28 18:00:00,0.0,0.0,0.015500000000002956,0.21750000000000114
2025-08-28 19:00:00,0.0,0.0,0.05950000000000344,0.08949999999999747
2025-08-28 20:00:00,0.0,0.0,0.09250000000000114,0.014500000000001734
2025-08-28 21:00:00,0.0,0.0,0.10000000000000142,0.2699999999999996
2025-08-28 22:00:00,0.0,0.0,0.11050000000000182,0.22150000000000247
2025-08-28 23:00:00,0.0,0.0,0.07500000000000284,0.12049999999999983
2025-08-29 00:00:00,0.0,0.0,0.12700000000000244,0.07950000000000301
2025-08-29 01:00:00,0.0,0.0,0.1444999999999972,0.029999999999997584
2025-08-29 02:00:00,0.0,0.0,0.14899999999999736,0.011499999999994515
2025-08-29 03:00:00,0.0,0.0,0.2639999999999958,0.016500000000004178
2025-08-29 04:00:00,0.0,0.0,0.07050000000000267,0.03850000000000264
2025-08-29 05:00:00,0.0,0.0,0.05649999999999977,0.24299999999999855
2025-08-29 06:00:00,0.0,0.0,0.05750000000000455,0.14300000000000068
2025-08-29 07:00:00,0.0,0.0,0.047500000000002984,0.1314999999999955
2025-08-29 08:00:00,0.0,0.0,0.11950000000000216,0.01950000000000074
2025-08-29 09:00:00,0.0,0.0,0.08300000000000196,0.06200000000000472
2025-08-29 10:00:00,0.0,0.0,0.07900000000000063,0.06850000000000023
2025-08-29 11:00:00,0.0,0.0,0.09450000000000003,0.05249999999999844
2025-08-29 12:00:00,0.0,0.0,0.08550000000000324,0.05250000000000554
2025-08-29 13:00:00,0.0,0.0,0.11050000000000892,0.044000000000004036
2025-08-29 14:00:00,0.0,0.0,0.04499999999999815,0.042500000000000426
2025-08-29 15:00:00,0.0,0.0,0.07250000000000512,0.17699999999999605
2025-08-29 16:00:00,0.0,0.0,0.11499999999999844,0.08199999999999363
2025-08-29 17:00:00,0.0,0.0,0.17249999999999588,0.059499999999999886
2025-08-29 18:00:00,0.0,0.0,0.04500000000000526,0.05099999999999838
2025-08-29 19:00:00,0.0,0.0,0.017499999999998295,0.3059999999999974
2025-08-29 20:00:00,0.0,0.0,0.06899999999999906,0.021999999999998465
2025-08-29 21:00:00,0.0,0.0,0.13100000000000733,0.032500000000002416
2025-08-29 22:00:00,0.0,0.0,0.1340000000000039,0.024500000000003297
2025-08-29 23:00:00,0.003249999999999531,0.0,0.35950000000000343,0.007999999999999119
2025-08-30 00:00:00,0.0,0.0,0.02550000000000452,0.15899999999999892
2025-08-30 01:00:00,0.0,0.0,0.10950000000001125,0.02750000000000341
2025-08-30 02:00:00,0.0,0.0,0.050499999999999545,0.021499999999996078
2025-08-30 03:00:00,0.0,0.0,0.10150000000000503,0.06750000000000256
2025-08-30 04:00:00,0.0,0.0,0.10300000000001219,0.02949999999999875
2025-08-30 05:00:00,0.0,0.0,0.06650000000000489,0.08599999999999852
2025-08-30 06:00:00,0.0,0.0,0.07849999999999469,0.0470000000000006
2025-08-30 07:00:00,0.0,0.0,0.12450000000000117,0.08000000000000185
2025-08-30 08:00:00,0.0,0.0,0.0870000000000033,0.06499999999999773
2025-08-30 09:00:00,0.0,0.0,0.11049999999999827,0.036000000000001364
2025-08-30 10:00:00,0.0,0.0,0.07750000000000057,0.11249999999999716
2025-08-30 11:00:00,0.0,0.0,0.08400000000000318,0.0815000000000019
2025-08-30 12:00:00,0.0,0.0,0.057500000000000995,0.09250000000000114
2025-08-30 13:00:00,0.0,0.0,0.062000000000001165,0.09350000000000236
2025-08-30 14:00:00,0.0,0.0,0.09450000000001069,0.09049999999999869
2025-08-30 15:00:00,0.0,0.0,0.12050000000000338,0.07200000000000628
2025-08-30 16:00:00,0.0,0.0,0.01899999999999835,0.18599999999999994
2025-08-30 17:00:00,0.0,0.0,0.07850000000000534,0.19200000000000372
2025-08-30 18:00:00,0.0,0.0,0.059000000000004604,0.0920000000000023
2025-08-30 19:00:00,0.0,0.0,0.1110000000000042,0.05300000000000438
2025-08-30 20:00:00,0.0,0.0,0.060000000000002274,0.125
2025-08-30 21:00:00,0.0,0.0,0.07750000000000412,0.05950000000000344
2025-08-30 22:00:00,0.0,0.0,0.061000000000003496,0.040500000000001535
2025-08-30 23:00:00,0.0,0.0,0.17000000000000526,0.04399999999999693
2025-08-31 00:00:00,0.0,0.0,0.06700000000000372,0.04700000000000415
2025-08-31 01:00:00,0.0,0.0,0.10399999999999565,0.032500000000002416
2025-08-31 02:00:00,0.0,0.0,0.06549999999999301,0.03500000000000014
2025-08-31 03:00:00,0.0,0.0,0.06950000000000855,0.04299999999999926
2025-08-31 04:00:00,0.0,0.0,0.04350000000000165,0.05200000000000671
2025-08-31 05:00:00,0.0,0.0,0.04949999999999122,0.048500000000000654
2025-08-31 06:00:00,0.0,0.0,0.004999999999999005,0.28449999999999775
2025-08-31 07:00:00,0.0,0.0,0.0835000000000008,0.15099999999999625
2025-08-31 08:00:00,0.0,0.0,0.11400000000000787,0.10000000000000142
2025-08-31 09:00:00,0.0,0.0,0.12450000000000472,0.053999999999998494
2025-08-31 10:00:00,0.0,0.0,0.0835000000000079,0.03550000000000253
2025-08-31 11:00:00,0.0,0.0,0.044000000000004036,0.05500000000000327
2025-08-31 12:00:00,0.0,0.0,0.053999999999998494,0.10150000000000148
2025-08-31 13:00:00,0.0,0.0,0.07950000000000301,0.05999999999999872
2025-08-31 14:00:00,0.0,0.0,0.07950000000000301,0.06650000000000134
2025-08-31 15:00:00,0.0,0.0,0.07750000000000057,0.06800000000000139
2025-08-31 16:00:00,0.0,0.0,0.06900000000000261,0.21649999999999991
2025-08-31 17:00:00,0.0,0.0,0.25349999999999895,0.17999999999999616
2025-08-31 18:00:00,0.0,0.0,0.023499999999998522,0.13600000000000634
2025-08-31 19:00:00,0.0,0.0,0.09449999999999648,0.043000000000002814
2025-08-31 20:00:00,0.0,0.0,0.045000000000001705,0.0850000000000044
2025-08-31 21:00:00,0.0,0.0,0.11900000000000333,0.05100000000000193
2025-08-31 22:00:00,0.0,0.0,0.03850000000000264,0.11450000000000315
2025-08-31 23:00:00,0.0,0.0,0.13249999999999673,0.17649999999999721
2025-09-01 00:00:00,0.0,0.0,0.04499999999999815,0.27649999999999864
2025-09-01 01:00:00,0.0,0.0,0.05150000000000787,0.05999999999999517
2025-09-01 02:00:00,0.0,0.0,0.14000000000000057,0.019999999999999574
2025-09-01 03:00:00,0.0,0.0,0.12200000000000699,0.037000000000002586
2025-09-01 04:00:00,0.0,0.0,0.07399999999999807,0.042500000000000426
2025-09-01 05:00:00,0.0,0.0,0.06250000000000355,0.11350000000000193
2025-09-01 06:00:00,0.0,0.0006249999999994316,0.09600000000000009,0.21699999999999448
2025-09-01 07:00:00,0.0,0.0,0.06350000000000122,0.10099999999999554
2025-09-01 08:00:00,0.0,0.0,0.01050000000000395,0.14000000000000767
2025-09-01 09:00:00,0.0,0.0,0.06800000000000495,0.13049999999999784
2025-09-01 10:00:00,0.0,0.0,0.046500000000005315,0.14300000000000068
2025-09-01 11:00:00,0.0,0.0,0.11349999999999838,0.07200000000000273
2025-09-01 12:00:00,0.0,0.0,0.021000000000000796,0.11100000000000065
2025-09-01 13:00:00,0.0,0.0,0.17700000000000315,0.012000000000000455
2025-09-01 14:00:00,0.0,0.0,0.057500000000000995,0.17549999999999955
2025-09-01 15:00:00,0.0,0.0033749999999992397,0.28399999999999537,0.22950000000000018
2025-09-01 16:00:00,0.0,0.0,0.02349999999999497,0.13300000000000978
2025-09-01 17:00:00,0.0,0.0,0.054999999999999716,0.2960000000000029
2025-09-01 18:00:00,0.0,0.0,0.12900000000000134,0.0730000000000004
2025-09-01 19:00:00,0.0,0.0,0.06799999999999784,0.10650000000000404
2025-09-01 20:00:00,0.0,0.0,0.12250000000000227,0.02500000000000213
2025-09-01 21:00:00,0.0,0.0,0.12049999999999983,0.08850000000000335
2025-09-01 22:00:00,0.0,0.0,0.13500000000000512,0.06849999999999667
2025-09-01 23:00:00,0.0,0.0,0.11450000000000315,0.09750000000000725
2025-09-02 00:00:00,0.0,0.0,0.0934999999999988,0.05600000000000094
2025-09-02 01:00:00,0.0,0.0,0.15249999999999986,0.05250000000000199
2025-09-02 02:00:00,0.0,0.0,0.137000000000004,0.0019999999999988916
2025-09-02 03:00:00,0.0,0.0,0.1714999999999982,0.04600000000000293
2025-09-02 04:00:00,0.0,0.0,0.1594999999999942,0.007500000000000284
2025-09-02 05:00:00,0.0,0.0,0.10500000000000398,0.05250000000000199
2025-09-02 06:00:00,0.0,0.0,0.053000000000000824,0.35600000000000165
2025-09-02 07:00:00,0.0,0.0,0.09600000000000009,0.20400000000000063
2025-09-02 08:00:00,0.0,0.0,0.12000000000000455,0.025500000000000966
2025-09-02 09:00:00,0.0,0.0,0.04649999999999821,0.21550000000000935
2025-09-02 10:00:00,0.0,0.0,0.1770000000000067,0.0365000000000002
2025-09-02 11:00:00,0.0,0.0,0.11549999999999727,0.1705000000000041
2025-09-02 12:00:00,0.0,0.0,0.09800000000000608,0.06449999999999889
2025-09-02 13:00:00,0.0,0.0,0.11100000000000065,0.0660000000000025
2025-09-02 14:00:00,0.0,0.0,0.1130000000000031,0.11299999999999955
2025-09-02 15:00:00,0.0,0.0,0.20400000000000773,0.048500000000000654
2025-09-02 16:00:00,0.0,0.0,0.09199999999999875,0.06799999999999784
2025-09-02 17:00:00,0.0,0.0,0.027499999999999858,0.17050000000000054
2025-09-02 18:00:00,0.0,0.0009999999999994458,0.033500000000000085,0.3344999999999942
2025-09-02 19:00:00,0.0,0.0,0.0,0.25250000000000483
2025-09-02 20:00:00,0.0,0.0,0.134999999999998,0.1720000000000006
2025-09-02 21:00:00,0.0,0.0,0.10750000000000881,0.06449999999999889
2025-09-02 22:00:00,0.0,0.0,0.14150000000000418,0.15900000000000247
2025-09-02 23:00:00,0.0,0.0,0.1755000000000031,0.19200000000000372
2025-09-03 00:00:00,0.0,0.0,0.1454999999999984,0.03999999999999915
2025-09-03 01:00:00,0.0,0.0,0.13650000000000162,0.013999999999995794
2025-09-03 02:00:00,0.0,0.0,0.18149999999999622,0.029000000000003467
2025-09-03 03:00:00,0.0,0.0,0.12050000000000338,0.028999999999999915
2025-09-03 04:00:00,0.0,0.0,0.06300000000000239,0.24350000000000094
2025-09-03 05:00:00,0.0,0.0,0.09649999999999892,0.23650000000000304
2025-09-03 06:00:00,0.021874999999999645,0.0,0.7070000000000072,0.0
2025-09-03 07:00:00,0.0,0.0,0.04350000000000165,0.11150000000000304
2025-09-03 08:00:00,0.0,0.0,0.08599999999999497,0.14150000000000063
2025-09-03 09:00:00,0.0,0.0,0.11049999999999827,0.04649999999999821
2025-09-03 10:00:00,0.0,0.0,0.09100000000000463,0.13699999999999335
2025-09-03 11:00:00,0.0,0.0,0.26750000000000185,0.015499999999999403
2025-09-03 12:00:00,0.0,0.0,0.12349999999999994,0.10149999999999793
2025-09-03 13:00:00,0.0,0.0,0.2010000000000005,0.01950000000000074
2025-09-03 14:00:00,0.0,0.0,0.03300000000000125,0.12550000000000594
2025-09-03 15:00:00,0.0,0.0,0.059499999999999886,0.13050000000000495
2025-09-03 16:00:00,0.0,0.0,0.07550000000000168,0.09799999999999542
2025-09-03 17:00:00,0.0,0.0,0.13949999999999818,0.2710000000000008
2025-09-03 18:00:00,0.0,0.0,0.12149999999999395,0.047999999999998266
2025-09-03 19:00:00,0.0,0.0,0.013000000000001677,0.3065000000000033
2025-09-03 20:00:00,0.0,0.0,0.03549999999999898,0.1630000000000038
2025-09-03 21:00:00,0.0,0.0,0.07150000000000034,0.16250000000000853
2025-09-03 22:00:00,0.0,0.0,0.21600000000000108,0.07550000000000168
2025-09-03 23:00:00,0.0,0.0,0.1265000000000036,0.02049999999999841
2025-09-04 00:00:00,0.003249999999999531,0.0,0.3319999999999993,0.05150000000000077
2025-09-04 01:00:00,0.0031249999999998224,0.0,0.4315000000000019,0.006499999999999062
2025-09-04 02:00:00,0.0,0.0,0.0625,0.09849999999999781
2025-09-04 03:00:00,0.0,0.0,0.2880000000000038,0.01950000000000074
2025-09-04 04:00:00,0.0,0.0,0.13049999999999073,0.0589999999999975
2025-09-04 05:00:00,0.0,0.0,0.05999999999999872,0.12549999999999883
2025-09-04 06:00:00,0.0,0.00012499999999970868,0.03999999999999915,0.29899999999999877
2025-09-04 07:00:00,0.0,0.0,0.03399999999999537,0.3399999999999963
2025-09-04 08:00:00,0.0,0.0,0.05649999999999977,0.07000000000000384
2025-09-04 09:00:00,0.0,0.0,0.059499999999996334,0.2735000000000021
2025-09-04 10:00:00,0.0,0.0,0.11949999999999505,0.036000000000001364
2025-09-04 11:00:00,0.0,0.0,0.17700000000000315,0.05150000000000432
2025-09-04 12:00:00,0.0,0.0,0.08950000000000102,0.25450000000000017
2025-09-04 13:00:00,0.0,0.0,0.09550000000000836,0.09000000000000696
2025-09-04 14:00:00,0.0,0.0,0.07949999999999946,0.1630000000000038
2025-09-04 15:00:00,0.0,0.0,0.1579999999999977,0.048500000000004206
2025-09-04 16:00:00,0.0,0.0,0.0899999999999963,0.14650000000000318
2025-09-04 17:00:00,0.0,0.00137499999999946,0.21700000000000585,0.22899999999999848
2025-09-04 18:00:00,0.0,0.0,0.15399999999999636,0.07700000000000173
2025-09-04 19:00:00,0.0,0.0,0.10150000000000148,0.257999999999992
2025-09-04 20:00:00,0.0,0.0,0.1869999999999976,0.036000000000001364
2025-09-04 21:00:00,0.0,0.0031249999999998224,0.06150000000000588,0.442500000000004
2025-09-04 22:00:00,0.0,0.0,0.1460000000000008,0.013999999999999346
2025-09-04 23:00:00,0.0,0.0,0.20400000000000773,0.018000000000000682
2025-09-05 00:00:00,0.0,0.0,0.18850000000000477,0.024000000000004462
2025-09-05 01:00:00,0.0,0.0,0.11650000000000205,0.03849999999999909
2025-09-05 02:00:00,0.0,0.0,0.15249999999999986,0.024499999999999744
2025-09-05 03:00:00,0.0,0.0,0.16450000000000387,0.04899999999999949
2025-09-05 04:00:00,0.0024999999999995026,0.0,0.5615000000000115,0.007500000000000284
2025-09-05 05:00:00,0.0,0.0,0.08800000000000097,0.09600000000000719
2025-09-05 06:00:00,0.0,0.0,0.021000000000000796,0.3299999999999983
2025-09-05 07:00:00,0.0,0.0,0.07850000000000179,0.2149999999999963
2025-09-05 08:00:00,0.0,0.0,0.046500000000005315,0.13200000000000145
2025-09-05 09:00:00,0.0,0.0,0.053999999999998494,0.0779999999999994
2025-09-05 10:00:00,0.0,0.0,0.14649999999999963,0.09350000000000236
2025-09-05 11:00:00,0.0,0.0,0.0610000000000106,0.044000000000004036
2025-09-05 12:00:00,0.0,0.0,0.041499999999999204,0.19750000000000867
2025-09-05 13:00:00,0.0,0.0,0.08250000000000668,0.04499999999999815
2025-09-05 14:00:00,0.0,0.0,0.07950000000000301,0.09000000000000696
2025-09-05 15:00:00,0.0,0.0,0.08549999999999969,0.05600000000000094
2025-09-05 16:00:00,0.0,0.0,0.029500000000005855,0.08000000000000185
2025-09-05 17:00:00,0.0,0.0,0.07699999999999818,0.08300000000000196
2025-09-05 18:00:00,0.0,0.0,0.06500000000000483,0.11250000000000426
2025-09-05 19:00:00,0.0,0.0,0.018000000000000682,0.19399999999999906
2025-09-05 20:00:00,0.0,0.0,0.03800000000000381,0.13950000000000173
2025-09-05 21:00:00,0.0,0.0,0.04450000000000287,0.10000000000000142
2025-09-05 22:00:00,0.0,0.0,0.05600000000000094,0.09450000000000358
2025-09-05 23:00:00,0.0,0.0,0.031500000000001194,0.07150000000000034
2025-09-06 00:00:00,0.0,0.0,0.20749999999999957,0.042500000000000426
2025-09-06 01:00:00,0.0,0.0,0.07600000000000406,0.03400000000000247
2025-09-06 02:00:00,0.0,0.0,0.03300000000000125,0.052000000000003155
2025-09-06 03:00:00,0.0,0.0,0.06299999999999883,0.06700000000000017
2025-09-06 04:00:00,0.0,0.0,0.053000000000000824,0.027499999999999858
2025-09-06 05:00:00,0.0,0.0,0.060499999999994,0.08400000000000318
2025-09-06 06:00:00,0.0,0.0,0.04800000000000537,0.08699999999999974
2025-09-06 07:00:00,0.0,0.0,0.2065000000000019,0.05600000000000094
2025-09-06 08:00:00,0.0,0.0,0.1560000000000059,0.051499999999997215
2025-09-06 09:00:00,0.0,0.0,0.033500000000000085,0.11450000000000315
2025-09-06 10:00:00,0.0,0.0,0.0990000000000002,0.07400000000000517
2025-09-06 11:00:00,0.0,0.0,0.014500000000001734,0.137000000000004
2025-09-06 12:00:00,0.0,0.0,0.05799999999999983,0.08899999999999508
2025-09-06 13:00:00,0.0,0.0,0.02400000000000091,0.14000000000000057
2025-09-06 14:00:00,0.0,0.0,0.12499999999999645,0.07800000000000296
2025-09-06 15:00:00,0.0,0.0,0.015999999999998238,0.232999999999997
2025-09-06 16:00:00,0.0,0.0,0.11350000000000193,0.06700000000000372
2025-09-06 17:00:00,0.0,0.0,0.15000000000000213,0.050499999999999545
2025-09-06 18:00:00,0.0,0.0,0.09700000000000486,0.03200000000000003
2025-09-06 19:00:00,0.0,0.0,0.028500000000004633,0.12600000000000122
2025-09-06 20:00:00,0.0,0.0,0.06949999999999434,0.1784999999999961
2025-09-06 21:00:00,0.0,0.0,0.05100000000000193,0.09349999999999525
2025-09-06 22:00:00,0.0,0.0,0.14150000000000418,0.011499999999998067
2025-09-06 23:00:00,0.0,0.0,0.0990000000000073,0.07949999999999946
2025-09-07 00:00:00,0.0,0.0,0.13200000000000145,0.03900000000000148
2025-09-07 01:00:00,0.0,0.0,0.08450000000000202,0.014500000000001734
2025-09-07 02:00:00,0.0,0.0,0.08600000000000207,0.04500000000000526
2025-09-07 03:00:00,0.0,0.0,0.15700000000000358,0.027499999999999858
2025-09-07 04:00:00,0.0,0.0,0.10950000000000415,0.010000000000001563
2025-09-07 05:00:00,0.0,0.0,0.02400000000000091,0.06200000000000827
2025-09-07 06:00:00,0.0,0.0,0.0329999999999977,0.1475000000000044
2025-09-07 07:00:00,0.0,0.0,0.10849999999999937,0.2680000000000007
2025-09-07 08:00:00,0.0,0.0,0.14500000000000668,0.021000000000000796
2025-09-07 09:00:00,0.0,0.0,0.1410000000000018,0.044000000000004036
2025-09-07 10:00:00,0.0,0.0,0.027499999999999858,0.07450000000000045
2025-09-07 11:00:00,0.0,0.0,0.07050000000000267,0.030000000000001137
2025-09-07 12:00:00,0.0,0.0,0.07950000000000657,0.0625
2025-09-07 13:00:00,0.0,0.0,0.11500000000000554,0.024000000000004462
2025-09-07 14:00:00,0.0,0.0,0.06200000000000472,0.05100000000000193
2025-09-07 15:00:00,0.0,0.0,0.06900000000000261,0.0730000000000004
2025-09-07 16:00:00,0.0,0.0,0.06799999999999784,0.11049999999999471
2025-09-07 17:00:00,0.0,0.0,0.1004999999999967,0.11000000000000298
2025-09-07 18:00:00,0.0,0.0,0.17749999999999844,0.16049999999999187
2025-09-07 19:00:00,0.0,0.0,0.027000000000001023,0.13349999999999795
2025-09-07 20:00:00,0.0,0.0,0.14150000000000063,0.03850000000000264
2025-09-07 21:00:00,0.0,0.0,0.1410000000000018,0.03500000000000014
2025-09-07 22:00:00,0.0,0.0,0.04199999999999804,0.10400000000000631
2025-09-07 23:00:00,0.0,0.0,0.06350000000000477,0.04800000000000537
2025-09-08 00:00:00,0.0,0.0,0.2980000000000018,0.0010000000000012221
2025-09-08 01:00:00,0.0,0.0,0.023500000000002075,0.08099999999999596
2025-09-08 02:00:00,0.0,0.0,0.09700000000000131,0.06300000000000239
2025-09-08 03:00:00,0.0,0.0,0.022999999999996135,0.16499999999999915
2025-09-08 04:00:00,0.0,0.0,0.1305000000000014,0.0329999999999977
2025-09-08 05:00:00,0.0,0.0,0.06099999999999994,0.1264999999999965
2025-09-08 06:00:00,0.0,0.0,0.08399999999999963,0.08799999999999741
2025-09-08 07:00:00,0.0,0.0,0.047500000000002984,0.08900000000000219
2025-09-08 08:00:00,0.0,0.0,0.022000000000002018,0.08249999999999957
2025-09-08 09:00:00,0.0,0.0,0.09100000000000108,0.03400000000000247
2025-09-08 10:00:00,0.0,0.0,0.054500000000007987,0.04100000000000392
2025-09-08 11:00:00,0.0,0.0,0.04899999999999949,0.08249999999999957
2025-09-08 12:00:00,0.0,0.0,0.05150000000000077,0.13449999999999562
2025-09-08 13:00:00,0.0,0.0,0.27450000000000685,0.017500000000001847
2025-09-08 14:00:00,0.0,0.0,0.07900000000000063,0.06100000000000705
2025-09-08 15:00:00,0.0,0.0,0.16049999999999898,0.07099999999999795
2025-09-08 16:00:00,0.0,0.0,0.026000000000003354,0.1455000000000055
2025-09-08 17:00:00,0.0,0.0,0.11750000000000682,0.067499999999999
2025-09-08 18:00:00,0.0,0.0,0.06350000000000477,0.08650000000000091
2025-09-08 19:00:00,0.0,0.0,0.028999999999999915,0.12400000000000233
2025-09-08 20:00:00,0.0,0.0,0.03200000000000003,0.10600000000000165
2025-09-08 21:00:00,0.0,0.0,0.05049999999999599,0.0884999999999998
2025-09-08 22:00:00,0.0,0.0,0.16000000000000014,0.1095000000000006
2025-09-08 23:00:00,0.0,0.0,0.23100000000000165,0.16849999999999454
2025-09-09 00:00:00,0.0,0.0,0.0519999999999996,0.10500000000000043
2025-09-09 01:00:00,0.0,0.0,0.06150000000000233,0.06050000000000111
2025-09-09 02:00:00,0.0,0.0,0.044000000000004036,0.0660000000000025
2025-09-09 03:00:00,0.0,0.0,0.029000000000003467,0.08600000000000918
2025-09-09 04:00:00,0.0,0.0,0.11500000000000554,0.02049999999999841
2025-09-09 05:00:00,0.0,0.0,0.02149999999999963,0.0779999999999994
2025-09-09 06:00:00,0.0,0.0,0.07250000000000156,0.04500000000000526
2025-09-09 07:00:00,0.0,0.0,0.025500000000000966,0.5045000000000073
2025-09-09 08:00:00,0.0,0.0,0.0934999999999988,0.0639999999999965
2025-09-09 09:00:00,0.0,0.0,0.08800000000000097,0.047999999999998266
2025-09-09 10:00:00,0.0,0.0,0.1235000000000035,0.08649999999999736
2025-09-09 11:00:00,0.0,0.0,0.10350000000000037,0.0540000000000056
2025-09-09 12:00:00,0.0,0.0,0.17449999999999477,0.027999999999998693
2025-09-09 13:00:00,0.0,0.0,0.10350000000000037,0.04550000000000054
2025-09-09 14:00:00,0.0007500000000000284,0.0,0.32199999999999845,0.010999999999999233
2025-09-09 15:00:00,0.0,0.0,0.02400000000000091,0.14500000000000313
2025-09-09 16:00:00,0.0,0.0,0.022000000000002018,0.29099999999999326
2025-09-09 17:00:00,0.0,0.0,0.0,0.3555000000000028
2025-09-09 18:00:00,0.0,0.0,0.11950000000000927,0.14649999999999963
2025-09-09 19:00:00,0.0,0.0,0.09950000000000259,0.05100000000000193
2025-09-09 20:00:00,0.0,0.0,0.024000000000004462,0.16950000000000287
2025-09-09 21:00:00,0.0,0.0,0.15200000000000458,0.08950000000000458
2025-09-09 22:00:00,0.0,0.0,0.17299999999999827,0.03400000000000247
2025-09-09 23:00:00,0.0,0.0,0.07900000000000063,0.11050000000000892
2025-09-10 00:00:00,0.0,0.0,0.18900000000001427,0.01699999999999946
2025-09-10 01:00:00,0.0,0.0,0.1670000000000016,0.01799999999999713
2025-09-10 02:00:00,0.0,0.0,0.047999999999998266,0.16250000000000497
2025-09-10 03:00:00,0.0,0.0,0.12450000000000117,0.059499999999999886
2025-09-10 04:00:00,0.0,0.0,0.1645000000000003,0.04200000000000159
2025-09-10 05:00:00,0.0,0.0,0.06300000000000594,0.15199999999999747
2025-09-10 06:00:00,0.0,0.0,0.15149999999999864,0.03400000000000247
2025-09-10 07:00:00,0.0,0.0,0.0,0.31200000000000827
2025-09-10 08:00:00,0.0,0.0,0.11850000000000094,0.17100000000000293
2025-09-10 09:00:00,0.0,0.0,0.10599999999999454,0.012000000000000455
2025-09-10 10:00:00,0.0,0.0,0.0870000000000033,0.11899999999999622
2025-09-10 11:00:00,0.0,0.0,0.15350000000000819,0.007500000000000284
2025-09-10 12:00:00,0.0,0.0,0.0990000000000002,0.09600000000000009
2025-09-10 13:00:00,0.0,0.0,0.19500000000000028,0.04350000000000165
2025-09-10 14:00:00,0.0019999999999997797,0.0,0.28749999999999715,0.014499999999998181
2025-09-10 15:00:00,0.0,0.0,0.064500000000006,0.11499999999999844
2025-09-10 16:00:00,0.0,0.0,0.07550000000000168,0.07249999999999801
2025-09-10 17:00:00,0.0,0.0,0.004000000000001336,0.34350000000000236
2025-09-10 18:00:00,0.0,0.0,0.02949999999999875,0.21950000000000003
2025-09-10 19:00:00,0.0,0.0,0.08549999999999613,0.04900000000000304
2025-09-10 20:00:00,0.0,0.0,0.07850000000000534,0.08550000000000324
2025-09-10 21:00:00,0.0,0.0,0.17150000000000176,0.029500000000002302
2025-09-10 22:00:00,0.0,0.0,0.20649999999999835,0.13049999999999784
2025-09-10 23:00:00,0.0,0.0,0.07899999999999707,0.0779999999999994
2025-09-11 00:00:00,0.0,0.0,0.04000000000000625,0.18549999999999756
2025-09-11 01:00:00,0.0,0.0,0.12950000000000017,0.03300000000000125
2025-09-11 02:00:00,0.0,0.0,0.11050000000000537,0.04299999999999926
2025-09-11 03:00:00,0.0,0.0,0.10050000000000736,0.058499999999998664
2025-09-11 04:00:00,0.0,0.0,0.08050000000000068,0.05499999999999616
2025-09-11 05:00:00,0.0,0.0,0.15050000000000097,0.05299999999999727
2025-09-11 06:00:00,0.0,0.0,0.049000000000006594,0.11750000000000327
2025-09-11 07:00:00,0.0,0.0,0.09099999999999753,0.06300000000000239
2025-09-11 08:00:00,0.0,0.0,0.12199999999999633,0.07950000000000301
2025-09-11 09:00:00,0.0,0.0,0.1305000000000014,0.045000000000001705
2025-09-11 10:00:00,0.0,0.002374999999999794,0.042000000000005144,0.27700000000000313
2025-09-11 11:00:00,0.0,0.0,0.03950000000000031,0.4570000000000043
2025-09-11 12:00:00,0.0,0.0,0.11949999999999861,0.0940000000000012
2025-09-11 13:00:00,0.0,0.024374999999999147,0.0,0.8309999999999953
2025-09-11 14:00:00,0.0,0.0,0.1579999999999977,0.05400000000000915
2025-09-11 15:00:00,0.0,0.0,0.07550000000000523,0.18199999999999505
2025-09-11 16:00:00,0.0,0.0,0.3389999999999951,0.04399999999999693
2025-09-11 17:00:00,0.0,0.0,0.1560000000000059,0.044000000000004036
2025-09-11 18:00:00,0.0,0.0,0.11049999999999827,0.12950000000000372
2025-09-11 19:00:00,0.0,0.0,0.15749999999999886,0.09600000000000009
2025-09-11 20:00:00,0.0,0.0,0.18499999999999872,0.04499999999999815
2025-09-11 21:00:00,0.0,0.0,0.24999999999999645,0.03599999999999781
2025-09-11 22:00:00,0.0,0.0,0.21600000000000463,0.012500000000002842
2025-09-11 23:00:00,0.0003750000000000142,0.002374999999999794,0.23700000000000115,0.38499999999999374
2025-09-12 00:00:00,0.0,0.0,0.1685000000000052,0.07550000000000168
2025-09-12 01:00:00,0.0,0.0,0.24750000000000227,0.025499999999997414
2025-09-12 02:00:00,0.0,0.0,0.1944999999999979,0.043499999999998096
2025-09-12 03:00:00,0.0,0.0,0.16900000000000404,0.01950000000000074
2025-09-12 04:00:00,0.0,0.0,0.11050000000000537,0.04649999999999821
2025-09-12 05:00:00,0.0015000000000000568,0.0,0.327000000000001,0.10300000000000153
2025-09-12 06:00:00,0.0,0.0,0.12150000000000105,0.03950000000000031
2025-09-12 07:00:00,0.0,0.006249999999999645,0.1340000000000039,0.24850000000000136
2025-09-12 08:00:00,0.0,0.0,0.45599999999999596,0.0
2025-09-12 09:00:00,0.0,0.0,0.07499999999999929,0.09500000000000242
2025-09-12 10:00:00,0.0,0.0,0.19000000000000128,0.15199999999999747
2025-09-12 11:00:00,0.0,0.0,0.06750000000000256,0.11000000000000298
2025-09-12 12:00:00,0.0,0.0,0.030000000000001137,0.20950000000000202
2025-09-12 13:00:00,0.0,0.0,0.15400000000000347,0.06550000000000367
2025-09-12 14:00:00,0.0,0.0,0.10350000000000747,0.0920000000000023
2025-09-12 15:00:00,0.0,0.0,0.08050000000000068,0.1025000000000027
2025-09-12 16:00:00,0.0,0.01049999999999951,0.1059999999999981,0.36450000000000105
2025-09-12 17:00:00,0.0,0.0,0.11949999999999861,0.09899999999999665
2025-09-12 18:00:00,0.0,0.0,0.09000000000000341,0.12750000000000838
2025-09-12 19:00:00,0.0,0.0,0.036000000000001364,0.11599999999999966
2025-09-12 20:00:00,0.0,0.0,0.03550000000000253,0.10400000000000276
2025-09-12 21:00:00,0.002874999999999517,0.0,0.3565000000000026,0.06350000000000122
2025-09-12 22:00:00,0.0,0.0,0.08599999999999852,0.03550000000000253
2025-09-12 23:00:00,0.0,0.0,0.1144999999999996,0.07100000000000506
2025-09-13 00:00:00,0.0,0.0,0.09149999999999636,0.03849999999999554
2025-09-13 01:00:00,0.0,0.0,0.08800000000000097,0.053000000000000824
2025-09-13 02:00:00,0.0,0.0,0.25150000000000006,0.030000000000001137
2025-09-13 03:00:00,0.0,0.0,0.15700000000000003,0.0835000000000008
2025-09-13 04:00:00,0.0,0.0,0.1425000000000054,0.03450000000000131
2025-09-13 05:00:00,0.0,0.0,0.09000000000000341,0.07000000000000028
2025-09-13 06:00:00,0.0,0.0,0.02500000000000213,0.12550000000000594
2025-09-13 07:00:00,0.0,0.0,0.01950000000000074,0.10550000000000637
2025-09-13 08:00:00,0.0,0.0,0.3349999999999973,0.004999999999999005
2025-09-13 09:00:00,0.0,0.0,0.19950000000000756,0.020000000000003126
2025-09-13 10:00:00,0.0,0.0,0.03450000000000131,0.37800000000000367
2025-09-13 11:00:00,0.0008749999999997371,0.0,0.15800000000000053,0.1109999999999971
2025-09-13 12:00:00,0.0,0.0,0.06850000000000023,0.07549999999999812
2025-09-13 13:00:00,0.0,0.0,0.12450000000000472,0.13700000000000045
2025-09-13 14:00:00,0.0,0.0,0.06300000000000239,0.09249999999999403
2025-09-13 15:00:00,0.0,0.0,0.21449999999999747,0.08999999999999275
2025-09-13 16:00:00,0.0,0.0,0.08699999999999974,0.1425000000000054
2025-09-13 17:00:00,0.0,0.0,0.15200000000000813,0.09800000000000253
2025-09-13 18:00:00,0.0,0.0,0.023499999999998522,0.25500000000000256
2025-09-13 19:00:00,0.0,0.0,0.027999999999998693,0.42249999999999943
2025-09-13 20:00:00,0.0,0.00012499999999970868,0.02049999999999841,0.3024999999999977
2025-09-13 21:00:00,0.0,0.0,0.12200000000000344,0.04150000000000631
2025-09-13 22:00:00,0.00137499999999946,0.0,0.2750000000000085,0.012000000000000455
2025-09-13 23:00:00,0.0,0.0,0.20599999999999596,0.05649999999999977
2025-09-14 00:00:00,0.0,0.0,0.07199999999999918,0.08799999999999741
2025-09-14 01:00:00,0.0,0.0,0.06500000000000483,0.058000000000006935
2025-09-14 02:00:00,0.0004999999999997229,0.0,0.35049999999999953,0.038000000000000256
2025-09-14 03:00:00,0.0,0.0,0.02349999999999497,0.03900000000000503
2025-09-14 04:00:00,0.0,0.0,0.019999999999999574,0.16450000000001097
2025-09-14 05:00:00,0.0,0.0,0.02450000000000685,0.04899999999999949
2025-09-14 06:00:00,0.0,0.0,0.0505000000000031,0.1110000000000042
2025-09-14 07:00:00,0.0,0.0,0.04500000000000526,0.13150000000000617
2025-09-14 08:00:00,0.0,0.0,0.08600000000000207,0.08600000000000207
2025-09-14 09:00:00,0.0,0.0,0.08099999999999952,0.053000000000000824
2025-09-14 10:00:00,0.0,0.0,0.21800000000000708,0.055999999999997385
2025-09-14 11:00:00,0.0,0.0,0.0555000000000021,0.055500000000005656
2025-09-14 12:00:00,0.0,0.0,0.10400000000000276,0.06449999999999889
2025-09-14 13:00:00,0.0,0.0,0.013999999999999346,0.22449999999999548
2025-09-14 14:00:00,0.0,0.0,0.08999999999999986,0.07000000000000028
2025-09-14 15:00:00,0.0,0.0,0.03200000000000003,0.13899999999999935
2025-09-14 16:00:00,0.0,0.0,0.07649999999999935,0.16850000000000165
2025-09-14 17:00:00,0.0,0.0,0.06450000000000244,0.05500000000000327
2025-09-14 18:00:00,0.0,0.0,0.05000000000000071,0.10099999999999554
2025-09-14 19:00:00,0.0,0.0,0.08300000000000551,0.034499999999997755
2025-09-14 20:00:00,0.0,0.0,0.07450000000000045,0.07500000000000284
2025-09-14 21:00:00,0.0,0.0,0.057500000000000995,0.06750000000000256
2025-09-14 22:00:00,0.0,0.0,0.057500000000000995,0.09449999999999648
2025-09-14 23:00:00,0.0,0.0,0.1714999999999982,0.06799999999999784
2025-09-15 00:00:00,0.0,0.0,0.11299999999999955,0.09700000000000131
2025-09-15 01:00:00,0.0,0.0,0.030999999999998806,0.26850000000000307
2025-09-15 02:00:00,0.0,0.0,0.10000000000000142,0.08200000000000074
2025-09-15 03:00:00,0.0,0.0,0.08250000000000313,0.05850000000000222
2025-09-15 04:00:00,0.0,0.0,0.1595000000000013,0.0330000000000048
2025-09-15 05:00:00,0.0,0.0,0.15850000000000009,0.03549999999999898
2025-09-15 06:00:00,0.0,0.008000000000000007,0.01150000000000162,0.4800000000000054
2025-09-15 07:00:00,0.0,0.0,0.02400000000000091,0.3760000000000012
2025-09-15 08:00:00,0.0,0.0,0.341500000000007,0.042500000000000426
2025-09-15 09:00:00,0.01774999999999949,0.0,0.47900000000000276,0.04199999999999804
2025-09-15 10:00:00,0.0,0.0,0.07950000000000301,0.13199999999999434
2025-09-15 11:00:00,0.0,0.0,0.16399999999999793,0.09700000000000131
2025-09-15 12:00:00,0.0,0.0,0.31649999999999423,0.03749999999999787
2025-09-15 13:00:00,0.0,0.0,0.13800000000000523,0.13049999999999784
2025-09-15 14:00:00,0.0,0.0,0.054999999999999716,0.2035000000000018
2025-09-15 15:00:00,0.0,0.0024999999999995026,0.14750000000000085,0.4470000000000013
2025-09-15 16:00:00,0.0,0.0,0.26599999999999824,0.060000000000002274
2025-09-15 17:00:00,0.0,0.0,0.07850000000000179,0.13100000000000378
2025-09-15 18:00:00,0.0,0.0,0.08549999999999969,0.13950000000000173
2025-09-15 19:00:00,0.0,0.0,0.05250000000000199,0.10250000000000625
2025-09-15 20:00:00,0.0,0.0,0.3069999999999986,0.07049999999999912
2025-09-15 21:00:00,0.0,0.0,0.10800000000000409,0.20949999999999847
2025-09-15 22:00:00,0.0,0.0,0.12400000000000233,0.3370000000000033
2025-09-15 23:00:00,0.0,0.0,0.16799999999999926,0.1994999999999969
2025-09-16 00:00:00,0.0011249999999991545,0.0,0.3845000000000006,0.11650000000000205
2025-09-16 01:00:00,0.0,0.0,0.14500000000000313,0.12099999999999866
2025-09-16 02:00:00,0.0,0.0,0.06750000000000256,0.07900000000000063
2025-09-16 03:00:00,0.0,0.0,0.0259999999999998,0.13600000000000279
2025-09-16 04:00:00,0.0,0.0,0.0969999999999942,0.0835000000000008
2025-09-16 05:00:00,0.0,0.0,0.17250000000000298,0.038999999999997925
2025-09-16 06:00:00,0.0,0.0,0.03900000000000148,0.14250000000000185
2025-09-16 07:00:00,0.0,0.016750000000000043,0.09699999999999775,0.2530000000000022
2025-09-16 08:00:00,0.0,0.0,0.13749999999999218,0.06149999999999878
2025-09-16 09:00:00,0.0,0.0,0.16578947368421681,0.05473684210526648
2025-09-16 10:00:00,0.0,0.0,0.13449999999999918,0.050499999999999545
2025-09-16 11:00:00,0.0,0.0,0.19550000000000267,0.059000000000004604
2025-09-16 12:00:00,0.0,0.0,0.0835000000000008,0.0955000000000048
2025-09-16 13:00:00,0.0,0.0,0.011499999999998067,0.16400000000000148
2025-09-16 14:00:00,0.0,0.0,0.0815000000000019,0.26550000000000296
2025-09-16 15:00:00,0.0,0.0,0.07950000000000301,0.05849999999999511
2025-09-16 16:00:00,0.0,0.0,0.09750000000000014,0.15199999999999747
2025-09-16 17:00:00,0.0,0.0,0.22299999999999898,0.02149999999999963
2025-09-16 18:00:00,0.0,0.0,0.19399999999999906,0.04599999999999582
2025-09-16 19:00:00,0.0,0.0,0.07900000000000063,0.07099999999999795
2025-09-16 20:00:00,0.0,0.0,0.023500000000002075,0.32700000000000173
2025-09-16 21:00:00,0.0,0.0,0.08599999999999852,0.05850000000000222
2025-09-16 22:00:00,0.0,0.0,0.043499999999998096,0.09699999999999775
2025-09-16 23:00:00,0.0,0.0,0.12549999999999883,0.10350000000000392
2025-09-17 00:00:00,0.0,0.0,0.15399999999999991,0.12750000000000483
2025-09-17 01:00:00,0.0,0.0,0.0765000000000029,0.10350000000000392
2025-09-17 02:00:00,0.0,0.0,0.14150000000000773,0.05349999999999966
2025-09-17 03:00:00,0.0,0.0,0.15850000000001074,0.04650000000000176
2025-09-17 04:00:00,0.0,0.0,0.036999999999999034,0.037000000000002586
2025-09-17 05:00:00,0.0,0.0,0.13450000000000273,0.08249999999999957
2025-09-17 06:00:00,0.0,0.0,0.03600000000000492,0.17999999999999616
2025-09-17 07:00:00,0.0,0.0,0.08699999999999974,0.3065000000000069
2025-09-17 08:00:00,0.0,0.0,0.08750000000000213,0.030999999999998806
2025-09-17 09:00:00,0.0,0.0,0.08099999999999952,0.10449999999999804
2025-09-17 10:00:00,0.0,0.0,0.10250000000000625,0.07950000000000301
2025-09-17 11:00:00,0.0,0.0,0.17400000000000304,0.0940000000000012
2025-09-17 12:00:00,0.0,0.0,0.1039999999999992,0.10899999999999821
2025-09-17 13:00:00,0.0,0.0,0.015000000000004121,0.2769999999999939
2025-09-17 14:00:00,0.0,0.0,0.007999999999999119,0.31449999999999534
2025-09-17 15:00:00,0.0,0.0,0.09999999999999787,0.0715000000000039
2025-09-17 16:00:00,0.0,0.0,0.017499999999998295,0.3309999999999995
2025-09-17 17:00:00,0.0,0.0,0.12450000000000117,0.0694999999999979
2025-09-17 18:00:00,0.0,0.00012499999999970868,0.04949999999999832,0.3930000000000035
2025-09-17 19:00:00,0.0,0.011624999999998664,0.0,0.6769999999999967
2025-09-17 20:00:00,0.0,0.0,0.14600000000001145,0.06400000000000361
2025-09-17 21:00:00,0.0,0.0,0.2170000000000023,0.057500000000000995
2025-09-17 22:00:00,0.0,0.0,0.2930000000000028,0.040500000000001535
2025-09-17 23:00:00,0.0,0.0,0.21999999999999886,0.01249999999999929
2025-09-18 00:00:00,0.0,0.0,0.3995000000000033,0.01249999999999929
2025-09-18 01:00:00,0.0,0.0,0.137000000000004,0.02750000000000341
2025-09-18 02:00:00,0.0,0.0,0.17649999999999366,0.02300000000000324
2025-09-18 03:00:00,0.0,0.0,0.022500000000000853,0.1694999999999922
2025-09-18 04:00:00,0.0,0.0,0.3774999999999977,0.0
2025-09-18 05:00:00,0.0,0.0,0.3340000000000032,0.08699999999999974
2025-09-18 06:00:00,0.0,0.0,0.14999999999999858,0.03300000000000125
2025-09-18 07:00:00,0.0,0.0,0.20200000000000173,0.0519999999999996
2025-09-18 08:00:00,0.0,0.0,0.13549999999999685,0.016499999999997073
2025-09-18 09:00:00,0.0,0.0,0.04400000000000048,0.15100000000000335
2025-09-18 10:00:00,0.0,0.0,0.009499999999999176,0.2995000000000019
2025-09-18 11:00:00,0.0,0.0,0.07750000000000412,0.06899999999999551
2025-09-18 12:00:00,0.0,0.0,0.14199999999999946,0.05150000000000077
2025-09-18 13:00:00,0.0,0.0,0.16249999999999787,0.19850000000000279
2025-09-18 14:00:00,0.0,0.0,0.09250000000000469,0.05649999999999977
2025-09-18 15:00:00,0.0,0.0,0.11299999999999955,0.053500000000006764
2025-09-18 16:00:00,0.0,0.003124999999998934,0.08949999999999747,0.452500000000002
2025-09-18 17:00:00,0.0,0.0,0.28699999999999903,0.017500000000001847
2025-09-18 18:00:00,0.0,0.0,0.11299999999999955,0.048500000000000654
2025-09-18 19:00:00,0.0,0.0,0.06099999999999994,0.039999999999995595
2025-09-18 20:00:00,0.0,0.0,0.06050000000000111,0.09800000000000253
2025-09-18 21:00:00,0.0,0.0,0.1130000000000031,0.07550000000000168
2025-09-18 22:00:00,0.0,0.0,0.10400000000000276,0.10150000000000148
2025-09-18 23:00:00,0.0,0.0,0.10600000000000165,0.048000000000008924
2025-09-19 00:00:00,0.0026250000000000995,0.0,0.3914999999999999,0.08450000000000202
2025-09-19 01:00:00,0.0,0.0,0.05449999999999733,0.05999999999999872
2025-09-19 02:00:00,0.0,0.0,0.04250000000000398,0.06750000000000966
2025-09-19 03:00:00,0.0,0.0,0.08400000000000674,0.05350000000000321
2025-09-19 04:00:00,0.0,0.0,0.04500000000000526,0.08200000000000784
2025-09-19 05:00:00,0.0,0.0,0.16449999999999676,0.03200000000000003
2025-09-19 06:00:00,0.0,0.0,0.09850000000000136,0.09200000000000585
2025-09-19 07:00:00,0.0,0.0,0.12849999999999895,0.05299999999999372
2025-09-19 08:00:00,0.0,0.0,0.03749999999999787,0.08050000000000423
2025-09-19 09:00:00,0.0,0.0,0.09049999999999514,0.1164999999999985
2025-09-19 10:00:00,0.0,0.0,0.02650000000000219,0.18049999999999855
2025-09-19 11:00:00,0.0,0.0,0.07450000000000756,0.10800000000000054
2025-09-19 12:00:00,0.0,0.0,0.07400000000000162,0.1634999999999991
2025-09-19 13:00:00,0.0,0.0,0.10099999999999909,0.02650000000000219
2025-09-19 14:00:00,0.0,0.0,0.2275000000000027,0.021500000000003183
2025-09-19 15:00:00,0.0,0.0,0.15000000000000213,0.038999999999997925
2025-09-19 16:00:00,0.0,0.0,0.1769999999999996,0.008500000000001506
2025-09-19 17:00:00,0.0,0.0,0.03500000000000014,0.11549999999999727
2025-09-19 18:00:00,0.0,0.0,0.10450000000000159,0.10200000000000031
2025-09-19 19:00:00,0.0,0.0,0.07600000000000406,0.07850000000000179
2025-09-19 20:00:00,0.0,0.0,0.19150000000000134,0.10550000000000281
2025-09-19 21:00:00,0.0,0.0,0.04550000000000409,0.09200000000000585
2025-09-19 22:00:00,0.0,0.0,0.1655000000000051,0.09600000000000009
2025-09-19 23:00:00,0.0,0.0,0.036999999999999034,0.08150000000000546
2025-09-20 00:00:00,0.0,0.0,0.13099999999999667,0.07900000000000418
2025-09-20 01:00:00,0.0,0.0,0.05800000000000338,0.07600000000000051
2025-09-20 02:00:00,0.0,0.0,0.04200000000000159,0.13050000000001205
2025-09-20 03:00:00,0.0,0.0,0.04950000000000543,0.08000000000000185
2025-09-20 04:00:00,0.0,0.0,0.06300000000000239,0.06800000000000139
2025-09-20 05:00:00,0.0,0.0,0.05450000000000088,0.04100000000000392
2025-09-20 06:00:00,0.0,0.0,0.0,0.41200000000000614
2025-09-20 07:00:00,0.0,0.0,0.18849999999999767,0.03599999999999781
2025-09-20 08:00:00,0.0,0.0,0.19000000000000483,0.05800000000000338
2025-09-20 09:00:00,0.0,0.0,0.02750000000000341,0.15400000000000702
2025-09-20 10:00:00,0.0,0.0,0.1164999999999985,0.15399999999999991
2025-09-20 11:00:00,0.0,0.0,0.08050000000000423,0.05900000000000105
2025-09-20 12:00:00,0.0,0.0,0.284000000000006,0.03600000000000492
2025-09-20 13:00:00,0.0,0.0,0.2065000000000019,0.041499999999999204
2025-09-20 14:00:00,0.0,0.0,0.07150000000000034,0.0555000000000021
2025-09-20 15:00:00,0.0,0.003375000000000128,0.11499999999999844,0.4099999999999987
2025-09-20 16:00:00,0.0,0.0,0.18849999999999767,0.09899999999999665
2025-09-20 17:00:00,0.0,0.0,0.08450000000000202,0.03549999999999898
2025-09-20 18:00:00,0.0,0.0,0.07649999999999935,0.023999999999997357
2025-09-20 19:00:00,0.0,0.0,0.03750000000000142,0.1445000000000043
2025-09-20 20:00:00,0.0,0.0,0.021999999999998465,0.20549999999999713
2025-09-20 21:00:00,0.0,0.0,0.03999999999999915,0.11600000000000676
2025-09-20 22:00:00,0.0,0.0,0.19350000000000023,0.019000000000001904
2025-09-20 23:00:00,0.0,0.0,0.07900000000000418,0.11350000000000549
2025-09-21 00:00:00,0.0,0.0,0.04649999999999466,0.13249999999999673
2025-09-21 01:00:00,0.0,0.0,0.08050000000000423,0.043000000000002814
2025-09-21 02:00:00,0.0,0.0,0.09600000000000009,0.05349999999999966
2025-09-21 03:00:00,0.0,0.0,0.22000000000000242,0.04800000000000182
2025-09-21 04:00:00,0.0,0.0,0.05950000000000344,0.03950000000000031
2025-09-21 05:00:00,0.0,0.0,0.06750000000000966,0.04899999999999949
2025-09-21 06:00:00,0.0,0.0,0.03550000000000253,0.1444999999999972
2025-09-21 07:00:00,0.0,0.0,0.01899999999999835,0.18350000000000222
2025-09-21 08:00:00,0.0,0.0,0.16249999999999787,0.014499999999998181
2025-09-21 09:00:00,0.0,0.0,0.23199999999999932,0.038000000000000256
2025-09-21 10:00:00,0.0,0.0,0.13900000000001,0.03900000000000148
2025-09-21 11:00:00,0.0,0.0,0.15549999999999997,0.060499999999997556
2025-09-21 12:00:00,0.0,0.0,0.2684999999999995,0.028499999999997527
2025-09-21 13:00:00,0.0,0.0,0.05799999999999983,0.08300000000000551
2025-09-21 14:00:00,0.0,0.0,0.1840000000000046,0.012000000000000455
2025-09-21 15:00:00,0.0,0.0,0.06699999999999662,0.10149999999999437
2025-09-21 16:00:00,0.0,0.0,0.27550000000000097,0.015999999999998238
2025-09-21 17:00:00,0.0,0.0,0.3114999999999988,0.07600000000000406
2025-09-21 18:00:00,0.0,0.0,0.24949999999999406,0.036000000000001364
2025-09-21 19:00:00,0.0,0.0,0.018000000000000682,0.09250000000000469
2025-09-21 20:00:00,0.0,0.0,0.28850000000000264,0.05799999999999628
2025-09-21 21:00:00,0.0,0.0,0.06950000000000145,0.12950000000000017
2025-09-21 22:00:00,0.0,0.0,0.03849999999999909,0.1750000000000007
2025-09-21 23:00:00,0.0,0.0,0.0019999999999988916,0.2310000000000052
2025-09-22 00:00:00,0.0,0.0,0.021000000000000796,0.16450000000000387
2025-09-22 01:00:00,0.0,0.0,0.04749999999999943,0.07900000000000418
2025-09-22 02:00:00,0.0,0.0,0.41199999999999903,0.0
2025-09-22 03:00:00,0.0,0.0,0.09350000000000591,0.07500000000000284
2025-09-22 04:00:00,0.0017499999999994742,0.0,0.28900000000000076,0.06850000000000023
2025-09-22 05:00:00,0.0,0.0,0.13650000000000162,0.14750000000000796
2025-09-22 06:00:00,0.0,0.0,0.14700000000000202,0.14150000000000063
2025-09-22 07:00:00,0.0,0.0,0.017499999999998295,0.23900000000000077
2025-09-22 08:00:00,0.0,0.0,0.010000000000001563,0.13700000000000045
2025-09-22 09:00:00,0.0,0.0,0.05249999999999844,0.17750000000000554
2025-09-22 10:00:00,0.0,0.0,0.043000000000002814,0.16750000000000753
2025-09-22 11:00:00,0.0,0.0,0.07750000000000057,0.10250000000000625
2025-09-22 12:00:00,0.0,0.0,0.12250000000000227,0.08749999999999858
2025-09-22 13:00:00,0.0,0.0003750000000000142,0.010999999999999233,0.3309999999999988
2025-09-22 14:00:00,0.0,0.0,0.013500000000000512,0.2535000000000025
2025-09-22 15:00:00,0.0,0.0,0.15000000000000568,0.049500000000001876
2025-09-22 16:00:00,0.0,0.0,0.20900000000000674,0.05150000000000077
2025-09-22 17:00:00,0.0,0.0,0.10950000000000415,0.04550000000000409
2025-09-22 18:00:00,0.0,0.0,0.21799999999999997,0.1860000000000035
2025-09-22 19:00:00,0.0,0.0,0.011000000000002785,0.16950000000000998
2025-09-22 20:00:00,0.0,0.0,0.09250000000000469,0.10900000000000176
2025-09-22 21:00:00,0.0,0.0,0.07299999999999685,0.06849999999999667
2025-09-22 22:00:00,0.0,0.0,0.12849999999999895,0.09900000000000375
2025-09-22 23:00:00,0.0,0.0,0.07199999999999918,0.06850000000000378
2025-09-23 00:00:00,0.0,0.0,0.43900000000000006,0.018000000000000682
2025-09-23 01:00:00,0.0,0.0,0.12600000000000833,0.03349999999999653
2025-09-23 02:00:00,0.0,0.0,0.05699999999999861,0.13549999999999685
2025-09-23 03:00:00,0.0,0.0,0.021499999999996078,0.08949999999999747
2025-09-23 04:00:00,0.0,0.0,0.057500000000000995,0.06300000000000594
2025-09-23 05:00:00,0.0,0.0,0.254999999999999,0.22799999999999088
2025-09-23 06:00:00,0.0,0.0,0.24750000000000227,0.04450000000000287
2025-09-23 07:00:00,0.0,0.0,0.0835000000000008,0.17950000000000088
2025-09-23 08:00:00,0.0,0.0,0.06650000000000134,0.10649999999999693
2025-09-23 09:00:00,0.0,0.0,0.04600000000000293,0.1424999999999983
2025-09-23 10:00:00,0.0,0.0,0.04299999999999926,0.23400000000000176
2025-09-23 11:00:00,0.0,0.0,0.06299999999999883,0.06650000000000134
2025-09-23 12:00:00,0.0,0.0,0.03100000000000236,0.11149999999999949
2025-09-23 13:00:00,0.0,0.0,0.038000000000000256,0.11850000000000094
2025-09-23 14:00:00,0.0,0.0,0.04499999999999815,0.10500000000000043
2025-09-23 15:00:00,0.0,0.0,0.34999999999999787,0.008500000000001506
2025-09-23 16:00:00,0.0,0.0,0.0870000000000033,0.0850000000000044
2025-09-23 17:00:00,0.0,0.0,0.1944999999999979,0.022999999999999687
2025-09-23 18:00:00,0.0,0.0,0.04949999999999832,0.1439999999999948
2025-09-23 19:00:00,0.0,0.0,0.05000000000000071,0.0990000000000073
2025-09-23 20:00:00,0.0,0.0,0.17949999999999378,0.07900000000000418
2025-09-23 21:00:00,0.0,0.0,0.10650000000000048,0.09850000000000136
2025-09-23 22:00:00,0.0004999999999997229,0.0,0.22650000000000006,0.08000000000000185
2025-09-23 23:00:00,0.0,0.0,0.20400000000000063,0.08900000000000219
2025-09-24 00:00:00,0.0,0.0,0.07350000000000279,0.04800000000000537
2025-09-24 01:00:00,0.0,0.0,0.06050000000000111,0.08050000000000779
2025-09-24 02:00:00,0.0,0.0,0.023499999999998522,0.11250000000000782
2025-09-24 03:00:00,0.0,0.0,0.05100000000000193,0.055500000000005656
2025-09-24 04:00:00,0.0,0.0,0.058499999999998664,0.15749999999999886
2025-09-24 05:00:00,0.0,0.0,0.23100000000000165,0.07000000000000028
2025-09-24 06:00:00,0.00012499999999970868,0.0,0.34800000000000464,0.0660000000000025
2025-09-24 07:00:00,0.0022500000000000853,0.0,0.21950000000000286,0.19099999999999184
2025-09-24 08:00:00,0.0,0.0,0.023500000000002075,0.3219999999999992
2025-09-24 09:00:00,0.0,0.0,0.1305000000000085,0.08749999999999503
2025-09-24 10:00:00,0.0,0.0009999999999994458,0.058499999999998664,0.4675000000000004
2025-09-24 11:00:00,0.0,0.0,0.09500000000000526,0.19300000000000495
2025-09-24 12:00:00,0.0,0.0,0.16299999999999315,0.07350000000000279
2025-09-24 13:00:00,0.0,0.0,0.044000000000004036,0.08699999999999974
2025-09-24 14:00:00,0.0009999999999994458,0.0,0.3679999999999943,0.01249999999999929
2025-09-24 15:00:00,0.0,0.0,0.08250000000000313,0.15399999999999636
2025-09-24 16:00:00,0.0,0.0,0.0730000000000004,0.10200000000000387
2025-09-24 17:00:00,0.0,0.0,0.03300000000000125,0.13300000000000267
2025-09-24 18:00:00,0.0,0.0,0.11550000000000082,0.08399999999999963
2025-09-24 19:00:00,0.0,0.0,0.16149999999999665,0.07049999999999912
2025-09-24 20:00:00,0.0,0.0,0.03300000000000125,0.1680000000000028
2025-09-24 21:00:00,0.0,0.0,0.21600000000000108,0.07400000000000162
2025-09-24 22:00:00,0.0,0.0,0.06950000000000145,0.07350000000000634
2025-09-24 23:00:00,0.0,0.0,0.04150000000000276,0.14300000000000423
2025-09-25 00:00:00,0.0,0.0,0.19050000000000367,0.11650000000000205
2025-09-25 01:00:00,0.0,0.0,0.1565000000000012,0.04150000000000276
2025-09-25 02:00:00,0.0,0.0,0.3409999999999904,0.0
2025-09-25 03:00:00,0.0,0.0,0.008000000000002672,0.1690000000000076
2025-09-25 04:00:00,0.0,0.0,0.0989999999999931,0.020000000000003126
2025-09-25 05:00:00,0.0,0.0,0.14500000000000313,0.0954999999999977
2025-09-25 06:00:00,0.0,0.0,0.12050000000000338,0.09600000000000719
2025-09-25 07:00:00,0.0,0.0,0.005500000000001393,0.1300000000000061
2025-09-25 08:00:00,0.0,0.0,0.027499999999999858,0.18600000000001415
2025-09-25 09:00:00,0.0,0.0,0.07400000000000517,0.08000000000000185
2025-09-25 10:00:00,0.0,0.0,0.022999999999999687,0.1979999999999933
2025-09-25 11:00:00,0.0,0.0,0.04099999999999682,0.07049999999999912
2025-09-25 12:00:00,0.0,0.0,0.05700000000000216,0.09049999999999869
2025-09-25 13:00:00,0.0,0.0,0.12950000000000017,0.08800000000000097
2025-09-25 14:00:00,0.0,0.0,0.06650000000000134,0.08900000000000574
2025-09-25 15:00:00,0.0,0.0,0.05600000000000094,0.17350000000000065
2025-09-25 16:00:00,0.0,0.0,0.09799999999999898,0.07500000000000284
2025-09-25 17:00:00,0.0,0.0,0.0555000000000021,0.06800000000000495
2025-09-25 18:00:00,0.0,0.0,0.11550000000000438,0.09000000000000341
2025-09-25 19:00:00,0.0,0.0,0.05150000000000077,0.17649999999999366
2025-09-25 20:00:00,0.0,0.0,0.1650000000000098,0.05950000000000344
2025-09-25 21:00:00,0.0,0.0,0.25400000000000134,0.02049999999999841
2025-09-25 22:00:00,0.0,0.0,0.1980000000000004,0.07250000000000156
2025-09-25 23:00:00,0.0,0.0,0.1340000000000039,0.06400000000000361
2025-09-26 00:00:00,0.0,0.0,0.08450000000000202,0.07600000000000051
2025-09-26 01:00:00,0.0,0.0,0.10050000000000381,0.05349999999999966
2025-09-26 02:00:00,0.0,0.0,0.07300000000000395,0.06400000000000006
2025-09-26 03:00:00,0.0,0.0,0.04150000000000276,0.05200000000000671
2025-09-26 04:00:00,0.0,0.0,0.08200000000000429,0.04049999999999798
2025-09-26 05:00:00,0.0,0.0,0.07499999999999929,0.34100000000000463
2025-09-26 06:00:00,0.0,0.0,0.061000000000003496,0.08449999999999847
2025-09-26 07:00:00,0.0,0.0,0.041000000000007475,0.11050000000000537
2025-09-26 08:00:00,0.0,0.0,0.04400000000000048,0.09450000000000003
2025-09-26 09:00:00,0.0,0.0,0.14199999999999946,0.02750000000000341
2025-09-26 10:00:00,0.0,0.0,0.025499999999997414,0.1264999999999965
2025-09-26 11:00:00,0.0,0.0,0.049500000000001876,0.10900000000000176
2025-09-26 12:00:00,0.0,0.0,0.040500000000001535,0.19900000000000162
2025-09-26 13:00:00,0.0,0.0,0.038999999999997925,0.06249999999999645
2025-09-26 14:00:00,0.0,0.0,0.0519999999999996,0.059499999999999886
2025-09-26 15:00:00,0.0,0.0,0.03500000000000014,0.07300000000000395
2025-09-26 16:00:00,0.0,0.0,0.04450000000000287,0.10450000000000159
2025-09-26 17:00:00,0.0,0.0,0.013000000000001677,0.17649999999999721
2025-09-26 18:00:00,0.0,0.0,0.07350000000000634,0.047500000000002984
2025-09-26 19:00:00,0.0,0.0,0.045999999999999375,0.06449999999999889
2025-09-26 20:00:00,0.0,0.0,0.009000000000003894,0.19350000000000378
2025-09-26 21:00:00,0.0,0.0,0.067499999999999,0.06099999999999639
2025-09-26 22:00:00,0.0,0.0,0.05799999999999983,0.0710000000000015
2025-09-26 23:00:00,0.0,0.0,0.0710000000000015,0.054500000000004434
2025-09-27 00:00:00,0.0,0.0,0.07550000000000168,0.04550000000000054
2025-09-27 01:00:00,0.0,0.0,0.07250000000000512,0.023999999999997357
2025-09-27 02:00:00,0.0,0.0,0.04650000000000176,0.03750000000000142
2025-09-27 03:00:00,0.0,0.0,0.03200000000000003,0.07200000000000273
2025-09-27 04:00:00,0.0,0.0,0.09450000000000003,0.015000000000000568
2025-09-27 05:00:00,0.0,0.0,0.05100000000000193,0.036499999999996646
2025-09-27 06:00:00,0.0,0.0,0.0045000000000001705,0.42249999999999943
2025-09-27 07:00:00,0.0,0.0,0.019000000000001904,0.20300000000000296
2025-09-27 08:00:00,0.0,0.0,0.10200000000000031,0.04450000000000287
2025-09-27 09:00:00,0.0,0.0,0.06200000000000827,0.026499999999998636
2025-09-27 10:00:00,0.0,0.0,0.0660000000000025,0.24899999999999523
2025-09-27 11:00:00,0.0,0.0,0.012999999999994571,0.20749999999999602
2025-09-27 12:00:00,0.0,0.0,0.033500000000000085,0.10150000000000148
2025-09-27 13:00:00,0.0,0.0,0.07250000000000156,0.18949999999999534
2025-09-27 14:00:00,0.0,0.0,0.0799999999999983,0.04700000000000415
2025-09-27 15:00:00,0.0,0.0,0.19200000000000017,0.005500000000001393
2025-09-27 16:00:00,0.0,0.0,0.17199999999999704,0.026499999999998636
2025-09-27 17:00:00,0.0,0.0,0.0484999999999971,0.10300000000000153
2025-09-27 18:00:00,0.0,0.0,0.13450000000000273,0.129999999999999
2025-09-27 19:00:00,0.0,0.0,0.05550000000000921,0.1124999999999936
2025-09-27 20:00:00,0.0,0.0,0.13350000000000506,0.06750000000000256
2025-09-27 21:00:00,0.0,0.0,0.1305000000000014,0.021000000000000796
2025-09-27 22:00:00,0.0,0.0,0.11800000000000566,0.03400000000000247
2025-09-27 23:00:00,0.0,0.0,0.11299999999999955,0.10249999999999915
2025-09-28 00:00:00,0.0,0.0,0.1425000000000054,0.03249999999999886
2025-09-28 01:00:00,0.0,0.0,0.11900000000000333,0.0010000000000012221
2025-09-28 02:00:00,0.0,0.0,0.0940000000000012,0.03350000000000719
2025-09-28 03:00:00,0.0,0.0,0.05850000000000577,0.032000000000007134
2025-09-28 04:00:00,0.0,0.0,0.07199999999999918,0.02050000000000196
2025-09-28 05:00:00,0.0,0.0,0.07200000000000628,0.03200000000000003
2025-09-28 06:00:00,0.0,0.0,0.054000000000002046,0.14099999999999824
2025-09-28 07:00:00,0.0,0.0,0.08750000000000568,0.05100000000000193
2025-09-28 08:00:00,0.0,0.0,0.06499999999999773,0.05100000000000193
2025-09-28 09:00:00,0.0,0.0,0.14199999999999946,0.016500000000000625
2025-09-28 10:00:00,0.0,0.0,0.06549999999999656,0.07950000000000301
2025-09-28 11:00:00,0.0,0.0,0.040500000000001535,0.142000000000003
2025-09-28 12:00:00,0.0,0.0,0.23799999999999955,0.09100000000000108
2025-09-28 13:00:00,0.0,0.0,0.11550000000000082,0.06750000000000256
2025-09-28 14:00:00,0.0,0.0,0.07700000000000173,0.14700000000000557
2025-09-28 15:00:00,0.0,0.0,0.3065000000000033,0.007500000000000284
2025-09-28 16:00:00,0.0,0.0,0.04350000000000165,0.17250000000000298
2025-09-28 17:00:00,0.0,0.0,0.060000000000005826,0.07250000000000156
2025-09-28 18:00:00,0.0,0.0,0.06950000000000145,0.03750000000000142
2025-09-28 19:00:00,0.0,0.0,0.024000000000004462,0.1910000000000025
2025-09-28 20:00:00,0.0,0.0,0.06100000000000705,0.12150000000000105
2025-09-28 21:00:00,0.0,0.0,0.10100000000000264,0.06899999999999906
2025-09-28 22:00:00,0.0,0.0,0.05799999999999983,0.1039999999999992
2025-09-28 23:00:00,0.0,0.0,0.10600000000000165,0.01799999999999713
2025-09-29 00:00:00,0.0,0.0,0.2029999999999994,0.03650000000000375
2025-09-29 01:00:00,0.0,0.0,0.08649999999999736,0.0259999999999998
2025-09-29 02:00:00,0.0,0.0,0.06750000000000256,0.05649999999999622
2025-09-29 03:00:00,0.0,0.0,0.03399999999999892,0.06700000000000017
2025-09-29 04:00:00,0.0,0.0,0.07900000000000418,0.05299999999999727
2025-09-29 05:00:00,0.0,0.0,0.0954999999999977,0.06300000000000239
2025-09-29 06:00:00,0.0,0.0,0.06400000000000361,0.15449999999999875
2025-09-29 07:00:00,0.0,0.00012499999999970868,0.054000000000002046,0.22750000000000908
2025-09-29 08:00:00,0.0,0.0,0.045000000000001705,0.1404999999999994
2025-09-29 09:00:00,0.0,0.0,0.32849999999999824,0.0004999999999988347
2025-09-29 10:00:00,0.0,0.0,0.04650000000000176,0.13250000000000384
2025-09-29 11:00:00,0.0,0.0,0.15900000000000247,0.05600000000000094
2025-09-29 12:00:00,0.0,0.0,0.13800000000000523,0.10450000000000159
2025-09-29 13:00:00,0.0,0.0,0.030999999999995254,0.1755000000000031
2025-09-29 14:00:00,0.0,0.0,0.08800000000000452,0.06199999999999761
2025-09-29 15:00:00,0.0,0.0,0.04100000000000037,0.08100000000000307
2025-09-29 16:00:00,0.0,0.0,0.04900000000000304,0.22900000000000276
2025-09-29 17:00:00,0.0,0.0,0.033500000000000085,0.19499999999999673
2025-09-29 18:00:00,0.0,0.00024999999999941735,0.012500000000002842,0.36600000000000604
2025-09-29 19:00:00,0.0,0.0,0.05799999999999983,0.10450000000000159
2025-09-29 20:00:00,0.0,0.0,0.14599999999999014,0.10350000000000392
2025-09-29 21:00:00,0.0,0.0,0.15550000000000352,0.016500000000004178
2025-09-29 22:00:00,0.0,0.0,0.16450000000000387,0.1495000000000033
2025-09-29 23:00:00,0.0,0.0,0.05700000000000216,0.26550000000000296
2025-09-30 00:00:00,0.0,0.0,0.08400000000000318,0.08899999999999864
2025-09-30 01:00:00,0.0,0.0,0.1869999999999976,0.045999999999999375
2025-09-30 02:00:00,0.0,0.0,0.08800000000000452,0.0175000000000054
2025-09-30 03:00:00,0.0,0.0,0.08450000000000202,0.04050000000000509
2025-09-30 04:00:00,0.0,0.0,0.19199999999999662,0.008500000000001506
2025-09-30 05:00:00,0.0,0.0,0.08300000000000196,0.10099999999999199
2025-09-30 06:00:00,0.0,0.00024999999999941735,0.09399999999999764,0.27750000000000624
2025-09-30 07:00:00,0.0,0.0,0.08249999999999602,0.06650000000000134
2025-09-30 08:00:00,0.0,0.0,0.15450000000000585,0.023499999999998522
2025-09-30 09:00:00,0.0,0.0,0.07649999999999935,0.054999999999999716
2025-09-30 10:00:00,0.0,0.0,0.09800000000000253,0.14599999999999724
2025-09-30 11:00:00,0.0,0.0,0.04749999999999943,0.08850000000000335
2025-09-30 12:00:00,0.0,0.0,0.13200000000000145,0.036499999999996646
2025-09-30 13:00:00,0.0,0.0,0.22250000000000014,0.02050000000000196
2025-09-30 14:00:00,0.0,0.0,0.04400000000000048,0.08699999999999974
2025-09-30 15:00:00,0.0,0.0,0.06650000000000134,0.043000000000002814
2025-09-30 16:00:00,0.0,0.0,0.0835000000000008,0.10000000000000853
2025-09-30 17:00:00,0.0,0.0,0.07050000000000267,0.03300000000000125
2025-09-30 18:00:00,0.0,0.0,0.09399999999999764,0.08050000000000068
2025-09-30 19:00:00,0.0,0.0,0.15850000000000364,0.17600000000000193
2025-09-30 20:00:00,0.0,0.0,0.069500000000005,0.07750000000000057
2025-09-30 21:00:00,0.0,0.0,0.09950000000000259,0.07700000000000173
2025-09-30 22:00:00,0.0,0.0,0.05700000000000216,0.0850000000000044
2025-09-30 23:00:00,0.0,0.0,0.09950000000000614,0.061000000000003496
2025-10-01 00:00:00,0.0,0.0,0.36749999999999616,0.0
2025-10-01 01:00:00,0.0,0.0,0.1670000000000016,0.038000000000000256
2025-10-01 02:00:00,0.0,0.0,0.07500000000000284,0.04250000000000398
2025-10-01 03:00:00,0.0,0.0,0.09649999999999537,0.06400000000000006
2025-10-01 04:00:00,0.0,0.0,0.08550000000000324,0.05250000000000554
2025-10-01 05:00:00,0.0,0.0,0.11499999999999844,0.10099999999999909
2025-10-01 06:00:00,0.0,0.0,0.21049999999998903,0.03399999999999892
2025-10-01 07:00:00,0.0,0.0,0.010000000000001563,0.24600000000000222
2025-10-01 08:00:00,0.0,0.0,0.05700000000000216,0.15050000000000097
2025-10-01 09:00:00,0.0,0.0,0.15649999999999764,0.015999999999998238
2025-10-01 10:00:00,0.0,0.0,0.1319999999999979,0.11000000000000654
2025-10-01 11:00:00,0.0,0.0,0.1255000000000024,0.04550000000000054
2025-10-01 12:00:00,0.0,0.0,0.05600000000000449,0.10100000000000264
2025-10-01 13:00:00,0.0,0.0,0.15150000000000574,0.02900000000000702
2025-10-01 14:00:00,0.0,0.0,0.0400000000000027,0.14150000000000418
2025-10-01 15:00:00,0.0,0.0,0.11599999999999966,0.07400000000000162
2025-10-01 16:00:00,0.0,0.0,0.1649999999999956,0.037500000000004974
2025-10-01 17:00:00,0.0,0.0,0.06500000000000128,0.09900000000000375
2025-10-01 18:00:00,0.0,0.0,0.04049999999999798,0.08950000000000458
2025-10-01 19:00:00,0.0,0.0,0.046999999999997044,0.08549999999999969
2025-10-01 20:00:00,0.00012499999999970868,0.0,0.2670000000000023,0.06099999999999994
2025-10-01 21:00:00,0.0,0.0,0.07350000000000634,0.03999999999999915
2025-10-01 22:00:00,0.0,0.0,0.052000000000003155,0.0815000000000019
2025-10-01 23:00:00,0.0,0.0,0.11199999999999477,0.07250000000000156
2025-10-02 00:00:00,0.0,0.0,0.2015000000000029,0.017000000000003013
2025-10-02 01:00:00,0.0,0.0,0.027000000000001023,0.05499999999999261
2025-10-02 02:00:00,0.0,0.0,0.19699999999999562,0.04400000000000048
2025-10-02 03:00:00,0.0,0.0,0.10999999999999943,0.03599999999999781
2025-10-02 04:00:00,0.0,0.0,0.0365000000000002,0.11950000000000571
2025-10-02 05:00:00,0.0,0.0,0.10050000000000026,0.07550000000000168
2025-10-02 06:00:00,0.0,0.0,0.014499999999998181,0.12600000000000122
2025-10-02 07:00:00,0.0,0.0,0.0015000000000000568,0.25300000000000367
2025-10-02 08:00:00,0.0,0.0,0.08500000000000085,0.03399999999999892
2025-10-02 09:00:00,0.0,0.0,0.0715000000000039,0.09899999999999665
2025-10-02 10:00:00,0.0,0.0,0.15700000000000358,0.06349999999999767
2025-10-02 11:00:00,0.0,0.0,0.39300000000000423,0.0
2025-10-02 12:00:00,0.0,0.0,0.02850000000000108,0.11500000000000554
2025-10-02 13:00:00,0.0,0.0,0.08050000000000068,0.04299999999999926
2025-10-02 14:00:00,0.0,0.0,0.06499999999999773,0.09000000000000696
2025-10-02 15:00:00,0.012124999999999275,0.0,0.41599999999999754,0.00999999999999801
2025-10-02 16:00:00,0.0,0.0,0.054000000000002046,0.1680000000000028
2025-10-02 17:00:00,0.0,0.0,0.021999999999998465,0.2590000000000039
2025-10-02 18:00:00,0.0,0.0,0.060000000000005826,0.129999999999999
2025-10-02 19:00:00,0.0,0.0,0.0625000000000071,0.06750000000000256
2025-10-02 20:00:00,0.0,0.0,0.19549999999999912,0.05150000000000432
2025-10-02 21:00:00,0.0,0.0,0.24800000000000466,0.043499999999998096
2025-10-02 22:00:00,0.0,0.0,0.0990000000000002,0.16400000000000148
2025-10-02 23:00:00,0.0,0.00012499999999970868,0.0,0.47500000000000425
2025-10-03 00:00:00,0.010874999999999524,0.0,0.2114999999999995,0.04800000000000537
2025-10-03 01:00:00,0.0,0.0,0.03750000000000142,0.10050000000000026
2025-10-03 02:00:00,0.0,0.0,0.07900000000000063,0.021999999999994913
2025-10-03 03:00:00,0.0,0.0,0.12049999999999983,0.035000000000003695
2025-10-03 04:00:00,0.0,0.0,0.13750000000000284,0.08400000000000318
2025-10-03 05:00:00,0.0,0.0,0.04450000000000287,0.19149999999999778
2025-10-03 06:00:00,0.0,0.0,0.1075000000000017,0.07250000000000156
2025-10-03 07:00:00,0.0,0.0,0.08950000000000102,0.05849999999999511
2025-10-03 08:00:00,0.0,0.0,0.08999999999999986,0.16199999999999903
2025-10-03 09:00:00,0.0,0.0,0.10849999999999937,0.10799999999999699
2025-10-03 10:00:00,0.0,0.0,0.010500000000000398,0.3090000000000046
2025-10-03 11:00:00,0.0,0.0,0.10400000000000276,0.07900000000000063
2025-10-03 12:00:00,0.0,0.0,0.08899999999999864,0.08600000000000207
2025-10-03 13:00:00,0.0,0.0,0.06750000000000256,0.14150000000000418
2025-10-03 14:00:00,0.0,0.0,0.16050000000000253,0.08750000000000213
2025-10-03 15:00:00,0.0,0.0,0.08999999999999986,0.13649999999999807
2025-10-03 16:00:00,0.0,0.0,0.13050000000000495,0.030000000000001137
2025-10-03 17:00:00,0.0,0.0,0.06600000000000605,0.1284999999999954
2025-10-03 18:00:00,0.0,0.0,0.03200000000000003,0.20950000000000202
2025-10-03 19:00:00,0.0,0.0,0.008999999999996788,0.2685000000000066
2025-10-03 20:00:00,0.0,0.0,0.01150000000000162,0.327499999999997
2025-10-03 21:00:00,0.0,0.0011250000000000426,0.006499999999999062,0.48150000000000687
2025-10-03 22:00:00,0.0,0.0011250000000000426,0.04650000000000176,0.2604999999999961
2025-10-03 23:00:00,0.0,0.0,0.10500000000000043,0.11850000000000094
2025-10-04 00:00:00,0.040249999999998565,0.0,0.6929999999999957,0.120000000000001
2025-10-04 01:00:00,0.0,0.0,0.08899999999999508,0.10900000000000176
2025-10-04 02:00:00,0.0,0.0,0.07499999999999929,0.09450000000000358
2025-10-04 03:00:00,0.0,0.0,0.1875,0.06850000000000733
2025-10-04 04:00:00,0.0,0.0,0.2845000000000013,0.1459999999999937
2025-10-04 05:00:00,0.0,0.0,0.060000000000005826,0.11299999999999955
2025-10-04 06:00:00,0.0,0.0,0.0815000000000019,0.134999999999998
2025-10-04 07:00:00,0.0,0.0,0.059499999999999886,0.33899999999999864
2025-10-04 08:00:00,0.0,0.0,0.23799999999999955,0.06500000000000128
2025-10-04 09:00:00,0.009499999999999176,0.0,0.38799999999999957,0.03399999999999892
2025-10-04 10:00:00,0.0,0.0,0.33100000000000235,0.026000000000003354
2025-10-04 11:00:00,0.0,0.0,0.18499999999999872,0.014500000000001734
2025-10-04 12:00:00,0.0,0.0,0.11799999999999855,0.07000000000000028
2025-10-04 13:00:00,0.0,0.0,0.015499999999999403,0.09550000000000836
2025-10-04 14:00:00,0.0,0.0,0.13749999999999574,0.02850000000000108
2025-10-04 15:00:00,0.0,0.0,0.1010000000000062,0.06150000000000588
2025-10-04 16:00:00,0.0,0.0,0.11900000000000333,0.10150000000000148
2025-10-04 17:00:00,0.0,0.0,0.12800000000000367,0.03999999999999915
2025-10-04 18:00:00,0.0,0.0,0.05800000000000338,0.08400000000000318
2025-10-04 19:00:00,0.0,0.0,0.24499999999999744,0.11499999999999844
2025-10-04 20:00:00,0.0,0.0,0.0730000000000004,0.19599999999999795
2025-10-04 21:00:00,0.0,0.0,0.0470000000000006,0.08299999999999841
2025-10-04 22:00:00,0.0,0.0,0.24450000000000216,0.08299999999999841
2025-10-04 23:00:00,0.0,0.0,0.07749999999999702,0.15900000000000247
2025-10-05 00:00:00,0.0,0.0,0.08249999999999957,0.11100000000000065
2025-10-05 01:00:00,0.0,0.0,0.0750000000000064,0.06749999999999545
2025-10-05 02:00:00,0.0,0.0,0.0379999999999967,0.0715000000000039
2025-10-05 03:00:00,0.0,0.0,0.014000000000002899,0.19199999999999662
2025-10-05 04:00:00,0.0,0.0,0.03749999999999787,0.0990000000000002
2025-10-05 05:00:00,0.0,0.0,0.0750000000000064,0.058499999999998664
2025-10-05 06:00:00,0.0,0.0,0.08950000000000102,0.04700000000000415
2025-10-05 07:00:00,0.0,0.0,0.061499999999995225,0.09450000000000358
2025-10-05 08:00:00,0.0,0.0,0.09900000000000375,0.06150000000000233
2025-10-05 09:00:00,0.0,0.0,0.04749999999999588,0.07200000000000273
2025-10-05 10:00:00,0.0,0.0,0.07499999999999929,0.10450000000000514
2025-10-05 11:00:00,0.0,0.0,0.09649999999999892,0.061000000000003496
2025-10-05 12:00:00,0.0,0.0,0.1474999999999973,0.060499999999997556
2025-10-05 13:00:00,0.0,0.0,0.08449999999999847,0.06550000000000011
2025-10-05 14:00:00,0.0,0.0,0.10000000000000853,0.06599999999999895
2025-10-05 15:00:00,0.0,0.0,0.21099999999999852,0.01150000000000162
2025-10-05 16:00:00,0.0,0.0,0.07600000000000406,0.0884999999999998
2025-10-05 17:00:00,0.0,0.0,0.1550000000000047,0.0400000000000027
2025-10-05 18:00:00,0.0,0.0,0.19800000000000395,0.0814999999999948
2025-10-05 19:00:00,0.0,0.0,0.20300000000000296,0.07550000000000168
2025-10-05 20:00:00,0.0,0.0,0.15749999999999886,0.09899999999999665
2025-10-05 21:00:00,0.0,0.0,0.27800000000000225,0.054999999999999716
2025-10-05 22:00:00,0.0,0.0,0.05700000000000571,0.10500000000000398
2025-10-05 23:00:00,0.0,0.0,0.03749999999999787,0.11000000000000298
2025-10-06 00:00:00,0.0,0.0,0.0030000000000001137,0.4125000000000014
2025-10-06 01:00:00,0.0,0.0,0.01249999999999929,0.18650000000000944
2025-10-06 02:00:00,0.0,0.0,0.05850000000000222,0.08699999999999974
2025-10-06 03:00:00,0.0,0.0,0.015000000000000568,0.2169999999999952
2025-10-06 04:00:00,0.0,0.0,0.13099999999999312,0.0224999999999973
2025-10-06 05:00:00,0.0009999999999994458,0.0,0.34350000000000164,0.04149999999999565
2025-10-06 06:00:00,0.0,0.0,0.2770000000000046,0.03550000000000253
2025-10-06 07:00:00,0.0,0.0,0.013000000000001677,0.3984999999999985
2025-10-06 08:00:00,0.0,0.0,0.018000000000000682,0.12249999999999872
2025-10-06 09:00:00,0.0,0.0,0.09000000000000341,0.051499999999997215
2025-10-06 10:00:00,0.0,0.0,0.05249999999999844,0.0934999999999988
2025-10-06 11:00:00,0.0,0.0,0.05800000000000338,0.03400000000000247
2025-10-06 12:00:00,0.0,0.0,0.03800000000000381,0.05000000000000426
2025-10-06 13:00:00,0.0,0.0,0.05000000000000426,0.08950000000000458
2025-10-06 14:00:00,0.0,0.0,0.037500000000008527,0.06850000000000023
2025-10-06 15:00:00,0.0,0.0,0.10249999999999915,0.03100000000000236
2025-10-06 16:00:00,0.0,0.0,0.0030000000000001137,0.15399999999999991
2025-10-06 17:00:00,0.0,0.0,0.014500000000001734,0.21249999999999858
2025-10-06 18:00:00,0.0,0.0,0.07850000000000179,0.07199999999999918
2025-10-06 19:00:00,0.0,0.0,0.018000000000000682,0.2859999999999978
2025-10-06 20:00:00,0.0,0.0,0.012999999999998124,0.23500000000000298
2025-10-06 21:00:00,0.0,0.0,0.05349999999999966,0.05349999999999966
2025-10-06 22:00:00,0.0,0.0,0.042500000000000426,0.14300000000000423
2025-10-06 23:00:00,0.0,0.0,0.04500000000000526,0.1859999999999964
2025-10-07 00:00:00,0.001875000000000071,0.0,0.4185000000000009,0.0045000000000001705
2025-10-07 01:00:00,0.0,0.0,0.032500000000002416,0.25300000000001077
2025-10-07 02:00:00,0.0,0.0,0.0710000000000015,0.0744999999999969
2025-10-07 03:00:00,0.0,0.0,0.067499999999999,0.08899999999999864
2025-10-07 04:00:00,0.0,0.0,0.06150000000000588,0.1025000000000027
2025-10-07 05:00:00,0.0,0.0,0.069500000000005,0.17249999999999588
2025-10-07 06:00:00,0.0,0.0,0.07749999999999346,0.15200000000000458
2025-10-07 07:00:00,0.0,0.0,0.05700000000000216,0.1684999999999981
2025-10-07 08:00:00,0.0,0.0,0.04549999999999699,0.09499999999999886
2025-10-07 09:00:00,0.0,0.0,0.054999999999999716,0.22150000000000247
2025-10-07 10:00:00,0.0,0.0006249999999994316,0.12900000000000134,0.3315000000000012
2025-10-07 11:00:00,0.0,0.0,0.06200000000000472,0.2170000000000023
2025-10-07 12:00:00,0.0,0.0,0.054999999999999716,0.14399999999999835
2025-10-07 13:00:00,0.0,0.0,0.043000000000002814,0.17899999999999494
2025-10-07 14:00:00,0.0,0.0,0.06300000000000594,0.14550000000000196
2025-10-07 15:00:00,0.0,0.0,0.06249999999999645,0.05099999999999838
2025-10-07 16:00:00,0.0,0.0,0.1529999999999987,0.040500000000001535
2025-10-07 17:00:00,0.0,0.0,0.03049999999999997,0.15299999999999514
2025-10-07 18:00:00,0.0,0.0,0.08199999999999719,0.06850000000000023
2025-10-07 19:00:00,0.0,0.0,0.06349999999999767,0.08699999999999974
2025-10-07 20:00:00,0.0,0.0,0.11000000000000298,0.05700000000000571
2025-10-07 21:00:00,0.0,0.0,0.12950000000000017,0.05250000000000199
2025-10-07 22:00:00,0.0,0.0,0.12300000000000466,0.08050000000000068
2025-10-07 23:00:00,0.0,0.0,0.10549999999999926,0.0555000000000021
2025-10-08 00:00:00,0.0,0.0,0.07850000000000179,0.1305000000000014
2025-10-08 01:00:00,0.0,0.0,0.16199999999998838,0.01699999999999946
2025-10-08 02:00:00,0.0,0.0,0.17999999999999972,0.023999999999997357
2025-10-08 03:00:00,0.0,0.0,0.03550000000000253,0.0625
2025-10-08 04:00:00,0.0,0.0,0.142000000000003,0.025500000000000966
2025-10-08 05:00:00,0.0,0.0,0.1620000000000097,0.028000000000002245
2025-10-08 06:00:00,0.0021249999999994884,0.0,0.24949999999999975,0.12700000000000244
2025-10-08 07:00:00,0.0,0.0,0.053999999999998494,0.1734999999999971
2025-10-08 08:00:00,0.0,0.0,0.09550000000000125,0.061000000000003496
2025-10-08 09:00:00,0.0,0.0,0.23300000000000054,0.02550000000000452
2025-10-08 10:00:00,0.0,0.0,0.07049999999999912,0.10149999999999793
2025-10-08 11:00:00,0.0,0.0,0.07050000000000622,0.06800000000000139
2025-10-08 12:00:00,0.0,0.0,0.06449999999999534,0.06699999999999662
2025-10-08 13:00:00,0.0,0.0,0.10150000000000148,0.125
2025-10-08 14:00:00,0.0,0.0,0.12100000000000222,0.08000000000000185
2025-10-08 15:00:00,0.0,0.0,0.03549999999999898,0.0660000000000025
2025-10-08 16:00:00,0.0,0.0,0.04100000000000392,0.08600000000000918
2025-10-08 17:00:00,0.0,0.0,0.043000000000002814,0.07899999999999707
2025-10-08 18:00:00,0.002749999999999808,0.0,0.16949999999999504,0.23300000000000054
2025-10-08 19:00:00,0.0,0.0,0.05649999999999977,0.23250000000000526
2025-10-08 20:00:00,0.0,0.0,0.060000000000005826,0.17800000000000438
2025-10-08 21:00:00,0.0,0.0,0.09099999999999753,0.09299999999999642
2025-10-08 22:00:00,0.0,0.0,0.05250000000000199,0.08249999999999602
2025-10-08 23:00:00,0.0,0.0,0.08300000000000551,0.08450000000000557
2025-10-09 00:00:00,0.0,0.0,0.03900000000000503,0.14649999999999963
2025-10-09 01:00:00,0.0,0.0,0.06000000000000938,0.04400000000000048
2025-10-09 02:00:00,0.0,0.0,0.07049999999999912,0.08249999999999957
2025-10-09 03:00:00,0.0,0.0,0.05299999999999727,0.05000000000000426
2025-10-09 04:00:00,0.0,0.0,0.057500000000000995,0.06850000000000378
2025-10-09 05:00:00,0.0,0.0,0.09250000000000114,0.19149999999999778
2025-10-09 06:00:00,0.0,0.0,0.10099999999999909,0.4460000000000086
2025-10-09 07:00:00,0.0,0.0016249999999988773,0.0,0.7374999999999986
2025-10-09 08:00:00,0.0,0.0,0.21150000000000801,0.1485000000000049
2025-10-09 09:00:00,0.0,0.0,0.08350000000000435,0.08749999999999858
2025-10-09 10:00:00,0.0,0.0,0.28449999999999775,0.09300000000000352
2025-10-09 11:00:00,0.0,0.0,0.047999999999998266,0.3094999999999928
2025-10-09 12:00:00,0.0,0.0,0.24600000000000577,0.062000000000001165
2025-10-09 13:00:00,0.0,0.0,0.07550000000000523,0.07850000000000534
2025-10-09 14:00:00,0.0,0.0,0.09550000000000125,0.04050000000000509
2025-10-09 15:00:00,0.0,0.0,0.0765000000000029,0.06700000000000017
2025-10-09 16:00:00,0.0,0.0,0.032500000000002416,0.13400000000000034
2025-10-09 17:00:00,0.0,0.0,0.23750000000000782,0.04650000000000176
2025-10-09 18:00:00,0.0,0.0,0.04550000000000054,0.13100000000000378
2025-10-09 19:00:00,0.0,0.0,0.10900000000000176,0.11650000000000205
2025-10-09 20:00:00,0.0008749999999997371,0.0,0.3785000000000018,0.048500000000000654
2025-10-09 21:00:00,0.0,0.0,0.21750000000000114,0.008499999999997954
2025-10-09 22:00:00,0.0,0.0,0.06650000000000489,0.1039999999999992
2025-10-09 23:00:00,0.0,0.0,0.1720000000000006,0.037000000000002586
2025-10-10 00:00:00,0.0,0.0,0.12650000000000006,0.05749999999999744
2025-10-10 01:00:00,0.0,0.0,0.07699999999999818,0.08849999999999625
2025-10-10 02:00:00,0.0,0.0,0.045999999999999375,0.0744999999999969
2025-10-10 03:00:00,0.0,0.0,0.05600000000000094,0.1060000000000052
2025-10-10 04:00:00,0.0,0.0,0.5440000000000005,0.0
2025-10-10 05:00:00,0.0,0.0,0.2270000000000003,0.09299999999999997
2025-10-10 06:00:00,0.0,0.0,0.04200000000000159,0.07900000000000418
2025-10-10 07:00:00,0.0,0.0,0.006500000000002615,0.43849999999999767
2025-10-10 08:00:00,0.0,0.00024999999999941735,0.03249999999999886,0.25800000000000195
2025-10-10 09:00:00,0.0,0.0,0.2524999999999977,0.015000000000000568
2025-10-10 10:00:00,0.0,0.0,0.0660000000000025,0.13999999999999346
2025-10-10 11:00:00,0.0,0.0,0.12100000000000222,0.06550000000000011
2025-10-10 12:00:00,0.0,0.0,0.09600000000000009,0.06299999999999528
2025-10-10 13:00:00,0.0,0.0,0.1789999999999985,0.02500000000000213
2025-10-10 14:00:00,0.0,0.0,0.13650000000000517,0.03900000000000148
2025-10-10 15:00:00,0.0,0.0,0.2505000000000024,0.010000000000001563
2025-10-10 16:00:00,0.0,0.0,0.16549999999999798,0.02850000000000108
2025-10-10 17:00:00,0.0,0.0,0.04550000000000054,0.18499999999999872
2025-10-10 18:00:00,0.0,0.0,0.05249999999999844,0.08699999999999619
2025-10-10 19:00:00,0.0,0.0,0.05349999999999966,0.19000000000000483
2025-10-10 20:00:00,0.0,0.0,0.0365000000000002,0.09299999999999997
2025-10-10 21:00:00,0.0,0.0,0.12900000000000134,0.01850000000000307
2025-10-10 22:00:00,0.0,0.0,0.2129999999999974,0.05250000000000199
2025-10-10 23:00:00,0.0,0.0,0.09300000000000352,0.03350000000000364
2025-10-11 00:00:00,0.0,0.0,0.07500000000000284,0.3190000000000026
2025-10-11 01:00:00,0.0,0.0,0.06099999999999994,0.07099999999999795
2025-10-11 02:00:00,0.0,0.0,0.06099999999999994,0.08000000000000185
2025-10-11 03:00:00,0.0,0.0,0.0400000000000027,0.0519999999999925
2025-10-11 04:00:00,0.0,0.0,0.14150000000000063,0.042499999999996874
2025-10-11 05:00:00,0.0,0.0,0.13700000000000045,0.12250000000000227
2025-10-11 06:00:00,0.0,0.0,0.06800000000000139,0.1950000000000074
2025-10-11 07:00:00,0.0,0.0,0.055999999999997385,0.0660000000000025
2025-10-11 08:00:00,0.0,0.0,0.10050000000000026,0.24599999999999866
2025-10-11 09:00:00,0.0,0.0,0.08500000000000085,0.049500000000001876
2025-10-11 10:00:00,0.0,0.0,0.05850000000000222,0.08599999999999852
2025-10-11 11:00:00,0.0,0.0,0.10400000000000276,0.07900000000000773
2025-10-11 12:00:00,0.0,0.0,0.05150000000000432,0.19849999999999923
2025-10-11 13:00:00,0.0,0.0,0.1770000000000067,0.019999999999999574
2025-10-11 14:00:00,0.0,0.0,0.064500000000006,0.07150000000000034
2025-10-11 15:00:00,0.0,0.0,0.09450000000000003,0.14400000000000546
2025-10-11 16:00:00,0.0,0.0,0.2245000000000026,0.19300000000000067
2025-10-11 17:00:00,0.0,0.0,0.17150000000000176,0.029999999999997584
2025-10-11 18:00:00,0.0,0.0,0.09899999999999665,0.03200000000000003
2025-10-11 19:00:00,0.0,0.0,0.030999999999998806,0.12000000000000455
2025-10-11 20:00:00,0.0,0.0,0.03900000000000503,0.15200000000000102
2025-10-11 21:00:00,0.0,0.0,0.23300000000000054,0.012500000000002842
2025-10-11 22:00:00,0.0,0.0,0.058499999999998664,0.12100000000000577
2025-10-11 23:00:00,0.0,0.0,0.08650000000000446,0.09950000000000259
2025-10-12 00:00:00,0.0,0.0,0.03300000000000125,0.21800000000000352
2025-10-12 01:00:00,0.0,0.0,0.0940000000000012,0.042500000000000426
2025-10-12 02:00:00,0.0,0.0,0.04200000000000159,0.15249999999999275
2025-10-12 03:00:00,0.0,0.0,0.06550000000000011,0.03800000000000381
2025-10-12 04:00:00,0.0,0.0,0.12949999999999662,0.03750000000000142
2025-10-12 05:00:00,0.0,0.0,0.01899999999999835,0.12750000000000128
2025-10-12 06:00:00,0.0,0.0,0.026000000000006906,0.24750000000000583
2025-10-12 07:00:00,0.0,0.0,0.059000000000004604,0.03850000000000264
2025-10-12 08:00:00,0.0,0.0,0.1905000000000001,0.04649999999999821
2025-10-12 09:00:00,0.0,0.0,0.08100000000000307,0.10250000000000625
2025-10-12 10:00:00,0.0,0.0,0.11199999999999832,0.023999999999997357
2025-10-12 11:00:00,0.0,0.0,0.16550000000000864,0.02850000000000108
2025-10-12 12:00:00,0.0,0.0,0.21250000000000213,0.008500000000001506
2025-10-12 13:00:00,0.0,0.0,0.15899999999999892,0.014500000000001734
2025-10-12 14:00:00,0.0,0.0,0.1544999999999952,0.03500000000000014
2025-10-12 15:00:00,0.0,0.0,0.16050000000000253,0.0435000000000052
2025-10-12 16:00:00,0.0,0.0,0.13949999999999818,0.11049999999999827
2025-10-12 17:00:00,0.0,0.0,0.2959999999999958,0.008500000000001506
2025-10-12 18:00:00,0.0,0.0,0.0990000000000073,0.08000000000000185
2025-10-12 19:00:00,0.0,0.0,0.13949999999999818,0.09949999999999903
2025-10-12 20:00:00,0.0,0.0,0.09850000000000136,0.05250000000000199
2025-10-12 21:00:00,0.0,0.0,0.26099999999999923,0.010000000000001563
2025-10-12 22:00:00,0.0,0.0,0.053999999999998494,0.08650000000000446
2025-10-12 23:00:00,0.0,0.0,0.12250000000000583,0.01799999999999713
2025-10-13 00:00:00,0.0,0.0,0.09699999999999775,0.07899999999999707
2025-10-13 01:00:00,0.0,0.0,0.10400000000000276,0.07450000000000045
2025-10-13 02:00:00,0.0,0.0,0.05050000000000665,0.05300000000000438
2025-10-13 03:00:00,0.0,0.0,0.03750000000000142,0.06099999999999994
2025-10-13 04:00:00,0.0,0.0,0.09250000000000114,0.05650000000000688
2025-10-13 05:00:00,0.0,0.0,0.08000000000000185,0.08650000000000091
2025-10-13 06:00:00,0.0,0.0,0.11700000000000088,0.09350000000000236
2025-10-13 07:00:00,0.0,0.0,0.1075000000000017,0.08200000000000074
2025-10-13 08:00:00,0.0,0.0,0.015499999999999403,0.14650000000000674
2025-10-13 09:00:00,0.0017499999999994742,0.0,0.4020000000000003,0.04449999999999932
2025-10-13 10:00:00,0.0006249999999994316,0.0,0.2964999999999975,0.023500000000002075
2025-10-13 11:00:00,0.0,0.0,0.11350000000000193,0.07400000000000517
2025-10-13 12:00:00,0.0,0.0,0.013499999999996959,0.11899999999999977
2025-10-13 13:00:00,0.0,0.0,0.04800000000000182,0.05249999999999844
2025-10-13 14:00:00,0.0,0.0,0.02400000000000091,0.12300000000000466
2025-10-13 15:00:00,0.0,0.0,0.04400000000000048,0.10849999999999937
2025-10-13 16:00:00,0.0,0.0,0.19100000000000605,0.02400000000000091
2025-10-13 17:00:00,0.0,0.0,0.21850000000000236,0.017000000000003013
2025-10-13 18:00:00,0.0,0.0,0.059499999999996334,0.10000000000000853
2025-10-13 19:00:00,0.0,0.0,0.02500000000000213,0.11749999999999972
2025-10-13 20:00:00,0.0,0.0,0.02949999999999875,0.30400000000000205
2025-10-13 21:00:00,0.0,0.0,0.0660000000000025,0.0934999999999988
2025-10-13 22:00:00,0.0,0.0,0.04550000000000054,0.06449999999999889
2025-10-13 23:00:00,0.0,0.0,0.07400000000000517,0.04050000000000509
2025-10-14 00:00:00,0.0,0.0,0.024499999999999744,0.0975000000000037
2025-10-14 01:00:00,0.0,0.0,0.07299999999999329,0.02449999999999619
2025-10-14 02:00:00,0.0,0.0,0.19900000000000162,0.0015000000000000568
2025-10-14 03:00:00,0.0,0.0,0.03500000000000014,0.069500000000005
2025-10-14 04:00:00,0.0,0.0,0.062000000000001165,0.06800000000000139
2025-10-14 05:00:00,0.0,0.0,0.02000000000000668,0.0990000000000073
2025-10-14 06:00:00,0.0,0.0,0.02850000000000108,0.09850000000000136
2025-10-14 07:00:00,0.0,0.0,0.04649999999999821,0.10150000000000148
2025-10-14 08:00:00,0.0,0.0,0.05150000000000077,0.11400000000000432
2025-10-14 09:00:00,0.0,0.0,0.050499999999999545,0.2220000000000013
2025-10-14 10:00:00,0.0,0.0,0.11799999999999855,0.05799999999999983
2025-10-14 11:00:00,0.0,0.0,0.06699999999999307,0.038999999999997925
2025-10-14 12:00:00,0.0,0.0,0.0730000000000004,0.07300000000000395
2025-10-14 13:00:00,0.0,0.0,0.0800000000000054,0.08200000000000074
2025-10-14 14:00:00,0.0,0.0,0.12700000000000244,0.03800000000000381
2025-10-14 15:00:00,0.0,0.0,0.08950000000000102,0.029500000000002302
2025-10-14 16:00:00,0.0,0.0,0.05699999999999861,0.07549999999999812
2025-10-14 17:00:00,0.0,0.0,0.08899999999999508,0.24199999999999733
2025-10-14 18:00:00,0.0,0.0,0.08300000000000551,0.06750000000000256
2025-10-14 19:00:00,0.0,0.0,0.022000000000002018,0.197499999999998
2025-10-14 20:00:00,0.0,0.0,0.10200000000000031,0.07599999999999696
2025-10-14 21:00:00,0.0,0.0,0.30550000000000566,0.005500000000001393
2025-10-14 22:00:00,0.0,0.0,0.045999999999999375,0.24799999999999756
2025-10-14 23:00:00,0.0,0.0,0.14349999999999952,0.06099999999999994
2025-10-15 00:00:00,0.0,0.0,0.09950000000000614,0.02049999999999841
2025-10-15 01:00:00,0.0,0.0,0.10350000000000037,0.09800000000000253
2025-10-15 02:00:00,0.0,0.0,0.053999999999998494,0.07500000000000284
2025-10-15 03:00:00,0.0,0.0,0.0030000000000001137,0.3325000000000031
2025-10-15 04:00:00,0.0,0.0,0.20100000000000762,0.05350000000000321
2025-10-15 05:00:00,0.0,0.0,0.2435000000000045,0.15399999999999991
2025-10-15 06:00:00,0.0,0.020124999999998394,0.11849999999999739,0.2815000000000019
2025-10-15 07:00:00,0.0,0.0028749999999986287,0.005500000000001393,0.6240000000000038
2025-10-15 08:00:00,0.0,0.0,0.07750000000000057,0.2840000000000025
2025-10-15 09:00:00,0.0,0.0,0.10800000000000054,0.08900000000000219
2025-10-15 10:00:00,0.0,0.0,0.2894999999999932,0.007500000000000284
2025-10-15 11:00:00,0.0,0.0,0.16649999999999565,0.06600000000000605
2025-10-15 12:00:00,0.0,0.0,0.06350000000000477,0.10550000000000637
2025-10-15 13:00:00,0.0,0.0,0.15149999999999864,0.04049999999999798
2025-10-15 14:00:00,0.0,0.0,0.0765000000000029,0.20099999999999696
2025-10-15 15:00:00,0.0,0.0,0.32399999999999807,0.04350000000000165
2025-10-15 16:00:00,0.0,0.0,0.1144999999999996,0.051499999999997215
2025-10-15 17:00:00,0.0,0.0,0.012000000000000455,0.2925000000000004
2025-10-15 18:00:00,0.0,0.0,0.08400000000000674,0.21600000000000108
2025-10-15 19:00:00,0.0,0.0,0.12400000000000233,0.0330000000000048
2025-10-15 20:00:00,0.0,0.0,0.1785000000000032,0.04050000000000509
2025-10-15 21:00:00,0.0,0.0,0.28650000000000375,0.0019999999999988916
2025-10-15 22:00:00,0.0,0.0,0.11850000000000094,0.05849999999999511
2025-10-15 23:00:00,0.0,0.0,0.09799999999999542,0.0884999999999998
2025-10-16 00:00:00,0.0,0.0,0.16950000000000642,0.053000000000000824
2025-10-16 01:00:00,0.0,0.0,0.15050000000000452,0.06950000000000145
2025-10-16 02:00:00,0.0,0.0,0.44200000000000017,0.048500000000004206
2025-10-16 03:00:00,0.0,0.0,0.0470000000000006,0.11500000000000199
2025-10-16 04:00:00,0.0,0.0,0.03999999999999915,0.22150000000000247
2025-10-16 05:00:00,0.0,0.0,0.15350000000000463,0.03200000000000003
2025-10-16 06:00:00,0.0,0.0,0.10450000000000514,0.14850000000000207
2025-10-16 07:00:00,0.0,0.0,0.25399999999999423,0.03849999999999909
2025-10-16 08:00:00,0.0,0.0,0.1559999999999988,0.2585000000000015
2025-10-16 09:00:00,0.0,0.0,0.12050000000000693,0.09450000000000358
2025-10-16 10:00:00,0.0,0.0,0.042999999999992156,0.18650000000000233
2025-10-16 11:00:00,0.0,0.0,0.09649999999999892,0.08699999999999974
2025-10-16 12:00:00,0.0,0.0,0.03950000000000031,0.0940000000000012
2025-10-16 13:00:00,0.0,0.0,0.08650000000000091,0.1280000000000001
2025-10-16 14:00:00,0.0,0.0,0.12750000000000128,0.0625
2025-10-16 15:00:00,0.0,0.0,0.056999999999995055,0.0765000000000029
2025-10-16 16:00:00,0.0,0.0,0.09400000000000475,0.050499999999999545
2025-10-16 17:00:00,0.0,0.0,0.09600000000000364,0.08400000000000318
2025-10-16 18:00:00,0.0,0.0016249999999997655,0.10250000000000625,0.2859999999999999
2025-10-16 19:00:00,0.0,0.0,0.062000000000001165,0.0744999999999969
2025-10-16 20:00:00,0.0,0.0,0.19299999999999784,0.016500000000000625
2025-10-16 21:00:00,0.0,0.0,0.054000000000002046,0.05700000000000216
2025-10-16 22:00:00,0.0,0.0,0.07600000000000051,0.06299999999999528
2025-10-16 23:00:00,0.0,0.0,0.1405000000000065,0.03300000000000125
2025-10-17 00:00:00,0.0,0.0,0.13300000000000267,0.037500000000004974
2025-10-17 01:00:00,0.0,0.0,0.19750000000000156,0.007999999999999119
2025-10-17 02:00:00,0.0,0.0,0.2880000000000038,0.07950000000000301
2025-10-17 03:00:00,0.0,0.0,0.043499999999998096,0.2555000000000014
2025-10-17 04:00:00,0.0,0.0,0.29650000000000176,0.11749999999999972
2025-10-17 05:00:00,0.0,0.0,0.05700000000000216,0.07400000000000162
2025-10-17 06:00:00,0.0,0.0,0.04500000000000526,0.08100000000000307
2025-10-17 07:00:00,0.0,0.0,0.18900000000000006,0.03549999999999898
2025-10-17 08:00:00,0.0,0.0,0.09500000000000242,0.030500000000003524
2025-10-17 09:00:00,0.0,0.0,0.1645000000000003,0.04949999999999832
2025-10-17 10:00:00,0.0,0.0,0.04450000000000287,0.08250000000000668
2025-10-17 11:00:00,0.0,0.0,0.03400000000000247,0.1165000000000056
2025-10-17 12:00:00,0.0,0.0,0.053500000000006764,0.06550000000000011
2025-10-17 13:00:00,0.0,0.0,0.05000000000000426,0.0934999999999988
2025-10-17 14:00:00,0.0,0.0,0.030500000000003524,0.08600000000000918
2025-10-17 15:00:00,0.0,0.0,0.120000000000001,0.04150000000000276
2025-10-17 16:00:00,0.0,0.0,0.02650000000000219,0.0969999999999942
2025-10-17 17:00:00,0.0,0.0,0.05150000000000787,0.06650000000000134
2025-10-17 18:00:00,0.0,0.0,0.3360000000000056,0.025500000000000966
2025-10-17 19:00:00,0.0,0.0,0.002500000000001279,0.16749999999999687
2025-10-17 20:00:00,0.0004999999999997229,0.0,0.43099999999999666,0.03599999999999781
2025-10-17 21:00:00,0.0,0.0,0.08400000000000674,0.07349999999999923
2025-10-17 22:00:00,0.0,0.0,0.08699999999999619,0.04900000000000304
2025-10-17 23:00:00,0.0,0.0,0.05900000000000105,0.1214999999999975
2025-10-18 00:00:00,0.0,0.0,0.2129999999999974,0.14450000000000074
2025-10-18 01:00:00,0.0,0.0,0.28300000000000125,0.006000000000000227
2025-10-18 02:00:00,0.0,0.0,0.029000000000003467,0.11400000000000077
2025-10-18 03:00:00,0.0,0.0,0.01549999999999585,0.12950000000000372
2025-10-18 04:00:00,0.0,0.0,0.43299999999999983,0.0019999999999988916
2025-10-18 05:00:00,0.0,0.0,0.4475000000000051,0.0030000000000001137
2025-10-18 06:00:00,0.0,0.0,0.11949999999999861,0.17250000000000298
2025-10-18 07:00:00,0.0,0.0,0.07900000000000063,0.03200000000000003
2025-10-18 08:00:00,0.0,0.0,0.3549999999999933,0.048500000000000654
2025-10-18 09:00:00,0.0,0.0,0.07950000000000301,0.08999999999999986
2025-10-18 10:00:00,0.0,0.0,0.09250000000000114,0.08399999999999963
2025-10-18 11:00:00,0.0,0.0,0.11400000000000787,0.13149999999999906
2025-10-18 12:00:00,0.0,0.0,0.011000000000002785,0.18150000000000333
2025-10-18 13:00:00,0.0,0.0,0.0004999999999988347,0.2459999999999951
2025-10-18 14:00:00,0.0,0.0,0.02699999999999747,0.1565000000000012
2025-10-18 15:00:00,0.0,0.0,0.04100000000000037,0.10050000000000026
2025-10-18 16:00:00,0.0,0.0,0.022999999999999687,0.1855000000000011
2025-10-18 17:00:00,0.0,0.0,0.15449999999999875,0.09950000000000614
2025-10-18 18:00:00,0.0,0.0,0.02550000000000452,0.18499999999999872
2025-10-18 19:00:00,0.0,0.0,0.0034999999999989484,0.15350000000000819
2025-10-18 20:00:00,0.0,0.0,0.01900000000000901,0.11700000000000443
2025-10-18 21:00:00,0.0,0.0,0.12399999999999878,0.054000000000002046
2025-10-18 22:00:00,0.0,0.0,0.050499999999999545,0.11700000000000443
2025-10-18 23:00:00,0.0,0.0,0.11050000000000182,0.06649999999999778
2025-10-19 00:00:00,0.0,0.0,0.18349999999999866,0.07200000000000273
2025-10-19 01:00:00,0.0,0.0,0.018000000000000682,0.12650000000000006
2025-10-19 02:00:00,0.0,0.0,0.005500000000001393,0.15399999999999991
2025-10-19 03:00:00,0.0,0.0,0.04649999999999821,0.13649999999999807
2025-10-19 04:00:00,0.0,0.0,0.02850000000000108,0.07200000000000273
2025-10-19 05:00:00,0.0,0.0,0.05249999999999844,0.09799999999999542
2025-10-19 06:00:00,0.0,0.0,0.032999999999994145,0.1235000000000035
2025-10-19 07:00:00,0.0,0.0,0.06100000000000705,0.05150000000000077
2025-10-19 08:00:00,0.0,0.0,0.0730000000000004,0.07250000000000156
2025-10-19 09:00:00,0.0,0.0,0.05150000000000432,0.1375000000000064
2025-10-19 10:00:00,0.0,0.0,0.10050000000000026,0.09450000000000003
2025-10-19 11:00:00,0.0,0.0,0.01999999999999602,0.17300000000000892
2025-10-19 12:00:00,0.0,0.0,0.09450000000000003,0.07850000000000179
2025-10-19 13:00:00,0.0,0.0,0.07450000000000045,0.06650000000000134
2025-10-19 14:00:00,0.0,0.0,0.055500000000005656,0.1095000000000006
2025-10-19 15:00:00,0.0,0.0,0.0625,0.10750000000000526
2025-10-19 16:00:00,0.0,0.0,0.0765000000000029,0.09250000000000114
2025-10-19 17:00:00,0.0,0.0,0.16100000000000492,0.09700000000000131
2025-10-19 18:00:00,0.0,0.0,0.07299999999999685,0.1130000000000031
2025-10-19 19:00:00,0.0,0.0,0.011000000000002785,0.23449999999999704
2025-10-19 20:00:00,0.0,0.0,0.07950000000000301,0.09250000000000824
2025-10-19 21:00:00,0.0,0.0,0.09850000000000492,0.03500000000000014
2025-10-19 22:00:00,0.0,0.0,0.04299999999999926,0.0850000000000044
2025-10-19 23:00:00,0.0,0.0,0.10100000000000264,0.041499999999999204
2025-10-20 00:00:00,0.0,0.0,0.021999999999998465,0.30699999999999505
2025-10-20 01:00:00,0.0,0.0,0.08300000000000907,0.053499999999996106
2025-10-20 02:00:00,0.0,0.0,0.03700000000000614,0.07349999999999923
2025-10-20 03:00:00,0.0,0.0,0.06100000000000705,0.045999999999999375
2025-10-20 04:00:00,0.0,0.0,0.1720000000000006,0.047500000000002984
2025-10-20 05:00:00,0.0,0.0,0.1110000000000042,0.04500000000000526
2025-10-20 06:00:00,0.0,0.0,0.08200000000000074,0.0975000000000037
2025-10-20 07:00:00,0.0,0.0,0.05449999999999733,0.11900000000000333
2025-10-20 08:00:00,0.0,0.0,0.06649999999999778,0.08099999999999952
2025-10-20 09:00:00,0.0,0.0,0.025499999999997414,0.13300000000000978
2025-10-20 10:00:00,0.0,0.0,0.06650000000000489,0.06500000000000838
2025-10-20 11:00:00,0.0,0.0,0.05150000000000077,0.1515000000000022
2025-10-20 12:00:00,0.0,0.0,0.0920000000000023,0.06700000000000372
2025-10-20 13:00:00,0.0,0.0,0.0694999999999979,0.08100000000000307
2025-10-20 14:00:00,0.0,0.0,0.09500000000000242,0.053999999999998494
2025-10-20 15:00:00,0.0,0.0,0.1509999999999998,0.05100000000000193
2025-10-20 16:00:00,0.0,0.0,0.05600000000000449,0.06500000000000128
2025-10-20 17:00:00,0.0,0.0,0.03200000000000003,0.12849999999999895
2025-10-20 18:00:00,0.0,0.0,0.0,0.31050000000000466
2025-10-20 19:00:00,0.0,0.0,0.0,0.6610000000000007
2025-10-20 20:00:00,0.0,0.0,0.17800000000000082,0.027999999999998693
2025-10-20 21:00:00,0.0,0.0,0.127000000000006,0.03400000000000247
2025-10-20 22:00:00,0.0,0.0,0.12899999999999778,0.08200000000000074
2025-10-20 23:00:00,0.0,0.0,0.07550000000000168,0.17350000000000065
2025-10-21 00:00:00,0.010874999999999524,0.0,0.325,0.012000000000000455
2025-10-21 01:00:00,0.0,0.0,0.12150000000001171,0.044499999999995765
2025-10-21 02:00:00,0.0,0.0,0.08650000000000091,0.03350000000000364
2025-10-21 03:00:00,0.0,0.0,0.11650000000000915,0.06199999999999761
2025-10-21 04:00:00,0.0,0.0,0.06449999999999889,0.07700000000000173
2025-10-21 05:00:00,0.0,0.0,0.1255000000000095,0.17699999999999605
2025-10-21 06:00:00,0.0,0.0,0.14850000000000563,0.09150000000000347
2025-10-21 07:00:00,0.0,0.0,0.06749999999999545,0.08250000000000313
2025-10-21 08:00:00,0.0,0.0,0.23349999999999582,0.0019999999999988916
2025-10-21 09:00:00,0.0,0.0,0.3165000000000049,0.02400000000000091
2025-10-21 10:00:00,0.008250000000000313,0.0,0.3309999999999981,0.04150000000000276
2025-10-21 11:00:00,0.0,0.0,0.13100000000000733,0.12349999999999994
2025-10-21 12:00:00,0.0003750000000000142,0.0,0.46449999999999675,0.018499999999999517
2025-10-21 13:00:00,0.0,0.0,0.12249999999999872,0.10150000000000148
2025-10-21 14:00:00,0.0,0.0,0.43599999999999994,0.006499999999999062
2025-10-21 15:00:00,0.00987499999999919,0.0,0.3619999999999969,0.05800000000000338
2025-10-21 16:00:00,0.0,0.0,0.024499999999999744,0.24849999999999284
2025-10-21 17:00:00,0.0,0.0,0.019000000000001904,0.28800000000000736
2025-10-21 18:00:00,0.0,0.0,0.015000000000000568,0.1384999999999934
2025-10-21 19:00:00,0.0,0.0,0.03900000000000148,0.1355000000000004
2025-10-21 20:00:00,0.0,0.0,0.036999999999999034,0.1285000000000025
2025-10-21 21:00:00,0.0,0.0,0.1495000000000033,0.05349999999999966
2025-10-21 22:00:00,0.0,0.0,0.13500000000000156,0.07149999999999679
2025-10-21 23:00:00,0.004374999999999574,0.0,0.4489999999999995,0.09249999999999758
2025-10-22 00:00:00,0.0,0.0007500000000000284,0.07900000000000418,0.3660000000000025
2025-10-22 01:00:00,0.0,0.0,0.1524999999999963,0.13349999999999795
2025-10-22 02:00:00,0.0,0.0,0.05450000000000088,0.13250000000000384
2025-10-22 03:00:00,0.0,0.0,0.07699999999999818,0.08749999999999858
2025-10-22 04:00:00,0.0,0.0,0.08650000000000091,0.0835000000000008
2025-10-22 05:00:00,0.0,0.0,0.04250000000000398,0.10850000000000293
2025-10-22 06:00:00,0.0,0.0,0.05449999999999733,0.1515000000000022
2025-10-22 07:00:00,0.004124999999999268,0.0,0.3849999999999959,0.06650000000000134
2025-10-22 08:00:00,0.0,0.0009999999999994458,0.05800000000000338,0.39800000000000535
2025-10-22 09:00:00,0.0,0.0,0.13950000000000173,0.05999999999999872
2025-10-22 10:00:00,0.0,0.0,0.049000000000006594,0.06950000000000145
2025-10-22 11:00:00,0.0,0.0,0.03549999999999898,0.09849999999999781
2025-10-22 12:00:00,0.0,0.0,0.032500000000002416,0.10850000000000293
2025-10-22 13:00:00,0.0,0.0,0.20599999999999596,0.05850000000000222
2025-10-22 14:00:00,0.0,0.0,0.11249999999999716,0.06999999999999673
2025-10-22 15:00:00,0.0,0.0,0.05450000000000088,0.1095000000000006
2025-10-22 16:00:00,0.0,0.0,0.0744999999999969,0.0975000000000037
2025-10-22 17:00:00,0.0,0.0,0.21149999999999736,0.043000000000002814
2025-10-22 18:00:00,0.0,0.0,0.016500000000000625,0.15750000000000242
2025-10-22 19:00:00,0.0,0.0,0.03300000000000125,0.15749999999999886
2025-10-22 20:00:00,0.0,0.0,0.05850000000000222,0.10699999999999932
2025-10-22 21:00:00,0.0,0.0,0.12300000000000111,0.04299999999999926
2025-10-22 22:00:00,0.0,0.0,0.036999999999999034,0.13200000000000145
2025-10-22 23:00:00,0.0,0.0,0.05799999999999628,0.11250000000000782
2025-10-23 00:00:00,0.0,0.0,0.036000000000001364,0.07549999999999812
2025-10-23 01:00:00,0.0,0.0,0.026000000000003354,0.11749999999999972
2025-10-23 02:00:00,0.0,0.0,0.07849999999999824,0.09700000000000486
2025-10-23 03:00:00,0.0,0.0,0.030999999999998806,0.05750000000000455
2025-10-23 04:00:00,0.0,0.0,0.07800000000000651,0.11149999999999949
2025-10-23 05:00:00,0.0,0.0,0.15900000000000247,0.19299999999999784
2025-10-23 06:00:00,0.0,0.0,0.0835000000000008,0.1734999999999971
2025-10-23 07:00:00,0.0,0.0,0.06500000000000483,0.13200000000000145
2025-10-23 08:00:00,0.0,0.0,0.06450000000000244,0.10100000000000264
2025-10-23 09:00:00,0.0,0.0,0.05399999999999494,0.10500000000000043
2025-10-23 10:00:00,0.0,0.0,0.08299999999999841,0.08299999999999841
2025-10-23 11:00:00,0.0,0.0,0.07950000000001012,0.08950000000000458
2025-10-23 12:00:00,0.0,0.0,0.0990000000000002,0.08699999999999974
2025-10-23 13:00:00,0.0,0.0,0.05150000000000077,0.10449999999999804
2025-10-23 14:00:00,0.0,0.0,0.10500000000000043,0.07899999999999707
2025-10-23 15:00:00,0.0,0.0,0.02850000000000108,0.0799999999999983
2025-10-23 16:00:00,0.0,0.0,0.06150000000000233,0.038000000000000256
2025-10-23 17:00:00,0.0,0.0,0.04099999999999682,0.11000000000000654
2025-10-23 18:00:00,0.0,0.0,0.06550000000000367,0.06349999999999412
2025-10-23 19:00:00,0.0,0.0,0.08750000000000213,0.12250000000000938
2025-10-23 20:00:00,0.0,0.0,0.009499999999999176,0.2794999999999952
2025-10-23 21:00:00,0.0,0.0,0.09150000000000702,0.15049999999999386
2025-10-23 22:00:00,0.0,0.0,0.09749999999999659,0.07349999999999923
2025-10-23 23:00:00,0.0,0.0,0.07900000000000418,0.1615000000000002
2025-10-24 00:00:00,0.0,0.0,0.25549999999999784,0.03849999999999909
2025-10-24 01:00:00,0.0,0.0,0.062000000000001165,0.037000000000002586
2025-10-24 02:00:00,0.0,0.0,0.0329999999999977,0.11999999999998678
2025-10-24 03:00:00,0.0,0.0,0.06850000000000733,0.04499999999999815
2025-10-24 04:00:00,0.0,0.0,0.048500000000000654,0.11200000000000543
2025-10-24 05:00:00,0.0,0.0,0.07800000000000651,0.13850000000000762
2025-10-24 06:00:00,0.0,0.0,0.19299999999999784,0.0710000000000015
2025-10-24 07:00:00,0.0,0.0,0.039500000000003865,0.14099999999999824
2025-10-24 08:00:00,0.0,0.0,0.041499999999999204,0.1890000000000036
2025-10-24 09:00:00,0.0,0.0,0.06299999999999883,0.046500000000005315
2025-10-24 10:00:00,0.0,0.0,0.13500000000000867,0.03450000000000131
2025-10-24 11:00:00,0.0,0.0,0.14999999999999858,0.033500000000000085
2025-10-24 12:00:00,0.0,0.0,0.057500000000000995,0.07600000000000406
2025-10-24 13:00:00,0.0,0.0,0.0954999999999977,0.05000000000000426
2025-10-24 14:00:00,0.0,0.0,0.010999999999999233,0.34150000000000347
2025-10-24 15:00:00,0.0,0.0,0.04899999999999949,0.09850000000000492
2025-10-24 16:00:00,0.0,0.0,0.11250000000000071,0.06099999999999994
2025-10-24 17:00:00,0.0,0.0,0.037000000000002586,0.25000000000000355
2025-10-24 18:00:00,0.0,0.0,0.05900000000000105,0.20849999999999724
2025-10-24 19:00:00,0.0,0.0,0.05450000000000088,0.06599999999999895
2025-10-24 20:00:00,0.0,0.0,0.06149999999999878,0.13249999999999673
2025-10-24 21:00:00,0.0,0.0,0.10649999999999693,0.03249999999999886
2025-10-24 22:00:00,0.0,0.0,0.01699999999999946,0.18649999999999523
2025-10-24 23:00:00,0.0,0.0,0.04449999999999932,0.2120000000000033
2025-10-25 00:00:00,0.0,0.0,0.08450000000000202,0.1285000000000025
2025-10-25 01:00:00,0.0,0.0,0.0975000000000037,0.05099999999999838
2025-10-25 02:00:00,0.0,0.0,0.21649999999999991,0.04649999999999821
2025-10-25 03:00:00,0.0,0.0,0.1600000000000037,0.022500000000000853
2025-10-25 04:00:00,0.0,0.0,0.09600000000000009,0.03900000000000148
2025-10-25 05:00:00,0.0,0.0,0.10999999999999943,0.006499999999999062
2025-10-25 06:00:00,0.0,0.0,0.010000000000001563,0.3414999999999999
2025-10-25 07:00:00,0.0,0.0,0.19000000000000128,0.2394999999999996
2025-10-25 08:00:00,0.0,0.0,0.16750000000000753,0.031500000000001194
2025-10-25 09:00:00,0.0,0.0,0.14100000000000534,0.033500000000000085
2025-10-25 10:00:00,0.0,0.0,0.3065000000000069,0.0
2025-10-25 11:00:00,0.0,0.0,0.08049999999999713,0.03100000000000236
2025-10-25 12:00:00,0.0,0.0,0.10050000000000381,0.07000000000000028
2025-10-25 13:00:00,0.0,0.0,0.023499999999998522,0.1515000000000022
2025-10-25 14:00:00,0.0,0.0,0.21750000000000114,0.03049999999999997
2025-10-25 15:00:00,0.0,0.0,0.0850000000000044,0.12600000000000122
2025-10-25 16:00:00,0.0,0.0,0.10249999999999915,0.08299999999999841
2025-10-25 17:00:00,0.0,0.0,0.10950000000000415,0.06599999999999895
2025-10-25 18:00:00,0.0,0.0,0.06800000000000139,0.04299999999999926
2025-10-25 19:00:00,0.0,0.0,0.02850000000000108,0.27199999999999847
2025-10-25 20:00:00,0.0,0.0,0.14499999999999957,0.04400000000000759
2025-10-25 21:00:00,0.0,0.0,0.09950000000000614,0.07900000000000063
2025-10-25 22:00:00,0.0,0.0,0.11350000000000549,0.04649999999999821
2025-10-25 23:00:00,0.0,0.0,0.18650000000000233,0.030000000000001137
2025-10-26 00:00:00,0.0,0.0,0.06099999999999994,0.04899999999999949
2025-10-26 01:00:00,0.0,0.0,0.14050000000000296,0.006499999999999062
2025-10-26 02:00:00,0.0,0.006547619047618168,0.060000000000002274,0.4819047619047635
2025-10-26 03:00:00,0.0,0.0,0.07421052631579228,0.05473684210526274
2025-10-26 04:00:00,0.0,0.0,0.10500000000000753,0.05100000000000193
2025-10-26 05:00:00,0.0,0.0,0.13599999999999923,0.023500000000002075
2025-10-26 06:00:00,0.0,0.0,0.08549999999999969,0.06750000000000256
2025-10-26 07:00:00,0.0,0.0,0.1335000000000015,0.04100000000000392
2025-10-26 08:00:00,0.0,0.0,0.14699999999999847,0.05300000000000438
2025-10-26 09:00:00,0.0,0.0,0.10150000000000148,0.06900000000000617
2025-10-26 10:00:00,0.0,0.0,0.06150000000000233,0.061000000000003496
2025-10-26 11:00:00,0.0,0.0,0.08950000000000102,0.06950000000000145
2025-10-26 12:00:00,0.0,0.0,0.2304999999999957,0.01699999999999946
2025-10-26 13:00:00,0.0,0.0,0.06050000000000466,0.05649999999999977
2025-10-26 14:00:00,0.0,0.0,0.17150000000000176,0.013500000000000512
2025-10-26 15:00:00,0.0,0.0,0.06249999999999645,0.07399999999999807
2025-10-26 16:00:00,0.0,0.0,0.17900000000000205,0.036000000000001364
2025-10-26 17:00:00,0.0,0.0,0.05350000000000321,0.16500000000000625
2025-10-26 18:00:00,0.0,0.0,0.013999999999999346,0.14850000000000563
2025-10-26 19:00:00,0.0,0.0,0.04900000000000304,0.07349999999999923
2025-10-26 20:00:00,0.0,0.0,0.05150000000000787,0.06550000000000011
2025-10-26 21:00:00,0.0,0.0,0.09599999999999653,0.17950000000000088
2025-10-26 22:00:00,0.0,0.0,0.04400000000000048,0.11650000000000205
2025-10-26 23:00:00,0.0,0.0,0.10800000000000054,0.1474999999999973
2025-10-27 00:00:00,0.0,0.0,0.1375000000000064,0.11150000000000304
2025-10-27 01:00:00,0.0,0.0,0.0779999999999994,0.04600000000000293
2025-10-27 02:00:00,0.0,0.0,0.05349999999999966,0.08249999999999957
2025-10-27 03:00:00,0.0,0.0,0.022999999999999687,0.1805000000000021
2025-10-27 04:00:00,0.0,0.0,0.06149999999999878,0.03399999999999892
2025-10-27 05:00:00,0.0,0.0,0.08799999999999386,0.08100000000000307
2025-10-27 06:00:00,0.0,0.0,0.09950000000000259,0.14649999999999608
2025-10-27 07:00:00,0.0,0.0,0.07400000000000162,0.18100000000000094
2025-10-27 08:00:00,0.0,0.0,0.2560000000000002,0.004999999999999005
2025-10-27 09:00:00,0.0,0.0,0.08999999999999986,0.04949999999999832
2025-10-27 10:00:00,0.0,0.0,0.0070000000000014495,0.19500000000000028
2025-10-27 11:00:00,0.0,0.0,0.049000000000006594,0.0555000000000021
2025-10-27 12:00:00,0.0,0.0,0.1650000000000027,0.030000000000001137
2025-10-27 13:00:00,0.0,0.0,0.059000000000004604,0.05050000000000665
2025-10-27 14:00:00,0.0,0.0,0.07600000000000051,0.052000000000003155
2025-10-27 15:00:00,0.0,0.0,0.07950000000001012,0.05150000000000432
2025-10-27 16:00:00,0.0,0.0,0.03650000000000375,0.060000000000005826
2025-10-27 17:00:00,0.0,0.0,0.006000000000000227,0.2234999999999978
2025-10-27 18:00:00,0.0,0.0,0.125,0.027999999999998693
2025-10-27 19:00:00,0.0,0.0,0.014500000000001734,0.10900000000000531
2025-10-27 20:00:00,0.0,0.0,0.03399999999999892,0.18700000000000117
2025-10-27 21:00:00,0.0,0.0,0.07350000000000279,0.2010000000000005
2025-10-27 22:00:00,0.0,0.0,0.022999999999999687,0.13050000000000495
2025-10-27 23:00:00,0.0,0.0,0.01899999999999835,0.17499999999999716
2025-10-28 00:00:00,0.0,0.0,0.028999999999999915,0.3440000000000012
2025-10-28 01:00:00,0.0,0.0,0.09849999999999781,0.20249999999999346
2025-10-28 02:00:00,0.0,0.0,0.06899999999999551,0.09400000000000475
2025-10-28 03:00:00,0.0,0.0,0.02500000000000213,0.2035000000000089
2025-10-28 04:00:00,0.0,0.0,0.0004999999999988347,0.2984999999999971
2025-10-28 05:00:00,0.0,0.0,0.13049999999999784,0.04750000000000654
2025-10-28 06:00:00,0.0,0.0,0.2485000000000106,0.11800000000000566
2025-10-28 07:00:00,0.0,0.0,0.17450000000000543,0.029000000000003467
2025-10-28 08:00:00,0.0,0.0,0.2260000000000062,0.014499999999998181
2025-10-28 09:00:00,0.0,0.0,0.05150000000000077,0.33100000000000307
2025-10-28 10:00:00,0.0,0.0,0.3549999999999969,0.0045000000000001705
2025-10-28 11:00:00,0.0,0.0,0.08650000000000091,0.16249999999999787
2025-10-28 12:00:00,0.0,0.0,0.21249999999999503,0.006000000000000227
2025-10-28 13:00:00,0.0,0.0,0.1319999999999979,0.036999999999999034
2025-10-28 14:00:00,0.0,0.0,0.14000000000000057,0.022000000000002018
2025-10-28 15:00:00,0.0,0.0,0.07450000000000401,0.07800000000000651
2025-10-28 16:00:00,0.0,0.0,0.13500000000000156,0.06500000000000128
2025-10-28 17:00:00,0.0,0.0,0.12750000000000128,0.02500000000000213
2025-10-28 18:00:00,0.0,0.0,0.05099999999999838,0.11950000000000571
2025-10-28 19:00:00,0.0,0.0,0.11450000000001026,0.05000000000000426
2025-10-28 20:00:00,0.0,0.0,0.05950000000000344,0.11400000000000432
2025-10-28 21:00:00,0.0,0.0,0.09750000000000725,0.08599999999999852
2025-10-28 22:00:00,0.0,0.0,0.04949999999999832,0.1444999999999972
2025-10-28 23:00:00,0.0,0.0,0.03200000000000003,0.1495000000000104
2025-10-29 00:00:00,0.0,0.0,0.17550000000000665,0.006499999999999062
2025-10-29 01:00:00,0.0,0.0,0.21650000000000347,0.018000000000004235
2025-10-29 02:00:00,0.0,0.0,0.09500000000000597,0.028999999999999915
2025-10-29 03:00:00,0.0,0.0,0.09700000000000131,0.01699999999999946
2025-10-29 04:00:00,0.0,0.0,0.10799999999999699,0.04500000000000526
2025-10-29 05:00:00,0.0,0.0,0.13149999999999906,0.24050000000000082
2025-10-29 06:00:00,0.0,0.0,0.030000000000001137,0.19149999999999423
2025-10-29 07:00:00,0.0,0.0,0.08149999999999835,0.08200000000000074
2025-10-29 08:00:00,0.0,0.0,0.1410000000000089,0.04249999999999332
2025-10-29 09:00:00,0.0,0.0,0.12699999999999534,0.045999999999999375
2025-10-29 10:00:00,0.0,0.0,0.12899999999999778,0.028000000000005798
2025-10-29 11:00:00,0.0,0.0,0.061000000000003496,0.09199999999999875
2025-10-29 12:00:00,0.0,0.0,0.21450000000000102,0.007500000000000284
2025-10-29 13:00:00,0.0,0.0,0.05150000000000077,0.08950000000000102
2025-10-29 14:00:00,0.0008749999999997371,0.0,0.1405000000000058,0.049500000000001876
2025-10-29 15:00:00,0.0,0.0,0.05900000000000816,0.06300000000000239
2025-10-29 16:00:00,0.0,0.0,0.08950000000000102,0.02050000000000196
2025-10-29 17:00:00,0.0,0.0,0.10299999999999798,0.05600000000000449
2025-10-29 18:00:00,0.0,0.0,0.053000000000000824,0.10600000000000165
2025-10-29 19:00:00,0.0,0.0,0.05749999999999744,0.09700000000000131
2025-10-29 20:00:00,0.0,0.0,0.07400000000000162,0.06699999999999662
2025-10-29 21:00:00,0.0,0.0,0.11550000000000438,0.02900000000000702
2025-10-29 22:00:00,0.0,0.0,0.2910000000000039,0.007500000000003837
2025-10-29 23:00:00,0.0,0.0,0.06150000000000588,0.06200000000000472
2025-10-30 00:00:00,0.0,0.0,0.12349999999999639,0.04700000000000415
2025-10-30 01:00:00,0.0,0.0,0.09050000000000225,0.058499999999998664
2025-10-30 02:00:00,0.0,0.0,0.33350000000000435,0.0
2025-10-30 03:00:00,0.0,0.0,0.09700000000000131,0.17299999999999827
2025-10-30 04:00:00,0.0,0.0,0.09849999999999781,0.2305000000000028
2025-10-30 05:00:00,0.0,0.0,0.1714999999999911,0.012000000000000455
2025-10-30 06:00:00,0.0,0.0,0.137000000000004,0.10150000000000148
2025-10-30 07:00:00,0.0,0.0,0.05399999999999494,0.12049999999999983
2025-10-30 08:00:00,0.0,0.0,0.007894736842105562,0.16315789473684705
2025-10-30 09:00:00,0.0,0.0,0.16526315789473314,0.056842105263156306
2025-10-30 10:00:00,0.0,0.0,0.32250000000000156,0.004999999999999005
2025-10-30 11:00:00,0.0,0.0,0.415499999999998,0.002500000000001279
2025-10-30 12:00:00,0.0,0.0,0.274999999999995,0.06400000000000006
2025-10-30 13:00:00,0.0,0.0,0.007999999999999119,0.2629999999999981
2025-10-30 14:00:00,0.0,0.0,0.025500000000000966,0.2085000000000079
2025-10-30 15:00:00,0.0,0.0,0.1839999999999975,0.012000000000000455
2025-10-30 16:00:00,0.0,0.0,0.09849999999999781,0.12100000000000577
2025-10-30 17:00:00,0.0,0.0,0.10400000000000276,0.09700000000000486
2025-10-30 18:00:00,0.0,0.0,0.08200000000000074,0.12399999999999878
2025-10-30 19:00:00,0.0,0.0,0.06950000000000145,0.19550000000000267
2025-10-30 20:00:00,0.0,0.0,0.05799999999999628,0.11700000000000799
2025-10-30 21:00:00,0.0,0.0,0.04299999999999926,0.10649999999999693
2025-10-30 22:00:00,0.0,0.0,0.013000000000001677,0.12149999999999395
2025-10-30 23:00:00,0.0,0.0,0.06449999999999534,0.15200000000000102
2025-10-31 00:00:00,0.0,0.0,0.0,0.3255000000000017
2025-10-31 01:00:00,0.0,0.0,0.025500000000000966,0.07949999999999946
2025-10-31 02:00:00,0.0,0.0,0.030500000000003524,0.0954999999999977
2025-10-31 03:00:00,0.0,0.0,0.028999999999999915,0.10600000000000165
2025-10-31 04:00:00,0.0,0.0,0.08050000000000068,0.10499999999999687
2025-10-31 05:00:00,0.0,0.0,0.12049999999999983,0.03399999999999892
2025-10-31 06:00:00,0.0,0.0,0.1729999999999947,0.06750000000000256
2025-10-31 07:00:00,0.0,0.0,0.0555000000000021,0.27200000000000557
2025-10-31 08:00:00,0.0,0.0,0.06899999999999906,0.08800000000000097
2025-10-31 09:00:00,0.0,0.0,0.047500000000002984,0.04949999999999832
2025-10-31 10:00:00,0.0,0.0,0.09450000000000358,0.06700000000000017
2025-10-31 11:00:00,0.0,0.0,0.09149999999999991,0.050499999999999545
2025-10-31 12:00:00,0.0,0.0,0.06850000000000733,0.05250000000000199
2025-10-31 13:00:00,0.0,0.0,0.06850000000000733,0.062000000000001165
2025-10-31 14:00:00,0.0,0.0,0.03499999999999659,0.06800000000000495
2025-10-31 15:00:00,0.0,0.0,0.08600000000000563,0.027499999999999858
2025-10-31 16:00:00,0.0,0.0,0.07299999999999685,0.08650000000000801
2025-10-31 17:00:00,0.0,0.0,0.018000000000000682,0.15100000000000335
2025-10-31 18:00:00,0.0,0.0,0.05249999999999844,0.06850000000000023
2025-10-31 19:00:00,0.0,0.0,0.05900000000000816,0.054000000000002046
2025-10-31 20:00:00,0.0,0.0,0.057500000000000995,0.07200000000000273
2025-10-31 21:00:00,0.0,0.0,0.04650000000000176,0.04550000000000054
2025-10-31 22:00:00,0.0,0.0,0.0954999999999977,0.02400000000000091
2025-10-31 23:00:00,0.0024999999999995026,0.0,0.34950000000000114,0.04399999999999693
2025-11-01 00:00:00,0.0,0.0,0.02050000000000196,0.11000000000000654
2025-11-01 01:00:00,0.0,0.0,0.045000000000001705,0.08250000000000313
2025-11-01 02:00:00,0.0,0.0,0.036999999999999034,0.10000000000000497
2025-11-01 03:00:00,0.0,0.0,0.09650000000000247,0.028499999999997527
2025-11-01 04:00:00,0.0,0.0,0.05650000000001043,0.048500000000000654
2025-11-01 05:00:00,0.0,0.0,0.05250000000000554,0.07200000000000628
2025-11-01 06:00:00,0.0,0.0,0.022000000000002018,0.14500000000000313
2025-11-01 07:00:00,0.0,0.0,0.08850000000000335,0.062000000000001165
2025-11-01 08:00:00,0.0,0.0,0.08650000000000091,0.03300000000000125
2025-11-01 09:00:00,0.0,0.0,0.09600000000000009,0.09500000000000597
2025-11-01 10:00:00,0.0,0.0,0.024500000000003297,0.17249999999999943
2025-11-01 11:00:00,0.0,0.0,0.1889999999999965,0.1339999999999968
2025-11-01 12:00:00,0.0,0.0,0.06150000000000233,0.23649999999999594
2025-11-01 13:00:00,0.0,0.0,0.05100000000000193,0.0800000000000054
2025-11-01 14:00:00,0.0,0.0,0.028499999999997527,0.25299999999999656
2025-11-01 15:00:00,0.0,0.0,0.16100000000000492,0.05600000000000094
2025-11-01 16:00:00,0.0,0.0,0.031500000000001194,0.09849999999999781
2025-11-01 17:00:00,0.0,0.0,0.06800000000000139,0.022500000000000853
2025-11-01 18:00:00,0.0,0.0,0.03399999999999892,0.15350000000000463
2025-11-01 19:00:00,0.0,0.0,0.0,0.3559999999999981
2025-11-01 20:00:00,0.0,0.0,0.11950000000000571,0.05349999999999966
2025-11-01 21:00:00,0.0,0.0,0.09049999999999869,0.16850000000000875
2025-11-01 22:00:00,0.0,0.0,0.0030000000000001137,0.2684999999999995
2025-11-01 23:00:00,0.0,0.0,0.08549999999999969,0.14050000000000296
2025-11-02 00:00:00,0.0,0.0,0.1560000000000059,0.014500000000001734
2025-11-02 01:00:00,0.0,0.0,0.14150000000000063,0.01899999999999835
2025-11-02 02:00:00,0.0,0.0,0.15300000000000225,0.01950000000000074
2025-11-02 03:00:00,0.0,0.0,0.11000000000001009,0.053500000000006764
2025-11-02 04:00:00,0.0,0.0,0.15500000000000114,0.04399999999999693
2025-11-02 05:00:00,0.0,0.0,0.11450000000000315,0.06800000000000139
2025-11-02 06:00:00,0.0,0.0,0.007999999999999119,0.3934999999999995
2025-11-02 07:00:00,0.0,0.0,0.09350000000000236,0.11299999999999955
2025-11-02 08:00:00,0.0,0.0,0.19900000000000517,0.03999999999999915
2025-11-02 09:00:00,0.0,0.0,0.12250000000000938,0.025500000000000966
2025-11-02 10:00:00,0.0,0.0,0.117999999999995,0.036999999999999034
2025-11-02 11:00:00,0.0,0.0,0.22000000000000597,0.028000000000002245
2025-11-02 12:00:00,0.0,0.0,0.08699999999999974,0.04550000000000409
2025-11-02 13:00:00,0.0,0.0,0.1180000000000021,0.047500000000002984
2025-11-02 14:00:00,0.0,0.0,0.09849999999999781,0.08199999999999719
2025-11-02 15:00:00,0.0,0.0,0.10700000000000287,0.07149999999999679
2025-11-02 16:00:00,0.0,0.0,0.15750000000001307,0.04800000000000182
2025-11-02 17:00:00,0.0,0.0,0.09700000000000131,0.04100000000000037
2025-11-02 18:00:00,0.0,0.0,0.09249999999999758,0.09600000000000719
2025-11-02 19:00:00,0.0,0.0,0.11800000000000566,0.05900000000000105
2025-11-02 20:00:00,0.0,0.0,0.036000000000001364,0.05950000000000344
2025-11-02 21:00:00,0.0,0.0,0.28949999999999676,0.06899999999999906
2025-11-02 22:00:00,0.0,0.0,0.0639999999999965,0.05999999999999872
2025-11-02 23:00:00,0.0,0.0,0.09600000000000009,0.1460000000000008
2025-11-03 00:00:00,0.0,0.0,0.1235000000000035,0.09450000000000003
2025-11-03 01:00:00,0.0,0.0,0.030000000000001137,0.09550000000000125
2025-11-03 02:00:00,0.0,0.0,0.03349999999999653,0.10300000000000509
2025-11-03 03:00:00,0.0,0.0,0.07399999999999807,0.03350000000000719
2025-11-03 04:00:00,0.0,0.0,0.09599999999999298,0.08549999999999969
2025-11-03 05:00:00,0.0,0.0,0.06150000000000233,0.08600000000000207
2025-11-03 06:00:00,0.0,0.0,0.045000000000001705,0.25349999999999895
2025-11-03 07:00:00,0.0,0.0,0.1410000000000018,0.1434999999999924
2025-11-03 08:00:00,0.0,0.0,0.19149999999999423,0.040500000000001535
2025-11-03 09:00:00,0.0,0.0,0.13299999999999912,0.04299999999999926
2025-11-03 10:00:00,0.0,0.0,0.03900000000000148,0.17399999999999594
2025-11-03 11:00:00,0.0,0.0,0.004000000000001336,0.27250000000000796
2025-11-03 12:00:00,0.0,0.0,0.0,0.5279999999999916
2025-11-03 13:00:00,0.0,0.0,0.16450000000000387,0.05799999999999983
2025-11-03 14:00:00,0.0,0.0,0.06650000000000134,0.12950000000000372
2025-11-03 15:00:00,0.0,0.0,0.2950000000000017,0.0045000000000001705
2025-11-03 16:00:00,0.0,0.0,0.09599999999999653,0.08550000000000679
2025-11-03 17:00:00,0.0,0.0,0.07750000000000412,0.07750000000000412
2025-11-03 18:00:00,0.0,0.0,0.12400000000000588,0.03400000000000247
2025-11-03 19:00:00,0.0,0.0,0.117999999999995,0.048999999999995936
2025-11-03 20:00:00,0.0,0.0,0.23649999999999594,0.17650000000000077
2025-11-03 21:00:00,0.0,0.0,0.10200000000000031,0.059499999999999886
2025-11-03 22:00:00,0.0,0.0,0.13299999999999912,0.05700000000000571
2025-11-03 23:00:00,0.0,0.0,0.04150000000000276,0.22949999999999804
2025-11-04 00:00:00,0.0,0.0,0.0365000000000002,0.21299999999999386
2025-11-04 01:00:00,0.0,0.00024999999999941735,0.054500000000007987,0.2579999999999984
2025-11-04 02:00:00,0.0,0.0,0.22200000000000486,0.11500000000000199
2025-11-04 03:00:00,0.0,0.0,0.18350000000000222,0.02500000000000213
2025-11-04 04:00:00,0.0,0.0,0.10050000000000026,0.046500000000005315
2025-11-04 05:00:00,0.0,0.0,0.12950000000000017,0.04550000000000054
2025-11-04 06:00:00,0.0,0.0,0.06849999999999667,0.14500000000000668
2025-11-04 07:00:00,0.0,0.01437499999999936,0.08300000000000196,0.47550000000000453
2025-11-04 08:00:00,0.0,0.0,0.15750000000000242,0.16000000000000014
2025-11-04 09:00:00,0.0,0.0,0.1755000000000031,0.053999999999998494
2025-11-04 10:00:00,0.0,0.0,0.1440000000000019,0.042500000000000426
2025-11-04 11:00:00,0.0,0.0,0.13199999999999434,0.0484999999999971
2025-11-04 12:00:00,0.0,0.0,0.22300000000000253,0.012500000000002842
2025-11-04 13:00:00,0.0,0.0,0.0934999999999988,0.07600000000000406
2025-11-04 14:00:00,0.0,0.0,0.17199999999999704,0.010000000000001563
2025-11-04 15:00:00,0.0,0.0,0.17450000000000188,0.030500000000003524
2025-11-04 16:00:00,0.0,0.0,0.10999999999999943,0.08249999999999957
2025-11-04 17:00:00,0.0,0.0,0.06350000000000122,0.13899999999999935
2025-11-04 18:00:00,0.0,0.0,0.041499999999999204,0.1490000000000009
2025-11-04 19:00:00,0.0,0.0,0.09149999999999991,0.06549999999999656
2025-11-04 20:00:00,0.0,0.0,0.18449999999998923,0.014499999999998181
2025-11-04 21:00:00,0.0,0.0,0.11850000000000094,0.020000000000003126
2025-11-04 22:00:00,0.0,0.0,0.08349999999999724,0.22950000000000514
2025-11-04 23:00:00,0.0,0.0,0.0224999999999973,0.28649999999999665
2025-11-05 00:00:00,0.014249999999999652,0.0,0.39900000000000163,0.08299999999999841
2025-11-05 01:00:00,0.0,0.0,0.04449999999999932,0.062000000000001165
2025-11-05 02:00:00,0.0,0.0,0.0010000000000012221,0.2240000000000073
2025-11-05 03:00:00,0.0,0.0,0.07650000000000645,0.02650000000000574
2025-11-05 04:00:00,0.0,0.0,0.2080000000000055,0.02149999999999963
2025-11-05 05:00:00,0.0,0.0,0.07400000000000162,0.09399999999999764
2025-11-05 06:00:00,0.0,0.0,0.05450000000000088,0.1579999999999977
2025-11-05 07:00:00,0.0,0.0,0.09699999999999775,0.06550000000000367
2025-11-05 08:00:00,0.0,0.0,0.10350000000000392,0.17300000000000182
2025-11-05 09:00:00,0.0,0.0,0.10899999999999821,0.04650000000000176
2025-11-05 10:00:00,0.0,0.0,0.007999999999999119,0.38400000000000034
2025-11-05 11:00:00,0.0,0.0,0.14750000000000796,0.013000000000001677
2025-11-05 12:00:00,0.0,0.0,0.16100000000001202,0.040500000000001535
2025-11-05 13:00:00,0.0,0.0,0.09450000000000003,0.0940000000000012
2025-11-05 14:00:00,0.0,0.0,0.08200000000000074,0.06899999999999906
2025-11-05 15:00:00,0.0,0.0,0.0400000000000027,0.09799999999999898
2025-11-05 16:00:00,0.0,0.0,0.06349999999999767,0.20700000000000074
2025-11-05 17:00:00,0.0,0.0,0.08549999999999969,0.11250000000000782
2025-11-05 18:00:00,0.0,0.0,0.004000000000001336,0.3185000000000002
2025-11-05 19:00:00,0.0,0.0,0.0,0.48249999999999105
2025-11-05 20:00:00,0.0,0.0,0.16100000000000136,0.06850000000000023
2025-11-05 21:00:00,0.0,0.0,0.21850000000000236,0.006000000000000227
2025-11-05 22:00:00,0.0,0.0,0.11149999999999238,0.0660000000000025
2025-11-05 23:00:00,0.0,0.0,0.07900000000000063,0.10200000000000031
2025-11-06 00:00:00,0.0,0.0,0.15649999999999764,0.07900000000000063
2025-11-06 01:00:00,0.0,0.0,0.023999999999997357,0.20350000000000534
2025-11-06 02:00:00,0.0,0.0,0.12899999999999423,0.060000000000002274
2025-11-06 03:00:00,0.0,0.0,0.11750000000000682,0.03849999999999909
2025-11-06 04:00:00,0.0,0.0,0.035000000000003695,0.16750000000000043
2025-11-06 05:00:00,0.0,0.0,0.12399999999999878,0.2920000000000016
2025-11-06 06:00:00,0.0,0.0,0.13199999999999434,0.10100000000000264
2025-11-06 07:00:00,0.0,0.0,0.0934999999999988,0.08300000000000196
2025-11-06 08:00:00,0.0,0.0,0.11550000000000082,0.06449999999999889
2025-11-06 09:00:00,0.0,0.0,0.12849999999999895,0.01799999999999713
2025-11-06 10:00:00,0.0,0.0,0.08900000000000219,0.032999999999994145
2025-11-06 11:00:00,0.0,0.0,0.053499999999996106,0.2654999999999994
2025-11-06 12:00:00,0.0,0.0,0.07599999999999696,0.11850000000000449
2025-11-06 13:00:00,0.0,0.0,0.15900000000000603,0.02049999999999841
2025-11-06 14:00:00,0.0,0.0,0.184500000000007,0.006000000000000227
2025-11-06 15:00:00,0.0,0.0,0.2169999999999952,0.024499999999999744
2025-11-06 16:00:00,0.0,0.0,0.14099999999999469,0.016500000000000625
2025-11-06 17:00:00,0.0,0.0,0.0870000000000033,0.04449999999999932
2025-11-06 18:00:00,0.0,0.0,0.06800000000000139,0.08549999999999613
2025-11-06 19:00:00,0.0,0.0,0.18650000000000944,0.009499999999999176
2025-11-06 20:00:00,0.0,0.0,0.06149999999999878,0.05850000000000222
2025-11-06 21:00:00,0.0,0.0,0.05950000000000344,0.13150000000000261
2025-11-06 22:00:00,0.0,0.0,0.04400000000000048,0.08899999999999864
2025-11-06 23:00:00,0.0,0.0,0.0004999999999988347,0.2510000000000012
2025-11-07 00:00:00,0.0,0.0,0.1115000000000066,0.03450000000000131
2025-11-07 01:00:00,0.0,0.0,0.053499999999996106,0.21300000000000097
2025-11-07 02:00:00,0.0,0.0,0.06550000000000011,0.2740000000000009
2025-11-07 03:00:00,0.0,0.0,0.0010000000000012221,0.3985000000000021
2025-11-07 04:00:00,0.0,0.0,0.010999999999999233,0.21199999999999974
2025-11-07 05:00:00,0.0,0.0,0.2560000000000038,0.004999999999999005
2025-11-07 06:00:00,0.0,0.0,0.22700000000000387,0.021000000000000796
2025-11-07 07:00:00,0.0,0.0,0.055999999999997385,0.12449999999999761
2025-11-07 08:00:00,0.0,0.0,0.017500000000001847,0.19650000000000034
2025-11-07 09:00:00,0.0,0.0,0.05800000000000338,0.07699999999999818
2025-11-07 10:00:00,0.0,0.0,0.0905000000000058,0.010499999999996845
2025-11-07 11:00:00,0.0,0.0,0.1339999999999968,0.06350000000000477
2025-11-07 12:00:00,0.0,0.0,0.20599999999999952,0.013999999999999346
2025-11-07 13:00:00,0.0,0.0,0.17600000000000549,0.016500000000000625
2025-11-07 14:00:00,0.0,0.0,0.09500000000000242,0.01600000000000179
2025-11-07 15:00:00,0.0,0.0,0.17600000000000549,0.01600000000000179
2025-11-07 16:00:00,0.0,0.0,0.09999999999999787,0.06350000000000477
2025-11-07 17:00:00,0.0,0.0,0.1075000000000017,0.028999999999996362
2025-11-07 18:00:00,0.0,0.0,0.09050000000000225,0.01600000000000179
2025-11-07 19:00:00,0.0,0.0,0.05600000000000094,0.04650000000000176
2025-11-07 20:00:00,0.0,0.0,0.06350000000000122,0.06550000000000011
2025-11-07 21:00:00,0.0,0.0,0.08100000000000307,0.06499999999999773
2025-11-07 22:00:00,0.0,0.0,0.049000000000006594,0.0470000000000006
2025-11-07 23:00:00,0.0,0.0,0.1425000000000054,0.01899999999999835
2025-11-08 00:00:00,0.0,0.0,0.09699999999999775,0.16900000000000048
2025-11-08 01:00:00,0.0,0.0,0.09000000000000696,0.01249999999999929
2025-11-08 02:00:00,0.0,0.0,0.053500000000006764,0.20950000000000202
2025-11-08 03:00:00,0.0,0.0,0.026000000000003354,0.08050000000000068
2025-11-08 04:00:00,0.0,0.0,0.05650000000000688,0.060000000000002274
2025-11-08 05:00:00,0.0,0.0,0.030999999999998806,0.1165000000000056
2025-11-08 06:00:00,0.0,0.0,0.02149999999999963,0.14999999999999858
2025-11-08 07:00:00,0.0,0.0,0.08250000000000313,0.04199999999999804
2025-11-08 08:00:00,0.0,0.0,0.16900000000000404,0.0024999999999977263
2025-11-08 09:00:00,0.0,0.0,0.1445000000000114,0.012999999999998124
2025-11-08 10:00:00,0.0,0.0,0.132000000000005,0.04199999999999804
2025-11-08 11:00:00,0.0,0.0,0.12899999999999778,0.006999999999997897
2025-11-08 12:00:00,0.0,0.0,0.09949999999999903,0.01899999999999835
2025-11-08 13:00:00,0.0,0.0,0.07399999999999807,0.030000000000001137
2025-11-08 14:00:00,0.0,0.0,0.05750000000000455,0.0940000000000012
2025-11-08 15:00:00,0.0,0.0,0.021999999999998465,0.18649999999999878
2025-11-08 16:00:00,0.0,0.0,0.07199999999999918,0.049500000000001876
2025-11-08 17:00:00,0.0,0.0,0.11549999999999727,0.02049999999999841
2025-11-08 18:00:00,0.0,0.0,0.09100000000000108,0.03249999999999886
2025-11-08 19:00:00,0.0,0.0,0.05649999999999977,0.08950000000000458
2025-11-08 20:00:00,0.0,0.0,0.08100000000000307,0.04150000000000276
2025-11-08 21:00:00,0.0,0.0,0.09950000000000614,0.03149999999999764
2025-11-08 22:00:00,0.0,0.0,0.09000000000000696,0.06299999999999883
2025-11-08 23:00:00,0.0,0.0,0.10350000000000392,0.031500000000001194
2025-11-09 00:00:00,0.0,0.0,0.30550000000000566,0.026499999999998636
2025-11-09 01:00:00,0.0,0.0,0.059000000000004604,0.0329999999999977
2025-11-09 02:00:00,0.0,0.0,0.02750000000000341,0.11300000000000665
2025-11-09 03:00:00,0.0,0.0,0.0,0.39450000000000074
2025-11-09 04:00:00,0.0,0.0,0.05100000000000193,0.15050000000000452
2025-11-09 05:00:00,0.0,0.0,0.07099999999999795,0.021499999999996078
2025-11-09 06:00:00,0.0,0.0,0.02400000000000091,0.20600000000000662
2025-11-09 07:00:00,0.0,0.0,0.0750000000000064,0.1650000000000027
2025-11-09 08:00:00,0.0,0.0,0.08349999999999724,0.04250000000000398
2025-11-09 09:00:00,0.0,0.0,0.17600000000000193,0.024499999999999744
2025-11-09 10:00:00,0.0,0.0,0.10300000000000153,0.02500000000000213
2025-11-09 11:00:00,0.0,0.0,0.11750000000001037,0.023499999999998522
2025-11-09 12:00:00,0.0,0.0,0.11250000000000071,0.024499999999999744
2025-11-09 13:00:00,0.0,0.0,0.0730000000000075,0.046500000000005315
2025-11-09 14:00:00,0.0,0.0,0.06149999999999878,0.04650000000000176
2025-11-09 15:00:00,0.0,0.0,0.06800000000000139,0.024499999999999744
2025-11-09 16:00:00,0.0,0.0,0.06850000000000023,0.04749999999999943
2025-11-09 17:00:00,0.0,0.0,0.05100000000000193,0.11250000000000426
2025-11-09 18:00:00,0.0,0.0,0.06500000000000128,0.03800000000000381
2025-11-09 19:00:00,0.0,0.0,0.053000000000000824,0.02599999999999625
2025-11-09 20:00:00,0.0,0.0,0.03200000000000003,0.10000000000000497
2025-11-09 21:00:00,0.0,0.0,0.14649999999999963,0.036000000000001364
2025-11-09 22:00:00,0.0,0.0,0.0555000000000021,0.12099999999999866
2025-11-09 23:00:00,0.0,0.0,0.10500000000000043,0.06899999999999551
2025-11-10 00:00:00,0.0,0.0,0.01799999999999713,0.16850000000000165
2025-11-10 01:00:00,0.0,0.0,0.08050000000000068,0.025500000000000966
2025-11-10 02:00:00,0.0,0.0,0.09850000000000136,0.028999999999999915
2025-11-10 03:00:00,0.0,0.0,0.07349999999999923,0.03300000000000125
2025-11-10 04:00:00,0.0,0.0,0.01899999999999835,0.13100000000000378
2025-11-10 05:00:00,0.0,0.0,0.09249999999999758,0.06299999999999883
2025-11-10 06:00:00,0.0,0.0,0.09800000000000253,0.06299999999999883
2025-11-10 07:00:00,0.0,0.0,0.04900000000000304,0.11299999999999244
2025-11-10 08:00:00,0.0,0.0,0.16699999999999804,0.09300000000000352
2025-11-10 09:00:00,0.0,0.0,0.14349999999999952,0.016500000000000625
2025-11-10 10:00:00,0.0,0.0,0.1720000000000006,0.022999999999999687
2025-11-10 11:00:00,0.0,0.0,0.0715000000000039,0.06550000000000011
2025-11-10 12:00:00,0.0,0.0,0.02300000000000324,0.0815000000000019
2025-11-10 13:00:00,0.0,0.0,0.04550000000000054,0.11299999999999955
2025-11-10 14:00:00,0.0,0.0,0.06150000000000588,0.05449999999999733
2025-11-10 15:00:00,0.0,0.0,0.1669999999999945,0.027999999999998693
2025-11-10 16:00:00,0.0,0.0,0.04350000000000165,0.04150000000000276
2025-11-10 17:00:00,0.0,0.0,0.007999999999999119,0.14450000000000074
2025-11-10 18:00:00,0.0,0.0,0.030999999999998806,0.054000000000002046
2025-11-10 19:00:00,0.0,0.0,0.10800000000000054,0.028499999999997527
2025-11-10 20:00:00,0.0,0.0,0.03949999999999676,0.07849999999999824
2025-11-10 21:00:00,0.0,0.0,0.06599999999999895,0.042499999999996874
2025-11-10 22:00:00,0.0,0.0,0.018000000000000682,0.10549999999999926
2025-11-10 23:00:00,0.0,0.0,0.08900000000000219,0.06150000000000233
2025-11-11 00:00:00,0.0,0.0,0.060000000000002274,0.08050000000000423
2025-11-11 01:00:00,0.0,0.0,0.06500000000000128,0.04399999999999693
2025-11-11 02:00:00,0.0,0.0,0.22449999999999903,0.004999999999999005
2025-11-11 03:00:00,0.0,0.0,0.054999999999999716,0.10300000000000509
2025-11-11 04:00:00,0.0,0.0,0.05349999999999966,0.07499999999999929
2025-11-11 05:00:00,0.0,0.0,0.09999999999999787,0.059499999999999886
2025-11-11 06:00:00,0.0,0.0,0.21999999999999886,0.05100000000000193
2025-11-11 07:00:00,0.0,0.0,0.03900000000000503,0.09450000000000713
2025-11-11 08:00:00,0.0,0.0,0.043000000000002814,0.10150000000000858
2025-11-11 09:00:00,0.0,0.0,0.04499999999999815,0.055500000000005656
2025-11-11 10:00:00,0.0,0.0,0.10699999999999932,0.0589999999999975
2025-11-11 11:00:00,0.0,0.0,0.062000000000001165,0.04949999999999832
2025-11-11 12:00:00,0.0,0.0,0.07850000000000534,0.06750000000000256
2025-11-11 13:00:00,0.0,0.0,0.1944999999999979,0.024499999999999744
2025-11-11 14:00:00,0.0,0.0,0.03399999999999892,0.10250000000000625
2025-11-11 15:00:00,0.0,0.0,0.05800000000000338,0.08100000000000307
2025-11-11 16:00:00,0.0,0.0,0.1319999999999979,0.11000000000000298
2025-11-11 17:00:00,0.0,0.0,0.02949999999999875,0.23249999999999815
2025-11-11 18:00:00,0.0,0.0,0.041499999999999204,0.05700000000000216
2025-11-11 19:00:00,0.0,0.0,0.14800000000000324,0.045999999999999375
2025-11-11 20:00:00,0.0,0.0,0.16799999999999926,0.06350000000000122
2025-11-11 21:00:00,0.0,0.0,0.11100000000000065,0.07200000000000628
2025-11-11 22:00:00,0.0,0.0,0.07699999999999818,0.11550000000000793
2025-11-11 23:00:00,0.0,0.0,0.12449999999999761,0.11400000000000077
2025-11-12 00:00:00,0.0,0.0,0.05700000000000571,0.15749999999999886
2025-11-12 01:00:00,0.0,0.0,0.16399999999999793,0.021000000000000796
2025-11-12 02:00:00,0.0,0.0,0.07699999999999818,0.09550000000000125
2025-11-12 03:00:00,0.0,0.0,0.12099999999999866,0.0715000000000039
2025-11-12 04:00:00,0.0,0.0,0.05150000000000077,0.06150000000000233
2025-11-12 05:00:00,0.0,0.0,0.11050000000000182,0.062000000000001165
2025-11-12 06:00:00,0.0,0.0,0.13700000000000045,0.04600000000000293
2025-11-12 07:00:00,0.0,0.0,0.23400000000000531,0.07900000000000418
2025-11-12 08:00:00,0.0,0.0,0.00999999999999801,0.09049999999999869
2025-11-12 09:00:00,0.0,0.0,0.054000000000002046,0.08900000000000574
2025-11-12 10:00:00,0.0,0.0,0.22100000000000364,0.06400000000000006
2025-11-12 11:00:00,0.0,0.0,0.20500000000000185,0.08249999999999602
2025-11-12 12:00:00,0.0,0.0,0.058000000000006935,0.08750000000000213
2025-11-12 13:00:00,0.0,0.0,0.047999999999998266,0.10400000000000631
2025-11-12 14:00:00,0.0,0.0,0.06700000000000372,0.06050000000000111
2025-11-12 15:00:00,0.0,0.0,0.0365000000000002,0.06850000000000378
2025-11-12 16:00:00,0.0,0.0,0.12199999999999989,0.08899999999999508
2025-11-12 17:00:00,0.0,0.0,0.052000000000003155,0.1664999999999992
2025-11-12 18:00:00,0.0,0.0,0.016500000000000625,0.1305000000000014
2025-11-12 19:00:00,0.0,0.0,0.05050000000000665,0.16750000000000753
2025-11-12 20:00:00,0.0,0.0,0.18450000000001054,0.11050000000000182
2025-11-12 21:00:00,0.0,0.0,0.18250000000000455,0.028499999999997527
2025-11-12 22:00:00,0.0,0.0,0.03849999999999909,0.15799999999999415
2025-11-12 23:00:00,0.0,0.0,0.07250000000000156,0.13449999999999918
2025-11-13 00:00:00,0.020000000000000462,0.0,0.36649999999999566,0.13999999999999702
2025-11-13 01:00:00,0.0,0.0,0.04400000000000048,0.2804999999999964
2025-11-13 02:00:00,0.0,0.0,0.03149999999999764,0.12399999999999878
2025-11-13 03:00:00,0.0,0.0,0.14299999999999713,0.0710000000000015
2025-11-13 04:00:00,0.0,0.0,0.15350000000000108,0.07000000000000028
2025-11-13 05:00:00,0.0,0.0,0.3114999999999881,0.05000000000000071
2025-11-13 06:00:00,0.0,0.0,0.07900000000000063,0.15399999999999991
2025-11-13 07:00:00,0.0,0.0,0.10699999999999932,0.10350000000000037
2025-11-13 08:00:00,0.0,0.0,0.015000000000000568,0.1875
2025-11-13 09:00:00,0.0,0.0,0.17250000000000654,0.0045000000000001705
2025-11-13 10:00:00,0.0,0.0,0.09650000000000247,0.0435000000000052
2025-11-13 11:00:00,0.0,0.0,0.04749999999999943,0.12449999999999761
2025-11-13 12:00:00,0.0,0.0,0.20850000000000435,0.027499999999999858
2025-11-13 13:00:00,0.0,0.0,0.2525000000000013,0.03850000000000264
2025-11-13 14:00:00,0.0,0.0,0.04399999999999693,0.16700000000000514
2025-11-13 15:00:00,0.0,0.0,0.033500000000000085,0.09749999999999659
2025-11-13 16:00:00,0.0,0.0,0.02650000000000219,0.16199999999999548
2025-11-13 17:00:00,0.0,0.0,0.014000000000002899,0.13450000000000273
2025-11-13 18:00:00,0.0,0.0,0.04899999999999949,0.09850000000000136
2025-11-13 19:00:00,0.0,0.0,0.15350000000000108,0.061000000000003496
2025-11-13 20:00:00,0.0,0.0,0.15500000000000114,0.15650000000000475
2025-11-13 21:00:00,0.0,0.0,0.12299999999999756,0.06599999999999895
2025-11-13 22:00:00,0.0,0.0,0.09800000000000963,0.05349999999999966
2025-11-13 23:00:00,0.0,0.0,0.1095000000000006,0.08800000000000097
2025-11-14 00:00:00,0.0,0.0,0.2134999999999927,0.04700000000000415
2025-11-14 01:00:00,0.0,0.0,0.06299999999999883,0.08600000000000207
2025-11-14 02:00:00,0.003124999999998934,0.0,0.34999999999999576,0.04400000000000048
2025-11-14 03:00:00,0.0,0.0,0.2465000000000046,0.002500000000001279
2025-11-14 04:00:00,0.0,0.0,0.10449999999999804,0.06800000000000139
2025-11-14 05:00:00,0.0,0.0,0.021500000000003183,0.18599999999999284
2025-11-14 06:00:00,0.0,0.0,0.04250000000000398,0.1469999999999949
2025-11-14 07:00:00,0.0,0.0,0.19650000000000034,0.07050000000000267
2025-11-14 08:00:00,0.0,0.0,0.3269999999999982,0.027999999999998693
2025-11-14 09:00:00,0.0,0.0,0.0,0.2840000000000096
2025-11-14 10:00:00,0.0,0.0,0.24899999999999878,0.11350000000000193
2025-11-14 11:00:00,0.0,0.0,0.01950000000000074,0.1615000000000073
2025-11-14 12:00:00,0.0,0.0,0.020000000000003126,0.1565000000000012
2025-11-14 13:00:00,0.0,0.0,0.020000000000003126,0.129999999999999
2025-11-14 14:00:00,0.0,0.0,0.0379999999999967,0.15150000000000574
2025-11-14 15:00:00,0.0,0.0,0.05549999999999855,0.09350000000000236
2025-11-14 16:00:00,0.0,0.0,0.10149999999999793,0.11400000000000432
2025-11-14 17:00:00,0.0,0.0,0.1264999999999965,0.11050000000000182
2025-11-14 18:00:00,0.0,0.0,0.018499999999999517,0.11950000000000571
2025-11-14 19:00:00,0.0,0.0,0.01699999999999946,0.1595000000000013
2025-11-14 20:00:00,0.0,0.0,0.07849999999999824,0.11200000000000543
2025-11-14 21:00:00,0.0,0.0,0.02050000000000196,0.14000000000000412
2025-11-14 22:00:00,0.0,0.0,0.028999999999996362,0.24700000000000344
2025-11-14 23:00:00,0.0,0.0,0.022999999999999687,0.3739999999999988
2025-11-15 00:00:00,0.0,0.0,0.055500000000005656,0.26750000000000185
2025-11-15 01:00:00,0.0,0.0,0.0,0.4700000000000095
2025-11-15 02:00:00,0.0,0.0,0.0955000000000048,0.2909999999999968
2025-11-15 03:00:00,0.0,0.0,0.2084999999999937,0.015000000000000568
2025-11-15 04:00:00,0.0,0.0,0.14550000000000907,0.014499999999998181
2025-11-15 05:00:00,0.0,0.0,0.16699999999999804,0.012000000000000455
2025-11-15 06:00:00,0.0,0.0,0.008499999999997954,0.15700000000000713
2025-11-15 07:00:00,0.0,0.0,0.08999999999999986,0.06450000000000244
2025-11-15 08:00:00,0.0,0.0,0.1719999999999935,0.027000000000001023
2025-11-15 09:00:00,0.0,0.0,0.4955000000000034,0.0
2025-11-15 10:00:00,0.0,0.0,0.03850000000000264,0.1419999999999959
2025-11-15 11:00:00,0.0,0.0,0.04700000000000415,0.22749999999999915
2025-11-15 12:00:00,0.0,0.0,0.07400000000000517,0.03450000000000486
2025-11-15 13:00:00,0.0,0.0,0.07450000000000756,0.07949999999999946
2025-11-15 14:00:00,0.0,0.0,0.07250000000000156,0.053000000000000824
2025-11-15 15:00:00,0.0,0.0,0.09100000000000463,0.021000000000000796
2025-11-15 16:00:00,0.0,0.0,0.03200000000000358,0.09399999999999764
2025-11-15 17:00:00,0.0,0.0,0.09050000000000225,0.019999999999999574
2025-11-15 18:00:00,0.0,0.0,0.05799999999999983,0.042000000000005144
2025-11-15 19:00:00,0.0,0.0,0.014499999999998181,0.2774999999999963
2025-11-15 20:00:00,0.0,0.0,0.0,0.33549999999999613
2025-11-15 21:00:00,0.0,0.0,0.0835000000000008,0.05100000000000193
2025-11-15 22:00:00,0.0,0.0,0.10549999999999926,0.01899999999999835
2025-11-15 23:00:00,0.0,0.0,0.11500000000000199,0.05700000000000571
2025-11-16 00:00:00,0.0015000000000000568,0.0,0.5929999999999993,0.0
2025-11-16 01:00:00,0.0,0.0,0.06850000000000023,0.05900000000000105
2025-11-16 02:00:00,0.0,0.0,0.05649999999999622,0.07099999999999795
2025-11-16 03:00:00,0.0,0.0,0.2464999999999975,0.03550000000000253
2025-11-16 04:00:00,0.0,0.0,0.01150000000000162,0.3550000000000004
2025-11-16 05:00:00,0.0,0.0,0.05699999999999861,0.14150000000000063
2025-11-16 06:00:00,0.0,0.0,0.04299999999999926,0.052500000000009095
2025-11-16 07:00:00,0.0,0.0,0.018499999999999517,0.2525000000000013
2025-11-16 08:00:00,0.0,0.0,0.041499999999999204,0.2154999999999987
2025-11-16 09:00:00,0.0,0.0,0.03850000000000264,0.10099999999999909
2025-11-16 10:00:00,0.0,0.0,0.00999999999999801,0.08800000000000097
2025-11-16 11:00:00,0.0,0.0,0.12500000000000355,0.018499999999995964
2025-11-16 12:00:00,0.0,0.0,0.1474999999999973,0.09600000000000364
2025-11-16 13:00:00,0.0,0.0,0.08100000000001017,0.04899999999999949
2025-11-16 14:00:00,0.0,0.0,0.14450000000000784,0.0045000000000001705
2025-11-16 15:00:00,0.0,0.0,0.21400000000000574,0.02699999999999747
2025-11-16 16:00:00,0.0,0.0,0.0019999999999988916,0.11650000000000205
2025-11-16 17:00:00,0.0,0.0,0.04250000000000398,0.26200000000000045
2025-11-16 18:00:00,0.0,0.0,0.12400000000000233,0.032500000000002416
2025-11-16 19:00:00,0.0,0.0,0.3339999999999961,0.02500000000000213
2025-11-16 20:00:00,0.0,0.0,0.05550000000000921,0.07200000000000628
2025-11-16 21:00:00,0.0,0.0,0.49250000000000327,0.015000000000000568
2025-11-16 22:00:00,0.0,0.0,0.192499999999999,0.18100000000000094
2025-11-16 23:00:00,0.0,0.0,0.03450000000000131,0.08850000000001046
2025-11-17 00:00:00,0.0,0.0,0.04200000000000159,0.242000000000008
2025-11-17 01:00:00,0.0,0.0,0.07299999999999685,0.22099999999999653
2025-11-17 02:00:00,0.0,0.0,0.10099999999999909,0.06500000000000128
2025-11-17 03:00:00,0.0,0.0,0.029500000000005855,0.11100000000000776
2025-11-17 04:00:00,0.0,0.0,0.09300000000000352,0.0660000000000025
2025-11-17 05:00:00,0.0,0.0,0.0070000000000014495,0.30150000000000077
2025-11-17 06:00:00,0.0,0.0,0.04900000000000304,0.17099999999999937
2025-11-17 07:00:00,0.0,0.0,0.12549999999999883,0.06050000000000111
2025-11-17 08:00:00,0.0,0.0,0.05100000000000193,0.029500000000002302
2025-11-17 09:00:00,0.0,0.0,0.06900000000000261,0.04749999999999943
2025-11-17 10:00:00,0.0,0.0,0.02149999999999963,0.16250000000000497
2025-11-17 11:00:00,0.0,0.0,0.04850000000000776,0.07450000000000045
2025-11-17 12:00:00,0.0,0.0,0.07099999999999795,0.030000000000001137
2025-11-17 13:00:00,0.0,0.0,0.10099999999999554,0.0555000000000021
2025-11-17 14:00:00,0.0,0.0,0.26149999999999807,0.01600000000000179
2025-11-17 15:00:00,0.0,0.0,0.10900000000000176,0.05350000000000321
2025-11-17 16:00:00,0.0,0.0,0.2565000000000026,0.046999999999997044
2025-11-17 17:00:00,0.0,0.0,0.0,0.2974999999999959
2025-11-17 18:00:00,0.0,0.0,0.03500000000000014,0.10799999999999699
2025-11-17 19:00:00,0.0,0.0,0.16684210526315799,0.00631578947368445
2025-11-17 20:00:00,0.0,0.0,0.14999999999999858,0.019999999999999574
2025-11-17 21:00:00,0.0,0.0,0.1290000000000049,0.04749999999999943
2025-11-17 22:00:00,0.0,0.0,0.041499999999999204,0.0870000000000033
2025-11-17 23:00:00,0.0,0.0,0.1620000000000026,0.031500000000001194
2025-11-18 00:00:00,0.0,0.015874999999999417,0.007500000000000284,0.5940000000000005
2025-11-18 01:00:00,0.0,0.0,0.06100000000000705,0.10999999999999943
2025-11-18 02:00:00,0.0,0.0,0.07700000000001239,0.014000000000002899
2025-11-18 03:00:00,0.0,0.0,0.062000000000001165,0.03500000000000014
2025-11-18 04:00:00,0.0,0.0,0.05800000000000338,0.05150000000000077
2025-11-18 05:00:00,0.0,0.0,0.20050000000000168,0.021500000000003183
2025-11-18 06:00:00,0.0,0.0,0.18450000000000344,0.04400000000000048
2025-11-18 07:00:00,0.0,0.0,0.05799999999999983,0.0329999999999977
2025-11-18 08:00:00,0.0,0.0,0.023499999999998522,0.15899999999999892
2025-11-18 09:00:00,0.0,0.0,0.04105263157895266,0.0836842105263227
2025-11-18 10:00:00,0.0,0.0,0.07400000000000162,0.05649999999999977
2025-11-18 11:00:00,0.0,0.0,0.07450000000000045,0.11900000000000333
2025-11-18 12:00:00,0.0,0.0,0.0019999999999988916,0.28949999999996834
2025-11-18 13:00:00,0.0,0.0,0.0,0.31999999999996476
2025-11-18 14:00:00,0.0,0.0,0.0,0.31999999999996476
2025-11-18 15:00:00,0.0,0.0,0.0,0.31999999999996476
2025-11-18 16:00:00,0.0,0.0,0.07800000000000296,0.16549999999998732
2025-11-18 17:00:00,0.0,0.0,0.06150000000000233,0.05700000000000216
2025-11-18 18:00:00,0.0,0.0,0.03399999999999537,0.06500000000000128
2025-11-18 19:00:00,0.0,0.0,0.10100000000000264,0.03549999999999898
2025-11-18 20:00:00,0.0,0.0,0.17800000000000793,0.007500000000000284
2025-11-18 21:00:00,0.0,0.0,0.36249999999999716,0.008500000000001506
2025-11-18 22:00:00,0.008874999999999744,0.0,0.24949999999999903,0.15699999999999648
2025-11-18 23:00:00,0.0,0.0,0.012500000000002842,0.14699999999999847
2025-11-19 00:00:00,0.0,0.0,0.1690000000000076,0.01699999999999946
2025-11-19 01:00:00,0.0,0.0,0.13200000000000855,0.013500000000004064
2025-11-19 02:00:00,0.0,0.0,0.04100000000000037,0.07749999999999702
2025-11-19 03:00:00,0.0,0.0,0.12199999999999633,0.028000000000002245
2025-11-19 04:00:00,0.0,0.0,0.06300000000000239,0.07699999999999818
2025-11-19 05:00:00,0.0,0.0,0.10350000000000747,0.034499999999997755
2025-11-19 06:00:00,0.0,0.0,0.021999999999998465,0.13249999999999673
2025-11-19 07:00:00,0.0,0.0,0.19699999999999562,0.044000000000004036
2025-11-19 08:00:00,0.0,0.0,0.20400000000000063,0.042499999999996874
2025-11-19 09:00:00,0.0,0.0,0.0,0.19900000000000873
2025-11-19 10:00:00,0.0,0.0,0.10500000000000043,0.17500000000000782
2025-11-19 11:00:00,0.0,0.0,0.21249999999999858,0.00999999999999801
2025-11-19 12:00:00,0.0,0.0,0.04800000000000182,0.08899999999999864
2025-11-19 13:00:00,0.0,0.0,0.044000000000004036,0.09649999999999892
2025-11-19 14:00:00,0.0,0.0,0.29750000000001364,0.0
2025-11-19 15:00:00,0.0,0.0,0.2684999999999995,0.020500000000005514
2025-11-19 16:00:00,0.0,0.0,0.015000000000000568,0.23850000000000549
2025-11-19 17:00:00,0.0,0.0,0.03400000000000247,0.14849999999999852
2025-11-19 18:00:00,0.0,0.0,0.0,0.32399999999999807
2025-11-19 19:00:00,0.0,0.0,0.0045000000000001705,0.17099999999999937
2025-11-19 20:00:00,0.0,0.0,0.13000000000000256,0.06199999999999406
2025-11-19 21:00:00,0.0,0.0,0.10550000000000637,0.045000000000001705
2025-11-19 22:00:00,0.0,0.0,0.050499999999999545,0.054999999999999716
2025-11-19 23:00:00,0.0,0.0,0.009000000000000341,0.18849999999999412
2025-11-20 00:00:00,0.0,0.0,0.0,0.3145000000000131
2025-11-20 01:00:00,0.0,0.0,0.03550000000000253,0.0625000000000071
2025-11-20 02:00:00,0.0,0.0,0.2170000000000023,0.0
2025-11-20 03:00:00,0.0,0.0,0.37650000000000006,0.0
2025-11-20 04:00:00,0.0,0.0,0.4824999999999875,0.0
2025-11-20 05:00:00,0.0,0.0,0.16050000000000253,0.41199999999999193
2025-11-20 06:00:00,0.0,0.0,0.09650000000000247,0.25800000000000267
2025-11-20 07:00:00,0.00137499999999946,0.0,0.3024999999999977,0.18049999999999855
2025-11-20 08:00:00,0.0,0.0,0.2729999999999997,0.07099999999999795
2025-11-20 09:00:00,0.0,0.0,0.4694999999999965,0.004999999999999005
2025-11-20 10:00:00,0.0,0.0,0.019000000000001904,0.1734999999999971
2025-11-20 11:00:00,0.0,0.0,0.3269999999999982,0.0010000000000012221
2025-11-20 12:00:00,0.0,0.0,0.0329999999999977,0.15850000000000364
2025-11-20 13:00:00,0.0,0.0,0.035000000000003695,0.28149999999999054
2025-11-20 14:00:00,0.0,0.0,0.012000000000000455,0.20199999999999818
2025-11-20 15:00:00,0.0,0.0,0.002500000000001279,0.19349999999999312
2025-11-20 16:00:00,0.0,0.0,0.016500000000000625,0.15449999999999875
2025-11-20 17:00:00,0.0,0.0,0.24599999999999866,0.06550000000000011
2025-11-20 18:00:00,0.0,0.0,0.07700000000000173,0.15349999999999753
2025-11-20 19:00:00,0.0,0.0,0.03200000000000003,0.168499999999991
2025-11-20 20:00:00,0.0,0.0,0.20550000000000068,0.08450000000000557
2025-11-20 21:00:00,0.0,0.0,0.015000000000000568,0.14200000000001012
2025-11-20 22:00:00,0.0,0.0,0.018000000000000682,0.14000000000000412
2025-11-20 23:00:00,0.0,0.0,0.04800000000000182,0.129999999999999
2025-11-21 00:00:00,0.0,0.0,0.012999999999998124,0.18349999999999866
2025-11-21 01:00:00,0.0,0.0,0.0625,0.040000000000009805
2025-11-21 02:00:00,0.0,0.0,0.038000000000000256,0.10500000000000753
2025-11-21 03:00:00,0.0,0.0,0.007999999999999119,0.13850000000000762
2025-11-21 04:00:00,0.0,0.0,0.03650000000000375,0.1075000000000017
2025-11-21 05:00:00,0.0,0.0,0.02850000000000108,0.1159999999999961
2025-11-21 06:00:00,0.0,0.0,0.1325000000000074,0.07250000000000156
2025-11-21 07:00:00,0.0,0.0,0.2240000000000002,0.029500000000002302
2025-11-21 08:00:00,0.0,0.0,0.3725000000000094,0.0
2025-11-21 09:00:00,0.0,0.0,0.11000000000000298,0.048999999999995936
2025-11-21 10:00:00,0.0,0.0,0.03350000000000364,0.10200000000000031
2025-11-21 11:00:00,0.0,0.0,0.10700000000000642,0.04549999999999699
2025-11-21 12:00:00,0.0,0.0,0.12949999999999662,0.06450000000000244
2025-11-21 13:00:00,0.0,0.0,0.01249999999999929,0.144000000000009
2025-11-21 14:00:00,0.0,0.0,0.015000000000000568,0.11350000000000549
2025-11-21 15:00:00,0.0,0.0,0.11799999999999855,0.06899999999999551
2025-11-21 16:00:00,0.0,0.0,0.0030000000000001137,0.21300000000000452
2025-11-21 17:00:00,0.0,0.0,0.013999999999999346,0.2480000000000011
2025-11-21 18:00:00,0.0,0.0,0.0,0.232999999999997
2025-11-21 19:00:00,0.0,0.0,0.021500000000003183,0.09050000000000225
2025-11-21 20:00:00,0.0,0.0,0.054999999999999716,0.12600000000000122
2025-11-21 21:00:00,0.0,0.0,0.03950000000000031,0.17099999999999937
2025-11-21 22:00:00,0.0,0.0,0.14250000000000185,0.07949999999999946
2025-11-21 23:00:00,0.0,0.0,0.008500000000001506,0.34949999999999903
2025-11-22 00:00:00,0.0,0.0,0.017000000000003013,0.18500000000000938
2025-11-22 01:00:00,0.0,0.0,0.026499999999998636,0.1355000000000004
2025-11-22 02:00:00,0.0,0.0,0.0625,0.062000000000001165
2025-11-22 03:00:00,0.0,0.0,0.09050000000000225,0.03549999999999898
2025-11-22 04:00:00,0.0,0.0,0.06150000000000233,0.06799999999999784
2025-11-22 05:00:00,0.0,0.0,0.022999999999999687,0.1285000000000096
2025-11-22 06:00:00,0.0,0.0,0.024500000000003297,0.28500000000000014
2025-11-22 07:00:00,0.0,0.0,0.06700000000001083,0.20899999999999963
2025-11-22 08:00:00,0.0,0.0,0.12250000000000227,0.022999999999999687
2025-11-22 09:00:00,0.0,0.0,0.0710000000000015,0.11500000000000199
2025-11-22 10:00:00,0.0,0.0,0.12499999999999645,0.01600000000000179
2025-11-22 11:00:00,0.0,0.0,0.09500000000000597,0.0329999999999977
2025-11-22 12:00:00,0.0,0.0,0.07450000000000401,0.04550000000000409
2025-11-22 13:00:00,0.0,0.0,0.02500000000000213,0.11100000000000065
2025-11-22 14:00:00,0.0,0.0,0.07900000000000063,0.050499999999999545
2025-11-22 15:00:00,0.0,0.0,0.08300000000000551,0.1339999999999968
2025-11-22 16:00:00,0.0,0.0,0.004999999999999005,0.2760000000000069
2025-11-22 17:00:00,0.0,0.0,0.0,0.45799999999999486
2025-11-22 18:00:00,0.0,0.0,0.0,0.40750000000000597
2025-11-22 19:00:00,0.0,0.0,0.07900000000000063,0.25749999999999673
2025-11-22 20:00:00,0.0,0.0,0.2415000000000056,0.01150000000000162
2025-11-22 21:00:00,0.0,0.0,0.09650000000001313,0.17099999999999937
2025-11-22 22:00:00,0.0,0.0007500000000000284,0.0,0.6624999999999972
2025-11-22 23:00:00,0.0,0.0,0.4664999999999999,0.0045000000000001705
2025-11-23 00:00:00,0.004999999999999893,0.0,0.4565000000000069,0.013000000000001677
2025-11-23 01:00:00,0.0,0.0,0.05249999999999844,0.20550000000000423
2025-11-23 02:00:00,0.0,0.0,0.1650000000000027,0.037000000000002586
2025-11-23 03:00:00,0.0,0.0,0.0,0.4835000000000029
2025-11-23 04:00:00,0.0,0.0,0.23000000000000043,0.0
2025-11-23 05:00:00,0.0,0.0,0.1789999999999914,0.02200000000000557
2025-11-23 06:00:00,0.0,0.001875000000000071,0.04550000000000054,0.2745000000000026
2025-11-23 07:00:00,0.0,0.0,0.12300000000000111,0.18599999999999994
2025-11-23 08:00:00,0.0,0.0,0.03800000000000381,0.06499999999999773
2025-11-23 09:00:00,0.0,0.0,0.13099999999999667,0.053000000000000824
2025-11-23 10:00:00,0.0,0.0,0.14800000000000324,0.08650000000000446
2025-11-23 11:00:00,0.0,0.0,0.18850000000000477,0.006499999999999062
2025-11-23 12:00:00,0.0,0.0,0.0034999999999989484,0.4334999999999951
2025-11-23 13:00:00,0.0,0.0,0.25049999999999883,0.03500000000000014
2025-11-23 14:00:00,0.0,0.0,0.30600000000000094,0.006000000000000227
2025-11-23 15:00:00,0.0,0.0,0.13000000000000966,0.04100000000000037
2025-11-23 16:00:00,0.0,0.0,0.03049999999999997,0.322499999999998
2025-11-23 17:00:00,0.0,0.0,0.13250000000000384,0.0329999999999977
2025-11-23 18:00:00,0.0,0.0,0.20150000000001,0.0010000000000012221
2025-11-23 19:00:00,0.0,0.0,0.14000000000000057,0.04900000000000304
2025-11-23 20:00:00,0.0,0.0,0.36250000000000426,0.0045000000000001705
2025-11-23 21:00:00,0.0,0.0,0.27650000000000574,0.01150000000000162
2025-11-23 22:00:00,0.0,0.0,0.03900000000000148,0.21250000000000213
2025-11-23 23:00:00,0.0,0.0,0.11900000000000333,0.03499999999999659
2025-11-24 00:00:00,0.0,0.0,0.11150000000000304,0.04100000000000392
2025-11-24 01:00:00,0.0,0.0,0.08750000000000213,0.03900000000000148
2025-11-24 02:00:00,0.0,0.0,0.0934999999999988,0.03650000000000375
2025-11-24 03:00:00,0.0,0.0,0.09600000000000719,0.023500000000002075
2025-11-24 04:00:00,0.0,0.0,0.06200000000000472,0.045500000000007645
2025-11-24 05:00:00,0.0,0.0,0.10800000000000054,0.01600000000000179
2025-11-24 06:00:00,0.0,0.0,0.10500000000000043,0.03599999999999781
2025-11-24 07:00:00,0.0,0.0,0.08400000000000318,0.05000000000000071
2025-11-24 08:00:00,0.0,0.0,0.12200000000000344,0.01150000000000162
2025-11-24 09:00:00,0.0,0.0,0.05500000000000682,0.08399999999999608
2025-11-24 10:00:00,0.0,0.0,0.054999999999999716,0.08200000000000784
2025-11-24 11:00:00,0.0,0.0,0.13600000000000634,0.01600000000000179
2025-11-24 12:00:00,0.0,0.0,0.0799999999999983,0.03749999999999787
2025-11-24 13:00:00,0.0,0.0,0.06000000000000938,0.029500000000005855
2025-11-24 14:00:00,0.0,0.0,0.1564999999999941,0.05150000000000432
2025-11-24 15:00:00,0.0,0.0,0.04649999999999821,0.06799999999999784
2025-11-24 16:00:00,0.0,0.0,0.05349999999999966,0.08650000000000446
2025-11-24 17:00:00,0.0,0.0,0.014499999999998181,0.13149999999999906
2025-11-24 18:00:00,0.0,0.0,0.07250000000000156,0.05349999999999966
2025-11-24 19:00:00,0.0,0.0,0.0045000000000001705,0.08700000000000685
2025-11-24 20:00:00,0.0,0.0,0.07750000000000057,0.017499999999998295
2025-11-24 21:00:00,0.0,0.0,0.09049999999999514,0.09550000000000125
2025-11-24 22:00:00,0.0,0.0,0.10699999999999577,0.05100000000000193
2025-11-24 23:00:00,0.0,0.0,0.04100000000000037,0.04550000000000409
2025-11-25 00:00:00,0.0,0.0,0.042500000000000426,0.12349999999999994
2025-11-25 01:00:00,0.0,0.0,0.0435000000000052,0.05299999999999727
2025-11-25 02:00:00,0.0,0.0,0.04700000000000415,0.05649999999999977
2025-11-25 03:00:00,0.0,0.0,0.08950000000000102,0.014499999999998181
2025-11-25 04:00:00,0.0,0.0,0.06750000000000256,0.05950000000000699
2025-11-25 05:00:00,0.0,0.0,0.1264999999999965,0.05150000000000432
2025-11-25 06:00:00,0.0,0.0,0.060000000000005826,0.047999999999998266
2025-11-25 07:00:00,0.0,0.0,0.4635000000000133,0.007500000000000284
2025-11-25 08:00:00,0.0,0.0,0.05999999999999872,0.05049999999999599
2025-11-25 09:00:00,0.0,0.0,0.11399999999999721,0.044499999999995765
2025-11-25 10:00:00,0.0,0.0,0.018499999999999517,0.08450000000000557
2025-11-25 11:00:00,0.0,0.0,0.03100000000000236,0.07150000000000034
2025-11-25 12:00:00,0.0,0.0,0.03600000000000492,0.0715000000000039
2025-11-25 13:00:00,0.0,0.0,0.06000000000000938,0.0259999999999998
2025-11-25 14:00:00,0.0,0.0,0.015999999999998238,0.07150000000000034
2025-11-25 15:00:00,0.0,0.0,0.1980000000000075,0.006000000000000227
2025-11-25 16:00:00,0.0,0.0,0.010000000000001563,0.18299999999999983
2025-11-25 17:00:00,0.0,0.0,0.07550000000000168,0.0470000000000006
2025-11-25 18:00:00,0.0,0.0,0.03849999999999909,0.09700000000000131
2025-11-25 19:00:00,0.0,0.0,0.0555000000000021,0.069500000000005
2025-11-25 20:00:00,0.0,0.0,0.05349999999999966,0.08200000000000429
2025-11-25 21:00:00,0.0,0.0,0.05150000000000077,0.09100000000000108
2025-11-25 22:00:00,0.0,0.0,0.05350000000000321,0.10450000000000159
2025-11-25 23:00:00,0.0,0.0,0.012999999999998124,0.23000000000000753
2025-11-26 00:00:00,0.0,0.0,0.19200000000000017,0.0505000000000031
2025-11-26 01:00:00,0.0,0.0,0.2865000000000002,0.01600000000000179
2025-11-26 02:00:00,0.0,0.0,0.03000000000000469,0.08850000000000335
2025-11-26 03:00:00,0.0,0.0,0.007500000000000284,0.15150000000000574
2025-11-26 04:00:00,0.0,0.0,0.04499999999999815,0.06200000000000472
2025-11-26 05:00:00,0.0,0.0,0.060000000000002274,0.12299999999999756
2025-11-26 06:00:00,0.0,0.0,0.17299999999999827,0.04649999999999466
2025-11-26 07:00:00,0.0,0.0,0.09249999999999758,0.04100000000000037
2025-11-26 08:00:00,0.0,0.0,0.03049999999999997,0.08300000000000907
2025-11-26 09:00:00,0.0,0.0,0.05850000000000222,0.10649999999999693
2025-11-26 10:00:00,0.0,0.0,0.021000000000000796,0.11450000000000671
2025-11-26 11:00:00,0.0,0.0,0.07249999999999801,0.0435000000000052
2025-11-26 12:00:00,0.0,0.0,0.07750000000000412,0.04900000000000304
2025-11-26 13:00:00,0.0,0.0,0.14849999999999142,0.045000000000001705
2025-11-26 14:00:00,0.0,0.0,0.21649999999999991,0.03200000000000003
2025-11-26 15:00:00,0.0,0.0,0.0694999999999979,0.05000000000000071
2025-11-26 16:00:00,0.0,0.0,0.02400000000000091,0.13400000000000034
2025-11-26 17:00:00,0.0,0.0,0.12249999999999872,0.00999999999999801
2025-11-26 18:00:00,0.0,0.0,0.1525000000000034,0.06400000000000361
2025-11-26 19:00:00,0.0,0.0,0.06799999999999784,0.07150000000000034
2025-11-26 20:00:00,0.0,0.0,0.05700000000000216,0.19850000000000279
2025-11-26 21:00:00,0.0,0.0,0.07450000000000756,0.03250000000000597
2025-11-26 22:00:00,0.0,0.0,0.060000000000005826,0.0589999999999975
2025-11-26 23:00:00,0.0,0.0,0.08399999999999608,0.12650000000000006
2025-11-27 00:00:00,0.0,0.0,0.22050000000000125,0.05950000000000344
2025-11-27 01:00:00,0.0,0.0,0.21200000000000685,0.07200000000000273
2025-11-27 02:00:00,0.0,0.0,0.1770000000000067,0.04450000000000287
2025-11-27 03:00:00,0.0,0.0,0.17849999999999966,0.07000000000000028
2025-11-27 04:00:00,0.0,0.0,0.0934999999999988,0.1095000000000006
2025-11-27 05:00:00,0.0,0.0,0.030000000000001137,0.1525000000000034
2025-11-27 06:00:00,0.0,0.0,0.03500000000000014,0.22250000000000725
2025-11-27 07:00:00,0.0,0.0,0.01249999999999929,0.2364999999999995
2025-11-27 08:00:00,0.0,0.0,0.019000000000001904,0.23449999999999704
2025-11-27 09:00:00,0.0,0.0,0.1235000000000035,0.06150000000000233
2025-11-27 10:00:00,0.0,0.0,0.07700000000000173,0.09049999999999869
2025-11-27 11:00:00,0.0,0.0,0.06700000000000017,0.10249999999999915
2025-11-27 12:00:00,0.0,0.0,0.1599999999999966,0.09949999999999903
2025-11-27 13:00:00,0.0024999999999995026,0.0,0.3389999999999979,0.02500000000000213
2025-11-27 14:00:00,0.0,0.0,0.20500000000000185,0.0
2025-11-27 15:00:00,0.0,0.0,0.11000000000000298,0.042499999999996874
2025-11-27 16:00:00,0.0,0.0,0.2270000000000003,0.05700000000000571
2025-11-27 17:00:00,0.0,0.0,0.20599999999999952,0.08299999999999841
2025-11-27 18:00:00,0.0,0.0,0.04949999999999832,0.1785000000000032
2025-11-27 19:00:00,0.0,0.0,0.05199999999999605,0.0975000000000037
2025-11-27 20:00:00,0.0,0.0,0.05150000000000077,0.16250000000000142
2025-11-27 21:00:00,0.0,0.0,0.18350000000000222,0.07050000000000267
2025-11-27 22:00:00,0.0,0.0,0.3189999999999955,0.023499999999998522
2025-11-27 23:00:00,0.0,0.0,0.027499999999999858,0.23649999999999594
2025-11-28 00:00:00,0.0,0.03512499999999896,0.054999999999999716,0.3994999999999962
2025-11-28 01:00:00,0.0,0.0,0.017499999999998295,0.3490000000000002
2025-11-28 02:00:00,0.0,0.0,0.08950000000000102,0.08750000000000568
2025-11-28 03:00:00,0.0,0.007874999999998522,0.042500000000000426,0.3785000000000032
2025-11-28 04:00:00,0.0,0.0,0.3780000000000001,0.009499999999999176
2025-11-28 05:00:00,0.0,0.0,0.14799999999999613,0.11049999999999471
2025-11-28 06:00:00,0.0,0.0,0.06150000000000233,0.12150000000000105
2025-11-28 07:00:00,0.0,0.0,0.020000000000003126,0.17249999999999588
2025-11-28 08:00:00,0.0,0.0,0.09200000000000585,0.07849999999999824
2025-11-28 09:00:00,0.0,0.0,0.3064999999999998,0.024499999999999744
2025-11-28 10:00:00,0.0,0.0,0.013999999999999346,0.3335000000000008
2025-11-28 11:00:00,0.0,0.0,0.10350000000000392,0.09800000000000253
2025-11-28 12:00:00,0.0,0.0,0.05249999999999844,0.09500000000000597
2025-11-28 13:00:00,0.0,0.0,0.23899999999999721,0.0034999999999989484
2025-11-28 14:00:00,0.0,0.0,0.09600000000000009,0.05150000000000077
2025-11-28 15:00:00,0.0,0.0,0.10649999999999693,0.08900000000000219
2025-11-28 16:00:00,0.0,0.0,0.039500000000003865,0.25849999999999795
2025-11-28 17:00:00,0.0,0.0,0.05350000000000321,0.08299999999999841
2025-11-28 18:00:00,0.0,0.0,0.10249999999999915,0.10550000000000637
2025-11-28 19:00:00,0.0,0.0,0.0004999999999988347,0.24149999999999494
2025-11-28 20:00:00,0.0,0.0,0.013500000000000512,0.33800000000000097
2025-11-28 21:00:00,0.0,0.0,0.21249999999999858,0.038999999999997925
2025-11-28 22:00:00,0.0,0.0,0.13949999999999818,0.06099999999999994
2025-11-28 23:00:00,0.0,0.0,0.2629999999999981,0.013500000000000512
2025-11-29 00:00:00,0.0,0.0,0.07300000000000395,0.10650000000000404
2025-11-29 01:00:00,0.0,0.0,0.2829999999999977,0.07700000000000173
2025-11-29 02:00:00,0.0,0.0,0.09249999999999758,0.10200000000000387
2025-11-29 03:00:00,0.0,0.0,0.10500000000000753,0.08999999999999986
2025-11-29 04:00:00,0.0,0.0,0.06300000000000239,0.09050000000000225
2025-11-29 05:00:00,0.0,0.00024999999999941735,0.12349999999999994,0.28950000000000314
2025-11-29 06:00:00,0.0,0.0,0.05450000000000088,0.07850000000000534
2025-11-29 07:00:00,0.0,0.0,0.05350000000000321,0.06599999999999895
2025-11-29 08:00:00,0.0,0.0,0.11550000000000082,0.08199999999999719
2025-11-29 09:00:00,0.0,0.0,0.2360000000000042,0.031500000000001194
2025-11-29 10:00:00,0.0,0.0,0.13499999999999446,0.03300000000000125
2025-11-29 11:00:00,0.0,0.0,0.0625,0.11850000000000449
2025-11-29 12:00:00,0.0,0.0,0.06899999999999551,0.07250000000000867
2025-11-29 13:00:00,0.0,0.0,0.10199999999999676,0.1025000000000027
2025-11-29 14:00:00,0.0,0.0,0.04749999999999943,0.06299999999999883
2025-11-29 15:00:00,0.0,0.0,0.07200000000000273,0.04399999999999693
2025-11-29 16:00:00,0.0,0.0,0.0589999999999975,0.07400000000000162
2025-11-29 17:00:00,0.0,0.0,0.04549999999999699,0.10350000000000747
2025-11-29 18:00:00,0.0,0.0,0.10399999999999565,0.033500000000000085
2025-11-29 19:00:00,0.0,0.0,0.05300000000000438,0.09700000000000131
2025-11-29 20:00:00,0.0,0.0,0.08549999999999969,0.08800000000000097
2025-11-29 21:00:00,0.0,0.0,0.07649999999999935,0.06700000000000017
2025-11-29 22:00:00,0.0,0.0,0.027499999999999858,0.1369999999999969
2025-11-29 23:00:00,0.0,0.0,0.07450000000000401,0.05450000000000088
2025-11-30 00:00:00,0.0,0.0,0.21949999999999648,0.03850000000000264
2025-11-30 01:00:00,0.0,0.0,0.10749999999999815,0.08449999999999847
2025-11-30 02:00:00,0.0,0.0,0.06500000000000128,0.056500000000003325
2025-11-30 03:00:00,0.0,0.0,0.0365000000000002,0.07100000000000861
2025-11-30 04:00:00,0.0,0.0,0.053000000000000824,0.0779999999999994
2025-11-30 05:00:00,0.0,0.0,0.1700000000000017,0.16499999999999915
2025-11-30 06:00:00,0.0,0.0,0.05600000000000094,0.07550000000000168
2025-11-30 07:00:00,0.0,0.0,0.2410000000000032,0.010999999999999233
2025-11-30 08:00:00,0.0,0.0,0.16950000000000287,0.09600000000000364
2025-11-30 09:00:00,0.0,0.0,0.11399999999999721,0.06900000000000261
2025-11-30 10:00:00,0.0,0.0,0.0224999999999973,0.10900000000000887
2025-11-30 11:00:00,0.0,0.0,0.08800000000000097,0.0555000000000021
2025-11-30 12:00:00,0.0,0.0,0.018000000000000682,0.10800000000000765
2025-11-30 13:00:00,0.0,0.0,0.051000000000005485,0.07099999999999795
2025-11-30 14:00:00,0.0,0.0,0.11049999999999827,0.04749999999999943
2025-11-30 15:00:00,0.0,0.0,0.021000000000000796,0.11850000000000094
2025-11-30 16:00:00,0.0,0.0,0.03200000000000358,0.15549999999999997
2025-11-30 17:00:00,0.0,0.0,0.0070000000000014495,0.2135000000000069
2025-11-30 18:00:00,0.0,0.0,0.20400000000000063,0.06950000000000145
2025-11-30 19:00:00,0.0,0.0,0.05649999999999977,0.10000000000000142
2025-11-30 20:00:00,0.0,0.0,0.04250000000000398,0.12100000000000222
2025-11-30 21:00:00,0.0,0.0,0.21700000000000585,0.041499999999999204
2025-11-30 22:00:00,0.0,0.0004999999999997229,0.0,0.39450000000000357
2025-11-30 23:00:00,0.0,0.0,0.04649999999999821,0.10150000000000858
2025-12-01 00:00:00,0.0,0.0,0.11349999999999483,0.04899999999999949
2025-12-01 01:00:00,0.0,0.0,0.04549999999999699,0.1684999999999981
2025-12-01 02:00:00,0.0,0.0,0.02750000000000341,0.3015000000000043
2025-12-01 03:00:00,0.0,0.0,0.053999999999998494,0.11150000000000304
2025-12-01 04:00:00,0.0,0.0,0.09399999999999764,0.02499999999999858
2025-12-01 05:00:00,0.0,0.0,0.17899999999999494,0.042499999999996874
2025-12-01 06:00:00,0.0,0.0,0.050499999999999545,0.17100000000000648
2025-12-01 07:00:00,0.0,0.0,0.0730000000000004,0.21849999999999525
2025-12-01 08:00:00,0.0,0.0,0.22749999999999915,0.03450000000000131
2025-12-01 09:00:00,0.0,0.0,0.14350000000000307,0.04100000000000392
2025-12-01 10:00:00,0.0,0.0,0.045999999999999375,0.07300000000000395
2025-12-01 11:00:00,0.0,0.0,0.06850000000000023,0.0920000000000023
2025-12-01 12:00:00,0.0,0.0,0.08799999999999741,0.024500000000003297
2025-12-01 13:00:00,0.0,0.0,0.0765000000000029,0.04450000000000287
2025-12-01 14:00:00,0.0,0.0,0.2015000000000029,0.027499999999999858
2025-12-01 15:00:00,0.0,0.0,0.0870000000000033,0.04449999999999932
2025-12-01 16:00:00,0.0,0.0,0.050499999999999545,0.1960000000000015
2025-12-01 17:00:00,0.0,0.0,0.06950000000000145,0.055999999999997385
2025-12-01 18:00:00,0.0,0.0,0.06349999999999767,0.06299999999999883
2025-12-01 19:00:00,0.0,0.0,0.04100000000000037,0.08150000000000546
2025-12-01 20:00:00,0.0,0.0,0.03599999999999781,0.1874999999999929
2025-12-01 21:00:00,0.0,0.0,0.05250000000000199,0.10249999999999915
2025-12-01 22:00:00,0.0,0.0,0.03900000000000148,0.15050000000000807
2025-12-01 23:00:00,0.0,0.0,0.050499999999999545,0.11899999999999977
2025-12-02 00:00:00,0.0,0.0,0.13449999999999562,0.06650000000000134
2025-12-02 01:00:00,0.0,0.0,0.09500000000000242,0.08700000000000685
2025-12-02 02:00:00,0.0,0.0,0.024500000000003297,0.1859999999999964
2025-12-02 03:00:00,0.0,0.0,0.0010000000000012221,0.387999999999991
2025-12-02 04:00:00,0.0,0.0,0.0,0.2734999999999985
2025-12-02 05:00:00,0.0,0.0,0.13950000000000173,0.05100000000000193
2025-12-02 06:00:00,0.0,0.0,0.11400000000000077,0.11350000000000549
2025-12-02 07:00:00,0.0,0.0,0.15050000000000097,0.014000000000002899
2025-12-02 08:00:00,0.0,0.0,0.04450000000000642,0.21399999999999508
2025-12-02 09:00:00,0.0,0.0,0.11399999999999366,0.09949999999999903
2025-12-02 10:00:00,0.0,0.0,0.1159999999999961,0.03950000000000031
2025-12-02 11:00:00,0.0,0.0,0.09100000000000463,0.20899999999999963
2025-12-02 12:00:00,0.0,0.0,0.2920000000000016,0.010999999999999233
2025-12-02 13:00:00,0.0,0.0,0.1410000000000018,0.02050000000000196
2025-12-02 14:00:00,0.0,0.0,0.2100000000000044,0.018000000000000682
2025-12-02 15:00:00,0.0,0.0,0.4770000000000003,0.0
2025-12-02 16:00:00,0.0,0.0,0.04700000000000415,0.06350000000000122
2025-12-02 17:00:00,0.0,0.0,0.05750000000000455,0.08200000000000074
2025-12-02 18:00:00,0.0,0.0,0.04949999999999832,0.06350000000000833
2025-12-02 19:00:00,0.0,0.0,0.14149999999999707,0.04450000000000287
2025-12-02 20:00:00,0.0,0.0,0.07450000000000401,0.10200000000000031
2025-12-02 21:00:00,0.0,0.0,0.1390000000000029,0.07450000000000401
2025-12-02 22:00:00,0.0,0.0,0.048500000000004206,0.1130000000000031
2025-12-02 23:00:00,0.0,0.0,0.05150000000000077,0.07749999999999702
2025-12-03 00:00:00,0.0021249999999994884,0.0,0.30599999999999666,0.06449999999999889
2025-12-03 01:00:00,0.0,0.0,0.013500000000000512,0.2149999999999963
2025-12-03 02:00:00,0.0,0.0,0.09700000000000486,0.05050000000000665
2025-12-03 03:00:00,0.0,0.0,0.05999999999999872,0.07500000000000284
2025-12-03 04:00:00,0.0,0.0,0.05349999999999966,0.038999999999997925
2025-12-03 05:00:00,0.0,0.0,0.11599999999999966,0.05700000000000216
2025-12-03 06:00:00,0.009124999999999162,0.0,0.40049999999999886,0.04150000000000276
2025-12-03 07:00:00,0.0,0.0,0.03600000000000492,0.25
2025-12-03 08:00:00,0.0,0.0,0.04550000000000054,0.19150000000000134
2025-12-03 09:00:00,0.0,0.0,0.01950000000000429,0.20749999999999957
2025-12-03 10:00:00,0.0,0.0,0.11450000000000315,0.010999999999999233
2025-12-03 11:00:00,0.0,0.0,0.3105000000000011,0.07350000000000279
2025-12-03 12:00:00,0.0,0.0,0.060555555555556535,0.09611111111111212
2025-12-03 13:00:00,0.0,0.0,0.35300000000000153,0.0045000000000001705
2025-12-03 14:00:00,0.0,0.0,0.19149999999999068,0.04299999999999926
2025-12-03 15:00:00,0.0,0.0,0.064500000000006,0.1110000000000042
2025-12-03 16:00:00,0.0,0.0,0.021999999999998465,0.11600000000000321
2025-12-03 17:00:00,0.0,0.0,0.013999999999999346,0.13450000000000628
2025-12-03 18:00:00,0.0,0.0,0.02400000000000091,0.10150000000000503
2025-12-03 19:00:00,0.0,0.0,0.01999999999999602,0.08800000000000097
2025-12-03 20:00:00,0.0,0.0,0.03000000000000469,0.13750000000000995
2025-12-03 21:00:00,0.0,0.0,0.04499999999999815,0.08699999999999974
2025-12-03 22:00:00,0.0,0.0,0.04100000000000037,0.0990000000000002
2025-12-03 23:00:00,0.0,0.0,0.0715000000000039,0.06300000000000594
2025-12-04 00:00:00,0.0,0.0,0.08749999999999858,0.0315000000000083
2025-12-04 01:00:00,0.0,0.0,0.05199999999999605,0.08100000000000662
2025-12-04 02:00:00,0.0,0.0,0.027499999999996305,0.06600000000000605
2025-12-04 03:00:00,0.0,0.0,0.053000000000000824,0.08650000000000801
2025-12-04 04:00:00,0.0,0.0,0.05850000000000577,0.07550000000000878
2025-12-04 05:00:00,0.0,0.0,0.019000000000001904,0.09400000000000475
2025-12-04 06:00:00,0.0,0.0,0.1305000000000014,0.08750000000000213
2025-12-04 07:00:00,0.0,0.0,0.023499999999998522,0.0975000000000037
2025-12-04 08:00:00,0.0,0.0,0.04500000000000881,0.13149999999999906
2025-12-04 09:00:00,0.0,0.0,0.04550000000000409,0.0835000000000079
2025-12-04 10:00:00,0.0,0.0,0.059499999999999886,0.030500000000003524
2025-12-04 11:00:00,0.0,0.0,0.006500000000002615,0.18349999999999866
2025-12-04 12:00:00,0.0,0.0,0.13099999999999312,0.055999999999997385
2025-12-04 13:00:00,0.0,0.0,0.10200000000001097,0.05000000000000071
2025-12-04 14:00:00,0.0,0.0,0.1335000000000015,0.028000000000002245
2025-12-04 15:00:00,0.0,0.0,0.12400000000000233,0.0750000000000064
2025-12-04 16:00:00,0.0,0.0,0.03399999999999892,0.11199999999999832
2025-12-04 17:00:00,0.0,0.0,0.036999999999999034,0.07450000000000401
2025-12-04 18:00:00,0.0,0.0,0.040500000000001535,0.06500000000000128
2025-12-04 19:00:00,0.0,0.0,0.019999999999999574,0.06600000000000605
2025-12-04 20:00:00,0.0,0.0,0.10200000000000031,0.02400000000000091
2025-12-04 21:00:00,0.0,0.0,0.047500000000002984,0.03800000000000381
2025-12-04 22:00:00,0.0,0.0,0.02300000000000324,0.09850000000001202
2025-12-04 23:00:00,0.0,0.0,0.08449999999999847,0.054000000000002046
2025-12-05 00:00:00,0.0,0.0,0.2615000000000016,0.060000000000002274
2025-12-05 01:00:00,0.0,0.0,0.04200000000000159,0.03800000000000381
2025-12-05 02:00:00,0.0,0.0,0.049500000000001876,0.07349999999999923
2025-12-05 03:00:00,0.0,0.0,0.045499999999993435,0.06850000000001089
2025-12-05 04:00:00,0.0,0.0,0.023999999999997357,0.04949999999999832
2025-12-05 05:00:00,0.0,0.0,0.036999999999999034,0.07749999999999702
2025-12-05 06:00:00,0.0,0.0,0.07249999999999446,0.06350000000000122
2025-12-05 07:00:00,0.0,0.0,0.06500000000000128,0.06999999999999673
2025-12-05 08:00:00,0.0,0.0,0.009000000000000341,0.11599999999999966
2025-12-05 09:00:00,0.0,0.0,0.01249999999999929,0.1524999999999963
2025-12-05 10:00:00,0.0,0.0,0.05750000000000455,0.05850000000000577
2025-12-05 11:00:00,0.0,0.0,0.0870000000000033,0.02050000000000196
2025-12-05 12:00:00,0.0,0.0,0.07800000000000651,0.033500000000000085
2025-12-05 13:00:00,0.0,0.0,0.06350000000000477,0.05799999999999628
2025-12-05 14:00:00,0.0,0.0,0.04899999999999949,0.06500000000000128
2025-12-05 15:00:00,0.0,0.0,0.03450000000000486,0.05249999999999844
2025-12-05 16:00:00,0.0,0.0,0.0,0.19150000000000844
2025-12-05 17:00:00,0.0,0.0,0.062000000000001165,0.03750000000000142
2025-12-05 18:00:00,0.0,0.0,0.04100000000000037,0.059000000000004604
2025-12-05 19:00:00,0.0,0.0,0.030999999999998806,0.05950000000000344
2025-12-05 20:00:00,0.0,0.0,0.0400000000000027,0.0660000000000025
2025-12-05 21:00:00,0.0,0.0,0.10900000000000531,0.04749999999999943
2025-12-05 22:00:00,0.0,0.0,0.05849999999999511,0.049000000000006594
2025-12-05 23:00:00,0.0,0.0,0.06550000000000367,0.053000000000000824
2025-12-06 00:00:00,0.0,0.0,0.03750000000000142,0.037499999999994316
2025-12-06 01:00:00,0.0,0.0,0.08699999999999974,0.05600000000000094
2025-12-06 02:00:00,0.0,0.0,0.2195000000000107,0.004000000000001336
2025-12-06 03:00:00,0.0,0.0,0.06400000000001071,0.06650000000000489
2025-12-06 04:00:00,0.0,0.0,0.07400000000000162,0.05900000000000105
2025-12-06 05:00:00,0.0,0.0,0.054500000000004434,0.0765000000000029
2025-12-06 06:00:00,0.0,0.0,0.049000000000006594,0.053000000000000824
2025-12-06 07:00:00,0.0,0.0,0.08299999999999841,0.3470000000000013
2025-12-06 08:00:00,0.0,0.0,0.09150000000001057,0.04200000000000159
2025-12-06 09:00:00,0.0,0.0,0.09150000000000347,0.032500000000002416
2025-12-06 10:00:00,0.0,0.0,0.14399999999999835,0.04600000000000293
2025-12-06 11:00:00,0.0,0.0,0.10450000000000159,0.03550000000000253
2025-12-06 12:00:00,0.0,0.0,0.05600000000000449,0.07350000000000279
2025-12-06 13:00:00,0.0,0.0,0.12950000000000017,0.01150000000000162
2025-12-06 14:00:00,0.0,0.0,0.029500000000002302,0.09550000000000125
2025-12-06 15:00:00,0.0,0.0,0.04550000000000409,0.07650000000000645
2025-12-06 16:00:00,0.0,0.0,0.036999999999999034,0.06450000000000244
2025-12-06 17:00:00,0.0,0.0,0.04650000000000176,0.09100000000000108
2025-12-06 18:00:00,0.0,0.0,0.010999999999999233,0.10799999999999699
2025-12-06 19:00:00,0.0,0.0,0.050499999999999545,0.07200000000000628
2025-12-06 20:00:00,0.0,0.0,0.02750000000000341,0.09700000000000486
2025-12-06 21:00:00,0.0,0.0,0.06850000000000023,0.03900000000000148
2025-12-06 22:00:00,0.0,0.0,0.06950000000000855,0.09900000000000375
2025-12-06 23:00:00,0.0,0.0,0.08850000000000335,0.060000000000002274
2025-12-07 00:00:00,0.0,0.0,0.18650000000000233,0.021000000000000796
2025-12-07 01:00:00,0.0,0.0,0.1734999999999971,0.018000000000000682
2025-12-07 02:00:00,0.0,0.0,0.06550000000000011,0.06249999999999645
2025-12-07 03:00:00,0.0,0.0,0.00999999999999801,0.12250000000000583
2025-12-07 04:00:00,0.0,0.0,0.005000000000002558,0.17900000000000205
2025-12-07 05:00:00,0.0,0.0,0.09199999999999875,0.0259999999999998
2025-12-07 06:00:00,0.0,0.0,0.04500000000000526,0.08099999999999952
2025-12-07 07:00:00,0.0,0.0,0.05649999999999977,0.051499999999997215
2025-12-07 08:00:00,0.0,0.0,0.06250000000000355,0.037000000000002586
2025-12-07 09:00:00,0.0,0.0,0.10450000000000159,0.034000000000006025
2025-12-07 10:00:00,0.0,0.0,0.06949999999999434,0.06200000000000472
2025-12-07 11:00:00,0.0,0.0,0.0815000000000019,0.05549999999999855
2025-12-07 12:00:00,0.0,0.0,0.05100000000000193,0.02400000000000091
2025-12-07 13:00:00,0.0,0.0,0.03399999999999892,0.04449999999999932
2025-12-07 14:00:00,0.0,0.0,0.061000000000003496,0.06199999999999761
2025-12-07 15:00:00,0.0,0.0,0.028500000000004633,0.10099999999999554
2025-12-07 16:00:00,0.0,0.0,0.05100000000000904,0.04949999999999832
2025-12-07 17:00:00,0.0,0.0,0.07849999999999824,0.027999999999998693
2025-12-07 18:00:00,0.0,0.0,0.03300000000000125,0.07900000000000063
2025-12-07 19:00:00,0.0,0.0,0.045000000000001705,0.14899999999999736
2025-12-07 20:00:00,0.0,0.0,0.09449999999999648,0.09999999999999787
2025-12-07 21:00:00,0.0,0.0,0.040500000000001535,0.14449999999999363
2025-12-07 22:00:00,0.0,0.0,0.09049999999999869,0.1479999999999997
2025-12-07 23:00:00,0.0,0.0,0.09099999999999753,0.1095000000000006
2025-12-08 00:00:00,0.0,0.0,0.11350000000000193,0.07450000000000045
2025-12-08 01:00:00,0.0,0.0,0.08649999999999736,0.09600000000000009
2025-12-08 02:00:00,0.0,0.0,0.036999999999999034,0.11700000000000799
2025-12-08 03:00:00,0.0,0.0,0.04299999999999926,0.09850000000000136
2025-12-08 04:00:00,0.0,0.0,0.02949999999999875,0.2820000000000036
2025-12-08 05:00:00,0.0,0.0,0.1095000000000077,0.047999999999998266
2025-12-08 06:00:00,0.0,0.0,0.11999999999999744,0.08649999999999736
2025-12-08 07:00:00,0.0,0.0,0.07450000000000045,0.07849999999999469
2025-12-08 08:00:00,0.0,0.0,0.0400000000000027,0.09000000000000341
2025-12-08 09:00:00,0.0,0.0,0.09700000000000486,0.035000000000003695
2025-12-08 10:00:00,0.0,0.0,0.11800000000000921,0.08750000000000213
2025-12-08 11:00:00,0.0,0.0,0.08550000000000324,0.04200000000000159
2025-12-08 12:00:00,0.0,0.0,0.04550000000000409,0.0365000000000002
2025-12-08 13:00:00,0.0,0.0,0.08050000000000779,0.0045000000000001705
2025-12-08 14:00:00,0.0,0.0,0.10900000000000531,0.038000000000000256
2025-12-08 15:00:00,0.0,0.0,0.0,0.285499999999999
2025-12-08 16:00:00,0.0,0.0,0.07350000000000279,0.03849999999999909
2025-12-08 17:00:00,0.0,0.0,0.09200000000000585,0.08400000000000674
2025-12-08 18:00:00,0.0,0.0,0.08500000000000085,0.04299999999999926
2025-12-08 19:00:00,0.0,0.0,0.13099999999999667,0.021999999999998465
2025-12-08 20:00:00,0.0,0.0,0.08699999999999619,0.06300000000000239
2025-12-08 21:00:00,0.0,0.0,0.05450000000000088,0.06750000000000256
2025-12-08 22:00:00,0.0,0.0,0.04350000000000165,0.047500000000002984
2025-12-08 23:00:00,0.0,0.0,0.04350000000000165,0.12949999999999307
2025-12-09 00:00:00,0.0,0.0,0.0024999999999977263,0.3404999999999916
2025-12-09 01:00:00,0.0,0.0,0.04899999999999949,0.06649999999999778
2025-12-09 02:00:00,0.0,0.0,0.08150000000000546,0.060000000000005826
2025-12-09 03:00:00,0.0,0.0,0.0,0.20600000000000662
2025-12-09 04:00:00,0.0,0.0,0.048500000000000654,0.25650000000000617
2025-12-09 05:00:00,0.0,0.0,0.018000000000000682,0.27899999999999636
2025-12-09 06:00:00,0.0,0.0,0.19699999999999562,0.04100000000000392
2025-12-09 07:00:00,0.0,0.0,0.15000000000000568,0.03000000000000469
2025-12-09 08:00:00,0.0,0.0,0.0940000000000012,0.040500000000001535
2025-12-09 09:00:00,0.0,0.0,0.1424999999999983,0.06500000000000483
2025-12-09 10:00:00,0.0,0.0,0.0004999999999988347,0.26899999999999835
2025-12-09 11:00:00,0.0,0.0,0.08950000000000458,0.022999999999999687
2025-12-09 12:00:00,0.0,0.0,0.14500000000000313,0.030999999999998806
2025-12-09 13:00:00,0.0,0.0,0.120000000000001,0.007500000000000284
2025-12-09 14:00:00,0.0,0.0,0.0955000000000048,0.024500000000003297
2025-12-09 15:00:00,0.0,0.0,0.09150000000000347,0.057500000000000995
2025-12-09 16:00:00,0.0,0.0,0.10799999999999699,0.02499999999999858
2025-12-09 17:00:00,0.0,0.0,0.048500000000000654,0.14999999999999858
2025-12-09 18:00:00,0.0,0.0,0.05449999999999733,0.031999999999996476
2025-12-09 19:00:00,0.0,0.0,0.06950000000000145,0.06700000000000017
2025-12-09 20:00:00,0.0,0.0,0.05100000000000193,0.049500000000001876
2025-12-09 21:00:00,0.0,0.0,0.08750000000000213,0.045000000000001705
2025-12-09 22:00:00,0.0,0.0,0.08199999999999719,0.09150000000001057
2025-12-09 23:00:00,0.0,0.0,0.11200000000000543,0.042500000000000426
2025-12-10 00:00:00,0.0,0.0,0.05799999999999983,0.09800000000000253
2025-12-10 01:00:00,0.0,0.0,0.07499999999999929,0.13299999999999912
2025-12-10 02:00:00,0.0,0.0,0.1039999999999992,0.031500000000001194
2025-12-10 03:00:00,0.0,0.0,0.029999999999997584,0.14350000000000307
2025-12-10 04:00:00,0.0,0.0,0.05999999999999872,0.06100000000000705
2025-12-10 05:00:00,0.0,0.0,0.07250000000000156,0.24849999999999994
2025-12-10 06:00:00,0.0,0.0,0.14000000000000767,0.07049999999999912
2025-12-10 07:00:00,0.0,0.0,0.2910000000000039,0.04049999999999798
2025-12-10 08:00:00,0.0,0.0,0.054210526315786545,0.07263157894737117
2025-12-10 09:00:00,0.0,0.0,0.08550000000000679,0.15899999999999537
2025-12-10 10:00:00,0.0,0.0,0.02149999999999963,0.25500000000000256
2025-12-10 11:00:00,0.0,0.0,0.1455000000000055,0.18450000000000344
2025-12-10 12:00:00,0.0,0.0,0.11450000000000315,0.052000000000003155
2025-12-10 13:00:00,0.0,0.0,0.14150000000000773,0.008499999999997954
2025-12-10 14:00:00,0.0,0.0,0.13199999999999434,0.023999999999997357
2025-12-10 15:00:00,0.0,0.0,0.07150000000000745,0.05999999999999872
2025-12-10 16:00:00,0.0,0.0,0.07950000000000657,0.038000000000000256
2025-12-10 17:00:00,0.0,0.0,0.0990000000000073,0.04999999999999716
2025-12-10 18:00:00,0.0,0.0,0.06700000000000017,0.0750000000000064
2025-12-10 19:00:00,0.0,0.0,0.14399999999999835,0.1454999999999984
2025-12-10 20:00:00,0.0,0.0,0.06500000000000128,0.10100000000000264
2025-12-10 21:00:00,0.0,0.0,0.14550000000000196,0.036999999999999034
2025-12-10 22:00:00,0.0,0.0,0.20900000000000318,0.0329999999999977
2025-12-10 23:00:00,0.0,0.0,0.1480000000000068,0.07199999999999918
2025-12-11 00:00:00,0.0,0.0,0.0,0.4134999999999991
2025-12-11 01:00:00,0.0,0.0,0.08149999999999835,0.024000000000004462
2025-12-11 02:00:00,0.0,0.0,0.07799999999999585,0.08900000000000574
2025-12-11 03:00:00,0.0,0.0,0.03200000000000358,0.10050000000000381
2025-12-11 04:00:00,0.0,0.0,0.07400000000000517,0.05000000000000426
2025-12-11 05:00:00,0.0,0.0,0.1144999999999996,0.023500000000002075
2025-12-11 06:00:00,0.0,0.0,0.15850000000000009,0.05350000000000321
2025-12-11 07:00:00,0.0,0.0,0.14500000000001023,0.01699999999999946
2025-12-11 08:00:00,0.0,0.0,0.27699999999999037,0.014000000000002899
2025-12-11 09:00:00,0.0,0.0,0.07000000000000384,0.08950000000000102
2025-12-11 10:00:00,0.0,0.0,0.1075000000000017,0.05450000000000088
2025-12-11 11:00:00,0.0,0.0,0.03200000000000358,0.12650000000000006
2025-12-11 12:00:00,0.0,0.0,0.10349999999999682,0.028999999999999915
2025-12-11 13:00:00,0.0,0.0,0.03550000000000253,0.06500000000000128
2025-12-11 14:00:00,0.0,0.0,0.060000000000005826,0.05350000000000321
2025-12-11 15:00:00,0.0,0.0,0.042000000000005144,0.10849999999999937
2025-12-11 16:00:00,0.0,0.0,0.06350000000000122,0.08249999999999957
2025-12-11 17:00:00,0.0,0.0,0.10150000000000148,0.05600000000000449
2025-12-11 18:00:00,0.0,0.0,0.07150000000000034,0.03750000000000142
2025-12-11 19:00:00,0.0,0.0,0.06250000000000355,0.05350000000000321
2025-12-11 20:00:00,0.0,0.0,0.05099999999999838,0.10099999999999909
2025-12-11 21:00:00,0.0,0.0,0.16250000000000142,0.010500000000000398
2025-12-11 22:00:00,0.0,0.0,0.3915000000000006,0.002500000000001279
2025-12-11 23:00:00,0.0,0.0,0.028000000000002245,0.15050000000000452
2025-12-12 00:00:00,0.0,0.0,0.0034999999999989484,0.1950000000000074
2025-12-12 01:00:00,0.0,0.0,0.2719999999999949,0.03650000000000375
2025-12-12 02:00:00,0.0,0.0,0.13599999999999923,0.10999999999999943
2025-12-12 03:00:00,0.0,0.0,0.010500000000000398,0.1600000000000108
2025-12-12 04:00:00,0.0,0.0,0.03749999999999787,0.10200000000000387
2025-12-12 05:00:00,0.0,0.0,0.15499999999999758,0.01600000000000179
2025-12-12 06:00:00,0.0,0.0,0.03550000000000253,0.134999999999998
2025-12-12 07:00:00,0.0,0.0,0.09400000000000475,0.07849999999999824
2025-12-12 08:00:00,0.0,0.0,0.254999999999999,0.04100000000000037
2025-12-12 09:00:00,0.0,0.0,0.005000000000002558,0.19250000000000966
2025-12-12 10:00:00,0.0,0.0,0.05450000000000088,0.09400000000000475
2025-12-12 11:00:00,0.0,0.0,0.022000000000002018,0.11199999999999832
2025-12-12 12:00:00,0.0,0.0,0.04949999999999832,0.09550000000000125
2025-12-12 13:00:00,0.0,0.0,0.03200000000000358,0.07249999999999801
2025-12-12 14:00:00,0.0,0.0,0.04499999999999815,0.09250000000000469
2025-12-12 15:00:00,0.0,0.0,0.08049999999999713,0.054500000000004434
2025-12-12 16:00:00,0.0,0.0,0.03200000000000003,0.11000000000000298
2025-12-12 17:00:00,0.0,0.0,0.05300000000000438,0.06450000000000244
2025-12-12 18:00:00,0.0,0.0,0.09150000000000702,0.04200000000000159
2025-12-12 19:00:00,0.0,0.0,0.1509999999999998,0.03300000000000125
2025-12-12 20:00:00,0.0,0.0,0.1355000000000004,0.06150000000000233
2025-12-12 21:00:00,0.0,0.0,0.04100000000000392,0.08650000000000446
2025-12-12 22:00:00,0.0,0.0,0.04200000000000159,0.13599999999999923
2025-12-12 23:00:00,0.0,0.0,0.21450000000000102,0.007500000000000284
2025-12-13 00:00:00,0.0,0.0,0.3444999999999929,0.010999999999999233
2025-12-13 01:00:00,0.0,0.0,0.0019999999999988916,0.17849999999999966
2025-12-13 02:00:00,0.0,0.0,0.018499999999999517,0.08049999999999713
2025-12-13 03:00:00,0.0,0.0,0.1490000000000009,0.06649999999999778
2025-12-13 04:00:00,0.0,0.0,0.12250000000000227,0.03399999999999892
2025-12-13 05:00:00,0.0,0.0,0.0015000000000000568,0.19000000000000483
2025-12-13 06:00:00,0.0,0.0,0.018499999999999517,0.14750000000000085
2025-12-13 07:00:00,0.0,0.0,0.062000000000001165,0.15349999999999753
2025-12-13 08:00:00,0.0,0.0,0.01150000000000162,0.12150000000000105
2025-12-13 09:00:00,0.0,0.0,0.03750000000000142,0.0814999999999948
2025-12-13 10:00:00,0.0,0.0,0.04599999999999582,0.09800000000000253
2025-12-13 11:00:00,0.0,0.0,0.04100000000000392,0.06499999999999773
2025-12-13 12:00:00,0.0,0.0,0.030000000000001137,0.07899999999999707
2025-12-13 13:00:00,0.0,0.0,0.0259999999999998,0.07250000000000512
2025-12-13 14:00:00,0.0,0.0,0.04200000000000159,0.06050000000000466
2025-12-13 15:00:00,0.0,0.0,0.06500000000000483,0.03500000000000014
2025-12-13 16:00:00,0.0,0.0,0.0329999999999977,0.07950000000001367
2025-12-13 17:00:00,0.0,0.0,0.0400000000000027,0.06400000000000361
2025-12-13 18:00:00,0.0,0.0,0.02850000000000108,0.12549999999999173
2025-12-13 19:00:00,0.0,0.0,0.01150000000000162,0.0905000000000058
2025-12-13 20:00:00,0.0,0.0,0.008499999999997954,0.19450000000000145
2025-12-13 21:00:00,0.0,0.0,0.09099999999999042,0.013500000000000512
2025-12-13 22:00:00,0.0,0.0,0.04600000000000293,0.05450000000000088
2025-12-13 23:00:00,0.0,0.0,0.03999999999999915,0.10650000000000048
2025-12-14 00:00:00,0.0,0.0,0.030000000000001137,0.13650000000000162
2025-12-14 01:00:00,0.0,0.0,0.04749999999999943,0.04700000000000415
2025-12-14 02:00:00,0.0,0.0,0.06550000000000367,0.05100000000000904
2025-12-14 03:00:00,0.0,0.0,0.0835000000000008,0.015999999999998238
2025-12-14 04:00:00,0.0,0.0,0.0659999999999954,0.04550000000000054
2025-12-14 05:00:00,0.0,0.0,0.08750000000000568,0.014999999999997016
2025-12-14 06:00:00,0.0,0.0,0.10350000000000037,0.11200000000000188
2025-12-14 07:00:00,0.0,0.0,0.16400000000000148,0.10699999999999932
2025-12-14 08:00:00,0.0,0.0,0.21600000000000463,0.04199999999999804
2025-12-14 09:00:00,0.0,0.0,0.11350000000000549,0.010000000000001563
2025-12-14 10:00:00,0.0,0.0,0.06799999999999784,0.07200000000000628
2025-12-14 11:00:00,0.0,0.0,0.07600000000000051,0.028499999999997527
2025-12-14 12:00:00,0.0,0.0,0.047999999999998266,0.09000000000000696
2025-12-14 13:00:00,0.0,0.0,0.03850000000000264,0.09800000000000608
2025-12-14 14:00:00,0.0,0.0,0.05300000000000438,0.10850000000000293
2025-12-14 15:00:00,0.0,0.0,0.10050000000000026,0.03249999999999886
2025-12-14 16:00:00,0.0,0.0,0.1130000000000031,0.07150000000000745
2025-12-14 17:00:00,0.0,0.0,0.06400000000000006,0.07600000000000406
2025-12-14 18:00:00,0.0,0.0,0.08450000000000202,0.07449999999999335
2025-12-14 19:00:00,0.0,0.0,0.06099999999999994,0.05250000000000199
2025-12-14 20:00:00,0.0,0.0,0.07700000000000173,0.09350000000000236
2025-12-14 21:00:00,0.0,0.0,0.008500000000001506,0.19900000000000517
2025-12-14 22:00:00,0.0,0.0,0.008500000000001506,0.274999999999995
2025-12-14 23:00:00,0.0,0.0,0.05650000000000688,0.12150000000000105
2025-12-15 00:00:00,0.0,0.0,0.09950000000000259,0.07850000000000179
2025-12-15 01:00:00,0.0,0.006499999999998174,0.0,0.7034999999999989
2025-12-15 02:00:00,0.0,0.0,0.24750000000000227,0.1424999999999983
2025-12-15 03:00:00,0.0,0.0,0.2150000000000034,0.009000000000003894
2025-12-15 04:00:00,0.0,0.0,0.07850000000000534,0.11899999999999267
2025-12-15 05:00:00,0.0,0.0,0.09649999999999892,0.13150000000000261
2025-12-15 06:00:00,0.0,0.0,0.09999999999999787,0.07900000000000063
2025-12-15 07:00:00,0.0,0.0,0.24549999999998917,0.019000000000001904
2025-12-15 08:00:00,0.0,0.0,0.03350000000000364,0.15550000000001063
2025-12-15 09:00:00,0.0,0.0,0.13950000000000884,0.024499999999999744
2025-12-15 10:00:00,0.0,0.0,0.05100000000000193,0.2339999999999982
2025-12-15 11:00:00,0.0,0.0,0.040500000000001535,0.21000000000000085
2025-12-15 12:00:00,0.0,0.0,0.21249999999999858,0.05999999999999872
2025-12-15 13:00:00,0.0,0.0,0.15900000000000247,0.025499999999997414
2025-12-15 14:00:00,0.0,0.0,0.18299999999999983,0.027499999999999858
2025-12-15 15:00:00,0.0,0.0,0.17200000000000415,0.036000000000001364
2025-12-15 16:00:00,0.0,0.0,0.2560000000000002,0.02500000000000213
2025-12-15 17:00:00,0.0,0.0,0.09600000000000009,0.05750000000000455
2025-12-15 18:00:00,0.0,0.0,0.014500000000001734,0.1305000000000014
2025-12-15 19:00:00,0.0,0.0,0.021500000000003183,0.16150000000000375
2025-12-15 20:00:00,0.0,0.0,0.08149999999999835,0.042000000000005144
2025-12-15 21:00:00,0.0,0.0,0.129999999999999,0.025500000000000966
2025-12-15 22:00:00,0.0,0.0,0.07249999999999801,0.10549999999999571
2025-12-15 23:00:00,0.0,0.0,0.09250000000000469,0.07100000000000506
2025-12-16 00:00:00,0.0,0.0,0.1165000000000056,0.043499999999998096
2025-12-16 01:00:00,0.0,0.0,0.09299999999999997,0.05649999999999977
2025-12-16 02:00:00,0.0,0.0,0.22900000000000276,0.04250000000000398
2025-12-16 03:00:00,0.0,0.0,0.042500000000000426,0.052000000000003155
2025-12-16 04:00:00,0.0,0.0,0.03700000000000614,0.05850000000000222
2025-12-16 05:00:00,0.0,0.0,0.08000000000000185,0.05700000000000216
2025-12-16 06:00:00,0.0,0.0,0.08350000000000435,0.07350000000000279
2025-12-16 07:00:00,0.0,0.0,0.09350000000000236,0.04950000000000543
2025-12-16 08:00:00,0.0,0.0,0.046500000000005315,0.05349999999999966
2025-12-16 09:00:00,0.0,0.0,0.024736842105265344,0.12684210526315023
2025-12-16 10:00:00,0.0,0.0,0.11578947368421741,0.0878947368421061
2025-12-16 11:00:00,0.0,0.0,0.07050000000000267,0.0470000000000006
2025-12-16 12:00:00,0.0,0.0,0.03550000000000253,0.1039999999999992
2025-12-16 13:00:00,0.0,0.0,0.11050000000000537,0.04100000000000392
2025-12-16 14:00:00,0.0,0.0,0.1440000000000019,0.058499999999998664
2025-12-16 15:00:00,0.0,0.0,0.04500000000000526,0.08250000000000313
2025-12-16 16:00:00,0.0,0.0,0.03600000000000492,0.04550000000000054
2025-12-16 17:00:00,0.0,0.0,0.07549999999999812,0.14600000000000435
2025-12-16 18:00:00,0.0,0.0,0.047999999999998266,0.06650000000000134
2025-12-16 19:00:00,0.0,0.0,0.1130000000000031,0.02699999999999747
2025-12-16 20:00:00,0.0,0.0,0.2360000000000042,0.021999999999998465
2025-12-16 21:00:00,0.0,0.0,0.064500000000006,0.05300000000000793
2025-12-16 22:00:00,0.0,0.0,0.0885000000000069,0.03950000000000031
2025-12-16 23:00:00,0.0,0.0,0.10050000000000381,0.08200000000000429
2025-12-17 00:00:00,0.0,0.0,0.007999999999999119,0.3924999999999983
2025-12-17 01:00:00,0.0,0.0,0.09150000000000347,0.05150000000000077
2025-12-17 02:00:00,0.0,0.0,0.01249999999999929,0.2859999999999978
2025-12-17 03:00:00,0.0,0.0,0.055500000000005656,0.04099999999999682
2025-12-17 04:00:00,0.0,0.0,0.04550000000000409,0.0710000000000015
2025-12-17 05:00:00,0.0,0.0,0.10450000000000159,0.07400000000000162
2025-12-17 06:00:00,0.0,0.0,0.13199999999999434,0.03049999999999997
2025-12-17 07:00:00,0.0,0.0,0.0540000000000056,0.06800000000000139
2025-12-17 08:00:00,0.0,0.0,0.010500000000000398,0.24599999999999866
2025-12-17 09:00:00,0.0,0.0,0.10400000000000631,0.059000000000004604
2025-12-17 10:00:00,0.0,0.0,0.06100000000000705,0.11700000000000088
2025-12-17 11:00:00,0.0,0.0,0.06750000000000611,0.030999999999998806
2025-12-17 12:00:00,0.0,0.0,0.09499999999999886,0.05950000000000344
2025-12-17 13:00:00,0.0,0.0,0.07000000000000384,0.03600000000000492
2025-12-17 14:00:00,0.0,0.0,0.07600000000000051,0.11699999999999733
2025-12-17 15:00:00,0.0,0.0,0.07600000000000406,0.08850000000000335
2025-12-17 16:00:00,0.0,0.0,0.07950000000000301,0.05900000000000105
2025-12-17 17:00:00,0.0,0.0,0.09750000000000014,0.1004999999999967
2025-12-17 18:00:00,0.0,0.0,0.0940000000000012,0.05800000000000338
2025-12-17 19:00:00,0.0,0.0,0.14750000000000796,0.016500000000004178
2025-12-17 20:00:00,0.0,0.0,0.23199999999999577,0.011000000000002785
2025-12-17 21:00:00,0.0,0.0,0.09049999999999869,0.09799999999999542
2025-12-17 22:00:00,0.0,0.0,0.007500000000000284,0.3005000000000031
2025-12-17 23:00:00,0.0,0.0,0.09299999999999997,0.11199999999999832
2025-12-18 00:00:00,0.0,0.0,0.024499999999999744,0.25749999999999673
2025-12-18 01:00:00,0.0,0.0,0.0799999999999983,0.04100000000000392
2025-12-18 02:00:00,0.0,0.0,0.07200000000000273,0.11700000000000088
2025-12-18 03:00:00,0.0,0.0,0.24099999999999966,0.04099999999999682
2025-12-18 04:00:00,0.0,0.0,0.054999999999999716,0.042500000000000426
2025-12-18 05:00:00,0.0,0.0,0.028999999999999915,0.15549999999999997
2025-12-18 06:00:00,0.0,0.0,0.14499999999999602,0.07700000000000173
2025-12-18 07:00:00,0.0,0.0,0.06050000000000111,0.0365000000000002
2025-12-18 08:00:00,0.0,0.0,0.05649999999999977,0.05300000000000438
2025-12-18 09:00:00,0.0,0.0,0.08350000000000435,0.2065000000000019
2025-12-18 10:00:00,0.0,0.0,0.06450000000000244,0.03850000000000264
2025-12-18 11:00:00,0.0,0.0,0.09600000000000719,0.08850000000000335
2025-12-18 12:00:00,0.0,0.0,0.08550000000000324,0.07750000000000057
2025-12-18 13:00:00,0.0,0.0,0.24750000000000227,0.030500000000003524
2025-12-18 14:00:00,0.0,0.0,0.07500000000000284,0.0715000000000039
2025-12-18 15:00:00,0.0,0.0,0.06150000000000233,0.06750000000000256
2025-12-18 16:00:00,0.0,0.0,0.06450000000000244,0.043000000000006366
2025-12-18 17:00:00,0.0,0.0,0.04450000000000287,0.05699999999999861
2025-12-18 18:00:00,0.0,0.0,0.0715000000000039,0.11250000000000071
2025-12-18 19:00:00,0.0,0.0,0.1404999999999994,0.028499999999997527
2025-12-18 20:00:00,0.0,0.0,0.07450000000000045,0.21150000000000801
2025-12-18 21:00:00,0.0,0.0,0.132000000000005,0.10800000000000054
2025-12-18 22:00:00,0.0,0.0,0.08100000000000307,0.07700000000000884
2025-12-18 23:00:00,0.0,0.0,0.16350000000000264,0.03400000000000247
2025-12-19 00:00:00,0.0,0.0,0.028999999999999915,0.30899999999999395
2025-12-19 01:00:00,0.0,0.0,0.25400000000000134,0.10099999999999909
2025-12-19 02:00:00,0.0,0.0,0.08049999999999713,0.19650000000000034
2025-12-19 03:00:00,0.0,0.0,0.06349999999999767,0.11200000000000188
2025-12-19 04:00:00,0.0,0.0,0.19350000000000378,0.022500000000000853
2025-12-19 05:00:00,0.0,0.0,0.10700000000000287,0.05000000000000426
2025-12-19 06:00:00,0.0,0.0,0.14949999999999974,0.14800000000000324
2025-12-19 07:00:00,0.0,0.0,0.09000000000000341,0.129999999999999
2025-12-19 08:00:00,0.0,0.0,0.06500000000000128,0.16499999999999915
2025-12-19 09:00:00,0.0,0.0,0.06449999999999889,0.21149999999999736
2025-12-19 10:00:00,0.0,0.0,0.1075000000000017,0.06599999999999895
2025-12-19 11:00:00,0.0,0.0,0.06750000000000256,0.06400000000000361
2025-12-19 12:00:00,0.0,0.0,0.0800000000000054,0.08999999999999986
2025-12-19 13:00:00,0.0,0.0,0.07850000000000179,0.04299999999999926
2025-12-19 14:00:00,0.0,0.0,0.10200000000000387,0.04650000000000176
2025-12-19 15:00:00,0.0,0.0,0.06350000000000477,0.12700000000000244
2025-12-19 16:00:00,0.0,0.0,0.04299999999999926,0.10800000000000054
2025-12-19 17:00:00,0.0,0.0,0.10249999999999915,0.04600000000000648
2025-12-19 18:00:00,0.0,0.0,0.11550000000000438,0.018000000000000682
2025-12-19 19:00:00,0.0,0.0,0.10000000000000142,0.03750000000000142
2025-12-19 20:00:00,0.0,0.0,0.1265000000000036,0.08200000000000429
2025-12-19 21:00:00,0.0,0.0,0.08300000000000551,0.08800000000000807
2025-12-19 22:00:00,0.0,0.0,0.021000000000000796,0.19799999999998974
2025-12-19 23:00:00,0.0,0.0,0.06549999999999656,0.09250000000000114
2025-12-20 00:00:00,0.010374999999999801,0.0,0.3420000000000002,0.10200000000000031
2025-12-20 01:00:00,0.0,0.0,0.05900000000000105,0.1679999999999957
2025-12-20 02:00:00,0.0,0.0,0.1620000000000026,0.03599999999999781
2025-12-20 03:00:00,0.0,0.0,0.032500000000002416,0.1130000000000031
2025-12-20 04:00:00,0.0,0.0,0.07550000000000168,0.0330000000000048
2025-12-20 05:00:00,0.0,0.0,0.03399999999999537,0.09550000000000125
2025-12-20 06:00:00,0.0,0.0007499999999991402,0.04550000000000054,0.2575000000000017
2025-12-20 07:00:00,0.0,0.0,0.09249999999999758,0.042500000000000426
2025-12-20 08:00:00,0.0,0.0,0.08550000000000324,0.07450000000000045
2025-12-20 09:00:00,0.0,0.0,0.10200000000000387,0.05649999999999977
2025-12-20 10:00:00,0.0,0.0,0.05849999999999511,0.13949999999999818
2025-12-20 11:00:00,0.0,0.0,0.06900000000000617,0.047999999999998266
2025-12-20 12:00:00,0.0,0.0,0.06650000000000844,0.05850000000000222
2025-12-20 13:00:00,0.0,0.0,0.05250000000000554,0.06400000000000006
2025-12-20 14:00:00,0.0,0.0,0.07549999999999812,0.046999999999997044
2025-12-20 15:00:00,0.0,0.0,0.06550000000000367,0.05750000000000455
2025-12-20 16:00:00,0.0,0.0,0.08300000000000551,0.05249999999999844
2025-12-20 17:00:00,0.0,0.0,0.09299999999999997,0.04949999999999832
2025-12-20 18:00:00,0.0,0.0,0.09150000000000347,0.016500000000004178
2025-12-20 19:00:00,0.0,0.0,0.08200000000000074,0.07450000000000401
2025-12-20 20:00:00,0.0,0.0,0.07600000000000406,0.08600000000000207
2025-12-20 21:00:00,0.0,0.0,0.05649999999999977,0.05200000000000671
2025-12-20 22:00:00,0.0,0.0,0.0010000000000012221,0.3839999999999968
2025-12-20 23:00:00,0.0,0.0,0.10100000000000264,0.04350000000000165
2025-12-21 00:00:00,0.0,0.0,0.2830000000000048,0.014500000000001734
2025-12-21 01:00:00,0.0,0.0,0.06300000000000239,0.045999999999999375
2025-12-21 02:00:00,0.0,0.0,0.07050000000000267,0.07599999999999696
2025-12-21 03:00:00,0.0,0.0,0.06400000000000361,0.0484999999999971
2025-12-21 04:00:00,0.0,0.0,0.28249999999999886,0.022999999999999687
2025-12-21 05:00:00,0.0,0.0,0.0034999999999989484,0.1880000000000024
2025-12-21 06:00:00,0.0,0.0,0.06350000000000122,0.04549999999999699
2025-12-21 07:00:00,0.0,0.0,0.08600000000000563,0.08500000000000085
2025-12-21 08:00:00,0.0,0.0,0.10150000000000148,0.062000000000001165
2025-12-21 09:00:00,0.0,0.0,0.17999999999998906,0.016500000000000625
2025-12-21 10:00:00,0.0,0.0,0.02550000000000452,0.05649999999999267
2025-12-21 11:00:00,0.0,0.0,0.06700000000000017,0.04250000000000398
2025-12-21 12:00:00,0.0,0.0,0.10300000000000153,0.038000000000000256
2025-12-21 13:00:00,0.0,0.0,0.037499999999994316,0.06800000000000495
2025-12-21 14:00:00,0.0,0.0,0.030000000000001137,0.1685000000000052
2025-12-21 15:00:00,0.0,0.0,0.08750000000000924,0.08900000000000219
2025-12-21 16:00:00,0.0,0.0,0.04650000000000176,0.12699999999999534
2025-12-21 17:00:00,0.0,0.0,0.06550000000000011,0.07450000000000756
2025-12-21 18:00:00,0.0,0.0,0.12750000000000483,0.025500000000000966
2025-12-21 19:00:00,0.0,0.0,0.3239999999999945,0.037000000000002586
2025-12-21 20:00:00,0.0,0.0,0.05100000000000193,0.1305000000000014
2025-12-21 21:00:00,0.003124999999998934,0.0,0.47649999999999937,0.01950000000000429
2025-12-21 22:00:00,0.0,0.0,0.029999999999997584,0.16549999999999798
2025-12-21 23:00:00,0.0,0.0,0.1635000000000062,0.018499999999999517
2025-12-22 00:00:00,0.0,0.0,0.023499999999998522,0.3839999999999968
2025-12-22 01:00:00,0.0,0.0,0.14550000000000196,0.025500000000000966
2025-12-22 02:00:00,0.0,0.0,0.11349999999999838,0.10449999999999804
2025-12-22 03:00:00,0.0,0.0,0.027499999999996305,0.11900000000000333
2025-12-22 04:00:00,0.0,0.0,0.014000000000002899,0.1410000000000018
2025-12-22 05:00:00,0.0,0.0,0.2080000000000055,0.028999999999996362
2025-12-22 06:00:00,0.0,0.0,0.21449999999999747,0.10899999999999821
2025-12-22 07:00:00,0.0,0.0,0.25900000000000034,0.05850000000000222
2025-12-22 08:00:00,0.0,0.0,0.4095000000000013,0.06050000000000111
2025-12-22 09:00:00,0.0,0.0,0.023999999999997357,0.15850000000000009
2025-12-22 10:00:00,0.0,0.0,0.020000000000003126,0.10300000000000864
2025-12-22 11:00:00,0.0,0.0,0.025500000000000966,0.1405000000000065
2025-12-22 12:00:00,0.0,0.0,0.018000000000000682,0.10400000000000631
2025-12-22 13:00:00,0.0,0.0,0.2465000000000046,0.0045000000000001705
2025-12-22 14:00:00,0.0,0.0,0.039500000000003865,0.19350000000000023
2025-12-22 15:00:00,0.0,0.0,0.015499999999999403,0.13850000000000406
2025-12-22 16:00:00,0.0,0.0,0.014000000000002899,0.1620000000000026
2025-12-22 17:00:00,0.0,0.0,0.05650000000000688,0.037000000000002586
2025-12-22 18:00:00,0.0,0.0,0.14350000000000307,0.018000000000004235
2025-12-22 19:00:00,0.0,0.0,0.03749999999999787,0.06650000000000489
2025-12-22 20:00:00,0.0011250000000000426,0.0,0.22649999999999365,0.08600000000000563
2025-12-22 21:00:00,0.0,0.0,0.0034999999999989484,0.17300000000000892
2025-12-22 22:00:00,0.0,0.0,0.01249999999999929,0.1585000000000143
2025-12-22 23:00:00,0.0,0.0,0.021999999999998465,0.09100000000000463
2025-12-23 00:00:00,0.0,0.0,0.017499999999994742,0.10399999999999565
2025-12-23 01:00:00,0.0,0.0,0.027499999999996305,0.13900000000000645
2025-12-23 02:00:00,0.0,0.0,0.015000000000004121,0.09100000000000463
2025-12-23 03:00:00,0.0,0.0,0.06300000000000594,0.08750000000000924
2025-12-23 04:00:00,0.0,0.0,0.02400000000000091,0.06550000000000367
2025-12-23 05:00:00,0.0,0.0,0.015499999999999403,0.1910000000000025
2025-12-23 06:00:00,0.0,0.0,0.05400000000000915,0.08050000000000423
2025-12-23 07:00:00,0.0,0.0,0.3644999999999996,0.009000000000000341
2025-12-23 08:00:00,0.0,0.0,0.2545000000000073,0.017000000000003013
2025-12-23 09:00:00,0.0,0.0,0.45050000000000523,0.0
2025-12-23 10:00:00,0.0,0.0,0.43000000000000327,0.013000000000001677
2025-12-23 11:00:00,0.0,0.0,0.018000000000000682,0.14000000000000412
2025-12-23 12:00:00,0.0,0.0,0.0030000000000001137,0.15900000000000247
2025-12-23 13:00:00,0.0,0.0,0.005999999999996675,0.13450000000000273
2025-12-23 14:00:00,0.0,0.0,0.1769999999999996,0.02850000000000108
2025-12-23 15:00:00,0.0,0.0,0.05450000000000088,0.0954999999999977
2025-12-23 16:00:00,0.0,0.0,0.0730000000000004,0.11600000000000676
2025-12-23 17:00:00,0.0,0.0,0.017500000000001847,0.16400000000000148
2025-12-23 18:00:00,0.0,0.0,0.016500000000000625,0.1374999999999993
2025-12-23 19:00:00,0.0,0.0,0.0019999999999988916,0.20400000000000418
2025-12-23 20:00:00,0.0,0.0,0.038999999999997925,0.07900000000000418
2025-12-23 21:00:00,0.0,0.0,0.010000000000001563,0.19800000000000395
2025-12-23 22:00:00,0.0,0.0,0.04250000000000398,0.09850000000000492
2025-12-23 23:00:00,0.0,0.0,0.08450000000000202,0.14450000000000074
2025-12-24 00:00:00,0.0,0.0,0.17549999999999955,0.014000000000002899
2025-12-24 01:00:00,0.0,0.0,0.0400000000000027,0.11049999999999827
2025-12-24 02:00:00,0.0,0.0009999999999994458,0.0,0.48500000000000154
2025-12-24 03:00:00,0.0,0.0,0.11050000000000537,0.04750000000000654
2025-12-24 04:00:00,0.0,0.0,0.04150000000000276,0.17950000000000443
2025-12-24 05:00:00,0.0,0.0,0.2635000000000005,0.007500000000000284
2025-12-24 06:00:00,0.0,0.0,0.011999999999996902,0.2085000000000008
2025-12-24 07:00:00,0.0,0.0,0.04899999999999949,0.23000000000000398
2025-12-24 08:00:00,0.0,0.0,0.12700000000000244,0.029000000000003467
2025-12-24 09:00:00,0.0,0.0,0.4034999999999975,0.0010000000000012221
2025-12-24 10:00:00,0.0,0.0,0.05700000000000571,0.08600000000000207
2025-12-24 11:00:00,0.0,0.0,0.14350000000000307,0.05450000000000088
2025-12-24 12:00:00,0.0,0.0,0.04499999999999815,0.06700000000000728
2025-12-24 13:00:00,0.0,0.0,0.13249999999998963,0.048500000000000654
2025-12-24 14:00:00,0.0,0.0,0.05050000000000665,0.1374999999999993
2025-12-24 15:00:00,0.0,0.0,0.04950000000000543,0.039500000000003865
2025-12-24 16:00:00,0.0,0.0,0.14200000000000657,0.07750000000000767
2025-12-24 17:00:00,0.0,0.0,0.05700000000000216,0.08550000000000324
2025-12-24 18:00:00,0.0,0.0,0.0710000000000015,0.19900000000000162
2025-12-24 19:00:00,0.0,0.0,0.05300000000000438,0.10500000000000398
2025-12-24 20:00:00,0.0,0.0,0.10350000000000747,0.0519999999999996
2025-12-24 21:00:00,0.0,0.0,0.10849999999999937,0.02300000000000324
2025-12-24 22:00:00,0.0,0.0,0.12949999999999662,0.0835000000000079
2025-12-24 23:00:00,0.0,0.0,0.25349999999999184,0.041499999999999204
2025-12-25 00:00:00,0.0,0.0,0.17500000000000426,0.07050000000000267
2025-12-25 01:00:00,0.0,0.0,0.1305000000000014,0.04800000000000182
2025-12-25 02:00:00,0.0,0.0,0.028000000000002245,0.12399999999999878
2025-12-25 03:00:00,0.0,0.0,0.47699999999998965,0.0
2025-12-25 04:00:00,0.0,0.0,0.0799999999999983,0.0814999999999948
2025-12-25 05:00:00,0.0,0.0,0.013999999999999346,0.435499999999994
2025-12-25 06:00:00,0.0,0.0,0.028000000000002245,0.24850000000000705
2025-12-25 07:00:00,0.0,0.0,0.21049999999999613,0.026000000000003354
2025-12-25 08:00:00,0.0,0.0,0.30299999999999727,0.0990000000000002
2025-12-25 09:00:00,0.0,0.0,0.04350000000000165,0.0715000000000039
2025-12-25 10:00:00,0.0,0.0,0.20850000000000435,0.08300000000000196
2025-12-25 11:00:00,0.0,0.0,0.1529999999999987,0.06799999999999784
2025-12-25 12:00:00,0.0,0.0,0.02699999999999747,0.11050000000000537
2025-12-25 13:00:00,0.0,0.0,0.0750000000000064,0.0940000000000012
2025-12-25 14:00:00,0.0,0.0,0.05099999999999838,0.06800000000000495
2025-12-25 15:00:00,0.0,0.0,0.06449999999999889,0.07050000000000267
2025-12-25 16:00:00,0.0,0.0,0.006000000000000227,0.14999999999999858
2025-12-25 17:00:00,0.0,0.0,0.0,0.4649999999999963
2025-12-25 18:00:00,0.0,0.0,0.09900000000001086,0.04150000000000276
2025-12-25 19:00:00,0.0,0.0,0.03950000000000031,0.08600000000000207
2025-12-25 20:00:00,0.0,0.0,0.05250000000000199,0.036000000000001364
2025-12-25 21:00:00,0.0,0.0,0.0715000000000039,0.06300000000000239
2025-12-25 22:00:00,0.0,0.0,0.0934999999999988,0.05799999999999983
2025-12-25 23:00:00,0.0,0.0,0.004999999999999005,0.2715000000000032
2025-12-26 00:00:00,0.0,0.0012499999999997513,0.05799999999999983,0.32950000000000584
2025-12-26 01:00:00,0.0,0.0,0.069500000000005,0.058499999999998664
2025-12-26 02:00:00,0.0,0.0,0.04250000000000398,0.04300000000000992
2025-12-26 03:00:00,0.0,0.0,0.08350000000000435,0.011499999999998067
2025-12-26 04:00:00,0.0,0.0,0.016500000000004178,0.10650000000000048
2025-12-26 05:00:00,0.0,0.0,0.09250000000000469,0.04150000000000276
2025-12-26 06:00:00,0.0,0.0,0.06850000000000378,0.04749999999999943
2025-12-26 07:00:00,0.0,0.0,0.08900000000000219,0.04099999999999682
2025-12-26 08:00:00,0.0,0.0,0.13050000000000495,0.04800000000000182
2025-12-26 09:00:00,0.0,0.0,0.017499999999998295,0.31099999999999994
2025-12-26 10:00:00,0.0,0.0,0.142000000000003,0.03599999999999781
2025-12-26 11:00:00,0.0,0.0,0.13100000000000378,0.11650000000000205
2025-12-26 12:00:00,0.0,0.0,0.18649999999999878,0.07949999999999591
2025-12-26 13:00:00,0.0,0.0,0.10400000000000276,0.009500000000006281
2025-12-26 14:00:00,0.0,0.0,0.13500000000000512,0.03200000000000003
2025-12-26 15:00:00,0.0,0.0,0.15399999999999991,0.07349999999999568
2025-12-26 16:00:00,0.0,0.013624999999998444,0.02050000000000196,0.6865000000000038
2025-12-26 17:00:00,0.0,0.0,0.16199999999999903,0.03400000000000247
2025-12-26 18:00:00,0.0,0.0,0.20049999999999812,0.0070000000000014495
2025-12-26 19:00:00,0.0,0.0,0.18049999999999855,0.01600000000000179
2025-12-26 20:00:00,0.0,0.0,0.4150000000000027,0.02100000000000435
2025-12-26 21:00:00,0.0,0.0,0.09300000000000352,0.18850000000000122
2025-12-26 22:00:00,0.0,0.0,0.02799999999999514,0.21599999999999753
2025-12-26 23:00:00,0.0,0.0,0.3655000000000008,0.005500000000001393
2025-12-27 00:00:00,0.0,0.00024999999999941735,0.04299999999999926,0.3635000000000012
2025-12-27 01:00:00,0.0,0.0,0.28700000000000614,0.004000000000001336
2025-12-27 02:00:00,0.0,0.0,0.040500000000001535,0.22300000000000253
2025-12-27 03:00:00,0.0,0.0,0.0785000000000089,0.043499999999998096
2025-12-27 04:00:00,0.0,0.0,0.08750000000000213,0.06599999999999895
2025-12-27 05:00:00,0.0,0.0,0.10549999999999926,0.06600000000000605
2025-12-27 06:00:00,0.0,0.0,0.08650000000000446,0.0715000000000039
2025-12-27 07:00:00,0.0,0.0,0.10150000000000503,0.03100000000000591
2025-12-27 08:00:00,0.0,0.0,0.05150000000000077,0.129999999999999
2025-12-27 09:00:00,0.007124999999999382,0.0,0.597499999999998,0.0034999999999989484
2025-12-27 10:00:00,0.0,0.0,0.337499999999995,0.0015000000000000568
2025-12-27 11:00:00,0.0,0.0,0.1164999999999985,0.0990000000000002
2025-12-27 12:00:00,0.0,0.0,0.38249999999999673,0.023500000000002075
2025-12-27 13:00:00,0.0,0.0,0.07800000000000296,0.16899999999999693
2025-12-27 14:00:00,0.0,0.0,0.11749999999999616,0.2560000000000038
2025-12-27 15:00:00,0.01687499999999975,0.0,0.44350000000000167,0.03350000000000364
2025-12-27 16:00:00,0.0,0.0,0.017500000000001847,0.17950000000000088
2025-12-27 17:00:00,0.0,0.0,0.04600000000000293,0.23000000000000398
2025-12-27 18:00:00,0.0,0.00024999999999941735,0.0519999999999996,0.3809999999999988
2025-12-27 19:00:00,0.0,0.0,0.31899999999999196,0.031500000000001194
2025-12-27 20:00:00,0.0,0.0,0.014500000000001734,0.1839999999999975
2025-12-27 21:00:00,0.0,0.0,0.08250000000000668,0.11500000000000199
2025-12-27 22:00:00,0.0,0.0,0.0015000000000000568,0.40649999999999054
2025-12-27 23:00:00,0.0,0.0,0.17999999999999972,0.12250000000000583
2025-12-28 00:00:00,0.0,0.009124999999999162,0.08300000000001262,0.25099999999999556
2025-12-28 01:00:00,0.0,0.0,0.04450000000000287,0.09100000000000108
2025-12-28 02:00:00,0.0,0.0,0.1805000000000021,0.01600000000000179
2025-12-28 03:00:00,0.0,0.0,0.03249999999999531,0.08550000000000324
2025-12-28 04:00:00,0.0,0.0,0.059499999999999886,0.07600000000000406
2025-12-28 05:00:00,0.0,0.0,0.10349999999999682,0.07550000000000168
2025-12-28 06:00:00,0.0,0.0,0.02400000000000091,0.30550000000000566
2025-12-28 07:00:00,0.0,0.0,0.02850000000000108,0.10800000000000054
2025-12-28 08:00:00,0.0,0.0,0.03900000000000503,0.06549999999999301
2025-12-28 09:00:00,0.0,0.0,0.07250000000000512,0.0730000000000004
2025-12-28 10:00:00,0.0,0.0,0.0940000000000012,0.09449999999999648
2025-12-28 11:00:00,0.0,0.0,0.23749999999999716,0.049500000000001876
2025-12-28 12:00:00,0.0,0.0,0.25749999999999673,0.07250000000000156
2025-12-28 13:00:00,0.0,0.0,0.16249999999999432,0.04599999999999582
2025-12-28 14:00:00,0.0,0.0,0.1475000000000044,0.09400000000000475
2025-12-28 15:00:00,0.0,0.0,0.08850000000000335,0.08049999999999713
2025-12-28 16:00:00,0.0,0.0,0.021000000000000796,0.16450000000000742
2025-12-28 17:00:00,0.0,0.0,0.03049999999999997,0.12999999999999545
2025-12-28 18:00:00,0.0,0.0,0.04499999999999815,0.05250000000000199
2025-12-28 19:00:00,0.0,0.0,0.026499999999998636,0.14800000000000324
2025-12-28 20:00:00,0.0,0.0,0.08500000000000085,0.05100000000000193
2025-12-28 21:00:00,0.0,0.0,0.029999999999997584,0.09900000000000375
2025-12-28 22:00:00,0.0,0.0,0.09149999999999991,0.04650000000000176
2025-12-28 23:00:00,0.0,0.0,0.11950000000000216,0.08149999999999835
2025-12-29 00:00:00,0.0,0.0,0.059000000000004604,0.13699999999999335
2025-12-29 01:00:00,0.0,0.0,0.1784999999999961,0.03350000000000364
2025-12-29 02:00:00,0.0,0.0,0.021999999999998465,0.11149999999999949
2025-12-29 03:00:00,0.0,0.0,0.07900000000000418,0.02499999999999858
2025-12-29 04:00:00,0.0,0.0,0.15300000000000225,0.05950000000000344
2025-12-29 05:00:00,0.0,0.0,0.304500000000008,0.11050000000000537
2025-12-29 06:00:00,0.0,0.0,0.0540000000000056,0.24700000000000344
2025-12-29 07:00:00,0.0,0.0,0.19200000000000017,0.05500000000000327
2025-12-29 08:00:00,0.0,0.0,0.194500000000005,0.11150000000000304
2025-12-29 09:00:00,0.0,0.0,0.1264999999999965,0.08649999999999736
2025-12-29 10:00:00,0.0,0.0,0.018499999999999517,0.0919999999999952
2025-12-29 11:00:00,0.0,0.0,0.10600000000000165,0.03400000000000247
2025-12-29 12:00:00,0.0,0.0,0.014499999999998181,0.11799999999999855
2025-12-29 13:00:00,0.0,0.0,0.03450000000000486,0.08799999999999741
2025-12-29 14:00:00,0.0,0.0,0.15900000000000603,0.047500000000002984
2025-12-29 15:00:00,0.0,0.0,0.07850000000000534,0.0934999999999988
2025-12-29 16:00:00,0.0,0.0,0.06199999999999761,0.09800000000000608
2025-12-29 17:00:00,0.0,0.0,0.07700000000000173,0.09999999999999787
2025-12-29 18:00:00,0.0,0.0,0.24650000000000105,0.01850000000000307
2025-12-29 19:00:00,0.0,0.0,0.10699999999999932,0.1025000000000027
2025-12-29 20:00:00,0.0,0.0,0.054000000000002046,0.14350000000000307
2025-12-29 21:00:00,0.0,0.0,0.1314999999999955,0.06400000000000006
2025-12-29 22:00:00,0.0,0.0,0.10650000000000048,0.08149999999999835
2025-12-29 23:00:00,0.0,0.0,0.09649999999999537,0.09250000000000114
2025-12-30 00:00:00,0.0,0.0,0.2480000000000082,0.05699999999999861
2025-12-30 01:00:00,0.0,0.0,0.245000000000001,0.06700000000000017
2025-12-30 02:00:00,0.0,0.0,0.04600000000000648,0.11000000000000298
2025-12-30 03:00:00,0.0,0.0,0.01699999999999946,0.15199999999999747
2025-12-30 04:00:00,0.0,0.0,0.11650000000000915,0.016500000000004178
2025-12-30 05:00:00,0.0,0.0,0.2195000000000107,0.04449999999999932
2025-12-30 06:00:00,0.0,0.0,0.06149999999999878,0.14049999999999585
2025-12-30 07:00:00,0.0,0.0,0.022500000000000853,0.18200000000000216
2025-12-30 08:00:00,0.0,0.0,0.07500000000000284,0.05850000000000222
2025-12-30 09:00:00,0.0,0.0,0.008999999999996788,0.13550000000000395
2025-12-30 10:00:00,0.0,0.0,0.09149999999999991,0.055499999999991445
2025-12-30 11:00:00,0.0,0.0,0.021499999999996078,0.11149999999999949
2025-12-30 12:00:00,0.0,0.0,0.03849999999999909,0.11850000000000094
2025-12-30 13:00:00,0.0,0.0,0.12900000000000134,0.07750000000000057
2025-12-30 14:00:00,0.0,0.0,0.018499999999999517,0.13900000000000645
2025-12-30 15:00:00,0.0,0.0,0.07649999999999935,0.15249999999999986
2025-12-30 16:00:00,0.0,0.0,0.013500000000000512,0.1075000000000017
2025-12-30 17:00:00,0.0,0.0,0.27949999999999875,0.009499999999999176
2025-12-30 18:00:00,0.0,0.0,0.012500000000002842,0.14999999999999503
2025-12-30 19:00:00,0.0,0.0,0.0,0.2255000000000038
2025-12-30 20:00:00,0.0,0.0,0.009499999999999176,0.1545000000000023
2025-12-30 21:00:00,0.0,0.0,0.0,0.5765000000000065
2025-12-30 22:00:00,0.0,0.0,0.029000000000003467,0.13900000000000645
2025-12-30 23:00:00,0.0,0.0,0.12100000000000932,0.0045000000000001705
2025-12-31 00:00:00,0.0,0.0,0.019000000000001904,0.10649999999999693
2025-12-31 01:00:00,0.0,0.0,0.10050000000000736,0.019499999999997186
2025-12-31 02:00:00,0.0,0.0,0.06650000000000489,0.11600000000000321
2025-12-31 03:00:00,0.0,0.0,0.08250000000000668,0.014000000000002899
2025-12-31 04:00:00,0.0,0.0,0.054000000000002046,0.053500000000006764
2025-12-31 05:00:00,0.0,0.0,0.045999999999999375,0.11600000000000676
2025-12-31 06:00:00,0.0,0.0,0.05100000000000193,0.10099999999999554
2025-12-31 07:00:00,0.0,0.0,0.13950000000000173,0.03800000000000381
