datetime_utc,cf
2025-01-01T00:00:00Z,1.0
2025-01-01T01:00:00Z,1.0
2025-01-01T02:00:00Z,1.0
2025-01-01T03:00:00Z,1.0
2025-01-01T04:00:00Z,0.9993262809135031
2025-01-01T05:00:00Z,1.0
2025-01-01T06:00:00Z,1.0
2025-01-01T07:00:00Z,0.9977828036907346
2025-01-01T08:00:00Z,0.997506892384362
2025-01-01T09:00:00Z,0.9968474394132134
2025-01-01T10:00:00Z,0.9872855817654405
2025-01-01T11:00:00Z,0.9868703803199462
2025-01-01T12:00:00Z,0.9934966392640433
2025-01-01T13:00:00Z,0.9741028082866876
2025-01-01T14:00:00Z,0.884039105895704
2025-01-01T15:00:00Z,0.572130658602999
2025-01-01T16:00:00Z,0.19983839155374625
2025-01-01T17:00:00Z,0.11028745476833102
2025-01-01T18:00:00Z,0.19567001059206848
2025-01-01T19:00:00Z,0.17937393973927465
2025-01-01T20:00:00Z,0.1588889905316832
2025-01-01T21:00:00Z,0.15790317518595892
2025-01-01T22:00:00Z,0.19724444308437
2025-01-01T23:00:00Z,0.2188269797276808
2025-01-02T00:00:00Z,0.18123733555306462
2025-01-02T01:00:00Z,0.17899092279475437
2025-01-02T02:00:00Z,0.2368367294234454
2025-01-02T03:00:00Z,0.19671894840640808
2025-01-02T04:00:00Z,0.19247124514160782
2025-01-02T05:00:00Z,0.2416575016446137
2025-01-02T06:00:00Z,0.2643203853899498
2025-01-02T07:00:00Z,0.2478271197430122
2025-01-02T08:00:00Z,0.2433002205303809
2025-01-02T09:00:00Z,0.2287659080338602
2025-01-02T10:00:00Z,0.11192671148741604
2025-01-02T11:00:00Z,0.21143332076883933
2025-01-02T12:00:00Z,0.44669583076465635
2025-01-02T13:00:00Z,0.5611694323924045
2025-01-02T14:00:00Z,0.5930974535719178
2025-01-02T15:00:00Z,0.5911779944472255
2025-01-02T16:00:00Z,0.5236072357429332
2025-01-02T17:00:00Z,0.4109944614826591
2025-01-02T18:00:00Z,0.39543690489761396
2025-01-02T19:00:00Z,0.38164220570826735
2025-01-02T20:00:00Z,0.373375718224477
2025-01-02T21:00:00Z,0.35395665388204334
2025-01-02T22:00:00Z,0.18264006375533148
2025-01-02T23:00:00Z,0.13164703122396568
2025-01-03T00:00:00Z,0.15499324198366718
2025-01-03T01:00:00Z,0.42405174431383774
2025-01-03T02:00:00Z,0.5695702907813408
2025-01-03T03:00:00Z,0.8796558343167373
2025-01-03T04:00:00Z,1.0
2025-01-03T05:00:00Z,1.0
2025-01-03T06:00:00Z,0.9983183631708323
2025-01-03T07:00:00Z,0.7099018082800128
2025-01-03T08:00:00Z,0.9368417709055527
2025-01-03T09:00:00Z,0.9923163481530977
2025-01-03T10:00:00Z,0.7994698501740908
2025-01-03T11:00:00Z,0.43044973313141544
2025-01-03T12:00:00Z,0.8137664764411161
2025-01-03T13:00:00Z,1.0
2025-01-03T14:00:00Z,1.0
2025-01-03T15:00:00Z,0.9852202467879916
2025-01-03T16:00:00Z,0.9064823764246178
2025-01-03T17:00:00Z,0.8179159963189019
2025-01-03T18:00:00Z,0.6347908567129482
2025-01-03T19:00:00Z,0.42224360335069255
2025-01-03T20:00:00Z,0.2406145757505073
2025-01-03T21:00:00Z,0.15572432427331628
2025-01-03T22:00:00Z,0.08865363367682423
2025-01-03T23:00:00Z,0.056223652195814953
2025-01-04T00:00:00Z,0.05988929788876018
2025-01-04T01:00:00Z,0.08298113782322139
2025-01-04T02:00:00Z,0.15074920007877327
2025-01-04T03:00:00Z,0.25648576625703556
2025-01-04T04:00:00Z,0.36625826750665386
2025-01-04T05:00:00Z,0.46775597436858757
2025-01-04T06:00:00Z,0.5396606057471983
2025-01-04T07:00:00Z,0.531262180341738
2025-01-04T08:00:00Z,0.5310006155384546
2025-01-04T09:00:00Z,0.5540946433891131
2025-01-04T10:00:00Z,0.5491856030278682
2025-01-04T11:00:00Z,0.5479132573174151
2025-01-04T12:00:00Z,0.4927789190704965
2025-01-04T13:00:00Z,0.5016202205683998
2025-01-04T14:00:00Z,0.4234523679328845
2025-01-04T15:00:00Z,0.37170100809834183
2025-01-04T16:00:00Z,0.31624160483774705
2025-01-04T17:00:00Z,0.24809530887950637
2025-01-04T18:00:00Z,0.26982143982029655
2025-01-04T19:00:00Z,0.2705321802397758
2025-01-04T20:00:00Z,0.24495198183476946
2025-01-04T21:00:00Z,0.24457845189519684
2025-01-04T22:00:00Z,0.3237478413597656
2025-01-04T23:00:00Z,0.24294814622455285
2025-01-05T00:00:00Z,0.14615338931467325
2025-01-05T01:00:00Z,0.11791422752474268
2025-01-05T02:00:00Z,0.09279539531479918
2025-01-05T03:00:00Z,0.04889583491326614
2025-01-05T04:00:00Z,0.0009958841273489578
2025-01-05T05:00:00Z,0.0
2025-01-05T06:00:00Z,0.0
2025-01-05T07:00:00Z,0.0061766005662440004
2025-01-05T08:00:00Z,0.12365298832616745
2025-01-05T09:00:00Z,0.1687261342695447
2025-01-05T10:00:00Z,0.2007954705746549
2025-01-05T11:00:00Z,0.22258882916951023
2025-01-05T12:00:00Z,0.2181720280802777
2025-01-05T13:00:00Z,0.2870476932004825
2025-01-05T14:00:00Z,0.32914879452092083
2025-01-05T15:00:00Z,0.37281125763643597
2025-01-05T16:00:00Z,0.36312908708443514
2025-01-05T17:00:00Z,0.35521587671101224
2025-01-05T18:00:00Z,0.33115542246155394
2025-01-05T19:00:00Z,0.35445801112853814
2025-01-05T20:00:00Z,0.41473203356646254
2025-01-05T21:00:00Z,0.49770108714513545
2025-01-05T22:00:00Z,0.5953763599172813
2025-01-05T23:00:00Z,0.608399084093979
2025-01-06T00:00:00Z,0.7084373567655686
2025-01-06T01:00:00Z,0.712559559602744
2025-01-06T02:00:00Z,0.8342664641550133
2025-01-06T03:00:00Z,0.9023663311450837
2025-01-06T04:00:00Z,0.9678699390956986
2025-01-06T05:00:00Z,0.9798673135213515
2025-01-06T06:00:00Z,0.9968810703452196
2025-01-06T07:00:00Z,0.997044129882423
2025-01-06T08:00:00Z,0.9980960721188242
2025-01-06T09:00:00Z,0.9981348494962863
2025-01-06T10:00:00Z,0.9983414076328777
2025-01-06T11:00:00Z,0.9970027577258012
2025-01-06T12:00:00Z,0.9967588405279186
2025-01-06T13:00:00Z,0.984557616252331
2025-01-06T14:00:00Z,0.9789250164950725
2025-01-06T15:00:00Z,0.9776558342443732
2025-01-06T16:00:00Z,0.9691438751307103
2025-01-06T17:00:00Z,0.9056715955951483
2025-01-06T18:00:00Z,0.8890185905540505
2025-01-06T19:00:00Z,0.9696259540981007
2025-01-06T20:00:00Z,0.9967348397379691
2025-01-06T21:00:00Z,1.0
2025-01-06T22:00:00Z,1.0
2025-01-06T23:00:00Z,1.0
2025-01-07T00:00:00Z,1.0
2025-01-07T01:00:00Z,1.0
2025-01-07T02:00:00Z,1.0
2025-01-07T03:00:00Z,1.0
2025-01-07T04:00:00Z,1.0
2025-01-07T05:00:00Z,1.0
2025-01-07T06:00:00Z,1.0
2025-01-07T07:00:00Z,1.0
2025-01-07T08:00:00Z,1.0
2025-01-07T09:00:00Z,1.0
2025-01-07T10:00:00Z,1.0
2025-01-07T11:00:00Z,1.0
2025-01-07T12:00:00Z,1.0
2025-01-07T13:00:00Z,1.0
2025-01-07T14:00:00Z,1.0
2025-01-07T15:00:00Z,1.0
2025-01-07T16:00:00Z,1.0
2025-01-07T17:00:00Z,1.0
2025-01-07T18:00:00Z,1.0
2025-01-07T19:00:00Z,1.0
2025-01-07T20:00:00Z,1.0
2025-01-07T21:00:00Z,1.0
2025-01-07T22:00:00Z,1.0
2025-01-07T23:00:00Z,1.0
2025-01-08T00:00:00Z,1.0
2025-01-08T01:00:00Z,1.0
2025-01-08T02:00:00Z,1.0
2025-01-08T03:00:00Z,1.0
2025-01-08T04:00:00Z,1.0
2025-01-08T05:00:00Z,0.9984657947006106
2025-01-08T06:00:00Z,0.9782827625463663
2025-01-08T07:00:00Z,0.8847366731942504
2025-01-08T08:00:00Z,0.5453145226123723
2025-01-08T09:00:00Z,0.43034918483343965
2025-01-08T10:00:00Z,0.2434993446590705
2025-01-08T11:00:00Z,0.2961384548038206
2025-01-08T12:00:00Z,0.2741809746916649
2025-01-08T13:00:00Z,0.34969793394261633
2025-01-08T14:00:00Z,0.32526547307675074
2025-01-08T15:00:00Z,0.4100873714789557
2025-01-08T16:00:00Z,0.4549454353283597
2025-01-08T17:00:00Z,0.5943675668930936
2025-01-08T18:00:00Z,0.6003237841287681
2025-01-08T19:00:00Z,0.490114825434164
2025-01-08T20:00:00Z,0.4729259348694716
2025-01-08T21:00:00Z,0.45801232875810727
2025-01-08T22:00:00Z,0.45188633530477884
2025-01-08T23:00:00Z,0.5858814858998233
2025-01-09T00:00:00Z,0.72446279310602
2025-01-09T01:00:00Z,0.7467257839744771
2025-01-09T02:00:00Z,0.5583518645850079
2025-01-09T03:00:00Z,0.3930003795000208
2025-01-09T04:00:00Z,0.27705759344840514
2025-01-09T05:00:00Z,0.19870355992621058
2025-01-09T06:00:00Z,0.1187344413389321
2025-01-09T07:00:00Z,0.07571087138300961
2025-01-09T08:00:00Z,0.043154715759683465
2025-01-09T09:00:00Z,0.008385779424786839
2025-01-09T10:00:00Z,0.0014559860347785007
2025-01-09T11:00:00Z,0.0015203473998828207
2025-01-09T12:00:00Z,0.0009195599244748947
2025-01-09T13:00:00Z,0.00028340441613602235
2025-01-09T14:00:00Z,0.0
2025-01-09T15:00:00Z,0.0003145694207974617
2025-01-09T16:00:00Z,0.0012457142212262732
2025-01-09T17:00:00Z,0.0045062896158078675
2025-01-09T18:00:00Z,0.0014461892036753017
2025-01-09T19:00:00Z,0.00123349363089218
2025-01-09T20:00:00Z,0.0033402011391144774
2025-01-09T21:00:00Z,0.030608880323940945
2025-01-09T22:00:00Z,0.05895446515754868
2025-01-09T23:00:00Z,0.041578231037834215
2025-01-10T00:00:00Z,0.033859751628580216
2025-01-10T01:00:00Z,0.04530782922076543
2025-01-10T02:00:00Z,0.07207371720728462
2025-01-10T03:00:00Z,0.08410485438132077
2025-01-10T04:00:00Z,0.137550697041521
2025-01-10T05:00:00Z,0.183790441361659
2025-01-10T06:00:00Z,0.23583351686890458
2025-01-10T07:00:00Z,0.26889884807994047
2025-01-10T08:00:00Z,0.3165977354507097
2025-01-10T09:00:00Z,0.3962170585836553
2025-01-10T10:00:00Z,0.4796332854575418
2025-01-10T11:00:00Z,0.4128347317313051
2025-01-10T12:00:00Z,0.3658228453592158
2025-01-10T13:00:00Z,0.3169347208047409
2025-01-10T14:00:00Z,0.4070265516381027
2025-01-10T15:00:00Z,0.44183308580735287
2025-01-10T16:00:00Z,0.41929672083802033
2025-01-10T17:00:00Z,0.47919063889016245
2025-01-10T18:00:00Z,0.5566538880946029
2025-01-10T19:00:00Z,0.581362537059839
2025-01-10T20:00:00Z,0.5898040793156101
2025-01-10T21:00:00Z,0.6088903903284885
2025-01-10T22:00:00Z,0.6517432079627583
2025-01-10T23:00:00Z,0.6961079304453126
2025-01-11T00:00:00Z,0.6663741872402008
2025-01-11T01:00:00Z,0.7223580584888076
2025-01-11T02:00:00Z,0.8391549539644959
2025-01-11T03:00:00Z,0.8681461996829607
2025-01-11T04:00:00Z,0.8741118336023286
2025-01-11T05:00:00Z,0.8852602698905075
2025-01-11T06:00:00Z,0.8841585920815309
2025-01-11T07:00:00Z,0.8910929937548615
2025-01-11T08:00:00Z,0.9081477252849205
2025-01-11T09:00:00Z,0.8913878446141513
2025-01-11T10:00:00Z,0.9528178852233515
2025-01-11T11:00:00Z,0.7375575709458402
2025-01-11T12:00:00Z,0.6682238279962385
2025-01-11T13:00:00Z,0.8333101229615905
2025-01-11T14:00:00Z,0.7539897159768959
2025-01-11T15:00:00Z,0.6520227804247781
2025-01-11T16:00:00Z,0.5865252278367213
2025-01-11T17:00:00Z,0.5280634335006266
2025-01-11T18:00:00Z,0.46085982284077953
2025-01-11T19:00:00Z,0.4030544535347437
2025-01-11T20:00:00Z,0.33708621912588366
2025-01-11T21:00:00Z,0.2972919373913632
2025-01-11T22:00:00Z,0.28413667335484755
2025-01-11T23:00:00Z,0.23441873230928686
2025-01-12T00:00:00Z,0.22334627350167433
2025-01-12T01:00:00Z,0.20862920990988615
2025-01-12T02:00:00Z,0.20375903176655397
2025-01-12T03:00:00Z,0.20318979860077066
2025-01-12T04:00:00Z,0.20588885436923166
2025-01-12T05:00:00Z,0.20057711626333555
2025-01-12T06:00:00Z,0.17764048658138867
2025-01-12T07:00:00Z,0.1619161357593697
2025-01-12T08:00:00Z,0.14931590988430002
2025-01-12T09:00:00Z,0.1247338727735848
2025-01-12T10:00:00Z,0.11513213920681702
2025-01-12T11:00:00Z,0.0935359047789142
2025-01-12T12:00:00Z,0.08398391739738018
2025-01-12T13:00:00Z,0.045535538332056445
2025-01-12T14:00:00Z,0.03680604568384733
2025-01-12T15:00:00Z,0.012611551954027484
2025-01-12T16:00:00Z,0.0005605427816107131
2025-01-12T17:00:00Z,0.0
2025-01-12T18:00:00Z,0.0
2025-01-12T19:00:00Z,0.0
2025-01-12T20:00:00Z,0.0
2025-01-12T21:00:00Z,0.02582628716343268
2025-01-12T22:00:00Z,0.07888541976374641
2025-01-12T23:00:00Z,0.09145692383433308
2025-01-13T00:00:00Z,0.17167468576849249
2025-01-13T01:00:00Z,0.24451767428037594
2025-01-13T02:00:00Z,0.23970140324632047
2025-01-13T03:00:00Z,0.2881147331235768
2025-01-13T04:00:00Z,0.33106531825837204
2025-01-13T05:00:00Z,0.37988548028180025
2025-01-13T06:00:00Z,0.46592714086439363
2025-01-13T07:00:00Z,0.5901623742791259
2025-01-13T08:00:00Z,0.7124286921849532
2025-01-13T09:00:00Z,0.7871923546987273
2025-01-13T10:00:00Z,0.8489303747440705
2025-01-13T11:00:00Z,0.8465865099322892
2025-01-13T12:00:00Z,0.8464985134575093
2025-01-13T13:00:00Z,0.9008390604073003
2025-01-13T14:00:00Z,0.95311593787537
2025-01-13T15:00:00Z,0.9488099203324175
2025-01-13T16:00:00Z,0.9447900416928247
2025-01-13T17:00:00Z,0.8974516797929721
2025-01-13T18:00:00Z,0.85057393173351
2025-01-13T19:00:00Z,0.8614666976925182
2025-01-13T20:00:00Z,0.8839249440396632
2025-01-13T21:00:00Z,0.9091239202955662
2025-01-13T22:00:00Z,0.7770453074785088
2025-01-13T23:00:00Z,0.8405090436021256
2025-01-14T00:00:00Z,0.8841948264906755
2025-01-14T01:00:00Z,0.9009719703502526
2025-01-14T02:00:00Z,0.9474851166558323
2025-01-14T03:00:00Z,0.9732397253952421
2025-01-14T04:00:00Z,0.9782687807273228
2025-01-14T05:00:00Z,0.9787878264710487
2025-01-14T06:00:00Z,0.9700879560637091
2025-01-14T07:00:00Z,0.9714009895432109
2025-01-14T08:00:00Z,0.9649306331786022
2025-01-14T09:00:00Z,0.9053147440243386
2025-01-14T10:00:00Z,0.7357682406609123
2025-01-14T11:00:00Z,0.736203917019088
2025-01-14T12:00:00Z,0.7461109947612867
2025-01-14T13:00:00Z,0.8478171585008151
2025-01-14T14:00:00Z,0.9070740589827964
2025-01-14T15:00:00Z,0.9457634322591193
2025-01-14T16:00:00Z,0.9261771455365725
2025-01-14T17:00:00Z,0.8644557910734768
2025-01-14T18:00:00Z,0.7355979667934207
2025-01-14T19:00:00Z,0.6039920358777566
2025-01-14T20:00:00Z,0.539000819831052
2025-01-14T21:00:00Z,0.4194048862704404
2025-01-14T22:00:00Z,0.27568231352064687
2025-01-14T23:00:00Z,0.18667140657393114
2025-01-15T00:00:00Z,0.13882281553914996
2025-01-15T01:00:00Z,0.1295462758182301
2025-01-15T02:00:00Z,0.1212902176486045
2025-01-15T03:00:00Z,0.0765639639522598
2025-01-15T04:00:00Z,0.01576828032938836
2025-01-15T05:00:00Z,0.0008339278654167711
2025-01-15T06:00:00Z,1.1574672448002182e-06
2025-01-15T07:00:00Z,0.0
2025-01-15T08:00:00Z,0.0
2025-01-15T09:00:00Z,0.0
2025-01-15T10:00:00Z,0.043712240373416436
2025-01-15T11:00:00Z,0.0795615116323827
2025-01-15T12:00:00Z,0.09464260710879935
2025-01-15T13:00:00Z,0.1018223505476259
2025-01-15T14:00:00Z,0.1338109717704942
2025-01-15T15:00:00Z,0.14352286812601708
2025-01-15T16:00:00Z,0.15546830453733607
2025-01-15T17:00:00Z,0.20532573996813971
2025-01-15T18:00:00Z,0.2376197902691717
2025-01-15T19:00:00Z,0.3489493109181586
2025-01-15T20:00:00Z,0.41549944163958236
2025-01-15T21:00:00Z,0.4080737515151562
2025-01-15T22:00:00Z,0.33671554456152536
2025-01-15T23:00:00Z,0.2995938828202034
2025-01-16T00:00:00Z,0.3247413973649223
2025-01-16T01:00:00Z,0.32775861740398887
2025-01-16T02:00:00Z,0.4024798944545193
2025-01-16T03:00:00Z,0.5014416623005845
2025-01-16T04:00:00Z,0.5201228390071398
2025-01-16T05:00:00Z,0.5075766488043231
2025-01-16T06:00:00Z,0.5237791236462516
2025-01-16T07:00:00Z,0.5780138679931741
2025-01-16T08:00:00Z,0.5657767823194303
2025-01-16T09:00:00Z,0.4917829343470968
2025-01-16T10:00:00Z,0.31361869623384697
2025-01-16T11:00:00Z,0.33228088126024147
2025-01-16T12:00:00Z,0.3513483481127315
2025-01-16T13:00:00Z,0.34685149256338554
2025-01-16T14:00:00Z,0.42012098472711085
2025-01-16T15:00:00Z,0.4371231779862037
2025-01-16T16:00:00Z,0.45282309102021173
2025-01-16T17:00:00Z,0.49939830934747736
2025-01-16T18:00:00Z,0.5099123691701568
2025-01-16T19:00:00Z,0.5230781048074096
2025-01-16T20:00:00Z,0.5560405411270419
2025-01-16T21:00:00Z,0.5686330468391523
2025-01-16T22:00:00Z,0.41014360748781614
2025-01-16T23:00:00Z,0.46416720403135614
2025-01-17T00:00:00Z,0.4818947820955859
2025-01-17T01:00:00Z,0.4942078780181893
2025-01-17T02:00:00Z,0.4562208388717409
2025-01-17T03:00:00Z,0.41534441217555174
2025-01-17T04:00:00Z,0.3822245888818808
2025-01-17T05:00:00Z,0.3792721536364288
2025-01-17T06:00:00Z,0.3711143883245849
2025-01-17T07:00:00Z,0.39128387451219043
2025-01-17T08:00:00Z,0.42606954277881615
2025-01-17T09:00:00Z,0.45611961739283013
2025-01-17T10:00:00Z,0.29874208151447096
2025-01-17T11:00:00Z,0.45113503720443265
2025-01-17T12:00:00Z,0.434471339222918
2025-01-17T13:00:00Z,0.5188803442718648
2025-01-17T14:00:00Z,0.5401761423046273
2025-01-17T15:00:00Z,0.6489262038082552
2025-01-17T16:00:00Z,0.6684870671884504
2025-01-17T17:00:00Z,0.7324338756362012
2025-01-17T18:00:00Z,0.7235708311767134
2025-01-17T19:00:00Z,0.7935360200860758
2025-01-17T20:00:00Z,0.7989401112021438
2025-01-17T21:00:00Z,0.7891532576686553
2025-01-17T22:00:00Z,0.4632842045124929
2025-01-17T23:00:00Z,0.5233572881811022
2025-01-18T00:00:00Z,0.5425885057826246
2025-01-18T01:00:00Z,0.46288638167249385
2025-01-18T02:00:00Z,0.4175923107516292
2025-01-18T03:00:00Z,0.423244394277643
2025-01-18T04:00:00Z,0.39777256042881004
2025-01-18T05:00:00Z,0.3758285849685191
2025-01-18T06:00:00Z,0.3433175714327144
2025-01-18T07:00:00Z,0.31744661544549724
2025-01-18T08:00:00Z,0.24941199261682576
2025-01-18T09:00:00Z,0.1905066968842853
2025-01-18T10:00:00Z,0.07937435824319823
2025-01-18T11:00:00Z,0.06542336503498734
2025-01-18T12:00:00Z,0.053902660360527314
2025-01-18T13:00:00Z,0.07382860726752756
2025-01-18T14:00:00Z,0.11080661645477499
2025-01-18T15:00:00Z,0.16979145806286117
2025-01-18T16:00:00Z,0.17894673744418182
2025-01-18T17:00:00Z,0.17586636243455642
2025-01-18T18:00:00Z,0.18494210563931845
2025-01-18T19:00:00Z,0.17154876924694354
2025-01-18T20:00:00Z,0.15552004410939796
2025-01-18T21:00:00Z,0.15324462393303953
2025-01-18T22:00:00Z,0.08946169070194161
2025-01-18T23:00:00Z,0.0888104688355745
2025-01-19T00:00:00Z,0.07830549557261911
2025-01-19T01:00:00Z,0.06485782654660253
2025-01-19T02:00:00Z,0.0819025349755966
2025-01-19T03:00:00Z,0.10034415356905899
2025-01-19T04:00:00Z,0.12342757812132156
2025-01-19T05:00:00Z,0.12997714495320672
2025-01-19T06:00:00Z,0.118481281571353
2025-01-19T07:00:00Z,0.09863195915061236
2025-01-19T08:00:00Z,0.08411015409370044
2025-01-19T09:00:00Z,0.11758605696883064
2025-01-19T10:00:00Z,0.04129390263339547
2025-01-19T11:00:00Z,0.030674740354586155
2025-01-19T12:00:00Z,0.026227285458309463
2025-01-19T13:00:00Z,0.025831941675422715
2025-01-19T14:00:00Z,0.009860575090800875
2025-01-19T15:00:00Z,0.0013041670118306631
2025-01-19T16:00:00Z,0.0011486923231722132
2025-01-19T17:00:00Z,0.00039148379825230777
2025-01-19T18:00:00Z,0.0007340355369602874
2025-01-19T19:00:00Z,0.018773357719080414
2025-01-19T20:00:00Z,0.03392300760884474
2025-01-19T21:00:00Z,0.03885509964227639
2025-01-19T22:00:00Z,0.048774407081199324
2025-01-19T23:00:00Z,0.05530076022058583
2025-01-20T00:00:00Z,0.053529594258659885
2025-01-20T01:00:00Z,0.03866084883601361
2025-01-20T02:00:00Z,0.03742506004267565
2025-01-20T03:00:00Z,0.06210182259232644
2025-01-20T04:00:00Z,0.09187577747202771
2025-01-20T05:00:00Z,0.13773302244275168
2025-01-20T06:00:00Z,0.1533334676968358
2025-01-20T07:00:00Z,0.16286970649101826
2025-01-20T08:00:00Z,0.1865697159895412
2025-01-20T09:00:00Z,0.1930559093248425
2025-01-20T10:00:00Z,0.17065208335242715
2025-01-20T11:00:00Z,0.16944920917026865
2025-01-20T12:00:00Z,0.15812483805387645
2025-01-20T13:00:00Z,0.15627398434829223
2025-01-20T14:00:00Z,0.16761921569001198
2025-01-20T15:00:00Z,0.1951448352388766
2025-01-20T16:00:00Z,0.22592252039753227
2025-01-20T17:00:00Z,0.2475688524929683
2025-01-20T18:00:00Z,0.263399466286241
2025-01-20T19:00:00Z,0.27680872359337105
2025-01-20T20:00:00Z,0.2697590410652093
2025-01-20T21:00:00Z,0.2508924209805441
2025-01-20T22:00:00Z,0.22763304239178678
2025-01-20T23:00:00Z,0.19620571860821107
2025-01-21T00:00:00Z,0.1363818323883733
2025-01-21T01:00:00Z,0.12553266335690547
2025-01-21T02:00:00Z,0.08359622330906208
2025-01-21T03:00:00Z,0.04765341628060288
2025-01-21T04:00:00Z,0.052609504410139035
2025-01-21T05:00:00Z,0.06596482909527833
2025-01-21T06:00:00Z,0.05619173756552402
2025-01-21T07:00:00Z,0.06622726469176925
2025-01-21T08:00:00Z,0.10521950162814649
2025-01-21T09:00:00Z,0.15923329086004123
2025-01-21T10:00:00Z,0.17727474653168643
2025-01-21T11:00:00Z,0.19468244219687536
2025-01-21T12:00:00Z,0.2114112270646193
2025-01-21T13:00:00Z,0.22440787029747492
2025-01-21T14:00:00Z,0.26795324340203824
2025-01-21T15:00:00Z,0.2750959520415415
2025-01-21T16:00:00Z,0.25918989049534297
2025-01-21T17:00:00Z,0.2696242948819771
2025-01-21T18:00:00Z,0.2803746862498083
2025-01-21T19:00:00Z,0.326980407775081
2025-01-21T20:00:00Z,0.404063178917289
2025-01-21T21:00:00Z,0.43270292444633884
2025-01-21T22:00:00Z,0.30413079326845915
2025-01-21T23:00:00Z,0.40109808902684074
2025-01-22T00:00:00Z,0.35947531977108194
2025-01-22T01:00:00Z,0.2950112527506348
2025-01-22T02:00:00Z,0.29251923225438714
2025-01-22T03:00:00Z,0.3043763386499269
2025-01-22T04:00:00Z,0.29268501352045206
2025-01-22T05:00:00Z,0.22840158691392468
2025-01-22T06:00:00Z,0.20924386363968792
2025-01-22T07:00:00Z,0.1854120891728391
2025-01-22T08:00:00Z,0.19535750550681494
2025-01-22T09:00:00Z,0.24256936509796184
2025-01-22T10:00:00Z,0.20700489777484657
2025-01-22T11:00:00Z,0.25620564140057916
2025-01-22T12:00:00Z,0.2307805624984262
2025-01-22T13:00:00Z,0.2778643516616322
2025-01-22T14:00:00Z,0.3016540565530339
2025-01-22T15:00:00Z,0.2103099561116756
2025-01-22T16:00:00Z,0.12394200928056205
2025-01-22T17:00:00Z,0.11172453365199017
2025-01-22T18:00:00Z,0.13038614295914408
2025-01-22T19:00:00Z,0.18248257856437128
2025-01-22T20:00:00Z,0.20227677687616005
2025-01-22T21:00:00Z,0.2684119018687322
2025-01-22T22:00:00Z,0.3041469993677482
2025-01-22T23:00:00Z,0.4012809045824053
2025-01-23T00:00:00Z,0.46595262444773505
2025-01-23T01:00:00Z,0.4690687737189599
2025-01-23T02:00:00Z,0.44757132485130624
2025-01-23T03:00:00Z,0.39491905288568874
2025-01-23T04:00:00Z,0.3628093235633498
2025-01-23T05:00:00Z,0.3686380073287121
2025-01-23T06:00:00Z,0.3695487368992544
2025-01-23T07:00:00Z,0.39364574851780926
2025-01-23T08:00:00Z,0.35267415559577886
2025-01-23T09:00:00Z,0.3693561075140875
2025-01-23T10:00:00Z,0.4191745252841895
2025-01-23T11:00:00Z,0.41336058748667576
2025-01-23T12:00:00Z,0.3890252878269675
2025-01-23T13:00:00Z,0.3621648938561959
2025-01-23T14:00:00Z,0.29995933730505214
2025-01-23T15:00:00Z,0.4271472413525091
2025-01-23T16:00:00Z,0.5612519696439434
2025-01-23T17:00:00Z,0.651293045896233
2025-01-23T18:00:00Z,0.7678095359322349
2025-01-23T19:00:00Z,0.8770783865959448
2025-01-23T20:00:00Z,0.8860444619663548
2025-01-23T21:00:00Z,0.6558502643485352
2025-01-23T22:00:00Z,0.48306526529396887
2025-01-23T23:00:00Z,0.4928890400036705
2025-01-24T00:00:00Z,0.5991748407574764
2025-01-24T01:00:00Z,0.6428137845055143
2025-01-24T02:00:00Z,0.6055258421810139
2025-01-24T03:00:00Z,0.699180293615672
2025-01-24T04:00:00Z,0.6664383729029753
2025-01-24T05:00:00Z,0.6182192554075505
2025-01-24T06:00:00Z,0.6524252486064204
2025-01-24T07:00:00Z,0.6769630546182444
2025-01-24T08:00:00Z,0.8116941080927603
2025-01-24T09:00:00Z,0.8836995835466213
2025-01-24T10:00:00Z,0.8765716736838328
2025-01-24T11:00:00Z,0.9453103950054249
2025-01-24T12:00:00Z,0.9678372503168661
2025-01-24T13:00:00Z,0.9902939634306391
2025-01-24T14:00:00Z,0.9977394529538628
2025-01-24T15:00:00Z,1.0
2025-01-24T16:00:00Z,1.0
2025-01-24T17:00:00Z,1.0
2025-01-24T18:00:00Z,1.0
2025-01-24T19:00:00Z,1.0
2025-01-24T20:00:00Z,1.0
2025-01-24T21:00:00Z,0.9991805318016757
2025-01-24T22:00:00Z,1.0
2025-01-24T23:00:00Z,1.0
2025-01-25T00:00:00Z,1.0
2025-01-25T01:00:00Z,0.9994566256719594
2025-01-25T02:00:00Z,1.0
2025-01-25T03:00:00Z,1.0
2025-01-25T04:00:00Z,0.9993528103569038
2025-01-25T05:00:00Z,0.9979621885203479
2025-01-25T06:00:00Z,0.9973798712675523
2025-01-25T07:00:00Z,0.9916769792951856
2025-01-25T08:00:00Z,0.9783730632030883
2025-01-25T09:00:00Z,0.9619230833322922
2025-01-25T10:00:00Z,0.9195124544919856
2025-01-25T11:00:00Z,0.8653455068660376
2025-01-25T12:00:00Z,0.8656431644764162
2025-01-25T13:00:00Z,0.8458163046841021
2025-01-25T14:00:00Z,0.8755084616328186
2025-01-25T15:00:00Z,0.7785606693139145
2025-01-25T16:00:00Z,0.72099670930851
2025-01-25T17:00:00Z,0.7348762569390442
2025-01-25T18:00:00Z,0.7684692108215438
2025-01-25T19:00:00Z,0.8517479449417775
2025-01-25T20:00:00Z,0.9328882516529353
2025-01-25T21:00:00Z,0.9683812900497712
2025-01-25T22:00:00Z,0.9017548760685091
2025-01-25T23:00:00Z,0.6452956382500581
2025-01-26T00:00:00Z,0.5098939167095409
2025-01-26T01:00:00Z,0.4492345316200735
2025-01-26T02:00:00Z,0.3430502006257082
2025-01-26T03:00:00Z,0.2576640768357616
2025-01-26T04:00:00Z,0.27992118717501746
2025-01-26T05:00:00Z,0.2892680082248295
2025-01-26T06:00:00Z,0.23702559431431822
2025-01-26T07:00:00Z,0.22076614601160102
2025-01-26T08:00:00Z,0.12529132734695747
2025-01-26T09:00:00Z,0.0501355853223599
2025-01-26T10:00:00Z,0.0012328237878768322
2025-01-26T11:00:00Z,0.006679557704159278
2025-01-26T12:00:00Z,0.012950792945689335
2025-01-26T13:00:00Z,0.0011096458594858113
2025-01-26T14:00:00Z,0.0013134933973702595
2025-01-26T15:00:00Z,0.024699282276791943
2025-01-26T16:00:00Z,0.05182637874700614
2025-01-26T17:00:00Z,0.07613627586556257
2025-01-26T18:00:00Z,0.08790743195560846
2025-01-26T19:00:00Z,0.08544567545696664
2025-01-26T20:00:00Z,0.09523439572777276
2025-01-26T21:00:00Z,0.11086306744255006
2025-01-26T22:00:00Z,0.1202716950051416
2025-01-26T23:00:00Z,0.13612467739357428
2025-01-27T00:00:00Z,0.14089597116358418
2025-01-27T01:00:00Z,0.16815699771738823
2025-01-27T02:00:00Z,0.20819437881102731
2025-01-27T03:00:00Z,0.24081710699704464
2025-01-27T04:00:00Z,0.2800987409634326
2025-01-27T05:00:00Z,0.33492332914656064
2025-01-27T06:00:00Z,0.4776054394895857
2025-01-27T07:00:00Z,0.5703586181470626
2025-01-27T08:00:00Z,0.675506820078939
2025-01-27T09:00:00Z,0.875087310398549
2025-01-27T10:00:00Z,0.7692074357422204
2025-01-27T11:00:00Z,0.8832846625492449
2025-01-27T12:00:00Z,0.9604230652636551
2025-01-27T13:00:00Z,0.9383882318538546
2025-01-27T14:00:00Z,0.9771554063626926
2025-01-27T15:00:00Z,0.9849398643212433
2025-01-27T16:00:00Z,0.9142951366369578
2025-01-27T17:00:00Z,0.7736860000291573
2025-01-27T18:00:00Z,0.7529455123724746
2025-01-27T19:00:00Z,0.7304536545980141
2025-01-27T20:00:00Z,0.7364699975119411
2025-01-27T21:00:00Z,0.6062791389628397
2025-01-27T22:00:00Z,0.5703972089528765
2025-01-27T23:00:00Z,0.5862126203894977
2025-01-28T00:00:00Z,0.6755611767306423
2025-01-28T01:00:00Z,0.6405562059847248
2025-01-28T02:00:00Z,0.6015622177481517
2025-01-28T03:00:00Z,0.5544689675846985
2025-01-28T04:00:00Z,0.529475219025421
2025-01-28T05:00:00Z,0.5243771848609742
2025-01-28T06:00:00Z,0.43644894881593393
2025-01-28T07:00:00Z,0.41260554083007533
2025-01-28T08:00:00Z,0.5128360157625025
2025-01-28T09:00:00Z,0.3355612590946436
2025-01-28T10:00:00Z,0.12408876150384436
2025-01-28T11:00:00Z,0.16634245120996397
2025-01-28T12:00:00Z,0.23577182301128913
2025-01-28T13:00:00Z,0.11237262623189302
2025-01-28T14:00:00Z,0.16050417175824622
2025-01-28T15:00:00Z,0.2141618019142428
2025-01-28T16:00:00Z,0.18038803971495485
2025-01-28T17:00:00Z,0.17669132479557223
2025-01-28T18:00:00Z,0.18278902852219328
2025-01-28T19:00:00Z,0.13332792641286104
2025-01-28T20:00:00Z,0.1333960911110347
2025-01-28T21:00:00Z,0.12711617847337328
2025-01-28T22:00:00Z,0.09751836714568546
2025-01-28T23:00:00Z,0.07348354770976293
2025-01-29T00:00:00Z,0.0761640712609479
2025-01-29T01:00:00Z,0.09659443947227435
2025-01-29T02:00:00Z,0.1196849854737695
2025-01-29T03:00:00Z,0.10329339469553815
2025-01-29T04:00:00Z,0.07416326648612091
2025-01-29T05:00:00Z,0.051150665019061195
2025-01-29T06:00:00Z,0.0436889677634537
2025-01-29T07:00:00Z,0.02914801674889262
2025-01-29T08:00:00Z,0.0012493125983466281
2025-01-29T09:00:00Z,0.0
2025-01-29T10:00:00Z,0.0
2025-01-29T11:00:00Z,0.0
2025-01-29T12:00:00Z,0.0
2025-01-29T13:00:00Z,0.0
2025-01-29T14:00:00Z,0.0
2025-01-29T15:00:00Z,0.0
2025-01-29T16:00:00Z,0.0
2025-01-29T17:00:00Z,0.0
2025-01-29T18:00:00Z,0.0
2025-01-29T19:00:00Z,0.0
2025-01-29T20:00:00Z,0.00047601235794833574
2025-01-29T21:00:00Z,0.0009731553351649366
2025-01-29T22:00:00Z,0.0005146825299387332
2025-01-29T23:00:00Z,0.0
2025-01-30T00:00:00Z,0.0
2025-01-30T01:00:00Z,0.0
2025-01-30T02:00:00Z,0.0
2025-01-30T03:00:00Z,0.0
2025-01-30T04:00:00Z,0.0
2025-01-30T05:00:00Z,0.0003626874271124713
2025-01-30T06:00:00Z,0.0033318585232766456
2025-01-30T07:00:00Z,0.060710141658528685
2025-01-30T08:00:00Z,0.08510446518580907
2025-01-30T09:00:00Z,0.08175934800452318
2025-01-30T10:00:00Z,0.08527660775573734
2025-01-30T11:00:00Z,0.09486090783285347
2025-01-30T12:00:00Z,0.08709544706874894
2025-01-30T13:00:00Z,0.07407926943402089
2025-01-30T14:00:00Z,0.0590736747386601
2025-01-30T15:00:00Z,0.03484812422917221
2025-01-30T16:00:00Z,0.022792358361754732
2025-01-30T17:00:00Z,0.033886457989783764
2025-01-30T18:00:00Z,0.09860401726685246
2025-01-30T19:00:00Z,0.2558254394778991
2025-01-30T20:00:00Z,0.35903233405602397
2025-01-30T21:00:00Z,0.27790110511595006
2025-01-30T22:00:00Z,0.15955718358641927
2025-01-30T23:00:00Z,0.1077809853654778
2025-01-31T00:00:00Z,0.12307158221051089
2025-01-31T01:00:00Z,0.1367387060912546
2025-01-31T02:00:00Z,0.14792330419195387
2025-01-31T03:00:00Z,0.1606372624545403
2025-01-31T04:00:00Z,0.12250626533577776
2025-01-31T05:00:00Z,0.08123979210035302
2025-01-31T06:00:00Z,0.07341535959221028
2025-01-31T07:00:00Z,0.08253600387114582
2025-01-31T08:00:00Z,0.0752047668514275
2025-01-31T09:00:00Z,0.04835818214916257
2025-01-31T10:00:00Z,0.06084168448725826
2025-01-31T11:00:00Z,0.02570886506506364
2025-01-31T12:00:00Z,0.037590539388455635
2025-01-31T13:00:00Z,0.03997242913805397
2025-01-31T14:00:00Z,0.0377530886940795
2025-01-31T15:00:00Z,0.08485724048051185
2025-01-31T16:00:00Z,0.11810969932653588
2025-01-31T17:00:00Z,0.13037940489590763
2025-01-31T18:00:00Z,0.11370368114634964
2025-01-31T19:00:00Z,0.08415542374131468
2025-01-31T20:00:00Z,0.028680243885144126
2025-01-31T21:00:00Z,0.001520388623050419
2025-01-31T22:00:00Z,0.028509779701704645
2025-01-31T23:00:00Z,0.0026703933485453177
2025-02-01T00:00:00Z,0.0009938061310344924
2025-02-01T01:00:00Z,0.0005018496794292186
2025-02-01T02:00:00Z,0.0
2025-02-01T03:00:00Z,0.0
2025-02-01T04:00:00Z,0.0
2025-02-01T05:00:00Z,0.0
2025-02-01T06:00:00Z,0.0
2025-02-01T07:00:00Z,0.0
2025-02-01T08:00:00Z,0.0
2025-02-01T09:00:00Z,0.0
2025-02-01T10:00:00Z,0.0
2025-02-01T11:00:00Z,0.0
2025-02-01T12:00:00Z,0.0
2025-02-01T13:00:00Z,0.0
2025-02-01T14:00:00Z,0.00027049595018642617
2025-02-01T15:00:00Z,0.0006871847469055041
2025-02-01T16:00:00Z,0.00023443543318981788
2025-02-01T17:00:00Z,0.0
2025-02-01T18:00:00Z,0.0
2025-02-01T19:00:00Z,0.0
2025-02-01T20:00:00Z,0.0
2025-02-01T21:00:00Z,0.0
2025-02-01T22:00:00Z,0.0
2025-02-01T23:00:00Z,0.0
2025-02-02T00:00:00Z,0.0
2025-02-02T01:00:00Z,0.0
2025-02-02T02:00:00Z,0.0007988313379738884
2025-02-02T03:00:00Z,0.02006229548876073
2025-02-02T04:00:00Z,0.027064766717983173
2025-02-02T05:00:00Z,0.024488879186581134
2025-02-02T06:00:00Z,0.0241181908648181
2025-02-02T07:00:00Z,0.05217699301940282
2025-02-02T08:00:00Z,0.08041447246630236
2025-02-02T09:00:00Z,0.09331075295586362
2025-02-02T10:00:00Z,0.072104197453996
2025-02-02T11:00:00Z,0.05076734095142632
2025-02-02T12:00:00Z,0.01315219575037931
2025-02-02T13:00:00Z,0.0015949683095776376
2025-02-02T14:00:00Z,0.0010843090108917071
2025-02-02T15:00:00Z,0.0004693031360568398
2025-02-02T16:00:00Z,0.0
2025-02-02T17:00:00Z,0.0
2025-02-02T18:00:00Z,0.0
2025-02-02T19:00:00Z,0.0
2025-02-02T20:00:00Z,0.0
2025-02-02T21:00:00Z,0.0
2025-02-02T22:00:00Z,0.0
2025-02-02T23:00:00Z,0.0
2025-02-03T00:00:00Z,0.0
2025-02-03T01:00:00Z,9.06459698683849e-05
2025-02-03T02:00:00Z,0.0014988244632611733
2025-02-03T03:00:00Z,0.013635951203293174
2025-02-03T04:00:00Z,0.0821293883233497
2025-02-03T05:00:00Z,0.1373840625858035
2025-02-03T06:00:00Z,0.1509677680636256
2025-02-03T07:00:00Z,0.14921442526916762
2025-02-03T08:00:00Z,0.09237856545172929
2025-02-03T09:00:00Z,0.06448961171055867
2025-02-03T10:00:00Z,0.05990709317355772
2025-02-03T11:00:00Z,0.08277677889631377
2025-02-03T12:00:00Z,0.10485275074663983
2025-02-03T13:00:00Z,0.10524176819581571
2025-02-03T14:00:00Z,0.10875676731830634
2025-02-03T15:00:00Z,0.13079488785861557
2025-02-03T16:00:00Z,0.15107457890823986
2025-02-03T17:00:00Z,0.1644383000167432
2025-02-03T18:00:00Z,0.14368713795592147
2025-02-03T19:00:00Z,0.1264148424054697
2025-02-03T20:00:00Z,0.13046826980480608
2025-02-03T21:00:00Z,0.0988505618985133
2025-02-03T22:00:00Z,0.09314412473519698
2025-02-03T23:00:00Z,0.09611832000826509
2025-02-04T00:00:00Z,0.09224326771275754
2025-02-04T01:00:00Z,0.10382145551423473
2025-02-04T02:00:00Z,0.14740743899614597
2025-02-04T03:00:00Z,0.1977184404863709
2025-02-04T04:00:00Z,0.2428826799196787
2025-02-04T05:00:00Z,0.28017692470152333
2025-02-04T06:00:00Z,0.3325065190642507
2025-02-04T07:00:00Z,0.38031287962356836
2025-02-04T08:00:00Z,0.4112453380715764
2025-02-04T09:00:00Z,0.4523064395986561
2025-02-04T10:00:00Z,0.4681645171381154
2025-02-04T11:00:00Z,0.464214705280294
2025-02-04T12:00:00Z,0.3983688060797418
2025-02-04T13:00:00Z,0.44506732512949415
2025-02-04T14:00:00Z,0.4808970562742872
2025-02-04T15:00:00Z,0.5329508934442181
2025-02-04T16:00:00Z,0.6115717089022712
2025-02-04T17:00:00Z,0.7115771538432736
2025-02-04T18:00:00Z,0.7631636815866516
2025-02-04T19:00:00Z,0.795501965485642
2025-02-04T20:00:00Z,0.7827847833131562
2025-02-04T21:00:00Z,0.7949096610262733
2025-02-04T22:00:00Z,0.874754983487637
2025-02-04T23:00:00Z,0.9284708066803394
2025-02-05T00:00:00Z,0.9437540389912225
2025-02-05T01:00:00Z,0.9672324806754687
2025-02-05T02:00:00Z,0.9682222656675847
2025-02-05T03:00:00Z,0.9707445425074367
2025-02-05T04:00:00Z,0.9646202875556343
2025-02-05T05:00:00Z,0.9329235201209207
2025-02-05T06:00:00Z,0.9081162550390999
2025-02-05T07:00:00Z,0.9051803332854148
2025-02-05T08:00:00Z,0.877572942974586
2025-02-05T09:00:00Z,0.8461087878843819
2025-02-05T10:00:00Z,0.8486113775056328
2025-02-05T11:00:00Z,0.655013759090856
2025-02-05T12:00:00Z,0.6481785522434558
2025-02-05T13:00:00Z,0.7821445740306686
2025-02-05T14:00:00Z,0.8704522201674192
2025-02-05T15:00:00Z,0.7028062065358772
2025-02-05T16:00:00Z,0.5923163439966528
2025-02-05T17:00:00Z,0.5431493985023532
2025-02-05T18:00:00Z,0.4956862745074554
2025-02-05T19:00:00Z,0.47982173011630813
2025-02-05T20:00:00Z,0.4742335828966894
2025-02-05T21:00:00Z,0.4475701448219427
2025-02-05T22:00:00Z,0.3637633965511861
2025-02-05T23:00:00Z,0.3192622699970301
2025-02-06T00:00:00Z,0.27930972982093594
2025-02-06T01:00:00Z,0.22084200635260043
2025-02-06T02:00:00Z,0.16895167876203254
2025-02-06T03:00:00Z,0.14234140837148312
2025-02-06T04:00:00Z,0.13077991265727157
2025-02-06T05:00:00Z,0.12788731510448578
2025-02-06T06:00:00Z,0.11612465600752506
2025-02-06T07:00:00Z,0.11272558783019192
2025-02-06T08:00:00Z,0.1413480108761529
2025-02-06T09:00:00Z,0.129113290014041
2025-02-06T10:00:00Z,0.09467775255870656
2025-02-06T11:00:00Z,0.06570260321622529
2025-02-06T12:00:00Z,0.049246356891030324
2025-02-06T13:00:00Z,0.06234553240627631
2025-02-06T14:00:00Z,0.10144972502073824
2025-02-06T15:00:00Z,0.12440688469557842
2025-02-06T16:00:00Z,0.1654147798933441
2025-02-06T17:00:00Z,0.16972426081784928
2025-02-06T18:00:00Z,0.15864889749819858
2025-02-06T19:00:00Z,0.14495846875627857
2025-02-06T20:00:00Z,0.13427260020262408
2025-02-06T21:00:00Z,0.1350211372663186
2025-02-06T22:00:00Z,0.17578022410489538
2025-02-06T23:00:00Z,0.16010947738573394
2025-02-07T00:00:00Z,0.13147126893413427
2025-02-07T01:00:00Z,0.13058060748794795
2025-02-07T02:00:00Z,0.12198557610571062
2025-02-07T03:00:00Z,0.12136330527603835
2025-02-07T04:00:00Z,0.13229702193739556
2025-02-07T05:00:00Z,0.15772580083865098
2025-02-07T06:00:00Z,0.1713354994269447
2025-02-07T07:00:00Z,0.19501913648521152
2025-02-07T08:00:00Z,0.18492805626668757
2025-02-07T09:00:00Z,0.1511127742283355
2025-02-07T10:00:00Z,0.10269224484613695
2025-02-07T11:00:00Z,0.08526828309112801
2025-02-07T12:00:00Z,0.08520450350735745
2025-02-07T13:00:00Z,0.08815436049816677
2025-02-07T14:00:00Z,0.09682455809774586
2025-02-07T15:00:00Z,0.11486859562077677
2025-02-07T16:00:00Z,0.14963797161759598
2025-02-07T17:00:00Z,0.20373322242303923
2025-02-07T18:00:00Z,0.2574747706881124
2025-02-07T19:00:00Z,0.33752566123625094
2025-02-07T20:00:00Z,0.371872265890844
2025-02-07T21:00:00Z,0.34577721809444584
2025-02-07T22:00:00Z,0.3755225636526236
2025-02-07T23:00:00Z,0.4134943503089856
2025-02-08T00:00:00Z,0.4726851379872342
2025-02-08T01:00:00Z,0.4676243881304682
2025-02-08T02:00:00Z,0.47099288110455073
2025-02-08T03:00:00Z,0.4047821384243396
2025-02-08T04:00:00Z,0.33757113735124294
2025-02-08T05:00:00Z,0.2936689852578877
2025-02-08T06:00:00Z,0.2588523881398504
2025-02-08T07:00:00Z,0.26187348675895733
2025-02-08T08:00:00Z,0.2637407878646181
2025-02-08T09:00:00Z,0.2587435732528467
2025-02-08T10:00:00Z,0.36422752136438274
2025-02-08T11:00:00Z,0.2505255191433988
2025-02-08T12:00:00Z,0.2306130617544321
2025-02-08T13:00:00Z,0.23154358861440733
2025-02-08T14:00:00Z,0.16241129554220493
2025-02-08T15:00:00Z,0.15016101003344282
2025-02-08T16:00:00Z,0.16608298006047426
2025-02-08T17:00:00Z,0.15614446438287488
2025-02-08T18:00:00Z,0.1511408225974633
2025-02-08T19:00:00Z,0.13937218003502197
2025-02-08T20:00:00Z,0.10676248469122285
2025-02-08T21:00:00Z,0.0870955400019873
2025-02-08T22:00:00Z,0.07977823144560292
2025-02-08T23:00:00Z,0.07381307493138803
2025-02-09T00:00:00Z,0.06710568797433278
2025-02-09T01:00:00Z,0.06374509649403914
2025-02-09T02:00:00Z,0.06265590371877267
2025-02-09T03:00:00Z,0.05145411020458138
2025-02-09T04:00:00Z,0.0498095221673852
2025-02-09T05:00:00Z,0.05334332875923006
2025-02-09T06:00:00Z,0.06163484925953842
2025-02-09T07:00:00Z,0.061858948652600824
2025-02-09T08:00:00Z,0.04942758439817536
2025-02-09T09:00:00Z,0.023571213646501485
2025-02-09T10:00:00Z,0.03842994795908123
2025-02-09T11:00:00Z,0.04730358844875391
2025-02-09T12:00:00Z,0.0825299714594072
2025-02-09T13:00:00Z,0.0903825213973053
2025-02-09T14:00:00Z,0.1283427328985199
2025-02-09T15:00:00Z,0.13041036327365838
2025-02-09T16:00:00Z,0.2174969055183948
2025-02-09T17:00:00Z,0.29733151840269956
2025-02-09T18:00:00Z,0.3251713384884629
2025-02-09T19:00:00Z,0.3140329639121332
2025-02-09T20:00:00Z,0.2805125994647393
2025-02-09T21:00:00Z,0.269916824419318
2025-02-09T22:00:00Z,0.2749125410468805
2025-02-09T23:00:00Z,0.2961191221089621
2025-02-10T00:00:00Z,0.3282904441327779
2025-02-10T01:00:00Z,0.29672908391285585
2025-02-10T02:00:00Z,0.27004322190716157
2025-02-10T03:00:00Z,0.22914517062335268
2025-02-10T04:00:00Z,0.2179701101695439
2025-02-10T05:00:00Z,0.22674214736677192
2025-02-10T06:00:00Z,0.26005854591974636
2025-02-10T07:00:00Z,0.2903241325324885
2025-02-10T08:00:00Z,0.34657161154784133
2025-02-10T09:00:00Z,0.2701490389915261
2025-02-10T10:00:00Z,0.40292751134944366
2025-02-10T11:00:00Z,0.31079079748534827
2025-02-10T12:00:00Z,0.2873682637887217
2025-02-10T13:00:00Z,0.24296213463887054
2025-02-10T14:00:00Z,0.230370807432415
2025-02-10T15:00:00Z,0.24072309461459135
2025-02-10T16:00:00Z,0.2888351555121414
2025-02-10T17:00:00Z,0.3143694751177683
2025-02-10T18:00:00Z,0.2796468570217098
2025-02-10T19:00:00Z,0.25820559328121767
2025-02-10T20:00:00Z,0.2338170520891443
2025-02-10T21:00:00Z,0.22472201680529008
2025-02-10T22:00:00Z,0.2208626706036922
2025-02-10T23:00:00Z,0.26968825614211234
2025-02-11T00:00:00Z,0.31346732544989175
2025-02-11T01:00:00Z,0.3063506354401309
2025-02-11T02:00:00Z,0.2663532693048853
2025-02-11T03:00:00Z,0.24608139143708962
2025-02-11T04:00:00Z,0.23649542314722574
2025-02-11T05:00:00Z,0.22273357459301155
2025-02-11T06:00:00Z,0.19415537856974505
2025-02-11T07:00:00Z,0.1717486121572932
2025-02-11T08:00:00Z,0.15130129241783974
2025-02-11T09:00:00Z,0.12434170321864847
2025-02-11T10:00:00Z,0.10214358128948307
2025-02-11T11:00:00Z,0.10667637348926522
2025-02-11T12:00:00Z,0.10380409380180042
2025-02-11T13:00:00Z,0.11074438531630412
2025-02-11T14:00:00Z,0.11494308853270671
2025-02-11T15:00:00Z,0.15091158740018065
2025-02-11T16:00:00Z,0.2169592930231674
2025-02-11T17:00:00Z,0.23405107062306774
2025-02-11T18:00:00Z,0.19441387752723524
2025-02-11T19:00:00Z,0.1756623716095155
2025-02-11T20:00:00Z,0.17143732136043335
2025-02-11T21:00:00Z,0.1539928363710927
2025-02-11T22:00:00Z,0.14560681529195627
2025-02-11T23:00:00Z,0.13958618251238147
2025-02-12T00:00:00Z,0.11026845578054774
2025-02-12T01:00:00Z,0.08583592468127402
2025-02-12T02:00:00Z,0.0729287176635548
2025-02-12T03:00:00Z,0.05738489518602907
2025-02-12T04:00:00Z,0.05279304033644734
2025-02-12T05:00:00Z,0.05237674149702504
2025-02-12T06:00:00Z,0.04401484921702631
2025-02-12T07:00:00Z,0.040431473004918755
2025-02-12T08:00:00Z,0.052753163533085394
2025-02-12T09:00:00Z,0.05594173628244887
2025-02-12T10:00:00Z,0.07150996083677752
2025-02-12T11:00:00Z,0.0828525694897487
2025-02-12T12:00:00Z,0.07697366027968823
2025-02-12T13:00:00Z,0.06209603602789746
2025-02-12T14:00:00Z,0.04325173435031992
2025-02-12T15:00:00Z,0.031377797599577664
2025-02-12T16:00:00Z,0.0307089342344809
2025-02-12T17:00:00Z,0.05326981700794967
2025-02-12T18:00:00Z,0.05936556215645453
2025-02-12T19:00:00Z,0.06126517479892555
2025-02-12T20:00:00Z,0.05279012533365403
2025-02-12T21:00:00Z,0.04298006009273408
2025-02-12T22:00:00Z,0.07479591909065918
2025-02-12T23:00:00Z,0.07234112838441899
2025-02-13T00:00:00Z,0.08155193737974016
2025-02-13T01:00:00Z,0.08222579678573508
2025-02-13T02:00:00Z,0.075985871332789
2025-02-13T03:00:00Z,0.07033233772067923
2025-02-13T04:00:00Z,0.0717535195794606
2025-02-13T05:00:00Z,0.08916621457635847
2025-02-13T06:00:00Z,0.1033542405061579
2025-02-13T07:00:00Z,0.11173406026218749
2025-02-13T08:00:00Z,0.10368521126400483
2025-02-13T09:00:00Z,0.10723533971604836
2025-02-13T10:00:00Z,0.15957509970622974
2025-02-13T11:00:00Z,0.16762233699501142
2025-02-13T12:00:00Z,0.20304966961580367
2025-02-13T13:00:00Z,0.26379362757685465
2025-02-13T14:00:00Z,0.29445189875771255
2025-02-13T15:00:00Z,0.21342670474260889
2025-02-13T16:00:00Z,0.2172122172043465
2025-02-13T17:00:00Z,0.2379578985062245
2025-02-13T18:00:00Z,0.2619626786017226
2025-02-13T19:00:00Z,0.25380657062742085
2025-02-13T20:00:00Z,0.23152482601340105
2025-02-13T21:00:00Z,0.220955745625682
2025-02-13T22:00:00Z,0.15406863927647174
2025-02-13T23:00:00Z,0.13233779648505153
2025-02-14T00:00:00Z,0.10803479916752785
2025-02-14T01:00:00Z,0.09298709934579209
2025-02-14T02:00:00Z,0.07822389586082623
2025-02-14T03:00:00Z,0.046747624237887614
2025-02-14T04:00:00Z,0.025105802696092288
2025-02-14T05:00:00Z,0.022892144991175777
2025-02-14T06:00:00Z,0.025702430733025926
2025-02-14T07:00:00Z,0.025452901028676443
2025-02-14T08:00:00Z,0.0029677288935322814
2025-02-14T09:00:00Z,6.0010420823767946e-05
2025-02-14T10:00:00Z,0.0
2025-02-14T11:00:00Z,0.0
2025-02-14T12:00:00Z,0.0
2025-02-14T13:00:00Z,0.0
2025-02-14T14:00:00Z,0.0
2025-02-14T15:00:00Z,0.0009769046809840595
2025-02-14T16:00:00Z,0.01600282142529686
2025-02-14T17:00:00Z,0.032703030448131803
2025-02-14T18:00:00Z,0.04144640991095777
2025-02-14T19:00:00Z,0.041483637618473165
2025-02-14T20:00:00Z,0.023502487138578238
2025-02-14T21:00:00Z,0.007496092575282533
2025-02-14T22:00:00Z,0.006537320614405606
2025-02-14T23:00:00Z,0.005507241144560455
2025-02-15T00:00:00Z,0.011690666107471806
2025-02-15T01:00:00Z,0.008719302092505711
2025-02-15T02:00:00Z,0.028238385168150682
2025-02-15T03:00:00Z,0.04205369995038112
2025-02-15T04:00:00Z,0.06253887640601385
2025-02-15T05:00:00Z,0.08638748633192542
2025-02-15T06:00:00Z,0.06804571227667457
2025-02-15T07:00:00Z,0.0411143556991795
2025-02-15T08:00:00Z,0.0011930322743077344
2025-02-15T09:00:00Z,0.0
2025-02-15T10:00:00Z,0.03851900241764384
2025-02-15T11:00:00Z,0.044958691984146495
2025-02-15T12:00:00Z,0.08535021570887924
2025-02-15T13:00:00Z,0.218952143815613
2025-02-15T14:00:00Z,0.4356887507974999
2025-02-15T15:00:00Z,0.5458570135035078
2025-02-15T16:00:00Z,0.541628785007539
2025-02-15T17:00:00Z,0.48497079769878193
2025-02-15T18:00:00Z,0.5017223238717095
2025-02-15T19:00:00Z,0.47822830762729085
2025-02-15T20:00:00Z,0.3896062658456847
2025-02-15T21:00:00Z,0.29110684373864026
2025-02-15T22:00:00Z,0.27992649170823525
2025-02-15T23:00:00Z,0.186577786331673
2025-02-16T00:00:00Z,0.14759113521933215
2025-02-16T01:00:00Z,0.12248504214828569
2025-02-16T02:00:00Z,0.11337698233832377
2025-02-16T03:00:00Z,0.10497144791627831
2025-02-16T04:00:00Z,0.10577450757514381
2025-02-16T05:00:00Z,0.0957307592071501
2025-02-16T06:00:00Z,0.08215711163466448
2025-02-16T07:00:00Z,0.05721160547275161
2025-02-16T08:00:00Z,0.015457432675357888
2025-02-16T09:00:00Z,0.0006767166889873141
2025-02-16T10:00:00Z,0.0006676183211518635
2025-02-16T11:00:00Z,0.0013795552543479676
2025-02-16T12:00:00Z,0.025270752714679833
2025-02-16T13:00:00Z,0.050362804895373495
2025-02-16T14:00:00Z,0.08134652719094036
2025-02-16T15:00:00Z,0.1000039960326961
2025-02-16T16:00:00Z,0.12623120529779655
2025-02-16T17:00:00Z,0.15609373919342298
2025-02-16T18:00:00Z,0.15460147068691996
2025-02-16T19:00:00Z,0.15778248985625093
2025-02-16T20:00:00Z,0.17040195284579995
2025-02-16T21:00:00Z,0.2080052472303335
2025-02-16T22:00:00Z,0.24534759942119344
2025-02-16T23:00:00Z,0.280020699107473
2025-02-17T00:00:00Z,0.3065292693583656
2025-02-17T01:00:00Z,0.2941045367532896
2025-02-17T02:00:00Z,0.28898393935089645
2025-02-17T03:00:00Z,0.31714026725250777
2025-02-17T04:00:00Z,0.3194241267394637
2025-02-17T05:00:00Z,0.3063700566203281
2025-02-17T06:00:00Z,0.27245382386171146
2025-02-17T07:00:00Z,0.23206741426814295
2025-02-17T08:00:00Z,0.17126898302961333
2025-02-17T09:00:00Z,0.0954492635088327
2025-02-17T10:00:00Z,0.06977776620387004
2025-02-17T11:00:00Z,0.07660749263323355
2025-02-17T12:00:00Z,0.08063436718557061
2025-02-17T13:00:00Z,0.08272535345668362
2025-02-17T14:00:00Z,0.07725280707037431
2025-02-17T15:00:00Z,0.0896278335463226
2025-02-17T16:00:00Z,0.14233016896807346
2025-02-17T17:00:00Z,0.16408633782963328
2025-02-17T18:00:00Z,0.16657494800337685
2025-02-17T19:00:00Z,0.1574343437634181
2025-02-17T20:00:00Z,0.1333711220786178
2025-02-17T21:00:00Z,0.11429335645886299
2025-02-17T22:00:00Z,0.08927644846873645
2025-02-17T23:00:00Z,0.07201189709524464
2025-02-18T00:00:00Z,0.0678961372117358
2025-02-18T01:00:00Z,0.08295796432361179
2025-02-18T02:00:00Z,0.09567065045715001
2025-02-18T03:00:00Z,0.11101442433945757
2025-02-18T04:00:00Z,0.11800394921082766
2025-02-18T05:00:00Z,0.12934766674080805
2025-02-18T06:00:00Z,0.12550774846017404
2025-02-18T07:00:00Z,0.11051700943226568
2025-02-18T08:00:00Z,0.09036371591687063
2025-02-18T09:00:00Z,0.05642370100694865
2025-02-18T10:00:00Z,0.04986923000464534
2025-02-18T11:00:00Z,0.07396695981078
2025-02-18T12:00:00Z,0.0881891424507184
2025-02-18T13:00:00Z,0.09052787348722062
2025-02-18T14:00:00Z,0.0832816421007083
2025-02-18T15:00:00Z,0.11033522904280145
2025-02-18T16:00:00Z,0.12693911651408216
2025-02-18T17:00:00Z,0.1303494753627447
2025-02-18T18:00:00Z,0.12527575667124313
2025-02-18T19:00:00Z,0.11500816303107073
2025-02-18T20:00:00Z,0.09311089794052507
2025-02-18T21:00:00Z,0.07245663438411212
2025-02-18T22:00:00Z,0.04893994035302959
2025-02-18T23:00:00Z,0.04334445035313743
2025-02-19T00:00:00Z,0.03577055245420812
2025-02-19T01:00:00Z,0.03901309402087222
2025-02-19T02:00:00Z,0.047610612530474564
2025-02-19T03:00:00Z,0.05612049222387907
2025-02-19T04:00:00Z,0.035543338598407304
2025-02-19T05:00:00Z,0.015585763865031459
2025-02-19T06:00:00Z,0.0032642272862128383
2025-02-19T07:00:00Z,0.0011985264670300868
2025-02-19T08:00:00Z,0.0010698619042388375
2025-02-19T09:00:00Z,0.0006712737215013788
2025-02-19T10:00:00Z,0.005658440455453792
2025-02-19T11:00:00Z,0.02578015531659874
2025-02-19T12:00:00Z,0.010629523654599038
2025-02-19T13:00:00Z,0.0009322402713902004
2025-02-19T14:00:00Z,0.0
2025-02-19T15:00:00Z,0.0
2025-02-19T16:00:00Z,0.0017431310051343812
2025-02-19T17:00:00Z,0.03920687923210094
2025-02-19T18:00:00Z,0.052436131776791454
2025-02-19T19:00:00Z,0.0782492794582635
2025-02-19T20:00:00Z,0.09600684055540587
2025-02-19T21:00:00Z,0.13573514357452734
2025-02-19T22:00:00Z,0.19046352410914222
2025-02-19T23:00:00Z,0.24977530165608572
2025-02-20T00:00:00Z,0.29937504561392236
2025-02-20T01:00:00Z,0.38278555748308124
2025-02-20T02:00:00Z,0.4251813108688387
2025-02-20T03:00:00Z,0.42991750014190355
2025-02-20T04:00:00Z,0.44660309862246095
2025-02-20T05:00:00Z,0.46275338998235255
2025-02-20T06:00:00Z,0.5313357775535108
2025-02-20T07:00:00Z,0.6476841275591205
2025-02-20T08:00:00Z,0.7247623512616707
2025-02-20T09:00:00Z,0.6414312550918944
2025-02-20T10:00:00Z,0.6109925505871411
2025-02-20T11:00:00Z,0.7391473750499845
2025-02-20T12:00:00Z,0.8035966028793136
2025-02-20T13:00:00Z,0.8554051351192631
2025-02-20T14:00:00Z,0.7760340676529608
2025-02-20T15:00:00Z,0.8945070765404103
2025-02-20T16:00:00Z,0.968112056696867
2025-02-20T17:00:00Z,0.9857311079152312
2025-02-20T18:00:00Z,0.9959998949880431
2025-02-20T19:00:00Z,0.9984268586402374
2025-02-20T20:00:00Z,0.9994626922190167
2025-02-20T21:00:00Z,0.9993328010922461
2025-02-20T22:00:00Z,0.9973462088909539
2025-02-20T23:00:00Z,0.9982195496917222
2025-02-21T00:00:00Z,0.9989318190580014
2025-02-21T01:00:00Z,0.9954920695775191
2025-02-21T02:00:00Z,0.9629651670819481
2025-02-21T03:00:00Z,0.8852628104352649
2025-02-21T04:00:00Z,0.8413590902638403
2025-02-21T05:00:00Z,0.6852809812673392
2025-02-21T06:00:00Z,0.5329380781804864
2025-02-21T07:00:00Z,0.43462410895334186
2025-02-21T08:00:00Z,0.4048509367545757
2025-02-21T09:00:00Z,0.46346867470259473
2025-02-21T10:00:00Z,0.4446844185980194
2025-02-21T11:00:00Z,0.3487179581326518
2025-02-21T12:00:00Z,0.33786975645839684
2025-02-21T13:00:00Z,0.50996899918525
2025-02-21T14:00:00Z,0.5341799283185003
2025-02-21T15:00:00Z,0.5643619480050588
2025-02-21T16:00:00Z,0.6063979527714777
2025-02-21T17:00:00Z,0.6478155915622146
2025-02-21T18:00:00Z,0.6812595723176204
2025-02-21T19:00:00Z,0.7715133100172054
2025-02-21T20:00:00Z,0.8489711666407219
2025-02-21T21:00:00Z,0.8645789659653415
2025-02-21T22:00:00Z,0.9312172793683952
2025-02-21T23:00:00Z,0.9574237987624896
2025-02-22T00:00:00Z,0.9547592107179853
2025-02-22T01:00:00Z,0.916329039206072
2025-02-22T02:00:00Z,0.8828703505331796
2025-02-22T03:00:00Z,0.8208255049010106
2025-02-22T04:00:00Z,0.7530448223983187
2025-02-22T05:00:00Z,0.8286415721889621
2025-02-22T06:00:00Z,0.835389306919981
2025-02-22T07:00:00Z,0.7783449220657285
2025-02-22T08:00:00Z,0.6742045674615491
2025-02-22T09:00:00Z,0.67635600567445
2025-02-22T10:00:00Z,0.5713810949586176
2025-02-22T11:00:00Z,0.6294576284473472
2025-02-22T12:00:00Z,0.620195554658425
2025-02-22T13:00:00Z,0.6063922433584141
2025-02-22T14:00:00Z,0.6544199987153062
2025-02-22T15:00:00Z,0.8159733652715211
2025-02-22T16:00:00Z,0.8260392024986458
2025-02-22T17:00:00Z,0.8430056749694592
2025-02-22T18:00:00Z,0.7715626599733016
2025-02-22T19:00:00Z,0.626493914715289
2025-02-22T20:00:00Z,0.5559767262738352
2025-02-22T21:00:00Z,0.49079677014225087
2025-02-22T22:00:00Z,0.44500190771909515
2025-02-22T23:00:00Z,0.35422361402731595
2025-02-23T00:00:00Z,0.23612217680718753
2025-02-23T01:00:00Z,0.15752835412202165
2025-02-23T02:00:00Z,0.10381242399830373
2025-02-23T03:00:00Z,0.07423393339215052
2025-02-23T04:00:00Z,0.06781183770245605
2025-02-23T05:00:00Z,0.07389881594410178
2025-02-23T06:00:00Z,0.07112347381555767
2025-02-23T07:00:00Z,0.07209876619086587
2025-02-23T08:00:00Z,0.08104162759991042
2025-02-23T09:00:00Z,0.0729857584066365
2025-02-23T10:00:00Z,0.08846410339515888
2025-02-23T11:00:00Z,0.07440453716112048
2025-02-23T12:00:00Z,0.053633658612031086
2025-02-23T13:00:00Z,0.06973759570275867
2025-02-23T14:00:00Z,0.07574969341170394
2025-02-23T15:00:00Z,0.10655583051610625
2025-02-23T16:00:00Z,0.18682011194843076
2025-02-23T17:00:00Z,0.2674937906679206
2025-02-23T18:00:00Z,0.339069595913793
2025-02-23T19:00:00Z,0.4382782217482363
2025-02-23T20:00:00Z,0.5514236424682812
2025-02-23T21:00:00Z,0.6152522200988377
2025-02-23T22:00:00Z,0.6514361398249906
2025-02-23T23:00:00Z,0.730637615117606
2025-02-24T00:00:00Z,0.7794555176788452
2025-02-24T01:00:00Z,0.8548021139994264
2025-02-24T02:00:00Z,0.9363408852037662
2025-02-24T03:00:00Z,0.9736854387878492
2025-02-24T04:00:00Z,0.9789890167371558
2025-02-24T05:00:00Z,0.9814349859136977
2025-02-24T06:00:00Z,0.9853650136892917
2025-02-24T07:00:00Z,0.9917954050748408
2025-02-24T08:00:00Z,0.9846546834008264
2025-02-24T09:00:00Z,0.9794131030927545
2025-02-24T10:00:00Z,0.9971993830256043
2025-02-24T11:00:00Z,0.9977654164055181
2025-02-24T12:00:00Z,0.996021257767285
2025-02-24T13:00:00Z,0.9813105549948284
2025-02-24T14:00:00Z,0.9759229629839945
2025-02-24T15:00:00Z,0.9770975524012055
2025-02-24T16:00:00Z,0.9738715165237849
2025-02-24T17:00:00Z,0.9575406851950206
2025-02-24T18:00:00Z,0.9358199929482506
2025-02-24T19:00:00Z,0.9063675845932571
2025-02-24T20:00:00Z,0.8817176314528191
2025-02-24T21:00:00Z,0.8677920486566122
2025-02-24T22:00:00Z,0.7401345937715573
2025-02-24T23:00:00Z,0.6352299928949546
2025-02-25T00:00:00Z,0.4449318509761148
2025-02-25T01:00:00Z,0.2876683636604213
2025-02-25T02:00:00Z,0.17824379920392538
2025-02-25T03:00:00Z,0.1284669790633695
2025-02-25T04:00:00Z,0.12549439179857083
2025-02-25T05:00:00Z,0.14696773063548155
2025-02-25T06:00:00Z,0.15745772451639206
2025-02-25T07:00:00Z,0.14039772227999162
2025-02-25T08:00:00Z,0.09736358990273387
2025-02-25T09:00:00Z,0.07447721377129136
2025-02-25T10:00:00Z,0.11045408902151642
2025-02-25T11:00:00Z,0.11350482445460457
2025-02-25T12:00:00Z,0.08462078457479685
2025-02-25T13:00:00Z,0.06646887186559285
2025-02-25T14:00:00Z,0.11669324528162157
2025-02-25T15:00:00Z,0.22747165282652484
2025-02-25T16:00:00Z,0.10503097333014703
2025-02-25T17:00:00Z,0.15228412812275033
2025-02-25T18:00:00Z,0.24986110041021048
2025-02-25T19:00:00Z,0.27902627810081626
2025-02-25T20:00:00Z,0.25318874365469346
2025-02-25T21:00:00Z,0.19463977038619862
2025-02-25T22:00:00Z,0.19958462929437684
2025-02-25T23:00:00Z,0.15024545538198275
2025-02-26T00:00:00Z,0.11737760440677283
2025-02-26T01:00:00Z,0.08630365632734384
2025-02-26T02:00:00Z,0.06654050611443184
2025-02-26T03:00:00Z,0.06467628845252368
2025-02-26T04:00:00Z,0.07512767241940806
2025-02-26T05:00:00Z,0.06046536321978628
2025-02-26T06:00:00Z,0.050326200930046076
2025-02-26T07:00:00Z,0.04990798533905102
2025-02-26T08:00:00Z,0.05268586675238431
2025-02-26T09:00:00Z,0.058927857866751046
2025-02-26T10:00:00Z,0.06214513010988756
2025-02-26T11:00:00Z,0.06908182432432308
2025-02-26T12:00:00Z,0.06430397426412753
2025-02-26T13:00:00Z,0.04259706367745443
2025-02-26T14:00:00Z,0.02465245965336969
2025-02-26T15:00:00Z,0.018283996217692288
2025-02-26T16:00:00Z,0.027436536611433967
2025-02-26T17:00:00Z,0.03135199457162048
2025-02-26T18:00:00Z,0.011614850814467845
2025-02-26T19:00:00Z,0.0015550580694832117
2025-02-26T20:00:00Z,0.001313585429858182
2025-02-26T21:00:00Z,0.0010044176464002333
2025-02-26T22:00:00Z,0.0
2025-02-26T23:00:00Z,0.0
2025-02-27T00:00:00Z,0.0
2025-02-27T01:00:00Z,0.0
2025-02-27T02:00:00Z,0.0
2025-02-27T03:00:00Z,0.0
2025-02-27T04:00:00Z,0.00036814115235301887
2025-02-27T05:00:00Z,0.0014838225250663434
2025-02-27T06:00:00Z,0.000854120445113359
2025-02-27T07:00:00Z,0.0008676328212539626
2025-02-27T08:00:00Z,2.5352383918407143e-05
2025-02-27T09:00:00Z,0.0
2025-02-27T10:00:00Z,0.0
2025-02-27T11:00:00Z,0.0
2025-02-27T12:00:00Z,0.0
2025-02-27T13:00:00Z,0.0
2025-02-27T14:00:00Z,0.0
2025-02-27T15:00:00Z,0.0
2025-02-27T16:00:00Z,0.0
2025-02-27T17:00:00Z,0.0011824504469141938
2025-02-27T18:00:00Z,0.015096550185166624
2025-02-27T19:00:00Z,0.017517845082902772
2025-02-27T20:00:00Z,0.02585905985635763
2025-02-27T21:00:00Z,0.04873928772907858
2025-02-27T22:00:00Z,0.07075009923608805
2025-02-27T23:00:00Z,0.07307550709059628
2025-02-28T00:00:00Z,0.0808842028921917
2025-02-28T01:00:00Z,0.08964108567576339
2025-02-28T02:00:00Z,0.0766435815061275
2025-02-28T03:00:00Z,0.07006656487448004
2025-02-28T04:00:00Z,0.0754328938244267
2025-02-28T05:00:00Z,0.06233716949914376
2025-02-28T06:00:00Z,0.0559219311164223
2025-02-28T07:00:00Z,0.046814855897628634
2025-02-28T08:00:00Z,0.021506606596763678
2025-02-28T09:00:00Z,0.0003915841873217681
2025-02-28T10:00:00Z,0.001320728140469409
2025-02-28T11:00:00Z,0.001025701069815322
2025-02-28T12:00:00Z,0.001555878288689306
2025-02-28T13:00:00Z,0.0163531913516713
2025-02-28T14:00:00Z,0.007437727285386688
2025-02-28T15:00:00Z,0.010273008164106966
2025-02-28T16:00:00Z,0.06761687024924867
2025-02-28T17:00:00Z,0.11160186497853287
2025-02-28T18:00:00Z,0.10395567766073743
2025-02-28T19:00:00Z,0.08366245196471923
2025-02-28T20:00:00Z,0.08981018577170875
2025-02-28T21:00:00Z,0.0832339190133175
2025-02-28T22:00:00Z,0.09130030332655925
2025-02-28T23:00:00Z,0.05889702405935409
2025-03-01T00:00:00Z,0.05649548167550717
2025-03-01T01:00:00Z,0.04237915585528404
2025-03-01T02:00:00Z,0.0008909011233802076
2025-03-01T03:00:00Z,0.0
2025-03-01T04:00:00Z,2.629553723920708e-05
2025-03-01T05:00:00Z,0.0014382715854467521
2025-03-01T06:00:00Z,0.036862864628502065
2025-03-01T07:00:00Z,0.08193160352054144
2025-03-01T08:00:00Z,0.07349193239931126
2025-03-01T09:00:00Z,0.06291126148979427
2025-03-01T10:00:00Z,0.059038892244771504
2025-03-01T11:00:00Z,0.09871804719332873
2025-03-01T12:00:00Z,0.16246481820002007
2025-03-01T13:00:00Z,0.2458755465933906
2025-03-01T14:00:00Z,0.3163937731344322
2025-03-01T15:00:00Z,0.35891802586601335
2025-03-01T16:00:00Z,0.41066423315054434
2025-03-01T17:00:00Z,0.4895947480434463
2025-03-01T18:00:00Z,0.5495867964783628
2025-03-01T19:00:00Z,0.6129759685066688
2025-03-01T20:00:00Z,0.6265991914985916
2025-03-01T21:00:00Z,0.6261538213298209
2025-03-01T22:00:00Z,0.5368164961253883
2025-03-01T23:00:00Z,0.5944969068410878
2025-03-02T00:00:00Z,0.6572948920103966
2025-03-02T01:00:00Z,0.7009569857214728
2025-03-02T02:00:00Z,0.651336998580662
2025-03-02T03:00:00Z,0.7126495715303696
2025-03-02T04:00:00Z,0.7271202718645128
2025-03-02T05:00:00Z,0.7158198333724075
2025-03-02T06:00:00Z,0.7371760657047358
2025-03-02T07:00:00Z,0.7724009580420204
2025-03-02T08:00:00Z,0.8358621179443705
2025-03-02T09:00:00Z,0.7279699028672899
2025-03-02T10:00:00Z,0.8243617882517458
2025-03-02T11:00:00Z,0.9284868976724822
2025-03-02T12:00:00Z,0.9673590529912426
2025-03-02T13:00:00Z,0.9263292341061058
2025-03-02T14:00:00Z,0.8756763620523826
2025-03-02T15:00:00Z,0.9489610026740084
2025-03-02T16:00:00Z,0.9724222999911789
2025-03-02T17:00:00Z,0.9633420861224643
2025-03-02T18:00:00Z,0.9109620689468341
2025-03-02T19:00:00Z,0.8957680748469526
2025-03-02T20:00:00Z,0.899423707633154
2025-03-02T21:00:00Z,0.8969185719007525
2025-03-02T22:00:00Z,0.8545647482987402
2025-03-02T23:00:00Z,0.8852881048687042
2025-03-03T00:00:00Z,0.9211161305688157
2025-03-03T01:00:00Z,0.9691239153816928
2025-03-03T02:00:00Z,0.9598436180035008
2025-03-03T03:00:00Z,0.9056157824644563
2025-03-03T04:00:00Z,0.8671665781449708
2025-03-03T05:00:00Z,0.8512934631218202
2025-03-03T06:00:00Z,0.8838629650065922
2025-03-03T07:00:00Z,0.9346456030607079
2025-03-03T08:00:00Z,0.9770651440721067
2025-03-03T09:00:00Z,0.8458532215649622
2025-03-03T10:00:00Z,0.9701378739985602
2025-03-03T11:00:00Z,0.9589757128336374
2025-03-03T12:00:00Z,0.9982591733297037
2025-03-03T13:00:00Z,0.9411975112014141
2025-03-03T14:00:00Z,0.9008171404575864
2025-03-03T15:00:00Z,0.9680703644230444
2025-03-03T16:00:00Z,0.9853546725302544
2025-03-03T17:00:00Z,0.9962403290586819
2025-03-03T18:00:00Z,0.994664506206368
2025-03-03T19:00:00Z,0.9938287755541386
2025-03-03T20:00:00Z,0.9973492675152204
2025-03-03T21:00:00Z,0.9971786232200556
2025-03-03T22:00:00Z,0.9947061439667297
2025-03-03T23:00:00Z,0.9984874007607835
2025-03-04T00:00:00Z,0.9989841659523334
2025-03-04T01:00:00Z,0.9993606990931728
2025-03-04T02:00:00Z,1.0
2025-03-04T03:00:00Z,0.9991406368862676
2025-03-04T04:00:00Z,0.9978574152373868
2025-03-04T05:00:00Z,0.9974273724585738
2025-03-04T06:00:00Z,0.997289274971818
2025-03-04T07:00:00Z,0.9943312541386471
2025-03-04T08:00:00Z,0.9969008535511673
2025-03-04T09:00:00Z,0.925245351000877
2025-03-04T10:00:00Z,0.9987710046556523
2025-03-04T11:00:00Z,0.974580260874409
2025-03-04T12:00:00Z,0.980698488065109
2025-03-04T13:00:00Z,0.9144916140256335
2025-03-04T14:00:00Z,0.9002423265537783
2025-03-04T15:00:00Z,0.9777817131899726
2025-03-04T16:00:00Z,0.9530627099984867
2025-03-04T17:00:00Z,0.9475327459983809
2025-03-04T18:00:00Z,0.9583445580784351
2025-03-04T19:00:00Z,0.9722955465247688
2025-03-04T20:00:00Z,0.9834743570480468
2025-03-04T21:00:00Z,0.9968022396147511
2025-03-04T22:00:00Z,0.9976329042678752
2025-03-04T23:00:00Z,1.0
2025-03-05T00:00:00Z,1.0
2025-03-05T01:00:00Z,1.0
2025-03-05T02:00:00Z,1.0
2025-03-05T03:00:00Z,1.0
2025-03-05T04:00:00Z,1.0
2025-03-05T05:00:00Z,0.9992564176382082
2025-03-05T06:00:00Z,0.998791941011761
2025-03-05T07:00:00Z,0.9978478048499378
2025-03-05T08:00:00Z,0.9977060200190336
2025-03-05T09:00:00Z,0.9985283817533324
2025-03-05T10:00:00Z,0.9972085738225637
2025-03-05T11:00:00Z,0.9805949887095752
2025-03-05T12:00:00Z,0.958226534695913
2025-03-05T13:00:00Z,0.9973921697097746
2025-03-05T14:00:00Z,1.0
2025-03-05T15:00:00Z,0.999085499578326
2025-03-05T16:00:00Z,0.9995277582744222
2025-03-05T17:00:00Z,0.9987344226068267
2025-03-05T18:00:00Z,0.9975196326147294
2025-03-05T19:00:00Z,0.9944137472763124
2025-03-05T20:00:00Z,0.990535051846754
2025-03-05T21:00:00Z,0.9857799739163622
2025-03-05T22:00:00Z,0.9880081828067799
2025-03-05T23:00:00Z,0.986119319109115
2025-03-06T00:00:00Z,0.9832776692867441
2025-03-06T01:00:00Z,0.9759450372738565
2025-03-06T02:00:00Z,0.9674247501753057
2025-03-06T03:00:00Z,0.9150241730516131
2025-03-06T04:00:00Z,0.8576789411822512
2025-03-06T05:00:00Z,0.7686631934761684
2025-03-06T06:00:00Z,0.7301437326936543
2025-03-06T07:00:00Z,0.6734026555555621
2025-03-06T08:00:00Z,0.6721773050422067
2025-03-06T09:00:00Z,0.5144629580573908
2025-03-06T10:00:00Z,0.3905751130552488
2025-03-06T11:00:00Z,0.3796244290512993
2025-03-06T12:00:00Z,0.3104292232185688
2025-03-06T13:00:00Z,0.26382507158374113
2025-03-06T14:00:00Z,0.21875900221277414
2025-03-06T15:00:00Z,0.1860021467385808
2025-03-06T16:00:00Z,0.17082087584030758
2025-03-06T17:00:00Z,0.1934390553292102
2025-03-06T18:00:00Z,0.20865028663819662
2025-03-06T19:00:00Z,0.23841664300602086
2025-03-06T20:00:00Z,0.26539116305481986
2025-03-06T21:00:00Z,0.27246700055621065
2025-03-06T22:00:00Z,0.21412384122151965
2025-03-06T23:00:00Z,0.17791461390685087
2025-03-07T00:00:00Z,0.1220459626064763
2025-03-07T01:00:00Z,0.08926988603514413
2025-03-07T02:00:00Z,0.0772175022290055
2025-03-07T03:00:00Z,0.08877198795040235
2025-03-07T04:00:00Z,0.1078874434646002
2025-03-07T05:00:00Z,0.16977299577399924
2025-03-07T06:00:00Z,0.2632498190881028
2025-03-07T07:00:00Z,0.2686938793432848
2025-03-07T08:00:00Z,0.21679453134170765
2025-03-07T09:00:00Z,0.12903012322129187
2025-03-07T10:00:00Z,0.11179597636333513
2025-03-07T11:00:00Z,0.1369318018964829
2025-03-07T12:00:00Z,0.14980711795776905
2025-03-07T13:00:00Z,0.17227639000513162
2025-03-07T14:00:00Z,0.21060702295790323
2025-03-07T15:00:00Z,0.2655490848045561
2025-03-07T16:00:00Z,0.2545552995905826
2025-03-07T17:00:00Z,0.19767243843584298
2025-03-07T18:00:00Z,0.15846797937360907
2025-03-07T19:00:00Z,0.1590805402277314
2025-03-07T20:00:00Z,0.1664892607124801
2025-03-07T21:00:00Z,0.16061295853222007
2025-03-07T22:00:00Z,0.15480930612595128
2025-03-07T23:00:00Z,0.1334959478398266
2025-03-08T00:00:00Z,0.09036895042686746
2025-03-08T01:00:00Z,0.07797101877628597
2025-03-08T02:00:00Z,0.05744663739717769
2025-03-08T03:00:00Z,0.024424646678489263
2025-03-08T04:00:00Z,0.0011668877191425694
2025-03-08T05:00:00Z,0.0
2025-03-08T06:00:00Z,0.0
2025-03-08T07:00:00Z,0.0
2025-03-08T08:00:00Z,0.0
2025-03-08T09:00:00Z,0.0
2025-03-08T10:00:00Z,0.0
2025-03-08T11:00:00Z,0.0
2025-03-08T12:00:00Z,0.0
2025-03-08T13:00:00Z,0.0
2025-03-08T14:00:00Z,0.0
2025-03-08T15:00:00Z,0.0
2025-03-08T16:00:00Z,0.0
2025-03-08T17:00:00Z,0.0
2025-03-08T18:00:00Z,0.0
2025-03-08T19:00:00Z,0.0
2025-03-08T20:00:00Z,0.0
2025-03-08T21:00:00Z,9.792934044402288e-05
2025-03-08T22:00:00Z,0.0011665744776818358
2025-03-08T23:00:00Z,0.0014365204187184245
2025-03-09T00:00:00Z,0.0013634841570644531
2025-03-09T01:00:00Z,0.001475253408570499
2025-03-09T02:00:00Z,0.007803414708356214
2025-03-09T03:00:00Z,0.020531104710976092
2025-03-09T04:00:00Z,0.030256054599835637
2025-03-09T05:00:00Z,0.0321109957126627
2025-03-09T06:00:00Z,0.03769835062412594
2025-03-09T07:00:00Z,0.05933631795525514
2025-03-09T08:00:00Z,0.04935020825818824
2025-03-09T09:00:00Z,0.005947220212525531
2025-03-09T10:00:00Z,0.00022964045769711524
2025-03-09T11:00:00Z,0.0
2025-03-09T12:00:00Z,0.0
2025-03-09T13:00:00Z,0.0
2025-03-09T14:00:00Z,0.0
2025-03-09T15:00:00Z,0.0
2025-03-09T16:00:00Z,0.0
2025-03-09T17:00:00Z,0.0
2025-03-09T18:00:00Z,0.0
2025-03-09T19:00:00Z,0.00041017912530393063
2025-03-09T20:00:00Z,0.0014152741098050886
2025-03-09T21:00:00Z,0.047299959167808284
2025-03-09T22:00:00Z,0.06095888314067708
2025-03-09T23:00:00Z,0.06921370610815669
2025-03-10T00:00:00Z,0.0732056762046724
2025-03-10T01:00:00Z,0.07630748023792266
2025-03-10T02:00:00Z,0.07359033950427592
2025-03-10T03:00:00Z,0.04566683240354137
2025-03-10T04:00:00Z,0.00815991416167305
2025-03-10T05:00:00Z,0.0011994146458646758
2025-03-10T06:00:00Z,0.0011470667615929625
2025-03-10T07:00:00Z,0.0034631688964500214
2025-03-10T08:00:00Z,0.00563877170235854
2025-03-10T09:00:00Z,0.0004783599250468961
2025-03-10T10:00:00Z,0.0002902622176918055
2025-03-10T11:00:00Z,0.0
2025-03-10T12:00:00Z,0.00038171483542784307
2025-03-10T13:00:00Z,0.0556942463035106
2025-03-10T14:00:00Z,0.09383074117764285
2025-03-10T15:00:00Z,0.1318822960010517
2025-03-10T16:00:00Z,0.20445969768742078
2025-03-10T17:00:00Z,0.28347050647385136
2025-03-10T18:00:00Z,0.3149410478983148
2025-03-10T19:00:00Z,0.31651952056617266
2025-03-10T20:00:00Z,0.29393394048877197
2025-03-10T21:00:00Z,0.25737954985464156
2025-03-10T22:00:00Z,0.14313046830043827
2025-03-10T23:00:00Z,0.11168775619517277
2025-03-11T00:00:00Z,0.0873603708597254
2025-03-11T01:00:00Z,0.07019610827783765
2025-03-11T02:00:00Z,0.07256623893947749
2025-03-11T03:00:00Z,0.0706579300218656
2025-03-11T04:00:00Z,0.055458154398330496
2025-03-11T05:00:00Z,0.047271773346179075
2025-03-11T06:00:00Z,0.048744970054047855
2025-03-11T07:00:00Z,0.04760364023449931
2025-03-11T08:00:00Z,0.06389417208528095
2025-03-11T09:00:00Z,0.06598055568030173
2025-03-11T10:00:00Z,0.013114419188555956
2025-03-11T11:00:00Z,0.0045991661375317985
2025-03-11T12:00:00Z,0.02971289739116854
2025-03-11T13:00:00Z,0.025426187719850595
2025-03-11T14:00:00Z,0.001632792430599341
2025-03-11T15:00:00Z,0.004843799071633954
2025-03-11T16:00:00Z,0.0419275619953598
2025-03-11T17:00:00Z,0.09642353243391341
2025-03-11T18:00:00Z,0.12921143770047014
2025-03-11T19:00:00Z,0.13985700776272567
2025-03-11T20:00:00Z,0.15267764132669995
2025-03-11T21:00:00Z,0.17656764241624648
2025-03-11T22:00:00Z,0.14950412670834232
2025-03-11T23:00:00Z,0.16957195565685243
2025-03-12T00:00:00Z,0.2316906695198043
2025-03-12T01:00:00Z,0.2765177224212558
2025-03-12T02:00:00Z,0.3753283496986371
2025-03-12T03:00:00Z,0.33611528930496193
2025-03-12T04:00:00Z,0.29956169628360807
2025-03-12T05:00:00Z,0.2878877122548373
2025-03-12T06:00:00Z,0.3096172587896447
2025-03-12T07:00:00Z,0.330752824333552
2025-03-12T08:00:00Z,0.39644878982073084
2025-03-12T09:00:00Z,0.40053624945332317
2025-03-12T10:00:00Z,0.23887790447234097
2025-03-12T11:00:00Z,0.15484797215917057
2025-03-12T12:00:00Z,0.15179892603925998
2025-03-12T13:00:00Z,0.13302589914990756
2025-03-12T14:00:00Z,0.10360431301247577
2025-03-12T15:00:00Z,0.08078185028978857
2025-03-12T16:00:00Z,0.06767831241718754
2025-03-12T17:00:00Z,0.0644046957957711
2025-03-12T18:00:00Z,0.07045413073207837
2025-03-12T19:00:00Z,0.06551298576786001
2025-03-12T20:00:00Z,0.058915627502153456
2025-03-12T21:00:00Z,0.061006593442782545
2025-03-12T22:00:00Z,0.059845407117931765
2025-03-12T23:00:00Z,0.06436717469041689
2025-03-13T00:00:00Z,0.06265489601581103
2025-03-13T01:00:00Z,0.07990362320862691
2025-03-13T02:00:00Z,0.0925317173468863
2025-03-13T03:00:00Z,0.09278141960990742
2025-03-13T04:00:00Z,0.10210407844907829
2025-03-13T05:00:00Z,0.11450516837116106
2025-03-13T06:00:00Z,0.11923031899547186
2025-03-13T07:00:00Z,0.09460402840265691
2025-03-13T08:00:00Z,0.10035376629033514
2025-03-13T09:00:00Z,0.06642607494897618
2025-03-13T10:00:00Z,0.038593828655823885
2025-03-13T11:00:00Z,0.0011880690500195108
2025-03-13T12:00:00Z,0.00043351051008877337
2025-03-13T13:00:00Z,0.0019396394858641607
2025-03-13T14:00:00Z,0.04835287902840993
2025-03-13T15:00:00Z,0.1642232609626171
2025-03-13T16:00:00Z,0.32467442002427116
2025-03-13T17:00:00Z,0.32938829755271615
2025-03-13T18:00:00Z,0.3571814754208113
2025-03-13T19:00:00Z,0.3588966197343244
2025-03-13T20:00:00Z,0.31566561003759047
2025-03-13T21:00:00Z,0.2361902894497537
2025-03-13T22:00:00Z,0.21227646123100566
2025-03-13T23:00:00Z,0.16380353673761877
2025-03-14T00:00:00Z,0.1645360414738552
2025-03-14T01:00:00Z,0.15754019585515847
2025-03-14T02:00:00Z,0.13371907535623434
2025-03-14T03:00:00Z,0.11199178275469837
2025-03-14T04:00:00Z,0.08453033666955284
2025-03-14T05:00:00Z,0.05651528261286086
2025-03-14T06:00:00Z,0.02786004298866949
2025-03-14T07:00:00Z,0.0015664374804957482
2025-03-14T08:00:00Z,0.0
2025-03-14T09:00:00Z,0.0
2025-03-14T10:00:00Z,0.00264680059773481
2025-03-14T11:00:00Z,0.013699673265615562
2025-03-14T12:00:00Z,0.001549273483831359
2025-03-14T13:00:00Z,0.0011664928108762447
2025-03-14T14:00:00Z,0.02443124937916061
2025-03-14T15:00:00Z,0.04327983915621234
2025-03-14T16:00:00Z,0.06643569442107151
2025-03-14T17:00:00Z,0.0869736318128213
2025-03-14T18:00:00Z,0.10698161075441724
2025-03-14T19:00:00Z,0.11166970109718215
2025-03-14T20:00:00Z,0.08311223792905206
2025-03-14T21:00:00Z,0.030072473865384884
2025-03-14T22:00:00Z,0.01593136501765779
2025-03-14T23:00:00Z,0.014323546746563796
2025-03-15T00:00:00Z,0.009473614797688316
2025-03-15T01:00:00Z,0.0015528393611266454
2025-03-15T02:00:00Z,0.010335417338307179
2025-03-15T03:00:00Z,0.0507363631830266
2025-03-15T04:00:00Z,0.08620107892589907
2025-03-15T05:00:00Z,0.12795343661496988
2025-03-15T06:00:00Z,0.17993475688836286
2025-03-15T07:00:00Z,0.23675573866234648
2025-03-15T08:00:00Z,0.29520699618346075
2025-03-15T09:00:00Z,0.40568035198547464
2025-03-15T10:00:00Z,0.4727752302605936
2025-03-15T11:00:00Z,0.5936432391142552
2025-03-15T12:00:00Z,0.6258264945688928
2025-03-15T13:00:00Z,0.6464899754307422
2025-03-15T14:00:00Z,0.6579921309950939
2025-03-15T15:00:00Z,0.4400568673640446
2025-03-15T16:00:00Z,0.4919195612859626
2025-03-15T17:00:00Z,0.5419074292399307
2025-03-15T18:00:00Z,0.5772153557318339
2025-03-15T19:00:00Z,0.6175242889811041
2025-03-15T20:00:00Z,0.5918093277634877
2025-03-15T21:00:00Z,0.564187337405924
2025-03-15T22:00:00Z,0.5742630646849907
2025-03-15T23:00:00Z,0.5937501616486217
2025-03-16T00:00:00Z,0.6565487796908223
2025-03-16T01:00:00Z,0.6881723993718649
2025-03-16T02:00:00Z,0.6575704716826191
2025-03-16T03:00:00Z,0.6232739019344178
2025-03-16T04:00:00Z,0.5474377071175672
2025-03-16T05:00:00Z,0.4018634089952784
2025-03-16T06:00:00Z,0.2771001491451165
2025-03-16T07:00:00Z,0.13641243928954705
2025-03-16T08:00:00Z,0.05053113734637003
2025-03-16T09:00:00Z,0.0794697016436312
2025-03-16T10:00:00Z,0.4033526592361731
2025-03-16T11:00:00Z,0.6853287647756131
2025-03-16T12:00:00Z,0.6642199521553531
2025-03-16T13:00:00Z,0.48569677399307326
2025-03-16T14:00:00Z,0.4493481007182511
2025-03-16T15:00:00Z,0.47044223222851045
2025-03-16T16:00:00Z,0.3798322741401205
2025-03-16T17:00:00Z,0.35586912346816674
2025-03-16T18:00:00Z,0.3680886054036446
2025-03-16T19:00:00Z,0.4142053697522226
2025-03-16T20:00:00Z,0.4626402294960258
2025-03-16T21:00:00Z,0.4816527083206951
2025-03-16T22:00:00Z,0.4051450532475987
2025-03-16T23:00:00Z,0.27476116812825285
2025-03-17T00:00:00Z,0.16227643512309525
2025-03-17T01:00:00Z,0.15573970021838837
2025-03-17T02:00:00Z,0.12994983711726532
2025-03-17T03:00:00Z,0.11001434276418846
2025-03-17T04:00:00Z,0.05946000716497709
2025-03-17T05:00:00Z,0.0016072801235994592
2025-03-17T06:00:00Z,0.0003555862906696644
2025-03-17T07:00:00Z,0.0027374114967234535
2025-03-17T08:00:00Z,0.020944423810341086
2025-03-17T09:00:00Z,0.07485665792892708
2025-03-17T10:00:00Z,0.0885425233617393
2025-03-17T11:00:00Z,0.15789681322597623
2025-03-17T12:00:00Z,0.24938263212310555
2025-03-17T13:00:00Z,0.3215882191171676
2025-03-17T14:00:00Z,0.4555975128965919
2025-03-17T15:00:00Z,0.37583332961885657
2025-03-17T16:00:00Z,0.4429306775582302
2025-03-17T17:00:00Z,0.6086480302882336
2025-03-17T18:00:00Z,0.6144359988600303
2025-03-17T19:00:00Z,0.53856213082079
2025-03-17T20:00:00Z,0.4517790076676911
2025-03-17T21:00:00Z,0.43181425202564866
2025-03-17T22:00:00Z,0.328625392834106
2025-03-17T23:00:00Z,0.2678745018501908
2025-03-18T00:00:00Z,0.21535996102482022
2025-03-18T01:00:00Z,0.1609734885086405
2025-03-18T02:00:00Z,0.1421094096388208
2025-03-18T03:00:00Z,0.15084885822953123
2025-03-18T04:00:00Z,0.14731385368032504
2025-03-18T05:00:00Z,0.127215579757916
2025-03-18T06:00:00Z,0.09281652210299471
2025-03-18T07:00:00Z,0.04722862046855792
2025-03-18T08:00:00Z,0.0007512864874326773
2025-03-18T09:00:00Z,0.0007848976639343162
2025-03-18T10:00:00Z,0.03624907467106085
2025-03-18T11:00:00Z,0.05492028685664062
2025-03-18T12:00:00Z,0.07242928875304491
2025-03-18T13:00:00Z,0.07933578128211137
2025-03-18T14:00:00Z,0.09743772276369816
2025-03-18T15:00:00Z,0.12199222551424878
2025-03-18T16:00:00Z,0.17303431273632888
2025-03-18T17:00:00Z,0.29800696137765437
2025-03-18T18:00:00Z,0.4086837092076121
2025-03-18T19:00:00Z,0.4769193319132234
2025-03-18T20:00:00Z,0.4682906933591951
2025-03-18T21:00:00Z,0.42942869551762297
2025-03-18T22:00:00Z,0.30291203787120347
2025-03-18T23:00:00Z,0.30065201846345696
2025-03-19T00:00:00Z,0.29930718369808285
2025-03-19T01:00:00Z,0.2862666716765884
2025-03-19T02:00:00Z,0.25758006718100074
2025-03-19T03:00:00Z,0.21989310410067958
2025-03-19T04:00:00Z,0.17150647436905475
2025-03-19T05:00:00Z,0.15356176557953577
2025-03-19T06:00:00Z,0.13804152711041057
2025-03-19T07:00:00Z,0.10947967676383209
2025-03-19T08:00:00Z,0.10031222682346257
2025-03-19T09:00:00Z,0.06904695403323317
2025-03-19T10:00:00Z,0.059315605385676144
2025-03-19T11:00:00Z,0.07267813030149539
2025-03-19T12:00:00Z,0.08616991395721975
2025-03-19T13:00:00Z,0.105343407707031
2025-03-19T14:00:00Z,0.13113529384618075
2025-03-19T15:00:00Z,0.11746520539179849
2025-03-19T16:00:00Z,0.090770461732116
2025-03-19T17:00:00Z,0.12048317364205349
2025-03-19T18:00:00Z,0.1477597298758928
2025-03-19T19:00:00Z,0.16386203336398733
2025-03-19T20:00:00Z,0.16850223118448032
2025-03-19T21:00:00Z,0.15356646669460594
2025-03-19T22:00:00Z,0.12527847554174168
2025-03-19T23:00:00Z,0.14186142719589834
2025-03-20T00:00:00Z,0.1555145584004013
2025-03-20T01:00:00Z,0.1516423891172499
2025-03-20T02:00:00Z,0.1494683133522494
2025-03-20T03:00:00Z,0.16722861362612
2025-03-20T04:00:00Z,0.16284456144531148
2025-03-20T05:00:00Z,0.16698766579155147
2025-03-20T06:00:00Z,0.14846364540053256
2025-03-20T07:00:00Z,0.12840263555504483
2025-03-20T08:00:00Z,0.08554851702772559
2025-03-20T09:00:00Z,0.05708067400605992
2025-03-20T10:00:00Z,0.056869909103393915
2025-03-20T11:00:00Z,0.04752265549216351
2025-03-20T12:00:00Z,0.0486291869954241
2025-03-20T13:00:00Z,0.06169531750633286
2025-03-20T14:00:00Z,0.07659444876385238
2025-03-20T15:00:00Z,0.061743694365746365
2025-03-20T16:00:00Z,0.05108426029833363
2025-03-20T17:00:00Z,0.06512218809987609
2025-03-20T18:00:00Z,0.061893691595713736
2025-03-20T19:00:00Z,0.051570592814929955
2025-03-20T20:00:00Z,0.043729392553178155
2025-03-20T21:00:00Z,0.03308361506199488
2025-03-20T22:00:00Z,0.04467605613122698
2025-03-20T23:00:00Z,0.05231321666237653
2025-03-21T00:00:00Z,0.06253492638555712
2025-03-21T01:00:00Z,0.08695555804784673
2025-03-21T02:00:00Z,0.11855675711662692
2025-03-21T03:00:00Z,0.12158726011829411
2025-03-21T04:00:00Z,0.12808883110264965
2025-03-21T05:00:00Z,0.17283429704837847
2025-03-21T06:00:00Z,0.2457114416185095
2025-03-21T07:00:00Z,0.17614220087094318
2025-03-21T08:00:00Z,0.09740436839579815
2025-03-21T09:00:00Z,0.07344450817820355
2025-03-21T10:00:00Z,0.04052282057219497
2025-03-21T11:00:00Z,0.024894391795861236
2025-03-21T12:00:00Z,0.014250268862277317
2025-03-21T13:00:00Z,0.026392706241892612
2025-03-21T14:00:00Z,0.05122464767919485
2025-03-21T15:00:00Z,0.06102845129510095
2025-03-21T16:00:00Z,0.11137961846817214
2025-03-21T17:00:00Z,0.2225984096027565
2025-03-21T18:00:00Z,0.45065093072652285
2025-03-21T19:00:00Z,0.6519975301445141
2025-03-21T20:00:00Z,0.653996019069462
2025-03-21T21:00:00Z,0.526911896493167
2025-03-21T22:00:00Z,0.3949044740268031
2025-03-21T23:00:00Z,0.441134117077272
2025-03-22T00:00:00Z,0.4781545913485271
2025-03-22T01:00:00Z,0.5817293757821821
2025-03-22T02:00:00Z,0.7191567823019438
2025-03-22T03:00:00Z,0.8143796512642623
2025-03-22T04:00:00Z,0.8026885136609406
2025-03-22T05:00:00Z,0.7845086819008434
2025-03-22T06:00:00Z,0.7663404661186437
2025-03-22T07:00:00Z,0.8507281450097013
2025-03-22T08:00:00Z,0.5477002549650094
2025-03-22T09:00:00Z,0.5128120222010567
2025-03-22T10:00:00Z,0.349520254829737
2025-03-22T11:00:00Z,0.3299040094543604
2025-03-22T12:00:00Z,0.2921290722511577
2025-03-22T13:00:00Z,0.29543021001008235
2025-03-22T14:00:00Z,0.2865261719465696
2025-03-22T15:00:00Z,0.22772851199514346
2025-03-22T16:00:00Z,0.34735529487233796
2025-03-22T17:00:00Z,0.5178500033709281
2025-03-22T18:00:00Z,0.7369179892489186
2025-03-22T19:00:00Z,0.8459894878159395
2025-03-22T20:00:00Z,0.8704523639735641
2025-03-22T21:00:00Z,0.8802402576130507
2025-03-22T22:00:00Z,0.9369581012276981
2025-03-22T23:00:00Z,0.9089097573614261
2025-03-23T00:00:00Z,0.8750705795849023
2025-03-23T01:00:00Z,0.8817251389718443
2025-03-23T02:00:00Z,0.9079621513364395
2025-03-23T03:00:00Z,0.9557293926607001
2025-03-23T04:00:00Z,0.9630689886905291
2025-03-23T05:00:00Z,0.9381280198003653
2025-03-23T06:00:00Z,0.9036888722634104
2025-03-23T07:00:00Z,0.8863643407440606
2025-03-23T08:00:00Z,0.686870013400873
2025-03-23T09:00:00Z,0.6269664451237269
2025-03-23T10:00:00Z,0.565658089770603
2025-03-23T11:00:00Z,0.6128346301385516
2025-03-23T12:00:00Z,0.6496638184879645
2025-03-23T13:00:00Z,0.6205159647830726
2025-03-23T14:00:00Z,0.5956115307935866
2025-03-23T15:00:00Z,0.5173305275209527
2025-03-23T16:00:00Z,0.553423792853049
2025-03-23T17:00:00Z,0.6243122937346018
2025-03-23T18:00:00Z,0.7314346677613306
2025-03-23T19:00:00Z,0.7702589764155341
2025-03-23T20:00:00Z,0.7210512875138665
2025-03-23T21:00:00Z,0.6047490597647581
2025-03-23T22:00:00Z,0.5176189736371785
2025-03-23T23:00:00Z,0.44272742435565
2025-03-24T00:00:00Z,0.3365957578686212
2025-03-24T01:00:00Z,0.24502988788284588
2025-03-24T02:00:00Z,0.1524790457258752
2025-03-24T03:00:00Z,0.08988757708175467
2025-03-24T04:00:00Z,0.08179641948405306
2025-03-24T05:00:00Z,0.07919386321045555
2025-03-24T06:00:00Z,0.08098039727026574
2025-03-24T07:00:00Z,0.04590992797969975
2025-03-24T08:00:00Z,0.0010935100936337182
2025-03-24T09:00:00Z,0.0002786381306798782
2025-03-24T10:00:00Z,0.0
2025-03-24T11:00:00Z,0.0
2025-03-24T12:00:00Z,0.00029280344169580575
2025-03-24T13:00:00Z,0.0009656589292665478
2025-03-24T14:00:00Z,0.006937218628395316
2025-03-24T15:00:00Z,0.01544048909583302
2025-03-24T16:00:00Z,0.011007115791987257
2025-03-24T17:00:00Z,0.05027999302432177
2025-03-24T18:00:00Z,0.07907227567429798
2025-03-24T19:00:00Z,0.1238771468457893
2025-03-24T20:00:00Z,0.17118059352581466
2025-03-24T21:00:00Z,0.2515763989374131
2025-03-24T22:00:00Z,0.2797059452931201
2025-03-24T23:00:00Z,0.25989988030692474
2025-03-25T00:00:00Z,0.26162735671792775
2025-03-25T01:00:00Z,0.27074994206989933
2025-03-25T02:00:00Z,0.24240019012605535
2025-03-25T03:00:00Z,0.3036149825914206
2025-03-25T04:00:00Z,0.3851997765346634
2025-03-25T05:00:00Z,0.3644401294966883
2025-03-25T06:00:00Z,0.412461795689879
2025-03-25T07:00:00Z,0.4313306756230068
2025-03-25T08:00:00Z,0.4974419169009927
2025-03-25T09:00:00Z,0.561902885598275
2025-03-25T10:00:00Z,0.5109546739427505
2025-03-25T11:00:00Z,0.5553652703793656
2025-03-25T12:00:00Z,0.6073044458683865
2025-03-25T13:00:00Z,0.5299238831133019
2025-03-25T14:00:00Z,0.3579079128984886
2025-03-25T15:00:00Z,0.32139521233082347
2025-03-25T16:00:00Z,0.3068486959545719
2025-03-25T17:00:00Z,0.3928771058930153
2025-03-25T18:00:00Z,0.4058071970174201
2025-03-25T19:00:00Z,0.3947063627060551
2025-03-25T20:00:00Z,0.34911661064005484
2025-03-25T21:00:00Z,0.3030092145898716
2025-03-25T22:00:00Z,0.289858683634836
2025-03-25T23:00:00Z,0.26465812107116693
2025-03-26T00:00:00Z,0.26888178734428114
2025-03-26T01:00:00Z,0.26163734114149184
2025-03-26T02:00:00Z,0.2780474769859304
2025-03-26T03:00:00Z,0.27430673207453177
2025-03-26T04:00:00Z,0.2735590751219757
2025-03-26T05:00:00Z,0.2366420650837486
2025-03-26T06:00:00Z,0.19960539574042185
2025-03-26T07:00:00Z,0.13296181967178916
2025-03-26T08:00:00Z,0.06162938170362961
2025-03-26T09:00:00Z,0.04257747291607257
2025-03-26T10:00:00Z,0.01881513427457024
2025-03-26T11:00:00Z,0.03440579986990849
2025-03-26T12:00:00Z,0.06433068762164179
2025-03-26T13:00:00Z,0.06843858443820815
2025-03-26T14:00:00Z,0.08227600195941062
2025-03-26T15:00:00Z,0.054733581382553874
2025-03-26T16:00:00Z,0.04177971801705458
2025-03-26T17:00:00Z,0.02587814390552878
2025-03-26T18:00:00Z,0.0016216998415406923
2025-03-26T19:00:00Z,0.0428485205636599
2025-03-26T20:00:00Z,0.09642087919231966
2025-03-26T21:00:00Z,0.14691840154313307
2025-03-26T22:00:00Z,0.21798267664328488
2025-03-26T23:00:00Z,0.24734373669627033
2025-03-27T00:00:00Z,0.25455477898375684
2025-03-27T01:00:00Z,0.23616888446849857
2025-03-27T02:00:00Z,0.26826999799210316
2025-03-27T03:00:00Z,0.39174310938916523
2025-03-27T04:00:00Z,0.4454459382292827
2025-03-27T05:00:00Z,0.4369554549303333
2025-03-27T06:00:00Z,0.428611674979984
2025-03-27T07:00:00Z,0.4345089959369663
2025-03-27T08:00:00Z,0.38207223798480416
2025-03-27T09:00:00Z,0.34118720088706034
2025-03-27T10:00:00Z,0.31137146259844056
2025-03-27T11:00:00Z,0.317452971980054
2025-03-27T12:00:00Z,0.3264621969994665
2025-03-27T13:00:00Z,0.34325181074754824
2025-03-27T14:00:00Z,0.28497456218057643
2025-03-27T15:00:00Z,0.23337254920073583
2025-03-27T16:00:00Z,0.2999938284891704
2025-03-27T17:00:00Z,0.2868529430440065
2025-03-27T18:00:00Z,0.297717052810247
2025-03-27T19:00:00Z,0.33695562981557664
2025-03-27T20:00:00Z,0.3832505245538068
2025-03-27T21:00:00Z,0.41544750783271717
2025-03-27T22:00:00Z,0.42049565117583587
2025-03-27T23:00:00Z,0.5051613505800381
2025-03-28T00:00:00Z,0.4907474603884696
2025-03-28T01:00:00Z,0.48870663088617955
2025-03-28T02:00:00Z,0.4732135923446672
2025-03-28T03:00:00Z,0.4284136485065308
2025-03-28T04:00:00Z,0.4350743479495112
2025-03-28T05:00:00Z,0.4999728326525912
2025-03-28T06:00:00Z,0.5688847140365643
2025-03-28T07:00:00Z,0.5088878955087457
2025-03-28T08:00:00Z,0.6374655274256441
2025-03-28T09:00:00Z,0.7690479981460773
2025-03-28T10:00:00Z,0.76367235123472
2025-03-28T11:00:00Z,0.7948012974698832
2025-03-28T12:00:00Z,0.8037822193357103
2025-03-28T13:00:00Z,0.7702621351794994
2025-03-28T14:00:00Z,0.709615514739615
2025-03-28T15:00:00Z,0.5628219719870943
2025-03-28T16:00:00Z,0.5581063572331161
2025-03-28T17:00:00Z,0.4286053430282591
2025-03-28T18:00:00Z,0.3315622877290061
2025-03-28T19:00:00Z,0.26190716380006546
2025-03-28T20:00:00Z,0.22334500262352555
2025-03-28T21:00:00Z,0.19397874553823524
2025-03-28T22:00:00Z,0.16275076688491763
2025-03-28T23:00:00Z,0.15853904539326252
2025-03-29T00:00:00Z,0.1389005732375486
2025-03-29T01:00:00Z,0.11048620139366441
2025-03-29T02:00:00Z,0.089499085765184
2025-03-29T03:00:00Z,0.07581858837811917
2025-03-29T04:00:00Z,0.06573433937601474
2025-03-29T05:00:00Z,0.05910757442581683
2025-03-29T06:00:00Z,0.03895436863128322
2025-03-29T07:00:00Z,0.03198064940931857
2025-03-29T08:00:00Z,0.08746336302566117
2025-03-29T09:00:00Z,0.09968133216646405
2025-03-29T10:00:00Z,0.10007568780743292
2025-03-29T11:00:00Z,0.1433995159800593
2025-03-29T12:00:00Z,0.17082440238043717
2025-03-29T13:00:00Z,0.2710030051950618
2025-03-29T14:00:00Z,0.31257932621692025
2025-03-29T15:00:00Z,0.2837488908212187
2025-03-29T16:00:00Z,0.16691726458134087
2025-03-29T17:00:00Z,0.18062169646521686
2025-03-29T18:00:00Z,0.2313092343091565
2025-03-29T19:00:00Z,0.23906398421676114
2025-03-29T20:00:00Z,0.24151300667326053
2025-03-29T21:00:00Z,0.21729668399980742
2025-03-29T22:00:00Z,0.21218896700890572
2025-03-29T23:00:00Z,0.23248405735416264
2025-03-30T00:00:00Z,0.2661963719606119
2025-03-30T01:00:00Z,0.3580623510467065
2025-03-30T02:00:00Z,0.42249048412110135
2025-03-30T03:00:00Z,0.6057789776011909
2025-03-30T04:00:00Z,0.7802137406864839
2025-03-30T05:00:00Z,0.9296565218975437
2025-03-30T06:00:00Z,0.9728243998607089
2025-03-30T07:00:00Z,0.9628311124216771
2025-03-30T08:00:00Z,0.9693631869518592
2025-03-30T09:00:00Z,0.9090050829286794
2025-03-30T10:00:00Z,0.4381974822819574
2025-03-30T11:00:00Z,0.13636487384381538
2025-03-30T12:00:00Z,0.041974064462769835
2025-03-30T13:00:00Z,1.454311698764845e-05
2025-03-30T14:00:00Z,0.0
2025-03-30T15:00:00Z,0.02716559382093117
2025-03-30T16:00:00Z,0.16672410999406947
2025-03-30T17:00:00Z,0.3411946116404612
2025-03-30T18:00:00Z,0.4116852131478386
2025-03-30T19:00:00Z,0.3906778612870622
2025-03-30T20:00:00Z,0.39380630428249735
2025-03-30T21:00:00Z,0.4169412599598554
2025-03-30T22:00:00Z,0.3900518200239127
2025-03-30T23:00:00Z,0.3424693945892851
2025-03-31T00:00:00Z,0.2888179271924554
2025-03-31T01:00:00Z,0.2310339904869658
2025-03-31T02:00:00Z,0.17057825641816984
2025-03-31T03:00:00Z,0.13292798115281132
2025-03-31T04:00:00Z,0.09319190788579548
2025-03-31T05:00:00Z,0.06839096534189688
2025-03-31T06:00:00Z,0.06042303271498758
2025-03-31T07:00:00Z,0.015346679012289454
2025-03-31T08:00:00Z,0.024052469898657104
2025-03-31T09:00:00Z,0.03202274713016793
2025-03-31T10:00:00Z,0.02278828589649301
2025-03-31T11:00:00Z,0.03716432389428802
2025-03-31T12:00:00Z,0.068907664138323
2025-03-31T13:00:00Z,0.08529338882787504
2025-03-31T14:00:00Z,0.13754029443004662
2025-03-31T15:00:00Z,0.15691028314375294
2025-03-31T16:00:00Z,0.15812855634052686
2025-03-31T17:00:00Z,0.21274940489482597
2025-03-31T18:00:00Z,0.30601481569485556
2025-03-31T19:00:00Z,0.27149039981915046
2025-03-31T20:00:00Z,0.192433283465588
2025-03-31T21:00:00Z,0.11661329600287333
2025-03-31T22:00:00Z,0.08291315554937735
2025-03-31T23:00:00Z,0.07812685764138406
2025-04-01T00:00:00Z,0.0667201682231866
2025-04-01T01:00:00Z,0.04119399861168312
2025-04-01T02:00:00Z,0.0107330848922438
2025-04-01T03:00:00Z,0.000824926081958619
2025-04-01T04:00:00Z,0.0
2025-04-01T05:00:00Z,0.0
2025-04-01T06:00:00Z,0.0
2025-04-01T07:00:00Z,0.0
2025-04-01T08:00:00Z,0.0
2025-04-01T09:00:00Z,0.0
2025-04-01T10:00:00Z,0.0
2025-04-01T11:00:00Z,0.0
2025-04-01T12:00:00Z,0.0
2025-04-01T13:00:00Z,0.0
2025-04-01T14:00:00Z,0.0
2025-04-01T15:00:00Z,0.0005281980805354132
2025-04-01T16:00:00Z,0.006713815320742866
2025-04-01T17:00:00Z,0.0366705444396913
2025-04-01T18:00:00Z,0.04908228863972858
2025-04-01T19:00:00Z,0.05263626820231258
2025-04-01T20:00:00Z,0.047406618655674984
2025-04-01T21:00:00Z,0.03744661866092694
2025-04-01T22:00:00Z,0.04454859516623271
2025-04-01T23:00:00Z,0.050877971998877135
2025-04-02T00:00:00Z,0.0434570618708879
2025-04-02T01:00:00Z,0.025017008365415712
2025-04-02T02:00:00Z,0.001633227345627432
2025-04-02T03:00:00Z,0.0008234163106771538
2025-04-02T04:00:00Z,0.0
2025-04-02T05:00:00Z,0.0
2025-04-02T06:00:00Z,0.0
2025-04-02T07:00:00Z,0.0
2025-04-02T08:00:00Z,0.0
2025-04-02T09:00:00Z,0.0
2025-04-02T10:00:00Z,0.0
2025-04-02T11:00:00Z,0.0
2025-04-02T12:00:00Z,0.0
2025-04-02T13:00:00Z,0.0
2025-04-02T14:00:00Z,0.0
2025-04-02T15:00:00Z,0.0005225340510535986
2025-04-02T16:00:00Z,0.02668235412624531
2025-04-02T17:00:00Z,0.07136292386619757
2025-04-02T18:00:00Z,0.08734517197337077
2025-04-02T19:00:00Z,0.08268166270164759
2025-04-02T20:00:00Z,0.0671895048656435
2025-04-02T21:00:00Z,0.040508692105606176
2025-04-02T22:00:00Z,0.024967992430689246
2025-04-02T23:00:00Z,0.0015676409333775338
2025-04-03T00:00:00Z,0.000807004266459696
2025-04-03T01:00:00Z,0.0
2025-04-03T02:00:00Z,0.0
2025-04-03T03:00:00Z,0.0
2025-04-03T04:00:00Z,0.0
2025-04-03T05:00:00Z,0.0
2025-04-03T06:00:00Z,0.0008593445681547826
2025-04-03T07:00:00Z,0.008472807004126264
2025-04-03T08:00:00Z,0.0012799042391553324
2025-04-03T09:00:00Z,0.001496519459703985
2025-04-03T10:00:00Z,0.0016236470639810852
2025-04-03T11:00:00Z,0.0396022709302767
2025-04-03T12:00:00Z,0.0582997079943674
2025-04-03T13:00:00Z,0.06501234454274647
2025-04-03T14:00:00Z,0.05837966140674213
2025-04-03T15:00:00Z,0.056797321237680706
2025-04-03T16:00:00Z,0.08613764439898997
2025-04-03T17:00:00Z,0.14402682018485133
2025-04-03T18:00:00Z,0.20298979568211506
2025-04-03T19:00:00Z,0.25254353129232904
2025-04-03T20:00:00Z,0.28801373717721895
2025-04-03T21:00:00Z,0.34276523551312393
2025-04-03T22:00:00Z,0.37956610046663297
2025-04-03T23:00:00Z,0.31472345560416715
2025-04-04T00:00:00Z,0.24000273953427853
2025-04-04T01:00:00Z,0.13640827771689115
2025-04-04T02:00:00Z,0.04655064599608465
2025-04-04T03:00:00Z,0.32693221953109564
2025-04-04T04:00:00Z,0.6817627396907662
2025-04-04T05:00:00Z,0.7753748069291007
2025-04-04T06:00:00Z,0.6930679584650815
2025-04-04T07:00:00Z,0.4258120840306717
2025-04-04T08:00:00Z,0.383508234525302
2025-04-04T09:00:00Z,0.2359807593220906
2025-04-04T10:00:00Z,0.11515527835430642
2025-04-04T11:00:00Z,0.10270864705324452
2025-04-04T12:00:00Z,0.08593917695322198
2025-04-04T13:00:00Z,0.08812412992705379
2025-04-04T14:00:00Z,0.10743255603040676
2025-04-04T15:00:00Z,0.10690198060740239
2025-04-04T16:00:00Z,0.1177265319852011
2025-04-04T17:00:00Z,0.15886677492278647
2025-04-04T18:00:00Z,0.15626866088973407
2025-04-04T19:00:00Z,0.13346307737154084
2025-04-04T20:00:00Z,0.16172750552317003
2025-04-04T21:00:00Z,0.26658724136467576
2025-04-04T22:00:00Z,0.4863135021440684
2025-04-04T23:00:00Z,0.5917092909808015
2025-04-05T00:00:00Z,0.48470390768921756
2025-04-05T01:00:00Z,0.3724103207408697
2025-04-05T02:00:00Z,0.2794609555523122
2025-04-05T03:00:00Z,0.2819174550168689
2025-04-05T04:00:00Z,0.3186673915520045
2025-04-05T05:00:00Z,0.32476271339143664
2025-04-05T06:00:00Z,0.3135777667557639
2025-04-05T07:00:00Z,0.255542897509559
2025-04-05T08:00:00Z,0.39676137130785377
2025-04-05T09:00:00Z,0.3435288062910774
2025-04-05T10:00:00Z,0.18731753423965206
2025-04-05T11:00:00Z,0.16945205751162803
2025-04-05T12:00:00Z,0.21149833834868603
2025-04-05T13:00:00Z,0.21827980028430458
2025-04-05T14:00:00Z,0.25704611340778394
2025-04-05T15:00:00Z,0.35375298690401286
2025-04-05T16:00:00Z,0.3560604696921108
2025-04-05T17:00:00Z,0.13910182072581065
2025-04-05T18:00:00Z,0.0790081666132447
2025-04-05T19:00:00Z,0.07446738421057127
2025-04-05T20:00:00Z,0.07807959165186472
2025-04-05T21:00:00Z,0.07291403193550092
2025-04-05T22:00:00Z,0.06696847351466557
2025-04-05T23:00:00Z,0.026212789845694837
2025-04-06T00:00:00Z,0.0014518381894709285
2025-04-06T01:00:00Z,0.0012221357993097738
2025-04-06T02:00:00Z,0.030458659051799952
2025-04-06T03:00:00Z,0.0649822647702574
2025-04-06T04:00:00Z,0.10923672973850573
2025-04-06T05:00:00Z,0.13440949732626636
2025-04-06T06:00:00Z,0.10811123754154196
2025-04-06T07:00:00Z,0.04542060498859182
2025-04-06T08:00:00Z,0.042272288671520115
2025-04-06T09:00:00Z,0.07225519784144874
2025-04-06T10:00:00Z,0.08031735839145637
2025-04-06T11:00:00Z,0.14272144763175976
2025-04-06T12:00:00Z,0.21873351118356243
2025-04-06T13:00:00Z,0.29200820737821515
2025-04-06T14:00:00Z,0.3186983726547377
2025-04-06T15:00:00Z,0.2815736856319641
2025-04-06T16:00:00Z,0.20307240010292987
2025-04-06T17:00:00Z,0.24470127778653294
2025-04-06T18:00:00Z,0.23407336800963266
2025-04-06T19:00:00Z,0.19728036120777093
2025-04-06T20:00:00Z,0.1562476181067602
2025-04-06T21:00:00Z,0.1319014939638069
2025-04-06T22:00:00Z,0.1564487792487314
2025-04-06T23:00:00Z,0.1442721850091733
2025-04-07T00:00:00Z,0.10947551583547578
2025-04-07T01:00:00Z,0.08749515510178915
2025-04-07T02:00:00Z,0.06950379242029447
2025-04-07T03:00:00Z,0.06129111428159961
2025-04-07T04:00:00Z,0.07451372525550783
2025-04-07T05:00:00Z,0.11531031955950446
2025-04-07T06:00:00Z,0.13007656171458906
2025-04-07T07:00:00Z,0.07419130446868914
2025-04-07T08:00:00Z,0.06099202621751745
2025-04-07T09:00:00Z,0.06533120910548497
2025-04-07T10:00:00Z,0.03827146171388523
2025-04-07T11:00:00Z,0.033371065579477915
2025-04-07T12:00:00Z,0.04789228261114491
2025-04-07T13:00:00Z,0.07564149852836662
2025-04-07T14:00:00Z,0.094419377500842
2025-04-07T15:00:00Z,0.10764478423446609
2025-04-07T16:00:00Z,0.1458207298891557
2025-04-07T17:00:00Z,0.18367599195460624
2025-04-07T18:00:00Z,0.2042452901695403
2025-04-07T19:00:00Z,0.169210239782644
2025-04-07T20:00:00Z,0.12722754069794462
2025-04-07T21:00:00Z,0.09332353846470778
2025-04-07T22:00:00Z,0.09974498960354382
2025-04-07T23:00:00Z,0.08660113834513879
2025-04-08T00:00:00Z,0.07082540647543713
2025-04-08T01:00:00Z,0.06662893849687641
2025-04-08T02:00:00Z,0.06370012548755638
2025-04-08T03:00:00Z,0.05378661883273919
2025-04-08T04:00:00Z,0.03699072133265142
2025-04-08T05:00:00Z,0.0057554850329014475
2025-04-08T06:00:00Z,0.0006794957132569479
2025-04-08T07:00:00Z,0.0
2025-04-08T08:00:00Z,0.0
2025-04-08T09:00:00Z,0.0
2025-04-08T10:00:00Z,0.0
2025-04-08T11:00:00Z,0.0
2025-04-08T12:00:00Z,0.0015657118700519055
2025-04-08T13:00:00Z,0.022431422730191247
2025-04-08T14:00:00Z,0.020040828565092053
2025-04-08T15:00:00Z,0.020465354645843845
2025-04-08T16:00:00Z,0.007699518601618103
2025-04-08T17:00:00Z,0.0015366542077829652
2025-04-08T18:00:00Z,0.0014617408787393523
2025-04-08T19:00:00Z,0.001311692633557546
2025-04-08T20:00:00Z,0.0011809616720422252
2025-04-08T21:00:00Z,0.0010956248279878238
2025-04-08T22:00:00Z,0.019247187202306195
2025-04-08T23:00:00Z,0.03299902188316355
2025-04-09T00:00:00Z,0.05301985628061912
2025-04-09T01:00:00Z,0.07723200515122326
2025-04-09T02:00:00Z,0.08994263166952407
2025-04-09T03:00:00Z,0.0849609035771011
2025-04-09T04:00:00Z,0.08023333163382568
2025-04-09T05:00:00Z,0.09254938840824002
2025-04-09T06:00:00Z,0.08322372695964222
2025-04-09T07:00:00Z,0.01665024706283553
2025-04-09T08:00:00Z,0.03021139660211896
2025-04-09T09:00:00Z,0.05181632612214219
2025-04-09T10:00:00Z,0.016630901985494297
2025-04-09T11:00:00Z,0.04840805895204847
2025-04-09T12:00:00Z,0.07583246372570288
2025-04-09T13:00:00Z,0.16627410781385224
2025-04-09T14:00:00Z,0.1591269483230762
2025-04-09T15:00:00Z,0.14589156223017663
2025-04-09T16:00:00Z,0.11989359975637773
2025-04-09T17:00:00Z,0.10832234463124485
2025-04-09T18:00:00Z,0.08946602991793576
2025-04-09T19:00:00Z,0.16265192265173464
2025-04-09T20:00:00Z,0.2620664916383247
2025-04-09T21:00:00Z,0.23780758572585026
2025-04-09T22:00:00Z,0.2509084378532332
2025-04-09T23:00:00Z,0.23843143173016085
2025-04-10T00:00:00Z,0.17018443042356748
2025-04-10T01:00:00Z,0.1213202149896278
2025-04-10T02:00:00Z,0.1256967196495794
2025-04-10T03:00:00Z,0.044149355522331894
2025-04-10T04:00:00Z,0.0009830312682127334
2025-04-10T05:00:00Z,0.0
2025-04-10T06:00:00Z,0.0
2025-04-10T07:00:00Z,0.0
2025-04-10T08:00:00Z,0.0010008279772150204
2025-04-10T09:00:00Z,0.05771226445371997
2025-04-10T10:00:00Z,0.11088433898726702
2025-04-10T11:00:00Z,0.22221407118297828
2025-04-10T12:00:00Z,0.34866850804690347
2025-04-10T13:00:00Z,0.4465472089350801
2025-04-10T14:00:00Z,0.5350233656703378
2025-04-10T15:00:00Z,0.6446509370629286
2025-04-10T16:00:00Z,0.5946243272834162
2025-04-10T17:00:00Z,0.7675821689509552
2025-04-10T18:00:00Z,0.912119212884415
2025-04-10T19:00:00Z,0.9439176077204017
2025-04-10T20:00:00Z,0.9061315024526911
2025-04-10T21:00:00Z,0.8852008024276649
2025-04-10T22:00:00Z,0.8122665177698087
2025-04-10T23:00:00Z,0.7675611084829714
2025-04-11T00:00:00Z,0.9035001086886889
2025-04-11T01:00:00Z,0.8803618135453597
2025-04-11T02:00:00Z,0.6888518036890496
2025-04-11T03:00:00Z,0.5773042352790587
2025-04-11T04:00:00Z,0.4417792212977351
2025-04-11T05:00:00Z,0.28603268483083816
2025-04-11T06:00:00Z,0.20781901751564244
2025-04-11T07:00:00Z,0.08159242509584537
2025-04-11T08:00:00Z,0.0279400116028667
2025-04-11T09:00:00Z,0.0014482035411835785
2025-04-11T10:00:00Z,0.0016251554633584131
2025-04-11T11:00:00Z,0.048520701053675855
2025-04-11T12:00:00Z,0.07745794002638177
2025-04-11T13:00:00Z,0.10055639084820703
2025-04-11T14:00:00Z,0.09687564818977885
2025-04-11T15:00:00Z,0.08907214633325673
2025-04-11T16:00:00Z,0.08752109756698895
2025-04-11T17:00:00Z,0.10999104848546064
2025-04-11T18:00:00Z,0.11642031104041563
2025-04-11T19:00:00Z,0.15410454853942698
2025-04-11T20:00:00Z,0.16617259430752432
2025-04-11T21:00:00Z,0.20223342385813764
2025-04-11T22:00:00Z,0.2615473318253592
2025-04-11T23:00:00Z,0.2822854468613822
2025-04-12T00:00:00Z,0.358533771043566
2025-04-12T01:00:00Z,0.3096141412708691
2025-04-12T02:00:00Z,0.3699542192094649
2025-04-12T03:00:00Z,0.2818106133288997
2025-04-12T04:00:00Z,0.267730337981099
2025-04-12T05:00:00Z,0.2892371892268056
2025-04-12T06:00:00Z,0.3286892811300826
2025-04-12T07:00:00Z,0.2878416337316467
2025-04-12T08:00:00Z,0.279246546589063
2025-04-12T09:00:00Z,0.256201435645858
2025-04-12T10:00:00Z,0.1699018725146194
2025-04-12T11:00:00Z,0.16838029934061402
2025-04-12T12:00:00Z,0.15823895911897226
2025-04-12T13:00:00Z,0.15594725486115685
2025-04-12T14:00:00Z,0.1287354928275311
2025-04-12T15:00:00Z,0.08090080386369239
2025-04-12T16:00:00Z,0.04627491959855842
2025-04-12T17:00:00Z,0.019971573726004672
2025-04-12T18:00:00Z,0.01875374246788225
2025-04-12T19:00:00Z,0.011508630629517099
2025-04-12T20:00:00Z,0.001236047235881873
2025-04-12T21:00:00Z,0.0003679313919149054
2025-04-12T22:00:00Z,0.00018199573921645946
2025-04-12T23:00:00Z,0.032062662605670325
2025-04-13T00:00:00Z,0.09125563317539745
2025-04-13T01:00:00Z,0.13443392628736842
2025-04-13T02:00:00Z,0.16402357621392072
2025-04-13T03:00:00Z,0.21115268454843072
2025-04-13T04:00:00Z,0.25338015164257255
2025-04-13T05:00:00Z,0.23824930125547855
2025-04-13T06:00:00Z,0.21456250941274446
2025-04-13T07:00:00Z,0.17900607263488968
2025-04-13T08:00:00Z,0.20856982461025217
2025-04-13T09:00:00Z,0.2666235519309949
2025-04-13T10:00:00Z,0.2602622715547853
2025-04-13T11:00:00Z,0.33494546161668276
2025-04-13T12:00:00Z,0.4480851239405113
2025-04-13T13:00:00Z,0.5501646520071397
2025-04-13T14:00:00Z,0.6055851936606832
2025-04-13T15:00:00Z,0.7634734939204868
2025-04-13T16:00:00Z,0.7587635584519388
2025-04-13T17:00:00Z,0.6426692130734138
2025-04-13T18:00:00Z,0.5716778366254858
2025-04-13T19:00:00Z,0.4937267275160118
2025-04-13T20:00:00Z,0.42762896464865635
2025-04-13T21:00:00Z,0.41235575778147526
2025-04-13T22:00:00Z,0.34823070924874394
2025-04-13T23:00:00Z,0.41963641599002566
2025-04-14T00:00:00Z,0.34574569695425256
2025-04-14T01:00:00Z,0.36505969335928223
2025-04-14T02:00:00Z,0.3676682947510025
2025-04-14T03:00:00Z,0.29131670526289677
2025-04-14T04:00:00Z,0.23887158365515856
2025-04-14T05:00:00Z,0.17397475064971768
2025-04-14T06:00:00Z,0.17582201461645192
2025-04-14T07:00:00Z,0.18021035562457927
2025-04-14T08:00:00Z,0.17348211198617317
2025-04-14T09:00:00Z,0.13100469033326873
2025-04-14T10:00:00Z,0.06752758679164424
2025-04-14T11:00:00Z,0.08976776037779205
2025-04-14T12:00:00Z,0.08950414765851311
2025-04-14T13:00:00Z,0.05505464508922975
2025-04-14T14:00:00Z,0.04670424645900211
2025-04-14T15:00:00Z,0.03871346906112458
2025-04-14T16:00:00Z,0.009672678910212612
2025-04-14T17:00:00Z,0.0004263601358395172
2025-04-14T18:00:00Z,0.00025315622555837573
2025-04-14T19:00:00Z,0.0
2025-04-14T20:00:00Z,0.0
2025-04-14T21:00:00Z,0.0
2025-04-14T22:00:00Z,0.0004337452101624498
2025-04-14T23:00:00Z,0.010301207713873271
2025-04-15T00:00:00Z,0.0720127994203402
2025-04-15T01:00:00Z,0.1250053209927582
2025-04-15T02:00:00Z,0.17578700551880003
2025-04-15T03:00:00Z,0.21086388021616068
2025-04-15T04:00:00Z,0.26362572482407876
2025-04-15T05:00:00Z,0.2914464464617108
2025-04-15T06:00:00Z,0.2772434873497741
2025-04-15T07:00:00Z,0.15993753847631642
2025-04-15T08:00:00Z,0.15789158123108818
2025-04-15T09:00:00Z,0.16427298066662122
2025-04-15T10:00:00Z,0.10670777884292455
2025-04-15T11:00:00Z,0.10177343514218744
2025-04-15T12:00:00Z,0.11486470485249033
2025-04-15T13:00:00Z,0.15650406342731485
2025-04-15T14:00:00Z,0.23174810632230852
2025-04-15T15:00:00Z,0.2899501703596433
2025-04-15T16:00:00Z,0.32129010199553854
2025-04-15T17:00:00Z,0.5107778290254729
2025-04-15T18:00:00Z,0.6898570861845641
2025-04-15T19:00:00Z,0.851505163873444
2025-04-15T20:00:00Z,0.9322297636040189
2025-04-15T21:00:00Z,0.948658038667921
2025-04-15T22:00:00Z,0.9165227898287239
2025-04-15T23:00:00Z,0.8558918069625417
2025-04-16T00:00:00Z,0.7783911222185924
2025-04-16T01:00:00Z,0.7807440242303176
2025-04-16T02:00:00Z,0.6854012488183612
2025-04-16T03:00:00Z,0.6295739074491141
2025-04-16T04:00:00Z,0.5985212711868743
2025-04-16T05:00:00Z,0.564009504059062
2025-04-16T06:00:00Z,0.4671144096448634
2025-04-16T07:00:00Z,0.4049293929718738
2025-04-16T08:00:00Z,0.23905261094590544
2025-04-16T09:00:00Z,0.1600597120624022
2025-04-16T10:00:00Z,0.0905309964279041
2025-04-16T11:00:00Z,0.08199719934528008
2025-04-16T12:00:00Z,0.08873433089392575
2025-04-16T13:00:00Z,0.0767784756538432
2025-04-16T14:00:00Z,0.0677246861979085
2025-04-16T15:00:00Z,0.022252647032455223
2025-04-16T16:00:00Z,0.0
2025-04-16T17:00:00Z,0.0
2025-04-16T18:00:00Z,0.0
2025-04-16T19:00:00Z,0.0
2025-04-16T20:00:00Z,0.0003895686230262039
2025-04-16T21:00:00Z,0.00012590477252265935
2025-04-16T22:00:00Z,0.0
2025-04-16T23:00:00Z,0.007608297234226228
2025-04-17T00:00:00Z,0.06304777927273471
2025-04-17T01:00:00Z,0.10064330975670449
2025-04-17T02:00:00Z,0.10769144237276702
2025-04-17T03:00:00Z,0.10889153712743169
2025-04-17T04:00:00Z,0.13451000008958167
2025-04-17T05:00:00Z,0.16411149068638514
2025-04-17T06:00:00Z,0.11793240054769008
2025-04-17T07:00:00Z,0.06952542574537643
2025-04-17T08:00:00Z,0.08579329900588696
2025-04-17T09:00:00Z,0.08191396209764577
2025-04-17T10:00:00Z,0.0013910889539170289
2025-04-17T11:00:00Z,0.000980597908629437
2025-04-17T12:00:00Z,0.0010435840729413194
2025-04-17T13:00:00Z,0.001449942967850971
2025-04-17T14:00:00Z,0.028540714973439203
2025-04-17T15:00:00Z,0.0
2025-04-17T16:00:00Z,0.06524340724613238
2025-04-17T17:00:00Z,0.15661060455710182
2025-04-17T18:00:00Z,0.30784047324515645
2025-04-17T19:00:00Z,0.31003655178758627
2025-04-17T20:00:00Z,0.13113520471765996
2025-04-17T21:00:00Z,0.06898747404433674
2025-04-17T22:00:00Z,0.03410442105157967
2025-04-17T23:00:00Z,0.048308274671335256
2025-04-18T00:00:00Z,0.11421536893669651
2025-04-18T01:00:00Z,0.15335749541878207
2025-04-18T02:00:00Z,0.1278390700528263
2025-04-18T03:00:00Z,0.10023942590404095
2025-04-18T04:00:00Z,0.1540020732246427
2025-04-18T05:00:00Z,0.1692442071951006
2025-04-18T06:00:00Z,0.12402299079006443
2025-04-18T07:00:00Z,0.0826076228884379
2025-04-18T08:00:00Z,0.07697771234451992
2025-04-18T09:00:00Z,0.07270677590585803
2025-04-18T10:00:00Z,0.07142305467982746
2025-04-18T11:00:00Z,0.08488667006564389
2025-04-18T12:00:00Z,0.10220462376745652
2025-04-18T13:00:00Z,0.08759004759824335
2025-04-18T14:00:00Z,0.10324425001281902
2025-04-18T15:00:00Z,0.07114891512355005
2025-04-18T16:00:00Z,0.06405924809139658
2025-04-18T17:00:00Z,0.1414513448269243
2025-04-18T18:00:00Z,0.17685362190196174
2025-04-18T19:00:00Z,0.16516764170976939
2025-04-18T20:00:00Z,0.16846007115994804
2025-04-18T21:00:00Z,0.24816098842042808
2025-04-18T22:00:00Z,0.23781785264624594
2025-04-18T23:00:00Z,0.18135360529836342
2025-04-19T00:00:00Z,0.13262048705979038
2025-04-19T01:00:00Z,0.15822339377275144
2025-04-19T02:00:00Z,0.17324096365068797
2025-04-19T03:00:00Z,0.22397131881625987
2025-04-19T04:00:00Z,0.17463270547053164
2025-04-19T05:00:00Z,0.11059954495980918
2025-04-19T06:00:00Z,0.05718650437117237
2025-04-19T07:00:00Z,0.06656186138918087
2025-04-19T08:00:00Z,0.06387192911906987
2025-04-19T09:00:00Z,0.11096758408054844
2025-04-19T10:00:00Z,0.07892193998394222
2025-04-19T11:00:00Z,0.06213895505157877
2025-04-19T12:00:00Z,0.03190024297649956
2025-04-19T13:00:00Z,0.0011297375769322858
2025-04-19T14:00:00Z,0.0093928439178191
2025-04-19T15:00:00Z,0.03474035170537
2025-04-19T16:00:00Z,0.05920601688011941
2025-04-19T17:00:00Z,0.05424303218572703
2025-04-19T18:00:00Z,0.05485395980841782
2025-04-19T19:00:00Z,0.06893189840958268
2025-04-19T20:00:00Z,0.06959344238013296
2025-04-19T21:00:00Z,0.0584603284112211
2025-04-19T22:00:00Z,0.04792098448320392
2025-04-19T23:00:00Z,0.03840467049956709
2025-04-20T00:00:00Z,0.03260768732147732
2025-04-20T01:00:00Z,0.0335849845806408
2025-04-20T02:00:00Z,0.03791840746075019
2025-04-20T03:00:00Z,0.0394297941158591
2025-04-20T04:00:00Z,0.03276815075767552
2025-04-20T05:00:00Z,0.020463691086676228
2025-04-20T06:00:00Z,0.001629706377998575
2025-04-20T07:00:00Z,0.001067308741164181
2025-04-20T08:00:00Z,0.00020297760949787263
2025-04-20T09:00:00Z,0.0
2025-04-20T10:00:00Z,0.0
2025-04-20T11:00:00Z,0.0
2025-04-20T12:00:00Z,0.0
2025-04-20T13:00:00Z,0.0001832557893900829
2025-04-20T14:00:00Z,0.0011173649718003757
2025-04-20T15:00:00Z,0.01578984666744734
2025-04-20T16:00:00Z,0.037296536671123114
2025-04-20T17:00:00Z,0.03838657903857828
2025-04-20T18:00:00Z,0.03943898717428802
2025-04-20T19:00:00Z,0.06848047720748329
2025-04-20T20:00:00Z,0.08347341565575575
2025-04-20T21:00:00Z,0.07090437560608236
2025-04-20T22:00:00Z,0.06264892085447572
2025-04-20T23:00:00Z,0.054643815587094954
2025-04-21T00:00:00Z,0.06013515328581675
2025-04-21T01:00:00Z,0.07767728630800537
2025-04-21T02:00:00Z,0.07743164170604634
2025-04-21T03:00:00Z,0.08038199828638441
2025-04-21T04:00:00Z,0.08494298624691564
2025-04-21T05:00:00Z,0.08533567336693856
2025-04-21T06:00:00Z,0.08112392036250993
2025-04-21T07:00:00Z,0.06956790094101244
2025-04-21T08:00:00Z,0.04347399300848047
2025-04-21T09:00:00Z,0.018740610069006215
2025-04-21T10:00:00Z,0.021085393896980408
2025-04-21T11:00:00Z,0.014719218924492558
2025-04-21T12:00:00Z,0.013314865062072365
2025-04-21T13:00:00Z,0.010370872786452061
2025-04-21T14:00:00Z,0.008896022610621506
2025-04-21T15:00:00Z,0.01410089363916814
2025-04-21T16:00:00Z,0.020245516785946764
2025-04-21T17:00:00Z,0.07069931840940293
2025-04-21T18:00:00Z,0.10767336646423195
2025-04-21T19:00:00Z,0.12713088066282655
2025-04-21T20:00:00Z,0.11480911713427018
2025-04-21T21:00:00Z,0.09358643505047783
2025-04-21T22:00:00Z,0.07069882355002113
2025-04-21T23:00:00Z,0.047758043014762476
2025-04-22T00:00:00Z,0.0406674799482544
2025-04-22T01:00:00Z,0.04708966273541977
2025-04-22T02:00:00Z,0.04905306142404867
2025-04-22T03:00:00Z,0.028054593154909453
2025-04-22T04:00:00Z,0.00805741675395392
2025-04-22T05:00:00Z,0.01310723298097059
2025-04-22T06:00:00Z,0.024368634948734758
2025-04-22T07:00:00Z,0.06641363933514842
2025-04-22T08:00:00Z,0.05967027974882013
2025-04-22T09:00:00Z,0.051873774713472036
2025-04-22T10:00:00Z,0.05612469418958582
2025-04-22T11:00:00Z,0.06473394732854663
2025-04-22T12:00:00Z,0.09470643398897766
2025-04-22T13:00:00Z,0.08508229826994902
2025-04-22T14:00:00Z,0.05417658940130548
2025-04-22T15:00:00Z,0.036746032432056194
2025-04-22T16:00:00Z,0.02916874326321774
2025-04-22T17:00:00Z,0.036853017522554515
2025-04-22T18:00:00Z,0.0411525825680291
2025-04-22T19:00:00Z,0.01030520649983507
2025-04-22T20:00:00Z,0.00930101228008151
2025-04-22T21:00:00Z,0.0016279089018290368
2025-04-22T22:00:00Z,0.0
2025-04-22T23:00:00Z,0.0
2025-04-23T00:00:00Z,0.0
2025-04-23T01:00:00Z,0.0
2025-04-23T02:00:00Z,0.0
2025-04-23T03:00:00Z,0.0
2025-04-23T04:00:00Z,0.0
2025-04-23T05:00:00Z,0.0
2025-04-23T06:00:00Z,0.0
2025-04-23T07:00:00Z,7.526987444751929e-05
2025-04-23T08:00:00Z,0.0005476517185618706
2025-04-23T09:00:00Z,0.0011572711996787315
2025-04-23T10:00:00Z,0.0011025721564014797
2025-04-23T11:00:00Z,0.0012957224204230467
2025-04-23T12:00:00Z,0.001556004319434964
2025-04-23T13:00:00Z,0.03580966563278272
2025-04-23T14:00:00Z,0.06979369310664149
2025-04-23T15:00:00Z,0.09991881209616127
2025-04-23T16:00:00Z,0.11759703306922059
2025-04-23T17:00:00Z,0.06419930432643149
2025-04-23T18:00:00Z,0.03803434808140085
2025-04-23T19:00:00Z,0.02769599982894508
2025-04-23T20:00:00Z,0.03437116343415587
2025-04-23T21:00:00Z,0.04772902903759802
2025-04-23T22:00:00Z,0.06398807460129322
2025-04-23T23:00:00Z,0.07525309453489042
2025-04-24T00:00:00Z,0.07105590002135448
2025-04-24T01:00:00Z,0.07013396581957419
2025-04-24T02:00:00Z,0.08339717771046086
2025-04-24T03:00:00Z,0.09155850375404806
2025-04-24T04:00:00Z,0.08677285203142103
2025-04-24T05:00:00Z,0.12301550872375502
2025-04-24T06:00:00Z,0.12462434840707397
2025-04-24T07:00:00Z,0.08512539672581709
2025-04-24T08:00:00Z,0.043189737670390554
2025-04-24T09:00:00Z,0.015499576802459936
2025-04-24T10:00:00Z,0.0
2025-04-24T11:00:00Z,0.0
2025-04-24T12:00:00Z,0.0
2025-04-24T13:00:00Z,0.0001970445556959706
2025-04-24T14:00:00Z,0.015657337598698154
2025-04-24T15:00:00Z,0.06605552340127807
2025-04-24T16:00:00Z,0.07140588231312817
2025-04-24T17:00:00Z,0.04215839402716724
2025-04-24T18:00:00Z,0.011106253622614661
2025-04-24T19:00:00Z,0.0013339565807001662
2025-04-24T20:00:00Z,0.0007144965504366417
2025-04-24T21:00:00Z,0.0
2025-04-24T22:00:00Z,0.0
2025-04-24T23:00:00Z,0.0
2025-04-25T00:00:00Z,0.013593814709770594
2025-04-25T01:00:00Z,0.10047438976360083
2025-04-25T02:00:00Z,0.1700824120040801
2025-04-25T03:00:00Z,0.2216859282190076
2025-04-25T04:00:00Z,0.24624137724286008
2025-04-25T05:00:00Z,0.2380574585990564
2025-04-25T06:00:00Z,0.23642954430387716
2025-04-25T07:00:00Z,0.20905296819823244
2025-04-25T08:00:00Z,0.1761276686316122
2025-04-25T09:00:00Z,0.14526317324216043
2025-04-25T10:00:00Z,0.08843593185284651
2025-04-25T11:00:00Z,0.03999079254395467
2025-04-25T12:00:00Z,0.0015519111191430273
2025-04-25T13:00:00Z,0.0008247882206300554
2025-04-25T14:00:00Z,0.001548403543863719
2025-04-25T15:00:00Z,0.02126353450958981
2025-04-25T16:00:00Z,0.05670432539951889
2025-04-25T17:00:00Z,0.0939373710617929
2025-04-25T18:00:00Z,0.17775791283393763
2025-04-25T19:00:00Z,0.26680204334756025
2025-04-25T20:00:00Z,0.23866385107254728
2025-04-25T21:00:00Z,0.18042231667161537
2025-04-25T22:00:00Z,0.1552186195679175
2025-04-25T23:00:00Z,0.1039306905534697
2025-04-26T00:00:00Z,0.09027278110781772
2025-04-26T01:00:00Z,0.08331524872162828
2025-04-26T02:00:00Z,0.07036939403190647
2025-04-26T03:00:00Z,0.06542441223100116
2025-04-26T04:00:00Z,0.06791683985362375
2025-04-26T05:00:00Z,0.0719176099972813
2025-04-26T06:00:00Z,0.017312487119880895
2025-04-26T07:00:00Z,0.006869829236929334
2025-04-26T08:00:00Z,0.010891360263847596
2025-04-26T09:00:00Z,0.0014053179350094543
2025-04-26T10:00:00Z,0.0
2025-04-26T11:00:00Z,0.0
2025-04-26T12:00:00Z,0.0
2025-04-26T13:00:00Z,0.0
2025-04-26T14:00:00Z,0.00010409684014013662
2025-04-26T15:00:00Z,0.0009769040432300597
2025-04-26T16:00:00Z,0.001431443259616657
2025-04-26T17:00:00Z,0.00132772670524101
2025-04-26T18:00:00Z,0.0009490268415382682
2025-04-26T19:00:00Z,0.0
2025-04-26T20:00:00Z,0.0
2025-04-26T21:00:00Z,0.0
2025-04-26T22:00:00Z,0.005697444722086146
2025-04-26T23:00:00Z,0.0666520462045947
2025-04-27T00:00:00Z,0.1212762892797182
2025-04-27T01:00:00Z,0.1557730586097405
2025-04-27T02:00:00Z,0.17821356984855927
2025-04-27T03:00:00Z,0.2225028565016944
2025-04-27T04:00:00Z,0.24505178323905444
2025-04-27T05:00:00Z,0.23617152833507257
2025-04-27T06:00:00Z,0.21524565389816797
2025-04-27T07:00:00Z,0.2635516500822951
2025-04-27T08:00:00Z,0.2977498569139461
2025-04-27T09:00:00Z,0.3289290922550944
2025-04-27T10:00:00Z,0.3681921236497647
2025-04-27T11:00:00Z,0.4145700111003008
2025-04-27T12:00:00Z,0.372424113366297
2025-04-27T13:00:00Z,0.31104377345166173
2025-04-27T14:00:00Z,0.300238305574884
2025-04-27T15:00:00Z,0.2930749630176245
2025-04-27T16:00:00Z,0.27644477559334113
2025-04-27T17:00:00Z,0.18654465161139247
2025-04-27T18:00:00Z,0.26648406341453856
2025-04-27T19:00:00Z,0.36346876460084165
2025-04-27T20:00:00Z,0.39673970824010174
2025-04-27T21:00:00Z,0.402106098537709
2025-04-27T22:00:00Z,0.30628869563388145
2025-04-27T23:00:00Z,0.23619161038668254
2025-04-28T00:00:00Z,0.26193086965489076
2025-04-28T01:00:00Z,0.23416442704253704
2025-04-28T02:00:00Z,0.23888105148557678
2025-04-28T03:00:00Z,0.2875929444316093
2025-04-28T04:00:00Z,0.32128424654197196
2025-04-28T05:00:00Z,0.3577335187573779
2025-04-28T06:00:00Z,0.4018151317908093
2025-04-28T07:00:00Z,0.3392235363373206
2025-04-28T08:00:00Z,0.40687127521316274
2025-04-28T09:00:00Z,0.4726637531274751
2025-04-28T10:00:00Z,0.4394625059471288
2025-04-28T11:00:00Z,0.42687610096491463
2025-04-28T12:00:00Z,0.4227189681326899
2025-04-28T13:00:00Z,0.49818400082866754
2025-04-28T14:00:00Z,0.4696605873032362
2025-04-28T15:00:00Z,0.42750058442825883
2025-04-28T16:00:00Z,0.4010528576561772
2025-04-28T17:00:00Z,0.6567878841936488
2025-04-28T18:00:00Z,0.8037702679643527
2025-04-28T19:00:00Z,0.8753433206618458
2025-04-28T20:00:00Z,0.8827942181796142
2025-04-28T21:00:00Z,0.8360085130505004
2025-04-28T22:00:00Z,0.7216085361579204
2025-04-28T23:00:00Z,0.690553115506606
2025-04-29T00:00:00Z,0.6039321428675118
2025-04-29T01:00:00Z,0.46558603825157097
2025-04-29T02:00:00Z,0.5326551987882205
2025-04-29T03:00:00Z,0.46460479050245995
2025-04-29T04:00:00Z,0.3133746945438974
2025-04-29T05:00:00Z,0.22094289443733875
2025-04-29T06:00:00Z,0.1171040952894349
2025-04-29T07:00:00Z,0.08824819999566257
2025-04-29T08:00:00Z,0.06877108911034609
2025-04-29T09:00:00Z,0.05395808283104412
2025-04-29T10:00:00Z,0.056822358033441316
2025-04-29T11:00:00Z,0.09706398962473124
2025-04-29T12:00:00Z,0.13419700099731874
2025-04-29T13:00:00Z,0.1370806936945476
2025-04-29T14:00:00Z,0.1124839427721886
2025-04-29T15:00:00Z,0.10836536856157795
2025-04-29T16:00:00Z,0.08884468644092662
2025-04-29T17:00:00Z,0.08962571073745126
2025-04-29T18:00:00Z,0.12392624668076324
2025-04-29T19:00:00Z,0.16086165388170173
2025-04-29T20:00:00Z,0.1953503613766849
2025-04-29T21:00:00Z,0.2396666046911198
2025-04-29T22:00:00Z,0.27871457893149887
2025-04-29T23:00:00Z,0.391794679765577
2025-04-30T00:00:00Z,0.4526329482538964
2025-04-30T01:00:00Z,0.583203634569935
2025-04-30T02:00:00Z,0.6831360546695238
2025-04-30T03:00:00Z,0.6883756429623173
2025-04-30T04:00:00Z,0.6146899035953066
2025-04-30T05:00:00Z,0.5196365403553576
2025-04-30T06:00:00Z,0.32278437148061984
2025-04-30T07:00:00Z,0.28839204022560744
2025-04-30T08:00:00Z,0.23919178667102625
2025-04-30T09:00:00Z,0.15917432116632066
2025-04-30T10:00:00Z,0.10347002608602487
2025-04-30T11:00:00Z,0.14466318977173126
2025-04-30T12:00:00Z,0.163189982492913
2025-04-30T13:00:00Z,0.1424684255069762
2025-04-30T14:00:00Z,0.1509056221239201
2025-04-30T15:00:00Z,0.18608719424559475
2025-04-30T16:00:00Z,0.15353846363578147
2025-04-30T17:00:00Z,0.09309716118007602
2025-04-30T18:00:00Z,0.06927266562225705
2025-04-30T19:00:00Z,0.06445185740151672
2025-04-30T20:00:00Z,0.03779237930231597
2025-04-30T21:00:00Z,0.0006878284011865147
2025-04-30T22:00:00Z,0.0
2025-04-30T23:00:00Z,0.0
2025-05-01T00:00:00Z,0.0072532223972077686
2025-05-01T01:00:00Z,0.0767757043763365
2025-05-01T02:00:00Z,0.1417965786239716
2025-05-01T03:00:00Z,0.17108785997228781
2025-05-01T04:00:00Z,0.15602675295635424
2025-05-01T05:00:00Z,0.1604318416538641
2025-05-01T06:00:00Z,0.24702578803533468
2025-05-01T07:00:00Z,0.19080202562668033
2025-05-01T08:00:00Z,0.17904759937491574
2025-05-01T09:00:00Z,0.23322796901055445
2025-05-01T10:00:00Z,0.1694785293294267
2025-05-01T11:00:00Z,0.1744895413472504
2025-05-01T12:00:00Z,0.18093213721181292
2025-05-01T13:00:00Z,0.173402697739353
2025-05-01T14:00:00Z,0.14417115112180992
2025-05-01T15:00:00Z,0.11660834032915313
2025-05-01T16:00:00Z,0.11023452054089371
2025-05-01T17:00:00Z,0.15379990441111435
2025-05-01T18:00:00Z,0.27312723862512733
2025-05-01T19:00:00Z,0.38612929570510157
2025-05-01T20:00:00Z,0.456562508867482
2025-05-01T21:00:00Z,0.5346101356888838
2025-05-01T22:00:00Z,0.7062632289396225
2025-05-01T23:00:00Z,0.776592240630801
2025-05-02T00:00:00Z,0.6885331054122072
2025-05-02T01:00:00Z,0.4807347487005563
2025-05-02T02:00:00Z,0.3176544076048879
2025-05-02T03:00:00Z,0.23895802605504396
2025-05-02T04:00:00Z,0.19742242669259702
2025-05-02T05:00:00Z,0.2597410423476368
2025-05-02T06:00:00Z,0.2151512395001161
2025-05-02T07:00:00Z,0.37222351148299776
2025-05-02T08:00:00Z,0.45684036012378665
2025-05-02T09:00:00Z,0.7163618883987516
2025-05-02T10:00:00Z,0.9251785505798354
2025-05-02T11:00:00Z,0.986176267438367
2025-05-02T12:00:00Z,0.9919132721882932
2025-05-02T13:00:00Z,0.9969689905805985
2025-05-02T14:00:00Z,0.9967509804207847
2025-05-02T15:00:00Z,0.9952441388316949
2025-05-02T16:00:00Z,0.982816306231892
2025-05-02T17:00:00Z,0.9681029405492544
2025-05-02T18:00:00Z,0.9688214315139625
2025-05-02T19:00:00Z,0.9531790403393676
2025-05-02T20:00:00Z,0.925736892847582
2025-05-02T21:00:00Z,0.8942359410878055
2025-05-02T22:00:00Z,0.7539925923837978
2025-05-02T23:00:00Z,0.6790294704481508
2025-05-03T00:00:00Z,0.5621537307338849
2025-05-03T01:00:00Z,0.4734056768967995
2025-05-03T02:00:00Z,0.40861732585046945
2025-05-03T03:00:00Z,0.34629817546346847
2025-05-03T04:00:00Z,0.3343933951963094
2025-05-03T05:00:00Z,0.3278884554758964
2025-05-03T06:00:00Z,0.45675549691359074
2025-05-03T07:00:00Z,0.49509206952294094
2025-05-03T08:00:00Z,0.42115106139923364
2025-05-03T09:00:00Z,0.4760976273416309
2025-05-03T10:00:00Z,0.2862502758983061
2025-05-03T11:00:00Z,0.24646677867279942
2025-05-03T12:00:00Z,0.22246458057047858
2025-05-03T13:00:00Z,0.3724114106561027
2025-05-03T14:00:00Z,0.35693923213427164
2025-05-03T15:00:00Z,0.2718869009696353
2025-05-03T16:00:00Z,0.23518802733902552
2025-05-03T17:00:00Z,0.11341995384278983
2025-05-03T18:00:00Z,0.06120574703176193
2025-05-03T19:00:00Z,0.06555482789680274
2025-05-03T20:00:00Z,0.0637520434273978
2025-05-03T21:00:00Z,0.050988899307962396
2025-05-03T22:00:00Z,0.049483969183214085
2025-05-03T23:00:00Z,0.05452312243881055
2025-05-04T00:00:00Z,0.07825559528053355
2025-05-04T01:00:00Z,0.14157276303517488
2025-05-04T02:00:00Z,0.3208966822883741
2025-05-04T03:00:00Z,0.6012483511818066
2025-05-04T04:00:00Z,0.7881847611519911
2025-05-04T05:00:00Z,0.7292203926386489
2025-05-04T06:00:00Z,0.8594314947459679
2025-05-04T07:00:00Z,0.7828145942513522
2025-05-04T08:00:00Z,0.5974535809086331
2025-05-04T09:00:00Z,0.4931238229316434
2025-05-04T10:00:00Z,0.4161356761108927
2025-05-04T11:00:00Z,0.42624628361034794
2025-05-04T12:00:00Z,0.38334136709825317
2025-05-04T13:00:00Z,0.35601134701408516
2025-05-04T14:00:00Z,0.41684722953316605
2025-05-04T15:00:00Z,0.42880321994441106
2025-05-04T16:00:00Z,0.4189806956703107
2025-05-04T17:00:00Z,0.37909403770332856
2025-05-04T18:00:00Z,0.19561137119815847
2025-05-04T19:00:00Z,0.1263596083985856
2025-05-04T20:00:00Z,0.08818705081768353
2025-05-04T21:00:00Z,0.055574105646522834
2025-05-04T22:00:00Z,0.0606047386443692
2025-05-04T23:00:00Z,0.043902265005831616
2025-05-05T00:00:00Z,0.004944962174550385
2025-05-05T01:00:00Z,0.0005912900765377648
2025-05-05T02:00:00Z,0.016427052572940103
2025-05-05T03:00:00Z,0.05193384015175444
2025-05-05T04:00:00Z,0.03267591045784039
2025-05-05T05:00:00Z,0.0013918920868170937
2025-05-05T06:00:00Z,0.0
2025-05-05T07:00:00Z,0.0
2025-05-05T08:00:00Z,0.000315755611925626
2025-05-05T09:00:00Z,0.011015706559472743
2025-05-05T10:00:00Z,0.05764883515311585
2025-05-05T11:00:00Z,0.13032458470876707
2025-05-05T12:00:00Z,0.2124360249715226
2025-05-05T13:00:00Z,0.258589582868454
2025-05-05T14:00:00Z,0.30226746181738806
2025-05-05T15:00:00Z,0.35545143791765227
2025-05-05T16:00:00Z,0.4125965351989744
2025-05-05T17:00:00Z,0.4413995524459504
2025-05-05T18:00:00Z,0.4984326712152872
2025-05-05T19:00:00Z,0.48088178088518513
2025-05-05T20:00:00Z,0.436098945205584
2025-05-05T21:00:00Z,0.37691158990252055
2025-05-05T22:00:00Z,0.2074752082113902
2025-05-05T23:00:00Z,0.06513031531275616
2025-05-06T00:00:00Z,0.07925379404664652
2025-05-06T01:00:00Z,0.2431820720021651
2025-05-06T02:00:00Z,0.3947513686926212
2025-05-06T03:00:00Z,0.41834931296838573
2025-05-06T04:00:00Z,0.35728917310867697
2025-05-06T05:00:00Z,0.26443891064145203
2025-05-06T06:00:00Z,0.16799030726530834
2025-05-06T07:00:00Z,0.22625799092920792
2025-05-06T08:00:00Z,0.14719977370257092
2025-05-06T09:00:00Z,0.14271183003136687
2025-05-06T10:00:00Z,0.054896925584382694
2025-05-06T11:00:00Z,0.09289613719811479
2025-05-06T12:00:00Z,0.10307751245049347
2025-05-06T13:00:00Z,0.11869489476241847
2025-05-06T14:00:00Z,0.12878367146785843
2025-05-06T15:00:00Z,0.1382640409288787
2025-05-06T16:00:00Z,0.10885697920743612
2025-05-06T17:00:00Z,0.07423431285093052
2025-05-06T18:00:00Z,0.051427912825665216
2025-05-06T19:00:00Z,0.048650457136891055
2025-05-06T20:00:00Z,0.04412781550071614
2025-05-06T21:00:00Z,0.02922384369209933
2025-05-06T22:00:00Z,0.06892014242168497
2025-05-06T23:00:00Z,0.04976147312909574
2025-05-07T00:00:00Z,0.025982829336131944
2025-05-07T01:00:00Z,0.007634756869582159
2025-05-07T02:00:00Z,0.0014767626586857916
2025-05-07T03:00:00Z,0.000880509296067269
2025-05-07T04:00:00Z,0.0001104529122974549
2025-05-07T05:00:00Z,0.0
2025-05-07T06:00:00Z,0.0
2025-05-07T07:00:00Z,0.0
2025-05-07T08:00:00Z,0.0
2025-05-07T09:00:00Z,6.148721507452342e-05
2025-05-07T10:00:00Z,0.006498647757247708
2025-05-07T11:00:00Z,0.037210825804013165
2025-05-07T12:00:00Z,0.060320776236286164
2025-05-07T13:00:00Z,0.07755530558226816
2025-05-07T14:00:00Z,0.1093646120313335
2025-05-07T15:00:00Z,0.15040748024292153
2025-05-07T16:00:00Z,0.14390226785665708
2025-05-07T17:00:00Z,0.11217496549558748
2025-05-07T18:00:00Z,0.10628078961207944
2025-05-07T19:00:00Z,0.067396359549012
2025-05-07T20:00:00Z,0.008745247671667705
2025-05-07T21:00:00Z,0.0008787516992208208
2025-05-07T22:00:00Z,0.022780712747062348
2025-05-07T23:00:00Z,0.0004735847299460234
2025-05-08T00:00:00Z,0.0
2025-05-08T01:00:00Z,7.213675256142682e-05
2025-05-08T02:00:00Z,0.0006647351468789913
2025-05-08T03:00:00Z,0.0004017667201167562
2025-05-08T04:00:00Z,0.0
2025-05-08T05:00:00Z,0.0
2025-05-08T06:00:00Z,0.0
2025-05-08T07:00:00Z,0.0
2025-05-08T08:00:00Z,0.0
2025-05-08T09:00:00Z,0.0
2025-05-08T10:00:00Z,0.0015484368284220016
2025-05-08T11:00:00Z,0.014431251714828544
2025-05-08T12:00:00Z,0.029969428247632532
2025-05-08T13:00:00Z,0.03800578529656753
2025-05-08T14:00:00Z,0.031532144495507654
2025-05-08T15:00:00Z,0.03267292072189133
2025-05-08T16:00:00Z,0.06850776938528333
2025-05-08T17:00:00Z,0.08472307183779851
2025-05-08T18:00:00Z,0.0959707910698326
2025-05-08T19:00:00Z,0.08862067037188227
2025-05-08T20:00:00Z,0.05288698337775226
2025-05-08T21:00:00Z,0.01451276890006158
2025-05-08T22:00:00Z,0.0014943058754360115
2025-05-08T23:00:00Z,0.023361412573054467
2025-05-09T00:00:00Z,0.044275011537317006
2025-05-09T01:00:00Z,0.05529316907928696
2025-05-09T02:00:00Z,0.08247544447316683
2025-05-09T03:00:00Z,0.10711684427842919
2025-05-09T04:00:00Z,0.11596922212171276
2025-05-09T05:00:00Z,0.13703009789859272
2025-05-09T06:00:00Z,0.1738383122722735
2025-05-09T07:00:00Z,0.14269785626054052
2025-05-09T08:00:00Z,0.09700751118143106
2025-05-09T09:00:00Z,0.09560193136805659
2025-05-09T10:00:00Z,0.06456519757231241
2025-05-09T11:00:00Z,0.060435377700084746
2025-05-09T12:00:00Z,0.045578254918010104
2025-05-09T13:00:00Z,0.024295056089597332
2025-05-09T14:00:00Z,0.0011405743278819745
2025-05-09T15:00:00Z,0.0001493758377813656
2025-05-09T16:00:00Z,0.0
2025-05-09T17:00:00Z,0.0
2025-05-09T18:00:00Z,0.0
2025-05-09T19:00:00Z,0.00044735578895606284
2025-05-09T20:00:00Z,0.010219666346717683
2025-05-09T21:00:00Z,0.010113668235718923
2025-05-09T22:00:00Z,5.1027308566715905e-05
2025-05-09T23:00:00Z,0.0
2025-05-10T00:00:00Z,0.0
2025-05-10T01:00:00Z,0.0005292142929481259
2025-05-10T02:00:00Z,0.02382366493257318
2025-05-10T03:00:00Z,0.0529093158673176
2025-05-10T04:00:00Z,0.0605096212737164
2025-05-10T05:00:00Z,0.024374072374187466
2025-05-10T06:00:00Z,0.011763430938070432
2025-05-10T07:00:00Z,0.016755471991665737
2025-05-10T08:00:00Z,0.035666918782107114
2025-05-10T09:00:00Z,0.0472591443349214
2025-05-10T10:00:00Z,0.006414940263482628
2025-05-10T11:00:00Z,0.024044624268326837
2025-05-10T12:00:00Z,0.04485725577757813
2025-05-10T13:00:00Z,0.0515801623143721
2025-05-10T14:00:00Z,0.03820960877937354
2025-05-10T15:00:00Z,0.03443127294647859
2025-05-10T16:00:00Z,0.031150251212205875
2025-05-10T17:00:00Z,0.02269204594967849
2025-05-10T18:00:00Z,0.019863188666671416
2025-05-10T19:00:00Z,0.03476883072787689
2025-05-10T20:00:00Z,0.06319290060852899
2025-05-10T21:00:00Z,0.09390606371585741
2025-05-10T22:00:00Z,0.142388549193959
2025-05-10T23:00:00Z,0.15810944548896705
2025-05-11T00:00:00Z,0.15791405833582983
2025-05-11T01:00:00Z,0.13472890529307643
2025-05-11T02:00:00Z,0.11173124448809882
2025-05-11T03:00:00Z,0.12320283373744058
2025-05-11T04:00:00Z,0.11416406541718169
2025-05-11T05:00:00Z,0.08116656840224036
2025-05-11T06:00:00Z,0.07878714767850314
2025-05-11T07:00:00Z,0.1071563568195162
2025-05-11T08:00:00Z,0.10127162071005001
2025-05-11T09:00:00Z,0.0777585633895795
2025-05-11T10:00:00Z,0.049723992989154205
2025-05-11T11:00:00Z,0.01982813001977278
2025-05-11T12:00:00Z,0.0011010465469334012
2025-05-11T13:00:00Z,0.0008350187726020179
2025-05-11T14:00:00Z,0.0008163662701999094
2025-05-11T15:00:00Z,0.0013189624711737774
2025-05-11T16:00:00Z,0.002160398368551272
2025-05-11T17:00:00Z,0.0015369872717343614
2025-05-11T18:00:00Z,0.0011884321788277225
2025-05-11T19:00:00Z,0.0009186873596973943
2025-05-11T20:00:00Z,0.0005058962081625702
2025-05-11T21:00:00Z,6.980192993998564e-05
2025-05-11T22:00:00Z,0.004108669295098058
2025-05-11T23:00:00Z,0.0027047375314107323
2025-05-12T00:00:00Z,0.0015279947112208257
2025-05-12T01:00:00Z,0.0013495576787747432
2025-05-12T02:00:00Z,0.0010425383469434115
2025-05-12T03:00:00Z,0.0011615581566736066
2025-05-12T04:00:00Z,0.008574061817132434
2025-05-12T05:00:00Z,0.016922998650086122
2025-05-12T06:00:00Z,0.007926346214434717
2025-05-12T07:00:00Z,0.0297559389456245
2025-05-12T08:00:00Z,0.044989951487347746
2025-05-12T09:00:00Z,0.05594063146743924
2025-05-12T10:00:00Z,0.07667794288665654
2025-05-12T11:00:00Z,0.08211451244266221
2025-05-12T12:00:00Z,0.08789177245395534
2025-05-12T13:00:00Z,0.10203355257625046
2025-05-12T14:00:00Z,0.1245781802818399
2025-05-12T15:00:00Z,0.12187835417662567
2025-05-12T16:00:00Z,0.10123528680637087
2025-05-12T17:00:00Z,0.07896014869113939
2025-05-12T18:00:00Z,0.06009568754859841
2025-05-12T19:00:00Z,0.0677128753074129
2025-05-12T20:00:00Z,0.07575215720389844
2025-05-12T21:00:00Z,0.09374235489200486
2025-05-12T22:00:00Z,0.14328762567085623
2025-05-12T23:00:00Z,0.18795868340069016
2025-05-13T00:00:00Z,0.23648745828661608
2025-05-13T01:00:00Z,0.31292042637522355
2025-05-13T02:00:00Z,0.3901127443888832
2025-05-13T03:00:00Z,0.42805620415622614
2025-05-13T04:00:00Z,0.41573594624915716
2025-05-13T05:00:00Z,0.39099627003962767
2025-05-13T06:00:00Z,0.27964708890672163
2025-05-13T07:00:00Z,0.2541305930530157
2025-05-13T08:00:00Z,0.21557358251964634
2025-05-13T09:00:00Z,0.16080609100108356
2025-05-13T10:00:00Z,0.11878152602544613
2025-05-13T11:00:00Z,0.14120870135909616
2025-05-13T12:00:00Z,0.19564799271086364
2025-05-13T13:00:00Z,0.25468837479008355
2025-05-13T14:00:00Z,0.2609512580765537
2025-05-13T15:00:00Z,0.26421444804219973
2025-05-13T16:00:00Z,0.2526408606284546
2025-05-13T17:00:00Z,0.25179783052563537
2025-05-13T18:00:00Z,0.23043687004796506
2025-05-13T19:00:00Z,0.18553812286926163
2025-05-13T20:00:00Z,0.1554677432308397
2025-05-13T21:00:00Z,0.12004114509590239
2025-05-13T22:00:00Z,0.12612262073984068
2025-05-13T23:00:00Z,0.08739569940675147
2025-05-14T00:00:00Z,0.06469671765421661
2025-05-14T01:00:00Z,0.06037898853396285
2025-05-14T02:00:00Z,0.15420151156343107
2025-05-14T03:00:00Z,0.5532532732800123
2025-05-14T04:00:00Z,0.7692043252919305
2025-05-14T05:00:00Z,0.7393876436587677
2025-05-14T06:00:00Z,0.6928749678199871
2025-05-14T07:00:00Z,0.5561810296514864
2025-05-14T08:00:00Z,0.3965484032249676
2025-05-14T09:00:00Z,0.29560504488132866
2025-05-14T10:00:00Z,0.21701781999449715
2025-05-14T11:00:00Z,0.21769318306683727
2025-05-14T12:00:00Z,0.2069756328911212
2025-05-14T13:00:00Z,0.2627648445784521
2025-05-14T14:00:00Z,0.19787514310403906
2025-05-14T15:00:00Z,0.29923655882206046
2025-05-14T16:00:00Z,0.256668152483966
2025-05-14T17:00:00Z,0.28907252767439473
2025-05-14T18:00:00Z,0.2031995534986273
2025-05-14T19:00:00Z,0.27480012307943524
2025-05-14T20:00:00Z,0.3977238373273102
2025-05-14T21:00:00Z,0.46220845835263236
2025-05-14T22:00:00Z,0.5184446810604383
2025-05-14T23:00:00Z,0.625886160853333
2025-05-15T00:00:00Z,0.6718056391962427
2025-05-15T01:00:00Z,0.6665550927084897
2025-05-15T02:00:00Z,0.6121748988870396
2025-05-15T03:00:00Z,0.5948563583627602
2025-05-15T04:00:00Z,0.5823509229190414
2025-05-15T05:00:00Z,0.4345888390473606
2025-05-15T06:00:00Z,0.5760741695650184
2025-05-15T07:00:00Z,0.49276708537869657
2025-05-15T08:00:00Z,0.42485366468396607
2025-05-15T09:00:00Z,0.38135235513477406
2025-05-15T10:00:00Z,0.3184278513645249
2025-05-15T11:00:00Z,0.2780567848799861
2025-05-15T12:00:00Z,0.2721162750400048
2025-05-15T13:00:00Z,0.2516762601699756
2025-05-15T14:00:00Z,0.307413893188261
2025-05-15T15:00:00Z,0.35333965024613206
2025-05-15T16:00:00Z,0.26029156746376414
2025-05-15T17:00:00Z,0.06650735995454343
2025-05-15T18:00:00Z,0.15274851431228698
2025-05-15T19:00:00Z,0.34273346186733145
2025-05-15T20:00:00Z,0.31472209097554393
2025-05-15T21:00:00Z,0.28009691213283266
2025-05-15T22:00:00Z,0.2530146706684541
2025-05-15T23:00:00Z,0.2559308698937739
2025-05-16T00:00:00Z,0.24546543158080789
2025-05-16T01:00:00Z,0.4973170038854922
2025-05-16T02:00:00Z,0.6236258968902214
2025-05-16T03:00:00Z,0.5473986021204424
2025-05-16T04:00:00Z,0.4767949977030623
2025-05-16T05:00:00Z,0.35459793577007703
2025-05-16T06:00:00Z,0.4426476283192833
2025-05-16T07:00:00Z,0.3855553561756685
2025-05-16T08:00:00Z,0.3968635632663418
2025-05-16T09:00:00Z,0.5837583773691936
2025-05-16T10:00:00Z,0.5708717832622149
2025-05-16T11:00:00Z,0.5971361264109951
2025-05-16T12:00:00Z,0.5601981433640442
2025-05-16T13:00:00Z,0.5330080477067805
2025-05-16T14:00:00Z,0.5338860581773259
2025-05-16T15:00:00Z,0.5467300211570832
2025-05-16T16:00:00Z,0.5501782773540402
2025-05-16T17:00:00Z,0.17414771929993367
2025-05-16T18:00:00Z,0.0540945303311397
2025-05-16T19:00:00Z,0.24148547068725917
2025-05-16T20:00:00Z,0.31266971341531163
2025-05-16T21:00:00Z,0.3056344283814021
2025-05-16T22:00:00Z,0.41108303477796915
2025-05-16T23:00:00Z,0.42560245785014705
2025-05-17T00:00:00Z,0.33026180462709787
2025-05-17T01:00:00Z,0.2912272365531442
2025-05-17T02:00:00Z,0.2838631281464872
2025-05-17T03:00:00Z,0.29123180983928487
2025-05-17T04:00:00Z,0.3082158879468513
2025-05-17T05:00:00Z,0.26090715977176815
2025-05-17T06:00:00Z,0.3819931750206435
2025-05-17T07:00:00Z,0.4308345936857522
2025-05-17T08:00:00Z,0.5231862015231602
2025-05-17T09:00:00Z,0.530312076403875
2025-05-17T10:00:00Z,0.22674746010907237
2025-05-17T11:00:00Z,0.3667750609081768
2025-05-17T12:00:00Z,0.5295918365496699
2025-05-17T13:00:00Z,0.558651846328149
2025-05-17T14:00:00Z,0.6381972735520888
2025-05-17T15:00:00Z,0.6359795013385163
2025-05-17T16:00:00Z,0.5909371135050987
2025-05-17T17:00:00Z,0.46782093258460994
2025-05-17T18:00:00Z,0.3384944239919935
2025-05-17T19:00:00Z,0.24904869270366267
2025-05-17T20:00:00Z,0.16563968152884787
2025-05-17T21:00:00Z,0.13531351098712888
2025-05-17T22:00:00Z,0.10462922784275978
2025-05-17T23:00:00Z,0.10001452655351817
2025-05-18T00:00:00Z,0.13226648888621614
2025-05-18T01:00:00Z,0.199445265677938
2025-05-18T02:00:00Z,0.26832371769293056
2025-05-18T03:00:00Z,0.3057883680405567
2025-05-18T04:00:00Z,0.32609443305169716
2025-05-18T05:00:00Z,0.22520843906342958
2025-05-18T06:00:00Z,0.39887625961272244
2025-05-18T07:00:00Z,0.4048989441800138
2025-05-18T08:00:00Z,0.3725250440303294
2025-05-18T09:00:00Z,0.34667158228242634
2025-05-18T10:00:00Z,0.32932150489481127
2025-05-18T11:00:00Z,0.3490026115082263
2025-05-18T12:00:00Z,0.36515538218116367
2025-05-18T13:00:00Z,0.35936223326071215
2025-05-18T14:00:00Z,0.5020249183952008
2025-05-18T15:00:00Z,0.5538288257095704
2025-05-18T16:00:00Z,0.5103850306398214
2025-05-18T17:00:00Z,0.41429269615179776
2025-05-18T18:00:00Z,0.42456164116121176
2025-05-18T19:00:00Z,0.4405058495483498
2025-05-18T20:00:00Z,0.38270191842758056
2025-05-18T21:00:00Z,0.3125588223213393
2025-05-18T22:00:00Z,0.3524358497788997
2025-05-18T23:00:00Z,0.3666262263415117
2025-05-19T00:00:00Z,0.3656948333923168
2025-05-19T01:00:00Z,0.35333029693686363
2025-05-19T02:00:00Z,0.3364937079169552
2025-05-19T03:00:00Z,0.3785106210865973
2025-05-19T04:00:00Z,0.3970840889131379
2025-05-19T05:00:00Z,0.4166227955310762
2025-05-19T06:00:00Z,0.26760737224821546
2025-05-19T07:00:00Z,0.22666276102318847
2025-05-19T08:00:00Z,0.17195577581010957
2025-05-19T09:00:00Z,0.1502271075189009
2025-05-19T10:00:00Z,0.09100340018964866
2025-05-19T11:00:00Z,0.0884351281081178
2025-05-19T12:00:00Z,0.08066813117638247
2025-05-19T13:00:00Z,0.08718280731866802
2025-05-19T14:00:00Z,0.15235732246734915
2025-05-19T15:00:00Z,0.29039045822377807
2025-05-19T16:00:00Z,0.321157498878757
2025-05-19T17:00:00Z,0.25043501001879365
2025-05-19T18:00:00Z,0.321611981802742
2025-05-19T19:00:00Z,0.2992998184443307
2025-05-19T20:00:00Z,0.23344559346609436
2025-05-19T21:00:00Z,0.16720251582001386
2025-05-19T22:00:00Z,0.1347232213872885
2025-05-19T23:00:00Z,0.13093549695805767
2025-05-20T00:00:00Z,0.10952960494917414
2025-05-20T01:00:00Z,0.06641737219919727
2025-05-20T02:00:00Z,0.015791602362489724
2025-05-20T03:00:00Z,0.0013276351090247024
2025-05-20T04:00:00Z,0.007683604757882128
2025-05-20T05:00:00Z,0.012799242224764753
2025-05-20T06:00:00Z,0.00018337151124028257
2025-05-20T07:00:00Z,0.0
2025-05-20T08:00:00Z,0.0005119390400139668
2025-05-20T09:00:00Z,0.0012443903170005436
2025-05-20T10:00:00Z,0.026380373807687173
2025-05-20T11:00:00Z,0.06325105181507143
2025-05-20T12:00:00Z,0.09815783609151521
2025-05-20T13:00:00Z,0.1370844563371947
2025-05-20T14:00:00Z,0.15810080833762769
2025-05-20T15:00:00Z,0.14939314284437172
2025-05-20T16:00:00Z,0.12038048130567115
2025-05-20T17:00:00Z,0.07987011483410067
2025-05-20T18:00:00Z,0.03234925923970232
2025-05-20T19:00:00Z,0.0015497562957546712
2025-05-20T20:00:00Z,0.0008922899093439383
2025-05-20T21:00:00Z,0.00038310365201606
2025-05-20T22:00:00Z,0.0
2025-05-20T23:00:00Z,0.0009366138453052247
2025-05-21T00:00:00Z,0.0014263528722188161
2025-05-21T01:00:00Z,0.0010159229152636358
2025-05-21T02:00:00Z,0.0009910408557120029
2025-05-21T03:00:00Z,0.002209995423805458
2025-05-21T04:00:00Z,0.0014102747229409632
2025-05-21T05:00:00Z,0.0009213586061059574
2025-05-21T06:00:00Z,9.707686863590526e-05
2025-05-21T07:00:00Z,0.0
2025-05-21T08:00:00Z,0.0
2025-05-21T09:00:00Z,0.0
2025-05-21T10:00:00Z,0.0
2025-05-21T11:00:00Z,0.027890875013198226
2025-05-21T12:00:00Z,0.19362161280364062
2025-05-21T13:00:00Z,0.26722442332720175
2025-05-21T14:00:00Z,0.27456700189279315
2025-05-21T15:00:00Z,0.23567795150126766
2025-05-21T16:00:00Z,0.16753607760573352
2025-05-21T17:00:00Z,0.10355994317245544
2025-05-21T18:00:00Z,0.07383568408512485
2025-05-21T19:00:00Z,0.06763739170039738
2025-05-21T20:00:00Z,0.08268005695054574
2025-05-21T21:00:00Z,0.09416020706735889
2025-05-21T22:00:00Z,0.1111150853794564
2025-05-21T23:00:00Z,0.18814560935025812
2025-05-22T00:00:00Z,0.34181005465016495
2025-05-22T01:00:00Z,0.48305058673117224
2025-05-22T02:00:00Z,0.5288935020228432
2025-05-22T03:00:00Z,0.6101165196751331
2025-05-22T04:00:00Z,0.7306009145241497
2025-05-22T05:00:00Z,0.863177895461203
2025-05-22T06:00:00Z,0.9744854861556473
2025-05-22T07:00:00Z,0.9782065333495654
2025-05-22T08:00:00Z,0.9714345330951769
2025-05-22T09:00:00Z,0.9293801847088122
2025-05-22T10:00:00Z,0.9443132686588277
2025-05-22T11:00:00Z,0.7098528620483353
2025-05-22T12:00:00Z,0.5566639574066286
2025-05-22T13:00:00Z,0.45871798315366097
2025-05-22T14:00:00Z,0.2799766832811809
2025-05-22T15:00:00Z,0.13660555499417296
2025-05-22T16:00:00Z,0.08771000872294979
2025-05-22T17:00:00Z,0.07610219092192966
2025-05-22T18:00:00Z,0.06728701550567262
2025-05-22T19:00:00Z,0.16395827576343022
2025-05-22T20:00:00Z,0.13657947720157004
2025-05-22T21:00:00Z,0.13235596496781027
2025-05-22T22:00:00Z,0.13952391225693161
2025-05-22T23:00:00Z,0.14534461165918475
2025-05-23T00:00:00Z,0.12941053694771507
2025-05-23T01:00:00Z,0.12932265943709392
2025-05-23T02:00:00Z,0.10985801023013643
2025-05-23T03:00:00Z,0.08863607876952735
2025-05-23T04:00:00Z,0.058956771105311265
2025-05-23T05:00:00Z,0.02795631965679797
2025-05-23T06:00:00Z,0.03795045650784635
2025-05-23T07:00:00Z,0.07393127880903114
2025-05-23T08:00:00Z,0.12225076593200995
2025-05-23T09:00:00Z,0.14768371072971642
2025-05-23T10:00:00Z,0.0451962923052546
2025-05-23T11:00:00Z,0.07170292308859962
2025-05-23T12:00:00Z,0.09692136064458297
2025-05-23T13:00:00Z,0.10138870780728727
2025-05-23T14:00:00Z,0.14129113904582827
2025-05-23T15:00:00Z,0.24705639046393216
2025-05-23T16:00:00Z,0.1863891867744102
2025-05-23T17:00:00Z,0.12252493478595892
2025-05-23T18:00:00Z,0.08018731077208817
2025-05-23T19:00:00Z,0.047746495446348
2025-05-23T20:00:00Z,0.017655757161306684
2025-05-23T21:00:00Z,0.025094648103898252
2025-05-23T22:00:00Z,0.05053812189295296
2025-05-23T23:00:00Z,0.10808937484701694
2025-05-24T00:00:00Z,0.14372444974379808
2025-05-24T01:00:00Z,0.11629275638934647
2025-05-24T02:00:00Z,0.12510372088173408
2025-05-24T03:00:00Z,0.1391717881218192
2025-05-24T04:00:00Z,0.12168305174392226
2025-05-24T05:00:00Z,0.08325860698164073
2025-05-24T06:00:00Z,0.1215870515442366
2025-05-24T07:00:00Z,0.1418425558618403
2025-05-24T08:00:00Z,0.17664545147150354
2025-05-24T09:00:00Z,0.27372024431315023
2025-05-24T10:00:00Z,0.4348266650000367
2025-05-24T11:00:00Z,0.32874543835866155
2025-05-24T12:00:00Z,0.31760309431541955
2025-05-24T13:00:00Z,0.27654218693692567
2025-05-24T14:00:00Z,0.2435526238689364
2025-05-24T15:00:00Z,0.2816425388819483
2025-05-24T16:00:00Z,0.29964497806046486
2025-05-24T17:00:00Z,0.24400862814272076
2025-05-24T18:00:00Z,0.173150862637105
2025-05-24T19:00:00Z,0.2137143515697027
2025-05-24T20:00:00Z,0.31611390970608355
2025-05-24T21:00:00Z,0.43394518343585187
2025-05-24T22:00:00Z,0.5224067773852471
2025-05-24T23:00:00Z,0.5838314493316439
2025-05-25T00:00:00Z,0.5752418675502512
2025-05-25T01:00:00Z,0.5458606554287261
2025-05-25T02:00:00Z,0.5439454346076283
2025-05-25T03:00:00Z,0.5558885606303072
2025-05-25T04:00:00Z,0.5954388725114372
2025-05-25T05:00:00Z,0.5903335119992544
2025-05-25T06:00:00Z,0.47086526579285404
2025-05-25T07:00:00Z,0.7988395712090302
2025-05-25T08:00:00Z,0.973337824000964
2025-05-25T09:00:00Z,0.996763419476282
2025-05-25T10:00:00Z,0.9730916704310828
2025-05-25T11:00:00Z,0.9687147277215916
2025-05-25T12:00:00Z,0.5894825141222877
2025-05-25T13:00:00Z,0.7339401504289387
2025-05-25T14:00:00Z,0.7839179407645458
2025-05-25T15:00:00Z,0.5325964670732404
2025-05-25T16:00:00Z,0.5040252278191293
2025-05-25T17:00:00Z,0.5279890396174969
2025-05-25T18:00:00Z,0.47062367529231564
2025-05-25T19:00:00Z,0.40529685143159727
2025-05-25T20:00:00Z,0.4024649698787676
2025-05-25T21:00:00Z,0.46543962292750835
2025-05-25T22:00:00Z,0.5611772868990512
2025-05-25T23:00:00Z,0.5329525933157048
2025-05-26T00:00:00Z,0.46716367923427615
2025-05-26T01:00:00Z,0.46768125218832746
2025-05-26T02:00:00Z,0.4451700536545031
2025-05-26T03:00:00Z,0.4493807279066276
2025-05-26T04:00:00Z,0.4044106669334538
2025-05-26T05:00:00Z,0.3563259302724016
2025-05-26T06:00:00Z,0.3097997127377817
2025-05-26T07:00:00Z,0.3363521017824164
2025-05-26T08:00:00Z,0.42298996772786396
2025-05-26T09:00:00Z,0.45553804388948294
2025-05-26T10:00:00Z,0.41892138957053887
2025-05-26T11:00:00Z,0.5470364228682179
2025-05-26T12:00:00Z,0.46941920045394586
2025-05-26T13:00:00Z,0.8888940317393016
2025-05-26T14:00:00Z,0.402632888596422
2025-05-26T15:00:00Z,0.2285423595802844
2025-05-26T16:00:00Z,0.23198702805088264
2025-05-26T17:00:00Z,0.13941463332657014
2025-05-26T18:00:00Z,0.09179697882862954
2025-05-26T19:00:00Z,0.1118216066449774
2025-05-26T20:00:00Z,0.1554666777664164
2025-05-26T21:00:00Z,0.20460988983741235
2025-05-26T22:00:00Z,0.26154281714166167
2025-05-26T23:00:00Z,0.21209632745446977
2025-05-27T00:00:00Z,0.2660420764556617
2025-05-27T01:00:00Z,0.34930575955533766
2025-05-27T02:00:00Z,0.372215431943706
2025-05-27T03:00:00Z,0.4134557158745379
2025-05-27T04:00:00Z,0.4394876044127554
2025-05-27T05:00:00Z,0.6118962139597998
2025-05-27T06:00:00Z,0.5167518262267451
2025-05-27T07:00:00Z,0.7607839377582908
2025-05-27T08:00:00Z,0.9983952754284174
2025-05-27T09:00:00Z,0.9996707335453547
2025-05-27T10:00:00Z,1.0
2025-05-27T11:00:00Z,0.9984686057984425
2025-05-27T12:00:00Z,1.0
2025-05-27T13:00:00Z,0.9968561966817586
2025-05-27T14:00:00Z,0.9874207264582661
2025-05-27T15:00:00Z,0.8149568133487181
2025-05-27T16:00:00Z,0.6148916382931275
2025-05-27T17:00:00Z,0.38538206120441115
2025-05-27T18:00:00Z,0.36044007915957194
2025-05-27T19:00:00Z,0.29590915718406074
2025-05-27T20:00:00Z,0.1965179052050682
2025-05-27T21:00:00Z,0.22751383626974012
2025-05-27T22:00:00Z,0.19913416480623808
2025-05-27T23:00:00Z,0.10652612449585651
2025-05-28T00:00:00Z,0.08816917843858173
2025-05-28T01:00:00Z,0.10904870268582603
2025-05-28T02:00:00Z,0.12921986005149289
2025-05-28T03:00:00Z,0.07775939421189684
2025-05-28T04:00:00Z,0.03413542411454901
2025-05-28T05:00:00Z,0.030243818489063917
2025-05-28T06:00:00Z,0.011900060130839355
2025-05-28T07:00:00Z,0.0011065175131969747
2025-05-28T08:00:00Z,0.0005392932943349253
2025-05-28T09:00:00Z,0.0009242560350937629
2025-05-28T10:00:00Z,0.0012841107497087174
2025-05-28T11:00:00Z,0.0350434695850925
2025-05-28T12:00:00Z,0.06573310635380264
2025-05-28T13:00:00Z,0.09258970425461005
2025-05-28T14:00:00Z,0.09860868801994702
2025-05-28T15:00:00Z,0.14548103700210133
2025-05-28T16:00:00Z,0.21511376493766068
2025-05-28T17:00:00Z,0.17008506644550384
2025-05-28T18:00:00Z,0.09823013275016736
2025-05-28T19:00:00Z,0.09744717839466462
2025-05-28T20:00:00Z,0.1309079619512251
2025-05-28T21:00:00Z,0.181207769551319
2025-05-28T22:00:00Z,0.23360452264213036
2025-05-28T23:00:00Z,0.2622054832235772
2025-05-29T00:00:00Z,0.29515282684273597
2025-05-29T01:00:00Z,0.3669579716232311
2025-05-29T02:00:00Z,0.34357151662026314
2025-05-29T03:00:00Z,0.34470438930968667
2025-05-29T04:00:00Z,0.3683750766027908
2025-05-29T05:00:00Z,0.3265188699582588
2025-05-29T06:00:00Z,0.2963389875854817
2025-05-29T07:00:00Z,0.27847394602392267
2025-05-29T08:00:00Z,0.23478089265587337
2025-05-29T09:00:00Z,0.22128275725940225
2025-05-29T10:00:00Z,0.29844355841514575
2025-05-29T11:00:00Z,0.28476563012489275
2025-05-29T12:00:00Z,0.3101018088660736
2025-05-29T13:00:00Z,0.26708371545249254
2025-05-29T14:00:00Z,0.1604459382496012
2025-05-29T15:00:00Z,0.09083891075605699
2025-05-29T16:00:00Z,0.04482873269653927
2025-05-29T17:00:00Z,0.08434462020971682
2025-05-29T18:00:00Z,0.14217470304428817
2025-05-29T19:00:00Z,0.22498074455257444
2025-05-29T20:00:00Z,0.28459416673767657
2025-05-29T21:00:00Z,0.36137691585916565
2025-05-29T22:00:00Z,0.5138413818870251
2025-05-29T23:00:00Z,0.6199247540881652
2025-05-30T00:00:00Z,0.8434927060994749
2025-05-30T01:00:00Z,0.8907326577435671
2025-05-30T02:00:00Z,0.8434540172953086
2025-05-30T03:00:00Z,0.6853100924728428
2025-05-30T04:00:00Z,0.7650741150903083
2025-05-30T05:00:00Z,0.7132875968617576
2025-05-30T06:00:00Z,0.4474119541272643
2025-05-30T07:00:00Z,0.44401763436247776
2025-05-30T08:00:00Z,0.5382615008769566
2025-05-30T09:00:00Z,0.6924563897576528
2025-05-30T10:00:00Z,0.8524310310174844
2025-05-30T11:00:00Z,0.9438291206984648
2025-05-30T12:00:00Z,0.9049642144709411
2025-05-30T13:00:00Z,0.8523481785448842
2025-05-30T14:00:00Z,0.6043326356670491
2025-05-30T15:00:00Z,0.5716562701333867
2025-05-30T16:00:00Z,0.5950471899376781
2025-05-30T17:00:00Z,0.6085084286008503
2025-05-30T18:00:00Z,0.5250473678926064
2025-05-30T19:00:00Z,0.6464302149881379
2025-05-30T20:00:00Z,0.6623539941147536
2025-05-30T21:00:00Z,0.6509685663856524
2025-05-30T22:00:00Z,0.5177940688706418
2025-05-30T23:00:00Z,0.4918495776616632
2025-05-31T00:00:00Z,0.48593589234325274
2025-05-31T01:00:00Z,0.46141184583536854
2025-05-31T02:00:00Z,0.43196146834716465
2025-05-31T03:00:00Z,0.41576786517860065
2025-05-31T04:00:00Z,0.3399971279051886
2025-05-31T05:00:00Z,0.24182112541332842
2025-05-31T06:00:00Z,0.12948890446422023
2025-05-31T07:00:00Z,0.08498626228503622
2025-05-31T08:00:00Z,0.08550296465434716
2025-05-31T09:00:00Z,0.09183348331303245
2025-05-31T10:00:00Z,0.12456616553742896
2025-05-31T11:00:00Z,0.13677909569240013
2025-05-31T12:00:00Z,0.12396135412858682
2025-05-31T13:00:00Z,0.10394014646142936
2025-05-31T14:00:00Z,0.08479542986644217
2025-05-31T15:00:00Z,0.07319295303631358
2025-05-31T16:00:00Z,0.05557287246383123
2025-05-31T17:00:00Z,0.022955180989966864
2025-05-31T18:00:00Z,0.0008306897786121896
2025-05-31T19:00:00Z,0.0006583690428326935
2025-05-31T20:00:00Z,0.012312087415370408
2025-05-31T21:00:00Z,0.03451916042858592
2025-05-31T22:00:00Z,0.0833444502652013
2025-05-31T23:00:00Z,0.09877013100263789
2025-06-01T00:00:00Z,0.13766049804604785
2025-06-01T01:00:00Z,0.18509844493021888
2025-06-01T02:00:00Z,0.2601322937038359
2025-06-01T03:00:00Z,0.31873786461227027
2025-06-01T04:00:00Z,0.30329386564445954
2025-06-01T05:00:00Z,0.29089158269068627
2025-06-01T06:00:00Z,0.23653682190604397
2025-06-01T07:00:00Z,0.2885038681617977
2025-06-01T08:00:00Z,0.4037552902009665
2025-06-01T09:00:00Z,0.41271805833584274
2025-06-01T10:00:00Z,0.5420111196286844
2025-06-01T11:00:00Z,0.652496560774464
2025-06-01T12:00:00Z,0.6385369174961506
2025-06-01T13:00:00Z,0.6172874091027647
2025-06-01T14:00:00Z,0.480902758409433
2025-06-01T15:00:00Z,0.41207982897047035
2025-06-01T16:00:00Z,0.2394614931217063
2025-06-01T17:00:00Z,0.11374588056838496
2025-06-01T18:00:00Z,0.12279380467730702
2025-06-01T19:00:00Z,0.10602171347976085
2025-06-01T20:00:00Z,0.11127914091468374
2025-06-01T21:00:00Z,0.18802883327337735
2025-06-01T22:00:00Z,0.332993240833595
2025-06-01T23:00:00Z,0.38226826890772414
2025-06-02T00:00:00Z,0.32953970058133975
2025-06-02T01:00:00Z,0.2953964575928556
2025-06-02T02:00:00Z,0.28561922711723753
2025-06-02T03:00:00Z,0.322792956724537
2025-06-02T04:00:00Z,0.35237717538320174
2025-06-02T05:00:00Z,0.421016539743335
2025-06-02T06:00:00Z,0.4664266543262006
2025-06-02T07:00:00Z,0.5257938573716222
2025-06-02T08:00:00Z,0.4942109424117605
2025-06-02T09:00:00Z,0.4880523421426962
2025-06-02T10:00:00Z,0.6185849949706393
2025-06-02T11:00:00Z,0.3345446206949102
2025-06-02T12:00:00Z,0.2533249162860298
2025-06-02T13:00:00Z,0.43731688510047473
2025-06-02T14:00:00Z,0.45632214912300756
2025-06-02T15:00:00Z,0.4378721522518287
2025-06-02T16:00:00Z,0.49054019236187374
2025-06-02T17:00:00Z,0.4545189838122349
2025-06-02T18:00:00Z,0.4207958076378444
2025-06-02T19:00:00Z,0.4249227050917427
2025-06-02T20:00:00Z,0.4736759586886685
2025-06-02T21:00:00Z,0.4942373033744152
2025-06-02T22:00:00Z,0.47949726942136406
2025-06-02T23:00:00Z,0.45186203055642304
2025-06-03T00:00:00Z,0.40562580219391847
2025-06-03T01:00:00Z,0.3773129556980169
2025-06-03T02:00:00Z,0.3072424875465256
2025-06-03T03:00:00Z,0.2568259407319768
2025-06-03T04:00:00Z,0.17467635620481872
2025-06-03T05:00:00Z,0.20608956192108235
2025-06-03T06:00:00Z,0.16557341736318715
2025-06-03T07:00:00Z,0.1450338960617576
2025-06-03T08:00:00Z,0.201531520959877
2025-06-03T09:00:00Z,0.23567332396936927
2025-06-03T10:00:00Z,0.2713311278620905
2025-06-03T11:00:00Z,0.337448070809935
2025-06-03T12:00:00Z,0.4292698480271014
2025-06-03T13:00:00Z,0.48716773284149645
2025-06-03T14:00:00Z,0.479295693667091
2025-06-03T15:00:00Z,0.44039425850212244
2025-06-03T16:00:00Z,0.487087066770006
2025-06-03T17:00:00Z,0.4548087421607423
2025-06-03T18:00:00Z,0.6175840639369892
2025-06-03T19:00:00Z,0.7007958786166087
2025-06-03T20:00:00Z,0.7414655273681672
2025-06-03T21:00:00Z,0.7975019368380157
2025-06-03T22:00:00Z,0.9530625213487387
2025-06-03T23:00:00Z,0.9571462378230691
2025-06-04T00:00:00Z,0.9733008373805008
2025-06-04T01:00:00Z,0.9706620698866444
2025-06-04T02:00:00Z,0.9181605312618305
2025-06-04T03:00:00Z,0.8281487823413373
2025-06-04T04:00:00Z,0.6479100361439581
2025-06-04T05:00:00Z,0.5849576456981388
2025-06-04T06:00:00Z,0.49176762331461127
2025-06-04T07:00:00Z,0.6276360003097391
2025-06-04T08:00:00Z,0.6192307788297859
2025-06-04T09:00:00Z,0.7043040506347864
2025-06-04T10:00:00Z,0.6220708392896063
2025-06-04T11:00:00Z,0.6178039124087139
2025-06-04T12:00:00Z,0.545892621242912
2025-06-04T13:00:00Z,0.4158227260804293
2025-06-04T14:00:00Z,0.33684596496793995
2025-06-04T15:00:00Z,0.2852539373504586
2025-06-04T16:00:00Z,0.5599838226595552
2025-06-04T17:00:00Z,0.5012563523914481
2025-06-04T18:00:00Z,0.3246279011443383
2025-06-04T19:00:00Z,0.23310153744714107
2025-06-04T20:00:00Z,0.15814567898613577
2025-06-04T21:00:00Z,0.11211274556746396
2025-06-04T22:00:00Z,0.09726596654752186
2025-06-04T23:00:00Z,0.13918558265023204
2025-06-05T00:00:00Z,0.1809018447136069
2025-06-05T01:00:00Z,0.19472257254007735
2025-06-05T02:00:00Z,0.18144802428634718
2025-06-05T03:00:00Z,0.19190242989860865
2025-06-05T04:00:00Z,0.22131106283924626
2025-06-05T05:00:00Z,0.24748071145990191
2025-06-05T06:00:00Z,0.22456915015733286
2025-06-05T07:00:00Z,0.1856317549350984
2025-06-05T08:00:00Z,0.16944462719023334
2025-06-05T09:00:00Z,0.19625839590630714
2025-06-05T10:00:00Z,0.3410621826821532
2025-06-05T11:00:00Z,0.4376624818647251
2025-06-05T12:00:00Z,0.4804658152706361
2025-06-05T13:00:00Z,0.40287130038050145
2025-06-05T14:00:00Z,0.4205289516666635
2025-06-05T15:00:00Z,0.44997327544139976
2025-06-05T16:00:00Z,0.3224526886942574
2025-06-05T17:00:00Z,0.4107249193607314
2025-06-05T18:00:00Z,0.3686638954046602
2025-06-05T19:00:00Z,0.3994530432048815
2025-06-05T20:00:00Z,0.28533420168347345
2025-06-05T21:00:00Z,0.22404411223045165
2025-06-05T22:00:00Z,0.32847956101150355
2025-06-05T23:00:00Z,0.3592966151708681
2025-06-06T00:00:00Z,0.2972231727419886
2025-06-06T01:00:00Z,0.23162531690690538
2025-06-06T02:00:00Z,0.20174874924785732
2025-06-06T03:00:00Z,0.1485450915064199
2025-06-06T04:00:00Z,0.13399866420580933
2025-06-06T05:00:00Z,0.1840236529461768
2025-06-06T06:00:00Z,0.14913435957047777
2025-06-06T07:00:00Z,0.13088134246474026
2025-06-06T08:00:00Z,0.1708552001525244
2025-06-06T09:00:00Z,0.34052935424531744
2025-06-06T10:00:00Z,0.3702726786931564
2025-06-06T11:00:00Z,0.5332427656610207
2025-06-06T12:00:00Z,0.589966164113437
2025-06-06T13:00:00Z,0.9689660997431213
2025-06-06T14:00:00Z,0.9983004974487107
2025-06-06T15:00:00Z,1.0
2025-06-06T16:00:00Z,1.0
2025-06-06T17:00:00Z,1.0
2025-06-06T18:00:00Z,0.997638327530429
2025-06-06T19:00:00Z,0.9969511376758196
2025-06-06T20:00:00Z,0.9746842159168909
2025-06-06T21:00:00Z,0.973067725585835
2025-06-06T22:00:00Z,0.9863428123508236
2025-06-06T23:00:00Z,0.9757873554032134
2025-06-07T00:00:00Z,0.949190818351115
2025-06-07T01:00:00Z,0.8959979778523546
2025-06-07T02:00:00Z,0.8676058723070594
2025-06-07T03:00:00Z,0.8565871372901188
2025-06-07T04:00:00Z,0.8541565848913049
2025-06-07T05:00:00Z,0.8162302360066908
2025-06-07T06:00:00Z,0.6737136607519473
2025-06-07T07:00:00Z,0.6150967606389931
2025-06-07T08:00:00Z,0.5602336228965914
2025-06-07T09:00:00Z,0.5676717899283673
2025-06-07T10:00:00Z,0.5210047793264614
2025-06-07T11:00:00Z,0.46922128845033406
2025-06-07T12:00:00Z,0.32844955434152956
2025-06-07T13:00:00Z,0.25567056522587644
2025-06-07T14:00:00Z,0.17192263377713343
2025-06-07T15:00:00Z,0.12187146598044908
2025-06-07T16:00:00Z,0.08671671181693556
2025-06-07T17:00:00Z,0.07041850447306983
2025-06-07T18:00:00Z,0.020137776157776274
2025-06-07T19:00:00Z,0.017236036565708504
2025-06-07T20:00:00Z,0.03800459247372713
2025-06-07T21:00:00Z,0.03428799803076599
2025-06-07T22:00:00Z,0.01996952927936666
2025-06-07T23:00:00Z,0.0013202032884992582
2025-06-08T00:00:00Z,0.0015778422100471725
2025-06-08T01:00:00Z,0.02961839775921804
2025-06-08T02:00:00Z,0.06575141710650863
2025-06-08T03:00:00Z,0.024423017722057253
2025-06-08T04:00:00Z,0.03867577140280915
2025-06-08T05:00:00Z,0.00107872870022394
2025-06-08T06:00:00Z,0.0
2025-06-08T07:00:00Z,0.0
2025-06-08T08:00:00Z,0.0
2025-06-08T09:00:00Z,0.0
2025-06-08T10:00:00Z,0.0
2025-06-08T11:00:00Z,0.0
2025-06-08T12:00:00Z,0.0
2025-06-08T13:00:00Z,0.0013812101367006514
2025-06-08T14:00:00Z,0.017463106566163122
2025-06-08T15:00:00Z,0.0828793511826115
2025-06-08T16:00:00Z,0.13822783341615225
2025-06-08T17:00:00Z,0.11927089803137772
2025-06-08T18:00:00Z,0.07486459076588725
2025-06-08T19:00:00Z,0.1201032001399399
2025-06-08T20:00:00Z,0.19091749798143862
2025-06-08T21:00:00Z,0.3148836897809969
2025-06-08T22:00:00Z,0.3343243693073786
2025-06-08T23:00:00Z,0.4345420377770419
2025-06-09T00:00:00Z,0.5468266125001403
2025-06-09T01:00:00Z,0.6798674056294409
2025-06-09T02:00:00Z,0.8019139526649361
2025-06-09T03:00:00Z,0.8585527027025436
2025-06-09T04:00:00Z,0.8432007273590023
2025-06-09T05:00:00Z,0.7972841337532302
2025-06-09T06:00:00Z,0.78658231531037
2025-06-09T07:00:00Z,0.7112199816337826
2025-06-09T08:00:00Z,0.6833799966376384
2025-06-09T09:00:00Z,0.7505002157910159
2025-06-09T10:00:00Z,0.8342712053034714
2025-06-09T11:00:00Z,0.9175086448647172
2025-06-09T12:00:00Z,0.9604679981092826
2025-06-09T13:00:00Z,0.9412925186045576
2025-06-09T14:00:00Z,0.9373074042341469
2025-06-09T15:00:00Z,0.9577495375006116
2025-06-09T16:00:00Z,0.9056843243747241
2025-06-09T17:00:00Z,0.7243910886300646
2025-06-09T18:00:00Z,0.46315184957763667
2025-06-09T19:00:00Z,0.2694576581862391
2025-06-09T20:00:00Z,0.1546749717763248
2025-06-09T21:00:00Z,0.17305772509437573
2025-06-09T22:00:00Z,0.1672176561864071
2025-06-09T23:00:00Z,0.16144129786319336
2025-06-10T00:00:00Z,0.15139583909985863
2025-06-10T01:00:00Z,0.20725994013660237
2025-06-10T02:00:00Z,0.1884929627368008
2025-06-10T03:00:00Z,0.16717326353112225
2025-06-10T04:00:00Z,0.09907195149836136
2025-06-10T05:00:00Z,0.044698105098621675
2025-06-10T06:00:00Z,0.03750860629670074
2025-06-10T07:00:00Z,0.06774714711632845
2025-06-10T08:00:00Z,0.0995197861152744
2025-06-10T09:00:00Z,0.1605901262999745
2025-06-10T10:00:00Z,0.24160418144625714
2025-06-10T11:00:00Z,0.19881355822250318
2025-06-10T12:00:00Z,0.1510648992518501
2025-06-10T13:00:00Z,0.09082674200634558
2025-06-10T14:00:00Z,0.0857892892407577
2025-06-10T15:00:00Z,0.05748397358668979
2025-06-10T16:00:00Z,0.01822142581453833
2025-06-10T17:00:00Z,0.0010424022053194067
2025-06-10T18:00:00Z,0.0
2025-06-10T19:00:00Z,0.0
2025-06-10T20:00:00Z,0.0009004955963439971
2025-06-10T21:00:00Z,0.06599703828233237
2025-06-10T22:00:00Z,0.12199705264489392
2025-06-10T23:00:00Z,0.1683385636261946
2025-06-11T00:00:00Z,0.2872661796746241
2025-06-11T01:00:00Z,0.33817007487124345
2025-06-11T02:00:00Z,0.33864293759370095
2025-06-11T03:00:00Z,0.28816871073678274
2025-06-11T04:00:00Z,0.21457139792682653
2025-06-11T05:00:00Z,0.1940305605504681
2025-06-11T06:00:00Z,0.1669235695659914
2025-06-11T07:00:00Z,0.16597918806688042
2025-06-11T08:00:00Z,0.17654610897073034
2025-06-11T09:00:00Z,0.19329027195126064
2025-06-11T10:00:00Z,0.34476568448340333
2025-06-11T11:00:00Z,0.36999355414121843
2025-06-11T12:00:00Z,0.40890018250072524
2025-06-11T13:00:00Z,0.41438472391122183
2025-06-11T14:00:00Z,0.4253993412958516
2025-06-11T15:00:00Z,0.43375746611671756
2025-06-11T16:00:00Z,0.3970382805934061
2025-06-11T17:00:00Z,0.2739572295742605
2025-06-11T18:00:00Z,0.21860561358677716
2025-06-11T19:00:00Z,0.177391737496343
2025-06-11T20:00:00Z,0.17998906996864358
2025-06-11T21:00:00Z,0.15520001200654432
2025-06-11T22:00:00Z,0.12662512126252784
2025-06-11T23:00:00Z,0.0773495864060575
2025-06-12T00:00:00Z,0.030703645776523677
2025-06-12T01:00:00Z,0.0010804108710671992
2025-06-12T02:00:00Z,0.0
2025-06-12T03:00:00Z,0.0
2025-06-12T04:00:00Z,0.0
2025-06-12T05:00:00Z,0.0016191619926449598
2025-06-12T06:00:00Z,0.001194170637087674
2025-06-12T07:00:00Z,0.0013249375388168154
2025-06-12T08:00:00Z,0.0010831421204638958
2025-06-12T09:00:00Z,0.000138515928891148
2025-06-12T10:00:00Z,0.0005499537475230807
2025-06-12T11:00:00Z,0.0008025370420533884
2025-06-12T12:00:00Z,0.0012969596472405319
2025-06-12T13:00:00Z,0.004286487681712358
2025-06-12T14:00:00Z,0.003442481610391022
2025-06-12T15:00:00Z,0.0015043242619107225
2025-06-12T16:00:00Z,0.001100098298011663
2025-06-12T17:00:00Z,0.0008709313255631498
2025-06-12T18:00:00Z,0.0014678449882939344
2025-06-12T19:00:00Z,0.0015809928470859925
2025-06-12T20:00:00Z,0.015578811278301864
2025-06-12T21:00:00Z,0.07834795837690546
2025-06-12T22:00:00Z,0.20318067777559692
2025-06-12T23:00:00Z,0.24212887850678608
2025-06-13T00:00:00Z,0.238857267868648
2025-06-13T01:00:00Z,0.27003597990217726
2025-06-13T02:00:00Z,0.2572161133618302
2025-06-13T03:00:00Z,0.22871474240984968
2025-06-13T04:00:00Z,0.19551313232565554
2025-06-13T05:00:00Z,0.17071861420602075
2025-06-13T06:00:00Z,0.08903465284410557
2025-06-13T07:00:00Z,0.08666939112950812
2025-06-13T08:00:00Z,0.08138731255559191
2025-06-13T09:00:00Z,0.0767409771638974
2025-06-13T10:00:00Z,0.05292335781813879
2025-06-13T11:00:00Z,0.03360855104975966
2025-06-13T12:00:00Z,0.021546713955700653
2025-06-13T13:00:00Z,0.01733005339812462
2025-06-13T14:00:00Z,0.021059100334224003
2025-06-13T15:00:00Z,0.02235074835875331
2025-06-13T16:00:00Z,0.01013712304015447
2025-06-13T17:00:00Z,0.0012671259600041127
2025-06-13T18:00:00Z,0.0008335631096012091
2025-06-13T19:00:00Z,0.0008630032463078929
2025-06-13T20:00:00Z,0.0
2025-06-13T21:00:00Z,0.0
2025-06-13T22:00:00Z,0.0001989499598589271
2025-06-13T23:00:00Z,0.0013561495241568317
2025-06-14T00:00:00Z,0.041590722275272066
2025-06-14T01:00:00Z,0.09924113211717746
2025-06-14T02:00:00Z,0.13905607788831145
2025-06-14T03:00:00Z,0.13743949310313736
2025-06-14T04:00:00Z,0.15128957553993638
2025-06-14T05:00:00Z,0.18648227601957318
2025-06-14T06:00:00Z,0.10777278270769074
2025-06-14T07:00:00Z,0.10235241283680528
2025-06-14T08:00:00Z,0.10832992342717006
2025-06-14T09:00:00Z,0.11811827038383521
2025-06-14T10:00:00Z,0.08301160697438054
2025-06-14T11:00:00Z,0.0949927506500778
2025-06-14T12:00:00Z,0.10219113756444956
2025-06-14T13:00:00Z,0.10978190406579359
2025-06-14T14:00:00Z,0.12415899631198368
2025-06-14T15:00:00Z,0.12985010907885824
2025-06-14T16:00:00Z,0.12396371592290614
2025-06-14T17:00:00Z,0.11230373795552587
2025-06-14T18:00:00Z,0.14652754627489803
2025-06-14T19:00:00Z,0.1985014357357513
2025-06-14T20:00:00Z,0.2675487165130451
2025-06-14T21:00:00Z,0.3072505738600801
2025-06-14T22:00:00Z,0.3737193668584685
2025-06-14T23:00:00Z,0.3419247552006207
2025-06-15T00:00:00Z,0.31849465389985687
2025-06-15T01:00:00Z,0.26848297924146775
2025-06-15T02:00:00Z,0.25346791618719827
2025-06-15T03:00:00Z,0.1710237695394814
2025-06-15T04:00:00Z,0.13767570939755175
2025-06-15T05:00:00Z,0.16952127490421223
2025-06-15T06:00:00Z,0.13310971216642745
2025-06-15T07:00:00Z,0.08433147036038682
2025-06-15T08:00:00Z,0.060658908123436814
2025-06-15T09:00:00Z,0.0447590546677322
2025-06-15T10:00:00Z,0.03487706013610226
2025-06-15T11:00:00Z,0.053425111444857065
2025-06-15T12:00:00Z,0.05211976664962114
2025-06-15T13:00:00Z,0.0231686725597114
2025-06-15T14:00:00Z,0.01917977808080871
2025-06-15T15:00:00Z,0.017878167702634708
2025-06-15T16:00:00Z,0.0013901034346022539
2025-06-15T17:00:00Z,0.015621103326193077
2025-06-15T18:00:00Z,0.00316284661448485
2025-06-15T19:00:00Z,0.06399783526181543
2025-06-15T20:00:00Z,0.10529441381089337
2025-06-15T21:00:00Z,0.12237703133102294
2025-06-15T22:00:00Z,0.14417580871179264
2025-06-15T23:00:00Z,0.1721616532324493
2025-06-16T00:00:00Z,0.16916673126660683
2025-06-16T01:00:00Z,0.17353738022281992
2025-06-16T02:00:00Z,0.21005802903544485
2025-06-16T03:00:00Z,0.26793055877295896
2025-06-16T04:00:00Z,0.3111626551932268
2025-06-16T05:00:00Z,0.36051496760950535
2025-06-16T06:00:00Z,0.572353662713645
2025-06-16T07:00:00Z,0.7683999689324587
2025-06-16T08:00:00Z,0.8522492699994826
2025-06-16T09:00:00Z,0.8376197630678884
2025-06-16T10:00:00Z,0.9109409761588627
2025-06-16T11:00:00Z,0.9144359972582121
2025-06-16T12:00:00Z,0.9441366027479167
2025-06-16T13:00:00Z,0.8448177866742512
2025-06-16T14:00:00Z,0.8660685464797735
2025-06-16T15:00:00Z,0.9034998681998978
2025-06-16T16:00:00Z,0.8709444188579083
2025-06-16T17:00:00Z,0.9112193244324714
2025-06-16T18:00:00Z,0.8701774583875888
2025-06-16T19:00:00Z,0.9788348868430565
2025-06-16T20:00:00Z,0.9746970565451288
2025-06-16T21:00:00Z,0.924513358023869
2025-06-16T22:00:00Z,0.8441312651981068
2025-06-16T23:00:00Z,0.8472311320528296
2025-06-17T00:00:00Z,0.7432180471488936
2025-06-17T01:00:00Z,0.69114593866214
2025-06-17T02:00:00Z,0.6421460240769716
2025-06-17T03:00:00Z,0.5318280525929049
2025-06-17T04:00:00Z,0.4169559252860143
2025-06-17T05:00:00Z,0.42073396496245713
2025-06-17T06:00:00Z,0.39485859440653875
2025-06-17T07:00:00Z,0.34468264084134304
2025-06-17T08:00:00Z,0.33281248957921994
2025-06-17T09:00:00Z,0.4177547065304158
2025-06-17T10:00:00Z,0.4449245056851789
2025-06-17T11:00:00Z,0.6483108921941492
2025-06-17T12:00:00Z,0.7731577736812459
2025-06-17T13:00:00Z,0.6580646269942858
2025-06-17T14:00:00Z,0.46837812901286596
2025-06-17T15:00:00Z,0.32057321696931523
2025-06-17T16:00:00Z,0.2471410066907849
2025-06-17T17:00:00Z,0.350634553481118
2025-06-17T18:00:00Z,0.4311958881641375
2025-06-17T19:00:00Z,0.6441092201182819
2025-06-17T20:00:00Z,0.6935534907026717
2025-06-17T21:00:00Z,0.75499637392707
2025-06-17T22:00:00Z,0.7232358329182849
2025-06-17T23:00:00Z,0.7778118572991182
2025-06-18T00:00:00Z,0.8459644632368288
2025-06-18T01:00:00Z,0.7705413411882877
2025-06-18T02:00:00Z,0.730290542156296
2025-06-18T03:00:00Z,0.6995824587124116
2025-06-18T04:00:00Z,0.6517103444481508
2025-06-18T05:00:00Z,0.6228763082541855
2025-06-18T06:00:00Z,0.5609662848403087
2025-06-18T07:00:00Z,0.5036938131105714
2025-06-18T08:00:00Z,0.43370084916444546
2025-06-18T09:00:00Z,0.43440336621271863
2025-06-18T10:00:00Z,0.32452688759739595
2025-06-18T11:00:00Z,0.3910863702041031
2025-06-18T12:00:00Z,0.44453917114568825
2025-06-18T13:00:00Z,0.43178110277287357
2025-06-18T14:00:00Z,0.3574173392469066
2025-06-18T15:00:00Z,0.49928781329052413
2025-06-18T16:00:00Z,0.5717850177739123
2025-06-18T17:00:00Z,0.5345938204881894
2025-06-18T18:00:00Z,0.6688910763930409
2025-06-18T19:00:00Z,0.834066174831394
2025-06-18T20:00:00Z,0.8921504755515008
2025-06-18T21:00:00Z,0.9386862807085129
2025-06-18T22:00:00Z,0.9309636308428499
2025-06-18T23:00:00Z,0.9693667140772564
2025-06-19T00:00:00Z,0.9723014873049433
2025-06-19T01:00:00Z,0.9567236389906428
2025-06-19T02:00:00Z,0.9119279049485481
2025-06-19T03:00:00Z,0.8493992777893635
2025-06-19T04:00:00Z,0.771032525889693
2025-06-19T05:00:00Z,0.7582657126005845
2025-06-19T06:00:00Z,0.6702795231130123
2025-06-19T07:00:00Z,0.5986763078498712
2025-06-19T08:00:00Z,0.5393318457270944
2025-06-19T09:00:00Z,0.48500432929796317
2025-06-19T10:00:00Z,0.44336684274300897
2025-06-19T11:00:00Z,0.51966682400802
2025-06-19T12:00:00Z,0.6011361258686512
2025-06-19T13:00:00Z,0.6237372224228832
2025-06-19T14:00:00Z,0.5769954035085463
2025-06-19T15:00:00Z,0.5095646562821642
2025-06-19T16:00:00Z,0.44591783053632195
2025-06-19T17:00:00Z,0.3513954188487409
2025-06-19T18:00:00Z,0.2163070085500698
2025-06-19T19:00:00Z,0.2193243227885843
2025-06-19T20:00:00Z,0.22675885498293022
2025-06-19T21:00:00Z,0.18630192048752575
2025-06-19T22:00:00Z,0.18003771691897522
2025-06-19T23:00:00Z,0.11996202313308317
2025-06-20T00:00:00Z,0.08581303011875437
2025-06-20T01:00:00Z,0.0686116061123734
2025-06-20T02:00:00Z,0.05936786882876507
2025-06-20T03:00:00Z,0.02560886974746488
2025-06-20T04:00:00Z,7.840737221703716e-05
2025-06-20T05:00:00Z,0.0
2025-06-20T06:00:00Z,0.0
2025-06-20T07:00:00Z,0.0
2025-06-20T08:00:00Z,0.0012640198778085532
2025-06-20T09:00:00Z,0.03138187737978775
2025-06-20T10:00:00Z,0.0607398720216769
2025-06-20T11:00:00Z,0.08048236353744735
2025-06-20T12:00:00Z,0.08474002738612758
2025-06-20T13:00:00Z,0.08580426443868423
2025-06-20T14:00:00Z,0.11806149314858659
2025-06-20T15:00:00Z,0.1322393266599619
2025-06-20T16:00:00Z,0.11401140698178477
2025-06-20T17:00:00Z,0.0917349317570338
2025-06-20T18:00:00Z,0.11573398714041064
2025-06-20T19:00:00Z,0.13106073770900387
2025-06-20T20:00:00Z,0.16343591145732553
2025-06-20T21:00:00Z,0.2709356063255435
2025-06-20T22:00:00Z,0.37122932784289236
2025-06-20T23:00:00Z,0.39728356414479193
2025-06-21T00:00:00Z,0.3969219109628949
2025-06-21T01:00:00Z,0.4163305131998782
2025-06-21T02:00:00Z,0.49125982738601043
2025-06-21T03:00:00Z,0.5455300518169576
2025-06-21T04:00:00Z,0.6981216895295531
2025-06-21T05:00:00Z,0.8764362527880748
2025-06-21T06:00:00Z,0.801910920704861
2025-06-21T07:00:00Z,0.6084993856611071
2025-06-21T08:00:00Z,0.524772242094907
2025-06-21T09:00:00Z,0.39613289599089047
2025-06-21T10:00:00Z,0.2945729411440481
2025-06-21T11:00:00Z,0.256996312032441
2025-06-21T12:00:00Z,0.20747394884531348
2025-06-21T13:00:00Z,0.18926206790437594
2025-06-21T14:00:00Z,0.15826277647023662
2025-06-21T15:00:00Z,0.13154929311663963
2025-06-21T16:00:00Z,0.08827827282467128
2025-06-21T17:00:00Z,0.055184637106896015
2025-06-21T18:00:00Z,0.024119735283058653
2025-06-21T19:00:00Z,0.0148910940698057
2025-06-21T20:00:00Z,0.010470467529163764
2025-06-21T21:00:00Z,0.0014752480390914713
2025-06-21T22:00:00Z,0.0
2025-06-21T23:00:00Z,0.0
2025-06-22T00:00:00Z,0.0015472001542600222
2025-06-22T01:00:00Z,0.03488597791554705
2025-06-22T02:00:00Z,0.041813725317116066
2025-06-22T03:00:00Z,0.08055699543217193
2025-06-22T04:00:00Z,0.13469866010837403
2025-06-22T05:00:00Z,0.15075177527145087
2025-06-22T06:00:00Z,0.08667059157005876
2025-06-22T07:00:00Z,0.08953270816305914
2025-06-22T08:00:00Z,0.11920637149974034
2025-06-22T09:00:00Z,0.15578858124509604
2025-06-22T10:00:00Z,0.20705398606166578
2025-06-22T11:00:00Z,0.22547086028391752
2025-06-22T12:00:00Z,0.28657980442429437
2025-06-22T13:00:00Z,0.39607581370318773
2025-06-22T14:00:00Z,0.5873980528710986
2025-06-22T15:00:00Z,0.7041174074524723
2025-06-22T16:00:00Z,0.6266816053899025
2025-06-22T17:00:00Z,0.9420571999925466
2025-06-22T18:00:00Z,0.9640291744118742
2025-06-22T19:00:00Z,0.8720269230822821
2025-06-22T20:00:00Z,0.8298639162772137
2025-06-22T21:00:00Z,0.7575734662963912
2025-06-22T22:00:00Z,0.8697880965247655
2025-06-22T23:00:00Z,0.8004012411811167
2025-06-23T00:00:00Z,0.6946585437790395
2025-06-23T01:00:00Z,0.4296974197550651
2025-06-23T02:00:00Z,0.2271925555421964
2025-06-23T03:00:00Z,0.13600237261217235
2025-06-23T04:00:00Z,0.17936812490211881
2025-06-23T05:00:00Z,0.17306913844764413
2025-06-23T06:00:00Z,0.13100898838697142
2025-06-23T07:00:00Z,0.13874128102600858
2025-06-23T08:00:00Z,0.1777188097883496
2025-06-23T09:00:00Z,0.5136679961874187
2025-06-23T10:00:00Z,0.7070922473937775
2025-06-23T11:00:00Z,0.1669048865215539
2025-06-23T12:00:00Z,0.1000066369585644
2025-06-23T13:00:00Z,0.42165767561550227
2025-06-23T14:00:00Z,0.5356217087768401
2025-06-23T15:00:00Z,0.7980230009335008
2025-06-23T16:00:00Z,0.6602795450328204
2025-06-23T17:00:00Z,0.9036692500956138
2025-06-23T18:00:00Z,0.9749201290056385
2025-06-23T19:00:00Z,0.988805875495936
2025-06-23T20:00:00Z,0.9974909437915017
2025-06-23T21:00:00Z,0.9910528048375549
2025-06-23T22:00:00Z,0.996997020082296
2025-06-23T23:00:00Z,0.9807044398023935
2025-06-24T00:00:00Z,0.9990796762863227
2025-06-24T01:00:00Z,0.9976007505707715
2025-06-24T02:00:00Z,0.9995127417860259
2025-06-24T03:00:00Z,1.0
2025-06-24T04:00:00Z,0.9989781511350309
2025-06-24T05:00:00Z,0.9991886193899732
2025-06-24T06:00:00Z,0.9988546334544097
2025-06-24T07:00:00Z,0.9988134512123428
2025-06-24T08:00:00Z,1.0
2025-06-24T09:00:00Z,0.9998476012513264
2025-06-24T10:00:00Z,1.0
2025-06-24T11:00:00Z,0.9989432614656951
2025-06-24T12:00:00Z,1.0
2025-06-24T13:00:00Z,0.9988622384093316
2025-06-24T14:00:00Z,0.9973041492938867
2025-06-24T15:00:00Z,0.9909769739544643
2025-06-24T16:00:00Z,0.9720881130878993
2025-06-24T17:00:00Z,0.8610837320175037
2025-06-24T18:00:00Z,0.817832729423265
2025-06-24T19:00:00Z,0.6477364697689973
2025-06-24T20:00:00Z,0.538756945603145
2025-06-24T21:00:00Z,0.5506607715183265
2025-06-24T22:00:00Z,0.4134391482298953
2025-06-24T23:00:00Z,0.4614024012046824
2025-06-25T00:00:00Z,0.41376143841194696
2025-06-25T01:00:00Z,0.3921688436882664
2025-06-25T02:00:00Z,0.4114143747681596
2025-06-25T03:00:00Z,0.4648414289531574
2025-06-25T04:00:00Z,0.5603663754825284
2025-06-25T05:00:00Z,0.6763874959071444
2025-06-25T06:00:00Z,0.6417859402073016
2025-06-25T07:00:00Z,0.5663791041456774
2025-06-25T08:00:00Z,0.49323604717032205
2025-06-25T09:00:00Z,0.4096833982413237
2025-06-25T10:00:00Z,0.2867442779779837
2025-06-25T11:00:00Z,0.3790761392688371
2025-06-25T12:00:00Z,0.39637784891412287
2025-06-25T13:00:00Z,0.3330061575390208
2025-06-25T14:00:00Z,0.25666992100214536
2025-06-25T15:00:00Z,0.18167315533128456
2025-06-25T16:00:00Z,0.14721100862574454
2025-06-25T17:00:00Z,0.14253750760439882
2025-06-25T18:00:00Z,0.1342122207410442
2025-06-25T19:00:00Z,0.15712861515958287
2025-06-25T20:00:00Z,0.16724559520808008
2025-06-25T21:00:00Z,0.14071602272446854
2025-06-25T22:00:00Z,0.06422399251643456
2025-06-25T23:00:00Z,0.0015952910177500384
2025-06-26T00:00:00Z,0.0437069482501894
2025-06-26T01:00:00Z,0.11309026713807332
2025-06-26T02:00:00Z,0.08709003815055599
2025-06-26T03:00:00Z,0.10200739905462078
2025-06-26T04:00:00Z,0.061900024451904165
2025-06-26T05:00:00Z,0.009427311459298784
2025-06-26T06:00:00Z,0.028395841212731136
2025-06-26T07:00:00Z,0.052578020511903314
2025-06-26T08:00:00Z,0.06682686155725691
2025-06-26T09:00:00Z,0.08388300330548802
2025-06-26T10:00:00Z,0.0850245535560535
2025-06-26T11:00:00Z,0.0978546496932094
2025-06-26T12:00:00Z,0.07333937709789484
2025-06-26T13:00:00Z,0.1032344884055083
2025-06-26T14:00:00Z,0.08986233420768155
2025-06-26T15:00:00Z,0.030484649479273793
2025-06-26T16:00:00Z,0.0013170984828884168
2025-06-26T17:00:00Z,0.0007557139974203365
2025-06-26T18:00:00Z,0.001370143038906216
2025-06-26T19:00:00Z,0.03582564909816789
2025-06-26T20:00:00Z,0.02779859323457195
2025-06-26T21:00:00Z,0.00875441567234676
2025-06-26T22:00:00Z,0.0011773236813255512
2025-06-26T23:00:00Z,0.020479984944038604
2025-06-27T00:00:00Z,0.05496136498997815
2025-06-27T01:00:00Z,0.05029027028701297
2025-06-27T02:00:00Z,0.05191741862785214
2025-06-27T03:00:00Z,0.09495547654219247
2025-06-27T04:00:00Z,0.14484680919880102
2025-06-27T05:00:00Z,0.6209812418953868
2025-06-27T06:00:00Z,0.6570010629821833
2025-06-27T07:00:00Z,0.6054232838440706
2025-06-27T08:00:00Z,0.7741479721788085
2025-06-27T09:00:00Z,0.9707623086268771
2025-06-27T10:00:00Z,0.9826859118432167
2025-06-27T11:00:00Z,0.9977651508552129
2025-06-27T12:00:00Z,0.9996868313660883
2025-06-27T13:00:00Z,0.998530089115126
2025-06-27T14:00:00Z,0.9992760527628477
2025-06-27T15:00:00Z,0.9969557520953674
2025-06-27T16:00:00Z,0.9859972010041353
2025-06-27T17:00:00Z,0.973626028138031
2025-06-27T18:00:00Z,0.8846957130755789
2025-06-27T19:00:00Z,0.9097375772619445
2025-06-27T20:00:00Z,0.9010611856310743
2025-06-27T21:00:00Z,0.7286023565164439
2025-06-27T22:00:00Z,0.5130389822208788
2025-06-27T23:00:00Z,0.4704917274302506
2025-06-28T00:00:00Z,0.404682277858634
2025-06-28T01:00:00Z,0.2870820913735269
2025-06-28T02:00:00Z,0.16052736717606086
2025-06-28T03:00:00Z,0.1367875469315172
2025-06-28T04:00:00Z,0.20300522121298845
2025-06-28T05:00:00Z,0.2618458669466485
2025-06-28T06:00:00Z,0.3425551458009042
2025-06-28T07:00:00Z,0.4041899758596328
2025-06-28T08:00:00Z,0.40395598952291895
2025-06-28T09:00:00Z,0.4084757445622731
2025-06-28T10:00:00Z,0.6403610564656019
2025-06-28T11:00:00Z,0.8267965322228618
2025-06-28T12:00:00Z,0.8619983862772166
2025-06-28T13:00:00Z,0.8781972183017802
2025-06-28T14:00:00Z,0.9202859947848075
2025-06-28T15:00:00Z,0.9669439235069834
2025-06-28T16:00:00Z,0.6011336271137221
2025-06-28T17:00:00Z,0.603594511232908
2025-06-28T18:00:00Z,0.7194319430550021
2025-06-28T19:00:00Z,0.8646053774445692
2025-06-28T20:00:00Z,0.888884015801539
2025-06-28T21:00:00Z,0.9555357428429972
2025-06-28T22:00:00Z,0.9811685555801982
2025-06-28T23:00:00Z,0.9945776338717797
2025-06-29T00:00:00Z,0.9881330219674417
2025-06-29T01:00:00Z,0.9759688861921376
2025-06-29T02:00:00Z,0.9326260107432496
2025-06-29T03:00:00Z,0.8750108198868702
2025-06-29T04:00:00Z,0.8273313478024664
2025-06-29T05:00:00Z,0.8455477387685557
2025-06-29T06:00:00Z,0.9678706002017614
2025-06-29T07:00:00Z,0.9975465470715302
2025-06-29T08:00:00Z,0.9997363920740171
2025-06-29T09:00:00Z,1.0
2025-06-29T10:00:00Z,1.0
2025-06-29T11:00:00Z,1.0
2025-06-29T12:00:00Z,1.0
2025-06-29T13:00:00Z,1.0
2025-06-29T14:00:00Z,1.0
2025-06-29T15:00:00Z,1.0
2025-06-29T16:00:00Z,1.0
2025-06-29T17:00:00Z,1.0
2025-06-29T18:00:00Z,0.9991591780087157
2025-06-29T19:00:00Z,1.0
2025-06-29T20:00:00Z,0.9990176116717018
2025-06-29T21:00:00Z,0.9970290295094317
2025-06-29T22:00:00Z,0.9984230879640933
2025-06-29T23:00:00Z,0.9829772257844438
2025-06-30T00:00:00Z,0.9037667296899986
2025-06-30T01:00:00Z,0.6790840167749693
2025-06-30T02:00:00Z,0.5323761709367306
2025-06-30T03:00:00Z,0.3644700582915957
2025-06-30T04:00:00Z,0.25827986308821566
2025-06-30T05:00:00Z,0.17865842295749668
2025-06-30T06:00:00Z,0.16352014027062026
2025-06-30T07:00:00Z,0.10498647659782807
2025-06-30T08:00:00Z,0.06385493773318279
2025-06-30T09:00:00Z,0.03766759434244494
2025-06-30T10:00:00Z,0.04651190567318119
2025-06-30T11:00:00Z,0.0763019853034125
2025-06-30T12:00:00Z,0.09866366282831782
2025-06-30T13:00:00Z,0.12411430091732285
2025-06-30T14:00:00Z,0.11797145964545432
2025-06-30T15:00:00Z,0.09025756840501237
2025-06-30T16:00:00Z,0.06752967470318877
2025-06-30T17:00:00Z,0.045297303698158535
2025-06-30T18:00:00Z,0.032725126134253144
2025-06-30T19:00:00Z,0.026963341782865424
2025-06-30T20:00:00Z,0.020989454443933617
2025-06-30T21:00:00Z,0.001475023314995983
2025-06-30T22:00:00Z,0.0004693244853583698
2025-06-30T23:00:00Z,0.0003209892529628289
2025-07-01T00:00:00Z,0.000747805193024042
2025-07-01T01:00:00Z,0.0012098264816202244
2025-07-01T02:00:00Z,0.008655499886994577
2025-07-01T03:00:00Z,0.01578954790761323
2025-07-01T04:00:00Z,0.0397665605470492
2025-07-01T05:00:00Z,0.03213971027313462
2025-07-01T06:00:00Z,0.013725501182836566
2025-07-01T07:00:00Z,0.03135527769313667
2025-07-01T08:00:00Z,0.04754798851154063
2025-07-01T09:00:00Z,0.06552065533130282
2025-07-01T10:00:00Z,0.05315903772882487
2025-07-01T11:00:00Z,0.06542573659682667
2025-07-01T12:00:00Z,0.08001620149833946
2025-07-01T13:00:00Z,0.0830773093596486
2025-07-01T14:00:00Z,0.08705017160247791
2025-07-01T15:00:00Z,0.10829971826683525
2025-07-01T16:00:00Z,0.12267019029278373
2025-07-01T17:00:00Z,0.09319112630509789
2025-07-01T18:00:00Z,0.09597489261028584
2025-07-01T19:00:00Z,0.13366599580065627
2025-07-01T20:00:00Z,0.1681645680442864
2025-07-01T21:00:00Z,0.20756825256145386
2025-07-01T22:00:00Z,0.2003475754897735
2025-07-01T23:00:00Z,0.2490131887684752
2025-07-02T00:00:00Z,0.2642109927854146
2025-07-02T01:00:00Z,0.29123260944347956
2025-07-02T02:00:00Z,0.3116406564575569
2025-07-02T03:00:00Z,0.2795695783866107
2025-07-02T04:00:00Z,0.17244869353114917
2025-07-02T05:00:00Z,0.08932921817506537
2025-07-02T06:00:00Z,0.028032948659515316
2025-07-02T07:00:00Z,0.024589473021852215
2025-07-02T08:00:00Z,0.06071029399250762
2025-07-02T09:00:00Z,0.09618329093189083
2025-07-02T10:00:00Z,0.10950592997056992
2025-07-02T11:00:00Z,0.14943138915551163
2025-07-02T12:00:00Z,0.17062524479862323
2025-07-02T13:00:00Z,0.13059094948421954
2025-07-02T14:00:00Z,0.0700519278206609
2025-07-02T15:00:00Z,0.04474226904587357
2025-07-02T16:00:00Z,0.05638284644577644
2025-07-02T17:00:00Z,0.04818924165339023
2025-07-02T18:00:00Z,0.026588944704663556
2025-07-02T19:00:00Z,0.0214448994322109
2025-07-02T20:00:00Z,0.0016022808675635514
2025-07-02T21:00:00Z,0.0
2025-07-02T22:00:00Z,0.007369553917927491
2025-07-02T23:00:00Z,0.10274228619188235
2025-07-03T00:00:00Z,0.06916580931590131
2025-07-03T01:00:00Z,0.12251271593138562
2025-07-03T02:00:00Z,0.16284563550850045
2025-07-03T03:00:00Z,0.3447505548601978
2025-07-03T04:00:00Z,0.5696388532898898
2025-07-03T05:00:00Z,0.5397795997829561
2025-07-03T06:00:00Z,0.8229242722891759
2025-07-03T07:00:00Z,0.8368571086123286
2025-07-03T08:00:00Z,0.842569182691344
2025-07-03T09:00:00Z,0.9186339707103689
2025-07-03T10:00:00Z,0.7838314103782364
2025-07-03T11:00:00Z,0.8164078719669563
2025-07-03T12:00:00Z,0.8171777424902344
2025-07-03T13:00:00Z,0.7790869112749521
2025-07-03T14:00:00Z,0.8919685787359974
2025-07-03T15:00:00Z,0.9732557579020954
2025-07-03T16:00:00Z,0.9759404038177328
2025-07-03T17:00:00Z,0.9706623259550328
2025-07-03T18:00:00Z,0.9262305709364138
2025-07-03T19:00:00Z,0.8946772577222055
2025-07-03T20:00:00Z,0.8552711128069819
2025-07-03T21:00:00Z,0.7930025180066367
2025-07-03T22:00:00Z,0.5945237659030818
2025-07-03T23:00:00Z,0.6437020338005605
2025-07-04T00:00:00Z,0.6584295408846561
2025-07-04T01:00:00Z,0.6328434838803503
2025-07-04T02:00:00Z,0.5645498836386024
2025-07-04T03:00:00Z,0.43725331709785886
2025-07-04T04:00:00Z,0.3665233145836596
2025-07-04T05:00:00Z,0.3583412966969271
2025-07-04T06:00:00Z,0.34783627913432336
2025-07-04T07:00:00Z,0.4461723658597347
2025-07-04T08:00:00Z,0.3686833556349466
2025-07-04T09:00:00Z,0.33321876201648915
2025-07-04T10:00:00Z,0.2834724687681121
2025-07-04T11:00:00Z,0.24324390068013305
2025-07-04T12:00:00Z,0.35145215232777555
2025-07-04T13:00:00Z,0.4437814738646923
2025-07-04T14:00:00Z,0.6878137628618688
2025-07-04T15:00:00Z,0.3222771950595317
2025-07-04T16:00:00Z,0.26660847122494846
2025-07-04T17:00:00Z,0.29697863333015506
2025-07-04T18:00:00Z,0.6037001736849564
2025-07-04T19:00:00Z,0.5672898319152273
2025-07-04T20:00:00Z,0.598136527301061
2025-07-04T21:00:00Z,0.6185121234785877
2025-07-04T22:00:00Z,0.5629699079652196
2025-07-04T23:00:00Z,0.5147873762389034
2025-07-05T00:00:00Z,0.5205666046206199
2025-07-05T01:00:00Z,0.6067481933813185
2025-07-05T02:00:00Z,0.7022557100650556
2025-07-05T03:00:00Z,0.8738018631759743
2025-07-05T04:00:00Z,0.975762502320407
2025-07-05T05:00:00Z,0.9414493928260214
2025-07-05T06:00:00Z,0.8288267171428669
2025-07-05T07:00:00Z,0.7713305824875006
2025-07-05T08:00:00Z,0.8623415554231975
2025-07-05T09:00:00Z,0.8866734930980102
2025-07-05T10:00:00Z,0.6341005180516635
2025-07-05T11:00:00Z,0.7760969996304875
2025-07-05T12:00:00Z,0.8591725560648128
2025-07-05T13:00:00Z,0.7632917634446157
2025-07-05T14:00:00Z,0.8409361087919766
2025-07-05T15:00:00Z,0.5826891041232429
2025-07-05T16:00:00Z,0.6788874284420358
2025-07-05T17:00:00Z,0.70047351974229
2025-07-05T18:00:00Z,0.6664399948764876
2025-07-05T19:00:00Z,0.5414964704753785
2025-07-05T20:00:00Z,0.521959414003752
2025-07-05T21:00:00Z,0.6233359024770807
2025-07-05T22:00:00Z,0.4663408267083219
2025-07-05T23:00:00Z,0.4392555162325439
2025-07-06T00:00:00Z,0.44568056894439284
2025-07-06T01:00:00Z,0.4733195313601722
2025-07-06T02:00:00Z,0.451944483608655
2025-07-06T03:00:00Z,0.3313053090059868
2025-07-06T04:00:00Z,0.23916820218530518
2025-07-06T05:00:00Z,0.28150950009010556
2025-07-06T06:00:00Z,0.1405497625047798
2025-07-06T07:00:00Z,0.15758423327955148
2025-07-06T08:00:00Z,0.3786481400011744
2025-07-06T09:00:00Z,0.4390058557565748
2025-07-06T10:00:00Z,0.3543893839861923
2025-07-06T11:00:00Z,0.11455980110325803
2025-07-06T12:00:00Z,0.1918694476663324
2025-07-06T13:00:00Z,0.3169751534065215
2025-07-06T14:00:00Z,0.08694582996232576
2025-07-06T15:00:00Z,0.08561943503886611
2025-07-06T16:00:00Z,0.14123078083552643
2025-07-06T17:00:00Z,0.11685010475672022
2025-07-06T18:00:00Z,0.07092876326738998
2025-07-06T19:00:00Z,0.05287741261816523
2025-07-06T20:00:00Z,0.01575310932903215
2025-07-06T21:00:00Z,0.003823966675352971
2025-07-06T22:00:00Z,0.052855544435451464
2025-07-06T23:00:00Z,0.0027611067636107768
2025-07-07T00:00:00Z,0.00034391682404534037
2025-07-07T01:00:00Z,0.001178418347730644
2025-07-07T02:00:00Z,0.0015427259523514327
2025-07-07T03:00:00Z,0.00012121341888936928
2025-07-07T04:00:00Z,0.0
2025-07-07T05:00:00Z,0.0
2025-07-07T06:00:00Z,6.93472097221459e-05
2025-07-07T07:00:00Z,0.0
2025-07-07T08:00:00Z,0.0
2025-07-07T09:00:00Z,0.0
2025-07-07T10:00:00Z,0.0
2025-07-07T11:00:00Z,0.0
2025-07-07T12:00:00Z,0.0
2025-07-07T13:00:00Z,0.0
2025-07-07T14:00:00Z,0.0
2025-07-07T15:00:00Z,0.0
2025-07-07T16:00:00Z,0.0
2025-07-07T17:00:00Z,0.0006444035026550066
2025-07-07T18:00:00Z,0.0010039995983949616
2025-07-07T19:00:00Z,0.0010259996465380966
2025-07-07T20:00:00Z,0.0014298236942544833
2025-07-07T21:00:00Z,0.011514671918607207
2025-07-07T22:00:00Z,0.01174591011530998
2025-07-07T23:00:00Z,0.0014603668820304728
2025-07-08T00:00:00Z,0.044809966421292965
2025-07-08T01:00:00Z,0.07736862844462955
2025-07-08T02:00:00Z,0.08197605523975324
2025-07-08T03:00:00Z,0.06970735830646105
2025-07-08T04:00:00Z,0.08149469484927716
2025-07-08T05:00:00Z,0.11920251845091433
2025-07-08T06:00:00Z,0.15471988442559456
2025-07-08T07:00:00Z,0.16386629600716784
2025-07-08T08:00:00Z,0.1672473298388282
2025-07-08T09:00:00Z,0.16285482761374453
2025-07-08T10:00:00Z,0.2328254910401686
2025-07-08T11:00:00Z,0.15832530181751206
2025-07-08T12:00:00Z,0.09723693787411007
2025-07-08T13:00:00Z,0.1083018108508869
2025-07-08T14:00:00Z,0.13654286912158847
2025-07-08T15:00:00Z,0.16580660689210788
2025-07-08T16:00:00Z,0.16194925645681912
2025-07-08T17:00:00Z,0.1064384152804993
2025-07-08T18:00:00Z,0.06225220146449448
2025-07-08T19:00:00Z,0.06901296748296339
2025-07-08T20:00:00Z,0.053060920293573226
2025-07-08T21:00:00Z,0.05669918028934233
2025-07-08T22:00:00Z,0.06420337603538406
2025-07-08T23:00:00Z,0.06852689769604238
2025-07-09T00:00:00Z,0.05711829931715926
2025-07-09T01:00:00Z,0.04531854092497528
2025-07-09T02:00:00Z,0.043932450622942286
2025-07-09T03:00:00Z,0.04512535998804515
2025-07-09T04:00:00Z,0.04198983385352798
2025-07-09T05:00:00Z,0.017369513755356565
2025-07-09T06:00:00Z,0.0004105270439056087
2025-07-09T07:00:00Z,0.0
2025-07-09T08:00:00Z,0.0
2025-07-09T09:00:00Z,0.0
2025-07-09T10:00:00Z,0.0
2025-07-09T11:00:00Z,0.0
2025-07-09T12:00:00Z,0.001462395583964748
2025-07-09T13:00:00Z,0.032648247823574124
2025-07-09T14:00:00Z,0.04299075552629288
2025-07-09T15:00:00Z,0.03953381674716994
2025-07-09T16:00:00Z,0.04220407702014561
2025-07-09T17:00:00Z,0.04685835694083682
2025-07-09T18:00:00Z,0.019329970602061413
2025-07-09T19:00:00Z,0.0012254988109597401
2025-07-09T20:00:00Z,0.00033872319424135876
2025-07-09T21:00:00Z,0.0
2025-07-09T22:00:00Z,0.0
2025-07-09T23:00:00Z,0.0014744588820903705
2025-07-10T00:00:00Z,0.03757981026611097
2025-07-10T01:00:00Z,0.035691884900230016
2025-07-10T02:00:00Z,0.01493667759473361
2025-07-10T03:00:00Z,0.025461954902225477
2025-07-10T04:00:00Z,0.030395147814872646
2025-07-10T05:00:00Z,0.000925018448569622
2025-07-10T06:00:00Z,0.0
2025-07-10T07:00:00Z,0.0
2025-07-10T08:00:00Z,0.0
2025-07-10T09:00:00Z,0.0
2025-07-10T10:00:00Z,0.0005035689985703898
2025-07-10T11:00:00Z,0.001130942989923222
2025-07-10T12:00:00Z,0.0015553835790035012
2025-07-10T13:00:00Z,0.0013428093628065235
2025-07-10T14:00:00Z,0.001483335038025436
2025-07-10T15:00:00Z,0.027993902076017207
2025-07-10T16:00:00Z,0.04549420779511863
2025-07-10T17:00:00Z,0.060547079875404926
2025-07-10T18:00:00Z,0.06372210410239981
2025-07-10T19:00:00Z,0.0821231593645545
2025-07-10T20:00:00Z,0.09148387265069736
2025-07-10T21:00:00Z,0.09839466527319199
2025-07-10T22:00:00Z,0.14556023309252988
2025-07-10T23:00:00Z,0.1423585646530343
2025-07-11T00:00:00Z,0.13057914245628086
2025-07-11T01:00:00Z,0.11210305269340776
2025-07-11T02:00:00Z,0.12684697497501304
2025-07-11T03:00:00Z,0.13709856003082482
2025-07-11T04:00:00Z,0.14113129466541152
2025-07-11T05:00:00Z,0.13879075787748837
2025-07-11T06:00:00Z,0.08690205648034462
2025-07-11T07:00:00Z,0.0706969484756057
2025-07-11T08:00:00Z,0.09021976411732437
2025-07-11T09:00:00Z,0.14347713152116193
2025-07-11T10:00:00Z,0.0858534025241871
2025-07-11T11:00:00Z,0.14994369119354897
2025-07-11T12:00:00Z,0.2591752871504271
2025-07-11T13:00:00Z,0.3367255663886769
2025-07-11T14:00:00Z,0.3369969258395083
2025-07-11T15:00:00Z,0.3131123140644207
2025-07-11T16:00:00Z,0.2776859694144861
2025-07-11T17:00:00Z,0.1528185068562839
2025-07-11T18:00:00Z,0.1677507552047682
2025-07-11T19:00:00Z,0.23325417409383775
2025-07-11T20:00:00Z,0.2676383536674331
2025-07-11T21:00:00Z,0.29907906578448473
2025-07-11T22:00:00Z,0.4339250853866395
2025-07-11T23:00:00Z,0.4760806191088789
2025-07-12T00:00:00Z,0.5558204863845744
2025-07-12T01:00:00Z,0.5327654270292357
2025-07-12T02:00:00Z,0.4532295100634768
2025-07-12T03:00:00Z,0.4328634375252544
2025-07-12T04:00:00Z,0.48935219812661324
2025-07-12T05:00:00Z,0.4994639471359074
2025-07-12T06:00:00Z,0.5463796259701267
2025-07-12T07:00:00Z,0.6077028390266906
2025-07-12T08:00:00Z,0.7064726184887812
2025-07-12T09:00:00Z,0.5505646671987743
2025-07-12T10:00:00Z,0.44952393947484215
2025-07-12T11:00:00Z,0.42541592328242045
2025-07-12T12:00:00Z,0.42966689602627667
2025-07-12T13:00:00Z,0.4476920034340214
2025-07-12T14:00:00Z,0.403219702663768
2025-07-12T15:00:00Z,0.3299747037004529
2025-07-12T16:00:00Z,0.2967822020578321
2025-07-12T17:00:00Z,0.15449668688854545
2025-07-12T18:00:00Z,0.154411543423778
2025-07-12T19:00:00Z,0.1661492018311833
2025-07-12T20:00:00Z,0.17764555675727425
2025-07-12T21:00:00Z,0.18360326606453212
2025-07-12T22:00:00Z,0.25612912491606116
2025-07-12T23:00:00Z,0.22923213577796633
2025-07-13T00:00:00Z,0.21718550853036794
2025-07-13T01:00:00Z,0.2399273625693151
2025-07-13T02:00:00Z,0.26779398587907316
2025-07-13T03:00:00Z,0.33564205851795076
2025-07-13T04:00:00Z,0.2630344851188731
2025-07-13T05:00:00Z,0.17247773750973186
2025-07-13T06:00:00Z,0.19092407019149893
2025-07-13T07:00:00Z,0.20562486892156304
2025-07-13T08:00:00Z,0.3675601841431426
2025-07-13T09:00:00Z,0.4612870639298266
2025-07-13T10:00:00Z,0.26051823077069336
2025-07-13T11:00:00Z,0.19225662518351522
2025-07-13T12:00:00Z,0.14259193769228215
2025-07-13T13:00:00Z,0.1043685038491377
2025-07-13T14:00:00Z,0.12727693118408825
2025-07-13T15:00:00Z,0.10321323640586226
2025-07-13T16:00:00Z,0.1268765496781115
2025-07-13T17:00:00Z,0.08356474818240334
2025-07-13T18:00:00Z,0.0710825221002012
2025-07-13T19:00:00Z,0.08608646649356912
2025-07-13T20:00:00Z,0.10400647461324279
2025-07-13T21:00:00Z,0.14853009366297404
2025-07-13T22:00:00Z,0.23489136526654406
2025-07-13T23:00:00Z,0.29389649335141366
2025-07-14T00:00:00Z,0.2669526862310594
2025-07-14T01:00:00Z,0.2275872388141415
2025-07-14T02:00:00Z,0.162564974429727
2025-07-14T03:00:00Z,0.15319558343571507
2025-07-14T04:00:00Z,0.12722124451817224
2025-07-14T05:00:00Z,0.1312027783952082
2025-07-14T06:00:00Z,0.08027408448581339
2025-07-14T07:00:00Z,0.06350600333219807
2025-07-14T08:00:00Z,0.051060578301621126
2025-07-14T09:00:00Z,0.03533557632081231
2025-07-14T10:00:00Z,0.017516028659482492
2025-07-14T11:00:00Z,0.011125418213240108
2025-07-14T12:00:00Z,0.006309397086512852
2025-07-14T13:00:00Z,0.0011061411574814334
2025-07-14T14:00:00Z,4.709293946382902e-05
2025-07-14T15:00:00Z,0.0
2025-07-14T16:00:00Z,0.0
2025-07-14T17:00:00Z,0.0
2025-07-14T18:00:00Z,0.0
2025-07-14T19:00:00Z,6.245481176285238e-05
2025-07-14T20:00:00Z,0.0014826467659997589
2025-07-14T21:00:00Z,0.03909876893302192
2025-07-14T22:00:00Z,0.04259723357422024
2025-07-14T23:00:00Z,0.05533470514481617
2025-07-15T00:00:00Z,0.05882195361891792
2025-07-15T01:00:00Z,0.05642350174566475
2025-07-15T02:00:00Z,0.04212492697450027
2025-07-15T03:00:00Z,0.0470724284738754
2025-07-15T04:00:00Z,0.05689517270900747
2025-07-15T05:00:00Z,0.018800776231381676
2025-07-15T06:00:00Z,0.0014537113318159672
2025-07-15T07:00:00Z,0.001131242930252658
2025-07-15T08:00:00Z,0.0010389920814901396
2025-07-15T09:00:00Z,0.0005304157058418427
2025-07-15T10:00:00Z,0.0
2025-07-15T11:00:00Z,0.0
2025-07-15T12:00:00Z,0.0
2025-07-15T13:00:00Z,0.0
2025-07-15T14:00:00Z,0.0
2025-07-15T15:00:00Z,0.0
2025-07-15T16:00:00Z,0.0
2025-07-15T17:00:00Z,0.0
2025-07-15T18:00:00Z,0.0
2025-07-15T19:00:00Z,0.0
2025-07-15T20:00:00Z,0.023215026203257563
2025-07-15T21:00:00Z,0.050531707382633184
2025-07-15T22:00:00Z,0.07024609521584858
2025-07-15T23:00:00Z,0.018987928814207387
2025-07-16T00:00:00Z,0.0014077195289892088
2025-07-16T01:00:00Z,8.378754506020795e-05
2025-07-16T02:00:00Z,0.0
2025-07-16T03:00:00Z,0.0
2025-07-16T04:00:00Z,0.0
2025-07-16T05:00:00Z,0.0
2025-07-16T06:00:00Z,0.0
2025-07-16T07:00:00Z,0.0
2025-07-16T08:00:00Z,0.0
2025-07-16T09:00:00Z,0.0
2025-07-16T10:00:00Z,0.0
2025-07-16T11:00:00Z,0.060705109856161364
2025-07-16T12:00:00Z,0.05624084007656342
2025-07-16T13:00:00Z,0.005697832572464162
2025-07-16T14:00:00Z,0.001456996883622421
2025-07-16T15:00:00Z,0.0011465871188301488
2025-07-16T16:00:00Z,0.0443491340393875
2025-07-16T17:00:00Z,0.05393040775640427
2025-07-16T18:00:00Z,0.009607047809994475
2025-07-16T19:00:00Z,0.07485543679868209
2025-07-16T20:00:00Z,0.19602544913138195
2025-07-16T21:00:00Z,0.20314164413625524
2025-07-16T22:00:00Z,0.217577275480862
2025-07-16T23:00:00Z,0.27308866405486054
2025-07-17T00:00:00Z,0.3495001439943283
2025-07-17T01:00:00Z,0.3777002370145349
2025-07-17T02:00:00Z,0.3898052774686688
2025-07-17T03:00:00Z,0.3666892604076816
2025-07-17T04:00:00Z,0.3421494979554884
2025-07-17T05:00:00Z,0.28586485979743564
2025-07-17T06:00:00Z,0.23682100960664992
2025-07-17T07:00:00Z,0.1501815208498248
2025-07-17T08:00:00Z,0.10523761062710679
2025-07-17T09:00:00Z,0.08030664907456887
2025-07-17T10:00:00Z,0.06961817665847427
2025-07-17T11:00:00Z,0.07249779948081905
2025-07-17T12:00:00Z,0.0671144520233046
2025-07-17T13:00:00Z,0.06202758888122841
2025-07-17T14:00:00Z,0.04558409619948512
2025-07-17T15:00:00Z,0.03622244788163303
2025-07-17T16:00:00Z,0.021193595089524588
2025-07-17T17:00:00Z,0.0010740454412878893
2025-07-17T18:00:00Z,0.0008740829198100721
2025-07-17T19:00:00Z,0.0010187809136113868
2025-07-17T20:00:00Z,0.0011203569066903381
2025-07-17T21:00:00Z,0.01608732324484362
2025-07-17T22:00:00Z,0.04561732944469807
2025-07-17T23:00:00Z,0.06856896364838914
2025-07-18T00:00:00Z,0.09189264034950095
2025-07-18T01:00:00Z,0.11280345381651577
2025-07-18T02:00:00Z,0.12384555826706953
2025-07-18T03:00:00Z,0.13741145839705826
2025-07-18T04:00:00Z,0.13027756261457776
2025-07-18T05:00:00Z,0.08600782559261543
2025-07-18T06:00:00Z,0.040207279498514305
2025-07-18T07:00:00Z,0.0012267635351627644
2025-07-18T08:00:00Z,0.0008084748856015016
2025-07-18T09:00:00Z,8.627439255812891e-06
2025-07-18T10:00:00Z,0.0
2025-07-18T11:00:00Z,0.0
2025-07-18T12:00:00Z,0.0
2025-07-18T13:00:00Z,0.0
2025-07-18T14:00:00Z,0.0
2025-07-18T15:00:00Z,0.0
2025-07-18T16:00:00Z,8.448714383481172e-05
2025-07-18T17:00:00Z,0.011413185085174605
2025-07-18T18:00:00Z,0.06770135756208409
2025-07-18T19:00:00Z,0.023103370215903887
2025-07-18T20:00:00Z,0.001503605352976225
2025-07-18T21:00:00Z,0.0011291818135532674
2025-07-18T22:00:00Z,0.02125568524027731
2025-07-18T23:00:00Z,0.02629192232820908
2025-07-19T00:00:00Z,0.03034083548494779
2025-07-19T01:00:00Z,0.023597036481932045
2025-07-19T02:00:00Z,0.0012991392849629679
2025-07-19T03:00:00Z,0.00019693148237083177
2025-07-19T04:00:00Z,0.00010784368956625957
2025-07-19T05:00:00Z,0.0005358300332613541
2025-07-19T06:00:00Z,0.0
2025-07-19T07:00:00Z,0.0
2025-07-19T08:00:00Z,0.0
2025-07-19T09:00:00Z,0.0
2025-07-19T10:00:00Z,0.0
2025-07-19T11:00:00Z,0.0
2025-07-19T12:00:00Z,0.0
2025-07-19T13:00:00Z,0.0
2025-07-19T14:00:00Z,0.0
2025-07-19T15:00:00Z,0.0
2025-07-19T16:00:00Z,0.0
2025-07-19T17:00:00Z,0.0
2025-07-19T18:00:00Z,0.0
2025-07-19T19:00:00Z,0.0001770567569197858
2025-07-19T20:00:00Z,0.0003442012464200326
2025-07-19T21:00:00Z,0.0006152730866614936
2025-07-19T22:00:00Z,0.02549600459273031
2025-07-19T23:00:00Z,0.012852413293972777
2025-07-20T00:00:00Z,0.0009159278196337398
2025-07-20T01:00:00Z,0.0004556141043592337
2025-07-20T02:00:00Z,0.0010015862416756268
2025-07-20T03:00:00Z,0.002090797123678444
2025-07-20T04:00:00Z,0.0014818819315650198
2025-07-20T05:00:00Z,1.702304290567193e-05
2025-07-20T06:00:00Z,0.0
2025-07-20T07:00:00Z,0.0
2025-07-20T08:00:00Z,0.0
2025-07-20T09:00:00Z,0.0
2025-07-20T10:00:00Z,0.0
2025-07-20T11:00:00Z,0.0
2025-07-20T12:00:00Z,0.0
2025-07-20T13:00:00Z,0.0
2025-07-20T14:00:00Z,0.0
2025-07-20T15:00:00Z,0.0
2025-07-20T16:00:00Z,0.0
2025-07-20T17:00:00Z,0.0
2025-07-20T18:00:00Z,0.0
2025-07-20T19:00:00Z,0.0
2025-07-20T20:00:00Z,0.0
2025-07-20T21:00:00Z,0.0
2025-07-20T22:00:00Z,0.0
2025-07-20T23:00:00Z,0.0
2025-07-21T00:00:00Z,0.009418782213841763
2025-07-21T01:00:00Z,0.1245575670532763
2025-07-21T02:00:00Z,0.1653842583220789
2025-07-21T03:00:00Z,0.16602393027189208
2025-07-21T04:00:00Z,0.14663248331484544
2025-07-21T05:00:00Z,0.16484549705534554
2025-07-21T06:00:00Z,0.12442230169480979
2025-07-21T07:00:00Z,0.12806694148444736
2025-07-21T08:00:00Z,0.1095925068459172
2025-07-21T09:00:00Z,0.09608121247337652
2025-07-21T10:00:00Z,0.04014165123768011
2025-07-21T11:00:00Z,0.029914776864132412
2025-07-21T12:00:00Z,0.013486260055130515
2025-07-21T13:00:00Z,0.009782724319116894
2025-07-21T14:00:00Z,0.006757744961636297
2025-07-21T15:00:00Z,0.018516744237420918
2025-07-21T16:00:00Z,0.04296725810566639
2025-07-21T17:00:00Z,0.025206752514995635
2025-07-21T18:00:00Z,0.0013973317310492196
2025-07-21T19:00:00Z,0.0009072167855464356
2025-07-21T20:00:00Z,0.013610578752505775
2025-07-21T21:00:00Z,0.012341888380330112
2025-07-21T22:00:00Z,0.0013398229480006878
2025-07-21T23:00:00Z,0.0014074330007169441
2025-07-22T00:00:00Z,0.00134902888544533
2025-07-22T01:00:00Z,0.02437366825633225
2025-07-22T02:00:00Z,0.08773954499701145
2025-07-22T03:00:00Z,0.12909205801058218
2025-07-22T04:00:00Z,0.1554890037632354
2025-07-22T05:00:00Z,0.12776767293261018
2025-07-22T06:00:00Z,0.06893601170507077
2025-07-22T07:00:00Z,0.04805526544730575
2025-07-22T08:00:00Z,0.09510925544097719
2025-07-22T09:00:00Z,0.13758607078153431
2025-07-22T10:00:00Z,0.04017156324042872
2025-07-22T11:00:00Z,0.0674475292936322
2025-07-22T12:00:00Z,0.08869745298417533
2025-07-22T13:00:00Z,0.1343280564492642
2025-07-22T14:00:00Z,0.15811651540019364
2025-07-22T15:00:00Z,0.21815021557563577
2025-07-22T16:00:00Z,0.1973810971361518
2025-07-22T17:00:00Z,0.1915285384212673
2025-07-22T18:00:00Z,0.3001911311310685
2025-07-22T19:00:00Z,0.17146922440484763
2025-07-22T20:00:00Z,0.1295769260033567
2025-07-22T21:00:00Z,0.09300130021800432
2025-07-22T22:00:00Z,0.24482922369144344
2025-07-22T23:00:00Z,0.3334793348626389
2025-07-23T00:00:00Z,0.26203339102894924
2025-07-23T01:00:00Z,0.15491998024138942
2025-07-23T02:00:00Z,0.12466642998244412
2025-07-23T03:00:00Z,0.134661767511505
2025-07-23T04:00:00Z,0.11603877707450627
2025-07-23T05:00:00Z,0.1283219904095496
2025-07-23T06:00:00Z,0.1459458676231111
2025-07-23T07:00:00Z,0.09767175227108812
2025-07-23T08:00:00Z,0.0526583742186725
2025-07-23T09:00:00Z,0.005306678740874428
2025-07-23T10:00:00Z,0.025713157270708026
2025-07-23T11:00:00Z,0.014377745470891533
2025-07-23T12:00:00Z,0.022371170506536232
2025-07-23T13:00:00Z,0.0014132044393727233
2025-07-23T14:00:00Z,0.02773988146929679
2025-07-23T15:00:00Z,0.10538210898036783
2025-07-23T16:00:00Z,0.06167373536414234
2025-07-23T17:00:00Z,0.03159886690096665
2025-07-23T18:00:00Z,0.06378755400928074
2025-07-23T19:00:00Z,0.11482754859662837
2025-07-23T20:00:00Z,0.09393133120103117
2025-07-23T21:00:00Z,0.10362324519202494
2025-07-23T22:00:00Z,0.08814908252330472
2025-07-23T23:00:00Z,0.07135475795315525
2025-07-24T00:00:00Z,0.09433879250701417
2025-07-24T01:00:00Z,0.07836418282190284
2025-07-24T02:00:00Z,0.09487371978599023
2025-07-24T03:00:00Z,0.09382747662410246
2025-07-24T04:00:00Z,0.08495172719093474
2025-07-24T05:00:00Z,0.04447527108990239
2025-07-24T06:00:00Z,0.001291395180357265
2025-07-24T07:00:00Z,0.0004641793945284759
2025-07-24T08:00:00Z,0.0
2025-07-24T09:00:00Z,0.0
2025-07-24T10:00:00Z,0.00039183596105944133
2025-07-24T11:00:00Z,0.0
2025-07-24T12:00:00Z,0.00017417889328552667
2025-07-24T13:00:00Z,0.0010151716087079656
2025-07-24T14:00:00Z,0.0010343160191167433
2025-07-24T15:00:00Z,0.0011167780640563654
2025-07-24T16:00:00Z,0.0008630009220112148
2025-07-24T17:00:00Z,0.0015172642375433079
2025-07-24T18:00:00Z,0.026955199813793896
2025-07-24T19:00:00Z,0.047339653757257
2025-07-24T20:00:00Z,0.0473331186744522
2025-07-24T21:00:00Z,0.05430831957685173
2025-07-24T22:00:00Z,0.15205140957344548
2025-07-24T23:00:00Z,0.18670333814826037
2025-07-25T00:00:00Z,0.1328637201901924
2025-07-25T01:00:00Z,0.07293641489896673
2025-07-25T02:00:00Z,0.057814443591556644
2025-07-25T03:00:00Z,0.10748333688521483
2025-07-25T04:00:00Z,0.07464883831607563
2025-07-25T05:00:00Z,0.029589039969199933
2025-07-25T06:00:00Z,0.0053731751573871545
2025-07-25T07:00:00Z,0.0141492837484411
2025-07-25T08:00:00Z,0.014672112506161118
2025-07-25T09:00:00Z,0.03707655591822502
2025-07-25T10:00:00Z,0.06299209752652447
2025-07-25T11:00:00Z,0.08405956217819953
2025-07-25T12:00:00Z,0.1114553177312562
2025-07-25T13:00:00Z,0.11994834268015138
2025-07-25T14:00:00Z,0.13569448260104391
2025-07-25T15:00:00Z,0.12208935662503358
2025-07-25T16:00:00Z,0.12064198938898843
2025-07-25T17:00:00Z,0.13235825714687252
2025-07-25T18:00:00Z,0.15303551179782524
2025-07-25T19:00:00Z,0.17856045638055792
2025-07-25T20:00:00Z,0.17014622626825596
2025-07-25T21:00:00Z,0.2010073577045458
2025-07-25T22:00:00Z,0.19639930955832385
2025-07-25T23:00:00Z,0.2562695954203848
2025-07-26T00:00:00Z,0.2590634962955502
2025-07-26T01:00:00Z,0.3080374061224439
2025-07-26T02:00:00Z,0.2985159024354554
2025-07-26T03:00:00Z,0.30317042588783355
2025-07-26T04:00:00Z,0.3623284448228671
2025-07-26T05:00:00Z,0.3894741346402757
2025-07-26T06:00:00Z,0.4938923760774738
2025-07-26T07:00:00Z,0.4454611327165054
2025-07-26T08:00:00Z,0.4381999223961551
2025-07-26T09:00:00Z,0.3984747150961088
2025-07-26T10:00:00Z,0.392246406169308
2025-07-26T11:00:00Z,0.39594283713652717
2025-07-26T12:00:00Z,0.3956551763967361
2025-07-26T13:00:00Z,0.4072130787611917
2025-07-26T14:00:00Z,0.3803573481646789
2025-07-26T15:00:00Z,0.37248060540951655
2025-07-26T16:00:00Z,0.33340641770208174
2025-07-26T17:00:00Z,0.28475412022999436
2025-07-26T18:00:00Z,0.24193645837602135
2025-07-26T19:00:00Z,0.2173462906649718
2025-07-26T20:00:00Z,0.20317518961837966
2025-07-26T21:00:00Z,0.216121393929407
2025-07-26T22:00:00Z,0.22543125236825118
2025-07-26T23:00:00Z,0.20912174956215693
2025-07-27T00:00:00Z,0.1910309583592803
2025-07-27T01:00:00Z,0.16994033039058204
2025-07-27T02:00:00Z,0.17019037689007563
2025-07-27T03:00:00Z,0.15412021190989586
2025-07-27T04:00:00Z,0.14153746121043864
2025-07-27T05:00:00Z,0.14108991172857402
2025-07-27T06:00:00Z,0.16716661301825686
2025-07-27T07:00:00Z,0.1841456165744851
2025-07-27T08:00:00Z,0.16967157026336813
2025-07-27T09:00:00Z,0.16909143259148512
2025-07-27T10:00:00Z,0.17176818802684984
2025-07-27T11:00:00Z,0.1680827843663306
2025-07-27T12:00:00Z,0.1893549433163453
2025-07-27T13:00:00Z,0.20891936518820972
2025-07-27T14:00:00Z,0.20693773652282882
2025-07-27T15:00:00Z,0.18102520184257961
2025-07-27T16:00:00Z,0.16982347333042147
2025-07-27T17:00:00Z,0.1488581807879549
2025-07-27T18:00:00Z,0.10686502591257084
2025-07-27T19:00:00Z,0.10649455495967945
2025-07-27T20:00:00Z,0.12932023251480568
2025-07-27T21:00:00Z,0.14261751219777877
2025-07-27T22:00:00Z,0.14244946080492488
2025-07-27T23:00:00Z,0.1442009087258593
2025-07-28T00:00:00Z,0.12987101159770717
2025-07-28T01:00:00Z,0.12447887871809206
2025-07-28T02:00:00Z,0.13627847229981857
2025-07-28T03:00:00Z,0.14992922047589347
2025-07-28T04:00:00Z,0.1300002924505505
2025-07-28T05:00:00Z,0.08517692079793146
2025-07-28T06:00:00Z,0.0877799935394789
2025-07-28T07:00:00Z,0.06272696377264683
2025-07-28T08:00:00Z,0.04100603444650245
2025-07-28T09:00:00Z,0.02524288737993086
2025-07-28T10:00:00Z,0.02526564722300226
2025-07-28T11:00:00Z,0.05314398845139361
2025-07-28T12:00:00Z,0.06397899483110725
2025-07-28T13:00:00Z,0.07800896149761768
2025-07-28T14:00:00Z,0.09408868243961094
2025-07-28T15:00:00Z,0.11416485217217279
2025-07-28T16:00:00Z,0.13970186687754635
2025-07-28T17:00:00Z,0.2094784831520519
2025-07-28T18:00:00Z,0.30406646171797547
2025-07-28T19:00:00Z,0.356972664601132
2025-07-28T20:00:00Z,0.35450428260466504
2025-07-28T21:00:00Z,0.34118958755033274
2025-07-28T22:00:00Z,0.340556036930648
2025-07-28T23:00:00Z,0.2637251178374549
2025-07-29T00:00:00Z,0.25237264682999844
2025-07-29T01:00:00Z,0.30043923940262424
2025-07-29T02:00:00Z,0.39357591648247187
2025-07-29T03:00:00Z,0.45039219647394385
2025-07-29T04:00:00Z,0.3570516548144795
2025-07-29T05:00:00Z,0.19253378206667401
2025-07-29T06:00:00Z,0.16304171605006337
2025-07-29T07:00:00Z,0.12453474507199588
2025-07-29T08:00:00Z,0.09684707975846801
2025-07-29T09:00:00Z,0.12074526740879768
2025-07-29T10:00:00Z,0.19141652313850147
2025-07-29T11:00:00Z,0.14480181598973654
2025-07-29T12:00:00Z,0.13548609635717085
2025-07-29T13:00:00Z,0.09884230112997094
2025-07-29T14:00:00Z,0.12313035111082865
2025-07-29T15:00:00Z,0.1630490879103393
2025-07-29T16:00:00Z,0.2635303150991677
2025-07-29T17:00:00Z,0.36258254241376886
2025-07-29T18:00:00Z,0.21182861015803658
2025-07-29T19:00:00Z,0.11899621290540643
2025-07-29T20:00:00Z,0.07322295089273377
2025-07-29T21:00:00Z,0.054701948830304006
2025-07-29T22:00:00Z,0.08084663834664346
2025-07-29T23:00:00Z,0.16816568939607796
2025-07-30T00:00:00Z,0.18342601960708446
2025-07-30T01:00:00Z,0.1453735712915595
2025-07-30T02:00:00Z,0.11368827771896453
2025-07-30T03:00:00Z,0.12032564441123186
2025-07-30T04:00:00Z,0.16087158919435166
2025-07-30T05:00:00Z,0.2234467795533337
2025-07-30T06:00:00Z,0.25611637883007277
2025-07-30T07:00:00Z,0.24022682130425707
2025-07-30T08:00:00Z,0.2946612595649113
2025-07-30T09:00:00Z,0.3183067279019717
2025-07-30T10:00:00Z,0.17084012747230837
2025-07-30T11:00:00Z,0.19878598425478022
2025-07-30T12:00:00Z,0.20763603599542604
2025-07-30T13:00:00Z,0.18708739785860937
2025-07-30T14:00:00Z,0.15387772850061748
2025-07-30T15:00:00Z,0.1650275176805124
2025-07-30T16:00:00Z,0.10240492299705051
2025-07-30T17:00:00Z,0.07865146744634019
2025-07-30T18:00:00Z,0.06478207254255702
2025-07-30T19:00:00Z,0.06992474326528596
2025-07-30T20:00:00Z,0.0856852042745113
2025-07-30T21:00:00Z,0.09485715499782016
2025-07-30T22:00:00Z,0.10948600254648717
2025-07-30T23:00:00Z,0.12842025945249416
2025-07-31T00:00:00Z,0.11977819349371277
2025-07-31T01:00:00Z,0.1096380650923503
2025-07-31T02:00:00Z,0.11358202562882339
2025-07-31T03:00:00Z,0.11116835935366813
2025-07-31T04:00:00Z,0.1044160258943816
2025-07-31T05:00:00Z,0.06853604202540534
2025-07-31T06:00:00Z,0.04049504929033642
2025-07-31T07:00:00Z,0.036201079165471245
2025-07-31T08:00:00Z,0.0338114162199583
2025-07-31T09:00:00Z,0.013536964871185789
2025-07-31T10:00:00Z,0.0014950013065710686
2025-07-31T11:00:00Z,0.0007273310956350075
2025-07-31T12:00:00Z,0.0001145112661984926
2025-07-31T13:00:00Z,0.0
2025-07-31T14:00:00Z,0.00042253683682440084
2025-07-31T15:00:00Z,0.000544724456949507
2025-07-31T16:00:00Z,0.0
2025-07-31T17:00:00Z,0.0
2025-07-31T18:00:00Z,0.0
2025-07-31T19:00:00Z,3.726925370088954e-05
2025-07-31T20:00:00Z,0.00011861565810593887
2025-07-31T21:00:00Z,2.3960445264827255e-05
2025-07-31T22:00:00Z,0.00033093136257961067
2025-07-31T23:00:00Z,6.886739069803389e-05
2025-08-01T00:00:00Z,0.0004642859367403995
2025-08-01T01:00:00Z,0.0003852344600807256
2025-08-01T02:00:00Z,0.0006825911386400805
2025-08-01T03:00:00Z,0.021412528487921495
2025-08-01T04:00:00Z,0.04114644002233928
2025-08-01T05:00:00Z,0.015039771955128926
2025-08-01T06:00:00Z,0.0
2025-08-01T07:00:00Z,0.0
2025-08-01T08:00:00Z,0.0
2025-08-01T09:00:00Z,0.0
2025-08-01T10:00:00Z,0.0
2025-08-01T11:00:00Z,0.0
2025-08-01T12:00:00Z,0.0003062476288054502
2025-08-01T13:00:00Z,0.000843134271204845
2025-08-01T14:00:00Z,0.00808302158076122
2025-08-01T15:00:00Z,0.11571164825597727
2025-08-01T16:00:00Z,0.03786664165501858
2025-08-01T17:00:00Z,0.0005594608134972583
2025-08-01T18:00:00Z,0.0003233859319754804
2025-08-01T19:00:00Z,0.008902048269171474
2025-08-01T20:00:00Z,0.009135322831781598
2025-08-01T21:00:00Z,0.0015198301649744827
2025-08-01T22:00:00Z,0.001083329083379176
2025-08-01T23:00:00Z,0.0007952454862674044
2025-08-02T00:00:00Z,0.0
2025-08-02T01:00:00Z,0.0
2025-08-02T02:00:00Z,0.0
2025-08-02T03:00:00Z,0.0
2025-08-02T04:00:00Z,0.0
2025-08-02T05:00:00Z,0.0
2025-08-02T06:00:00Z,0.0
2025-08-02T07:00:00Z,0.0
2025-08-02T08:00:00Z,0.0
2025-08-02T09:00:00Z,0.0
2025-08-02T10:00:00Z,0.03273102925261489
2025-08-02T11:00:00Z,0.038637792312968905
2025-08-02T12:00:00Z,0.025121684603065235
2025-08-02T13:00:00Z,0.0
2025-08-02T14:00:00Z,0.0
2025-08-02T15:00:00Z,0.0
2025-08-02T16:00:00Z,0.0
2025-08-02T17:00:00Z,0.0006233139412264208
2025-08-02T18:00:00Z,3.3852341189908365e-05
2025-08-02T19:00:00Z,0.006362113260970383
2025-08-02T20:00:00Z,0.04093830641329819
2025-08-02T21:00:00Z,0.04959051717170512
2025-08-02T22:00:00Z,0.1257104633616565
2025-08-02T23:00:00Z,0.17327091426960956
2025-08-03T00:00:00Z,0.15591161823182154
2025-08-03T01:00:00Z,0.13888523515080514
2025-08-03T02:00:00Z,0.1444625850264235
2025-08-03T03:00:00Z,0.15914723592924146
2025-08-03T04:00:00Z,0.1554115977445576
2025-08-03T05:00:00Z,0.28696279818812986
2025-08-03T06:00:00Z,0.316894440935652
2025-08-03T07:00:00Z,0.25726558257777804
2025-08-03T08:00:00Z,0.14818502703430594
2025-08-03T09:00:00Z,0.12487331678305176
2025-08-03T10:00:00Z,0.0711420770715365
2025-08-03T11:00:00Z,0.09262544179964195
2025-08-03T12:00:00Z,0.24267759839881578
2025-08-03T13:00:00Z,0.26050261487810855
2025-08-03T14:00:00Z,0.1357996005436742
2025-08-03T15:00:00Z,0.09942216057235895
2025-08-03T16:00:00Z,0.21668919758800712
2025-08-03T17:00:00Z,0.2302477560971331
2025-08-03T18:00:00Z,0.2902511708065621
2025-08-03T19:00:00Z,0.2981728573617648
2025-08-03T20:00:00Z,0.270977197304672
2025-08-03T21:00:00Z,0.22903658983439631
2025-08-03T22:00:00Z,0.08921766337490193
2025-08-03T23:00:00Z,0.06416868202508813
2025-08-04T00:00:00Z,0.02204359005584827
2025-08-04T01:00:00Z,0.002288780291236167
2025-08-04T02:00:00Z,0.025094573024298173
2025-08-04T03:00:00Z,0.037361921155246045
2025-08-04T04:00:00Z,0.04938295469506997
2025-08-04T05:00:00Z,0.05212826338680696
2025-08-04T06:00:00Z,0.0593690317548018
2025-08-04T07:00:00Z,0.10115961507483476
2025-08-04T08:00:00Z,0.1333039585003856
2025-08-04T09:00:00Z,0.1814610886105508
2025-08-04T10:00:00Z,0.3498353135784841
2025-08-04T11:00:00Z,0.3370447957094104
2025-08-04T12:00:00Z,0.24287221376840354
2025-08-04T13:00:00Z,0.25593624245290064
2025-08-04T14:00:00Z,0.3599314970426709
2025-08-04T15:00:00Z,0.3123345899607787
2025-08-04T16:00:00Z,0.22044224204716678
2025-08-04T17:00:00Z,0.26633985086091316
2025-08-04T18:00:00Z,0.4801767089540964
2025-08-04T19:00:00Z,0.7200544691879992
2025-08-04T20:00:00Z,0.9025843871515414
2025-08-04T21:00:00Z,0.9985876493471597
2025-08-04T22:00:00Z,1.0
2025-08-04T23:00:00Z,0.9997430254602108
2025-08-05T00:00:00Z,0.9329782756404017
2025-08-05T01:00:00Z,0.9046782025517646
2025-08-05T02:00:00Z,0.7815544945050416
2025-08-05T03:00:00Z,0.764996895615015
2025-08-05T04:00:00Z,0.8045299868345549
2025-08-05T05:00:00Z,0.8935065657728093
2025-08-05T06:00:00Z,0.8271137433964441
2025-08-05T07:00:00Z,0.93102265433721
2025-08-05T08:00:00Z,0.9734975692884135
2025-08-05T09:00:00Z,0.9906404658094999
2025-08-05T10:00:00Z,0.9832045468479309
2025-08-05T11:00:00Z,0.9797485752340074
2025-08-05T12:00:00Z,1.0
2025-08-05T13:00:00Z,1.0
2025-08-05T14:00:00Z,1.0
2025-08-05T15:00:00Z,0.9992725313006618
2025-08-05T16:00:00Z,0.998800436346266
2025-08-05T17:00:00Z,1.0
2025-08-05T18:00:00Z,1.0
2025-08-05T19:00:00Z,0.9991042271447114
2025-08-05T20:00:00Z,0.9969233546973407
2025-08-05T21:00:00Z,0.9874453885299178
2025-08-05T22:00:00Z,0.9905589496986442
2025-08-05T23:00:00Z,0.9767650608821002
2025-08-06T00:00:00Z,0.9824216742916995
2025-08-06T01:00:00Z,0.969970601281924
2025-08-06T02:00:00Z,0.9853800536667374
2025-08-06T03:00:00Z,0.9953824902976295
2025-08-06T04:00:00Z,0.9972984957791665
2025-08-06T05:00:00Z,0.9992702321270828
2025-08-06T06:00:00Z,1.0
2025-08-06T07:00:00Z,1.0
2025-08-06T08:00:00Z,0.9998702630845296
2025-08-06T09:00:00Z,0.9992989429749669
2025-08-06T10:00:00Z,0.975592234060632
2025-08-06T11:00:00Z,0.9950349503046576
2025-08-06T12:00:00Z,0.9797392630728288
2025-08-06T13:00:00Z,0.9810347092576679
2025-08-06T14:00:00Z,0.9982852799237034
2025-08-06T15:00:00Z,1.0
2025-08-06T16:00:00Z,1.0
2025-08-06T17:00:00Z,1.0
2025-08-06T18:00:00Z,0.9967345426741939
2025-08-06T19:00:00Z,0.9798083543742069
2025-08-06T20:00:00Z,0.9685614614375321
2025-08-06T21:00:00Z,0.9636214967871833
2025-08-06T22:00:00Z,0.8385780440320075
2025-08-06T23:00:00Z,0.8296868814732606
2025-08-07T00:00:00Z,0.8064519354093623
2025-08-07T01:00:00Z,0.7011287060201472
2025-08-07T02:00:00Z,0.6442901754591299
2025-08-07T03:00:00Z,0.5545293159335503
2025-08-07T04:00:00Z,0.45216588504837557
2025-08-07T05:00:00Z,0.37021085453522606
2025-08-07T06:00:00Z,0.2725961715414307
2025-08-07T07:00:00Z,0.19809472200867398
2025-08-07T08:00:00Z,0.1684016887663921
2025-08-07T09:00:00Z,0.22324736163288084
2025-08-07T10:00:00Z,0.19394148413314172
2025-08-07T11:00:00Z,0.291120498028713
2025-08-07T12:00:00Z,0.24008569260463988
2025-08-07T13:00:00Z,0.24581970841019102
2025-08-07T14:00:00Z,0.19685480296382768
2025-08-07T15:00:00Z,0.18618702773440185
2025-08-07T16:00:00Z,0.20681441708040835
2025-08-07T17:00:00Z,0.2326838450442699
2025-08-07T18:00:00Z,0.23656464728062582
2025-08-07T19:00:00Z,0.31970469008934377
2025-08-07T20:00:00Z,0.36077637365332654
2025-08-07T21:00:00Z,0.31548411523141295
2025-08-07T22:00:00Z,0.2815483955031646
2025-08-07T23:00:00Z,0.2365431901714103
2025-08-08T00:00:00Z,0.2259774562558695
2025-08-08T01:00:00Z,0.24864184698765096
2025-08-08T02:00:00Z,0.167184417550534
2025-08-08T03:00:00Z,0.1446490648126888
2025-08-08T04:00:00Z,0.1564005345521704
2025-08-08T05:00:00Z,0.11162969879682365
2025-08-08T06:00:00Z,0.10621507602021461
2025-08-08T07:00:00Z,0.12348861418102008
2025-08-08T08:00:00Z,0.14108096883825372
2025-08-08T09:00:00Z,0.21167454130716457
2025-08-08T10:00:00Z,0.217058695759352
2025-08-08T11:00:00Z,0.19221032563926335
2025-08-08T12:00:00Z,0.23739668826118568
2025-08-08T13:00:00Z,0.27893271643161843
2025-08-08T14:00:00Z,0.2399568457261301
2025-08-08T15:00:00Z,0.17921673306628433
2025-08-08T16:00:00Z,0.12518468745217626
2025-08-08T17:00:00Z,0.10614255309816212
2025-08-08T18:00:00Z,0.13113879953541613
2025-08-08T19:00:00Z,0.16376331205863462
2025-08-08T20:00:00Z,0.17481902463107868
2025-08-08T21:00:00Z,0.1608419875646868
2025-08-08T22:00:00Z,0.11384045070559223
2025-08-08T23:00:00Z,0.14230817238811735
2025-08-09T00:00:00Z,0.16588956338160274
2025-08-09T01:00:00Z,0.16657758563730513
2025-08-09T02:00:00Z,0.1635566556178169
2025-08-09T03:00:00Z,0.163456554617832
2025-08-09T04:00:00Z,0.15792867189795304
2025-08-09T05:00:00Z,0.1417089459746617
2025-08-09T06:00:00Z,0.18770304490470996
2025-08-09T07:00:00Z,0.17079652103325113
2025-08-09T08:00:00Z,0.12976585322402406
2025-08-09T09:00:00Z,0.14828849116677303
2025-08-09T10:00:00Z,0.20288861895215876
2025-08-09T11:00:00Z,0.18696688136934556
2025-08-09T12:00:00Z,0.19922822913689037
2025-08-09T13:00:00Z,0.14610759965745257
2025-08-09T14:00:00Z,0.1436524314823534
2025-08-09T15:00:00Z,0.1678780174198999
2025-08-09T16:00:00Z,0.24033687978346624
2025-08-09T17:00:00Z,0.2610796502728564
2025-08-09T18:00:00Z,0.30208991899315407
2025-08-09T19:00:00Z,0.4116588899745727
2025-08-09T20:00:00Z,0.4969773665990815
2025-08-09T21:00:00Z,0.4242919416713173
2025-08-09T22:00:00Z,0.23658251576094724
2025-08-09T23:00:00Z,0.20209313702659343
2025-08-10T00:00:00Z,0.21444153896494156
2025-08-10T01:00:00Z,0.22469690497299094
2025-08-10T02:00:00Z,0.2552648257778687
2025-08-10T03:00:00Z,0.32704720987054076
2025-08-10T04:00:00Z,0.3521007849644188
2025-08-10T05:00:00Z,0.36422513783783017
2025-08-10T06:00:00Z,0.3564352447595316
2025-08-10T07:00:00Z,0.5388015255823134
2025-08-10T08:00:00Z,0.6588786224369387
2025-08-10T09:00:00Z,0.7441135309117843
2025-08-10T10:00:00Z,0.6818903633552141
2025-08-10T11:00:00Z,0.7633427974106709
2025-08-10T12:00:00Z,0.9103936722753118
2025-08-10T13:00:00Z,0.953512811079865
2025-08-10T14:00:00Z,0.9530514094430568
2025-08-10T15:00:00Z,0.8836074600409106
2025-08-10T16:00:00Z,0.7751591586496731
2025-08-10T17:00:00Z,0.6671949511160877
2025-08-10T18:00:00Z,0.6023479418930233
2025-08-10T19:00:00Z,0.4808028295896413
2025-08-10T20:00:00Z,0.3630862041244254
2025-08-10T21:00:00Z,0.3619253955574389
2025-08-10T22:00:00Z,0.36362653149431473
2025-08-10T23:00:00Z,0.2948025177857347
2025-08-11T00:00:00Z,0.2261656551706647
2025-08-11T01:00:00Z,0.19845694901498262
2025-08-11T02:00:00Z,0.2388032821195311
2025-08-11T03:00:00Z,0.21813700024215144
2025-08-11T04:00:00Z,0.21055199136801186
2025-08-11T05:00:00Z,0.29984906870220085
2025-08-11T06:00:00Z,0.2813981057408946
2025-08-11T07:00:00Z,0.19390082783384002
2025-08-11T08:00:00Z,0.16646553385499097
2025-08-11T09:00:00Z,0.1650598653908344
2025-08-11T10:00:00Z,0.16411624316245194
2025-08-11T11:00:00Z,0.15762755904408907
2025-08-11T12:00:00Z,0.14356116775946498
2025-08-11T13:00:00Z,0.16898923328161128
2025-08-11T14:00:00Z,0.17020591831866663
2025-08-11T15:00:00Z,0.2022512153902927
2025-08-11T16:00:00Z,0.2704480275472074
2025-08-11T17:00:00Z,0.18900866212705478
2025-08-11T18:00:00Z,0.23304072342717883
2025-08-11T19:00:00Z,0.2605032913147841
2025-08-11T20:00:00Z,0.2861778771390752
2025-08-11T21:00:00Z,0.30890540744523637
2025-08-11T22:00:00Z,0.274152995385551
2025-08-11T23:00:00Z,0.29002283660467854
2025-08-12T00:00:00Z,0.25448080533569595
2025-08-12T01:00:00Z,0.24297615904280975
2025-08-12T02:00:00Z,0.23350961486586552
2025-08-12T03:00:00Z,0.21524619944584467
2025-08-12T04:00:00Z,0.18528746236317442
2025-08-12T05:00:00Z,0.15420529373720165
2025-08-12T06:00:00Z,0.15397925254429345
2025-08-12T07:00:00Z,0.12526030894605325
2025-08-12T08:00:00Z,0.08182185083659464
2025-08-12T09:00:00Z,0.07302746488986496
2025-08-12T10:00:00Z,0.06943119789099725
2025-08-12T11:00:00Z,0.10212176247414735
2025-08-12T12:00:00Z,0.07399427895097598
2025-08-12T13:00:00Z,0.042957267093133585
2025-08-12T14:00:00Z,0.045342001705992944
2025-08-12T15:00:00Z,0.045889764535972266
2025-08-12T16:00:00Z,0.02440941576520366
2025-08-12T17:00:00Z,0.0014803533629282391
2025-08-12T18:00:00Z,0.0010050088825301591
2025-08-12T19:00:00Z,0.0011938795790215752
2025-08-12T20:00:00Z,0.0013527330416175747
2025-08-12T21:00:00Z,0.0009072984678476002
2025-08-12T22:00:00Z,0.009780350031659705
2025-08-12T23:00:00Z,0.006477090309760549
2025-08-13T00:00:00Z,0.0001719455311094097
2025-08-13T01:00:00Z,0.001233417402649327
2025-08-13T02:00:00Z,0.03262911344206775
2025-08-13T03:00:00Z,0.003624660323245011
2025-08-13T04:00:00Z,0.0008782471075116617
2025-08-13T05:00:00Z,0.007232184121691879
2025-08-13T06:00:00Z,0.0009983707593292255
2025-08-13T07:00:00Z,4.1212758628263315e-05
2025-08-13T08:00:00Z,0.0
2025-08-13T09:00:00Z,0.0
2025-08-13T10:00:00Z,0.0
2025-08-13T11:00:00Z,0.0
2025-08-13T12:00:00Z,0.0
2025-08-13T13:00:00Z,0.0
2025-08-13T14:00:00Z,0.0
2025-08-13T15:00:00Z,0.0
2025-08-13T16:00:00Z,0.0
2025-08-13T17:00:00Z,0.0
2025-08-13T18:00:00Z,0.0
2025-08-13T19:00:00Z,0.0
2025-08-13T20:00:00Z,0.0
2025-08-13T21:00:00Z,0.00013973392316349146
2025-08-13T22:00:00Z,0.004777746030644754
2025-08-13T23:00:00Z,0.036897083051240356
2025-08-14T00:00:00Z,0.06479174840763163
2025-08-14T01:00:00Z,0.08404219270931651
2025-08-14T02:00:00Z,0.11344146347872333
2025-08-14T03:00:00Z,0.11951473228658098
2025-08-14T04:00:00Z,0.14128810405575298
2025-08-14T05:00:00Z,0.15942012217695353
2025-08-14T06:00:00Z,0.1574015572288488
2025-08-14T07:00:00Z,0.10824822307914009
2025-08-14T08:00:00Z,0.07530269365821732
2025-08-14T09:00:00Z,0.07912499956176129
2025-08-14T10:00:00Z,0.08895740310792413
2025-08-14T11:00:00Z,0.1312650201746186
2025-08-14T12:00:00Z,0.1293776897274527
2025-08-14T13:00:00Z,0.10542817121354979
2025-08-14T14:00:00Z,0.09275087449429498
2025-08-14T15:00:00Z,0.1236460094387771
2025-08-14T16:00:00Z,0.10926067306678257
2025-08-14T17:00:00Z,0.09225140396429345
2025-08-14T18:00:00Z,0.08911030624530401
2025-08-14T19:00:00Z,0.24985098568629333
2025-08-14T20:00:00Z,0.3737524496513238
2025-08-14T21:00:00Z,0.37088751874861425
2025-08-14T22:00:00Z,0.43562061304325367
2025-08-14T23:00:00Z,0.44168701048447967
2025-08-15T00:00:00Z,0.32324334342903804
2025-08-15T01:00:00Z,0.2852017191757141
2025-08-15T02:00:00Z,0.1321129344665578
2025-08-15T03:00:00Z,0.06458832505439178
2025-08-15T04:00:00Z,0.013726353781507238
2025-08-15T05:00:00Z,0.0446501334719456
2025-08-15T06:00:00Z,0.0774227759135522
2025-08-15T07:00:00Z,0.025305512280890414
2025-08-15T08:00:00Z,0.024128428764231807
2025-08-15T09:00:00Z,0.07164732527777726
2025-08-15T10:00:00Z,0.12042167263251764
2025-08-15T11:00:00Z,0.1294012538479815
2025-08-15T12:00:00Z,0.29194686941844683
2025-08-15T13:00:00Z,0.387733787044492
2025-08-15T14:00:00Z,0.3240945786534946
2025-08-15T15:00:00Z,0.2882680705354592
2025-08-15T16:00:00Z,0.3967494244850045
2025-08-15T17:00:00Z,0.4063397090165816
2025-08-15T18:00:00Z,0.5512002332257199
2025-08-15T19:00:00Z,0.6597812803755878
2025-08-15T20:00:00Z,0.5645930375340421
2025-08-15T21:00:00Z,0.5227446258886107
2025-08-15T22:00:00Z,0.4204505034247086
2025-08-15T23:00:00Z,0.3417793146061625
2025-08-16T00:00:00Z,0.25990455559026915
2025-08-16T01:00:00Z,0.3012989741930731
2025-08-16T02:00:00Z,0.3460583690769754
2025-08-16T03:00:00Z,0.3756249483770096
2025-08-16T04:00:00Z,0.3320131235949641
2025-08-16T05:00:00Z,0.27836798014908687
2025-08-16T06:00:00Z,0.1531639117848094
2025-08-16T07:00:00Z,0.07237625580570478
2025-08-16T08:00:00Z,0.037774093673749336
2025-08-16T09:00:00Z,0.028450537318519695
2025-08-16T10:00:00Z,0.0010165630257047806
2025-08-16T11:00:00Z,0.03973061227534406
2025-08-16T12:00:00Z,0.10296130374547811
2025-08-16T13:00:00Z,0.18921199400281596
2025-08-16T14:00:00Z,0.2719515672761239
2025-08-16T15:00:00Z,0.28755585206764317
2025-08-16T16:00:00Z,0.2388383215206639
2025-08-16T17:00:00Z,0.1802428520196703
2025-08-16T18:00:00Z,0.11488266955923711
2025-08-16T19:00:00Z,0.0925311584303465
2025-08-16T20:00:00Z,0.08854527331399384
2025-08-16T21:00:00Z,0.10633178092187957
2025-08-16T22:00:00Z,0.1151977556566213
2025-08-16T23:00:00Z,0.10203431774358956
2025-08-17T00:00:00Z,0.10942090117569325
2025-08-17T01:00:00Z,0.15494927178951456
2025-08-17T02:00:00Z,0.19436361217828593
2025-08-17T03:00:00Z,0.1577451453478949
2025-08-17T04:00:00Z,0.12479192595548555
2025-08-17T05:00:00Z,0.11254843170425735
2025-08-17T06:00:00Z,0.08865108212837602
2025-08-17T07:00:00Z,0.14167955658168035
2025-08-17T08:00:00Z,0.2270491657274975
2025-08-17T09:00:00Z,0.29224582126925913
2025-08-17T10:00:00Z,0.18778147065534626
2025-08-17T11:00:00Z,0.16754620175482932
2025-08-17T12:00:00Z,0.159985754754248
2025-08-17T13:00:00Z,0.13491750851801043
2025-08-17T14:00:00Z,0.12006587721613418
2025-08-17T15:00:00Z,0.12294030731669153
2025-08-17T16:00:00Z,0.10593046204986946
2025-08-17T17:00:00Z,0.08659509526391074
2025-08-17T18:00:00Z,0.10858435208297286
2025-08-17T19:00:00Z,0.11166817467879309
2025-08-17T20:00:00Z,0.09977694442115213
2025-08-17T21:00:00Z,0.0878950604471176
2025-08-17T22:00:00Z,0.09516959914792801
2025-08-17T23:00:00Z,0.0737253655913196
2025-08-18T00:00:00Z,0.04312456219071936
2025-08-18T01:00:00Z,0.024205091681251633
2025-08-18T02:00:00Z,0.009835148844617597
2025-08-18T03:00:00Z,0.001212529536518861
2025-08-18T04:00:00Z,0.0005460319544858562
2025-08-18T05:00:00Z,0.0007607871960734124
2025-08-18T06:00:00Z,0.0009334139360692927
2025-08-18T07:00:00Z,0.0003255188246191957
2025-08-18T08:00:00Z,0.0012130501812321203
2025-08-18T09:00:00Z,0.0115160049824064
2025-08-18T10:00:00Z,0.02239703994229402
2025-08-18T11:00:00Z,0.045493699150869545
2025-08-18T12:00:00Z,0.0576932557678891
2025-08-18T13:00:00Z,0.056438756650578494
2025-08-18T14:00:00Z,0.05186688213329663
2025-08-18T15:00:00Z,0.04560936285119502
2025-08-18T16:00:00Z,0.03711675702351287
2025-08-18T17:00:00Z,0.04976360508829038
2025-08-18T18:00:00Z,0.09862335465873408
2025-08-18T19:00:00Z,0.1669940651739656
2025-08-18T20:00:00Z,0.20652693807754938
2025-08-18T21:00:00Z,0.2549088568888362
2025-08-18T22:00:00Z,0.22054136597811722
2025-08-18T23:00:00Z,0.2511387416899455
2025-08-19T00:00:00Z,0.25046640258975555
2025-08-19T01:00:00Z,0.22591465897816115
2025-08-19T02:00:00Z,0.2001309311205175
2025-08-19T03:00:00Z,0.17998805622825928
2025-08-19T04:00:00Z,0.15822364830834307
2025-08-19T05:00:00Z,0.1551581580523333
2025-08-19T06:00:00Z,0.09441840443277058
2025-08-19T07:00:00Z,0.010227236302649989
2025-08-19T08:00:00Z,0.0
2025-08-19T09:00:00Z,0.0
2025-08-19T10:00:00Z,0.0
2025-08-19T11:00:00Z,0.0
2025-08-19T12:00:00Z,0.05108371178990471
2025-08-19T13:00:00Z,0.16807628395968618
2025-08-19T14:00:00Z,0.2884104412544801
2025-08-19T15:00:00Z,0.3130144557011477
2025-08-19T16:00:00Z,0.27218242132632037
2025-08-19T17:00:00Z,0.24673940429240213
2025-08-19T18:00:00Z,0.1871201225968961
2025-08-19T19:00:00Z,0.16096892904186028
2025-08-19T20:00:00Z,0.15758947096121176
2025-08-19T21:00:00Z,0.16240330622934834
2025-08-19T22:00:00Z,0.24176830038010091
2025-08-19T23:00:00Z,0.22869793794340235
2025-08-20T00:00:00Z,0.22191258620196697
2025-08-20T01:00:00Z,0.2530780885275644
2025-08-20T02:00:00Z,0.29062731044747153
2025-08-20T03:00:00Z,0.2889926954806883
2025-08-20T04:00:00Z,0.24991644811254216
2025-08-20T05:00:00Z,0.20767083596404443
2025-08-20T06:00:00Z,0.15783073801467043
2025-08-20T07:00:00Z,0.10568818742379721
2025-08-20T08:00:00Z,0.06234478167288809
2025-08-20T09:00:00Z,0.05261530122873115
2025-08-20T10:00:00Z,0.033644101108835145
2025-08-20T11:00:00Z,0.05037957523947253
2025-08-20T12:00:00Z,0.06552541278121718
2025-08-20T13:00:00Z,0.07117596270842248
2025-08-20T14:00:00Z,0.07528377063155227
2025-08-20T15:00:00Z,0.10231394854249061
2025-08-20T16:00:00Z,0.13263807675893186
2025-08-20T17:00:00Z,0.1472011380319713
2025-08-20T18:00:00Z,0.09174232910193691
2025-08-20T19:00:00Z,0.0693376035142805
2025-08-20T20:00:00Z,0.05655457139941736
2025-08-20T21:00:00Z,0.03577087288347079
2025-08-20T22:00:00Z,0.06645091594200375
2025-08-20T23:00:00Z,0.08645317781844887
2025-08-21T00:00:00Z,0.12894366314614736
2025-08-21T01:00:00Z,0.16665741314018992
2025-08-21T02:00:00Z,0.19400538335976
2025-08-21T03:00:00Z,0.18830124493339342
2025-08-21T04:00:00Z,0.1166921134702177
2025-08-21T05:00:00Z,0.05548683894329602
2025-08-21T06:00:00Z,0.0014287125602050418
2025-08-21T07:00:00Z,0.001129022348129702
2025-08-21T08:00:00Z,0.004837626793692755
2025-08-21T09:00:00Z,0.046810762646599176
2025-08-21T10:00:00Z,0.07195782139878168
2025-08-21T11:00:00Z,0.10389221153868908
2025-08-21T12:00:00Z,0.16977144985772444
2025-08-21T13:00:00Z,0.2938014813455394
2025-08-21T14:00:00Z,0.35702363455724356
2025-08-21T15:00:00Z,0.3143011381863218
2025-08-21T16:00:00Z,0.26226269349799197
2025-08-21T17:00:00Z,0.16021830609074003
2025-08-21T18:00:00Z,0.08979407666376718
2025-08-21T19:00:00Z,0.06946362425669395
2025-08-21T20:00:00Z,0.04790569664465476
2025-08-21T21:00:00Z,0.0639055927134426
2025-08-21T22:00:00Z,0.08681685018085022
2025-08-21T23:00:00Z,0.09959600511345859
2025-08-22T00:00:00Z,0.07876920092020188
2025-08-22T01:00:00Z,0.08818584306395383
2025-08-22T02:00:00Z,0.1337905417445549
2025-08-22T03:00:00Z,0.1928460520340621
2025-08-22T04:00:00Z,0.1973019597066362
2025-08-22T05:00:00Z,0.17037486143963748
2025-08-22T06:00:00Z,0.12286829106015354
2025-08-22T07:00:00Z,0.16399461705815355
2025-08-22T08:00:00Z,0.2455593399266248
2025-08-22T09:00:00Z,0.36179409631825066
2025-08-22T10:00:00Z,0.4212151668120001
2025-08-22T11:00:00Z,0.5943072870049954
2025-08-22T12:00:00Z,0.5980208538014995
2025-08-22T13:00:00Z,0.3852841738282334
2025-08-22T14:00:00Z,0.388333984031115
2025-08-22T15:00:00Z,0.3359252608188915
2025-08-22T16:00:00Z,0.23618399292286213
2025-08-22T17:00:00Z,0.15839269599090297
2025-08-22T18:00:00Z,0.1135795786265331
2025-08-22T19:00:00Z,0.09687186172364802
2025-08-22T20:00:00Z,0.08604553390505297
2025-08-22T21:00:00Z,0.1207719917497531
2025-08-22T22:00:00Z,0.09409560878417794
2025-08-22T23:00:00Z,0.07778790357001764
2025-08-23T00:00:00Z,0.11902967986506678
2025-08-23T01:00:00Z,0.16375368775825555
2025-08-23T02:00:00Z,0.1479137991524362
2025-08-23T03:00:00Z,0.16592733763426967
2025-08-23T04:00:00Z,0.16125001137305936
2025-08-23T05:00:00Z,0.19706608121238062
2025-08-23T06:00:00Z,0.15213640197956774
2025-08-23T07:00:00Z,0.13033353438693995
2025-08-23T08:00:00Z,0.10477891355800882
2025-08-23T09:00:00Z,0.12153991740354189
2025-08-23T10:00:00Z,0.16194337824474667
2025-08-23T11:00:00Z,0.17097340409206957
2025-08-23T12:00:00Z,0.19053530658518528
2025-08-23T13:00:00Z,0.2610448284284716
2025-08-23T14:00:00Z,0.2227662860399977
2025-08-23T15:00:00Z,0.14577849814985153
2025-08-23T16:00:00Z,0.1726278123205658
2025-08-23T17:00:00Z,0.29059969061008734
2025-08-23T18:00:00Z,0.40662489233490506
2025-08-23T19:00:00Z,0.3901783580062515
2025-08-23T20:00:00Z,0.3448002908923291
2025-08-23T21:00:00Z,0.32625014067660546
2025-08-23T22:00:00Z,0.4157149207574563
2025-08-23T23:00:00Z,0.3438385348816684
2025-08-24T00:00:00Z,0.24986024273487137
2025-08-24T01:00:00Z,0.1739067725569165
2025-08-24T02:00:00Z,0.1661591558289912
2025-08-24T03:00:00Z,0.13566846863197418
2025-08-24T04:00:00Z,0.07480459194648294
2025-08-24T05:00:00Z,0.07958037394709226
2025-08-24T06:00:00Z,0.07427716698005299
2025-08-24T07:00:00Z,0.0371982065165983
2025-08-24T08:00:00Z,0.012769192645438073
2025-08-24T09:00:00Z,0.02199060393268497
2025-08-24T10:00:00Z,0.04911634445568331
2025-08-24T11:00:00Z,0.10768779584356875
2025-08-24T12:00:00Z,0.16614965577410223
2025-08-24T13:00:00Z,0.23217746953551638
2025-08-24T14:00:00Z,0.28836346128924295
2025-08-24T15:00:00Z,0.3300047448858463
2025-08-24T16:00:00Z,0.350508776501628
2025-08-24T17:00:00Z,0.2779727467651201
2025-08-24T18:00:00Z,0.22138707114997272
2025-08-24T19:00:00Z,0.16879373250213528
2025-08-24T20:00:00Z,0.1261467097864724
2025-08-24T21:00:00Z,0.099924799274948
2025-08-24T22:00:00Z,0.09231695330440735
2025-08-24T23:00:00Z,0.06798800308838036
2025-08-25T00:00:00Z,0.040106255117593775
2025-08-25T01:00:00Z,0.013168121569961605
2025-08-25T02:00:00Z,0.0009394505892183009
2025-08-25T03:00:00Z,0.0003200352478055349
2025-08-25T04:00:00Z,0.0
2025-08-25T05:00:00Z,0.0
2025-08-25T06:00:00Z,0.0
2025-08-25T07:00:00Z,0.0
2025-08-25T08:00:00Z,0.0
2025-08-25T09:00:00Z,0.0
2025-08-25T10:00:00Z,0.0
2025-08-25T11:00:00Z,0.0
2025-08-25T12:00:00Z,0.0
2025-08-25T13:00:00Z,0.0015877238619913918
2025-08-25T14:00:00Z,0.02456126530315715
2025-08-25T15:00:00Z,0.053497087300082714
2025-08-25T16:00:00Z,0.09062713648225507
2025-08-25T17:00:00Z,0.09742449485284727
2025-08-25T18:00:00Z,0.09635186966594554
2025-08-25T19:00:00Z,0.06940533651068158
2025-08-25T20:00:00Z,0.02827165576970938
2025-08-25T21:00:00Z,0.0009987418043917132
2025-08-25T22:00:00Z,0.0
2025-08-25T23:00:00Z,0.0
2025-08-26T00:00:00Z,0.0
2025-08-26T01:00:00Z,0.0005945493059018454
2025-08-26T02:00:00Z,0.0012881178643679716
2025-08-26T03:00:00Z,0.0012669979283588023
2025-08-26T04:00:00Z,0.0007649644591032563
2025-08-26T05:00:00Z,0.0002916259361002882
2025-08-26T06:00:00Z,0.000821330130367086
2025-08-26T07:00:00Z,0.001026017062487263
2025-08-26T08:00:00Z,0.0015263467684106678
2025-08-26T09:00:00Z,0.02526907096412663
2025-08-26T10:00:00Z,0.030426224662873466
2025-08-26T11:00:00Z,0.032355041532150755
2025-08-26T12:00:00Z,0.037012098011078076
2025-08-26T13:00:00Z,0.061051586627359655
2025-08-26T14:00:00Z,0.06221070698644117
2025-08-26T15:00:00Z,0.03312798747327777
2025-08-26T16:00:00Z,0.010029092716393392
2025-08-26T17:00:00Z,0.0007414448896065238
2025-08-26T18:00:00Z,0.0010563403567882598
2025-08-26T19:00:00Z,0.003287722656786006
2025-08-26T20:00:00Z,0.013451921951645693
2025-08-26T21:00:00Z,0.025590485962942406
2025-08-26T22:00:00Z,0.059702555575135346
2025-08-26T23:00:00Z,0.05332511599889151
2025-08-27T00:00:00Z,0.06869328623188836
2025-08-27T01:00:00Z,0.10248643805502346
2025-08-27T02:00:00Z,0.1192169698409954
2025-08-27T03:00:00Z,0.12238312256287506
2025-08-27T04:00:00Z,0.11275143176007062
2025-08-27T05:00:00Z,0.11607823597017151
2025-08-27T06:00:00Z,0.14148959224535462
2025-08-27T07:00:00Z,0.1316656474114223
2025-08-27T08:00:00Z,0.09824299458498964
2025-08-27T09:00:00Z,0.10895909448779785
2025-08-27T10:00:00Z,0.14768264299837564
2025-08-27T11:00:00Z,0.14639651578875917
2025-08-27T12:00:00Z,0.12134951460164642
2025-08-27T13:00:00Z,0.15095145545864444
2025-08-27T14:00:00Z,0.16396628038344685
2025-08-27T15:00:00Z,0.19122894875055682
2025-08-27T16:00:00Z,0.20485029974856306
2025-08-27T17:00:00Z,0.21936095867867128
2025-08-27T18:00:00Z,0.3211951834939281
2025-08-27T19:00:00Z,0.3653181433049577
2025-08-27T20:00:00Z,0.36274110810642823
2025-08-27T21:00:00Z,0.3379806976610199
2025-08-27T22:00:00Z,0.26671439812822983
2025-08-27T23:00:00Z,0.20479033845885253
2025-08-28T00:00:00Z,0.1609240429572046
2025-08-28T01:00:00Z,0.13944110285923947
2025-08-28T02:00:00Z,0.11229019293493013
2025-08-28T03:00:00Z,0.08127429919884947
2025-08-28T04:00:00Z,0.08478669737696581
2025-08-28T05:00:00Z,0.06621998290432216
2025-08-28T06:00:00Z,0.04242598030232984
2025-08-28T07:00:00Z,0.003953784167986338
2025-08-28T08:00:00Z,0.0005159678409473048
2025-08-28T09:00:00Z,0.0
2025-08-28T10:00:00Z,0.0
2025-08-28T11:00:00Z,0.0
2025-08-28T12:00:00Z,0.0
2025-08-28T13:00:00Z,0.0
2025-08-28T14:00:00Z,0.0
2025-08-28T15:00:00Z,0.0
2025-08-28T16:00:00Z,0.0
2025-08-28T17:00:00Z,0.0
2025-08-28T18:00:00Z,0.0007862598457153055
2025-08-28T19:00:00Z,0.043348012187708174
2025-08-28T20:00:00Z,0.09437674364298691
2025-08-28T21:00:00Z,0.18435361870359598
2025-08-28T22:00:00Z,0.15999745749512673
2025-08-28T23:00:00Z,0.13929954103362288
2025-08-29T00:00:00Z,0.09504634622757295
2025-08-29T01:00:00Z,0.0947378663121502
2025-08-29T02:00:00Z,0.11774018271355362
2025-08-29T03:00:00Z,0.11384507378531664
2025-08-29T04:00:00Z,0.11988914962007245
2025-08-29T05:00:00Z,0.124235851460204
2025-08-29T06:00:00Z,0.10726150174729517
2025-08-29T07:00:00Z,0.14203760267800766
2025-08-29T08:00:00Z,0.16572023570573363
2025-08-29T09:00:00Z,0.0898269268671517
2025-08-29T10:00:00Z,0.009416815857352349
2025-08-29T11:00:00Z,0.0010901807519450133
2025-08-29T12:00:00Z,0.0011549930097599376
2025-08-29T13:00:00Z,0.0013010704810235282
2025-08-29T14:00:00Z,0.0012669354315604
2025-08-29T15:00:00Z,0.0011999123324885376
2025-08-29T16:00:00Z,0.0011731177916424205
2025-08-29T17:00:00Z,0.001136046351166514
2025-08-29T18:00:00Z,0.0009024435976699285
2025-08-29T19:00:00Z,0.0012671828241116283
2025-08-29T20:00:00Z,0.0005360883051703095
2025-08-29T21:00:00Z,0.0
2025-08-29T22:00:00Z,0.0007543480799263715
2025-08-29T23:00:00Z,0.0013638670030330703
2025-08-30T00:00:00Z,0.0013154078804714627
2025-08-30T01:00:00Z,0.0008644951136862609
2025-08-30T02:00:00Z,0.0010792038988099023
2025-08-30T03:00:00Z,0.0003899014782813489
2025-08-30T04:00:00Z,0.0010291355830891317
2025-08-30T05:00:00Z,0.006631510730497121
2025-08-30T06:00:00Z,0.053850992340407224
2025-08-30T07:00:00Z,0.034243200082303756
2025-08-30T08:00:00Z,0.00984659959298754
2025-08-30T09:00:00Z,0.0015808241873695875
2025-08-30T10:00:00Z,0.02272560020308301
2025-08-30T11:00:00Z,0.001484628653300331
2025-08-30T12:00:00Z,0.0013430675607797853
2025-08-30T13:00:00Z,0.001394639296996049
2025-08-30T14:00:00Z,0.017409521177669394
2025-08-30T15:00:00Z,0.03768369565812956
2025-08-30T16:00:00Z,0.009033107748657773
2025-08-30T17:00:00Z,0.032555485847995995
2025-08-30T18:00:00Z,0.06873872380850346
2025-08-30T19:00:00Z,0.04597612284313231
2025-08-30T20:00:00Z,0.035858231309249075
2025-08-30T21:00:00Z,0.02312459580014033
2025-08-30T22:00:00Z,0.014757300729374532
2025-08-30T23:00:00Z,0.04599770544506619
2025-08-31T00:00:00Z,0.058750489718556606
2025-08-31T01:00:00Z,0.04962227480315685
2025-08-31T02:00:00Z,0.05050707926222278
2025-08-31T03:00:00Z,0.01466453723369653
2025-08-31T04:00:00Z,0.028345319577201898
2025-08-31T05:00:00Z,0.08355920374517004
2025-08-31T06:00:00Z,0.07895133037344651
2025-08-31T07:00:00Z,0.13965715029373496
2025-08-31T08:00:00Z,0.10552531628033558
2025-08-31T09:00:00Z,0.11629125577406678
2025-08-31T10:00:00Z,0.0870629611065511
2025-08-31T11:00:00Z,0.09359273860569695
2025-08-31T12:00:00Z,0.12247659727127193
2025-08-31T13:00:00Z,0.13707510584934895
2025-08-31T14:00:00Z,0.11983426418480696
2025-08-31T15:00:00Z,0.11887444307405289
2025-08-31T16:00:00Z,0.086095882339788
2025-08-31T17:00:00Z,0.08737937276355147
2025-08-31T18:00:00Z,0.11492028972772059
2025-08-31T19:00:00Z,0.1846509661886774
2025-08-31T20:00:00Z,0.23486826340564326
2025-08-31T21:00:00Z,0.23624326699475412
2025-08-31T22:00:00Z,0.29731567646344126
2025-08-31T23:00:00Z,0.23803570337593077
2025-09-01T00:00:00Z,0.19667960333048773
2025-09-01T01:00:00Z,0.2547912394428477
2025-09-01T02:00:00Z,0.3579291064377177
2025-09-01T03:00:00Z,0.47107370412067834
2025-09-01T04:00:00Z,0.5012138235902975
2025-09-01T05:00:00Z,0.5436944058462096
2025-09-01T06:00:00Z,0.6175855211943982
2025-09-01T07:00:00Z,0.6194355826591783
2025-09-01T08:00:00Z,0.45518857188170436
2025-09-01T09:00:00Z,0.44936709305178024
2025-09-01T10:00:00Z,0.4642024002035233
2025-09-01T11:00:00Z,0.7124132639952164
2025-09-01T12:00:00Z,0.78454250188226
2025-09-01T13:00:00Z,0.8101180508796034
2025-09-01T14:00:00Z,0.8361045186336477
2025-09-01T15:00:00Z,0.6132746512373571
2025-09-01T16:00:00Z,0.7576394081855993
2025-09-01T17:00:00Z,0.7268693665148847
2025-09-01T18:00:00Z,0.4908647925129438
2025-09-01T19:00:00Z,0.40638613312958005
2025-09-01T20:00:00Z,0.46724006194711004
2025-09-01T21:00:00Z,0.4282514925436398
2025-09-01T22:00:00Z,0.14983846265395379
2025-09-01T23:00:00Z,0.08713674038912655
2025-09-02T00:00:00Z,0.050458111268677344
2025-09-02T01:00:00Z,0.0014552201282463312
2025-09-02T02:00:00Z,0.0009547611039915163
2025-09-02T03:00:00Z,0.000935508814384173
2025-09-02T04:00:00Z,0.00029079525738934204
2025-09-02T05:00:00Z,0.000619982400896531
2025-09-02T06:00:00Z,9.457379562403228e-05
2025-09-02T07:00:00Z,0.0001022623225755607
2025-09-02T08:00:00Z,0.0
2025-09-02T09:00:00Z,0.0
2025-09-02T10:00:00Z,0.0
2025-09-02T11:00:00Z,0.0
2025-09-02T12:00:00Z,0.0
2025-09-02T13:00:00Z,0.0
2025-09-02T14:00:00Z,0.0
2025-09-02T15:00:00Z,0.0
2025-09-02T16:00:00Z,0.0
2025-09-02T17:00:00Z,0.0
2025-09-02T18:00:00Z,0.0007837308599372644
2025-09-02T19:00:00Z,0.02098431100531027
2025-09-02T20:00:00Z,0.06785636877297672
2025-09-02T21:00:00Z,0.07980300506718535
2025-09-02T22:00:00Z,0.04693742996219495
2025-09-02T23:00:00Z,0.045371884467419826
2025-09-03T00:00:00Z,0.0694821422622696
2025-09-03T01:00:00Z,0.07513679845928775
2025-09-03T02:00:00Z,0.06920353599728432
2025-09-03T03:00:00Z,0.07428140345159152
2025-09-03T04:00:00Z,0.07912644771839512
2025-09-03T05:00:00Z,0.051994182085803996
2025-09-03T06:00:00Z,0.049966619774963354
2025-09-03T07:00:00Z,0.05061343443604797
2025-09-03T08:00:00Z,0.07056099869143725
2025-09-03T09:00:00Z,0.11085568650924231
2025-09-03T10:00:00Z,0.19360498955350722
2025-09-03T11:00:00Z,0.3243527495155813
2025-09-03T12:00:00Z,0.4276762243899141
2025-09-03T13:00:00Z,0.5925777159894398
2025-09-03T14:00:00Z,0.7599161481023646
2025-09-03T15:00:00Z,0.5079719584832015
2025-09-03T16:00:00Z,0.7459618281383822
2025-09-03T17:00:00Z,0.8153154636696747
2025-09-03T18:00:00Z,0.8701181044136566
2025-09-03T19:00:00Z,0.9285215845691296
2025-09-03T20:00:00Z,0.9671985488183159
2025-09-03T21:00:00Z,0.9645873340692827
2025-09-03T22:00:00Z,0.9806926776172141
2025-09-03T23:00:00Z,0.9833772902047386
2025-09-04T00:00:00Z,0.987316894928244
2025-09-04T01:00:00Z,0.9919407994711116
2025-09-04T02:00:00Z,0.9847743431509055
2025-09-04T03:00:00Z,0.9740262674254277
2025-09-04T04:00:00Z,0.9606532259216966
2025-09-04T05:00:00Z,0.9058780823694093
2025-09-04T06:00:00Z,0.7802048702105939
2025-09-04T07:00:00Z,0.480778895981711
2025-09-04T08:00:00Z,0.6480278176333983
2025-09-04T09:00:00Z,0.604221639029901
2025-09-04T10:00:00Z,0.4666896129039695
2025-09-04T11:00:00Z,0.42146173707211226
2025-09-04T12:00:00Z,0.36136211621462927
2025-09-04T13:00:00Z,0.31738551630654066
2025-09-04T14:00:00Z,0.3349562185768725
2025-09-04T15:00:00Z,0.26051188112385976
2025-09-04T16:00:00Z,0.12985591481029946
2025-09-04T17:00:00Z,0.1067730864897629
2025-09-04T18:00:00Z,0.09242583287137852
2025-09-04T19:00:00Z,0.09783213718604497
2025-09-04T20:00:00Z,0.10607272677933477
2025-09-04T21:00:00Z,0.10810646621816863
2025-09-04T22:00:00Z,0.11984988416629802
2025-09-04T23:00:00Z,0.09126762482174643
2025-09-05T00:00:00Z,0.0967602033067551
2025-09-05T01:00:00Z,0.10569390807520457
2025-09-05T02:00:00Z,0.13956747511154846
2025-09-05T03:00:00Z,0.12265452324135714
2025-09-05T04:00:00Z,0.11016402897595354
2025-09-05T05:00:00Z,0.11186167045754652
2025-09-05T06:00:00Z,0.13372490513742147
2025-09-05T07:00:00Z,0.08887638042161787
2025-09-05T08:00:00Z,0.03345892374687836
2025-09-05T09:00:00Z,0.020514482505857034
2025-09-05T10:00:00Z,0.0
2025-09-05T11:00:00Z,0.0
2025-09-05T12:00:00Z,0.0
2025-09-05T13:00:00Z,0.0005413456277188104
2025-09-05T14:00:00Z,0.0
2025-09-05T15:00:00Z,0.00017022410737795572
2025-09-05T16:00:00Z,0.0015232221811374792
2025-09-05T17:00:00Z,0.05676386018484965
2025-09-05T18:00:00Z,0.055734101855270585
2025-09-05T19:00:00Z,0.07454302292168541
2025-09-05T20:00:00Z,0.09994540243907925
2025-09-05T21:00:00Z,0.13052425413208446
2025-09-05T22:00:00Z,0.09995888584878988
2025-09-05T23:00:00Z,0.12829743407014557
2025-09-06T00:00:00Z,0.14233730651099846
2025-09-06T01:00:00Z,0.1407000042246084
2025-09-06T02:00:00Z,0.1279519957947807
2025-09-06T03:00:00Z,0.15176440401114155
2025-09-06T04:00:00Z,0.1535119185160753
2025-09-06T05:00:00Z,0.15941645528753867
2025-09-06T06:00:00Z,0.1659217974132135
2025-09-06T07:00:00Z,0.10995242369511694
2025-09-06T08:00:00Z,0.08978731840524844
2025-09-06T09:00:00Z,0.09218821821690966
2025-09-06T10:00:00Z,0.11771932633534529
2025-09-06T11:00:00Z,0.13762490225011842
2025-09-06T12:00:00Z,0.145788812073266
2025-09-06T13:00:00Z,0.14233729971680906
2025-09-06T14:00:00Z,0.1276170270253139
2025-09-06T15:00:00Z,0.102490500028064
2025-09-06T16:00:00Z,0.06948348038103233
2025-09-06T17:00:00Z,0.044896264937844224
2025-09-06T18:00:00Z,0.05513629723252068
2025-09-06T19:00:00Z,0.07856837249339516
2025-09-06T20:00:00Z,0.08482552554198806
2025-09-06T21:00:00Z,0.06708037091854283
2025-09-06T22:00:00Z,0.0012541614686473975
2025-09-06T23:00:00Z,0.0005722419327848321
2025-09-07T00:00:00Z,0.0
2025-09-07T01:00:00Z,0.00021498119991787427
2025-09-07T02:00:00Z,0.0024072731550780317
2025-09-07T03:00:00Z,0.0007261812725790157
2025-09-07T04:00:00Z,0.0
2025-09-07T05:00:00Z,0.0
2025-09-07T06:00:00Z,0.0
2025-09-07T07:00:00Z,0.0
2025-09-07T08:00:00Z,0.0
2025-09-07T09:00:00Z,0.0
2025-09-07T10:00:00Z,0.0
2025-09-07T11:00:00Z,0.0
2025-09-07T12:00:00Z,0.0
2025-09-07T13:00:00Z,0.0
2025-09-07T14:00:00Z,0.0
2025-09-07T15:00:00Z,0.0006564724754696541
2025-09-07T16:00:00Z,0.0001092904166342243
2025-09-07T17:00:00Z,0.0
2025-09-07T18:00:00Z,0.0
2025-09-07T19:00:00Z,0.0
2025-09-07T20:00:00Z,0.0013872906730856573
2025-09-07T21:00:00Z,0.0370249821949908
2025-09-07T22:00:00Z,0.114873203523405
2025-09-07T23:00:00Z,0.14883889103968306
2025-09-08T00:00:00Z,0.16092868001576593
2025-09-08T01:00:00Z,0.16370198134270467
2025-09-08T02:00:00Z,0.15853371640203626
2025-09-08T03:00:00Z,0.16291445365174112
2025-09-08T04:00:00Z,0.19219209491061473
2025-09-08T05:00:00Z,0.158881919488327
2025-09-08T06:00:00Z,0.09445762129203397
2025-09-08T07:00:00Z,0.08635257851596219
2025-09-08T08:00:00Z,0.07208893400799687
2025-09-08T09:00:00Z,0.06467579863863493
2025-09-08T10:00:00Z,0.010845313002868487
2025-09-08T11:00:00Z,0.0013818638683300367
2025-09-08T12:00:00Z,0.0014567772911297237
2025-09-08T13:00:00Z,0.0
2025-09-08T14:00:00Z,0.0
2025-09-08T15:00:00Z,0.0
2025-09-08T16:00:00Z,0.0
2025-09-08T17:00:00Z,0.0
2025-09-08T18:00:00Z,0.0013904223158853206
2025-09-08T19:00:00Z,0.06066081781400828
2025-09-08T20:00:00Z,0.1104532150430719
2025-09-08T21:00:00Z,0.1549309904108459
2025-09-08T22:00:00Z,0.12098221450787626
2025-09-08T23:00:00Z,0.12317737869851486
2025-09-09T00:00:00Z,0.12079859157426162
2025-09-09T01:00:00Z,0.10384046705151592
2025-09-09T02:00:00Z,0.09133698598087314
2025-09-09T03:00:00Z,0.08110140540081164
2025-09-09T04:00:00Z,0.09062038194805774
2025-09-09T05:00:00Z,0.08629370649822445
2025-09-09T06:00:00Z,0.05509134124104445
2025-09-09T07:00:00Z,0.06272415624518142
2025-09-09T08:00:00Z,0.058870842551296196
2025-09-09T09:00:00Z,0.0848902270689271
2025-09-09T10:00:00Z,0.00633332677140482
2025-09-09T11:00:00Z,0.0
2025-09-09T12:00:00Z,0.0
2025-09-09T13:00:00Z,0.0
2025-09-09T14:00:00Z,0.0
2025-09-09T15:00:00Z,0.0
2025-09-09T16:00:00Z,0.00016944459478169093
2025-09-09T17:00:00Z,0.001355953547440334
2025-09-09T18:00:00Z,0.04185210852428199
2025-09-09T19:00:00Z,0.107446521520727
2025-09-09T20:00:00Z,0.1674092531575452
2025-09-09T21:00:00Z,0.24607757115458073
2025-09-09T22:00:00Z,0.44417900729384074
2025-09-09T23:00:00Z,0.4530476381772233
2025-09-10T00:00:00Z,0.43971485961408935
2025-09-10T01:00:00Z,0.5031020431400033
2025-09-10T02:00:00Z,0.542593784932541
2025-09-10T03:00:00Z,0.5506539584193938
2025-09-10T04:00:00Z,0.594477102609909
2025-09-10T05:00:00Z,0.6113302786685094
2025-09-10T06:00:00Z,0.5974293144971026
2025-09-10T07:00:00Z,0.5109604266837705
2025-09-10T08:00:00Z,0.4702097615088987
2025-09-10T09:00:00Z,0.501504226575623
2025-09-10T10:00:00Z,0.3556156025039964
2025-09-10T11:00:00Z,0.4047378947879154
2025-09-10T12:00:00Z,0.42497261794105917
2025-09-10T13:00:00Z,0.4894189589932204
2025-09-10T14:00:00Z,0.4539502101632951
2025-09-10T15:00:00Z,0.3698946720020171
2025-09-10T16:00:00Z,0.4242639976209366
2025-09-10T17:00:00Z,0.4761089840796646
2025-09-10T18:00:00Z,0.5026964978761254
2025-09-10T19:00:00Z,0.4470991823656429
2025-09-10T20:00:00Z,0.4469383220243744
2025-09-10T21:00:00Z,0.5631091194238566
2025-09-10T22:00:00Z,0.630124136415241
2025-09-10T23:00:00Z,0.5514837683740469
2025-09-11T00:00:00Z,0.4657654167758806
2025-09-11T01:00:00Z,0.4457683134567281
2025-09-11T02:00:00Z,0.4049009096052199
2025-09-11T03:00:00Z,0.38775951660410013
2025-09-11T04:00:00Z,0.3089421692853931
2025-09-11T05:00:00Z,0.14797979570392805
2025-09-11T06:00:00Z,0.10607894967776361
2025-09-11T07:00:00Z,0.08579423721952915
2025-09-11T08:00:00Z,0.058020543896713225
2025-09-11T09:00:00Z,0.004404424068843157
2025-09-11T10:00:00Z,0.007228245792813152
2025-09-11T11:00:00Z,0.04210757025681796
2025-09-11T12:00:00Z,0.06798648431859504
2025-09-11T13:00:00Z,0.10045387128086103
2025-09-11T14:00:00Z,0.19781977190402558
2025-09-11T15:00:00Z,0.36641170563352005
2025-09-11T16:00:00Z,0.4996002217923384
2025-09-11T17:00:00Z,0.4078836120951884
2025-09-11T18:00:00Z,0.36588738995184544
2025-09-11T19:00:00Z,0.4831912161222762
2025-09-11T20:00:00Z,0.41279294452628357
2025-09-11T21:00:00Z,0.2736957897110182
2025-09-11T22:00:00Z,0.2417417087209349
2025-09-11T23:00:00Z,0.14146619012039138
2025-09-12T00:00:00Z,0.10967314293863194
2025-09-12T01:00:00Z,0.13105443254465612
2025-09-12T02:00:00Z,0.23619274840040394
2025-09-12T03:00:00Z,0.32134504745751996
2025-09-12T04:00:00Z,0.28855018731281207
2025-09-12T05:00:00Z,0.4954397522167243
2025-09-12T06:00:00Z,0.5517377962315
2025-09-12T07:00:00Z,0.4909719088249029
2025-09-12T08:00:00Z,0.5510045687030771
2025-09-12T09:00:00Z,0.4242839985131888
2025-09-12T10:00:00Z,0.40203521027375727
2025-09-12T11:00:00Z,0.3882479964454977
2025-09-12T12:00:00Z,0.45593187500503574
2025-09-12T13:00:00Z,0.5072605727094781
2025-09-12T14:00:00Z,0.5084958133076343
2025-09-12T15:00:00Z,0.7214331631136298
2025-09-12T16:00:00Z,0.5761723203524507
2025-09-12T17:00:00Z,0.458120484346911
2025-09-12T18:00:00Z,0.43421387082199864
2025-09-12T19:00:00Z,0.3944249310146166
2025-09-12T20:00:00Z,0.3696109711124373
2025-09-12T21:00:00Z,0.33746938163832785
2025-09-12T22:00:00Z,0.42004451060433934
2025-09-12T23:00:00Z,0.32127419993753414
2025-09-13T00:00:00Z,0.38093209657977534
2025-09-13T01:00:00Z,0.4143206473268485
2025-09-13T02:00:00Z,0.4158418231026895
2025-09-13T03:00:00Z,0.4015900236105197
2025-09-13T04:00:00Z,0.44966855095968006
2025-09-13T05:00:00Z,0.5769773781984359
2025-09-13T06:00:00Z,0.6372237726500896
2025-09-13T07:00:00Z,0.5292308841056914
2025-09-13T08:00:00Z,0.5585802439319018
2025-09-13T09:00:00Z,0.5451707250872337
2025-09-13T10:00:00Z,0.46931069511145584
2025-09-13T11:00:00Z,0.5216141088348073
2025-09-13T12:00:00Z,0.5628630657439511
2025-09-13T13:00:00Z,0.5744007816326385
2025-09-13T14:00:00Z,0.6073209013822473
2025-09-13T15:00:00Z,0.5095686081517644
2025-09-13T16:00:00Z,0.41403153262340286
2025-09-13T17:00:00Z,0.3929294724123264
2025-09-13T18:00:00Z,0.3582055567604286
2025-09-13T19:00:00Z,0.3501683046374171
2025-09-13T20:00:00Z,0.41235864295426355
2025-09-13T21:00:00Z,0.40423883015319445
2025-09-13T22:00:00Z,0.3622213616266166
2025-09-13T23:00:00Z,0.3744406096074294
2025-09-14T00:00:00Z,0.3737916191420847
2025-09-14T01:00:00Z,0.29916395130112455
2025-09-14T02:00:00Z,0.21389485610553446
2025-09-14T03:00:00Z,0.23316836836140967
2025-09-14T04:00:00Z,0.21053076737709728
2025-09-14T05:00:00Z,0.3759353835454568
2025-09-14T06:00:00Z,0.35763870178858387
2025-09-14T07:00:00Z,0.3761617534172341
2025-09-14T08:00:00Z,0.35193166129220677
2025-09-14T09:00:00Z,0.28891649432466654
2025-09-14T10:00:00Z,0.3400549484876709
2025-09-14T11:00:00Z,0.30907625161162333
2025-09-14T12:00:00Z,0.15001260006017075
2025-09-14T13:00:00Z,0.12250880118528265
2025-09-14T14:00:00Z,0.06724043405278099
2025-09-14T15:00:00Z,0.04435223256746813
2025-09-14T16:00:00Z,0.032923693941947434
2025-09-14T17:00:00Z,0.028178573860961422
2025-09-14T18:00:00Z,0.0014630515720755579
2025-09-14T19:00:00Z,0.009938498862647242
2025-09-14T20:00:00Z,0.03057235514557549
2025-09-14T21:00:00Z,0.04262098845158462
2025-09-14T22:00:00Z,0.06671834092994966
2025-09-14T23:00:00Z,0.06111328482156224
2025-09-15T00:00:00Z,0.0067026398372976356
2025-09-15T01:00:00Z,0.05505165965243337
2025-09-15T02:00:00Z,0.11940196769736085
2025-09-15T03:00:00Z,0.2088670350515907
2025-09-15T04:00:00Z,0.2874596933868573
2025-09-15T05:00:00Z,0.4001086594388631
2025-09-15T06:00:00Z,0.5615897303679299
2025-09-15T07:00:00Z,0.6423975433137462
2025-09-15T08:00:00Z,0.6885610652558718
2025-09-15T09:00:00Z,0.814448969025732
2025-09-15T10:00:00Z,0.9835707423979404
2025-09-15T11:00:00Z,0.9969351536452682
2025-09-15T12:00:00Z,0.8672394965486678
2025-09-15T13:00:00Z,0.5874946292174161
2025-09-15T14:00:00Z,0.8410434962840992
2025-09-15T15:00:00Z,0.5881197781497768
2025-09-15T16:00:00Z,0.6593627878097618
2025-09-15T17:00:00Z,0.707626099652629
2025-09-15T18:00:00Z,0.7300745295655301
2025-09-15T19:00:00Z,0.718929255797307
2025-09-15T20:00:00Z,0.8714071550293762
2025-09-15T21:00:00Z,0.9236109546833007
2025-09-15T22:00:00Z,0.9760462144024997
2025-09-15T23:00:00Z,0.9297343294030028
2025-09-16T00:00:00Z,0.9273199955222211
2025-09-16T01:00:00Z,0.9265379768706111
2025-09-16T02:00:00Z,0.8261923430275047
2025-09-16T03:00:00Z,0.6984263717876147
2025-09-16T04:00:00Z,0.4069709730991636
2025-09-16T05:00:00Z,0.21045073277679882
2025-09-16T06:00:00Z,0.16145712792964312
2025-09-16T07:00:00Z,0.16685322189914714
2025-09-16T08:00:00Z,0.12297926213683891
2025-09-16T09:00:00Z,0.11662265631657087
2025-09-16T10:00:00Z,0.13040882266143805
2025-09-16T11:00:00Z,0.17281472927310287
2025-09-16T12:00:00Z,0.5085195526375806
2025-09-16T13:00:00Z,0.8557142560617764
2025-09-16T14:00:00Z,0.9895982408384923
2025-09-16T15:00:00Z,0.999309413145563
2025-09-16T16:00:00Z,0.9997200497178248
2025-09-16T17:00:00Z,0.9989614531054442
2025-09-16T18:00:00Z,0.999048001367243
2025-09-16T19:00:00Z,0.9987658610752743
2025-09-16T20:00:00Z,0.9978363713466176
2025-09-16T21:00:00Z,0.9981539559022377
2025-09-16T22:00:00Z,0.9961015607798046
2025-09-16T23:00:00Z,0.9930829761563197
2025-09-17T00:00:00Z,0.9658168289770395
2025-09-17T01:00:00Z,0.9098103888665723
2025-09-17T02:00:00Z,0.8896666416983114
2025-09-17T03:00:00Z,0.9178506644142328
2025-09-17T04:00:00Z,0.8861272378689775
2025-09-17T05:00:00Z,0.81012775918091
2025-09-17T06:00:00Z,0.8004539544636347
2025-09-17T07:00:00Z,0.6948287915705682
2025-09-17T08:00:00Z,0.66130346700966
2025-09-17T09:00:00Z,0.7706623211804356
2025-09-17T10:00:00Z,0.7732705678223327
2025-09-17T11:00:00Z,0.7391412179370666
2025-09-17T12:00:00Z,0.8366528192879475
2025-09-17T13:00:00Z,0.8631915249385378
2025-09-17T14:00:00Z,0.882557056438474
2025-09-17T15:00:00Z,0.9039694642755455
2025-09-17T16:00:00Z,0.8663298800685694
2025-09-17T17:00:00Z,0.7214542262480099
2025-09-17T18:00:00Z,0.6568787111276807
2025-09-17T19:00:00Z,0.6673036102019366
2025-09-17T20:00:00Z,0.6014141442869203
2025-09-17T21:00:00Z,0.4710930505615717
2025-09-17T22:00:00Z,0.40959389871434665
2025-09-17T23:00:00Z,0.34446257789911794
2025-09-18T00:00:00Z,0.26746016959073216
2025-09-18T01:00:00Z,0.21931158918943403
2025-09-18T02:00:00Z,0.15971433557557285
2025-09-18T03:00:00Z,0.15749609894635158
2025-09-18T04:00:00Z,0.2356652689776397
2025-09-18T05:00:00Z,0.22432056416442916
2025-09-18T06:00:00Z,0.17408256322811386
2025-09-18T07:00:00Z,0.2542798860771452
2025-09-18T08:00:00Z,0.42357666961450385
2025-09-18T09:00:00Z,0.7650413939596942
2025-09-18T10:00:00Z,0.5842689022048632
2025-09-18T11:00:00Z,0.7991580175945994
2025-09-18T12:00:00Z,0.8155448626386883
2025-09-18T13:00:00Z,0.9074013668396504
2025-09-18T14:00:00Z,0.8094837014855419
2025-09-18T15:00:00Z,0.8132213563549375
2025-09-18T16:00:00Z,0.7973270234490182
2025-09-18T17:00:00Z,0.6918980016792279
2025-09-18T18:00:00Z,0.7322383088125446
2025-09-18T19:00:00Z,0.7491006193333961
2025-09-18T20:00:00Z,0.70827439616875
2025-09-18T21:00:00Z,0.6878627278310682
2025-09-18T22:00:00Z,0.6982483422494736
2025-09-18T23:00:00Z,0.7582458136292547
2025-09-19T00:00:00Z,0.6854224041989609
2025-09-19T01:00:00Z,0.6751472287326459
2025-09-19T02:00:00Z,0.707189001678561
2025-09-19T03:00:00Z,0.7494428792598624
2025-09-19T04:00:00Z,0.7587835480547274
2025-09-19T05:00:00Z,0.7227722980550232
2025-09-19T06:00:00Z,0.6970350251996847
2025-09-19T07:00:00Z,0.7988494288841906
2025-09-19T08:00:00Z,0.7447278511034557
2025-09-19T09:00:00Z,0.5849322680571539
2025-09-19T10:00:00Z,0.4279266332642359
2025-09-19T11:00:00Z,0.32157966314047437
2025-09-19T12:00:00Z,0.32878400434032085
2025-09-19T13:00:00Z,0.35561365236968706
2025-09-19T14:00:00Z,0.48725925726711417
2025-09-19T15:00:00Z,0.5100232473196801
2025-09-19T16:00:00Z,0.5069033421373723
2025-09-19T17:00:00Z,0.6520004191041743
2025-09-19T18:00:00Z,0.8220037857889411
2025-09-19T19:00:00Z,0.8611981349794415
2025-09-19T20:00:00Z,0.8651288967391189
2025-09-19T21:00:00Z,0.7776705814245958
2025-09-19T22:00:00Z,0.8076190230413157
2025-09-19T23:00:00Z,0.7729677564089402
2025-09-20T00:00:00Z,0.7235249711259563
2025-09-20T01:00:00Z,0.5383524918959322
2025-09-20T02:00:00Z,0.49854205140758395
2025-09-20T03:00:00Z,0.4594077168973532
2025-09-20T04:00:00Z,0.4383439058017821
2025-09-20T05:00:00Z,0.4067348321803056
2025-09-20T06:00:00Z,0.3628226958413984
2025-09-20T07:00:00Z,0.30947889701588066
2025-09-20T08:00:00Z,0.29218193918423185
2025-09-20T09:00:00Z,0.25390074792018064
2025-09-20T10:00:00Z,0.15578868131699047
2025-09-20T11:00:00Z,0.14885050480077505
2025-09-20T12:00:00Z,0.2118216985451028
2025-09-20T13:00:00Z,0.41774203719805564
2025-09-20T14:00:00Z,0.5698111906347686
2025-09-20T15:00:00Z,0.6337941917531493
2025-09-20T16:00:00Z,0.7659726660312488
2025-09-20T17:00:00Z,0.6020074282188818
2025-09-20T18:00:00Z,0.7984112036238493
2025-09-20T19:00:00Z,0.5312932661963613
2025-09-20T20:00:00Z,0.4413033645583662
2025-09-20T21:00:00Z,0.5233921216872127
2025-09-20T22:00:00Z,0.7722264114436443
2025-09-20T23:00:00Z,0.877013712060512
2025-09-21T00:00:00Z,0.8516895660999788
2025-09-21T01:00:00Z,0.7250282348984076
2025-09-21T02:00:00Z,0.649356447251599
2025-09-21T03:00:00Z,0.777237173133281
2025-09-21T04:00:00Z,0.7827485906403826
2025-09-21T05:00:00Z,0.9755653453451216
2025-09-21T06:00:00Z,0.9982469528633848
2025-09-21T07:00:00Z,0.9993866280221575
2025-09-21T08:00:00Z,0.9989027376852324
2025-09-21T09:00:00Z,0.9971926029748646
2025-09-21T10:00:00Z,0.984749200096575
2025-09-21T11:00:00Z,0.9883633396351988
2025-09-21T12:00:00Z,0.9947556942415166
2025-09-21T13:00:00Z,0.8897273019945153
2025-09-21T14:00:00Z,0.6846472665714799
2025-09-21T15:00:00Z,0.8566683405481496
2025-09-21T16:00:00Z,0.9483265095799294
2025-09-21T17:00:00Z,0.96593348332836
2025-09-21T18:00:00Z,0.982754351163066
2025-09-21T19:00:00Z,0.9761846047523471
2025-09-21T20:00:00Z,0.9504218863335836
2025-09-21T21:00:00Z,0.8842389011529952
2025-09-21T22:00:00Z,0.7985320755849961
2025-09-21T23:00:00Z,0.747834355501844
2025-09-22T00:00:00Z,0.7279645483159586
2025-09-22T01:00:00Z,0.6488503370591608
2025-09-22T02:00:00Z,0.5918998265229992
2025-09-22T03:00:00Z,0.6467185890852829
2025-09-22T04:00:00Z,0.6627001917847004
2025-09-22T05:00:00Z,0.5406348392010586
2025-09-22T06:00:00Z,0.5069761582127853
2025-09-22T07:00:00Z,0.5589875225390931
2025-09-22T08:00:00Z,0.5531430015167728
2025-09-22T09:00:00Z,0.6493535349362287
2025-09-22T10:00:00Z,0.6080781699595079
2025-09-22T11:00:00Z,0.5630833683198353
2025-09-22T12:00:00Z,0.5818342272263701
2025-09-22T13:00:00Z,0.678683373803401
2025-09-22T14:00:00Z,0.5696209530100336
2025-09-22T15:00:00Z,0.45432738099595366
2025-09-22T16:00:00Z,0.3147160867044441
2025-09-22T17:00:00Z,0.21547378398919406
2025-09-22T18:00:00Z,0.12265046420669751
2025-09-22T19:00:00Z,0.10542599850189652
2025-09-22T20:00:00Z,0.08486790858894389
2025-09-22T21:00:00Z,0.06583466577056686
2025-09-22T22:00:00Z,0.03848839747221256
2025-09-22T23:00:00Z,0.06225585164980557
2025-09-23T00:00:00Z,0.07814907367429005
2025-09-23T01:00:00Z,0.07242791329916845
2025-09-23T02:00:00Z,0.07206836509159677
2025-09-23T03:00:00Z,0.07804695305811045
2025-09-23T04:00:00Z,0.09253810719696424
2025-09-23T05:00:00Z,0.10495529568061313
2025-09-23T06:00:00Z,0.1018909726789016
2025-09-23T07:00:00Z,0.0764629036737642
2025-09-23T08:00:00Z,0.019346306437551662
2025-09-23T09:00:00Z,0.0039005932068861796
2025-09-23T10:00:00Z,0.001257322848225904
2025-09-23T11:00:00Z,0.012372397021596248
2025-09-23T12:00:00Z,0.022373361868282832
2025-09-23T13:00:00Z,0.023237792311359046
2025-09-23T14:00:00Z,0.028641500572893927
2025-09-23T15:00:00Z,0.03418870248416927
2025-09-23T16:00:00Z,0.05536375453439365
2025-09-23T17:00:00Z,0.0797033967013339
2025-09-23T18:00:00Z,0.07813015273536522
2025-09-23T19:00:00Z,0.05216001095406446
2025-09-23T20:00:00Z,0.029804542185148657
2025-09-23T21:00:00Z,0.00166933059428043
2025-09-23T22:00:00Z,0.0011983318165328404
2025-09-23T23:00:00Z,0.0004729418703328339
2025-09-24T00:00:00Z,0.0
2025-09-24T01:00:00Z,0.0
2025-09-24T02:00:00Z,0.0
2025-09-24T03:00:00Z,0.0
2025-09-24T04:00:00Z,0.0
2025-09-24T05:00:00Z,0.0
2025-09-24T06:00:00Z,0.0
2025-09-24T07:00:00Z,0.0
2025-09-24T08:00:00Z,0.0
2025-09-24T09:00:00Z,0.0
2025-09-24T10:00:00Z,0.0
2025-09-24T11:00:00Z,0.0
2025-09-24T12:00:00Z,0.0
2025-09-24T13:00:00Z,0.0
2025-09-24T14:00:00Z,0.0
2025-09-24T15:00:00Z,0.0009670009579936913
2025-09-24T16:00:00Z,0.02792721806699062
2025-09-24T17:00:00Z,0.06004862927277906
2025-09-24T18:00:00Z,0.06482694323972132
2025-09-24T19:00:00Z,0.06012852073224738
2025-09-24T20:00:00Z,0.047182960042477455
2025-09-24T21:00:00Z,0.03618057882708864
2025-09-24T22:00:00Z,0.03167734203682968
2025-09-24T23:00:00Z,0.04359746294200376
2025-09-25T00:00:00Z,0.03901765364054677
2025-09-25T01:00:00Z,0.03993049565049834
2025-09-25T02:00:00Z,0.04020133181154567
2025-09-25T03:00:00Z,0.03825156855899737
2025-09-25T04:00:00Z,0.0368486939491752
2025-09-25T05:00:00Z,0.026657200961292024
2025-09-25T06:00:00Z,0.03453303149031815
2025-09-25T07:00:00Z,0.01825959109091309
2025-09-25T08:00:00Z,0.00012480245069636014
2025-09-25T09:00:00Z,0.0
2025-09-25T10:00:00Z,0.0
2025-09-25T11:00:00Z,0.0
2025-09-25T12:00:00Z,0.0
2025-09-25T13:00:00Z,0.0
2025-09-25T14:00:00Z,0.00010967521441401096
2025-09-25T15:00:00Z,0.0010808680852748256
2025-09-25T16:00:00Z,0.04013110837772423
2025-09-25T17:00:00Z,0.07199649851052053
2025-09-25T18:00:00Z,0.07633553173420979
2025-09-25T19:00:00Z,0.065357208018125
2025-09-25T20:00:00Z,0.06777424343127345
2025-09-25T21:00:00Z,0.07613900050888338
2025-09-25T22:00:00Z,0.1286215387151979
2025-09-25T23:00:00Z,0.13773037750901945
2025-09-26T00:00:00Z,0.10427443994444933
2025-09-26T01:00:00Z,0.07204391196248942
2025-09-26T02:00:00Z,0.06576189776002819
2025-09-26T03:00:00Z,0.07228345843064791
2025-09-26T04:00:00Z,0.08570552705253144
2025-09-26T05:00:00Z,0.12107940433837366
2025-09-26T06:00:00Z,0.1430944595079629
2025-09-26T07:00:00Z,0.12320479915273704
2025-09-26T08:00:00Z,0.06836134565657122
2025-09-26T09:00:00Z,0.05921667134451324
2025-09-26T10:00:00Z,0.03190948350747537
2025-09-26T11:00:00Z,0.02341305223307544
2025-09-26T12:00:00Z,0.022661146680273647
2025-09-26T13:00:00Z,0.03673578680961768
2025-09-26T14:00:00Z,0.04367895374103541
2025-09-26T15:00:00Z,0.0290160314882461
2025-09-26T16:00:00Z,0.04354563068557771
2025-09-26T17:00:00Z,0.07726764823334277
2025-09-26T18:00:00Z,0.1273372847929992
2025-09-26T19:00:00Z,0.15389828353212437
2025-09-26T20:00:00Z,0.18489250281886457
2025-09-26T21:00:00Z,0.19558792791135296
2025-09-26T22:00:00Z,0.23994189522786782
2025-09-26T23:00:00Z,0.2031937757990402
2025-09-27T00:00:00Z,0.1702318964065066
2025-09-27T01:00:00Z,0.1741340110048016
2025-09-27T02:00:00Z,0.23332406421309257
2025-09-27T03:00:00Z,0.27230526566163504
2025-09-27T04:00:00Z,0.2917523781873616
2025-09-27T05:00:00Z,0.29816422518364427
2025-09-27T06:00:00Z,0.2906343144262111
2025-09-27T07:00:00Z,0.27044485943105456
2025-09-27T08:00:00Z,0.15426209579761382
2025-09-27T09:00:00Z,0.16413185952238302
2025-09-27T10:00:00Z,0.0937186794861127
2025-09-27T11:00:00Z,0.07396700531013647
2025-09-27T12:00:00Z,0.08309350057590396
2025-09-27T13:00:00Z,0.09895717475929063
2025-09-27T14:00:00Z,0.10167688916182062
2025-09-27T15:00:00Z,0.0889658305716291
2025-09-27T16:00:00Z,0.11803387359280419
2025-09-27T17:00:00Z,0.1539073528860165
2025-09-27T18:00:00Z,0.20954485315635143
2025-09-27T19:00:00Z,0.20399699331309754
2025-09-27T20:00:00Z,0.16640695513796716
2025-09-27T21:00:00Z,0.1367626934532461
2025-09-27T22:00:00Z,0.11837747474338309
2025-09-27T23:00:00Z,0.09533584830446938
2025-09-28T00:00:00Z,0.08711849687924887
2025-09-28T01:00:00Z,0.0906221158161148
2025-09-28T02:00:00Z,0.11739910533810806
2025-09-28T03:00:00Z,0.16447044970210326
2025-09-28T04:00:00Z,0.1923506857589224
2025-09-28T05:00:00Z,0.20733245135205275
2025-09-28T06:00:00Z,0.2248493568151773
2025-09-28T07:00:00Z,0.24184252619320065
2025-09-28T08:00:00Z,0.1628579640966674
2025-09-28T09:00:00Z,0.16814246013008138
2025-09-28T10:00:00Z,0.09516408105088386
2025-09-28T11:00:00Z,0.11513096391921716
2025-09-28T12:00:00Z,0.09389935874653652
2025-09-28T13:00:00Z,0.08475193612936291
2025-09-28T14:00:00Z,0.030825421787329926
2025-09-28T15:00:00Z,0.006345781269141734
2025-09-28T16:00:00Z,0.0235395794394308
2025-09-28T17:00:00Z,0.0689871703606355
2025-09-28T18:00:00Z,0.11776412029975078
2025-09-28T19:00:00Z,0.13454579203669262
2025-09-28T20:00:00Z,0.14903540750484717
2025-09-28T21:00:00Z,0.16096932958630894
2025-09-28T22:00:00Z,0.17994098587429766
2025-09-28T23:00:00Z,0.16357566771318888
2025-09-29T00:00:00Z,0.17305323865678898
2025-09-29T01:00:00Z,0.19820197139078646
2025-09-29T02:00:00Z,0.19734670743199192
2025-09-29T03:00:00Z,0.20595605913641082
2025-09-29T04:00:00Z,0.2218327391030518
2025-09-29T05:00:00Z,0.2634564037378899
2025-09-29T06:00:00Z,0.2898998517461707
2025-09-29T07:00:00Z,0.3011608515871831
2025-09-29T08:00:00Z,0.24065338054776184
2025-09-29T09:00:00Z,0.21082798313446854
2025-09-29T10:00:00Z,0.22148499306671382
2025-09-29T11:00:00Z,0.1396944480452527
2025-09-29T12:00:00Z,0.10339871238628034
2025-09-29T13:00:00Z,0.08712270106389547
2025-09-29T14:00:00Z,0.06670946186077695
2025-09-29T15:00:00Z,0.0892284108946476
2025-09-29T16:00:00Z,0.13409494576609066
2025-09-29T17:00:00Z,0.17102824522929852
2025-09-29T18:00:00Z,0.20159058862465148
2025-09-29T19:00:00Z,0.2006552226529809
2025-09-29T20:00:00Z,0.21800430156670939
2025-09-29T21:00:00Z,0.22909699989763319
2025-09-29T22:00:00Z,0.25327833891722346
2025-09-29T23:00:00Z,0.20898200621428725
2025-09-30T00:00:00Z,0.1830188567822568
2025-09-30T01:00:00Z,0.174960099526747
2025-09-30T02:00:00Z,0.20371966047984463
2025-09-30T03:00:00Z,0.22990306915350697
2025-09-30T04:00:00Z,0.22464784851779399
2025-09-30T05:00:00Z,0.23910116929705094
2025-09-30T06:00:00Z,0.25298637585171807
2025-09-30T07:00:00Z,0.22780516606403275
2025-09-30T08:00:00Z,0.11859142244673204
2025-09-30T09:00:00Z,0.09225399058974436
2025-09-30T10:00:00Z,0.0829666887398631
2025-09-30T11:00:00Z,0.0732616336544337
2025-09-30T12:00:00Z,0.035115165739285026
2025-09-30T13:00:00Z,0.02105123170712615
2025-09-30T14:00:00Z,0.009389356811908847
2025-09-30T15:00:00Z,0.016734317158246546
2025-09-30T16:00:00Z,0.044977654159830745
2025-09-30T17:00:00Z,0.0640933704001517
2025-09-30T18:00:00Z,0.0769618505041236
2025-09-30T19:00:00Z,0.10773336531077268
2025-09-30T20:00:00Z,0.14300741672262005
2025-09-30T21:00:00Z,0.1520387944979256
2025-09-30T22:00:00Z,0.14681613299254695
2025-09-30T23:00:00Z,0.12704955816654162
2025-10-01T00:00:00Z,0.10176422891492312
2025-10-01T01:00:00Z,0.10067178772252901
2025-10-01T02:00:00Z,0.10089044688172669
2025-10-01T03:00:00Z,0.09464336643785531
2025-10-01T04:00:00Z,0.10295029869674992
2025-10-01T05:00:00Z,0.1310668238887387
2025-10-01T06:00:00Z,0.14143918336394143
2025-10-01T07:00:00Z,0.09729372110076667
2025-10-01T08:00:00Z,0.06735201561999593
2025-10-01T09:00:00Z,0.0785554849911285
2025-10-01T10:00:00Z,0.03757645501731403
2025-10-01T11:00:00Z,0.04396669556316139
2025-10-01T12:00:00Z,0.03484062943123563
2025-10-01T13:00:00Z,0.01757240852122807
2025-10-01T14:00:00Z,0.001532346401055604
2025-10-01T15:00:00Z,0.001019376588085011
2025-10-01T16:00:00Z,0.001026069681058755
2025-10-01T17:00:00Z,0.0008253064421848072
2025-10-01T18:00:00Z,0.0005374911857152322
2025-10-01T19:00:00Z,0.0006746187369298451
2025-10-01T20:00:00Z,0.022492156633109016
2025-10-01T21:00:00Z,0.07968190290494474
2025-10-01T22:00:00Z,0.08103173243334591
2025-10-01T23:00:00Z,0.08684358596113993
2025-10-02T00:00:00Z,0.08857492505882875
2025-10-02T01:00:00Z,0.08531528266152022
2025-10-02T02:00:00Z,0.07295300574364978
2025-10-02T03:00:00Z,0.06393451248539977
2025-10-02T04:00:00Z,0.07172522309231591
2025-10-02T05:00:00Z,0.08818513872733978
2025-10-02T06:00:00Z,0.0951348043531008
2025-10-02T07:00:00Z,0.08069314029804835
2025-10-02T08:00:00Z,0.06423114246001616
2025-10-02T09:00:00Z,0.07160868873427688
2025-10-02T10:00:00Z,0.04427432031310642
2025-10-02T11:00:00Z,0.05980111361293111
2025-10-02T12:00:00Z,0.055774205793638884
2025-10-02T13:00:00Z,0.0535083789978078
2025-10-02T14:00:00Z,0.043070466681650724
2025-10-02T15:00:00Z,0.03136997709329745
2025-10-02T16:00:00Z,0.02982779433024911
2025-10-02T17:00:00Z,0.03675570938609065
2025-10-02T18:00:00Z,0.04286369179413217
2025-10-02T19:00:00Z,0.10635892361911016
2025-10-02T20:00:00Z,0.21065062418373406
2025-10-02T21:00:00Z,0.26310002323705883
2025-10-02T22:00:00Z,0.332236908533493
2025-10-02T23:00:00Z,0.3480917039507947
2025-10-03T00:00:00Z,0.3417598862009982
2025-10-03T01:00:00Z,0.35323571882037913
2025-10-03T02:00:00Z,0.3635688873388549
2025-10-03T03:00:00Z,0.36629612208669177
2025-10-03T04:00:00Z,0.38690702731174
2025-10-03T05:00:00Z,0.38672557284119685
2025-10-03T06:00:00Z,0.4126951648596072
2025-10-03T07:00:00Z,0.41992314192032715
2025-10-03T08:00:00Z,0.6215544705918565
2025-10-03T09:00:00Z,0.598016766725633
2025-10-03T10:00:00Z,0.616107702305278
2025-10-03T11:00:00Z,0.6533502018248433
2025-10-03T12:00:00Z,0.6876203444381798
2025-10-03T13:00:00Z,0.6984852805974503
2025-10-03T14:00:00Z,0.7158599123300239
2025-10-03T15:00:00Z,0.6383233166132812
2025-10-03T16:00:00Z,0.6815232885433715
2025-10-03T17:00:00Z,0.7566050417401872
2025-10-03T18:00:00Z,0.874847177788061
2025-10-03T19:00:00Z,0.9387902479488004
2025-10-03T20:00:00Z,0.980348702489189
2025-10-03T21:00:00Z,0.9969152633037559
2025-10-03T22:00:00Z,0.999624801650975
2025-10-03T23:00:00Z,1.0
2025-10-04T00:00:00Z,1.0
2025-10-04T01:00:00Z,1.0
2025-10-04T02:00:00Z,1.0
2025-10-04T03:00:00Z,1.0
2025-10-04T04:00:00Z,1.0
2025-10-04T05:00:00Z,1.0
2025-10-04T06:00:00Z,1.0
2025-10-04T07:00:00Z,1.0
2025-10-04T08:00:00Z,1.0
2025-10-04T09:00:00Z,1.0
2025-10-04T10:00:00Z,1.0
2025-10-04T11:00:00Z,1.0
2025-10-04T12:00:00Z,1.0
2025-10-04T13:00:00Z,1.0
2025-10-04T14:00:00Z,0.9789180311966109
2025-10-04T15:00:00Z,0.9002276433068349
2025-10-04T16:00:00Z,0.4837170812902211
2025-10-04T17:00:00Z,0.12410117696595314
2025-10-04T18:00:00Z,0.14520596275130995
2025-10-04T19:00:00Z,0.3221423395080715
2025-10-04T20:00:00Z,0.4928264039340411
2025-10-04T21:00:00Z,0.5488852839052256
2025-10-04T22:00:00Z,0.4879847036012282
2025-10-04T23:00:00Z,0.3825863740930668
2025-10-05T00:00:00Z,0.3348454270338524
2025-10-05T01:00:00Z,0.4640495450193868
2025-10-05T02:00:00Z,0.6719005155273613
2025-10-05T03:00:00Z,0.663426397963207
2025-10-05T04:00:00Z,0.6333962711260097
2025-10-05T05:00:00Z,0.6989908338156708
2025-10-05T06:00:00Z,0.60954639373639
2025-10-05T07:00:00Z,0.7400860619679086
2025-10-05T08:00:00Z,0.8068450681085154
2025-10-05T09:00:00Z,0.9179756166972171
2025-10-05T10:00:00Z,0.9914247417156697
2025-10-05T11:00:00Z,0.9372002229205899
2025-10-05T12:00:00Z,0.9614825046518708
2025-10-05T13:00:00Z,0.8808548482844826
2025-10-05T14:00:00Z,0.7107625301576043
2025-10-05T15:00:00Z,0.8400163149163914
2025-10-05T16:00:00Z,0.5930604205771881
2025-10-05T17:00:00Z,0.3202185863401287
2025-10-05T18:00:00Z,0.1275146140915984
2025-10-05T19:00:00Z,0.030831811457522368
2025-10-05T20:00:00Z,0.05082400531444687
2025-10-05T21:00:00Z,0.0972632793720594
2025-10-05T22:00:00Z,0.1658544897814707
2025-10-05T23:00:00Z,0.1430337219701757
2025-10-06T00:00:00Z,0.11923959082020977
2025-10-06T01:00:00Z,0.15980078335732584
2025-10-06T02:00:00Z,0.1540103318759701
2025-10-06T03:00:00Z,0.15462185272991508
2025-10-06T04:00:00Z,0.12526149626457714
2025-10-06T05:00:00Z,0.15455047037724537
2025-10-06T06:00:00Z,0.16434425983354123
2025-10-06T07:00:00Z,0.15176998058931998
2025-10-06T08:00:00Z,0.10608583366423402
2025-10-06T09:00:00Z,0.08182489779556366
2025-10-06T10:00:00Z,0.06330408976180567
2025-10-06T11:00:00Z,0.0844506292601083
2025-10-06T12:00:00Z,0.07982688875416892
2025-10-06T13:00:00Z,0.049674658169283285
2025-10-06T14:00:00Z,0.02678234733617045
2025-10-06T15:00:00Z,0.01739076680221803
2025-10-06T16:00:00Z,0.0013548288578876034
2025-10-06T17:00:00Z,0.00027997480893025774
2025-10-06T18:00:00Z,0.0
2025-10-06T19:00:00Z,0.0
2025-10-06T20:00:00Z,0.0
2025-10-06T21:00:00Z,0.000992002546078748
2025-10-06T22:00:00Z,0.02291872798445691
2025-10-06T23:00:00Z,0.05314811590334203
2025-10-07T00:00:00Z,0.0614605354888599
2025-10-07T01:00:00Z,0.07806266775860053
2025-10-07T02:00:00Z,0.07837203848847095
2025-10-07T03:00:00Z,0.07179739124075336
2025-10-07T04:00:00Z,0.07517644945609071
2025-10-07T05:00:00Z,0.08442014991740254
2025-10-07T06:00:00Z,0.13169288912049024
2025-10-07T07:00:00Z,0.1770569166590839
2025-10-07T08:00:00Z,0.24635414363632466
2025-10-07T09:00:00Z,0.2765294387915797
2025-10-07T10:00:00Z,0.3265179573563636
2025-10-07T11:00:00Z,0.28289529912917744
2025-10-07T12:00:00Z,0.37446203443656656
2025-10-07T13:00:00Z,0.39443204973804413
2025-10-07T14:00:00Z,0.38348565299323906
2025-10-07T15:00:00Z,0.35167092998887906
2025-10-07T16:00:00Z,0.3324024295984532
2025-10-07T17:00:00Z,0.2830132650261452
2025-10-07T18:00:00Z,0.29133916620944544
2025-10-07T19:00:00Z,0.29650908857660224
2025-10-07T20:00:00Z,0.31960757769805503
2025-10-07T21:00:00Z,0.3068816389578846
2025-10-07T22:00:00Z,0.30381837796897115
2025-10-07T23:00:00Z,0.3009853926208607
2025-10-08T00:00:00Z,0.3120881344894666
2025-10-08T01:00:00Z,0.35338917698218003
2025-10-08T02:00:00Z,0.36180620770016547
2025-10-08T03:00:00Z,0.3186372115770606
2025-10-08T04:00:00Z,0.265321293646017
2025-10-08T05:00:00Z,0.2732158450241792
2025-10-08T06:00:00Z,0.3618567845403661
2025-10-08T07:00:00Z,0.46372275129101775
2025-10-08T08:00:00Z,0.36431874707216777
2025-10-08T09:00:00Z,0.36403408552650907
2025-10-08T10:00:00Z,0.37485648421182205
2025-10-08T11:00:00Z,0.3885476638890538
2025-10-08T12:00:00Z,0.42518665226587116
2025-10-08T13:00:00Z,0.4076321409332452
2025-10-08T14:00:00Z,0.40729838855034634
2025-10-08T15:00:00Z,0.33834605463259143
2025-10-08T16:00:00Z,0.25796639981068586
2025-10-08T17:00:00Z,0.258118463578719
2025-10-08T18:00:00Z,0.3132343568488044
2025-10-08T19:00:00Z,0.3315684518303837
2025-10-08T20:00:00Z,0.3154501924819854
2025-10-08T21:00:00Z,0.3016253239910851
2025-10-08T22:00:00Z,0.27015610150188346
2025-10-08T23:00:00Z,0.26689074104615823
2025-10-09T00:00:00Z,0.28146356183515786
2025-10-09T01:00:00Z,0.3099484374384633
2025-10-09T02:00:00Z,0.30630823149093
2025-10-09T03:00:00Z,0.2796056110414148
2025-10-09T04:00:00Z,0.285903684989744
2025-10-09T05:00:00Z,0.3316974592275724
2025-10-09T06:00:00Z,0.46399926074861625
2025-10-09T07:00:00Z,0.40136868217503635
2025-10-09T08:00:00Z,0.4540135651827221
2025-10-09T09:00:00Z,0.7304714243979576
2025-10-09T10:00:00Z,0.5261448205953411
2025-10-09T11:00:00Z,0.8620978209202885
2025-10-09T12:00:00Z,0.9480239353849655
2025-10-09T13:00:00Z,0.9759617375399736
2025-10-09T14:00:00Z,0.916910453115389
2025-10-09T15:00:00Z,0.92144902426921
2025-10-09T16:00:00Z,0.9149806983861822
2025-10-09T17:00:00Z,0.9345369639642229
2025-10-09T18:00:00Z,0.9754529452558367
2025-10-09T19:00:00Z,0.9922459695866671
2025-10-09T20:00:00Z,0.9968558307529033
2025-10-09T21:00:00Z,0.989278738675476
2025-10-09T22:00:00Z,0.969793806101095
2025-10-09T23:00:00Z,0.917253860297861
2025-10-10T00:00:00Z,0.8586896947832274
2025-10-10T01:00:00Z,0.8617790959270006
2025-10-10T02:00:00Z,0.8201025864030757
2025-10-10T03:00:00Z,0.8273451786929813
2025-10-10T04:00:00Z,0.717488187757358
2025-10-10T05:00:00Z,0.586179078013429
2025-10-10T06:00:00Z,0.525618151602233
2025-10-10T07:00:00Z,0.5355799951957897
2025-10-10T08:00:00Z,0.4309201834063836
2025-10-10T09:00:00Z,0.6397189689072682
2025-10-10T10:00:00Z,0.5106650772460043
2025-10-10T11:00:00Z,0.7304964244772533
2025-10-10T12:00:00Z,0.9503210400860502
2025-10-10T13:00:00Z,0.9917417083298715
2025-10-10T14:00:00Z,0.9910127830056055
2025-10-10T15:00:00Z,0.9828029601268555
2025-10-10T16:00:00Z,0.9837319110357484
2025-10-10T17:00:00Z,0.9862151726636328
2025-10-10T18:00:00Z,0.9968186866083525
2025-10-10T19:00:00Z,0.9986298603776571
2025-10-10T20:00:00Z,0.9993816169788705
2025-10-10T21:00:00Z,0.999221400308903
2025-10-10T22:00:00Z,0.9967667111113724
2025-10-10T23:00:00Z,0.9975625008926082
2025-10-11T00:00:00Z,0.9977309272449554
2025-10-11T01:00:00Z,0.9967767125229079
2025-10-11T02:00:00Z,0.9851874377564075
2025-10-11T03:00:00Z,0.9753461841448468
2025-10-11T04:00:00Z,0.9212778492741627
2025-10-11T05:00:00Z,0.8720949343129034
2025-10-11T06:00:00Z,0.8413419773391873
2025-10-11T07:00:00Z,0.7083955297227029
2025-10-11T08:00:00Z,0.4754033246088257
2025-10-11T09:00:00Z,0.3907776689326198
2025-10-11T10:00:00Z,0.3086415624004473
2025-10-11T11:00:00Z,0.30345356560803227
2025-10-11T12:00:00Z,0.23660635585296824
2025-10-11T13:00:00Z,0.29594946658713667
2025-10-11T14:00:00Z,0.2802363654986324
2025-10-11T15:00:00Z,0.25693415705824457
2025-10-11T16:00:00Z,0.3742914583395436
2025-10-11T17:00:00Z,0.41657449067320285
2025-10-11T18:00:00Z,0.4132166570224808
2025-10-11T19:00:00Z,0.3891344748202278
2025-10-11T20:00:00Z,0.4123304470611246
2025-10-11T21:00:00Z,0.47684511230979343
2025-10-11T22:00:00Z,0.5869205834226996
2025-10-11T23:00:00Z,0.65654964527942
2025-10-12T00:00:00Z,0.7234820388525017
2025-10-12T01:00:00Z,0.7640698732609735
2025-10-12T02:00:00Z,0.6075419089245513
2025-10-12T03:00:00Z,0.5670235211780638
2025-10-12T04:00:00Z,0.4261349287449157
2025-10-12T05:00:00Z,0.33316502369084217
2025-10-12T06:00:00Z,0.2723347479163735
2025-10-12T07:00:00Z,0.2281194411891581
2025-10-12T08:00:00Z,0.20709016224682356
2025-10-12T09:00:00Z,0.12379339823324041
2025-10-12T10:00:00Z,0.0950556835118049
2025-10-12T11:00:00Z,0.08357253625176621
2025-10-12T12:00:00Z,0.076885374402131
2025-10-12T13:00:00Z,0.05296815217153397
2025-10-12T14:00:00Z,0.04067661105580467
2025-10-12T15:00:00Z,0.06053743870846736
2025-10-12T16:00:00Z,0.08623476437296508
2025-10-12T17:00:00Z,0.11089567028935783
2025-10-12T18:00:00Z,0.1238336461097371
2025-10-12T19:00:00Z,0.11672339975983756
2025-10-12T20:00:00Z,0.11426792851966985
2025-10-12T21:00:00Z,0.10836234415772249
2025-10-12T22:00:00Z,0.08730084458667002
2025-10-12T23:00:00Z,0.08416756335178183
2025-10-13T00:00:00Z,0.10996539229051144
2025-10-13T01:00:00Z,0.10067438051734114
2025-10-13T02:00:00Z,0.06229525050982584
2025-10-13T03:00:00Z,0.04618071619563049
2025-10-13T04:00:00Z,0.01668985343140646
2025-10-13T05:00:00Z,0.0007572399291435047
2025-10-13T06:00:00Z,0.0
2025-10-13T07:00:00Z,0.0
2025-10-13T08:00:00Z,0.0
2025-10-13T09:00:00Z,0.0
2025-10-13T10:00:00Z,0.0002538212453349036
2025-10-13T11:00:00Z,0.0012458318670905885
2025-10-13T12:00:00Z,0.0156603455251462
2025-10-13T13:00:00Z,0.03285143645581835
2025-10-13T14:00:00Z,0.04261769700910898
2025-10-13T15:00:00Z,0.06740886516633818
2025-10-13T16:00:00Z,0.08760479815246364
2025-10-13T17:00:00Z,0.05504049186667468
2025-10-13T18:00:00Z,0.010792689378792917
2025-10-13T19:00:00Z,0.0006455342059688211
2025-10-13T20:00:00Z,0.0
2025-10-13T21:00:00Z,0.0
2025-10-13T22:00:00Z,0.0
2025-10-13T23:00:00Z,0.0
2025-10-14T00:00:00Z,0.0013300677054239858
2025-10-14T01:00:00Z,0.010263410655309597
2025-10-14T02:00:00Z,0.023428871345708133
2025-10-14T03:00:00Z,0.019936498884180823
2025-10-14T04:00:00Z,0.0043866468451970635
2025-10-14T05:00:00Z,0.0009069664276003835
2025-10-14T06:00:00Z,0.0004859144533445204
2025-10-14T07:00:00Z,6.191111149046737e-05
2025-10-14T08:00:00Z,0.00020502973955822766
2025-10-14T09:00:00Z,0.0
2025-10-14T10:00:00Z,0.0006013082394986273
2025-10-14T11:00:00Z,0.0011616263812270447
2025-10-14T12:00:00Z,0.0014680949026641625
2025-10-14T13:00:00Z,0.0013176508274819418
2025-10-14T14:00:00Z,0.0008539902969096082
2025-10-14T15:00:00Z,0.001174131541816352
2025-10-14T16:00:00Z,0.0045559437383572154
2025-10-14T17:00:00Z,0.02001804590336512
2025-10-14T18:00:00Z,0.027997546373459897
2025-10-14T19:00:00Z,0.04534837657813172
2025-10-14T20:00:00Z,0.06276876013438852
2025-10-14T21:00:00Z,0.05549867237894943
2025-10-14T22:00:00Z,0.0806689833768033
2025-10-14T23:00:00Z,0.07775215621480984
2025-10-15T00:00:00Z,0.07377329691492748
2025-10-15T01:00:00Z,0.057978499988553533
2025-10-15T02:00:00Z,0.05268820718738959
2025-10-15T03:00:00Z,0.0621641867021339
2025-10-15T04:00:00Z,0.07796677667144832
2025-10-15T05:00:00Z,0.07550601020398506
2025-10-15T06:00:00Z,0.06878600964817483
2025-10-15T07:00:00Z,0.06304592402440519
2025-10-15T08:00:00Z,0.06676692694536258
2025-10-15T09:00:00Z,0.0812666339327312
2025-10-15T10:00:00Z,0.13990845345779235
2025-10-15T11:00:00Z,0.13514723121632563
2025-10-15T12:00:00Z,0.08808330571141594
2025-10-15T13:00:00Z,0.06071806417898748
2025-10-15T14:00:00Z,0.06064951446206517
2025-10-15T15:00:00Z,0.05575568944269865
2025-10-15T16:00:00Z,0.04000583358139198
2025-10-15T17:00:00Z,0.03966329203344193
2025-10-15T18:00:00Z,0.04159567338899471
2025-10-15T19:00:00Z,0.05715244216334516
2025-10-15T20:00:00Z,0.0682389594026085
2025-10-15T21:00:00Z,0.06744876621932805
2025-10-15T22:00:00Z,0.11798297589369613
2025-10-15T23:00:00Z,0.12079870577477035
2025-10-16T00:00:00Z,0.1105598236044412
2025-10-16T01:00:00Z,0.11389401425184842
2025-10-16T02:00:00Z,0.1433496635068681
2025-10-16T03:00:00Z,0.15045643444162027
2025-10-16T04:00:00Z,0.17163027594451963
2025-10-16T05:00:00Z,0.18950544401408426
2025-10-16T06:00:00Z,0.16720466190441588
2025-10-16T07:00:00Z,0.11731219777707076
2025-10-16T08:00:00Z,0.059638903666075806
2025-10-16T09:00:00Z,0.018209533120882113
2025-10-16T10:00:00Z,0.05041357472559461
2025-10-16T11:00:00Z,0.054806566125123475
2025-10-16T12:00:00Z,0.0842292583992502
2025-10-16T13:00:00Z,0.09156782274305418
2025-10-16T14:00:00Z,0.08119056983364746
2025-10-16T15:00:00Z,0.1116647612726072
2025-10-16T16:00:00Z,0.15796066310406776
2025-10-16T17:00:00Z,0.14527500676634908
2025-10-16T18:00:00Z,0.095778261165695
2025-10-16T19:00:00Z,0.11040064105633102
2025-10-16T20:00:00Z,0.1875098569151896
2025-10-16T21:00:00Z,0.2624721828148765
2025-10-16T22:00:00Z,0.2881877642089723
2025-10-16T23:00:00Z,0.18743549629031162
2025-10-17T00:00:00Z,0.10796951717972075
2025-10-17T01:00:00Z,0.06214788765561026
2025-10-17T02:00:00Z,0.06322150941700058
2025-10-17T03:00:00Z,0.0638713043142228
2025-10-17T04:00:00Z,0.05309318530925353
2025-10-17T05:00:00Z,0.03462597597157834
2025-10-17T06:00:00Z,0.018439261564378525
2025-10-17T07:00:00Z,0.015929478723105635
2025-10-17T08:00:00Z,0.0010689829187815398
2025-10-17T09:00:00Z,0.00026204482024856456
2025-10-17T10:00:00Z,0.0
2025-10-17T11:00:00Z,0.0013230596620152956
2025-10-17T12:00:00Z,0.049066575025647104
2025-10-17T13:00:00Z,0.09774752636585043
2025-10-17T14:00:00Z,0.13869825517124604
2025-10-17T15:00:00Z,0.14222638469780788
2025-10-17T16:00:00Z,0.14147414675318146
2025-10-17T17:00:00Z,0.1525863682545291
2025-10-17T18:00:00Z,0.23219305839658363
2025-10-17T19:00:00Z,0.2611356761701961
2025-10-17T20:00:00Z,0.22347140879864708
2025-10-17T21:00:00Z,0.1861503704339633
2025-10-17T22:00:00Z,0.1683353522800277
2025-10-17T23:00:00Z,0.163363390932298
2025-10-18T00:00:00Z,0.14216192707745834
2025-10-18T01:00:00Z,0.11016243451173079
2025-10-18T02:00:00Z,0.08336787784773601
2025-10-18T03:00:00Z,0.07209456657429639
2025-10-18T04:00:00Z,0.06286295903695725
2025-10-18T05:00:00Z,0.05178818772871329
2025-10-18T06:00:00Z,0.02285755773995677
2025-10-18T07:00:00Z,0.0011073040434600619
2025-10-18T08:00:00Z,0.0
2025-10-18T09:00:00Z,0.0
2025-10-18T10:00:00Z,0.0
2025-10-18T11:00:00Z,0.0
2025-10-18T12:00:00Z,0.0
2025-10-18T13:00:00Z,0.00032939902605397275
2025-10-18T14:00:00Z,0.009379881787398386
2025-10-18T15:00:00Z,0.0741939127793828
2025-10-18T16:00:00Z,0.1500265742906965
2025-10-18T17:00:00Z,0.20459527395892002
2025-10-18T18:00:00Z,0.2215029648056717
2025-10-18T19:00:00Z,0.20740290380354603
2025-10-18T20:00:00Z,0.2215705746022613
2025-10-18T21:00:00Z,0.25286152712115234
2025-10-18T22:00:00Z,0.3119091431545768
2025-10-18T23:00:00Z,0.2880126187734255
2025-10-19T00:00:00Z,0.25693434199661697
2025-10-19T01:00:00Z,0.2302253221156051
2025-10-19T02:00:00Z,0.20607684998564074
2025-10-19T03:00:00Z,0.18472763482625829
2025-10-19T04:00:00Z,0.17354292451162043
2025-10-19T05:00:00Z,0.15966858224263686
2025-10-19T06:00:00Z,0.15151175369642986
2025-10-19T07:00:00Z,0.1600386970040814
2025-10-19T08:00:00Z,0.13772592260112934
2025-10-19T09:00:00Z,0.11048254508046469
2025-10-19T10:00:00Z,0.09761934709081016
2025-10-19T11:00:00Z,0.10961651955397061
2025-10-19T12:00:00Z,0.11027432248445897
2025-10-19T13:00:00Z,0.1259522422780715
2025-10-19T14:00:00Z,0.12557070264077663
2025-10-19T15:00:00Z,0.12335138330070633
2025-10-19T16:00:00Z,0.16365031249563583
2025-10-19T17:00:00Z,0.24322354547749667
2025-10-19T18:00:00Z,0.3029735596449019
2025-10-19T19:00:00Z,0.36272848065885444
2025-10-19T20:00:00Z,0.3607740547102494
2025-10-19T21:00:00Z,0.34985196569034965
2025-10-19T22:00:00Z,0.4053577821699132
2025-10-19T23:00:00Z,0.4371052376527224
2025-10-20T00:00:00Z,0.4886706895858005
2025-10-20T01:00:00Z,0.47239662265985854
2025-10-20T02:00:00Z,0.4899066084182862
2025-10-20T03:00:00Z,0.5194844130571413
2025-10-20T04:00:00Z,0.56341585471564
2025-10-20T05:00:00Z,0.6127612159949464
2025-10-20T06:00:00Z,0.6609229563375604
2025-10-20T07:00:00Z,0.7420386130313075
2025-10-20T08:00:00Z,0.7718203945931635
2025-10-20T09:00:00Z,0.6668514328947002
2025-10-20T10:00:00Z,0.5139859597632456
2025-10-20T11:00:00Z,0.6178929019218192
2025-10-20T12:00:00Z,0.6452919895459979
2025-10-20T13:00:00Z,0.5437216434351874
2025-10-20T14:00:00Z,0.689998328984291
2025-10-20T15:00:00Z,0.808827742250215
2025-10-20T16:00:00Z,0.8991080166300428
2025-10-20T17:00:00Z,0.9377958200946941
2025-10-20T18:00:00Z,0.945314604165222
2025-10-20T19:00:00Z,0.9398669163468367
2025-10-20T20:00:00Z,0.9113756961138375
2025-10-20T21:00:00Z,0.9010884126655555
2025-10-20T22:00:00Z,0.8541479153687936
2025-10-20T23:00:00Z,0.8505960475269426
2025-10-21T00:00:00Z,0.7667384947765764
2025-10-21T01:00:00Z,0.6980069498232607
2025-10-21T02:00:00Z,0.6742975225251234
2025-10-21T03:00:00Z,0.7168336179745501
2025-10-21T04:00:00Z,0.7595445498114923
2025-10-21T05:00:00Z,0.7407692847597112
2025-10-21T06:00:00Z,0.7192134305980482
2025-10-21T07:00:00Z,0.7039022813961671
2025-10-21T08:00:00Z,0.696080489348395
2025-10-21T09:00:00Z,0.7353718424493284
2025-10-21T10:00:00Z,0.5900275068566724
2025-10-21T11:00:00Z,0.5273192193995286
2025-10-21T12:00:00Z,0.5511425844344144
2025-10-21T13:00:00Z,0.6565348809409022
2025-10-21T14:00:00Z,0.779905963848052
2025-10-21T15:00:00Z,0.7911262430971817
2025-10-21T16:00:00Z,0.8556570133951645
2025-10-21T17:00:00Z,0.9045790263026432
2025-10-21T18:00:00Z,0.919750262674624
2025-10-21T19:00:00Z,0.9108138117811236
2025-10-21T20:00:00Z,0.8959161498592171
2025-10-21T21:00:00Z,0.8429794193001395
2025-10-21T22:00:00Z,0.7012122343614874
2025-10-21T23:00:00Z,0.6845639898330631
2025-10-22T00:00:00Z,0.7283931952077608
2025-10-22T01:00:00Z,0.7592957517536794
2025-10-22T02:00:00Z,0.7753378896284214
2025-10-22T03:00:00Z,0.8413197020528602
2025-10-22T04:00:00Z,0.7961131940498941
2025-10-22T05:00:00Z,0.7659241129201565
2025-10-22T06:00:00Z,0.8262266970888884
2025-10-22T07:00:00Z,0.7718068644693837
2025-10-22T08:00:00Z,0.8087017972219042
2025-10-22T09:00:00Z,0.8425198630579578
2025-10-22T10:00:00Z,0.7421828751086816
2025-10-22T11:00:00Z,0.6610821917131747
2025-10-22T12:00:00Z,0.435338753787187
2025-10-22T13:00:00Z,0.42659558900303846
2025-10-22T14:00:00Z,0.48984032978851005
2025-10-22T15:00:00Z,0.5916686525847968
2025-10-22T16:00:00Z,0.5550163936451089
2025-10-22T17:00:00Z,0.4497877718868021
2025-10-22T18:00:00Z,0.40980549881814266
2025-10-22T19:00:00Z,0.3733845127736627
2025-10-22T20:00:00Z,0.34133544776643
2025-10-22T21:00:00Z,0.24255815181925852
2025-10-22T22:00:00Z,0.2257624309171667
2025-10-22T23:00:00Z,0.16100021042818735
2025-10-23T00:00:00Z,0.09183296963777005
2025-10-23T01:00:00Z,0.05240448370599553
2025-10-23T02:00:00Z,0.032423271758089386
2025-10-23T03:00:00Z,0.06127286715955137
2025-10-23T04:00:00Z,0.09500406314022997
2025-10-23T05:00:00Z,0.1607535455042885
2025-10-23T06:00:00Z,0.17554496066646758
2025-10-23T07:00:00Z,0.2016589995340489
2025-10-23T08:00:00Z,0.3480679829563449
2025-10-23T09:00:00Z,0.44220446733271845
2025-10-23T10:00:00Z,0.3637124444676868
2025-10-23T11:00:00Z,0.44505578268763085
2025-10-23T12:00:00Z,0.5510799476725771
2025-10-23T13:00:00Z,0.7323133674122062
2025-10-23T14:00:00Z,0.8811355342132068
2025-10-23T15:00:00Z,0.9477246520584459
2025-10-23T16:00:00Z,0.9744016918376509
2025-10-23T17:00:00Z,0.983400909756597
2025-10-23T18:00:00Z,0.9891880544798722
2025-10-23T19:00:00Z,0.9950700991248036
2025-10-23T20:00:00Z,0.9963514332962056
2025-10-23T21:00:00Z,0.98237750752658
2025-10-23T22:00:00Z,0.8631844252685007
2025-10-23T23:00:00Z,0.741030960745559
2025-10-24T00:00:00Z,0.6609983793668107
2025-10-24T01:00:00Z,0.4988326874602916
2025-10-24T02:00:00Z,0.3740262517436846
2025-10-24T03:00:00Z,0.36076859043186793
2025-10-24T04:00:00Z,0.4039957113516425
2025-10-24T05:00:00Z,0.4747598981687435
2025-10-24T06:00:00Z,0.4772965259010974
2025-10-24T07:00:00Z,0.4757365909268278
2025-10-24T08:00:00Z,0.44155223294750395
2025-10-24T09:00:00Z,0.40744869071312007
2025-10-24T10:00:00Z,0.2877106118493343
2025-10-24T11:00:00Z,0.3538471684607207
2025-10-24T12:00:00Z,0.4123392831719789
2025-10-24T13:00:00Z,0.4491693357821465
2025-10-24T14:00:00Z,0.4306359182442673
2025-10-24T15:00:00Z,0.4724525149024384
2025-10-24T16:00:00Z,0.4282119586621634
2025-10-24T17:00:00Z,0.3782977323915069
2025-10-24T18:00:00Z,0.2900897323051435
2025-10-24T19:00:00Z,0.41051991499426965
2025-10-24T20:00:00Z,0.5719242187160847
2025-10-24T21:00:00Z,0.8314720017958582
2025-10-24T22:00:00Z,0.9707607157856555
2025-10-24T23:00:00Z,0.9973579689495863
2025-10-25T00:00:00Z,0.9972608585614066
2025-10-25T01:00:00Z,0.9969136279600804
2025-10-25T02:00:00Z,0.9972389580426936
2025-10-25T03:00:00Z,0.9990418224698213
2025-10-25T04:00:00Z,0.9974452343341438
2025-10-25T05:00:00Z,0.9853353699606106
2025-10-25T06:00:00Z,0.9525493165422112
2025-10-25T07:00:00Z,0.9541896951278503
2025-10-25T08:00:00Z,0.9159572078499453
2025-10-25T09:00:00Z,0.8554948629215039
2025-10-25T10:00:00Z,0.6008728742573922
2025-10-25T11:00:00Z,0.7768798721134613
2025-10-25T12:00:00Z,0.6355630894138419
2025-10-25T13:00:00Z,0.5362268632297973
2025-10-25T14:00:00Z,0.5875637972677681
2025-10-25T15:00:00Z,0.5832687967374441
2025-10-25T16:00:00Z,0.5699055041276508
2025-10-25T17:00:00Z,0.5761284197928895
2025-10-25T18:00:00Z,0.5559027245878593
2025-10-25T19:00:00Z,0.5220399541179496
2025-10-25T20:00:00Z,0.45552199686940026
2025-10-25T21:00:00Z,0.40318588263789257
2025-10-25T22:00:00Z,0.47364235472930016
2025-10-25T23:00:00Z,0.32317715019649784
2025-10-26T00:00:00Z,0.12425911244557525
2025-10-26T01:00:00Z,0.06770716130155394
2025-10-26T02:00:00Z,0.06265253197754245
2025-10-26T03:00:00Z,0.11143224043493016
2025-10-26T04:00:00Z,0.24491358004777627
2025-10-26T05:00:00Z,0.38684752797206867
2025-10-26T06:00:00Z,0.4504220828431464
2025-10-26T07:00:00Z,0.42777140164214644
2025-10-26T08:00:00Z,0.3172829511264632
2025-10-26T09:00:00Z,0.30042403027513986
2025-10-26T10:00:00Z,0.36227775735417017
2025-10-26T11:00:00Z,0.19274603125144565
2025-10-26T12:00:00Z,0.3945995071506845
2025-10-26T13:00:00Z,0.5380113326820218
2025-10-26T14:00:00Z,0.4670421962496522
2025-10-26T15:00:00Z,0.3295497739917372
2025-10-26T16:00:00Z,0.2784194257361352
2025-10-26T17:00:00Z,0.24423464565006853
2025-10-26T18:00:00Z,0.16602970841263442
2025-10-26T19:00:00Z,0.09298843221454066
2025-10-26T20:00:00Z,0.07786312939550444
2025-10-26T21:00:00Z,0.004345034691944212
2025-10-26T22:00:00Z,0.09589022386843163
2025-10-26T23:00:00Z,0.11903368435602477
2025-10-27T00:00:00Z,0.07885436321232646
2025-10-27T01:00:00Z,0.04927636528157807
2025-10-27T02:00:00Z,0.01205114355039903
2025-10-27T03:00:00Z,0.0003750651524198503
2025-10-27T04:00:00Z,0.0
2025-10-27T05:00:00Z,0.0
2025-10-27T06:00:00Z,0.0
2025-10-27T07:00:00Z,0.0
2025-10-27T08:00:00Z,0.00013668852078502542
2025-10-27T09:00:00Z,0.0
2025-10-27T10:00:00Z,1.1555184214561237e-05
2025-10-27T11:00:00Z,0.0
2025-10-27T12:00:00Z,0.0
2025-10-27T13:00:00Z,0.0
2025-10-27T14:00:00Z,0.0011627924027807126
2025-10-27T15:00:00Z,0.028531040734381084
2025-10-27T16:00:00Z,0.06109816583027552
2025-10-27T17:00:00Z,0.08036666506342133
2025-10-27T18:00:00Z,0.08774195708994664
2025-10-27T19:00:00Z,0.09295795077370818
2025-10-27T20:00:00Z,0.09523039573649934
2025-10-27T21:00:00Z,0.08793784229598288
2025-10-27T22:00:00Z,0.05111235654223129
2025-10-27T23:00:00Z,0.04364809268043727
2025-10-28T00:00:00Z,0.01767253332930999
2025-10-28T01:00:00Z,0.013985241595261455
2025-10-28T02:00:00Z,0.001388178064299905
2025-10-28T03:00:00Z,0.023178278269302584
2025-10-28T04:00:00Z,0.11001703668406185
2025-10-28T05:00:00Z,0.16519646579325734
2025-10-28T06:00:00Z,0.22506033695192085
2025-10-28T07:00:00Z,0.3900978034184063
2025-10-28T08:00:00Z,0.45127646194173276
2025-10-28T09:00:00Z,0.46876712851633456
2025-10-28T10:00:00Z,0.43908424067211854
2025-10-28T11:00:00Z,0.47617831980588576
2025-10-28T12:00:00Z,0.36023618743905994
2025-10-28T13:00:00Z,0.2987058465042488
2025-10-28T14:00:00Z,0.2980836561663104
2025-10-28T15:00:00Z,0.3011262789525922
2025-10-28T16:00:00Z,0.3685426540444726
2025-10-28T17:00:00Z,0.32229644007165104
2025-10-28T18:00:00Z,0.2519008160563379
2025-10-28T19:00:00Z,0.28324643184662074
2025-10-28T20:00:00Z,0.33461166147234234
2025-10-28T21:00:00Z,0.3481237709602616
2025-10-28T22:00:00Z,0.3517088756151404
2025-10-28T23:00:00Z,0.310436743622621
2025-10-29T00:00:00Z,0.2596562683485858
2025-10-29T01:00:00Z,0.22663892484869463
2025-10-29T02:00:00Z,0.21253738421478743
2025-10-29T03:00:00Z,0.18178836825241582
2025-10-29T04:00:00Z,0.16635717119677218
2025-10-29T05:00:00Z,0.14918899521794204
2025-10-29T06:00:00Z,0.14370291937134475
2025-10-29T07:00:00Z,0.1454910719349238
2025-10-29T08:00:00Z,0.10410567660885114
2025-10-29T09:00:00Z,0.07860186093615468
2025-10-29T10:00:00Z,0.09898024574301088
2025-10-29T11:00:00Z,0.11145567627281637
2025-10-29T12:00:00Z,0.10058264203074406
2025-10-29T13:00:00Z,0.16200576325856111
2025-10-29T14:00:00Z,0.18289737658306465
2025-10-29T15:00:00Z,0.33273703207631605
2025-10-29T16:00:00Z,0.6262014128479967
2025-10-29T17:00:00Z,0.798250612284274
2025-10-29T18:00:00Z,0.6355429600019908
2025-10-29T19:00:00Z,0.43883745203601865
2025-10-29T20:00:00Z,0.2599543099315365
2025-10-29T21:00:00Z,0.22148808900659336
2025-10-29T22:00:00Z,0.12097195313913794
2025-10-29T23:00:00Z,0.05293386172989622
2025-10-30T00:00:00Z,0.012256776010759907
2025-10-30T01:00:00Z,0.03705951105928745
2025-10-30T02:00:00Z,0.023520849959022583
2025-10-30T03:00:00Z,0.03554676318711162
2025-10-30T04:00:00Z,0.059622115396527675
2025-10-30T05:00:00Z,0.03629438710757736
2025-10-30T06:00:00Z,0.0007343193506127386
2025-10-30T07:00:00Z,0.0
2025-10-30T08:00:00Z,0.01871965959859947
2025-10-30T09:00:00Z,0.12643084592881923
2025-10-30T10:00:00Z,0.2561003342949489
2025-10-30T11:00:00Z,0.557765678052874
2025-10-30T12:00:00Z,0.8072521611779854
2025-10-30T13:00:00Z,0.6284543151887428
2025-10-30T14:00:00Z,0.48899519748891485
2025-10-30T15:00:00Z,0.4707483713021922
2025-10-30T16:00:00Z,0.5979072562082455
2025-10-30T17:00:00Z,0.6817355206247084
2025-10-30T18:00:00Z,0.6214940575888152
2025-10-30T19:00:00Z,0.5294532556248697
2025-10-30T20:00:00Z,0.4869765977015308
2025-10-30T21:00:00Z,0.38268009262473396
2025-10-30T22:00:00Z,0.27240890683474667
2025-10-30T23:00:00Z,0.2587725237184538
2025-10-31T00:00:00Z,0.21879136705057636
2025-10-31T01:00:00Z,0.16453966399862227
2025-10-31T02:00:00Z,0.10470544584564882
2025-10-31T03:00:00Z,0.07338830128964154
2025-10-31T04:00:00Z,0.05361160749039166
2025-10-31T05:00:00Z,0.0036297837856755603
2025-10-31T06:00:00Z,0.0007080939108445712
2025-10-31T07:00:00Z,0.0006491929724474498
2025-10-31T08:00:00Z,0.0
2025-10-31T09:00:00Z,0.0
2025-10-31T10:00:00Z,0.0
2025-10-31T11:00:00Z,0.0
2025-10-31T12:00:00Z,0.00013708873656137634
2025-10-31T13:00:00Z,0.0005539121089110231
2025-10-31T14:00:00Z,0.013046673059117008
2025-10-31T15:00:00Z,0.08458075495513394
2025-10-31T16:00:00Z,0.1402226274733969
2025-10-31T17:00:00Z,0.1778949706663523
2025-10-31T18:00:00Z,0.2504554803803945
2025-10-31T19:00:00Z,0.34221165670244114
2025-10-31T20:00:00Z,0.42490723558205473
2025-10-31T21:00:00Z,0.484951338203227
2025-10-31T22:00:00Z,0.510792228419261
2025-10-31T23:00:00Z,0.5216567646877086
2025-11-01T00:00:00Z,0.5866124078594008
2025-11-01T01:00:00Z,0.5318682947854777
2025-11-01T02:00:00Z,0.5577068559099533
2025-11-01T03:00:00Z,0.6120067997540988
2025-11-01T04:00:00Z,0.6233814277288803
2025-11-01T05:00:00Z,0.5752843420743936
2025-11-01T06:00:00Z,0.6374007192202226
2025-11-01T07:00:00Z,0.6830338574439829
2025-11-01T08:00:00Z,0.7162683764646227
2025-11-01T09:00:00Z,0.6641124042826939
2025-11-01T10:00:00Z,0.5743091604266674
2025-11-01T11:00:00Z,0.5951842559360541
2025-11-01T12:00:00Z,0.5610750943135526
2025-11-01T13:00:00Z,0.8345815863878145
2025-11-01T14:00:00Z,0.8710537482414095
2025-11-01T15:00:00Z,0.9462164067651813
2025-11-01T16:00:00Z,0.9358113401562109
2025-11-01T17:00:00Z,0.9728337033799446
2025-11-01T18:00:00Z,0.976219389788327
2025-11-01T19:00:00Z,0.9355963402743951
2025-11-01T20:00:00Z,0.7039192168956511
2025-11-01T21:00:00Z,0.29260268587969535
2025-11-01T22:00:00Z,0.2996753847707313
2025-11-01T23:00:00Z,0.4236597718302719
2025-11-02T00:00:00Z,0.5732157860398535
2025-11-02T01:00:00Z,0.5715472935222707
2025-11-02T02:00:00Z,0.4586847944335888
2025-11-02T03:00:00Z,0.39678630160772976
2025-11-02T04:00:00Z,0.34146355767817205
2025-11-02T05:00:00Z,0.3939589556486393
2025-11-02T06:00:00Z,0.37438237267064983
2025-11-02T07:00:00Z,0.2678049796300657
2025-11-02T08:00:00Z,0.3767626678669799
2025-11-02T09:00:00Z,0.32030723847909903
2025-11-02T10:00:00Z,0.47134842307371205
2025-11-02T11:00:00Z,0.6987349339979072
2025-11-02T12:00:00Z,0.7711083841870602
2025-11-02T13:00:00Z,0.550759304648546
2025-11-02T14:00:00Z,0.4901493929257805
2025-11-02T15:00:00Z,0.34539026542506707
2025-11-02T16:00:00Z,0.2528414611902021
2025-11-02T17:00:00Z,0.20021044441156088
2025-11-02T18:00:00Z,0.15645120364396062
2025-11-02T19:00:00Z,0.09539837002763656
2025-11-02T20:00:00Z,0.06853708996206379
2025-11-02T21:00:00Z,0.12201925547988629
2025-11-02T22:00:00Z,0.15256764219683702
2025-11-02T23:00:00Z,0.17721069819767513
2025-11-03T00:00:00Z,0.14286960612300545
2025-11-03T01:00:00Z,0.168096474083393
2025-11-03T02:00:00Z,0.1549446438826401
2025-11-03T03:00:00Z,0.16486592688788235
2025-11-03T04:00:00Z,0.1109497188659556
2025-11-03T05:00:00Z,0.10387453850087111
2025-11-03T06:00:00Z,0.13487826817361456
2025-11-03T07:00:00Z,0.1490346637767074
2025-11-03T08:00:00Z,0.15088761520295743
2025-11-03T09:00:00Z,0.17672641943242268
2025-11-03T10:00:00Z,0.1549147859541575
2025-11-03T11:00:00Z,0.1841392532531426
2025-11-03T12:00:00Z,0.2510328517966532
2025-11-03T13:00:00Z,0.5182623015863275
2025-11-03T14:00:00Z,0.44669258360025677
2025-11-03T15:00:00Z,0.43042735581638175
2025-11-03T16:00:00Z,0.5250687836581684
2025-11-03T17:00:00Z,0.7236069599868421
2025-11-03T18:00:00Z,0.9666790623033943
2025-11-03T19:00:00Z,0.9901171140346577
2025-11-03T20:00:00Z,0.9698963331380015
2025-11-03T21:00:00Z,0.7286649032735529
2025-11-03T22:00:00Z,0.6852614759633783
2025-11-03T23:00:00Z,0.8021276566120964
2025-11-04T00:00:00Z,0.8407161102388279
2025-11-04T01:00:00Z,0.8352634225162251
2025-11-04T02:00:00Z,0.8312809266230797
2025-11-04T03:00:00Z,0.9124944493808022
2025-11-04T04:00:00Z,0.9764181046808706
2025-11-04T05:00:00Z,0.9690877297561558
2025-11-04T06:00:00Z,0.9756133029952472
2025-11-04T07:00:00Z,0.968054384690011
2025-11-04T08:00:00Z,0.96871538972587
2025-11-04T09:00:00Z,0.9758215388025613
2025-11-04T10:00:00Z,0.9017862182715894
2025-11-04T11:00:00Z,0.8887118776191317
2025-11-04T12:00:00Z,0.9000405689895815
2025-11-04T13:00:00Z,0.8858993424327833
2025-11-04T14:00:00Z,0.875939634965039
2025-11-04T15:00:00Z,0.8753781033209729
2025-11-04T16:00:00Z,0.8640433985710765
2025-11-04T17:00:00Z,0.9064924470355231
2025-11-04T18:00:00Z,0.9689705621901888
2025-11-04T19:00:00Z,0.9551604206724764
2025-11-04T20:00:00Z,0.8655543579217119
2025-11-04T21:00:00Z,0.7996161528832362
2025-11-04T22:00:00Z,0.749543691141514
2025-11-04T23:00:00Z,0.7224538840637031
2025-11-05T00:00:00Z,0.6401402838307586
2025-11-05T01:00:00Z,0.7157563588575324
2025-11-05T02:00:00Z,0.7518596400408188
2025-11-05T03:00:00Z,0.7120398729185851
2025-11-05T04:00:00Z,0.6945160682156027
2025-11-05T05:00:00Z,0.7476409475202175
2025-11-05T06:00:00Z,0.6084581916705981
2025-11-05T07:00:00Z,0.5335289117563734
2025-11-05T08:00:00Z,0.5484696252574729
2025-11-05T09:00:00Z,0.4905848973955243
2025-11-05T10:00:00Z,0.3975529941067487
2025-11-05T11:00:00Z,0.3960569727835854
2025-11-05T12:00:00Z,0.41294897654247054
2025-11-05T13:00:00Z,0.434421460147827
2025-11-05T14:00:00Z,0.4110559919281704
2025-11-05T15:00:00Z,0.3977223308103342
2025-11-05T16:00:00Z,0.3995643155129792
2025-11-05T17:00:00Z,0.39220597371439575
2025-11-05T18:00:00Z,0.4015810197546984
2025-11-05T19:00:00Z,0.3787303788935389
2025-11-05T20:00:00Z,0.34078441610634946
2025-11-05T21:00:00Z,0.30681407182184306
2025-11-05T22:00:00Z,0.24127906896800164
2025-11-05T23:00:00Z,0.24518825456844096
2025-11-06T00:00:00Z,0.21735581582403898
2025-11-06T01:00:00Z,0.18441699661075805
2025-11-06T02:00:00Z,0.1914239218486938
2025-11-06T03:00:00Z,0.22468801142504544
2025-11-06T04:00:00Z,0.22531759493515519
2025-11-06T05:00:00Z,0.23143987385909404
2025-11-06T06:00:00Z,0.1824258139440296
2025-11-06T07:00:00Z,0.2449303787558894
2025-11-06T08:00:00Z,0.24566406296370571
2025-11-06T09:00:00Z,0.20457392393658336
2025-11-06T10:00:00Z,0.14828951124136575
2025-11-06T11:00:00Z,0.10221654213890242
2025-11-06T12:00:00Z,0.1343327054988819
2025-11-06T13:00:00Z,0.21619340943850093
2025-11-06T14:00:00Z,0.30831170905014127
2025-11-06T15:00:00Z,0.2806860678255968
2025-11-06T16:00:00Z,0.24930092286417838
2025-11-06T17:00:00Z,0.2743947097195299
2025-11-06T18:00:00Z,0.28876418089539113
2025-11-06T19:00:00Z,0.2788376596178086
2025-11-06T20:00:00Z,0.28452584474016834
2025-11-06T21:00:00Z,0.28110580102837746
2025-11-06T22:00:00Z,0.2851699257803434
2025-11-06T23:00:00Z,0.25775237483728064
2025-11-07T00:00:00Z,0.22685033718623684
2025-11-07T01:00:00Z,0.22050519487576561
2025-11-07T02:00:00Z,0.20016120858514183
2025-11-07T03:00:00Z,0.19528352252374626
2025-11-07T04:00:00Z,0.20351491759504792
2025-11-07T05:00:00Z,0.23482134399317986
2025-11-07T06:00:00Z,0.24777255219872307
2025-11-07T07:00:00Z,0.25703075243257034
2025-11-07T08:00:00Z,0.21563136974108138
2025-11-07T09:00:00Z,0.16695710293563473
2025-11-07T10:00:00Z,0.09643492299320193
2025-11-07T11:00:00Z,0.09698440714918892
2025-11-07T12:00:00Z,0.076499095748285
2025-11-07T13:00:00Z,0.06004853156307873
2025-11-07T14:00:00Z,0.056452732135888334
2025-11-07T15:00:00Z,0.04796099798690116
2025-11-07T16:00:00Z,0.03379965557816636
2025-11-07T17:00:00Z,0.02505970448113533
2025-11-07T18:00:00Z,0.019989974235806996
2025-11-07T19:00:00Z,0.01291832755915178
2025-11-07T20:00:00Z,0.0026092739366249183
2025-11-07T21:00:00Z,0.0012989062485539399
2025-11-07T22:00:00Z,8.761587562660159e-05
2025-11-07T23:00:00Z,0.00011169528033206464
2025-11-08T00:00:00Z,0.0
2025-11-08T01:00:00Z,0.0
2025-11-08T02:00:00Z,0.0
2025-11-08T03:00:00Z,0.0
2025-11-08T04:00:00Z,0.00015101778921364816
2025-11-08T05:00:00Z,0.0008013285835066804
2025-11-08T06:00:00Z,0.0011403718683485422
2025-11-08T07:00:00Z,0.001211210089841422
2025-11-08T08:00:00Z,0.00073586325803486
2025-11-08T09:00:00Z,0.0
2025-11-08T10:00:00Z,0.0
2025-11-08T11:00:00Z,0.0
2025-11-08T12:00:00Z,0.0
2025-11-08T13:00:00Z,0.0
2025-11-08T14:00:00Z,0.0
2025-11-08T15:00:00Z,0.0
2025-11-08T16:00:00Z,0.0
2025-11-08T17:00:00Z,0.0
2025-11-08T18:00:00Z,0.0001859252695404945
2025-11-08T19:00:00Z,0.0002707122197099671
2025-11-08T20:00:00Z,0.0009651266083283139
2025-11-08T21:00:00Z,0.0011566162190445976
2025-11-08T22:00:00Z,0.0009009930690254142
2025-11-08T23:00:00Z,0.0009468441741635784
2025-11-09T00:00:00Z,0.00047742680606875144
2025-11-09T01:00:00Z,0.0004274939666047029
2025-11-09T02:00:00Z,0.0012160858331167217
2025-11-09T03:00:00Z,0.0009467795598103052
2025-11-09T04:00:00Z,0.0005191537668548605
2025-11-09T05:00:00Z,0.0005771233749166377
2025-11-09T06:00:00Z,0.0008948880359411444
2025-11-09T07:00:00Z,0.0008237401807631787
2025-11-09T08:00:00Z,0.0004207254554947187
2025-11-09T09:00:00Z,0.0
2025-11-09T10:00:00Z,0.0
2025-11-09T11:00:00Z,0.0
2025-11-09T12:00:00Z,0.0
2025-11-09T13:00:00Z,0.0
2025-11-09T14:00:00Z,0.0
2025-11-09T15:00:00Z,0.0
2025-11-09T16:00:00Z,0.0
2025-11-09T17:00:00Z,0.0
2025-11-09T18:00:00Z,0.0
2025-11-09T19:00:00Z,0.0
2025-11-09T20:00:00Z,0.0
2025-11-09T21:00:00Z,0.0
2025-11-09T22:00:00Z,0.001360243162993708
2025-11-09T23:00:00Z,0.0014498802547721554
2025-11-10T00:00:00Z,0.001391615350660973
2025-11-10T01:00:00Z,0.008780480793589408
2025-11-10T02:00:00Z,0.033188654407953065
2025-11-10T03:00:00Z,0.031179770802922543
2025-11-10T04:00:00Z,0.019071658609490286
2025-11-10T05:00:00Z,0.03279932753834588
2025-11-10T06:00:00Z,0.05350701532525784
2025-11-10T07:00:00Z,0.06282976666017193
2025-11-10T08:00:00Z,0.06666550559383903
2025-11-10T09:00:00Z,0.07231621155910868
2025-11-10T10:00:00Z,0.05030305069070788
2025-11-10T11:00:00Z,0.047074069929883715
2025-11-10T12:00:00Z,0.043685723886943056
2025-11-10T13:00:00Z,0.0396656720114938
2025-11-10T14:00:00Z,0.03563238629931745
2025-11-10T15:00:00Z,0.03538028528714179
2025-11-10T16:00:00Z,0.027476169770060968
2025-11-10T17:00:00Z,0.030631542581761602
2025-11-10T18:00:00Z,0.03160255499103643
2025-11-10T19:00:00Z,0.03744997081273902
2025-11-10T20:00:00Z,0.0488021935859064
2025-11-10T21:00:00Z,0.04614283311400248
2025-11-10T22:00:00Z,0.02199719062842128
2025-11-10T23:00:00Z,0.03376075423062307
2025-11-11T00:00:00Z,0.04155145472752828
2025-11-11T01:00:00Z,0.06001411603359837
2025-11-11T02:00:00Z,0.07843639899346957
2025-11-11T03:00:00Z,0.07968359092766046
2025-11-11T04:00:00Z,0.07906359991372607
2025-11-11T05:00:00Z,0.08255283219354066
2025-11-11T06:00:00Z,0.08616004307369708
2025-11-11T07:00:00Z,0.09271726866435315
2025-11-11T08:00:00Z,0.09911653800277105
2025-11-11T09:00:00Z,0.0881195366158919
2025-11-11T10:00:00Z,0.05995604329796104
2025-11-11T11:00:00Z,0.09709853559640243
2025-11-11T12:00:00Z,0.09967439865106785
2025-11-11T13:00:00Z,0.10006783787509947
2025-11-11T14:00:00Z,0.11622473214547263
2025-11-11T15:00:00Z,0.13907147259626237
2025-11-11T16:00:00Z,0.16933449559635738
2025-11-11T17:00:00Z,0.2233309716615592
2025-11-11T18:00:00Z,0.27501095429311195
2025-11-11T19:00:00Z,0.17152306357229466
2025-11-11T20:00:00Z,0.13558125666821172
2025-11-11T21:00:00Z,0.1508204929810944
2025-11-11T22:00:00Z,0.18815421600973986
2025-11-11T23:00:00Z,0.2695634974771068
2025-11-12T00:00:00Z,0.29497877279836726
2025-11-12T01:00:00Z,0.33837790645857274
2025-11-12T02:00:00Z,0.4668957802259811
2025-11-12T03:00:00Z,0.509088448828722
2025-11-12T04:00:00Z,0.7316036534124236
2025-11-12T05:00:00Z,0.8927457230385446
2025-11-12T06:00:00Z,0.9771214673349705
2025-11-12T07:00:00Z,0.9980327944307343
2025-11-12T08:00:00Z,1.0
2025-11-12T09:00:00Z,1.0
2025-11-12T10:00:00Z,1.0
2025-11-12T11:00:00Z,1.0
2025-11-12T12:00:00Z,0.9998972791728207
2025-11-12T13:00:00Z,0.9984524225777707
2025-11-12T14:00:00Z,0.9961521620255347
2025-11-12T15:00:00Z,0.9852770549148289
2025-11-12T16:00:00Z,0.9869996059821754
2025-11-12T17:00:00Z,0.9891528575078883
2025-11-12T18:00:00Z,0.9729112002464466
2025-11-12T19:00:00Z,0.9549424311575931
2025-11-12T20:00:00Z,0.9679658614387803
2025-11-12T21:00:00Z,0.944926255971215
2025-11-12T22:00:00Z,0.8124088423386403
2025-11-12T23:00:00Z,0.7496103940688544
2025-11-13T00:00:00Z,0.7364485698442007
2025-11-13T01:00:00Z,0.775495279886263
2025-11-13T02:00:00Z,0.6674410827936107
2025-11-13T03:00:00Z,0.6244421119170549
2025-11-13T04:00:00Z,0.5062731690036499
2025-11-13T05:00:00Z,0.27500452417965143
2025-11-13T06:00:00Z,0.3303187120768203
2025-11-13T07:00:00Z,0.31376881599337075
2025-11-13T08:00:00Z,0.20879483957626618
2025-11-13T09:00:00Z,0.17108376461484276
2025-11-13T10:00:00Z,0.12121168786056782
2025-11-13T11:00:00Z,0.03535462254937211
2025-11-13T12:00:00Z,0.016203569055774962
2025-11-13T13:00:00Z,0.00033440414998340173
2025-11-13T14:00:00Z,0.0
2025-11-13T15:00:00Z,0.014256427517002847
2025-11-13T16:00:00Z,0.5798043929313289
2025-11-13T17:00:00Z,0.320093784369371
2025-11-13T18:00:00Z,0.15333966294633522
2025-11-13T19:00:00Z,0.2481077615209526
2025-11-13T20:00:00Z,0.23660328640001332
2025-11-13T21:00:00Z,0.10802687764939771
2025-11-13T22:00:00Z,0.009128281138500944
2025-11-13T23:00:00Z,0.004058716110030321
2025-11-14T00:00:00Z,0.0013049654539343766
2025-11-14T01:00:00Z,0.008069064036621498
2025-11-14T02:00:00Z,0.0007622480576371564
2025-11-14T03:00:00Z,0.0
2025-11-14T04:00:00Z,0.0
2025-11-14T05:00:00Z,0.0
2025-11-14T06:00:00Z,0.0
2025-11-14T07:00:00Z,0.0
2025-11-14T08:00:00Z,0.0
2025-11-14T09:00:00Z,0.0
2025-11-14T10:00:00Z,0.0
2025-11-14T11:00:00Z,0.0
2025-11-14T12:00:00Z,0.0
2025-11-14T13:00:00Z,0.0
2025-11-14T14:00:00Z,0.0009106825723461701
2025-11-14T15:00:00Z,0.04321206965544502
2025-11-14T16:00:00Z,0.08357563196618466
2025-11-14T17:00:00Z,0.1538361645091225
2025-11-14T18:00:00Z,0.19061530634418367
2025-11-14T19:00:00Z,0.231482790991155
2025-11-14T20:00:00Z,0.26674700944326163
2025-11-14T21:00:00Z,0.25556106583457455
2025-11-14T22:00:00Z,0.2790907319916755
2025-11-14T23:00:00Z,0.1867506197601185
2025-11-15T00:00:00Z,0.16612705421348356
2025-11-15T01:00:00Z,0.1312176874989759
2025-11-15T02:00:00Z,0.1302041276349342
2025-11-15T03:00:00Z,0.13889430587309903
2025-11-15T04:00:00Z,0.11520107195716052
2025-11-15T05:00:00Z,0.08179376929718964
2025-11-15T06:00:00Z,0.05595304784964647
2025-11-15T07:00:00Z,0.011421098600736816
2025-11-15T08:00:00Z,0.0005110230757726479
2025-11-15T09:00:00Z,0.0
2025-11-15T10:00:00Z,0.0001255036233618472
2025-11-15T11:00:00Z,6.273866549343822e-05
2025-11-15T12:00:00Z,0.0012411002267816887
2025-11-15T13:00:00Z,0.02021628144244048
2025-11-15T14:00:00Z,0.043145611538712283
2025-11-15T15:00:00Z,0.05854090878644013
2025-11-15T16:00:00Z,0.06993929551351857
2025-11-15T17:00:00Z,0.09520591446044083
2025-11-15T18:00:00Z,0.16018065364174097
2025-11-15T19:00:00Z,0.1834459124356819
2025-11-15T20:00:00Z,0.21467034843661972
2025-11-15T21:00:00Z,0.2763397307259155
2025-11-15T22:00:00Z,0.3712673912990978
2025-11-15T23:00:00Z,0.4346281403750329
2025-11-16T00:00:00Z,0.4686570190379036
2025-11-16T01:00:00Z,0.48321061328935
2025-11-16T02:00:00Z,0.5199664668182454
2025-11-16T03:00:00Z,0.4955679451510993
2025-11-16T04:00:00Z,0.46036791415823664
2025-11-16T05:00:00Z,0.4379738472835154
2025-11-16T06:00:00Z,0.4202122664098318
2025-11-16T07:00:00Z,0.37548476733293806
2025-11-16T08:00:00Z,0.33849707566291215
2025-11-16T09:00:00Z,0.29474066956925526
2025-11-16T10:00:00Z,0.2907820618052265
2025-11-16T11:00:00Z,0.29327557360667833
2025-11-16T12:00:00Z,0.3150125139827086
2025-11-16T13:00:00Z,0.29503119704023967
2025-11-16T14:00:00Z,0.3087991419266848
2025-11-16T15:00:00Z,0.2735020946064385
2025-11-16T16:00:00Z,0.2129212952630462
2025-11-16T17:00:00Z,0.1269019822632926
2025-11-16T18:00:00Z,0.08214207384589549
2025-11-16T19:00:00Z,0.05807596957955878
2025-11-16T20:00:00Z,0.039242024792297436
2025-11-16T21:00:00Z,0.03888070030271536
2025-11-16T22:00:00Z,0.07687606461895373
2025-11-16T23:00:00Z,0.07171204978965261
2025-11-17T00:00:00Z,0.07737623019710654
2025-11-17T01:00:00Z,0.07880484728535646
2025-11-17T02:00:00Z,0.10892917386475186
2025-11-17T03:00:00Z,0.13793445966903672
2025-11-17T04:00:00Z,0.1283431360478921
2025-11-17T05:00:00Z,0.12879114311758524
2025-11-17T06:00:00Z,0.17327060613707373
2025-11-17T07:00:00Z,0.21845903822559617
2025-11-17T08:00:00Z,0.17002955804938205
2025-11-17T09:00:00Z,0.17134735620991948
2025-11-17T10:00:00Z,0.1692517184818185
2025-11-17T11:00:00Z,0.087266747438986
2025-11-17T12:00:00Z,0.09152348008796435
2025-11-17T13:00:00Z,0.11441902205902206
2025-11-17T14:00:00Z,0.1722605097906623
2025-11-17T15:00:00Z,0.204138752991491
2025-11-17T16:00:00Z,0.16878419914112577
2025-11-17T17:00:00Z,0.11310337200103172
2025-11-17T18:00:00Z,0.05266043902866416
2025-11-17T19:00:00Z,0.001325145318208168
2025-11-17T20:00:00Z,0.0
2025-11-17T21:00:00Z,0.0
2025-11-17T22:00:00Z,0.00018092811949174252
2025-11-17T23:00:00Z,0.025602224634008505
2025-11-18T00:00:00Z,0.08315744336154889
2025-11-18T01:00:00Z,0.11975112370137651
2025-11-18T02:00:00Z,0.0915079941793577
2025-11-18T03:00:00Z,0.051962781899953625
2025-11-18T04:00:00Z,0.0015973869068562204
2025-11-18T05:00:00Z,0.00025438089086562597
2025-11-18T06:00:00Z,0.0
2025-11-18T07:00:00Z,0.0
2025-11-18T08:00:00Z,0.0
2025-11-18T09:00:00Z,0.0
2025-11-18T10:00:00Z,0.0
2025-11-18T11:00:00Z,0.0012948011348054716
2025-11-18T12:00:00Z,0.005677511549846303
2025-11-18T13:00:00Z,0.00034288875058751934
2025-11-18T14:00:00Z,0.0
2025-11-18T15:00:00Z,0.0
2025-11-18T16:00:00Z,0.0
2025-11-18T17:00:00Z,0.0
2025-11-18T18:00:00Z,0.0
2025-11-18T19:00:00Z,0.0
2025-11-18T20:00:00Z,0.0
2025-11-18T21:00:00Z,0.001030756520531135
2025-11-18T22:00:00Z,0.048264492977328016
2025-11-18T23:00:00Z,0.023294292003639555
2025-11-19T00:00:00Z,0.0009551835707771383
2025-11-19T01:00:00Z,0.0009002005471528578
2025-11-19T02:00:00Z,0.001447559510167992
2025-11-19T03:00:00Z,0.0007759414986193354
2025-11-19T04:00:00Z,0.0
2025-11-19T05:00:00Z,0.0
2025-11-19T06:00:00Z,0.0
2025-11-19T07:00:00Z,0.0
2025-11-19T08:00:00Z,0.0
2025-11-19T09:00:00Z,0.0
2025-11-19T10:00:00Z,0.000279291997275127
2025-11-19T11:00:00Z,0.017912543449567594
2025-11-19T12:00:00Z,0.017833181080595964
2025-11-19T13:00:00Z,0.03613046577840408
2025-11-19T14:00:00Z,0.04246476693448038
2025-11-19T15:00:00Z,0.07366605772713064
2025-11-19T16:00:00Z,0.09139416405594467
2025-11-19T17:00:00Z,0.10745142938188769
2025-11-19T18:00:00Z,0.09221804173707061
2025-11-19T19:00:00Z,0.08432391912823427
2025-11-19T20:00:00Z,0.10292528011135973
2025-11-19T21:00:00Z,0.14624700057361836
2025-11-19T22:00:00Z,0.34395019301997276
2025-11-19T23:00:00Z,0.308685922378816
2025-11-20T00:00:00Z,0.3306241459520592
2025-11-20T01:00:00Z,0.33144226389385434
2025-11-20T02:00:00Z,0.3276661965803719
2025-11-20T03:00:00Z,0.35776920727440903
2025-11-20T04:00:00Z,0.40031723198730673
2025-11-20T05:00:00Z,0.43978249558215016
2025-11-20T06:00:00Z,0.4542547541345854
2025-11-20T07:00:00Z,0.4845749246180195
2025-11-20T08:00:00Z,0.508371333483538
2025-11-20T09:00:00Z,0.5362392402182418
2025-11-20T10:00:00Z,0.5712943057269904
2025-11-20T11:00:00Z,0.5714101648058622
2025-11-20T12:00:00Z,0.5689824276577491
2025-11-20T13:00:00Z,0.49621292071317885
2025-11-20T14:00:00Z,0.46421697948864493
2025-11-20T15:00:00Z,0.505977751212779
2025-11-20T16:00:00Z,0.5765647893269217
2025-11-20T17:00:00Z,0.5830251455926652
2025-11-20T18:00:00Z,0.5841394986031376
2025-11-20T19:00:00Z,0.5618980977398755
2025-11-20T20:00:00Z,0.5453447629065741
2025-11-20T21:00:00Z,0.5068718015726007
2025-11-20T22:00:00Z,0.4766872962006897
2025-11-20T23:00:00Z,0.4320681953987057
2025-11-21T00:00:00Z,0.36699848834518717
2025-11-21T01:00:00Z,0.29748590224570276
2025-11-21T02:00:00Z,0.2717519688472409
2025-11-21T03:00:00Z,0.29792733975655394
2025-11-21T04:00:00Z,0.2854139598052802
2025-11-21T05:00:00Z,0.2797286956960528
2025-11-21T06:00:00Z,0.2675281910157985
2025-11-21T07:00:00Z,0.21594305100507158
2025-11-21T08:00:00Z,0.13974905536395169
2025-11-21T09:00:00Z,0.0722975857459853
2025-11-21T10:00:00Z,0.011930820287825002
2025-11-21T11:00:00Z,0.00031523349593414824
2025-11-21T12:00:00Z,0.0
2025-11-21T13:00:00Z,0.0
2025-11-21T14:00:00Z,0.0
2025-11-21T15:00:00Z,0.0
2025-11-21T16:00:00Z,0.005154835328152036
2025-11-21T17:00:00Z,0.08020944191055296
2025-11-21T18:00:00Z,0.11252730078718796
2025-11-21T19:00:00Z,0.14604157699209017
2025-11-21T20:00:00Z,0.23922401989968944
2025-11-21T21:00:00Z,0.324298782268051
2025-11-21T22:00:00Z,0.3732316169715392
2025-11-21T23:00:00Z,0.40178703331487803
2025-11-22T00:00:00Z,0.4543887309390494
2025-11-22T01:00:00Z,0.4480607017021776
2025-11-22T02:00:00Z,0.40490854063957843
2025-11-22T03:00:00Z,0.43348335062905036
2025-11-22T04:00:00Z,0.4803134264897073
2025-11-22T05:00:00Z,0.5259593016537434
2025-11-22T06:00:00Z,0.6033988879834974
2025-11-22T07:00:00Z,0.6432139389362955
2025-11-22T08:00:00Z,0.7108354482523203
2025-11-22T09:00:00Z,0.7628360997191432
2025-11-22T10:00:00Z,0.8300007104958272
2025-11-22T11:00:00Z,0.850944189286774
2025-11-22T12:00:00Z,0.8279563845525026
2025-11-22T13:00:00Z,0.8062515588572525
2025-11-22T14:00:00Z,0.8359406252420652
2025-11-22T15:00:00Z,0.8786597951640419
2025-11-22T16:00:00Z,0.9155391589515349
2025-11-22T17:00:00Z,0.9302437551741632
2025-11-22T18:00:00Z,0.9070473429281372
2025-11-22T19:00:00Z,0.9118224539115976
2025-11-22T20:00:00Z,0.9226518515274466
2025-11-22T21:00:00Z,0.9038303007143619
2025-11-22T22:00:00Z,0.8846652545754536
2025-11-22T23:00:00Z,0.919774179146311
2025-11-23T00:00:00Z,0.9394305554753131
2025-11-23T01:00:00Z,0.9089029920618268
2025-11-23T02:00:00Z,0.8796121085761992
2025-11-23T03:00:00Z,0.8474068049900524
2025-11-23T04:00:00Z,0.8161730325359586
2025-11-23T05:00:00Z,0.8083406284926813
2025-11-23T06:00:00Z,0.8028472615380566
2025-11-23T07:00:00Z,0.7933130210208708
2025-11-23T08:00:00Z,0.7570600502225989
2025-11-23T09:00:00Z,0.7206816427564974
2025-11-23T10:00:00Z,0.7056161199561795
2025-11-23T11:00:00Z,0.7053275174334439
2025-11-23T12:00:00Z,0.6963931478327099
2025-11-23T13:00:00Z,0.6311074813432197
2025-11-23T14:00:00Z,0.5632384712804235
2025-11-23T15:00:00Z,0.5275176947070482
2025-11-23T16:00:00Z,0.5252102318485727
2025-11-23T17:00:00Z,0.5580257161161831
2025-11-23T18:00:00Z,0.583411830288049
2025-11-23T19:00:00Z,0.5911870341843097
2025-11-23T20:00:00Z,0.5789966660214148
2025-11-23T21:00:00Z,0.5490826245170862
2025-11-23T22:00:00Z,0.4175369731888706
2025-11-23T23:00:00Z,0.44065285936874715
2025-11-24T00:00:00Z,0.45074105234474665
2025-11-24T01:00:00Z,0.503876826305807
2025-11-24T02:00:00Z,0.55776946756163
2025-11-24T03:00:00Z,0.5543827498203427
2025-11-24T04:00:00Z,0.5416313643343867
2025-11-24T05:00:00Z,0.5073130481248148
2025-11-24T06:00:00Z,0.47188733938608785
2025-11-24T07:00:00Z,0.4343308725229076
2025-11-24T08:00:00Z,0.3762379870540413
2025-11-24T09:00:00Z,0.29986594142315215
2025-11-24T10:00:00Z,0.2217332060334611
2025-11-24T11:00:00Z,0.17199808449124876
2025-11-24T12:00:00Z,0.16499570049267376
2025-11-24T13:00:00Z,0.22322392476980968
2025-11-24T14:00:00Z,0.2436099438410567
2025-11-24T15:00:00Z,0.28958750959218826
2025-11-24T16:00:00Z,0.32388379602254735
2025-11-24T17:00:00Z,0.33357575398540684
2025-11-24T18:00:00Z,0.33394250995639596
2025-11-24T19:00:00Z,0.33318649507907855
2025-11-24T20:00:00Z,0.3207924789666127
2025-11-24T21:00:00Z,0.3351956046180935
2025-11-24T22:00:00Z,0.3640303624609415
2025-11-24T23:00:00Z,0.34704161778239406
2025-11-25T00:00:00Z,0.3219047394222276
2025-11-25T01:00:00Z,0.3249132513598748
2025-11-25T02:00:00Z,0.3319337076211445
2025-11-25T03:00:00Z,0.329944869262951
2025-11-25T04:00:00Z,0.3396660420178917
2025-11-25T05:00:00Z,0.32205648359010663
2025-11-25T06:00:00Z,0.3141770828763349
2025-11-25T07:00:00Z,0.2978734532783071
2025-11-25T08:00:00Z,0.2794794901832335
2025-11-25T09:00:00Z,0.24196583700086272
2025-11-25T10:00:00Z,0.20980400143224473
2025-11-25T11:00:00Z,0.1301109150667247
2025-11-25T12:00:00Z,0.11220608275424106
2025-11-25T13:00:00Z,0.13107310411325462
2025-11-25T14:00:00Z,0.14126760588615442
2025-11-25T15:00:00Z,0.1485043509292085
2025-11-25T16:00:00Z,0.137230792988578
2025-11-25T17:00:00Z,0.12811416509164622
2025-11-25T18:00:00Z,0.11641754916136623
2025-11-25T19:00:00Z,0.11065158648996247
2025-11-25T20:00:00Z,0.08965000847192328
2025-11-25T21:00:00Z,0.07507356338372469
2025-11-25T22:00:00Z,0.05172864474214746
2025-11-25T23:00:00Z,0.04934230268628856
2025-11-26T00:00:00Z,0.04028152092796386
2025-11-26T01:00:00Z,0.03774374419488748
2025-11-26T02:00:00Z,0.037532287582456976
2025-11-26T03:00:00Z,0.03546971450148967
2025-11-26T04:00:00Z,0.03176859864691688
2025-11-26T05:00:00Z,0.021217452599131086
2025-11-26T06:00:00Z,0.010524122317920763
2025-11-26T07:00:00Z,0.0014853908627119603
2025-11-26T08:00:00Z,0.0012973110923965177
2025-11-26T09:00:00Z,0.0006593256928031859
2025-11-26T10:00:00Z,0.0
2025-11-26T11:00:00Z,0.0
2025-11-26T12:00:00Z,0.0
2025-11-26T13:00:00Z,0.0
2025-11-26T14:00:00Z,0.0
2025-11-26T15:00:00Z,0.0
2025-11-26T16:00:00Z,0.0
2025-11-26T17:00:00Z,0.00011648622800727744
2025-11-26T18:00:00Z,0.013671514860366498
2025-11-26T19:00:00Z,0.02774397018456976
2025-11-26T20:00:00Z,0.0619068604320425
2025-11-26T21:00:00Z,0.07313264649104181
2025-11-26T22:00:00Z,0.0843317290546975
2025-11-26T23:00:00Z,0.14627731063388563
2025-11-27T00:00:00Z,0.17747801193533916
2025-11-27T01:00:00Z,0.34050758509364676
2025-11-27T02:00:00Z,0.43658330413608964
2025-11-27T03:00:00Z,0.5645586679944624
2025-11-27T04:00:00Z,0.6810753354170069
2025-11-27T05:00:00Z,0.8214660970312394
2025-11-27T06:00:00Z,0.8501612476983756
2025-11-27T07:00:00Z,0.915346926447238
2025-11-27T08:00:00Z,0.975665135961089
2025-11-27T09:00:00Z,0.9947624548993254
2025-11-27T10:00:00Z,0.998000281603045
2025-11-27T11:00:00Z,0.9997674182611432
2025-11-27T12:00:00Z,1.0
2025-11-27T13:00:00Z,1.0
2025-11-27T14:00:00Z,0.9993483561759092
2025-11-27T15:00:00Z,0.9972136124554241
2025-11-27T16:00:00Z,0.9749907927941399
2025-11-27T17:00:00Z,0.9201213292669035
2025-11-27T18:00:00Z,0.8740432357109718
2025-11-27T19:00:00Z,0.8657987556481954
2025-11-27T20:00:00Z,0.8764534764685366
2025-11-27T21:00:00Z,0.8883279179088348
2025-11-27T22:00:00Z,0.8762086443309701
2025-11-27T23:00:00Z,0.8955067920932299
2025-11-28T00:00:00Z,0.9683397936589824
2025-11-28T01:00:00Z,0.97200182770031
2025-11-28T02:00:00Z,0.9800412572256276
2025-11-28T03:00:00Z,0.9870451387500844
2025-11-28T04:00:00Z,0.9928355676198793
2025-11-28T05:00:00Z,0.994727107363443
2025-11-28T06:00:00Z,0.976695253629461
2025-11-28T07:00:00Z,0.896120866231753
2025-11-28T08:00:00Z,0.8445664917509249
2025-11-28T09:00:00Z,0.855111120472943
2025-11-28T10:00:00Z,0.7970329112671692
2025-11-28T11:00:00Z,0.8554352003992983
2025-11-28T12:00:00Z,0.886035095228743
2025-11-28T13:00:00Z,0.9061481103251265
2025-11-28T14:00:00Z,0.8946329007277269
2025-11-28T15:00:00Z,0.8880328669433577
2025-11-28T16:00:00Z,0.91689518522126
2025-11-28T17:00:00Z,0.9389949801619755
2025-11-28T18:00:00Z,0.9248530036280787
2025-11-28T19:00:00Z,0.8904706815011493
2025-11-28T20:00:00Z,0.8840473508047533
2025-11-28T21:00:00Z,0.9716763157219542
2025-11-28T22:00:00Z,0.9769677893563469
2025-11-28T23:00:00Z,1.0
2025-11-29T00:00:00Z,0.9996597140803806
2025-11-29T01:00:00Z,1.0
2025-11-29T02:00:00Z,0.9979757879789154
2025-11-29T03:00:00Z,0.9804846893833827
2025-11-29T04:00:00Z,0.9786550644824237
2025-11-29T05:00:00Z,0.981131217115174
2025-11-29T06:00:00Z,0.9829859880515084
2025-11-29T07:00:00Z,0.9739260365368158
2025-11-29T08:00:00Z,0.9716559065671501
2025-11-29T09:00:00Z,0.9722225091265784
2025-11-29T10:00:00Z,0.9737583552957114
2025-11-29T11:00:00Z,0.9099925000154583
2025-11-29T12:00:00Z,0.8686789775766625
2025-11-29T13:00:00Z,0.7603287097749665
2025-11-29T14:00:00Z,0.6305593107990204
2025-11-29T15:00:00Z,0.5083233498138167
2025-11-29T16:00:00Z,0.5188311727078057
2025-11-29T17:00:00Z,0.5045389557129545
2025-11-29T18:00:00Z,0.3701694498322993
2025-11-29T19:00:00Z,0.3819586729323451
2025-11-29T20:00:00Z,0.3538592566491499
2025-11-29T21:00:00Z,0.38259326564036505
2025-11-29T22:00:00Z,0.3400465868152537
2025-11-29T23:00:00Z,0.35106170794126884
2025-11-30T00:00:00Z,0.3463556395675056
2025-11-30T01:00:00Z,0.37211351455637304
2025-11-30T02:00:00Z,0.4615924737115801
2025-11-30T03:00:00Z,0.4658793898766674
2025-11-30T04:00:00Z,0.5160237867155648
2025-11-30T05:00:00Z,0.600761030944927
2025-11-30T06:00:00Z,0.6776355743135195
2025-11-30T07:00:00Z,0.8396077046297128
2025-11-30T08:00:00Z,0.8746830715574212
2025-11-30T09:00:00Z,0.9162402815951032
2025-11-30T10:00:00Z,0.9046839161412327
2025-11-30T11:00:00Z,0.8290312850069617
2025-11-30T12:00:00Z,0.6141378570628803
2025-11-30T13:00:00Z,0.6228016983287219
2025-11-30T14:00:00Z,0.7129113435898917
2025-11-30T15:00:00Z,0.8269866873378361
2025-11-30T16:00:00Z,0.9110581363821612
2025-11-30T17:00:00Z,0.974593703870244
2025-11-30T18:00:00Z,0.9968895052721314
2025-11-30T19:00:00Z,1.0
2025-11-30T20:00:00Z,1.0
2025-11-30T21:00:00Z,1.0
2025-11-30T22:00:00Z,1.0
2025-11-30T23:00:00Z,1.0
2025-12-01T00:00:00Z,1.0
2025-12-01T01:00:00Z,1.0
2025-12-01T02:00:00Z,1.0
2025-12-01T03:00:00Z,0.9975568254511717
2025-12-01T04:00:00Z,0.9833912686645225
2025-12-01T05:00:00Z,0.9851623480215288
2025-12-01T06:00:00Z,0.9724421810077153
2025-12-01T07:00:00Z,0.9178494408583516
2025-12-01T08:00:00Z,0.7806178326962316
2025-12-01T09:00:00Z,0.6348623129274032
2025-12-01T10:00:00Z,0.5555593459050175
2025-12-01T11:00:00Z,0.5373983257488729
2025-12-01T12:00:00Z,0.7276913106652706
2025-12-01T13:00:00Z,0.649221946295162
2025-12-01T14:00:00Z,0.7846768722317553
2025-12-01T15:00:00Z,0.8592078987205395
2025-12-01T16:00:00Z,0.8506368308705834
2025-12-01T17:00:00Z,0.8826598324751641
2025-12-01T18:00:00Z,0.9455872691023127
2025-12-01T19:00:00Z,0.9794427632918536
2025-12-01T20:00:00Z,0.9968085890611432
2025-12-01T21:00:00Z,0.9987208036979804
2025-12-01T22:00:00Z,0.9981104229862993
2025-12-01T23:00:00Z,0.9979880838808649
2025-12-02T00:00:00Z,0.9982725879018124
2025-12-02T01:00:00Z,0.9979944402027471
2025-12-02T02:00:00Z,0.9970453753524176
2025-12-02T03:00:00Z,0.9968467106702029
2025-12-02T04:00:00Z,0.9948908065448515
2025-12-02T05:00:00Z,0.9950137765188478
2025-12-02T06:00:00Z,0.9971178738288803
2025-12-02T07:00:00Z,0.9951162393666038
2025-12-02T08:00:00Z,0.9791873931351393
2025-12-02T09:00:00Z,0.9729892868997951
2025-12-02T10:00:00Z,0.9419261258277208
2025-12-02T11:00:00Z,0.9363578961788527
2025-12-02T12:00:00Z,0.9279454687948343
2025-12-02T13:00:00Z,0.8336615043318204
2025-12-02T14:00:00Z,0.6966104646779235
2025-12-02T15:00:00Z,0.636023255252207
2025-12-02T16:00:00Z,0.5947274973172725
2025-12-02T17:00:00Z,0.5389311064515244
2025-12-02T18:00:00Z,0.4932334724443309
2025-12-02T19:00:00Z,0.5090078274094765
2025-12-02T20:00:00Z,0.475510509944716
2025-12-02T21:00:00Z,0.44467260383636836
2025-12-02T22:00:00Z,0.334425519777962
2025-12-02T23:00:00Z,0.33715616365031836
2025-12-03T00:00:00Z,0.27966349637245635
2025-12-03T01:00:00Z,0.25561610253555633
2025-12-03T02:00:00Z,0.20746679367479046
2025-12-03T03:00:00Z,0.16242543244125168
2025-12-03T04:00:00Z,0.14603705737491593
2025-12-03T05:00:00Z,0.1611159463000267
2025-12-03T06:00:00Z,0.16415391624453513
2025-12-03T07:00:00Z,0.1371521314099016
2025-12-03T08:00:00Z,0.09641772818043191
2025-12-03T09:00:00Z,0.0849432893402887
2025-12-03T10:00:00Z,0.06169052760549254
2025-12-03T11:00:00Z,0.06030065184312045
2025-12-03T12:00:00Z,0.06242300036075203
2025-12-03T13:00:00Z,0.0771927389874434
2025-12-03T14:00:00Z,0.09235155793861093
2025-12-03T15:00:00Z,0.10721229969719753
2025-12-03T16:00:00Z,0.10925353694612217
2025-12-03T17:00:00Z,0.11809693831935565
2025-12-03T18:00:00Z,0.13526180745305474
2025-12-03T19:00:00Z,0.14304612714547169
2025-12-03T20:00:00Z,0.14416017311643595
2025-12-03T21:00:00Z,0.14384271890665362
2025-12-03T22:00:00Z,0.1084338454968265
2025-12-03T23:00:00Z,0.1301828982751302
2025-12-04T00:00:00Z,0.14369085604944912
2025-12-04T01:00:00Z,0.1332754076007662
2025-12-04T02:00:00Z,0.12433361563578342
2025-12-04T03:00:00Z,0.1102455633117956
2025-12-04T04:00:00Z,0.11336866726535512
2025-12-04T05:00:00Z,0.13249464119616403
2025-12-04T06:00:00Z,0.15297677260244494
2025-12-04T07:00:00Z,0.16770858738633027
2025-12-04T08:00:00Z,0.16469756756819212
2025-12-04T09:00:00Z,0.16615070504403678
2025-12-04T10:00:00Z,0.11382719955225207
2025-12-04T11:00:00Z,0.1006598264984307
2025-12-04T12:00:00Z,0.08733035201575691
2025-12-04T13:00:00Z,0.11137522834865703
2025-12-04T14:00:00Z,0.13889010225945317
2025-12-04T15:00:00Z,0.15579914201818684
2025-12-04T16:00:00Z,0.17296698343440545
2025-12-04T17:00:00Z,0.21824216789715728
2025-12-04T18:00:00Z,0.24399434229433803
2025-12-04T19:00:00Z,0.23027079291842445
2025-12-04T20:00:00Z,0.19810587412072697
2025-12-04T21:00:00Z,0.1670719363199638
2025-12-04T22:00:00Z,0.15699675131017524
2025-12-04T23:00:00Z,0.16252381905046828
2025-12-05T00:00:00Z,0.15396484003537275
2025-12-05T01:00:00Z,0.16086147718986352
2025-12-05T02:00:00Z,0.16688127827061686
2025-12-05T03:00:00Z,0.15809151104443517
2025-12-05T04:00:00Z,0.1288024420798918
2025-12-05T05:00:00Z,0.1254393851482065
2025-12-05T06:00:00Z,0.13128834883580162
2025-12-05T07:00:00Z,0.1333560958147362
2025-12-05T08:00:00Z,0.126064498925516
2025-12-05T09:00:00Z,0.10363101783709265
2025-12-05T10:00:00Z,0.12177990322723678
2025-12-05T11:00:00Z,0.10583984382786615
2025-12-05T12:00:00Z,0.07298675984888062
2025-12-05T13:00:00Z,0.03799433477530484
2025-12-05T14:00:00Z,0.04081982291235612
2025-12-05T15:00:00Z,0.05055799278340185
2025-12-05T16:00:00Z,0.08451488679914908
2025-12-05T17:00:00Z,0.1231570417487761
2025-12-05T18:00:00Z,0.17530582885616533
2025-12-05T19:00:00Z,0.21447774250763932
2025-12-05T20:00:00Z,0.21584626376419844
2025-12-05T21:00:00Z,0.21799596372051935
2025-12-05T22:00:00Z,0.15389020101959353
2025-12-05T23:00:00Z,0.16042590291586065
2025-12-06T00:00:00Z,0.16652015596891434
2025-12-06T01:00:00Z,0.15681087554391193
2025-12-06T02:00:00Z,0.1437494403320681
2025-12-06T03:00:00Z,0.1187158381335925
2025-12-06T04:00:00Z,0.09892184048534447
2025-12-06T05:00:00Z,0.08262708393783168
2025-12-06T06:00:00Z,0.08162694144675194
2025-12-06T07:00:00Z,0.09057743958960877
2025-12-06T08:00:00Z,0.10897723082833219
2025-12-06T09:00:00Z,0.12197719671230906
2025-12-06T10:00:00Z,0.1294677565354637
2025-12-06T11:00:00Z,0.10961029572814375
2025-12-06T12:00:00Z,0.1153248543668811
2025-12-06T13:00:00Z,0.11996844449645193
2025-12-06T14:00:00Z,0.15147755382527514
2025-12-06T15:00:00Z,0.154010269679818
2025-12-06T16:00:00Z,0.2030649935808312
2025-12-06T17:00:00Z,0.2365556794510596
2025-12-06T18:00:00Z,0.25357625986483495
2025-12-06T19:00:00Z,0.21959510300938884
2025-12-06T20:00:00Z,0.17245180739464697
2025-12-06T21:00:00Z,0.19542832982716052
2025-12-06T22:00:00Z,0.18350895950562232
2025-12-06T23:00:00Z,0.21033338198850138
2025-12-07T00:00:00Z,0.21934395593897485
2025-12-07T01:00:00Z,0.2231159858604547
2025-12-07T02:00:00Z,0.23640386166219676
2025-12-07T03:00:00Z,0.22826649301938917
2025-12-07T04:00:00Z,0.23029575950529585
2025-12-07T05:00:00Z,0.2615481640036824
2025-12-07T06:00:00Z,0.29346240250945727
2025-12-07T07:00:00Z,0.27729362363948945
2025-12-07T08:00:00Z,0.24366832892021884
2025-12-07T09:00:00Z,0.24626244919130924
2025-12-07T10:00:00Z,0.2378726899985446
2025-12-07T11:00:00Z,0.23581880999554689
2025-12-07T12:00:00Z,0.22292327740099263
2025-12-07T13:00:00Z,0.25151735341807124
2025-12-07T14:00:00Z,0.24850649749331674
2025-12-07T15:00:00Z,0.23597263100794572
2025-12-07T16:00:00Z,0.2646453303273343
2025-12-07T17:00:00Z,0.31734533589915775
2025-12-07T18:00:00Z,0.3198415490500762
2025-12-07T19:00:00Z,0.3933082720346345
2025-12-07T20:00:00Z,0.3758956553425505
2025-12-07T21:00:00Z,0.36530356637761485
2025-12-07T22:00:00Z,0.3249191798767966
2025-12-07T23:00:00Z,0.3655409834936965
2025-12-08T00:00:00Z,0.4157032473140184
2025-12-08T01:00:00Z,0.4961362499161679
2025-12-08T02:00:00Z,0.6020196331508931
2025-12-08T03:00:00Z,0.6787887993767566
2025-12-08T04:00:00Z,0.8882222287414085
2025-12-08T05:00:00Z,0.994300190549872
2025-12-08T06:00:00Z,0.9991877587274115
2025-12-08T07:00:00Z,0.9796384633782689
2025-12-08T08:00:00Z,0.9041147848783971
2025-12-08T09:00:00Z,0.9863654660076437
2025-12-08T10:00:00Z,1.0
2025-12-08T11:00:00Z,1.0
2025-12-08T12:00:00Z,1.0
2025-12-08T13:00:00Z,1.0
2025-12-08T14:00:00Z,1.0
2025-12-08T15:00:00Z,1.0
2025-12-08T16:00:00Z,1.0
2025-12-08T17:00:00Z,0.9946873188636562
2025-12-08T18:00:00Z,0.8062607928841709
2025-12-08T19:00:00Z,0.6462766008573694
2025-12-08T20:00:00Z,0.7962554854493084
2025-12-08T21:00:00Z,0.8733166867612818
2025-12-08T22:00:00Z,0.9262682213299822
2025-12-08T23:00:00Z,0.9018265666758003
2025-12-09T00:00:00Z,0.9238655532192064
2025-12-09T01:00:00Z,0.979889143225776
2025-12-09T02:00:00Z,0.975410827078066
2025-12-09T03:00:00Z,0.9455952851689263
2025-12-09T04:00:00Z,0.9078923422785685
2025-12-09T05:00:00Z,0.7815972705062847
2025-12-09T06:00:00Z,0.6962967117148435
2025-12-09T07:00:00Z,0.6468025720459512
2025-12-09T08:00:00Z,0.6090778547644345
2025-12-09T09:00:00Z,0.45284840132383825
2025-12-09T10:00:00Z,0.4426801107266485
2025-12-09T11:00:00Z,0.3909064276898976
2025-12-09T12:00:00Z,0.35255014375677307
2025-12-09T13:00:00Z,0.20376831294429465
2025-12-09T14:00:00Z,0.1039010137023386
2025-12-09T15:00:00Z,0.07626018733673355
2025-12-09T16:00:00Z,0.08221211435423185
2025-12-09T17:00:00Z,0.07727530482859775
2025-12-09T18:00:00Z,0.09136605084201387
2025-12-09T19:00:00Z,0.16805562917169747
2025-12-09T20:00:00Z,0.27975122464121643
2025-12-09T21:00:00Z,0.3523092076244546
2025-12-09T22:00:00Z,0.5056926106451495
2025-12-09T23:00:00Z,0.5403054361847607
2025-12-10T00:00:00Z,0.6201428607972889
2025-12-10T01:00:00Z,0.6757625635139948
2025-12-10T02:00:00Z,0.8850357580775609
2025-12-10T03:00:00Z,0.9210630786635625
2025-12-10T04:00:00Z,0.9720519531840041
2025-12-10T05:00:00Z,0.9686974879348559
2025-12-10T06:00:00Z,0.937660626839047
2025-12-10T07:00:00Z,0.9092471428289024
2025-12-10T08:00:00Z,0.8807230270076097
2025-12-10T09:00:00Z,0.8523798844569341
2025-12-10T10:00:00Z,0.7143259675524347
2025-12-10T11:00:00Z,0.7447274984805549
2025-12-10T12:00:00Z,0.8025272622859451
2025-12-10T13:00:00Z,0.8241288371329715
2025-12-10T14:00:00Z,0.7748640976790463
2025-12-10T15:00:00Z,0.7146552067972759
2025-12-10T16:00:00Z,0.6213524289120739
2025-12-10T17:00:00Z,0.7114083707518036
2025-12-10T18:00:00Z,0.8108454254094174
2025-12-10T19:00:00Z,0.9422600772570916
2025-12-10T20:00:00Z,0.9781856633373796
2025-12-10T21:00:00Z,0.9722250960625106
2025-12-10T22:00:00Z,0.9567627760706454
2025-12-10T23:00:00Z,0.9500220793115345
2025-12-11T00:00:00Z,0.969093594930351
2025-12-11T01:00:00Z,0.9737726387169533
2025-12-11T02:00:00Z,0.9696555850582167
2025-12-11T03:00:00Z,0.9632390118895992
2025-12-11T04:00:00Z,0.9605780087485055
2025-12-11T05:00:00Z,0.9857579622501411
2025-12-11T06:00:00Z,0.9979160851946651
2025-12-11T07:00:00Z,0.9969311081167773
2025-12-11T08:00:00Z,0.9803331777101482
2025-12-11T09:00:00Z,0.9824647460593918
2025-12-11T10:00:00Z,0.9682667774095313
2025-12-11T11:00:00Z,0.9645755156999835
2025-12-11T12:00:00Z,0.9508434411272587
2025-12-11T13:00:00Z,0.9545500481098035
2025-12-11T14:00:00Z,0.9641614475352432
2025-12-11T15:00:00Z,0.9703757384892845
2025-12-11T16:00:00Z,0.9633662056364327
2025-12-11T17:00:00Z,0.9518377296891635
2025-12-11T18:00:00Z,0.8903724513696566
2025-12-11T19:00:00Z,0.7534756501158442
2025-12-11T20:00:00Z,0.698476881134235
2025-12-11T21:00:00Z,0.6729940015359028
2025-12-11T22:00:00Z,0.5233417073127543
2025-12-11T23:00:00Z,0.5132625255504771
2025-12-12T00:00:00Z,0.4993023161698022
2025-12-12T01:00:00Z,0.4204136416643545
2025-12-12T02:00:00Z,0.33741104636652774
2025-12-12T03:00:00Z,0.26711693613415377
2025-12-12T04:00:00Z,0.23894788180846047
2025-12-12T05:00:00Z,0.24450376392727607
2025-12-12T06:00:00Z,0.22806287369113715
2025-12-12T07:00:00Z,0.20364578053917542
2025-12-12T08:00:00Z,0.19461115287387581
2025-12-12T09:00:00Z,0.167110274971616
2025-12-12T10:00:00Z,0.24101999819561348
2025-12-12T11:00:00Z,0.16753602910607746
2025-12-12T12:00:00Z,0.07786213509021875
2025-12-12T13:00:00Z,0.07393069643006556
2025-12-12T14:00:00Z,0.0892258588252922
2025-12-12T15:00:00Z,0.08284150155761051
2025-12-12T16:00:00Z,0.09177743348387266
2025-12-12T17:00:00Z,0.10379322135179384
2025-12-12T18:00:00Z,0.0950134607794636
2025-12-12T19:00:00Z,0.09414388267149515
2025-12-12T20:00:00Z,0.09414736699235066
2025-12-12T21:00:00Z,0.0963079626924873
2025-12-12T22:00:00Z,0.09061133603094504
2025-12-12T23:00:00Z,0.08934232791506422
2025-12-13T00:00:00Z,0.09388987317849881
2025-12-13T01:00:00Z,0.14513550704955475
2025-12-13T02:00:00Z,0.18757784951114917
2025-12-13T03:00:00Z,0.21390737814695734
2025-12-13T04:00:00Z,0.17675027926995782
2025-12-13T05:00:00Z,0.20617103587991986
2025-12-13T06:00:00Z,0.22785730355894043
2025-12-13T07:00:00Z,0.31727720589499175
2025-12-13T08:00:00Z,0.4404594213623496
2025-12-13T09:00:00Z,0.3925487521482015
2025-12-13T10:00:00Z,0.26360451146912794
2025-12-13T11:00:00Z,0.15042678966405681
2025-12-13T12:00:00Z,0.2622168252088052
2025-12-13T13:00:00Z,0.49280972048688126
2025-12-13T14:00:00Z,0.4812215865310332
2025-12-13T15:00:00Z,0.5730163327926039
2025-12-13T16:00:00Z,0.5672180917475927
2025-12-13T17:00:00Z,0.5152358591591786
2025-12-13T18:00:00Z,0.5024747701861066
2025-12-13T19:00:00Z,0.48646496542815026
2025-12-13T20:00:00Z,0.4815307215733399
2025-12-13T21:00:00Z,0.47055484486863713
2025-12-13T22:00:00Z,0.4817573809010389
2025-12-13T23:00:00Z,0.48496498913926844
2025-12-14T00:00:00Z,0.4845097515079205
2025-12-14T01:00:00Z,0.5513214322547869
2025-12-14T02:00:00Z,0.6764639370301945
2025-12-14T03:00:00Z,0.8281984858249748
2025-12-14T04:00:00Z,0.8377839435826511
2025-12-14T05:00:00Z,0.8156417597579162
2025-12-14T06:00:00Z,0.8511247373292211
2025-12-14T07:00:00Z,0.8979007706596159
2025-12-14T08:00:00Z,0.9622500344712542
2025-12-14T09:00:00Z,0.9726887649735773
2025-12-14T10:00:00Z,0.9285530662235341
2025-12-14T11:00:00Z,0.9722746016670578
2025-12-14T12:00:00Z,0.9748870889039454
2025-12-14T13:00:00Z,0.9356277338781998
2025-12-14T14:00:00Z,0.8951237669872603
2025-12-14T15:00:00Z,0.8479917397041171
2025-12-14T16:00:00Z,0.7074244887980292
2025-12-14T17:00:00Z,0.7137464497175254
2025-12-14T18:00:00Z,0.7128154786456142
2025-12-14T19:00:00Z,0.7937122851262478
2025-12-14T20:00:00Z,0.8248644552490763
2025-12-14T21:00:00Z,0.8341767939226437
2025-12-14T22:00:00Z,0.6925311724988323
2025-12-14T23:00:00Z,0.8671632133588844
2025-12-15T00:00:00Z,0.9263253930450397
2025-12-15T01:00:00Z,0.9429995157245112
2025-12-15T02:00:00Z,0.9215526473285754
2025-12-15T03:00:00Z,0.8865748176439777
2025-12-15T04:00:00Z,0.8700637485147499
2025-12-15T05:00:00Z,0.865377443881364
2025-12-15T06:00:00Z,0.8677500158933126
2025-12-15T07:00:00Z,0.8756316083696621
2025-12-15T08:00:00Z,0.8999499176730309
2025-12-15T09:00:00Z,0.9180482779335059
2025-12-15T10:00:00Z,0.9236607196991067
2025-12-15T11:00:00Z,0.9243065216283519
2025-12-15T12:00:00Z,0.9122116134529974
2025-12-15T13:00:00Z,0.896862693424688
2025-12-15T14:00:00Z,0.8700939987715414
2025-12-15T15:00:00Z,0.7933692632718571
2025-12-15T16:00:00Z,0.6875103917661808
2025-12-15T17:00:00Z,0.6349748502781813
2025-12-15T18:00:00Z,0.6299419751686799
2025-12-15T19:00:00Z,0.5841615466086431
2025-12-15T20:00:00Z,0.5062075406168309
2025-12-15T21:00:00Z,0.4373388049360415
2025-12-15T22:00:00Z,0.41713141181202495
2025-12-15T23:00:00Z,0.4774492174949094
2025-12-16T00:00:00Z,0.4869018692027988
2025-12-16T01:00:00Z,0.42088177612965144
2025-12-16T02:00:00Z,0.3290188150561844
2025-12-16T03:00:00Z,0.321244274230375
2025-12-16T04:00:00Z,0.32839935672866594
2025-12-16T05:00:00Z,0.3356401521492368
2025-12-16T06:00:00Z,0.3298973094936606
2025-12-16T07:00:00Z,0.32558483341315275
2025-12-16T08:00:00Z,0.33844105582069234
2025-12-16T09:00:00Z,0.32098085519434794
2025-12-16T10:00:00Z,0.22424095709323785
2025-12-16T11:00:00Z,0.2880372389275357
2025-12-16T12:00:00Z,0.3328117512729185
2025-12-16T13:00:00Z,0.17992453045882348
2025-12-16T14:00:00Z,0.20465182184193878
2025-12-16T15:00:00Z,0.20235449630858415
2025-12-16T16:00:00Z,0.1473653109840086
2025-12-16T17:00:00Z,0.2797934530185787
2025-12-16T18:00:00Z,0.43143262664514015
2025-12-16T19:00:00Z,0.4373532401129257
2025-12-16T20:00:00Z,0.5143772716675274
2025-12-16T21:00:00Z,0.5790487307641381
2025-12-16T22:00:00Z,0.6156100867272845
2025-12-16T23:00:00Z,0.5942206758712386
2025-12-17T00:00:00Z,0.601101520341171
2025-12-17T01:00:00Z,0.49936566433791063
2025-12-17T02:00:00Z,0.4641362073820019
2025-12-17T03:00:00Z,0.47132273151446824
2025-12-17T04:00:00Z,0.49595177410742225
2025-12-17T05:00:00Z,0.4447229096383042
2025-12-17T06:00:00Z,0.29972014407186076
2025-12-17T07:00:00Z,0.2076774879468943
2025-12-17T08:00:00Z,0.12416140584511774
2025-12-17T09:00:00Z,0.08101853472500373
2025-12-17T10:00:00Z,0.07724872211657434
2025-12-17T11:00:00Z,0.08093397133440648
2025-12-17T12:00:00Z,0.05996848272262754
2025-12-17T13:00:00Z,0.05127109403717148
2025-12-17T14:00:00Z,0.04161216869400729
2025-12-17T15:00:00Z,0.0157382599409179
2025-12-17T16:00:00Z,0.0014847661004144996
2025-12-17T17:00:00Z,0.0008429067505943008
2025-12-17T18:00:00Z,0.006376783314935305
2025-12-17T19:00:00Z,0.060101328190719595
2025-12-17T20:00:00Z,0.11200981607109455
2025-12-17T21:00:00Z,0.12680964173725912
2025-12-17T22:00:00Z,0.10369709586529688
2025-12-17T23:00:00Z,0.15451214574483124
2025-12-18T00:00:00Z,0.2370167253365333
2025-12-18T01:00:00Z,0.33212014321410205
2025-12-18T02:00:00Z,0.5064582730122923
2025-12-18T03:00:00Z,0.6647638910421031
2025-12-18T04:00:00Z,0.6820501912485316
2025-12-18T05:00:00Z,0.7229941626958734
2025-12-18T06:00:00Z,0.8349462055862668
2025-12-18T07:00:00Z,0.9238269376531821
2025-12-18T08:00:00Z,0.9771114591517795
2025-12-18T09:00:00Z,0.9884271807379738
2025-12-18T10:00:00Z,0.9631877590307603
2025-12-18T11:00:00Z,0.9434944468574957
2025-12-18T12:00:00Z,0.9389698923195123
2025-12-18T13:00:00Z,0.8888345378596765
2025-12-18T14:00:00Z,0.8441053597460582
2025-12-18T15:00:00Z,0.7201527090306548
2025-12-18T16:00:00Z,0.6106409017684997
2025-12-18T17:00:00Z,0.47690627071789077
2025-12-18T18:00:00Z,0.4154314589405122
2025-12-18T19:00:00Z,0.3560968878546035
2025-12-18T20:00:00Z,0.3741797202615395
2025-12-18T21:00:00Z,0.5093760411217959
2025-12-18T22:00:00Z,0.6744769508316902
2025-12-18T23:00:00Z,0.8957971374424184
2025-12-19T00:00:00Z,0.9577636623492535
2025-12-19T01:00:00Z,0.9934254884969832
2025-12-19T02:00:00Z,0.9976893600005992
2025-12-19T03:00:00Z,0.9966037275074108
2025-12-19T04:00:00Z,0.9933858820673498
2025-12-19T05:00:00Z,0.9974948370724688
2025-12-19T06:00:00Z,0.9976748790330946
2025-12-19T07:00:00Z,0.9880859635918641
2025-12-19T08:00:00Z,0.9682068167652935
2025-12-19T09:00:00Z,0.9092204999990956
2025-12-19T10:00:00Z,0.771474115978167
2025-12-19T11:00:00Z,0.68035226592095
2025-12-19T12:00:00Z,0.5609825139794836
2025-12-19T13:00:00Z,0.45290369151389015
2025-12-19T14:00:00Z,0.44815066372746876
2025-12-19T15:00:00Z,0.5053334622316
2025-12-19T16:00:00Z,0.5663855777677606
2025-12-19T17:00:00Z,0.6449026876362027
2025-12-19T18:00:00Z,0.6806132086464611
2025-12-19T19:00:00Z,0.6805595371953364
2025-12-19T20:00:00Z,0.7446913134515527
2025-12-19T21:00:00Z,0.768451379675486
2025-12-19T22:00:00Z,0.6478787263079571
2025-12-19T23:00:00Z,0.678333597695579
2025-12-20T00:00:00Z,0.736645680026957
2025-12-20T01:00:00Z,0.7876154587194943
2025-12-20T02:00:00Z,0.8125473176001319
2025-12-20T03:00:00Z,0.8297621968195332
2025-12-20T04:00:00Z,0.8064016196172421
2025-12-20T05:00:00Z,0.8523734129366244
2025-12-20T06:00:00Z,0.8391250628557895
2025-12-20T07:00:00Z,0.863381321317471
2025-12-20T08:00:00Z,0.8224750437597776
2025-12-20T09:00:00Z,0.7898095614706221
2025-12-20T10:00:00Z,0.8463320593698341
2025-12-20T11:00:00Z,0.774333452093422
2025-12-20T12:00:00Z,0.7321513557221031
2025-12-20T13:00:00Z,0.6904859159666231
2025-12-20T14:00:00Z,0.5754912077135748
2025-12-20T15:00:00Z,0.4609021435586472
2025-12-20T16:00:00Z,0.3519496200809993
2025-12-20T17:00:00Z,0.22576395394201848
2025-12-20T18:00:00Z,0.15372606841407552
2025-12-20T19:00:00Z,0.12953318560943813
2025-12-20T20:00:00Z,0.16063155342859367
2025-12-20T21:00:00Z,0.19559581280505664
2025-12-20T22:00:00Z,0.15837610788819195
2025-12-20T23:00:00Z,0.13087276209730872
2025-12-21T00:00:00Z,0.09443691895190783
2025-12-21T01:00:00Z,0.05366179688501955
2025-12-21T02:00:00Z,0.0019839765283703003
2025-12-21T03:00:00Z,0.0005625096568041395
2025-12-21T04:00:00Z,0.0003360127181410364
2025-12-21T05:00:00Z,0.0001822145282651198
2025-12-21T06:00:00Z,0.000464355629149025
2025-12-21T07:00:00Z,0.0
2025-12-21T08:00:00Z,0.0
2025-12-21T09:00:00Z,0.0
2025-12-21T10:00:00Z,0.0
2025-12-21T11:00:00Z,0.0
2025-12-21T12:00:00Z,0.0
2025-12-21T13:00:00Z,0.0
2025-12-21T14:00:00Z,0.0005731378526904479
2025-12-21T15:00:00Z,0.0013775603287183988
2025-12-21T16:00:00Z,0.001929879054241893
2025-12-21T17:00:00Z,0.008090126206174214
2025-12-21T18:00:00Z,0.029705003871647786
2025-12-21T19:00:00Z,0.05243983896190224
2025-12-21T20:00:00Z,0.07192988954727891
2025-12-21T21:00:00Z,0.08661929060087463
2025-12-21T22:00:00Z,0.08511010265159856
2025-12-21T23:00:00Z,0.07123923612626448
2025-12-22T00:00:00Z,0.07142365896165108
2025-12-22T01:00:00Z,0.07878793263822398
2025-12-22T02:00:00Z,0.08818827126749672
2025-12-22T03:00:00Z,0.08606805676290276
2025-12-22T04:00:00Z,0.07949138896484663
2025-12-22T05:00:00Z,0.08045722109342106
2025-12-22T06:00:00Z,0.0742638414564982
2025-12-22T07:00:00Z,0.06892163801005068
2025-12-22T08:00:00Z,0.05375371149693701
2025-12-22T09:00:00Z,0.03347472504172122
2025-12-22T10:00:00Z,0.031199776217228258
2025-12-22T11:00:00Z,0.00610419712281109
2025-12-22T12:00:00Z,0.001274924492383593
2025-12-22T13:00:00Z,0.008311686873148542
2025-12-22T14:00:00Z,0.04539826246831018
2025-12-22T15:00:00Z,0.06052722345483509
2025-12-22T16:00:00Z,0.061935459080459505
2025-12-22T17:00:00Z,0.05121042207080572
2025-12-22T18:00:00Z,0.06333550199691337
2025-12-22T19:00:00Z,0.07085808310961422
2025-12-22T20:00:00Z,0.0837809629637175
2025-12-22T21:00:00Z,0.09262693006952724
2025-12-22T22:00:00Z,0.11971185930830759
2025-12-22T23:00:00Z,0.11723141173056932
2025-12-23T00:00:00Z,0.09694765870752277
2025-12-23T01:00:00Z,0.11575658591517038
2025-12-23T02:00:00Z,0.12636162388547795
2025-12-23T03:00:00Z,0.1400446335064757
2025-12-23T04:00:00Z,0.1452308507308306
2025-12-23T05:00:00Z,0.16653078241044333
2025-12-23T06:00:00Z,0.16934791897100973
2025-12-23T07:00:00Z,0.1877649262724691
2025-12-23T08:00:00Z,0.24870705950706398
2025-12-23T09:00:00Z,0.24355254736158982
2025-12-23T10:00:00Z,0.1274039200521092
2025-12-23T11:00:00Z,0.1364005308883439
2025-12-23T12:00:00Z,0.13868503350164849
2025-12-23T13:00:00Z,0.11461392536966217
2025-12-23T14:00:00Z,0.11263987256062659
2025-12-23T15:00:00Z,0.13005665385689869
2025-12-23T16:00:00Z,0.12061207914380219
2025-12-23T17:00:00Z,0.09401528020972359
2025-12-23T18:00:00Z,0.07767401787746533
2025-12-23T19:00:00Z,0.057404855580727075
2025-12-23T20:00:00Z,0.03616649950948439
2025-12-23T21:00:00Z,0.025540365970554736
2025-12-23T22:00:00Z,0.0012797598683664893
2025-12-23T23:00:00Z,0.000512884526472317
2025-12-24T00:00:00Z,3.334143079755023e-05
2025-12-24T01:00:00Z,0.0
2025-12-24T02:00:00Z,0.0
2025-12-24T03:00:00Z,0.0
2025-12-24T04:00:00Z,0.00047474899273770556
2025-12-24T05:00:00Z,0.0013821417988192728
2025-12-24T06:00:00Z,0.008823850086069429
2025-12-24T07:00:00Z,0.001418762213666081
2025-12-24T08:00:00Z,0.0001497609503877564
2025-12-24T09:00:00Z,0.0
2025-12-24T10:00:00Z,0.0
2025-12-24T11:00:00Z,0.0
2025-12-24T12:00:00Z,0.0
2025-12-24T13:00:00Z,0.0
2025-12-24T14:00:00Z,0.0
2025-12-24T15:00:00Z,0.0
2025-12-24T16:00:00Z,0.0
2025-12-24T17:00:00Z,0.0
2025-12-24T18:00:00Z,0.0
2025-12-24T19:00:00Z,0.0
2025-12-24T20:00:00Z,0.0
2025-12-24T21:00:00Z,0.0003086750157599613
2025-12-24T22:00:00Z,0.0
2025-12-24T23:00:00Z,0.0
2025-12-25T00:00:00Z,0.0
2025-12-25T01:00:00Z,0.0005072448169270282
2025-12-25T02:00:00Z,0.0
2025-12-25T03:00:00Z,0.0
2025-12-25T04:00:00Z,0.0
2025-12-25T05:00:00Z,0.0
2025-12-25T06:00:00Z,0.00035440192942598665
2025-12-25T07:00:00Z,0.005185084777712112
2025-12-25T08:00:00Z,0.05230009589825546
2025-12-25T09:00:00Z,0.09967998273912398
2025-12-25T10:00:00Z,0.17380127412793187
2025-12-25T11:00:00Z,0.19599258084524757
2025-12-25T12:00:00Z,0.15869838881724627
2025-12-25T13:00:00Z,0.11768628787408138
2025-12-25T14:00:00Z,0.11143016893325507
2025-12-25T15:00:00Z,0.09495654258292227
2025-12-25T16:00:00Z,0.1393419187722147
2025-12-25T17:00:00Z,0.11308918027958736
2025-12-25T18:00:00Z,0.11449993379666674
2025-12-25T19:00:00Z,0.10998214010847501
2025-12-25T20:00:00Z,0.11276443260111525
2025-12-25T21:00:00Z,0.10318012039227308
2025-12-25T22:00:00Z,0.1417640000742632
2025-12-25T23:00:00Z,0.135294483653029
2025-12-26T00:00:00Z,0.12248618502450033
2025-12-26T01:00:00Z,0.10344535625424264
2025-12-26T02:00:00Z,0.11138164799758594
2025-12-26T03:00:00Z,0.12519160776381955
2025-12-26T04:00:00Z,0.14048519993587547
2025-12-26T05:00:00Z,0.13000204752840422
2025-12-26T06:00:00Z,0.11150784290290759
2025-12-26T07:00:00Z,0.09269113599945013
2025-12-26T08:00:00Z,0.07513020481218337
2025-12-26T09:00:00Z,0.04522204075620248
2025-12-26T10:00:00Z,0.0008951330384599358
2025-12-26T11:00:00Z,0.0
2025-12-26T12:00:00Z,0.0
2025-12-26T13:00:00Z,0.0
2025-12-26T14:00:00Z,0.0
2025-12-26T15:00:00Z,0.0
2025-12-26T16:00:00Z,0.0
2025-12-26T17:00:00Z,0.0
2025-12-26T18:00:00Z,0.0
2025-12-26T19:00:00Z,0.0009692306155273012
2025-12-26T20:00:00Z,0.039697919299357856
2025-12-26T21:00:00Z,0.12276764871102476
2025-12-26T22:00:00Z,0.1547810612875336
2025-12-26T23:00:00Z,0.21094236545618333
2025-12-27T00:00:00Z,0.32515505595339045
2025-12-27T01:00:00Z,0.45256689533590577
2025-12-27T02:00:00Z,0.5485996901571574
2025-12-27T03:00:00Z,0.5548744742211542
2025-12-27T04:00:00Z,0.6533346411211675
2025-12-27T05:00:00Z,0.7424068414715814
2025-12-27T06:00:00Z,0.514134673710246
2025-12-27T07:00:00Z,0.5581401216956953
2025-12-27T08:00:00Z,0.6099762088947187
2025-12-27T09:00:00Z,0.6569978069237971
2025-12-27T10:00:00Z,0.6943156529886186
2025-12-27T11:00:00Z,0.5541253500838547
2025-12-27T12:00:00Z,0.2736936277007771
2025-12-27T13:00:00Z,0.33936439332391155
2025-12-27T14:00:00Z,0.5507975543898175
2025-12-27T15:00:00Z,0.6409143581284811
2025-12-27T16:00:00Z,0.7430356255056577
2025-12-27T17:00:00Z,0.7751164441134615
2025-12-27T18:00:00Z,0.8550879313495257
2025-12-27T19:00:00Z,0.8743337460042149
2025-12-27T20:00:00Z,0.9482123693821407
2025-12-27T21:00:00Z,0.9831509197836763
2025-12-27T22:00:00Z,0.9252905324779982
2025-12-27T23:00:00Z,0.9183992646625827
2025-12-28T00:00:00Z,0.770281275505161
2025-12-28T01:00:00Z,0.6230923836705092
2025-12-28T02:00:00Z,0.4132701748470448
2025-12-28T03:00:00Z,0.27151666276805403
2025-12-28T04:00:00Z,0.1835736905863076
2025-12-28T05:00:00Z,0.15065449399300038
2025-12-28T06:00:00Z,0.08409027219389076
2025-12-28T07:00:00Z,0.024998188880846713
2025-12-28T08:00:00Z,0.014501076397675738
2025-12-28T09:00:00Z,0.0890473898955235
2025-12-28T10:00:00Z,0.09509058909281243
2025-12-28T11:00:00Z,0.23181512492685424
2025-12-28T12:00:00Z,0.4124202283004064
2025-12-28T13:00:00Z,0.43940848823961387
2025-12-28T14:00:00Z,0.3970415597933466
2025-12-28T15:00:00Z,0.28682362989707255
2025-12-28T16:00:00Z,0.17808674876686417
2025-12-28T17:00:00Z,0.14375727880096323
2025-12-28T18:00:00Z,0.1683853153353199
2025-12-28T19:00:00Z,0.14480372544161726
2025-12-28T20:00:00Z,0.07824771573015628
2025-12-28T21:00:00Z,0.040217552485365675
2025-12-28T22:00:00Z,0.09788683666896018
2025-12-28T23:00:00Z,0.24285842242312178
2025-12-29T00:00:00Z,0.2543822473992863
2025-12-29T01:00:00Z,0.34248563140338745
2025-12-29T02:00:00Z,0.3780143125594422
2025-12-29T03:00:00Z,0.38368641033398093
2025-12-29T04:00:00Z,0.34744860476325506
2025-12-29T05:00:00Z,0.29704091905539204
2025-12-29T06:00:00Z,0.28660132347331374
2025-12-29T07:00:00Z,0.3125770607695204
2025-12-29T08:00:00Z,0.3953689373350526
2025-12-29T09:00:00Z,0.4466510353968131
2025-12-29T10:00:00Z,0.5314659808394651
2025-12-29T11:00:00Z,0.35213023865969084
2025-12-29T12:00:00Z,0.26157271930520143
2025-12-29T13:00:00Z,0.16895285003590063
2025-12-29T14:00:00Z,0.2057752212457846
2025-12-29T15:00:00Z,0.44386897488361277
2025-12-29T16:00:00Z,0.6481702386693617
2025-12-29T17:00:00Z,0.7239436647353406
2025-12-29T18:00:00Z,0.7697068153204478
2025-12-29T19:00:00Z,0.8478237051123769
2025-12-29T20:00:00Z,0.8109833258552729
2025-12-29T21:00:00Z,0.6866619507456864
2025-12-29T22:00:00Z,0.45986633282460604
2025-12-29T23:00:00Z,0.56641802272578
2025-12-30T00:00:00Z,0.7000668479875264
2025-12-30T01:00:00Z,0.7539289972212095
2025-12-30T02:00:00Z,0.686006129353271
2025-12-30T03:00:00Z,0.7599284249073518
2025-12-30T04:00:00Z,0.8932382297152289
2025-12-30T05:00:00Z,0.9207040071003825
2025-12-30T06:00:00Z,0.911051735913278
2025-12-30T07:00:00Z,0.869292236992067
2025-12-30T08:00:00Z,0.8251022016101828
2025-12-30T09:00:00Z,0.7615967866895409
2025-12-30T10:00:00Z,0.5395749310985928
2025-12-30T11:00:00Z,0.4974001658084614
2025-12-30T12:00:00Z,0.47031817263353765
2025-12-30T13:00:00Z,0.478863703092441
2025-12-30T14:00:00Z,0.42211859431249865
2025-12-30T15:00:00Z,0.3972039227386597
2025-12-30T16:00:00Z,0.35670589706047057
2025-12-30T17:00:00Z,0.22461749119638946
2025-12-30T18:00:00Z,0.13438040364214268
2025-12-30T19:00:00Z,0.0924588883451759
2025-12-30T20:00:00Z,0.10005599534482672
2025-12-30T21:00:00Z,0.1812345559203554
2025-12-30T22:00:00Z,0.2217180693591124
2025-12-30T23:00:00Z,0.2908440017458263
