,,,EV_01,AEL_01,PEMEL_01
period1,sc01,t0001, 7 ,,
period1,sc01,t0002, 7 ,,
period1,sc01,t0003, 7 ,,
period1,sc01,t0004, 7 ,,
period1,sc01,t0005, 7 ,,
period1,sc01,t0006, 7 ,,
period1,sc01,t0007, 7 ,,
period1,sc01,t0008, 42 ,,
period1,sc01,t0009, 7 ,,
period1,sc01,t0010, 7 ,,
period1,sc01,t0011, 7 ,,
period1,sc01,t0012, 7 ,,
period1,sc01,t0013, 7 ,,
period1,sc01,t0014, 7 ,,
period1,sc01,t0015, 7 ,,
period1,sc01,t0016, 7 ,,
period1,sc01,t0017, 7 ,,
period1,sc01,t0018, 7 ,,
period1,sc01,t0019, 7 ,,
period1,sc01,t0020, 7 ,,
period1,sc01,t0021, 7 ,,
period1,sc01,t0022, 7 ,,
period1,sc01,t0023, 7 ,,
period1,sc01,t0024, 7 ,,
period1,sc01,t0025, 7 ,,
period1,sc01,t0026, 7 ,,
period1,sc01,t0027, 7 ,,
period1,sc01,t0028, 7 ,,
period1,sc01,t0029, 7 ,,
period1,sc01,t0030, 7 ,,
period1,sc01,t0031, 7 ,,
period1,sc01,t0032, 56 ,,
period1,sc01,t0033, 7 ,,
period1,sc01,t0034, 7 ,,
period1,sc01,t0035, 7 ,,
period1,sc01,t0036, 7 ,,
period1,sc01,t0037, 7 ,,
period1,sc01,t0038, 7 ,,
period1,sc01,t0039, 7 ,,
period1,sc01,t0040, 7 ,,
period1,sc01,t0041, 7 ,,
period1,sc01,t0042, 7 ,,
period1,sc01,t0043, 7 ,,
period1,sc01,t0044, 7 ,,
period1,sc01,t0045, 7 ,,
period1,sc01,t0046, 7 ,,
period1,sc01,t0047, 7 ,,
period1,sc01,t0048, 7 ,,
period1,sc01,t0049, 7 ,,
period1,sc01,t0050, 7 ,,
period1,sc01,t0051, 7 ,,
period1,sc01,t0052, 7 ,,
period1,sc01,t0053, 7 ,,
period1,sc01,t0054, 7 ,,
period1,sc01,t0055, 7 ,,
period1,sc01,t0056, 7 ,,
period1,sc01,t0057, 49 ,,
period1,sc01,t0058, 7 ,,
period1,sc01,t0059, 7 ,,
period1,sc01,t0060, 7 ,,
period1,sc01,t0061, 7 ,,
period1,sc01,t0062, 7 ,,
period1,sc01,t0063, 7 ,,
period1,sc01,t0064, 7 ,,
period1,sc01,t0065, 7 ,,
period1,sc01,t0066, 7 ,,
period1,sc01,t0067, 7 ,,
period1,sc01,t0068, 7 ,,
period1,sc01,t0069, 7 ,,
period1,sc01,t0070, 7 ,,
period1,sc01,t0071, 7 ,,
period1,sc01,t0072, 7 ,,
period1,sc01,t0073, 7 ,,
period1,sc01,t0074, 7 ,,
period1,sc01,t0075, 7 ,,
period1,sc01,t0076, 7 ,,
period1,sc01,t0077, 7 ,,
period1,sc01,t0078, 7 ,,
period1,sc01,t0079, 7 ,,
period1,sc01,t0080, 7 ,,
period1,sc01,t0081, 7 ,,
period1,sc01,t0082, 7 ,,
period1,sc01,t0083, 7 ,,
period1,sc01,t0084, 7 ,,
period1,sc01,t0085, 7 ,,
period1,sc01,t0086, 7 ,,
period1,sc01,t0087, 7 ,,
period1,sc01,t0088, 7 ,,
period1,sc01,t0089, 7 ,,
period1,sc01,t0090, 7 ,,
period1,sc01,t0091, 7 ,,
period1,sc01,t0092, 7 ,,
period1,sc01,t0093, 7 ,,
period1,sc01,t0094, 7 ,,
period1,sc01,t0095, 7 ,,
period1,sc01,t0096, 7 ,,
period1,sc01,t0097, 7 ,,
period1,sc01,t0098, 7 ,,
period1,sc01,t0099, 7 ,,
period1,sc01,t0100, 7 ,,
period1,sc01,t0101, 7 ,,
period1,sc01,t0102, 7 ,,
period1,sc01,t0103, 7 ,,
period1,sc01,t0104, 7 ,,
period1,sc01,t0105, 7 ,,
period1,sc01,t0106, 7 ,,
period1,sc01,t0107, 7 ,,
period1,sc01,t0108, 7 ,,
period1,sc01,t0109, 7 ,,
period1,sc01,t0110, 7 ,,
period1,sc01,t0111, 7 ,,
period1,sc01,t0112, 7 ,,
period1,sc01,t0113, 7 ,,
period1,sc01,t0114, 7 ,,
period1,sc01,t0115, 7 ,,
period1,sc01,t0116, 7 ,,
period1,sc01,t0117, 7 ,,
period1,sc01,t0118, 7 ,,
period1,sc01,t0119, 7 ,,
period1,sc01,t0120, 7 ,,
period1,sc01,t0121, 7 ,,
period1,sc01,t0122, 7 ,,
period1,sc01,t0123, 7 ,,
period1,sc01,t0124, 7 ,,
period1,sc01,t0125, 7 ,,
period1,sc01,t0126, 7 ,,
period1,sc01,t0127, 42 ,,
period1,sc01,t0128, 7 ,,
period1,sc01,t0129, 7 ,,
period1,sc01,t0130, 7 ,,
period1,sc01,t0131, 7 ,,
period1,sc01,t0132, 7 ,,
period1,sc01,t0133, 7 ,,
period1,sc01,t0134, 7 ,,
period1,sc01,t0135, 7 ,,
period1,sc01,t0136, 7 ,,
period1,sc01,t0137, 7 ,,
period1,sc01,t0138, 7 ,,
period1,sc01,t0139, 7 ,,
period1,sc01,t0140, 7 ,,
period1,sc01,t0141, 7 ,,
period1,sc01,t0142, 7 ,,
period1,sc01,t0143, 7 ,,
period1,sc01,t0144, 7 ,,
period1,sc01,t0145, 7 ,,
period1,sc01,t0146, 7 ,,
period1,sc01,t0147, 7 ,,
period1,sc01,t0148, 7 ,,
period1,sc01,t0149, 7 ,,
period1,sc01,t0150, 7 ,,
period1,sc01,t0151, 35 ,,
period1,sc01,t0152, 7 ,,
period1,sc01,t0153, 7 ,,
period1,sc01,t0154, 7 ,,
period1,sc01,t0155, 7 ,,
period1,sc01,t0156, 7 ,,
period1,sc01,t0157, 7 ,,
period1,sc01,t0158, 7 ,,
period1,sc01,t0159, 7 ,,
period1,sc01,t0160, 7 ,,
period1,sc01,t0161, 7 ,,
period1,sc01,t0162, 7 ,,
period1,sc01,t0163, 7 ,,
period1,sc01,t0164, 7 ,,
period1,sc01,t0165, 7 ,,
period1,sc01,t0166, 7 ,,
period1,sc01,t0167, 7 ,,
period1,sc01,t0168, 7 ,,
period1,sc01,t0169, 7 ,,
period1,sc01,t0170, 7 ,,
period1,sc01,t0171, 7 ,,
period1,sc01,t0172, 7 ,,
period1,sc01,t0173, 7 ,,
period1,sc01,t0174, 7 ,,
period1,sc01,t0175, 7 ,,
period1,sc01,t0176, 7 ,,
period1,sc01,t0177, 7 ,,
period1,sc01,t0178, 35 ,,
period1,sc01,t0179, 7 ,,
period1,sc01,t0180, 7 ,,
period1,sc01,t0181, 7 ,,
period1,sc01,t0182, 7 ,,
period1,sc01,t0183, 7 ,,
period1,sc01,t0184, 7 ,,
period1,sc01,t0185, 7 ,,
period1,sc01,t0186, 7 ,,
period1,sc01,t0187, 7 ,,
period1,sc01,t0188, 7 ,,
period1,sc01,t0189, 7 ,,
period1,sc01,t0190, 7 ,,
period1,sc01,t0191, 7 ,,
period1,sc01,t0192, 7 ,,
period1,sc01,t0193, 7 ,,
period1,sc01,t0194, 7 ,,
period1,sc01,t0195, 7 ,,
period1,sc01,t0196, 7 ,,
period1,sc01,t0197, 7 ,,
period1,sc01,t0198, 7 ,,
period1,sc01,t0199, 7 ,,
period1,sc01,t0200, 35 ,,
period1,sc01,t0201, 7 ,,
period1,sc01,t0202, 7 ,,
period1,sc01,t0203, 7 ,,
period1,sc01,t0204, 7 ,,
period1,sc01,t0205, 7 ,,
period1,sc01,t0206, 7 ,,
period1,sc01,t0207, 7 ,,
period1,sc01,t0208, 7 ,,
period1,sc01,t0209, 7 ,,
period1,sc01,t0210, 7 ,,
period1,sc01,t0211, 7 ,,
period1,sc01,t0212, 7 ,,
period1,sc01,t0213, 7 ,,
period1,sc01,t0214, 7 ,,
period1,sc01,t0215, 7 ,,
period1,sc01,t0216, 7 ,,
period1,sc01,t0217, 7 ,,
period1,sc01,t0218, 7 ,,
period1,sc01,t0219, 7 ,,
period1,sc01,t0220, 7 ,,
period1,sc01,t0221, 7 ,,
period1,sc01,t0222, 7 ,,
period1,sc01,t0223, 7 ,,
period1,sc01,t0224, 49 ,,
period1,sc01,t0225, 7 ,,
period1,sc01,t0226, 7 ,,
period1,sc01,t0227, 7 ,,
period1,sc01,t0228, 7 ,,
period1,sc01,t0229, 7 ,,
period1,sc01,t0230, 7 ,,
period1,sc01,t0231, 7 ,,
period1,sc01,t0232, 7 ,,
period1,sc01,t0233, 7 ,,
period1,sc01,t0234, 7 ,,
period1,sc01,t0235, 7 ,,
period1,sc01,t0236, 7 ,,
period1,sc01,t0237, 7 ,,
period1,sc01,t0238, 7 ,,
period1,sc01,t0239, 7 ,,
period1,sc01,t0240, 7 ,,
period1,sc01,t0241, 7 ,,
period1,sc01,t0242, 7 ,,
period1,sc01,t0243, 7 ,,
period1,sc01,t0244, 7 ,,
period1,sc01,t0245, 7 ,,
period1,sc01,t0246, 42 ,,
period1,sc01,t0247, 7 ,,
period1,sc01,t0248, 7 ,,
period1,sc01,t0249, 7 ,,
period1,sc01,t0250, 7 ,,
period1,sc01,t0251, 7 ,,
period1,sc01,t0252, 7 ,,
period1,sc01,t0253, 7 ,,
period1,sc01,t0254, 7 ,,
period1,sc01,t0255, 7 ,,
period1,sc01,t0256, 7 ,,
period1,sc01,t0257, 7 ,,
period1,sc01,t0258, 7 ,,
period1,sc01,t0259, 7 ,,
period1,sc01,t0260, 7 ,,
period1,sc01,t0261, 7 ,,
period1,sc01,t0262, 7 ,,
period1,sc01,t0263, 7 ,,
period1,sc01,t0264, 7 ,,
period1,sc01,t0265, 7 ,,
period1,sc01,t0266, 7 ,,
period1,sc01,t0267, 7 ,,
period1,sc01,t0268, 7 ,,
period1,sc01,t0269, 7 ,,
period1,sc01,t0270, 7 ,,
period1,sc01,t0271, 7 ,,
period1,sc01,t0272, 7 ,,
period1,sc01,t0273, 7 ,,
period1,sc01,t0274, 7 ,,
period1,sc01,t0275, 7 ,,
period1,sc01,t0276, 7 ,,
period1,sc01,t0277, 7 ,,
period1,sc01,t0278, 7 ,,
period1,sc01,t0279, 7 ,,
period1,sc01,t0280, 7 ,,
period1,sc01,t0281, 7 ,,
period1,sc01,t0282, 7 ,,
period1,sc01,t0283, 7 ,,
period1,sc01,t0284, 7 ,,
period1,sc01,t0285, 7 ,,
period1,sc01,t0286, 7 ,,
period1,sc01,t0287, 7 ,,
period1,sc01,t0288, 7 ,,
period1,sc01,t0289, 7 ,,
period1,sc01,t0290, 7 ,,
period1,sc01,t0291, 7 ,,
period1,sc01,t0292, 7 ,,
period1,sc01,t0293, 7 ,,
period1,sc01,t0294, 7 ,,
period1,sc01,t0295, 49 ,,
period1,sc01,t0296, 7 ,,
period1,sc01,t0297, 7 ,,
period1,sc01,t0298, 7 ,,
period1,sc01,t0299, 7 ,,
period1,sc01,t0300, 7 ,,
period1,sc01,t0301, 7 ,,
period1,sc01,t0302, 7 ,,
period1,sc01,t0303, 7 ,,
period1,sc01,t0304, 7 ,,
period1,sc01,t0305, 7 ,,
period1,sc01,t0306, 7 ,,
period1,sc01,t0307, 7 ,,
period1,sc01,t0308, 7 ,,
period1,sc01,t0309, 7 ,,
period1,sc01,t0310, 7 ,,
period1,sc01,t0311, 7 ,,
period1,sc01,t0312, 7 ,,
period1,sc01,t0313, 7 ,,
period1,sc01,t0314, 7 ,,
period1,sc01,t0315, 7 ,,
period1,sc01,t0316, 7 ,,
period1,sc01,t0317, 7 ,,
period1,sc01,t0318, 35 ,,
period1,sc01,t0319, 7 ,,
period1,sc01,t0320, 7 ,,
period1,sc01,t0321, 7 ,,
period1,sc01,t0322, 7 ,,
period1,sc01,t0323, 7 ,,
period1,sc01,t0324, 7 ,,
period1,sc01,t0325, 7 ,,
period1,sc01,t0326, 7 ,,
period1,sc01,t0327, 7 ,,
period1,sc01,t0328, 7 ,,
period1,sc01,t0329, 7 ,,
period1,sc01,t0330, 7 ,,
period1,sc01,t0331, 7 ,,
period1,sc01,t0332, 7 ,,
period1,sc01,t0333, 7 ,,
period1,sc01,t0334, 7 ,,
period1,sc01,t0335, 7 ,,
period1,sc01,t0336, 7 ,,
period1,sc01,t0337, 7 ,,
period1,sc01,t0338, 7 ,,
period1,sc01,t0339, 7 ,,
period1,sc01,t0340, 7 ,,
period1,sc01,t0341, 7 ,,
period1,sc01,t0342, 7 ,,
period1,sc01,t0343, 7 ,,
period1,sc01,t0344, 56 ,,
period1,sc01,t0345, 7 ,,
period1,sc01,t0346, 7 ,,
period1,sc01,t0347, 7 ,,
period1,sc01,t0348, 7 ,,
period1,sc01,t0349, 7 ,,
period1,sc01,t0350, 7 ,,
period1,sc01,t0351, 7 ,,
period1,sc01,t0352, 7 ,,
period1,sc01,t0353, 7 ,,
period1,sc01,t0354, 7 ,,
period1,sc01,t0355, 7 ,,
period1,sc01,t0356, 7 ,,
period1,sc01,t0357, 7 ,,
period1,sc01,t0358, 7 ,,
period1,sc01,t0359, 7 ,,
period1,sc01,t0360, 7 ,,
period1,sc01,t0361, 7 ,,
period1,sc01,t0362, 7 ,,
period1,sc01,t0363, 7 ,,
period1,sc01,t0364, 7 ,,
period1,sc01,t0365, 7 ,,
period1,sc01,t0366, 7 ,,
period1,sc01,t0367, 7 ,,
period1,sc01,t0368, 49 ,,
period1,sc01,t0369, 7 ,,
period1,sc01,t0370, 7 ,,
period1,sc01,t0371, 7 ,,
period1,sc01,t0372, 7 ,,
period1,sc01,t0373, 7 ,,
period1,sc01,t0374, 7 ,,
period1,sc01,t0375, 7 ,,
period1,sc01,t0376, 7 ,,
period1,sc01,t0377, 7 ,,
period1,sc01,t0378, 7 ,,
period1,sc01,t0379, 7 ,,
period1,sc01,t0380, 7 ,,
period1,sc01,t0381, 7 ,,
period1,sc01,t0382, 7 ,,
period1,sc01,t0383, 7 ,,
period1,sc01,t0384, 7 ,,
period1,sc01,t0385, 7 ,,
period1,sc01,t0386, 7 ,,
period1,sc01,t0387, 7 ,,
period1,sc01,t0388, 7 ,,
period1,sc01,t0389, 7 ,,
period1,sc01,t0390, 7 ,,
period1,sc01,t0391, 7 ,,
period1,sc01,t0392, 35 ,,
period1,sc01,t0393, 7 ,,
period1,sc01,t0394, 7 ,,
period1,sc01,t0395, 7 ,,
period1,sc01,t0396, 7 ,,
period1,sc01,t0397, 7 ,,
period1,sc01,t0398, 7 ,,
period1,sc01,t0399, 7 ,,
period1,sc01,t0400, 7 ,,
period1,sc01,t0401, 7 ,,
period1,sc01,t0402, 7 ,,
period1,sc01,t0403, 7 ,,
period1,sc01,t0404, 7 ,,
period1,sc01,t0405, 7 ,,
period1,sc01,t0406, 7 ,,
period1,sc01,t0407, 7 ,,
period1,sc01,t0408, 7 ,,
period1,sc01,t0409, 7 ,,
period1,sc01,t0410, 7 ,,
period1,sc01,t0411, 7 ,,
period1,sc01,t0412, 7 ,,
period1,sc01,t0413, 7 ,,
period1,sc01,t0414, 7 ,,
period1,sc01,t0415, 7 ,,
period1,sc01,t0416, 7 ,,
period1,sc01,t0417, 7 ,,
period1,sc01,t0418, 7 ,,
period1,sc01,t0419, 7 ,,
period1,sc01,t0420, 7 ,,
period1,sc01,t0421, 7 ,,
period1,sc01,t0422, 7 ,,
period1,sc01,t0423, 7 ,,
period1,sc01,t0424, 7 ,,
period1,sc01,t0425, 7 ,,
period1,sc01,t0426, 7 ,,
period1,sc01,t0427, 7 ,,
period1,sc01,t0428, 7 ,,
period1,sc01,t0429, 7 ,,
period1,sc01,t0430, 7 ,,
period1,sc01,t0431, 7 ,,
period1,sc01,t0432, 7 ,,
period1,sc01,t0433, 7 ,,
period1,sc01,t0434, 7 ,,
period1,sc01,t0435, 7 ,,
period1,sc01,t0436, 7 ,,
period1,sc01,t0437, 7 ,,
period1,sc01,t0438, 7 ,,
period1,sc01,t0439, 7 ,,
period1,sc01,t0440, 7 ,,
period1,sc01,t0441, 7 ,,
period1,sc01,t0442, 7 ,,
period1,sc01,t0443, 7 ,,
period1,sc01,t0444, 7 ,,
period1,sc01,t0445, 7 ,,
period1,sc01,t0446, 7 ,,
period1,sc01,t0447, 7 ,,
period1,sc01,t0448, 7 ,,
period1,sc01,t0449, 7 ,,
period1,sc01,t0450, 7 ,,
period1,sc01,t0451, 7 ,,
period1,sc01,t0452, 7 ,,
period1,sc01,t0453, 7 ,,
period1,sc01,t0454, 7 ,,
period1,sc01,t0455, 7 ,,
period1,sc01,t0456, 7 ,,
period1,sc01,t0457, 7 ,,
period1,sc01,t0458, 7 ,,
period1,sc01,t0459, 7 ,,
period1,sc01,t0460, 7 ,,
period1,sc01,t0461, 7 ,,
period1,sc01,t0462, 7 ,,
period1,sc01,t0463, 7 ,,
period1,sc01,t0464, 7 ,,
period1,sc01,t0465, 35 ,,
period1,sc01,t0466, 7 ,,
period1,sc01,t0467, 7 ,,
period1,sc01,t0468, 7 ,,
period1,sc01,t0469, 7 ,,
period1,sc01,t0470, 7 ,,
period1,sc01,t0471, 7 ,,
period1,sc01,t0472, 7 ,,
period1,sc01,t0473, 7 ,,
period1,sc01,t0474, 7 ,,
period1,sc01,t0475, 7 ,,
period1,sc01,t0476, 7 ,,
period1,sc01,t0477, 7 ,,
period1,sc01,t0478, 7 ,,
period1,sc01,t0479, 7 ,,
period1,sc01,t0480, 7 ,,
period1,sc01,t0481, 7 ,,
period1,sc01,t0482, 7 ,,
period1,sc01,t0483, 7 ,,
period1,sc01,t0484, 7 ,,
period1,sc01,t0485, 7 ,,
period1,sc01,t0486, 7 ,,
period1,sc01,t0487, 7 ,,
period1,sc01,t0488, 7 ,,
period1,sc01,t0489, 35 ,,
period1,sc01,t0490, 7 ,,
period1,sc01,t0491, 7 ,,
period1,sc01,t0492, 7 ,,
period1,sc01,t0493, 7 ,,
period1,sc01,t0494, 7 ,,
period1,sc01,t0495, 7 ,,
period1,sc01,t0496, 7 ,,
period1,sc01,t0497, 7 ,,
period1,sc01,t0498, 7 ,,
period1,sc01,t0499, 7 ,,
period1,sc01,t0500, 7 ,,
period1,sc01,t0501, 7 ,,
period1,sc01,t0502, 7 ,,
period1,sc01,t0503, 7 ,,
period1,sc01,t0504, 7 ,,
period1,sc01,t0505, 7 ,,
period1,sc01,t0506, 7 ,,
period1,sc01,t0507, 7 ,,
period1,sc01,t0508, 7 ,,
period1,sc01,t0509, 7 ,,
period1,sc01,t0510, 7 ,,
period1,sc01,t0511, 35 ,,
period1,sc01,t0512, 7 ,,
period1,sc01,t0513, 7 ,,
period1,sc01,t0514, 7 ,,
period1,sc01,t0515, 7 ,,
period1,sc01,t0516, 7 ,,
period1,sc01,t0517, 7 ,,
period1,sc01,t0518, 7 ,,
period1,sc01,t0519, 7 ,,
period1,sc01,t0520, 7 ,,
period1,sc01,t0521, 7 ,,
period1,sc01,t0522, 7 ,,
period1,sc01,t0523, 7 ,,
period1,sc01,t0524, 7 ,,
period1,sc01,t0525, 7 ,,
period1,sc01,t0526, 7 ,,
period1,sc01,t0527, 7 ,,
period1,sc01,t0528, 7 ,,
period1,sc01,t0529, 7 ,,
period1,sc01,t0530, 7 ,,
period1,sc01,t0531, 7 ,,
period1,sc01,t0532, 7 ,,
period1,sc01,t0533, 7 ,,
period1,sc01,t0534, 7 ,,
period1,sc01,t0535, 7 ,,
period1,sc01,t0536, 42 ,,
period1,sc01,t0537, 7 ,,
period1,sc01,t0538, 7 ,,
period1,sc01,t0539, 7 ,,
period1,sc01,t0540, 7 ,,
period1,sc01,t0541, 7 ,,
period1,sc01,t0542, 7 ,,
period1,sc01,t0543, 7 ,,
period1,sc01,t0544, 7 ,,
period1,sc01,t0545, 7 ,,
period1,sc01,t0546, 7 ,,
period1,sc01,t0547, 7 ,,
period1,sc01,t0548, 7 ,,
period1,sc01,t0549, 7 ,,
period1,sc01,t0550, 7 ,,
period1,sc01,t0551, 7 ,,
period1,sc01,t0552, 7 ,,
period1,sc01,t0553, 7 ,,
period1,sc01,t0554, 7 ,,
period1,sc01,t0555, 7 ,,
period1,sc01,t0556, 7 ,,
period1,sc01,t0557, 7 ,,
period1,sc01,t0558, 7 ,,
period1,sc01,t0559, 7 ,,
period1,sc01,t0560, 7 ,,
period1,sc01,t0561, 42 ,,
period1,sc01,t0562, 7 ,,
period1,sc01,t0563, 7 ,,
period1,sc01,t0564, 7 ,,
period1,sc01,t0565, 7 ,,
period1,sc01,t0566, 7 ,,
period1,sc01,t0567, 7 ,,
period1,sc01,t0568, 7 ,,
period1,sc01,t0569, 7 ,,
period1,sc01,t0570, 7 ,,
period1,sc01,t0571, 7 ,,
period1,sc01,t0572, 7 ,,
period1,sc01,t0573, 7 ,,
period1,sc01,t0574, 7 ,,
period1,sc01,t0575, 7 ,,
period1,sc01,t0576, 7 ,,
period1,sc01,t0577, 7 ,,
period1,sc01,t0578, 7 ,,
period1,sc01,t0579, 7 ,,
period1,sc01,t0580, 7 ,,
period1,sc01,t0581, 7 ,,
period1,sc01,t0582, 7 ,,
period1,sc01,t0583, 7 ,,
period1,sc01,t0584, 7 ,,
period1,sc01,t0585, 7 ,,
period1,sc01,t0586, 7 ,,
period1,sc01,t0587, 7 ,,
period1,sc01,t0588, 7 ,,
period1,sc01,t0589, 7 ,,
period1,sc01,t0590, 7 ,,
period1,sc01,t0591, 7 ,,
period1,sc01,t0592, 7 ,,
period1,sc01,t0593, 7 ,,
period1,sc01,t0594, 7 ,,
period1,sc01,t0595, 7 ,,
period1,sc01,t0596, 7 ,,
period1,sc01,t0597, 7 ,,
period1,sc01,t0598, 7 ,,
period1,sc01,t0599, 7 ,,
period1,sc01,t0600, 7 ,,
period1,sc01,t0601, 7 ,,
period1,sc01,t0602, 7 ,,
period1,sc01,t0603, 7 ,,
period1,sc01,t0604, 7 ,,
period1,sc01,t0605, 7 ,,
period1,sc01,t0606, 7 ,,
period1,sc01,t0607, 7 ,,
period1,sc01,t0608, 7 ,,
period1,sc01,t0609, 7 ,,
period1,sc01,t0610, 7 ,,
period1,sc01,t0611, 7 ,,
period1,sc01,t0612, 7 ,,
period1,sc01,t0613, 7 ,,
period1,sc01,t0614, 7 ,,
period1,sc01,t0615, 7 ,,
period1,sc01,t0616, 7 ,,
period1,sc01,t0617, 7 ,,
period1,sc01,t0618, 7 ,,
period1,sc01,t0619, 7 ,,
period1,sc01,t0620, 7 ,,
period1,sc01,t0621, 7 ,,
period1,sc01,t0622, 7 ,,
period1,sc01,t0623, 7 ,,
period1,sc01,t0624, 7 ,,
period1,sc01,t0625, 7 ,,
period1,sc01,t0626, 7 ,,
period1,sc01,t0627, 7 ,,
period1,sc01,t0628, 7 ,,
period1,sc01,t0629, 7 ,,
period1,sc01,t0630, 7 ,,
period1,sc01,t0631, 7 ,,
period1,sc01,t0632, 7 ,,
period1,sc01,t0633, 35 ,,
period1,sc01,t0634, 7 ,,
period1,sc01,t0635, 7 ,,
period1,sc01,t0636, 7 ,,
period1,sc01,t0637, 7 ,,
period1,sc01,t0638, 7 ,,
period1,sc01,t0639, 7 ,,
period1,sc01,t0640, 7 ,,
period1,sc01,t0641, 7 ,,
period1,sc01,t0642, 7 ,,
period1,sc01,t0643, 7 ,,
period1,sc01,t0644, 7 ,,
period1,sc01,t0645, 7 ,,
period1,sc01,t0646, 7 ,,
period1,sc01,t0647, 7 ,,
period1,sc01,t0648, 7 ,,
period1,sc01,t0649, 7 ,,
period1,sc01,t0650, 7 ,,
period1,sc01,t0651, 7 ,,
period1,sc01,t0652, 7 ,,
period1,sc01,t0653, 7 ,,
period1,sc01,t0654, 7 ,,
period1,sc01,t0655, 7 ,,
period1,sc01,t0656, 42 ,,
period1,sc01,t0657, 7 ,,
period1,sc01,t0658, 7 ,,
period1,sc01,t0659, 7 ,,
period1,sc01,t0660, 7 ,,
period1,sc01,t0661, 7 ,,
period1,sc01,t0662, 7 ,,
period1,sc01,t0663, 7 ,,
period1,sc01,t0664, 7 ,,
period1,sc01,t0665, 7 ,,
period1,sc01,t0666, 7 ,,
period1,sc01,t0667, 7 ,,
period1,sc01,t0668, 7 ,,
period1,sc01,t0669, 7 ,,
period1,sc01,t0670, 7 ,,
period1,sc01,t0671, 7 ,,
period1,sc01,t0672, 7 ,,
period1,sc01,t0673, 7 ,,
period1,sc01,t0674, 7 ,,
period1,sc01,t0675, 7 ,,
period1,sc01,t0676, 7 ,,
period1,sc01,t0677, 7 ,,
period1,sc01,t0678, 7 ,,
period1,sc01,t0679, 7 ,,
period1,sc01,t0680, 7 ,,
period1,sc01,t0681, 35 ,,
period1,sc01,t0682, 7 ,,
period1,sc01,t0683, 7 ,,
period1,sc01,t0684, 7 ,,
period1,sc01,t0685, 7 ,,
period1,sc01,t0686, 7 ,,
period1,sc01,t0687, 7 ,,
period1,sc01,t0688, 7 ,,
period1,sc01,t0689, 7 ,,
period1,sc01,t0690, 7 ,,
period1,sc01,t0691, 7 ,,
period1,sc01,t0692, 7 ,,
period1,sc01,t0693, 7 ,,
period1,sc01,t0694, 7 ,,
period1,sc01,t0695, 7 ,,
period1,sc01,t0696, 7 ,,
period1,sc01,t0697, 7 ,,
period1,sc01,t0698, 7 ,,
period1,sc01,t0699, 7 ,,
period1,sc01,t0700, 7 ,,
period1,sc01,t0701, 7 ,,
period1,sc01,t0702, 7 ,,
period1,sc01,t0703, 7 ,,
period1,sc01,t0704, 7 ,,
period1,sc01,t0705, 35 ,,
period1,sc01,t0706, 7 ,,
period1,sc01,t0707, 7 ,,
period1,sc01,t0708, 7 ,,
period1,sc01,t0709, 7 ,,
period1,sc01,t0710, 7 ,,
period1,sc01,t0711, 7 ,,
period1,sc01,t0712, 7 ,,
period1,sc01,t0713, 7 ,,
period1,sc01,t0714, 7 ,,
period1,sc01,t0715, 7 ,,
period1,sc01,t0716, 7 ,,
period1,sc01,t0717, 7 ,,
period1,sc01,t0718, 7 ,,
period1,sc01,t0719, 7 ,,
period1,sc01,t0720, 7 ,,
period1,sc01,t0721, 7 ,,
period1,sc01,t0722, 7 ,,
period1,sc01,t0723, 7 ,,
period1,sc01,t0724, 7 ,,
period1,sc01,t0725, 7 ,,
period1,sc01,t0726, 7 ,,
period1,sc01,t0727, 7 ,,
period1,sc01,t0728, 7 ,,
period1,sc01,t0729, 42 ,,
period1,sc01,t0730, 7 ,,
period1,sc01,t0731, 7 ,,
period1,sc01,t0732, 7 ,,
period1,sc01,t0733, 7 ,,
period1,sc01,t0734, 7 ,,
period1,sc01,t0735, 7 ,,
period1,sc01,t0736, 7 ,,
period1,sc01,t0737, 7 ,,
period1,sc01,t0738, 7 ,,
period1,sc01,t0739, 7 ,,
period1,sc01,t0740, 7 ,,
period1,sc01,t0741, 7 ,,
period1,sc01,t0742, 7 ,,
period1,sc01,t0743, 7 ,,
period1,sc01,t0744, 7 ,,
period1,sc01,t0745, 7 ,,
period1,sc01,t0746, 7 ,,
period1,sc01,t0747, 7 ,,
period1,sc01,t0748, 7 ,,
period1,sc01,t0749, 7 ,,
period1,sc01,t0750, 7 ,,
period1,sc01,t0751, 7 ,,
period1,sc01,t0752, 7 ,,
period1,sc01,t0753, 7 ,,
period1,sc01,t0754, 7 ,,
period1,sc01,t0755, 7 ,,
period1,sc01,t0756, 7 ,,
period1,sc01,t0757, 7 ,,
period1,sc01,t0758, 7 ,,
period1,sc01,t0759, 7 ,,
period1,sc01,t0760, 7 ,,
period1,sc01,t0761, 7 ,,
period1,sc01,t0762, 7 ,,
period1,sc01,t0763, 7 ,,
period1,sc01,t0764, 7 ,,
period1,sc01,t0765, 7 ,,
period1,sc01,t0766, 7 ,,
period1,sc01,t0767, 7 ,,
period1,sc01,t0768, 7 ,,
period1,sc01,t0769, 7 ,,
period1,sc01,t0770, 7 ,,
period1,sc01,t0771, 7 ,,
period1,sc01,t0772, 7 ,,
period1,sc01,t0773, 7 ,,
period1,sc01,t0774, 7 ,,
period1,sc01,t0775, 7 ,,
period1,sc01,t0776, 42 ,,
period1,sc01,t0777, 7 ,,
period1,sc01,t0778, 7 ,,
period1,sc01,t0779, 7 ,,
period1,sc01,t0780, 7 ,,
period1,sc01,t0781, 7 ,,
period1,sc01,t0782, 7 ,,
period1,sc01,t0783, 7 ,,
period1,sc01,t0784, 7 ,,
period1,sc01,t0785, 7 ,,
period1,sc01,t0786, 7 ,,
period1,sc01,t0787, 7 ,,
period1,sc01,t0788, 7 ,,
period1,sc01,t0789, 7 ,,
period1,sc01,t0790, 7 ,,
period1,sc01,t0791, 7 ,,
period1,sc01,t0792, 7 ,,
period1,sc01,t0793, 7 ,,
period1,sc01,t0794, 7 ,,
period1,sc01,t0795, 7 ,,
period1,sc01,t0796, 7 ,,
period1,sc01,t0797, 7 ,,
period1,sc01,t0798, 7 ,,
period1,sc01,t0799, 7 ,,
period1,sc01,t0800, 7 ,,
period1,sc01,t0801, 7 ,,
period1,sc01,t0802, 7 ,,
period1,sc01,t0803, 7 ,,
period1,sc01,t0804, 7 ,,
period1,sc01,t0805, 7 ,,
period1,sc01,t0806, 7 ,,
period1,sc01,t0807, 7 ,,
period1,sc01,t0808, 7 ,,
period1,sc01,t0809, 7 ,,
period1,sc01,t0810, 7 ,,
period1,sc01,t0811, 7 ,,
period1,sc01,t0812, 7 ,,
period1,sc01,t0813, 7 ,,
period1,sc01,t0814, 7 ,,
period1,sc01,t0815, 7 ,,
period1,sc01,t0816, 7 ,,
period1,sc01,t0817, 7 ,,
period1,sc01,t0818, 7 ,,
period1,sc01,t0819, 7 ,,
period1,sc01,t0820, 7 ,,
period1,sc01,t0821, 7 ,,
period1,sc01,t0822, 7 ,,
period1,sc01,t0823, 7 ,,
period1,sc01,t0824, 7 ,,
period1,sc01,t0825, 49 ,,
period1,sc01,t0826, 7 ,,
period1,sc01,t0827, 7 ,,
period1,sc01,t0828, 7 ,,
period1,sc01,t0829, 7 ,,
period1,sc01,t0830, 7 ,,
period1,sc01,t0831, 7 ,,
period1,sc01,t0832, 7 ,,
period1,sc01,t0833, 7 ,,
period1,sc01,t0834, 7 ,,
period1,sc01,t0835, 7 ,,
period1,sc01,t0836, 7 ,,
period1,sc01,t0837, 7 ,,
period1,sc01,t0838, 7 ,,
period1,sc01,t0839, 7 ,,
period1,sc01,t0840, 7 ,,
period1,sc01,t0841, 7 ,,
period1,sc01,t0842, 7 ,,
period1,sc01,t0843, 7 ,,
period1,sc01,t0844, 7 ,,
period1,sc01,t0845, 7 ,,
period1,sc01,t0846, 35 ,,
period1,sc01,t0847, 7 ,,
period1,sc01,t0848, 7 ,,
period1,sc01,t0849, 7 ,,
period1,sc01,t0850, 7 ,,
period1,sc01,t0851, 7 ,,
period1,sc01,t0852, 7 ,,
period1,sc01,t0853, 7 ,,
period1,sc01,t0854, 7 ,,
period1,sc01,t0855, 7 ,,
period1,sc01,t0856, 7 ,,
period1,sc01,t0857, 7 ,,
period1,sc01,t0858, 7 ,,
period1,sc01,t0859, 7 ,,
period1,sc01,t0860, 7 ,,
period1,sc01,t0861, 7 ,,
period1,sc01,t0862, 7 ,,
period1,sc01,t0863, 7 ,,
period1,sc01,t0864, 7 ,,
period1,sc01,t0865, 7 ,,
period1,sc01,t0866, 7 ,,
period1,sc01,t0867, 7 ,,
period1,sc01,t0868, 7 ,,
period1,sc01,t0869, 7 ,,
period1,sc01,t0870, 42 ,,
period1,sc01,t0871, 7 ,,
period1,sc01,t0872, 7 ,,
period1,sc01,t0873, 7 ,,
period1,sc01,t0874, 7 ,,
period1,sc01,t0875, 7 ,,
period1,sc01,t0876, 7 ,,
period1,sc01,t0877, 7 ,,
period1,sc01,t0878, 7 ,,
period1,sc01,t0879, 7 ,,
period1,sc01,t0880, 7 ,,
period1,sc01,t0881, 7 ,,
period1,sc01,t0882, 7 ,,
period1,sc01,t0883, 7 ,,
period1,sc01,t0884, 7 ,,
period1,sc01,t0885, 7 ,,
period1,sc01,t0886, 7 ,,
period1,sc01,t0887, 7 ,,
period1,sc01,t0888, 7 ,,
period1,sc01,t0889, 7 ,,
period1,sc01,t0890, 7 ,,
period1,sc01,t0891, 7 ,,
period1,sc01,t0892, 7 ,,
period1,sc01,t0893, 7 ,,
period1,sc01,t0894, 7 ,,
period1,sc01,t0895, 7 ,,
period1,sc01,t0896, 42 ,,
period1,sc01,t0897, 7 ,,
period1,sc01,t0898, 7 ,,
period1,sc01,t0899, 7 ,,
period1,sc01,t0900, 7 ,,
period1,sc01,t0901, 7 ,,
period1,sc01,t0902, 7 ,,
period1,sc01,t0903, 7 ,,
period1,sc01,t0904, 7 ,,
period1,sc01,t0905, 7 ,,
period1,sc01,t0906, 7 ,,
period1,sc01,t0907, 7 ,,
period1,sc01,t0908, 7 ,,
period1,sc01,t0909, 7 ,,
period1,sc01,t0910, 7 ,,
period1,sc01,t0911, 7 ,,
period1,sc01,t0912, 7 ,,
period1,sc01,t0913, 7 ,,
period1,sc01,t0914, 7 ,,
period1,sc01,t0915, 7 ,,
period1,sc01,t0916, 7 ,,
period1,sc01,t0917, 7 ,,
period1,sc01,t0918, 7 ,,
period1,sc01,t0919, 7 ,,
period1,sc01,t0920, 7 ,,
period1,sc01,t0921, 7 ,,
period1,sc01,t0922, 7 ,,
period1,sc01,t0923, 7 ,,
period1,sc01,t0924, 7 ,,
period1,sc01,t0925, 7 ,,
period1,sc01,t0926, 7 ,,
period1,sc01,t0927, 7 ,,
period1,sc01,t0928, 7 ,,
period1,sc01,t0929, 7 ,,
period1,sc01,t0930, 7 ,,
period1,sc01,t0931, 7 ,,
period1,sc01,t0932, 7 ,,
period1,sc01,t0933, 7 ,,
period1,sc01,t0934, 7 ,,
period1,sc01,t0935, 7 ,,
period1,sc01,t0936, 7 ,,
period1,sc01,t0937, 7 ,,
period1,sc01,t0938, 7 ,,
period1,sc01,t0939, 7 ,,
period1,sc01,t0940, 7 ,,
period1,sc01,t0941, 7 ,,
period1,sc01,t0942, 7 ,,
period1,sc01,t0943, 7 ,,
period1,sc01,t0944, 7 ,,
period1,sc01,t0945, 7 ,,
period1,sc01,t0946, 7 ,,
period1,sc01,t0947, 7 ,,
period1,sc01,t0948, 7 ,,
period1,sc01,t0949, 7 ,,
period1,sc01,t0950, 7 ,,
period1,sc01,t0951, 7 ,,
period1,sc01,t0952, 7 ,,
period1,sc01,t0953, 7 ,,
period1,sc01,t0954, 7 ,,
period1,sc01,t0955, 7 ,,
period1,sc01,t0956, 7 ,,
period1,sc01,t0957, 7 ,,
period1,sc01,t0958, 7 ,,
period1,sc01,t0959, 7 ,,
period1,sc01,t0960, 7 ,,
period1,sc01,t0961, 7 ,,
period1,sc01,t0962, 7 ,,
period1,sc01,t0963, 7 ,,
period1,sc01,t0964, 7 ,,
period1,sc01,t0965, 7 ,,
period1,sc01,t0966, 7 ,,
period1,sc01,t0967, 7 ,,
period1,sc01,t0968, 7 ,,
period1,sc01,t0969, 35 ,,
period1,sc01,t0970, 7 ,,
period1,sc01,t0971, 7 ,,
period1,sc01,t0972, 7 ,,
period1,sc01,t0973, 7 ,,
period1,sc01,t0974, 7 ,,
period1,sc01,t0975, 7 ,,
period1,sc01,t0976, 7 ,,
period1,sc01,t0977, 7 ,,
period1,sc01,t0978, 7 ,,
period1,sc01,t0979, 7 ,,
period1,sc01,t0980, 7 ,,
period1,sc01,t0981, 7 ,,
period1,sc01,t0982, 7 ,,
period1,sc01,t0983, 7 ,,
period1,sc01,t0984, 7 ,,
period1,sc01,t0985, 7 ,,
period1,sc01,t0986, 7 ,,
period1,sc01,t0987, 7 ,,
period1,sc01,t0988, 7 ,,
period1,sc01,t0989, 7 ,,
period1,sc01,t0990, 7 ,,
period1,sc01,t0991, 7 ,,
period1,sc01,t0992, 7 ,,
period1,sc01,t0993, 42 ,,
period1,sc01,t0994, 7 ,,
period1,sc01,t0995, 7 ,,
period1,sc01,t0996, 7 ,,
period1,sc01,t0997, 7 ,,
period1,sc01,t0998, 7 ,,
period1,sc01,t0999, 7 ,,
period1,sc01,t1000, 7 ,,
period1,sc01,t1001, 7 ,,
period1,sc01,t1002, 7 ,,
period1,sc01,t1003, 7 ,,
period1,sc01,t1004, 7 ,,
period1,sc01,t1005, 7 ,,
period1,sc01,t1006, 7 ,,
period1,sc01,t1007, 7 ,,
period1,sc01,t1008, 7 ,,
period1,sc01,t1009, 7 ,,
period1,sc01,t1010, 7 ,,
period1,sc01,t1011, 7 ,,
period1,sc01,t1012, 7 ,,
period1,sc01,t1013, 7 ,,
period1,sc01,t1014, 7 ,,
period1,sc01,t1015, 7 ,,
period1,sc01,t1016, 35 ,,
period1,sc01,t1017, 7 ,,
period1,sc01,t1018, 7 ,,
period1,sc01,t1019, 7 ,,
period1,sc01,t1020, 7 ,,
period1,sc01,t1021, 7 ,,
period1,sc01,t1022, 7 ,,
period1,sc01,t1023, 7 ,,
period1,sc01,t1024, 7 ,,
period1,sc01,t1025, 7 ,,
period1,sc01,t1026, 7 ,,
period1,sc01,t1027, 7 ,,
period1,sc01,t1028, 7 ,,
period1,sc01,t1029, 7 ,,
period1,sc01,t1030, 7 ,,
period1,sc01,t1031, 7 ,,
period1,sc01,t1032, 7 ,,
period1,sc01,t1033, 7 ,,
period1,sc01,t1034, 7 ,,
period1,sc01,t1035, 7 ,,
period1,sc01,t1036, 7 ,,
period1,sc01,t1037, 7 ,,
period1,sc01,t1038, 7 ,,
period1,sc01,t1039, 7 ,,
period1,sc01,t1040, 35 ,,
period1,sc01,t1041, 7 ,,
period1,sc01,t1042, 7 ,,
period1,sc01,t1043, 7 ,,
period1,sc01,t1044, 7 ,,
period1,sc01,t1045, 7 ,,
period1,sc01,t1046, 7 ,,
period1,sc01,t1047, 7 ,,
period1,sc01,t1048, 7 ,,
period1,sc01,t1049, 7 ,,
period1,sc01,t1050, 7 ,,
period1,sc01,t1051, 7 ,,
period1,sc01,t1052, 7 ,,
period1,sc01,t1053, 7 ,,
period1,sc01,t1054, 7 ,,
period1,sc01,t1055, 7 ,,
period1,sc01,t1056, 7 ,,
period1,sc01,t1057, 7 ,,
period1,sc01,t1058, 7 ,,
period1,sc01,t1059, 7 ,,
period1,sc01,t1060, 7 ,,
period1,sc01,t1061, 7 ,,
period1,sc01,t1062, 7 ,,
period1,sc01,t1063, 7 ,,
period1,sc01,t1064, 7 ,,
period1,sc01,t1065, 56 ,,
period1,sc01,t1066, 7 ,,
period1,sc01,t1067, 7 ,,
period1,sc01,t1068, 7 ,,
period1,sc01,t1069, 7 ,,
period1,sc01,t1070, 7 ,,
period1,sc01,t1071, 7 ,,
period1,sc01,t1072, 7 ,,
period1,sc01,t1073, 7 ,,
period1,sc01,t1074, 7 ,,
period1,sc01,t1075, 7 ,,
period1,sc01,t1076, 7 ,,
period1,sc01,t1077, 7 ,,
period1,sc01,t1078, 7 ,,
period1,sc01,t1079, 7 ,,
period1,sc01,t1080, 7 ,,
period1,sc01,t1081, 7 ,,
period1,sc01,t1082, 7 ,,
period1,sc01,t1083, 7 ,,
period1,sc01,t1084, 7 ,,
period1,sc01,t1085, 7 ,,
period1,sc01,t1086, 7 ,,
period1,sc01,t1087, 7 ,,
period1,sc01,t1088, 7 ,,
period1,sc01,t1089, 7 ,,
period1,sc01,t1090, 7 ,,
period1,sc01,t1091, 7 ,,
period1,sc01,t1092, 7 ,,
period1,sc01,t1093, 7 ,,
period1,sc01,t1094, 7 ,,
period1,sc01,t1095, 7 ,,
period1,sc01,t1096, 7 ,,
period1,sc01,t1097, 7 ,,
period1,sc01,t1098, 7 ,,
period1,sc01,t1099, 7 ,,
period1,sc01,t1100, 7 ,,
period1,sc01,t1101, 7 ,,
period1,sc01,t1102, 7 ,,
period1,sc01,t1103, 7 ,,
period1,sc01,t1104, 7 ,,
period1,sc01,t1105, 7 ,,
period1,sc01,t1106, 7 ,,
period1,sc01,t1107, 7 ,,
period1,sc01,t1108, 7 ,,
period1,sc01,t1109, 7 ,,
period1,sc01,t1110, 7 ,,
period1,sc01,t1111, 7 ,,
period1,sc01,t1112, 7 ,,
period1,sc01,t1113, 7 ,,
period1,sc01,t1114, 7 ,,
period1,sc01,t1115, 7 ,,
period1,sc01,t1116, 7 ,,
period1,sc01,t1117, 7 ,,
period1,sc01,t1118, 7 ,,
period1,sc01,t1119, 7 ,,
period1,sc01,t1120, 7 ,,
period1,sc01,t1121, 7 ,,
period1,sc01,t1122, 7 ,,
period1,sc01,t1123, 7 ,,
period1,sc01,t1124, 7 ,,
period1,sc01,t1125, 7 ,,
period1,sc01,t1126, 7 ,,
period1,sc01,t1127, 7 ,,
period1,sc01,t1128, 7 ,,
period1,sc01,t1129, 7 ,,
period1,sc01,t1130, 7 ,,
period1,sc01,t1131, 7 ,,
period1,sc01,t1132, 7 ,,
period1,sc01,t1133, 7 ,,
period1,sc01,t1134, 7 ,,
period1,sc01,t1135, 7 ,,
period1,sc01,t1136, 56 ,,
period1,sc01,t1137, 7 ,,
period1,sc01,t1138, 7 ,,
period1,sc01,t1139, 7 ,,
period1,sc01,t1140, 7 ,,
period1,sc01,t1141, 7 ,,
period1,sc01,t1142, 7 ,,
period1,sc01,t1143, 7 ,,
period1,sc01,t1144, 7 ,,
period1,sc01,t1145, 7 ,,
period1,sc01,t1146, 7 ,,
period1,sc01,t1147, 7 ,,
period1,sc01,t1148, 7 ,,
period1,sc01,t1149, 7 ,,
period1,sc01,t1150, 7 ,,
period1,sc01,t1151, 7 ,,
period1,sc01,t1152, 7 ,,
period1,sc01,t1153, 7 ,,
period1,sc01,t1154, 7 ,,
period1,sc01,t1155, 7 ,,
period1,sc01,t1156, 7 ,,
period1,sc01,t1157, 7 ,,
period1,sc01,t1158, 7 ,,
period1,sc01,t1159, 49 ,,
period1,sc01,t1160, 7 ,,
period1,sc01,t1161, 7 ,,
period1,sc01,t1162, 7 ,,
period1,sc01,t1163, 7 ,,
period1,sc01,t1164, 7 ,,
period1,sc01,t1165, 7 ,,
period1,sc01,t1166, 7 ,,
period1,sc01,t1167, 7 ,,
period1,sc01,t1168, 7 ,,
period1,sc01,t1169, 7 ,,
period1,sc01,t1170, 7 ,,
period1,sc01,t1171, 7 ,,
period1,sc01,t1172, 7 ,,
period1,sc01,t1173, 7 ,,
period1,sc01,t1174, 7 ,,
period1,sc01,t1175, 7 ,,
period1,sc01,t1176, 7 ,,
period1,sc01,t1177, 7 ,,
period1,sc01,t1178, 7 ,,
period1,sc01,t1179, 7 ,,
period1,sc01,t1180, 7 ,,
period1,sc01,t1181, 7 ,,
period1,sc01,t1182, 7 ,,
period1,sc01,t1183, 7 ,,
period1,sc01,t1184, 35 ,,
period1,sc01,t1185, 7 ,,
period1,sc01,t1186, 7 ,,
period1,sc01,t1187, 7 ,,
period1,sc01,t1188, 7 ,,
period1,sc01,t1189, 7 ,,
period1,sc01,t1190, 7 ,,
period1,sc01,t1191, 7 ,,
period1,sc01,t1192, 7 ,,
period1,sc01,t1193, 7 ,,
period1,sc01,t1194, 7 ,,
period1,sc01,t1195, 7 ,,
period1,sc01,t1196, 7 ,,
period1,sc01,t1197, 7 ,,
period1,sc01,t1198, 7 ,,
period1,sc01,t1199, 7 ,,
period1,sc01,t1200, 7 ,,
period1,sc01,t1201, 7 ,,
period1,sc01,t1202, 7 ,,
period1,sc01,t1203, 7 ,,
period1,sc01,t1204, 7 ,,
period1,sc01,t1205, 7 ,,
period1,sc01,t1206, 7 ,,
period1,sc01,t1207, 7 ,,
period1,sc01,t1208, 35 ,,
period1,sc01,t1209, 7 ,,
period1,sc01,t1210, 7 ,,
period1,sc01,t1211, 7 ,,
period1,sc01,t1212, 7 ,,
period1,sc01,t1213, 7 ,,
period1,sc01,t1214, 7 ,,
period1,sc01,t1215, 7 ,,
period1,sc01,t1216, 7 ,,
period1,sc01,t1217, 7 ,,
period1,sc01,t1218, 7 ,,
period1,sc01,t1219, 7 ,,
period1,sc01,t1220, 7 ,,
period1,sc01,t1221, 7 ,,
period1,sc01,t1222, 7 ,,
period1,sc01,t1223, 7 ,,
period1,sc01,t1224, 7 ,,
period1,sc01,t1225, 7 ,,
period1,sc01,t1226, 7 ,,
period1,sc01,t1227, 7 ,,
period1,sc01,t1228, 7 ,,
period1,sc01,t1229, 7 ,,
period1,sc01,t1230, 7 ,,
period1,sc01,t1231, 7 ,,
period1,sc01,t1232, 7 ,,
period1,sc01,t1233, 42 ,,
period1,sc01,t1234, 7 ,,
period1,sc01,t1235, 7 ,,
period1,sc01,t1236, 7 ,,
period1,sc01,t1237, 7 ,,
period1,sc01,t1238, 7 ,,
period1,sc01,t1239, 7 ,,
period1,sc01,t1240, 7 ,,
period1,sc01,t1241, 7 ,,
period1,sc01,t1242, 7 ,,
period1,sc01,t1243, 7 ,,
period1,sc01,t1244, 7 ,,
period1,sc01,t1245, 7 ,,
period1,sc01,t1246, 7 ,,
period1,sc01,t1247, 7 ,,
period1,sc01,t1248, 7 ,,
period1,sc01,t1249, 7 ,,
period1,sc01,t1250, 7 ,,
period1,sc01,t1251, 7 ,,
period1,sc01,t1252, 7 ,,
period1,sc01,t1253, 7 ,,
period1,sc01,t1254, 7 ,,
period1,sc01,t1255, 7 ,,
period1,sc01,t1256, 7 ,,
period1,sc01,t1257, 7 ,,
period1,sc01,t1258, 7 ,,
period1,sc01,t1259, 7 ,,
period1,sc01,t1260, 7 ,,
period1,sc01,t1261, 7 ,,
period1,sc01,t1262, 7 ,,
period1,sc01,t1263, 7 ,,
period1,sc01,t1264, 7 ,,
period1,sc01,t1265, 7 ,,
period1,sc01,t1266, 7 ,,
period1,sc01,t1267, 7 ,,
period1,sc01,t1268, 7 ,,
period1,sc01,t1269, 7 ,,
period1,sc01,t1270, 7 ,,
period1,sc01,t1271, 7 ,,
period1,sc01,t1272, 7 ,,
period1,sc01,t1273, 7 ,,
period1,sc01,t1274, 7 ,,
period1,sc01,t1275, 7 ,,
period1,sc01,t1276, 7 ,,
period1,sc01,t1277, 7 ,,
period1,sc01,t1278, 7 ,,
period1,sc01,t1279, 7 ,,
period1,sc01,t1280, 7 ,,
period1,sc01,t1281, 7 ,,
period1,sc01,t1282, 7 ,,
period1,sc01,t1283, 7 ,,
period1,sc01,t1284, 7 ,,
period1,sc01,t1285, 7 ,,
period1,sc01,t1286, 7 ,,
period1,sc01,t1287, 7 ,,
period1,sc01,t1288, 7 ,,
period1,sc01,t1289, 7 ,,
period1,sc01,t1290, 7 ,,
period1,sc01,t1291, 7 ,,
period1,sc01,t1292, 7 ,,
period1,sc01,t1293, 7 ,,
period1,sc01,t1294, 7 ,,
period1,sc01,t1295, 7 ,,
period1,sc01,t1296, 7 ,,
period1,sc01,t1297, 7 ,,
period1,sc01,t1298, 7 ,,
period1,sc01,t1299, 7 ,,
period1,sc01,t1300, 7 ,,
period1,sc01,t1301, 7 ,,
period1,sc01,t1302, 7 ,,
period1,sc01,t1303, 7 ,,
period1,sc01,t1304, 7 ,,
period1,sc01,t1305, 7 ,,
period1,sc01,t1306, 42 ,,
period1,sc01,t1307, 7 ,,
period1,sc01,t1308, 7 ,,
period1,sc01,t1309, 7 ,,
period1,sc01,t1310, 7 ,,
period1,sc01,t1311, 7 ,,
period1,sc01,t1312, 7 ,,
period1,sc01,t1313, 7 ,,
period1,sc01,t1314, 7 ,,
period1,sc01,t1315, 7 ,,
period1,sc01,t1316, 7 ,,
period1,sc01,t1317, 7 ,,
period1,sc01,t1318, 7 ,,
period1,sc01,t1319, 7 ,,
period1,sc01,t1320, 7 ,,
period1,sc01,t1321, 7 ,,
period1,sc01,t1322, 7 ,,
period1,sc01,t1323, 7 ,,
period1,sc01,t1324, 7 ,,
period1,sc01,t1325, 7 ,,
period1,sc01,t1326, 7 ,,
period1,sc01,t1327, 7 ,,
period1,sc01,t1328, 7 ,,
period1,sc01,t1329, 35 ,,
period1,sc01,t1330, 7 ,,
period1,sc01,t1331, 7 ,,
period1,sc01,t1332, 7 ,,
period1,sc01,t1333, 7 ,,
period1,sc01,t1334, 7 ,,
period1,sc01,t1335, 7 ,,
period1,sc01,t1336, 7 ,,
period1,sc01,t1337, 7 ,,
period1,sc01,t1338, 7 ,,
period1,sc01,t1339, 7 ,,
period1,sc01,t1340, 7 ,,
period1,sc01,t1341, 7 ,,
period1,sc01,t1342, 7 ,,
period1,sc01,t1343, 7 ,,
period1,sc01,t1344, 7 ,,
period1,sc01,t1345, 7 ,,
period1,sc01,t1346, 7 ,,
period1,sc01,t1347, 7 ,,
period1,sc01,t1348, 7 ,,
period1,sc01,t1349, 7 ,,
period1,sc01,t1350, 7 ,,
period1,sc01,t1351, 7 ,,
period1,sc01,t1352, 42 ,,
period1,sc01,t1353, 7 ,,
period1,sc01,t1354, 7 ,,
period1,sc01,t1355, 7 ,,
period1,sc01,t1356, 7 ,,
period1,sc01,t1357, 7 ,,
period1,sc01,t1358, 7 ,,
period1,sc01,t1359, 7 ,,
period1,sc01,t1360, 7 ,,
period1,sc01,t1361, 7 ,,
period1,sc01,t1362, 7 ,,
period1,sc01,t1363, 7 ,,
period1,sc01,t1364, 7 ,,
period1,sc01,t1365, 7 ,,
period1,sc01,t1366, 7 ,,
period1,sc01,t1367, 7 ,,
period1,sc01,t1368, 7 ,,
period1,sc01,t1369, 7 ,,
period1,sc01,t1370, 7 ,,
period1,sc01,t1371, 7 ,,
period1,sc01,t1372, 7 ,,
period1,sc01,t1373, 7 ,,
period1,sc01,t1374, 7 ,,
period1,sc01,t1375, 7 ,,
period1,sc01,t1376, 7 ,,
period1,sc01,t1377, 7 ,,
period1,sc01,t1378, 35 ,,
period1,sc01,t1379, 7 ,,
period1,sc01,t1380, 7 ,,
period1,sc01,t1381, 7 ,,
period1,sc01,t1382, 7 ,,
period1,sc01,t1383, 7 ,,
period1,sc01,t1384, 7 ,,
period1,sc01,t1385, 7 ,,
period1,sc01,t1386, 7 ,,
period1,sc01,t1387, 7 ,,
period1,sc01,t1388, 7 ,,
period1,sc01,t1389, 7 ,,
period1,sc01,t1390, 7 ,,
period1,sc01,t1391, 7 ,,
period1,sc01,t1392, 7 ,,
period1,sc01,t1393, 7 ,,
period1,sc01,t1394, 7 ,,
period1,sc01,t1395, 7 ,,
period1,sc01,t1396, 7 ,,
period1,sc01,t1397, 7 ,,
period1,sc01,t1398, 7 ,,
period1,sc01,t1399, 7 ,,
period1,sc01,t1400, 7 ,,
period1,sc01,t1401, 7 ,,
period1,sc01,t1402, 56 ,,
period1,sc01,t1403, 7 ,,
period1,sc01,t1404, 7 ,,
period1,sc01,t1405, 7 ,,
period1,sc01,t1406, 7 ,,
period1,sc01,t1407, 7 ,,
period1,sc01,t1408, 7 ,,
period1,sc01,t1409, 7 ,,
period1,sc01,t1410, 7 ,,
period1,sc01,t1411, 7 ,,
period1,sc01,t1412, 7 ,,
period1,sc01,t1413, 7 ,,
period1,sc01,t1414, 7 ,,
period1,sc01,t1415, 7 ,,
period1,sc01,t1416, 7 ,,
period1,sc01,t1417, 7 ,,
period1,sc01,t1418, 7 ,,
period1,sc01,t1419, 7 ,,
period1,sc01,t1420, 7 ,,
period1,sc01,t1421, 7 ,,
period1,sc01,t1422, 7 ,,
period1,sc01,t1423, 7 ,,
period1,sc01,t1424, 7 ,,
period1,sc01,t1425, 7 ,,
period1,sc01,t1426, 7 ,,
period1,sc01,t1427, 7 ,,
period1,sc01,t1428, 7 ,,
period1,sc01,t1429, 7 ,,
period1,sc01,t1430, 7 ,,
period1,sc01,t1431, 7 ,,
period1,sc01,t1432, 7 ,,
period1,sc01,t1433, 7 ,,
period1,sc01,t1434, 7 ,,
period1,sc01,t1435, 7 ,,
period1,sc01,t1436, 7 ,,
period1,sc01,t1437, 7 ,,
period1,sc01,t1438, 7 ,,
period1,sc01,t1439, 7 ,,
period1,sc01,t1440, 7 ,,
period1,sc01,t1441, 7 ,,
period1,sc01,t1442, 7 ,,
period1,sc01,t1443, 7 ,,
period1,sc01,t1444, 7 ,,
period1,sc01,t1445, 7 ,,
period1,sc01,t1446, 7 ,,
period1,sc01,t1447, 7 ,,
period1,sc01,t1448, 7 ,,
period1,sc01,t1449, 7 ,,
period1,sc01,t1450, 7 ,,
period1,sc01,t1451, 7 ,,
period1,sc01,t1452, 7 ,,
period1,sc01,t1453, 7 ,,
period1,sc01,t1454, 7 ,,
period1,sc01,t1455, 7 ,,
period1,sc01,t1456, 7 ,,
period1,sc01,t1457, 7 ,,
period1,sc01,t1458, 7 ,,
period1,sc01,t1459, 7 ,,
period1,sc01,t1460, 7 ,,
period1,sc01,t1461, 7 ,,
period1,sc01,t1462, 7 ,,
period1,sc01,t1463, 7 ,,
period1,sc01,t1464, 7 ,,
period1,sc01,t1465, 7 ,,
period1,sc01,t1466, 7 ,,
period1,sc01,t1467, 7 ,,
period1,sc01,t1468, 7 ,,
period1,sc01,t1469, 7 ,,
period1,sc01,t1470, 7 ,,
period1,sc01,t1471, 35 ,,
period1,sc01,t1472, 7 ,,
period1,sc01,t1473, 7 ,,
period1,sc01,t1474, 7 ,,
period1,sc01,t1475, 7 ,,
period1,sc01,t1476, 7 ,,
period1,sc01,t1477, 7 ,,
period1,sc01,t1478, 7 ,,
period1,sc01,t1479, 7 ,,
period1,sc01,t1480, 7 ,,
period1,sc01,t1481, 7 ,,
period1,sc01,t1482, 7 ,,
period1,sc01,t1483, 7 ,,
period1,sc01,t1484, 7 ,,
period1,sc01,t1485, 7 ,,
period1,sc01,t1486, 7 ,,
period1,sc01,t1487, 7 ,,
period1,sc01,t1488, 7 ,,
period1,sc01,t1489, 7 ,,
period1,sc01,t1490, 7 ,,
period1,sc01,t1491, 7 ,,
period1,sc01,t1492, 7 ,,
period1,sc01,t1493, 7 ,,
period1,sc01,t1494, 7 ,,
period1,sc01,t1495, 7 ,,
period1,sc01,t1496, 42 ,,
period1,sc01,t1497, 7 ,,
period1,sc01,t1498, 7 ,,
period1,sc01,t1499, 7 ,,
period1,sc01,t1500, 7 ,,
period1,sc01,t1501, 7 ,,
period1,sc01,t1502, 7 ,,
period1,sc01,t1503, 7 ,,
period1,sc01,t1504, 7 ,,
period1,sc01,t1505, 7 ,,
period1,sc01,t1506, 7 ,,
period1,sc01,t1507, 7 ,,
period1,sc01,t1508, 7 ,,
period1,sc01,t1509, 7 ,,
period1,sc01,t1510, 7 ,,
period1,sc01,t1511, 7 ,,
period1,sc01,t1512, 7 ,,
period1,sc01,t1513, 7 ,,
period1,sc01,t1514, 7 ,,
period1,sc01,t1515, 7 ,,
period1,sc01,t1516, 7 ,,
period1,sc01,t1517, 7 ,,
period1,sc01,t1518, 7 ,,
period1,sc01,t1519, 35 ,,
period1,sc01,t1520, 7 ,,
period1,sc01,t1521, 7 ,,
period1,sc01,t1522, 7 ,,
period1,sc01,t1523, 7 ,,
period1,sc01,t1524, 7 ,,
period1,sc01,t1525, 7 ,,
period1,sc01,t1526, 7 ,,
period1,sc01,t1527, 7 ,,
period1,sc01,t1528, 7 ,,
period1,sc01,t1529, 7 ,,
period1,sc01,t1530, 7 ,,
period1,sc01,t1531, 7 ,,
period1,sc01,t1532, 7 ,,
period1,sc01,t1533, 7 ,,
period1,sc01,t1534, 7 ,,
period1,sc01,t1535, 7 ,,
period1,sc01,t1536, 7 ,,
period1,sc01,t1537, 7 ,,
period1,sc01,t1538, 7 ,,
period1,sc01,t1539, 7 ,,
period1,sc01,t1540, 7 ,,
period1,sc01,t1541, 7 ,,
period1,sc01,t1542, 7 ,,
period1,sc01,t1543, 7 ,,
period1,sc01,t1544, 42 ,,
period1,sc01,t1545, 7 ,,
period1,sc01,t1546, 7 ,,
period1,sc01,t1547, 7 ,,
period1,sc01,t1548, 7 ,,
period1,sc01,t1549, 7 ,,
period1,sc01,t1550, 7 ,,
period1,sc01,t1551, 7 ,,
period1,sc01,t1552, 7 ,,
period1,sc01,t1553, 7 ,,
period1,sc01,t1554, 7 ,,
period1,sc01,t1555, 7 ,,
period1,sc01,t1556, 7 ,,
period1,sc01,t1557, 7 ,,
period1,sc01,t1558, 7 ,,
period1,sc01,t1559, 7 ,,
period1,sc01,t1560, 7 ,,
period1,sc01,t1561, 7 ,,
period1,sc01,t1562, 7 ,,
period1,sc01,t1563, 7 ,,
period1,sc01,t1564, 7 ,,
period1,sc01,t1565, 7 ,,
period1,sc01,t1566, 7 ,,
period1,sc01,t1567, 42 ,,
period1,sc01,t1568, 7 ,,
period1,sc01,t1569, 7 ,,
period1,sc01,t1570, 7 ,,
period1,sc01,t1571, 7 ,,
period1,sc01,t1572, 7 ,,
period1,sc01,t1573, 7 ,,
period1,sc01,t1574, 7 ,,
period1,sc01,t1575, 7 ,,
period1,sc01,t1576, 7 ,,
period1,sc01,t1577, 7 ,,
period1,sc01,t1578, 7 ,,
period1,sc01,t1579, 7 ,,
period1,sc01,t1580, 7 ,,
period1,sc01,t1581, 7 ,,
period1,sc01,t1582, 7 ,,
period1,sc01,t1583, 7 ,,
period1,sc01,t1584, 7 ,,
period1,sc01,t1585, 7 ,,
period1,sc01,t1586, 7 ,,
period1,sc01,t1587, 7 ,,
period1,sc01,t1588, 7 ,,
period1,sc01,t1589, 7 ,,
period1,sc01,t1590, 7 ,,
period1,sc01,t1591, 7 ,,
period1,sc01,t1592, 7 ,,
period1,sc01,t1593, 7 ,,
period1,sc01,t1594, 7 ,,
period1,sc01,t1595, 7 ,,
period1,sc01,t1596, 7 ,,
period1,sc01,t1597, 7 ,,
period1,sc01,t1598, 7 ,,
period1,sc01,t1599, 7 ,,
period1,sc01,t1600, 7 ,,
period1,sc01,t1601, 7 ,,
period1,sc01,t1602, 7 ,,
period1,sc01,t1603, 7 ,,
period1,sc01,t1604, 7 ,,
period1,sc01,t1605, 7 ,,
period1,sc01,t1606, 7 ,,
period1,sc01,t1607, 7 ,,
period1,sc01,t1608, 7 ,,
period1,sc01,t1609, 7 ,,
period1,sc01,t1610, 7 ,,
period1,sc01,t1611, 7 ,,
period1,sc01,t1612, 7 ,,
period1,sc01,t1613, 7 ,,
period1,sc01,t1614, 7 ,,
period1,sc01,t1615, 7 ,,
period1,sc01,t1616, 7 ,,
period1,sc01,t1617, 7 ,,
period1,sc01,t1618, 7 ,,
period1,sc01,t1619, 7 ,,
period1,sc01,t1620, 7 ,,
period1,sc01,t1621, 7 ,,
period1,sc01,t1622, 7 ,,
period1,sc01,t1623, 7 ,,
period1,sc01,t1624, 7 ,,
period1,sc01,t1625, 7 ,,
period1,sc01,t1626, 7 ,,
period1,sc01,t1627, 7 ,,
period1,sc01,t1628, 7 ,,
period1,sc01,t1629, 7 ,,
period1,sc01,t1630, 7 ,,
period1,sc01,t1631, 7 ,,
period1,sc01,t1632, 7 ,,
period1,sc01,t1633, 7 ,,
period1,sc01,t1634, 7 ,,
period1,sc01,t1635, 7 ,,
period1,sc01,t1636, 7 ,,
period1,sc01,t1637, 7 ,,
period1,sc01,t1638, 7 ,,
period1,sc01,t1639, 35 ,,
period1,sc01,t1640, 7 ,,
period1,sc01,t1641, 7 ,,
period1,sc01,t1642, 7 ,,
period1,sc01,t1643, 7 ,,
period1,sc01,t1644, 7 ,,
period1,sc01,t1645, 7 ,,
period1,sc01,t1646, 7 ,,
period1,sc01,t1647, 7 ,,
period1,sc01,t1648, 7 ,,
period1,sc01,t1649, 7 ,,
period1,sc01,t1650, 7 ,,
period1,sc01,t1651, 7 ,,
period1,sc01,t1652, 7 ,,
period1,sc01,t1653, 7 ,,
period1,sc01,t1654, 7 ,,
period1,sc01,t1655, 7 ,,
period1,sc01,t1656, 7 ,,
period1,sc01,t1657, 7 ,,
period1,sc01,t1658, 7 ,,
period1,sc01,t1659, 7 ,,
period1,sc01,t1660, 7 ,,
period1,sc01,t1661, 7 ,,
period1,sc01,t1662, 56 ,,
period1,sc01,t1663, 7 ,,
period1,sc01,t1664, 7 ,,
period1,sc01,t1665, 7 ,,
period1,sc01,t1666, 7 ,,
period1,sc01,t1667, 7 ,,
period1,sc01,t1668, 7 ,,
period1,sc01,t1669, 7 ,,
period1,sc01,t1670, 7 ,,
period1,sc01,t1671, 7 ,,
period1,sc01,t1672, 7 ,,
period1,sc01,t1673, 7 ,,
period1,sc01,t1674, 7 ,,
period1,sc01,t1675, 7 ,,
period1,sc01,t1676, 7 ,,
period1,sc01,t1677, 7 ,,
period1,sc01,t1678, 7 ,,
period1,sc01,t1679, 7 ,,
period1,sc01,t1680, 7 ,,
period1,sc01,t1681, 7 ,,
period1,sc01,t1682, 7 ,,
period1,sc01,t1683, 7 ,,
period1,sc01,t1684, 7 ,,
period1,sc01,t1685, 7 ,,
period1,sc01,t1686, 7 ,,
period1,sc01,t1687, 7 ,,
period1,sc01,t1688, 49 ,,
period1,sc01,t1689, 7 ,,
period1,sc01,t1690, 7 ,,
period1,sc01,t1691, 7 ,,
period1,sc01,t1692, 7 ,,
period1,sc01,t1693, 7 ,,
period1,sc01,t1694, 7 ,,
period1,sc01,t1695, 7 ,,
period1,sc01,t1696, 7 ,,
period1,sc01,t1697, 7 ,,
period1,sc01,t1698, 7 ,,
period1,sc01,t1699, 7 ,,
period1,sc01,t1700, 7 ,,
period1,sc01,t1701, 7 ,,
period1,sc01,t1702, 7 ,,
period1,sc01,t1703, 7 ,,
period1,sc01,t1704, 7 ,,
period1,sc01,t1705, 7 ,,
period1,sc01,t1706, 7 ,,
period1,sc01,t1707, 7 ,,
period1,sc01,t1708, 7 ,,
period1,sc01,t1709, 7 ,,
period1,sc01,t1710, 7 ,,
period1,sc01,t1711, 7 ,,
period1,sc01,t1712, 56 ,,
period1,sc01,t1713, 7 ,,
period1,sc01,t1714, 7 ,,
period1,sc01,t1715, 7 ,,
period1,sc01,t1716, 7 ,,
period1,sc01,t1717, 7 ,,
period1,sc01,t1718, 7 ,,
period1,sc01,t1719, 7 ,,
period1,sc01,t1720, 7 ,,
period1,sc01,t1721, 7 ,,
period1,sc01,t1722, 7 ,,
period1,sc01,t1723, 7 ,,
period1,sc01,t1724, 7 ,,
period1,sc01,t1725, 7 ,,
period1,sc01,t1726, 7 ,,
period1,sc01,t1727, 7 ,,
period1,sc01,t1728, 7 ,,
period1,sc01,t1729, 7 ,,
period1,sc01,t1730, 7 ,,
period1,sc01,t1731, 7 ,,
period1,sc01,t1732, 7 ,,
period1,sc01,t1733, 7 ,,
period1,sc01,t1734, 7 ,,
period1,sc01,t1735, 49 ,,
period1,sc01,t1736, 7 ,,
period1,sc01,t1737, 7 ,,
period1,sc01,t1738, 7 ,,
period1,sc01,t1739, 7 ,,
period1,sc01,t1740, 7 ,,
period1,sc01,t1741, 7 ,,
period1,sc01,t1742, 7 ,,
period1,sc01,t1743, 7 ,,
period1,sc01,t1744, 7 ,,
period1,sc01,t1745, 7 ,,
period1,sc01,t1746, 7 ,,
period1,sc01,t1747, 7 ,,
period1,sc01,t1748, 7 ,,
period1,sc01,t1749, 7 ,,
period1,sc01,t1750, 7 ,,
period1,sc01,t1751, 7 ,,
period1,sc01,t1752, 7 ,,
period1,sc01,t1753, 7 ,,
period1,sc01,t1754, 7 ,,
period1,sc01,t1755, 7 ,,
period1,sc01,t1756, 7 ,,
period1,sc01,t1757, 7 ,,
period1,sc01,t1758, 7 ,,
period1,sc01,t1759, 7 ,,
period1,sc01,t1760, 7 ,,
period1,sc01,t1761, 7 ,,
period1,sc01,t1762, 7 ,,
period1,sc01,t1763, 7 ,,
period1,sc01,t1764, 7 ,,
period1,sc01,t1765, 7 ,,
period1,sc01,t1766, 7 ,,
period1,sc01,t1767, 7 ,,
period1,sc01,t1768, 7 ,,
period1,sc01,t1769, 7 ,,
period1,sc01,t1770, 7 ,,
period1,sc01,t1771, 7 ,,
period1,sc01,t1772, 7 ,,
period1,sc01,t1773, 7 ,,
period1,sc01,t1774, 7 ,,
period1,sc01,t1775, 7 ,,
period1,sc01,t1776, 7 ,,
period1,sc01,t1777, 7 ,,
period1,sc01,t1778, 7 ,,
period1,sc01,t1779, 7 ,,
period1,sc01,t1780, 7 ,,
period1,sc01,t1781, 7 ,,
period1,sc01,t1782, 7 ,,
period1,sc01,t1783, 7 ,,
period1,sc01,t1784, 7 ,,
period1,sc01,t1785, 7 ,,
period1,sc01,t1786, 7 ,,
period1,sc01,t1787, 7 ,,
period1,sc01,t1788, 7 ,,
period1,sc01,t1789, 7 ,,
period1,sc01,t1790, 7 ,,
period1,sc01,t1791, 7 ,,
period1,sc01,t1792, 7 ,,
period1,sc01,t1793, 7 ,,
period1,sc01,t1794, 7 ,,
period1,sc01,t1795, 7 ,,
period1,sc01,t1796, 7 ,,
period1,sc01,t1797, 7 ,,
period1,sc01,t1798, 7 ,,
period1,sc01,t1799, 7 ,,
period1,sc01,t1800, 7 ,,
period1,sc01,t1801, 7 ,,
period1,sc01,t1802, 7 ,,
period1,sc01,t1803, 7 ,,
period1,sc01,t1804, 7 ,,
period1,sc01,t1805, 7 ,,
period1,sc01,t1806, 7 ,,
period1,sc01,t1807, 42 ,,
period1,sc01,t1808, 7 ,,
period1,sc01,t1809, 7 ,,
period1,sc01,t1810, 7 ,,
period1,sc01,t1811, 7 ,,
period1,sc01,t1812, 7 ,,
period1,sc01,t1813, 7 ,,
period1,sc01,t1814, 7 ,,
period1,sc01,t1815, 7 ,,
period1,sc01,t1816, 7 ,,
period1,sc01,t1817, 7 ,,
period1,sc01,t1818, 7 ,,
period1,sc01,t1819, 7 ,,
period1,sc01,t1820, 7 ,,
period1,sc01,t1821, 7 ,,
period1,sc01,t1822, 7 ,,
period1,sc01,t1823, 7 ,,
period1,sc01,t1824, 7 ,,
period1,sc01,t1825, 7 ,,
period1,sc01,t1826, 7 ,,
period1,sc01,t1827, 7 ,,
period1,sc01,t1828, 7 ,,
period1,sc01,t1829, 7 ,,
period1,sc01,t1830, 7 ,,
period1,sc01,t1831, 7 ,,
period1,sc01,t1832, 56 ,,
period1,sc01,t1833, 7 ,,
period1,sc01,t1834, 7 ,,
period1,sc01,t1835, 7 ,,
period1,sc01,t1836, 7 ,,
period1,sc01,t1837, 7 ,,
period1,sc01,t1838, 7 ,,
period1,sc01,t1839, 7 ,,
period1,sc01,t1840, 7 ,,
period1,sc01,t1841, 7 ,,
period1,sc01,t1842, 7 ,,
period1,sc01,t1843, 7 ,,
period1,sc01,t1844, 7 ,,
period1,sc01,t1845, 7 ,,
period1,sc01,t1846, 7 ,,
period1,sc01,t1847, 7 ,,
period1,sc01,t1848, 7 ,,
period1,sc01,t1849, 7 ,,
period1,sc01,t1850, 7 ,,
period1,sc01,t1851, 7 ,,
period1,sc01,t1852, 7 ,,
period1,sc01,t1853, 7 ,,
period1,sc01,t1854, 7 ,,
period1,sc01,t1855, 7 ,,
period1,sc01,t1856, 35 ,,
period1,sc01,t1857, 7 ,,
period1,sc01,t1858, 7 ,,
period1,sc01,t1859, 7 ,,
period1,sc01,t1860, 7 ,,
period1,sc01,t1861, 7 ,,
period1,sc01,t1862, 7 ,,
period1,sc01,t1863, 7 ,,
period1,sc01,t1864, 7 ,,
period1,sc01,t1865, 7 ,,
period1,sc01,t1866, 7 ,,
period1,sc01,t1867, 7 ,,
period1,sc01,t1868, 7 ,,
period1,sc01,t1869, 7 ,,
period1,sc01,t1870, 7 ,,
period1,sc01,t1871, 7 ,,
period1,sc01,t1872, 7 ,,
period1,sc01,t1873, 7 ,,
period1,sc01,t1874, 7 ,,
period1,sc01,t1875, 7 ,,
period1,sc01,t1876, 7 ,,
period1,sc01,t1877, 7 ,,
period1,sc01,t1878, 7 ,,
period1,sc01,t1879, 7 ,,
period1,sc01,t1880, 35 ,,
period1,sc01,t1881, 7 ,,
period1,sc01,t1882, 7 ,,
period1,sc01,t1883, 7 ,,
period1,sc01,t1884, 7 ,,
period1,sc01,t1885, 7 ,,
period1,sc01,t1886, 7 ,,
period1,sc01,t1887, 7 ,,
period1,sc01,t1888, 7 ,,
period1,sc01,t1889, 7 ,,
period1,sc01,t1890, 7 ,,
period1,sc01,t1891, 7 ,,
period1,sc01,t1892, 7 ,,
period1,sc01,t1893, 7 ,,
period1,sc01,t1894, 7 ,,
period1,sc01,t1895, 7 ,,
period1,sc01,t1896, 7 ,,
period1,sc01,t1897, 7 ,,
period1,sc01,t1898, 7 ,,
period1,sc01,t1899, 7 ,,
period1,sc01,t1900, 7 ,,
period1,sc01,t1901, 7 ,,
period1,sc01,t1902, 7 ,,
period1,sc01,t1903, 7 ,,
period1,sc01,t1904, 7 ,,
period1,sc01,t1905, 35 ,,
period1,sc01,t1906, 7 ,,
period1,sc01,t1907, 7 ,,
period1,sc01,t1908, 7 ,,
period1,sc01,t1909, 7 ,,
period1,sc01,t1910, 7 ,,
period1,sc01,t1911, 7 ,,
period1,sc01,t1912, 7 ,,
period1,sc01,t1913, 7 ,,
period1,sc01,t1914, 7 ,,
period1,sc01,t1915, 7 ,,
period1,sc01,t1916, 7 ,,
period1,sc01,t1917, 7 ,,
period1,sc01,t1918, 7 ,,
period1,sc01,t1919, 7 ,,
period1,sc01,t1920, 7 ,,
period1,sc01,t1921, 7 ,,
period1,sc01,t1922, 7 ,,
period1,sc01,t1923, 7 ,,
period1,sc01,t1924, 7 ,,
period1,sc01,t1925, 7 ,,
period1,sc01,t1926, 7 ,,
period1,sc01,t1927, 35 ,,
period1,sc01,t1928, 7 ,,
period1,sc01,t1929, 7 ,,
period1,sc01,t1930, 7 ,,
period1,sc01,t1931, 7 ,,
period1,sc01,t1932, 7 ,,
period1,sc01,t1933, 7 ,,
period1,sc01,t1934, 7 ,,
period1,sc01,t1935, 7 ,,
period1,sc01,t1936, 7 ,,
period1,sc01,t1937, 7 ,,
period1,sc01,t1938, 7 ,,
period1,sc01,t1939, 7 ,,
period1,sc01,t1940, 7 ,,
period1,sc01,t1941, 7 ,,
period1,sc01,t1942, 7 ,,
period1,sc01,t1943, 7 ,,
period1,sc01,t1944, 7 ,,
period1,sc01,t1945, 7 ,,
period1,sc01,t1946, 7 ,,
period1,sc01,t1947, 7 ,,
period1,sc01,t1948, 7 ,,
period1,sc01,t1949, 7 ,,
period1,sc01,t1950, 7 ,,
period1,sc01,t1951, 7 ,,
period1,sc01,t1952, 7 ,,
period1,sc01,t1953, 7 ,,
period1,sc01,t1954, 7 ,,
period1,sc01,t1955, 7 ,,
period1,sc01,t1956, 7 ,,
period1,sc01,t1957, 7 ,,
period1,sc01,t1958, 7 ,,
period1,sc01,t1959, 7 ,,
period1,sc01,t1960, 7 ,,
period1,sc01,t1961, 7 ,,
period1,sc01,t1962, 7 ,,
period1,sc01,t1963, 7 ,,
period1,sc01,t1964, 7 ,,
period1,sc01,t1965, 7 ,,
period1,sc01,t1966, 7 ,,
period1,sc01,t1967, 7 ,,
period1,sc01,t1968, 7 ,,
period1,sc01,t1969, 7 ,,
period1,sc01,t1970, 7 ,,
period1,sc01,t1971, 7 ,,
period1,sc01,t1972, 7 ,,
period1,sc01,t1973, 7 ,,
period1,sc01,t1974, 7 ,,
period1,sc01,t1975, 7 ,,
period1,sc01,t1976, 7 ,,
period1,sc01,t1977, 42 ,,
period1,sc01,t1978, 7 ,,
period1,sc01,t1979, 7 ,,
period1,sc01,t1980, 7 ,,
period1,sc01,t1981, 7 ,,
period1,sc01,t1982, 7 ,,
period1,sc01,t1983, 7 ,,
period1,sc01,t1984, 7 ,,
period1,sc01,t1985, 7 ,,
period1,sc01,t1986, 7 ,,
period1,sc01,t1987, 7 ,,
period1,sc01,t1988, 7 ,,
period1,sc01,t1989, 7 ,,
period1,sc01,t1990, 7 ,,
period1,sc01,t1991, 7 ,,
period1,sc01,t1992, 7 ,,
period1,sc01,t1993, 7 ,,
period1,sc01,t1994, 7 ,,
period1,sc01,t1995, 7 ,,
period1,sc01,t1996, 7 ,,
period1,sc01,t1997, 7 ,,
period1,sc01,t1998, 7 ,,
period1,sc01,t1999, 7 ,,
period1,sc01,t2000, 35 ,,
period1,sc01,t2001, 7 ,,
period1,sc01,t2002, 7 ,,
period1,sc01,t2003, 7 ,,
period1,sc01,t2004, 7 ,,
period1,sc01,t2005, 7 ,,
period1,sc01,t2006, 7 ,,
period1,sc01,t2007, 7 ,,
period1,sc01,t2008, 7 ,,
period1,sc01,t2009, 7 ,,
period1,sc01,t2010, 7 ,,
period1,sc01,t2011, 7 ,,
period1,sc01,t2012, 7 ,,
period1,sc01,t2013, 7 ,,
period1,sc01,t2014, 7 ,,
period1,sc01,t2015, 7 ,,
period1,sc01,t2016, 7 ,,
period1,sc01,t2017, 7 ,,
period1,sc01,t2018, 7 ,,
period1,sc01,t2019, 7 ,,
period1,sc01,t2020, 7 ,,
period1,sc01,t2021, 7 ,,
period1,sc01,t2022, 7 ,,
period1,sc01,t2023, 7 ,,
period1,sc01,t2024, 49 ,,
period1,sc01,t2025, 7 ,,
period1,sc01,t2026, 7 ,,
period1,sc01,t2027, 7 ,,
period1,sc01,t2028, 7 ,,
period1,sc01,t2029, 7 ,,
period1,sc01,t2030, 7 ,,
period1,sc01,t2031, 7 ,,
period1,sc01,t2032, 7 ,,
period1,sc01,t2033, 7 ,,
period1,sc01,t2034, 7 ,,
period1,sc01,t2035, 7 ,,
period1,sc01,t2036, 7 ,,
period1,sc01,t2037, 7 ,,
period1,sc01,t2038, 7 ,,
period1,sc01,t2039, 7 ,,
period1,sc01,t2040, 7 ,,
period1,sc01,t2041, 7 ,,
period1,sc01,t2042, 7 ,,
period1,sc01,t2043, 7 ,,
period1,sc01,t2044, 7 ,,
period1,sc01,t2045, 7 ,,
period1,sc01,t2046, 7 ,,
period1,sc01,t2047, 42 ,,
period1,sc01,t2048, 7 ,,
period1,sc01,t2049, 7 ,,
period1,sc01,t2050, 7 ,,
period1,sc01,t2051, 7 ,,
period1,sc01,t2052, 7 ,,
period1,sc01,t2053, 7 ,,
period1,sc01,t2054, 7 ,,
period1,sc01,t2055, 7 ,,
period1,sc01,t2056, 7 ,,
period1,sc01,t2057, 7 ,,
period1,sc01,t2058, 7 ,,
period1,sc01,t2059, 7 ,,
period1,sc01,t2060, 7 ,,
period1,sc01,t2061, 7 ,,
period1,sc01,t2062, 7 ,,
period1,sc01,t2063, 7 ,,
period1,sc01,t2064, 7 ,,
period1,sc01,t2065, 7 ,,
period1,sc01,t2066, 7 ,,
period1,sc01,t2067, 7 ,,
period1,sc01,t2068, 7 ,,
period1,sc01,t2069, 7 ,,
period1,sc01,t2070, 7 ,,
period1,sc01,t2071, 7 ,,
period1,sc01,t2072, 7 ,,
period1,sc01,t2073, 35 ,,
period1,sc01,t2074, 7 ,,
period1,sc01,t2075, 7 ,,
period1,sc01,t2076, 7 ,,
period1,sc01,t2077, 7 ,,
period1,sc01,t2078, 7 ,,
period1,sc01,t2079, 7 ,,
period1,sc01,t2080, 7 ,,
period1,sc01,t2081, 7 ,,
period1,sc01,t2082, 7 ,,
period1,sc01,t2083, 7 ,,
period1,sc01,t2084, 7 ,,
period1,sc01,t2085, 7 ,,
period1,sc01,t2086, 7 ,,
period1,sc01,t2087, 7 ,,
period1,sc01,t2088, 7 ,,
period1,sc01,t2089, 7 ,,
period1,sc01,t2090, 7 ,,
period1,sc01,t2091, 7 ,,
period1,sc01,t2092, 7 ,,
period1,sc01,t2093, 7 ,,
period1,sc01,t2094, 7 ,,
period1,sc01,t2095, 7 ,,
period1,sc01,t2096, 7 ,,
period1,sc01,t2097, 7 ,,
period1,sc01,t2098, 7 ,,
period1,sc01,t2099, 7 ,,
period1,sc01,t2100, 7 ,,
period1,sc01,t2101, 7 ,,
period1,sc01,t2102, 7 ,,
period1,sc01,t2103, 7 ,,
period1,sc01,t2104, 7 ,,
period1,sc01,t2105, 7 ,,
period1,sc01,t2106, 7 ,,
period1,sc01,t2107, 7 ,,
period1,sc01,t2108, 7 ,,
period1,sc01,t2109, 7 ,,
period1,sc01,t2110, 7 ,,
period1,sc01,t2111, 7 ,,
period1,sc01,t2112, 7 ,,
period1,sc01,t2113, 7 ,,
period1,sc01,t2114, 7 ,,
period1,sc01,t2115, 7 ,,
period1,sc01,t2116, 7 ,,
period1,sc01,t2117, 7 ,,
period1,sc01,t2118, 7 ,,
period1,sc01,t2119, 7 ,,
period1,sc01,t2120, 7 ,,
period1,sc01,t2121, 7 ,,
period1,sc01,t2122, 7 ,,
period1,sc01,t2123, 7 ,,
period1,sc01,t2124, 7 ,,
period1,sc01,t2125, 7 ,,
period1,sc01,t2126, 7 ,,
period1,sc01,t2127, 7 ,,
period1,sc01,t2128, 7 ,,
period1,sc01,t2129, 7 ,,
period1,sc01,t2130, 7 ,,
period1,sc01,t2131, 7 ,,
period1,sc01,t2132, 7 ,,
period1,sc01,t2133, 7 ,,
period1,sc01,t2134, 7 ,,
period1,sc01,t2135, 7 ,,
period1,sc01,t2136, 7 ,,
period1,sc01,t2137, 7 ,,
period1,sc01,t2138, 7 ,,
period1,sc01,t2139, 7 ,,
period1,sc01,t2140, 7 ,,
period1,sc01,t2141, 7 ,,
period1,sc01,t2142, 7 ,,
period1,sc01,t2143, 7 ,,
period1,sc01,t2144, 42 ,,
period1,sc01,t2145, 7 ,,
period1,sc01,t2146, 7 ,,
period1,sc01,t2147, 7 ,,
period1,sc01,t2148, 7 ,,
period1,sc01,t2149, 7 ,,
period1,sc01,t2150, 7 ,,
period1,sc01,t2151, 7 ,,
period1,sc01,t2152, 7 ,,
period1,sc01,t2153, 7 ,,
period1,sc01,t2154, 7 ,,
period1,sc01,t2155, 7 ,,
period1,sc01,t2156, 7 ,,
period1,sc01,t2157, 7 ,,
period1,sc01,t2158, 7 ,,
period1,sc01,t2159, 7 ,,
period1,sc01,t2160, 7 ,,
period1,sc01,t2161, 7 ,,
period1,sc01,t2162, 7 ,,
period1,sc01,t2163, 7 ,,
period1,sc01,t2164, 7 ,,
period1,sc01,t2165, 7 ,,
period1,sc01,t2166, 7 ,,
period1,sc01,t2167, 7 ,,
period1,sc01,t2168, 35 ,,
period1,sc01,t2169, 7 ,,
period1,sc01,t2170, 7 ,,
period1,sc01,t2171, 7 ,,
period1,sc01,t2172, 7 ,,
period1,sc01,t2173, 7 ,,
period1,sc01,t2174, 7 ,,
period1,sc01,t2175, 7 ,,
period1,sc01,t2176, 7 ,,
period1,sc01,t2177, 7 ,,
period1,sc01,t2178, 7 ,,
period1,sc01,t2179, 7 ,,
period1,sc01,t2180, 7 ,,
period1,sc01,t2181, 7 ,,
period1,sc01,t2182, 7 ,,
period1,sc01,t2183, 7 ,,
period1,sc01,t2184, 7 ,,
period1,sc01,t2185, 7 ,,
period1,sc01,t2186, 7 ,,
period1,sc01,t2187, 7 ,,
period1,sc01,t2188, 7 ,,
period1,sc01,t2189, 7 ,,
period1,sc01,t2190, 7 ,,
period1,sc01,t2191, 49 ,,
period1,sc01,t2192, 7 ,,
period1,sc01,t2193, 7 ,,
period1,sc01,t2194, 7 ,,
period1,sc01,t2195, 7 ,,
period1,sc01,t2196, 7 ,,
period1,sc01,t2197, 7 ,,
period1,sc01,t2198, 7 ,,
period1,sc01,t2199, 7 ,,
period1,sc01,t2200, 7 ,,
period1,sc01,t2201, 7 ,,
period1,sc01,t2202, 7 ,,
period1,sc01,t2203, 7 ,,
period1,sc01,t2204, 7 ,,
period1,sc01,t2205, 7 ,,
period1,sc01,t2206, 7 ,,
period1,sc01,t2207, 7 ,,
period1,sc01,t2208, 7 ,,
period1,sc01,t2209, 7 ,,
period1,sc01,t2210, 7 ,,
period1,sc01,t2211, 7 ,,
period1,sc01,t2212, 7 ,,
period1,sc01,t2213, 7 ,,
period1,sc01,t2214, 7 ,,
period1,sc01,t2215, 7 ,,
period1,sc01,t2216, 7 ,,
period1,sc01,t2217, 35 ,,
period1,sc01,t2218, 7 ,,
period1,sc01,t2219, 7 ,,
period1,sc01,t2220, 7 ,,
period1,sc01,t2221, 7 ,,
period1,sc01,t2222, 7 ,,
period1,sc01,t2223, 7 ,,
period1,sc01,t2224, 7 ,,
period1,sc01,t2225, 7 ,,
period1,sc01,t2226, 7 ,,
period1,sc01,t2227, 7 ,,
period1,sc01,t2228, 7 ,,
period1,sc01,t2229, 7 ,,
period1,sc01,t2230, 7 ,,
period1,sc01,t2231, 7 ,,
period1,sc01,t2232, 7 ,,
period1,sc01,t2233, 7 ,,
period1,sc01,t2234, 7 ,,
period1,sc01,t2235, 7 ,,
period1,sc01,t2236, 7 ,,
period1,sc01,t2237, 7 ,,
period1,sc01,t2238, 7 ,,
period1,sc01,t2239, 56 ,,
period1,sc01,t2240, 7 ,,
period1,sc01,t2241, 7 ,,
period1,sc01,t2242, 7 ,,
period1,sc01,t2243, 7 ,,
period1,sc01,t2244, 7 ,,
period1,sc01,t2245, 7 ,,
period1,sc01,t2246, 7 ,,
period1,sc01,t2247, 7 ,,
period1,sc01,t2248, 7 ,,
period1,sc01,t2249, 7 ,,
period1,sc01,t2250, 7 ,,
period1,sc01,t2251, 7 ,,
period1,sc01,t2252, 7 ,,
period1,sc01,t2253, 7 ,,
period1,sc01,t2254, 7 ,,
period1,sc01,t2255, 7 ,,
period1,sc01,t2256, 7 ,,
period1,sc01,t2257, 7 ,,
period1,sc01,t2258, 7 ,,
period1,sc01,t2259, 7 ,,
period1,sc01,t2260, 7 ,,
period1,sc01,t2261, 7 ,,
period1,sc01,t2262, 7 ,,
period1,sc01,t2263, 7 ,,
period1,sc01,t2264, 7 ,,
period1,sc01,t2265, 7 ,,
period1,sc01,t2266, 7 ,,
period1,sc01,t2267, 7 ,,
period1,sc01,t2268, 7 ,,
period1,sc01,t2269, 7 ,,
period1,sc01,t2270, 7 ,,
period1,sc01,t2271, 7 ,,
period1,sc01,t2272, 7 ,,
period1,sc01,t2273, 7 ,,
period1,sc01,t2274, 7 ,,
period1,sc01,t2275, 7 ,,
period1,sc01,t2276, 7 ,,
period1,sc01,t2277, 7 ,,
period1,sc01,t2278, 7 ,,
period1,sc01,t2279, 7 ,,
period1,sc01,t2280, 7 ,,
period1,sc01,t2281, 7 ,,
period1,sc01,t2282, 7 ,,
period1,sc01,t2283, 7 ,,
period1,sc01,t2284, 7 ,,
period1,sc01,t2285, 7 ,,
period1,sc01,t2286, 7 ,,
period1,sc01,t2287, 7 ,,
period1,sc01,t2288, 7 ,,
period1,sc01,t2289, 7 ,,
period1,sc01,t2290, 7 ,,
period1,sc01,t2291, 7 ,,
period1,sc01,t2292, 7 ,,
period1,sc01,t2293, 7 ,,
period1,sc01,t2294, 7 ,,
period1,sc01,t2295, 7 ,,
period1,sc01,t2296, 7 ,,
period1,sc01,t2297, 7 ,,
period1,sc01,t2298, 7 ,,
period1,sc01,t2299, 7 ,,
period1,sc01,t2300, 7 ,,
period1,sc01,t2301, 7 ,,
period1,sc01,t2302, 7 ,,
period1,sc01,t2303, 7 ,,
period1,sc01,t2304, 7 ,,
period1,sc01,t2305, 7 ,,
period1,sc01,t2306, 7 ,,
period1,sc01,t2307, 7 ,,
period1,sc01,t2308, 7 ,,
period1,sc01,t2309, 7 ,,
period1,sc01,t2310, 7 ,,
period1,sc01,t2311, 7 ,,
period1,sc01,t2312, 49 ,,
period1,sc01,t2313, 7 ,,
period1,sc01,t2314, 7 ,,
period1,sc01,t2315, 7 ,,
period1,sc01,t2316, 7 ,,
period1,sc01,t2317, 7 ,,
period1,sc01,t2318, 7 ,,
period1,sc01,t2319, 7 ,,
period1,sc01,t2320, 7 ,,
period1,sc01,t2321, 7 ,,
period1,sc01,t2322, 7 ,,
period1,sc01,t2323, 7 ,,
period1,sc01,t2324, 7 ,,
period1,sc01,t2325, 7 ,,
period1,sc01,t2326, 7 ,,
period1,sc01,t2327, 7 ,,
period1,sc01,t2328, 7 ,,
period1,sc01,t2329, 7 ,,
period1,sc01,t2330, 7 ,,
period1,sc01,t2331, 7 ,,
period1,sc01,t2332, 7 ,,
period1,sc01,t2333, 7 ,,
period1,sc01,t2334, 7 ,,
period1,sc01,t2335, 7 ,,
period1,sc01,t2336, 7 ,,
period1,sc01,t2337, 35 ,,
period1,sc01,t2338, 7 ,,
period1,sc01,t2339, 7 ,,
period1,sc01,t2340, 7 ,,
period1,sc01,t2341, 7 ,,
period1,sc01,t2342, 7 ,,
period1,sc01,t2343, 7 ,,
period1,sc01,t2344, 7 ,,
period1,sc01,t2345, 7 ,,
period1,sc01,t2346, 7 ,,
period1,sc01,t2347, 7 ,,
period1,sc01,t2348, 7 ,,
period1,sc01,t2349, 7 ,,
period1,sc01,t2350, 7 ,,
period1,sc01,t2351, 7 ,,
period1,sc01,t2352, 7 ,,
period1,sc01,t2353, 7 ,,
period1,sc01,t2354, 7 ,,
period1,sc01,t2355, 7 ,,
period1,sc01,t2356, 7 ,,
period1,sc01,t2357, 7 ,,
period1,sc01,t2358, 7 ,,
period1,sc01,t2359, 35 ,,
period1,sc01,t2360, 7 ,,
period1,sc01,t2361, 7 ,,
period1,sc01,t2362, 7 ,,
period1,sc01,t2363, 7 ,,
period1,sc01,t2364, 7 ,,
period1,sc01,t2365, 7 ,,
period1,sc01,t2366, 7 ,,
period1,sc01,t2367, 7 ,,
period1,sc01,t2368, 7 ,,
period1,sc01,t2369, 7 ,,
period1,sc01,t2370, 7 ,,
period1,sc01,t2371, 7 ,,
period1,sc01,t2372, 7 ,,
period1,sc01,t2373, 7 ,,
period1,sc01,t2374, 7 ,,
period1,sc01,t2375, 7 ,,
period1,sc01,t2376, 7 ,,
period1,sc01,t2377, 7 ,,
period1,sc01,t2378, 7 ,,
period1,sc01,t2379, 7 ,,
period1,sc01,t2380, 7 ,,
period1,sc01,t2381, 7 ,,
period1,sc01,t2382, 7 ,,
period1,sc01,t2383, 7 ,,
period1,sc01,t2384, 7 ,,
period1,sc01,t2385, 49 ,,
period1,sc01,t2386, 7 ,,
period1,sc01,t2387, 7 ,,
period1,sc01,t2388, 7 ,,
period1,sc01,t2389, 7 ,,
period1,sc01,t2390, 7 ,,
period1,sc01,t2391, 7 ,,
period1,sc01,t2392, 7 ,,
period1,sc01,t2393, 7 ,,
period1,sc01,t2394, 7 ,,
period1,sc01,t2395, 7 ,,
period1,sc01,t2396, 7 ,,
period1,sc01,t2397, 7 ,,
period1,sc01,t2398, 7 ,,
period1,sc01,t2399, 7 ,,
period1,sc01,t2400, 7 ,,
period1,sc01,t2401, 7 ,,
period1,sc01,t2402, 7 ,,
period1,sc01,t2403, 7 ,,
period1,sc01,t2404, 7 ,,
period1,sc01,t2405, 7 ,,
period1,sc01,t2406, 7 ,,
period1,sc01,t2407, 49 ,,
period1,sc01,t2408, 7 ,,
period1,sc01,t2409, 7 ,,
period1,sc01,t2410, 7 ,,
period1,sc01,t2411, 7 ,,
period1,sc01,t2412, 7 ,,
period1,sc01,t2413, 7 ,,
period1,sc01,t2414, 7 ,,
period1,sc01,t2415, 7 ,,
period1,sc01,t2416, 7 ,,
period1,sc01,t2417, 7 ,,
period1,sc01,t2418, 7 ,,
period1,sc01,t2419, 7 ,,
period1,sc01,t2420, 7 ,,
period1,sc01,t2421, 7 ,,
period1,sc01,t2422, 7 ,,
period1,sc01,t2423, 7 ,,
period1,sc01,t2424, 7 ,,
period1,sc01,t2425, 7 ,,
period1,sc01,t2426, 7 ,,
period1,sc01,t2427, 7 ,,
period1,sc01,t2428, 7 ,,
period1,sc01,t2429, 7 ,,
period1,sc01,t2430, 7 ,,
period1,sc01,t2431, 7 ,,
period1,sc01,t2432, 7 ,,
period1,sc01,t2433, 7 ,,
period1,sc01,t2434, 7 ,,
period1,sc01,t2435, 7 ,,
period1,sc01,t2436, 7 ,,
period1,sc01,t2437, 7 ,,
period1,sc01,t2438, 7 ,,
period1,sc01,t2439, 7 ,,
period1,sc01,t2440, 7 ,,
period1,sc01,t2441, 7 ,,
period1,sc01,t2442, 7 ,,
period1,sc01,t2443, 7 ,,
period1,sc01,t2444, 7 ,,
period1,sc01,t2445, 7 ,,
period1,sc01,t2446, 7 ,,
period1,sc01,t2447, 7 ,,
period1,sc01,t2448, 7 ,,
period1,sc01,t2449, 7 ,,
period1,sc01,t2450, 7 ,,
period1,sc01,t2451, 7 ,,
period1,sc01,t2452, 7 ,,
period1,sc01,t2453, 7 ,,
period1,sc01,t2454, 7 ,,
period1,sc01,t2455, 7 ,,
period1,sc01,t2456, 7 ,,
period1,sc01,t2457, 7 ,,
period1,sc01,t2458, 7 ,,
period1,sc01,t2459, 7 ,,
period1,sc01,t2460, 7 ,,
period1,sc01,t2461, 7 ,,
period1,sc01,t2462, 7 ,,
period1,sc01,t2463, 7 ,,
period1,sc01,t2464, 7 ,,
period1,sc01,t2465, 7 ,,
period1,sc01,t2466, 7 ,,
period1,sc01,t2467, 7 ,,
period1,sc01,t2468, 7 ,,
period1,sc01,t2469, 7 ,,
period1,sc01,t2470, 7 ,,
period1,sc01,t2471, 7 ,,
period1,sc01,t2472, 7 ,,
period1,sc01,t2473, 7 ,,
period1,sc01,t2474, 7 ,,
period1,sc01,t2475, 7 ,,
period1,sc01,t2476, 7 ,,
period1,sc01,t2477, 7 ,,
period1,sc01,t2478, 7 ,,
period1,sc01,t2479, 7 ,,
period1,sc01,t2480, 7 ,,
period1,sc01,t2481, 49 ,,
period1,sc01,t2482, 7 ,,
period1,sc01,t2483, 7 ,,
period1,sc01,t2484, 7 ,,
period1,sc01,t2485, 7 ,,
period1,sc01,t2486, 7 ,,
period1,sc01,t2487, 7 ,,
period1,sc01,t2488, 7 ,,
period1,sc01,t2489, 7 ,,
period1,sc01,t2490, 7 ,,
period1,sc01,t2491, 7 ,,
period1,sc01,t2492, 7 ,,
period1,sc01,t2493, 7 ,,
period1,sc01,t2494, 7 ,,
period1,sc01,t2495, 7 ,,
period1,sc01,t2496, 7 ,,
period1,sc01,t2497, 7 ,,
period1,sc01,t2498, 7 ,,
period1,sc01,t2499, 7 ,,
period1,sc01,t2500, 7 ,,
period1,sc01,t2501, 7 ,,
period1,sc01,t2502, 7 ,,
period1,sc01,t2503, 49 ,,
period1,sc01,t2504, 7 ,,
period1,sc01,t2505, 7 ,,
period1,sc01,t2506, 7 ,,
period1,sc01,t2507, 7 ,,
period1,sc01,t2508, 7 ,,
period1,sc01,t2509, 7 ,,
period1,sc01,t2510, 7 ,,
period1,sc01,t2511, 7 ,,
period1,sc01,t2512, 7 ,,
period1,sc01,t2513, 7 ,,
period1,sc01,t2514, 7 ,,
period1,sc01,t2515, 7 ,,
period1,sc01,t2516, 7 ,,
period1,sc01,t2517, 7 ,,
period1,sc01,t2518, 7 ,,
period1,sc01,t2519, 7 ,,
period1,sc01,t2520, 7 ,,
period1,sc01,t2521, 7 ,,
period1,sc01,t2522, 7 ,,
period1,sc01,t2523, 7 ,,
period1,sc01,t2524, 7 ,,
period1,sc01,t2525, 7 ,,
period1,sc01,t2526, 7 ,,
period1,sc01,t2527, 7 ,,
period1,sc01,t2528, 7 ,,
period1,sc01,t2529, 35 ,,
period1,sc01,t2530, 7 ,,
period1,sc01,t2531, 7 ,,
period1,sc01,t2532, 7 ,,
period1,sc01,t2533, 7 ,,
period1,sc01,t2534, 7 ,,
period1,sc01,t2535, 7 ,,
period1,sc01,t2536, 7 ,,
period1,sc01,t2537, 7 ,,
period1,sc01,t2538, 7 ,,
period1,sc01,t2539, 7 ,,
period1,sc01,t2540, 7 ,,
period1,sc01,t2541, 7 ,,
period1,sc01,t2542, 7 ,,
period1,sc01,t2543, 7 ,,
period1,sc01,t2544, 7 ,,
period1,sc01,t2545, 7 ,,
period1,sc01,t2546, 7 ,,
period1,sc01,t2547, 7 ,,
period1,sc01,t2548, 7 ,,
period1,sc01,t2549, 7 ,,
period1,sc01,t2550, 7 ,,
period1,sc01,t2551, 7 ,,
period1,sc01,t2552, 7 ,,
period1,sc01,t2553, 42 ,,
period1,sc01,t2554, 7 ,,
period1,sc01,t2555, 7 ,,
period1,sc01,t2556, 7 ,,
period1,sc01,t2557, 7 ,,
period1,sc01,t2558, 7 ,,
period1,sc01,t2559, 7 ,,
period1,sc01,t2560, 7 ,,
period1,sc01,t2561, 7 ,,
period1,sc01,t2562, 7 ,,
period1,sc01,t2563, 7 ,,
period1,sc01,t2564, 7 ,,
period1,sc01,t2565, 7 ,,
period1,sc01,t2566, 7 ,,
period1,sc01,t2567, 7 ,,
period1,sc01,t2568, 7 ,,
period1,sc01,t2569, 7 ,,
period1,sc01,t2570, 7 ,,
period1,sc01,t2571, 7 ,,
period1,sc01,t2572, 7 ,,
period1,sc01,t2573, 7 ,,
period1,sc01,t2574, 7 ,,
period1,sc01,t2575, 7 ,,
period1,sc01,t2576, 7 ,,
period1,sc01,t2577, 7 ,,
period1,sc01,t2578, 35 ,,
period1,sc01,t2579, 7 ,,
period1,sc01,t2580, 7 ,,
period1,sc01,t2581, 7 ,,
period1,sc01,t2582, 7 ,,
period1,sc01,t2583, 7 ,,
period1,sc01,t2584, 7 ,,
period1,sc01,t2585, 7 ,,
period1,sc01,t2586, 7 ,,
period1,sc01,t2587, 7 ,,
period1,sc01,t2588, 7 ,,
period1,sc01,t2589, 7 ,,
period1,sc01,t2590, 7 ,,
period1,sc01,t2591, 7 ,,
period1,sc01,t2592, 7 ,,
period1,sc01,t2593, 7 ,,
period1,sc01,t2594, 7 ,,
period1,sc01,t2595, 7 ,,
period1,sc01,t2596, 7 ,,
period1,sc01,t2597, 7 ,,
period1,sc01,t2598, 7 ,,
period1,sc01,t2599, 7 ,,
period1,sc01,t2600, 7 ,,
period1,sc01,t2601, 7 ,,
period1,sc01,t2602, 7 ,,
period1,sc01,t2603, 7 ,,
period1,sc01,t2604, 7 ,,
period1,sc01,t2605, 7 ,,
period1,sc01,t2606, 7 ,,
period1,sc01,t2607, 7 ,,
period1,sc01,t2608, 7 ,,
period1,sc01,t2609, 7 ,,
period1,sc01,t2610, 7 ,,
period1,sc01,t2611, 7 ,,
period1,sc01,t2612, 7 ,,
period1,sc01,t2613, 7 ,,
period1,sc01,t2614, 7 ,,
period1,sc01,t2615, 7 ,,
period1,sc01,t2616, 7 ,,
period1,sc01,t2617, 7 ,,
period1,sc01,t2618, 7 ,,
period1,sc01,t2619, 7 ,,
period1,sc01,t2620, 7 ,,
period1,sc01,t2621, 7 ,,
period1,sc01,t2622, 7 ,,
period1,sc01,t2623, 7 ,,
period1,sc01,t2624, 7 ,,
period1,sc01,t2625, 7 ,,
period1,sc01,t2626, 7 ,,
period1,sc01,t2627, 7 ,,
period1,sc01,t2628, 7 ,,
period1,sc01,t2629, 7 ,,
period1,sc01,t2630, 7 ,,
period1,sc01,t2631, 7 ,,
period1,sc01,t2632, 7 ,,
period1,sc01,t2633, 7 ,,
period1,sc01,t2634, 7 ,,
period1,sc01,t2635, 7 ,,
period1,sc01,t2636, 7 ,,
period1,sc01,t2637, 7 ,,
period1,sc01,t2638, 7 ,,
period1,sc01,t2639, 7 ,,
period1,sc01,t2640, 7 ,,
period1,sc01,t2641, 7 ,,
period1,sc01,t2642, 7 ,,
period1,sc01,t2643, 7 ,,
period1,sc01,t2644, 7 ,,
period1,sc01,t2645, 7 ,,
period1,sc01,t2646, 7 ,,
period1,sc01,t2647, 7 ,,
period1,sc01,t2648, 49 ,,
period1,sc01,t2649, 7 ,,
period1,sc01,t2650, 7 ,,
period1,sc01,t2651, 7 ,,
period1,sc01,t2652, 7 ,,
period1,sc01,t2653, 7 ,,
period1,sc01,t2654, 7 ,,
period1,sc01,t2655, 7 ,,
period1,sc01,t2656, 7 ,,
period1,sc01,t2657, 7 ,,
period1,sc01,t2658, 7 ,,
period1,sc01,t2659, 7 ,,
period1,sc01,t2660, 7 ,,
period1,sc01,t2661, 7 ,,
period1,sc01,t2662, 7 ,,
period1,sc01,t2663, 7 ,,
period1,sc01,t2664, 7 ,,
period1,sc01,t2665, 7 ,,
period1,sc01,t2666, 7 ,,
period1,sc01,t2667, 7 ,,
period1,sc01,t2668, 7 ,,
period1,sc01,t2669, 7 ,,
period1,sc01,t2670, 7 ,,
period1,sc01,t2671, 42 ,,
period1,sc01,t2672, 7 ,,
period1,sc01,t2673, 7 ,,
period1,sc01,t2674, 7 ,,
period1,sc01,t2675, 7 ,,
period1,sc01,t2676, 7 ,,
period1,sc01,t2677, 7 ,,
period1,sc01,t2678, 7 ,,
period1,sc01,t2679, 7 ,,
period1,sc01,t2680, 7 ,,
period1,sc01,t2681, 7 ,,
period1,sc01,t2682, 7 ,,
period1,sc01,t2683, 7 ,,
period1,sc01,t2684, 7 ,,
period1,sc01,t2685, 7 ,,
period1,sc01,t2686, 7 ,,
period1,sc01,t2687, 7 ,,
period1,sc01,t2688, 7 ,,
period1,sc01,t2689, 7 ,,
period1,sc01,t2690, 7 ,,
period1,sc01,t2691, 7 ,,
period1,sc01,t2692, 7 ,,
period1,sc01,t2693, 7 ,,
period1,sc01,t2694, 7 ,,
period1,sc01,t2695, 35 ,,
period1,sc01,t2696, 7 ,,
period1,sc01,t2697, 7 ,,
period1,sc01,t2698, 7 ,,
period1,sc01,t2699, 7 ,,
period1,sc01,t2700, 7 ,,
period1,sc01,t2701, 7 ,,
period1,sc01,t2702, 7 ,,
period1,sc01,t2703, 7 ,,
period1,sc01,t2704, 7 ,,
period1,sc01,t2705, 7 ,,
period1,sc01,t2706, 7 ,,
period1,sc01,t2707, 7 ,,
period1,sc01,t2708, 7 ,,
period1,sc01,t2709, 7 ,,
period1,sc01,t2710, 7 ,,
period1,sc01,t2711, 7 ,,
period1,sc01,t2712, 7 ,,
period1,sc01,t2713, 7 ,,
period1,sc01,t2714, 7 ,,
period1,sc01,t2715, 7 ,,
period1,sc01,t2716, 7 ,,
period1,sc01,t2717, 7 ,,
period1,sc01,t2718, 7 ,,
period1,sc01,t2719, 7 ,,
period1,sc01,t2720, 35 ,,
period1,sc01,t2721, 7 ,,
period1,sc01,t2722, 7 ,,
period1,sc01,t2723, 7 ,,
period1,sc01,t2724, 7 ,,
period1,sc01,t2725, 7 ,,
period1,sc01,t2726, 7 ,,
period1,sc01,t2727, 7 ,,
period1,sc01,t2728, 7 ,,
period1,sc01,t2729, 7 ,,
period1,sc01,t2730, 7 ,,
period1,sc01,t2731, 7 ,,
period1,sc01,t2732, 7 ,,
period1,sc01,t2733, 7 ,,
period1,sc01,t2734, 7 ,,
period1,sc01,t2735, 7 ,,
period1,sc01,t2736, 7 ,,
period1,sc01,t2737, 7 ,,
period1,sc01,t2738, 7 ,,
period1,sc01,t2739, 7 ,,
period1,sc01,t2740, 7 ,,
period1,sc01,t2741, 7 ,,
period1,sc01,t2742, 7 ,,
period1,sc01,t2743, 7 ,,
period1,sc01,t2744, 7 ,,
period1,sc01,t2745, 35 ,,
period1,sc01,t2746, 7 ,,
period1,sc01,t2747, 7 ,,
period1,sc01,t2748, 7 ,,
period1,sc01,t2749, 7 ,,
period1,sc01,t2750, 7 ,,
period1,sc01,t2751, 7 ,,
period1,sc01,t2752, 7 ,,
period1,sc01,t2753, 7 ,,
period1,sc01,t2754, 7 ,,
period1,sc01,t2755, 7 ,,
period1,sc01,t2756, 7 ,,
period1,sc01,t2757, 7 ,,
period1,sc01,t2758, 7 ,,
period1,sc01,t2759, 7 ,,
period1,sc01,t2760, 7 ,,
period1,sc01,t2761, 7 ,,
period1,sc01,t2762, 7 ,,
period1,sc01,t2763, 7 ,,
period1,sc01,t2764, 7 ,,
period1,sc01,t2765, 7 ,,
period1,sc01,t2766, 7 ,,
period1,sc01,t2767, 7 ,,
period1,sc01,t2768, 7 ,,
period1,sc01,t2769, 7 ,,
period1,sc01,t2770, 7 ,,
period1,sc01,t2771, 7 ,,
period1,sc01,t2772, 7 ,,
period1,sc01,t2773, 7 ,,
period1,sc01,t2774, 7 ,,
period1,sc01,t2775, 7 ,,
period1,sc01,t2776, 7 ,,
period1,sc01,t2777, 7 ,,
period1,sc01,t2778, 7 ,,
period1,sc01,t2779, 7 ,,
period1,sc01,t2780, 7 ,,
period1,sc01,t2781, 7 ,,
period1,sc01,t2782, 7 ,,
period1,sc01,t2783, 7 ,,
period1,sc01,t2784, 7 ,,
period1,sc01,t2785, 7 ,,
period1,sc01,t2786, 7 ,,
period1,sc01,t2787, 7 ,,
period1,sc01,t2788, 7 ,,
period1,sc01,t2789, 7 ,,
period1,sc01,t2790, 7 ,,
period1,sc01,t2791, 35 ,,
period1,sc01,t2792, 7 ,,
period1,sc01,t2793, 7 ,,
period1,sc01,t2794, 7 ,,
period1,sc01,t2795, 7 ,,
period1,sc01,t2796, 7 ,,
period1,sc01,t2797, 7 ,,
period1,sc01,t2798, 7 ,,
period1,sc01,t2799, 7 ,,
period1,sc01,t2800, 7 ,,
period1,sc01,t2801, 7 ,,
period1,sc01,t2802, 7 ,,
period1,sc01,t2803, 7 ,,
period1,sc01,t2804, 7 ,,
period1,sc01,t2805, 7 ,,
period1,sc01,t2806, 7 ,,
period1,sc01,t2807, 7 ,,
period1,sc01,t2808, 7 ,,
period1,sc01,t2809, 7 ,,
period1,sc01,t2810, 7 ,,
period1,sc01,t2811, 7 ,,
period1,sc01,t2812, 7 ,,
period1,sc01,t2813, 7 ,,
period1,sc01,t2814, 7 ,,
period1,sc01,t2815, 7 ,,
period1,sc01,t2816, 7 ,,
period1,sc01,t2817, 7 ,,
period1,sc01,t2818, 7 ,,
period1,sc01,t2819, 7 ,,
period1,sc01,t2820, 7 ,,
period1,sc01,t2821, 7 ,,
period1,sc01,t2822, 7 ,,
period1,sc01,t2823, 7 ,,
period1,sc01,t2824, 7 ,,
period1,sc01,t2825, 7 ,,
period1,sc01,t2826, 7 ,,
period1,sc01,t2827, 7 ,,
period1,sc01,t2828, 7 ,,
period1,sc01,t2829, 7 ,,
period1,sc01,t2830, 7 ,,
period1,sc01,t2831, 7 ,,
period1,sc01,t2832, 7 ,,
period1,sc01,t2833, 7 ,,
period1,sc01,t2834, 7 ,,
period1,sc01,t2835, 7 ,,
period1,sc01,t2836, 7 ,,
period1,sc01,t2837, 7 ,,
period1,sc01,t2838, 7 ,,
period1,sc01,t2839, 7 ,,
period1,sc01,t2840, 49 ,,
period1,sc01,t2841, 7 ,,
period1,sc01,t2842, 7 ,,
period1,sc01,t2843, 7 ,,
period1,sc01,t2844, 7 ,,
period1,sc01,t2845, 7 ,,
period1,sc01,t2846, 7 ,,
period1,sc01,t2847, 7 ,,
period1,sc01,t2848, 7 ,,
period1,sc01,t2849, 7 ,,
period1,sc01,t2850, 7 ,,
period1,sc01,t2851, 7 ,,
period1,sc01,t2852, 7 ,,
period1,sc01,t2853, 7 ,,
period1,sc01,t2854, 7 ,,
period1,sc01,t2855, 7 ,,
period1,sc01,t2856, 7 ,,
period1,sc01,t2857, 7 ,,
period1,sc01,t2858, 7 ,,
period1,sc01,t2859, 7 ,,
period1,sc01,t2860, 7 ,,
period1,sc01,t2861, 7 ,,
period1,sc01,t2862, 7 ,,
period1,sc01,t2863, 7 ,,
period1,sc01,t2864, 42 ,,
period1,sc01,t2865, 7 ,,
period1,sc01,t2866, 7 ,,
period1,sc01,t2867, 7 ,,
period1,sc01,t2868, 7 ,,
period1,sc01,t2869, 7 ,,
period1,sc01,t2870, 7 ,,
period1,sc01,t2871, 7 ,,
period1,sc01,t2872, 7 ,,
period1,sc01,t2873, 7 ,,
period1,sc01,t2874, 7 ,,
period1,sc01,t2875, 7 ,,
period1,sc01,t2876, 7 ,,
period1,sc01,t2877, 7 ,,
period1,sc01,t2878, 7 ,,
period1,sc01,t2879, 7 ,,
period1,sc01,t2880, 7 ,,
period1,sc01,t2881, 7 ,,
period1,sc01,t2882, 7 ,,
period1,sc01,t2883, 7 ,,
period1,sc01,t2884, 7 ,,
period1,sc01,t2885, 7 ,,
period1,sc01,t2886, 49 ,,
period1,sc01,t2887, 7 ,,
period1,sc01,t2888, 7 ,,
period1,sc01,t2889, 7 ,,
period1,sc01,t2890, 7 ,,
period1,sc01,t2891, 7 ,,
period1,sc01,t2892, 7 ,,
period1,sc01,t2893, 7 ,,
period1,sc01,t2894, 7 ,,
period1,sc01,t2895, 7 ,,
period1,sc01,t2896, 7 ,,
period1,sc01,t2897, 7 ,,
period1,sc01,t2898, 7 ,,
period1,sc01,t2899, 7 ,,
period1,sc01,t2900, 7 ,,
period1,sc01,t2901, 7 ,,
period1,sc01,t2902, 7 ,,
period1,sc01,t2903, 7 ,,
period1,sc01,t2904, 7 ,,
period1,sc01,t2905, 7 ,,
period1,sc01,t2906, 7 ,,
period1,sc01,t2907, 7 ,,
period1,sc01,t2908, 7 ,,
period1,sc01,t2909, 7 ,,
period1,sc01,t2910, 7 ,,
period1,sc01,t2911, 7 ,,
period1,sc01,t2912, 7 ,,
period1,sc01,t2913, 42 ,,
period1,sc01,t2914, 7 ,,
period1,sc01,t2915, 7 ,,
period1,sc01,t2916, 7 ,,
period1,sc01,t2917, 7 ,,
period1,sc01,t2918, 7 ,,
period1,sc01,t2919, 7 ,,
period1,sc01,t2920, 7 ,,
period1,sc01,t2921, 7 ,,
period1,sc01,t2922, 7 ,,
period1,sc01,t2923, 7 ,,
period1,sc01,t2924, 7 ,,
period1,sc01,t2925, 7 ,,
period1,sc01,t2926, 7 ,,
period1,sc01,t2927, 7 ,,
period1,sc01,t2928, 7 ,,
period1,sc01,t2929, 7 ,,
period1,sc01,t2930, 7 ,,
period1,sc01,t2931, 7 ,,
period1,sc01,t2932, 7 ,,
period1,sc01,t2933, 7 ,,
period1,sc01,t2934, 7 ,,
period1,sc01,t2935, 7 ,,
period1,sc01,t2936, 7 ,,
period1,sc01,t2937, 7 ,,
period1,sc01,t2938, 7 ,,
period1,sc01,t2939, 7 ,,
period1,sc01,t2940, 7 ,,
period1,sc01,t2941, 7 ,,
period1,sc01,t2942, 7 ,,
period1,sc01,t2943, 7 ,,
period1,sc01,t2944, 7 ,,
period1,sc01,t2945, 7 ,,
period1,sc01,t2946, 7 ,,
period1,sc01,t2947, 7 ,,
period1,sc01,t2948, 7 ,,
period1,sc01,t2949, 7 ,,
period1,sc01,t2950, 7 ,,
period1,sc01,t2951, 7 ,,
period1,sc01,t2952, 7 ,,
period1,sc01,t2953, 7 ,,
period1,sc01,t2954, 7 ,,
period1,sc01,t2955, 7 ,,
period1,sc01,t2956, 7 ,,
period1,sc01,t2957, 7 ,,
period1,sc01,t2958, 7 ,,
period1,sc01,t2959, 7 ,,
period1,sc01,t2960, 7 ,,
period1,sc01,t2961, 7 ,,
period1,sc01,t2962, 7 ,,
period1,sc01,t2963, 7 ,,
period1,sc01,t2964, 7 ,,
period1,sc01,t2965, 7 ,,
period1,sc01,t2966, 7 ,,
period1,sc01,t2967, 7 ,,
period1,sc01,t2968, 7 ,,
period1,sc01,t2969, 7 ,,
period1,sc01,t2970, 7 ,,
period1,sc01,t2971, 7 ,,
period1,sc01,t2972, 7 ,,
period1,sc01,t2973, 7 ,,
period1,sc01,t2974, 7 ,,
period1,sc01,t2975, 7 ,,
period1,sc01,t2976, 7 ,,
period1,sc01,t2977, 7 ,,
period1,sc01,t2978, 7 ,,
period1,sc01,t2979, 7 ,,
period1,sc01,t2980, 7 ,,
period1,sc01,t2981, 7 ,,
period1,sc01,t2982, 7 ,,
period1,sc01,t2983, 35 ,,
period1,sc01,t2984, 7 ,,
period1,sc01,t2985, 7 ,,
period1,sc01,t2986, 7 ,,
period1,sc01,t2987, 7 ,,
period1,sc01,t2988, 7 ,,
period1,sc01,t2989, 7 ,,
period1,sc01,t2990, 7 ,,
period1,sc01,t2991, 7 ,,
period1,sc01,t2992, 7 ,,
period1,sc01,t2993, 7 ,,
period1,sc01,t2994, 7 ,,
period1,sc01,t2995, 7 ,,
period1,sc01,t2996, 7 ,,
period1,sc01,t2997, 7 ,,
period1,sc01,t2998, 7 ,,
period1,sc01,t2999, 7 ,,
period1,sc01,t3000, 7 ,,
period1,sc01,t3001, 7 ,,
period1,sc01,t3002, 7 ,,
period1,sc01,t3003, 7 ,,
period1,sc01,t3004, 7 ,,
period1,sc01,t3005, 7 ,,
period1,sc01,t3006, 49 ,,
period1,sc01,t3007, 7 ,,
period1,sc01,t3008, 7 ,,
period1,sc01,t3009, 7 ,,
period1,sc01,t3010, 7 ,,
period1,sc01,t3011, 7 ,,
period1,sc01,t3012, 7 ,,
period1,sc01,t3013, 7 ,,
period1,sc01,t3014, 7 ,,
period1,sc01,t3015, 7 ,,
period1,sc01,t3016, 7 ,,
period1,sc01,t3017, 7 ,,
period1,sc01,t3018, 7 ,,
period1,sc01,t3019, 7 ,,
period1,sc01,t3020, 7 ,,
period1,sc01,t3021, 7 ,,
period1,sc01,t3022, 7 ,,
period1,sc01,t3023, 7 ,,
period1,sc01,t3024, 7 ,,
period1,sc01,t3025, 7 ,,
period1,sc01,t3026, 7 ,,
period1,sc01,t3027, 7 ,,
period1,sc01,t3028, 7 ,,
period1,sc01,t3029, 7 ,,
period1,sc01,t3030, 7 ,,
period1,sc01,t3031, 7 ,,
period1,sc01,t3032, 49 ,,
period1,sc01,t3033, 7 ,,
period1,sc01,t3034, 7 ,,
period1,sc01,t3035, 7 ,,
period1,sc01,t3036, 7 ,,
period1,sc01,t3037, 7 ,,
period1,sc01,t3038, 7 ,,
period1,sc01,t3039, 7 ,,
period1,sc01,t3040, 7 ,,
period1,sc01,t3041, 7 ,,
period1,sc01,t3042, 7 ,,
period1,sc01,t3043, 7 ,,
period1,sc01,t3044, 7 ,,
period1,sc01,t3045, 7 ,,
period1,sc01,t3046, 7 ,,
period1,sc01,t3047, 7 ,,
period1,sc01,t3048, 7 ,,
period1,sc01,t3049, 7 ,,
period1,sc01,t3050, 7 ,,
period1,sc01,t3051, 7 ,,
period1,sc01,t3052, 7 ,,
period1,sc01,t3053, 7 ,,
period1,sc01,t3054, 7 ,,
period1,sc01,t3055, 7 ,,
period1,sc01,t3056, 7 ,,
period1,sc01,t3057, 42 ,,
period1,sc01,t3058, 7 ,,
period1,sc01,t3059, 7 ,,
period1,sc01,t3060, 7 ,,
period1,sc01,t3061, 7 ,,
period1,sc01,t3062, 7 ,,
period1,sc01,t3063, 7 ,,
period1,sc01,t3064, 7 ,,
period1,sc01,t3065, 7 ,,
period1,sc01,t3066, 7 ,,
period1,sc01,t3067, 7 ,,
period1,sc01,t3068, 7 ,,
period1,sc01,t3069, 7 ,,
period1,sc01,t3070, 7 ,,
period1,sc01,t3071, 7 ,,
period1,sc01,t3072, 7 ,,
period1,sc01,t3073, 7 ,,
period1,sc01,t3074, 7 ,,
period1,sc01,t3075, 7 ,,
period1,sc01,t3076, 7 ,,
period1,sc01,t3077, 7 ,,
period1,sc01,t3078, 7 ,,
period1,sc01,t3079, 7 ,,
period1,sc01,t3080, 49 ,,
period1,sc01,t3081, 7 ,,
period1,sc01,t3082, 7 ,,
period1,sc01,t3083, 7 ,,
period1,sc01,t3084, 7 ,,
period1,sc01,t3085, 7 ,,
period1,sc01,t3086, 7 ,,
period1,sc01,t3087, 7 ,,
period1,sc01,t3088, 7 ,,
period1,sc01,t3089, 7 ,,
period1,sc01,t3090, 7 ,,
period1,sc01,t3091, 7 ,,
period1,sc01,t3092, 7 ,,
period1,sc01,t3093, 7 ,,
period1,sc01,t3094, 7 ,,
period1,sc01,t3095, 7 ,,
period1,sc01,t3096, 7 ,,
period1,sc01,t3097, 7 ,,
period1,sc01,t3098, 7 ,,
period1,sc01,t3099, 7 ,,
period1,sc01,t3100, 7 ,,
period1,sc01,t3101, 7 ,,
period1,sc01,t3102, 7 ,,
period1,sc01,t3103, 7 ,,
period1,sc01,t3104, 7 ,,
period1,sc01,t3105, 7 ,,
period1,sc01,t3106, 7 ,,
period1,sc01,t3107, 7 ,,
period1,sc01,t3108, 7 ,,
period1,sc01,t3109, 7 ,,
period1,sc01,t3110, 7 ,,
period1,sc01,t3111, 7 ,,
period1,sc01,t3112, 7 ,,
period1,sc01,t3113, 7 ,,
period1,sc01,t3114, 7 ,,
period1,sc01,t3115, 7 ,,
period1,sc01,t3116, 7 ,,
period1,sc01,t3117, 7 ,,
period1,sc01,t3118, 7 ,,
period1,sc01,t3119, 7 ,,
period1,sc01,t3120, 7 ,,
period1,sc01,t3121, 7 ,,
period1,sc01,t3122, 7 ,,
period1,sc01,t3123, 7 ,,
period1,sc01,t3124, 7 ,,
period1,sc01,t3125, 7 ,,
period1,sc01,t3126, 7 ,,
period1,sc01,t3127, 7 ,,
period1,sc01,t3128, 7 ,,
period1,sc01,t3129, 7 ,,
period1,sc01,t3130, 7 ,,
period1,sc01,t3131, 7 ,,
period1,sc01,t3132, 7 ,,
period1,sc01,t3133, 7 ,,
period1,sc01,t3134, 7 ,,
period1,sc01,t3135, 7 ,,
period1,sc01,t3136, 7 ,,
period1,sc01,t3137, 7 ,,
period1,sc01,t3138, 7 ,,
period1,sc01,t3139, 7 ,,
period1,sc01,t3140, 7 ,,
period1,sc01,t3141, 7 ,,
period1,sc01,t3142, 7 ,,
period1,sc01,t3143, 7 ,,
period1,sc01,t3144, 7 ,,
period1,sc01,t3145, 7 ,,
period1,sc01,t3146, 7 ,,
period1,sc01,t3147, 7 ,,
period1,sc01,t3148, 7 ,,
period1,sc01,t3149, 7 ,,
period1,sc01,t3150, 7 ,,
period1,sc01,t3151, 7 ,,
period1,sc01,t3152, 42 ,,
period1,sc01,t3153, 7 ,,
period1,sc01,t3154, 7 ,,
period1,sc01,t3155, 7 ,,
period1,sc01,t3156, 7 ,,
period1,sc01,t3157, 7 ,,
period1,sc01,t3158, 7 ,,
period1,sc01,t3159, 7 ,,
period1,sc01,t3160, 7 ,,
period1,sc01,t3161, 7 ,,
period1,sc01,t3162, 7 ,,
period1,sc01,t3163, 7 ,,
period1,sc01,t3164, 7 ,,
period1,sc01,t3165, 7 ,,
period1,sc01,t3166, 7 ,,
period1,sc01,t3167, 7 ,,
period1,sc01,t3168, 7 ,,
period1,sc01,t3169, 7 ,,
period1,sc01,t3170, 7 ,,
period1,sc01,t3171, 7 ,,
period1,sc01,t3172, 7 ,,
period1,sc01,t3173, 7 ,,
period1,sc01,t3174, 7 ,,
period1,sc01,t3175, 42 ,,
period1,sc01,t3176, 7 ,,
period1,sc01,t3177, 7 ,,
period1,sc01,t3178, 7 ,,
period1,sc01,t3179, 7 ,,
period1,sc01,t3180, 7 ,,
period1,sc01,t3181, 7 ,,
period1,sc01,t3182, 7 ,,
period1,sc01,t3183, 7 ,,
period1,sc01,t3184, 7 ,,
period1,sc01,t3185, 7 ,,
period1,sc01,t3186, 7 ,,
period1,sc01,t3187, 7 ,,
period1,sc01,t3188, 7 ,,
period1,sc01,t3189, 7 ,,
period1,sc01,t3190, 7 ,,
period1,sc01,t3191, 7 ,,
period1,sc01,t3192, 7 ,,
period1,sc01,t3193, 7 ,,
period1,sc01,t3194, 7 ,,
period1,sc01,t3195, 7 ,,
period1,sc01,t3196, 7 ,,
period1,sc01,t3197, 7 ,,
period1,sc01,t3198, 7 ,,
period1,sc01,t3199, 7 ,,
period1,sc01,t3200, 7 ,,
period1,sc01,t3201, 42 ,,
period1,sc01,t3202, 7 ,,
period1,sc01,t3203, 7 ,,
period1,sc01,t3204, 7 ,,
period1,sc01,t3205, 7 ,,
period1,sc01,t3206, 7 ,,
period1,sc01,t3207, 7 ,,
period1,sc01,t3208, 7 ,,
period1,sc01,t3209, 7 ,,
period1,sc01,t3210, 7 ,,
period1,sc01,t3211, 7 ,,
period1,sc01,t3212, 7 ,,
period1,sc01,t3213, 7 ,,
period1,sc01,t3214, 7 ,,
period1,sc01,t3215, 7 ,,
period1,sc01,t3216, 7 ,,
period1,sc01,t3217, 7 ,,
period1,sc01,t3218, 7 ,,
period1,sc01,t3219, 7 ,,
period1,sc01,t3220, 7 ,,
period1,sc01,t3221, 7 ,,
period1,sc01,t3222, 7 ,,
period1,sc01,t3223, 7 ,,
period1,sc01,t3224, 35 ,,
period1,sc01,t3225, 7 ,,
period1,sc01,t3226, 7 ,,
period1,sc01,t3227, 7 ,,
period1,sc01,t3228, 7 ,,
period1,sc01,t3229, 7 ,,
period1,sc01,t3230, 7 ,,
period1,sc01,t3231, 7 ,,
period1,sc01,t3232, 7 ,,
period1,sc01,t3233, 7 ,,
period1,sc01,t3234, 7 ,,
period1,sc01,t3235, 7 ,,
period1,sc01,t3236, 7 ,,
period1,sc01,t3237, 7 ,,
period1,sc01,t3238, 7 ,,
period1,sc01,t3239, 7 ,,
period1,sc01,t3240, 7 ,,
period1,sc01,t3241, 7 ,,
period1,sc01,t3242, 7 ,,
period1,sc01,t3243, 7 ,,
period1,sc01,t3244, 7 ,,
period1,sc01,t3245, 7 ,,
period1,sc01,t3246, 7 ,,
period1,sc01,t3247, 7 ,,
period1,sc01,t3248, 7 ,,
period1,sc01,t3249, 35 ,,
period1,sc01,t3250, 7 ,,
period1,sc01,t3251, 7 ,,
period1,sc01,t3252, 7 ,,
period1,sc01,t3253, 7 ,,
period1,sc01,t3254, 7 ,,
period1,sc01,t3255, 7 ,,
period1,sc01,t3256, 7 ,,
period1,sc01,t3257, 7 ,,
period1,sc01,t3258, 7 ,,
period1,sc01,t3259, 7 ,,
period1,sc01,t3260, 7 ,,
period1,sc01,t3261, 7 ,,
period1,sc01,t3262, 7 ,,
period1,sc01,t3263, 7 ,,
period1,sc01,t3264, 7 ,,
period1,sc01,t3265, 7 ,,
period1,sc01,t3266, 7 ,,
period1,sc01,t3267, 7 ,,
period1,sc01,t3268, 7 ,,
period1,sc01,t3269, 7 ,,
period1,sc01,t3270, 7 ,,
period1,sc01,t3271, 7 ,,
period1,sc01,t3272, 7 ,,
period1,sc01,t3273, 7 ,,
period1,sc01,t3274, 7 ,,
period1,sc01,t3275, 7 ,,
period1,sc01,t3276, 7 ,,
period1,sc01,t3277, 7 ,,
period1,sc01,t3278, 7 ,,
period1,sc01,t3279, 7 ,,
period1,sc01,t3280, 7 ,,
period1,sc01,t3281, 7 ,,
period1,sc01,t3282, 7 ,,
period1,sc01,t3283, 7 ,,
period1,sc01,t3284, 7 ,,
period1,sc01,t3285, 7 ,,
period1,sc01,t3286, 7 ,,
period1,sc01,t3287, 7 ,,
period1,sc01,t3288, 7 ,,
period1,sc01,t3289, 7 ,,
period1,sc01,t3290, 7 ,,
period1,sc01,t3291, 7 ,,
period1,sc01,t3292, 7 ,,
period1,sc01,t3293, 7 ,,
period1,sc01,t3294, 7 ,,
period1,sc01,t3295, 7 ,,
period1,sc01,t3296, 7 ,,
period1,sc01,t3297, 7 ,,
period1,sc01,t3298, 7 ,,
period1,sc01,t3299, 7 ,,
period1,sc01,t3300, 7 ,,
period1,sc01,t3301, 7 ,,
period1,sc01,t3302, 7 ,,
period1,sc01,t3303, 7 ,,
period1,sc01,t3304, 7 ,,
period1,sc01,t3305, 7 ,,
period1,sc01,t3306, 7 ,,
period1,sc01,t3307, 7 ,,
period1,sc01,t3308, 7 ,,
period1,sc01,t3309, 7 ,,
period1,sc01,t3310, 7 ,,
period1,sc01,t3311, 7 ,,
period1,sc01,t3312, 7 ,,
period1,sc01,t3313, 7 ,,
period1,sc01,t3314, 7 ,,
period1,sc01,t3315, 7 ,,
period1,sc01,t3316, 7 ,,
period1,sc01,t3317, 7 ,,
period1,sc01,t3318, 7 ,,
period1,sc01,t3319, 35 ,,
period1,sc01,t3320, 7 ,,
period1,sc01,t3321, 7 ,,
period1,sc01,t3322, 7 ,,
period1,sc01,t3323, 7 ,,
period1,sc01,t3324, 7 ,,
period1,sc01,t3325, 7 ,,
period1,sc01,t3326, 7 ,,
period1,sc01,t3327, 7 ,,
period1,sc01,t3328, 7 ,,
period1,sc01,t3329, 7 ,,
period1,sc01,t3330, 7 ,,
period1,sc01,t3331, 7 ,,
period1,sc01,t3332, 7 ,,
period1,sc01,t3333, 7 ,,
period1,sc01,t3334, 7 ,,
period1,sc01,t3335, 7 ,,
period1,sc01,t3336, 7 ,,
period1,sc01,t3337, 7 ,,
period1,sc01,t3338, 7 ,,
period1,sc01,t3339, 7 ,,
period1,sc01,t3340, 7 ,,
period1,sc01,t3341, 7 ,,
period1,sc01,t3342, 7 ,,
period1,sc01,t3343, 7 ,,
period1,sc01,t3344, 7 ,,
period1,sc01,t3345, 7 ,,
period1,sc01,t3346, 42 ,,
period1,sc01,t3347, 7 ,,
period1,sc01,t3348, 7 ,,
period1,sc01,t3349, 7 ,,
period1,sc01,t3350, 7 ,,
period1,sc01,t3351, 7 ,,
period1,sc01,t3352, 7 ,,
period1,sc01,t3353, 7 ,,
period1,sc01,t3354, 7 ,,
period1,sc01,t3355, 7 ,,
period1,sc01,t3356, 7 ,,
period1,sc01,t3357, 7 ,,
period1,sc01,t3358, 7 ,,
period1,sc01,t3359, 7 ,,
period1,sc01,t3360, 7 ,,
period1,sc01,t3361, 7 ,,
period1,sc01,t3362, 7 ,,
period1,sc01,t3363, 7 ,,
period1,sc01,t3364, 7 ,,
period1,sc01,t3365, 7 ,,
period1,sc01,t3366, 35 ,,
period1,sc01,t3367, 7 ,,
period1,sc01,t3368, 7 ,,
period1,sc01,t3369, 7 ,,
period1,sc01,t3370, 7 ,,
period1,sc01,t3371, 7 ,,
period1,sc01,t3372, 7 ,,
period1,sc01,t3373, 7 ,,
period1,sc01,t3374, 7 ,,
period1,sc01,t3375, 7 ,,
period1,sc01,t3376, 7 ,,
period1,sc01,t3377, 7 ,,
period1,sc01,t3378, 7 ,,
period1,sc01,t3379, 7 ,,
period1,sc01,t3380, 7 ,,
period1,sc01,t3381, 7 ,,
period1,sc01,t3382, 7 ,,
period1,sc01,t3383, 7 ,,
period1,sc01,t3384, 7 ,,
period1,sc01,t3385, 7 ,,
period1,sc01,t3386, 7 ,,
period1,sc01,t3387, 7 ,,
period1,sc01,t3388, 7 ,,
period1,sc01,t3389, 7 ,,
period1,sc01,t3390, 7 ,,
period1,sc01,t3391, 7 ,,
period1,sc01,t3392, 7 ,,
period1,sc01,t3393, 42 ,,
period1,sc01,t3394, 7 ,,
period1,sc01,t3395, 7 ,,
period1,sc01,t3396, 7 ,,
period1,sc01,t3397, 7 ,,
period1,sc01,t3398, 7 ,,
period1,sc01,t3399, 7 ,,
period1,sc01,t3400, 7 ,,
period1,sc01,t3401, 7 ,,
period1,sc01,t3402, 7 ,,
period1,sc01,t3403, 7 ,,
period1,sc01,t3404, 7 ,,
period1,sc01,t3405, 7 ,,
period1,sc01,t3406, 7 ,,
period1,sc01,t3407, 7 ,,
period1,sc01,t3408, 7 ,,
period1,sc01,t3409, 7 ,,
period1,sc01,t3410, 7 ,,
period1,sc01,t3411, 7 ,,
period1,sc01,t3412, 7 ,,
period1,sc01,t3413, 7 ,,
period1,sc01,t3414, 7 ,,
period1,sc01,t3415, 7 ,,
period1,sc01,t3416, 56 ,,
period1,sc01,t3417, 7 ,,
period1,sc01,t3418, 7 ,,
period1,sc01,t3419, 7 ,,
period1,sc01,t3420, 7 ,,
period1,sc01,t3421, 7 ,,
period1,sc01,t3422, 7 ,,
period1,sc01,t3423, 7 ,,
period1,sc01,t3424, 7 ,,
period1,sc01,t3425, 7 ,,
period1,sc01,t3426, 7 ,,
period1,sc01,t3427, 7 ,,
period1,sc01,t3428, 7 ,,
period1,sc01,t3429, 7 ,,
period1,sc01,t3430, 7 ,,
period1,sc01,t3431, 7 ,,
period1,sc01,t3432, 7 ,,
period1,sc01,t3433, 7 ,,
period1,sc01,t3434, 7 ,,
period1,sc01,t3435, 7 ,,
period1,sc01,t3436, 7 ,,
period1,sc01,t3437, 7 ,,
period1,sc01,t3438, 7 ,,
period1,sc01,t3439, 7 ,,
period1,sc01,t3440, 7 ,,
period1,sc01,t3441, 7 ,,
period1,sc01,t3442, 7 ,,
period1,sc01,t3443, 7 ,,
period1,sc01,t3444, 7 ,,
period1,sc01,t3445, 7 ,,
period1,sc01,t3446, 7 ,,
period1,sc01,t3447, 7 ,,
period1,sc01,t3448, 7 ,,
period1,sc01,t3449, 7 ,,
period1,sc01,t3450, 7 ,,
period1,sc01,t3451, 7 ,,
period1,sc01,t3452, 7 ,,
period1,sc01,t3453, 7 ,,
period1,sc01,t3454, 7 ,,
period1,sc01,t3455, 7 ,,
period1,sc01,t3456, 7 ,,
period1,sc01,t3457, 7 ,,
period1,sc01,t3458, 7 ,,
period1,sc01,t3459, 7 ,,
period1,sc01,t3460, 7 ,,
period1,sc01,t3461, 7 ,,
period1,sc01,t3462, 7 ,,
period1,sc01,t3463, 7 ,,
period1,sc01,t3464, 35 ,,
period1,sc01,t3465, 7 ,,
period1,sc01,t3466, 7 ,,
period1,sc01,t3467, 7 ,,
period1,sc01,t3468, 7 ,,
period1,sc01,t3469, 7 ,,
period1,sc01,t3470, 7 ,,
period1,sc01,t3471, 7 ,,
period1,sc01,t3472, 7 ,,
period1,sc01,t3473, 7 ,,
period1,sc01,t3474, 7 ,,
period1,sc01,t3475, 7 ,,
period1,sc01,t3476, 7 ,,
period1,sc01,t3477, 7 ,,
period1,sc01,t3478, 7 ,,
period1,sc01,t3479, 7 ,,
period1,sc01,t3480, 7 ,,
period1,sc01,t3481, 7 ,,
period1,sc01,t3482, 7 ,,
period1,sc01,t3483, 7 ,,
period1,sc01,t3484, 7 ,,
period1,sc01,t3485, 7 ,,
period1,sc01,t3486, 7 ,,
period1,sc01,t3487, 7 ,,
period1,sc01,t3488, 7 ,,
period1,sc01,t3489, 7 ,,
period1,sc01,t3490, 7 ,,
period1,sc01,t3491, 7 ,,
period1,sc01,t3492, 7 ,,
period1,sc01,t3493, 7 ,,
period1,sc01,t3494, 7 ,,
period1,sc01,t3495, 7 ,,
period1,sc01,t3496, 7 ,,
period1,sc01,t3497, 7 ,,
period1,sc01,t3498, 7 ,,
period1,sc01,t3499, 7 ,,
period1,sc01,t3500, 7 ,,
period1,sc01,t3501, 7 ,,
period1,sc01,t3502, 7 ,,
period1,sc01,t3503, 7 ,,
period1,sc01,t3504, 7 ,,
period1,sc01,t3505, 7 ,,
period1,sc01,t3506, 7 ,,
period1,sc01,t3507, 7 ,,
period1,sc01,t3508, 7 ,,
period1,sc01,t3509, 7 ,,
period1,sc01,t3510, 7 ,,
period1,sc01,t3511, 42 ,,
period1,sc01,t3512, 7 ,,
period1,sc01,t3513, 7 ,,
period1,sc01,t3514, 7 ,,
period1,sc01,t3515, 7 ,,
period1,sc01,t3516, 7 ,,
period1,sc01,t3517, 7 ,,
period1,sc01,t3518, 7 ,,
period1,sc01,t3519, 7 ,,
period1,sc01,t3520, 7 ,,
period1,sc01,t3521, 7 ,,
period1,sc01,t3522, 7 ,,
period1,sc01,t3523, 7 ,,
period1,sc01,t3524, 7 ,,
period1,sc01,t3525, 7 ,,
period1,sc01,t3526, 7 ,,
period1,sc01,t3527, 7 ,,
period1,sc01,t3528, 7 ,,
period1,sc01,t3529, 7 ,,
period1,sc01,t3530, 7 ,,
period1,sc01,t3531, 7 ,,
period1,sc01,t3532, 7 ,,
period1,sc01,t3533, 7 ,,
period1,sc01,t3534, 7 ,,
period1,sc01,t3535, 7 ,,
period1,sc01,t3536, 7 ,,
period1,sc01,t3537, 7 ,,
period1,sc01,t3538, 49 ,,
period1,sc01,t3539, 7 ,,
period1,sc01,t3540, 7 ,,
period1,sc01,t3541, 7 ,,
period1,sc01,t3542, 7 ,,
period1,sc01,t3543, 7 ,,
period1,sc01,t3544, 7 ,,
period1,sc01,t3545, 7 ,,
period1,sc01,t3546, 7 ,,
period1,sc01,t3547, 7 ,,
period1,sc01,t3548, 7 ,,
period1,sc01,t3549, 7 ,,
period1,sc01,t3550, 7 ,,
period1,sc01,t3551, 7 ,,
period1,sc01,t3552, 7 ,,
period1,sc01,t3553, 7 ,,
period1,sc01,t3554, 7 ,,
period1,sc01,t3555, 7 ,,
period1,sc01,t3556, 7 ,,
period1,sc01,t3557, 7 ,,
period1,sc01,t3558, 7 ,,
period1,sc01,t3559, 7 ,,
period1,sc01,t3560, 35 ,,
period1,sc01,t3561, 7 ,,
period1,sc01,t3562, 7 ,,
period1,sc01,t3563, 7 ,,
period1,sc01,t3564, 7 ,,
period1,sc01,t3565, 7 ,,
period1,sc01,t3566, 7 ,,
period1,sc01,t3567, 7 ,,
period1,sc01,t3568, 7 ,,
period1,sc01,t3569, 7 ,,
period1,sc01,t3570, 7 ,,
period1,sc01,t3571, 7 ,,
period1,sc01,t3572, 7 ,,
period1,sc01,t3573, 7 ,,
period1,sc01,t3574, 7 ,,
period1,sc01,t3575, 7 ,,
period1,sc01,t3576, 7 ,,
period1,sc01,t3577, 7 ,,
period1,sc01,t3578, 7 ,,
period1,sc01,t3579, 7 ,,
period1,sc01,t3580, 7 ,,
period1,sc01,t3581, 7 ,,
period1,sc01,t3582, 7 ,,
period1,sc01,t3583, 7 ,,
period1,sc01,t3584, 35 ,,
period1,sc01,t3585, 7 ,,
period1,sc01,t3586, 7 ,,
period1,sc01,t3587, 7 ,,
period1,sc01,t3588, 7 ,,
period1,sc01,t3589, 7 ,,
period1,sc01,t3590, 7 ,,
period1,sc01,t3591, 7 ,,
period1,sc01,t3592, 7 ,,
period1,sc01,t3593, 7 ,,
period1,sc01,t3594, 7 ,,
period1,sc01,t3595, 7 ,,
period1,sc01,t3596, 7 ,,
period1,sc01,t3597, 7 ,,
period1,sc01,t3598, 7 ,,
period1,sc01,t3599, 7 ,,
period1,sc01,t3600, 7 ,,
period1,sc01,t3601, 7 ,,
period1,sc01,t3602, 7 ,,
period1,sc01,t3603, 7 ,,
period1,sc01,t3604, 7 ,,
period1,sc01,t3605, 7 ,,
period1,sc01,t3606, 7 ,,
period1,sc01,t3607, 7 ,,
period1,sc01,t3608, 7 ,,
period1,sc01,t3609, 7 ,,
period1,sc01,t3610, 7 ,,
period1,sc01,t3611, 7 ,,
period1,sc01,t3612, 7 ,,
period1,sc01,t3613, 7 ,,
period1,sc01,t3614, 7 ,,
period1,sc01,t3615, 7 ,,
period1,sc01,t3616, 7 ,,
period1,sc01,t3617, 7 ,,
period1,sc01,t3618, 7 ,,
period1,sc01,t3619, 7 ,,
period1,sc01,t3620, 7 ,,
period1,sc01,t3621, 7 ,,
period1,sc01,t3622, 7 ,,
period1,sc01,t3623, 7 ,,
period1,sc01,t3624, 7 ,,
period1,sc01,t3625, 7 ,,
period1,sc01,t3626, 7 ,,
period1,sc01,t3627, 7 ,,
period1,sc01,t3628, 7 ,,
period1,sc01,t3629, 7 ,,
period1,sc01,t3630, 7 ,,
period1,sc01,t3631, 7 ,,
period1,sc01,t3632, 35 ,,
period1,sc01,t3633, 7 ,,
period1,sc01,t3634, 7 ,,
period1,sc01,t3635, 7 ,,
period1,sc01,t3636, 7 ,,
period1,sc01,t3637, 7 ,,
period1,sc01,t3638, 7 ,,
period1,sc01,t3639, 7 ,,
period1,sc01,t3640, 7 ,,
period1,sc01,t3641, 7 ,,
period1,sc01,t3642, 7 ,,
period1,sc01,t3643, 7 ,,
period1,sc01,t3644, 7 ,,
period1,sc01,t3645, 7 ,,
period1,sc01,t3646, 7 ,,
period1,sc01,t3647, 7 ,,
period1,sc01,t3648, 7 ,,
period1,sc01,t3649, 7 ,,
period1,sc01,t3650, 7 ,,
period1,sc01,t3651, 7 ,,
period1,sc01,t3652, 7 ,,
period1,sc01,t3653, 7 ,,
period1,sc01,t3654, 7 ,,
period1,sc01,t3655, 7 ,,
period1,sc01,t3656, 7 ,,
period1,sc01,t3657, 7 ,,
period1,sc01,t3658, 7 ,,
period1,sc01,t3659, 7 ,,
period1,sc01,t3660, 7 ,,
period1,sc01,t3661, 7 ,,
period1,sc01,t3662, 7 ,,
period1,sc01,t3663, 7 ,,
period1,sc01,t3664, 7 ,,
period1,sc01,t3665, 7 ,,
period1,sc01,t3666, 7 ,,
period1,sc01,t3667, 7 ,,
period1,sc01,t3668, 7 ,,
period1,sc01,t3669, 7 ,,
period1,sc01,t3670, 7 ,,
period1,sc01,t3671, 7 ,,
period1,sc01,t3672, 7 ,,
period1,sc01,t3673, 7 ,,
period1,sc01,t3674, 7 ,,
period1,sc01,t3675, 7 ,,
period1,sc01,t3676, 7 ,,
period1,sc01,t3677, 7 ,,
period1,sc01,t3678, 7 ,,
period1,sc01,t3679, 35 ,,
period1,sc01,t3680, 7 ,,
period1,sc01,t3681, 7 ,,
period1,sc01,t3682, 7 ,,
period1,sc01,t3683, 7 ,,
period1,sc01,t3684, 7 ,,
period1,sc01,t3685, 7 ,,
period1,sc01,t3686, 7 ,,
period1,sc01,t3687, 7 ,,
period1,sc01,t3688, 7 ,,
period1,sc01,t3689, 7 ,,
period1,sc01,t3690, 7 ,,
period1,sc01,t3691, 7 ,,
period1,sc01,t3692, 7 ,,
period1,sc01,t3693, 7 ,,
period1,sc01,t3694, 7 ,,
period1,sc01,t3695, 7 ,,
period1,sc01,t3696, 7 ,,
period1,sc01,t3697, 7 ,,
period1,sc01,t3698, 7 ,,
period1,sc01,t3699, 7 ,,
period1,sc01,t3700, 7 ,,
period1,sc01,t3701, 7 ,,
period1,sc01,t3702, 7 ,,
period1,sc01,t3703, 7 ,,
period1,sc01,t3704, 56 ,,
period1,sc01,t3705, 7 ,,
period1,sc01,t3706, 7 ,,
period1,sc01,t3707, 7 ,,
period1,sc01,t3708, 7 ,,
period1,sc01,t3709, 7 ,,
period1,sc01,t3710, 7 ,,
period1,sc01,t3711, 7 ,,
period1,sc01,t3712, 7 ,,
period1,sc01,t3713, 7 ,,
period1,sc01,t3714, 7 ,,
period1,sc01,t3715, 7 ,,
period1,sc01,t3716, 7 ,,
period1,sc01,t3717, 7 ,,
period1,sc01,t3718, 7 ,,
period1,sc01,t3719, 7 ,,
period1,sc01,t3720, 7 ,,
period1,sc01,t3721, 7 ,,
period1,sc01,t3722, 7 ,,
period1,sc01,t3723, 7 ,,
period1,sc01,t3724, 7 ,,
period1,sc01,t3725, 7 ,,
period1,sc01,t3726, 7 ,,
period1,sc01,t3727, 7 ,,
period1,sc01,t3728, 7 ,,
period1,sc01,t3729, 49 ,,
period1,sc01,t3730, 7 ,,
period1,sc01,t3731, 7 ,,
period1,sc01,t3732, 7 ,,
period1,sc01,t3733, 7 ,,
period1,sc01,t3734, 7 ,,
period1,sc01,t3735, 7 ,,
period1,sc01,t3736, 7 ,,
period1,sc01,t3737, 7 ,,
period1,sc01,t3738, 7 ,,
period1,sc01,t3739, 7 ,,
period1,sc01,t3740, 7 ,,
period1,sc01,t3741, 7 ,,
period1,sc01,t3742, 7 ,,
period1,sc01,t3743, 7 ,,
period1,sc01,t3744, 7 ,,
period1,sc01,t3745, 7 ,,
period1,sc01,t3746, 7 ,,
period1,sc01,t3747, 7 ,,
period1,sc01,t3748, 7 ,,
period1,sc01,t3749, 7 ,,
period1,sc01,t3750, 7 ,,
period1,sc01,t3751, 7 ,,
period1,sc01,t3752, 7 ,,
period1,sc01,t3753, 42 ,,
period1,sc01,t3754, 7 ,,
period1,sc01,t3755, 7 ,,
period1,sc01,t3756, 7 ,,
period1,sc01,t3757, 7 ,,
period1,sc01,t3758, 7 ,,
period1,sc01,t3759, 7 ,,
period1,sc01,t3760, 7 ,,
period1,sc01,t3761, 7 ,,
period1,sc01,t3762, 7 ,,
period1,sc01,t3763, 7 ,,
period1,sc01,t3764, 7 ,,
period1,sc01,t3765, 7 ,,
period1,sc01,t3766, 7 ,,
period1,sc01,t3767, 7 ,,
period1,sc01,t3768, 7 ,,
period1,sc01,t3769, 7 ,,
period1,sc01,t3770, 7 ,,
period1,sc01,t3771, 7 ,,
period1,sc01,t3772, 7 ,,
period1,sc01,t3773, 7 ,,
period1,sc01,t3774, 7 ,,
period1,sc01,t3775, 7 ,,
period1,sc01,t3776, 7 ,,
period1,sc01,t3777, 7 ,,
period1,sc01,t3778, 7 ,,
period1,sc01,t3779, 7 ,,
period1,sc01,t3780, 7 ,,
period1,sc01,t3781, 7 ,,
period1,sc01,t3782, 7 ,,
period1,sc01,t3783, 7 ,,
period1,sc01,t3784, 7 ,,
period1,sc01,t3785, 7 ,,
period1,sc01,t3786, 7 ,,
period1,sc01,t3787, 7 ,,
period1,sc01,t3788, 7 ,,
period1,sc01,t3789, 7 ,,
period1,sc01,t3790, 7 ,,
period1,sc01,t3791, 7 ,,
period1,sc01,t3792, 7 ,,
period1,sc01,t3793, 7 ,,
period1,sc01,t3794, 7 ,,
period1,sc01,t3795, 7 ,,
period1,sc01,t3796, 7 ,,
period1,sc01,t3797, 7 ,,
period1,sc01,t3798, 7 ,,
period1,sc01,t3799, 7 ,,
period1,sc01,t3800, 7 ,,
period1,sc01,t3801, 7 ,,
period1,sc01,t3802, 7 ,,
period1,sc01,t3803, 7 ,,
period1,sc01,t3804, 7 ,,
period1,sc01,t3805, 7 ,,
period1,sc01,t3806, 7 ,,
period1,sc01,t3807, 7 ,,
period1,sc01,t3808, 7 ,,
period1,sc01,t3809, 7 ,,
period1,sc01,t3810, 7 ,,
period1,sc01,t3811, 7 ,,
period1,sc01,t3812, 7 ,,
period1,sc01,t3813, 7 ,,
period1,sc01,t3814, 7 ,,
period1,sc01,t3815, 7 ,,
period1,sc01,t3816, 7 ,,
period1,sc01,t3817, 7 ,,
period1,sc01,t3818, 7 ,,
period1,sc01,t3819, 7 ,,
period1,sc01,t3820, 7 ,,
period1,sc01,t3821, 7 ,,
period1,sc01,t3822, 7 ,,
period1,sc01,t3823, 49 ,,
period1,sc01,t3824, 7 ,,
period1,sc01,t3825, 7 ,,
period1,sc01,t3826, 7 ,,
period1,sc01,t3827, 7 ,,
period1,sc01,t3828, 7 ,,
period1,sc01,t3829, 7 ,,
period1,sc01,t3830, 7 ,,
period1,sc01,t3831, 7 ,,
period1,sc01,t3832, 7 ,,
period1,sc01,t3833, 7 ,,
period1,sc01,t3834, 7 ,,
period1,sc01,t3835, 7 ,,
period1,sc01,t3836, 7 ,,
period1,sc01,t3837, 7 ,,
period1,sc01,t3838, 7 ,,
period1,sc01,t3839, 7 ,,
period1,sc01,t3840, 7 ,,
period1,sc01,t3841, 7 ,,
period1,sc01,t3842, 7 ,,
period1,sc01,t3843, 7 ,,
period1,sc01,t3844, 7 ,,
period1,sc01,t3845, 7 ,,
period1,sc01,t3846, 7 ,,
period1,sc01,t3847, 49 ,,
period1,sc01,t3848, 7 ,,
period1,sc01,t3849, 7 ,,
period1,sc01,t3850, 7 ,,
period1,sc01,t3851, 7 ,,
period1,sc01,t3852, 7 ,,
period1,sc01,t3853, 7 ,,
period1,sc01,t3854, 7 ,,
period1,sc01,t3855, 7 ,,
period1,sc01,t3856, 7 ,,
period1,sc01,t3857, 7 ,,
period1,sc01,t3858, 7 ,,
period1,sc01,t3859, 7 ,,
period1,sc01,t3860, 7 ,,
period1,sc01,t3861, 7 ,,
period1,sc01,t3862, 7 ,,
period1,sc01,t3863, 7 ,,
period1,sc01,t3864, 7 ,,
period1,sc01,t3865, 7 ,,
period1,sc01,t3866, 7 ,,
period1,sc01,t3867, 7 ,,
period1,sc01,t3868, 7 ,,
period1,sc01,t3869, 7 ,,
period1,sc01,t3870, 7 ,,
period1,sc01,t3871, 7 ,,
period1,sc01,t3872, 35 ,,
period1,sc01,t3873, 7 ,,
period1,sc01,t3874, 7 ,,
period1,sc01,t3875, 7 ,,
period1,sc01,t3876, 7 ,,
period1,sc01,t3877, 7 ,,
period1,sc01,t3878, 7 ,,
period1,sc01,t3879, 7 ,,
period1,sc01,t3880, 7 ,,
period1,sc01,t3881, 7 ,,
period1,sc01,t3882, 7 ,,
period1,sc01,t3883, 7 ,,
period1,sc01,t3884, 7 ,,
period1,sc01,t3885, 7 ,,
period1,sc01,t3886, 7 ,,
period1,sc01,t3887, 7 ,,
period1,sc01,t3888, 7 ,,
period1,sc01,t3889, 7 ,,
period1,sc01,t3890, 7 ,,
period1,sc01,t3891, 7 ,,
period1,sc01,t3892, 7 ,,
period1,sc01,t3893, 7 ,,
period1,sc01,t3894, 7 ,,
period1,sc01,t3895, 7 ,,
period1,sc01,t3896, 7 ,,
period1,sc01,t3897, 49 ,,
period1,sc01,t3898, 7 ,,
period1,sc01,t3899, 7 ,,
period1,sc01,t3900, 7 ,,
period1,sc01,t3901, 7 ,,
period1,sc01,t3902, 7 ,,
period1,sc01,t3903, 7 ,,
period1,sc01,t3904, 7 ,,
period1,sc01,t3905, 7 ,,
period1,sc01,t3906, 7 ,,
period1,sc01,t3907, 7 ,,
period1,sc01,t3908, 7 ,,
period1,sc01,t3909, 7 ,,
period1,sc01,t3910, 7 ,,
period1,sc01,t3911, 7 ,,
period1,sc01,t3912, 7 ,,
period1,sc01,t3913, 7 ,,
period1,sc01,t3914, 7 ,,
period1,sc01,t3915, 7 ,,
period1,sc01,t3916, 7 ,,
period1,sc01,t3917, 7 ,,
period1,sc01,t3918, 7 ,,
period1,sc01,t3919, 42 ,,
period1,sc01,t3920, 7 ,,
period1,sc01,t3921, 7 ,,
period1,sc01,t3922, 7 ,,
period1,sc01,t3923, 7 ,,
period1,sc01,t3924, 7 ,,
period1,sc01,t3925, 7 ,,
period1,sc01,t3926, 7 ,,
period1,sc01,t3927, 7 ,,
period1,sc01,t3928, 7 ,,
period1,sc01,t3929, 7 ,,
period1,sc01,t3930, 7 ,,
period1,sc01,t3931, 7 ,,
period1,sc01,t3932, 7 ,,
period1,sc01,t3933, 7 ,,
period1,sc01,t3934, 7 ,,
period1,sc01,t3935, 7 ,,
period1,sc01,t3936, 7 ,,
period1,sc01,t3937, 7 ,,
period1,sc01,t3938, 7 ,,
period1,sc01,t3939, 7 ,,
period1,sc01,t3940, 7 ,,
period1,sc01,t3941, 7 ,,
period1,sc01,t3942, 7 ,,
period1,sc01,t3943, 7 ,,
period1,sc01,t3944, 7 ,,
period1,sc01,t3945, 7 ,,
period1,sc01,t3946, 7 ,,
period1,sc01,t3947, 7 ,,
period1,sc01,t3948, 7 ,,
period1,sc01,t3949, 7 ,,
period1,sc01,t3950, 7 ,,
period1,sc01,t3951, 7 ,,
period1,sc01,t3952, 7 ,,
period1,sc01,t3953, 7 ,,
period1,sc01,t3954, 7 ,,
period1,sc01,t3955, 7 ,,
period1,sc01,t3956, 7 ,,
period1,sc01,t3957, 7 ,,
period1,sc01,t3958, 7 ,,
period1,sc01,t3959, 7 ,,
period1,sc01,t3960, 7 ,,
period1,sc01,t3961, 7 ,,
period1,sc01,t3962, 7 ,,
period1,sc01,t3963, 7 ,,
period1,sc01,t3964, 7 ,,
period1,sc01,t3965, 7 ,,
period1,sc01,t3966, 7 ,,
period1,sc01,t3967, 7 ,,
period1,sc01,t3968, 7 ,,
period1,sc01,t3969, 7 ,,
period1,sc01,t3970, 7 ,,
period1,sc01,t3971, 7 ,,
period1,sc01,t3972, 7 ,,
period1,sc01,t3973, 7 ,,
period1,sc01,t3974, 7 ,,
period1,sc01,t3975, 7 ,,
period1,sc01,t3976, 7 ,,
period1,sc01,t3977, 7 ,,
period1,sc01,t3978, 7 ,,
period1,sc01,t3979, 7 ,,
period1,sc01,t3980, 7 ,,
period1,sc01,t3981, 7 ,,
period1,sc01,t3982, 7 ,,
period1,sc01,t3983, 7 ,,
period1,sc01,t3984, 7 ,,
period1,sc01,t3985, 7 ,,
period1,sc01,t3986, 7 ,,
period1,sc01,t3987, 7 ,,
period1,sc01,t3988, 7 ,,
period1,sc01,t3989, 7 ,,
period1,sc01,t3990, 7 ,,
period1,sc01,t3991, 7 ,,
period1,sc01,t3992, 49 ,,
period1,sc01,t3993, 7 ,,
period1,sc01,t3994, 7 ,,
period1,sc01,t3995, 7 ,,
period1,sc01,t3996, 7 ,,
period1,sc01,t3997, 7 ,,
period1,sc01,t3998, 7 ,,
period1,sc01,t3999, 7 ,,
period1,sc01,t4000, 7 ,,
period1,sc01,t4001, 7 ,,
period1,sc01,t4002, 7 ,,
period1,sc01,t4003, 7 ,,
period1,sc01,t4004, 7 ,,
period1,sc01,t4005, 7 ,,
period1,sc01,t4006, 7 ,,
period1,sc01,t4007, 7 ,,
period1,sc01,t4008, 7 ,,
period1,sc01,t4009, 7 ,,
period1,sc01,t4010, 7 ,,
period1,sc01,t4011, 7 ,,
period1,sc01,t4012, 7 ,,
period1,sc01,t4013, 7 ,,
period1,sc01,t4014, 49 ,,
period1,sc01,t4015, 7 ,,
period1,sc01,t4016, 7 ,,
period1,sc01,t4017, 7 ,,
period1,sc01,t4018, 7 ,,
period1,sc01,t4019, 7 ,,
period1,sc01,t4020, 7 ,,
period1,sc01,t4021, 7 ,,
period1,sc01,t4022, 7 ,,
period1,sc01,t4023, 7 ,,
period1,sc01,t4024, 7 ,,
period1,sc01,t4025, 7 ,,
period1,sc01,t4026, 7 ,,
period1,sc01,t4027, 7 ,,
period1,sc01,t4028, 7 ,,
period1,sc01,t4029, 7 ,,
period1,sc01,t4030, 7 ,,
period1,sc01,t4031, 7 ,,
period1,sc01,t4032, 7 ,,
period1,sc01,t4033, 7 ,,
period1,sc01,t4034, 7 ,,
period1,sc01,t4035, 7 ,,
period1,sc01,t4036, 7 ,,
period1,sc01,t4037, 7 ,,
period1,sc01,t4038, 7 ,,
period1,sc01,t4039, 35 ,,
period1,sc01,t4040, 7 ,,
period1,sc01,t4041, 7 ,,
period1,sc01,t4042, 7 ,,
period1,sc01,t4043, 7 ,,
period1,sc01,t4044, 7 ,,
period1,sc01,t4045, 7 ,,
period1,sc01,t4046, 7 ,,
period1,sc01,t4047, 7 ,,
period1,sc01,t4048, 7 ,,
period1,sc01,t4049, 7 ,,
period1,sc01,t4050, 7 ,,
period1,sc01,t4051, 7 ,,
period1,sc01,t4052, 7 ,,
period1,sc01,t4053, 7 ,,
period1,sc01,t4054, 7 ,,
period1,sc01,t4055, 7 ,,
period1,sc01,t4056, 7 ,,
period1,sc01,t4057, 7 ,,
period1,sc01,t4058, 7 ,,
period1,sc01,t4059, 7 ,,
period1,sc01,t4060, 7 ,,
period1,sc01,t4061, 7 ,,
period1,sc01,t4062, 7 ,,
period1,sc01,t4063, 35 ,,
period1,sc01,t4064, 7 ,,
period1,sc01,t4065, 7 ,,
period1,sc01,t4066, 7 ,,
period1,sc01,t4067, 7 ,,
period1,sc01,t4068, 7 ,,
period1,sc01,t4069, 7 ,,
period1,sc01,t4070, 7 ,,
period1,sc01,t4071, 7 ,,
period1,sc01,t4072, 7 ,,
period1,sc01,t4073, 7 ,,
period1,sc01,t4074, 7 ,,
period1,sc01,t4075, 7 ,,
period1,sc01,t4076, 7 ,,
period1,sc01,t4077, 7 ,,
period1,sc01,t4078, 7 ,,
period1,sc01,t4079, 7 ,,
period1,sc01,t4080, 7 ,,
period1,sc01,t4081, 7 ,,
period1,sc01,t4082, 7 ,,
period1,sc01,t4083, 7 ,,
period1,sc01,t4084, 7 ,,
period1,sc01,t4085, 7 ,,
period1,sc01,t4086, 7 ,,
period1,sc01,t4087, 7 ,,
period1,sc01,t4088, 35 ,,
period1,sc01,t4089, 7 ,,
period1,sc01,t4090, 7 ,,
period1,sc01,t4091, 7 ,,
period1,sc01,t4092, 7 ,,
period1,sc01,t4093, 7 ,,
period1,sc01,t4094, 7 ,,
period1,sc01,t4095, 7 ,,
period1,sc01,t4096, 7 ,,
period1,sc01,t4097, 7 ,,
period1,sc01,t4098, 7 ,,
period1,sc01,t4099, 7 ,,
period1,sc01,t4100, 7 ,,
period1,sc01,t4101, 7 ,,
period1,sc01,t4102, 7 ,,
period1,sc01,t4103, 7 ,,
period1,sc01,t4104, 7 ,,
period1,sc01,t4105, 7 ,,
period1,sc01,t4106, 7 ,,
period1,sc01,t4107, 7 ,,
period1,sc01,t4108, 7 ,,
period1,sc01,t4109, 7 ,,
period1,sc01,t4110, 7 ,,
period1,sc01,t4111, 7 ,,
period1,sc01,t4112, 7 ,,
period1,sc01,t4113, 7 ,,
period1,sc01,t4114, 7 ,,
period1,sc01,t4115, 7 ,,
period1,sc01,t4116, 7 ,,
period1,sc01,t4117, 7 ,,
period1,sc01,t4118, 7 ,,
period1,sc01,t4119, 7 ,,
period1,sc01,t4120, 7 ,,
period1,sc01,t4121, 7 ,,
period1,sc01,t4122, 7 ,,
period1,sc01,t4123, 7 ,,
period1,sc01,t4124, 7 ,,
period1,sc01,t4125, 7 ,,
period1,sc01,t4126, 7 ,,
period1,sc01,t4127, 7 ,,
period1,sc01,t4128, 7 ,,
period1,sc01,t4129, 7 ,,
period1,sc01,t4130, 7 ,,
period1,sc01,t4131, 7 ,,
period1,sc01,t4132, 7 ,,
period1,sc01,t4133, 7 ,,
period1,sc01,t4134, 7 ,,
period1,sc01,t4135, 7 ,,
period1,sc01,t4136, 7 ,,
period1,sc01,t4137, 7 ,,
period1,sc01,t4138, 7 ,,
period1,sc01,t4139, 7 ,,
period1,sc01,t4140, 7 ,,
period1,sc01,t4141, 7 ,,
period1,sc01,t4142, 7 ,,
period1,sc01,t4143, 7 ,,
period1,sc01,t4144, 7 ,,
period1,sc01,t4145, 7 ,,
period1,sc01,t4146, 7 ,,
period1,sc01,t4147, 7 ,,
period1,sc01,t4148, 7 ,,
period1,sc01,t4149, 7 ,,
period1,sc01,t4150, 7 ,,
period1,sc01,t4151, 7 ,,
period1,sc01,t4152, 7 ,,
period1,sc01,t4153, 7 ,,
period1,sc01,t4154, 7 ,,
period1,sc01,t4155, 7 ,,
period1,sc01,t4156, 7 ,,
period1,sc01,t4157, 7 ,,
period1,sc01,t4158, 7 ,,
period1,sc01,t4159, 7 ,,
period1,sc01,t4160, 7 ,,
period1,sc01,t4161, 7 ,,
period1,sc01,t4162, 42 ,,
period1,sc01,t4163, 7 ,,
period1,sc01,t4164, 7 ,,
period1,sc01,t4165, 7 ,,
period1,sc01,t4166, 7 ,,
period1,sc01,t4167, 7 ,,
period1,sc01,t4168, 7 ,,
period1,sc01,t4169, 7 ,,
period1,sc01,t4170, 7 ,,
period1,sc01,t4171, 7 ,,
period1,sc01,t4172, 7 ,,
period1,sc01,t4173, 7 ,,
period1,sc01,t4174, 7 ,,
period1,sc01,t4175, 7 ,,
period1,sc01,t4176, 7 ,,
period1,sc01,t4177, 7 ,,
period1,sc01,t4178, 7 ,,
period1,sc01,t4179, 7 ,,
period1,sc01,t4180, 7 ,,
period1,sc01,t4181, 7 ,,
period1,sc01,t4182, 7 ,,
period1,sc01,t4183, 7 ,,
period1,sc01,t4184, 7 ,,
period1,sc01,t4185, 49 ,,
period1,sc01,t4186, 7 ,,
period1,sc01,t4187, 7 ,,
period1,sc01,t4188, 7 ,,
period1,sc01,t4189, 7 ,,
period1,sc01,t4190, 7 ,,
period1,sc01,t4191, 7 ,,
period1,sc01,t4192, 7 ,,
period1,sc01,t4193, 7 ,,
period1,sc01,t4194, 7 ,,
period1,sc01,t4195, 7 ,,
period1,sc01,t4196, 7 ,,
period1,sc01,t4197, 7 ,,
period1,sc01,t4198, 7 ,,
period1,sc01,t4199, 7 ,,
period1,sc01,t4200, 7 ,,
period1,sc01,t4201, 7 ,,
period1,sc01,t4202, 7 ,,
period1,sc01,t4203, 7 ,,
period1,sc01,t4204, 7 ,,
period1,sc01,t4205, 7 ,,
period1,sc01,t4206, 7 ,,
period1,sc01,t4207, 7 ,,
period1,sc01,t4208, 49 ,,
period1,sc01,t4209, 7 ,,
period1,sc01,t4210, 7 ,,
period1,sc01,t4211, 7 ,,
period1,sc01,t4212, 7 ,,
period1,sc01,t4213, 7 ,,
period1,sc01,t4214, 7 ,,
period1,sc01,t4215, 7 ,,
period1,sc01,t4216, 7 ,,
period1,sc01,t4217, 7 ,,
period1,sc01,t4218, 7 ,,
period1,sc01,t4219, 7 ,,
period1,sc01,t4220, 7 ,,
period1,sc01,t4221, 7 ,,
period1,sc01,t4222, 7 ,,
period1,sc01,t4223, 7 ,,
period1,sc01,t4224, 7 ,,
period1,sc01,t4225, 7 ,,
period1,sc01,t4226, 7 ,,
period1,sc01,t4227, 7 ,,
period1,sc01,t4228, 7 ,,
period1,sc01,t4229, 7 ,,
period1,sc01,t4230, 35 ,,
period1,sc01,t4231, 7 ,,
period1,sc01,t4232, 7 ,,
period1,sc01,t4233, 7 ,,
period1,sc01,t4234, 7 ,,
period1,sc01,t4235, 7 ,,
period1,sc01,t4236, 7 ,,
period1,sc01,t4237, 7 ,,
period1,sc01,t4238, 7 ,,
period1,sc01,t4239, 7 ,,
period1,sc01,t4240, 7 ,,
period1,sc01,t4241, 7 ,,
period1,sc01,t4242, 7 ,,
period1,sc01,t4243, 7 ,,
period1,sc01,t4244, 7 ,,
period1,sc01,t4245, 7 ,,
period1,sc01,t4246, 7 ,,
period1,sc01,t4247, 7 ,,
period1,sc01,t4248, 7 ,,
period1,sc01,t4249, 7 ,,
period1,sc01,t4250, 7 ,,
period1,sc01,t4251, 7 ,,
period1,sc01,t4252, 7 ,,
period1,sc01,t4253, 7 ,,
period1,sc01,t4254, 7 ,,
period1,sc01,t4255, 7 ,,
period1,sc01,t4256, 42 ,,
period1,sc01,t4257, 7 ,,
period1,sc01,t4258, 7 ,,
period1,sc01,t4259, 7 ,,
period1,sc01,t4260, 7 ,,
period1,sc01,t4261, 7 ,,
period1,sc01,t4262, 7 ,,
period1,sc01,t4263, 7 ,,
period1,sc01,t4264, 7 ,,
period1,sc01,t4265, 7 ,,
period1,sc01,t4266, 7 ,,
period1,sc01,t4267, 7 ,,
period1,sc01,t4268, 7 ,,
period1,sc01,t4269, 7 ,,
period1,sc01,t4270, 7 ,,
period1,sc01,t4271, 7 ,,
period1,sc01,t4272, 7 ,,
period1,sc01,t4273, 7 ,,
period1,sc01,t4274, 7 ,,
period1,sc01,t4275, 7 ,,
period1,sc01,t4276, 7 ,,
period1,sc01,t4277, 7 ,,
period1,sc01,t4278, 7 ,,
period1,sc01,t4279, 7 ,,
period1,sc01,t4280, 7 ,,
period1,sc01,t4281, 7 ,,
period1,sc01,t4282, 7 ,,
period1,sc01,t4283, 7 ,,
period1,sc01,t4284, 7 ,,
period1,sc01,t4285, 7 ,,
period1,sc01,t4286, 7 ,,
period1,sc01,t4287, 7 ,,
period1,sc01,t4288, 7 ,,
period1,sc01,t4289, 7 ,,
period1,sc01,t4290, 7 ,,
period1,sc01,t4291, 7 ,,
period1,sc01,t4292, 7 ,,
period1,sc01,t4293, 7 ,,
period1,sc01,t4294, 7 ,,
period1,sc01,t4295, 7 ,,
period1,sc01,t4296, 7 ,,
period1,sc01,t4297, 7 ,,
period1,sc01,t4298, 7 ,,
period1,sc01,t4299, 7 ,,
period1,sc01,t4300, 7 ,,
period1,sc01,t4301, 7 ,,
period1,sc01,t4302, 7 ,,
period1,sc01,t4303, 7 ,,
period1,sc01,t4304, 7 ,,
period1,sc01,t4305, 7 ,,
period1,sc01,t4306, 7 ,,
period1,sc01,t4307, 7 ,,
period1,sc01,t4308, 7 ,,
period1,sc01,t4309, 7 ,,
period1,sc01,t4310, 7 ,,
period1,sc01,t4311, 7 ,,
period1,sc01,t4312, 7 ,,
period1,sc01,t4313, 7 ,,
period1,sc01,t4314, 7 ,,
period1,sc01,t4315, 7 ,,
period1,sc01,t4316, 7 ,,
period1,sc01,t4317, 7 ,,
period1,sc01,t4318, 7 ,,
period1,sc01,t4319, 7 ,,
period1,sc01,t4320, 7 ,,
period1,sc01,t4321, 7 ,,
period1,sc01,t4322, 7 ,,
period1,sc01,t4323, 7 ,,
period1,sc01,t4324, 7 ,,
period1,sc01,t4325, 7 ,,
period1,sc01,t4326, 7 ,,
period1,sc01,t4327, 42 ,,
period1,sc01,t4328, 7 ,,
period1,sc01,t4329, 7 ,,
period1,sc01,t4330, 7 ,,
period1,sc01,t4331, 7 ,,
period1,sc01,t4332, 7 ,,
period1,sc01,t4333, 7 ,,
period1,sc01,t4334, 7 ,,
period1,sc01,t4335, 7 ,,
period1,sc01,t4336, 7 ,,
period1,sc01,t4337, 7 ,,
period1,sc01,t4338, 7 ,,
period1,sc01,t4339, 7 ,,
period1,sc01,t4340, 7 ,,
period1,sc01,t4341, 7 ,,
period1,sc01,t4342, 7 ,,
period1,sc01,t4343, 7 ,,
period1,sc01,t4344, 7 ,,
period1,sc01,t4345, 7 ,,
period1,sc01,t4346, 7 ,,
period1,sc01,t4347, 7 ,,
period1,sc01,t4348, 7 ,,
period1,sc01,t4349, 7 ,,
period1,sc01,t4350, 7 ,,
period1,sc01,t4351, 35 ,,
period1,sc01,t4352, 7 ,,
period1,sc01,t4353, 7 ,,
period1,sc01,t4354, 7 ,,
period1,sc01,t4355, 7 ,,
period1,sc01,t4356, 7 ,,
period1,sc01,t4357, 7 ,,
period1,sc01,t4358, 7 ,,
period1,sc01,t4359, 7 ,,
period1,sc01,t4360, 7 ,,
period1,sc01,t4361, 7 ,,
period1,sc01,t4362, 7 ,,
period1,sc01,t4363, 7 ,,
period1,sc01,t4364, 7 ,,
period1,sc01,t4365, 7 ,,
period1,sc01,t4366, 7 ,,
period1,sc01,t4367, 7 ,,
period1,sc01,t4368, 7 ,,
period1,sc01,t4369, 7 ,,
period1,sc01,t4370, 7 ,,
period1,sc01,t4371, 7 ,,
period1,sc01,t4372, 7 ,,
period1,sc01,t4373, 7 ,,
period1,sc01,t4374, 7 ,,
period1,sc01,t4375, 7 ,,
period1,sc01,t4376, 35 ,,
period1,sc01,t4377, 7 ,,
period1,sc01,t4378, 7 ,,
period1,sc01,t4379, 7 ,,
period1,sc01,t4380, 7 ,,
period1,sc01,t4381, 7 ,,
period1,sc01,t4382, 7 ,,
period1,sc01,t4383, 7 ,,
period1,sc01,t4384, 7 ,,
period1,sc01,t4385, 7 ,,
period1,sc01,t4386, 7 ,,
period1,sc01,t4387, 7 ,,
period1,sc01,t4388, 7 ,,
period1,sc01,t4389, 7 ,,
period1,sc01,t4390, 7 ,,
period1,sc01,t4391, 7 ,,
period1,sc01,t4392, 7 ,,
period1,sc01,t4393, 7 ,,
period1,sc01,t4394, 7 ,,
period1,sc01,t4395, 7 ,,
period1,sc01,t4396, 7 ,,
period1,sc01,t4397, 7 ,,
period1,sc01,t4398, 7 ,,
period1,sc01,t4399, 7 ,,
period1,sc01,t4400, 35 ,,
period1,sc01,t4401, 7 ,,
period1,sc01,t4402, 7 ,,
period1,sc01,t4403, 7 ,,
period1,sc01,t4404, 7 ,,
period1,sc01,t4405, 7 ,,
period1,sc01,t4406, 7 ,,
period1,sc01,t4407, 7 ,,
period1,sc01,t4408, 7 ,,
period1,sc01,t4409, 7 ,,
period1,sc01,t4410, 7 ,,
period1,sc01,t4411, 7 ,,
period1,sc01,t4412, 7 ,,
period1,sc01,t4413, 7 ,,
period1,sc01,t4414, 7 ,,
period1,sc01,t4415, 7 ,,
period1,sc01,t4416, 7 ,,
period1,sc01,t4417, 7 ,,
period1,sc01,t4418, 7 ,,
period1,sc01,t4419, 7 ,,
period1,sc01,t4420, 7 ,,
period1,sc01,t4421, 7 ,,
period1,sc01,t4422, 7 ,,
period1,sc01,t4423, 7 ,,
period1,sc01,t4424, 56 ,,
period1,sc01,t4425, 7 ,,
period1,sc01,t4426, 7 ,,
period1,sc01,t4427, 7 ,,
period1,sc01,t4428, 7 ,,
period1,sc01,t4429, 7 ,,
period1,sc01,t4430, 7 ,,
period1,sc01,t4431, 7 ,,
period1,sc01,t4432, 7 ,,
period1,sc01,t4433, 7 ,,
period1,sc01,t4434, 7 ,,
period1,sc01,t4435, 7 ,,
period1,sc01,t4436, 7 ,,
period1,sc01,t4437, 7 ,,
period1,sc01,t4438, 7 ,,
period1,sc01,t4439, 7 ,,
period1,sc01,t4440, 7 ,,
period1,sc01,t4441, 7 ,,
period1,sc01,t4442, 7 ,,
period1,sc01,t4443, 7 ,,
period1,sc01,t4444, 7 ,,
period1,sc01,t4445, 7 ,,
period1,sc01,t4446, 7 ,,
period1,sc01,t4447, 7 ,,
period1,sc01,t4448, 7 ,,
period1,sc01,t4449, 7 ,,
period1,sc01,t4450, 7 ,,
period1,sc01,t4451, 7 ,,
period1,sc01,t4452, 7 ,,
period1,sc01,t4453, 7 ,,
period1,sc01,t4454, 7 ,,
period1,sc01,t4455, 7 ,,
period1,sc01,t4456, 7 ,,
period1,sc01,t4457, 7 ,,
period1,sc01,t4458, 7 ,,
period1,sc01,t4459, 7 ,,
period1,sc01,t4460, 7 ,,
period1,sc01,t4461, 7 ,,
period1,sc01,t4462, 7 ,,
period1,sc01,t4463, 7 ,,
period1,sc01,t4464, 7 ,,
period1,sc01,t4465, 7 ,,
period1,sc01,t4466, 7 ,,
period1,sc01,t4467, 7 ,,
period1,sc01,t4468, 7 ,,
period1,sc01,t4469, 7 ,,
period1,sc01,t4470, 7 ,,
period1,sc01,t4471, 7 ,,
period1,sc01,t4472, 7 ,,
period1,sc01,t4473, 7 ,,
period1,sc01,t4474, 7 ,,
period1,sc01,t4475, 7 ,,
period1,sc01,t4476, 7 ,,
period1,sc01,t4477, 7 ,,
period1,sc01,t4478, 7 ,,
period1,sc01,t4479, 7 ,,
period1,sc01,t4480, 7 ,,
period1,sc01,t4481, 7 ,,
period1,sc01,t4482, 7 ,,
period1,sc01,t4483, 7 ,,
period1,sc01,t4484, 7 ,,
period1,sc01,t4485, 7 ,,
period1,sc01,t4486, 7 ,,
period1,sc01,t4487, 7 ,,
period1,sc01,t4488, 7 ,,
period1,sc01,t4489, 7 ,,
period1,sc01,t4490, 7 ,,
period1,sc01,t4491, 7 ,,
period1,sc01,t4492, 7 ,,
period1,sc01,t4493, 7 ,,
period1,sc01,t4494, 7 ,,
period1,sc01,t4495, 7 ,,
period1,sc01,t4496, 7 ,,
period1,sc01,t4497, 35 ,,
period1,sc01,t4498, 7 ,,
period1,sc01,t4499, 7 ,,
period1,sc01,t4500, 7 ,,
period1,sc01,t4501, 7 ,,
period1,sc01,t4502, 7 ,,
period1,sc01,t4503, 7 ,,
period1,sc01,t4504, 7 ,,
period1,sc01,t4505, 7 ,,
period1,sc01,t4506, 7 ,,
period1,sc01,t4507, 7 ,,
period1,sc01,t4508, 7 ,,
period1,sc01,t4509, 7 ,,
period1,sc01,t4510, 7 ,,
period1,sc01,t4511, 7 ,,
period1,sc01,t4512, 7 ,,
period1,sc01,t4513, 7 ,,
period1,sc01,t4514, 7 ,,
period1,sc01,t4515, 7 ,,
period1,sc01,t4516, 7 ,,
period1,sc01,t4517, 7 ,,
period1,sc01,t4518, 7 ,,
period1,sc01,t4519, 7 ,,
period1,sc01,t4520, 7 ,,
period1,sc01,t4521, 42 ,,
period1,sc01,t4522, 7 ,,
period1,sc01,t4523, 7 ,,
period1,sc01,t4524, 7 ,,
period1,sc01,t4525, 7 ,,
period1,sc01,t4526, 7 ,,
period1,sc01,t4527, 7 ,,
period1,sc01,t4528, 7 ,,
period1,sc01,t4529, 7 ,,
period1,sc01,t4530, 7 ,,
period1,sc01,t4531, 7 ,,
period1,sc01,t4532, 7 ,,
period1,sc01,t4533, 7 ,,
period1,sc01,t4534, 7 ,,
period1,sc01,t4535, 7 ,,
period1,sc01,t4536, 7 ,,
period1,sc01,t4537, 7 ,,
period1,sc01,t4538, 7 ,,
period1,sc01,t4539, 7 ,,
period1,sc01,t4540, 7 ,,
period1,sc01,t4541, 7 ,,
period1,sc01,t4542, 7 ,,
period1,sc01,t4543, 49 ,,
period1,sc01,t4544, 7 ,,
period1,sc01,t4545, 7 ,,
period1,sc01,t4546, 7 ,,
period1,sc01,t4547, 7 ,,
period1,sc01,t4548, 7 ,,
period1,sc01,t4549, 7 ,,
period1,sc01,t4550, 7 ,,
period1,sc01,t4551, 7 ,,
period1,sc01,t4552, 7 ,,
period1,sc01,t4553, 7 ,,
period1,sc01,t4554, 7 ,,
period1,sc01,t4555, 7 ,,
period1,sc01,t4556, 7 ,,
period1,sc01,t4557, 7 ,,
period1,sc01,t4558, 7 ,,
period1,sc01,t4559, 7 ,,
period1,sc01,t4560, 7 ,,
period1,sc01,t4561, 7 ,,
period1,sc01,t4562, 7 ,,
period1,sc01,t4563, 7 ,,
period1,sc01,t4564, 7 ,,
period1,sc01,t4565, 7 ,,
period1,sc01,t4566, 7 ,,
period1,sc01,t4567, 7 ,,
period1,sc01,t4568, 7 ,,
period1,sc01,t4569, 7 ,,
period1,sc01,t4570, 42 ,,
period1,sc01,t4571, 7 ,,
period1,sc01,t4572, 7 ,,
period1,sc01,t4573, 7 ,,
period1,sc01,t4574, 7 ,,
period1,sc01,t4575, 7 ,,
period1,sc01,t4576, 7 ,,
period1,sc01,t4577, 7 ,,
period1,sc01,t4578, 7 ,,
period1,sc01,t4579, 7 ,,
period1,sc01,t4580, 7 ,,
period1,sc01,t4581, 7 ,,
period1,sc01,t4582, 7 ,,
period1,sc01,t4583, 7 ,,
period1,sc01,t4584, 7 ,,
period1,sc01,t4585, 7 ,,
period1,sc01,t4586, 7 ,,
period1,sc01,t4587, 7 ,,
period1,sc01,t4588, 7 ,,
period1,sc01,t4589, 7 ,,
period1,sc01,t4590, 7 ,,
period1,sc01,t4591, 7 ,,
period1,sc01,t4592, 56 ,,
period1,sc01,t4593, 7 ,,
period1,sc01,t4594, 7 ,,
period1,sc01,t4595, 7 ,,
period1,sc01,t4596, 7 ,,
period1,sc01,t4597, 7 ,,
period1,sc01,t4598, 7 ,,
period1,sc01,t4599, 7 ,,
period1,sc01,t4600, 7 ,,
period1,sc01,t4601, 7 ,,
period1,sc01,t4602, 7 ,,
period1,sc01,t4603, 7 ,,
period1,sc01,t4604, 7 ,,
period1,sc01,t4605, 7 ,,
period1,sc01,t4606, 7 ,,
period1,sc01,t4607, 7 ,,
period1,sc01,t4608, 7 ,,
period1,sc01,t4609, 7 ,,
period1,sc01,t4610, 7 ,,
period1,sc01,t4611, 7 ,,
period1,sc01,t4612, 7 ,,
period1,sc01,t4613, 7 ,,
period1,sc01,t4614, 7 ,,
period1,sc01,t4615, 7 ,,
period1,sc01,t4616, 7 ,,
period1,sc01,t4617, 7 ,,
period1,sc01,t4618, 7 ,,
period1,sc01,t4619, 7 ,,
period1,sc01,t4620, 7 ,,
period1,sc01,t4621, 7 ,,
period1,sc01,t4622, 7 ,,
period1,sc01,t4623, 7 ,,
period1,sc01,t4624, 7 ,,
period1,sc01,t4625, 7 ,,
period1,sc01,t4626, 7 ,,
period1,sc01,t4627, 7 ,,
period1,sc01,t4628, 7 ,,
period1,sc01,t4629, 7 ,,
period1,sc01,t4630, 7 ,,
period1,sc01,t4631, 7 ,,
period1,sc01,t4632, 7 ,,
period1,sc01,t4633, 7 ,,
period1,sc01,t4634, 7 ,,
period1,sc01,t4635, 7 ,,
period1,sc01,t4636, 7 ,,
period1,sc01,t4637, 7 ,,
period1,sc01,t4638, 7 ,,
period1,sc01,t4639, 7 ,,
period1,sc01,t4640, 7 ,,
period1,sc01,t4641, 7 ,,
period1,sc01,t4642, 7 ,,
period1,sc01,t4643, 7 ,,
period1,sc01,t4644, 7 ,,
period1,sc01,t4645, 7 ,,
period1,sc01,t4646, 7 ,,
period1,sc01,t4647, 7 ,,
period1,sc01,t4648, 7 ,,
period1,sc01,t4649, 7 ,,
period1,sc01,t4650, 7 ,,
period1,sc01,t4651, 7 ,,
period1,sc01,t4652, 7 ,,
period1,sc01,t4653, 7 ,,
period1,sc01,t4654, 7 ,,
period1,sc01,t4655, 7 ,,
period1,sc01,t4656, 7 ,,
period1,sc01,t4657, 7 ,,
period1,sc01,t4658, 7 ,,
period1,sc01,t4659, 7 ,,
period1,sc01,t4660, 7 ,,
period1,sc01,t4661, 7 ,,
period1,sc01,t4662, 7 ,,
period1,sc01,t4663, 56 ,,
period1,sc01,t4664, 7 ,,
period1,sc01,t4665, 7 ,,
period1,sc01,t4666, 7 ,,
period1,sc01,t4667, 7 ,,
period1,sc01,t4668, 7 ,,
period1,sc01,t4669, 7 ,,
period1,sc01,t4670, 7 ,,
period1,sc01,t4671, 7 ,,
period1,sc01,t4672, 7 ,,
period1,sc01,t4673, 7 ,,
period1,sc01,t4674, 7 ,,
period1,sc01,t4675, 7 ,,
period1,sc01,t4676, 7 ,,
period1,sc01,t4677, 7 ,,
period1,sc01,t4678, 7 ,,
period1,sc01,t4679, 7 ,,
period1,sc01,t4680, 7 ,,
period1,sc01,t4681, 7 ,,
period1,sc01,t4682, 7 ,,
period1,sc01,t4683, 7 ,,
period1,sc01,t4684, 7 ,,
period1,sc01,t4685, 7 ,,
period1,sc01,t4686, 7 ,,
period1,sc01,t4687, 7 ,,
period1,sc01,t4688, 35 ,,
period1,sc01,t4689, 7 ,,
period1,sc01,t4690, 7 ,,
period1,sc01,t4691, 7 ,,
period1,sc01,t4692, 7 ,,
period1,sc01,t4693, 7 ,,
period1,sc01,t4694, 7 ,,
period1,sc01,t4695, 7 ,,
period1,sc01,t4696, 7 ,,
period1,sc01,t4697, 7 ,,
period1,sc01,t4698, 7 ,,
period1,sc01,t4699, 7 ,,
period1,sc01,t4700, 7 ,,
period1,sc01,t4701, 7 ,,
period1,sc01,t4702, 7 ,,
period1,sc01,t4703, 7 ,,
period1,sc01,t4704, 7 ,,
period1,sc01,t4705, 7 ,,
period1,sc01,t4706, 7 ,,
period1,sc01,t4707, 7 ,,
period1,sc01,t4708, 7 ,,
period1,sc01,t4709, 7 ,,
period1,sc01,t4710, 7 ,,
period1,sc01,t4711, 42 ,,
period1,sc01,t4712, 7 ,,
period1,sc01,t4713, 7 ,,
period1,sc01,t4714, 7 ,,
period1,sc01,t4715, 7 ,,
period1,sc01,t4716, 7 ,,
period1,sc01,t4717, 7 ,,
period1,sc01,t4718, 7 ,,
period1,sc01,t4719, 7 ,,
period1,sc01,t4720, 7 ,,
period1,sc01,t4721, 7 ,,
period1,sc01,t4722, 7 ,,
period1,sc01,t4723, 7 ,,
period1,sc01,t4724, 7 ,,
period1,sc01,t4725, 7 ,,
period1,sc01,t4726, 7 ,,
period1,sc01,t4727, 7 ,,
period1,sc01,t4728, 7 ,,
period1,sc01,t4729, 7 ,,
period1,sc01,t4730, 7 ,,
period1,sc01,t4731, 7 ,,
period1,sc01,t4732, 7 ,,
period1,sc01,t4733, 7 ,,
period1,sc01,t4734, 7 ,,
period1,sc01,t4735, 7 ,,
period1,sc01,t4736, 35 ,,
period1,sc01,t4737, 7 ,,
period1,sc01,t4738, 7 ,,
period1,sc01,t4739, 7 ,,
period1,sc01,t4740, 7 ,,
period1,sc01,t4741, 7 ,,
period1,sc01,t4742, 7 ,,
period1,sc01,t4743, 7 ,,
period1,sc01,t4744, 7 ,,
period1,sc01,t4745, 7 ,,
period1,sc01,t4746, 7 ,,
period1,sc01,t4747, 7 ,,
period1,sc01,t4748, 7 ,,
period1,sc01,t4749, 7 ,,
period1,sc01,t4750, 7 ,,
period1,sc01,t4751, 7 ,,
period1,sc01,t4752, 7 ,,
period1,sc01,t4753, 7 ,,
period1,sc01,t4754, 7 ,,
period1,sc01,t4755, 7 ,,
period1,sc01,t4756, 7 ,,
period1,sc01,t4757, 7 ,,
period1,sc01,t4758, 7 ,,
period1,sc01,t4759, 7 ,,
period1,sc01,t4760, 35 ,,
period1,sc01,t4761, 7 ,,
period1,sc01,t4762, 7 ,,
period1,sc01,t4763, 7 ,,
period1,sc01,t4764, 7 ,,
period1,sc01,t4765, 7 ,,
period1,sc01,t4766, 7 ,,
period1,sc01,t4767, 7 ,,
period1,sc01,t4768, 7 ,,
period1,sc01,t4769, 7 ,,
period1,sc01,t4770, 7 ,,
period1,sc01,t4771, 7 ,,
period1,sc01,t4772, 7 ,,
period1,sc01,t4773, 7 ,,
period1,sc01,t4774, 7 ,,
period1,sc01,t4775, 7 ,,
period1,sc01,t4776, 7 ,,
period1,sc01,t4777, 7 ,,
period1,sc01,t4778, 7 ,,
period1,sc01,t4779, 7 ,,
period1,sc01,t4780, 7 ,,
period1,sc01,t4781, 7 ,,
period1,sc01,t4782, 7 ,,
period1,sc01,t4783, 7 ,,
period1,sc01,t4784, 7 ,,
period1,sc01,t4785, 7 ,,
period1,sc01,t4786, 7 ,,
period1,sc01,t4787, 7 ,,
period1,sc01,t4788, 7 ,,
period1,sc01,t4789, 7 ,,
period1,sc01,t4790, 7 ,,
period1,sc01,t4791, 7 ,,
period1,sc01,t4792, 7 ,,
period1,sc01,t4793, 7 ,,
period1,sc01,t4794, 7 ,,
period1,sc01,t4795, 7 ,,
period1,sc01,t4796, 7 ,,
period1,sc01,t4797, 7 ,,
period1,sc01,t4798, 7 ,,
period1,sc01,t4799, 7 ,,
period1,sc01,t4800, 7 ,,
period1,sc01,t4801, 7 ,,
period1,sc01,t4802, 7 ,,
period1,sc01,t4803, 7 ,,
period1,sc01,t4804, 7 ,,
period1,sc01,t4805, 7 ,,
period1,sc01,t4806, 7 ,,
period1,sc01,t4807, 7 ,,
period1,sc01,t4808, 7 ,,
period1,sc01,t4809, 7 ,,
period1,sc01,t4810, 7 ,,
period1,sc01,t4811, 7 ,,
period1,sc01,t4812, 7 ,,
period1,sc01,t4813, 7 ,,
period1,sc01,t4814, 7 ,,
period1,sc01,t4815, 7 ,,
period1,sc01,t4816, 7 ,,
period1,sc01,t4817, 7 ,,
period1,sc01,t4818, 7 ,,
period1,sc01,t4819, 7 ,,
period1,sc01,t4820, 7 ,,
period1,sc01,t4821, 7 ,,
period1,sc01,t4822, 7 ,,
period1,sc01,t4823, 7 ,,
period1,sc01,t4824, 7 ,,
period1,sc01,t4825, 7 ,,
period1,sc01,t4826, 7 ,,
period1,sc01,t4827, 7 ,,
period1,sc01,t4828, 7 ,,
period1,sc01,t4829, 7 ,,
period1,sc01,t4830, 7 ,,
period1,sc01,t4831, 7 ,,
period1,sc01,t4832, 7 ,,
period1,sc01,t4833, 35 ,,
period1,sc01,t4834, 7 ,,
period1,sc01,t4835, 7 ,,
period1,sc01,t4836, 7 ,,
period1,sc01,t4837, 7 ,,
period1,sc01,t4838, 7 ,,
period1,sc01,t4839, 7 ,,
period1,sc01,t4840, 7 ,,
period1,sc01,t4841, 7 ,,
period1,sc01,t4842, 7 ,,
period1,sc01,t4843, 7 ,,
period1,sc01,t4844, 7 ,,
period1,sc01,t4845, 7 ,,
period1,sc01,t4846, 7 ,,
period1,sc01,t4847, 7 ,,
period1,sc01,t4848, 7 ,,
period1,sc01,t4849, 7 ,,
period1,sc01,t4850, 7 ,,
period1,sc01,t4851, 7 ,,
period1,sc01,t4852, 7 ,,
period1,sc01,t4853, 7 ,,
period1,sc01,t4854, 7 ,,
period1,sc01,t4855, 7 ,,
period1,sc01,t4856, 7 ,,
period1,sc01,t4857, 42 ,,
period1,sc01,t4858, 7 ,,
period1,sc01,t4859, 7 ,,
period1,sc01,t4860, 7 ,,
period1,sc01,t4861, 7 ,,
period1,sc01,t4862, 7 ,,
period1,sc01,t4863, 7 ,,
period1,sc01,t4864, 7 ,,
period1,sc01,t4865, 7 ,,
period1,sc01,t4866, 7 ,,
period1,sc01,t4867, 7 ,,
period1,sc01,t4868, 7 ,,
period1,sc01,t4869, 7 ,,
period1,sc01,t4870, 7 ,,
period1,sc01,t4871, 7 ,,
period1,sc01,t4872, 7 ,,
period1,sc01,t4873, 7 ,,
period1,sc01,t4874, 7 ,,
period1,sc01,t4875, 7 ,,
period1,sc01,t4876, 7 ,,
period1,sc01,t4877, 7 ,,
period1,sc01,t4878, 7 ,,
period1,sc01,t4879, 7 ,,
period1,sc01,t4880, 42 ,,
period1,sc01,t4881, 7 ,,
period1,sc01,t4882, 7 ,,
period1,sc01,t4883, 7 ,,
period1,sc01,t4884, 7 ,,
period1,sc01,t4885, 7 ,,
period1,sc01,t4886, 7 ,,
period1,sc01,t4887, 7 ,,
period1,sc01,t4888, 7 ,,
period1,sc01,t4889, 7 ,,
period1,sc01,t4890, 7 ,,
period1,sc01,t4891, 7 ,,
period1,sc01,t4892, 7 ,,
period1,sc01,t4893, 7 ,,
period1,sc01,t4894, 7 ,,
period1,sc01,t4895, 7 ,,
period1,sc01,t4896, 7 ,,
period1,sc01,t4897, 7 ,,
period1,sc01,t4898, 7 ,,
period1,sc01,t4899, 7 ,,
period1,sc01,t4900, 7 ,,
period1,sc01,t4901, 7 ,,
period1,sc01,t4902, 7 ,,
period1,sc01,t4903, 7 ,,
period1,sc01,t4904, 7 ,,
period1,sc01,t4905, 35 ,,
period1,sc01,t4906, 7 ,,
period1,sc01,t4907, 7 ,,
period1,sc01,t4908, 7 ,,
period1,sc01,t4909, 7 ,,
period1,sc01,t4910, 7 ,,
period1,sc01,t4911, 7 ,,
period1,sc01,t4912, 7 ,,
period1,sc01,t4913, 7 ,,
period1,sc01,t4914, 7 ,,
period1,sc01,t4915, 7 ,,
period1,sc01,t4916, 7 ,,
period1,sc01,t4917, 7 ,,
period1,sc01,t4918, 7 ,,
period1,sc01,t4919, 7 ,,
period1,sc01,t4920, 7 ,,
period1,sc01,t4921, 7 ,,
period1,sc01,t4922, 7 ,,
period1,sc01,t4923, 7 ,,
period1,sc01,t4924, 7 ,,
period1,sc01,t4925, 7 ,,
period1,sc01,t4926, 7 ,,
period1,sc01,t4927, 7 ,,
period1,sc01,t4928, 35 ,,
period1,sc01,t4929, 7 ,,
period1,sc01,t4930, 7 ,,
period1,sc01,t4931, 7 ,,
period1,sc01,t4932, 7 ,,
period1,sc01,t4933, 7 ,,
period1,sc01,t4934, 7 ,,
period1,sc01,t4935, 7 ,,
period1,sc01,t4936, 7 ,,
period1,sc01,t4937, 7 ,,
period1,sc01,t4938, 7 ,,
period1,sc01,t4939, 7 ,,
period1,sc01,t4940, 7 ,,
period1,sc01,t4941, 7 ,,
period1,sc01,t4942, 7 ,,
period1,sc01,t4943, 7 ,,
period1,sc01,t4944, 7 ,,
period1,sc01,t4945, 7 ,,
period1,sc01,t4946, 7 ,,
period1,sc01,t4947, 7 ,,
period1,sc01,t4948, 7 ,,
period1,sc01,t4949, 7 ,,
period1,sc01,t4950, 7 ,,
period1,sc01,t4951, 7 ,,
period1,sc01,t4952, 7 ,,
period1,sc01,t4953, 7 ,,
period1,sc01,t4954, 7 ,,
period1,sc01,t4955, 7 ,,
period1,sc01,t4956, 7 ,,
period1,sc01,t4957, 7 ,,
period1,sc01,t4958, 7 ,,
period1,sc01,t4959, 7 ,,
period1,sc01,t4960, 7 ,,
period1,sc01,t4961, 7 ,,
period1,sc01,t4962, 7 ,,
period1,sc01,t4963, 7 ,,
period1,sc01,t4964, 7 ,,
period1,sc01,t4965, 7 ,,
period1,sc01,t4966, 7 ,,
period1,sc01,t4967, 7 ,,
period1,sc01,t4968, 7 ,,
period1,sc01,t4969, 7 ,,
period1,sc01,t4970, 7 ,,
period1,sc01,t4971, 7 ,,
period1,sc01,t4972, 7 ,,
period1,sc01,t4973, 7 ,,
period1,sc01,t4974, 7 ,,
period1,sc01,t4975, 7 ,,
period1,sc01,t4976, 56 ,,
period1,sc01,t4977, 7 ,,
period1,sc01,t4978, 7 ,,
period1,sc01,t4979, 7 ,,
period1,sc01,t4980, 7 ,,
period1,sc01,t4981, 7 ,,
period1,sc01,t4982, 7 ,,
period1,sc01,t4983, 7 ,,
period1,sc01,t4984, 7 ,,
period1,sc01,t4985, 7 ,,
period1,sc01,t4986, 7 ,,
period1,sc01,t4987, 7 ,,
period1,sc01,t4988, 7 ,,
period1,sc01,t4989, 7 ,,
period1,sc01,t4990, 7 ,,
period1,sc01,t4991, 7 ,,
period1,sc01,t4992, 7 ,,
period1,sc01,t4993, 7 ,,
period1,sc01,t4994, 7 ,,
period1,sc01,t4995, 7 ,,
period1,sc01,t4996, 7 ,,
period1,sc01,t4997, 7 ,,
period1,sc01,t4998, 7 ,,
period1,sc01,t4999, 7 ,,
period1,sc01,t5000, 7 ,,
period1,sc01,t5001, 7 ,,
period1,sc01,t5002, 7 ,,
period1,sc01,t5003, 7 ,,
period1,sc01,t5004, 7 ,,
period1,sc01,t5005, 7 ,,
period1,sc01,t5006, 7 ,,
period1,sc01,t5007, 7 ,,
period1,sc01,t5008, 7 ,,
period1,sc01,t5009, 7 ,,
period1,sc01,t5010, 7 ,,
period1,sc01,t5011, 7 ,,
period1,sc01,t5012, 7 ,,
period1,sc01,t5013, 7 ,,
period1,sc01,t5014, 7 ,,
period1,sc01,t5015, 7 ,,
period1,sc01,t5016, 7 ,,
period1,sc01,t5017, 7 ,,
period1,sc01,t5018, 7 ,,
period1,sc01,t5019, 7 ,,
period1,sc01,t5020, 7 ,,
period1,sc01,t5021, 7 ,,
period1,sc01,t5022, 7 ,,
period1,sc01,t5023, 7 ,,
period1,sc01,t5024, 7 ,,
period1,sc01,t5025, 35 ,,
period1,sc01,t5026, 7 ,,
period1,sc01,t5027, 7 ,,
period1,sc01,t5028, 7 ,,
period1,sc01,t5029, 7 ,,
period1,sc01,t5030, 7 ,,
period1,sc01,t5031, 7 ,,
period1,sc01,t5032, 7 ,,
period1,sc01,t5033, 7 ,,
period1,sc01,t5034, 7 ,,
period1,sc01,t5035, 7 ,,
period1,sc01,t5036, 7 ,,
period1,sc01,t5037, 7 ,,
period1,sc01,t5038, 7 ,,
period1,sc01,t5039, 7 ,,
period1,sc01,t5040, 7 ,,
period1,sc01,t5041, 7 ,,
period1,sc01,t5042, 7 ,,
period1,sc01,t5043, 7 ,,
period1,sc01,t5044, 7 ,,
period1,sc01,t5045, 7 ,,
period1,sc01,t5046, 7 ,,
period1,sc01,t5047, 7 ,,
period1,sc01,t5048, 35 ,,
period1,sc01,t5049, 7 ,,
period1,sc01,t5050, 7 ,,
period1,sc01,t5051, 7 ,,
period1,sc01,t5052, 7 ,,
period1,sc01,t5053, 7 ,,
period1,sc01,t5054, 7 ,,
period1,sc01,t5055, 7 ,,
period1,sc01,t5056, 7 ,,
period1,sc01,t5057, 7 ,,
period1,sc01,t5058, 7 ,,
period1,sc01,t5059, 7 ,,
period1,sc01,t5060, 7 ,,
period1,sc01,t5061, 7 ,,
period1,sc01,t5062, 7 ,,
period1,sc01,t5063, 7 ,,
period1,sc01,t5064, 7 ,,
period1,sc01,t5065, 7 ,,
period1,sc01,t5066, 7 ,,
period1,sc01,t5067, 7 ,,
period1,sc01,t5068, 7 ,,
period1,sc01,t5069, 7 ,,
period1,sc01,t5070, 7 ,,
period1,sc01,t5071, 7 ,,
period1,sc01,t5072, 7 ,,
period1,sc01,t5073, 42 ,,
period1,sc01,t5074, 7 ,,
period1,sc01,t5075, 7 ,,
period1,sc01,t5076, 7 ,,
period1,sc01,t5077, 7 ,,
period1,sc01,t5078, 7 ,,
period1,sc01,t5079, 7 ,,
period1,sc01,t5080, 7 ,,
period1,sc01,t5081, 7 ,,
period1,sc01,t5082, 7 ,,
period1,sc01,t5083, 7 ,,
period1,sc01,t5084, 7 ,,
period1,sc01,t5085, 7 ,,
period1,sc01,t5086, 7 ,,
period1,sc01,t5087, 7 ,,
period1,sc01,t5088, 7 ,,
period1,sc01,t5089, 7 ,,
period1,sc01,t5090, 7 ,,
period1,sc01,t5091, 7 ,,
period1,sc01,t5092, 7 ,,
period1,sc01,t5093, 7 ,,
period1,sc01,t5094, 7 ,,
period1,sc01,t5095, 7 ,,
period1,sc01,t5096, 7 ,,
period1,sc01,t5097, 56 ,,
period1,sc01,t5098, 7 ,,
period1,sc01,t5099, 7 ,,
period1,sc01,t5100, 7 ,,
period1,sc01,t5101, 7 ,,
period1,sc01,t5102, 7 ,,
period1,sc01,t5103, 7 ,,
period1,sc01,t5104, 7 ,,
period1,sc01,t5105, 7 ,,
period1,sc01,t5106, 7 ,,
period1,sc01,t5107, 7 ,,
period1,sc01,t5108, 7 ,,
period1,sc01,t5109, 7 ,,
period1,sc01,t5110, 7 ,,
period1,sc01,t5111, 7 ,,
period1,sc01,t5112, 7 ,,
period1,sc01,t5113, 7 ,,
period1,sc01,t5114, 7 ,,
period1,sc01,t5115, 7 ,,
period1,sc01,t5116, 7 ,,
period1,sc01,t5117, 7 ,,
period1,sc01,t5118, 7 ,,
period1,sc01,t5119, 7 ,,
period1,sc01,t5120, 7 ,,
period1,sc01,t5121, 7 ,,
period1,sc01,t5122, 7 ,,
period1,sc01,t5123, 7 ,,
period1,sc01,t5124, 7 ,,
period1,sc01,t5125, 7 ,,
period1,sc01,t5126, 7 ,,
period1,sc01,t5127, 7 ,,
period1,sc01,t5128, 7 ,,
period1,sc01,t5129, 7 ,,
period1,sc01,t5130, 7 ,,
period1,sc01,t5131, 7 ,,
period1,sc01,t5132, 7 ,,
period1,sc01,t5133, 7 ,,
period1,sc01,t5134, 7 ,,
period1,sc01,t5135, 7 ,,
period1,sc01,t5136, 7 ,,
period1,sc01,t5137, 7 ,,
period1,sc01,t5138, 7 ,,
period1,sc01,t5139, 7 ,,
period1,sc01,t5140, 7 ,,
period1,sc01,t5141, 7 ,,
period1,sc01,t5142, 7 ,,
period1,sc01,t5143, 7 ,,
period1,sc01,t5144, 7 ,,
period1,sc01,t5145, 7 ,,
period1,sc01,t5146, 7 ,,
period1,sc01,t5147, 7 ,,
period1,sc01,t5148, 7 ,,
period1,sc01,t5149, 7 ,,
period1,sc01,t5150, 7 ,,
period1,sc01,t5151, 7 ,,
period1,sc01,t5152, 7 ,,
period1,sc01,t5153, 7 ,,
period1,sc01,t5154, 7 ,,
period1,sc01,t5155, 7 ,,
period1,sc01,t5156, 7 ,,
period1,sc01,t5157, 7 ,,
period1,sc01,t5158, 7 ,,
period1,sc01,t5159, 7 ,,
period1,sc01,t5160, 7 ,,
period1,sc01,t5161, 7 ,,
period1,sc01,t5162, 7 ,,
period1,sc01,t5163, 7 ,,
period1,sc01,t5164, 7 ,,
period1,sc01,t5165, 7 ,,
period1,sc01,t5166, 7 ,,
period1,sc01,t5167, 7 ,,
period1,sc01,t5168, 7 ,,
period1,sc01,t5169, 7 ,,
period1,sc01,t5170, 35 ,,
period1,sc01,t5171, 7 ,,
period1,sc01,t5172, 7 ,,
period1,sc01,t5173, 7 ,,
period1,sc01,t5174, 7 ,,
period1,sc01,t5175, 7 ,,
period1,sc01,t5176, 7 ,,
period1,sc01,t5177, 7 ,,
period1,sc01,t5178, 7 ,,
period1,sc01,t5179, 7 ,,
period1,sc01,t5180, 7 ,,
period1,sc01,t5181, 7 ,,
period1,sc01,t5182, 7 ,,
period1,sc01,t5183, 7 ,,
period1,sc01,t5184, 7 ,,
period1,sc01,t5185, 7 ,,
period1,sc01,t5186, 7 ,,
period1,sc01,t5187, 7 ,,
period1,sc01,t5188, 7 ,,
period1,sc01,t5189, 7 ,,
period1,sc01,t5190, 42 ,,
period1,sc01,t5191, 7 ,,
period1,sc01,t5192, 7 ,,
period1,sc01,t5193, 7 ,,
period1,sc01,t5194, 7 ,,
period1,sc01,t5195, 7 ,,
period1,sc01,t5196, 7 ,,
period1,sc01,t5197, 7 ,,
period1,sc01,t5198, 7 ,,
period1,sc01,t5199, 7 ,,
period1,sc01,t5200, 7 ,,
period1,sc01,t5201, 7 ,,
period1,sc01,t5202, 7 ,,
period1,sc01,t5203, 7 ,,
period1,sc01,t5204, 7 ,,
period1,sc01,t5205, 7 ,,
period1,sc01,t5206, 7 ,,
period1,sc01,t5207, 7 ,,
period1,sc01,t5208, 7 ,,
period1,sc01,t5209, 7 ,,
period1,sc01,t5210, 7 ,,
period1,sc01,t5211, 7 ,,
period1,sc01,t5212, 7 ,,
period1,sc01,t5213, 7 ,,
period1,sc01,t5214, 7 ,,
period1,sc01,t5215, 49 ,,
period1,sc01,t5216, 7 ,,
period1,sc01,t5217, 7 ,,
period1,sc01,t5218, 7 ,,
period1,sc01,t5219, 7 ,,
period1,sc01,t5220, 7 ,,
period1,sc01,t5221, 7 ,,
period1,sc01,t5222, 7 ,,
period1,sc01,t5223, 7 ,,
period1,sc01,t5224, 7 ,,
period1,sc01,t5225, 7 ,,
period1,sc01,t5226, 7 ,,
period1,sc01,t5227, 7 ,,
period1,sc01,t5228, 7 ,,
period1,sc01,t5229, 7 ,,
period1,sc01,t5230, 7 ,,
period1,sc01,t5231, 7 ,,
period1,sc01,t5232, 7 ,,
period1,sc01,t5233, 7 ,,
period1,sc01,t5234, 7 ,,
period1,sc01,t5235, 7 ,,
period1,sc01,t5236, 7 ,,
period1,sc01,t5237, 7 ,,
period1,sc01,t5238, 7 ,,
period1,sc01,t5239, 7 ,,
period1,sc01,t5240, 35 ,,
period1,sc01,t5241, 7 ,,
period1,sc01,t5242, 7 ,,
period1,sc01,t5243, 7 ,,
period1,sc01,t5244, 7 ,,
period1,sc01,t5245, 7 ,,
period1,sc01,t5246, 7 ,,
period1,sc01,t5247, 7 ,,
period1,sc01,t5248, 7 ,,
period1,sc01,t5249, 7 ,,
period1,sc01,t5250, 7 ,,
period1,sc01,t5251, 7 ,,
period1,sc01,t5252, 7 ,,
period1,sc01,t5253, 7 ,,
period1,sc01,t5254, 7 ,,
period1,sc01,t5255, 7 ,,
period1,sc01,t5256, 7 ,,
period1,sc01,t5257, 7 ,,
period1,sc01,t5258, 7 ,,
period1,sc01,t5259, 7 ,,
period1,sc01,t5260, 7 ,,
period1,sc01,t5261, 7 ,,
period1,sc01,t5262, 49 ,,
period1,sc01,t5263, 7 ,,
period1,sc01,t5264, 7 ,,
period1,sc01,t5265, 7 ,,
period1,sc01,t5266, 7 ,,
period1,sc01,t5267, 7 ,,
period1,sc01,t5268, 7 ,,
period1,sc01,t5269, 7 ,,
period1,sc01,t5270, 7 ,,
period1,sc01,t5271, 7 ,,
period1,sc01,t5272, 7 ,,
period1,sc01,t5273, 7 ,,
period1,sc01,t5274, 7 ,,
period1,sc01,t5275, 7 ,,
period1,sc01,t5276, 7 ,,
period1,sc01,t5277, 7 ,,
period1,sc01,t5278, 7 ,,
period1,sc01,t5279, 7 ,,
period1,sc01,t5280, 7 ,,
period1,sc01,t5281, 7 ,,
period1,sc01,t5282, 7 ,,
period1,sc01,t5283, 7 ,,
period1,sc01,t5284, 7 ,,
period1,sc01,t5285, 7 ,,
period1,sc01,t5286, 7 ,,
period1,sc01,t5287, 7 ,,
period1,sc01,t5288, 7 ,,
period1,sc01,t5289, 7 ,,
period1,sc01,t5290, 42 ,,
period1,sc01,t5291, 7 ,,
period1,sc01,t5292, 7 ,,
period1,sc01,t5293, 7 ,,
period1,sc01,t5294, 7 ,,
period1,sc01,t5295, 7 ,,
period1,sc01,t5296, 7 ,,
period1,sc01,t5297, 7 ,,
period1,sc01,t5298, 7 ,,
period1,sc01,t5299, 7 ,,
period1,sc01,t5300, 7 ,,
period1,sc01,t5301, 7 ,,
period1,sc01,t5302, 7 ,,
period1,sc01,t5303, 7 ,,
period1,sc01,t5304, 7 ,,
period1,sc01,t5305, 7 ,,
period1,sc01,t5306, 7 ,,
period1,sc01,t5307, 7 ,,
period1,sc01,t5308, 7 ,,
period1,sc01,t5309, 7 ,,
period1,sc01,t5310, 7 ,,
period1,sc01,t5311, 7 ,,
period1,sc01,t5312, 7 ,,
period1,sc01,t5313, 7 ,,
period1,sc01,t5314, 7 ,,
period1,sc01,t5315, 7 ,,
period1,sc01,t5316, 7 ,,
period1,sc01,t5317, 7 ,,
period1,sc01,t5318, 7 ,,
period1,sc01,t5319, 7 ,,
period1,sc01,t5320, 7 ,,
period1,sc01,t5321, 7 ,,
period1,sc01,t5322, 7 ,,
period1,sc01,t5323, 7 ,,
period1,sc01,t5324, 7 ,,
period1,sc01,t5325, 7 ,,
period1,sc01,t5326, 7 ,,
period1,sc01,t5327, 7 ,,
period1,sc01,t5328, 7 ,,
period1,sc01,t5329, 7 ,,
period1,sc01,t5330, 7 ,,
period1,sc01,t5331, 7 ,,
period1,sc01,t5332, 7 ,,
period1,sc01,t5333, 7 ,,
period1,sc01,t5334, 7 ,,
period1,sc01,t5335, 42 ,,
period1,sc01,t5336, 7 ,,
period1,sc01,t5337, 7 ,,
period1,sc01,t5338, 7 ,,
period1,sc01,t5339, 7 ,,
period1,sc01,t5340, 7 ,,
period1,sc01,t5341, 7 ,,
period1,sc01,t5342, 7 ,,
period1,sc01,t5343, 7 ,,
period1,sc01,t5344, 7 ,,
period1,sc01,t5345, 7 ,,
period1,sc01,t5346, 7 ,,
period1,sc01,t5347, 7 ,,
period1,sc01,t5348, 7 ,,
period1,sc01,t5349, 7 ,,
period1,sc01,t5350, 7 ,,
period1,sc01,t5351, 7 ,,
period1,sc01,t5352, 7 ,,
period1,sc01,t5353, 7 ,,
period1,sc01,t5354, 7 ,,
period1,sc01,t5355, 7 ,,
period1,sc01,t5356, 7 ,,
period1,sc01,t5357, 7 ,,
period1,sc01,t5358, 42 ,,
period1,sc01,t5359, 7 ,,
period1,sc01,t5360, 7 ,,
period1,sc01,t5361, 7 ,,
period1,sc01,t5362, 7 ,,
period1,sc01,t5363, 7 ,,
period1,sc01,t5364, 7 ,,
period1,sc01,t5365, 7 ,,
period1,sc01,t5366, 7 ,,
period1,sc01,t5367, 7 ,,
period1,sc01,t5368, 7 ,,
period1,sc01,t5369, 7 ,,
period1,sc01,t5370, 7 ,,
period1,sc01,t5371, 7 ,,
period1,sc01,t5372, 7 ,,
period1,sc01,t5373, 7 ,,
period1,sc01,t5374, 7 ,,
period1,sc01,t5375, 7 ,,
period1,sc01,t5376, 7 ,,
period1,sc01,t5377, 7 ,,
period1,sc01,t5378, 7 ,,
period1,sc01,t5379, 7 ,,
period1,sc01,t5380, 7 ,,
period1,sc01,t5381, 7 ,,
period1,sc01,t5382, 7 ,,
period1,sc01,t5383, 42 ,,
period1,sc01,t5384, 7 ,,
period1,sc01,t5385, 7 ,,
period1,sc01,t5386, 7 ,,
period1,sc01,t5387, 7 ,,
period1,sc01,t5388, 7 ,,
period1,sc01,t5389, 7 ,,
period1,sc01,t5390, 7 ,,
period1,sc01,t5391, 7 ,,
period1,sc01,t5392, 7 ,,
period1,sc01,t5393, 7 ,,
period1,sc01,t5394, 7 ,,
period1,sc01,t5395, 7 ,,
period1,sc01,t5396, 7 ,,
period1,sc01,t5397, 7 ,,
period1,sc01,t5398, 7 ,,
period1,sc01,t5399, 7 ,,
period1,sc01,t5400, 7 ,,
period1,sc01,t5401, 7 ,,
period1,sc01,t5402, 7 ,,
period1,sc01,t5403, 7 ,,
period1,sc01,t5404, 7 ,,
period1,sc01,t5405, 7 ,,
period1,sc01,t5406, 35 ,,
period1,sc01,t5407, 7 ,,
period1,sc01,t5408, 7 ,,
period1,sc01,t5409, 7 ,,
period1,sc01,t5410, 7 ,,
period1,sc01,t5411, 7 ,,
period1,sc01,t5412, 7 ,,
period1,sc01,t5413, 7 ,,
period1,sc01,t5414, 7 ,,
period1,sc01,t5415, 7 ,,
period1,sc01,t5416, 7 ,,
period1,sc01,t5417, 7 ,,
period1,sc01,t5418, 7 ,,
period1,sc01,t5419, 7 ,,
period1,sc01,t5420, 7 ,,
period1,sc01,t5421, 7 ,,
period1,sc01,t5422, 7 ,,
period1,sc01,t5423, 7 ,,
period1,sc01,t5424, 7 ,,
period1,sc01,t5425, 7 ,,
period1,sc01,t5426, 7 ,,
period1,sc01,t5427, 7 ,,
period1,sc01,t5428, 7 ,,
period1,sc01,t5429, 7 ,,
period1,sc01,t5430, 7 ,,
period1,sc01,t5431, 7 ,,
period1,sc01,t5432, 49 ,,
period1,sc01,t5433, 7 ,,
period1,sc01,t5434, 7 ,,
period1,sc01,t5435, 7 ,,
period1,sc01,t5436, 7 ,,
period1,sc01,t5437, 7 ,,
period1,sc01,t5438, 7 ,,
period1,sc01,t5439, 7 ,,
period1,sc01,t5440, 7 ,,
period1,sc01,t5441, 7 ,,
period1,sc01,t5442, 7 ,,
period1,sc01,t5443, 7 ,,
period1,sc01,t5444, 7 ,,
period1,sc01,t5445, 7 ,,
period1,sc01,t5446, 7 ,,
period1,sc01,t5447, 7 ,,
period1,sc01,t5448, 7 ,,
period1,sc01,t5449, 7 ,,
period1,sc01,t5450, 7 ,,
period1,sc01,t5451, 7 ,,
period1,sc01,t5452, 7 ,,
period1,sc01,t5453, 7 ,,
period1,sc01,t5454, 7 ,,
period1,sc01,t5455, 7 ,,
period1,sc01,t5456, 7 ,,
period1,sc01,t5457, 7 ,,
period1,sc01,t5458, 7 ,,
period1,sc01,t5459, 7 ,,
period1,sc01,t5460, 7 ,,
period1,sc01,t5461, 7 ,,
period1,sc01,t5462, 7 ,,
period1,sc01,t5463, 7 ,,
period1,sc01,t5464, 7 ,,
period1,sc01,t5465, 7 ,,
period1,sc01,t5466, 7 ,,
period1,sc01,t5467, 7 ,,
period1,sc01,t5468, 7 ,,
period1,sc01,t5469, 7 ,,
period1,sc01,t5470, 7 ,,
period1,sc01,t5471, 7 ,,
period1,sc01,t5472, 7 ,,
period1,sc01,t5473, 7 ,,
period1,sc01,t5474, 7 ,,
period1,sc01,t5475, 7 ,,
period1,sc01,t5476, 7 ,,
period1,sc01,t5477, 7 ,,
period1,sc01,t5478, 7 ,,
period1,sc01,t5479, 7 ,,
period1,sc01,t5480, 7 ,,
period1,sc01,t5481, 7 ,,
period1,sc01,t5482, 7 ,,
period1,sc01,t5483, 7 ,,
period1,sc01,t5484, 7 ,,
period1,sc01,t5485, 7 ,,
period1,sc01,t5486, 7 ,,
period1,sc01,t5487, 7 ,,
period1,sc01,t5488, 7 ,,
period1,sc01,t5489, 7 ,,
period1,sc01,t5490, 7 ,,
period1,sc01,t5491, 7 ,,
period1,sc01,t5492, 7 ,,
period1,sc01,t5493, 7 ,,
period1,sc01,t5494, 7 ,,
period1,sc01,t5495, 7 ,,
period1,sc01,t5496, 7 ,,
period1,sc01,t5497, 7 ,,
period1,sc01,t5498, 7 ,,
period1,sc01,t5499, 7 ,,
period1,sc01,t5500, 7 ,,
period1,sc01,t5501, 7 ,,
period1,sc01,t5502, 7 ,,
period1,sc01,t5503, 7 ,,
period1,sc01,t5504, 7 ,,
period1,sc01,t5505, 35 ,,
period1,sc01,t5506, 7 ,,
period1,sc01,t5507, 7 ,,
period1,sc01,t5508, 7 ,,
period1,sc01,t5509, 7 ,,
period1,sc01,t5510, 7 ,,
period1,sc01,t5511, 7 ,,
period1,sc01,t5512, 7 ,,
period1,sc01,t5513, 7 ,,
period1,sc01,t5514, 7 ,,
period1,sc01,t5515, 7 ,,
period1,sc01,t5516, 7 ,,
period1,sc01,t5517, 7 ,,
period1,sc01,t5518, 7 ,,
period1,sc01,t5519, 7 ,,
period1,sc01,t5520, 7 ,,
period1,sc01,t5521, 7 ,,
period1,sc01,t5522, 7 ,,
period1,sc01,t5523, 7 ,,
period1,sc01,t5524, 7 ,,
period1,sc01,t5525, 7 ,,
period1,sc01,t5526, 7 ,,
period1,sc01,t5527, 35 ,,
period1,sc01,t5528, 7 ,,
period1,sc01,t5529, 7 ,,
period1,sc01,t5530, 7 ,,
period1,sc01,t5531, 7 ,,
period1,sc01,t5532, 7 ,,
period1,sc01,t5533, 7 ,,
period1,sc01,t5534, 7 ,,
period1,sc01,t5535, 7 ,,
period1,sc01,t5536, 7 ,,
period1,sc01,t5537, 7 ,,
period1,sc01,t5538, 7 ,,
period1,sc01,t5539, 7 ,,
period1,sc01,t5540, 7 ,,
period1,sc01,t5541, 7 ,,
period1,sc01,t5542, 7 ,,
period1,sc01,t5543, 7 ,,
period1,sc01,t5544, 7 ,,
period1,sc01,t5545, 7 ,,
period1,sc01,t5546, 7 ,,
period1,sc01,t5547, 7 ,,
period1,sc01,t5548, 7 ,,
period1,sc01,t5549, 7 ,,
period1,sc01,t5550, 7 ,,
period1,sc01,t5551, 7 ,,
period1,sc01,t5552, 35 ,,
period1,sc01,t5553, 7 ,,
period1,sc01,t5554, 7 ,,
period1,sc01,t5555, 7 ,,
period1,sc01,t5556, 7 ,,
period1,sc01,t5557, 7 ,,
period1,sc01,t5558, 7 ,,
period1,sc01,t5559, 7 ,,
period1,sc01,t5560, 7 ,,
period1,sc01,t5561, 7 ,,
period1,sc01,t5562, 7 ,,
period1,sc01,t5563, 7 ,,
period1,sc01,t5564, 7 ,,
period1,sc01,t5565, 7 ,,
period1,sc01,t5566, 7 ,,
period1,sc01,t5567, 7 ,,
period1,sc01,t5568, 7 ,,
period1,sc01,t5569, 7 ,,
period1,sc01,t5570, 7 ,,
period1,sc01,t5571, 7 ,,
period1,sc01,t5572, 7 ,,
period1,sc01,t5573, 7 ,,
period1,sc01,t5574, 7 ,,
period1,sc01,t5575, 7 ,,
period1,sc01,t5576, 7 ,,
period1,sc01,t5577, 42 ,,
period1,sc01,t5578, 7 ,,
period1,sc01,t5579, 7 ,,
period1,sc01,t5580, 7 ,,
period1,sc01,t5581, 7 ,,
period1,sc01,t5582, 7 ,,
period1,sc01,t5583, 7 ,,
period1,sc01,t5584, 7 ,,
period1,sc01,t5585, 7 ,,
period1,sc01,t5586, 7 ,,
period1,sc01,t5587, 7 ,,
period1,sc01,t5588, 7 ,,
period1,sc01,t5589, 7 ,,
period1,sc01,t5590, 7 ,,
period1,sc01,t5591, 7 ,,
period1,sc01,t5592, 7 ,,
period1,sc01,t5593, 7 ,,
period1,sc01,t5594, 7 ,,
period1,sc01,t5595, 7 ,,
period1,sc01,t5596, 7 ,,
period1,sc01,t5597, 7 ,,
period1,sc01,t5598, 7 ,,
period1,sc01,t5599, 7 ,,
period1,sc01,t5600, 7 ,,
period1,sc01,t5601, 7 ,,
period1,sc01,t5602, 42 ,,
period1,sc01,t5603, 7 ,,
period1,sc01,t5604, 7 ,,
period1,sc01,t5605, 7 ,,
period1,sc01,t5606, 7 ,,
period1,sc01,t5607, 7 ,,
period1,sc01,t5608, 7 ,,
period1,sc01,t5609, 7 ,,
period1,sc01,t5610, 7 ,,
period1,sc01,t5611, 7 ,,
period1,sc01,t5612, 7 ,,
period1,sc01,t5613, 7 ,,
period1,sc01,t5614, 7 ,,
period1,sc01,t5615, 7 ,,
period1,sc01,t5616, 7 ,,
period1,sc01,t5617, 7 ,,
period1,sc01,t5618, 7 ,,
period1,sc01,t5619, 7 ,,
period1,sc01,t5620, 7 ,,
period1,sc01,t5621, 7 ,,
period1,sc01,t5622, 7 ,,
period1,sc01,t5623, 7 ,,
period1,sc01,t5624, 7 ,,
period1,sc01,t5625, 7 ,,
period1,sc01,t5626, 7 ,,
period1,sc01,t5627, 7 ,,
period1,sc01,t5628, 7 ,,
period1,sc01,t5629, 7 ,,
period1,sc01,t5630, 7 ,,
period1,sc01,t5631, 7 ,,
period1,sc01,t5632, 7 ,,
period1,sc01,t5633, 7 ,,
period1,sc01,t5634, 7 ,,
period1,sc01,t5635, 7 ,,
period1,sc01,t5636, 7 ,,
period1,sc01,t5637, 7 ,,
period1,sc01,t5638, 7 ,,
period1,sc01,t5639, 7 ,,
period1,sc01,t5640, 7 ,,
period1,sc01,t5641, 7 ,,
period1,sc01,t5642, 7 ,,
period1,sc01,t5643, 7 ,,
period1,sc01,t5644, 7 ,,
period1,sc01,t5645, 7 ,,
period1,sc01,t5646, 7 ,,
period1,sc01,t5647, 7 ,,
period1,sc01,t5648, 7 ,,
period1,sc01,t5649, 7 ,,
period1,sc01,t5650, 7 ,,
period1,sc01,t5651, 7 ,,
period1,sc01,t5652, 7 ,,
period1,sc01,t5653, 7 ,,
period1,sc01,t5654, 7 ,,
period1,sc01,t5655, 7 ,,
period1,sc01,t5656, 7 ,,
period1,sc01,t5657, 7 ,,
period1,sc01,t5658, 7 ,,
period1,sc01,t5659, 7 ,,
period1,sc01,t5660, 7 ,,
period1,sc01,t5661, 7 ,,
period1,sc01,t5662, 7 ,,
period1,sc01,t5663, 7 ,,
period1,sc01,t5664, 7 ,,
period1,sc01,t5665, 7 ,,
period1,sc01,t5666, 7 ,,
period1,sc01,t5667, 7 ,,
period1,sc01,t5668, 7 ,,
period1,sc01,t5669, 7 ,,
period1,sc01,t5670, 7 ,,
period1,sc01,t5671, 7 ,,
period1,sc01,t5672, 35 ,,
period1,sc01,t5673, 7 ,,
period1,sc01,t5674, 7 ,,
period1,sc01,t5675, 7 ,,
period1,sc01,t5676, 7 ,,
period1,sc01,t5677, 7 ,,
period1,sc01,t5678, 7 ,,
period1,sc01,t5679, 7 ,,
period1,sc01,t5680, 7 ,,
period1,sc01,t5681, 7 ,,
period1,sc01,t5682, 7 ,,
period1,sc01,t5683, 7 ,,
period1,sc01,t5684, 7 ,,
period1,sc01,t5685, 7 ,,
period1,sc01,t5686, 7 ,,
period1,sc01,t5687, 7 ,,
period1,sc01,t5688, 7 ,,
period1,sc01,t5689, 7 ,,
period1,sc01,t5690, 7 ,,
period1,sc01,t5691, 7 ,,
period1,sc01,t5692, 7 ,,
period1,sc01,t5693, 7 ,,
period1,sc01,t5694, 7 ,,
period1,sc01,t5695, 7 ,,
period1,sc01,t5696, 7 ,,
period1,sc01,t5697, 7 ,,
period1,sc01,t5698, 42 ,,
period1,sc01,t5699, 7 ,,
period1,sc01,t5700, 7 ,,
period1,sc01,t5701, 7 ,,
period1,sc01,t5702, 7 ,,
period1,sc01,t5703, 7 ,,
period1,sc01,t5704, 7 ,,
period1,sc01,t5705, 7 ,,
period1,sc01,t5706, 7 ,,
period1,sc01,t5707, 7 ,,
period1,sc01,t5708, 7 ,,
period1,sc01,t5709, 7 ,,
period1,sc01,t5710, 7 ,,
period1,sc01,t5711, 7 ,,
period1,sc01,t5712, 7 ,,
period1,sc01,t5713, 7 ,,
period1,sc01,t5714, 7 ,,
period1,sc01,t5715, 7 ,,
period1,sc01,t5716, 7 ,,
period1,sc01,t5717, 7 ,,
period1,sc01,t5718, 7 ,,
period1,sc01,t5719, 7 ,,
period1,sc01,t5720, 7 ,,
period1,sc01,t5721, 35 ,,
period1,sc01,t5722, 7 ,,
period1,sc01,t5723, 7 ,,
period1,sc01,t5724, 7 ,,
period1,sc01,t5725, 7 ,,
period1,sc01,t5726, 7 ,,
period1,sc01,t5727, 7 ,,
period1,sc01,t5728, 7 ,,
period1,sc01,t5729, 7 ,,
period1,sc01,t5730, 7 ,,
period1,sc01,t5731, 7 ,,
period1,sc01,t5732, 7 ,,
period1,sc01,t5733, 7 ,,
period1,sc01,t5734, 7 ,,
period1,sc01,t5735, 7 ,,
period1,sc01,t5736, 7 ,,
period1,sc01,t5737, 7 ,,
period1,sc01,t5738, 7 ,,
period1,sc01,t5739, 7 ,,
period1,sc01,t5740, 7 ,,
period1,sc01,t5741, 7 ,,
period1,sc01,t5742, 7 ,,
period1,sc01,t5743, 7 ,,
period1,sc01,t5744, 7 ,,
period1,sc01,t5745, 42 ,,
period1,sc01,t5746, 7 ,,
period1,sc01,t5747, 7 ,,
period1,sc01,t5748, 7 ,,
period1,sc01,t5749, 7 ,,
period1,sc01,t5750, 7 ,,
period1,sc01,t5751, 7 ,,
period1,sc01,t5752, 7 ,,
period1,sc01,t5753, 7 ,,
period1,sc01,t5754, 7 ,,
period1,sc01,t5755, 7 ,,
period1,sc01,t5756, 7 ,,
period1,sc01,t5757, 7 ,,
period1,sc01,t5758, 7 ,,
period1,sc01,t5759, 7 ,,
period1,sc01,t5760, 7 ,,
period1,sc01,t5761, 7 ,,
period1,sc01,t5762, 7 ,,
period1,sc01,t5763, 7 ,,
period1,sc01,t5764, 7 ,,
period1,sc01,t5765, 7 ,,
period1,sc01,t5766, 7 ,,
period1,sc01,t5767, 7 ,,
period1,sc01,t5768, 35 ,,
period1,sc01,t5769, 7 ,,
period1,sc01,t5770, 7 ,,
period1,sc01,t5771, 7 ,,
period1,sc01,t5772, 7 ,,
period1,sc01,t5773, 7 ,,
period1,sc01,t5774, 7 ,,
period1,sc01,t5775, 7 ,,
period1,sc01,t5776, 7 ,,
period1,sc01,t5777, 7 ,,
period1,sc01,t5778, 7 ,,
period1,sc01,t5779, 7 ,,
period1,sc01,t5780, 7 ,,
period1,sc01,t5781, 7 ,,
period1,sc01,t5782, 7 ,,
period1,sc01,t5783, 7 ,,
period1,sc01,t5784, 7 ,,
period1,sc01,t5785, 7 ,,
period1,sc01,t5786, 7 ,,
period1,sc01,t5787, 7 ,,
period1,sc01,t5788, 7 ,,
period1,sc01,t5789, 7 ,,
period1,sc01,t5790, 7 ,,
period1,sc01,t5791, 7 ,,
period1,sc01,t5792, 7 ,,
period1,sc01,t5793, 7 ,,
period1,sc01,t5794, 7 ,,
period1,sc01,t5795, 7 ,,
period1,sc01,t5796, 7 ,,
period1,sc01,t5797, 7 ,,
period1,sc01,t5798, 7 ,,
period1,sc01,t5799, 7 ,,
period1,sc01,t5800, 7 ,,
period1,sc01,t5801, 7 ,,
period1,sc01,t5802, 7 ,,
period1,sc01,t5803, 7 ,,
period1,sc01,t5804, 7 ,,
period1,sc01,t5805, 7 ,,
period1,sc01,t5806, 7 ,,
period1,sc01,t5807, 7 ,,
period1,sc01,t5808, 7 ,,
period1,sc01,t5809, 7 ,,
period1,sc01,t5810, 7 ,,
period1,sc01,t5811, 7 ,,
period1,sc01,t5812, 7 ,,
period1,sc01,t5813, 7 ,,
period1,sc01,t5814, 7 ,,
period1,sc01,t5815, 7 ,,
period1,sc01,t5816, 7 ,,
period1,sc01,t5817, 7 ,,
period1,sc01,t5818, 7 ,,
period1,sc01,t5819, 7 ,,
period1,sc01,t5820, 7 ,,
period1,sc01,t5821, 7 ,,
period1,sc01,t5822, 7 ,,
period1,sc01,t5823, 7 ,,
period1,sc01,t5824, 7 ,,
period1,sc01,t5825, 7 ,,
period1,sc01,t5826, 7 ,,
period1,sc01,t5827, 7 ,,
period1,sc01,t5828, 7 ,,
period1,sc01,t5829, 7 ,,
period1,sc01,t5830, 7 ,,
period1,sc01,t5831, 7 ,,
period1,sc01,t5832, 7 ,,
period1,sc01,t5833, 7 ,,
period1,sc01,t5834, 7 ,,
period1,sc01,t5835, 7 ,,
period1,sc01,t5836, 7 ,,
period1,sc01,t5837, 7 ,,
period1,sc01,t5838, 7 ,,
period1,sc01,t5839, 42 ,,
period1,sc01,t5840, 7 ,,
period1,sc01,t5841, 7 ,,
period1,sc01,t5842, 7 ,,
period1,sc01,t5843, 7 ,,
period1,sc01,t5844, 7 ,,
period1,sc01,t5845, 7 ,,
period1,sc01,t5846, 7 ,,
period1,sc01,t5847, 7 ,,
period1,sc01,t5848, 7 ,,
period1,sc01,t5849, 7 ,,
period1,sc01,t5850, 7 ,,
period1,sc01,t5851, 7 ,,
period1,sc01,t5852, 7 ,,
period1,sc01,t5853, 7 ,,
period1,sc01,t5854, 7 ,,
period1,sc01,t5855, 7 ,,
period1,sc01,t5856, 7 ,,
period1,sc01,t5857, 7 ,,
period1,sc01,t5858, 7 ,,
period1,sc01,t5859, 7 ,,
period1,sc01,t5860, 7 ,,
period1,sc01,t5861, 7 ,,
period1,sc01,t5862, 7 ,,
period1,sc01,t5863, 7 ,,
period1,sc01,t5864, 42 ,,
period1,sc01,t5865, 7 ,,
period1,sc01,t5866, 7 ,,
period1,sc01,t5867, 7 ,,
period1,sc01,t5868, 7 ,,
period1,sc01,t5869, 7 ,,
period1,sc01,t5870, 7 ,,
period1,sc01,t5871, 7 ,,
period1,sc01,t5872, 7 ,,
period1,sc01,t5873, 7 ,,
period1,sc01,t5874, 7 ,,
period1,sc01,t5875, 7 ,,
period1,sc01,t5876, 7 ,,
period1,sc01,t5877, 7 ,,
period1,sc01,t5878, 7 ,,
period1,sc01,t5879, 7 ,,
period1,sc01,t5880, 7 ,,
period1,sc01,t5881, 7 ,,
period1,sc01,t5882, 7 ,,
period1,sc01,t5883, 7 ,,
period1,sc01,t5884, 7 ,,
period1,sc01,t5885, 7 ,,
period1,sc01,t5886, 7 ,,
period1,sc01,t5887, 56 ,,
period1,sc01,t5888, 7 ,,
period1,sc01,t5889, 7 ,,
period1,sc01,t5890, 7 ,,
period1,sc01,t5891, 7 ,,
period1,sc01,t5892, 7 ,,
period1,sc01,t5893, 7 ,,
period1,sc01,t5894, 7 ,,
period1,sc01,t5895, 7 ,,
period1,sc01,t5896, 7 ,,
period1,sc01,t5897, 7 ,,
period1,sc01,t5898, 7 ,,
period1,sc01,t5899, 7 ,,
period1,sc01,t5900, 7 ,,
period1,sc01,t5901, 7 ,,
period1,sc01,t5902, 7 ,,
period1,sc01,t5903, 7 ,,
period1,sc01,t5904, 7 ,,
period1,sc01,t5905, 7 ,,
period1,sc01,t5906, 7 ,,
period1,sc01,t5907, 7 ,,
period1,sc01,t5908, 7 ,,
period1,sc01,t5909, 7 ,,
period1,sc01,t5910, 7 ,,
period1,sc01,t5911, 7 ,,
period1,sc01,t5912, 7 ,,
period1,sc01,t5913, 7 ,,
period1,sc01,t5914, 35 ,,
period1,sc01,t5915, 7 ,,
period1,sc01,t5916, 7 ,,
period1,sc01,t5917, 7 ,,
period1,sc01,t5918, 7 ,,
period1,sc01,t5919, 7 ,,
period1,sc01,t5920, 7 ,,
period1,sc01,t5921, 7 ,,
period1,sc01,t5922, 7 ,,
period1,sc01,t5923, 7 ,,
period1,sc01,t5924, 7 ,,
period1,sc01,t5925, 7 ,,
period1,sc01,t5926, 7 ,,
period1,sc01,t5927, 7 ,,
period1,sc01,t5928, 7 ,,
period1,sc01,t5929, 7 ,,
period1,sc01,t5930, 7 ,,
period1,sc01,t5931, 7 ,,
period1,sc01,t5932, 7 ,,
period1,sc01,t5933, 7 ,,
period1,sc01,t5934, 7 ,,
period1,sc01,t5935, 7 ,,
period1,sc01,t5936, 7 ,,
period1,sc01,t5937, 35 ,,
period1,sc01,t5938, 7 ,,
period1,sc01,t5939, 7 ,,
period1,sc01,t5940, 7 ,,
period1,sc01,t5941, 7 ,,
period1,sc01,t5942, 7 ,,
period1,sc01,t5943, 7 ,,
period1,sc01,t5944, 7 ,,
period1,sc01,t5945, 7 ,,
period1,sc01,t5946, 7 ,,
period1,sc01,t5947, 7 ,,
period1,sc01,t5948, 7 ,,
period1,sc01,t5949, 7 ,,
period1,sc01,t5950, 7 ,,
period1,sc01,t5951, 7 ,,
period1,sc01,t5952, 7 ,,
period1,sc01,t5953, 7 ,,
period1,sc01,t5954, 7 ,,
period1,sc01,t5955, 7 ,,
period1,sc01,t5956, 7 ,,
period1,sc01,t5957, 7 ,,
period1,sc01,t5958, 7 ,,
period1,sc01,t5959, 7 ,,
period1,sc01,t5960, 7 ,,
period1,sc01,t5961, 7 ,,
period1,sc01,t5962, 7 ,,
period1,sc01,t5963, 7 ,,
period1,sc01,t5964, 7 ,,
period1,sc01,t5965, 7 ,,
period1,sc01,t5966, 7 ,,
period1,sc01,t5967, 7 ,,
period1,sc01,t5968, 7 ,,
period1,sc01,t5969, 7 ,,
period1,sc01,t5970, 7 ,,
period1,sc01,t5971, 7 ,,
period1,sc01,t5972, 7 ,,
period1,sc01,t5973, 7 ,,
period1,sc01,t5974, 7 ,,
period1,sc01,t5975, 7 ,,
period1,sc01,t5976, 7 ,,
period1,sc01,t5977, 7 ,,
period1,sc01,t5978, 7 ,,
period1,sc01,t5979, 7 ,,
period1,sc01,t5980, 7 ,,
period1,sc01,t5981, 7 ,,
period1,sc01,t5982, 7 ,,
period1,sc01,t5983, 7 ,,
period1,sc01,t5984, 7 ,,
period1,sc01,t5985, 7 ,,
period1,sc01,t5986, 7 ,,
period1,sc01,t5987, 7 ,,
period1,sc01,t5988, 7 ,,
period1,sc01,t5989, 7 ,,
period1,sc01,t5990, 7 ,,
period1,sc01,t5991, 7 ,,
period1,sc01,t5992, 7 ,,
period1,sc01,t5993, 7 ,,
period1,sc01,t5994, 7 ,,
period1,sc01,t5995, 7 ,,
period1,sc01,t5996, 7 ,,
period1,sc01,t5997, 7 ,,
period1,sc01,t5998, 7 ,,
period1,sc01,t5999, 7 ,,
period1,sc01,t6000, 7 ,,
period1,sc01,t6001, 7 ,,
period1,sc01,t6002, 7 ,,
period1,sc01,t6003, 7 ,,
period1,sc01,t6004, 7 ,,
period1,sc01,t6005, 7 ,,
period1,sc01,t6006, 7 ,,
period1,sc01,t6007, 7 ,,
period1,sc01,t6008, 35 ,,
period1,sc01,t6009, 7 ,,
period1,sc01,t6010, 7 ,,
period1,sc01,t6011, 7 ,,
period1,sc01,t6012, 7 ,,
period1,sc01,t6013, 7 ,,
period1,sc01,t6014, 7 ,,
period1,sc01,t6015, 7 ,,
period1,sc01,t6016, 7 ,,
period1,sc01,t6017, 7 ,,
period1,sc01,t6018, 7 ,,
period1,sc01,t6019, 7 ,,
period1,sc01,t6020, 7 ,,
period1,sc01,t6021, 7 ,,
period1,sc01,t6022, 7 ,,
period1,sc01,t6023, 7 ,,
period1,sc01,t6024, 7 ,,
period1,sc01,t6025, 7 ,,
period1,sc01,t6026, 7 ,,
period1,sc01,t6027, 7 ,,
period1,sc01,t6028, 7 ,,
period1,sc01,t6029, 7 ,,
period1,sc01,t6030, 7 ,,
period1,sc01,t6031, 7 ,,
period1,sc01,t6032, 56 ,,
period1,sc01,t6033, 7 ,,
period1,sc01,t6034, 7 ,,
period1,sc01,t6035, 7 ,,
period1,sc01,t6036, 7 ,,
period1,sc01,t6037, 7 ,,
period1,sc01,t6038, 7 ,,
period1,sc01,t6039, 7 ,,
period1,sc01,t6040, 7 ,,
period1,sc01,t6041, 7 ,,
period1,sc01,t6042, 7 ,,
period1,sc01,t6043, 7 ,,
period1,sc01,t6044, 7 ,,
period1,sc01,t6045, 7 ,,
period1,sc01,t6046, 7 ,,
period1,sc01,t6047, 7 ,,
period1,sc01,t6048, 7 ,,
period1,sc01,t6049, 7 ,,
period1,sc01,t6050, 7 ,,
period1,sc01,t6051, 7 ,,
period1,sc01,t6052, 7 ,,
period1,sc01,t6053, 7 ,,
period1,sc01,t6054, 7 ,,
period1,sc01,t6055, 7 ,,
period1,sc01,t6056, 7 ,,
period1,sc01,t6057, 49 ,,
period1,sc01,t6058, 7 ,,
period1,sc01,t6059, 7 ,,
period1,sc01,t6060, 7 ,,
period1,sc01,t6061, 7 ,,
period1,sc01,t6062, 7 ,,
period1,sc01,t6063, 7 ,,
period1,sc01,t6064, 7 ,,
period1,sc01,t6065, 7 ,,
period1,sc01,t6066, 7 ,,
period1,sc01,t6067, 7 ,,
period1,sc01,t6068, 7 ,,
period1,sc01,t6069, 7 ,,
period1,sc01,t6070, 7 ,,
period1,sc01,t6071, 7 ,,
period1,sc01,t6072, 7 ,,
period1,sc01,t6073, 7 ,,
period1,sc01,t6074, 7 ,,
period1,sc01,t6075, 7 ,,
period1,sc01,t6076, 7 ,,
period1,sc01,t6077, 7 ,,
period1,sc01,t6078, 7 ,,
period1,sc01,t6079, 7 ,,
period1,sc01,t6080, 35 ,,
period1,sc01,t6081, 7 ,,
period1,sc01,t6082, 7 ,,
period1,sc01,t6083, 7 ,,
period1,sc01,t6084, 7 ,,
period1,sc01,t6085, 7 ,,
period1,sc01,t6086, 7 ,,
period1,sc01,t6087, 7 ,,
period1,sc01,t6088, 7 ,,
period1,sc01,t6089, 7 ,,
period1,sc01,t6090, 7 ,,
period1,sc01,t6091, 7 ,,
period1,sc01,t6092, 7 ,,
period1,sc01,t6093, 7 ,,
period1,sc01,t6094, 7 ,,
period1,sc01,t6095, 7 ,,
period1,sc01,t6096, 7 ,,
period1,sc01,t6097, 7 ,,
period1,sc01,t6098, 7 ,,
period1,sc01,t6099, 7 ,,
period1,sc01,t6100, 7 ,,
period1,sc01,t6101, 7 ,,
period1,sc01,t6102, 7 ,,
period1,sc01,t6103, 7 ,,
period1,sc01,t6104, 42 ,,
period1,sc01,t6105, 7 ,,
period1,sc01,t6106, 7 ,,
period1,sc01,t6107, 7 ,,
period1,sc01,t6108, 7 ,,
period1,sc01,t6109, 7 ,,
period1,sc01,t6110, 7 ,,
period1,sc01,t6111, 7 ,,
period1,sc01,t6112, 7 ,,
period1,sc01,t6113, 7 ,,
period1,sc01,t6114, 7 ,,
period1,sc01,t6115, 7 ,,
period1,sc01,t6116, 7 ,,
period1,sc01,t6117, 7 ,,
period1,sc01,t6118, 7 ,,
period1,sc01,t6119, 7 ,,
period1,sc01,t6120, 7 ,,
period1,sc01,t6121, 7 ,,
period1,sc01,t6122, 7 ,,
period1,sc01,t6123, 7 ,,
period1,sc01,t6124, 7 ,,
period1,sc01,t6125, 7 ,,
period1,sc01,t6126, 7 ,,
period1,sc01,t6127, 49 ,,
period1,sc01,t6128, 7 ,,
period1,sc01,t6129, 7 ,,
period1,sc01,t6130, 7 ,,
period1,sc01,t6131, 7 ,,
period1,sc01,t6132, 7 ,,
period1,sc01,t6133, 7 ,,
period1,sc01,t6134, 7 ,,
period1,sc01,t6135, 7 ,,
period1,sc01,t6136, 7 ,,
period1,sc01,t6137, 7 ,,
period1,sc01,t6138, 7 ,,
period1,sc01,t6139, 7 ,,
period1,sc01,t6140, 7 ,,
period1,sc01,t6141, 7 ,,
period1,sc01,t6142, 7 ,,
period1,sc01,t6143, 7 ,,
period1,sc01,t6144, 7 ,,
period1,sc01,t6145, 7 ,,
period1,sc01,t6146, 7 ,,
period1,sc01,t6147, 7 ,,
period1,sc01,t6148, 7 ,,
period1,sc01,t6149, 7 ,,
period1,sc01,t6150, 7 ,,
period1,sc01,t6151, 7 ,,
period1,sc01,t6152, 7 ,,
period1,sc01,t6153, 7 ,,
period1,sc01,t6154, 7 ,,
period1,sc01,t6155, 7 ,,
period1,sc01,t6156, 7 ,,
period1,sc01,t6157, 7 ,,
period1,sc01,t6158, 7 ,,
period1,sc01,t6159, 7 ,,
period1,sc01,t6160, 7 ,,
period1,sc01,t6161, 7 ,,
period1,sc01,t6162, 7 ,,
period1,sc01,t6163, 7 ,,
period1,sc01,t6164, 7 ,,
period1,sc01,t6165, 7 ,,
period1,sc01,t6166, 7 ,,
period1,sc01,t6167, 7 ,,
period1,sc01,t6168, 7 ,,
period1,sc01,t6169, 7 ,,
period1,sc01,t6170, 7 ,,
period1,sc01,t6171, 7 ,,
period1,sc01,t6172, 7 ,,
period1,sc01,t6173, 7 ,,
period1,sc01,t6174, 7 ,,
period1,sc01,t6175, 7 ,,
period1,sc01,t6176, 42 ,,
period1,sc01,t6177, 7 ,,
period1,sc01,t6178, 7 ,,
period1,sc01,t6179, 7 ,,
period1,sc01,t6180, 7 ,,
period1,sc01,t6181, 7 ,,
period1,sc01,t6182, 7 ,,
period1,sc01,t6183, 7 ,,
period1,sc01,t6184, 7 ,,
period1,sc01,t6185, 7 ,,
period1,sc01,t6186, 7 ,,
period1,sc01,t6187, 7 ,,
period1,sc01,t6188, 7 ,,
period1,sc01,t6189, 7 ,,
period1,sc01,t6190, 7 ,,
period1,sc01,t6191, 7 ,,
period1,sc01,t6192, 7 ,,
period1,sc01,t6193, 7 ,,
period1,sc01,t6194, 7 ,,
period1,sc01,t6195, 7 ,,
period1,sc01,t6196, 7 ,,
period1,sc01,t6197, 7 ,,
period1,sc01,t6198, 7 ,,
period1,sc01,t6199, 42 ,,
period1,sc01,t6200, 7 ,,
period1,sc01,t6201, 7 ,,
period1,sc01,t6202, 7 ,,
period1,sc01,t6203, 7 ,,
period1,sc01,t6204, 7 ,,
period1,sc01,t6205, 7 ,,
period1,sc01,t6206, 7 ,,
period1,sc01,t6207, 7 ,,
period1,sc01,t6208, 7 ,,
period1,sc01,t6209, 7 ,,
period1,sc01,t6210, 7 ,,
period1,sc01,t6211, 7 ,,
period1,sc01,t6212, 7 ,,
period1,sc01,t6213, 7 ,,
period1,sc01,t6214, 7 ,,
period1,sc01,t6215, 7 ,,
period1,sc01,t6216, 7 ,,
period1,sc01,t6217, 7 ,,
period1,sc01,t6218, 7 ,,
period1,sc01,t6219, 7 ,,
period1,sc01,t6220, 7 ,,
period1,sc01,t6221, 7 ,,
period1,sc01,t6222, 7 ,,
period1,sc01,t6223, 35 ,,
period1,sc01,t6224, 7 ,,
period1,sc01,t6225, 7 ,,
period1,sc01,t6226, 7 ,,
period1,sc01,t6227, 7 ,,
period1,sc01,t6228, 7 ,,
period1,sc01,t6229, 7 ,,
period1,sc01,t6230, 7 ,,
period1,sc01,t6231, 7 ,,
period1,sc01,t6232, 7 ,,
period1,sc01,t6233, 7 ,,
period1,sc01,t6234, 7 ,,
period1,sc01,t6235, 7 ,,
period1,sc01,t6236, 7 ,,
period1,sc01,t6237, 7 ,,
period1,sc01,t6238, 7 ,,
period1,sc01,t6239, 7 ,,
period1,sc01,t6240, 7 ,,
period1,sc01,t6241, 7 ,,
period1,sc01,t6242, 7 ,,
period1,sc01,t6243, 7 ,,
period1,sc01,t6244, 7 ,,
period1,sc01,t6245, 7 ,,
period1,sc01,t6246, 7 ,,
period1,sc01,t6247, 7 ,,
period1,sc01,t6248, 7 ,,
period1,sc01,t6249, 35 ,,
period1,sc01,t6250, 7 ,,
period1,sc01,t6251, 7 ,,
period1,sc01,t6252, 7 ,,
period1,sc01,t6253, 7 ,,
period1,sc01,t6254, 7 ,,
period1,sc01,t6255, 7 ,,
period1,sc01,t6256, 7 ,,
period1,sc01,t6257, 7 ,,
period1,sc01,t6258, 7 ,,
period1,sc01,t6259, 7 ,,
period1,sc01,t6260, 7 ,,
period1,sc01,t6261, 7 ,,
period1,sc01,t6262, 7 ,,
period1,sc01,t6263, 7 ,,
period1,sc01,t6264, 7 ,,
period1,sc01,t6265, 7 ,,
period1,sc01,t6266, 7 ,,
period1,sc01,t6267, 7 ,,
period1,sc01,t6268, 7 ,,
period1,sc01,t6269, 7 ,,
period1,sc01,t6270, 7 ,,
period1,sc01,t6271, 7 ,,
period1,sc01,t6272, 7 ,,
period1,sc01,t6273, 49 ,,
period1,sc01,t6274, 7 ,,
period1,sc01,t6275, 7 ,,
period1,sc01,t6276, 7 ,,
period1,sc01,t6277, 7 ,,
period1,sc01,t6278, 7 ,,
period1,sc01,t6279, 7 ,,
period1,sc01,t6280, 7 ,,
period1,sc01,t6281, 7 ,,
period1,sc01,t6282, 7 ,,
period1,sc01,t6283, 7 ,,
period1,sc01,t6284, 7 ,,
period1,sc01,t6285, 7 ,,
period1,sc01,t6286, 7 ,,
period1,sc01,t6287, 7 ,,
period1,sc01,t6288, 7 ,,
period1,sc01,t6289, 7 ,,
period1,sc01,t6290, 7 ,,
period1,sc01,t6291, 7 ,,
period1,sc01,t6292, 7 ,,
period1,sc01,t6293, 7 ,,
period1,sc01,t6294, 7 ,,
period1,sc01,t6295, 7 ,,
period1,sc01,t6296, 7 ,,
period1,sc01,t6297, 7 ,,
period1,sc01,t6298, 7 ,,
period1,sc01,t6299, 7 ,,
period1,sc01,t6300, 7 ,,
period1,sc01,t6301, 7 ,,
period1,sc01,t6302, 7 ,,
period1,sc01,t6303, 7 ,,
period1,sc01,t6304, 7 ,,
period1,sc01,t6305, 7 ,,
period1,sc01,t6306, 7 ,,
period1,sc01,t6307, 7 ,,
period1,sc01,t6308, 7 ,,
period1,sc01,t6309, 7 ,,
period1,sc01,t6310, 7 ,,
period1,sc01,t6311, 7 ,,
period1,sc01,t6312, 7 ,,
period1,sc01,t6313, 7 ,,
period1,sc01,t6314, 7 ,,
period1,sc01,t6315, 7 ,,
period1,sc01,t6316, 7 ,,
period1,sc01,t6317, 7 ,,
period1,sc01,t6318, 7 ,,
period1,sc01,t6319, 7 ,,
period1,sc01,t6320, 7 ,,
period1,sc01,t6321, 7 ,,
period1,sc01,t6322, 7 ,,
period1,sc01,t6323, 7 ,,
period1,sc01,t6324, 7 ,,
period1,sc01,t6325, 7 ,,
period1,sc01,t6326, 7 ,,
period1,sc01,t6327, 7 ,,
period1,sc01,t6328, 7 ,,
period1,sc01,t6329, 7 ,,
period1,sc01,t6330, 7 ,,
period1,sc01,t6331, 7 ,,
period1,sc01,t6332, 7 ,,
period1,sc01,t6333, 7 ,,
period1,sc01,t6334, 7 ,,
period1,sc01,t6335, 7 ,,
period1,sc01,t6336, 7 ,,
period1,sc01,t6337, 7 ,,
period1,sc01,t6338, 7 ,,
period1,sc01,t6339, 7 ,,
period1,sc01,t6340, 7 ,,
period1,sc01,t6341, 7 ,,
period1,sc01,t6342, 7 ,,
period1,sc01,t6343, 56 ,,
period1,sc01,t6344, 7 ,,
period1,sc01,t6345, 7 ,,
period1,sc01,t6346, 7 ,,
period1,sc01,t6347, 7 ,,
period1,sc01,t6348, 7 ,,
period1,sc01,t6349, 7 ,,
period1,sc01,t6350, 7 ,,
period1,sc01,t6351, 7 ,,
period1,sc01,t6352, 7 ,,
period1,sc01,t6353, 7 ,,
period1,sc01,t6354, 7 ,,
period1,sc01,t6355, 7 ,,
period1,sc01,t6356, 7 ,,
period1,sc01,t6357, 7 ,,
period1,sc01,t6358, 7 ,,
period1,sc01,t6359, 7 ,,
period1,sc01,t6360, 7 ,,
period1,sc01,t6361, 7 ,,
period1,sc01,t6362, 7 ,,
period1,sc01,t6363, 7 ,,
period1,sc01,t6364, 7 ,,
period1,sc01,t6365, 7 ,,
period1,sc01,t6366, 7 ,,
period1,sc01,t6367, 42 ,,
period1,sc01,t6368, 7 ,,
period1,sc01,t6369, 7 ,,
period1,sc01,t6370, 7 ,,
period1,sc01,t6371, 7 ,,
period1,sc01,t6372, 7 ,,
period1,sc01,t6373, 7 ,,
period1,sc01,t6374, 7 ,,
period1,sc01,t6375, 7 ,,
period1,sc01,t6376, 7 ,,
period1,sc01,t6377, 7 ,,
period1,sc01,t6378, 7 ,,
period1,sc01,t6379, 7 ,,
period1,sc01,t6380, 7 ,,
period1,sc01,t6381, 7 ,,
period1,sc01,t6382, 7 ,,
period1,sc01,t6383, 7 ,,
period1,sc01,t6384, 7 ,,
period1,sc01,t6385, 7 ,,
period1,sc01,t6386, 7 ,,
period1,sc01,t6387, 7 ,,
period1,sc01,t6388, 7 ,,
period1,sc01,t6389, 7 ,,
period1,sc01,t6390, 7 ,,
period1,sc01,t6391, 35 ,,
period1,sc01,t6392, 7 ,,
period1,sc01,t6393, 7 ,,
period1,sc01,t6394, 7 ,,
period1,sc01,t6395, 7 ,,
period1,sc01,t6396, 7 ,,
period1,sc01,t6397, 7 ,,
period1,sc01,t6398, 7 ,,
period1,sc01,t6399, 7 ,,
period1,sc01,t6400, 7 ,,
period1,sc01,t6401, 7 ,,
period1,sc01,t6402, 7 ,,
period1,sc01,t6403, 7 ,,
period1,sc01,t6404, 7 ,,
period1,sc01,t6405, 7 ,,
period1,sc01,t6406, 7 ,,
period1,sc01,t6407, 7 ,,
period1,sc01,t6408, 7 ,,
period1,sc01,t6409, 7 ,,
period1,sc01,t6410, 7 ,,
period1,sc01,t6411, 7 ,,
period1,sc01,t6412, 7 ,,
period1,sc01,t6413, 7 ,,
period1,sc01,t6414, 7 ,,
period1,sc01,t6415, 7 ,,
period1,sc01,t6416, 7 ,,
period1,sc01,t6417, 7 ,,
period1,sc01,t6418, 35 ,,
period1,sc01,t6419, 7 ,,
period1,sc01,t6420, 7 ,,
period1,sc01,t6421, 7 ,,
period1,sc01,t6422, 7 ,,
period1,sc01,t6423, 7 ,,
period1,sc01,t6424, 7 ,,
period1,sc01,t6425, 7 ,,
period1,sc01,t6426, 7 ,,
period1,sc01,t6427, 7 ,,
period1,sc01,t6428, 7 ,,
period1,sc01,t6429, 7 ,,
period1,sc01,t6430, 7 ,,
period1,sc01,t6431, 7 ,,
period1,sc01,t6432, 7 ,,
period1,sc01,t6433, 7 ,,
period1,sc01,t6434, 7 ,,
period1,sc01,t6435, 7 ,,
period1,sc01,t6436, 7 ,,
period1,sc01,t6437, 7 ,,
period1,sc01,t6438, 7 ,,
period1,sc01,t6439, 49 ,,
period1,sc01,t6440, 7 ,,
period1,sc01,t6441, 7 ,,
period1,sc01,t6442, 7 ,,
period1,sc01,t6443, 7 ,,
period1,sc01,t6444, 7 ,,
period1,sc01,t6445, 7 ,,
period1,sc01,t6446, 7 ,,
period1,sc01,t6447, 7 ,,
period1,sc01,t6448, 7 ,,
period1,sc01,t6449, 7 ,,
period1,sc01,t6450, 7 ,,
period1,sc01,t6451, 7 ,,
period1,sc01,t6452, 7 ,,
period1,sc01,t6453, 7 ,,
period1,sc01,t6454, 7 ,,
period1,sc01,t6455, 7 ,,
period1,sc01,t6456, 7 ,,
period1,sc01,t6457, 7 ,,
period1,sc01,t6458, 7 ,,
period1,sc01,t6459, 7 ,,
period1,sc01,t6460, 7 ,,
period1,sc01,t6461, 7 ,,
period1,sc01,t6462, 7 ,,
period1,sc01,t6463, 7 ,,
period1,sc01,t6464, 7 ,,
period1,sc01,t6465, 7 ,,
period1,sc01,t6466, 7 ,,
period1,sc01,t6467, 7 ,,
period1,sc01,t6468, 7 ,,
period1,sc01,t6469, 7 ,,
period1,sc01,t6470, 7 ,,
period1,sc01,t6471, 7 ,,
period1,sc01,t6472, 7 ,,
period1,sc01,t6473, 7 ,,
period1,sc01,t6474, 7 ,,
period1,sc01,t6475, 7 ,,
period1,sc01,t6476, 7 ,,
period1,sc01,t6477, 7 ,,
period1,sc01,t6478, 7 ,,
period1,sc01,t6479, 7 ,,
period1,sc01,t6480, 7 ,,
period1,sc01,t6481, 7 ,,
period1,sc01,t6482, 7 ,,
period1,sc01,t6483, 7 ,,
period1,sc01,t6484, 7 ,,
period1,sc01,t6485, 7 ,,
period1,sc01,t6486, 7 ,,
period1,sc01,t6487, 7 ,,
period1,sc01,t6488, 7 ,,
period1,sc01,t6489, 7 ,,
period1,sc01,t6490, 7 ,,
period1,sc01,t6491, 7 ,,
period1,sc01,t6492, 7 ,,
period1,sc01,t6493, 7 ,,
period1,sc01,t6494, 7 ,,
period1,sc01,t6495, 7 ,,
period1,sc01,t6496, 7 ,,
period1,sc01,t6497, 7 ,,
period1,sc01,t6498, 7 ,,
period1,sc01,t6499, 7 ,,
period1,sc01,t6500, 7 ,,
period1,sc01,t6501, 7 ,,
period1,sc01,t6502, 7 ,,
period1,sc01,t6503, 7 ,,
period1,sc01,t6504, 7 ,,
period1,sc01,t6505, 7 ,,
period1,sc01,t6506, 7 ,,
period1,sc01,t6507, 7 ,,
period1,sc01,t6508, 7 ,,
period1,sc01,t6509, 7 ,,
period1,sc01,t6510, 7 ,,
period1,sc01,t6511, 7 ,,
period1,sc01,t6512, 7 ,,
period1,sc01,t6513, 7 ,,
period1,sc01,t6514, 49 ,,
period1,sc01,t6515, 7 ,,
period1,sc01,t6516, 7 ,,
period1,sc01,t6517, 7 ,,
period1,sc01,t6518, 7 ,,
period1,sc01,t6519, 7 ,,
period1,sc01,t6520, 7 ,,
period1,sc01,t6521, 7 ,,
period1,sc01,t6522, 7 ,,
period1,sc01,t6523, 7 ,,
period1,sc01,t6524, 7 ,,
period1,sc01,t6525, 7 ,,
period1,sc01,t6526, 7 ,,
period1,sc01,t6527, 7 ,,
period1,sc01,t6528, 7 ,,
period1,sc01,t6529, 7 ,,
period1,sc01,t6530, 7 ,,
period1,sc01,t6531, 7 ,,
period1,sc01,t6532, 7 ,,
period1,sc01,t6533, 7 ,,
period1,sc01,t6534, 7 ,,
period1,sc01,t6535, 7 ,,
period1,sc01,t6536, 49 ,,
period1,sc01,t6537, 7 ,,
period1,sc01,t6538, 7 ,,
period1,sc01,t6539, 7 ,,
period1,sc01,t6540, 7 ,,
period1,sc01,t6541, 7 ,,
period1,sc01,t6542, 7 ,,
period1,sc01,t6543, 7 ,,
period1,sc01,t6544, 7 ,,
period1,sc01,t6545, 7 ,,
period1,sc01,t6546, 7 ,,
period1,sc01,t6547, 7 ,,
period1,sc01,t6548, 7 ,,
period1,sc01,t6549, 7 ,,
period1,sc01,t6550, 7 ,,
period1,sc01,t6551, 7 ,,
period1,sc01,t6552, 7 ,,
period1,sc01,t6553, 7 ,,
period1,sc01,t6554, 7 ,,
period1,sc01,t6555, 7 ,,
period1,sc01,t6556, 7 ,,
period1,sc01,t6557, 7 ,,
period1,sc01,t6558, 7 ,,
period1,sc01,t6559, 7 ,,
period1,sc01,t6560, 49 ,,
period1,sc01,t6561, 7 ,,
period1,sc01,t6562, 7 ,,
period1,sc01,t6563, 7 ,,
period1,sc01,t6564, 7 ,,
period1,sc01,t6565, 7 ,,
period1,sc01,t6566, 7 ,,
period1,sc01,t6567, 7 ,,
period1,sc01,t6568, 7 ,,
period1,sc01,t6569, 7 ,,
period1,sc01,t6570, 7 ,,
period1,sc01,t6571, 7 ,,
period1,sc01,t6572, 7 ,,
period1,sc01,t6573, 7 ,,
period1,sc01,t6574, 7 ,,
period1,sc01,t6575, 7 ,,
period1,sc01,t6576, 7 ,,
period1,sc01,t6577, 7 ,,
period1,sc01,t6578, 7 ,,
period1,sc01,t6579, 7 ,,
period1,sc01,t6580, 7 ,,
period1,sc01,t6581, 7 ,,
period1,sc01,t6582, 7 ,,
period1,sc01,t6583, 7 ,,
period1,sc01,t6584, 42 ,,
period1,sc01,t6585, 7 ,,
period1,sc01,t6586, 7 ,,
period1,sc01,t6587, 7 ,,
period1,sc01,t6588, 7 ,,
period1,sc01,t6589, 7 ,,
period1,sc01,t6590, 7 ,,
period1,sc01,t6591, 7 ,,
period1,sc01,t6592, 7 ,,
period1,sc01,t6593, 7 ,,
period1,sc01,t6594, 7 ,,
period1,sc01,t6595, 7 ,,
period1,sc01,t6596, 7 ,,
period1,sc01,t6597, 7 ,,
period1,sc01,t6598, 7 ,,
period1,sc01,t6599, 7 ,,
period1,sc01,t6600, 7 ,,
period1,sc01,t6601, 7 ,,
period1,sc01,t6602, 7 ,,
period1,sc01,t6603, 7 ,,
period1,sc01,t6604, 7 ,,
period1,sc01,t6605, 7 ,,
period1,sc01,t6606, 7 ,,
period1,sc01,t6607, 7 ,,
period1,sc01,t6608, 35 ,,
period1,sc01,t6609, 7 ,,
period1,sc01,t6610, 7 ,,
period1,sc01,t6611, 7 ,,
period1,sc01,t6612, 7 ,,
period1,sc01,t6613, 7 ,,
period1,sc01,t6614, 7 ,,
period1,sc01,t6615, 7 ,,
period1,sc01,t6616, 7 ,,
period1,sc01,t6617, 7 ,,
period1,sc01,t6618, 7 ,,
period1,sc01,t6619, 7 ,,
period1,sc01,t6620, 7 ,,
period1,sc01,t6621, 7 ,,
period1,sc01,t6622, 7 ,,
period1,sc01,t6623, 7 ,,
period1,sc01,t6624, 7 ,,
period1,sc01,t6625, 7 ,,
period1,sc01,t6626, 7 ,,
period1,sc01,t6627, 7 ,,
period1,sc01,t6628, 7 ,,
period1,sc01,t6629, 7 ,,
period1,sc01,t6630, 7 ,,
period1,sc01,t6631, 7 ,,
period1,sc01,t6632, 7 ,,
period1,sc01,t6633, 7 ,,
period1,sc01,t6634, 7 ,,
period1,sc01,t6635, 7 ,,
period1,sc01,t6636, 7 ,,
period1,sc01,t6637, 7 ,,
period1,sc01,t6638, 7 ,,
period1,sc01,t6639, 7 ,,
period1,sc01,t6640, 7 ,,
period1,sc01,t6641, 7 ,,
period1,sc01,t6642, 7 ,,
period1,sc01,t6643, 7 ,,
period1,sc01,t6644, 7 ,,
period1,sc01,t6645, 7 ,,
period1,sc01,t6646, 7 ,,
period1,sc01,t6647, 7 ,,
period1,sc01,t6648, 7 ,,
period1,sc01,t6649, 7 ,,
period1,sc01,t6650, 7 ,,
period1,sc01,t6651, 7 ,,
period1,sc01,t6652, 7 ,,
period1,sc01,t6653, 7 ,,
period1,sc01,t6654, 7 ,,
period1,sc01,t6655, 7 ,,
period1,sc01,t6656, 7 ,,
period1,sc01,t6657, 7 ,,
period1,sc01,t6658, 7 ,,
period1,sc01,t6659, 7 ,,
period1,sc01,t6660, 7 ,,
period1,sc01,t6661, 7 ,,
period1,sc01,t6662, 7 ,,
period1,sc01,t6663, 7 ,,
period1,sc01,t6664, 7 ,,
period1,sc01,t6665, 7 ,,
period1,sc01,t6666, 7 ,,
period1,sc01,t6667, 7 ,,
period1,sc01,t6668, 7 ,,
period1,sc01,t6669, 7 ,,
period1,sc01,t6670, 7 ,,
period1,sc01,t6671, 7 ,,
period1,sc01,t6672, 7 ,,
period1,sc01,t6673, 7 ,,
period1,sc01,t6674, 7 ,,
period1,sc01,t6675, 7 ,,
period1,sc01,t6676, 7 ,,
period1,sc01,t6677, 7 ,,
period1,sc01,t6678, 7 ,,
period1,sc01,t6679, 35 ,,
period1,sc01,t6680, 7 ,,
period1,sc01,t6681, 7 ,,
period1,sc01,t6682, 7 ,,
period1,sc01,t6683, 7 ,,
period1,sc01,t6684, 7 ,,
period1,sc01,t6685, 7 ,,
period1,sc01,t6686, 7 ,,
period1,sc01,t6687, 7 ,,
period1,sc01,t6688, 7 ,,
period1,sc01,t6689, 7 ,,
period1,sc01,t6690, 7 ,,
period1,sc01,t6691, 7 ,,
period1,sc01,t6692, 7 ,,
period1,sc01,t6693, 7 ,,
period1,sc01,t6694, 7 ,,
period1,sc01,t6695, 7 ,,
period1,sc01,t6696, 7 ,,
period1,sc01,t6697, 7 ,,
period1,sc01,t6698, 7 ,,
period1,sc01,t6699, 7 ,,
period1,sc01,t6700, 7 ,,
period1,sc01,t6701, 7 ,,
period1,sc01,t6702, 7 ,,
period1,sc01,t6703, 49 ,,
period1,sc01,t6704, 7 ,,
period1,sc01,t6705, 7 ,,
period1,sc01,t6706, 7 ,,
period1,sc01,t6707, 7 ,,
period1,sc01,t6708, 7 ,,
period1,sc01,t6709, 7 ,,
period1,sc01,t6710, 7 ,,
period1,sc01,t6711, 7 ,,
period1,sc01,t6712, 7 ,,
period1,sc01,t6713, 7 ,,
period1,sc01,t6714, 7 ,,
period1,sc01,t6715, 7 ,,
period1,sc01,t6716, 7 ,,
period1,sc01,t6717, 7 ,,
period1,sc01,t6718, 7 ,,
period1,sc01,t6719, 7 ,,
period1,sc01,t6720, 7 ,,
period1,sc01,t6721, 7 ,,
period1,sc01,t6722, 7 ,,
period1,sc01,t6723, 7 ,,
period1,sc01,t6724, 7 ,,
period1,sc01,t6725, 7 ,,
period1,sc01,t6726, 7 ,,
period1,sc01,t6727, 42 ,,
period1,sc01,t6728, 7 ,,
period1,sc01,t6729, 7 ,,
period1,sc01,t6730, 7 ,,
period1,sc01,t6731, 7 ,,
period1,sc01,t6732, 7 ,,
period1,sc01,t6733, 7 ,,
period1,sc01,t6734, 7 ,,
period1,sc01,t6735, 7 ,,
period1,sc01,t6736, 7 ,,
period1,sc01,t6737, 7 ,,
period1,sc01,t6738, 7 ,,
period1,sc01,t6739, 7 ,,
period1,sc01,t6740, 7 ,,
period1,sc01,t6741, 7 ,,
period1,sc01,t6742, 7 ,,
period1,sc01,t6743, 7 ,,
period1,sc01,t6744, 7 ,,
period1,sc01,t6745, 7 ,,
period1,sc01,t6746, 7 ,,
period1,sc01,t6747, 7 ,,
period1,sc01,t6748, 7 ,,
period1,sc01,t6749, 7 ,,
period1,sc01,t6750, 7 ,,
period1,sc01,t6751, 35 ,,
period1,sc01,t6752, 7 ,,
period1,sc01,t6753, 7 ,,
period1,sc01,t6754, 7 ,,
period1,sc01,t6755, 7 ,,
period1,sc01,t6756, 7 ,,
period1,sc01,t6757, 7 ,,
period1,sc01,t6758, 7 ,,
period1,sc01,t6759, 7 ,,
period1,sc01,t6760, 7 ,,
period1,sc01,t6761, 7 ,,
period1,sc01,t6762, 7 ,,
period1,sc01,t6763, 7 ,,
period1,sc01,t6764, 7 ,,
period1,sc01,t6765, 7 ,,
period1,sc01,t6766, 7 ,,
period1,sc01,t6767, 7 ,,
period1,sc01,t6768, 7 ,,
period1,sc01,t6769, 7 ,,
period1,sc01,t6770, 7 ,,
period1,sc01,t6771, 7 ,,
period1,sc01,t6772, 7 ,,
period1,sc01,t6773, 7 ,,
period1,sc01,t6774, 7 ,,
period1,sc01,t6775, 35 ,,
period1,sc01,t6776, 7 ,,
period1,sc01,t6777, 7 ,,
period1,sc01,t6778, 7 ,,
period1,sc01,t6779, 7 ,,
period1,sc01,t6780, 7 ,,
period1,sc01,t6781, 7 ,,
period1,sc01,t6782, 7 ,,
period1,sc01,t6783, 7 ,,
period1,sc01,t6784, 7 ,,
period1,sc01,t6785, 7 ,,
period1,sc01,t6786, 7 ,,
period1,sc01,t6787, 7 ,,
period1,sc01,t6788, 7 ,,
period1,sc01,t6789, 7 ,,
period1,sc01,t6790, 7 ,,
period1,sc01,t6791, 7 ,,
period1,sc01,t6792, 7 ,,
period1,sc01,t6793, 7 ,,
period1,sc01,t6794, 7 ,,
period1,sc01,t6795, 7 ,,
period1,sc01,t6796, 7 ,,
period1,sc01,t6797, 7 ,,
period1,sc01,t6798, 7 ,,
period1,sc01,t6799, 7 ,,
period1,sc01,t6800, 7 ,,
period1,sc01,t6801, 7 ,,
period1,sc01,t6802, 7 ,,
period1,sc01,t6803, 7 ,,
period1,sc01,t6804, 7 ,,
period1,sc01,t6805, 7 ,,
period1,sc01,t6806, 7 ,,
period1,sc01,t6807, 7 ,,
period1,sc01,t6808, 7 ,,
period1,sc01,t6809, 7 ,,
period1,sc01,t6810, 7 ,,
period1,sc01,t6811, 7 ,,
period1,sc01,t6812, 7 ,,
period1,sc01,t6813, 7 ,,
period1,sc01,t6814, 7 ,,
period1,sc01,t6815, 7 ,,
period1,sc01,t6816, 7 ,,
period1,sc01,t6817, 7 ,,
period1,sc01,t6818, 7 ,,
period1,sc01,t6819, 7 ,,
period1,sc01,t6820, 7 ,,
period1,sc01,t6821, 7 ,,
period1,sc01,t6822, 7 ,,
period1,sc01,t6823, 7 ,,
period1,sc01,t6824, 7 ,,
period1,sc01,t6825, 7 ,,
period1,sc01,t6826, 7 ,,
period1,sc01,t6827, 7 ,,
period1,sc01,t6828, 7 ,,
period1,sc01,t6829, 7 ,,
period1,sc01,t6830, 7 ,,
period1,sc01,t6831, 7 ,,
period1,sc01,t6832, 7 ,,
period1,sc01,t6833, 7 ,,
period1,sc01,t6834, 7 ,,
period1,sc01,t6835, 7 ,,
period1,sc01,t6836, 7 ,,
period1,sc01,t6837, 7 ,,
period1,sc01,t6838, 7 ,,
period1,sc01,t6839, 7 ,,
period1,sc01,t6840, 7 ,,
period1,sc01,t6841, 7 ,,
period1,sc01,t6842, 7 ,,
period1,sc01,t6843, 7 ,,
period1,sc01,t6844, 7 ,,
period1,sc01,t6845, 7 ,,
period1,sc01,t6846, 7 ,,
period1,sc01,t6847, 7 ,,
period1,sc01,t6848, 7 ,,
period1,sc01,t6849, 42 ,,
period1,sc01,t6850, 7 ,,
period1,sc01,t6851, 7 ,,
period1,sc01,t6852, 7 ,,
period1,sc01,t6853, 7 ,,
period1,sc01,t6854, 7 ,,
period1,sc01,t6855, 7 ,,
period1,sc01,t6856, 7 ,,
period1,sc01,t6857, 7 ,,
period1,sc01,t6858, 7 ,,
period1,sc01,t6859, 7 ,,
period1,sc01,t6860, 7 ,,
period1,sc01,t6861, 7 ,,
period1,sc01,t6862, 7 ,,
period1,sc01,t6863, 7 ,,
period1,sc01,t6864, 7 ,,
period1,sc01,t6865, 7 ,,
period1,sc01,t6866, 7 ,,
period1,sc01,t6867, 7 ,,
period1,sc01,t6868, 7 ,,
period1,sc01,t6869, 7 ,,
period1,sc01,t6870, 7 ,,
period1,sc01,t6871, 7 ,,
period1,sc01,t6872, 7 ,,
period1,sc01,t6873, 35 ,,
period1,sc01,t6874, 7 ,,
period1,sc01,t6875, 7 ,,
period1,sc01,t6876, 7 ,,
period1,sc01,t6877, 7 ,,
period1,sc01,t6878, 7 ,,
period1,sc01,t6879, 7 ,,
period1,sc01,t6880, 7 ,,
period1,sc01,t6881, 7 ,,
period1,sc01,t6882, 7 ,,
period1,sc01,t6883, 7 ,,
period1,sc01,t6884, 7 ,,
period1,sc01,t6885, 7 ,,
period1,sc01,t6886, 7 ,,
period1,sc01,t6887, 7 ,,
period1,sc01,t6888, 7 ,,
period1,sc01,t6889, 7 ,,
period1,sc01,t6890, 7 ,,
period1,sc01,t6891, 7 ,,
period1,sc01,t6892, 7 ,,
period1,sc01,t6893, 7 ,,
period1,sc01,t6894, 7 ,,
period1,sc01,t6895, 7 ,,
period1,sc01,t6896, 7 ,,
period1,sc01,t6897, 7 ,,
period1,sc01,t6898, 35 ,,
period1,sc01,t6899, 7 ,,
period1,sc01,t6900, 7 ,,
period1,sc01,t6901, 7 ,,
period1,sc01,t6902, 7 ,,
period1,sc01,t6903, 7 ,,
period1,sc01,t6904, 7 ,,
period1,sc01,t6905, 7 ,,
period1,sc01,t6906, 7 ,,
period1,sc01,t6907, 7 ,,
period1,sc01,t6908, 7 ,,
period1,sc01,t6909, 7 ,,
period1,sc01,t6910, 7 ,,
period1,sc01,t6911, 7 ,,
period1,sc01,t6912, 7 ,,
period1,sc01,t6913, 7 ,,
period1,sc01,t6914, 7 ,,
period1,sc01,t6915, 7 ,,
period1,sc01,t6916, 7 ,,
period1,sc01,t6917, 7 ,,
period1,sc01,t6918, 7 ,,
period1,sc01,t6919, 7 ,,
period1,sc01,t6920, 42 ,,
period1,sc01,t6921, 7 ,,
period1,sc01,t6922, 7 ,,
period1,sc01,t6923, 7 ,,
period1,sc01,t6924, 7 ,,
period1,sc01,t6925, 7 ,,
period1,sc01,t6926, 7 ,,
period1,sc01,t6927, 7 ,,
period1,sc01,t6928, 7 ,,
period1,sc01,t6929, 7 ,,
period1,sc01,t6930, 7 ,,
period1,sc01,t6931, 7 ,,
period1,sc01,t6932, 7 ,,
period1,sc01,t6933, 7 ,,
period1,sc01,t6934, 7 ,,
period1,sc01,t6935, 7 ,,
period1,sc01,t6936, 7 ,,
period1,sc01,t6937, 7 ,,
period1,sc01,t6938, 7 ,,
period1,sc01,t6939, 7 ,,
period1,sc01,t6940, 7 ,,
period1,sc01,t6941, 7 ,,
period1,sc01,t6942, 7 ,,
period1,sc01,t6943, 42 ,,
period1,sc01,t6944, 7 ,,
period1,sc01,t6945, 7 ,,
period1,sc01,t6946, 7 ,,
period1,sc01,t6947, 7 ,,
period1,sc01,t6948, 7 ,,
period1,sc01,t6949, 7 ,,
period1,sc01,t6950, 7 ,,
period1,sc01,t6951, 7 ,,
period1,sc01,t6952, 7 ,,
period1,sc01,t6953, 7 ,,
period1,sc01,t6954, 7 ,,
period1,sc01,t6955, 7 ,,
period1,sc01,t6956, 7 ,,
period1,sc01,t6957, 7 ,,
period1,sc01,t6958, 7 ,,
period1,sc01,t6959, 7 ,,
period1,sc01,t6960, 7 ,,
period1,sc01,t6961, 7 ,,
period1,sc01,t6962, 7 ,,
period1,sc01,t6963, 7 ,,
period1,sc01,t6964, 7 ,,
period1,sc01,t6965, 7 ,,
period1,sc01,t6966, 7 ,,
period1,sc01,t6967, 7 ,,
period1,sc01,t6968, 7 ,,
period1,sc01,t6969, 7 ,,
period1,sc01,t6970, 7 ,,
period1,sc01,t6971, 7 ,,
period1,sc01,t6972, 7 ,,
period1,sc01,t6973, 7 ,,
period1,sc01,t6974, 7 ,,
period1,sc01,t6975, 7 ,,
period1,sc01,t6976, 7 ,,
period1,sc01,t6977, 7 ,,
period1,sc01,t6978, 7 ,,
period1,sc01,t6979, 7 ,,
period1,sc01,t6980, 7 ,,
period1,sc01,t6981, 7 ,,
period1,sc01,t6982, 7 ,,
period1,sc01,t6983, 7 ,,
period1,sc01,t6984, 7 ,,
period1,sc01,t6985, 7 ,,
period1,sc01,t6986, 7 ,,
period1,sc01,t6987, 7 ,,
period1,sc01,t6988, 7 ,,
period1,sc01,t6989, 7 ,,
period1,sc01,t6990, 7 ,,
period1,sc01,t6991, 7 ,,
period1,sc01,t6992, 7 ,,
period1,sc01,t6993, 7 ,,
period1,sc01,t6994, 7 ,,
period1,sc01,t6995, 7 ,,
period1,sc01,t6996, 7 ,,
period1,sc01,t6997, 7 ,,
period1,sc01,t6998, 7 ,,
period1,sc01,t6999, 7 ,,
period1,sc01,t7000, 7 ,,
period1,sc01,t7001, 7 ,,
period1,sc01,t7002, 7 ,,
period1,sc01,t7003, 7 ,,
period1,sc01,t7004, 7 ,,
period1,sc01,t7005, 7 ,,
period1,sc01,t7006, 7 ,,
period1,sc01,t7007, 7 ,,
period1,sc01,t7008, 7 ,,
period1,sc01,t7009, 7 ,,
period1,sc01,t7010, 7 ,,
period1,sc01,t7011, 7 ,,
period1,sc01,t7012, 7 ,,
period1,sc01,t7013, 7 ,,
period1,sc01,t7014, 7 ,,
period1,sc01,t7015, 7 ,,
period1,sc01,t7016, 7 ,,
period1,sc01,t7017, 42 ,,
period1,sc01,t7018, 7 ,,
period1,sc01,t7019, 7 ,,
period1,sc01,t7020, 7 ,,
period1,sc01,t7021, 7 ,,
period1,sc01,t7022, 7 ,,
period1,sc01,t7023, 7 ,,
period1,sc01,t7024, 7 ,,
period1,sc01,t7025, 7 ,,
period1,sc01,t7026, 7 ,,
period1,sc01,t7027, 7 ,,
period1,sc01,t7028, 7 ,,
period1,sc01,t7029, 7 ,,
period1,sc01,t7030, 7 ,,
period1,sc01,t7031, 7 ,,
period1,sc01,t7032, 7 ,,
period1,sc01,t7033, 7 ,,
period1,sc01,t7034, 7 ,,
period1,sc01,t7035, 7 ,,
period1,sc01,t7036, 7 ,,
period1,sc01,t7037, 7 ,,
period1,sc01,t7038, 7 ,,
period1,sc01,t7039, 35 ,,
period1,sc01,t7040, 7 ,,
period1,sc01,t7041, 7 ,,
period1,sc01,t7042, 7 ,,
period1,sc01,t7043, 7 ,,
period1,sc01,t7044, 7 ,,
period1,sc01,t7045, 7 ,,
period1,sc01,t7046, 7 ,,
period1,sc01,t7047, 7 ,,
period1,sc01,t7048, 7 ,,
period1,sc01,t7049, 7 ,,
period1,sc01,t7050, 7 ,,
period1,sc01,t7051, 7 ,,
period1,sc01,t7052, 7 ,,
period1,sc01,t7053, 7 ,,
period1,sc01,t7054, 7 ,,
period1,sc01,t7055, 7 ,,
period1,sc01,t7056, 7 ,,
period1,sc01,t7057, 7 ,,
period1,sc01,t7058, 7 ,,
period1,sc01,t7059, 7 ,,
period1,sc01,t7060, 7 ,,
period1,sc01,t7061, 7 ,,
period1,sc01,t7062, 7 ,,
period1,sc01,t7063, 7 ,,
period1,sc01,t7064, 7 ,,
period1,sc01,t7065, 49 ,,
period1,sc01,t7066, 7 ,,
period1,sc01,t7067, 7 ,,
period1,sc01,t7068, 7 ,,
period1,sc01,t7069, 7 ,,
period1,sc01,t7070, 7 ,,
period1,sc01,t7071, 7 ,,
period1,sc01,t7072, 7 ,,
period1,sc01,t7073, 7 ,,
period1,sc01,t7074, 7 ,,
period1,sc01,t7075, 7 ,,
period1,sc01,t7076, 7 ,,
period1,sc01,t7077, 7 ,,
period1,sc01,t7078, 7 ,,
period1,sc01,t7079, 7 ,,
period1,sc01,t7080, 7 ,,
period1,sc01,t7081, 7 ,,
period1,sc01,t7082, 7 ,,
period1,sc01,t7083, 7 ,,
period1,sc01,t7084, 7 ,,
period1,sc01,t7085, 7 ,,
period1,sc01,t7086, 7 ,,
period1,sc01,t7087, 35 ,,
period1,sc01,t7088, 7 ,,
period1,sc01,t7089, 7 ,,
period1,sc01,t7090, 7 ,,
period1,sc01,t7091, 7 ,,
period1,sc01,t7092, 7 ,,
period1,sc01,t7093, 7 ,,
period1,sc01,t7094, 7 ,,
period1,sc01,t7095, 7 ,,
period1,sc01,t7096, 7 ,,
period1,sc01,t7097, 7 ,,
period1,sc01,t7098, 7 ,,
period1,sc01,t7099, 7 ,,
period1,sc01,t7100, 7 ,,
period1,sc01,t7101, 7 ,,
period1,sc01,t7102, 7 ,,
period1,sc01,t7103, 7 ,,
period1,sc01,t7104, 7 ,,
period1,sc01,t7105, 7 ,,
period1,sc01,t7106, 7 ,,
period1,sc01,t7107, 7 ,,
period1,sc01,t7108, 7 ,,
period1,sc01,t7109, 7 ,,
period1,sc01,t7110, 7 ,,
period1,sc01,t7111, 35 ,,
period1,sc01,t7112, 7 ,,
period1,sc01,t7113, 7 ,,
period1,sc01,t7114, 7 ,,
period1,sc01,t7115, 7 ,,
period1,sc01,t7116, 7 ,,
period1,sc01,t7117, 7 ,,
period1,sc01,t7118, 7 ,,
period1,sc01,t7119, 7 ,,
period1,sc01,t7120, 7 ,,
period1,sc01,t7121, 7 ,,
period1,sc01,t7122, 7 ,,
period1,sc01,t7123, 7 ,,
period1,sc01,t7124, 7 ,,
period1,sc01,t7125, 7 ,,
period1,sc01,t7126, 7 ,,
period1,sc01,t7127, 7 ,,
period1,sc01,t7128, 7 ,,
period1,sc01,t7129, 7 ,,
period1,sc01,t7130, 7 ,,
period1,sc01,t7131, 7 ,,
period1,sc01,t7132, 7 ,,
period1,sc01,t7133, 7 ,,
period1,sc01,t7134, 7 ,,
period1,sc01,t7135, 7 ,,
period1,sc01,t7136, 7 ,,
period1,sc01,t7137, 7 ,,
period1,sc01,t7138, 7 ,,
period1,sc01,t7139, 7 ,,
period1,sc01,t7140, 7 ,,
period1,sc01,t7141, 7 ,,
period1,sc01,t7142, 7 ,,
period1,sc01,t7143, 7 ,,
period1,sc01,t7144, 7 ,,
period1,sc01,t7145, 7 ,,
period1,sc01,t7146, 7 ,,
period1,sc01,t7147, 7 ,,
period1,sc01,t7148, 7 ,,
period1,sc01,t7149, 7 ,,
period1,sc01,t7150, 7 ,,
period1,sc01,t7151, 7 ,,
period1,sc01,t7152, 7 ,,
period1,sc01,t7153, 7 ,,
period1,sc01,t7154, 7 ,,
period1,sc01,t7155, 7 ,,
period1,sc01,t7156, 7 ,,
period1,sc01,t7157, 7 ,,
period1,sc01,t7158, 7 ,,
period1,sc01,t7159, 7 ,,
period1,sc01,t7160, 49 ,,
period1,sc01,t7161, 7 ,,
period1,sc01,t7162, 7 ,,
period1,sc01,t7163, 7 ,,
period1,sc01,t7164, 7 ,,
period1,sc01,t7165, 7 ,,
period1,sc01,t7166, 7 ,,
period1,sc01,t7167, 7 ,,
period1,sc01,t7168, 7 ,,
period1,sc01,t7169, 7 ,,
period1,sc01,t7170, 7 ,,
period1,sc01,t7171, 7 ,,
period1,sc01,t7172, 7 ,,
period1,sc01,t7173, 7 ,,
period1,sc01,t7174, 7 ,,
period1,sc01,t7175, 7 ,,
period1,sc01,t7176, 7 ,,
period1,sc01,t7177, 7 ,,
period1,sc01,t7178, 7 ,,
period1,sc01,t7179, 7 ,,
period1,sc01,t7180, 7 ,,
period1,sc01,t7181, 7 ,,
period1,sc01,t7182, 7 ,,
period1,sc01,t7183, 7 ,,
period1,sc01,t7184, 7 ,,
period1,sc01,t7185, 7 ,,
period1,sc01,t7186, 7 ,,
period1,sc01,t7187, 7 ,,
period1,sc01,t7188, 7 ,,
period1,sc01,t7189, 7 ,,
period1,sc01,t7190, 7 ,,
period1,sc01,t7191, 7 ,,
period1,sc01,t7192, 7 ,,
period1,sc01,t7193, 7 ,,
period1,sc01,t7194, 7 ,,
period1,sc01,t7195, 7 ,,
period1,sc01,t7196, 7 ,,
period1,sc01,t7197, 7 ,,
period1,sc01,t7198, 7 ,,
period1,sc01,t7199, 7 ,,
period1,sc01,t7200, 7 ,,
period1,sc01,t7201, 7 ,,
period1,sc01,t7202, 7 ,,
period1,sc01,t7203, 7 ,,
period1,sc01,t7204, 7 ,,
period1,sc01,t7205, 7 ,,
period1,sc01,t7206, 7 ,,
period1,sc01,t7207, 7 ,,
period1,sc01,t7208, 7 ,,
period1,sc01,t7209, 42 ,,
period1,sc01,t7210, 7 ,,
period1,sc01,t7211, 7 ,,
period1,sc01,t7212, 7 ,,
period1,sc01,t7213, 7 ,,
period1,sc01,t7214, 7 ,,
period1,sc01,t7215, 7 ,,
period1,sc01,t7216, 7 ,,
period1,sc01,t7217, 7 ,,
period1,sc01,t7218, 7 ,,
period1,sc01,t7219, 7 ,,
period1,sc01,t7220, 7 ,,
period1,sc01,t7221, 7 ,,
period1,sc01,t7222, 7 ,,
period1,sc01,t7223, 7 ,,
period1,sc01,t7224, 7 ,,
period1,sc01,t7225, 7 ,,
period1,sc01,t7226, 7 ,,
period1,sc01,t7227, 7 ,,
period1,sc01,t7228, 7 ,,
period1,sc01,t7229, 7 ,,
period1,sc01,t7230, 7 ,,
period1,sc01,t7231, 49 ,,
period1,sc01,t7232, 7 ,,
period1,sc01,t7233, 7 ,,
period1,sc01,t7234, 7 ,,
period1,sc01,t7235, 7 ,,
period1,sc01,t7236, 7 ,,
period1,sc01,t7237, 7 ,,
period1,sc01,t7238, 7 ,,
period1,sc01,t7239, 7 ,,
period1,sc01,t7240, 7 ,,
period1,sc01,t7241, 7 ,,
period1,sc01,t7242, 7 ,,
period1,sc01,t7243, 7 ,,
period1,sc01,t7244, 7 ,,
period1,sc01,t7245, 7 ,,
period1,sc01,t7246, 7 ,,
period1,sc01,t7247, 7 ,,
period1,sc01,t7248, 7 ,,
period1,sc01,t7249, 7 ,,
period1,sc01,t7250, 7 ,,
period1,sc01,t7251, 7 ,,
period1,sc01,t7252, 7 ,,
period1,sc01,t7253, 7 ,,
period1,sc01,t7254, 7 ,,
period1,sc01,t7255, 42 ,,
period1,sc01,t7256, 7 ,,
period1,sc01,t7257, 7 ,,
period1,sc01,t7258, 7 ,,
period1,sc01,t7259, 7 ,,
period1,sc01,t7260, 7 ,,
period1,sc01,t7261, 7 ,,
period1,sc01,t7262, 7 ,,
period1,sc01,t7263, 7 ,,
period1,sc01,t7264, 7 ,,
period1,sc01,t7265, 7 ,,
period1,sc01,t7266, 7 ,,
period1,sc01,t7267, 7 ,,
period1,sc01,t7268, 7 ,,
period1,sc01,t7269, 7 ,,
period1,sc01,t7270, 7 ,,
period1,sc01,t7271, 7 ,,
period1,sc01,t7272, 7 ,,
period1,sc01,t7273, 7 ,,
period1,sc01,t7274, 7 ,,
period1,sc01,t7275, 7 ,,
period1,sc01,t7276, 7 ,,
period1,sc01,t7277, 7 ,,
period1,sc01,t7278, 7 ,,
period1,sc01,t7279, 7 ,,
period1,sc01,t7280, 42 ,,
period1,sc01,t7281, 7 ,,
period1,sc01,t7282, 7 ,,
period1,sc01,t7283, 7 ,,
period1,sc01,t7284, 7 ,,
period1,sc01,t7285, 7 ,,
period1,sc01,t7286, 7 ,,
period1,sc01,t7287, 7 ,,
period1,sc01,t7288, 7 ,,
period1,sc01,t7289, 7 ,,
period1,sc01,t7290, 7 ,,
period1,sc01,t7291, 7 ,,
period1,sc01,t7292, 7 ,,
period1,sc01,t7293, 7 ,,
period1,sc01,t7294, 7 ,,
period1,sc01,t7295, 7 ,,
period1,sc01,t7296, 7 ,,
period1,sc01,t7297, 7 ,,
period1,sc01,t7298, 7 ,,
period1,sc01,t7299, 7 ,,
period1,sc01,t7300, 7 ,,
period1,sc01,t7301, 7 ,,
period1,sc01,t7302, 7 ,,
period1,sc01,t7303, 7 ,,
period1,sc01,t7304, 7 ,,
period1,sc01,t7305, 7 ,,
period1,sc01,t7306, 7 ,,
period1,sc01,t7307, 7 ,,
period1,sc01,t7308, 7 ,,
period1,sc01,t7309, 7 ,,
period1,sc01,t7310, 7 ,,
period1,sc01,t7311, 7 ,,
period1,sc01,t7312, 7 ,,
period1,sc01,t7313, 7 ,,
period1,sc01,t7314, 7 ,,
period1,sc01,t7315, 7 ,,
period1,sc01,t7316, 7 ,,
period1,sc01,t7317, 7 ,,
period1,sc01,t7318, 7 ,,
period1,sc01,t7319, 7 ,,
period1,sc01,t7320, 7 ,,
period1,sc01,t7321, 7 ,,
period1,sc01,t7322, 7 ,,
period1,sc01,t7323, 7 ,,
period1,sc01,t7324, 7 ,,
period1,sc01,t7325, 7 ,,
period1,sc01,t7326, 7 ,,
period1,sc01,t7327, 7 ,,
period1,sc01,t7328, 7 ,,
period1,sc01,t7329, 7 ,,
period1,sc01,t7330, 7 ,,
period1,sc01,t7331, 7 ,,
period1,sc01,t7332, 7 ,,
period1,sc01,t7333, 7 ,,
period1,sc01,t7334, 7 ,,
period1,sc01,t7335, 7 ,,
period1,sc01,t7336, 7 ,,
period1,sc01,t7337, 7 ,,
period1,sc01,t7338, 7 ,,
period1,sc01,t7339, 7 ,,
period1,sc01,t7340, 7 ,,
period1,sc01,t7341, 7 ,,
period1,sc01,t7342, 7 ,,
period1,sc01,t7343, 7 ,,
period1,sc01,t7344, 7 ,,
period1,sc01,t7345, 7 ,,
period1,sc01,t7346, 7 ,,
period1,sc01,t7347, 7 ,,
period1,sc01,t7348, 7 ,,
period1,sc01,t7349, 7 ,,
period1,sc01,t7350, 7 ,,
period1,sc01,t7351, 7 ,,
period1,sc01,t7352, 35 ,,
period1,sc01,t7353, 7 ,,
period1,sc01,t7354, 7 ,,
period1,sc01,t7355, 7 ,,
period1,sc01,t7356, 7 ,,
period1,sc01,t7357, 7 ,,
period1,sc01,t7358, 7 ,,
period1,sc01,t7359, 7 ,,
period1,sc01,t7360, 7 ,,
period1,sc01,t7361, 7 ,,
period1,sc01,t7362, 7 ,,
period1,sc01,t7363, 7 ,,
period1,sc01,t7364, 7 ,,
period1,sc01,t7365, 7 ,,
period1,sc01,t7366, 7 ,,
period1,sc01,t7367, 7 ,,
period1,sc01,t7368, 7 ,,
period1,sc01,t7369, 7 ,,
period1,sc01,t7370, 7 ,,
period1,sc01,t7371, 7 ,,
period1,sc01,t7372, 7 ,,
period1,sc01,t7373, 7 ,,
period1,sc01,t7374, 7 ,,
period1,sc01,t7375, 7 ,,
period1,sc01,t7376, 7 ,,
period1,sc01,t7377, 42 ,,
period1,sc01,t7378, 7 ,,
period1,sc01,t7379, 7 ,,
period1,sc01,t7380, 7 ,,
period1,sc01,t7381, 7 ,,
period1,sc01,t7382, 7 ,,
period1,sc01,t7383, 7 ,,
period1,sc01,t7384, 7 ,,
period1,sc01,t7385, 7 ,,
period1,sc01,t7386, 7 ,,
period1,sc01,t7387, 7 ,,
period1,sc01,t7388, 7 ,,
period1,sc01,t7389, 7 ,,
period1,sc01,t7390, 7 ,,
period1,sc01,t7391, 7 ,,
period1,sc01,t7392, 7 ,,
period1,sc01,t7393, 7 ,,
period1,sc01,t7394, 7 ,,
period1,sc01,t7395, 7 ,,
period1,sc01,t7396, 7 ,,
period1,sc01,t7397, 7 ,,
period1,sc01,t7398, 7 ,,
period1,sc01,t7399, 35 ,,
period1,sc01,t7400, 7 ,,
period1,sc01,t7401, 7 ,,
period1,sc01,t7402, 7 ,,
period1,sc01,t7403, 7 ,,
period1,sc01,t7404, 7 ,,
period1,sc01,t7405, 7 ,,
period1,sc01,t7406, 7 ,,
period1,sc01,t7407, 7 ,,
period1,sc01,t7408, 7 ,,
period1,sc01,t7409, 7 ,,
period1,sc01,t7410, 7 ,,
period1,sc01,t7411, 7 ,,
period1,sc01,t7412, 7 ,,
period1,sc01,t7413, 7 ,,
period1,sc01,t7414, 7 ,,
period1,sc01,t7415, 7 ,,
period1,sc01,t7416, 7 ,,
period1,sc01,t7417, 7 ,,
period1,sc01,t7418, 7 ,,
period1,sc01,t7419, 7 ,,
period1,sc01,t7420, 7 ,,
period1,sc01,t7421, 7 ,,
period1,sc01,t7422, 7 ,,
period1,sc01,t7423, 7 ,,
period1,sc01,t7424, 7 ,,
period1,sc01,t7425, 35 ,,
period1,sc01,t7426, 7 ,,
period1,sc01,t7427, 7 ,,
period1,sc01,t7428, 7 ,,
period1,sc01,t7429, 7 ,,
period1,sc01,t7430, 7 ,,
period1,sc01,t7431, 7 ,,
period1,sc01,t7432, 7 ,,
period1,sc01,t7433, 7 ,,
period1,sc01,t7434, 7 ,,
period1,sc01,t7435, 7 ,,
period1,sc01,t7436, 7 ,,
period1,sc01,t7437, 7 ,,
period1,sc01,t7438, 7 ,,
period1,sc01,t7439, 7 ,,
period1,sc01,t7440, 7 ,,
period1,sc01,t7441, 7 ,,
period1,sc01,t7442, 7 ,,
period1,sc01,t7443, 7 ,,
period1,sc01,t7444, 7 ,,
period1,sc01,t7445, 7 ,,
period1,sc01,t7446, 7 ,,
period1,sc01,t7447, 56 ,,
period1,sc01,t7448, 7 ,,
period1,sc01,t7449, 7 ,,
period1,sc01,t7450, 7 ,,
period1,sc01,t7451, 7 ,,
period1,sc01,t7452, 7 ,,
period1,sc01,t7453, 7 ,,
period1,sc01,t7454, 7 ,,
period1,sc01,t7455, 7 ,,
period1,sc01,t7456, 7 ,,
period1,sc01,t7457, 7 ,,
period1,sc01,t7458, 7 ,,
period1,sc01,t7459, 7 ,,
period1,sc01,t7460, 7 ,,
period1,sc01,t7461, 7 ,,
period1,sc01,t7462, 7 ,,
period1,sc01,t7463, 7 ,,
period1,sc01,t7464, 7 ,,
period1,sc01,t7465, 7 ,,
period1,sc01,t7466, 7 ,,
period1,sc01,t7467, 7 ,,
period1,sc01,t7468, 7 ,,
period1,sc01,t7469, 7 ,,
period1,sc01,t7470, 7 ,,
period1,sc01,t7471, 7 ,,
period1,sc01,t7472, 7 ,,
period1,sc01,t7473, 7 ,,
period1,sc01,t7474, 7 ,,
period1,sc01,t7475, 7 ,,
period1,sc01,t7476, 7 ,,
period1,sc01,t7477, 7 ,,
period1,sc01,t7478, 7 ,,
period1,sc01,t7479, 7 ,,
period1,sc01,t7480, 7 ,,
period1,sc01,t7481, 7 ,,
period1,sc01,t7482, 7 ,,
period1,sc01,t7483, 7 ,,
period1,sc01,t7484, 7 ,,
period1,sc01,t7485, 7 ,,
period1,sc01,t7486, 7 ,,
period1,sc01,t7487, 7 ,,
period1,sc01,t7488, 7 ,,
period1,sc01,t7489, 7 ,,
period1,sc01,t7490, 7 ,,
period1,sc01,t7491, 7 ,,
period1,sc01,t7492, 7 ,,
period1,sc01,t7493, 7 ,,
period1,sc01,t7494, 7 ,,
period1,sc01,t7495, 7 ,,
period1,sc01,t7496, 7 ,,
period1,sc01,t7497, 7 ,,
period1,sc01,t7498, 7 ,,
period1,sc01,t7499, 7 ,,
period1,sc01,t7500, 7 ,,
period1,sc01,t7501, 7 ,,
period1,sc01,t7502, 7 ,,
period1,sc01,t7503, 7 ,,
period1,sc01,t7504, 7 ,,
period1,sc01,t7505, 7 ,,
period1,sc01,t7506, 7 ,,
period1,sc01,t7507, 7 ,,
period1,sc01,t7508, 7 ,,
period1,sc01,t7509, 7 ,,
period1,sc01,t7510, 7 ,,
period1,sc01,t7511, 7 ,,
period1,sc01,t7512, 7 ,,
period1,sc01,t7513, 7 ,,
period1,sc01,t7514, 7 ,,
period1,sc01,t7515, 7 ,,
period1,sc01,t7516, 7 ,,
period1,sc01,t7517, 7 ,,
period1,sc01,t7518, 7 ,,
period1,sc01,t7519, 7 ,,
period1,sc01,t7520, 7 ,,
period1,sc01,t7521, 42 ,,
period1,sc01,t7522, 7 ,,
period1,sc01,t7523, 7 ,,
period1,sc01,t7524, 7 ,,
period1,sc01,t7525, 7 ,,
period1,sc01,t7526, 7 ,,
period1,sc01,t7527, 7 ,,
period1,sc01,t7528, 7 ,,
period1,sc01,t7529, 7 ,,
period1,sc01,t7530, 7 ,,
period1,sc01,t7531, 7 ,,
period1,sc01,t7532, 7 ,,
period1,sc01,t7533, 7 ,,
period1,sc01,t7534, 7 ,,
period1,sc01,t7535, 7 ,,
period1,sc01,t7536, 7 ,,
period1,sc01,t7537, 7 ,,
period1,sc01,t7538, 7 ,,
period1,sc01,t7539, 7 ,,
period1,sc01,t7540, 7 ,,
period1,sc01,t7541, 7 ,,
period1,sc01,t7542, 7 ,,
period1,sc01,t7543, 7 ,,
period1,sc01,t7544, 7 ,,
period1,sc01,t7545, 49 ,,
period1,sc01,t7546, 7 ,,
period1,sc01,t7547, 7 ,,
period1,sc01,t7548, 7 ,,
period1,sc01,t7549, 7 ,,
period1,sc01,t7550, 7 ,,
period1,sc01,t7551, 7 ,,
period1,sc01,t7552, 7 ,,
period1,sc01,t7553, 7 ,,
period1,sc01,t7554, 7 ,,
period1,sc01,t7555, 7 ,,
period1,sc01,t7556, 7 ,,
period1,sc01,t7557, 7 ,,
period1,sc01,t7558, 7 ,,
period1,sc01,t7559, 7 ,,
period1,sc01,t7560, 7 ,,
period1,sc01,t7561, 7 ,,
period1,sc01,t7562, 7 ,,
period1,sc01,t7563, 7 ,,
period1,sc01,t7564, 7 ,,
period1,sc01,t7565, 7 ,,
period1,sc01,t7566, 7 ,,
period1,sc01,t7567, 7 ,,
period1,sc01,t7568, 7 ,,
period1,sc01,t7569, 7 ,,
period1,sc01,t7570, 42 ,,
period1,sc01,t7571, 7 ,,
period1,sc01,t7572, 7 ,,
period1,sc01,t7573, 7 ,,
period1,sc01,t7574, 7 ,,
period1,sc01,t7575, 7 ,,
period1,sc01,t7576, 7 ,,
period1,sc01,t7577, 7 ,,
period1,sc01,t7578, 7 ,,
period1,sc01,t7579, 7 ,,
period1,sc01,t7580, 7 ,,
period1,sc01,t7581, 7 ,,
period1,sc01,t7582, 7 ,,
period1,sc01,t7583, 7 ,,
period1,sc01,t7584, 7 ,,
period1,sc01,t7585, 7 ,,
period1,sc01,t7586, 7 ,,
period1,sc01,t7587, 7 ,,
period1,sc01,t7588, 7 ,,
period1,sc01,t7589, 7 ,,
period1,sc01,t7590, 7 ,,
period1,sc01,t7591, 49 ,,
period1,sc01,t7592, 7 ,,
period1,sc01,t7593, 7 ,,
period1,sc01,t7594, 7 ,,
period1,sc01,t7595, 7 ,,
period1,sc01,t7596, 7 ,,
period1,sc01,t7597, 7 ,,
period1,sc01,t7598, 7 ,,
period1,sc01,t7599, 7 ,,
period1,sc01,t7600, 7 ,,
period1,sc01,t7601, 7 ,,
period1,sc01,t7602, 7 ,,
period1,sc01,t7603, 7 ,,
period1,sc01,t7604, 7 ,,
period1,sc01,t7605, 7 ,,
period1,sc01,t7606, 7 ,,
period1,sc01,t7607, 7 ,,
period1,sc01,t7608, 7 ,,
period1,sc01,t7609, 7 ,,
period1,sc01,t7610, 7 ,,
period1,sc01,t7611, 7 ,,
period1,sc01,t7612, 7 ,,
period1,sc01,t7613, 7 ,,
period1,sc01,t7614, 42 ,,
period1,sc01,t7615, 7 ,,
period1,sc01,t7616, 7 ,,
period1,sc01,t7617, 7 ,,
period1,sc01,t7618, 7 ,,
period1,sc01,t7619, 7 ,,
period1,sc01,t7620, 7 ,,
period1,sc01,t7621, 7 ,,
period1,sc01,t7622, 7 ,,
period1,sc01,t7623, 7 ,,
period1,sc01,t7624, 7 ,,
period1,sc01,t7625, 7 ,,
period1,sc01,t7626, 7 ,,
period1,sc01,t7627, 7 ,,
period1,sc01,t7628, 7 ,,
period1,sc01,t7629, 7 ,,
period1,sc01,t7630, 7 ,,
period1,sc01,t7631, 7 ,,
period1,sc01,t7632, 7 ,,
period1,sc01,t7633, 7 ,,
period1,sc01,t7634, 7 ,,
period1,sc01,t7635, 7 ,,
period1,sc01,t7636, 7 ,,
period1,sc01,t7637, 7 ,,
period1,sc01,t7638, 7 ,,
period1,sc01,t7639, 42 ,,
period1,sc01,t7640, 7 ,,
period1,sc01,t7641, 7 ,,
period1,sc01,t7642, 7 ,,
period1,sc01,t7643, 7 ,,
period1,sc01,t7644, 7 ,,
period1,sc01,t7645, 7 ,,
period1,sc01,t7646, 7 ,,
period1,sc01,t7647, 7 ,,
period1,sc01,t7648, 7 ,,
period1,sc01,t7649, 7 ,,
period1,sc01,t7650, 7 ,,
period1,sc01,t7651, 7 ,,
period1,sc01,t7652, 7 ,,
period1,sc01,t7653, 7 ,,
period1,sc01,t7654, 7 ,,
period1,sc01,t7655, 7 ,,
period1,sc01,t7656, 7 ,,
period1,sc01,t7657, 7 ,,
period1,sc01,t7658, 7 ,,
period1,sc01,t7659, 7 ,,
period1,sc01,t7660, 7 ,,
period1,sc01,t7661, 7 ,,
period1,sc01,t7662, 7 ,,
period1,sc01,t7663, 7 ,,
period1,sc01,t7664, 7 ,,
period1,sc01,t7665, 7 ,,
period1,sc01,t7666, 7 ,,
period1,sc01,t7667, 7 ,,
period1,sc01,t7668, 7 ,,
period1,sc01,t7669, 7 ,,
period1,sc01,t7670, 7 ,,
period1,sc01,t7671, 7 ,,
period1,sc01,t7672, 7 ,,
period1,sc01,t7673, 7 ,,
period1,sc01,t7674, 7 ,,
period1,sc01,t7675, 7 ,,
period1,sc01,t7676, 7 ,,
period1,sc01,t7677, 7 ,,
period1,sc01,t7678, 7 ,,
period1,sc01,t7679, 7 ,,
period1,sc01,t7680, 7 ,,
period1,sc01,t7681, 7 ,,
period1,sc01,t7682, 7 ,,
period1,sc01,t7683, 7 ,,
period1,sc01,t7684, 7 ,,
period1,sc01,t7685, 7 ,,
period1,sc01,t7686, 7 ,,
period1,sc01,t7687, 7 ,,
period1,sc01,t7688, 42 ,,
period1,sc01,t7689, 7 ,,
period1,sc01,t7690, 7 ,,
period1,sc01,t7691, 7 ,,
period1,sc01,t7692, 7 ,,
period1,sc01,t7693, 7 ,,
period1,sc01,t7694, 7 ,,
period1,sc01,t7695, 7 ,,
period1,sc01,t7696, 7 ,,
period1,sc01,t7697, 7 ,,
period1,sc01,t7698, 7 ,,
period1,sc01,t7699, 7 ,,
period1,sc01,t7700, 7 ,,
period1,sc01,t7701, 7 ,,
period1,sc01,t7702, 7 ,,
period1,sc01,t7703, 7 ,,
period1,sc01,t7704, 7 ,,
period1,sc01,t7705, 7 ,,
period1,sc01,t7706, 7 ,,
period1,sc01,t7707, 7 ,,
period1,sc01,t7708, 7 ,,
period1,sc01,t7709, 7 ,,
period1,sc01,t7710, 7 ,,
period1,sc01,t7711, 7 ,,
period1,sc01,t7712, 35 ,,
period1,sc01,t7713, 7 ,,
period1,sc01,t7714, 7 ,,
period1,sc01,t7715, 7 ,,
period1,sc01,t7716, 7 ,,
period1,sc01,t7717, 7 ,,
period1,sc01,t7718, 7 ,,
period1,sc01,t7719, 7 ,,
period1,sc01,t7720, 7 ,,
period1,sc01,t7721, 7 ,,
period1,sc01,t7722, 7 ,,
period1,sc01,t7723, 7 ,,
period1,sc01,t7724, 7 ,,
period1,sc01,t7725, 7 ,,
period1,sc01,t7726, 7 ,,
period1,sc01,t7727, 7 ,,
period1,sc01,t7728, 7 ,,
period1,sc01,t7729, 7 ,,
period1,sc01,t7730, 7 ,,
period1,sc01,t7731, 7 ,,
period1,sc01,t7732, 7 ,,
period1,sc01,t7733, 7 ,,
period1,sc01,t7734, 7 ,,
period1,sc01,t7735, 7 ,,
period1,sc01,t7736, 7 ,,
period1,sc01,t7737, 49 ,,
period1,sc01,t7738, 7 ,,
period1,sc01,t7739, 7 ,,
period1,sc01,t7740, 7 ,,
period1,sc01,t7741, 7 ,,
period1,sc01,t7742, 7 ,,
period1,sc01,t7743, 7 ,,
period1,sc01,t7744, 7 ,,
period1,sc01,t7745, 7 ,,
period1,sc01,t7746, 7 ,,
period1,sc01,t7747, 7 ,,
period1,sc01,t7748, 7 ,,
period1,sc01,t7749, 7 ,,
period1,sc01,t7750, 7 ,,
period1,sc01,t7751, 7 ,,
period1,sc01,t7752, 7 ,,
period1,sc01,t7753, 7 ,,
period1,sc01,t7754, 7 ,,
period1,sc01,t7755, 7 ,,
period1,sc01,t7756, 7 ,,
period1,sc01,t7757, 7 ,,
period1,sc01,t7758, 7 ,,
period1,sc01,t7759, 7 ,,
period1,sc01,t7760, 7 ,,
period1,sc01,t7761, 35 ,,
period1,sc01,t7762, 7 ,,
period1,sc01,t7763, 7 ,,
period1,sc01,t7764, 7 ,,
period1,sc01,t7765, 7 ,,
period1,sc01,t7766, 7 ,,
period1,sc01,t7767, 7 ,,
period1,sc01,t7768, 7 ,,
period1,sc01,t7769, 7 ,,
period1,sc01,t7770, 7 ,,
period1,sc01,t7771, 7 ,,
period1,sc01,t7772, 7 ,,
period1,sc01,t7773, 7 ,,
period1,sc01,t7774, 7 ,,
period1,sc01,t7775, 7 ,,
period1,sc01,t7776, 7 ,,
period1,sc01,t7777, 7 ,,
period1,sc01,t7778, 7 ,,
period1,sc01,t7779, 7 ,,
period1,sc01,t7780, 7 ,,
period1,sc01,t7781, 7 ,,
period1,sc01,t7782, 7 ,,
period1,sc01,t7783, 35 ,,
period1,sc01,t7784, 7 ,,
period1,sc01,t7785, 7 ,,
period1,sc01,t7786, 7 ,,
period1,sc01,t7787, 7 ,,
period1,sc01,t7788, 7 ,,
period1,sc01,t7789, 7 ,,
period1,sc01,t7790, 7 ,,
period1,sc01,t7791, 7 ,,
period1,sc01,t7792, 7 ,,
period1,sc01,t7793, 7 ,,
period1,sc01,t7794, 7 ,,
period1,sc01,t7795, 7 ,,
period1,sc01,t7796, 7 ,,
period1,sc01,t7797, 7 ,,
period1,sc01,t7798, 7 ,,
period1,sc01,t7799, 7 ,,
period1,sc01,t7800, 7 ,,
period1,sc01,t7801, 7 ,,
period1,sc01,t7802, 7 ,,
period1,sc01,t7803, 7 ,,
period1,sc01,t7804, 7 ,,
period1,sc01,t7805, 7 ,,
period1,sc01,t7806, 7 ,,
period1,sc01,t7807, 7 ,,
period1,sc01,t7808, 7 ,,
period1,sc01,t7809, 7 ,,
period1,sc01,t7810, 7 ,,
period1,sc01,t7811, 7 ,,
period1,sc01,t7812, 7 ,,
period1,sc01,t7813, 7 ,,
period1,sc01,t7814, 7 ,,
period1,sc01,t7815, 7 ,,
period1,sc01,t7816, 7 ,,
period1,sc01,t7817, 7 ,,
period1,sc01,t7818, 7 ,,
period1,sc01,t7819, 7 ,,
period1,sc01,t7820, 7 ,,
period1,sc01,t7821, 7 ,,
period1,sc01,t7822, 7 ,,
period1,sc01,t7823, 7 ,,
period1,sc01,t7824, 7 ,,
period1,sc01,t7825, 7 ,,
period1,sc01,t7826, 7 ,,
period1,sc01,t7827, 7 ,,
period1,sc01,t7828, 7 ,,
period1,sc01,t7829, 7 ,,
period1,sc01,t7830, 7 ,,
period1,sc01,t7831, 7 ,,
period1,sc01,t7832, 7 ,,
period1,sc01,t7833, 7 ,,
period1,sc01,t7834, 7 ,,
period1,sc01,t7835, 7 ,,
period1,sc01,t7836, 7 ,,
period1,sc01,t7837, 7 ,,
period1,sc01,t7838, 7 ,,
period1,sc01,t7839, 7 ,,
period1,sc01,t7840, 7 ,,
period1,sc01,t7841, 7 ,,
period1,sc01,t7842, 7 ,,
period1,sc01,t7843, 7 ,,
period1,sc01,t7844, 7 ,,
period1,sc01,t7845, 7 ,,
period1,sc01,t7846, 7 ,,
period1,sc01,t7847, 7 ,,
period1,sc01,t7848, 7 ,,
period1,sc01,t7849, 7 ,,
period1,sc01,t7850, 7 ,,
period1,sc01,t7851, 7 ,,
period1,sc01,t7852, 7 ,,
period1,sc01,t7853, 7 ,,
period1,sc01,t7854, 7 ,,
period1,sc01,t7855, 42 ,,
period1,sc01,t7856, 7 ,,
period1,sc01,t7857, 7 ,,
period1,sc01,t7858, 7 ,,
period1,sc01,t7859, 7 ,,
period1,sc01,t7860, 7 ,,
period1,sc01,t7861, 7 ,,
period1,sc01,t7862, 7 ,,
period1,sc01,t7863, 7 ,,
period1,sc01,t7864, 7 ,,
period1,sc01,t7865, 7 ,,
period1,sc01,t7866, 7 ,,
period1,sc01,t7867, 7 ,,
period1,sc01,t7868, 7 ,,
period1,sc01,t7869, 7 ,,
period1,sc01,t7870, 7 ,,
period1,sc01,t7871, 7 ,,
period1,sc01,t7872, 7 ,,
period1,sc01,t7873, 7 ,,
period1,sc01,t7874, 7 ,,
period1,sc01,t7875, 7 ,,
period1,sc01,t7876, 7 ,,
period1,sc01,t7877, 7 ,,
period1,sc01,t7878, 7 ,,
period1,sc01,t7879, 7 ,,
period1,sc01,t7880, 35 ,,
period1,sc01,t7881, 7 ,,
period1,sc01,t7882, 7 ,,
period1,sc01,t7883, 7 ,,
period1,sc01,t7884, 7 ,,
period1,sc01,t7885, 7 ,,
period1,sc01,t7886, 7 ,,
period1,sc01,t7887, 7 ,,
period1,sc01,t7888, 7 ,,
period1,sc01,t7889, 7 ,,
period1,sc01,t7890, 7 ,,
period1,sc01,t7891, 7 ,,
period1,sc01,t7892, 7 ,,
period1,sc01,t7893, 7 ,,
period1,sc01,t7894, 7 ,,
period1,sc01,t7895, 7 ,,
period1,sc01,t7896, 7 ,,
period1,sc01,t7897, 7 ,,
period1,sc01,t7898, 7 ,,
period1,sc01,t7899, 7 ,,
period1,sc01,t7900, 7 ,,
period1,sc01,t7901, 7 ,,
period1,sc01,t7902, 7 ,,
period1,sc01,t7903, 7 ,,
period1,sc01,t7904, 7 ,,
period1,sc01,t7905, 56 ,,
period1,sc01,t7906, 7 ,,
period1,sc01,t7907, 7 ,,
period1,sc01,t7908, 7 ,,
period1,sc01,t7909, 7 ,,
period1,sc01,t7910, 7 ,,
period1,sc01,t7911, 7 ,,
period1,sc01,t7912, 7 ,,
period1,sc01,t7913, 7 ,,
period1,sc01,t7914, 7 ,,
period1,sc01,t7915, 7 ,,
period1,sc01,t7916, 7 ,,
period1,sc01,t7917, 7 ,,
period1,sc01,t7918, 7 ,,
period1,sc01,t7919, 7 ,,
period1,sc01,t7920, 7 ,,
period1,sc01,t7921, 7 ,,
period1,sc01,t7922, 7 ,,
period1,sc01,t7923, 7 ,,
period1,sc01,t7924, 7 ,,
period1,sc01,t7925, 7 ,,
period1,sc01,t7926, 56 ,,
period1,sc01,t7927, 7 ,,
period1,sc01,t7928, 7 ,,
period1,sc01,t7929, 7 ,,
period1,sc01,t7930, 7 ,,
period1,sc01,t7931, 7 ,,
period1,sc01,t7932, 7 ,,
period1,sc01,t7933, 7 ,,
period1,sc01,t7934, 7 ,,
period1,sc01,t7935, 7 ,,
period1,sc01,t7936, 7 ,,
period1,sc01,t7937, 7 ,,
period1,sc01,t7938, 7 ,,
period1,sc01,t7939, 7 ,,
period1,sc01,t7940, 7 ,,
period1,sc01,t7941, 7 ,,
period1,sc01,t7942, 7 ,,
period1,sc01,t7943, 7 ,,
period1,sc01,t7944, 7 ,,
period1,sc01,t7945, 7 ,,
period1,sc01,t7946, 7 ,,
period1,sc01,t7947, 7 ,,
period1,sc01,t7948, 7 ,,
period1,sc01,t7949, 7 ,,
period1,sc01,t7950, 7 ,,
period1,sc01,t7951, 7 ,,
period1,sc01,t7952, 56 ,,
period1,sc01,t7953, 7 ,,
period1,sc01,t7954, 7 ,,
period1,sc01,t7955, 7 ,,
period1,sc01,t7956, 7 ,,
period1,sc01,t7957, 7 ,,
period1,sc01,t7958, 7 ,,
period1,sc01,t7959, 7 ,,
period1,sc01,t7960, 7 ,,
period1,sc01,t7961, 7 ,,
period1,sc01,t7962, 7 ,,
period1,sc01,t7963, 7 ,,
period1,sc01,t7964, 7 ,,
period1,sc01,t7965, 7 ,,
period1,sc01,t7966, 7 ,,
period1,sc01,t7967, 7 ,,
period1,sc01,t7968, 7 ,,
period1,sc01,t7969, 7 ,,
period1,sc01,t7970, 7 ,,
period1,sc01,t7971, 7 ,,
period1,sc01,t7972, 7 ,,
period1,sc01,t7973, 7 ,,
period1,sc01,t7974, 7 ,,
period1,sc01,t7975, 7 ,,
period1,sc01,t7976, 7 ,,
period1,sc01,t7977, 7 ,,
period1,sc01,t7978, 7 ,,
period1,sc01,t7979, 7 ,,
period1,sc01,t7980, 7 ,,
period1,sc01,t7981, 7 ,,
period1,sc01,t7982, 7 ,,
period1,sc01,t7983, 7 ,,
period1,sc01,t7984, 7 ,,
period1,sc01,t7985, 7 ,,
period1,sc01,t7986, 7 ,,
period1,sc01,t7987, 7 ,,
period1,sc01,t7988, 7 ,,
period1,sc01,t7989, 7 ,,
period1,sc01,t7990, 7 ,,
period1,sc01,t7991, 7 ,,
period1,sc01,t7992, 7 ,,
period1,sc01,t7993, 7 ,,
period1,sc01,t7994, 7 ,,
period1,sc01,t7995, 7 ,,
period1,sc01,t7996, 7 ,,
period1,sc01,t7997, 7 ,,
period1,sc01,t7998, 7 ,,
period1,sc01,t7999, 7 ,,
period1,sc01,t8000, 7 ,,
period1,sc01,t8001, 7 ,,
period1,sc01,t8002, 7 ,,
period1,sc01,t8003, 7 ,,
period1,sc01,t8004, 7 ,,
period1,sc01,t8005, 7 ,,
period1,sc01,t8006, 7 ,,
period1,sc01,t8007, 7 ,,
period1,sc01,t8008, 7 ,,
period1,sc01,t8009, 7 ,,
period1,sc01,t8010, 7 ,,
period1,sc01,t8011, 7 ,,
period1,sc01,t8012, 7 ,,
period1,sc01,t8013, 7 ,,
period1,sc01,t8014, 7 ,,
period1,sc01,t8015, 7 ,,
period1,sc01,t8016, 7 ,,
period1,sc01,t8017, 7 ,,
period1,sc01,t8018, 7 ,,
period1,sc01,t8019, 7 ,,
period1,sc01,t8020, 7 ,,
period1,sc01,t8021, 7 ,,
period1,sc01,t8022, 7 ,,
period1,sc01,t8023, 42 ,,
period1,sc01,t8024, 7 ,,
period1,sc01,t8025, 7 ,,
period1,sc01,t8026, 7 ,,
period1,sc01,t8027, 7 ,,
period1,sc01,t8028, 7 ,,
period1,sc01,t8029, 7 ,,
period1,sc01,t8030, 7 ,,
period1,sc01,t8031, 7 ,,
period1,sc01,t8032, 7 ,,
period1,sc01,t8033, 7 ,,
period1,sc01,t8034, 7 ,,
period1,sc01,t8035, 7 ,,
period1,sc01,t8036, 7 ,,
period1,sc01,t8037, 7 ,,
period1,sc01,t8038, 7 ,,
period1,sc01,t8039, 7 ,,
period1,sc01,t8040, 7 ,,
period1,sc01,t8041, 7 ,,
period1,sc01,t8042, 7 ,,
period1,sc01,t8043, 7 ,,
period1,sc01,t8044, 7 ,,
period1,sc01,t8045, 7 ,,
period1,sc01,t8046, 7 ,,
period1,sc01,t8047, 7 ,,
period1,sc01,t8048, 7 ,,
period1,sc01,t8049, 35 ,,
period1,sc01,t8050, 7 ,,
period1,sc01,t8051, 7 ,,
period1,sc01,t8052, 7 ,,
period1,sc01,t8053, 7 ,,
period1,sc01,t8054, 7 ,,
period1,sc01,t8055, 7 ,,
period1,sc01,t8056, 7 ,,
period1,sc01,t8057, 7 ,,
period1,sc01,t8058, 7 ,,
period1,sc01,t8059, 7 ,,
period1,sc01,t8060, 7 ,,
period1,sc01,t8061, 7 ,,
period1,sc01,t8062, 7 ,,
period1,sc01,t8063, 7 ,,
period1,sc01,t8064, 7 ,,
period1,sc01,t8065, 7 ,,
period1,sc01,t8066, 7 ,,
period1,sc01,t8067, 7 ,,
period1,sc01,t8068, 7 ,,
period1,sc01,t8069, 7 ,,
period1,sc01,t8070, 7 ,,
period1,sc01,t8071, 7 ,,
period1,sc01,t8072, 7 ,,
period1,sc01,t8073, 7 ,,
period1,sc01,t8074, 56 ,,
period1,sc01,t8075, 7 ,,
period1,sc01,t8076, 7 ,,
period1,sc01,t8077, 7 ,,
period1,sc01,t8078, 7 ,,
period1,sc01,t8079, 7 ,,
period1,sc01,t8080, 7 ,,
period1,sc01,t8081, 7 ,,
period1,sc01,t8082, 7 ,,
period1,sc01,t8083, 7 ,,
period1,sc01,t8084, 7 ,,
period1,sc01,t8085, 7 ,,
period1,sc01,t8086, 7 ,,
period1,sc01,t8087, 7 ,,
period1,sc01,t8088, 7 ,,
period1,sc01,t8089, 7 ,,
period1,sc01,t8090, 7 ,,
period1,sc01,t8091, 7 ,,
period1,sc01,t8092, 7 ,,
period1,sc01,t8093, 7 ,,
period1,sc01,t8094, 7 ,,
period1,sc01,t8095, 7 ,,
period1,sc01,t8096, 42 ,,
period1,sc01,t8097, 7 ,,
period1,sc01,t8098, 7 ,,
period1,sc01,t8099, 7 ,,
period1,sc01,t8100, 7 ,,
period1,sc01,t8101, 7 ,,
period1,sc01,t8102, 7 ,,
period1,sc01,t8103, 7 ,,
period1,sc01,t8104, 7 ,,
period1,sc01,t8105, 7 ,,
period1,sc01,t8106, 7 ,,
period1,sc01,t8107, 7 ,,
period1,sc01,t8108, 7 ,,
period1,sc01,t8109, 7 ,,
period1,sc01,t8110, 7 ,,
period1,sc01,t8111, 7 ,,
period1,sc01,t8112, 7 ,,
period1,sc01,t8113, 7 ,,
period1,sc01,t8114, 7 ,,
period1,sc01,t8115, 7 ,,
period1,sc01,t8116, 7 ,,
period1,sc01,t8117, 7 ,,
period1,sc01,t8118, 7 ,,
period1,sc01,t8119, 7 ,,
period1,sc01,t8120, 56 ,,
period1,sc01,t8121, 7 ,,
period1,sc01,t8122, 7 ,,
period1,sc01,t8123, 7 ,,
period1,sc01,t8124, 7 ,,
period1,sc01,t8125, 7 ,,
period1,sc01,t8126, 7 ,,
period1,sc01,t8127, 7 ,,
period1,sc01,t8128, 7 ,,
period1,sc01,t8129, 7 ,,
period1,sc01,t8130, 7 ,,
period1,sc01,t8131, 7 ,,
period1,sc01,t8132, 7 ,,
period1,sc01,t8133, 7 ,,
period1,sc01,t8134, 7 ,,
period1,sc01,t8135, 7 ,,
period1,sc01,t8136, 7 ,,
period1,sc01,t8137, 7 ,,
period1,sc01,t8138, 7 ,,
period1,sc01,t8139, 7 ,,
period1,sc01,t8140, 7 ,,
period1,sc01,t8141, 7 ,,
period1,sc01,t8142, 7 ,,
period1,sc01,t8143, 7 ,,
period1,sc01,t8144, 7 ,,
period1,sc01,t8145, 7 ,,
period1,sc01,t8146, 7 ,,
period1,sc01,t8147, 7 ,,
period1,sc01,t8148, 7 ,,
period1,sc01,t8149, 7 ,,
period1,sc01,t8150, 7 ,,
period1,sc01,t8151, 7 ,,
period1,sc01,t8152, 7 ,,
period1,sc01,t8153, 7 ,,
period1,sc01,t8154, 7 ,,
period1,sc01,t8155, 7 ,,
period1,sc01,t8156, 7 ,,
period1,sc01,t8157, 7 ,,
period1,sc01,t8158, 7 ,,
period1,sc01,t8159, 7 ,,
period1,sc01,t8160, 7 ,,
period1,sc01,t8161, 7 ,,
period1,sc01,t8162, 7 ,,
period1,sc01,t8163, 7 ,,
period1,sc01,t8164, 7 ,,
period1,sc01,t8165, 7 ,,
period1,sc01,t8166, 7 ,,
period1,sc01,t8167, 7 ,,
period1,sc01,t8168, 7 ,,
period1,sc01,t8169, 7 ,,
period1,sc01,t8170, 7 ,,
period1,sc01,t8171, 7 ,,
period1,sc01,t8172, 7 ,,
period1,sc01,t8173, 7 ,,
period1,sc01,t8174, 7 ,,
period1,sc01,t8175, 7 ,,
period1,sc01,t8176, 7 ,,
period1,sc01,t8177, 7 ,,
period1,sc01,t8178, 7 ,,
period1,sc01,t8179, 7 ,,
period1,sc01,t8180, 7 ,,
period1,sc01,t8181, 7 ,,
period1,sc01,t8182, 7 ,,
period1,sc01,t8183, 7 ,,
period1,sc01,t8184, 7 ,,
period1,sc01,t8185, 7 ,,
period1,sc01,t8186, 7 ,,
period1,sc01,t8187, 7 ,,
period1,sc01,t8188, 7 ,,
period1,sc01,t8189, 7 ,,
period1,sc01,t8190, 7 ,,
period1,sc01,t8191, 7 ,,
period1,sc01,t8192, 56 ,,
period1,sc01,t8193, 7 ,,
period1,sc01,t8194, 7 ,,
period1,sc01,t8195, 7 ,,
period1,sc01,t8196, 7 ,,
period1,sc01,t8197, 7 ,,
period1,sc01,t8198, 7 ,,
period1,sc01,t8199, 7 ,,
period1,sc01,t8200, 7 ,,
period1,sc01,t8201, 7 ,,
period1,sc01,t8202, 7 ,,
period1,sc01,t8203, 7 ,,
period1,sc01,t8204, 7 ,,
period1,sc01,t8205, 7 ,,
period1,sc01,t8206, 7 ,,
period1,sc01,t8207, 7 ,,
period1,sc01,t8208, 7 ,,
period1,sc01,t8209, 7 ,,
period1,sc01,t8210, 7 ,,
period1,sc01,t8211, 7 ,,
period1,sc01,t8212, 7 ,,
period1,sc01,t8213, 7 ,,
period1,sc01,t8214, 7 ,,
period1,sc01,t8215, 7 ,,
period1,sc01,t8216, 49 ,,
period1,sc01,t8217, 7 ,,
period1,sc01,t8218, 7 ,,
period1,sc01,t8219, 7 ,,
period1,sc01,t8220, 7 ,,
period1,sc01,t8221, 7 ,,
period1,sc01,t8222, 7 ,,
period1,sc01,t8223, 7 ,,
period1,sc01,t8224, 7 ,,
period1,sc01,t8225, 7 ,,
period1,sc01,t8226, 7 ,,
period1,sc01,t8227, 7 ,,
period1,sc01,t8228, 7 ,,
period1,sc01,t8229, 7 ,,
period1,sc01,t8230, 7 ,,
period1,sc01,t8231, 7 ,,
period1,sc01,t8232, 7 ,,
period1,sc01,t8233, 7 ,,
period1,sc01,t8234, 7 ,,
period1,sc01,t8235, 7 ,,
period1,sc01,t8236, 7 ,,
period1,sc01,t8237, 7 ,,
period1,sc01,t8238, 7 ,,
period1,sc01,t8239, 7 ,,
period1,sc01,t8240, 7 ,,
period1,sc01,t8241, 35 ,,
period1,sc01,t8242, 7 ,,
period1,sc01,t8243, 7 ,,
period1,sc01,t8244, 7 ,,
period1,sc01,t8245, 7 ,,
period1,sc01,t8246, 7 ,,
period1,sc01,t8247, 7 ,,
period1,sc01,t8248, 7 ,,
period1,sc01,t8249, 7 ,,
period1,sc01,t8250, 7 ,,
period1,sc01,t8251, 7 ,,
period1,sc01,t8252, 7 ,,
period1,sc01,t8253, 7 ,,
period1,sc01,t8254, 7 ,,
period1,sc01,t8255, 7 ,,
period1,sc01,t8256, 7 ,,
period1,sc01,t8257, 7 ,,
period1,sc01,t8258, 7 ,,
period1,sc01,t8259, 7 ,,
period1,sc01,t8260, 7 ,,
period1,sc01,t8261, 7 ,,
period1,sc01,t8262, 7 ,,
period1,sc01,t8263, 7 ,,
period1,sc01,t8264, 42 ,,
period1,sc01,t8265, 7 ,,
period1,sc01,t8266, 7 ,,
period1,sc01,t8267, 7 ,,
period1,sc01,t8268, 7 ,,
period1,sc01,t8269, 7 ,,
period1,sc01,t8270, 7 ,,
period1,sc01,t8271, 7 ,,
period1,sc01,t8272, 7 ,,
period1,sc01,t8273, 7 ,,
period1,sc01,t8274, 7 ,,
period1,sc01,t8275, 7 ,,
period1,sc01,t8276, 7 ,,
period1,sc01,t8277, 7 ,,
period1,sc01,t8278, 7 ,,
period1,sc01,t8279, 7 ,,
period1,sc01,t8280, 7 ,,
period1,sc01,t8281, 7 ,,
period1,sc01,t8282, 7 ,,
period1,sc01,t8283, 7 ,,
period1,sc01,t8284, 7 ,,
period1,sc01,t8285, 7 ,,
period1,sc01,t8286, 7 ,,
period1,sc01,t8287, 7 ,,
period1,sc01,t8288, 7 ,,
period1,sc01,t8289, 7 ,,
period1,sc01,t8290, 49 ,,
period1,sc01,t8291, 7 ,,
period1,sc01,t8292, 7 ,,
period1,sc01,t8293, 7 ,,
period1,sc01,t8294, 7 ,,
period1,sc01,t8295, 7 ,,
period1,sc01,t8296, 7 ,,
period1,sc01,t8297, 7 ,,
period1,sc01,t8298, 7 ,,
period1,sc01,t8299, 7 ,,
period1,sc01,t8300, 7 ,,
period1,sc01,t8301, 7 ,,
period1,sc01,t8302, 7 ,,
period1,sc01,t8303, 7 ,,
period1,sc01,t8304, 7 ,,
period1,sc01,t8305, 7 ,,
period1,sc01,t8306, 7 ,,
period1,sc01,t8307, 7 ,,
period1,sc01,t8308, 7 ,,
period1,sc01,t8309, 7 ,,
period1,sc01,t8310, 7 ,,
period1,sc01,t8311, 7 ,,
period1,sc01,t8312, 7 ,,
period1,sc01,t8313, 7 ,,
period1,sc01,t8314, 7 ,,
period1,sc01,t8315, 7 ,,
period1,sc01,t8316, 7 ,,
period1,sc01,t8317, 7 ,,
period1,sc01,t8318, 7 ,,
period1,sc01,t8319, 7 ,,
period1,sc01,t8320, 7 ,,
period1,sc01,t8321, 7 ,,
period1,sc01,t8322, 7 ,,
period1,sc01,t8323, 7 ,,
period1,sc01,t8324, 7 ,,
period1,sc01,t8325, 7 ,,
period1,sc01,t8326, 7 ,,
period1,sc01,t8327, 7 ,,
period1,sc01,t8328, 7 ,,
period1,sc01,t8329, 7 ,,
period1,sc01,t8330, 7 ,,
period1,sc01,t8331, 7 ,,
period1,sc01,t8332, 7 ,,
period1,sc01,t8333, 7 ,,
period1,sc01,t8334, 7 ,,
period1,sc01,t8335, 7 ,,
period1,sc01,t8336, 7 ,,
period1,sc01,t8337, 7 ,,
period1,sc01,t8338, 7 ,,
period1,sc01,t8339, 7 ,,
period1,sc01,t8340, 7 ,,
period1,sc01,t8341, 7 ,,
period1,sc01,t8342, 7 ,,
period1,sc01,t8343, 7 ,,
period1,sc01,t8344, 7 ,,
period1,sc01,t8345, 7 ,,
period1,sc01,t8346, 7 ,,
period1,sc01,t8347, 7 ,,
period1,sc01,t8348, 7 ,,
period1,sc01,t8349, 7 ,,
period1,sc01,t8350, 7 ,,
period1,sc01,t8351, 7 ,,
period1,sc01,t8352, 7 ,,
period1,sc01,t8353, 7 ,,
period1,sc01,t8354, 7 ,,
period1,sc01,t8355, 7 ,,
period1,sc01,t8356, 7 ,,
period1,sc01,t8357, 7 ,,
period1,sc01,t8358, 7 ,,
period1,sc01,t8359, 7 ,,
period1,sc01,t8360, 35 ,,
period1,sc01,t8361, 7 ,,
period1,sc01,t8362, 7 ,,
period1,sc01,t8363, 7 ,,
period1,sc01,t8364, 7 ,,
period1,sc01,t8365, 7 ,,
period1,sc01,t8366, 7 ,,
period1,sc01,t8367, 7 ,,
period1,sc01,t8368, 7 ,,
period1,sc01,t8369, 7 ,,
period1,sc01,t8370, 7 ,,
period1,sc01,t8371, 7 ,,
period1,sc01,t8372, 7 ,,
period1,sc01,t8373, 7 ,,
period1,sc01,t8374, 7 ,,
period1,sc01,t8375, 7 ,,
period1,sc01,t8376, 7 ,,
period1,sc01,t8377, 7 ,,
period1,sc01,t8378, 7 ,,
period1,sc01,t8379, 7 ,,
period1,sc01,t8380, 7 ,,
period1,sc01,t8381, 7 ,,
period1,sc01,t8382, 7 ,,
period1,sc01,t8383, 35 ,,
period1,sc01,t8384, 7 ,,
period1,sc01,t8385, 7 ,,
period1,sc01,t8386, 7 ,,
period1,sc01,t8387, 7 ,,
period1,sc01,t8388, 7 ,,
period1,sc01,t8389, 7 ,,
period1,sc01,t8390, 7 ,,
period1,sc01,t8391, 7 ,,
period1,sc01,t8392, 7 ,,
period1,sc01,t8393, 7 ,,
period1,sc01,t8394, 7 ,,
period1,sc01,t8395, 7 ,,
period1,sc01,t8396, 7 ,,
period1,sc01,t8397, 7 ,,
period1,sc01,t8398, 7 ,,
period1,sc01,t8399, 7 ,,
period1,sc01,t8400, 7 ,,
period1,sc01,t8401, 7 ,,
period1,sc01,t8402, 7 ,,
period1,sc01,t8403, 7 ,,
period1,sc01,t8404, 7 ,,
period1,sc01,t8405, 7 ,,
period1,sc01,t8406, 7 ,,
period1,sc01,t8407, 7 ,,
period1,sc01,t8408, 7 ,,
period1,sc01,t8409, 42 ,,
period1,sc01,t8410, 7 ,,
period1,sc01,t8411, 7 ,,
period1,sc01,t8412, 7 ,,
period1,sc01,t8413, 7 ,,
period1,sc01,t8414, 7 ,,
period1,sc01,t8415, 7 ,,
period1,sc01,t8416, 7 ,,
period1,sc01,t8417, 7 ,,
period1,sc01,t8418, 7 ,,
period1,sc01,t8419, 7 ,,
period1,sc01,t8420, 7 ,,
period1,sc01,t8421, 7 ,,
period1,sc01,t8422, 7 ,,
period1,sc01,t8423, 7 ,,
period1,sc01,t8424, 7 ,,
period1,sc01,t8425, 7 ,,
period1,sc01,t8426, 7 ,,
period1,sc01,t8427, 7 ,,
period1,sc01,t8428, 7 ,,
period1,sc01,t8429, 7 ,,
period1,sc01,t8430, 7 ,,
period1,sc01,t8431, 7 ,,
period1,sc01,t8432, 7 ,,
period1,sc01,t8433, 56 ,,
period1,sc01,t8434, 7 ,,
period1,sc01,t8435, 7 ,,
period1,sc01,t8436, 7 ,,
period1,sc01,t8437, 7 ,,
period1,sc01,t8438, 7 ,,
period1,sc01,t8439, 7 ,,
period1,sc01,t8440, 7 ,,
period1,sc01,t8441, 7 ,,
period1,sc01,t8442, 7 ,,
period1,sc01,t8443, 7 ,,
period1,sc01,t8444, 7 ,,
period1,sc01,t8445, 7 ,,
period1,sc01,t8446, 7 ,,
period1,sc01,t8447, 7 ,,
period1,sc01,t8448, 7 ,,
period1,sc01,t8449, 7 ,,
period1,sc01,t8450, 7 ,,
period1,sc01,t8451, 7 ,,
period1,sc01,t8452, 7 ,,
period1,sc01,t8453, 7 ,,
period1,sc01,t8454, 7 ,,
period1,sc01,t8455, 7 ,,
period1,sc01,t8456, 7 ,,
period1,sc01,t8457, 7 ,,
period1,sc01,t8458, 42 ,,
period1,sc01,t8459, 7 ,,
period1,sc01,t8460, 7 ,,
period1,sc01,t8461, 7 ,,
period1,sc01,t8462, 7 ,,
period1,sc01,t8463, 7 ,,
period1,sc01,t8464, 7 ,,
period1,sc01,t8465, 7 ,,
period1,sc01,t8466, 7 ,,
period1,sc01,t8467, 7 ,,
period1,sc01,t8468, 7 ,,
period1,sc01,t8469, 7 ,,
period1,sc01,t8470, 7 ,,
period1,sc01,t8471, 7 ,,
period1,sc01,t8472, 7 ,,
period1,sc01,t8473, 7 ,,
period1,sc01,t8474, 7 ,,
period1,sc01,t8475, 7 ,,
period1,sc01,t8476, 7 ,,
period1,sc01,t8477, 7 ,,
period1,sc01,t8478, 7 ,,
period1,sc01,t8479, 7 ,,
period1,sc01,t8480, 7 ,,
period1,sc01,t8481, 42 ,,
period1,sc01,t8482, 7 ,,
period1,sc01,t8483, 7 ,,
period1,sc01,t8484, 7 ,,
period1,sc01,t8485, 7 ,,
period1,sc01,t8486, 7 ,,
period1,sc01,t8487, 7 ,,
period1,sc01,t8488, 7 ,,
period1,sc01,t8489, 7 ,,
period1,sc01,t8490, 7 ,,
period1,sc01,t8491, 7 ,,
period1,sc01,t8492, 7 ,,
period1,sc01,t8493, 7 ,,
period1,sc01,t8494, 7 ,,
period1,sc01,t8495, 7 ,,
period1,sc01,t8496, 7 ,,
period1,sc01,t8497, 7 ,,
period1,sc01,t8498, 7 ,,
period1,sc01,t8499, 7 ,,
period1,sc01,t8500, 7 ,,
period1,sc01,t8501, 7 ,,
period1,sc01,t8502, 7 ,,
period1,sc01,t8503, 7 ,,
period1,sc01,t8504, 7 ,,
period1,sc01,t8505, 7 ,,
period1,sc01,t8506, 7 ,,
period1,sc01,t8507, 7 ,,
period1,sc01,t8508, 7 ,,
period1,sc01,t8509, 7 ,,
period1,sc01,t8510, 7 ,,
period1,sc01,t8511, 7 ,,
period1,sc01,t8512, 7 ,,
period1,sc01,t8513, 7 ,,
period1,sc01,t8514, 7 ,,
period1,sc01,t8515, 7 ,,
period1,sc01,t8516, 7 ,,
period1,sc01,t8517, 7 ,,
period1,sc01,t8518, 7 ,,
period1,sc01,t8519, 7 ,,
period1,sc01,t8520, 7 ,,
period1,sc01,t8521, 7 ,,
period1,sc01,t8522, 7 ,,
period1,sc01,t8523, 7 ,,
period1,sc01,t8524, 7 ,,
period1,sc01,t8525, 7 ,,
period1,sc01,t8526, 7 ,,
period1,sc01,t8527, 7 ,,
period1,sc01,t8528, 35 ,,
period1,sc01,t8529, 7 ,,
period1,sc01,t8530, 7 ,,
period1,sc01,t8531, 7 ,,
period1,sc01,t8532, 7 ,,
period1,sc01,t8533, 7 ,,
period1,sc01,t8534, 7 ,,
period1,sc01,t8535, 7 ,,
period1,sc01,t8536, 7 ,,
period1,sc01,t8537, 7 ,,
period1,sc01,t8538, 7 ,,
period1,sc01,t8539, 7 ,,
period1,sc01,t8540, 7 ,,
period1,sc01,t8541, 7 ,,
period1,sc01,t8542, 7 ,,
period1,sc01,t8543, 7 ,,
period1,sc01,t8544, 7 ,,
period1,sc01,t8545, 7 ,,
period1,sc01,t8546, 7 ,,
period1,sc01,t8547, 7 ,,
period1,sc01,t8548, 7 ,,
period1,sc01,t8549, 7 ,,
period1,sc01,t8550, 7 ,,
period1,sc01,t8551, 7 ,,
period1,sc01,t8552, 42 ,,
period1,sc01,t8553, 7 ,,
period1,sc01,t8554, 7 ,,
period1,sc01,t8555, 7 ,,
period1,sc01,t8556, 7 ,,
period1,sc01,t8557, 7 ,,
period1,sc01,t8558, 7 ,,
period1,sc01,t8559, 7 ,,
period1,sc01,t8560, 7 ,,
period1,sc01,t8561, 7 ,,
period1,sc01,t8562, 7 ,,
period1,sc01,t8563, 7 ,,
period1,sc01,t8564, 7 ,,
period1,sc01,t8565, 7 ,,
period1,sc01,t8566, 7 ,,
period1,sc01,t8567, 7 ,,
period1,sc01,t8568, 7 ,,
period1,sc01,t8569, 7 ,,
period1,sc01,t8570, 7 ,,
period1,sc01,t8571, 7 ,,
period1,sc01,t8572, 7 ,,
period1,sc01,t8573, 7 ,,
period1,sc01,t8574, 7 ,,
period1,sc01,t8575, 56 ,,
period1,sc01,t8576, 7 ,,
period1,sc01,t8577, 7 ,,
period1,sc01,t8578, 7 ,,
period1,sc01,t8579, 7 ,,
period1,sc01,t8580, 7 ,,
period1,sc01,t8581, 7 ,,
period1,sc01,t8582, 7 ,,
period1,sc01,t8583, 7 ,,
period1,sc01,t8584, 7 ,,
period1,sc01,t8585, 7 ,,
period1,sc01,t8586, 7 ,,
period1,sc01,t8587, 7 ,,
period1,sc01,t8588, 7 ,,
period1,sc01,t8589, 7 ,,
period1,sc01,t8590, 7 ,,
period1,sc01,t8591, 7 ,,
period1,sc01,t8592, 7 ,,
period1,sc01,t8593, 7 ,,
period1,sc01,t8594, 7 ,,
period1,sc01,t8595, 7 ,,
period1,sc01,t8596, 7 ,,
period1,sc01,t8597, 7 ,,
period1,sc01,t8598, 7 ,,
period1,sc01,t8599, 7 ,,
period1,sc01,t8600, 35 ,,
period1,sc01,t8601, 7 ,,
period1,sc01,t8602, 7 ,,
period1,sc01,t8603, 7 ,,
period1,sc01,t8604, 7 ,,
period1,sc01,t8605, 7 ,,
period1,sc01,t8606, 7 ,,
period1,sc01,t8607, 7 ,,
period1,sc01,t8608, 7 ,,
period1,sc01,t8609, 7 ,,
period1,sc01,t8610, 7 ,,
period1,sc01,t8611, 7 ,,
period1,sc01,t8612, 7 ,,
period1,sc01,t8613, 7 ,,
period1,sc01,t8614, 7 ,,
period1,sc01,t8615, 7 ,,
period1,sc01,t8616, 7 ,,
period1,sc01,t8617, 7 ,,
period1,sc01,t8618, 7 ,,
period1,sc01,t8619, 7 ,,
period1,sc01,t8620, 7 ,,
period1,sc01,t8621, 7 ,,
period1,sc01,t8622, 7 ,,
period1,sc01,t8623, 7 ,,
period1,sc01,t8624, 42 ,,
period1,sc01,t8625, 7 ,,
period1,sc01,t8626, 7 ,,
period1,sc01,t8627, 7 ,,
period1,sc01,t8628, 7 ,,
period1,sc01,t8629, 7 ,,
period1,sc01,t8630, 7 ,,
period1,sc01,t8631, 7 ,,
period1,sc01,t8632, 7 ,,
period1,sc01,t8633, 7 ,,
period1,sc01,t8634, 7 ,,
period1,sc01,t8635, 7 ,,
period1,sc01,t8636, 7 ,,
period1,sc01,t8637, 7 ,,
period1,sc01,t8638, 7 ,,
period1,sc01,t8639, 7 ,,
period1,sc01,t8640, 7 ,,
period1,sc01,t8641, 7 ,,
period1,sc01,t8642, 7 ,,
period1,sc01,t8643, 7 ,,
period1,sc01,t8644, 7 ,,
period1,sc01,t8645, 7 ,,
period1,sc01,t8646, 7 ,,
period1,sc01,t8647, 7 ,,
period1,sc01,t8648, 7 ,,
period1,sc01,t8649, 7 ,,
period1,sc01,t8650, 7 ,,
period1,sc01,t8651, 7 ,,
period1,sc01,t8652, 7 ,,
period1,sc01,t8653, 7 ,,
period1,sc01,t8654, 7 ,,
period1,sc01,t8655, 7 ,,
period1,sc01,t8656, 7 ,,
period1,sc01,t8657, 7 ,,
period1,sc01,t8658, 7 ,,
period1,sc01,t8659, 7 ,,
period1,sc01,t8660, 7 ,,
period1,sc01,t8661, 7 ,,
period1,sc01,t8662, 7 ,,
period1,sc01,t8663, 7 ,,
period1,sc01,t8664, 7 ,,
period1,sc01,t8665, 7 ,,
period1,sc01,t8666, 7 ,,
period1,sc01,t8667, 7 ,,
period1,sc01,t8668, 7 ,,
period1,sc01,t8669, 7 ,,
period1,sc01,t8670, 7 ,,
period1,sc01,t8671, 7 ,,
period1,sc01,t8672, 7 ,,
period1,sc01,t8673, 7 ,,
period1,sc01,t8674, 7 ,,
period1,sc01,t8675, 7 ,,
period1,sc01,t8676, 7 ,,
period1,sc01,t8677, 7 ,,
period1,sc01,t8678, 7 ,,
period1,sc01,t8679, 7 ,,
period1,sc01,t8680, 7 ,,
period1,sc01,t8681, 7 ,,
period1,sc01,t8682, 7 ,,
period1,sc01,t8683, 7 ,,
period1,sc01,t8684, 7 ,,
period1,sc01,t8685, 7 ,,
period1,sc01,t8686, 7 ,,
period1,sc01,t8687, 7 ,,
period1,sc01,t8688, 7 ,,
period1,sc01,t8689, 7 ,,
period1,sc01,t8690, 7 ,,
period1,sc01,t8691, 7 ,,
period1,sc01,t8692, 7 ,,
period1,sc01,t8693, 7 ,,
period1,sc01,t8694, 7 ,,
period1,sc01,t8695, 7 ,,
period1,sc01,t8696, 7 ,,
period1,sc01,t8697, 49 ,,
period1,sc01,t8698, 7 ,,
period1,sc01,t8699, 7 ,,
period1,sc01,t8700, 7 ,,
period1,sc01,t8701, 7 ,,
period1,sc01,t8702, 7 ,,
period1,sc01,t8703, 7 ,,
period1,sc01,t8704, 7 ,,
period1,sc01,t8705, 7 ,,
period1,sc01,t8706, 7 ,,
period1,sc01,t8707, 7 ,,
period1,sc01,t8708, 7 ,,
period1,sc01,t8709, 7 ,,
period1,sc01,t8710, 7 ,,
period1,sc01,t8711, 7 ,,
period1,sc01,t8712, 7 ,,
period1,sc01,t8713, 7 ,,
period1,sc01,t8714, 7 ,,
period1,sc01,t8715, 7 ,,
period1,sc01,t8716, 7 ,,
period1,sc01,t8717, 7 ,,
period1,sc01,t8718, 7 ,,
period1,sc01,t8719, 49 ,,
period1,sc01,t8720, 7 ,,
period1,sc01,t8721, 7 ,,
period1,sc01,t8722, 7 ,,
period1,sc01,t8723, 7 ,,
period1,sc01,t8724, 7 ,,
period1,sc01,t8725, 7 ,,
period1,sc01,t8726, 7 ,,
period1,sc01,t8727, 7 ,,
period1,sc01,t8728, 7 ,,
period1,sc01,t8729, 7 ,,
period1,sc01,t8730, 7 ,,
period1,sc01,t8731, 7 ,,
period1,sc01,t8732, 7 ,,
period1,sc01,t8733, 7 ,,
period1,sc01,t8734, 7 ,,
period1,sc01,t8735, 7 ,,
period1,sc01,t8736, 7 ,,
