,,,FCRD_Up,FCRD_Down,FCRN_Up,FCRN_Down
period1,sc01,t0001, 285 , 265 ,,
period1,sc01,t0002, 285.170370868554 , 265.170370868554 ,,
period1,sc01,t0003, 285.669872981077 , 265.669872981077 ,,
period1,sc01,t0004, 286.464466094067 , 266.464466094067 ,,
period1,sc01,t0005, 287.5 , 267.5 ,,
period1,sc01,t0006, 288.705904774487 , 268.705904774487 ,,
period1,sc01,t0007, 290 , 270 ,,
period1,sc01,t0008, 291.294095225512 , 271.294095225512 ,,
period1,sc01,t0009, 292.5 , 272.5 ,,
period1,sc01,t0010, 293.535533905932 , 273.535533905932 ,,
period1,sc01,t0011, 294.330127018922 , 274.330127018922 ,,
period1,sc01,t0012, 294.829629131445 , 274.829629131445 ,,
period1,sc01,t0013, 305 , 285 ,,
period1,sc01,t0014, 304.829629131445 , 284.829629131445 ,,
period1,sc01,t0015, 304.330127018922 , 284.330127018922 ,,
period1,sc01,t0016, 303.535533905932 , 283.535533905932 ,,
period1,sc01,t0017, 302.5 , 282.5 ,,
period1,sc01,t0018, 301.294095225512 , 281.294095225512 ,,
period1,sc01,t0019, 300 , 280 ,,
period1,sc01,t0020, 298.705904774487 , 278.705904774487 ,,
period1,sc01,t0021, 297.5 , 277.5 ,,
period1,sc01,t0022, 296.464466094067 , 276.464466094067 ,,
period1,sc01,t0023, 295.669872981077 , 275.669872981077 ,,
period1,sc01,t0024, 295.170370868554 , 275.170370868554 ,,
period1,sc01,t0025, 295 , 275 ,,
period1,sc01,t0026, 295.170370868554 , 275.170370868554 ,,
period1,sc01,t0027, 295.669872981077 , 275.669872981077 ,,
period1,sc01,t0028, 296.464466094067 , 276.464466094067 ,,
period1,sc01,t0029, 297.5 , 277.5 ,,
period1,sc01,t0030, 298.705904774487 , 278.705904774487 ,,
period1,sc01,t0031, 300 , 280 ,,
period1,sc01,t0032, 301.294095225512 , 281.294095225512 ,,
period1,sc01,t0033, 302.5 , 282.5 ,,
period1,sc01,t0034, 303.535533905932 , 283.535533905932 ,,
period1,sc01,t0035, 304.330127018922 , 284.330127018922 ,,
period1,sc01,t0036, 304.829629131445 , 284.829629131445 ,,
period1,sc01,t0037, 305 , 285 ,,
period1,sc01,t0038, 304.829629131445 , 284.829629131445 ,,
period1,sc01,t0039, 304.330127018922 , 284.330127018922 ,,
period1,sc01,t0040, 303.535533905932 , 283.535533905932 ,,
period1,sc01,t0041, 302.5 , 282.5 ,,
period1,sc01,t0042, 301.294095225512 , 281.294095225512 ,,
period1,sc01,t0043, 300 , 280 ,,
period1,sc01,t0044, 298.705904774487 , 278.705904774487 ,,
period1,sc01,t0045, 297.5 , 277.5 ,,
period1,sc01,t0046, 296.464466094067 , 276.464466094067 ,,
period1,sc01,t0047, 295.669872981077 , 275.669872981077 ,,
period1,sc01,t0048, 295.170370868554 , 275.170370868554 ,,
period1,sc01,t0049, 295 , 275 ,,
period1,sc01,t0050, 295.170370868554 , 275.170370868554 ,,
period1,sc01,t0051, 295.669872981077 , 275.669872981077 ,,
period1,sc01,t0052, 296.464466094067 , 276.464466094067 ,,
period1,sc01,t0053, 297.5 , 277.5 ,,
period1,sc01,t0054, 298.705904774487 , 278.705904774487 ,,
period1,sc01,t0055, 300 , 280 ,,
period1,sc01,t0056, 301.294095225512 , 281.294095225512 ,,
period1,sc01,t0057, 302.5 , 282.5 ,,
period1,sc01,t0058, 303.535533905932 , 283.535533905932 ,,
period1,sc01,t0059, 304.330127018922 , 284.330127018922 ,,
period1,sc01,t0060, 304.829629131445 , 284.829629131445 ,,
period1,sc01,t0061, 305 , 285 ,,
period1,sc01,t0062, 304.829629131445 , 284.829629131445 ,,
period1,sc01,t0063, 304.330127018922 , 284.330127018922 ,,
period1,sc01,t0064, 303.535533905932 , 283.535533905932 ,,
period1,sc01,t0065, 302.5 , 282.5 ,,
period1,sc01,t0066, 301.294095225512 , 281.294095225512 ,,
period1,sc01,t0067, 300 , 280 ,,
period1,sc01,t0068, 298.705904774487 , 278.705904774487 ,,
period1,sc01,t0069, 297.5 , 277.5 ,,
period1,sc01,t0070, 296.464466094067 , 276.464466094067 ,,
period1,sc01,t0071, 295.669872981077 , 275.669872981077 ,,
period1,sc01,t0072, 295.170370868554 , 275.170370868554 ,,
period1,sc01,t0073, 295 , 275 ,,
period1,sc01,t0074, 295.170370868554 , 275.170370868554 ,,
period1,sc01,t0075, 295.669872981077 , 275.669872981077 ,,
period1,sc01,t0076, 296.464466094067 , 276.464466094067 ,,
period1,sc01,t0077, 297.5 , 277.5 ,,
period1,sc01,t0078, 298.705904774487 , 278.705904774487 ,,
period1,sc01,t0079, 300 , 280 ,,
period1,sc01,t0080, 301.294095225512 , 281.294095225512 ,,
period1,sc01,t0081, 302.5 , 282.5 ,,
period1,sc01,t0082, 303.535533905932 , 283.535533905932 ,,
period1,sc01,t0083, 304.330127018922 , 284.330127018922 ,,
period1,sc01,t0084, 304.829629131445 , 284.829629131445 ,,
period1,sc01,t0085, 305 , 285 ,,
period1,sc01,t0086, 304.829629131445 , 284.829629131445 ,,
period1,sc01,t0087, 304.330127018922 , 284.330127018922 ,,
period1,sc01,t0088, 303.535533905932 , 283.535533905932 ,,
period1,sc01,t0089, 302.5 , 282.5 ,,
period1,sc01,t0090, 301.294095225512 , 281.294095225512 ,,
period1,sc01,t0091, 300 , 280 ,,
period1,sc01,t0092, 298.705904774487 , 278.705904774487 ,,
period1,sc01,t0093, 297.5 , 277.5 ,,
period1,sc01,t0094, 296.464466094067 , 276.464466094067 ,,
period1,sc01,t0095, 295.669872981077 , 275.669872981077 ,,
period1,sc01,t0096, 295.170370868554 , 275.170370868554 ,,
period1,sc01,t0097, 295 , 275 ,,
period1,sc01,t0098, 295.170370868554 , 275.170370868554 ,,
period1,sc01,t0099, 295.669872981077 , 275.669872981077 ,,
period1,sc01,t0100, 296.464466094067 , 276.464466094067 ,,
period1,sc01,t0101, 297.5 , 277.5 ,,
period1,sc01,t0102, 298.705904774487 , 278.705904774487 ,,
period1,sc01,t0103, 300 , 280 ,,
period1,sc01,t0104, 301.294095225512 , 281.294095225512 ,,
period1,sc01,t0105, 302.5 , 282.5 ,,
period1,sc01,t0106, 303.535533905932 , 283.535533905932 ,,
period1,sc01,t0107, 304.330127018922 , 284.330127018922 ,,
period1,sc01,t0108, 304.829629131445 , 284.829629131445 ,,
period1,sc01,t0109, 305 , 285 ,,
period1,sc01,t0110, 304.829629131445 , 284.829629131445 ,,
period1,sc01,t0111, 304.330127018922 , 284.330127018922 ,,
period1,sc01,t0112, 303.535533905932 , 283.535533905932 ,,
period1,sc01,t0113, 302.5 , 282.5 ,,
period1,sc01,t0114, 301.294095225512 , 281.294095225512 ,,
period1,sc01,t0115, 300 , 280 ,,
period1,sc01,t0116, 298.705904774487 , 278.705904774487 ,,
period1,sc01,t0117, 297.5 , 277.5 ,,
period1,sc01,t0118, 296.464466094067 , 276.464466094067 ,,
period1,sc01,t0119, 295.669872981077 , 275.669872981077 ,,
period1,sc01,t0120, 295.170370868554 , 275.170370868554 ,,
period1,sc01,t0121, 295 , 275 ,,
period1,sc01,t0122, 295.170370868554 , 275.170370868554 ,,
period1,sc01,t0123, 295.669872981077 , 275.669872981077 ,,
period1,sc01,t0124, 296.464466094067 , 276.464466094067 ,,
period1,sc01,t0125, 297.5 , 277.5 ,,
period1,sc01,t0126, 298.705904774487 , 278.705904774487 ,,
period1,sc01,t0127, 300 , 280 ,,
period1,sc01,t0128, 301.294095225512 , 281.294095225512 ,,
period1,sc01,t0129, 302.5 , 282.5 ,,
period1,sc01,t0130, 303.535533905932 , 283.535533905932 ,,
period1,sc01,t0131, 304.330127018922 , 284.330127018922 ,,
period1,sc01,t0132, 304.829629131445 , 284.829629131445 ,,
period1,sc01,t0133, 295 , 275 ,,
period1,sc01,t0134, 294.829629131445 , 274.829629131445 ,,
period1,sc01,t0135, 294.330127018922 , 274.330127018922 ,,
period1,sc01,t0136, 293.535533905932 , 273.535533905932 ,,
period1,sc01,t0137, 292.5 , 272.5 ,,
period1,sc01,t0138, 291.294095225512 , 271.294095225512 ,,
period1,sc01,t0139, 290 , 270 ,,
period1,sc01,t0140, 288.705904774487 , 268.705904774487 ,,
period1,sc01,t0141, 287.5 , 267.5 ,,
period1,sc01,t0142, 286.464466094067 , 266.464466094067 ,,
period1,sc01,t0143, 285.669872981077 , 265.669872981077 ,,
period1,sc01,t0144, 285.170370868554 , 265.170370868554 ,,
period1,sc01,t0145, 285 , 265 ,,
period1,sc01,t0146, 285.170370868554 , 265.170370868554 ,,
period1,sc01,t0147, 285.669872981077 , 265.669872981077 ,,
period1,sc01,t0148, 286.464466094067 , 266.464466094067 ,,
period1,sc01,t0149, 287.5 , 267.5 ,,
period1,sc01,t0150, 288.705904774487 , 268.705904774487 ,,
period1,sc01,t0151, 290 , 270 ,,
period1,sc01,t0152, 291.294095225512 , 271.294095225512 ,,
period1,sc01,t0153, 292.5 , 272.5 ,,
period1,sc01,t0154, 293.535533905932 , 273.535533905932 ,,
period1,sc01,t0155, 294.330127018922 , 274.330127018922 ,,
period1,sc01,t0156, 294.829629131445 , 274.829629131445 ,,
period1,sc01,t0157, 295 , 275 ,,
period1,sc01,t0158, 294.829629131445 , 274.829629131445 ,,
period1,sc01,t0159, 294.330127018922 , 274.330127018922 ,,
period1,sc01,t0160, 293.535533905932 , 273.535533905932 ,,
period1,sc01,t0161, 292.5 , 272.5 ,,
period1,sc01,t0162, 291.294095225512 , 271.294095225512 ,,
period1,sc01,t0163, 290 , 270 ,,
period1,sc01,t0164, 288.705904774487 , 268.705904774487 ,,
period1,sc01,t0165, 287.5 , 267.5 ,,
period1,sc01,t0166, 286.464466094067 , 266.464466094067 ,,
period1,sc01,t0167, 285.669872981077 , 265.669872981077 ,,
period1,sc01,t0168, 285.170370868554 , 265.170370868554 ,,
period1,sc01,t0169, 285 , 265 ,,
period1,sc01,t0170, 285.170370868554 , 265.170370868554 ,,
period1,sc01,t0171, 285.669872981077 , 265.669872981077 ,,
period1,sc01,t0172, 286.464466094067 , 266.464466094067 ,,
period1,sc01,t0173, 287.5 , 267.5 ,,
period1,sc01,t0174, 288.705904774487 , 268.705904774487 ,,
period1,sc01,t0175, 290 , 270 ,,
period1,sc01,t0176, 291.294095225512 , 271.294095225512 ,,
period1,sc01,t0177, 292.5 , 272.5 ,,
period1,sc01,t0178, 293.535533905932 , 273.535533905932 ,,
period1,sc01,t0179, 294.330127018922 , 274.330127018922 ,,
period1,sc01,t0180, 294.829629131445 , 274.829629131445 ,,
period1,sc01,t0181, 305 , 285 ,,
period1,sc01,t0182, 304.829629131445 , 284.829629131445 ,,
period1,sc01,t0183, 304.330127018922 , 284.330127018922 ,,
period1,sc01,t0184, 303.535533905932 , 283.535533905932 ,,
period1,sc01,t0185, 302.5 , 282.5 ,,
period1,sc01,t0186, 301.294095225512 , 281.294095225512 ,,
period1,sc01,t0187, 300 , 280 ,,
period1,sc01,t0188, 298.705904774487 , 278.705904774487 ,,
period1,sc01,t0189, 297.5 , 277.5 ,,
period1,sc01,t0190, 296.464466094067 , 276.464466094067 ,,
period1,sc01,t0191, 295.669872981077 , 275.669872981077 ,,
period1,sc01,t0192, 295.170370868554 , 275.170370868554 ,,
period1,sc01,t0193, 295 , 275 ,,
period1,sc01,t0194, 295.170370868554 , 275.170370868554 ,,
period1,sc01,t0195, 295.669872981077 , 275.669872981077 ,,
period1,sc01,t0196, 296.464466094067 , 276.464466094067 ,,
period1,sc01,t0197, 297.5 , 277.5 ,,
period1,sc01,t0198, 298.705904774487 , 278.705904774487 ,,
period1,sc01,t0199, 300 , 280 ,,
period1,sc01,t0200, 301.294095225512 , 281.294095225512 ,,
period1,sc01,t0201, 302.5 , 282.5 ,,
period1,sc01,t0202, 303.535533905932 , 283.535533905932 ,,
period1,sc01,t0203, 304.330127018922 , 284.330127018922 ,,
period1,sc01,t0204, 304.829629131445 , 284.829629131445 ,,
period1,sc01,t0205, 305 , 285 ,,
period1,sc01,t0206, 304.829629131445 , 284.829629131445 ,,
period1,sc01,t0207, 304.330127018922 , 284.330127018922 ,,
period1,sc01,t0208, 303.535533905932 , 283.535533905932 ,,
period1,sc01,t0209, 302.5 , 282.5 ,,
period1,sc01,t0210, 301.294095225512 , 281.294095225512 ,,
period1,sc01,t0211, 300 , 280 ,,
period1,sc01,t0212, 298.705904774487 , 278.705904774487 ,,
period1,sc01,t0213, 297.5 , 277.5 ,,
period1,sc01,t0214, 296.464466094067 , 276.464466094067 ,,
period1,sc01,t0215, 295.669872981077 , 275.669872981077 ,,
period1,sc01,t0216, 295.170370868554 , 275.170370868554 ,,
period1,sc01,t0217, 295 , 275 ,,
period1,sc01,t0218, 295.170370868554 , 275.170370868554 ,,
period1,sc01,t0219, 295.669872981077 , 275.669872981077 ,,
period1,sc01,t0220, 296.464466094067 , 276.464466094067 ,,
period1,sc01,t0221, 297.5 , 277.5 ,,
period1,sc01,t0222, 298.705904774487 , 278.705904774487 ,,
period1,sc01,t0223, 300 , 280 ,,
period1,sc01,t0224, 301.294095225512 , 281.294095225512 ,,
period1,sc01,t0225, 302.5 , 282.5 ,,
period1,sc01,t0226, 303.535533905932 , 283.535533905932 ,,
period1,sc01,t0227, 304.330127018922 , 284.330127018922 ,,
period1,sc01,t0228, 304.829629131445 , 284.829629131445 ,,
period1,sc01,t0229, 305 , 285 ,,
period1,sc01,t0230, 304.829629131445 , 284.829629131445 ,,
period1,sc01,t0231, 304.330127018922 , 284.330127018922 ,,
period1,sc01,t0232, 303.535533905932 , 283.535533905932 ,,
period1,sc01,t0233, 302.5 , 282.5 ,,
period1,sc01,t0234, 301.294095225512 , 281.294095225512 ,,
period1,sc01,t0235, 300 , 280 ,,
period1,sc01,t0236, 298.705904774487 , 278.705904774487 ,,
period1,sc01,t0237, 297.5 , 277.5 ,,
period1,sc01,t0238, 296.464466094067 , 276.464466094067 ,,
period1,sc01,t0239, 295.669872981077 , 275.669872981077 ,,
period1,sc01,t0240, 295.170370868554 , 275.170370868554 ,,
period1,sc01,t0241, 295 , 275 ,,
period1,sc01,t0242, 295.170370868554 , 275.170370868554 ,,
period1,sc01,t0243, 295.669872981077 , 275.669872981077 ,,
period1,sc01,t0244, 296.464466094067 , 276.464466094067 ,,
period1,sc01,t0245, 297.5 , 277.5 ,,
period1,sc01,t0246, 298.705904774487 , 278.705904774487 ,,
period1,sc01,t0247, 300 , 280 ,,
period1,sc01,t0248, 301.294095225512 , 281.294095225512 ,,
period1,sc01,t0249, 302.5 , 282.5 ,,
period1,sc01,t0250, 303.535533905932 , 283.535533905932 ,,
period1,sc01,t0251, 304.330127018922 , 284.330127018922 ,,
period1,sc01,t0252, 304.829629131445 , 284.829629131445 ,,
period1,sc01,t0253, 305 , 285 ,,
period1,sc01,t0254, 304.829629131445 , 284.829629131445 ,,
period1,sc01,t0255, 304.330127018922 , 284.330127018922 ,,
period1,sc01,t0256, 303.535533905932 , 283.535533905932 ,,
period1,sc01,t0257, 302.5 , 282.5 ,,
period1,sc01,t0258, 301.294095225512 , 281.294095225512 ,,
period1,sc01,t0259, 300 , 280 ,,
period1,sc01,t0260, 298.705904774487 , 278.705904774487 ,,
period1,sc01,t0261, 297.5 , 277.5 ,,
period1,sc01,t0262, 296.464466094067 , 276.464466094067 ,,
period1,sc01,t0263, 295.669872981077 , 275.669872981077 ,,
period1,sc01,t0264, 295.170370868554 , 275.170370868554 ,,
period1,sc01,t0265, 295 , 275 ,,
period1,sc01,t0266, 295.170370868554 , 275.170370868554 ,,
period1,sc01,t0267, 295.669872981077 , 275.669872981077 ,,
period1,sc01,t0268, 296.464466094067 , 276.464466094067 ,,
period1,sc01,t0269, 297.5 , 277.5 ,,
period1,sc01,t0270, 298.705904774487 , 278.705904774487 ,,
period1,sc01,t0271, 300 , 280 ,,
period1,sc01,t0272, 301.294095225512 , 281.294095225512 ,,
period1,sc01,t0273, 302.5 , 282.5 ,,
period1,sc01,t0274, 303.535533905932 , 283.535533905932 ,,
period1,sc01,t0275, 304.330127018922 , 284.330127018922 ,,
period1,sc01,t0276, 304.829629131445 , 284.829629131445 ,,
period1,sc01,t0277, 305 , 285 ,,
period1,sc01,t0278, 304.829629131445 , 284.829629131445 ,,
period1,sc01,t0279, 304.330127018922 , 284.330127018922 ,,
period1,sc01,t0280, 303.535533905932 , 283.535533905932 ,,
period1,sc01,t0281, 302.5 , 282.5 ,,
period1,sc01,t0282, 301.294095225512 , 281.294095225512 ,,
period1,sc01,t0283, 300 , 280 ,,
period1,sc01,t0284, 298.705904774487 , 278.705904774487 ,,
period1,sc01,t0285, 297.5 , 277.5 ,,
period1,sc01,t0286, 296.464466094067 , 276.464466094067 ,,
period1,sc01,t0287, 295.669872981077 , 275.669872981077 ,,
period1,sc01,t0288, 295.170370868554 , 275.170370868554 ,,
period1,sc01,t0289, 295 , 275 ,,
period1,sc01,t0290, 295.170370868554 , 275.170370868554 ,,
period1,sc01,t0291, 295.669872981077 , 275.669872981077 ,,
period1,sc01,t0292, 296.464466094067 , 276.464466094067 ,,
period1,sc01,t0293, 297.5 , 277.5 ,,
period1,sc01,t0294, 298.705904774487 , 278.705904774487 ,,
period1,sc01,t0295, 300 , 280 ,,
period1,sc01,t0296, 301.294095225512 , 281.294095225512 ,,
period1,sc01,t0297, 302.5 , 282.5 ,,
period1,sc01,t0298, 303.535533905932 , 283.535533905932 ,,
period1,sc01,t0299, 304.330127018922 , 284.330127018922 ,,
period1,sc01,t0300, 304.829629131445 , 284.829629131445 ,,
period1,sc01,t0301, 295 , 275 ,,
period1,sc01,t0302, 294.829629131445 , 274.829629131445 ,,
period1,sc01,t0303, 294.330127018922 , 274.330127018922 ,,
period1,sc01,t0304, 293.535533905932 , 273.535533905932 ,,
period1,sc01,t0305, 292.5 , 272.5 ,,
period1,sc01,t0306, 291.294095225512 , 271.294095225512 ,,
period1,sc01,t0307, 290 , 270 ,,
period1,sc01,t0308, 288.705904774487 , 268.705904774487 ,,
period1,sc01,t0309, 287.5 , 267.5 ,,
period1,sc01,t0310, 286.464466094067 , 266.464466094067 ,,
period1,sc01,t0311, 285.669872981077 , 265.669872981077 ,,
period1,sc01,t0312, 285.170370868554 , 265.170370868554 ,,
period1,sc01,t0313, 285 , 265 ,,
period1,sc01,t0314, 285.170370868554 , 265.170370868554 ,,
period1,sc01,t0315, 285.669872981077 , 265.669872981077 ,,
period1,sc01,t0316, 286.464466094067 , 266.464466094067 ,,
period1,sc01,t0317, 287.5 , 267.5 ,,
period1,sc01,t0318, 288.705904774487 , 268.705904774487 ,,
period1,sc01,t0319, 290 , 270 ,,
period1,sc01,t0320, 291.294095225512 , 271.294095225512 ,,
period1,sc01,t0321, 292.5 , 272.5 ,,
period1,sc01,t0322, 293.535533905932 , 273.535533905932 ,,
period1,sc01,t0323, 294.330127018922 , 274.330127018922 ,,
period1,sc01,t0324, 294.829629131445 , 274.829629131445 ,,
period1,sc01,t0325, 295 , 275 ,,
period1,sc01,t0326, 294.829629131445 , 274.829629131445 ,,
period1,sc01,t0327, 294.330127018922 , 274.330127018922 ,,
period1,sc01,t0328, 293.535533905932 , 273.535533905932 ,,
period1,sc01,t0329, 292.5 , 272.5 ,,
period1,sc01,t0330, 291.294095225512 , 271.294095225512 ,,
period1,sc01,t0331, 290 , 270 ,,
period1,sc01,t0332, 288.705904774487 , 268.705904774487 ,,
period1,sc01,t0333, 287.5 , 267.5 ,,
period1,sc01,t0334, 286.464466094067 , 266.464466094067 ,,
period1,sc01,t0335, 285.669872981077 , 265.669872981077 ,,
period1,sc01,t0336, 285.170370868554 , 265.170370868554 ,,
period1,sc01,t0337, 285 , 265 ,,
period1,sc01,t0338, 285.170370868554 , 265.170370868554 ,,
period1,sc01,t0339, 285.669872981077 , 265.669872981077 ,,
period1,sc01,t0340, 286.464466094067 , 266.464466094067 ,,
period1,sc01,t0341, 287.5 , 267.5 ,,
period1,sc01,t0342, 288.705904774487 , 268.705904774487 ,,
period1,sc01,t0343, 290 , 270 ,,
period1,sc01,t0344, 291.294095225512 , 271.294095225512 ,,
period1,sc01,t0345, 292.5 , 272.5 ,,
period1,sc01,t0346, 293.535533905932 , 273.535533905932 ,,
period1,sc01,t0347, 294.330127018922 , 274.330127018922 ,,
period1,sc01,t0348, 294.829629131445 , 274.829629131445 ,,
period1,sc01,t0349, 305 , 285 ,,
period1,sc01,t0350, 304.829629131445 , 284.829629131445 ,,
period1,sc01,t0351, 304.330127018922 , 284.330127018922 ,,
period1,sc01,t0352, 303.535533905932 , 283.535533905932 ,,
period1,sc01,t0353, 302.5 , 282.5 ,,
period1,sc01,t0354, 301.294095225512 , 281.294095225512 ,,
period1,sc01,t0355, 300 , 280 ,,
period1,sc01,t0356, 298.705904774487 , 278.705904774487 ,,
period1,sc01,t0357, 297.5 , 277.5 ,,
period1,sc01,t0358, 296.464466094067 , 276.464466094067 ,,
period1,sc01,t0359, 295.669872981077 , 275.669872981077 ,,
period1,sc01,t0360, 295.170370868554 , 275.170370868554 ,,
period1,sc01,t0361, 295 , 275 ,,
period1,sc01,t0362, 295.170370868554 , 275.170370868554 ,,
period1,sc01,t0363, 295.669872981077 , 275.669872981077 ,,
period1,sc01,t0364, 296.464466094067 , 276.464466094067 ,,
period1,sc01,t0365, 297.5 , 277.5 ,,
period1,sc01,t0366, 298.705904774487 , 278.705904774487 ,,
period1,sc01,t0367, 300 , 280 ,,
period1,sc01,t0368, 301.294095225512 , 281.294095225512 ,,
period1,sc01,t0369, 302.5 , 282.5 ,,
period1,sc01,t0370, 303.535533905932 , 283.535533905932 ,,
period1,sc01,t0371, 304.330127018922 , 284.330127018922 ,,
period1,sc01,t0372, 304.829629131445 , 284.829629131445 ,,
period1,sc01,t0373, 305 , 285 ,,
period1,sc01,t0374, 304.829629131445 , 284.829629131445 ,,
period1,sc01,t0375, 304.330127018922 , 284.330127018922 ,,
period1,sc01,t0376, 303.535533905932 , 283.535533905932 ,,
period1,sc01,t0377, 302.5 , 282.5 ,,
period1,sc01,t0378, 301.294095225512 , 281.294095225512 ,,
period1,sc01,t0379, 300 , 280 ,,
period1,sc01,t0380, 298.705904774487 , 278.705904774487 ,,
period1,sc01,t0381, 297.5 , 277.5 ,,
period1,sc01,t0382, 296.464466094067 , 276.464466094067 ,,
period1,sc01,t0383, 295.669872981077 , 275.669872981077 ,,
period1,sc01,t0384, 295.170370868554 , 275.170370868554 ,,
period1,sc01,t0385, 295 , 275 ,,
period1,sc01,t0386, 295.170370868554 , 275.170370868554 ,,
period1,sc01,t0387, 295.669872981077 , 275.669872981077 ,,
period1,sc01,t0388, 296.464466094067 , 276.464466094067 ,,
period1,sc01,t0389, 297.5 , 277.5 ,,
period1,sc01,t0390, 298.705904774487 , 278.705904774487 ,,
period1,sc01,t0391, 300 , 280 ,,
period1,sc01,t0392, 301.294095225512 , 281.294095225512 ,,
period1,sc01,t0393, 302.5 , 282.5 ,,
period1,sc01,t0394, 303.535533905932 , 283.535533905932 ,,
period1,sc01,t0395, 304.330127018922 , 284.330127018922 ,,
period1,sc01,t0396, 304.829629131445 , 284.829629131445 ,,
period1,sc01,t0397, 305 , 285 ,,
period1,sc01,t0398, 304.829629131445 , 284.829629131445 ,,
period1,sc01,t0399, 304.330127018922 , 284.330127018922 ,,
period1,sc01,t0400, 303.535533905932 , 283.535533905932 ,,
period1,sc01,t0401, 302.5 , 282.5 ,,
period1,sc01,t0402, 301.294095225512 , 281.294095225512 ,,
period1,sc01,t0403, 300 , 280 ,,
period1,sc01,t0404, 298.705904774487 , 278.705904774487 ,,
period1,sc01,t0405, 297.5 , 277.5 ,,
period1,sc01,t0406, 296.464466094067 , 276.464466094067 ,,
period1,sc01,t0407, 295.669872981077 , 275.669872981077 ,,
period1,sc01,t0408, 295.170370868554 , 275.170370868554 ,,
period1,sc01,t0409, 295 , 275 ,,
period1,sc01,t0410, 295.170370868554 , 275.170370868554 ,,
period1,sc01,t0411, 295.669872981077 , 275.669872981077 ,,
period1,sc01,t0412, 296.464466094067 , 276.464466094067 ,,
period1,sc01,t0413, 297.5 , 277.5 ,,
period1,sc01,t0414, 298.705904774487 , 278.705904774487 ,,
period1,sc01,t0415, 300 , 280 ,,
period1,sc01,t0416, 301.294095225512 , 281.294095225512 ,,
period1,sc01,t0417, 302.5 , 282.5 ,,
period1,sc01,t0418, 303.535533905932 , 283.535533905932 ,,
period1,sc01,t0419, 304.330127018922 , 284.330127018922 ,,
period1,sc01,t0420, 304.829629131445 , 284.829629131445 ,,
period1,sc01,t0421, 305 , 285 ,,
period1,sc01,t0422, 304.829629131445 , 284.829629131445 ,,
period1,sc01,t0423, 304.330127018922 , 284.330127018922 ,,
period1,sc01,t0424, 303.535533905932 , 283.535533905932 ,,
period1,sc01,t0425, 302.5 , 282.5 ,,
period1,sc01,t0426, 301.294095225512 , 281.294095225512 ,,
period1,sc01,t0427, 300 , 280 ,,
period1,sc01,t0428, 298.705904774487 , 278.705904774487 ,,
period1,sc01,t0429, 297.5 , 277.5 ,,
period1,sc01,t0430, 296.464466094067 , 276.464466094067 ,,
period1,sc01,t0431, 295.669872981077 , 275.669872981077 ,,
period1,sc01,t0432, 295.170370868554 , 275.170370868554 ,,
period1,sc01,t0433, 295 , 275 ,,
period1,sc01,t0434, 295.170370868554 , 275.170370868554 ,,
period1,sc01,t0435, 295.669872981077 , 275.669872981077 ,,
period1,sc01,t0436, 296.464466094067 , 276.464466094067 ,,
period1,sc01,t0437, 297.5 , 277.5 ,,
period1,sc01,t0438, 298.705904774487 , 278.705904774487 ,,
period1,sc01,t0439, 300 , 280 ,,
period1,sc01,t0440, 301.294095225512 , 281.294095225512 ,,
period1,sc01,t0441, 302.5 , 282.5 ,,
period1,sc01,t0442, 303.535533905932 , 283.535533905932 ,,
period1,sc01,t0443, 304.330127018922 , 284.330127018922 ,,
period1,sc01,t0444, 304.829629131445 , 284.829629131445 ,,
period1,sc01,t0445, 305 , 285 ,,
period1,sc01,t0446, 304.829629131445 , 284.829629131445 ,,
period1,sc01,t0447, 304.330127018922 , 284.330127018922 ,,
period1,sc01,t0448, 303.535533905932 , 283.535533905932 ,,
period1,sc01,t0449, 302.5 , 282.5 ,,
period1,sc01,t0450, 301.294095225512 , 281.294095225512 ,,
period1,sc01,t0451, 300 , 280 ,,
period1,sc01,t0452, 298.705904774487 , 278.705904774487 ,,
period1,sc01,t0453, 297.5 , 277.5 ,,
period1,sc01,t0454, 296.464466094067 , 276.464466094067 ,,
period1,sc01,t0455, 295.669872981077 , 275.669872981077 ,,
period1,sc01,t0456, 295.170370868554 , 275.170370868554 ,,
period1,sc01,t0457, 295 , 275 ,,
period1,sc01,t0458, 295.170370868554 , 275.170370868554 ,,
period1,sc01,t0459, 295.669872981077 , 275.669872981077 ,,
period1,sc01,t0460, 296.464466094067 , 276.464466094067 ,,
period1,sc01,t0461, 297.5 , 277.5 ,,
period1,sc01,t0462, 298.705904774487 , 278.705904774487 ,,
period1,sc01,t0463, 300 , 280 ,,
period1,sc01,t0464, 301.294095225512 , 281.294095225512 ,,
period1,sc01,t0465, 302.5 , 282.5 ,,
period1,sc01,t0466, 303.535533905932 , 283.535533905932 ,,
period1,sc01,t0467, 304.330127018922 , 284.330127018922 ,,
period1,sc01,t0468, 304.829629131445 , 284.829629131445 ,,
period1,sc01,t0469, 295 , 275 ,,
period1,sc01,t0470, 294.829629131445 , 274.829629131445 ,,
period1,sc01,t0471, 294.330127018922 , 274.330127018922 ,,
period1,sc01,t0472, 293.535533905932 , 273.535533905932 ,,
period1,sc01,t0473, 292.5 , 272.5 ,,
period1,sc01,t0474, 291.294095225512 , 271.294095225512 ,,
period1,sc01,t0475, 290 , 270 ,,
period1,sc01,t0476, 288.705904774487 , 268.705904774487 ,,
period1,sc01,t0477, 287.5 , 267.5 ,,
period1,sc01,t0478, 286.464466094067 , 266.464466094067 ,,
period1,sc01,t0479, 285.669872981077 , 265.669872981077 ,,
period1,sc01,t0480, 285.170370868554 , 265.170370868554 ,,
period1,sc01,t0481, 285 , 265 ,,
period1,sc01,t0482, 285.170370868554 , 265.170370868554 ,,
period1,sc01,t0483, 285.669872981077 , 265.669872981077 ,,
period1,sc01,t0484, 286.464466094067 , 266.464466094067 ,,
period1,sc01,t0485, 287.5 , 267.5 ,,
period1,sc01,t0486, 288.705904774487 , 268.705904774487 ,,
period1,sc01,t0487, 290 , 270 ,,
period1,sc01,t0488, 291.294095225512 , 271.294095225512 ,,
period1,sc01,t0489, 292.5 , 272.5 ,,
period1,sc01,t0490, 293.535533905932 , 273.535533905932 ,,
period1,sc01,t0491, 294.330127018922 , 274.330127018922 ,,
period1,sc01,t0492, 294.829629131445 , 274.829629131445 ,,
period1,sc01,t0493, 295 , 275 ,,
period1,sc01,t0494, 294.829629131445 , 274.829629131445 ,,
period1,sc01,t0495, 294.330127018922 , 274.330127018922 ,,
period1,sc01,t0496, 293.535533905932 , 273.535533905932 ,,
period1,sc01,t0497, 292.5 , 272.5 ,,
period1,sc01,t0498, 291.294095225512 , 271.294095225512 ,,
period1,sc01,t0499, 290 , 270 ,,
period1,sc01,t0500, 288.705904774487 , 268.705904774487 ,,
period1,sc01,t0501, 287.5 , 267.5 ,,
period1,sc01,t0502, 286.464466094067 , 266.464466094067 ,,
period1,sc01,t0503, 285.669872981077 , 265.669872981077 ,,
period1,sc01,t0504, 285.170370868554 , 265.170370868554 ,,
period1,sc01,t0505, 285 , 265 ,,
period1,sc01,t0506, 285.170370868554 , 265.170370868554 ,,
period1,sc01,t0507, 285.669872981077 , 265.669872981077 ,,
period1,sc01,t0508, 286.464466094067 , 266.464466094067 ,,
period1,sc01,t0509, 287.5 , 267.5 ,,
period1,sc01,t0510, 288.705904774487 , 268.705904774487 ,,
period1,sc01,t0511, 290 , 270 ,,
period1,sc01,t0512, 291.294095225512 , 271.294095225512 ,,
period1,sc01,t0513, 292.5 , 272.5 ,,
period1,sc01,t0514, 293.535533905932 , 273.535533905932 ,,
period1,sc01,t0515, 294.330127018922 , 274.330127018922 ,,
period1,sc01,t0516, 294.829629131445 , 274.829629131445 ,,
period1,sc01,t0517, 305 , 285 ,,
period1,sc01,t0518, 304.829629131445 , 284.829629131445 ,,
period1,sc01,t0519, 304.330127018922 , 284.330127018922 ,,
period1,sc01,t0520, 303.535533905932 , 283.535533905932 ,,
period1,sc01,t0521, 302.5 , 282.5 ,,
period1,sc01,t0522, 301.294095225512 , 281.294095225512 ,,
period1,sc01,t0523, 300 , 280 ,,
period1,sc01,t0524, 298.705904774487 , 278.705904774487 ,,
period1,sc01,t0525, 297.5 , 277.5 ,,
period1,sc01,t0526, 296.464466094067 , 276.464466094067 ,,
period1,sc01,t0527, 295.669872981077 , 275.669872981077 ,,
period1,sc01,t0528, 295.170370868554 , 275.170370868554 ,,
period1,sc01,t0529, 295 , 275 ,,
period1,sc01,t0530, 295.170370868554 , 275.170370868554 ,,
period1,sc01,t0531, 295.669872981077 , 275.669872981077 ,,
period1,sc01,t0532, 296.464466094067 , 276.464466094067 ,,
period1,sc01,t0533, 297.5 , 277.5 ,,
period1,sc01,t0534, 298.705904774487 , 278.705904774487 ,,
period1,sc01,t0535, 300 , 280 ,,
period1,sc01,t0536, 301.294095225512 , 281.294095225512 ,,
period1,sc01,t0537, 302.5 , 282.5 ,,
period1,sc01,t0538, 303.535533905932 , 283.535533905932 ,,
period1,sc01,t0539, 304.330127018922 , 284.330127018922 ,,
period1,sc01,t0540, 304.829629131445 , 284.829629131445 ,,
period1,sc01,t0541, 305 , 285 ,,
period1,sc01,t0542, 304.829629131445 , 284.829629131445 ,,
period1,sc01,t0543, 304.330127018922 , 284.330127018922 ,,
period1,sc01,t0544, 303.535533905932 , 283.535533905932 ,,
period1,sc01,t0545, 302.5 , 282.5 ,,
period1,sc01,t0546, 301.294095225512 , 281.294095225512 ,,
period1,sc01,t0547, 300 , 280 ,,
period1,sc01,t0548, 298.705904774487 , 278.705904774487 ,,
period1,sc01,t0549, 297.5 , 277.5 ,,
period1,sc01,t0550, 296.464466094067 , 276.464466094067 ,,
period1,sc01,t0551, 295.669872981077 , 275.669872981077 ,,
period1,sc01,t0552, 295.170370868554 , 275.170370868554 ,,
period1,sc01,t0553, 295 , 275 ,,
period1,sc01,t0554, 295.170370868554 , 275.170370868554 ,,
period1,sc01,t0555, 295.669872981077 , 275.669872981077 ,,
period1,sc01,t0556, 296.464466094067 , 276.464466094067 ,,
period1,sc01,t0557, 297.5 , 277.5 ,,
period1,sc01,t0558, 298.705904774487 , 278.705904774487 ,,
period1,sc01,t0559, 300 , 280 ,,
period1,sc01,t0560, 301.294095225512 , 281.294095225512 ,,
period1,sc01,t0561, 302.5 , 282.5 ,,
period1,sc01,t0562, 303.535533905932 , 283.535533905932 ,,
period1,sc01,t0563, 304.330127018922 , 284.330127018922 ,,
period1,sc01,t0564, 304.829629131445 , 284.829629131445 ,,
period1,sc01,t0565, 305 , 285 ,,
period1,sc01,t0566, 304.829629131445 , 284.829629131445 ,,
period1,sc01,t0567, 304.330127018922 , 284.330127018922 ,,
period1,sc01,t0568, 303.535533905932 , 283.535533905932 ,,
period1,sc01,t0569, 302.5 , 282.5 ,,
period1,sc01,t0570, 301.294095225512 , 281.294095225512 ,,
period1,sc01,t0571, 300 , 280 ,,
period1,sc01,t0572, 298.705904774487 , 278.705904774487 ,,
period1,sc01,t0573, 297.5 , 277.5 ,,
period1,sc01,t0574, 296.464466094067 , 276.464466094067 ,,
period1,sc01,t0575, 295.669872981077 , 275.669872981077 ,,
period1,sc01,t0576, 295.170370868554 , 275.170370868554 ,,
period1,sc01,t0577, 295 , 275 ,,
period1,sc01,t0578, 295.170370868554 , 275.170370868554 ,,
period1,sc01,t0579, 295.669872981077 , 275.669872981077 ,,
period1,sc01,t0580, 296.464466094067 , 276.464466094067 ,,
period1,sc01,t0581, 297.5 , 277.5 ,,
period1,sc01,t0582, 298.705904774487 , 278.705904774487 ,,
period1,sc01,t0583, 300 , 280 ,,
period1,sc01,t0584, 301.294095225512 , 281.294095225512 ,,
period1,sc01,t0585, 302.5 , 282.5 ,,
period1,sc01,t0586, 303.535533905932 , 283.535533905932 ,,
period1,sc01,t0587, 304.330127018922 , 284.330127018922 ,,
period1,sc01,t0588, 304.829629131445 , 284.829629131445 ,,
period1,sc01,t0589, 305 , 285 ,,
period1,sc01,t0590, 304.829629131445 , 284.829629131445 ,,
period1,sc01,t0591, 304.330127018922 , 284.330127018922 ,,
period1,sc01,t0592, 303.535533905932 , 283.535533905932 ,,
period1,sc01,t0593, 302.5 , 282.5 ,,
period1,sc01,t0594, 301.294095225512 , 281.294095225512 ,,
period1,sc01,t0595, 300 , 280 ,,
period1,sc01,t0596, 298.705904774487 , 278.705904774487 ,,
period1,sc01,t0597, 297.5 , 277.5 ,,
period1,sc01,t0598, 296.464466094067 , 276.464466094067 ,,
period1,sc01,t0599, 295.669872981077 , 275.669872981077 ,,
period1,sc01,t0600, 295.170370868554 , 275.170370868554 ,,
period1,sc01,t0601, 295 , 275 ,,
period1,sc01,t0602, 295.170370868554 , 275.170370868554 ,,
period1,sc01,t0603, 295.669872981077 , 275.669872981077 ,,
period1,sc01,t0604, 296.464466094067 , 276.464466094067 ,,
period1,sc01,t0605, 297.5 , 277.5 ,,
period1,sc01,t0606, 298.705904774487 , 278.705904774487 ,,
period1,sc01,t0607, 300 , 280 ,,
period1,sc01,t0608, 301.294095225512 , 281.294095225512 ,,
period1,sc01,t0609, 302.5 , 282.5 ,,
period1,sc01,t0610, 303.535533905932 , 283.535533905932 ,,
period1,sc01,t0611, 304.330127018922 , 284.330127018922 ,,
period1,sc01,t0612, 304.829629131445 , 284.829629131445 ,,
period1,sc01,t0613, 305 , 285 ,,
period1,sc01,t0614, 304.829629131445 , 284.829629131445 ,,
period1,sc01,t0615, 304.330127018922 , 284.330127018922 ,,
period1,sc01,t0616, 303.535533905932 , 283.535533905932 ,,
period1,sc01,t0617, 302.5 , 282.5 ,,
period1,sc01,t0618, 301.294095225512 , 281.294095225512 ,,
period1,sc01,t0619, 300 , 280 ,,
period1,sc01,t0620, 298.705904774487 , 278.705904774487 ,,
period1,sc01,t0621, 297.5 , 277.5 ,,
period1,sc01,t0622, 296.464466094067 , 276.464466094067 ,,
period1,sc01,t0623, 295.669872981077 , 275.669872981077 ,,
period1,sc01,t0624, 295.170370868554 , 275.170370868554 ,,
period1,sc01,t0625, 295 , 275 ,,
period1,sc01,t0626, 295.170370868554 , 275.170370868554 ,,
period1,sc01,t0627, 295.669872981077 , 275.669872981077 ,,
period1,sc01,t0628, 296.464466094067 , 276.464466094067 ,,
period1,sc01,t0629, 297.5 , 277.5 ,,
period1,sc01,t0630, 298.705904774487 , 278.705904774487 ,,
period1,sc01,t0631, 300 , 280 ,,
period1,sc01,t0632, 301.294095225512 , 281.294095225512 ,,
period1,sc01,t0633, 302.5 , 282.5 ,,
period1,sc01,t0634, 303.535533905932 , 283.535533905932 ,,
period1,sc01,t0635, 304.330127018922 , 284.330127018922 ,,
period1,sc01,t0636, 304.829629131445 , 284.829629131445 ,,
period1,sc01,t0637, 295 , 275 ,,
period1,sc01,t0638, 294.829629131445 , 274.829629131445 ,,
period1,sc01,t0639, 294.330127018922 , 274.330127018922 ,,
period1,sc01,t0640, 293.535533905932 , 273.535533905932 ,,
period1,sc01,t0641, 292.5 , 272.5 ,,
period1,sc01,t0642, 291.294095225512 , 271.294095225512 ,,
period1,sc01,t0643, 290 , 270 ,,
period1,sc01,t0644, 288.705904774487 , 268.705904774487 ,,
period1,sc01,t0645, 287.5 , 267.5 ,,
period1,sc01,t0646, 286.464466094067 , 266.464466094067 ,,
period1,sc01,t0647, 285.669872981077 , 265.669872981077 ,,
period1,sc01,t0648, 285.170370868554 , 265.170370868554 ,,
period1,sc01,t0649, 285 , 265 ,,
period1,sc01,t0650, 285.170370868554 , 265.170370868554 ,,
period1,sc01,t0651, 285.669872981077 , 265.669872981077 ,,
period1,sc01,t0652, 286.464466094067 , 266.464466094067 ,,
period1,sc01,t0653, 287.5 , 267.5 ,,
period1,sc01,t0654, 288.705904774487 , 268.705904774487 ,,
period1,sc01,t0655, 290 , 270 ,,
period1,sc01,t0656, 291.294095225512 , 271.294095225512 ,,
period1,sc01,t0657, 292.5 , 272.5 ,,
period1,sc01,t0658, 293.535533905932 , 273.535533905932 ,,
period1,sc01,t0659, 294.330127018922 , 274.330127018922 ,,
period1,sc01,t0660, 294.829629131445 , 274.829629131445 ,,
period1,sc01,t0661, 295 , 275 ,,
period1,sc01,t0662, 294.829629131445 , 274.829629131445 ,,
period1,sc01,t0663, 294.330127018922 , 274.330127018922 ,,
period1,sc01,t0664, 293.535533905932 , 273.535533905932 ,,
period1,sc01,t0665, 292.5 , 272.5 ,,
period1,sc01,t0666, 291.294095225512 , 271.294095225512 ,,
period1,sc01,t0667, 290 , 270 ,,
period1,sc01,t0668, 288.705904774487 , 268.705904774487 ,,
period1,sc01,t0669, 287.5 , 267.5 ,,
period1,sc01,t0670, 286.464466094067 , 266.464466094067 ,,
period1,sc01,t0671, 285.669872981077 , 265.669872981077 ,,
period1,sc01,t0672, 285.170370868554 , 265.170370868554 ,,
period1,sc01,t0673, 285 , 265 ,,
period1,sc01,t0674, 285.170370868554 , 265.170370868554 ,,
period1,sc01,t0675, 285.669872981077 , 265.669872981077 ,,
period1,sc01,t0676, 286.464466094067 , 266.464466094067 ,,
period1,sc01,t0677, 287.5 , 267.5 ,,
period1,sc01,t0678, 288.705904774487 , 268.705904774487 ,,
period1,sc01,t0679, 290 , 270 ,,
period1,sc01,t0680, 291.294095225512 , 271.294095225512 ,,
period1,sc01,t0681, 292.5 , 272.5 ,,
period1,sc01,t0682, 293.535533905932 , 273.535533905932 ,,
period1,sc01,t0683, 294.330127018922 , 274.330127018922 ,,
period1,sc01,t0684, 294.829629131445 , 274.829629131445 ,,
period1,sc01,t0685, 305 , 285 ,,
period1,sc01,t0686, 304.829629131445 , 284.829629131445 ,,
period1,sc01,t0687, 304.330127018922 , 284.330127018922 ,,
period1,sc01,t0688, 303.535533905932 , 283.535533905932 ,,
period1,sc01,t0689, 302.5 , 282.5 ,,
period1,sc01,t0690, 301.294095225512 , 281.294095225512 ,,
period1,sc01,t0691, 300 , 280 ,,
period1,sc01,t0692, 298.705904774487 , 278.705904774487 ,,
period1,sc01,t0693, 297.5 , 277.5 ,,
period1,sc01,t0694, 296.464466094067 , 276.464466094067 ,,
period1,sc01,t0695, 295.669872981077 , 275.669872981077 ,,
period1,sc01,t0696, 295.170370868554 , 275.170370868554 ,,
period1,sc01,t0697, 295 , 275 ,,
period1,sc01,t0698, 295.170370868554 , 275.170370868554 ,,
period1,sc01,t0699, 295.669872981077 , 275.669872981077 ,,
period1,sc01,t0700, 296.464466094067 , 276.464466094067 ,,
period1,sc01,t0701, 297.5 , 277.5 ,,
period1,sc01,t0702, 298.705904774487 , 278.705904774487 ,,
period1,sc01,t0703, 300 , 280 ,,
period1,sc01,t0704, 301.294095225512 , 281.294095225512 ,,
period1,sc01,t0705, 302.5 , 282.5 ,,
period1,sc01,t0706, 303.535533905932 , 283.535533905932 ,,
period1,sc01,t0707, 304.330127018922 , 284.330127018922 ,,
period1,sc01,t0708, 304.829629131445 , 284.829629131445 ,,
period1,sc01,t0709, 305 , 285 ,,
period1,sc01,t0710, 304.829629131445 , 284.829629131445 ,,
period1,sc01,t0711, 304.330127018922 , 284.330127018922 ,,
period1,sc01,t0712, 303.535533905932 , 283.535533905932 ,,
period1,sc01,t0713, 302.5 , 282.5 ,,
period1,sc01,t0714, 301.294095225512 , 281.294095225512 ,,
period1,sc01,t0715, 300 , 280 ,,
period1,sc01,t0716, 298.705904774487 , 278.705904774487 ,,
period1,sc01,t0717, 297.5 , 277.5 ,,
period1,sc01,t0718, 296.464466094067 , 276.464466094067 ,,
period1,sc01,t0719, 295.669872981077 , 275.669872981077 ,,
period1,sc01,t0720, 295.170370868554 , 275.170370868554 ,,
period1,sc01,t0721, 295 , 275 ,,
period1,sc01,t0722, 295.170370868554 , 275.170370868554 ,,
period1,sc01,t0723, 295.669872981077 , 275.669872981077 ,,
period1,sc01,t0724, 296.464466094067 , 276.464466094067 ,,
period1,sc01,t0725, 297.5 , 277.5 ,,
period1,sc01,t0726, 298.705904774487 , 278.705904774487 ,,
period1,sc01,t0727, 300 , 280 ,,
period1,sc01,t0728, 301.294095225512 , 281.294095225512 ,,
period1,sc01,t0729, 302.5 , 282.5 ,,
period1,sc01,t0730, 303.535533905932 , 283.535533905932 ,,
period1,sc01,t0731, 304.330127018922 , 284.330127018922 ,,
period1,sc01,t0732, 304.829629131445 , 284.829629131445 ,,
period1,sc01,t0733, 305 , 285 ,,
period1,sc01,t0734, 304.829629131445 , 284.829629131445 ,,
period1,sc01,t0735, 304.330127018922 , 284.330127018922 ,,
period1,sc01,t0736, 303.535533905932 , 283.535533905932 ,,
period1,sc01,t0737, 302.5 , 282.5 ,,
period1,sc01,t0738, 301.294095225512 , 281.294095225512 ,,
period1,sc01,t0739, 300 , 280 ,,
period1,sc01,t0740, 298.705904774487 , 278.705904774487 ,,
period1,sc01,t0741, 297.5 , 277.5 ,,
period1,sc01,t0742, 296.464466094067 , 276.464466094067 ,,
period1,sc01,t0743, 295.669872981077 , 275.669872981077 ,,
period1,sc01,t0744, 295.170370868554 , 275.170370868554 ,,
period1,sc01,t0745, 295 , 275 ,,
period1,sc01,t0746, 295.170370868554 , 275.170370868554 ,,
period1,sc01,t0747, 295.669872981077 , 275.669872981077 ,,
period1,sc01,t0748, 296.464466094067 , 276.464466094067 ,,
period1,sc01,t0749, 297.5 , 277.5 ,,
period1,sc01,t0750, 298.705904774487 , 278.705904774487 ,,
period1,sc01,t0751, 300 , 280 ,,
period1,sc01,t0752, 301.294095225512 , 281.294095225512 ,,
period1,sc01,t0753, 302.5 , 282.5 ,,
period1,sc01,t0754, 303.535533905932 , 283.535533905932 ,,
period1,sc01,t0755, 304.330127018922 , 284.330127018922 ,,
period1,sc01,t0756, 304.829629131445 , 284.829629131445 ,,
period1,sc01,t0757, 305 , 285 ,,
period1,sc01,t0758, 304.829629131445 , 284.829629131445 ,,
period1,sc01,t0759, 304.330127018922 , 284.330127018922 ,,
period1,sc01,t0760, 303.535533905932 , 283.535533905932 ,,
period1,sc01,t0761, 302.5 , 282.5 ,,
period1,sc01,t0762, 301.294095225512 , 281.294095225512 ,,
period1,sc01,t0763, 300 , 280 ,,
period1,sc01,t0764, 298.705904774487 , 278.705904774487 ,,
period1,sc01,t0765, 297.5 , 277.5 ,,
period1,sc01,t0766, 296.464466094067 , 276.464466094067 ,,
period1,sc01,t0767, 295.669872981077 , 275.669872981077 ,,
period1,sc01,t0768, 295.170370868554 , 275.170370868554 ,,
period1,sc01,t0769, 295 , 275 ,,
period1,sc01,t0770, 295.170370868554 , 275.170370868554 ,,
period1,sc01,t0771, 295.669872981077 , 275.669872981077 ,,
period1,sc01,t0772, 296.464466094067 , 276.464466094067 ,,
period1,sc01,t0773, 297.5 , 277.5 ,,
period1,sc01,t0774, 298.705904774487 , 278.705904774487 ,,
period1,sc01,t0775, 300 , 280 ,,
period1,sc01,t0776, 301.294095225512 , 281.294095225512 ,,
period1,sc01,t0777, 302.5 , 282.5 ,,
period1,sc01,t0778, 303.535533905932 , 283.535533905932 ,,
period1,sc01,t0779, 304.330127018922 , 284.330127018922 ,,
period1,sc01,t0780, 304.829629131445 , 284.829629131445 ,,
period1,sc01,t0781, 305 , 285 ,,
period1,sc01,t0782, 304.829629131445 , 284.829629131445 ,,
period1,sc01,t0783, 304.330127018922 , 284.330127018922 ,,
period1,sc01,t0784, 303.535533905932 , 283.535533905932 ,,
period1,sc01,t0785, 302.5 , 282.5 ,,
period1,sc01,t0786, 301.294095225512 , 281.294095225512 ,,
period1,sc01,t0787, 300 , 280 ,,
period1,sc01,t0788, 298.705904774487 , 278.705904774487 ,,
period1,sc01,t0789, 297.5 , 277.5 ,,
period1,sc01,t0790, 296.464466094067 , 276.464466094067 ,,
period1,sc01,t0791, 295.669872981077 , 275.669872981077 ,,
period1,sc01,t0792, 295.170370868554 , 275.170370868554 ,,
period1,sc01,t0793, 295 , 275 ,,
period1,sc01,t0794, 295.170370868554 , 275.170370868554 ,,
period1,sc01,t0795, 295.669872981077 , 275.669872981077 ,,
period1,sc01,t0796, 296.464466094067 , 276.464466094067 ,,
period1,sc01,t0797, 297.5 , 277.5 ,,
period1,sc01,t0798, 298.705904774487 , 278.705904774487 ,,
period1,sc01,t0799, 300 , 280 ,,
period1,sc01,t0800, 301.294095225512 , 281.294095225512 ,,
period1,sc01,t0801, 302.5 , 282.5 ,,
period1,sc01,t0802, 303.535533905932 , 283.535533905932 ,,
period1,sc01,t0803, 304.330127018922 , 284.330127018922 ,,
period1,sc01,t0804, 304.829629131445 , 284.829629131445 ,,
period1,sc01,t0805, 295 , 275 ,,
period1,sc01,t0806, 294.829629131445 , 274.829629131445 ,,
period1,sc01,t0807, 294.330127018922 , 274.330127018922 ,,
period1,sc01,t0808, 293.535533905932 , 273.535533905932 ,,
period1,sc01,t0809, 292.5 , 272.5 ,,
period1,sc01,t0810, 291.294095225512 , 271.294095225512 ,,
period1,sc01,t0811, 290 , 270 ,,
period1,sc01,t0812, 288.705904774487 , 268.705904774487 ,,
period1,sc01,t0813, 287.5 , 267.5 ,,
period1,sc01,t0814, 286.464466094067 , 266.464466094067 ,,
period1,sc01,t0815, 285.669872981077 , 265.669872981077 ,,
period1,sc01,t0816, 285.170370868554 , 265.170370868554 ,,
period1,sc01,t0817, 285 , 265 ,,
period1,sc01,t0818, 285.170370868554 , 265.170370868554 ,,
period1,sc01,t0819, 285.669872981077 , 265.669872981077 ,,
period1,sc01,t0820, 286.464466094067 , 266.464466094067 ,,
period1,sc01,t0821, 287.5 , 267.5 ,,
period1,sc01,t0822, 288.705904774487 , 268.705904774487 ,,
period1,sc01,t0823, 290 , 270 ,,
period1,sc01,t0824, 291.294095225512 , 271.294095225512 ,,
period1,sc01,t0825, 292.5 , 272.5 ,,
period1,sc01,t0826, 293.535533905932 , 273.535533905932 ,,
period1,sc01,t0827, 294.330127018922 , 274.330127018922 ,,
period1,sc01,t0828, 294.829629131445 , 274.829629131445 ,,
period1,sc01,t0829, 295 , 275 ,,
period1,sc01,t0830, 294.829629131445 , 274.829629131445 ,,
period1,sc01,t0831, 294.330127018922 , 274.330127018922 ,,
period1,sc01,t0832, 293.535533905932 , 273.535533905932 ,,
period1,sc01,t0833, 292.5 , 272.5 ,,
period1,sc01,t0834, 291.294095225512 , 271.294095225512 ,,
period1,sc01,t0835, 290 , 270 ,,
period1,sc01,t0836, 288.705904774487 , 268.705904774487 ,,
period1,sc01,t0837, 287.5 , 267.5 ,,
period1,sc01,t0838, 286.464466094067 , 266.464466094067 ,,
period1,sc01,t0839, 285.669872981077 , 265.669872981077 ,,
period1,sc01,t0840, 285.170370868554 , 265.170370868554 ,,
period1,sc01,t0841, 285 , 265 ,,
period1,sc01,t0842, 285.170370868554 , 265.170370868554 ,,
period1,sc01,t0843, 285.669872981077 , 265.669872981077 ,,
period1,sc01,t0844, 286.464466094067 , 266.464466094067 ,,
period1,sc01,t0845, 287.5 , 267.5 ,,
period1,sc01,t0846, 288.705904774487 , 268.705904774487 ,,
period1,sc01,t0847, 290 , 270 ,,
period1,sc01,t0848, 291.294095225512 , 271.294095225512 ,,
period1,sc01,t0849, 292.5 , 272.5 ,,
period1,sc01,t0850, 293.535533905932 , 273.535533905932 ,,
period1,sc01,t0851, 294.330127018922 , 274.330127018922 ,,
period1,sc01,t0852, 294.829629131445 , 274.829629131445 ,,
period1,sc01,t0853, 305 , 285 ,,
period1,sc01,t0854, 304.829629131445 , 284.829629131445 ,,
period1,sc01,t0855, 304.330127018922 , 284.330127018922 ,,
period1,sc01,t0856, 303.535533905932 , 283.535533905932 ,,
period1,sc01,t0857, 302.5 , 282.5 ,,
period1,sc01,t0858, 301.294095225512 , 281.294095225512 ,,
period1,sc01,t0859, 300 , 280 ,,
period1,sc01,t0860, 298.705904774487 , 278.705904774487 ,,
period1,sc01,t0861, 297.5 , 277.5 ,,
period1,sc01,t0862, 296.464466094067 , 276.464466094067 ,,
period1,sc01,t0863, 295.669872981077 , 275.669872981077 ,,
period1,sc01,t0864, 295.170370868554 , 275.170370868554 ,,
period1,sc01,t0865, 295 , 275 ,,
period1,sc01,t0866, 295.170370868554 , 275.170370868554 ,,
period1,sc01,t0867, 295.669872981077 , 275.669872981077 ,,
period1,sc01,t0868, 296.464466094067 , 276.464466094067 ,,
period1,sc01,t0869, 297.5 , 277.5 ,,
period1,sc01,t0870, 298.705904774487 , 278.705904774487 ,,
period1,sc01,t0871, 300 , 280 ,,
period1,sc01,t0872, 301.294095225512 , 281.294095225512 ,,
period1,sc01,t0873, 302.5 , 282.5 ,,
period1,sc01,t0874, 303.535533905932 , 283.535533905932 ,,
period1,sc01,t0875, 304.330127018922 , 284.330127018922 ,,
period1,sc01,t0876, 304.829629131445 , 284.829629131445 ,,
period1,sc01,t0877, 305 , 285 ,,
period1,sc01,t0878, 304.829629131445 , 284.829629131445 ,,
period1,sc01,t0879, 304.330127018922 , 284.330127018922 ,,
period1,sc01,t0880, 303.535533905932 , 283.535533905932 ,,
period1,sc01,t0881, 302.5 , 282.5 ,,
period1,sc01,t0882, 301.294095225512 , 281.294095225512 ,,
period1,sc01,t0883, 300 , 280 ,,
period1,sc01,t0884, 298.705904774487 , 278.705904774487 ,,
period1,sc01,t0885, 297.5 , 277.5 ,,
period1,sc01,t0886, 296.464466094067 , 276.464466094067 ,,
period1,sc01,t0887, 295.669872981077 , 275.669872981077 ,,
period1,sc01,t0888, 295.170370868554 , 275.170370868554 ,,
period1,sc01,t0889, 295 , 275 ,,
period1,sc01,t0890, 295.170370868554 , 275.170370868554 ,,
period1,sc01,t0891, 295.669872981077 , 275.669872981077 ,,
period1,sc01,t0892, 296.464466094067 , 276.464466094067 ,,
period1,sc01,t0893, 297.5 , 277.5 ,,
period1,sc01,t0894, 298.705904774487 , 278.705904774487 ,,
period1,sc01,t0895, 300 , 280 ,,
period1,sc01,t0896, 301.294095225512 , 281.294095225512 ,,
period1,sc01,t0897, 302.5 , 282.5 ,,
period1,sc01,t0898, 303.535533905932 , 283.535533905932 ,,
period1,sc01,t0899, 304.330127018922 , 284.330127018922 ,,
period1,sc01,t0900, 304.829629131445 , 284.829629131445 ,,
period1,sc01,t0901, 305 , 285 ,,
period1,sc01,t0902, 304.829629131445 , 284.829629131445 ,,
period1,sc01,t0903, 304.330127018922 , 284.330127018922 ,,
period1,sc01,t0904, 303.535533905932 , 283.535533905932 ,,
period1,sc01,t0905, 302.5 , 282.5 ,,
period1,sc01,t0906, 301.294095225512 , 281.294095225512 ,,
period1,sc01,t0907, 300 , 280 ,,
period1,sc01,t0908, 298.705904774487 , 278.705904774487 ,,
period1,sc01,t0909, 297.5 , 277.5 ,,
period1,sc01,t0910, 296.464466094067 , 276.464466094067 ,,
period1,sc01,t0911, 295.669872981077 , 275.669872981077 ,,
period1,sc01,t0912, 295.170370868554 , 275.170370868554 ,,
period1,sc01,t0913, 295 , 275 ,,
period1,sc01,t0914, 295.170370868554 , 275.170370868554 ,,
period1,sc01,t0915, 295.669872981077 , 275.669872981077 ,,
period1,sc01,t0916, 296.464466094067 , 276.464466094067 ,,
period1,sc01,t0917, 297.5 , 277.5 ,,
period1,sc01,t0918, 298.705904774487 , 278.705904774487 ,,
period1,sc01,t0919, 300 , 280 ,,
period1,sc01,t0920, 301.294095225512 , 281.294095225512 ,,
period1,sc01,t0921, 302.5 , 282.5 ,,
period1,sc01,t0922, 303.535533905932 , 283.535533905932 ,,
period1,sc01,t0923, 304.330127018922 , 284.330127018922 ,,
period1,sc01,t0924, 304.829629131445 , 284.829629131445 ,,
period1,sc01,t0925, 305 , 285 ,,
period1,sc01,t0926, 304.829629131445 , 284.829629131445 ,,
period1,sc01,t0927, 304.330127018922 , 284.330127018922 ,,
period1,sc01,t0928, 303.535533905932 , 283.535533905932 ,,
period1,sc01,t0929, 302.5 , 282.5 ,,
period1,sc01,t0930, 301.294095225512 , 281.294095225512 ,,
period1,sc01,t0931, 300 , 280 ,,
period1,sc01,t0932, 298.705904774487 , 278.705904774487 ,,
period1,sc01,t0933, 297.5 , 277.5 ,,
period1,sc01,t0934, 296.464466094067 , 276.464466094067 ,,
period1,sc01,t0935, 295.669872981077 , 275.669872981077 ,,
period1,sc01,t0936, 295.170370868554 , 275.170370868554 ,,
period1,sc01,t0937, 295 , 275 ,,
period1,sc01,t0938, 295.170370868554 , 275.170370868554 ,,
period1,sc01,t0939, 295.669872981077 , 275.669872981077 ,,
period1,sc01,t0940, 296.464466094067 , 276.464466094067 ,,
period1,sc01,t0941, 297.5 , 277.5 ,,
period1,sc01,t0942, 298.705904774487 , 278.705904774487 ,,
period1,sc01,t0943, 300 , 280 ,,
period1,sc01,t0944, 301.294095225512 , 281.294095225512 ,,
period1,sc01,t0945, 302.5 , 282.5 ,,
period1,sc01,t0946, 303.535533905932 , 283.535533905932 ,,
period1,sc01,t0947, 304.330127018922 , 284.330127018922 ,,
period1,sc01,t0948, 304.829629131445 , 284.829629131445 ,,
period1,sc01,t0949, 305 , 285 ,,
period1,sc01,t0950, 304.829629131445 , 284.829629131445 ,,
period1,sc01,t0951, 304.330127018922 , 284.330127018922 ,,
period1,sc01,t0952, 303.535533905932 , 283.535533905932 ,,
period1,sc01,t0953, 302.5 , 282.5 ,,
period1,sc01,t0954, 301.294095225512 , 281.294095225512 ,,
period1,sc01,t0955, 300 , 280 ,,
period1,sc01,t0956, 298.705904774487 , 278.705904774487 ,,
period1,sc01,t0957, 297.5 , 277.5 ,,
period1,sc01,t0958, 296.464466094067 , 276.464466094067 ,,
period1,sc01,t0959, 295.669872981077 , 275.669872981077 ,,
period1,sc01,t0960, 295.170370868554 , 275.170370868554 ,,
period1,sc01,t0961, 295 , 275 ,,
period1,sc01,t0962, 295.170370868554 , 275.170370868554 ,,
period1,sc01,t0963, 295.669872981077 , 275.669872981077 ,,
period1,sc01,t0964, 296.464466094067 , 276.464466094067 ,,
period1,sc01,t0965, 297.5 , 277.5 ,,
period1,sc01,t0966, 298.705904774487 , 278.705904774487 ,,
period1,sc01,t0967, 300 , 280 ,,
period1,sc01,t0968, 301.294095225512 , 281.294095225512 ,,
period1,sc01,t0969, 302.5 , 282.5 ,,
period1,sc01,t0970, 303.535533905932 , 283.535533905932 ,,
period1,sc01,t0971, 304.330127018922 , 284.330127018922 ,,
period1,sc01,t0972, 304.829629131445 , 284.829629131445 ,,
period1,sc01,t0973, 295 , 275 ,,
period1,sc01,t0974, 294.829629131445 , 274.829629131445 ,,
period1,sc01,t0975, 294.330127018922 , 274.330127018922 ,,
period1,sc01,t0976, 293.535533905932 , 273.535533905932 ,,
period1,sc01,t0977, 292.5 , 272.5 ,,
period1,sc01,t0978, 291.294095225512 , 271.294095225512 ,,
period1,sc01,t0979, 290 , 270 ,,
period1,sc01,t0980, 288.705904774487 , 268.705904774487 ,,
period1,sc01,t0981, 287.5 , 267.5 ,,
period1,sc01,t0982, 286.464466094067 , 266.464466094067 ,,
period1,sc01,t0983, 285.669872981077 , 265.669872981077 ,,
period1,sc01,t0984, 285.170370868554 , 265.170370868554 ,,
period1,sc01,t0985, 285 , 265 ,,
period1,sc01,t0986, 285.170370868554 , 265.170370868554 ,,
period1,sc01,t0987, 285.669872981077 , 265.669872981077 ,,
period1,sc01,t0988, 286.464466094067 , 266.464466094067 ,,
period1,sc01,t0989, 287.5 , 267.5 ,,
period1,sc01,t0990, 288.705904774487 , 268.705904774487 ,,
period1,sc01,t0991, 290 , 270 ,,
period1,sc01,t0992, 291.294095225512 , 271.294095225512 ,,
period1,sc01,t0993, 292.5 , 272.5 ,,
period1,sc01,t0994, 293.535533905932 , 273.535533905932 ,,
period1,sc01,t0995, 294.330127018922 , 274.330127018922 ,,
period1,sc01,t0996, 294.829629131445 , 274.829629131445 ,,
period1,sc01,t0997, 295 , 275 ,,
period1,sc01,t0998, 294.829629131445 , 274.829629131445 ,,
period1,sc01,t0999, 294.330127018922 , 274.330127018922 ,,
period1,sc01,t1000, 293.535533905932 , 273.535533905932 ,,
period1,sc01,t1001, 292.5 , 272.5 ,,
period1,sc01,t1002, 291.294095225512 , 271.294095225512 ,,
period1,sc01,t1003, 290 , 270 ,,
period1,sc01,t1004, 288.705904774487 , 268.705904774487 ,,
period1,sc01,t1005, 287.5 , 267.5 ,,
period1,sc01,t1006, 286.464466094067 , 266.464466094067 ,,
period1,sc01,t1007, 285.669872981077 , 265.669872981077 ,,
period1,sc01,t1008, 285.170370868554 , 265.170370868554 ,,
period1,sc01,t1009, 285 , 265 ,,
period1,sc01,t1010, 285.170370868554 , 265.170370868554 ,,
period1,sc01,t1011, 285.669872981077 , 265.669872981077 ,,
period1,sc01,t1012, 286.464466094067 , 266.464466094067 ,,
period1,sc01,t1013, 287.5 , 267.5 ,,
period1,sc01,t1014, 288.705904774487 , 268.705904774487 ,,
period1,sc01,t1015, 290 , 270 ,,
period1,sc01,t1016, 291.294095225512 , 271.294095225512 ,,
period1,sc01,t1017, 292.5 , 272.5 ,,
period1,sc01,t1018, 293.535533905932 , 273.535533905932 ,,
period1,sc01,t1019, 294.330127018922 , 274.330127018922 ,,
period1,sc01,t1020, 294.829629131445 , 274.829629131445 ,,
period1,sc01,t1021, 305 , 285 ,,
period1,sc01,t1022, 304.829629131445 , 284.829629131445 ,,
period1,sc01,t1023, 304.330127018922 , 284.330127018922 ,,
period1,sc01,t1024, 303.535533905932 , 283.535533905932 ,,
period1,sc01,t1025, 302.5 , 282.5 ,,
period1,sc01,t1026, 301.294095225512 , 281.294095225512 ,,
period1,sc01,t1027, 300 , 280 ,,
period1,sc01,t1028, 298.705904774487 , 278.705904774487 ,,
period1,sc01,t1029, 297.5 , 277.5 ,,
period1,sc01,t1030, 296.464466094067 , 276.464466094067 ,,
period1,sc01,t1031, 295.669872981077 , 275.669872981077 ,,
period1,sc01,t1032, 295.170370868554 , 275.170370868554 ,,
period1,sc01,t1033, 295 , 275 ,,
period1,sc01,t1034, 295.170370868554 , 275.170370868554 ,,
period1,sc01,t1035, 295.669872981077 , 275.669872981077 ,,
period1,sc01,t1036, 296.464466094067 , 276.464466094067 ,,
period1,sc01,t1037, 297.5 , 277.5 ,,
period1,sc01,t1038, 298.705904774487 , 278.705904774487 ,,
period1,sc01,t1039, 300 , 280 ,,
period1,sc01,t1040, 301.294095225512 , 281.294095225512 ,,
period1,sc01,t1041, 302.5 , 282.5 ,,
period1,sc01,t1042, 303.535533905932 , 283.535533905932 ,,
period1,sc01,t1043, 304.330127018922 , 284.330127018922 ,,
period1,sc01,t1044, 304.829629131445 , 284.829629131445 ,,
period1,sc01,t1045, 305 , 285 ,,
period1,sc01,t1046, 304.829629131445 , 284.829629131445 ,,
period1,sc01,t1047, 304.330127018922 , 284.330127018922 ,,
period1,sc01,t1048, 303.535533905932 , 283.535533905932 ,,
period1,sc01,t1049, 302.5 , 282.5 ,,
period1,sc01,t1050, 301.294095225512 , 281.294095225512 ,,
period1,sc01,t1051, 300 , 280 ,,
period1,sc01,t1052, 298.705904774487 , 278.705904774487 ,,
period1,sc01,t1053, 297.5 , 277.5 ,,
period1,sc01,t1054, 296.464466094067 , 276.464466094067 ,,
period1,sc01,t1055, 295.669872981077 , 275.669872981077 ,,
period1,sc01,t1056, 295.170370868554 , 275.170370868554 ,,
period1,sc01,t1057, 295 , 275 ,,
period1,sc01,t1058, 295.170370868554 , 275.170370868554 ,,
period1,sc01,t1059, 295.669872981077 , 275.669872981077 ,,
period1,sc01,t1060, 296.464466094067 , 276.464466094067 ,,
period1,sc01,t1061, 297.5 , 277.5 ,,
period1,sc01,t1062, 298.705904774487 , 278.705904774487 ,,
period1,sc01,t1063, 300 , 280 ,,
period1,sc01,t1064, 301.294095225512 , 281.294095225512 ,,
period1,sc01,t1065, 302.5 , 282.5 ,,
period1,sc01,t1066, 303.535533905932 , 283.535533905932 ,,
period1,sc01,t1067, 304.330127018922 , 284.330127018922 ,,
period1,sc01,t1068, 304.829629131445 , 284.829629131445 ,,
period1,sc01,t1069, 305 , 285 ,,
period1,sc01,t1070, 304.829629131445 , 284.829629131445 ,,
period1,sc01,t1071, 304.330127018922 , 284.330127018922 ,,
period1,sc01,t1072, 303.535533905932 , 283.535533905932 ,,
period1,sc01,t1073, 302.5 , 282.5 ,,
period1,sc01,t1074, 301.294095225512 , 281.294095225512 ,,
period1,sc01,t1075, 300 , 280 ,,
period1,sc01,t1076, 298.705904774487 , 278.705904774487 ,,
period1,sc01,t1077, 297.5 , 277.5 ,,
period1,sc01,t1078, 296.464466094067 , 276.464466094067 ,,
period1,sc01,t1079, 295.669872981077 , 275.669872981077 ,,
period1,sc01,t1080, 295.170370868554 , 275.170370868554 ,,
period1,sc01,t1081, 295 , 275 ,,
period1,sc01,t1082, 295.170370868554 , 275.170370868554 ,,
period1,sc01,t1083, 295.669872981077 , 275.669872981077 ,,
period1,sc01,t1084, 296.464466094067 , 276.464466094067 ,,
period1,sc01,t1085, 297.5 , 277.5 ,,
period1,sc01,t1086, 298.705904774487 , 278.705904774487 ,,
period1,sc01,t1087, 300 , 280 ,,
period1,sc01,t1088, 301.294095225512 , 281.294095225512 ,,
period1,sc01,t1089, 302.5 , 282.5 ,,
period1,sc01,t1090, 303.535533905932 , 283.535533905932 ,,
period1,sc01,t1091, 304.330127018922 , 284.330127018922 ,,
period1,sc01,t1092, 304.829629131445 , 284.829629131445 ,,
period1,sc01,t1093, 305 , 285 ,,
period1,sc01,t1094, 304.829629131445 , 284.829629131445 ,,
period1,sc01,t1095, 304.330127018922 , 284.330127018922 ,,
period1,sc01,t1096, 303.535533905932 , 283.535533905932 ,,
period1,sc01,t1097, 302.5 , 282.5 ,,
period1,sc01,t1098, 301.294095225512 , 281.294095225512 ,,
period1,sc01,t1099, 300 , 280 ,,
period1,sc01,t1100, 298.705904774487 , 278.705904774487 ,,
period1,sc01,t1101, 297.5 , 277.5 ,,
period1,sc01,t1102, 296.464466094067 , 276.464466094067 ,,
period1,sc01,t1103, 295.669872981077 , 275.669872981077 ,,
period1,sc01,t1104, 295.170370868554 , 275.170370868554 ,,
period1,sc01,t1105, 295 , 275 ,,
period1,sc01,t1106, 295.170370868554 , 275.170370868554 ,,
period1,sc01,t1107, 295.669872981077 , 275.669872981077 ,,
period1,sc01,t1108, 296.464466094067 , 276.464466094067 ,,
period1,sc01,t1109, 297.5 , 277.5 ,,
period1,sc01,t1110, 298.705904774487 , 278.705904774487 ,,
period1,sc01,t1111, 300 , 280 ,,
period1,sc01,t1112, 301.294095225512 , 281.294095225512 ,,
period1,sc01,t1113, 302.5 , 282.5 ,,
period1,sc01,t1114, 303.535533905932 , 283.535533905932 ,,
period1,sc01,t1115, 304.330127018922 , 284.330127018922 ,,
period1,sc01,t1116, 304.829629131445 , 284.829629131445 ,,
period1,sc01,t1117, 305 , 285 ,,
period1,sc01,t1118, 304.829629131445 , 284.829629131445 ,,
period1,sc01,t1119, 304.330127018922 , 284.330127018922 ,,
period1,sc01,t1120, 303.535533905932 , 283.535533905932 ,,
period1,sc01,t1121, 302.5 , 282.5 ,,
period1,sc01,t1122, 301.294095225512 , 281.294095225512 ,,
period1,sc01,t1123, 300 , 280 ,,
period1,sc01,t1124, 298.705904774487 , 278.705904774487 ,,
period1,sc01,t1125, 297.5 , 277.5 ,,
period1,sc01,t1126, 296.464466094067 , 276.464466094067 ,,
period1,sc01,t1127, 295.669872981077 , 275.669872981077 ,,
period1,sc01,t1128, 295.170370868554 , 275.170370868554 ,,
period1,sc01,t1129, 295 , 275 ,,
period1,sc01,t1130, 295.170370868554 , 275.170370868554 ,,
period1,sc01,t1131, 295.669872981077 , 275.669872981077 ,,
period1,sc01,t1132, 296.464466094067 , 276.464466094067 ,,
period1,sc01,t1133, 297.5 , 277.5 ,,
period1,sc01,t1134, 298.705904774487 , 278.705904774487 ,,
period1,sc01,t1135, 300 , 280 ,,
period1,sc01,t1136, 301.294095225512 , 281.294095225512 ,,
period1,sc01,t1137, 302.5 , 282.5 ,,
period1,sc01,t1138, 303.535533905932 , 283.535533905932 ,,
period1,sc01,t1139, 304.330127018922 , 284.330127018922 ,,
period1,sc01,t1140, 304.829629131445 , 284.829629131445 ,,
period1,sc01,t1141, 295 , 275 ,,
period1,sc01,t1142, 294.829629131445 , 274.829629131445 ,,
period1,sc01,t1143, 294.330127018922 , 274.330127018922 ,,
period1,sc01,t1144, 293.535533905932 , 273.535533905932 ,,
period1,sc01,t1145, 292.5 , 272.5 ,,
period1,sc01,t1146, 291.294095225512 , 271.294095225512 ,,
period1,sc01,t1147, 290 , 270 ,,
period1,sc01,t1148, 288.705904774487 , 268.705904774487 ,,
period1,sc01,t1149, 287.5 , 267.5 ,,
period1,sc01,t1150, 286.464466094067 , 266.464466094067 ,,
period1,sc01,t1151, 285.669872981077 , 265.669872981077 ,,
period1,sc01,t1152, 285.170370868554 , 265.170370868554 ,,
period1,sc01,t1153, 285 , 265 ,,
period1,sc01,t1154, 285.170370868554 , 265.170370868554 ,,
period1,sc01,t1155, 285.669872981077 , 265.669872981077 ,,
period1,sc01,t1156, 286.464466094067 , 266.464466094067 ,,
period1,sc01,t1157, 287.5 , 267.5 ,,
period1,sc01,t1158, 288.705904774487 , 268.705904774487 ,,
period1,sc01,t1159, 290 , 270 ,,
period1,sc01,t1160, 291.294095225512 , 271.294095225512 ,,
period1,sc01,t1161, 292.5 , 272.5 ,,
period1,sc01,t1162, 293.535533905932 , 273.535533905932 ,,
period1,sc01,t1163, 294.330127018922 , 274.330127018922 ,,
period1,sc01,t1164, 294.829629131445 , 274.829629131445 ,,
period1,sc01,t1165, 295 , 275 ,,
period1,sc01,t1166, 294.829629131445 , 274.829629131445 ,,
period1,sc01,t1167, 294.330127018922 , 274.330127018922 ,,
period1,sc01,t1168, 293.535533905932 , 273.535533905932 ,,
period1,sc01,t1169, 292.5 , 272.5 ,,
period1,sc01,t1170, 291.294095225512 , 271.294095225512 ,,
period1,sc01,t1171, 290 , 270 ,,
period1,sc01,t1172, 288.705904774487 , 268.705904774487 ,,
period1,sc01,t1173, 287.5 , 267.5 ,,
period1,sc01,t1174, 286.464466094067 , 266.464466094067 ,,
period1,sc01,t1175, 285.669872981077 , 265.669872981077 ,,
period1,sc01,t1176, 285.170370868554 , 265.170370868554 ,,
period1,sc01,t1177, 285 , 265 ,,
period1,sc01,t1178, 285.170370868554 , 265.170370868554 ,,
period1,sc01,t1179, 285.669872981077 , 265.669872981077 ,,
period1,sc01,t1180, 286.464466094067 , 266.464466094067 ,,
period1,sc01,t1181, 287.5 , 267.5 ,,
period1,sc01,t1182, 288.705904774487 , 268.705904774487 ,,
period1,sc01,t1183, 290 , 270 ,,
period1,sc01,t1184, 291.294095225512 , 271.294095225512 ,,
period1,sc01,t1185, 292.5 , 272.5 ,,
period1,sc01,t1186, 293.535533905932 , 273.535533905932 ,,
period1,sc01,t1187, 294.330127018922 , 274.330127018922 ,,
period1,sc01,t1188, 294.829629131445 , 274.829629131445 ,,
period1,sc01,t1189, 305 , 285 ,,
period1,sc01,t1190, 304.829629131445 , 284.829629131445 ,,
period1,sc01,t1191, 304.330127018922 , 284.330127018922 ,,
period1,sc01,t1192, 303.535533905932 , 283.535533905932 ,,
period1,sc01,t1193, 302.5 , 282.5 ,,
period1,sc01,t1194, 301.294095225512 , 281.294095225512 ,,
period1,sc01,t1195, 300 , 280 ,,
period1,sc01,t1196, 298.705904774487 , 278.705904774487 ,,
period1,sc01,t1197, 297.5 , 277.5 ,,
period1,sc01,t1198, 296.464466094067 , 276.464466094067 ,,
period1,sc01,t1199, 295.669872981077 , 275.669872981077 ,,
period1,sc01,t1200, 295.170370868554 , 275.170370868554 ,,
period1,sc01,t1201, 295 , 275 ,,
period1,sc01,t1202, 295.170370868554 , 275.170370868554 ,,
period1,sc01,t1203, 295.669872981077 , 275.669872981077 ,,
period1,sc01,t1204, 296.464466094067 , 276.464466094067 ,,
period1,sc01,t1205, 297.5 , 277.5 ,,
period1,sc01,t1206, 298.705904774487 , 278.705904774487 ,,
period1,sc01,t1207, 300 , 280 ,,
period1,sc01,t1208, 301.294095225512 , 281.294095225512 ,,
period1,sc01,t1209, 302.5 , 282.5 ,,
period1,sc01,t1210, 303.535533905932 , 283.535533905932 ,,
period1,sc01,t1211, 304.330127018922 , 284.330127018922 ,,
period1,sc01,t1212, 304.829629131445 , 284.829629131445 ,,
period1,sc01,t1213, 305 , 285 ,,
period1,sc01,t1214, 304.829629131445 , 284.829629131445 ,,
period1,sc01,t1215, 304.330127018922 , 284.330127018922 ,,
period1,sc01,t1216, 303.535533905932 , 283.535533905932 ,,
period1,sc01,t1217, 302.5 , 282.5 ,,
period1,sc01,t1218, 301.294095225512 , 281.294095225512 ,,
period1,sc01,t1219, 300 , 280 ,,
period1,sc01,t1220, 298.705904774487 , 278.705904774487 ,,
period1,sc01,t1221, 297.5 , 277.5 ,,
period1,sc01,t1222, 296.464466094067 , 276.464466094067 ,,
period1,sc01,t1223, 295.669872981077 , 275.669872981077 ,,
period1,sc01,t1224, 295.170370868554 , 275.170370868554 ,,
period1,sc01,t1225, 295 , 275 ,,
period1,sc01,t1226, 295.170370868554 , 275.170370868554 ,,
period1,sc01,t1227, 295.669872981077 , 275.669872981077 ,,
period1,sc01,t1228, 296.464466094067 , 276.464466094067 ,,
period1,sc01,t1229, 297.5 , 277.5 ,,
period1,sc01,t1230, 298.705904774487 , 278.705904774487 ,,
period1,sc01,t1231, 300 , 280 ,,
period1,sc01,t1232, 301.294095225512 , 281.294095225512 ,,
period1,sc01,t1233, 302.5 , 282.5 ,,
period1,sc01,t1234, 303.535533905932 , 283.535533905932 ,,
period1,sc01,t1235, 304.330127018922 , 284.330127018922 ,,
period1,sc01,t1236, 304.829629131445 , 284.829629131445 ,,
period1,sc01,t1237, 305 , 285 ,,
period1,sc01,t1238, 304.829629131445 , 284.829629131445 ,,
period1,sc01,t1239, 304.330127018922 , 284.330127018922 ,,
period1,sc01,t1240, 303.535533905932 , 283.535533905932 ,,
period1,sc01,t1241, 302.5 , 282.5 ,,
period1,sc01,t1242, 301.294095225512 , 281.294095225512 ,,
period1,sc01,t1243, 300 , 280 ,,
period1,sc01,t1244, 298.705904774487 , 278.705904774487 ,,
period1,sc01,t1245, 297.5 , 277.5 ,,
period1,sc01,t1246, 296.464466094067 , 276.464466094067 ,,
period1,sc01,t1247, 295.669872981077 , 275.669872981077 ,,
period1,sc01,t1248, 295.170370868554 , 275.170370868554 ,,
period1,sc01,t1249, 295 , 275 ,,
period1,sc01,t1250, 295.170370868554 , 275.170370868554 ,,
period1,sc01,t1251, 295.669872981077 , 275.669872981077 ,,
period1,sc01,t1252, 296.464466094067 , 276.464466094067 ,,
period1,sc01,t1253, 297.5 , 277.5 ,,
period1,sc01,t1254, 298.705904774487 , 278.705904774487 ,,
period1,sc01,t1255, 300 , 280 ,,
period1,sc01,t1256, 301.294095225512 , 281.294095225512 ,,
period1,sc01,t1257, 302.5 , 282.5 ,,
period1,sc01,t1258, 303.535533905932 , 283.535533905932 ,,
period1,sc01,t1259, 304.330127018922 , 284.330127018922 ,,
period1,sc01,t1260, 304.829629131445 , 284.829629131445 ,,
period1,sc01,t1261, 305 , 285 ,,
period1,sc01,t1262, 304.829629131445 , 284.829629131445 ,,
period1,sc01,t1263, 304.330127018922 , 284.330127018922 ,,
period1,sc01,t1264, 303.535533905932 , 283.535533905932 ,,
period1,sc01,t1265, 302.5 , 282.5 ,,
period1,sc01,t1266, 301.294095225512 , 281.294095225512 ,,
period1,sc01,t1267, 300 , 280 ,,
period1,sc01,t1268, 298.705904774487 , 278.705904774487 ,,
period1,sc01,t1269, 297.5 , 277.5 ,,
period1,sc01,t1270, 296.464466094067 , 276.464466094067 ,,
period1,sc01,t1271, 295.669872981077 , 275.669872981077 ,,
period1,sc01,t1272, 295.170370868554 , 275.170370868554 ,,
period1,sc01,t1273, 295 , 275 ,,
period1,sc01,t1274, 295.170370868554 , 275.170370868554 ,,
period1,sc01,t1275, 295.669872981077 , 275.669872981077 ,,
period1,sc01,t1276, 296.464466094067 , 276.464466094067 ,,
period1,sc01,t1277, 297.5 , 277.5 ,,
period1,sc01,t1278, 298.705904774487 , 278.705904774487 ,,
period1,sc01,t1279, 300 , 280 ,,
period1,sc01,t1280, 301.294095225512 , 281.294095225512 ,,
period1,sc01,t1281, 302.5 , 282.5 ,,
period1,sc01,t1282, 303.535533905932 , 283.535533905932 ,,
period1,sc01,t1283, 304.330127018922 , 284.330127018922 ,,
period1,sc01,t1284, 304.829629131445 , 284.829629131445 ,,
period1,sc01,t1285, 305 , 285 ,,
period1,sc01,t1286, 304.829629131445 , 284.829629131445 ,,
period1,sc01,t1287, 304.330127018922 , 284.330127018922 ,,
period1,sc01,t1288, 303.535533905932 , 283.535533905932 ,,
period1,sc01,t1289, 302.5 , 282.5 ,,
period1,sc01,t1290, 301.294095225512 , 281.294095225512 ,,
period1,sc01,t1291, 300 , 280 ,,
period1,sc01,t1292, 298.705904774487 , 278.705904774487 ,,
period1,sc01,t1293, 297.5 , 277.5 ,,
period1,sc01,t1294, 296.464466094067 , 276.464466094067 ,,
period1,sc01,t1295, 295.669872981077 , 275.669872981077 ,,
period1,sc01,t1296, 295.170370868554 , 275.170370868554 ,,
period1,sc01,t1297, 295 , 275 ,,
period1,sc01,t1298, 295.170370868554 , 275.170370868554 ,,
period1,sc01,t1299, 295.669872981077 , 275.669872981077 ,,
period1,sc01,t1300, 296.464466094067 , 276.464466094067 ,,
period1,sc01,t1301, 297.5 , 277.5 ,,
period1,sc01,t1302, 298.705904774487 , 278.705904774487 ,,
period1,sc01,t1303, 300 , 280 ,,
period1,sc01,t1304, 301.294095225512 , 281.294095225512 ,,
period1,sc01,t1305, 302.5 , 282.5 ,,
period1,sc01,t1306, 303.535533905932 , 283.535533905932 ,,
period1,sc01,t1307, 304.330127018922 , 284.330127018922 ,,
period1,sc01,t1308, 304.829629131445 , 284.829629131445 ,,
period1,sc01,t1309, 295 , 275 ,,
period1,sc01,t1310, 294.829629131445 , 274.829629131445 ,,
period1,sc01,t1311, 294.330127018922 , 274.330127018922 ,,
period1,sc01,t1312, 293.535533905932 , 273.535533905932 ,,
period1,sc01,t1313, 292.5 , 272.5 ,,
period1,sc01,t1314, 291.294095225512 , 271.294095225512 ,,
period1,sc01,t1315, 290 , 270 ,,
period1,sc01,t1316, 288.705904774487 , 268.705904774487 ,,
period1,sc01,t1317, 287.5 , 267.5 ,,
period1,sc01,t1318, 286.464466094067 , 266.464466094067 ,,
period1,sc01,t1319, 285.669872981077 , 265.669872981077 ,,
period1,sc01,t1320, 285.170370868554 , 265.170370868554 ,,
period1,sc01,t1321, 285 , 265 ,,
period1,sc01,t1322, 285.170370868554 , 265.170370868554 ,,
period1,sc01,t1323, 285.669872981077 , 265.669872981077 ,,
period1,sc01,t1324, 286.464466094067 , 266.464466094067 ,,
period1,sc01,t1325, 287.5 , 267.5 ,,
period1,sc01,t1326, 288.705904774487 , 268.705904774487 ,,
period1,sc01,t1327, 290 , 270 ,,
period1,sc01,t1328, 291.294095225512 , 271.294095225512 ,,
period1,sc01,t1329, 292.5 , 272.5 ,,
period1,sc01,t1330, 293.535533905932 , 273.535533905932 ,,
period1,sc01,t1331, 294.330127018922 , 274.330127018922 ,,
period1,sc01,t1332, 294.829629131445 , 274.829629131445 ,,
period1,sc01,t1333, 295 , 275 ,,
period1,sc01,t1334, 294.829629131445 , 274.829629131445 ,,
period1,sc01,t1335, 294.330127018922 , 274.330127018922 ,,
period1,sc01,t1336, 293.535533905932 , 273.535533905932 ,,
period1,sc01,t1337, 292.5 , 272.5 ,,
period1,sc01,t1338, 291.294095225512 , 271.294095225512 ,,
period1,sc01,t1339, 290 , 270 ,,
period1,sc01,t1340, 288.705904774487 , 268.705904774487 ,,
period1,sc01,t1341, 287.5 , 267.5 ,,
period1,sc01,t1342, 286.464466094067 , 266.464466094067 ,,
period1,sc01,t1343, 285.669872981077 , 265.669872981077 ,,
period1,sc01,t1344, 285.170370868554 , 265.170370868554 ,,
period1,sc01,t1345, 285 , 265 ,,
period1,sc01,t1346, 285.170370868554 , 265.170370868554 ,,
period1,sc01,t1347, 285.669872981077 , 265.669872981077 ,,
period1,sc01,t1348, 286.464466094067 , 266.464466094067 ,,
period1,sc01,t1349, 287.5 , 267.5 ,,
period1,sc01,t1350, 288.705904774487 , 268.705904774487 ,,
period1,sc01,t1351, 290 , 270 ,,
period1,sc01,t1352, 291.294095225512 , 271.294095225512 ,,
period1,sc01,t1353, 292.5 , 272.5 ,,
period1,sc01,t1354, 293.535533905932 , 273.535533905932 ,,
period1,sc01,t1355, 294.330127018922 , 274.330127018922 ,,
period1,sc01,t1356, 294.829629131445 , 274.829629131445 ,,
period1,sc01,t1357, 305 , 285 ,,
period1,sc01,t1358, 304.829629131445 , 284.829629131445 ,,
period1,sc01,t1359, 304.330127018922 , 284.330127018922 ,,
period1,sc01,t1360, 303.535533905932 , 283.535533905932 ,,
period1,sc01,t1361, 302.5 , 282.5 ,,
period1,sc01,t1362, 301.294095225512 , 281.294095225512 ,,
period1,sc01,t1363, 300 , 280 ,,
period1,sc01,t1364, 298.705904774487 , 278.705904774487 ,,
period1,sc01,t1365, 297.5 , 277.5 ,,
period1,sc01,t1366, 296.464466094067 , 276.464466094067 ,,
period1,sc01,t1367, 295.669872981077 , 275.669872981077 ,,
period1,sc01,t1368, 295.170370868554 , 275.170370868554 ,,
period1,sc01,t1369, 295 , 275 ,,
period1,sc01,t1370, 295.170370868554 , 275.170370868554 ,,
period1,sc01,t1371, 295.669872981077 , 275.669872981077 ,,
period1,sc01,t1372, 296.464466094067 , 276.464466094067 ,,
period1,sc01,t1373, 297.5 , 277.5 ,,
period1,sc01,t1374, 298.705904774487 , 278.705904774487 ,,
period1,sc01,t1375, 300 , 280 ,,
period1,sc01,t1376, 301.294095225512 , 281.294095225512 ,,
period1,sc01,t1377, 302.5 , 282.5 ,,
period1,sc01,t1378, 303.535533905932 , 283.535533905932 ,,
period1,sc01,t1379, 304.330127018922 , 284.330127018922 ,,
period1,sc01,t1380, 304.829629131445 , 284.829629131445 ,,
period1,sc01,t1381, 305 , 285 ,,
period1,sc01,t1382, 304.829629131445 , 284.829629131445 ,,
period1,sc01,t1383, 304.330127018922 , 284.330127018922 ,,
period1,sc01,t1384, 303.535533905932 , 283.535533905932 ,,
period1,sc01,t1385, 302.5 , 282.5 ,,
period1,sc01,t1386, 301.294095225512 , 281.294095225512 ,,
period1,sc01,t1387, 300 , 280 ,,
period1,sc01,t1388, 298.705904774487 , 278.705904774487 ,,
period1,sc01,t1389, 297.5 , 277.5 ,,
period1,sc01,t1390, 296.464466094067 , 276.464466094067 ,,
period1,sc01,t1391, 295.669872981077 , 275.669872981077 ,,
period1,sc01,t1392, 295.170370868554 , 275.170370868554 ,,
period1,sc01,t1393, 295 , 275 ,,
period1,sc01,t1394, 295.170370868554 , 275.170370868554 ,,
period1,sc01,t1395, 295.669872981077 , 275.669872981077 ,,
period1,sc01,t1396, 296.464466094067 , 276.464466094067 ,,
period1,sc01,t1397, 297.5 , 277.5 ,,
period1,sc01,t1398, 298.705904774487 , 278.705904774487 ,,
period1,sc01,t1399, 300 , 280 ,,
period1,sc01,t1400, 301.294095225512 , 281.294095225512 ,,
period1,sc01,t1401, 302.5 , 282.5 ,,
period1,sc01,t1402, 303.535533905932 , 283.535533905932 ,,
period1,sc01,t1403, 304.330127018922 , 284.330127018922 ,,
period1,sc01,t1404, 304.829629131445 , 284.829629131445 ,,
period1,sc01,t1405, 305 , 285 ,,
period1,sc01,t1406, 304.829629131445 , 284.829629131445 ,,
period1,sc01,t1407, 304.330127018922 , 284.330127018922 ,,
period1,sc01,t1408, 303.535533905932 , 283.535533905932 ,,
period1,sc01,t1409, 302.5 , 282.5 ,,
period1,sc01,t1410, 301.294095225512 , 281.294095225512 ,,
period1,sc01,t1411, 300 , 280 ,,
period1,sc01,t1412, 298.705904774487 , 278.705904774487 ,,
period1,sc01,t1413, 297.5 , 277.5 ,,
period1,sc01,t1414, 296.464466094067 , 276.464466094067 ,,
period1,sc01,t1415, 295.669872981077 , 275.669872981077 ,,
period1,sc01,t1416, 295.170370868554 , 275.170370868554 ,,
period1,sc01,t1417, 295 , 275 ,,
period1,sc01,t1418, 295.170370868554 , 275.170370868554 ,,
period1,sc01,t1419, 295.669872981077 , 275.669872981077 ,,
period1,sc01,t1420, 296.464466094067 , 276.464466094067 ,,
period1,sc01,t1421, 297.5 , 277.5 ,,
period1,sc01,t1422, 298.705904774487 , 278.705904774487 ,,
period1,sc01,t1423, 300 , 280 ,,
period1,sc01,t1424, 301.294095225512 , 281.294095225512 ,,
period1,sc01,t1425, 302.5 , 282.5 ,,
period1,sc01,t1426, 303.535533905932 , 283.535533905932 ,,
period1,sc01,t1427, 304.330127018922 , 284.330127018922 ,,
period1,sc01,t1428, 304.829629131445 , 284.829629131445 ,,
period1,sc01,t1429, 305 , 285 ,,
period1,sc01,t1430, 304.829629131445 , 284.829629131445 ,,
period1,sc01,t1431, 304.330127018922 , 284.330127018922 ,,
period1,sc01,t1432, 303.535533905932 , 283.535533905932 ,,
period1,sc01,t1433, 302.5 , 282.5 ,,
period1,sc01,t1434, 301.294095225512 , 281.294095225512 ,,
period1,sc01,t1435, 300 , 280 ,,
period1,sc01,t1436, 298.705904774487 , 278.705904774487 ,,
period1,sc01,t1437, 297.5 , 277.5 ,,
period1,sc01,t1438, 296.464466094067 , 276.464466094067 ,,
period1,sc01,t1439, 295.669872981077 , 275.669872981077 ,,
period1,sc01,t1440, 295.170370868554 , 275.170370868554 ,,
period1,sc01,t1441, 295 , 275 ,,
period1,sc01,t1442, 295.170370868554 , 275.170370868554 ,,
period1,sc01,t1443, 295.669872981077 , 275.669872981077 ,,
period1,sc01,t1444, 296.464466094067 , 276.464466094067 ,,
period1,sc01,t1445, 297.5 , 277.5 ,,
period1,sc01,t1446, 298.705904774487 , 278.705904774487 ,,
period1,sc01,t1447, 300 , 280 ,,
period1,sc01,t1448, 301.294095225512 , 281.294095225512 ,,
period1,sc01,t1449, 302.5 , 282.5 ,,
period1,sc01,t1450, 303.535533905932 , 283.535533905932 ,,
period1,sc01,t1451, 304.330127018922 , 284.330127018922 ,,
period1,sc01,t1452, 304.829629131445 , 284.829629131445 ,,
period1,sc01,t1453, 305 , 285 ,,
period1,sc01,t1454, 304.829629131445 , 284.829629131445 ,,
period1,sc01,t1455, 304.330127018922 , 284.330127018922 ,,
period1,sc01,t1456, 303.535533905932 , 283.535533905932 ,,
period1,sc01,t1457, 302.5 , 282.5 ,,
period1,sc01,t1458, 301.294095225512 , 281.294095225512 ,,
period1,sc01,t1459, 300 , 280 ,,
period1,sc01,t1460, 298.705904774487 , 278.705904774487 ,,
period1,sc01,t1461, 297.5 , 277.5 ,,
period1,sc01,t1462, 296.464466094067 , 276.464466094067 ,,
period1,sc01,t1463, 295.669872981077 , 275.669872981077 ,,
period1,sc01,t1464, 295.170370868554 , 275.170370868554 ,,
period1,sc01,t1465, 295 , 275 ,,
period1,sc01,t1466, 295.170370868554 , 275.170370868554 ,,
period1,sc01,t1467, 295.669872981077 , 275.669872981077 ,,
period1,sc01,t1468, 296.464466094067 , 276.464466094067 ,,
period1,sc01,t1469, 297.5 , 277.5 ,,
period1,sc01,t1470, 298.705904774487 , 278.705904774487 ,,
period1,sc01,t1471, 300 , 280 ,,
period1,sc01,t1472, 301.294095225512 , 281.294095225512 ,,
period1,sc01,t1473, 302.5 , 282.5 ,,
period1,sc01,t1474, 303.535533905932 , 283.535533905932 ,,
period1,sc01,t1475, 304.330127018922 , 284.330127018922 ,,
period1,sc01,t1476, 304.829629131445 , 284.829629131445 ,,
period1,sc01,t1477, 295 , 275 ,,
period1,sc01,t1478, 294.829629131445 , 274.829629131445 ,,
period1,sc01,t1479, 294.330127018922 , 274.330127018922 ,,
period1,sc01,t1480, 293.535533905932 , 273.535533905932 ,,
period1,sc01,t1481, 292.5 , 272.5 ,,
period1,sc01,t1482, 291.294095225512 , 271.294095225512 ,,
period1,sc01,t1483, 290 , 270 ,,
period1,sc01,t1484, 288.705904774487 , 268.705904774487 ,,
period1,sc01,t1485, 287.5 , 267.5 ,,
period1,sc01,t1486, 286.464466094067 , 266.464466094067 ,,
period1,sc01,t1487, 285.669872981077 , 265.669872981077 ,,
period1,sc01,t1488, 285.170370868554 , 265.170370868554 ,,
period1,sc01,t1489, 285 , 265 ,,
period1,sc01,t1490, 285.170370868554 , 265.170370868554 ,,
period1,sc01,t1491, 285.669872981077 , 265.669872981077 ,,
period1,sc01,t1492, 286.464466094067 , 266.464466094067 ,,
period1,sc01,t1493, 287.5 , 267.5 ,,
period1,sc01,t1494, 288.705904774487 , 268.705904774487 ,,
period1,sc01,t1495, 290 , 270 ,,
period1,sc01,t1496, 291.294095225512 , 271.294095225512 ,,
period1,sc01,t1497, 292.5 , 272.5 ,,
period1,sc01,t1498, 293.535533905932 , 273.535533905932 ,,
period1,sc01,t1499, 294.330127018922 , 274.330127018922 ,,
period1,sc01,t1500, 294.829629131445 , 274.829629131445 ,,
period1,sc01,t1501, 295 , 275 ,,
period1,sc01,t1502, 294.829629131445 , 274.829629131445 ,,
period1,sc01,t1503, 294.330127018922 , 274.330127018922 ,,
period1,sc01,t1504, 293.535533905932 , 273.535533905932 ,,
period1,sc01,t1505, 292.5 , 272.5 ,,
period1,sc01,t1506, 291.294095225512 , 271.294095225512 ,,
period1,sc01,t1507, 290 , 270 ,,
period1,sc01,t1508, 288.705904774487 , 268.705904774487 ,,
period1,sc01,t1509, 287.5 , 267.5 ,,
period1,sc01,t1510, 286.464466094067 , 266.464466094067 ,,
period1,sc01,t1511, 285.669872981077 , 265.669872981077 ,,
period1,sc01,t1512, 285.170370868554 , 265.170370868554 ,,
period1,sc01,t1513, 285 , 265 ,,
period1,sc01,t1514, 285.170370868554 , 265.170370868554 ,,
period1,sc01,t1515, 285.669872981077 , 265.669872981077 ,,
period1,sc01,t1516, 286.464466094067 , 266.464466094067 ,,
period1,sc01,t1517, 287.5 , 267.5 ,,
period1,sc01,t1518, 288.705904774487 , 268.705904774487 ,,
period1,sc01,t1519, 290 , 270 ,,
period1,sc01,t1520, 291.294095225512 , 271.294095225512 ,,
period1,sc01,t1521, 292.5 , 272.5 ,,
period1,sc01,t1522, 293.535533905932 , 273.535533905932 ,,
period1,sc01,t1523, 294.330127018922 , 274.330127018922 ,,
period1,sc01,t1524, 294.829629131445 , 274.829629131445 ,,
period1,sc01,t1525, 305 , 285 ,,
period1,sc01,t1526, 304.829629131445 , 284.829629131445 ,,
period1,sc01,t1527, 304.330127018922 , 284.330127018922 ,,
period1,sc01,t1528, 303.535533905932 , 283.535533905932 ,,
period1,sc01,t1529, 302.5 , 282.5 ,,
period1,sc01,t1530, 301.294095225512 , 281.294095225512 ,,
period1,sc01,t1531, 300 , 280 ,,
period1,sc01,t1532, 298.705904774487 , 278.705904774487 ,,
period1,sc01,t1533, 297.5 , 277.5 ,,
period1,sc01,t1534, 296.464466094067 , 276.464466094067 ,,
period1,sc01,t1535, 295.669872981077 , 275.669872981077 ,,
period1,sc01,t1536, 295.170370868554 , 275.170370868554 ,,
period1,sc01,t1537, 295 , 275 ,,
period1,sc01,t1538, 295.170370868554 , 275.170370868554 ,,
period1,sc01,t1539, 295.669872981077 , 275.669872981077 ,,
period1,sc01,t1540, 296.464466094067 , 276.464466094067 ,,
period1,sc01,t1541, 297.5 , 277.5 ,,
period1,sc01,t1542, 298.705904774487 , 278.705904774487 ,,
period1,sc01,t1543, 300 , 280 ,,
period1,sc01,t1544, 301.294095225512 , 281.294095225512 ,,
period1,sc01,t1545, 302.5 , 282.5 ,,
period1,sc01,t1546, 303.535533905932 , 283.535533905932 ,,
period1,sc01,t1547, 304.330127018922 , 284.330127018922 ,,
period1,sc01,t1548, 304.829629131445 , 284.829629131445 ,,
period1,sc01,t1549, 305 , 285 ,,
period1,sc01,t1550, 304.829629131445 , 284.829629131445 ,,
period1,sc01,t1551, 304.330127018922 , 284.330127018922 ,,
period1,sc01,t1552, 303.535533905932 , 283.535533905932 ,,
period1,sc01,t1553, 302.5 , 282.5 ,,
period1,sc01,t1554, 301.294095225512 , 281.294095225512 ,,
period1,sc01,t1555, 300 , 280 ,,
period1,sc01,t1556, 298.705904774487 , 278.705904774487 ,,
period1,sc01,t1557, 297.5 , 277.5 ,,
period1,sc01,t1558, 296.464466094067 , 276.464466094067 ,,
period1,sc01,t1559, 295.669872981077 , 275.669872981077 ,,
period1,sc01,t1560, 295.170370868554 , 275.170370868554 ,,
period1,sc01,t1561, 295 , 275 ,,
period1,sc01,t1562, 295.170370868554 , 275.170370868554 ,,
period1,sc01,t1563, 295.669872981077 , 275.669872981077 ,,
period1,sc01,t1564, 296.464466094067 , 276.464466094067 ,,
period1,sc01,t1565, 297.5 , 277.5 ,,
period1,sc01,t1566, 298.705904774487 , 278.705904774487 ,,
period1,sc01,t1567, 300 , 280 ,,
period1,sc01,t1568, 301.294095225512 , 281.294095225512 ,,
period1,sc01,t1569, 302.5 , 282.5 ,,
period1,sc01,t1570, 303.535533905932 , 283.535533905932 ,,
period1,sc01,t1571, 304.330127018922 , 284.330127018922 ,,
period1,sc01,t1572, 304.829629131445 , 284.829629131445 ,,
period1,sc01,t1573, 305 , 285 ,,
period1,sc01,t1574, 304.829629131445 , 284.829629131445 ,,
period1,sc01,t1575, 304.330127018922 , 284.330127018922 ,,
period1,sc01,t1576, 303.535533905932 , 283.535533905932 ,,
period1,sc01,t1577, 302.5 , 282.5 ,,
period1,sc01,t1578, 301.294095225512 , 281.294095225512 ,,
period1,sc01,t1579, 300 , 280 ,,
period1,sc01,t1580, 298.705904774487 , 278.705904774487 ,,
period1,sc01,t1581, 297.5 , 277.5 ,,
period1,sc01,t1582, 296.464466094067 , 276.464466094067 ,,
period1,sc01,t1583, 295.669872981077 , 275.669872981077 ,,
period1,sc01,t1584, 295.170370868554 , 275.170370868554 ,,
period1,sc01,t1585, 295 , 275 ,,
period1,sc01,t1586, 295.170370868554 , 275.170370868554 ,,
period1,sc01,t1587, 295.669872981077 , 275.669872981077 ,,
period1,sc01,t1588, 296.464466094067 , 276.464466094067 ,,
period1,sc01,t1589, 297.5 , 277.5 ,,
period1,sc01,t1590, 298.705904774487 , 278.705904774487 ,,
period1,sc01,t1591, 300 , 280 ,,
period1,sc01,t1592, 301.294095225512 , 281.294095225512 ,,
period1,sc01,t1593, 302.5 , 282.5 ,,
period1,sc01,t1594, 303.535533905932 , 283.535533905932 ,,
period1,sc01,t1595, 304.330127018922 , 284.330127018922 ,,
period1,sc01,t1596, 304.829629131445 , 284.829629131445 ,,
period1,sc01,t1597, 305 , 285 ,,
period1,sc01,t1598, 304.829629131445 , 284.829629131445 ,,
period1,sc01,t1599, 304.330127018922 , 284.330127018922 ,,
period1,sc01,t1600, 303.535533905932 , 283.535533905932 ,,
period1,sc01,t1601, 302.5 , 282.5 ,,
period1,sc01,t1602, 301.294095225512 , 281.294095225512 ,,
period1,sc01,t1603, 300 , 280 ,,
period1,sc01,t1604, 298.705904774487 , 278.705904774487 ,,
period1,sc01,t1605, 297.5 , 277.5 ,,
period1,sc01,t1606, 296.464466094067 , 276.464466094067 ,,
period1,sc01,t1607, 295.669872981077 , 275.669872981077 ,,
period1,sc01,t1608, 295.170370868554 , 275.170370868554 ,,
period1,sc01,t1609, 295 , 275 ,,
period1,sc01,t1610, 295.170370868554 , 275.170370868554 ,,
period1,sc01,t1611, 295.669872981077 , 275.669872981077 ,,
period1,sc01,t1612, 296.464466094067 , 276.464466094067 ,,
period1,sc01,t1613, 297.5 , 277.5 ,,
period1,sc01,t1614, 298.705904774487 , 278.705904774487 ,,
period1,sc01,t1615, 300 , 280 ,,
period1,sc01,t1616, 301.294095225512 , 281.294095225512 ,,
period1,sc01,t1617, 302.5 , 282.5 ,,
period1,sc01,t1618, 303.535533905932 , 283.535533905932 ,,
period1,sc01,t1619, 304.330127018922 , 284.330127018922 ,,
period1,sc01,t1620, 304.829629131445 , 284.829629131445 ,,
period1,sc01,t1621, 305 , 285 ,,
period1,sc01,t1622, 304.829629131445 , 284.829629131445 ,,
period1,sc01,t1623, 304.330127018922 , 284.330127018922 ,,
period1,sc01,t1624, 303.535533905932 , 283.535533905932 ,,
period1,sc01,t1625, 302.5 , 282.5 ,,
period1,sc01,t1626, 301.294095225512 , 281.294095225512 ,,
period1,sc01,t1627, 300 , 280 ,,
period1,sc01,t1628, 298.705904774487 , 278.705904774487 ,,
period1,sc01,t1629, 297.5 , 277.5 ,,
period1,sc01,t1630, 296.464466094067 , 276.464466094067 ,,
period1,sc01,t1631, 295.669872981077 , 275.669872981077 ,,
period1,sc01,t1632, 295.170370868554 , 275.170370868554 ,,
period1,sc01,t1633, 295 , 275 ,,
period1,sc01,t1634, 295.170370868554 , 275.170370868554 ,,
period1,sc01,t1635, 295.669872981077 , 275.669872981077 ,,
period1,sc01,t1636, 296.464466094067 , 276.464466094067 ,,
period1,sc01,t1637, 297.5 , 277.5 ,,
period1,sc01,t1638, 298.705904774487 , 278.705904774487 ,,
period1,sc01,t1639, 300 , 280 ,,
period1,sc01,t1640, 301.294095225512 , 281.294095225512 ,,
period1,sc01,t1641, 302.5 , 282.5 ,,
period1,sc01,t1642, 303.535533905932 , 283.535533905932 ,,
period1,sc01,t1643, 304.330127018922 , 284.330127018922 ,,
period1,sc01,t1644, 304.829629131445 , 284.829629131445 ,,
period1,sc01,t1645, 295 , 275 ,,
period1,sc01,t1646, 294.829629131445 , 274.829629131445 ,,
period1,sc01,t1647, 294.330127018922 , 274.330127018922 ,,
period1,sc01,t1648, 293.535533905932 , 273.535533905932 ,,
period1,sc01,t1649, 292.5 , 272.5 ,,
period1,sc01,t1650, 291.294095225512 , 271.294095225512 ,,
period1,sc01,t1651, 290 , 270 ,,
period1,sc01,t1652, 288.705904774487 , 268.705904774487 ,,
period1,sc01,t1653, 287.5 , 267.5 ,,
period1,sc01,t1654, 286.464466094067 , 266.464466094067 ,,
period1,sc01,t1655, 285.669872981077 , 265.669872981077 ,,
period1,sc01,t1656, 285.170370868554 , 265.170370868554 ,,
period1,sc01,t1657, 285 , 265 ,,
period1,sc01,t1658, 285.170370868554 , 265.170370868554 ,,
period1,sc01,t1659, 285.669872981077 , 265.669872981077 ,,
period1,sc01,t1660, 286.464466094067 , 266.464466094067 ,,
period1,sc01,t1661, 287.5 , 267.5 ,,
period1,sc01,t1662, 288.705904774487 , 268.705904774487 ,,
period1,sc01,t1663, 290 , 270 ,,
period1,sc01,t1664, 291.294095225512 , 271.294095225512 ,,
period1,sc01,t1665, 292.5 , 272.5 ,,
period1,sc01,t1666, 293.535533905932 , 273.535533905932 ,,
period1,sc01,t1667, 294.330127018922 , 274.330127018922 ,,
period1,sc01,t1668, 294.829629131445 , 274.829629131445 ,,
period1,sc01,t1669, 295 , 275 ,,
period1,sc01,t1670, 294.829629131445 , 274.829629131445 ,,
period1,sc01,t1671, 294.330127018922 , 274.330127018922 ,,
period1,sc01,t1672, 293.535533905932 , 273.535533905932 ,,
period1,sc01,t1673, 292.5 , 272.5 ,,
period1,sc01,t1674, 291.294095225512 , 271.294095225512 ,,
period1,sc01,t1675, 290 , 270 ,,
period1,sc01,t1676, 288.705904774487 , 268.705904774487 ,,
period1,sc01,t1677, 287.5 , 267.5 ,,
period1,sc01,t1678, 286.464466094067 , 266.464466094067 ,,
period1,sc01,t1679, 285.669872981077 , 265.669872981077 ,,
period1,sc01,t1680, 285.170370868554 , 265.170370868554 ,,
period1,sc01,t1681, 285 , 265 ,,
period1,sc01,t1682, 285.170370868554 , 265.170370868554 ,,
period1,sc01,t1683, 285.669872981077 , 265.669872981077 ,,
period1,sc01,t1684, 286.464466094067 , 266.464466094067 ,,
period1,sc01,t1685, 287.5 , 267.5 ,,
period1,sc01,t1686, 288.705904774487 , 268.705904774487 ,,
period1,sc01,t1687, 290 , 270 ,,
period1,sc01,t1688, 291.294095225512 , 271.294095225512 ,,
period1,sc01,t1689, 292.5 , 272.5 ,,
period1,sc01,t1690, 293.535533905932 , 273.535533905932 ,,
period1,sc01,t1691, 294.330127018922 , 274.330127018922 ,,
period1,sc01,t1692, 294.829629131445 , 274.829629131445 ,,
period1,sc01,t1693, 305 , 285 ,,
period1,sc01,t1694, 304.829629131445 , 284.829629131445 ,,
period1,sc01,t1695, 304.330127018922 , 284.330127018922 ,,
period1,sc01,t1696, 303.535533905932 , 283.535533905932 ,,
period1,sc01,t1697, 302.5 , 282.5 ,,
period1,sc01,t1698, 301.294095225512 , 281.294095225512 ,,
period1,sc01,t1699, 300 , 280 ,,
period1,sc01,t1700, 298.705904774487 , 278.705904774487 ,,
period1,sc01,t1701, 297.5 , 277.5 ,,
period1,sc01,t1702, 296.464466094067 , 276.464466094067 ,,
period1,sc01,t1703, 295.669872981077 , 275.669872981077 ,,
period1,sc01,t1704, 295.170370868554 , 275.170370868554 ,,
period1,sc01,t1705, 295 , 275 ,,
period1,sc01,t1706, 295.170370868554 , 275.170370868554 ,,
period1,sc01,t1707, 295.669872981077 , 275.669872981077 ,,
period1,sc01,t1708, 296.464466094067 , 276.464466094067 ,,
period1,sc01,t1709, 297.5 , 277.5 ,,
period1,sc01,t1710, 298.705904774487 , 278.705904774487 ,,
period1,sc01,t1711, 300 , 280 ,,
period1,sc01,t1712, 301.294095225512 , 281.294095225512 ,,
period1,sc01,t1713, 302.5 , 282.5 ,,
period1,sc01,t1714, 303.535533905932 , 283.535533905932 ,,
period1,sc01,t1715, 304.330127018922 , 284.330127018922 ,,
period1,sc01,t1716, 304.829629131445 , 284.829629131445 ,,
period1,sc01,t1717, 305 , 285 ,,
period1,sc01,t1718, 304.829629131445 , 284.829629131445 ,,
period1,sc01,t1719, 304.330127018922 , 284.330127018922 ,,
period1,sc01,t1720, 303.535533905932 , 283.535533905932 ,,
period1,sc01,t1721, 302.5 , 282.5 ,,
period1,sc01,t1722, 301.294095225512 , 281.294095225512 ,,
period1,sc01,t1723, 300 , 280 ,,
period1,sc01,t1724, 298.705904774487 , 278.705904774487 ,,
period1,sc01,t1725, 297.5 , 277.5 ,,
period1,sc01,t1726, 296.464466094067 , 276.464466094067 ,,
period1,sc01,t1727, 295.669872981077 , 275.669872981077 ,,
period1,sc01,t1728, 295.170370868554 , 275.170370868554 ,,
period1,sc01,t1729, 295 , 275 ,,
period1,sc01,t1730, 295.170370868554 , 275.170370868554 ,,
period1,sc01,t1731, 295.669872981077 , 275.669872981077 ,,
period1,sc01,t1732, 296.464466094067 , 276.464466094067 ,,
period1,sc01,t1733, 297.5 , 277.5 ,,
period1,sc01,t1734, 298.705904774487 , 278.705904774487 ,,
period1,sc01,t1735, 300 , 280 ,,
period1,sc01,t1736, 301.294095225512 , 281.294095225512 ,,
period1,sc01,t1737, 302.5 , 282.5 ,,
period1,sc01,t1738, 303.535533905932 , 283.535533905932 ,,
period1,sc01,t1739, 304.330127018922 , 284.330127018922 ,,
period1,sc01,t1740, 304.829629131445 , 284.829629131445 ,,
period1,sc01,t1741, 305 , 285 ,,
period1,sc01,t1742, 304.829629131445 , 284.829629131445 ,,
period1,sc01,t1743, 304.330127018922 , 284.330127018922 ,,
period1,sc01,t1744, 303.535533905932 , 283.535533905932 ,,
period1,sc01,t1745, 302.5 , 282.5 ,,
period1,sc01,t1746, 301.294095225512 , 281.294095225512 ,,
period1,sc01,t1747, 300 , 280 ,,
period1,sc01,t1748, 298.705904774487 , 278.705904774487 ,,
period1,sc01,t1749, 297.5 , 277.5 ,,
period1,sc01,t1750, 296.464466094067 , 276.464466094067 ,,
period1,sc01,t1751, 295.669872981077 , 275.669872981077 ,,
period1,sc01,t1752, 295.170370868554 , 275.170370868554 ,,
period1,sc01,t1753, 295 , 275 ,,
period1,sc01,t1754, 295.170370868554 , 275.170370868554 ,,
period1,sc01,t1755, 295.669872981077 , 275.669872981077 ,,
period1,sc01,t1756, 296.464466094067 , 276.464466094067 ,,
period1,sc01,t1757, 297.5 , 277.5 ,,
period1,sc01,t1758, 298.705904774487 , 278.705904774487 ,,
period1,sc01,t1759, 300 , 280 ,,
period1,sc01,t1760, 301.294095225512 , 281.294095225512 ,,
period1,sc01,t1761, 302.5 , 282.5 ,,
period1,sc01,t1762, 303.535533905932 , 283.535533905932 ,,
period1,sc01,t1763, 304.330127018922 , 284.330127018922 ,,
period1,sc01,t1764, 304.829629131445 , 284.829629131445 ,,
period1,sc01,t1765, 305 , 285 ,,
period1,sc01,t1766, 304.829629131445 , 284.829629131445 ,,
period1,sc01,t1767, 304.330127018922 , 284.330127018922 ,,
period1,sc01,t1768, 303.535533905932 , 283.535533905932 ,,
period1,sc01,t1769, 302.5 , 282.5 ,,
period1,sc01,t1770, 301.294095225512 , 281.294095225512 ,,
period1,sc01,t1771, 300 , 280 ,,
period1,sc01,t1772, 298.705904774487 , 278.705904774487 ,,
period1,sc01,t1773, 297.5 , 277.5 ,,
period1,sc01,t1774, 296.464466094067 , 276.464466094067 ,,
period1,sc01,t1775, 295.669872981077 , 275.669872981077 ,,
period1,sc01,t1776, 295.170370868554 , 275.170370868554 ,,
period1,sc01,t1777, 295 , 275 ,,
period1,sc01,t1778, 295.170370868554 , 275.170370868554 ,,
period1,sc01,t1779, 295.669872981077 , 275.669872981077 ,,
period1,sc01,t1780, 296.464466094067 , 276.464466094067 ,,
period1,sc01,t1781, 297.5 , 277.5 ,,
period1,sc01,t1782, 298.705904774487 , 278.705904774487 ,,
period1,sc01,t1783, 300 , 280 ,,
period1,sc01,t1784, 301.294095225512 , 281.294095225512 ,,
period1,sc01,t1785, 302.5 , 282.5 ,,
period1,sc01,t1786, 303.535533905932 , 283.535533905932 ,,
period1,sc01,t1787, 304.330127018922 , 284.330127018922 ,,
period1,sc01,t1788, 304.829629131445 , 284.829629131445 ,,
period1,sc01,t1789, 305 , 285 ,,
period1,sc01,t1790, 304.829629131445 , 284.829629131445 ,,
period1,sc01,t1791, 304.330127018922 , 284.330127018922 ,,
period1,sc01,t1792, 303.535533905932 , 283.535533905932 ,,
period1,sc01,t1793, 302.5 , 282.5 ,,
period1,sc01,t1794, 301.294095225512 , 281.294095225512 ,,
period1,sc01,t1795, 300 , 280 ,,
period1,sc01,t1796, 298.705904774487 , 278.705904774487 ,,
period1,sc01,t1797, 297.5 , 277.5 ,,
period1,sc01,t1798, 296.464466094067 , 276.464466094067 ,,
period1,sc01,t1799, 295.669872981077 , 275.669872981077 ,,
period1,sc01,t1800, 295.170370868554 , 275.170370868554 ,,
period1,sc01,t1801, 295 , 275 ,,
period1,sc01,t1802, 295.170370868554 , 275.170370868554 ,,
period1,sc01,t1803, 295.669872981077 , 275.669872981077 ,,
period1,sc01,t1804, 296.464466094067 , 276.464466094067 ,,
period1,sc01,t1805, 297.5 , 277.5 ,,
period1,sc01,t1806, 298.705904774487 , 278.705904774487 ,,
period1,sc01,t1807, 300 , 280 ,,
period1,sc01,t1808, 301.294095225512 , 281.294095225512 ,,
period1,sc01,t1809, 302.5 , 282.5 ,,
period1,sc01,t1810, 303.535533905932 , 283.535533905932 ,,
period1,sc01,t1811, 304.330127018922 , 284.330127018922 ,,
period1,sc01,t1812, 304.829629131445 , 284.829629131445 ,,
period1,sc01,t1813, 295 , 275 ,,
period1,sc01,t1814, 294.829629131445 , 274.829629131445 ,,
period1,sc01,t1815, 294.330127018922 , 274.330127018922 ,,
period1,sc01,t1816, 293.535533905932 , 273.535533905932 ,,
period1,sc01,t1817, 292.5 , 272.5 ,,
period1,sc01,t1818, 291.294095225512 , 271.294095225512 ,,
period1,sc01,t1819, 290 , 270 ,,
period1,sc01,t1820, 288.705904774487 , 268.705904774487 ,,
period1,sc01,t1821, 287.5 , 267.5 ,,
period1,sc01,t1822, 286.464466094067 , 266.464466094067 ,,
period1,sc01,t1823, 285.669872981077 , 265.669872981077 ,,
period1,sc01,t1824, 285.170370868554 , 265.170370868554 ,,
period1,sc01,t1825, 285 , 265 ,,
period1,sc01,t1826, 285.170370868554 , 265.170370868554 ,,
period1,sc01,t1827, 285.669872981077 , 265.669872981077 ,,
period1,sc01,t1828, 286.464466094067 , 266.464466094067 ,,
period1,sc01,t1829, 287.5 , 267.5 ,,
period1,sc01,t1830, 288.705904774487 , 268.705904774487 ,,
period1,sc01,t1831, 290 , 270 ,,
period1,sc01,t1832, 291.294095225512 , 271.294095225512 ,,
period1,sc01,t1833, 292.5 , 272.5 ,,
period1,sc01,t1834, 293.535533905932 , 273.535533905932 ,,
period1,sc01,t1835, 294.330127018922 , 274.330127018922 ,,
period1,sc01,t1836, 294.829629131445 , 274.829629131445 ,,
period1,sc01,t1837, 295 , 275 ,,
period1,sc01,t1838, 294.829629131445 , 274.829629131445 ,,
period1,sc01,t1839, 294.330127018922 , 274.330127018922 ,,
period1,sc01,t1840, 293.535533905932 , 273.535533905932 ,,
period1,sc01,t1841, 292.5 , 272.5 ,,
period1,sc01,t1842, 291.294095225512 , 271.294095225512 ,,
period1,sc01,t1843, 290 , 270 ,,
period1,sc01,t1844, 288.705904774487 , 268.705904774487 ,,
period1,sc01,t1845, 287.5 , 267.5 ,,
period1,sc01,t1846, 286.464466094067 , 266.464466094067 ,,
period1,sc01,t1847, 285.669872981077 , 265.669872981077 ,,
period1,sc01,t1848, 285.170370868554 , 265.170370868554 ,,
period1,sc01,t1849, 285 , 265 ,,
period1,sc01,t1850, 285.170370868554 , 265.170370868554 ,,
period1,sc01,t1851, 285.669872981077 , 265.669872981077 ,,
period1,sc01,t1852, 286.464466094067 , 266.464466094067 ,,
period1,sc01,t1853, 287.5 , 267.5 ,,
period1,sc01,t1854, 288.705904774487 , 268.705904774487 ,,
period1,sc01,t1855, 290 , 270 ,,
period1,sc01,t1856, 291.294095225512 , 271.294095225512 ,,
period1,sc01,t1857, 292.5 , 272.5 ,,
period1,sc01,t1858, 293.535533905932 , 273.535533905932 ,,
period1,sc01,t1859, 294.330127018922 , 274.330127018922 ,,
period1,sc01,t1860, 294.829629131445 , 274.829629131445 ,,
period1,sc01,t1861, 305 , 285 ,,
period1,sc01,t1862, 304.829629131445 , 284.829629131445 ,,
period1,sc01,t1863, 304.330127018922 , 284.330127018922 ,,
period1,sc01,t1864, 303.535533905932 , 283.535533905932 ,,
period1,sc01,t1865, 302.5 , 282.5 ,,
period1,sc01,t1866, 301.294095225512 , 281.294095225512 ,,
period1,sc01,t1867, 300 , 280 ,,
period1,sc01,t1868, 298.705904774487 , 278.705904774487 ,,
period1,sc01,t1869, 297.5 , 277.5 ,,
period1,sc01,t1870, 296.464466094067 , 276.464466094067 ,,
period1,sc01,t1871, 295.669872981077 , 275.669872981077 ,,
period1,sc01,t1872, 295.170370868554 , 275.170370868554 ,,
period1,sc01,t1873, 295 , 275 ,,
period1,sc01,t1874, 295.170370868554 , 275.170370868554 ,,
period1,sc01,t1875, 295.669872981077 , 275.669872981077 ,,
period1,sc01,t1876, 296.464466094067 , 276.464466094067 ,,
period1,sc01,t1877, 297.5 , 277.5 ,,
period1,sc01,t1878, 298.705904774487 , 278.705904774487 ,,
period1,sc01,t1879, 300 , 280 ,,
period1,sc01,t1880, 301.294095225512 , 281.294095225512 ,,
period1,sc01,t1881, 302.5 , 282.5 ,,
period1,sc01,t1882, 303.535533905932 , 283.535533905932 ,,
period1,sc01,t1883, 304.330127018922 , 284.330127018922 ,,
period1,sc01,t1884, 304.829629131445 , 284.829629131445 ,,
period1,sc01,t1885, 305 , 285 ,,
period1,sc01,t1886, 304.829629131445 , 284.829629131445 ,,
period1,sc01,t1887, 304.330127018922 , 284.330127018922 ,,
period1,sc01,t1888, 303.535533905932 , 283.535533905932 ,,
period1,sc01,t1889, 302.5 , 282.5 ,,
period1,sc01,t1890, 301.294095225512 , 281.294095225512 ,,
period1,sc01,t1891, 300 , 280 ,,
period1,sc01,t1892, 298.705904774487 , 278.705904774487 ,,
period1,sc01,t1893, 297.5 , 277.5 ,,
period1,sc01,t1894, 296.464466094067 , 276.464466094067 ,,
period1,sc01,t1895, 295.669872981077 , 275.669872981077 ,,
period1,sc01,t1896, 295.170370868554 , 275.170370868554 ,,
period1,sc01,t1897, 295 , 275 ,,
period1,sc01,t1898, 295.170370868554 , 275.170370868554 ,,
period1,sc01,t1899, 295.669872981077 , 275.669872981077 ,,
period1,sc01,t1900, 296.464466094067 , 276.464466094067 ,,
period1,sc01,t1901, 297.5 , 277.5 ,,
period1,sc01,t1902, 298.705904774487 , 278.705904774487 ,,
period1,sc01,t1903, 300 , 280 ,,
period1,sc01,t1904, 301.294095225512 , 281.294095225512 ,,
period1,sc01,t1905, 302.5 , 282.5 ,,
period1,sc01,t1906, 303.535533905932 , 283.535533905932 ,,
period1,sc01,t1907, 304.330127018922 , 284.330127018922 ,,
period1,sc01,t1908, 304.829629131445 , 284.829629131445 ,,
period1,sc01,t1909, 305 , 285 ,,
period1,sc01,t1910, 304.829629131445 , 284.829629131445 ,,
period1,sc01,t1911, 304.330127018922 , 284.330127018922 ,,
period1,sc01,t1912, 303.535533905932 , 283.535533905932 ,,
period1,sc01,t1913, 302.5 , 282.5 ,,
period1,sc01,t1914, 301.294095225512 , 281.294095225512 ,,
period1,sc01,t1915, 300 , 280 ,,
period1,sc01,t1916, 298.705904774487 , 278.705904774487 ,,
period1,sc01,t1917, 297.5 , 277.5 ,,
period1,sc01,t1918, 296.464466094067 , 276.464466094067 ,,
period1,sc01,t1919, 295.669872981077 , 275.669872981077 ,,
period1,sc01,t1920, 295.170370868554 , 275.170370868554 ,,
period1,sc01,t1921, 295 , 275 ,,
period1,sc01,t1922, 295.170370868554 , 275.170370868554 ,,
period1,sc01,t1923, 295.669872981077 , 275.669872981077 ,,
period1,sc01,t1924, 296.464466094067 , 276.464466094067 ,,
period1,sc01,t1925, 297.5 , 277.5 ,,
period1,sc01,t1926, 298.705904774487 , 278.705904774487 ,,
period1,sc01,t1927, 300 , 280 ,,
period1,sc01,t1928, 301.294095225512 , 281.294095225512 ,,
period1,sc01,t1929, 302.5 , 282.5 ,,
period1,sc01,t1930, 303.535533905932 , 283.535533905932 ,,
period1,sc01,t1931, 304.330127018922 , 284.330127018922 ,,
period1,sc01,t1932, 304.829629131445 , 284.829629131445 ,,
period1,sc01,t1933, 305 , 285 ,,
period1,sc01,t1934, 304.829629131445 , 284.829629131445 ,,
period1,sc01,t1935, 304.330127018922 , 284.330127018922 ,,
period1,sc01,t1936, 303.535533905932 , 283.535533905932 ,,
period1,sc01,t1937, 302.5 , 282.5 ,,
period1,sc01,t1938, 301.294095225512 , 281.294095225512 ,,
period1,sc01,t1939, 300 , 280 ,,
period1,sc01,t1940, 298.705904774487 , 278.705904774487 ,,
period1,sc01,t1941, 297.5 , 277.5 ,,
period1,sc01,t1942, 296.464466094067 , 276.464466094067 ,,
period1,sc01,t1943, 295.669872981077 , 275.669872981077 ,,
period1,sc01,t1944, 295.170370868554 , 275.170370868554 ,,
period1,sc01,t1945, 295 , 275 ,,
period1,sc01,t1946, 295.170370868554 , 275.170370868554 ,,
period1,sc01,t1947, 295.669872981077 , 275.669872981077 ,,
period1,sc01,t1948, 296.464466094067 , 276.464466094067 ,,
period1,sc01,t1949, 297.5 , 277.5 ,,
period1,sc01,t1950, 298.705904774487 , 278.705904774487 ,,
period1,sc01,t1951, 300 , 280 ,,
period1,sc01,t1952, 301.294095225512 , 281.294095225512 ,,
period1,sc01,t1953, 302.5 , 282.5 ,,
period1,sc01,t1954, 303.535533905932 , 283.535533905932 ,,
period1,sc01,t1955, 304.330127018922 , 284.330127018922 ,,
period1,sc01,t1956, 304.829629131445 , 284.829629131445 ,,
period1,sc01,t1957, 305 , 285 ,,
period1,sc01,t1958, 304.829629131445 , 284.829629131445 ,,
period1,sc01,t1959, 304.330127018922 , 284.330127018922 ,,
period1,sc01,t1960, 303.535533905932 , 283.535533905932 ,,
period1,sc01,t1961, 302.5 , 282.5 ,,
period1,sc01,t1962, 301.294095225512 , 281.294095225512 ,,
period1,sc01,t1963, 300 , 280 ,,
period1,sc01,t1964, 298.705904774487 , 278.705904774487 ,,
period1,sc01,t1965, 297.5 , 277.5 ,,
period1,sc01,t1966, 296.464466094067 , 276.464466094067 ,,
period1,sc01,t1967, 295.669872981077 , 275.669872981077 ,,
period1,sc01,t1968, 295.170370868554 , 275.170370868554 ,,
period1,sc01,t1969, 295 , 275 ,,
period1,sc01,t1970, 295.170370868554 , 275.170370868554 ,,
period1,sc01,t1971, 295.669872981077 , 275.669872981077 ,,
period1,sc01,t1972, 296.464466094067 , 276.464466094067 ,,
period1,sc01,t1973, 297.5 , 277.5 ,,
period1,sc01,t1974, 298.705904774487 , 278.705904774487 ,,
period1,sc01,t1975, 300 , 280 ,,
period1,sc01,t1976, 301.294095225512 , 281.294095225512 ,,
period1,sc01,t1977, 302.5 , 282.5 ,,
period1,sc01,t1978, 303.535533905932 , 283.535533905932 ,,
period1,sc01,t1979, 304.330127018922 , 284.330127018922 ,,
period1,sc01,t1980, 304.829629131445 , 284.829629131445 ,,
period1,sc01,t1981, 295 , 275 ,,
period1,sc01,t1982, 294.829629131445 , 274.829629131445 ,,
period1,sc01,t1983, 294.330127018922 , 274.330127018922 ,,
period1,sc01,t1984, 293.535533905932 , 273.535533905932 ,,
period1,sc01,t1985, 292.5 , 272.5 ,,
period1,sc01,t1986, 291.294095225512 , 271.294095225512 ,,
period1,sc01,t1987, 290 , 270 ,,
period1,sc01,t1988, 288.705904774487 , 268.705904774487 ,,
period1,sc01,t1989, 287.5 , 267.5 ,,
period1,sc01,t1990, 286.464466094067 , 266.464466094067 ,,
period1,sc01,t1991, 285.669872981077 , 265.669872981077 ,,
period1,sc01,t1992, 285.170370868554 , 265.170370868554 ,,
period1,sc01,t1993, 285 , 265 ,,
period1,sc01,t1994, 285.170370868554 , 265.170370868554 ,,
period1,sc01,t1995, 285.669872981077 , 265.669872981077 ,,
period1,sc01,t1996, 286.464466094067 , 266.464466094067 ,,
period1,sc01,t1997, 287.5 , 267.5 ,,
period1,sc01,t1998, 288.705904774487 , 268.705904774487 ,,
period1,sc01,t1999, 290 , 270 ,,
period1,sc01,t2000, 291.294095225512 , 271.294095225512 ,,
period1,sc01,t2001, 292.5 , 272.5 ,,
period1,sc01,t2002, 293.535533905932 , 273.535533905932 ,,
period1,sc01,t2003, 294.330127018922 , 274.330127018922 ,,
period1,sc01,t2004, 294.829629131445 , 274.829629131445 ,,
period1,sc01,t2005, 295 , 275 ,,
period1,sc01,t2006, 294.829629131445 , 274.829629131445 ,,
period1,sc01,t2007, 294.330127018922 , 274.330127018922 ,,
period1,sc01,t2008, 293.535533905932 , 273.535533905932 ,,
period1,sc01,t2009, 292.5 , 272.5 ,,
period1,sc01,t2010, 291.294095225512 , 271.294095225512 ,,
period1,sc01,t2011, 290 , 270 ,,
period1,sc01,t2012, 288.705904774487 , 268.705904774487 ,,
period1,sc01,t2013, 287.5 , 267.5 ,,
period1,sc01,t2014, 286.464466094067 , 266.464466094067 ,,
period1,sc01,t2015, 285.669872981077 , 265.669872981077 ,,
period1,sc01,t2016, 285.170370868554 , 265.170370868554 ,,
period1,sc01,t2017, 285 , 265 ,,
period1,sc01,t2018, 285.170370868554 , 265.170370868554 ,,
period1,sc01,t2019, 285.669872981077 , 265.669872981077 ,,
period1,sc01,t2020, 286.464466094067 , 266.464466094067 ,,
period1,sc01,t2021, 287.5 , 267.5 ,,
period1,sc01,t2022, 288.705904774487 , 268.705904774487 ,,
period1,sc01,t2023, 290 , 270 ,,
period1,sc01,t2024, 291.294095225512 , 271.294095225512 ,,
period1,sc01,t2025, 292.5 , 272.5 ,,
period1,sc01,t2026, 293.535533905932 , 273.535533905932 ,,
period1,sc01,t2027, 294.330127018922 , 274.330127018922 ,,
period1,sc01,t2028, 294.829629131445 , 274.829629131445 ,,
period1,sc01,t2029, 305 , 285 ,,
period1,sc01,t2030, 304.829629131445 , 284.829629131445 ,,
period1,sc01,t2031, 304.330127018922 , 284.330127018922 ,,
period1,sc01,t2032, 303.535533905932 , 283.535533905932 ,,
period1,sc01,t2033, 302.5 , 282.5 ,,
period1,sc01,t2034, 301.294095225512 , 281.294095225512 ,,
period1,sc01,t2035, 300 , 280 ,,
period1,sc01,t2036, 298.705904774487 , 278.705904774487 ,,
period1,sc01,t2037, 297.5 , 277.5 ,,
period1,sc01,t2038, 296.464466094067 , 276.464466094067 ,,
period1,sc01,t2039, 295.669872981077 , 275.669872981077 ,,
period1,sc01,t2040, 295.170370868554 , 275.170370868554 ,,
period1,sc01,t2041, 295 , 275 ,,
period1,sc01,t2042, 295.170370868554 , 275.170370868554 ,,
period1,sc01,t2043, 295.669872981077 , 275.669872981077 ,,
period1,sc01,t2044, 296.464466094067 , 276.464466094067 ,,
period1,sc01,t2045, 297.5 , 277.5 ,,
period1,sc01,t2046, 298.705904774487 , 278.705904774487 ,,
period1,sc01,t2047, 300 , 280 ,,
period1,sc01,t2048, 301.294095225512 , 281.294095225512 ,,
period1,sc01,t2049, 302.5 , 282.5 ,,
period1,sc01,t2050, 303.535533905932 , 283.535533905932 ,,
period1,sc01,t2051, 304.330127018922 , 284.330127018922 ,,
period1,sc01,t2052, 304.829629131445 , 284.829629131445 ,,
period1,sc01,t2053, 305 , 285 ,,
period1,sc01,t2054, 304.829629131445 , 284.829629131445 ,,
period1,sc01,t2055, 304.330127018922 , 284.330127018922 ,,
period1,sc01,t2056, 303.535533905932 , 283.535533905932 ,,
period1,sc01,t2057, 302.5 , 282.5 ,,
period1,sc01,t2058, 301.294095225512 , 281.294095225512 ,,
period1,sc01,t2059, 300 , 280 ,,
period1,sc01,t2060, 298.705904774487 , 278.705904774487 ,,
period1,sc01,t2061, 297.5 , 277.5 ,,
period1,sc01,t2062, 296.464466094067 , 276.464466094067 ,,
period1,sc01,t2063, 295.669872981077 , 275.669872981077 ,,
period1,sc01,t2064, 295.170370868554 , 275.170370868554 ,,
period1,sc01,t2065, 295 , 275 ,,
period1,sc01,t2066, 295.170370868554 , 275.170370868554 ,,
period1,sc01,t2067, 295.669872981077 , 275.669872981077 ,,
period1,sc01,t2068, 296.464466094067 , 276.464466094067 ,,
period1,sc01,t2069, 297.5 , 277.5 ,,
period1,sc01,t2070, 298.705904774487 , 278.705904774487 ,,
period1,sc01,t2071, 300 , 280 ,,
period1,sc01,t2072, 301.294095225512 , 281.294095225512 ,,
period1,sc01,t2073, 302.5 , 282.5 ,,
period1,sc01,t2074, 303.535533905932 , 283.535533905932 ,,
period1,sc01,t2075, 304.330127018922 , 284.330127018922 ,,
period1,sc01,t2076, 304.829629131445 , 284.829629131445 ,,
period1,sc01,t2077, 305 , 285 ,,
period1,sc01,t2078, 304.829629131445 , 284.829629131445 ,,
period1,sc01,t2079, 304.330127018922 , 284.330127018922 ,,
period1,sc01,t2080, 303.535533905932 , 283.535533905932 ,,
period1,sc01,t2081, 302.5 , 282.5 ,,
period1,sc01,t2082, 301.294095225512 , 281.294095225512 ,,
period1,sc01,t2083, 300 , 280 ,,
period1,sc01,t2084, 298.705904774487 , 278.705904774487 ,,
period1,sc01,t2085, 297.5 , 277.5 ,,
period1,sc01,t2086, 296.464466094067 , 276.464466094067 ,,
period1,sc01,t2087, 295.669872981077 , 275.669872981077 ,,
period1,sc01,t2088, 295.170370868554 , 275.170370868554 ,,
period1,sc01,t2089, 295 , 275 ,,
period1,sc01,t2090, 295.170370868554 , 275.170370868554 ,,
period1,sc01,t2091, 295.669872981077 , 275.669872981077 ,,
period1,sc01,t2092, 296.464466094067 , 276.464466094067 ,,
period1,sc01,t2093, 297.5 , 277.5 ,,
period1,sc01,t2094, 298.705904774487 , 278.705904774487 ,,
period1,sc01,t2095, 300 , 280 ,,
period1,sc01,t2096, 301.294095225512 , 281.294095225512 ,,
period1,sc01,t2097, 302.5 , 282.5 ,,
period1,sc01,t2098, 303.535533905932 , 283.535533905932 ,,
period1,sc01,t2099, 304.330127018922 , 284.330127018922 ,,
period1,sc01,t2100, 304.829629131445 , 284.829629131445 ,,
period1,sc01,t2101, 305 , 285 ,,
period1,sc01,t2102, 304.829629131445 , 284.829629131445 ,,
period1,sc01,t2103, 304.330127018922 , 284.330127018922 ,,
period1,sc01,t2104, 303.535533905932 , 283.535533905932 ,,
period1,sc01,t2105, 302.5 , 282.5 ,,
period1,sc01,t2106, 301.294095225512 , 281.294095225512 ,,
period1,sc01,t2107, 300 , 280 ,,
period1,sc01,t2108, 298.705904774487 , 278.705904774487 ,,
period1,sc01,t2109, 297.5 , 277.5 ,,
period1,sc01,t2110, 296.464466094067 , 276.464466094067 ,,
period1,sc01,t2111, 295.669872981077 , 275.669872981077 ,,
period1,sc01,t2112, 295.170370868554 , 275.170370868554 ,,
period1,sc01,t2113, 295 , 275 ,,
period1,sc01,t2114, 295.170370868554 , 275.170370868554 ,,
period1,sc01,t2115, 295.669872981077 , 275.669872981077 ,,
period1,sc01,t2116, 296.464466094067 , 276.464466094067 ,,
period1,sc01,t2117, 297.5 , 277.5 ,,
period1,sc01,t2118, 298.705904774487 , 278.705904774487 ,,
period1,sc01,t2119, 300 , 280 ,,
period1,sc01,t2120, 301.294095225512 , 281.294095225512 ,,
period1,sc01,t2121, 302.5 , 282.5 ,,
period1,sc01,t2122, 303.535533905932 , 283.535533905932 ,,
period1,sc01,t2123, 304.330127018922 , 284.330127018922 ,,
period1,sc01,t2124, 304.829629131445 , 284.829629131445 ,,
period1,sc01,t2125, 305 , 285 ,,
period1,sc01,t2126, 304.829629131445 , 284.829629131445 ,,
period1,sc01,t2127, 304.330127018922 , 284.330127018922 ,,
period1,sc01,t2128, 303.535533905932 , 283.535533905932 ,,
period1,sc01,t2129, 302.5 , 282.5 ,,
period1,sc01,t2130, 301.294095225512 , 281.294095225512 ,,
period1,sc01,t2131, 300 , 280 ,,
period1,sc01,t2132, 298.705904774487 , 278.705904774487 ,,
period1,sc01,t2133, 297.5 , 277.5 ,,
period1,sc01,t2134, 296.464466094067 , 276.464466094067 ,,
period1,sc01,t2135, 295.669872981077 , 275.669872981077 ,,
period1,sc01,t2136, 295.170370868554 , 275.170370868554 ,,
period1,sc01,t2137, 295 , 275 ,,
period1,sc01,t2138, 295.170370868554 , 275.170370868554 ,,
period1,sc01,t2139, 295.669872981077 , 275.669872981077 ,,
period1,sc01,t2140, 296.464466094067 , 276.464466094067 ,,
period1,sc01,t2141, 297.5 , 277.5 ,,
period1,sc01,t2142, 298.705904774487 , 278.705904774487 ,,
period1,sc01,t2143, 300 , 280 ,,
period1,sc01,t2144, 301.294095225512 , 281.294095225512 ,,
period1,sc01,t2145, 302.5 , 282.5 ,,
period1,sc01,t2146, 303.535533905932 , 283.535533905932 ,,
period1,sc01,t2147, 304.330127018922 , 284.330127018922 ,,
period1,sc01,t2148, 304.829629131445 , 284.829629131445 ,,
period1,sc01,t2149, 295 , 275 ,,
period1,sc01,t2150, 294.829629131445 , 274.829629131445 ,,
period1,sc01,t2151, 294.330127018922 , 274.330127018922 ,,
period1,sc01,t2152, 293.535533905932 , 273.535533905932 ,,
period1,sc01,t2153, 292.5 , 272.5 ,,
period1,sc01,t2154, 291.294095225512 , 271.294095225512 ,,
period1,sc01,t2155, 290 , 270 ,,
period1,sc01,t2156, 288.705904774487 , 268.705904774487 ,,
period1,sc01,t2157, 287.5 , 267.5 ,,
period1,sc01,t2158, 286.464466094067 , 266.464466094067 ,,
period1,sc01,t2159, 285.669872981077 , 265.669872981077 ,,
period1,sc01,t2160, 285.170370868554 , 265.170370868554 ,,
period1,sc01,t2161, 285 , 265 ,,
period1,sc01,t2162, 285.170370868554 , 265.170370868554 ,,
period1,sc01,t2163, 285.669872981077 , 265.669872981077 ,,
period1,sc01,t2164, 286.464466094067 , 266.464466094067 ,,
period1,sc01,t2165, 287.5 , 267.5 ,,
period1,sc01,t2166, 288.705904774487 , 268.705904774487 ,,
period1,sc01,t2167, 290 , 270 ,,
period1,sc01,t2168, 291.294095225512 , 271.294095225512 ,,
period1,sc01,t2169, 292.5 , 272.5 ,,
period1,sc01,t2170, 293.535533905932 , 273.535533905932 ,,
period1,sc01,t2171, 294.330127018922 , 274.330127018922 ,,
period1,sc01,t2172, 294.829629131445 , 274.829629131445 ,,
period1,sc01,t2173, 295 , 275 ,,
period1,sc01,t2174, 294.829629131445 , 274.829629131445 ,,
period1,sc01,t2175, 294.330127018922 , 274.330127018922 ,,
period1,sc01,t2176, 293.535533905932 , 273.535533905932 ,,
period1,sc01,t2177, 292.5 , 272.5 ,,
period1,sc01,t2178, 291.294095225512 , 271.294095225512 ,,
period1,sc01,t2179, 290 , 270 ,,
period1,sc01,t2180, 288.705904774487 , 268.705904774487 ,,
period1,sc01,t2181, 287.5 , 267.5 ,,
period1,sc01,t2182, 286.464466094067 , 266.464466094067 ,,
period1,sc01,t2183, 285.669872981077 , 265.669872981077 ,,
period1,sc01,t2184, 285.170370868554 , 265.170370868554 ,,
period1,sc01,t2185, 285 , 265 ,,
period1,sc01,t2186, 285.170370868554 , 265.170370868554 ,,
period1,sc01,t2187, 285.669872981077 , 265.669872981077 ,,
period1,sc01,t2188, 286.464466094067 , 266.464466094067 ,,
period1,sc01,t2189, 287.5 , 267.5 ,,
period1,sc01,t2190, 288.705904774487 , 268.705904774487 ,,
period1,sc01,t2191, 290 , 270 ,,
period1,sc01,t2192, 291.294095225512 , 271.294095225512 ,,
period1,sc01,t2193, 292.5 , 272.5 ,,
period1,sc01,t2194, 293.535533905932 , 273.535533905932 ,,
period1,sc01,t2195, 294.330127018922 , 274.330127018922 ,,
period1,sc01,t2196, 294.829629131445 , 274.829629131445 ,,
period1,sc01,t2197, 305 , 285 ,,
period1,sc01,t2198, 304.829629131445 , 284.829629131445 ,,
period1,sc01,t2199, 304.330127018922 , 284.330127018922 ,,
period1,sc01,t2200, 303.535533905932 , 283.535533905932 ,,
period1,sc01,t2201, 302.5 , 282.5 ,,
period1,sc01,t2202, 301.294095225512 , 281.294095225512 ,,
period1,sc01,t2203, 300 , 280 ,,
period1,sc01,t2204, 298.705904774487 , 278.705904774487 ,,
period1,sc01,t2205, 297.5 , 277.5 ,,
period1,sc01,t2206, 296.464466094067 , 276.464466094067 ,,
period1,sc01,t2207, 295.669872981077 , 275.669872981077 ,,
period1,sc01,t2208, 295.170370868554 , 275.170370868554 ,,
period1,sc01,t2209, 295 , 275 ,,
period1,sc01,t2210, 295.170370868554 , 275.170370868554 ,,
period1,sc01,t2211, 295.669872981077 , 275.669872981077 ,,
period1,sc01,t2212, 296.464466094067 , 276.464466094067 ,,
period1,sc01,t2213, 297.5 , 277.5 ,,
period1,sc01,t2214, 298.705904774487 , 278.705904774487 ,,
period1,sc01,t2215, 300 , 280 ,,
period1,sc01,t2216, 301.294095225512 , 281.294095225512 ,,
period1,sc01,t2217, 302.5 , 282.5 ,,
period1,sc01,t2218, 303.535533905932 , 283.535533905932 ,,
period1,sc01,t2219, 304.330127018922 , 284.330127018922 ,,
period1,sc01,t2220, 304.829629131445 , 284.829629131445 ,,
period1,sc01,t2221, 305 , 285 ,,
period1,sc01,t2222, 304.829629131445 , 284.829629131445 ,,
period1,sc01,t2223, 304.330127018922 , 284.330127018922 ,,
period1,sc01,t2224, 303.535533905932 , 283.535533905932 ,,
period1,sc01,t2225, 302.5 , 282.5 ,,
period1,sc01,t2226, 301.294095225512 , 281.294095225512 ,,
period1,sc01,t2227, 300 , 280 ,,
period1,sc01,t2228, 298.705904774487 , 278.705904774487 ,,
period1,sc01,t2229, 297.5 , 277.5 ,,
period1,sc01,t2230, 296.464466094067 , 276.464466094067 ,,
period1,sc01,t2231, 295.669872981077 , 275.669872981077 ,,
period1,sc01,t2232, 295.170370868554 , 275.170370868554 ,,
period1,sc01,t2233, 295 , 275 ,,
period1,sc01,t2234, 295.170370868554 , 275.170370868554 ,,
period1,sc01,t2235, 295.669872981077 , 275.669872981077 ,,
period1,sc01,t2236, 296.464466094067 , 276.464466094067 ,,
period1,sc01,t2237, 297.5 , 277.5 ,,
period1,sc01,t2238, 298.705904774487 , 278.705904774487 ,,
period1,sc01,t2239, 300 , 280 ,,
period1,sc01,t2240, 301.294095225512 , 281.294095225512 ,,
period1,sc01,t2241, 302.5 , 282.5 ,,
period1,sc01,t2242, 303.535533905932 , 283.535533905932 ,,
period1,sc01,t2243, 304.330127018922 , 284.330127018922 ,,
period1,sc01,t2244, 304.829629131445 , 284.829629131445 ,,
period1,sc01,t2245, 305 , 285 ,,
period1,sc01,t2246, 304.829629131445 , 284.829629131445 ,,
period1,sc01,t2247, 304.330127018922 , 284.330127018922 ,,
period1,sc01,t2248, 303.535533905932 , 283.535533905932 ,,
period1,sc01,t2249, 302.5 , 282.5 ,,
period1,sc01,t2250, 301.294095225512 , 281.294095225512 ,,
period1,sc01,t2251, 300 , 280 ,,
period1,sc01,t2252, 298.705904774487 , 278.705904774487 ,,
period1,sc01,t2253, 297.5 , 277.5 ,,
period1,sc01,t2254, 296.464466094067 , 276.464466094067 ,,
period1,sc01,t2255, 295.669872981077 , 275.669872981077 ,,
period1,sc01,t2256, 295.170370868554 , 275.170370868554 ,,
period1,sc01,t2257, 295 , 275 ,,
period1,sc01,t2258, 295.170370868554 , 275.170370868554 ,,
period1,sc01,t2259, 295.669872981077 , 275.669872981077 ,,
period1,sc01,t2260, 296.464466094067 , 276.464466094067 ,,
period1,sc01,t2261, 297.5 , 277.5 ,,
period1,sc01,t2262, 298.705904774487 , 278.705904774487 ,,
period1,sc01,t2263, 300 , 280 ,,
period1,sc01,t2264, 301.294095225512 , 281.294095225512 ,,
period1,sc01,t2265, 302.5 , 282.5 ,,
period1,sc01,t2266, 303.535533905932 , 283.535533905932 ,,
period1,sc01,t2267, 304.330127018922 , 284.330127018922 ,,
period1,sc01,t2268, 304.829629131445 , 284.829629131445 ,,
period1,sc01,t2269, 305 , 285 ,,
period1,sc01,t2270, 304.829629131445 , 284.829629131445 ,,
period1,sc01,t2271, 304.330127018922 , 284.330127018922 ,,
period1,sc01,t2272, 303.535533905932 , 283.535533905932 ,,
period1,sc01,t2273, 302.5 , 282.5 ,,
period1,sc01,t2274, 301.294095225512 , 281.294095225512 ,,
period1,sc01,t2275, 300 , 280 ,,
period1,sc01,t2276, 298.705904774487 , 278.705904774487 ,,
period1,sc01,t2277, 297.5 , 277.5 ,,
period1,sc01,t2278, 296.464466094067 , 276.464466094067 ,,
period1,sc01,t2279, 295.669872981077 , 275.669872981077 ,,
period1,sc01,t2280, 295.170370868554 , 275.170370868554 ,,
period1,sc01,t2281, 295 , 275 ,,
period1,sc01,t2282, 295.170370868554 , 275.170370868554 ,,
period1,sc01,t2283, 295.669872981077 , 275.669872981077 ,,
period1,sc01,t2284, 296.464466094067 , 276.464466094067 ,,
period1,sc01,t2285, 297.5 , 277.5 ,,
period1,sc01,t2286, 298.705904774487 , 278.705904774487 ,,
period1,sc01,t2287, 300 , 280 ,,
period1,sc01,t2288, 301.294095225512 , 281.294095225512 ,,
period1,sc01,t2289, 302.5 , 282.5 ,,
period1,sc01,t2290, 303.535533905932 , 283.535533905932 ,,
period1,sc01,t2291, 304.330127018922 , 284.330127018922 ,,
period1,sc01,t2292, 304.829629131445 , 284.829629131445 ,,
period1,sc01,t2293, 305 , 285 ,,
period1,sc01,t2294, 304.829629131445 , 284.829629131445 ,,
period1,sc01,t2295, 304.330127018922 , 284.330127018922 ,,
period1,sc01,t2296, 303.535533905932 , 283.535533905932 ,,
period1,sc01,t2297, 302.5 , 282.5 ,,
period1,sc01,t2298, 301.294095225512 , 281.294095225512 ,,
period1,sc01,t2299, 300 , 280 ,,
period1,sc01,t2300, 298.705904774487 , 278.705904774487 ,,
period1,sc01,t2301, 297.5 , 277.5 ,,
period1,sc01,t2302, 296.464466094067 , 276.464466094067 ,,
period1,sc01,t2303, 295.669872981077 , 275.669872981077 ,,
period1,sc01,t2304, 295.170370868554 , 275.170370868554 ,,
period1,sc01,t2305, 295 , 275 ,,
period1,sc01,t2306, 295.170370868554 , 275.170370868554 ,,
period1,sc01,t2307, 295.669872981077 , 275.669872981077 ,,
period1,sc01,t2308, 296.464466094067 , 276.464466094067 ,,
period1,sc01,t2309, 297.5 , 277.5 ,,
period1,sc01,t2310, 298.705904774487 , 278.705904774487 ,,
period1,sc01,t2311, 300 , 280 ,,
period1,sc01,t2312, 301.294095225512 , 281.294095225512 ,,
period1,sc01,t2313, 302.5 , 282.5 ,,
period1,sc01,t2314, 303.535533905932 , 283.535533905932 ,,
period1,sc01,t2315, 304.330127018922 , 284.330127018922 ,,
period1,sc01,t2316, 304.829629131445 , 284.829629131445 ,,
period1,sc01,t2317, 295 , 275 ,,
period1,sc01,t2318, 294.829629131445 , 274.829629131445 ,,
period1,sc01,t2319, 294.330127018922 , 274.330127018922 ,,
period1,sc01,t2320, 293.535533905932 , 273.535533905932 ,,
period1,sc01,t2321, 292.5 , 272.5 ,,
period1,sc01,t2322, 291.294095225512 , 271.294095225512 ,,
period1,sc01,t2323, 290 , 270 ,,
period1,sc01,t2324, 288.705904774487 , 268.705904774487 ,,
period1,sc01,t2325, 287.5 , 267.5 ,,
period1,sc01,t2326, 286.464466094067 , 266.464466094067 ,,
period1,sc01,t2327, 285.669872981077 , 265.669872981077 ,,
period1,sc01,t2328, 285.170370868554 , 265.170370868554 ,,
period1,sc01,t2329, 285 , 265 ,,
period1,sc01,t2330, 285.170370868554 , 265.170370868554 ,,
period1,sc01,t2331, 285.669872981077 , 265.669872981077 ,,
period1,sc01,t2332, 286.464466094067 , 266.464466094067 ,,
period1,sc01,t2333, 287.5 , 267.5 ,,
period1,sc01,t2334, 288.705904774487 , 268.705904774487 ,,
period1,sc01,t2335, 290 , 270 ,,
period1,sc01,t2336, 291.294095225512 , 271.294095225512 ,,
period1,sc01,t2337, 292.5 , 272.5 ,,
period1,sc01,t2338, 293.535533905932 , 273.535533905932 ,,
period1,sc01,t2339, 294.330127018922 , 274.330127018922 ,,
period1,sc01,t2340, 294.829629131445 , 274.829629131445 ,,
period1,sc01,t2341, 295 , 275 ,,
period1,sc01,t2342, 294.829629131445 , 274.829629131445 ,,
period1,sc01,t2343, 294.330127018922 , 274.330127018922 ,,
period1,sc01,t2344, 293.535533905932 , 273.535533905932 ,,
period1,sc01,t2345, 292.5 , 272.5 ,,
period1,sc01,t2346, 291.294095225512 , 271.294095225512 ,,
period1,sc01,t2347, 290 , 270 ,,
period1,sc01,t2348, 288.705904774487 , 268.705904774487 ,,
period1,sc01,t2349, 287.5 , 267.5 ,,
period1,sc01,t2350, 286.464466094067 , 266.464466094067 ,,
period1,sc01,t2351, 285.669872981077 , 265.669872981077 ,,
period1,sc01,t2352, 285.170370868554 , 265.170370868554 ,,
period1,sc01,t2353, 285 , 265 ,,
period1,sc01,t2354, 285.170370868554 , 265.170370868554 ,,
period1,sc01,t2355, 285.669872981077 , 265.669872981077 ,,
period1,sc01,t2356, 286.464466094067 , 266.464466094067 ,,
period1,sc01,t2357, 287.5 , 267.5 ,,
period1,sc01,t2358, 288.705904774487 , 268.705904774487 ,,
period1,sc01,t2359, 290 , 270 ,,
period1,sc01,t2360, 291.294095225512 , 271.294095225512 ,,
period1,sc01,t2361, 292.5 , 272.5 ,,
period1,sc01,t2362, 293.535533905932 , 273.535533905932 ,,
period1,sc01,t2363, 294.330127018922 , 274.330127018922 ,,
period1,sc01,t2364, 294.829629131445 , 274.829629131445 ,,
period1,sc01,t2365, 305 , 285 ,,
period1,sc01,t2366, 304.829629131445 , 284.829629131445 ,,
period1,sc01,t2367, 304.330127018922 , 284.330127018922 ,,
period1,sc01,t2368, 303.535533905932 , 283.535533905932 ,,
period1,sc01,t2369, 302.5 , 282.5 ,,
period1,sc01,t2370, 301.294095225512 , 281.294095225512 ,,
period1,sc01,t2371, 300 , 280 ,,
period1,sc01,t2372, 298.705904774487 , 278.705904774487 ,,
period1,sc01,t2373, 297.5 , 277.5 ,,
period1,sc01,t2374, 296.464466094067 , 276.464466094067 ,,
period1,sc01,t2375, 295.669872981077 , 275.669872981077 ,,
period1,sc01,t2376, 295.170370868554 , 275.170370868554 ,,
period1,sc01,t2377, 295 , 275 ,,
period1,sc01,t2378, 295.170370868554 , 275.170370868554 ,,
period1,sc01,t2379, 295.669872981077 , 275.669872981077 ,,
period1,sc01,t2380, 296.464466094067 , 276.464466094067 ,,
period1,sc01,t2381, 297.5 , 277.5 ,,
period1,sc01,t2382, 298.705904774487 , 278.705904774487 ,,
period1,sc01,t2383, 300 , 280 ,,
period1,sc01,t2384, 301.294095225512 , 281.294095225512 ,,
period1,sc01,t2385, 302.5 , 282.5 ,,
period1,sc01,t2386, 303.535533905932 , 283.535533905932 ,,
period1,sc01,t2387, 304.330127018922 , 284.330127018922 ,,
period1,sc01,t2388, 304.829629131445 , 284.829629131445 ,,
period1,sc01,t2389, 305 , 285 ,,
period1,sc01,t2390, 304.829629131445 , 284.829629131445 ,,
period1,sc01,t2391, 304.330127018922 , 284.330127018922 ,,
period1,sc01,t2392, 303.535533905932 , 283.535533905932 ,,
period1,sc01,t2393, 302.5 , 282.5 ,,
period1,sc01,t2394, 301.294095225512 , 281.294095225512 ,,
period1,sc01,t2395, 300 , 280 ,,
period1,sc01,t2396, 298.705904774487 , 278.705904774487 ,,
period1,sc01,t2397, 297.5 , 277.5 ,,
period1,sc01,t2398, 296.464466094067 , 276.464466094067 ,,
period1,sc01,t2399, 295.669872981077 , 275.669872981077 ,,
period1,sc01,t2400, 295.170370868554 , 275.170370868554 ,,
period1,sc01,t2401, 295 , 275 ,,
period1,sc01,t2402, 295.170370868554 , 275.170370868554 ,,
period1,sc01,t2403, 295.669872981077 , 275.669872981077 ,,
period1,sc01,t2404, 296.464466094067 , 276.464466094067 ,,
period1,sc01,t2405, 297.5 , 277.5 ,,
period1,sc01,t2406, 298.705904774487 , 278.705904774487 ,,
period1,sc01,t2407, 300 , 280 ,,
period1,sc01,t2408, 301.294095225512 , 281.294095225512 ,,
period1,sc01,t2409, 302.5 , 282.5 ,,
period1,sc01,t2410, 303.535533905932 , 283.535533905932 ,,
period1,sc01,t2411, 304.330127018922 , 284.330127018922 ,,
period1,sc01,t2412, 304.829629131445 , 284.829629131445 ,,
period1,sc01,t2413, 305 , 285 ,,
period1,sc01,t2414, 304.829629131445 , 284.829629131445 ,,
period1,sc01,t2415, 304.330127018922 , 284.330127018922 ,,
period1,sc01,t2416, 303.535533905932 , 283.535533905932 ,,
period1,sc01,t2417, 302.5 , 282.5 ,,
period1,sc01,t2418, 301.294095225512 , 281.294095225512 ,,
period1,sc01,t2419, 300 , 280 ,,
period1,sc01,t2420, 298.705904774487 , 278.705904774487 ,,
period1,sc01,t2421, 297.5 , 277.5 ,,
period1,sc01,t2422, 296.464466094067 , 276.464466094067 ,,
period1,sc01,t2423, 295.669872981077 , 275.669872981077 ,,
period1,sc01,t2424, 295.170370868554 , 275.170370868554 ,,
period1,sc01,t2425, 295 , 275 ,,
period1,sc01,t2426, 295.170370868554 , 275.170370868554 ,,
period1,sc01,t2427, 295.669872981077 , 275.669872981077 ,,
period1,sc01,t2428, 296.464466094067 , 276.464466094067 ,,
period1,sc01,t2429, 297.5 , 277.5 ,,
period1,sc01,t2430, 298.705904774487 , 278.705904774487 ,,
period1,sc01,t2431, 300 , 280 ,,
period1,sc01,t2432, 301.294095225512 , 281.294095225512 ,,
period1,sc01,t2433, 302.5 , 282.5 ,,
period1,sc01,t2434, 303.535533905932 , 283.535533905932 ,,
period1,sc01,t2435, 304.330127018922 , 284.330127018922 ,,
period1,sc01,t2436, 304.829629131445 , 284.829629131445 ,,
period1,sc01,t2437, 305 , 285 ,,
period1,sc01,t2438, 304.829629131445 , 284.829629131445 ,,
period1,sc01,t2439, 304.330127018922 , 284.330127018922 ,,
period1,sc01,t2440, 303.535533905932 , 283.535533905932 ,,
period1,sc01,t2441, 302.5 , 282.5 ,,
period1,sc01,t2442, 301.294095225512 , 281.294095225512 ,,
period1,sc01,t2443, 300 , 280 ,,
period1,sc01,t2444, 298.705904774487 , 278.705904774487 ,,
period1,sc01,t2445, 297.5 , 277.5 ,,
period1,sc01,t2446, 296.464466094067 , 276.464466094067 ,,
period1,sc01,t2447, 295.669872981077 , 275.669872981077 ,,
period1,sc01,t2448, 295.170370868554 , 275.170370868554 ,,
period1,sc01,t2449, 295 , 275 ,,
period1,sc01,t2450, 295.170370868554 , 275.170370868554 ,,
period1,sc01,t2451, 295.669872981077 , 275.669872981077 ,,
period1,sc01,t2452, 296.464466094067 , 276.464466094067 ,,
period1,sc01,t2453, 297.5 , 277.5 ,,
period1,sc01,t2454, 298.705904774487 , 278.705904774487 ,,
period1,sc01,t2455, 300 , 280 ,,
period1,sc01,t2456, 301.294095225512 , 281.294095225512 ,,
period1,sc01,t2457, 302.5 , 282.5 ,,
period1,sc01,t2458, 303.535533905932 , 283.535533905932 ,,
period1,sc01,t2459, 304.330127018922 , 284.330127018922 ,,
period1,sc01,t2460, 304.829629131445 , 284.829629131445 ,,
period1,sc01,t2461, 305 , 285 ,,
period1,sc01,t2462, 304.829629131445 , 284.829629131445 ,,
period1,sc01,t2463, 304.330127018922 , 284.330127018922 ,,
period1,sc01,t2464, 303.535533905932 , 283.535533905932 ,,
period1,sc01,t2465, 302.5 , 282.5 ,,
period1,sc01,t2466, 301.294095225512 , 281.294095225512 ,,
period1,sc01,t2467, 300 , 280 ,,
period1,sc01,t2468, 298.705904774487 , 278.705904774487 ,,
period1,sc01,t2469, 297.5 , 277.5 ,,
period1,sc01,t2470, 296.464466094067 , 276.464466094067 ,,
period1,sc01,t2471, 295.669872981077 , 275.669872981077 ,,
period1,sc01,t2472, 295.170370868554 , 275.170370868554 ,,
period1,sc01,t2473, 295 , 275 ,,
period1,sc01,t2474, 295.170370868554 , 275.170370868554 ,,
period1,sc01,t2475, 295.669872981077 , 275.669872981077 ,,
period1,sc01,t2476, 296.464466094067 , 276.464466094067 ,,
period1,sc01,t2477, 297.5 , 277.5 ,,
period1,sc01,t2478, 298.705904774487 , 278.705904774487 ,,
period1,sc01,t2479, 300 , 280 ,,
period1,sc01,t2480, 301.294095225512 , 281.294095225512 ,,
period1,sc01,t2481, 302.5 , 282.5 ,,
period1,sc01,t2482, 303.535533905932 , 283.535533905932 ,,
period1,sc01,t2483, 304.330127018922 , 284.330127018922 ,,
period1,sc01,t2484, 304.829629131445 , 284.829629131445 ,,
period1,sc01,t2485, 295 , 275 ,,
period1,sc01,t2486, 294.829629131445 , 274.829629131445 ,,
period1,sc01,t2487, 294.330127018922 , 274.330127018922 ,,
period1,sc01,t2488, 293.535533905932 , 273.535533905932 ,,
period1,sc01,t2489, 292.5 , 272.5 ,,
period1,sc01,t2490, 291.294095225512 , 271.294095225512 ,,
period1,sc01,t2491, 290 , 270 ,,
period1,sc01,t2492, 288.705904774487 , 268.705904774487 ,,
period1,sc01,t2493, 287.5 , 267.5 ,,
period1,sc01,t2494, 286.464466094067 , 266.464466094067 ,,
period1,sc01,t2495, 285.669872981077 , 265.669872981077 ,,
period1,sc01,t2496, 285.170370868554 , 265.170370868554 ,,
period1,sc01,t2497, 285 , 265 ,,
period1,sc01,t2498, 285.170370868554 , 265.170370868554 ,,
period1,sc01,t2499, 285.669872981077 , 265.669872981077 ,,
period1,sc01,t2500, 286.464466094067 , 266.464466094067 ,,
period1,sc01,t2501, 287.5 , 267.5 ,,
period1,sc01,t2502, 288.705904774487 , 268.705904774487 ,,
period1,sc01,t2503, 290 , 270 ,,
period1,sc01,t2504, 291.294095225512 , 271.294095225512 ,,
period1,sc01,t2505, 292.5 , 272.5 ,,
period1,sc01,t2506, 293.535533905932 , 273.535533905932 ,,
period1,sc01,t2507, 294.330127018922 , 274.330127018922 ,,
period1,sc01,t2508, 294.829629131445 , 274.829629131445 ,,
period1,sc01,t2509, 295 , 275 ,,
period1,sc01,t2510, 294.829629131445 , 274.829629131445 ,,
period1,sc01,t2511, 294.330127018922 , 274.330127018922 ,,
period1,sc01,t2512, 293.535533905932 , 273.535533905932 ,,
period1,sc01,t2513, 292.5 , 272.5 ,,
period1,sc01,t2514, 291.294095225512 , 271.294095225512 ,,
period1,sc01,t2515, 290 , 270 ,,
period1,sc01,t2516, 288.705904774487 , 268.705904774487 ,,
period1,sc01,t2517, 287.5 , 267.5 ,,
period1,sc01,t2518, 286.464466094067 , 266.464466094067 ,,
period1,sc01,t2519, 285.669872981077 , 265.669872981077 ,,
period1,sc01,t2520, 285.170370868554 , 265.170370868554 ,,
period1,sc01,t2521, 285 , 265 ,,
period1,sc01,t2522, 285.170370868554 , 265.170370868554 ,,
period1,sc01,t2523, 285.669872981077 , 265.669872981077 ,,
period1,sc01,t2524, 286.464466094067 , 266.464466094067 ,,
period1,sc01,t2525, 287.5 , 267.5 ,,
period1,sc01,t2526, 288.705904774487 , 268.705904774487 ,,
period1,sc01,t2527, 290 , 270 ,,
period1,sc01,t2528, 291.294095225512 , 271.294095225512 ,,
period1,sc01,t2529, 292.5 , 272.5 ,,
period1,sc01,t2530, 293.535533905932 , 273.535533905932 ,,
period1,sc01,t2531, 294.330127018922 , 274.330127018922 ,,
period1,sc01,t2532, 294.829629131445 , 274.829629131445 ,,
period1,sc01,t2533, 305 , 285 ,,
period1,sc01,t2534, 304.829629131445 , 284.829629131445 ,,
period1,sc01,t2535, 304.330127018922 , 284.330127018922 ,,
period1,sc01,t2536, 303.535533905932 , 283.535533905932 ,,
period1,sc01,t2537, 302.5 , 282.5 ,,
period1,sc01,t2538, 301.294095225512 , 281.294095225512 ,,
period1,sc01,t2539, 300 , 280 ,,
period1,sc01,t2540, 298.705904774487 , 278.705904774487 ,,
period1,sc01,t2541, 297.5 , 277.5 ,,
period1,sc01,t2542, 296.464466094067 , 276.464466094067 ,,
period1,sc01,t2543, 295.669872981077 , 275.669872981077 ,,
period1,sc01,t2544, 295.170370868554 , 275.170370868554 ,,
period1,sc01,t2545, 295 , 275 ,,
period1,sc01,t2546, 295.170370868554 , 275.170370868554 ,,
period1,sc01,t2547, 295.669872981077 , 275.669872981077 ,,
period1,sc01,t2548, 296.464466094067 , 276.464466094067 ,,
period1,sc01,t2549, 297.5 , 277.5 ,,
period1,sc01,t2550, 298.705904774487 , 278.705904774487 ,,
period1,sc01,t2551, 300 , 280 ,,
period1,sc01,t2552, 301.294095225512 , 281.294095225512 ,,
period1,sc01,t2553, 302.5 , 282.5 ,,
period1,sc01,t2554, 303.535533905932 , 283.535533905932 ,,
period1,sc01,t2555, 304.330127018922 , 284.330127018922 ,,
period1,sc01,t2556, 304.829629131445 , 284.829629131445 ,,
period1,sc01,t2557, 305 , 285 ,,
period1,sc01,t2558, 304.829629131445 , 284.829629131445 ,,
period1,sc01,t2559, 304.330127018922 , 284.330127018922 ,,
period1,sc01,t2560, 303.535533905932 , 283.535533905932 ,,
period1,sc01,t2561, 302.5 , 282.5 ,,
period1,sc01,t2562, 301.294095225512 , 281.294095225512 ,,
period1,sc01,t2563, 300 , 280 ,,
period1,sc01,t2564, 298.705904774487 , 278.705904774487 ,,
period1,sc01,t2565, 297.5 , 277.5 ,,
period1,sc01,t2566, 296.464466094067 , 276.464466094067 ,,
period1,sc01,t2567, 295.669872981077 , 275.669872981077 ,,
period1,sc01,t2568, 295.170370868554 , 275.170370868554 ,,
period1,sc01,t2569, 295 , 275 ,,
period1,sc01,t2570, 295.170370868554 , 275.170370868554 ,,
period1,sc01,t2571, 295.669872981077 , 275.669872981077 ,,
period1,sc01,t2572, 296.464466094067 , 276.464466094067 ,,
period1,sc01,t2573, 297.5 , 277.5 ,,
period1,sc01,t2574, 298.705904774487 , 278.705904774487 ,,
period1,sc01,t2575, 300 , 280 ,,
period1,sc01,t2576, 301.294095225512 , 281.294095225512 ,,
period1,sc01,t2577, 302.5 , 282.5 ,,
period1,sc01,t2578, 303.535533905932 , 283.535533905932 ,,
period1,sc01,t2579, 304.330127018922 , 284.330127018922 ,,
period1,sc01,t2580, 304.829629131445 , 284.829629131445 ,,
period1,sc01,t2581, 305 , 285 ,,
period1,sc01,t2582, 304.829629131445 , 284.829629131445 ,,
period1,sc01,t2583, 304.330127018922 , 284.330127018922 ,,
period1,sc01,t2584, 303.535533905932 , 283.535533905932 ,,
period1,sc01,t2585, 302.5 , 282.5 ,,
period1,sc01,t2586, 301.294095225512 , 281.294095225512 ,,
period1,sc01,t2587, 300 , 280 ,,
period1,sc01,t2588, 298.705904774487 , 278.705904774487 ,,
period1,sc01,t2589, 297.5 , 277.5 ,,
period1,sc01,t2590, 296.464466094067 , 276.464466094067 ,,
period1,sc01,t2591, 295.669872981077 , 275.669872981077 ,,
period1,sc01,t2592, 295.170370868554 , 275.170370868554 ,,
period1,sc01,t2593, 295 , 275 ,,
period1,sc01,t2594, 295.170370868554 , 275.170370868554 ,,
period1,sc01,t2595, 295.669872981077 , 275.669872981077 ,,
period1,sc01,t2596, 296.464466094067 , 276.464466094067 ,,
period1,sc01,t2597, 297.5 , 277.5 ,,
period1,sc01,t2598, 298.705904774487 , 278.705904774487 ,,
period1,sc01,t2599, 300 , 280 ,,
period1,sc01,t2600, 301.294095225512 , 281.294095225512 ,,
period1,sc01,t2601, 302.5 , 282.5 ,,
period1,sc01,t2602, 303.535533905932 , 283.535533905932 ,,
period1,sc01,t2603, 304.330127018922 , 284.330127018922 ,,
period1,sc01,t2604, 304.829629131445 , 284.829629131445 ,,
period1,sc01,t2605, 305 , 285 ,,
period1,sc01,t2606, 304.829629131445 , 284.829629131445 ,,
period1,sc01,t2607, 304.330127018922 , 284.330127018922 ,,
period1,sc01,t2608, 303.535533905932 , 283.535533905932 ,,
period1,sc01,t2609, 302.5 , 282.5 ,,
period1,sc01,t2610, 301.294095225512 , 281.294095225512 ,,
period1,sc01,t2611, 300 , 280 ,,
period1,sc01,t2612, 298.705904774487 , 278.705904774487 ,,
period1,sc01,t2613, 297.5 , 277.5 ,,
period1,sc01,t2614, 296.464466094067 , 276.464466094067 ,,
period1,sc01,t2615, 295.669872981077 , 275.669872981077 ,,
period1,sc01,t2616, 295.170370868554 , 275.170370868554 ,,
period1,sc01,t2617, 295 , 275 ,,
period1,sc01,t2618, 295.170370868554 , 275.170370868554 ,,
period1,sc01,t2619, 295.669872981077 , 275.669872981077 ,,
period1,sc01,t2620, 296.464466094067 , 276.464466094067 ,,
period1,sc01,t2621, 297.5 , 277.5 ,,
period1,sc01,t2622, 298.705904774487 , 278.705904774487 ,,
period1,sc01,t2623, 300 , 280 ,,
period1,sc01,t2624, 301.294095225512 , 281.294095225512 ,,
period1,sc01,t2625, 302.5 , 282.5 ,,
period1,sc01,t2626, 303.535533905932 , 283.535533905932 ,,
period1,sc01,t2627, 304.330127018922 , 284.330127018922 ,,
period1,sc01,t2628, 304.829629131445 , 284.829629131445 ,,
period1,sc01,t2629, 305 , 285 ,,
period1,sc01,t2630, 304.829629131445 , 284.829629131445 ,,
period1,sc01,t2631, 304.330127018922 , 284.330127018922 ,,
period1,sc01,t2632, 303.535533905932 , 283.535533905932 ,,
period1,sc01,t2633, 302.5 , 282.5 ,,
period1,sc01,t2634, 301.294095225512 , 281.294095225512 ,,
period1,sc01,t2635, 300 , 280 ,,
period1,sc01,t2636, 298.705904774487 , 278.705904774487 ,,
period1,sc01,t2637, 297.5 , 277.5 ,,
period1,sc01,t2638, 296.464466094067 , 276.464466094067 ,,
period1,sc01,t2639, 295.669872981077 , 275.669872981077 ,,
period1,sc01,t2640, 295.170370868554 , 275.170370868554 ,,
period1,sc01,t2641, 295 , 275 ,,
period1,sc01,t2642, 295.170370868554 , 275.170370868554 ,,
period1,sc01,t2643, 295.669872981077 , 275.669872981077 ,,
period1,sc01,t2644, 296.464466094067 , 276.464466094067 ,,
period1,sc01,t2645, 297.5 , 277.5 ,,
period1,sc01,t2646, 298.705904774487 , 278.705904774487 ,,
period1,sc01,t2647, 300 , 280 ,,
period1,sc01,t2648, 301.294095225512 , 281.294095225512 ,,
period1,sc01,t2649, 302.5 , 282.5 ,,
period1,sc01,t2650, 303.535533905932 , 283.535533905932 ,,
period1,sc01,t2651, 304.330127018922 , 284.330127018922 ,,
period1,sc01,t2652, 304.829629131445 , 284.829629131445 ,,
period1,sc01,t2653, 295 , 275 ,,
period1,sc01,t2654, 294.829629131445 , 274.829629131445 ,,
period1,sc01,t2655, 294.330127018922 , 274.330127018922 ,,
period1,sc01,t2656, 293.535533905932 , 273.535533905932 ,,
period1,sc01,t2657, 292.5 , 272.5 ,,
period1,sc01,t2658, 291.294095225512 , 271.294095225512 ,,
period1,sc01,t2659, 290 , 270 ,,
period1,sc01,t2660, 288.705904774487 , 268.705904774487 ,,
period1,sc01,t2661, 287.5 , 267.5 ,,
period1,sc01,t2662, 286.464466094067 , 266.464466094067 ,,
period1,sc01,t2663, 285.669872981077 , 265.669872981077 ,,
period1,sc01,t2664, 285.170370868554 , 265.170370868554 ,,
period1,sc01,t2665, 285 , 265 ,,
period1,sc01,t2666, 285.170370868554 , 265.170370868554 ,,
period1,sc01,t2667, 285.669872981077 , 265.669872981077 ,,
period1,sc01,t2668, 286.464466094067 , 266.464466094067 ,,
period1,sc01,t2669, 287.5 , 267.5 ,,
period1,sc01,t2670, 288.705904774487 , 268.705904774487 ,,
period1,sc01,t2671, 290 , 270 ,,
period1,sc01,t2672, 291.294095225512 , 271.294095225512 ,,
period1,sc01,t2673, 292.5 , 272.5 ,,
period1,sc01,t2674, 293.535533905932 , 273.535533905932 ,,
period1,sc01,t2675, 294.330127018922 , 274.330127018922 ,,
period1,sc01,t2676, 294.829629131445 , 274.829629131445 ,,
period1,sc01,t2677, 295 , 275 ,,
period1,sc01,t2678, 294.829629131445 , 274.829629131445 ,,
period1,sc01,t2679, 294.330127018922 , 274.330127018922 ,,
period1,sc01,t2680, 293.535533905932 , 273.535533905932 ,,
period1,sc01,t2681, 292.5 , 272.5 ,,
period1,sc01,t2682, 291.294095225512 , 271.294095225512 ,,
period1,sc01,t2683, 290 , 270 ,,
period1,sc01,t2684, 288.705904774487 , 268.705904774487 ,,
period1,sc01,t2685, 287.5 , 267.5 ,,
period1,sc01,t2686, 286.464466094067 , 266.464466094067 ,,
period1,sc01,t2687, 285.669872981077 , 265.669872981077 ,,
period1,sc01,t2688, 285.170370868554 , 265.170370868554 ,,
period1,sc01,t2689, 285 , 265 ,,
period1,sc01,t2690, 285.170370868554 , 265.170370868554 ,,
period1,sc01,t2691, 285.669872981077 , 265.669872981077 ,,
period1,sc01,t2692, 286.464466094067 , 266.464466094067 ,,
period1,sc01,t2693, 287.5 , 267.5 ,,
period1,sc01,t2694, 288.705904774487 , 268.705904774487 ,,
period1,sc01,t2695, 290 , 270 ,,
period1,sc01,t2696, 291.294095225512 , 271.294095225512 ,,
period1,sc01,t2697, 292.5 , 272.5 ,,
period1,sc01,t2698, 293.535533905932 , 273.535533905932 ,,
period1,sc01,t2699, 294.330127018922 , 274.330127018922 ,,
period1,sc01,t2700, 294.829629131445 , 274.829629131445 ,,
period1,sc01,t2701, 305 , 285 ,,
period1,sc01,t2702, 304.829629131445 , 284.829629131445 ,,
period1,sc01,t2703, 304.330127018922 , 284.330127018922 ,,
period1,sc01,t2704, 303.535533905932 , 283.535533905932 ,,
period1,sc01,t2705, 302.5 , 282.5 ,,
period1,sc01,t2706, 301.294095225512 , 281.294095225512 ,,
period1,sc01,t2707, 300 , 280 ,,
period1,sc01,t2708, 298.705904774487 , 278.705904774487 ,,
period1,sc01,t2709, 297.5 , 277.5 ,,
period1,sc01,t2710, 296.464466094067 , 276.464466094067 ,,
period1,sc01,t2711, 295.669872981077 , 275.669872981077 ,,
period1,sc01,t2712, 295.170370868554 , 275.170370868554 ,,
period1,sc01,t2713, 295 , 275 ,,
period1,sc01,t2714, 295.170370868554 , 275.170370868554 ,,
period1,sc01,t2715, 295.669872981077 , 275.669872981077 ,,
period1,sc01,t2716, 296.464466094067 , 276.464466094067 ,,
period1,sc01,t2717, 297.5 , 277.5 ,,
period1,sc01,t2718, 298.705904774487 , 278.705904774487 ,,
period1,sc01,t2719, 300 , 280 ,,
period1,sc01,t2720, 301.294095225512 , 281.294095225512 ,,
period1,sc01,t2721, 302.5 , 282.5 ,,
period1,sc01,t2722, 303.535533905932 , 283.535533905932 ,,
period1,sc01,t2723, 304.330127018922 , 284.330127018922 ,,
period1,sc01,t2724, 304.829629131445 , 284.829629131445 ,,
period1,sc01,t2725, 305 , 285 ,,
period1,sc01,t2726, 304.829629131445 , 284.829629131445 ,,
period1,sc01,t2727, 304.330127018922 , 284.330127018922 ,,
period1,sc01,t2728, 303.535533905932 , 283.535533905932 ,,
period1,sc01,t2729, 302.5 , 282.5 ,,
period1,sc01,t2730, 301.294095225512 , 281.294095225512 ,,
period1,sc01,t2731, 300 , 280 ,,
period1,sc01,t2732, 298.705904774487 , 278.705904774487 ,,
period1,sc01,t2733, 297.5 , 277.5 ,,
period1,sc01,t2734, 296.464466094067 , 276.464466094067 ,,
period1,sc01,t2735, 295.669872981077 , 275.669872981077 ,,
period1,sc01,t2736, 295.170370868554 , 275.170370868554 ,,
period1,sc01,t2737, 295 , 275 ,,
period1,sc01,t2738, 295.170370868554 , 275.170370868554 ,,
period1,sc01,t2739, 295.669872981077 , 275.669872981077 ,,
period1,sc01,t2740, 296.464466094067 , 276.464466094067 ,,
period1,sc01,t2741, 297.5 , 277.5 ,,
period1,sc01,t2742, 298.705904774487 , 278.705904774487 ,,
period1,sc01,t2743, 300 , 280 ,,
period1,sc01,t2744, 301.294095225512 , 281.294095225512 ,,
period1,sc01,t2745, 302.5 , 282.5 ,,
period1,sc01,t2746, 303.535533905932 , 283.535533905932 ,,
period1,sc01,t2747, 304.330127018922 , 284.330127018922 ,,
period1,sc01,t2748, 304.829629131445 , 284.829629131445 ,,
period1,sc01,t2749, 305 , 285 ,,
period1,sc01,t2750, 304.829629131445 , 284.829629131445 ,,
period1,sc01,t2751, 304.330127018922 , 284.330127018922 ,,
period1,sc01,t2752, 303.535533905932 , 283.535533905932 ,,
period1,sc01,t2753, 302.5 , 282.5 ,,
period1,sc01,t2754, 301.294095225512 , 281.294095225512 ,,
period1,sc01,t2755, 300 , 280 ,,
period1,sc01,t2756, 298.705904774487 , 278.705904774487 ,,
period1,sc01,t2757, 297.5 , 277.5 ,,
period1,sc01,t2758, 296.464466094067 , 276.464466094067 ,,
period1,sc01,t2759, 295.669872981077 , 275.669872981077 ,,
period1,sc01,t2760, 295.170370868554 , 275.170370868554 ,,
period1,sc01,t2761, 295 , 275 ,,
period1,sc01,t2762, 295.170370868554 , 275.170370868554 ,,
period1,sc01,t2763, 295.669872981077 , 275.669872981077 ,,
period1,sc01,t2764, 296.464466094067 , 276.464466094067 ,,
period1,sc01,t2765, 297.5 , 277.5 ,,
period1,sc01,t2766, 298.705904774487 , 278.705904774487 ,,
period1,sc01,t2767, 300 , 280 ,,
period1,sc01,t2768, 301.294095225512 , 281.294095225512 ,,
period1,sc01,t2769, 302.5 , 282.5 ,,
period1,sc01,t2770, 303.535533905932 , 283.535533905932 ,,
period1,sc01,t2771, 304.330127018922 , 284.330127018922 ,,
period1,sc01,t2772, 304.829629131445 , 284.829629131445 ,,
period1,sc01,t2773, 305 , 285 ,,
period1,sc01,t2774, 304.829629131445 , 284.829629131445 ,,
period1,sc01,t2775, 304.330127018922 , 284.330127018922 ,,
period1,sc01,t2776, 303.535533905932 , 283.535533905932 ,,
period1,sc01,t2777, 302.5 , 282.5 ,,
period1,sc01,t2778, 301.294095225512 , 281.294095225512 ,,
period1,sc01,t2779, 300 , 280 ,,
period1,sc01,t2780, 298.705904774487 , 278.705904774487 ,,
period1,sc01,t2781, 297.5 , 277.5 ,,
period1,sc01,t2782, 296.464466094067 , 276.464466094067 ,,
period1,sc01,t2783, 295.669872981077 , 275.669872981077 ,,
period1,sc01,t2784, 295.170370868554 , 275.170370868554 ,,
period1,sc01,t2785, 295 , 275 ,,
period1,sc01,t2786, 295.170370868554 , 275.170370868554 ,,
period1,sc01,t2787, 295.669872981077 , 275.669872981077 ,,
period1,sc01,t2788, 296.464466094067 , 276.464466094067 ,,
period1,sc01,t2789, 297.5 , 277.5 ,,
period1,sc01,t2790, 298.705904774487 , 278.705904774487 ,,
period1,sc01,t2791, 300 , 280 ,,
period1,sc01,t2792, 301.294095225512 , 281.294095225512 ,,
period1,sc01,t2793, 302.5 , 282.5 ,,
period1,sc01,t2794, 303.535533905932 , 283.535533905932 ,,
period1,sc01,t2795, 304.330127018922 , 284.330127018922 ,,
period1,sc01,t2796, 304.829629131445 , 284.829629131445 ,,
period1,sc01,t2797, 305 , 285 ,,
period1,sc01,t2798, 304.829629131445 , 284.829629131445 ,,
period1,sc01,t2799, 304.330127018922 , 284.330127018922 ,,
period1,sc01,t2800, 303.535533905932 , 283.535533905932 ,,
period1,sc01,t2801, 302.5 , 282.5 ,,
period1,sc01,t2802, 301.294095225512 , 281.294095225512 ,,
period1,sc01,t2803, 300 , 280 ,,
period1,sc01,t2804, 298.705904774487 , 278.705904774487 ,,
period1,sc01,t2805, 297.5 , 277.5 ,,
period1,sc01,t2806, 296.464466094067 , 276.464466094067 ,,
period1,sc01,t2807, 295.669872981077 , 275.669872981077 ,,
period1,sc01,t2808, 295.170370868554 , 275.170370868554 ,,
period1,sc01,t2809, 295 , 275 ,,
period1,sc01,t2810, 295.170370868554 , 275.170370868554 ,,
period1,sc01,t2811, 295.669872981077 , 275.669872981077 ,,
period1,sc01,t2812, 296.464466094067 , 276.464466094067 ,,
period1,sc01,t2813, 297.5 , 277.5 ,,
period1,sc01,t2814, 298.705904774487 , 278.705904774487 ,,
period1,sc01,t2815, 300 , 280 ,,
period1,sc01,t2816, 301.294095225512 , 281.294095225512 ,,
period1,sc01,t2817, 302.5 , 282.5 ,,
period1,sc01,t2818, 303.535533905932 , 283.535533905932 ,,
period1,sc01,t2819, 304.330127018922 , 284.330127018922 ,,
period1,sc01,t2820, 304.829629131445 , 284.829629131445 ,,
period1,sc01,t2821, 295 , 275 ,,
period1,sc01,t2822, 294.829629131445 , 274.829629131445 ,,
period1,sc01,t2823, 294.330127018922 , 274.330127018922 ,,
period1,sc01,t2824, 293.535533905932 , 273.535533905932 ,,
period1,sc01,t2825, 292.5 , 272.5 ,,
period1,sc01,t2826, 291.294095225512 , 271.294095225512 ,,
period1,sc01,t2827, 290 , 270 ,,
period1,sc01,t2828, 288.705904774487 , 268.705904774487 ,,
period1,sc01,t2829, 287.5 , 267.5 ,,
period1,sc01,t2830, 286.464466094067 , 266.464466094067 ,,
period1,sc01,t2831, 285.669872981077 , 265.669872981077 ,,
period1,sc01,t2832, 285.170370868554 , 265.170370868554 ,,
period1,sc01,t2833, 285 , 265 ,,
period1,sc01,t2834, 285.170370868554 , 265.170370868554 ,,
period1,sc01,t2835, 285.669872981077 , 265.669872981077 ,,
period1,sc01,t2836, 286.464466094067 , 266.464466094067 ,,
period1,sc01,t2837, 287.5 , 267.5 ,,
period1,sc01,t2838, 288.705904774487 , 268.705904774487 ,,
period1,sc01,t2839, 290 , 270 ,,
period1,sc01,t2840, 291.294095225512 , 271.294095225512 ,,
period1,sc01,t2841, 292.5 , 272.5 ,,
period1,sc01,t2842, 293.535533905932 , 273.535533905932 ,,
period1,sc01,t2843, 294.330127018922 , 274.330127018922 ,,
period1,sc01,t2844, 294.829629131445 , 274.829629131445 ,,
period1,sc01,t2845, 295 , 275 ,,
period1,sc01,t2846, 294.829629131445 , 274.829629131445 ,,
period1,sc01,t2847, 294.330127018922 , 274.330127018922 ,,
period1,sc01,t2848, 293.535533905932 , 273.535533905932 ,,
period1,sc01,t2849, 292.5 , 272.5 ,,
period1,sc01,t2850, 291.294095225512 , 271.294095225512 ,,
period1,sc01,t2851, 290 , 270 ,,
period1,sc01,t2852, 288.705904774487 , 268.705904774487 ,,
period1,sc01,t2853, 287.5 , 267.5 ,,
period1,sc01,t2854, 286.464466094067 , 266.464466094067 ,,
period1,sc01,t2855, 285.669872981077 , 265.669872981077 ,,
period1,sc01,t2856, 285.170370868554 , 265.170370868554 ,,
period1,sc01,t2857, 285 , 265 ,,
period1,sc01,t2858, 285.170370868554 , 265.170370868554 ,,
period1,sc01,t2859, 285.669872981077 , 265.669872981077 ,,
period1,sc01,t2860, 286.464466094067 , 266.464466094067 ,,
period1,sc01,t2861, 287.5 , 267.5 ,,
period1,sc01,t2862, 288.705904774487 , 268.705904774487 ,,
period1,sc01,t2863, 290 , 270 ,,
period1,sc01,t2864, 291.294095225512 , 271.294095225512 ,,
period1,sc01,t2865, 292.5 , 272.5 ,,
period1,sc01,t2866, 293.535533905932 , 273.535533905932 ,,
period1,sc01,t2867, 294.330127018922 , 274.330127018922 ,,
period1,sc01,t2868, 294.829629131445 , 274.829629131445 ,,
period1,sc01,t2869, 305 , 285 ,,
period1,sc01,t2870, 304.829629131445 , 284.829629131445 ,,
period1,sc01,t2871, 304.330127018922 , 284.330127018922 ,,
period1,sc01,t2872, 303.535533905932 , 283.535533905932 ,,
period1,sc01,t2873, 302.5 , 282.5 ,,
period1,sc01,t2874, 301.294095225512 , 281.294095225512 ,,
period1,sc01,t2875, 300 , 280 ,,
period1,sc01,t2876, 298.705904774487 , 278.705904774487 ,,
period1,sc01,t2877, 297.5 , 277.5 ,,
period1,sc01,t2878, 296.464466094067 , 276.464466094067 ,,
period1,sc01,t2879, 295.669872981077 , 275.669872981077 ,,
period1,sc01,t2880, 295.170370868554 , 275.170370868554 ,,
period1,sc01,t2881, 295 , 275 ,,
period1,sc01,t2882, 295.170370868554 , 275.170370868554 ,,
period1,sc01,t2883, 295.669872981077 , 275.669872981077 ,,
period1,sc01,t2884, 296.464466094067 , 276.464466094067 ,,
period1,sc01,t2885, 297.5 , 277.5 ,,
period1,sc01,t2886, 298.705904774487 , 278.705904774487 ,,
period1,sc01,t2887, 300 , 280 ,,
period1,sc01,t2888, 301.294095225512 , 281.294095225512 ,,
period1,sc01,t2889, 302.5 , 282.5 ,,
period1,sc01,t2890, 303.535533905932 , 283.535533905932 ,,
period1,sc01,t2891, 304.330127018922 , 284.330127018922 ,,
period1,sc01,t2892, 304.829629131445 , 284.829629131445 ,,
period1,sc01,t2893, 305 , 285 ,,
period1,sc01,t2894, 304.829629131445 , 284.829629131445 ,,
period1,sc01,t2895, 304.330127018922 , 284.330127018922 ,,
period1,sc01,t2896, 303.535533905932 , 283.535533905932 ,,
period1,sc01,t2897, 302.5 , 282.5 ,,
period1,sc01,t2898, 301.294095225512 , 281.294095225512 ,,
period1,sc01,t2899, 300 , 280 ,,
period1,sc01,t2900, 298.705904774487 , 278.705904774487 ,,
period1,sc01,t2901, 297.5 , 277.5 ,,
period1,sc01,t2902, 296.464466094067 , 276.464466094067 ,,
period1,sc01,t2903, 295.669872981077 , 275.669872981077 ,,
period1,sc01,t2904, 295.170370868554 , 275.170370868554 ,,
period1,sc01,t2905, 295 , 275 ,,
period1,sc01,t2906, 295.170370868554 , 275.170370868554 ,,
period1,sc01,t2907, 295.669872981077 , 275.669872981077 ,,
period1,sc01,t2908, 296.464466094067 , 276.464466094067 ,,
period1,sc01,t2909, 297.5 , 277.5 ,,
period1,sc01,t2910, 298.705904774487 , 278.705904774487 ,,
period1,sc01,t2911, 300 , 280 ,,
period1,sc01,t2912, 301.294095225512 , 281.294095225512 ,,
period1,sc01,t2913, 302.5 , 282.5 ,,
period1,sc01,t2914, 303.535533905932 , 283.535533905932 ,,
period1,sc01,t2915, 304.330127018922 , 284.330127018922 ,,
period1,sc01,t2916, 304.829629131445 , 284.829629131445 ,,
period1,sc01,t2917, 305 , 285 ,,
period1,sc01,t2918, 304.829629131445 , 284.829629131445 ,,
period1,sc01,t2919, 304.330127018922 , 284.330127018922 ,,
period1,sc01,t2920, 303.535533905932 , 283.535533905932 ,,
period1,sc01,t2921, 302.5 , 282.5 ,,
period1,sc01,t2922, 301.294095225512 , 281.294095225512 ,,
period1,sc01,t2923, 300 , 280 ,,
period1,sc01,t2924, 298.705904774487 , 278.705904774487 ,,
period1,sc01,t2925, 297.5 , 277.5 ,,
period1,sc01,t2926, 296.464466094067 , 276.464466094067 ,,
period1,sc01,t2927, 295.669872981077 , 275.669872981077 ,,
period1,sc01,t2928, 295.170370868554 , 275.170370868554 ,,
period1,sc01,t2929, 295 , 275 ,,
period1,sc01,t2930, 295.170370868554 , 275.170370868554 ,,
period1,sc01,t2931, 295.669872981077 , 275.669872981077 ,,
period1,sc01,t2932, 296.464466094067 , 276.464466094067 ,,
period1,sc01,t2933, 297.5 , 277.5 ,,
period1,sc01,t2934, 298.705904774487 , 278.705904774487 ,,
period1,sc01,t2935, 300 , 280 ,,
period1,sc01,t2936, 301.294095225512 , 281.294095225512 ,,
period1,sc01,t2937, 302.5 , 282.5 ,,
period1,sc01,t2938, 303.535533905932 , 283.535533905932 ,,
period1,sc01,t2939, 304.330127018922 , 284.330127018922 ,,
period1,sc01,t2940, 304.829629131445 , 284.829629131445 ,,
period1,sc01,t2941, 305 , 285 ,,
period1,sc01,t2942, 304.829629131445 , 284.829629131445 ,,
period1,sc01,t2943, 304.330127018922 , 284.330127018922 ,,
period1,sc01,t2944, 303.535533905932 , 283.535533905932 ,,
period1,sc01,t2945, 302.5 , 282.5 ,,
period1,sc01,t2946, 301.294095225512 , 281.294095225512 ,,
period1,sc01,t2947, 300 , 280 ,,
period1,sc01,t2948, 298.705904774487 , 278.705904774487 ,,
period1,sc01,t2949, 297.5 , 277.5 ,,
period1,sc01,t2950, 296.464466094067 , 276.464466094067 ,,
period1,sc01,t2951, 295.669872981077 , 275.669872981077 ,,
period1,sc01,t2952, 295.170370868554 , 275.170370868554 ,,
period1,sc01,t2953, 295 , 275 ,,
period1,sc01,t2954, 295.170370868554 , 275.170370868554 ,,
period1,sc01,t2955, 295.669872981077 , 275.669872981077 ,,
period1,sc01,t2956, 296.464466094067 , 276.464466094067 ,,
period1,sc01,t2957, 297.5 , 277.5 ,,
period1,sc01,t2958, 298.705904774487 , 278.705904774487 ,,
period1,sc01,t2959, 300 , 280 ,,
period1,sc01,t2960, 301.294095225512 , 281.294095225512 ,,
period1,sc01,t2961, 302.5 , 282.5 ,,
period1,sc01,t2962, 303.535533905932 , 283.535533905932 ,,
period1,sc01,t2963, 304.330127018922 , 284.330127018922 ,,
period1,sc01,t2964, 304.829629131445 , 284.829629131445 ,,
period1,sc01,t2965, 305 , 285 ,,
period1,sc01,t2966, 304.829629131445 , 284.829629131445 ,,
period1,sc01,t2967, 304.330127018922 , 284.330127018922 ,,
period1,sc01,t2968, 303.535533905932 , 283.535533905932 ,,
period1,sc01,t2969, 302.5 , 282.5 ,,
period1,sc01,t2970, 301.294095225512 , 281.294095225512 ,,
period1,sc01,t2971, 300 , 280 ,,
period1,sc01,t2972, 298.705904774487 , 278.705904774487 ,,
period1,sc01,t2973, 297.5 , 277.5 ,,
period1,sc01,t2974, 296.464466094067 , 276.464466094067 ,,
period1,sc01,t2975, 295.669872981077 , 275.669872981077 ,,
period1,sc01,t2976, 295.170370868554 , 275.170370868554 ,,
period1,sc01,t2977, 295 , 275 ,,
period1,sc01,t2978, 295.170370868554 , 275.170370868554 ,,
period1,sc01,t2979, 295.669872981077 , 275.669872981077 ,,
period1,sc01,t2980, 296.464466094067 , 276.464466094067 ,,
period1,sc01,t2981, 297.5 , 277.5 ,,
period1,sc01,t2982, 298.705904774487 , 278.705904774487 ,,
period1,sc01,t2983, 300 , 280 ,,
period1,sc01,t2984, 301.294095225512 , 281.294095225512 ,,
period1,sc01,t2985, 302.5 , 282.5 ,,
period1,sc01,t2986, 303.535533905932 , 283.535533905932 ,,
period1,sc01,t2987, 304.330127018922 , 284.330127018922 ,,
period1,sc01,t2988, 304.829629131445 , 284.829629131445 ,,
period1,sc01,t2989, 295 , 275 ,,
period1,sc01,t2990, 294.829629131445 , 274.829629131445 ,,
period1,sc01,t2991, 294.330127018922 , 274.330127018922 ,,
period1,sc01,t2992, 293.535533905932 , 273.535533905932 ,,
period1,sc01,t2993, 292.5 , 272.5 ,,
period1,sc01,t2994, 291.294095225512 , 271.294095225512 ,,
period1,sc01,t2995, 290 , 270 ,,
period1,sc01,t2996, 288.705904774487 , 268.705904774487 ,,
period1,sc01,t2997, 287.5 , 267.5 ,,
period1,sc01,t2998, 286.464466094067 , 266.464466094067 ,,
period1,sc01,t2999, 285.669872981077 , 265.669872981077 ,,
period1,sc01,t3000, 285.170370868554 , 265.170370868554 ,,
period1,sc01,t3001, 285 , 265 ,,
period1,sc01,t3002, 285.170370868554 , 265.170370868554 ,,
period1,sc01,t3003, 285.669872981077 , 265.669872981077 ,,
period1,sc01,t3004, 286.464466094067 , 266.464466094067 ,,
period1,sc01,t3005, 287.5 , 267.5 ,,
period1,sc01,t3006, 288.705904774487 , 268.705904774487 ,,
period1,sc01,t3007, 290 , 270 ,,
period1,sc01,t3008, 291.294095225512 , 271.294095225512 ,,
period1,sc01,t3009, 292.5 , 272.5 ,,
period1,sc01,t3010, 293.535533905932 , 273.535533905932 ,,
period1,sc01,t3011, 294.330127018922 , 274.330127018922 ,,
period1,sc01,t3012, 294.829629131445 , 274.829629131445 ,,
period1,sc01,t3013, 295 , 275 ,,
period1,sc01,t3014, 294.829629131445 , 274.829629131445 ,,
period1,sc01,t3015, 294.330127018922 , 274.330127018922 ,,
period1,sc01,t3016, 293.535533905932 , 273.535533905932 ,,
period1,sc01,t3017, 292.5 , 272.5 ,,
period1,sc01,t3018, 291.294095225512 , 271.294095225512 ,,
period1,sc01,t3019, 290 , 270 ,,
period1,sc01,t3020, 288.705904774487 , 268.705904774487 ,,
period1,sc01,t3021, 287.5 , 267.5 ,,
period1,sc01,t3022, 286.464466094067 , 266.464466094067 ,,
period1,sc01,t3023, 285.669872981077 , 265.669872981077 ,,
period1,sc01,t3024, 285.170370868554 , 265.170370868554 ,,
period1,sc01,t3025, 285 , 265 ,,
period1,sc01,t3026, 285.170370868554 , 265.170370868554 ,,
period1,sc01,t3027, 285.669872981077 , 265.669872981077 ,,
period1,sc01,t3028, 286.464466094067 , 266.464466094067 ,,
period1,sc01,t3029, 287.5 , 267.5 ,,
period1,sc01,t3030, 288.705904774487 , 268.705904774487 ,,
period1,sc01,t3031, 290 , 270 ,,
period1,sc01,t3032, 291.294095225512 , 271.294095225512 ,,
period1,sc01,t3033, 292.5 , 272.5 ,,
period1,sc01,t3034, 293.535533905932 , 273.535533905932 ,,
period1,sc01,t3035, 294.330127018922 , 274.330127018922 ,,
period1,sc01,t3036, 294.829629131445 , 274.829629131445 ,,
period1,sc01,t3037, 305 , 285 ,,
period1,sc01,t3038, 304.829629131445 , 284.829629131445 ,,
period1,sc01,t3039, 304.330127018922 , 284.330127018922 ,,
period1,sc01,t3040, 303.535533905932 , 283.535533905932 ,,
period1,sc01,t3041, 302.5 , 282.5 ,,
period1,sc01,t3042, 301.294095225512 , 281.294095225512 ,,
period1,sc01,t3043, 300 , 280 ,,
period1,sc01,t3044, 298.705904774487 , 278.705904774487 ,,
period1,sc01,t3045, 297.5 , 277.5 ,,
period1,sc01,t3046, 296.464466094067 , 276.464466094067 ,,
period1,sc01,t3047, 295.669872981077 , 275.669872981077 ,,
period1,sc01,t3048, 295.170370868554 , 275.170370868554 ,,
period1,sc01,t3049, 295 , 275 ,,
period1,sc01,t3050, 295.170370868554 , 275.170370868554 ,,
period1,sc01,t3051, 295.669872981077 , 275.669872981077 ,,
period1,sc01,t3052, 296.464466094067 , 276.464466094067 ,,
period1,sc01,t3053, 297.5 , 277.5 ,,
period1,sc01,t3054, 298.705904774487 , 278.705904774487 ,,
period1,sc01,t3055, 300 , 280 ,,
period1,sc01,t3056, 301.294095225512 , 281.294095225512 ,,
period1,sc01,t3057, 302.5 , 282.5 ,,
period1,sc01,t3058, 303.535533905932 , 283.535533905932 ,,
period1,sc01,t3059, 304.330127018922 , 284.330127018922 ,,
period1,sc01,t3060, 304.829629131445 , 284.829629131445 ,,
period1,sc01,t3061, 305 , 285 ,,
period1,sc01,t3062, 304.829629131445 , 284.829629131445 ,,
period1,sc01,t3063, 304.330127018922 , 284.330127018922 ,,
period1,sc01,t3064, 303.535533905932 , 283.535533905932 ,,
period1,sc01,t3065, 302.5 , 282.5 ,,
period1,sc01,t3066, 301.294095225512 , 281.294095225512 ,,
period1,sc01,t3067, 300 , 280 ,,
period1,sc01,t3068, 298.705904774487 , 278.705904774487 ,,
period1,sc01,t3069, 297.5 , 277.5 ,,
period1,sc01,t3070, 296.464466094067 , 276.464466094067 ,,
period1,sc01,t3071, 295.669872981077 , 275.669872981077 ,,
period1,sc01,t3072, 295.170370868554 , 275.170370868554 ,,
period1,sc01,t3073, 295 , 275 ,,
period1,sc01,t3074, 295.170370868554 , 275.170370868554 ,,
period1,sc01,t3075, 295.669872981077 , 275.669872981077 ,,
period1,sc01,t3076, 296.464466094067 , 276.464466094067 ,,
period1,sc01,t3077, 297.5 , 277.5 ,,
period1,sc01,t3078, 298.705904774487 , 278.705904774487 ,,
period1,sc01,t3079, 300 , 280 ,,
period1,sc01,t3080, 301.294095225512 , 281.294095225512 ,,
period1,sc01,t3081, 302.5 , 282.5 ,,
period1,sc01,t3082, 303.535533905932 , 283.535533905932 ,,
period1,sc01,t3083, 304.330127018922 , 284.330127018922 ,,
period1,sc01,t3084, 304.829629131445 , 284.829629131445 ,,
period1,sc01,t3085, 305 , 285 ,,
period1,sc01,t3086, 304.829629131445 , 284.829629131445 ,,
period1,sc01,t3087, 304.330127018922 , 284.330127018922 ,,
period1,sc01,t3088, 303.535533905932 , 283.535533905932 ,,
period1,sc01,t3089, 302.5 , 282.5 ,,
period1,sc01,t3090, 301.294095225512 , 281.294095225512 ,,
period1,sc01,t3091, 300 , 280 ,,
period1,sc01,t3092, 298.705904774487 , 278.705904774487 ,,
period1,sc01,t3093, 297.5 , 277.5 ,,
period1,sc01,t3094, 296.464466094067 , 276.464466094067 ,,
period1,sc01,t3095, 295.669872981077 , 275.669872981077 ,,
period1,sc01,t3096, 295.170370868554 , 275.170370868554 ,,
period1,sc01,t3097, 295 , 275 ,,
period1,sc01,t3098, 295.170370868554 , 275.170370868554 ,,
period1,sc01,t3099, 295.669872981077 , 275.669872981077 ,,
period1,sc01,t3100, 296.464466094067 , 276.464466094067 ,,
period1,sc01,t3101, 297.5 , 277.5 ,,
period1,sc01,t3102, 298.705904774487 , 278.705904774487 ,,
period1,sc01,t3103, 300 , 280 ,,
period1,sc01,t3104, 301.294095225512 , 281.294095225512 ,,
period1,sc01,t3105, 302.5 , 282.5 ,,
period1,sc01,t3106, 303.535533905932 , 283.535533905932 ,,
period1,sc01,t3107, 304.330127018922 , 284.330127018922 ,,
period1,sc01,t3108, 304.829629131445 , 284.829629131445 ,,
period1,sc01,t3109, 305 , 285 ,,
period1,sc01,t3110, 304.829629131445 , 284.829629131445 ,,
period1,sc01,t3111, 304.330127018922 , 284.330127018922 ,,
period1,sc01,t3112, 303.535533905932 , 283.535533905932 ,,
period1,sc01,t3113, 302.5 , 282.5 ,,
period1,sc01,t3114, 301.294095225512 , 281.294095225512 ,,
period1,sc01,t3115, 300 , 280 ,,
period1,sc01,t3116, 298.705904774487 , 278.705904774487 ,,
period1,sc01,t3117, 297.5 , 277.5 ,,
period1,sc01,t3118, 296.464466094067 , 276.464466094067 ,,
period1,sc01,t3119, 295.669872981077 , 275.669872981077 ,,
period1,sc01,t3120, 295.170370868554 , 275.170370868554 ,,
period1,sc01,t3121, 295 , 275 ,,
period1,sc01,t3122, 295.170370868554 , 275.170370868554 ,,
period1,sc01,t3123, 295.669872981077 , 275.669872981077 ,,
period1,sc01,t3124, 296.464466094067 , 276.464466094067 ,,
period1,sc01,t3125, 297.5 , 277.5 ,,
period1,sc01,t3126, 298.705904774487 , 278.705904774487 ,,
period1,sc01,t3127, 300 , 280 ,,
period1,sc01,t3128, 301.294095225512 , 281.294095225512 ,,
period1,sc01,t3129, 302.5 , 282.5 ,,
period1,sc01,t3130, 303.535533905932 , 283.535533905932 ,,
period1,sc01,t3131, 304.330127018922 , 284.330127018922 ,,
period1,sc01,t3132, 304.829629131445 , 284.829629131445 ,,
period1,sc01,t3133, 305 , 285 ,,
period1,sc01,t3134, 304.829629131445 , 284.829629131445 ,,
period1,sc01,t3135, 304.330127018922 , 284.330127018922 ,,
period1,sc01,t3136, 303.535533905932 , 283.535533905932 ,,
period1,sc01,t3137, 302.5 , 282.5 ,,
period1,sc01,t3138, 301.294095225512 , 281.294095225512 ,,
period1,sc01,t3139, 300 , 280 ,,
period1,sc01,t3140, 298.705904774487 , 278.705904774487 ,,
period1,sc01,t3141, 297.5 , 277.5 ,,
period1,sc01,t3142, 296.464466094067 , 276.464466094067 ,,
period1,sc01,t3143, 295.669872981077 , 275.669872981077 ,,
period1,sc01,t3144, 295.170370868554 , 275.170370868554 ,,
period1,sc01,t3145, 295 , 275 ,,
period1,sc01,t3146, 295.170370868554 , 275.170370868554 ,,
period1,sc01,t3147, 295.669872981077 , 275.669872981077 ,,
period1,sc01,t3148, 296.464466094067 , 276.464466094067 ,,
period1,sc01,t3149, 297.5 , 277.5 ,,
period1,sc01,t3150, 298.705904774487 , 278.705904774487 ,,
period1,sc01,t3151, 300 , 280 ,,
period1,sc01,t3152, 301.294095225512 , 281.294095225512 ,,
period1,sc01,t3153, 302.5 , 282.5 ,,
period1,sc01,t3154, 303.535533905932 , 283.535533905932 ,,
period1,sc01,t3155, 304.330127018922 , 284.330127018922 ,,
period1,sc01,t3156, 304.829629131445 , 284.829629131445 ,,
period1,sc01,t3157, 295 , 275 ,,
period1,sc01,t3158, 294.829629131445 , 274.829629131445 ,,
period1,sc01,t3159, 294.330127018922 , 274.330127018922 ,,
period1,sc01,t3160, 293.535533905932 , 273.535533905932 ,,
period1,sc01,t3161, 292.5 , 272.5 ,,
period1,sc01,t3162, 291.294095225512 , 271.294095225512 ,,
period1,sc01,t3163, 290 , 270 ,,
period1,sc01,t3164, 288.705904774487 , 268.705904774487 ,,
period1,sc01,t3165, 287.5 , 267.5 ,,
period1,sc01,t3166, 286.464466094067 , 266.464466094067 ,,
period1,sc01,t3167, 285.669872981077 , 265.669872981077 ,,
period1,sc01,t3168, 285.170370868554 , 265.170370868554 ,,
period1,sc01,t3169, 285 , 265 ,,
period1,sc01,t3170, 285.170370868554 , 265.170370868554 ,,
period1,sc01,t3171, 285.669872981077 , 265.669872981077 ,,
period1,sc01,t3172, 286.464466094067 , 266.464466094067 ,,
period1,sc01,t3173, 287.5 , 267.5 ,,
period1,sc01,t3174, 288.705904774487 , 268.705904774487 ,,
period1,sc01,t3175, 290 , 270 ,,
period1,sc01,t3176, 291.294095225512 , 271.294095225512 ,,
period1,sc01,t3177, 292.5 , 272.5 ,,
period1,sc01,t3178, 293.535533905932 , 273.535533905932 ,,
period1,sc01,t3179, 294.330127018922 , 274.330127018922 ,,
period1,sc01,t3180, 294.829629131445 , 274.829629131445 ,,
period1,sc01,t3181, 295 , 275 ,,
period1,sc01,t3182, 294.829629131445 , 274.829629131445 ,,
period1,sc01,t3183, 294.330127018922 , 274.330127018922 ,,
period1,sc01,t3184, 293.535533905932 , 273.535533905932 ,,
period1,sc01,t3185, 292.5 , 272.5 ,,
period1,sc01,t3186, 291.294095225512 , 271.294095225512 ,,
period1,sc01,t3187, 290 , 270 ,,
period1,sc01,t3188, 288.705904774487 , 268.705904774487 ,,
period1,sc01,t3189, 287.5 , 267.5 ,,
period1,sc01,t3190, 286.464466094067 , 266.464466094067 ,,
period1,sc01,t3191, 285.669872981077 , 265.669872981077 ,,
period1,sc01,t3192, 285.170370868554 , 265.170370868554 ,,
period1,sc01,t3193, 285 , 265 ,,
period1,sc01,t3194, 285.170370868554 , 265.170370868554 ,,
period1,sc01,t3195, 285.669872981077 , 265.669872981077 ,,
period1,sc01,t3196, 286.464466094067 , 266.464466094067 ,,
period1,sc01,t3197, 287.5 , 267.5 ,,
period1,sc01,t3198, 288.705904774487 , 268.705904774487 ,,
period1,sc01,t3199, 290 , 270 ,,
period1,sc01,t3200, 291.294095225512 , 271.294095225512 ,,
period1,sc01,t3201, 292.5 , 272.5 ,,
period1,sc01,t3202, 293.535533905932 , 273.535533905932 ,,
period1,sc01,t3203, 294.330127018922 , 274.330127018922 ,,
period1,sc01,t3204, 294.829629131445 , 274.829629131445 ,,
period1,sc01,t3205, 305 , 285 ,,
period1,sc01,t3206, 304.829629131445 , 284.829629131445 ,,
period1,sc01,t3207, 304.330127018922 , 284.330127018922 ,,
period1,sc01,t3208, 303.535533905932 , 283.535533905932 ,,
period1,sc01,t3209, 302.5 , 282.5 ,,
period1,sc01,t3210, 301.294095225512 , 281.294095225512 ,,
period1,sc01,t3211, 300 , 280 ,,
period1,sc01,t3212, 298.705904774487 , 278.705904774487 ,,
period1,sc01,t3213, 297.5 , 277.5 ,,
period1,sc01,t3214, 296.464466094067 , 276.464466094067 ,,
period1,sc01,t3215, 295.669872981077 , 275.669872981077 ,,
period1,sc01,t3216, 295.170370868554 , 275.170370868554 ,,
period1,sc01,t3217, 295 , 275 ,,
period1,sc01,t3218, 295.170370868554 , 275.170370868554 ,,
period1,sc01,t3219, 295.669872981077 , 275.669872981077 ,,
period1,sc01,t3220, 296.464466094067 , 276.464466094067 ,,
period1,sc01,t3221, 297.5 , 277.5 ,,
period1,sc01,t3222, 298.705904774487 , 278.705904774487 ,,
period1,sc01,t3223, 300 , 280 ,,
period1,sc01,t3224, 301.294095225512 , 281.294095225512 ,,
period1,sc01,t3225, 302.5 , 282.5 ,,
period1,sc01,t3226, 303.535533905932 , 283.535533905932 ,,
period1,sc01,t3227, 304.330127018922 , 284.330127018922 ,,
period1,sc01,t3228, 304.829629131445 , 284.829629131445 ,,
period1,sc01,t3229, 305 , 285 ,,
period1,sc01,t3230, 304.829629131445 , 284.829629131445 ,,
period1,sc01,t3231, 304.330127018922 , 284.330127018922 ,,
period1,sc01,t3232, 303.535533905932 , 283.535533905932 ,,
period1,sc01,t3233, 302.5 , 282.5 ,,
period1,sc01,t3234, 301.294095225512 , 281.294095225512 ,,
period1,sc01,t3235, 300 , 280 ,,
period1,sc01,t3236, 298.705904774487 , 278.705904774487 ,,
period1,sc01,t3237, 297.5 , 277.5 ,,
period1,sc01,t3238, 296.464466094067 , 276.464466094067 ,,
period1,sc01,t3239, 295.669872981077 , 275.669872981077 ,,
period1,sc01,t3240, 295.170370868554 , 275.170370868554 ,,
period1,sc01,t3241, 295 , 275 ,,
period1,sc01,t3242, 295.170370868554 , 275.170370868554 ,,
period1,sc01,t3243, 295.669872981077 , 275.669872981077 ,,
period1,sc01,t3244, 296.464466094067 , 276.464466094067 ,,
period1,sc01,t3245, 297.5 , 277.5 ,,
period1,sc01,t3246, 298.705904774487 , 278.705904774487 ,,
period1,sc01,t3247, 300 , 280 ,,
period1,sc01,t3248, 301.294095225512 , 281.294095225512 ,,
period1,sc01,t3249, 302.5 , 282.5 ,,
period1,sc01,t3250, 303.535533905932 , 283.535533905932 ,,
period1,sc01,t3251, 304.330127018922 , 284.330127018922 ,,
period1,sc01,t3252, 304.829629131445 , 284.829629131445 ,,
period1,sc01,t3253, 305 , 285 ,,
period1,sc01,t3254, 304.829629131445 , 284.829629131445 ,,
period1,sc01,t3255, 304.330127018922 , 284.330127018922 ,,
period1,sc01,t3256, 303.535533905932 , 283.535533905932 ,,
period1,sc01,t3257, 302.5 , 282.5 ,,
period1,sc01,t3258, 301.294095225512 , 281.294095225512 ,,
period1,sc01,t3259, 300 , 280 ,,
period1,sc01,t3260, 298.705904774487 , 278.705904774487 ,,
period1,sc01,t3261, 297.5 , 277.5 ,,
period1,sc01,t3262, 296.464466094067 , 276.464466094067 ,,
period1,sc01,t3263, 295.669872981077 , 275.669872981077 ,,
period1,sc01,t3264, 295.170370868554 , 275.170370868554 ,,
period1,sc01,t3265, 295 , 275 ,,
period1,sc01,t3266, 295.170370868554 , 275.170370868554 ,,
period1,sc01,t3267, 295.669872981077 , 275.669872981077 ,,
period1,sc01,t3268, 296.464466094067 , 276.464466094067 ,,
period1,sc01,t3269, 297.5 , 277.5 ,,
period1,sc01,t3270, 298.705904774487 , 278.705904774487 ,,
period1,sc01,t3271, 300 , 280 ,,
period1,sc01,t3272, 301.294095225512 , 281.294095225512 ,,
period1,sc01,t3273, 302.5 , 282.5 ,,
period1,sc01,t3274, 303.535533905932 , 283.535533905932 ,,
period1,sc01,t3275, 304.330127018922 , 284.330127018922 ,,
period1,sc01,t3276, 304.829629131445 , 284.829629131445 ,,
period1,sc01,t3277, 305 , 285 ,,
period1,sc01,t3278, 304.829629131445 , 284.829629131445 ,,
period1,sc01,t3279, 304.330127018922 , 284.330127018922 ,,
period1,sc01,t3280, 303.535533905932 , 283.535533905932 ,,
period1,sc01,t3281, 302.5 , 282.5 ,,
period1,sc01,t3282, 301.294095225512 , 281.294095225512 ,,
period1,sc01,t3283, 300 , 280 ,,
period1,sc01,t3284, 298.705904774487 , 278.705904774487 ,,
period1,sc01,t3285, 297.5 , 277.5 ,,
period1,sc01,t3286, 296.464466094067 , 276.464466094067 ,,
period1,sc01,t3287, 295.669872981077 , 275.669872981077 ,,
period1,sc01,t3288, 295.170370868554 , 275.170370868554 ,,
period1,sc01,t3289, 295 , 275 ,,
period1,sc01,t3290, 295.170370868554 , 275.170370868554 ,,
period1,sc01,t3291, 295.669872981077 , 275.669872981077 ,,
period1,sc01,t3292, 296.464466094067 , 276.464466094067 ,,
period1,sc01,t3293, 297.5 , 277.5 ,,
period1,sc01,t3294, 298.705904774487 , 278.705904774487 ,,
period1,sc01,t3295, 300 , 280 ,,
period1,sc01,t3296, 301.294095225512 , 281.294095225512 ,,
period1,sc01,t3297, 302.5 , 282.5 ,,
period1,sc01,t3298, 303.535533905932 , 283.535533905932 ,,
period1,sc01,t3299, 304.330127018922 , 284.330127018922 ,,
period1,sc01,t3300, 304.829629131445 , 284.829629131445 ,,
period1,sc01,t3301, 305 , 285 ,,
period1,sc01,t3302, 304.829629131445 , 284.829629131445 ,,
period1,sc01,t3303, 304.330127018922 , 284.330127018922 ,,
period1,sc01,t3304, 303.535533905932 , 283.535533905932 ,,
period1,sc01,t3305, 302.5 , 282.5 ,,
period1,sc01,t3306, 301.294095225512 , 281.294095225512 ,,
period1,sc01,t3307, 300 , 280 ,,
period1,sc01,t3308, 298.705904774487 , 278.705904774487 ,,
period1,sc01,t3309, 297.5 , 277.5 ,,
period1,sc01,t3310, 296.464466094067 , 276.464466094067 ,,
period1,sc01,t3311, 295.669872981077 , 275.669872981077 ,,
period1,sc01,t3312, 295.170370868554 , 275.170370868554 ,,
period1,sc01,t3313, 295 , 275 ,,
period1,sc01,t3314, 295.170370868554 , 275.170370868554 ,,
period1,sc01,t3315, 295.669872981077 , 275.669872981077 ,,
period1,sc01,t3316, 296.464466094067 , 276.464466094067 ,,
period1,sc01,t3317, 297.5 , 277.5 ,,
period1,sc01,t3318, 298.705904774487 , 278.705904774487 ,,
period1,sc01,t3319, 300 , 280 ,,
period1,sc01,t3320, 301.294095225512 , 281.294095225512 ,,
period1,sc01,t3321, 302.5 , 282.5 ,,
period1,sc01,t3322, 303.535533905932 , 283.535533905932 ,,
period1,sc01,t3323, 304.330127018922 , 284.330127018922 ,,
period1,sc01,t3324, 304.829629131445 , 284.829629131445 ,,
period1,sc01,t3325, 295 , 275 ,,
period1,sc01,t3326, 294.829629131445 , 274.829629131445 ,,
period1,sc01,t3327, 294.330127018922 , 274.330127018922 ,,
period1,sc01,t3328, 293.535533905932 , 273.535533905932 ,,
period1,sc01,t3329, 292.5 , 272.5 ,,
period1,sc01,t3330, 291.294095225512 , 271.294095225512 ,,
period1,sc01,t3331, 290 , 270 ,,
period1,sc01,t3332, 288.705904774487 , 268.705904774487 ,,
period1,sc01,t3333, 287.5 , 267.5 ,,
period1,sc01,t3334, 286.464466094067 , 266.464466094067 ,,
period1,sc01,t3335, 285.669872981077 , 265.669872981077 ,,
period1,sc01,t3336, 285.170370868554 , 265.170370868554 ,,
period1,sc01,t3337, 285 , 265 ,,
period1,sc01,t3338, 285.170370868554 , 265.170370868554 ,,
period1,sc01,t3339, 285.669872981077 , 265.669872981077 ,,
period1,sc01,t3340, 286.464466094067 , 266.464466094067 ,,
period1,sc01,t3341, 287.5 , 267.5 ,,
period1,sc01,t3342, 288.705904774487 , 268.705904774487 ,,
period1,sc01,t3343, 290 , 270 ,,
period1,sc01,t3344, 291.294095225512 , 271.294095225512 ,,
period1,sc01,t3345, 292.5 , 272.5 ,,
period1,sc01,t3346, 293.535533905932 , 273.535533905932 ,,
period1,sc01,t3347, 294.330127018922 , 274.330127018922 ,,
period1,sc01,t3348, 294.829629131445 , 274.829629131445 ,,
period1,sc01,t3349, 295 , 275 ,,
period1,sc01,t3350, 294.829629131445 , 274.829629131445 ,,
period1,sc01,t3351, 294.330127018922 , 274.330127018922 ,,
period1,sc01,t3352, 293.535533905932 , 273.535533905932 ,,
period1,sc01,t3353, 292.5 , 272.5 ,,
period1,sc01,t3354, 291.294095225512 , 271.294095225512 ,,
period1,sc01,t3355, 290 , 270 ,,
period1,sc01,t3356, 288.705904774487 , 268.705904774487 ,,
period1,sc01,t3357, 287.5 , 267.5 ,,
period1,sc01,t3358, 286.464466094067 , 266.464466094067 ,,
period1,sc01,t3359, 285.669872981077 , 265.669872981077 ,,
period1,sc01,t3360, 285.170370868554 , 265.170370868554 ,,
period1,sc01,t3361, 285 , 265 ,,
period1,sc01,t3362, 285.170370868554 , 265.170370868554 ,,
period1,sc01,t3363, 285.669872981077 , 265.669872981077 ,,
period1,sc01,t3364, 286.464466094067 , 266.464466094067 ,,
period1,sc01,t3365, 287.5 , 267.5 ,,
period1,sc01,t3366, 288.705904774487 , 268.705904774487 ,,
period1,sc01,t3367, 290 , 270 ,,
period1,sc01,t3368, 291.294095225512 , 271.294095225512 ,,
period1,sc01,t3369, 292.5 , 272.5 ,,
period1,sc01,t3370, 293.535533905932 , 273.535533905932 ,,
period1,sc01,t3371, 294.330127018922 , 274.330127018922 ,,
period1,sc01,t3372, 294.829629131445 , 274.829629131445 ,,
period1,sc01,t3373, 305 , 285 ,,
period1,sc01,t3374, 304.829629131445 , 284.829629131445 ,,
period1,sc01,t3375, 304.330127018922 , 284.330127018922 ,,
period1,sc01,t3376, 303.535533905932 , 283.535533905932 ,,
period1,sc01,t3377, 302.5 , 282.5 ,,
period1,sc01,t3378, 301.294095225512 , 281.294095225512 ,,
period1,sc01,t3379, 300 , 280 ,,
period1,sc01,t3380, 298.705904774487 , 278.705904774487 ,,
period1,sc01,t3381, 297.5 , 277.5 ,,
period1,sc01,t3382, 296.464466094067 , 276.464466094067 ,,
period1,sc01,t3383, 295.669872981077 , 275.669872981077 ,,
period1,sc01,t3384, 295.170370868554 , 275.170370868554 ,,
period1,sc01,t3385, 295 , 275 ,,
period1,sc01,t3386, 295.170370868554 , 275.170370868554 ,,
period1,sc01,t3387, 295.669872981077 , 275.669872981077 ,,
period1,sc01,t3388, 296.464466094067 , 276.464466094067 ,,
period1,sc01,t3389, 297.5 , 277.5 ,,
period1,sc01,t3390, 298.705904774487 , 278.705904774487 ,,
period1,sc01,t3391, 300 , 280 ,,
period1,sc01,t3392, 301.294095225512 , 281.294095225512 ,,
period1,sc01,t3393, 302.5 , 282.5 ,,
period1,sc01,t3394, 303.535533905932 , 283.535533905932 ,,
period1,sc01,t3395, 304.330127018922 , 284.330127018922 ,,
period1,sc01,t3396, 304.829629131445 , 284.829629131445 ,,
period1,sc01,t3397, 305 , 285 ,,
period1,sc01,t3398, 304.829629131445 , 284.829629131445 ,,
period1,sc01,t3399, 304.330127018922 , 284.330127018922 ,,
period1,sc01,t3400, 303.535533905932 , 283.535533905932 ,,
period1,sc01,t3401, 302.5 , 282.5 ,,
period1,sc01,t3402, 301.294095225512 , 281.294095225512 ,,
period1,sc01,t3403, 300 , 280 ,,
period1,sc01,t3404, 298.705904774487 , 278.705904774487 ,,
period1,sc01,t3405, 297.5 , 277.5 ,,
period1,sc01,t3406, 296.464466094067 , 276.464466094067 ,,
period1,sc01,t3407, 295.669872981077 , 275.669872981077 ,,
period1,sc01,t3408, 295.170370868554 , 275.170370868554 ,,
period1,sc01,t3409, 295 , 275 ,,
period1,sc01,t3410, 295.170370868554 , 275.170370868554 ,,
period1,sc01,t3411, 295.669872981077 , 275.669872981077 ,,
period1,sc01,t3412, 296.464466094067 , 276.464466094067 ,,
period1,sc01,t3413, 297.5 , 277.5 ,,
period1,sc01,t3414, 298.705904774487 , 278.705904774487 ,,
period1,sc01,t3415, 300 , 280 ,,
period1,sc01,t3416, 301.294095225512 , 281.294095225512 ,,
period1,sc01,t3417, 302.5 , 282.5 ,,
period1,sc01,t3418, 303.535533905932 , 283.535533905932 ,,
period1,sc01,t3419, 304.330127018922 , 284.330127018922 ,,
period1,sc01,t3420, 304.829629131445 , 284.829629131445 ,,
period1,sc01,t3421, 305 , 285 ,,
period1,sc01,t3422, 304.829629131445 , 284.829629131445 ,,
period1,sc01,t3423, 304.330127018922 , 284.330127018922 ,,
period1,sc01,t3424, 303.535533905932 , 283.535533905932 ,,
period1,sc01,t3425, 302.5 , 282.5 ,,
period1,sc01,t3426, 301.294095225512 , 281.294095225512 ,,
period1,sc01,t3427, 300 , 280 ,,
period1,sc01,t3428, 298.705904774487 , 278.705904774487 ,,
period1,sc01,t3429, 297.5 , 277.5 ,,
period1,sc01,t3430, 296.464466094067 , 276.464466094067 ,,
period1,sc01,t3431, 295.669872981077 , 275.669872981077 ,,
period1,sc01,t3432, 295.170370868554 , 275.170370868554 ,,
period1,sc01,t3433, 295 , 275 ,,
period1,sc01,t3434, 295.170370868554 , 275.170370868554 ,,
period1,sc01,t3435, 295.669872981077 , 275.669872981077 ,,
period1,sc01,t3436, 296.464466094067 , 276.464466094067 ,,
period1,sc01,t3437, 297.5 , 277.5 ,,
period1,sc01,t3438, 298.705904774487 , 278.705904774487 ,,
period1,sc01,t3439, 300 , 280 ,,
period1,sc01,t3440, 301.294095225512 , 281.294095225512 ,,
period1,sc01,t3441, 302.5 , 282.5 ,,
period1,sc01,t3442, 303.535533905932 , 283.535533905932 ,,
period1,sc01,t3443, 304.330127018922 , 284.330127018922 ,,
period1,sc01,t3444, 304.829629131445 , 284.829629131445 ,,
period1,sc01,t3445, 305 , 285 ,,
period1,sc01,t3446, 304.829629131445 , 284.829629131445 ,,
period1,sc01,t3447, 304.330127018922 , 284.330127018922 ,,
period1,sc01,t3448, 303.535533905932 , 283.535533905932 ,,
period1,sc01,t3449, 302.5 , 282.5 ,,
period1,sc01,t3450, 301.294095225512 , 281.294095225512 ,,
period1,sc01,t3451, 300 , 280 ,,
period1,sc01,t3452, 298.705904774487 , 278.705904774487 ,,
period1,sc01,t3453, 297.5 , 277.5 ,,
period1,sc01,t3454, 296.464466094067 , 276.464466094067 ,,
period1,sc01,t3455, 295.669872981077 , 275.669872981077 ,,
period1,sc01,t3456, 295.170370868554 , 275.170370868554 ,,
period1,sc01,t3457, 295 , 275 ,,
period1,sc01,t3458, 295.170370868554 , 275.170370868554 ,,
period1,sc01,t3459, 295.669872981077 , 275.669872981077 ,,
period1,sc01,t3460, 296.464466094067 , 276.464466094067 ,,
period1,sc01,t3461, 297.5 , 277.5 ,,
period1,sc01,t3462, 298.705904774487 , 278.705904774487 ,,
period1,sc01,t3463, 300 , 280 ,,
period1,sc01,t3464, 301.294095225512 , 281.294095225512 ,,
period1,sc01,t3465, 302.5 , 282.5 ,,
period1,sc01,t3466, 303.535533905932 , 283.535533905932 ,,
period1,sc01,t3467, 304.330127018922 , 284.330127018922 ,,
period1,sc01,t3468, 304.829629131445 , 284.829629131445 ,,
period1,sc01,t3469, 305 , 285 ,,
period1,sc01,t3470, 304.829629131445 , 284.829629131445 ,,
period1,sc01,t3471, 304.330127018922 , 284.330127018922 ,,
period1,sc01,t3472, 303.535533905932 , 283.535533905932 ,,
period1,sc01,t3473, 302.5 , 282.5 ,,
period1,sc01,t3474, 301.294095225512 , 281.294095225512 ,,
period1,sc01,t3475, 300 , 280 ,,
period1,sc01,t3476, 298.705904774487 , 278.705904774487 ,,
period1,sc01,t3477, 297.5 , 277.5 ,,
period1,sc01,t3478, 296.464466094067 , 276.464466094067 ,,
period1,sc01,t3479, 295.669872981077 , 275.669872981077 ,,
period1,sc01,t3480, 295.170370868554 , 275.170370868554 ,,
period1,sc01,t3481, 295 , 275 ,,
period1,sc01,t3482, 295.170370868554 , 275.170370868554 ,,
period1,sc01,t3483, 295.669872981077 , 275.669872981077 ,,
period1,sc01,t3484, 296.464466094067 , 276.464466094067 ,,
period1,sc01,t3485, 297.5 , 277.5 ,,
period1,sc01,t3486, 298.705904774487 , 278.705904774487 ,,
period1,sc01,t3487, 300 , 280 ,,
period1,sc01,t3488, 301.294095225512 , 281.294095225512 ,,
period1,sc01,t3489, 302.5 , 282.5 ,,
period1,sc01,t3490, 303.535533905932 , 283.535533905932 ,,
period1,sc01,t3491, 304.330127018922 , 284.330127018922 ,,
period1,sc01,t3492, 304.829629131445 , 284.829629131445 ,,
period1,sc01,t3493, 295 , 275 ,,
period1,sc01,t3494, 294.829629131445 , 274.829629131445 ,,
period1,sc01,t3495, 294.330127018922 , 274.330127018922 ,,
period1,sc01,t3496, 293.535533905932 , 273.535533905932 ,,
period1,sc01,t3497, 292.5 , 272.5 ,,
period1,sc01,t3498, 291.294095225512 , 271.294095225512 ,,
period1,sc01,t3499, 290 , 270 ,,
period1,sc01,t3500, 288.705904774487 , 268.705904774487 ,,
period1,sc01,t3501, 287.5 , 267.5 ,,
period1,sc01,t3502, 286.464466094067 , 266.464466094067 ,,
period1,sc01,t3503, 285.669872981077 , 265.669872981077 ,,
period1,sc01,t3504, 285.170370868554 , 265.170370868554 ,,
period1,sc01,t3505, 285 , 265 ,,
period1,sc01,t3506, 285.170370868554 , 265.170370868554 ,,
period1,sc01,t3507, 285.669872981077 , 265.669872981077 ,,
period1,sc01,t3508, 286.464466094067 , 266.464466094067 ,,
period1,sc01,t3509, 287.5 , 267.5 ,,
period1,sc01,t3510, 288.705904774487 , 268.705904774487 ,,
period1,sc01,t3511, 290 , 270 ,,
period1,sc01,t3512, 291.294095225512 , 271.294095225512 ,,
period1,sc01,t3513, 292.5 , 272.5 ,,
period1,sc01,t3514, 293.535533905932 , 273.535533905932 ,,
period1,sc01,t3515, 294.330127018922 , 274.330127018922 ,,
period1,sc01,t3516, 294.829629131445 , 274.829629131445 ,,
period1,sc01,t3517, 295 , 275 ,,
period1,sc01,t3518, 294.829629131445 , 274.829629131445 ,,
period1,sc01,t3519, 294.330127018922 , 274.330127018922 ,,
period1,sc01,t3520, 293.535533905932 , 273.535533905932 ,,
period1,sc01,t3521, 292.5 , 272.5 ,,
period1,sc01,t3522, 291.294095225512 , 271.294095225512 ,,
period1,sc01,t3523, 290 , 270 ,,
period1,sc01,t3524, 288.705904774487 , 268.705904774487 ,,
period1,sc01,t3525, 287.5 , 267.5 ,,
period1,sc01,t3526, 286.464466094067 , 266.464466094067 ,,
period1,sc01,t3527, 285.669872981077 , 265.669872981077 ,,
period1,sc01,t3528, 285.170370868554 , 265.170370868554 ,,
period1,sc01,t3529, 285 , 265 ,,
period1,sc01,t3530, 285.170370868554 , 265.170370868554 ,,
period1,sc01,t3531, 285.669872981077 , 265.669872981077 ,,
period1,sc01,t3532, 286.464466094067 , 266.464466094067 ,,
period1,sc01,t3533, 287.5 , 267.5 ,,
period1,sc01,t3534, 288.705904774487 , 268.705904774487 ,,
period1,sc01,t3535, 290 , 270 ,,
period1,sc01,t3536, 291.294095225512 , 271.294095225512 ,,
period1,sc01,t3537, 292.5 , 272.5 ,,
period1,sc01,t3538, 293.535533905932 , 273.535533905932 ,,
period1,sc01,t3539, 294.330127018922 , 274.330127018922 ,,
period1,sc01,t3540, 294.829629131445 , 274.829629131445 ,,
period1,sc01,t3541, 305 , 285 ,,
period1,sc01,t3542, 304.829629131445 , 284.829629131445 ,,
period1,sc01,t3543, 304.330127018922 , 284.330127018922 ,,
period1,sc01,t3544, 303.535533905932 , 283.535533905932 ,,
period1,sc01,t3545, 302.5 , 282.5 ,,
period1,sc01,t3546, 301.294095225512 , 281.294095225512 ,,
period1,sc01,t3547, 300 , 280 ,,
period1,sc01,t3548, 298.705904774487 , 278.705904774487 ,,
period1,sc01,t3549, 297.5 , 277.5 ,,
period1,sc01,t3550, 296.464466094067 , 276.464466094067 ,,
period1,sc01,t3551, 295.669872981077 , 275.669872981077 ,,
period1,sc01,t3552, 295.170370868554 , 275.170370868554 ,,
period1,sc01,t3553, 295 , 275 ,,
period1,sc01,t3554, 295.170370868554 , 275.170370868554 ,,
period1,sc01,t3555, 295.669872981077 , 275.669872981077 ,,
period1,sc01,t3556, 296.464466094067 , 276.464466094067 ,,
period1,sc01,t3557, 297.5 , 277.5 ,,
period1,sc01,t3558, 298.705904774487 , 278.705904774487 ,,
period1,sc01,t3559, 300 , 280 ,,
period1,sc01,t3560, 301.294095225512 , 281.294095225512 ,,
period1,sc01,t3561, 302.5 , 282.5 ,,
period1,sc01,t3562, 303.535533905932 , 283.535533905932 ,,
period1,sc01,t3563, 304.330127018922 , 284.330127018922 ,,
period1,sc01,t3564, 304.829629131445 , 284.829629131445 ,,
period1,sc01,t3565, 305 , 285 ,,
period1,sc01,t3566, 304.829629131445 , 284.829629131445 ,,
period1,sc01,t3567, 304.330127018922 , 284.330127018922 ,,
period1,sc01,t3568, 303.535533905932 , 283.535533905932 ,,
period1,sc01,t3569, 302.5 , 282.5 ,,
period1,sc01,t3570, 301.294095225512 , 281.294095225512 ,,
period1,sc01,t3571, 300 , 280 ,,
period1,sc01,t3572, 298.705904774487 , 278.705904774487 ,,
period1,sc01,t3573, 297.5 , 277.5 ,,
period1,sc01,t3574, 296.464466094067 , 276.464466094067 ,,
period1,sc01,t3575, 295.669872981077 , 275.669872981077 ,,
period1,sc01,t3576, 295.170370868554 , 275.170370868554 ,,
period1,sc01,t3577, 295 , 275 ,,
period1,sc01,t3578, 295.170370868554 , 275.170370868554 ,,
period1,sc01,t3579, 295.669872981077 , 275.669872981077 ,,
period1,sc01,t3580, 296.464466094067 , 276.464466094067 ,,
period1,sc01,t3581, 297.5 , 277.5 ,,
period1,sc01,t3582, 298.705904774487 , 278.705904774487 ,,
period1,sc01,t3583, 300 , 280 ,,
period1,sc01,t3584, 301.294095225512 , 281.294095225512 ,,
period1,sc01,t3585, 302.5 , 282.5 ,,
period1,sc01,t3586, 303.535533905932 , 283.535533905932 ,,
period1,sc01,t3587, 304.330127018922 , 284.330127018922 ,,
period1,sc01,t3588, 304.829629131445 , 284.829629131445 ,,
period1,sc01,t3589, 305 , 285 ,,
period1,sc01,t3590, 304.829629131445 , 284.829629131445 ,,
period1,sc01,t3591, 304.330127018922 , 284.330127018922 ,,
period1,sc01,t3592, 303.535533905932 , 283.535533905932 ,,
period1,sc01,t3593, 302.5 , 282.5 ,,
period1,sc01,t3594, 301.294095225512 , 281.294095225512 ,,
period1,sc01,t3595, 300 , 280 ,,
period1,sc01,t3596, 298.705904774487 , 278.705904774487 ,,
period1,sc01,t3597, 297.5 , 277.5 ,,
period1,sc01,t3598, 296.464466094067 , 276.464466094067 ,,
period1,sc01,t3599, 295.669872981077 , 275.669872981077 ,,
period1,sc01,t3600, 295.170370868554 , 275.170370868554 ,,
period1,sc01,t3601, 295 , 275 ,,
period1,sc01,t3602, 295.170370868554 , 275.170370868554 ,,
period1,sc01,t3603, 295.669872981077 , 275.669872981077 ,,
period1,sc01,t3604, 296.464466094067 , 276.464466094067 ,,
period1,sc01,t3605, 297.5 , 277.5 ,,
period1,sc01,t3606, 298.705904774487 , 278.705904774487 ,,
period1,sc01,t3607, 300 , 280 ,,
period1,sc01,t3608, 301.294095225512 , 281.294095225512 ,,
period1,sc01,t3609, 302.5 , 282.5 ,,
period1,sc01,t3610, 303.535533905932 , 283.535533905932 ,,
period1,sc01,t3611, 304.330127018922 , 284.330127018922 ,,
period1,sc01,t3612, 304.829629131445 , 284.829629131445 ,,
period1,sc01,t3613, 305 , 285 ,,
period1,sc01,t3614, 304.829629131445 , 284.829629131445 ,,
period1,sc01,t3615, 304.330127018922 , 284.330127018922 ,,
period1,sc01,t3616, 303.535533905932 , 283.535533905932 ,,
period1,sc01,t3617, 302.5 , 282.5 ,,
period1,sc01,t3618, 301.294095225512 , 281.294095225512 ,,
period1,sc01,t3619, 300 , 280 ,,
period1,sc01,t3620, 298.705904774487 , 278.705904774487 ,,
period1,sc01,t3621, 297.5 , 277.5 ,,
period1,sc01,t3622, 296.464466094067 , 276.464466094067 ,,
period1,sc01,t3623, 295.669872981077 , 275.669872981077 ,,
period1,sc01,t3624, 295.170370868554 , 275.170370868554 ,,
period1,sc01,t3625, 295 , 275 ,,
period1,sc01,t3626, 295.170370868554 , 275.170370868554 ,,
period1,sc01,t3627, 295.669872981077 , 275.669872981077 ,,
period1,sc01,t3628, 296.464466094067 , 276.464466094067 ,,
period1,sc01,t3629, 297.5 , 277.5 ,,
period1,sc01,t3630, 298.705904774487 , 278.705904774487 ,,
period1,sc01,t3631, 300 , 280 ,,
period1,sc01,t3632, 301.294095225512 , 281.294095225512 ,,
period1,sc01,t3633, 302.5 , 282.5 ,,
period1,sc01,t3634, 303.535533905932 , 283.535533905932 ,,
period1,sc01,t3635, 304.330127018922 , 284.330127018922 ,,
period1,sc01,t3636, 304.829629131445 , 284.829629131445 ,,
period1,sc01,t3637, 305 , 285 ,,
period1,sc01,t3638, 304.829629131445 , 284.829629131445 ,,
period1,sc01,t3639, 304.330127018922 , 284.330127018922 ,,
period1,sc01,t3640, 303.535533905932 , 283.535533905932 ,,
period1,sc01,t3641, 302.5 , 282.5 ,,
period1,sc01,t3642, 301.294095225512 , 281.294095225512 ,,
period1,sc01,t3643, 300 , 280 ,,
period1,sc01,t3644, 298.705904774487 , 278.705904774487 ,,
period1,sc01,t3645, 297.5 , 277.5 ,,
period1,sc01,t3646, 296.464466094067 , 276.464466094067 ,,
period1,sc01,t3647, 295.669872981077 , 275.669872981077 ,,
period1,sc01,t3648, 295.170370868554 , 275.170370868554 ,,
period1,sc01,t3649, 295 , 275 ,,
period1,sc01,t3650, 295.170370868554 , 275.170370868554 ,,
period1,sc01,t3651, 295.669872981077 , 275.669872981077 ,,
period1,sc01,t3652, 296.464466094067 , 276.464466094067 ,,
period1,sc01,t3653, 297.5 , 277.5 ,,
period1,sc01,t3654, 298.705904774487 , 278.705904774487 ,,
period1,sc01,t3655, 300 , 280 ,,
period1,sc01,t3656, 301.294095225512 , 281.294095225512 ,,
period1,sc01,t3657, 302.5 , 282.5 ,,
period1,sc01,t3658, 303.535533905932 , 283.535533905932 ,,
period1,sc01,t3659, 304.330127018922 , 284.330127018922 ,,
period1,sc01,t3660, 304.829629131445 , 284.829629131445 ,,
period1,sc01,t3661, 295 , 275 ,,
period1,sc01,t3662, 294.829629131445 , 274.829629131445 ,,
period1,sc01,t3663, 294.330127018922 , 274.330127018922 ,,
period1,sc01,t3664, 293.535533905932 , 273.535533905932 ,,
period1,sc01,t3665, 292.5 , 272.5 ,,
period1,sc01,t3666, 291.294095225512 , 271.294095225512 ,,
period1,sc01,t3667, 290 , 270 ,,
period1,sc01,t3668, 288.705904774487 , 268.705904774487 ,,
period1,sc01,t3669, 287.5 , 267.5 ,,
period1,sc01,t3670, 286.464466094067 , 266.464466094067 ,,
period1,sc01,t3671, 285.669872981077 , 265.669872981077 ,,
period1,sc01,t3672, 285.170370868554 , 265.170370868554 ,,
period1,sc01,t3673, 285 , 265 ,,
period1,sc01,t3674, 285.170370868554 , 265.170370868554 ,,
period1,sc01,t3675, 285.669872981077 , 265.669872981077 ,,
period1,sc01,t3676, 286.464466094067 , 266.464466094067 ,,
period1,sc01,t3677, 287.5 , 267.5 ,,
period1,sc01,t3678, 288.705904774487 , 268.705904774487 ,,
period1,sc01,t3679, 290 , 270 ,,
period1,sc01,t3680, 291.294095225512 , 271.294095225512 ,,
period1,sc01,t3681, 292.5 , 272.5 ,,
period1,sc01,t3682, 293.535533905932 , 273.535533905932 ,,
period1,sc01,t3683, 294.330127018922 , 274.330127018922 ,,
period1,sc01,t3684, 294.829629131445 , 274.829629131445 ,,
period1,sc01,t3685, 295 , 275 ,,
period1,sc01,t3686, 294.829629131445 , 274.829629131445 ,,
period1,sc01,t3687, 294.330127018922 , 274.330127018922 ,,
period1,sc01,t3688, 293.535533905932 , 273.535533905932 ,,
period1,sc01,t3689, 292.5 , 272.5 ,,
period1,sc01,t3690, 291.294095225512 , 271.294095225512 ,,
period1,sc01,t3691, 290 , 270 ,,
period1,sc01,t3692, 288.705904774487 , 268.705904774487 ,,
period1,sc01,t3693, 287.5 , 267.5 ,,
period1,sc01,t3694, 286.464466094067 , 266.464466094067 ,,
period1,sc01,t3695, 285.669872981077 , 265.669872981077 ,,
period1,sc01,t3696, 285.170370868554 , 265.170370868554 ,,
period1,sc01,t3697, 285 , 265 ,,
period1,sc01,t3698, 285.170370868554 , 265.170370868554 ,,
period1,sc01,t3699, 285.669872981077 , 265.669872981077 ,,
period1,sc01,t3700, 286.464466094067 , 266.464466094067 ,,
period1,sc01,t3701, 287.5 , 267.5 ,,
period1,sc01,t3702, 288.705904774487 , 268.705904774487 ,,
period1,sc01,t3703, 290 , 270 ,,
period1,sc01,t3704, 291.294095225512 , 271.294095225512 ,,
period1,sc01,t3705, 292.5 , 272.5 ,,
period1,sc01,t3706, 293.535533905932 , 273.535533905932 ,,
period1,sc01,t3707, 294.330127018922 , 274.330127018922 ,,
period1,sc01,t3708, 294.829629131445 , 274.829629131445 ,,
period1,sc01,t3709, 305 , 285 ,,
period1,sc01,t3710, 304.829629131445 , 284.829629131445 ,,
period1,sc01,t3711, 304.330127018922 , 284.330127018922 ,,
period1,sc01,t3712, 303.535533905932 , 283.535533905932 ,,
period1,sc01,t3713, 302.5 , 282.5 ,,
period1,sc01,t3714, 301.294095225512 , 281.294095225512 ,,
period1,sc01,t3715, 300 , 280 ,,
period1,sc01,t3716, 298.705904774487 , 278.705904774487 ,,
period1,sc01,t3717, 297.5 , 277.5 ,,
period1,sc01,t3718, 296.464466094067 , 276.464466094067 ,,
period1,sc01,t3719, 295.669872981077 , 275.669872981077 ,,
period1,sc01,t3720, 295.170370868554 , 275.170370868554 ,,
period1,sc01,t3721, 295 , 275 ,,
period1,sc01,t3722, 295.170370868554 , 275.170370868554 ,,
period1,sc01,t3723, 295.669872981077 , 275.669872981077 ,,
period1,sc01,t3724, 296.464466094067 , 276.464466094067 ,,
period1,sc01,t3725, 297.5 , 277.5 ,,
period1,sc01,t3726, 298.705904774487 , 278.705904774487 ,,
period1,sc01,t3727, 300 , 280 ,,
period1,sc01,t3728, 301.294095225512 , 281.294095225512 ,,
period1,sc01,t3729, 302.5 , 282.5 ,,
period1,sc01,t3730, 303.535533905932 , 283.535533905932 ,,
period1,sc01,t3731, 304.330127018922 , 284.330127018922 ,,
period1,sc01,t3732, 304.829629131445 , 284.829629131445 ,,
period1,sc01,t3733, 305 , 285 ,,
period1,sc01,t3734, 304.829629131445 , 284.829629131445 ,,
period1,sc01,t3735, 304.330127018922 , 284.330127018922 ,,
period1,sc01,t3736, 303.535533905932 , 283.535533905932 ,,
period1,sc01,t3737, 302.5 , 282.5 ,,
period1,sc01,t3738, 301.294095225512 , 281.294095225512 ,,
period1,sc01,t3739, 300 , 280 ,,
period1,sc01,t3740, 298.705904774487 , 278.705904774487 ,,
period1,sc01,t3741, 297.5 , 277.5 ,,
period1,sc01,t3742, 296.464466094067 , 276.464466094067 ,,
period1,sc01,t3743, 295.669872981077 , 275.669872981077 ,,
period1,sc01,t3744, 295.170370868554 , 275.170370868554 ,,
period1,sc01,t3745, 295 , 275 ,,
period1,sc01,t3746, 295.170370868554 , 275.170370868554 ,,
period1,sc01,t3747, 295.669872981077 , 275.669872981077 ,,
period1,sc01,t3748, 296.464466094067 , 276.464466094067 ,,
period1,sc01,t3749, 297.5 , 277.5 ,,
period1,sc01,t3750, 298.705904774487 , 278.705904774487 ,,
period1,sc01,t3751, 300 , 280 ,,
period1,sc01,t3752, 301.294095225512 , 281.294095225512 ,,
period1,sc01,t3753, 302.5 , 282.5 ,,
period1,sc01,t3754, 303.535533905932 , 283.535533905932 ,,
period1,sc01,t3755, 304.330127018922 , 284.330127018922 ,,
period1,sc01,t3756, 304.829629131445 , 284.829629131445 ,,
period1,sc01,t3757, 305 , 285 ,,
period1,sc01,t3758, 304.829629131445 , 284.829629131445 ,,
period1,sc01,t3759, 304.330127018922 , 284.330127018922 ,,
period1,sc01,t3760, 303.535533905932 , 283.535533905932 ,,
period1,sc01,t3761, 302.5 , 282.5 ,,
period1,sc01,t3762, 301.294095225512 , 281.294095225512 ,,
period1,sc01,t3763, 300 , 280 ,,
period1,sc01,t3764, 298.705904774487 , 278.705904774487 ,,
period1,sc01,t3765, 297.5 , 277.5 ,,
period1,sc01,t3766, 296.464466094067 , 276.464466094067 ,,
period1,sc01,t3767, 295.669872981077 , 275.669872981077 ,,
period1,sc01,t3768, 295.170370868554 , 275.170370868554 ,,
period1,sc01,t3769, 295 , 275 ,,
period1,sc01,t3770, 295.170370868554 , 275.170370868554 ,,
period1,sc01,t3771, 295.669872981077 , 275.669872981077 ,,
period1,sc01,t3772, 296.464466094067 , 276.464466094067 ,,
period1,sc01,t3773, 297.5 , 277.5 ,,
period1,sc01,t3774, 298.705904774487 , 278.705904774487 ,,
period1,sc01,t3775, 300 , 280 ,,
period1,sc01,t3776, 301.294095225512 , 281.294095225512 ,,
period1,sc01,t3777, 302.5 , 282.5 ,,
period1,sc01,t3778, 303.535533905932 , 283.535533905932 ,,
period1,sc01,t3779, 304.330127018922 , 284.330127018922 ,,
period1,sc01,t3780, 304.829629131445 , 284.829629131445 ,,
period1,sc01,t3781, 305 , 285 ,,
period1,sc01,t3782, 304.829629131445 , 284.829629131445 ,,
period1,sc01,t3783, 304.330127018922 , 284.330127018922 ,,
period1,sc01,t3784, 303.535533905932 , 283.535533905932 ,,
period1,sc01,t3785, 302.5 , 282.5 ,,
period1,sc01,t3786, 301.294095225512 , 281.294095225512 ,,
period1,sc01,t3787, 300 , 280 ,,
period1,sc01,t3788, 298.705904774487 , 278.705904774487 ,,
period1,sc01,t3789, 297.5 , 277.5 ,,
period1,sc01,t3790, 296.464466094067 , 276.464466094067 ,,
period1,sc01,t3791, 295.669872981077 , 275.669872981077 ,,
period1,sc01,t3792, 295.170370868554 , 275.170370868554 ,,
period1,sc01,t3793, 295 , 275 ,,
period1,sc01,t3794, 295.170370868554 , 275.170370868554 ,,
period1,sc01,t3795, 295.669872981077 , 275.669872981077 ,,
period1,sc01,t3796, 296.464466094067 , 276.464466094067 ,,
period1,sc01,t3797, 297.5 , 277.5 ,,
period1,sc01,t3798, 298.705904774487 , 278.705904774487 ,,
period1,sc01,t3799, 300 , 280 ,,
period1,sc01,t3800, 301.294095225512 , 281.294095225512 ,,
period1,sc01,t3801, 302.5 , 282.5 ,,
period1,sc01,t3802, 303.535533905932 , 283.535533905932 ,,
period1,sc01,t3803, 304.330127018922 , 284.330127018922 ,,
period1,sc01,t3804, 304.829629131445 , 284.829629131445 ,,
period1,sc01,t3805, 305 , 285 ,,
period1,sc01,t3806, 304.829629131445 , 284.829629131445 ,,
period1,sc01,t3807, 304.330127018922 , 284.330127018922 ,,
period1,sc01,t3808, 303.535533905932 , 283.535533905932 ,,
period1,sc01,t3809, 302.5 , 282.5 ,,
period1,sc01,t3810, 301.294095225512 , 281.294095225512 ,,
period1,sc01,t3811, 300 , 280 ,,
period1,sc01,t3812, 298.705904774487 , 278.705904774487 ,,
period1,sc01,t3813, 297.5 , 277.5 ,,
period1,sc01,t3814, 296.464466094067 , 276.464466094067 ,,
period1,sc01,t3815, 295.669872981077 , 275.669872981077 ,,
period1,sc01,t3816, 295.170370868554 , 275.170370868554 ,,
period1,sc01,t3817, 295 , 275 ,,
period1,sc01,t3818, 295.170370868554 , 275.170370868554 ,,
period1,sc01,t3819, 295.669872981077 , 275.669872981077 ,,
period1,sc01,t3820, 296.464466094067 , 276.464466094067 ,,
period1,sc01,t3821, 297.5 , 277.5 ,,
period1,sc01,t3822, 298.705904774487 , 278.705904774487 ,,
period1,sc01,t3823, 300 , 280 ,,
period1,sc01,t3824, 301.294095225512 , 281.294095225512 ,,
period1,sc01,t3825, 302.5 , 282.5 ,,
period1,sc01,t3826, 303.535533905932 , 283.535533905932 ,,
period1,sc01,t3827, 304.330127018922 , 284.330127018922 ,,
period1,sc01,t3828, 304.829629131445 , 284.829629131445 ,,
period1,sc01,t3829, 295 , 275 ,,
period1,sc01,t3830, 294.829629131445 , 274.829629131445 ,,
period1,sc01,t3831, 294.330127018922 , 274.330127018922 ,,
period1,sc01,t3832, 293.535533905932 , 273.535533905932 ,,
period1,sc01,t3833, 292.5 , 272.5 ,,
period1,sc01,t3834, 291.294095225512 , 271.294095225512 ,,
period1,sc01,t3835, 290 , 270 ,,
period1,sc01,t3836, 288.705904774487 , 268.705904774487 ,,
period1,sc01,t3837, 287.5 , 267.5 ,,
period1,sc01,t3838, 286.464466094067 , 266.464466094067 ,,
period1,sc01,t3839, 285.669872981077 , 265.669872981077 ,,
period1,sc01,t3840, 285.170370868554 , 265.170370868554 ,,
period1,sc01,t3841, 285 , 265 ,,
period1,sc01,t3842, 285.170370868554 , 265.170370868554 ,,
period1,sc01,t3843, 285.669872981077 , 265.669872981077 ,,
period1,sc01,t3844, 286.464466094067 , 266.464466094067 ,,
period1,sc01,t3845, 287.5 , 267.5 ,,
period1,sc01,t3846, 288.705904774487 , 268.705904774487 ,,
period1,sc01,t3847, 290 , 270 ,,
period1,sc01,t3848, 291.294095225512 , 271.294095225512 ,,
period1,sc01,t3849, 292.5 , 272.5 ,,
period1,sc01,t3850, 293.535533905932 , 273.535533905932 ,,
period1,sc01,t3851, 294.330127018922 , 274.330127018922 ,,
period1,sc01,t3852, 294.829629131445 , 274.829629131445 ,,
period1,sc01,t3853, 295 , 275 ,,
period1,sc01,t3854, 294.829629131445 , 274.829629131445 ,,
period1,sc01,t3855, 294.330127018922 , 274.330127018922 ,,
period1,sc01,t3856, 293.535533905932 , 273.535533905932 ,,
period1,sc01,t3857, 292.5 , 272.5 ,,
period1,sc01,t3858, 291.294095225512 , 271.294095225512 ,,
period1,sc01,t3859, 290 , 270 ,,
period1,sc01,t3860, 288.705904774487 , 268.705904774487 ,,
period1,sc01,t3861, 287.5 , 267.5 ,,
period1,sc01,t3862, 286.464466094067 , 266.464466094067 ,,
period1,sc01,t3863, 285.669872981077 , 265.669872981077 ,,
period1,sc01,t3864, 285.170370868554 , 265.170370868554 ,,
period1,sc01,t3865, 285 , 265 ,,
period1,sc01,t3866, 285.170370868554 , 265.170370868554 ,,
period1,sc01,t3867, 285.669872981077 , 265.669872981077 ,,
period1,sc01,t3868, 286.464466094067 , 266.464466094067 ,,
period1,sc01,t3869, 287.5 , 267.5 ,,
period1,sc01,t3870, 288.705904774487 , 268.705904774487 ,,
period1,sc01,t3871, 290 , 270 ,,
period1,sc01,t3872, 291.294095225512 , 271.294095225512 ,,
period1,sc01,t3873, 292.5 , 272.5 ,,
period1,sc01,t3874, 293.535533905932 , 273.535533905932 ,,
period1,sc01,t3875, 294.330127018922 , 274.330127018922 ,,
period1,sc01,t3876, 294.829629131445 , 274.829629131445 ,,
period1,sc01,t3877, 305 , 285 ,,
period1,sc01,t3878, 304.829629131445 , 284.829629131445 ,,
period1,sc01,t3879, 304.330127018922 , 284.330127018922 ,,
period1,sc01,t3880, 303.535533905932 , 283.535533905932 ,,
period1,sc01,t3881, 302.5 , 282.5 ,,
period1,sc01,t3882, 301.294095225512 , 281.294095225512 ,,
period1,sc01,t3883, 300 , 280 ,,
period1,sc01,t3884, 298.705904774487 , 278.705904774487 ,,
period1,sc01,t3885, 297.5 , 277.5 ,,
period1,sc01,t3886, 296.464466094067 , 276.464466094067 ,,
period1,sc01,t3887, 295.669872981077 , 275.669872981077 ,,
period1,sc01,t3888, 295.170370868554 , 275.170370868554 ,,
period1,sc01,t3889, 295 , 275 ,,
period1,sc01,t3890, 295.170370868554 , 275.170370868554 ,,
period1,sc01,t3891, 295.669872981077 , 275.669872981077 ,,
period1,sc01,t3892, 296.464466094067 , 276.464466094067 ,,
period1,sc01,t3893, 297.5 , 277.5 ,,
period1,sc01,t3894, 298.705904774487 , 278.705904774487 ,,
period1,sc01,t3895, 300 , 280 ,,
period1,sc01,t3896, 301.294095225512 , 281.294095225512 ,,
period1,sc01,t3897, 302.5 , 282.5 ,,
period1,sc01,t3898, 303.535533905932 , 283.535533905932 ,,
period1,sc01,t3899, 304.330127018922 , 284.330127018922 ,,
period1,sc01,t3900, 304.829629131445 , 284.829629131445 ,,
period1,sc01,t3901, 305 , 285 ,,
period1,sc01,t3902, 304.829629131445 , 284.829629131445 ,,
period1,sc01,t3903, 304.330127018922 , 284.330127018922 ,,
period1,sc01,t3904, 303.535533905932 , 283.535533905932 ,,
period1,sc01,t3905, 302.5 , 282.5 ,,
period1,sc01,t3906, 301.294095225512 , 281.294095225512 ,,
period1,sc01,t3907, 300 , 280 ,,
period1,sc01,t3908, 298.705904774487 , 278.705904774487 ,,
period1,sc01,t3909, 297.5 , 277.5 ,,
period1,sc01,t3910, 296.464466094067 , 276.464466094067 ,,
period1,sc01,t3911, 295.669872981077 , 275.669872981077 ,,
period1,sc01,t3912, 295.170370868554 , 275.170370868554 ,,
period1,sc01,t3913, 295 , 275 ,,
period1,sc01,t3914, 295.170370868554 , 275.170370868554 ,,
period1,sc01,t3915, 295.669872981077 , 275.669872981077 ,,
period1,sc01,t3916, 296.464466094067 , 276.464466094067 ,,
period1,sc01,t3917, 297.5 , 277.5 ,,
period1,sc01,t3918, 298.705904774487 , 278.705904774487 ,,
period1,sc01,t3919, 300 , 280 ,,
period1,sc01,t3920, 301.294095225512 , 281.294095225512 ,,
period1,sc01,t3921, 302.5 , 282.5 ,,
period1,sc01,t3922, 303.535533905932 , 283.535533905932 ,,
period1,sc01,t3923, 304.330127018922 , 284.330127018922 ,,
period1,sc01,t3924, 304.829629131445 , 284.829629131445 ,,
period1,sc01,t3925, 305 , 285 ,,
period1,sc01,t3926, 304.829629131445 , 284.829629131445 ,,
period1,sc01,t3927, 304.330127018922 , 284.330127018922 ,,
period1,sc01,t3928, 303.535533905932 , 283.535533905932 ,,
period1,sc01,t3929, 302.5 , 282.5 ,,
period1,sc01,t3930, 301.294095225512 , 281.294095225512 ,,
period1,sc01,t3931, 300 , 280 ,,
period1,sc01,t3932, 298.705904774487 , 278.705904774487 ,,
period1,sc01,t3933, 297.5 , 277.5 ,,
period1,sc01,t3934, 296.464466094067 , 276.464466094067 ,,
period1,sc01,t3935, 295.669872981077 , 275.669872981077 ,,
period1,sc01,t3936, 295.170370868554 , 275.170370868554 ,,
period1,sc01,t3937, 295 , 275 ,,
period1,sc01,t3938, 295.170370868554 , 275.170370868554 ,,
period1,sc01,t3939, 295.669872981077 , 275.669872981077 ,,
period1,sc01,t3940, 296.464466094067 , 276.464466094067 ,,
period1,sc01,t3941, 297.5 , 277.5 ,,
period1,sc01,t3942, 298.705904774487 , 278.705904774487 ,,
period1,sc01,t3943, 300 , 280 ,,
period1,sc01,t3944, 301.294095225512 , 281.294095225512 ,,
period1,sc01,t3945, 302.5 , 282.5 ,,
period1,sc01,t3946, 303.535533905932 , 283.535533905932 ,,
period1,sc01,t3947, 304.330127018922 , 284.330127018922 ,,
period1,sc01,t3948, 304.829629131445 , 284.829629131445 ,,
period1,sc01,t3949, 305 , 285 ,,
period1,sc01,t3950, 304.829629131445 , 284.829629131445 ,,
period1,sc01,t3951, 304.330127018922 , 284.330127018922 ,,
period1,sc01,t3952, 303.535533905932 , 283.535533905932 ,,
period1,sc01,t3953, 302.5 , 282.5 ,,
period1,sc01,t3954, 301.294095225512 , 281.294095225512 ,,
period1,sc01,t3955, 300 , 280 ,,
period1,sc01,t3956, 298.705904774487 , 278.705904774487 ,,
period1,sc01,t3957, 297.5 , 277.5 ,,
period1,sc01,t3958, 296.464466094067 , 276.464466094067 ,,
period1,sc01,t3959, 295.669872981077 , 275.669872981077 ,,
period1,sc01,t3960, 295.170370868554 , 275.170370868554 ,,
period1,sc01,t3961, 295 , 275 ,,
period1,sc01,t3962, 295.170370868554 , 275.170370868554 ,,
period1,sc01,t3963, 295.669872981077 , 275.669872981077 ,,
period1,sc01,t3964, 296.464466094067 , 276.464466094067 ,,
period1,sc01,t3965, 297.5 , 277.5 ,,
period1,sc01,t3966, 298.705904774487 , 278.705904774487 ,,
period1,sc01,t3967, 300 , 280 ,,
period1,sc01,t3968, 301.294095225512 , 281.294095225512 ,,
period1,sc01,t3969, 302.5 , 282.5 ,,
period1,sc01,t3970, 303.535533905932 , 283.535533905932 ,,
period1,sc01,t3971, 304.330127018922 , 284.330127018922 ,,
period1,sc01,t3972, 304.829629131445 , 284.829629131445 ,,
period1,sc01,t3973, 305 , 285 ,,
period1,sc01,t3974, 304.829629131445 , 284.829629131445 ,,
period1,sc01,t3975, 304.330127018922 , 284.330127018922 ,,
period1,sc01,t3976, 303.535533905932 , 283.535533905932 ,,
period1,sc01,t3977, 302.5 , 282.5 ,,
period1,sc01,t3978, 301.294095225512 , 281.294095225512 ,,
period1,sc01,t3979, 300 , 280 ,,
period1,sc01,t3980, 298.705904774487 , 278.705904774487 ,,
period1,sc01,t3981, 297.5 , 277.5 ,,
period1,sc01,t3982, 296.464466094067 , 276.464466094067 ,,
period1,sc01,t3983, 295.669872981077 , 275.669872981077 ,,
period1,sc01,t3984, 295.170370868554 , 275.170370868554 ,,
period1,sc01,t3985, 295 , 275 ,,
period1,sc01,t3986, 295.170370868554 , 275.170370868554 ,,
period1,sc01,t3987, 295.669872981077 , 275.669872981077 ,,
period1,sc01,t3988, 296.464466094067 , 276.464466094067 ,,
period1,sc01,t3989, 297.5 , 277.5 ,,
period1,sc01,t3990, 298.705904774487 , 278.705904774487 ,,
period1,sc01,t3991, 300 , 280 ,,
period1,sc01,t3992, 301.294095225512 , 281.294095225512 ,,
period1,sc01,t3993, 302.5 , 282.5 ,,
period1,sc01,t3994, 303.535533905932 , 283.535533905932 ,,
period1,sc01,t3995, 304.330127018922 , 284.330127018922 ,,
period1,sc01,t3996, 304.829629131445 , 284.829629131445 ,,
period1,sc01,t3997, 295 , 275 ,,
period1,sc01,t3998, 294.829629131445 , 274.829629131445 ,,
period1,sc01,t3999, 294.330127018922 , 274.330127018922 ,,
period1,sc01,t4000, 293.535533905932 , 273.535533905932 ,,
period1,sc01,t4001, 292.5 , 272.5 ,,
period1,sc01,t4002, 291.294095225512 , 271.294095225512 ,,
period1,sc01,t4003, 290 , 270 ,,
period1,sc01,t4004, 288.705904774487 , 268.705904774487 ,,
period1,sc01,t4005, 287.5 , 267.5 ,,
period1,sc01,t4006, 286.464466094067 , 266.464466094067 ,,
period1,sc01,t4007, 285.669872981077 , 265.669872981077 ,,
period1,sc01,t4008, 285.170370868554 , 265.170370868554 ,,
period1,sc01,t4009, 285 , 265 ,,
period1,sc01,t4010, 285.170370868554 , 265.170370868554 ,,
period1,sc01,t4011, 285.669872981077 , 265.669872981077 ,,
period1,sc01,t4012, 286.464466094067 , 266.464466094067 ,,
period1,sc01,t4013, 287.5 , 267.5 ,,
period1,sc01,t4014, 288.705904774487 , 268.705904774487 ,,
period1,sc01,t4015, 290 , 270 ,,
period1,sc01,t4016, 291.294095225512 , 271.294095225512 ,,
period1,sc01,t4017, 292.5 , 272.5 ,,
period1,sc01,t4018, 293.535533905932 , 273.535533905932 ,,
period1,sc01,t4019, 294.330127018922 , 274.330127018922 ,,
period1,sc01,t4020, 294.829629131445 , 274.829629131445 ,,
period1,sc01,t4021, 295 , 275 ,,
period1,sc01,t4022, 294.829629131445 , 274.829629131445 ,,
period1,sc01,t4023, 294.330127018922 , 274.330127018922 ,,
period1,sc01,t4024, 293.535533905932 , 273.535533905932 ,,
period1,sc01,t4025, 292.5 , 272.5 ,,
period1,sc01,t4026, 291.294095225512 , 271.294095225512 ,,
period1,sc01,t4027, 290 , 270 ,,
period1,sc01,t4028, 288.705904774487 , 268.705904774487 ,,
period1,sc01,t4029, 287.5 , 267.5 ,,
period1,sc01,t4030, 286.464466094067 , 266.464466094067 ,,
period1,sc01,t4031, 285.669872981077 , 265.669872981077 ,,
period1,sc01,t4032, 285.170370868554 , 265.170370868554 ,,
period1,sc01,t4033, 285 , 265 ,,
period1,sc01,t4034, 285.170370868554 , 265.170370868554 ,,
period1,sc01,t4035, 285.669872981077 , 265.669872981077 ,,
period1,sc01,t4036, 286.464466094067 , 266.464466094067 ,,
period1,sc01,t4037, 287.5 , 267.5 ,,
period1,sc01,t4038, 288.705904774487 , 268.705904774487 ,,
period1,sc01,t4039, 290 , 270 ,,
period1,sc01,t4040, 291.294095225512 , 271.294095225512 ,,
period1,sc01,t4041, 292.5 , 272.5 ,,
period1,sc01,t4042, 293.535533905932 , 273.535533905932 ,,
period1,sc01,t4043, 294.330127018922 , 274.330127018922 ,,
period1,sc01,t4044, 294.829629131445 , 274.829629131445 ,,
period1,sc01,t4045, 305 , 285 ,,
period1,sc01,t4046, 304.829629131445 , 284.829629131445 ,,
period1,sc01,t4047, 304.330127018922 , 284.330127018922 ,,
period1,sc01,t4048, 303.535533905932 , 283.535533905932 ,,
period1,sc01,t4049, 302.5 , 282.5 ,,
period1,sc01,t4050, 301.294095225512 , 281.294095225512 ,,
period1,sc01,t4051, 300 , 280 ,,
period1,sc01,t4052, 298.705904774487 , 278.705904774487 ,,
period1,sc01,t4053, 297.5 , 277.5 ,,
period1,sc01,t4054, 296.464466094067 , 276.464466094067 ,,
period1,sc01,t4055, 295.669872981077 , 275.669872981077 ,,
period1,sc01,t4056, 295.170370868554 , 275.170370868554 ,,
period1,sc01,t4057, 295 , 275 ,,
period1,sc01,t4058, 295.170370868554 , 275.170370868554 ,,
period1,sc01,t4059, 295.669872981077 , 275.669872981077 ,,
period1,sc01,t4060, 296.464466094067 , 276.464466094067 ,,
period1,sc01,t4061, 297.5 , 277.5 ,,
period1,sc01,t4062, 298.705904774487 , 278.705904774487 ,,
period1,sc01,t4063, 300 , 280 ,,
period1,sc01,t4064, 301.294095225512 , 281.294095225512 ,,
period1,sc01,t4065, 302.5 , 282.5 ,,
period1,sc01,t4066, 303.535533905932 , 283.535533905932 ,,
period1,sc01,t4067, 304.330127018922 , 284.330127018922 ,,
period1,sc01,t4068, 304.829629131445 , 284.829629131445 ,,
period1,sc01,t4069, 305 , 285 ,,
period1,sc01,t4070, 304.829629131445 , 284.829629131445 ,,
period1,sc01,t4071, 304.330127018922 , 284.330127018922 ,,
period1,sc01,t4072, 303.535533905932 , 283.535533905932 ,,
period1,sc01,t4073, 302.5 , 282.5 ,,
period1,sc01,t4074, 301.294095225512 , 281.294095225512 ,,
period1,sc01,t4075, 300 , 280 ,,
period1,sc01,t4076, 298.705904774487 , 278.705904774487 ,,
period1,sc01,t4077, 297.5 , 277.5 ,,
period1,sc01,t4078, 296.464466094067 , 276.464466094067 ,,
period1,sc01,t4079, 295.669872981077 , 275.669872981077 ,,
period1,sc01,t4080, 295.170370868554 , 275.170370868554 ,,
period1,sc01,t4081, 295 , 275 ,,
period1,sc01,t4082, 295.170370868554 , 275.170370868554 ,,
period1,sc01,t4083, 295.669872981077 , 275.669872981077 ,,
period1,sc01,t4084, 296.464466094067 , 276.464466094067 ,,
period1,sc01,t4085, 297.5 , 277.5 ,,
period1,sc01,t4086, 298.705904774487 , 278.705904774487 ,,
period1,sc01,t4087, 300 , 280 ,,
period1,sc01,t4088, 301.294095225512 , 281.294095225512 ,,
period1,sc01,t4089, 302.5 , 282.5 ,,
period1,sc01,t4090, 303.535533905932 , 283.535533905932 ,,
period1,sc01,t4091, 304.330127018922 , 284.330127018922 ,,
period1,sc01,t4092, 304.829629131445 , 284.829629131445 ,,
period1,sc01,t4093, 305 , 285 ,,
period1,sc01,t4094, 304.829629131445 , 284.829629131445 ,,
period1,sc01,t4095, 304.330127018922 , 284.330127018922 ,,
period1,sc01,t4096, 303.535533905932 , 283.535533905932 ,,
period1,sc01,t4097, 302.5 , 282.5 ,,
period1,sc01,t4098, 301.294095225512 , 281.294095225512 ,,
period1,sc01,t4099, 300 , 280 ,,
period1,sc01,t4100, 298.705904774487 , 278.705904774487 ,,
period1,sc01,t4101, 297.5 , 277.5 ,,
period1,sc01,t4102, 296.464466094067 , 276.464466094067 ,,
period1,sc01,t4103, 295.669872981077 , 275.669872981077 ,,
period1,sc01,t4104, 295.170370868554 , 275.170370868554 ,,
period1,sc01,t4105, 295 , 275 ,,
period1,sc01,t4106, 295.170370868554 , 275.170370868554 ,,
period1,sc01,t4107, 295.669872981077 , 275.669872981077 ,,
period1,sc01,t4108, 296.464466094067 , 276.464466094067 ,,
period1,sc01,t4109, 297.5 , 277.5 ,,
period1,sc01,t4110, 298.705904774487 , 278.705904774487 ,,
period1,sc01,t4111, 300 , 280 ,,
period1,sc01,t4112, 301.294095225512 , 281.294095225512 ,,
period1,sc01,t4113, 302.5 , 282.5 ,,
period1,sc01,t4114, 303.535533905932 , 283.535533905932 ,,
period1,sc01,t4115, 304.330127018922 , 284.330127018922 ,,
period1,sc01,t4116, 304.829629131445 , 284.829629131445 ,,
period1,sc01,t4117, 305 , 285 ,,
period1,sc01,t4118, 304.829629131445 , 284.829629131445 ,,
period1,sc01,t4119, 304.330127018922 , 284.330127018922 ,,
period1,sc01,t4120, 303.535533905932 , 283.535533905932 ,,
period1,sc01,t4121, 302.5 , 282.5 ,,
period1,sc01,t4122, 301.294095225512 , 281.294095225512 ,,
period1,sc01,t4123, 300 , 280 ,,
period1,sc01,t4124, 298.705904774487 , 278.705904774487 ,,
period1,sc01,t4125, 297.5 , 277.5 ,,
period1,sc01,t4126, 296.464466094067 , 276.464466094067 ,,
period1,sc01,t4127, 295.669872981077 , 275.669872981077 ,,
period1,sc01,t4128, 295.170370868554 , 275.170370868554 ,,
period1,sc01,t4129, 295 , 275 ,,
period1,sc01,t4130, 295.170370868554 , 275.170370868554 ,,
period1,sc01,t4131, 295.669872981077 , 275.669872981077 ,,
period1,sc01,t4132, 296.464466094067 , 276.464466094067 ,,
period1,sc01,t4133, 297.5 , 277.5 ,,
period1,sc01,t4134, 298.705904774487 , 278.705904774487 ,,
period1,sc01,t4135, 300 , 280 ,,
period1,sc01,t4136, 301.294095225512 , 281.294095225512 ,,
period1,sc01,t4137, 302.5 , 282.5 ,,
period1,sc01,t4138, 303.535533905932 , 283.535533905932 ,,
period1,sc01,t4139, 304.330127018922 , 284.330127018922 ,,
period1,sc01,t4140, 304.829629131445 , 284.829629131445 ,,
period1,sc01,t4141, 305 , 285 ,,
period1,sc01,t4142, 304.829629131445 , 284.829629131445 ,,
period1,sc01,t4143, 304.330127018922 , 284.330127018922 ,,
period1,sc01,t4144, 303.535533905932 , 283.535533905932 ,,
period1,sc01,t4145, 302.5 , 282.5 ,,
period1,sc01,t4146, 301.294095225512 , 281.294095225512 ,,
period1,sc01,t4147, 300 , 280 ,,
period1,sc01,t4148, 298.705904774487 , 278.705904774487 ,,
period1,sc01,t4149, 297.5 , 277.5 ,,
period1,sc01,t4150, 296.464466094067 , 276.464466094067 ,,
period1,sc01,t4151, 295.669872981077 , 275.669872981077 ,,
period1,sc01,t4152, 295.170370868554 , 275.170370868554 ,,
period1,sc01,t4153, 295 , 275 ,,
period1,sc01,t4154, 295.170370868554 , 275.170370868554 ,,
period1,sc01,t4155, 295.669872981077 , 275.669872981077 ,,
period1,sc01,t4156, 296.464466094067 , 276.464466094067 ,,
period1,sc01,t4157, 297.5 , 277.5 ,,
period1,sc01,t4158, 298.705904774487 , 278.705904774487 ,,
period1,sc01,t4159, 300 , 280 ,,
period1,sc01,t4160, 301.294095225512 , 281.294095225512 ,,
period1,sc01,t4161, 302.5 , 282.5 ,,
period1,sc01,t4162, 303.535533905932 , 283.535533905932 ,,
period1,sc01,t4163, 304.330127018922 , 284.330127018922 ,,
period1,sc01,t4164, 304.829629131445 , 284.829629131445 ,,
period1,sc01,t4165, 295 , 275 ,,
period1,sc01,t4166, 294.829629131445 , 274.829629131445 ,,
period1,sc01,t4167, 294.330127018922 , 274.330127018922 ,,
period1,sc01,t4168, 293.535533905932 , 273.535533905932 ,,
period1,sc01,t4169, 292.5 , 272.5 ,,
period1,sc01,t4170, 291.294095225512 , 271.294095225512 ,,
period1,sc01,t4171, 290 , 270 ,,
period1,sc01,t4172, 288.705904774487 , 268.705904774487 ,,
period1,sc01,t4173, 287.5 , 267.5 ,,
period1,sc01,t4174, 286.464466094067 , 266.464466094067 ,,
period1,sc01,t4175, 285.669872981077 , 265.669872981077 ,,
period1,sc01,t4176, 285.170370868554 , 265.170370868554 ,,
period1,sc01,t4177, 285 , 265 ,,
period1,sc01,t4178, 285.170370868554 , 265.170370868554 ,,
period1,sc01,t4179, 285.669872981077 , 265.669872981077 ,,
period1,sc01,t4180, 286.464466094067 , 266.464466094067 ,,
period1,sc01,t4181, 287.5 , 267.5 ,,
period1,sc01,t4182, 288.705904774487 , 268.705904774487 ,,
period1,sc01,t4183, 290 , 270 ,,
period1,sc01,t4184, 291.294095225512 , 271.294095225512 ,,
period1,sc01,t4185, 292.5 , 272.5 ,,
period1,sc01,t4186, 293.535533905932 , 273.535533905932 ,,
period1,sc01,t4187, 294.330127018922 , 274.330127018922 ,,
period1,sc01,t4188, 294.829629131445 , 274.829629131445 ,,
period1,sc01,t4189, 295 , 275 ,,
period1,sc01,t4190, 294.829629131445 , 274.829629131445 ,,
period1,sc01,t4191, 294.330127018922 , 274.330127018922 ,,
period1,sc01,t4192, 293.535533905932 , 273.535533905932 ,,
period1,sc01,t4193, 292.5 , 272.5 ,,
period1,sc01,t4194, 291.294095225512 , 271.294095225512 ,,
period1,sc01,t4195, 290 , 270 ,,
period1,sc01,t4196, 288.705904774487 , 268.705904774487 ,,
period1,sc01,t4197, 287.5 , 267.5 ,,
period1,sc01,t4198, 286.464466094067 , 266.464466094067 ,,
period1,sc01,t4199, 285.669872981077 , 265.669872981077 ,,
period1,sc01,t4200, 285.170370868554 , 265.170370868554 ,,
period1,sc01,t4201, 285 , 265 ,,
period1,sc01,t4202, 285.170370868554 , 265.170370868554 ,,
period1,sc01,t4203, 285.669872981077 , 265.669872981077 ,,
period1,sc01,t4204, 286.464466094067 , 266.464466094067 ,,
period1,sc01,t4205, 287.5 , 267.5 ,,
period1,sc01,t4206, 288.705904774487 , 268.705904774487 ,,
period1,sc01,t4207, 290 , 270 ,,
period1,sc01,t4208, 291.294095225512 , 271.294095225512 ,,
period1,sc01,t4209, 292.5 , 272.5 ,,
period1,sc01,t4210, 293.535533905932 , 273.535533905932 ,,
period1,sc01,t4211, 294.330127018922 , 274.330127018922 ,,
period1,sc01,t4212, 294.829629131445 , 274.829629131445 ,,
period1,sc01,t4213, 305 , 285 ,,
period1,sc01,t4214, 304.829629131445 , 284.829629131445 ,,
period1,sc01,t4215, 304.330127018922 , 284.330127018922 ,,
period1,sc01,t4216, 303.535533905932 , 283.535533905932 ,,
period1,sc01,t4217, 302.5 , 282.5 ,,
period1,sc01,t4218, 301.294095225512 , 281.294095225512 ,,
period1,sc01,t4219, 300 , 280 ,,
period1,sc01,t4220, 298.705904774487 , 278.705904774487 ,,
period1,sc01,t4221, 297.5 , 277.5 ,,
period1,sc01,t4222, 296.464466094067 , 276.464466094067 ,,
period1,sc01,t4223, 295.669872981077 , 275.669872981077 ,,
period1,sc01,t4224, 295.170370868554 , 275.170370868554 ,,
period1,sc01,t4225, 295 , 275 ,,
period1,sc01,t4226, 295.170370868554 , 275.170370868554 ,,
period1,sc01,t4227, 295.669872981077 , 275.669872981077 ,,
period1,sc01,t4228, 296.464466094067 , 276.464466094067 ,,
period1,sc01,t4229, 297.5 , 277.5 ,,
period1,sc01,t4230, 298.705904774487 , 278.705904774487 ,,
period1,sc01,t4231, 300 , 280 ,,
period1,sc01,t4232, 301.294095225512 , 281.294095225512 ,,
period1,sc01,t4233, 302.5 , 282.5 ,,
period1,sc01,t4234, 303.535533905932 , 283.535533905932 ,,
period1,sc01,t4235, 304.330127018922 , 284.330127018922 ,,
period1,sc01,t4236, 304.829629131445 , 284.829629131445 ,,
period1,sc01,t4237, 305 , 285 ,,
period1,sc01,t4238, 304.829629131445 , 284.829629131445 ,,
period1,sc01,t4239, 304.330127018922 , 284.330127018922 ,,
period1,sc01,t4240, 303.535533905932 , 283.535533905932 ,,
period1,sc01,t4241, 302.5 , 282.5 ,,
period1,sc01,t4242, 301.294095225512 , 281.294095225512 ,,
period1,sc01,t4243, 300 , 280 ,,
period1,sc01,t4244, 298.705904774487 , 278.705904774487 ,,
period1,sc01,t4245, 297.5 , 277.5 ,,
period1,sc01,t4246, 296.464466094067 , 276.464466094067 ,,
period1,sc01,t4247, 295.669872981077 , 275.669872981077 ,,
period1,sc01,t4248, 295.170370868554 , 275.170370868554 ,,
period1,sc01,t4249, 295 , 275 ,,
period1,sc01,t4250, 295.170370868554 , 275.170370868554 ,,
period1,sc01,t4251, 295.669872981077 , 275.669872981077 ,,
period1,sc01,t4252, 296.464466094067 , 276.464466094067 ,,
period1,sc01,t4253, 297.5 , 277.5 ,,
period1,sc01,t4254, 298.705904774487 , 278.705904774487 ,,
period1,sc01,t4255, 300 , 280 ,,
period1,sc01,t4256, 301.294095225512 , 281.294095225512 ,,
period1,sc01,t4257, 302.5 , 282.5 ,,
period1,sc01,t4258, 303.535533905932 , 283.535533905932 ,,
period1,sc01,t4259, 304.330127018922 , 284.330127018922 ,,
period1,sc01,t4260, 304.829629131445 , 284.829629131445 ,,
period1,sc01,t4261, 305 , 285 ,,
period1,sc01,t4262, 304.829629131445 , 284.829629131445 ,,
period1,sc01,t4263, 304.330127018922 , 284.330127018922 ,,
period1,sc01,t4264, 303.535533905932 , 283.535533905932 ,,
period1,sc01,t4265, 302.5 , 282.5 ,,
period1,sc01,t4266, 301.294095225512 , 281.294095225512 ,,
period1,sc01,t4267, 300 , 280 ,,
period1,sc01,t4268, 298.705904774487 , 278.705904774487 ,,
period1,sc01,t4269, 297.5 , 277.5 ,,
period1,sc01,t4270, 296.464466094067 , 276.464466094067 ,,
period1,sc01,t4271, 295.669872981077 , 275.669872981077 ,,
period1,sc01,t4272, 295.170370868554 , 275.170370868554 ,,
period1,sc01,t4273, 295 , 275 ,,
period1,sc01,t4274, 295.170370868554 , 275.170370868554 ,,
period1,sc01,t4275, 295.669872981077 , 275.669872981077 ,,
period1,sc01,t4276, 296.464466094067 , 276.464466094067 ,,
period1,sc01,t4277, 297.5 , 277.5 ,,
period1,sc01,t4278, 298.705904774487 , 278.705904774487 ,,
period1,sc01,t4279, 300 , 280 ,,
period1,sc01,t4280, 301.294095225512 , 281.294095225512 ,,
period1,sc01,t4281, 302.5 , 282.5 ,,
period1,sc01,t4282, 303.535533905932 , 283.535533905932 ,,
period1,sc01,t4283, 304.330127018922 , 284.330127018922 ,,
period1,sc01,t4284, 304.829629131445 , 284.829629131445 ,,
period1,sc01,t4285, 305 , 285 ,,
period1,sc01,t4286, 304.829629131445 , 284.829629131445 ,,
period1,sc01,t4287, 304.330127018922 , 284.330127018922 ,,
period1,sc01,t4288, 303.535533905932 , 283.535533905932 ,,
period1,sc01,t4289, 302.5 , 282.5 ,,
period1,sc01,t4290, 301.294095225512 , 281.294095225512 ,,
period1,sc01,t4291, 300 , 280 ,,
period1,sc01,t4292, 298.705904774487 , 278.705904774487 ,,
period1,sc01,t4293, 297.5 , 277.5 ,,
period1,sc01,t4294, 296.464466094067 , 276.464466094067 ,,
period1,sc01,t4295, 295.669872981077 , 275.669872981077 ,,
period1,sc01,t4296, 295.170370868554 , 275.170370868554 ,,
period1,sc01,t4297, 295 , 275 ,,
period1,sc01,t4298, 295.170370868554 , 275.170370868554 ,,
period1,sc01,t4299, 295.669872981077 , 275.669872981077 ,,
period1,sc01,t4300, 296.464466094067 , 276.464466094067 ,,
period1,sc01,t4301, 297.5 , 277.5 ,,
period1,sc01,t4302, 298.705904774487 , 278.705904774487 ,,
period1,sc01,t4303, 300 , 280 ,,
period1,sc01,t4304, 301.294095225512 , 281.294095225512 ,,
period1,sc01,t4305, 302.5 , 282.5 ,,
period1,sc01,t4306, 303.535533905932 , 283.535533905932 ,,
period1,sc01,t4307, 304.330127018922 , 284.330127018922 ,,
period1,sc01,t4308, 304.829629131445 , 284.829629131445 ,,
period1,sc01,t4309, 305 , 285 ,,
period1,sc01,t4310, 304.829629131445 , 284.829629131445 ,,
period1,sc01,t4311, 304.330127018922 , 284.330127018922 ,,
period1,sc01,t4312, 303.535533905932 , 283.535533905932 ,,
period1,sc01,t4313, 302.5 , 282.5 ,,
period1,sc01,t4314, 301.294095225512 , 281.294095225512 ,,
period1,sc01,t4315, 300 , 280 ,,
period1,sc01,t4316, 298.705904774487 , 278.705904774487 ,,
period1,sc01,t4317, 297.5 , 277.5 ,,
period1,sc01,t4318, 296.464466094067 , 276.464466094067 ,,
period1,sc01,t4319, 295.669872981077 , 275.669872981077 ,,
period1,sc01,t4320, 295.170370868554 , 275.170370868554 ,,
period1,sc01,t4321, 295 , 275 ,,
period1,sc01,t4322, 295.170370868554 , 275.170370868554 ,,
period1,sc01,t4323, 295.669872981077 , 275.669872981077 ,,
period1,sc01,t4324, 296.464466094067 , 276.464466094067 ,,
period1,sc01,t4325, 297.5 , 277.5 ,,
period1,sc01,t4326, 298.705904774487 , 278.705904774487 ,,
period1,sc01,t4327, 300 , 280 ,,
period1,sc01,t4328, 301.294095225512 , 281.294095225512 ,,
period1,sc01,t4329, 302.5 , 282.5 ,,
period1,sc01,t4330, 303.535533905932 , 283.535533905932 ,,
period1,sc01,t4331, 304.330127018922 , 284.330127018922 ,,
period1,sc01,t4332, 304.829629131445 , 284.829629131445 ,,
period1,sc01,t4333, 295 , 275 ,,
period1,sc01,t4334, 294.829629131445 , 274.829629131445 ,,
period1,sc01,t4335, 294.330127018922 , 274.330127018922 ,,
period1,sc01,t4336, 293.535533905932 , 273.535533905932 ,,
period1,sc01,t4337, 292.5 , 272.5 ,,
period1,sc01,t4338, 291.294095225512 , 271.294095225512 ,,
period1,sc01,t4339, 290 , 270 ,,
period1,sc01,t4340, 288.705904774487 , 268.705904774487 ,,
period1,sc01,t4341, 287.5 , 267.5 ,,
period1,sc01,t4342, 286.464466094067 , 266.464466094067 ,,
period1,sc01,t4343, 285.669872981077 , 265.669872981077 ,,
period1,sc01,t4344, 285.170370868554 , 265.170370868554 ,,
period1,sc01,t4345, 285 , 265 ,,
period1,sc01,t4346, 285.170370868554 , 265.170370868554 ,,
period1,sc01,t4347, 285.669872981077 , 265.669872981077 ,,
period1,sc01,t4348, 286.464466094067 , 266.464466094067 ,,
period1,sc01,t4349, 287.5 , 267.5 ,,
period1,sc01,t4350, 288.705904774487 , 268.705904774487 ,,
period1,sc01,t4351, 290 , 270 ,,
period1,sc01,t4352, 291.294095225512 , 271.294095225512 ,,
period1,sc01,t4353, 292.5 , 272.5 ,,
period1,sc01,t4354, 293.535533905932 , 273.535533905932 ,,
period1,sc01,t4355, 294.330127018922 , 274.330127018922 ,,
period1,sc01,t4356, 294.829629131445 , 274.829629131445 ,,
period1,sc01,t4357, 295 , 275 ,,
period1,sc01,t4358, 294.829629131445 , 274.829629131445 ,,
period1,sc01,t4359, 294.330127018922 , 274.330127018922 ,,
period1,sc01,t4360, 293.535533905932 , 273.535533905932 ,,
period1,sc01,t4361, 292.5 , 272.5 ,,
period1,sc01,t4362, 291.294095225512 , 271.294095225512 ,,
period1,sc01,t4363, 290 , 270 ,,
period1,sc01,t4364, 288.705904774487 , 268.705904774487 ,,
period1,sc01,t4365, 287.5 , 267.5 ,,
period1,sc01,t4366, 286.464466094067 , 266.464466094067 ,,
period1,sc01,t4367, 285.669872981077 , 265.669872981077 ,,
period1,sc01,t4368, 285.170370868554 , 265.170370868554 ,,
period1,sc01,t4369, 285 , 265 ,,
period1,sc01,t4370, 285.170370868554 , 265.170370868554 ,,
period1,sc01,t4371, 285.669872981077 , 265.669872981077 ,,
period1,sc01,t4372, 286.464466094067 , 266.464466094067 ,,
period1,sc01,t4373, 287.5 , 267.5 ,,
period1,sc01,t4374, 288.705904774487 , 268.705904774487 ,,
period1,sc01,t4375, 290 , 270 ,,
period1,sc01,t4376, 291.294095225512 , 271.294095225512 ,,
period1,sc01,t4377, 292.5 , 272.5 ,,
period1,sc01,t4378, 293.535533905932 , 273.535533905932 ,,
period1,sc01,t4379, 294.330127018922 , 274.330127018922 ,,
period1,sc01,t4380, 294.829629131445 , 274.829629131445 ,,
period1,sc01,t4381, 305 , 285 ,,
period1,sc01,t4382, 304.829629131445 , 284.829629131445 ,,
period1,sc01,t4383, 304.330127018922 , 284.330127018922 ,,
period1,sc01,t4384, 303.535533905932 , 283.535533905932 ,,
period1,sc01,t4385, 302.5 , 282.5 ,,
period1,sc01,t4386, 301.294095225512 , 281.294095225512 ,,
period1,sc01,t4387, 300 , 280 ,,
period1,sc01,t4388, 298.705904774487 , 278.705904774487 ,,
period1,sc01,t4389, 297.5 , 277.5 ,,
period1,sc01,t4390, 296.464466094067 , 276.464466094067 ,,
period1,sc01,t4391, 295.669872981077 , 275.669872981077 ,,
period1,sc01,t4392, 295.170370868554 , 275.170370868554 ,,
period1,sc01,t4393, 295 , 275 ,,
period1,sc01,t4394, 295.170370868554 , 275.170370868554 ,,
period1,sc01,t4395, 295.669872981077 , 275.669872981077 ,,
period1,sc01,t4396, 296.464466094067 , 276.464466094067 ,,
period1,sc01,t4397, 297.5 , 277.5 ,,
period1,sc01,t4398, 298.705904774487 , 278.705904774487 ,,
period1,sc01,t4399, 300 , 280 ,,
period1,sc01,t4400, 301.294095225512 , 281.294095225512 ,,
period1,sc01,t4401, 302.5 , 282.5 ,,
period1,sc01,t4402, 303.535533905932 , 283.535533905932 ,,
period1,sc01,t4403, 304.330127018922 , 284.330127018922 ,,
period1,sc01,t4404, 304.829629131445 , 284.829629131445 ,,
period1,sc01,t4405, 305 , 285 ,,
period1,sc01,t4406, 304.829629131445 , 284.829629131445 ,,
period1,sc01,t4407, 304.330127018922 , 284.330127018922 ,,
period1,sc01,t4408, 303.535533905932 , 283.535533905932 ,,
period1,sc01,t4409, 302.5 , 282.5 ,,
period1,sc01,t4410, 301.294095225512 , 281.294095225512 ,,
period1,sc01,t4411, 300 , 280 ,,
period1,sc01,t4412, 298.705904774487 , 278.705904774487 ,,
period1,sc01,t4413, 297.5 , 277.5 ,,
period1,sc01,t4414, 296.464466094067 , 276.464466094067 ,,
period1,sc01,t4415, 295.669872981077 , 275.669872981077 ,,
period1,sc01,t4416, 295.170370868554 , 275.170370868554 ,,
period1,sc01,t4417, 295 , 275 ,,
period1,sc01,t4418, 295.170370868554 , 275.170370868554 ,,
period1,sc01,t4419, 295.669872981077 , 275.669872981077 ,,
period1,sc01,t4420, 296.464466094067 , 276.464466094067 ,,
period1,sc01,t4421, 297.5 , 277.5 ,,
period1,sc01,t4422, 298.705904774487 , 278.705904774487 ,,
period1,sc01,t4423, 300 , 280 ,,
period1,sc01,t4424, 301.294095225512 , 281.294095225512 ,,
period1,sc01,t4425, 302.5 , 282.5 ,,
period1,sc01,t4426, 303.535533905932 , 283.535533905932 ,,
period1,sc01,t4427, 304.330127018922 , 284.330127018922 ,,
period1,sc01,t4428, 304.829629131445 , 284.829629131445 ,,
period1,sc01,t4429, 305 , 285 ,,
period1,sc01,t4430, 304.829629131445 , 284.829629131445 ,,
period1,sc01,t4431, 304.330127018922 , 284.330127018922 ,,
period1,sc01,t4432, 303.535533905932 , 283.535533905932 ,,
period1,sc01,t4433, 302.5 , 282.5 ,,
period1,sc01,t4434, 301.294095225512 , 281.294095225512 ,,
period1,sc01,t4435, 300 , 280 ,,
period1,sc01,t4436, 298.705904774487 , 278.705904774487 ,,
period1,sc01,t4437, 297.5 , 277.5 ,,
period1,sc01,t4438, 296.464466094067 , 276.464466094067 ,,
period1,sc01,t4439, 295.669872981077 , 275.669872981077 ,,
period1,sc01,t4440, 295.170370868554 , 275.170370868554 ,,
period1,sc01,t4441, 295 , 275 ,,
period1,sc01,t4442, 295.170370868554 , 275.170370868554 ,,
period1,sc01,t4443, 295.669872981077 , 275.669872981077 ,,
period1,sc01,t4444, 296.464466094067 , 276.464466094067 ,,
period1,sc01,t4445, 297.5 , 277.5 ,,
period1,sc01,t4446, 298.705904774487 , 278.705904774487 ,,
period1,sc01,t4447, 300 , 280 ,,
period1,sc01,t4448, 301.294095225512 , 281.294095225512 ,,
period1,sc01,t4449, 302.5 , 282.5 ,,
period1,sc01,t4450, 303.535533905932 , 283.535533905932 ,,
period1,sc01,t4451, 304.330127018922 , 284.330127018922 ,,
period1,sc01,t4452, 304.829629131445 , 284.829629131445 ,,
period1,sc01,t4453, 305 , 285 ,,
period1,sc01,t4454, 304.829629131445 , 284.829629131445 ,,
period1,sc01,t4455, 304.330127018922 , 284.330127018922 ,,
period1,sc01,t4456, 303.535533905932 , 283.535533905932 ,,
period1,sc01,t4457, 302.5 , 282.5 ,,
period1,sc01,t4458, 301.294095225512 , 281.294095225512 ,,
period1,sc01,t4459, 300 , 280 ,,
period1,sc01,t4460, 298.705904774487 , 278.705904774487 ,,
period1,sc01,t4461, 297.5 , 277.5 ,,
period1,sc01,t4462, 296.464466094067 , 276.464466094067 ,,
period1,sc01,t4463, 295.669872981077 , 275.669872981077 ,,
period1,sc01,t4464, 295.170370868554 , 275.170370868554 ,,
period1,sc01,t4465, 295 , 275 ,,
period1,sc01,t4466, 295.170370868554 , 275.170370868554 ,,
period1,sc01,t4467, 295.669872981077 , 275.669872981077 ,,
period1,sc01,t4468, 296.464466094067 , 276.464466094067 ,,
period1,sc01,t4469, 297.5 , 277.5 ,,
period1,sc01,t4470, 298.705904774487 , 278.705904774487 ,,
period1,sc01,t4471, 300 , 280 ,,
period1,sc01,t4472, 301.294095225512 , 281.294095225512 ,,
period1,sc01,t4473, 302.5 , 282.5 ,,
period1,sc01,t4474, 303.535533905932 , 283.535533905932 ,,
period1,sc01,t4475, 304.330127018922 , 284.330127018922 ,,
period1,sc01,t4476, 304.829629131445 , 284.829629131445 ,,
period1,sc01,t4477, 305 , 285 ,,
period1,sc01,t4478, 304.829629131445 , 284.829629131445 ,,
period1,sc01,t4479, 304.330127018922 , 284.330127018922 ,,
period1,sc01,t4480, 303.535533905932 , 283.535533905932 ,,
period1,sc01,t4481, 302.5 , 282.5 ,,
period1,sc01,t4482, 301.294095225512 , 281.294095225512 ,,
period1,sc01,t4483, 300 , 280 ,,
period1,sc01,t4484, 298.705904774487 , 278.705904774487 ,,
period1,sc01,t4485, 297.5 , 277.5 ,,
period1,sc01,t4486, 296.464466094067 , 276.464466094067 ,,
period1,sc01,t4487, 295.669872981077 , 275.669872981077 ,,
period1,sc01,t4488, 295.170370868554 , 275.170370868554 ,,
period1,sc01,t4489, 295 , 275 ,,
period1,sc01,t4490, 295.170370868554 , 275.170370868554 ,,
period1,sc01,t4491, 295.669872981077 , 275.669872981077 ,,
period1,sc01,t4492, 296.464466094067 , 276.464466094067 ,,
period1,sc01,t4493, 297.5 , 277.5 ,,
period1,sc01,t4494, 298.705904774487 , 278.705904774487 ,,
period1,sc01,t4495, 300 , 280 ,,
period1,sc01,t4496, 301.294095225512 , 281.294095225512 ,,
period1,sc01,t4497, 302.5 , 282.5 ,,
period1,sc01,t4498, 303.535533905932 , 283.535533905932 ,,
period1,sc01,t4499, 304.330127018922 , 284.330127018922 ,,
period1,sc01,t4500, 304.829629131445 , 284.829629131445 ,,
period1,sc01,t4501, 295 , 275 ,,
period1,sc01,t4502, 294.829629131445 , 274.829629131445 ,,
period1,sc01,t4503, 294.330127018922 , 274.330127018922 ,,
period1,sc01,t4504, 293.535533905932 , 273.535533905932 ,,
period1,sc01,t4505, 292.5 , 272.5 ,,
period1,sc01,t4506, 291.294095225512 , 271.294095225512 ,,
period1,sc01,t4507, 290 , 270 ,,
period1,sc01,t4508, 288.705904774487 , 268.705904774487 ,,
period1,sc01,t4509, 287.5 , 267.5 ,,
period1,sc01,t4510, 286.464466094067 , 266.464466094067 ,,
period1,sc01,t4511, 285.669872981077 , 265.669872981077 ,,
period1,sc01,t4512, 285.170370868554 , 265.170370868554 ,,
period1,sc01,t4513, 285 , 265 ,,
period1,sc01,t4514, 285.170370868554 , 265.170370868554 ,,
period1,sc01,t4515, 285.669872981077 , 265.669872981077 ,,
period1,sc01,t4516, 286.464466094067 , 266.464466094067 ,,
period1,sc01,t4517, 287.5 , 267.5 ,,
period1,sc01,t4518, 288.705904774487 , 268.705904774487 ,,
period1,sc01,t4519, 290 , 270 ,,
period1,sc01,t4520, 291.294095225512 , 271.294095225512 ,,
period1,sc01,t4521, 292.5 , 272.5 ,,
period1,sc01,t4522, 293.535533905932 , 273.535533905932 ,,
period1,sc01,t4523, 294.330127018922 , 274.330127018922 ,,
period1,sc01,t4524, 294.829629131445 , 274.829629131445 ,,
period1,sc01,t4525, 295 , 275 ,,
period1,sc01,t4526, 294.829629131445 , 274.829629131445 ,,
period1,sc01,t4527, 294.330127018922 , 274.330127018922 ,,
period1,sc01,t4528, 293.535533905932 , 273.535533905932 ,,
period1,sc01,t4529, 292.5 , 272.5 ,,
period1,sc01,t4530, 291.294095225512 , 271.294095225512 ,,
period1,sc01,t4531, 290 , 270 ,,
period1,sc01,t4532, 288.705904774487 , 268.705904774487 ,,
period1,sc01,t4533, 287.5 , 267.5 ,,
period1,sc01,t4534, 286.464466094067 , 266.464466094067 ,,
period1,sc01,t4535, 285.669872981077 , 265.669872981077 ,,
period1,sc01,t4536, 285.170370868554 , 265.170370868554 ,,
period1,sc01,t4537, 285 , 265 ,,
period1,sc01,t4538, 285.170370868554 , 265.170370868554 ,,
period1,sc01,t4539, 285.669872981077 , 265.669872981077 ,,
period1,sc01,t4540, 286.464466094067 , 266.464466094067 ,,
period1,sc01,t4541, 287.5 , 267.5 ,,
period1,sc01,t4542, 288.705904774487 , 268.705904774487 ,,
period1,sc01,t4543, 290 , 270 ,,
period1,sc01,t4544, 291.294095225512 , 271.294095225512 ,,
period1,sc01,t4545, 292.5 , 272.5 ,,
period1,sc01,t4546, 293.535533905932 , 273.535533905932 ,,
period1,sc01,t4547, 294.330127018922 , 274.330127018922 ,,
period1,sc01,t4548, 294.829629131445 , 274.829629131445 ,,
period1,sc01,t4549, 305 , 285 ,,
period1,sc01,t4550, 304.829629131445 , 284.829629131445 ,,
period1,sc01,t4551, 304.330127018922 , 284.330127018922 ,,
period1,sc01,t4552, 303.535533905932 , 283.535533905932 ,,
period1,sc01,t4553, 302.5 , 282.5 ,,
period1,sc01,t4554, 301.294095225512 , 281.294095225512 ,,
period1,sc01,t4555, 300 , 280 ,,
period1,sc01,t4556, 298.705904774487 , 278.705904774487 ,,
period1,sc01,t4557, 297.5 , 277.5 ,,
period1,sc01,t4558, 296.464466094067 , 276.464466094067 ,,
period1,sc01,t4559, 295.669872981077 , 275.669872981077 ,,
period1,sc01,t4560, 295.170370868554 , 275.170370868554 ,,
period1,sc01,t4561, 295 , 275 ,,
period1,sc01,t4562, 295.170370868554 , 275.170370868554 ,,
period1,sc01,t4563, 295.669872981077 , 275.669872981077 ,,
period1,sc01,t4564, 296.464466094067 , 276.464466094067 ,,
period1,sc01,t4565, 297.5 , 277.5 ,,
period1,sc01,t4566, 298.705904774487 , 278.705904774487 ,,
period1,sc01,t4567, 300 , 280 ,,
period1,sc01,t4568, 301.294095225512 , 281.294095225512 ,,
period1,sc01,t4569, 302.5 , 282.5 ,,
period1,sc01,t4570, 303.535533905932 , 283.535533905932 ,,
period1,sc01,t4571, 304.330127018922 , 284.330127018922 ,,
period1,sc01,t4572, 304.829629131445 , 284.829629131445 ,,
period1,sc01,t4573, 305 , 285 ,,
period1,sc01,t4574, 304.829629131445 , 284.829629131445 ,,
period1,sc01,t4575, 304.330127018922 , 284.330127018922 ,,
period1,sc01,t4576, 303.535533905932 , 283.535533905932 ,,
period1,sc01,t4577, 302.5 , 282.5 ,,
period1,sc01,t4578, 301.294095225512 , 281.294095225512 ,,
period1,sc01,t4579, 300 , 280 ,,
period1,sc01,t4580, 298.705904774487 , 278.705904774487 ,,
period1,sc01,t4581, 297.5 , 277.5 ,,
period1,sc01,t4582, 296.464466094067 , 276.464466094067 ,,
period1,sc01,t4583, 295.669872981077 , 275.669872981077 ,,
period1,sc01,t4584, 295.170370868554 , 275.170370868554 ,,
period1,sc01,t4585, 295 , 275 ,,
period1,sc01,t4586, 295.170370868554 , 275.170370868554 ,,
period1,sc01,t4587, 295.669872981077 , 275.669872981077 ,,
period1,sc01,t4588, 296.464466094067 , 276.464466094067 ,,
period1,sc01,t4589, 297.5 , 277.5 ,,
period1,sc01,t4590, 298.705904774487 , 278.705904774487 ,,
period1,sc01,t4591, 300 , 280 ,,
period1,sc01,t4592, 301.294095225512 , 281.294095225512 ,,
period1,sc01,t4593, 302.5 , 282.5 ,,
period1,sc01,t4594, 303.535533905932 , 283.535533905932 ,,
period1,sc01,t4595, 304.330127018922 , 284.330127018922 ,,
period1,sc01,t4596, 304.829629131445 , 284.829629131445 ,,
period1,sc01,t4597, 305 , 285 ,,
period1,sc01,t4598, 304.829629131445 , 284.829629131445 ,,
period1,sc01,t4599, 304.330127018922 , 284.330127018922 ,,
period1,sc01,t4600, 303.535533905932 , 283.535533905932 ,,
period1,sc01,t4601, 302.5 , 282.5 ,,
period1,sc01,t4602, 301.294095225512 , 281.294095225512 ,,
period1,sc01,t4603, 300 , 280 ,,
period1,sc01,t4604, 298.705904774487 , 278.705904774487 ,,
period1,sc01,t4605, 297.5 , 277.5 ,,
period1,sc01,t4606, 296.464466094067 , 276.464466094067 ,,
period1,sc01,t4607, 295.669872981077 , 275.669872981077 ,,
period1,sc01,t4608, 295.170370868554 , 275.170370868554 ,,
period1,sc01,t4609, 295 , 275 ,,
period1,sc01,t4610, 295.170370868554 , 275.170370868554 ,,
period1,sc01,t4611, 295.669872981077 , 275.669872981077 ,,
period1,sc01,t4612, 296.464466094067 , 276.464466094067 ,,
period1,sc01,t4613, 297.5 , 277.5 ,,
period1,sc01,t4614, 298.705904774487 , 278.705904774487 ,,
period1,sc01,t4615, 300 , 280 ,,
period1,sc01,t4616, 301.294095225512 , 281.294095225512 ,,
period1,sc01,t4617, 302.5 , 282.5 ,,
period1,sc01,t4618, 303.535533905932 , 283.535533905932 ,,
period1,sc01,t4619, 304.330127018922 , 284.330127018922 ,,
period1,sc01,t4620, 304.829629131445 , 284.829629131445 ,,
period1,sc01,t4621, 305 , 285 ,,
period1,sc01,t4622, 304.829629131445 , 284.829629131445 ,,
period1,sc01,t4623, 304.330127018922 , 284.330127018922 ,,
period1,sc01,t4624, 303.535533905932 , 283.535533905932 ,,
period1,sc01,t4625, 302.5 , 282.5 ,,
period1,sc01,t4626, 301.294095225512 , 281.294095225512 ,,
period1,sc01,t4627, 300 , 280 ,,
period1,sc01,t4628, 298.705904774487 , 278.705904774487 ,,
period1,sc01,t4629, 297.5 , 277.5 ,,
period1,sc01,t4630, 296.464466094067 , 276.464466094067 ,,
period1,sc01,t4631, 295.669872981077 , 275.669872981077 ,,
period1,sc01,t4632, 295.170370868554 , 275.170370868554 ,,
period1,sc01,t4633, 295 , 275 ,,
period1,sc01,t4634, 295.170370868554 , 275.170370868554 ,,
period1,sc01,t4635, 295.669872981077 , 275.669872981077 ,,
period1,sc01,t4636, 296.464466094067 , 276.464466094067 ,,
period1,sc01,t4637, 297.5 , 277.5 ,,
period1,sc01,t4638, 298.705904774487 , 278.705904774487 ,,
period1,sc01,t4639, 300 , 280 ,,
period1,sc01,t4640, 301.294095225512 , 281.294095225512 ,,
period1,sc01,t4641, 302.5 , 282.5 ,,
period1,sc01,t4642, 303.535533905932 , 283.535533905932 ,,
period1,sc01,t4643, 304.330127018922 , 284.330127018922 ,,
period1,sc01,t4644, 304.829629131445 , 284.829629131445 ,,
period1,sc01,t4645, 305 , 285 ,,
period1,sc01,t4646, 304.829629131445 , 284.829629131445 ,,
period1,sc01,t4647, 304.330127018922 , 284.330127018922 ,,
period1,sc01,t4648, 303.535533905932 , 283.535533905932 ,,
period1,sc01,t4649, 302.5 , 282.5 ,,
period1,sc01,t4650, 301.294095225512 , 281.294095225512 ,,
period1,sc01,t4651, 300 , 280 ,,
period1,sc01,t4652, 298.705904774487 , 278.705904774487 ,,
period1,sc01,t4653, 297.5 , 277.5 ,,
period1,sc01,t4654, 296.464466094067 , 276.464466094067 ,,
period1,sc01,t4655, 295.669872981077 , 275.669872981077 ,,
period1,sc01,t4656, 295.170370868554 , 275.170370868554 ,,
period1,sc01,t4657, 295 , 275 ,,
period1,sc01,t4658, 295.170370868554 , 275.170370868554 ,,
period1,sc01,t4659, 295.669872981077 , 275.669872981077 ,,
period1,sc01,t4660, 296.464466094067 , 276.464466094067 ,,
period1,sc01,t4661, 297.5 , 277.5 ,,
period1,sc01,t4662, 298.705904774487 , 278.705904774487 ,,
period1,sc01,t4663, 300 , 280 ,,
period1,sc01,t4664, 301.294095225512 , 281.294095225512 ,,
period1,sc01,t4665, 302.5 , 282.5 ,,
period1,sc01,t4666, 303.535533905932 , 283.535533905932 ,,
period1,sc01,t4667, 304.330127018922 , 284.330127018922 ,,
period1,sc01,t4668, 304.829629131445 , 284.829629131445 ,,
period1,sc01,t4669, 295 , 275 ,,
period1,sc01,t4670, 294.829629131445 , 274.829629131445 ,,
period1,sc01,t4671, 294.330127018922 , 274.330127018922 ,,
period1,sc01,t4672, 293.535533905932 , 273.535533905932 ,,
period1,sc01,t4673, 292.5 , 272.5 ,,
period1,sc01,t4674, 291.294095225512 , 271.294095225512 ,,
period1,sc01,t4675, 290 , 270 ,,
period1,sc01,t4676, 288.705904774487 , 268.705904774487 ,,
period1,sc01,t4677, 287.5 , 267.5 ,,
period1,sc01,t4678, 286.464466094067 , 266.464466094067 ,,
period1,sc01,t4679, 285.669872981077 , 265.669872981077 ,,
period1,sc01,t4680, 285.170370868554 , 265.170370868554 ,,
period1,sc01,t4681, 285 , 265 ,,
period1,sc01,t4682, 285.170370868554 , 265.170370868554 ,,
period1,sc01,t4683, 285.669872981077 , 265.669872981077 ,,
period1,sc01,t4684, 286.464466094067 , 266.464466094067 ,,
period1,sc01,t4685, 287.5 , 267.5 ,,
period1,sc01,t4686, 288.705904774487 , 268.705904774487 ,,
period1,sc01,t4687, 290 , 270 ,,
period1,sc01,t4688, 291.294095225512 , 271.294095225512 ,,
period1,sc01,t4689, 292.5 , 272.5 ,,
period1,sc01,t4690, 293.535533905932 , 273.535533905932 ,,
period1,sc01,t4691, 294.330127018922 , 274.330127018922 ,,
period1,sc01,t4692, 294.829629131445 , 274.829629131445 ,,
period1,sc01,t4693, 295 , 275 ,,
period1,sc01,t4694, 294.829629131445 , 274.829629131445 ,,
period1,sc01,t4695, 294.330127018922 , 274.330127018922 ,,
period1,sc01,t4696, 293.535533905932 , 273.535533905932 ,,
period1,sc01,t4697, 292.5 , 272.5 ,,
period1,sc01,t4698, 291.294095225512 , 271.294095225512 ,,
period1,sc01,t4699, 290 , 270 ,,
period1,sc01,t4700, 288.705904774487 , 268.705904774487 ,,
period1,sc01,t4701, 287.5 , 267.5 ,,
period1,sc01,t4702, 286.464466094067 , 266.464466094067 ,,
period1,sc01,t4703, 285.669872981077 , 265.669872981077 ,,
period1,sc01,t4704, 285.170370868554 , 265.170370868554 ,,
period1,sc01,t4705, 285 , 265 ,,
period1,sc01,t4706, 285.170370868554 , 265.170370868554 ,,
period1,sc01,t4707, 285.669872981077 , 265.669872981077 ,,
period1,sc01,t4708, 286.464466094067 , 266.464466094067 ,,
period1,sc01,t4709, 287.5 , 267.5 ,,
period1,sc01,t4710, 288.705904774487 , 268.705904774487 ,,
period1,sc01,t4711, 290 , 270 ,,
period1,sc01,t4712, 291.294095225512 , 271.294095225512 ,,
period1,sc01,t4713, 292.5 , 272.5 ,,
period1,sc01,t4714, 293.535533905932 , 273.535533905932 ,,
period1,sc01,t4715, 294.330127018922 , 274.330127018922 ,,
period1,sc01,t4716, 294.829629131445 , 274.829629131445 ,,
period1,sc01,t4717, 305 , 285 ,,
period1,sc01,t4718, 304.829629131445 , 284.829629131445 ,,
period1,sc01,t4719, 304.330127018922 , 284.330127018922 ,,
period1,sc01,t4720, 303.535533905932 , 283.535533905932 ,,
period1,sc01,t4721, 302.5 , 282.5 ,,
period1,sc01,t4722, 301.294095225512 , 281.294095225512 ,,
period1,sc01,t4723, 300 , 280 ,,
period1,sc01,t4724, 298.705904774487 , 278.705904774487 ,,
period1,sc01,t4725, 297.5 , 277.5 ,,
period1,sc01,t4726, 296.464466094067 , 276.464466094067 ,,
period1,sc01,t4727, 295.669872981077 , 275.669872981077 ,,
period1,sc01,t4728, 295.170370868554 , 275.170370868554 ,,
period1,sc01,t4729, 295 , 275 ,,
period1,sc01,t4730, 295.170370868554 , 275.170370868554 ,,
period1,sc01,t4731, 295.669872981077 , 275.669872981077 ,,
period1,sc01,t4732, 296.464466094067 , 276.464466094067 ,,
period1,sc01,t4733, 297.5 , 277.5 ,,
period1,sc01,t4734, 298.705904774487 , 278.705904774487 ,,
period1,sc01,t4735, 300 , 280 ,,
period1,sc01,t4736, 301.294095225512 , 281.294095225512 ,,
period1,sc01,t4737, 302.5 , 282.5 ,,
period1,sc01,t4738, 303.535533905932 , 283.535533905932 ,,
period1,sc01,t4739, 304.330127018922 , 284.330127018922 ,,
period1,sc01,t4740, 304.829629131445 , 284.829629131445 ,,
period1,sc01,t4741, 305 , 285 ,,
period1,sc01,t4742, 304.829629131445 , 284.829629131445 ,,
period1,sc01,t4743, 304.330127018922 , 284.330127018922 ,,
period1,sc01,t4744, 303.535533905932 , 283.535533905932 ,,
period1,sc01,t4745, 302.5 , 282.5 ,,
period1,sc01,t4746, 301.294095225512 , 281.294095225512 ,,
period1,sc01,t4747, 300 , 280 ,,
period1,sc01,t4748, 298.705904774487 , 278.705904774487 ,,
period1,sc01,t4749, 297.5 , 277.5 ,,
period1,sc01,t4750, 296.464466094067 , 276.464466094067 ,,
period1,sc01,t4751, 295.669872981077 , 275.669872981077 ,,
period1,sc01,t4752, 295.170370868554 , 275.170370868554 ,,
period1,sc01,t4753, 295 , 275 ,,
period1,sc01,t4754, 295.170370868554 , 275.170370868554 ,,
period1,sc01,t4755, 295.669872981077 , 275.669872981077 ,,
period1,sc01,t4756, 296.464466094067 , 276.464466094067 ,,
period1,sc01,t4757, 297.5 , 277.5 ,,
period1,sc01,t4758, 298.705904774487 , 278.705904774487 ,,
period1,sc01,t4759, 300 , 280 ,,
period1,sc01,t4760, 301.294095225512 , 281.294095225512 ,,
period1,sc01,t4761, 302.5 , 282.5 ,,
period1,sc01,t4762, 303.535533905932 , 283.535533905932 ,,
period1,sc01,t4763, 304.330127018922 , 284.330127018922 ,,
period1,sc01,t4764, 304.829629131445 , 284.829629131445 ,,
period1,sc01,t4765, 305 , 285 ,,
period1,sc01,t4766, 304.829629131445 , 284.829629131445 ,,
period1,sc01,t4767, 304.330127018922 , 284.330127018922 ,,
period1,sc01,t4768, 303.535533905932 , 283.535533905932 ,,
period1,sc01,t4769, 302.5 , 282.5 ,,
period1,sc01,t4770, 301.294095225512 , 281.294095225512 ,,
period1,sc01,t4771, 300 , 280 ,,
period1,sc01,t4772, 298.705904774487 , 278.705904774487 ,,
period1,sc01,t4773, 297.5 , 277.5 ,,
period1,sc01,t4774, 296.464466094067 , 276.464466094067 ,,
period1,sc01,t4775, 295.669872981077 , 275.669872981077 ,,
period1,sc01,t4776, 295.170370868554 , 275.170370868554 ,,
period1,sc01,t4777, 295 , 275 ,,
period1,sc01,t4778, 295.170370868554 , 275.170370868554 ,,
period1,sc01,t4779, 295.669872981077 , 275.669872981077 ,,
period1,sc01,t4780, 296.464466094067 , 276.464466094067 ,,
period1,sc01,t4781, 297.5 , 277.5 ,,
period1,sc01,t4782, 298.705904774487 , 278.705904774487 ,,
period1,sc01,t4783, 300 , 280 ,,
period1,sc01,t4784, 301.294095225512 , 281.294095225512 ,,
period1,sc01,t4785, 302.5 , 282.5 ,,
period1,sc01,t4786, 303.535533905932 , 283.535533905932 ,,
period1,sc01,t4787, 304.330127018922 , 284.330127018922 ,,
period1,sc01,t4788, 304.829629131445 , 284.829629131445 ,,
period1,sc01,t4789, 305 , 285 ,,
period1,sc01,t4790, 304.829629131445 , 284.829629131445 ,,
period1,sc01,t4791, 304.330127018922 , 284.330127018922 ,,
period1,sc01,t4792, 303.535533905932 , 283.535533905932 ,,
period1,sc01,t4793, 302.5 , 282.5 ,,
period1,sc01,t4794, 301.294095225512 , 281.294095225512 ,,
period1,sc01,t4795, 300 , 280 ,,
period1,sc01,t4796, 298.705904774487 , 278.705904774487 ,,
period1,sc01,t4797, 297.5 , 277.5 ,,
period1,sc01,t4798, 296.464466094067 , 276.464466094067 ,,
period1,sc01,t4799, 295.669872981077 , 275.669872981077 ,,
period1,sc01,t4800, 295.170370868554 , 275.170370868554 ,,
period1,sc01,t4801, 295 , 275 ,,
period1,sc01,t4802, 295.170370868554 , 275.170370868554 ,,
period1,sc01,t4803, 295.669872981077 , 275.669872981077 ,,
period1,sc01,t4804, 296.464466094067 , 276.464466094067 ,,
period1,sc01,t4805, 297.5 , 277.5 ,,
period1,sc01,t4806, 298.705904774487 , 278.705904774487 ,,
period1,sc01,t4807, 300 , 280 ,,
period1,sc01,t4808, 301.294095225512 , 281.294095225512 ,,
period1,sc01,t4809, 302.5 , 282.5 ,,
period1,sc01,t4810, 303.535533905932 , 283.535533905932 ,,
period1,sc01,t4811, 304.330127018922 , 284.330127018922 ,,
period1,sc01,t4812, 304.829629131445 , 284.829629131445 ,,
period1,sc01,t4813, 305 , 285 ,,
period1,sc01,t4814, 304.829629131445 , 284.829629131445 ,,
period1,sc01,t4815, 304.330127018922 , 284.330127018922 ,,
period1,sc01,t4816, 303.535533905932 , 283.535533905932 ,,
period1,sc01,t4817, 302.5 , 282.5 ,,
period1,sc01,t4818, 301.294095225512 , 281.294095225512 ,,
period1,sc01,t4819, 300 , 280 ,,
period1,sc01,t4820, 298.705904774487 , 278.705904774487 ,,
period1,sc01,t4821, 297.5 , 277.5 ,,
period1,sc01,t4822, 296.464466094067 , 276.464466094067 ,,
period1,sc01,t4823, 295.669872981077 , 275.669872981077 ,,
period1,sc01,t4824, 295.170370868554 , 275.170370868554 ,,
period1,sc01,t4825, 295 , 275 ,,
period1,sc01,t4826, 295.170370868554 , 275.170370868554 ,,
period1,sc01,t4827, 295.669872981077 , 275.669872981077 ,,
period1,sc01,t4828, 296.464466094067 , 276.464466094067 ,,
period1,sc01,t4829, 297.5 , 277.5 ,,
period1,sc01,t4830, 298.705904774487 , 278.705904774487 ,,
period1,sc01,t4831, 300 , 280 ,,
period1,sc01,t4832, 301.294095225512 , 281.294095225512 ,,
period1,sc01,t4833, 302.5 , 282.5 ,,
period1,sc01,t4834, 303.535533905932 , 283.535533905932 ,,
period1,sc01,t4835, 304.330127018922 , 284.330127018922 ,,
period1,sc01,t4836, 304.829629131445 , 284.829629131445 ,,
period1,sc01,t4837, 295 , 275 ,,
period1,sc01,t4838, 294.829629131445 , 274.829629131445 ,,
period1,sc01,t4839, 294.330127018922 , 274.330127018922 ,,
period1,sc01,t4840, 293.535533905932 , 273.535533905932 ,,
period1,sc01,t4841, 292.5 , 272.5 ,,
period1,sc01,t4842, 291.294095225512 , 271.294095225512 ,,
period1,sc01,t4843, 290 , 270 ,,
period1,sc01,t4844, 288.705904774487 , 268.705904774487 ,,
period1,sc01,t4845, 287.5 , 267.5 ,,
period1,sc01,t4846, 286.464466094067 , 266.464466094067 ,,
period1,sc01,t4847, 285.669872981077 , 265.669872981077 ,,
period1,sc01,t4848, 285.170370868554 , 265.170370868554 ,,
period1,sc01,t4849, 285 , 265 ,,
period1,sc01,t4850, 285.170370868554 , 265.170370868554 ,,
period1,sc01,t4851, 285.669872981077 , 265.669872981077 ,,
period1,sc01,t4852, 286.464466094067 , 266.464466094067 ,,
period1,sc01,t4853, 287.5 , 267.5 ,,
period1,sc01,t4854, 288.705904774487 , 268.705904774487 ,,
period1,sc01,t4855, 290 , 270 ,,
period1,sc01,t4856, 291.294095225512 , 271.294095225512 ,,
period1,sc01,t4857, 292.5 , 272.5 ,,
period1,sc01,t4858, 293.535533905932 , 273.535533905932 ,,
period1,sc01,t4859, 294.330127018922 , 274.330127018922 ,,
period1,sc01,t4860, 294.829629131445 , 274.829629131445 ,,
period1,sc01,t4861, 295 , 275 ,,
period1,sc01,t4862, 294.829629131445 , 274.829629131445 ,,
period1,sc01,t4863, 294.330127018922 , 274.330127018922 ,,
period1,sc01,t4864, 293.535533905932 , 273.535533905932 ,,
period1,sc01,t4865, 292.5 , 272.5 ,,
period1,sc01,t4866, 291.294095225512 , 271.294095225512 ,,
period1,sc01,t4867, 290 , 270 ,,
period1,sc01,t4868, 288.705904774487 , 268.705904774487 ,,
period1,sc01,t4869, 287.5 , 267.5 ,,
period1,sc01,t4870, 286.464466094067 , 266.464466094067 ,,
period1,sc01,t4871, 285.669872981077 , 265.669872981077 ,,
period1,sc01,t4872, 285.170370868554 , 265.170370868554 ,,
period1,sc01,t4873, 285 , 265 ,,
period1,sc01,t4874, 285.170370868554 , 265.170370868554 ,,
period1,sc01,t4875, 285.669872981077 , 265.669872981077 ,,
period1,sc01,t4876, 286.464466094067 , 266.464466094067 ,,
period1,sc01,t4877, 287.5 , 267.5 ,,
period1,sc01,t4878, 288.705904774487 , 268.705904774487 ,,
period1,sc01,t4879, 290 , 270 ,,
period1,sc01,t4880, 291.294095225512 , 271.294095225512 ,,
period1,sc01,t4881, 292.5 , 272.5 ,,
period1,sc01,t4882, 293.535533905932 , 273.535533905932 ,,
period1,sc01,t4883, 294.330127018922 , 274.330127018922 ,,
period1,sc01,t4884, 294.829629131445 , 274.829629131445 ,,
period1,sc01,t4885, 305 , 285 ,,
period1,sc01,t4886, 304.829629131445 , 284.829629131445 ,,
period1,sc01,t4887, 304.330127018922 , 284.330127018922 ,,
period1,sc01,t4888, 303.535533905932 , 283.535533905932 ,,
period1,sc01,t4889, 302.5 , 282.5 ,,
period1,sc01,t4890, 301.294095225512 , 281.294095225512 ,,
period1,sc01,t4891, 300 , 280 ,,
period1,sc01,t4892, 298.705904774487 , 278.705904774487 ,,
period1,sc01,t4893, 297.5 , 277.5 ,,
period1,sc01,t4894, 296.464466094067 , 276.464466094067 ,,
period1,sc01,t4895, 295.669872981077 , 275.669872981077 ,,
period1,sc01,t4896, 295.170370868554 , 275.170370868554 ,,
period1,sc01,t4897, 295 , 275 ,,
period1,sc01,t4898, 295.170370868554 , 275.170370868554 ,,
period1,sc01,t4899, 295.669872981077 , 275.669872981077 ,,
period1,sc01,t4900, 296.464466094067 , 276.464466094067 ,,
period1,sc01,t4901, 297.5 , 277.5 ,,
period1,sc01,t4902, 298.705904774487 , 278.705904774487 ,,
period1,sc01,t4903, 300 , 280 ,,
period1,sc01,t4904, 301.294095225512 , 281.294095225512 ,,
period1,sc01,t4905, 302.5 , 282.5 ,,
period1,sc01,t4906, 303.535533905932 , 283.535533905932 ,,
period1,sc01,t4907, 304.330127018922 , 284.330127018922 ,,
period1,sc01,t4908, 304.829629131445 , 284.829629131445 ,,
period1,sc01,t4909, 305 , 285 ,,
period1,sc01,t4910, 304.829629131445 , 284.829629131445 ,,
period1,sc01,t4911, 304.330127018922 , 284.330127018922 ,,
period1,sc01,t4912, 303.535533905932 , 283.535533905932 ,,
period1,sc01,t4913, 302.5 , 282.5 ,,
period1,sc01,t4914, 301.294095225512 , 281.294095225512 ,,
period1,sc01,t4915, 300 , 280 ,,
period1,sc01,t4916, 298.705904774487 , 278.705904774487 ,,
period1,sc01,t4917, 297.5 , 277.5 ,,
period1,sc01,t4918, 296.464466094067 , 276.464466094067 ,,
period1,sc01,t4919, 295.669872981077 , 275.669872981077 ,,
period1,sc01,t4920, 295.170370868554 , 275.170370868554 ,,
period1,sc01,t4921, 295 , 275 ,,
period1,sc01,t4922, 295.170370868554 , 275.170370868554 ,,
period1,sc01,t4923, 295.669872981077 , 275.669872981077 ,,
period1,sc01,t4924, 296.464466094067 , 276.464466094067 ,,
period1,sc01,t4925, 297.5 , 277.5 ,,
period1,sc01,t4926, 298.705904774487 , 278.705904774487 ,,
period1,sc01,t4927, 300 , 280 ,,
period1,sc01,t4928, 301.294095225512 , 281.294095225512 ,,
period1,sc01,t4929, 302.5 , 282.5 ,,
period1,sc01,t4930, 303.535533905932 , 283.535533905932 ,,
period1,sc01,t4931, 304.330127018922 , 284.330127018922 ,,
period1,sc01,t4932, 304.829629131445 , 284.829629131445 ,,
period1,sc01,t4933, 305 , 285 ,,
period1,sc01,t4934, 304.829629131445 , 284.829629131445 ,,
period1,sc01,t4935, 304.330127018922 , 284.330127018922 ,,
period1,sc01,t4936, 303.535533905932 , 283.535533905932 ,,
period1,sc01,t4937, 302.5 , 282.5 ,,
period1,sc01,t4938, 301.294095225512 , 281.294095225512 ,,
period1,sc01,t4939, 300 , 280 ,,
period1,sc01,t4940, 298.705904774487 , 278.705904774487 ,,
period1,sc01,t4941, 297.5 , 277.5 ,,
period1,sc01,t4942, 296.464466094067 , 276.464466094067 ,,
period1,sc01,t4943, 295.669872981077 , 275.669872981077 ,,
period1,sc01,t4944, 295.170370868554 , 275.170370868554 ,,
period1,sc01,t4945, 295 , 275 ,,
period1,sc01,t4946, 295.170370868554 , 275.170370868554 ,,
period1,sc01,t4947, 295.669872981077 , 275.669872981077 ,,
period1,sc01,t4948, 296.464466094067 , 276.464466094067 ,,
period1,sc01,t4949, 297.5 , 277.5 ,,
period1,sc01,t4950, 298.705904774487 , 278.705904774487 ,,
period1,sc01,t4951, 300 , 280 ,,
period1,sc01,t4952, 301.294095225512 , 281.294095225512 ,,
period1,sc01,t4953, 302.5 , 282.5 ,,
period1,sc01,t4954, 303.535533905932 , 283.535533905932 ,,
period1,sc01,t4955, 304.330127018922 , 284.330127018922 ,,
period1,sc01,t4956, 304.829629131445 , 284.829629131445 ,,
period1,sc01,t4957, 305 , 285 ,,
period1,sc01,t4958, 304.829629131445 , 284.829629131445 ,,
period1,sc01,t4959, 304.330127018922 , 284.330127018922 ,,
period1,sc01,t4960, 303.535533905932 , 283.535533905932 ,,
period1,sc01,t4961, 302.5 , 282.5 ,,
period1,sc01,t4962, 301.294095225512 , 281.294095225512 ,,
period1,sc01,t4963, 300 , 280 ,,
period1,sc01,t4964, 298.705904774487 , 278.705904774487 ,,
period1,sc01,t4965, 297.5 , 277.5 ,,
period1,sc01,t4966, 296.464466094067 , 276.464466094067 ,,
period1,sc01,t4967, 295.669872981077 , 275.669872981077 ,,
period1,sc01,t4968, 295.170370868554 , 275.170370868554 ,,
period1,sc01,t4969, 295 , 275 ,,
period1,sc01,t4970, 295.170370868554 , 275.170370868554 ,,
period1,sc01,t4971, 295.669872981077 , 275.669872981077 ,,
period1,sc01,t4972, 296.464466094067 , 276.464466094067 ,,
period1,sc01,t4973, 297.5 , 277.5 ,,
period1,sc01,t4974, 298.705904774487 , 278.705904774487 ,,
period1,sc01,t4975, 300 , 280 ,,
period1,sc01,t4976, 301.294095225512 , 281.294095225512 ,,
period1,sc01,t4977, 302.5 , 282.5 ,,
period1,sc01,t4978, 303.535533905932 , 283.535533905932 ,,
period1,sc01,t4979, 304.330127018922 , 284.330127018922 ,,
period1,sc01,t4980, 304.829629131445 , 284.829629131445 ,,
period1,sc01,t4981, 305 , 285 ,,
period1,sc01,t4982, 304.829629131445 , 284.829629131445 ,,
period1,sc01,t4983, 304.330127018922 , 284.330127018922 ,,
period1,sc01,t4984, 303.535533905932 , 283.535533905932 ,,
period1,sc01,t4985, 302.5 , 282.5 ,,
period1,sc01,t4986, 301.294095225512 , 281.294095225512 ,,
period1,sc01,t4987, 300 , 280 ,,
period1,sc01,t4988, 298.705904774487 , 278.705904774487 ,,
period1,sc01,t4989, 297.5 , 277.5 ,,
period1,sc01,t4990, 296.464466094067 , 276.464466094067 ,,
period1,sc01,t4991, 295.669872981077 , 275.669872981077 ,,
period1,sc01,t4992, 295.170370868554 , 275.170370868554 ,,
period1,sc01,t4993, 295 , 275 ,,
period1,sc01,t4994, 295.170370868554 , 275.170370868554 ,,
period1,sc01,t4995, 295.669872981077 , 275.669872981077 ,,
period1,sc01,t4996, 296.464466094067 , 276.464466094067 ,,
period1,sc01,t4997, 297.5 , 277.5 ,,
period1,sc01,t4998, 298.705904774487 , 278.705904774487 ,,
period1,sc01,t4999, 300 , 280 ,,
period1,sc01,t5000, 301.294095225512 , 281.294095225512 ,,
period1,sc01,t5001, 302.5 , 282.5 ,,
period1,sc01,t5002, 303.535533905932 , 283.535533905932 ,,
period1,sc01,t5003, 304.330127018922 , 284.330127018922 ,,
period1,sc01,t5004, 304.829629131445 , 284.829629131445 ,,
period1,sc01,t5005, 295 , 275 ,,
period1,sc01,t5006, 294.829629131445 , 274.829629131445 ,,
period1,sc01,t5007, 294.330127018922 , 274.330127018922 ,,
period1,sc01,t5008, 293.535533905932 , 273.535533905932 ,,
period1,sc01,t5009, 292.5 , 272.5 ,,
period1,sc01,t5010, 291.294095225512 , 271.294095225512 ,,
period1,sc01,t5011, 290 , 270 ,,
period1,sc01,t5012, 288.705904774487 , 268.705904774487 ,,
period1,sc01,t5013, 287.5 , 267.5 ,,
period1,sc01,t5014, 286.464466094067 , 266.464466094067 ,,
period1,sc01,t5015, 285.669872981077 , 265.669872981077 ,,
period1,sc01,t5016, 285.170370868554 , 265.170370868554 ,,
period1,sc01,t5017, 285 , 265 ,,
period1,sc01,t5018, 285.170370868554 , 265.170370868554 ,,
period1,sc01,t5019, 285.669872981077 , 265.669872981077 ,,
period1,sc01,t5020, 286.464466094067 , 266.464466094067 ,,
period1,sc01,t5021, 287.5 , 267.5 ,,
period1,sc01,t5022, 288.705904774487 , 268.705904774487 ,,
period1,sc01,t5023, 290 , 270 ,,
period1,sc01,t5024, 291.294095225512 , 271.294095225512 ,,
period1,sc01,t5025, 292.5 , 272.5 ,,
period1,sc01,t5026, 293.535533905932 , 273.535533905932 ,,
period1,sc01,t5027, 294.330127018922 , 274.330127018922 ,,
period1,sc01,t5028, 294.829629131445 , 274.829629131445 ,,
period1,sc01,t5029, 295 , 275 ,,
period1,sc01,t5030, 294.829629131445 , 274.829629131445 ,,
period1,sc01,t5031, 294.330127018922 , 274.330127018922 ,,
period1,sc01,t5032, 293.535533905932 , 273.535533905932 ,,
period1,sc01,t5033, 292.5 , 272.5 ,,
period1,sc01,t5034, 291.294095225512 , 271.294095225512 ,,
period1,sc01,t5035, 290 , 270 ,,
period1,sc01,t5036, 288.705904774487 , 268.705904774487 ,,
period1,sc01,t5037, 287.5 , 267.5 ,,
period1,sc01,t5038, 286.464466094067 , 266.464466094067 ,,
period1,sc01,t5039, 285.669872981077 , 265.669872981077 ,,
period1,sc01,t5040, 285.170370868554 , 265.170370868554 ,,
period1,sc01,t5041, 285 , 265 ,,
period1,sc01,t5042, 285.170370868554 , 265.170370868554 ,,
period1,sc01,t5043, 285.669872981077 , 265.669872981077 ,,
period1,sc01,t5044, 286.464466094067 , 266.464466094067 ,,
period1,sc01,t5045, 287.5 , 267.5 ,,
period1,sc01,t5046, 288.705904774487 , 268.705904774487 ,,
period1,sc01,t5047, 290 , 270 ,,
period1,sc01,t5048, 291.294095225512 , 271.294095225512 ,,
period1,sc01,t5049, 292.5 , 272.5 ,,
period1,sc01,t5050, 293.535533905932 , 273.535533905932 ,,
period1,sc01,t5051, 294.330127018922 , 274.330127018922 ,,
period1,sc01,t5052, 294.829629131445 , 274.829629131445 ,,
period1,sc01,t5053, 305 , 285 ,,
period1,sc01,t5054, 304.829629131445 , 284.829629131445 ,,
period1,sc01,t5055, 304.330127018922 , 284.330127018922 ,,
period1,sc01,t5056, 303.535533905932 , 283.535533905932 ,,
period1,sc01,t5057, 302.5 , 282.5 ,,
period1,sc01,t5058, 301.294095225512 , 281.294095225512 ,,
period1,sc01,t5059, 300 , 280 ,,
period1,sc01,t5060, 298.705904774487 , 278.705904774487 ,,
period1,sc01,t5061, 297.5 , 277.5 ,,
period1,sc01,t5062, 296.464466094067 , 276.464466094067 ,,
period1,sc01,t5063, 295.669872981077 , 275.669872981077 ,,
period1,sc01,t5064, 295.170370868554 , 275.170370868554 ,,
period1,sc01,t5065, 295 , 275 ,,
period1,sc01,t5066, 295.170370868554 , 275.170370868554 ,,
period1,sc01,t5067, 295.669872981077 , 275.669872981077 ,,
period1,sc01,t5068, 296.464466094067 , 276.464466094067 ,,
period1,sc01,t5069, 297.5 , 277.5 ,,
period1,sc01,t5070, 298.705904774487 , 278.705904774487 ,,
period1,sc01,t5071, 300 , 280 ,,
period1,sc01,t5072, 301.294095225512 , 281.294095225512 ,,
period1,sc01,t5073, 302.5 , 282.5 ,,
period1,sc01,t5074, 303.535533905932 , 283.535533905932 ,,
period1,sc01,t5075, 304.330127018922 , 284.330127018922 ,,
period1,sc01,t5076, 304.829629131445 , 284.829629131445 ,,
period1,sc01,t5077, 305 , 285 ,,
period1,sc01,t5078, 304.829629131445 , 284.829629131445 ,,
period1,sc01,t5079, 304.330127018922 , 284.330127018922 ,,
period1,sc01,t5080, 303.535533905932 , 283.535533905932 ,,
period1,sc01,t5081, 302.5 , 282.5 ,,
period1,sc01,t5082, 301.294095225512 , 281.294095225512 ,,
period1,sc01,t5083, 300 , 280 ,,
period1,sc01,t5084, 298.705904774487 , 278.705904774487 ,,
period1,sc01,t5085, 297.5 , 277.5 ,,
period1,sc01,t5086, 296.464466094067 , 276.464466094067 ,,
period1,sc01,t5087, 295.669872981077 , 275.669872981077 ,,
period1,sc01,t5088, 295.170370868554 , 275.170370868554 ,,
period1,sc01,t5089, 295 , 275 ,,
period1,sc01,t5090, 295.170370868554 , 275.170370868554 ,,
period1,sc01,t5091, 295.669872981077 , 275.669872981077 ,,
period1,sc01,t5092, 296.464466094067 , 276.464466094067 ,,
period1,sc01,t5093, 297.5 , 277.5 ,,
period1,sc01,t5094, 298.705904774487 , 278.705904774487 ,,
period1,sc01,t5095, 300 , 280 ,,
period1,sc01,t5096, 301.294095225512 , 281.294095225512 ,,
period1,sc01,t5097, 302.5 , 282.5 ,,
period1,sc01,t5098, 303.535533905932 , 283.535533905932 ,,
period1,sc01,t5099, 304.330127018922 , 284.330127018922 ,,
period1,sc01,t5100, 304.829629131445 , 284.829629131445 ,,
period1,sc01,t5101, 305 , 285 ,,
period1,sc01,t5102, 304.829629131445 , 284.829629131445 ,,
period1,sc01,t5103, 304.330127018922 , 284.330127018922 ,,
period1,sc01,t5104, 303.535533905932 , 283.535533905932 ,,
period1,sc01,t5105, 302.5 , 282.5 ,,
period1,sc01,t5106, 301.294095225512 , 281.294095225512 ,,
period1,sc01,t5107, 300 , 280 ,,
period1,sc01,t5108, 298.705904774487 , 278.705904774487 ,,
period1,sc01,t5109, 297.5 , 277.5 ,,
period1,sc01,t5110, 296.464466094067 , 276.464466094067 ,,
period1,sc01,t5111, 295.669872981077 , 275.669872981077 ,,
period1,sc01,t5112, 295.170370868554 , 275.170370868554 ,,
period1,sc01,t5113, 295 , 275 ,,
period1,sc01,t5114, 295.170370868554 , 275.170370868554 ,,
period1,sc01,t5115, 295.669872981077 , 275.669872981077 ,,
period1,sc01,t5116, 296.464466094067 , 276.464466094067 ,,
period1,sc01,t5117, 297.5 , 277.5 ,,
period1,sc01,t5118, 298.705904774487 , 278.705904774487 ,,
period1,sc01,t5119, 300 , 280 ,,
period1,sc01,t5120, 301.294095225512 , 281.294095225512 ,,
period1,sc01,t5121, 302.5 , 282.5 ,,
period1,sc01,t5122, 303.535533905932 , 283.535533905932 ,,
period1,sc01,t5123, 304.330127018922 , 284.330127018922 ,,
period1,sc01,t5124, 304.829629131445 , 284.829629131445 ,,
period1,sc01,t5125, 305 , 285 ,,
period1,sc01,t5126, 304.829629131445 , 284.829629131445 ,,
period1,sc01,t5127, 304.330127018922 , 284.330127018922 ,,
period1,sc01,t5128, 303.535533905932 , 283.535533905932 ,,
period1,sc01,t5129, 302.5 , 282.5 ,,
period1,sc01,t5130, 301.294095225512 , 281.294095225512 ,,
period1,sc01,t5131, 300 , 280 ,,
period1,sc01,t5132, 298.705904774487 , 278.705904774487 ,,
period1,sc01,t5133, 297.5 , 277.5 ,,
period1,sc01,t5134, 296.464466094067 , 276.464466094067 ,,
period1,sc01,t5135, 295.669872981077 , 275.669872981077 ,,
period1,sc01,t5136, 295.170370868554 , 275.170370868554 ,,
period1,sc01,t5137, 295 , 275 ,,
period1,sc01,t5138, 295.170370868554 , 275.170370868554 ,,
period1,sc01,t5139, 295.669872981077 , 275.669872981077 ,,
period1,sc01,t5140, 296.464466094067 , 276.464466094067 ,,
period1,sc01,t5141, 297.5 , 277.5 ,,
period1,sc01,t5142, 298.705904774487 , 278.705904774487 ,,
period1,sc01,t5143, 300 , 280 ,,
period1,sc01,t5144, 301.294095225512 , 281.294095225512 ,,
period1,sc01,t5145, 302.5 , 282.5 ,,
period1,sc01,t5146, 303.535533905932 , 283.535533905932 ,,
period1,sc01,t5147, 304.330127018922 , 284.330127018922 ,,
period1,sc01,t5148, 304.829629131445 , 284.829629131445 ,,
period1,sc01,t5149, 305 , 285 ,,
period1,sc01,t5150, 304.829629131445 , 284.829629131445 ,,
period1,sc01,t5151, 304.330127018922 , 284.330127018922 ,,
period1,sc01,t5152, 303.535533905932 , 283.535533905932 ,,
period1,sc01,t5153, 302.5 , 282.5 ,,
period1,sc01,t5154, 301.294095225512 , 281.294095225512 ,,
period1,sc01,t5155, 300 , 280 ,,
period1,sc01,t5156, 298.705904774487 , 278.705904774487 ,,
period1,sc01,t5157, 297.5 , 277.5 ,,
period1,sc01,t5158, 296.464466094067 , 276.464466094067 ,,
period1,sc01,t5159, 295.669872981077 , 275.669872981077 ,,
period1,sc01,t5160, 295.170370868554 , 275.170370868554 ,,
period1,sc01,t5161, 295 , 275 ,,
period1,sc01,t5162, 295.170370868554 , 275.170370868554 ,,
period1,sc01,t5163, 295.669872981077 , 275.669872981077 ,,
period1,sc01,t5164, 296.464466094067 , 276.464466094067 ,,
period1,sc01,t5165, 297.5 , 277.5 ,,
period1,sc01,t5166, 298.705904774487 , 278.705904774487 ,,
period1,sc01,t5167, 300 , 280 ,,
period1,sc01,t5168, 301.294095225512 , 281.294095225512 ,,
period1,sc01,t5169, 302.5 , 282.5 ,,
period1,sc01,t5170, 303.535533905932 , 283.535533905932 ,,
period1,sc01,t5171, 304.330127018922 , 284.330127018922 ,,
period1,sc01,t5172, 304.829629131445 , 284.829629131445 ,,
period1,sc01,t5173, 295 , 275 ,,
period1,sc01,t5174, 294.829629131445 , 274.829629131445 ,,
period1,sc01,t5175, 294.330127018922 , 274.330127018922 ,,
period1,sc01,t5176, 293.535533905932 , 273.535533905932 ,,
period1,sc01,t5177, 292.5 , 272.5 ,,
period1,sc01,t5178, 291.294095225512 , 271.294095225512 ,,
period1,sc01,t5179, 290 , 270 ,,
period1,sc01,t5180, 288.705904774487 , 268.705904774487 ,,
period1,sc01,t5181, 287.5 , 267.5 ,,
period1,sc01,t5182, 286.464466094067 , 266.464466094067 ,,
period1,sc01,t5183, 285.669872981077 , 265.669872981077 ,,
period1,sc01,t5184, 285.170370868554 , 265.170370868554 ,,
period1,sc01,t5185, 285 , 265 ,,
period1,sc01,t5186, 285.170370868554 , 265.170370868554 ,,
period1,sc01,t5187, 285.669872981077 , 265.669872981077 ,,
period1,sc01,t5188, 286.464466094067 , 266.464466094067 ,,
period1,sc01,t5189, 287.5 , 267.5 ,,
period1,sc01,t5190, 288.705904774487 , 268.705904774487 ,,
period1,sc01,t5191, 290 , 270 ,,
period1,sc01,t5192, 291.294095225512 , 271.294095225512 ,,
period1,sc01,t5193, 292.5 , 272.5 ,,
period1,sc01,t5194, 293.535533905932 , 273.535533905932 ,,
period1,sc01,t5195, 294.330127018922 , 274.330127018922 ,,
period1,sc01,t5196, 294.829629131445 , 274.829629131445 ,,
period1,sc01,t5197, 295 , 275 ,,
period1,sc01,t5198, 294.829629131445 , 274.829629131445 ,,
period1,sc01,t5199, 294.330127018922 , 274.330127018922 ,,
period1,sc01,t5200, 293.535533905932 , 273.535533905932 ,,
period1,sc01,t5201, 292.5 , 272.5 ,,
period1,sc01,t5202, 291.294095225512 , 271.294095225512 ,,
period1,sc01,t5203, 290 , 270 ,,
period1,sc01,t5204, 288.705904774487 , 268.705904774487 ,,
period1,sc01,t5205, 287.5 , 267.5 ,,
period1,sc01,t5206, 286.464466094067 , 266.464466094067 ,,
period1,sc01,t5207, 285.669872981077 , 265.669872981077 ,,
period1,sc01,t5208, 285.170370868554 , 265.170370868554 ,,
period1,sc01,t5209, 285 , 265 ,,
period1,sc01,t5210, 285.170370868554 , 265.170370868554 ,,
period1,sc01,t5211, 285.669872981077 , 265.669872981077 ,,
period1,sc01,t5212, 286.464466094067 , 266.464466094067 ,,
period1,sc01,t5213, 287.5 , 267.5 ,,
period1,sc01,t5214, 288.705904774487 , 268.705904774487 ,,
period1,sc01,t5215, 290 , 270 ,,
period1,sc01,t5216, 291.294095225512 , 271.294095225512 ,,
period1,sc01,t5217, 292.5 , 272.5 ,,
period1,sc01,t5218, 293.535533905932 , 273.535533905932 ,,
period1,sc01,t5219, 294.330127018922 , 274.330127018922 ,,
period1,sc01,t5220, 294.829629131445 , 274.829629131445 ,,
period1,sc01,t5221, 305 , 285 ,,
period1,sc01,t5222, 304.829629131445 , 284.829629131445 ,,
period1,sc01,t5223, 304.330127018922 , 284.330127018922 ,,
period1,sc01,t5224, 303.535533905932 , 283.535533905932 ,,
period1,sc01,t5225, 302.5 , 282.5 ,,
period1,sc01,t5226, 301.294095225512 , 281.294095225512 ,,
period1,sc01,t5227, 300 , 280 ,,
period1,sc01,t5228, 298.705904774487 , 278.705904774487 ,,
period1,sc01,t5229, 297.5 , 277.5 ,,
period1,sc01,t5230, 296.464466094067 , 276.464466094067 ,,
period1,sc01,t5231, 295.669872981077 , 275.669872981077 ,,
period1,sc01,t5232, 295.170370868554 , 275.170370868554 ,,
period1,sc01,t5233, 295 , 275 ,,
period1,sc01,t5234, 295.170370868554 , 275.170370868554 ,,
period1,sc01,t5235, 295.669872981077 , 275.669872981077 ,,
period1,sc01,t5236, 296.464466094067 , 276.464466094067 ,,
period1,sc01,t5237, 297.5 , 277.5 ,,
period1,sc01,t5238, 298.705904774487 , 278.705904774487 ,,
period1,sc01,t5239, 300 , 280 ,,
period1,sc01,t5240, 301.294095225512 , 281.294095225512 ,,
period1,sc01,t5241, 302.5 , 282.5 ,,
period1,sc01,t5242, 303.535533905932 , 283.535533905932 ,,
period1,sc01,t5243, 304.330127018922 , 284.330127018922 ,,
period1,sc01,t5244, 304.829629131445 , 284.829629131445 ,,
period1,sc01,t5245, 305 , 285 ,,
period1,sc01,t5246, 304.829629131445 , 284.829629131445 ,,
period1,sc01,t5247, 304.330127018922 , 284.330127018922 ,,
period1,sc01,t5248, 303.535533905932 , 283.535533905932 ,,
period1,sc01,t5249, 302.5 , 282.5 ,,
period1,sc01,t5250, 301.294095225512 , 281.294095225512 ,,
period1,sc01,t5251, 300 , 280 ,,
period1,sc01,t5252, 298.705904774487 , 278.705904774487 ,,
period1,sc01,t5253, 297.5 , 277.5 ,,
period1,sc01,t5254, 296.464466094067 , 276.464466094067 ,,
period1,sc01,t5255, 295.669872981077 , 275.669872981077 ,,
period1,sc01,t5256, 295.170370868554 , 275.170370868554 ,,
period1,sc01,t5257, 295 , 275 ,,
period1,sc01,t5258, 295.170370868554 , 275.170370868554 ,,
period1,sc01,t5259, 295.669872981077 , 275.669872981077 ,,
period1,sc01,t5260, 296.464466094067 , 276.464466094067 ,,
period1,sc01,t5261, 297.5 , 277.5 ,,
period1,sc01,t5262, 298.705904774487 , 278.705904774487 ,,
period1,sc01,t5263, 300 , 280 ,,
period1,sc01,t5264, 301.294095225512 , 281.294095225512 ,,
period1,sc01,t5265, 302.5 , 282.5 ,,
period1,sc01,t5266, 303.535533905932 , 283.535533905932 ,,
period1,sc01,t5267, 304.330127018922 , 284.330127018922 ,,
period1,sc01,t5268, 304.829629131445 , 284.829629131445 ,,
period1,sc01,t5269, 305 , 285 ,,
period1,sc01,t5270, 304.829629131445 , 284.829629131445 ,,
period1,sc01,t5271, 304.330127018922 , 284.330127018922 ,,
period1,sc01,t5272, 303.535533905932 , 283.535533905932 ,,
period1,sc01,t5273, 302.5 , 282.5 ,,
period1,sc01,t5274, 301.294095225512 , 281.294095225512 ,,
period1,sc01,t5275, 300 , 280 ,,
period1,sc01,t5276, 298.705904774487 , 278.705904774487 ,,
period1,sc01,t5277, 297.5 , 277.5 ,,
period1,sc01,t5278, 296.464466094067 , 276.464466094067 ,,
period1,sc01,t5279, 295.669872981077 , 275.669872981077 ,,
period1,sc01,t5280, 295.170370868554 , 275.170370868554 ,,
period1,sc01,t5281, 295 , 275 ,,
period1,sc01,t5282, 295.170370868554 , 275.170370868554 ,,
period1,sc01,t5283, 295.669872981077 , 275.669872981077 ,,
period1,sc01,t5284, 296.464466094067 , 276.464466094067 ,,
period1,sc01,t5285, 297.5 , 277.5 ,,
period1,sc01,t5286, 298.705904774487 , 278.705904774487 ,,
period1,sc01,t5287, 300 , 280 ,,
period1,sc01,t5288, 301.294095225512 , 281.294095225512 ,,
period1,sc01,t5289, 302.5 , 282.5 ,,
period1,sc01,t5290, 303.535533905932 , 283.535533905932 ,,
period1,sc01,t5291, 304.330127018922 , 284.330127018922 ,,
period1,sc01,t5292, 304.829629131445 , 284.829629131445 ,,
period1,sc01,t5293, 305 , 285 ,,
period1,sc01,t5294, 304.829629131445 , 284.829629131445 ,,
period1,sc01,t5295, 304.330127018922 , 284.330127018922 ,,
period1,sc01,t5296, 303.535533905932 , 283.535533905932 ,,
period1,sc01,t5297, 302.5 , 282.5 ,,
period1,sc01,t5298, 301.294095225512 , 281.294095225512 ,,
period1,sc01,t5299, 300 , 280 ,,
period1,sc01,t5300, 298.705904774487 , 278.705904774487 ,,
period1,sc01,t5301, 297.5 , 277.5 ,,
period1,sc01,t5302, 296.464466094067 , 276.464466094067 ,,
period1,sc01,t5303, 295.669872981077 , 275.669872981077 ,,
period1,sc01,t5304, 295.170370868554 , 275.170370868554 ,,
period1,sc01,t5305, 295 , 275 ,,
period1,sc01,t5306, 295.170370868554 , 275.170370868554 ,,
period1,sc01,t5307, 295.669872981077 , 275.669872981077 ,,
period1,sc01,t5308, 296.464466094067 , 276.464466094067 ,,
period1,sc01,t5309, 297.5 , 277.5 ,,
period1,sc01,t5310, 298.705904774487 , 278.705904774487 ,,
period1,sc01,t5311, 300 , 280 ,,
period1,sc01,t5312, 301.294095225512 , 281.294095225512 ,,
period1,sc01,t5313, 302.5 , 282.5 ,,
period1,sc01,t5314, 303.535533905932 , 283.535533905932 ,,
period1,sc01,t5315, 304.330127018922 , 284.330127018922 ,,
period1,sc01,t5316, 304.829629131445 , 284.829629131445 ,,
period1,sc01,t5317, 305 , 285 ,,
period1,sc01,t5318, 304.829629131445 , 284.829629131445 ,,
period1,sc01,t5319, 304.330127018922 , 284.330127018922 ,,
period1,sc01,t5320, 303.535533905932 , 283.535533905932 ,,
period1,sc01,t5321, 302.5 , 282.5 ,,
period1,sc01,t5322, 301.294095225512 , 281.294095225512 ,,
period1,sc01,t5323, 300 , 280 ,,
period1,sc01,t5324, 298.705904774487 , 278.705904774487 ,,
period1,sc01,t5325, 297.5 , 277.5 ,,
period1,sc01,t5326, 296.464466094067 , 276.464466094067 ,,
period1,sc01,t5327, 295.669872981077 , 275.669872981077 ,,
period1,sc01,t5328, 295.170370868554 , 275.170370868554 ,,
period1,sc01,t5329, 295 , 275 ,,
period1,sc01,t5330, 295.170370868554 , 275.170370868554 ,,
period1,sc01,t5331, 295.669872981077 , 275.669872981077 ,,
period1,sc01,t5332, 296.464466094067 , 276.464466094067 ,,
period1,sc01,t5333, 297.5 , 277.5 ,,
period1,sc01,t5334, 298.705904774487 , 278.705904774487 ,,
period1,sc01,t5335, 300 , 280 ,,
period1,sc01,t5336, 301.294095225512 , 281.294095225512 ,,
period1,sc01,t5337, 302.5 , 282.5 ,,
period1,sc01,t5338, 303.535533905932 , 283.535533905932 ,,
period1,sc01,t5339, 304.330127018922 , 284.330127018922 ,,
period1,sc01,t5340, 304.829629131445 , 284.829629131445 ,,
period1,sc01,t5341, 295 , 275 ,,
period1,sc01,t5342, 294.829629131445 , 274.829629131445 ,,
period1,sc01,t5343, 294.330127018922 , 274.330127018922 ,,
period1,sc01,t5344, 293.535533905932 , 273.535533905932 ,,
period1,sc01,t5345, 292.5 , 272.5 ,,
period1,sc01,t5346, 291.294095225512 , 271.294095225512 ,,
period1,sc01,t5347, 290 , 270 ,,
period1,sc01,t5348, 288.705904774487 , 268.705904774487 ,,
period1,sc01,t5349, 287.5 , 267.5 ,,
period1,sc01,t5350, 286.464466094067 , 266.464466094067 ,,
period1,sc01,t5351, 285.669872981077 , 265.669872981077 ,,
period1,sc01,t5352, 285.170370868554 , 265.170370868554 ,,
period1,sc01,t5353, 285 , 265 ,,
period1,sc01,t5354, 285.170370868554 , 265.170370868554 ,,
period1,sc01,t5355, 285.669872981077 , 265.669872981077 ,,
period1,sc01,t5356, 286.464466094067 , 266.464466094067 ,,
period1,sc01,t5357, 287.5 , 267.5 ,,
period1,sc01,t5358, 288.705904774487 , 268.705904774487 ,,
period1,sc01,t5359, 290 , 270 ,,
period1,sc01,t5360, 291.294095225512 , 271.294095225512 ,,
period1,sc01,t5361, 292.5 , 272.5 ,,
period1,sc01,t5362, 293.535533905932 , 273.535533905932 ,,
period1,sc01,t5363, 294.330127018922 , 274.330127018922 ,,
period1,sc01,t5364, 294.829629131445 , 274.829629131445 ,,
period1,sc01,t5365, 295 , 275 ,,
period1,sc01,t5366, 294.829629131445 , 274.829629131445 ,,
period1,sc01,t5367, 294.330127018922 , 274.330127018922 ,,
period1,sc01,t5368, 293.535533905932 , 273.535533905932 ,,
period1,sc01,t5369, 292.5 , 272.5 ,,
period1,sc01,t5370, 291.294095225512 , 271.294095225512 ,,
period1,sc01,t5371, 290 , 270 ,,
period1,sc01,t5372, 288.705904774487 , 268.705904774487 ,,
period1,sc01,t5373, 287.5 , 267.5 ,,
period1,sc01,t5374, 286.464466094067 , 266.464466094067 ,,
period1,sc01,t5375, 285.669872981077 , 265.669872981077 ,,
period1,sc01,t5376, 285.170370868554 , 265.170370868554 ,,
period1,sc01,t5377, 285 , 265 ,,
period1,sc01,t5378, 285.170370868554 , 265.170370868554 ,,
period1,sc01,t5379, 285.669872981077 , 265.669872981077 ,,
period1,sc01,t5380, 286.464466094067 , 266.464466094067 ,,
period1,sc01,t5381, 287.5 , 267.5 ,,
period1,sc01,t5382, 288.705904774487 , 268.705904774487 ,,
period1,sc01,t5383, 290 , 270 ,,
period1,sc01,t5384, 291.294095225512 , 271.294095225512 ,,
period1,sc01,t5385, 292.5 , 272.5 ,,
period1,sc01,t5386, 293.535533905932 , 273.535533905932 ,,
period1,sc01,t5387, 294.330127018922 , 274.330127018922 ,,
period1,sc01,t5388, 294.829629131445 , 274.829629131445 ,,
period1,sc01,t5389, 305 , 285 ,,
period1,sc01,t5390, 304.829629131445 , 284.829629131445 ,,
period1,sc01,t5391, 304.330127018922 , 284.330127018922 ,,
period1,sc01,t5392, 303.535533905932 , 283.535533905932 ,,
period1,sc01,t5393, 302.5 , 282.5 ,,
period1,sc01,t5394, 301.294095225512 , 281.294095225512 ,,
period1,sc01,t5395, 300 , 280 ,,
period1,sc01,t5396, 298.705904774487 , 278.705904774487 ,,
period1,sc01,t5397, 297.5 , 277.5 ,,
period1,sc01,t5398, 296.464466094067 , 276.464466094067 ,,
period1,sc01,t5399, 295.669872981077 , 275.669872981077 ,,
period1,sc01,t5400, 295.170370868554 , 275.170370868554 ,,
period1,sc01,t5401, 295 , 275 ,,
period1,sc01,t5402, 295.170370868554 , 275.170370868554 ,,
period1,sc01,t5403, 295.669872981077 , 275.669872981077 ,,
period1,sc01,t5404, 296.464466094067 , 276.464466094067 ,,
period1,sc01,t5405, 297.5 , 277.5 ,,
period1,sc01,t5406, 298.705904774487 , 278.705904774487 ,,
period1,sc01,t5407, 300 , 280 ,,
period1,sc01,t5408, 301.294095225512 , 281.294095225512 ,,
period1,sc01,t5409, 302.5 , 282.5 ,,
period1,sc01,t5410, 303.535533905932 , 283.535533905932 ,,
period1,sc01,t5411, 304.330127018922 , 284.330127018922 ,,
period1,sc01,t5412, 304.829629131445 , 284.829629131445 ,,
period1,sc01,t5413, 305 , 285 ,,
period1,sc01,t5414, 304.829629131445 , 284.829629131445 ,,
period1,sc01,t5415, 304.330127018922 , 284.330127018922 ,,
period1,sc01,t5416, 303.535533905932 , 283.535533905932 ,,
period1,sc01,t5417, 302.5 , 282.5 ,,
period1,sc01,t5418, 301.294095225512 , 281.294095225512 ,,
period1,sc01,t5419, 300 , 280 ,,
period1,sc01,t5420, 298.705904774487 , 278.705904774487 ,,
period1,sc01,t5421, 297.5 , 277.5 ,,
period1,sc01,t5422, 296.464466094067 , 276.464466094067 ,,
period1,sc01,t5423, 295.669872981077 , 275.669872981077 ,,
period1,sc01,t5424, 295.170370868554 , 275.170370868554 ,,
period1,sc01,t5425, 295 , 275 ,,
period1,sc01,t5426, 295.170370868554 , 275.170370868554 ,,
period1,sc01,t5427, 295.669872981077 , 275.669872981077 ,,
period1,sc01,t5428, 296.464466094067 , 276.464466094067 ,,
period1,sc01,t5429, 297.5 , 277.5 ,,
period1,sc01,t5430, 298.705904774487 , 278.705904774487 ,,
period1,sc01,t5431, 300 , 280 ,,
period1,sc01,t5432, 301.294095225512 , 281.294095225512 ,,
period1,sc01,t5433, 302.5 , 282.5 ,,
period1,sc01,t5434, 303.535533905932 , 283.535533905932 ,,
period1,sc01,t5435, 304.330127018922 , 284.330127018922 ,,
period1,sc01,t5436, 304.829629131445 , 284.829629131445 ,,
period1,sc01,t5437, 305 , 285 ,,
period1,sc01,t5438, 304.829629131445 , 284.829629131445 ,,
period1,sc01,t5439, 304.330127018922 , 284.330127018922 ,,
period1,sc01,t5440, 303.535533905932 , 283.535533905932 ,,
period1,sc01,t5441, 302.5 , 282.5 ,,
period1,sc01,t5442, 301.294095225512 , 281.294095225512 ,,
period1,sc01,t5443, 300 , 280 ,,
period1,sc01,t5444, 298.705904774487 , 278.705904774487 ,,
period1,sc01,t5445, 297.5 , 277.5 ,,
period1,sc01,t5446, 296.464466094067 , 276.464466094067 ,,
period1,sc01,t5447, 295.669872981077 , 275.669872981077 ,,
period1,sc01,t5448, 295.170370868554 , 275.170370868554 ,,
period1,sc01,t5449, 295 , 275 ,,
period1,sc01,t5450, 295.170370868554 , 275.170370868554 ,,
period1,sc01,t5451, 295.669872981077 , 275.669872981077 ,,
period1,sc01,t5452, 296.464466094067 , 276.464466094067 ,,
period1,sc01,t5453, 297.5 , 277.5 ,,
period1,sc01,t5454, 298.705904774487 , 278.705904774487 ,,
period1,sc01,t5455, 300 , 280 ,,
period1,sc01,t5456, 301.294095225512 , 281.294095225512 ,,
period1,sc01,t5457, 302.5 , 282.5 ,,
period1,sc01,t5458, 303.535533905932 , 283.535533905932 ,,
period1,sc01,t5459, 304.330127018922 , 284.330127018922 ,,
period1,sc01,t5460, 304.829629131445 , 284.829629131445 ,,
period1,sc01,t5461, 305 , 285 ,,
period1,sc01,t5462, 304.829629131445 , 284.829629131445 ,,
period1,sc01,t5463, 304.330127018922 , 284.330127018922 ,,
period1,sc01,t5464, 303.535533905932 , 283.535533905932 ,,
period1,sc01,t5465, 302.5 , 282.5 ,,
period1,sc01,t5466, 301.294095225512 , 281.294095225512 ,,
period1,sc01,t5467, 300 , 280 ,,
period1,sc01,t5468, 298.705904774487 , 278.705904774487 ,,
period1,sc01,t5469, 297.5 , 277.5 ,,
period1,sc01,t5470, 296.464466094067 , 276.464466094067 ,,
period1,sc01,t5471, 295.669872981077 , 275.669872981077 ,,
period1,sc01,t5472, 295.170370868554 , 275.170370868554 ,,
period1,sc01,t5473, 295 , 275 ,,
period1,sc01,t5474, 295.170370868554 , 275.170370868554 ,,
period1,sc01,t5475, 295.669872981077 , 275.669872981077 ,,
period1,sc01,t5476, 296.464466094067 , 276.464466094067 ,,
period1,sc01,t5477, 297.5 , 277.5 ,,
period1,sc01,t5478, 298.705904774487 , 278.705904774487 ,,
period1,sc01,t5479, 300 , 280 ,,
period1,sc01,t5480, 301.294095225512 , 281.294095225512 ,,
period1,sc01,t5481, 302.5 , 282.5 ,,
period1,sc01,t5482, 303.535533905932 , 283.535533905932 ,,
period1,sc01,t5483, 304.330127018922 , 284.330127018922 ,,
period1,sc01,t5484, 304.829629131445 , 284.829629131445 ,,
period1,sc01,t5485, 305 , 285 ,,
period1,sc01,t5486, 304.829629131445 , 284.829629131445 ,,
period1,sc01,t5487, 304.330127018922 , 284.330127018922 ,,
period1,sc01,t5488, 303.535533905932 , 283.535533905932 ,,
period1,sc01,t5489, 302.5 , 282.5 ,,
period1,sc01,t5490, 301.294095225512 , 281.294095225512 ,,
period1,sc01,t5491, 300 , 280 ,,
period1,sc01,t5492, 298.705904774487 , 278.705904774487 ,,
period1,sc01,t5493, 297.5 , 277.5 ,,
period1,sc01,t5494, 296.464466094067 , 276.464466094067 ,,
period1,sc01,t5495, 295.669872981077 , 275.669872981077 ,,
period1,sc01,t5496, 295.170370868554 , 275.170370868554 ,,
period1,sc01,t5497, 295 , 275 ,,
period1,sc01,t5498, 295.170370868554 , 275.170370868554 ,,
period1,sc01,t5499, 295.669872981077 , 275.669872981077 ,,
period1,sc01,t5500, 296.464466094067 , 276.464466094067 ,,
period1,sc01,t5501, 297.5 , 277.5 ,,
period1,sc01,t5502, 298.705904774487 , 278.705904774487 ,,
period1,sc01,t5503, 300 , 280 ,,
period1,sc01,t5504, 301.294095225512 , 281.294095225512 ,,
period1,sc01,t5505, 302.5 , 282.5 ,,
period1,sc01,t5506, 303.535533905932 , 283.535533905932 ,,
period1,sc01,t5507, 304.330127018922 , 284.330127018922 ,,
period1,sc01,t5508, 304.829629131445 , 284.829629131445 ,,
period1,sc01,t5509, 295 , 275 ,,
period1,sc01,t5510, 294.829629131445 , 274.829629131445 ,,
period1,sc01,t5511, 294.330127018922 , 274.330127018922 ,,
period1,sc01,t5512, 293.535533905932 , 273.535533905932 ,,
period1,sc01,t5513, 292.5 , 272.5 ,,
period1,sc01,t5514, 291.294095225512 , 271.294095225512 ,,
period1,sc01,t5515, 290 , 270 ,,
period1,sc01,t5516, 288.705904774487 , 268.705904774487 ,,
period1,sc01,t5517, 287.5 , 267.5 ,,
period1,sc01,t5518, 286.464466094067 , 266.464466094067 ,,
period1,sc01,t5519, 285.669872981077 , 265.669872981077 ,,
period1,sc01,t5520, 285.170370868554 , 265.170370868554 ,,
period1,sc01,t5521, 285 , 265 ,,
period1,sc01,t5522, 285.170370868554 , 265.170370868554 ,,
period1,sc01,t5523, 285.669872981077 , 265.669872981077 ,,
period1,sc01,t5524, 286.464466094067 , 266.464466094067 ,,
period1,sc01,t5525, 287.5 , 267.5 ,,
period1,sc01,t5526, 288.705904774487 , 268.705904774487 ,,
period1,sc01,t5527, 290 , 270 ,,
period1,sc01,t5528, 291.294095225512 , 271.294095225512 ,,
period1,sc01,t5529, 292.5 , 272.5 ,,
period1,sc01,t5530, 293.535533905932 , 273.535533905932 ,,
period1,sc01,t5531, 294.330127018922 , 274.330127018922 ,,
period1,sc01,t5532, 294.829629131445 , 274.829629131445 ,,
period1,sc01,t5533, 295 , 275 ,,
period1,sc01,t5534, 294.829629131445 , 274.829629131445 ,,
period1,sc01,t5535, 294.330127018922 , 274.330127018922 ,,
period1,sc01,t5536, 293.535533905932 , 273.535533905932 ,,
period1,sc01,t5537, 292.5 , 272.5 ,,
period1,sc01,t5538, 291.294095225512 , 271.294095225512 ,,
period1,sc01,t5539, 290 , 270 ,,
period1,sc01,t5540, 288.705904774487 , 268.705904774487 ,,
period1,sc01,t5541, 287.5 , 267.5 ,,
period1,sc01,t5542, 286.464466094067 , 266.464466094067 ,,
period1,sc01,t5543, 285.669872981077 , 265.669872981077 ,,
period1,sc01,t5544, 285.170370868554 , 265.170370868554 ,,
period1,sc01,t5545, 285 , 265 ,,
period1,sc01,t5546, 285.170370868554 , 265.170370868554 ,,
period1,sc01,t5547, 285.669872981077 , 265.669872981077 ,,
period1,sc01,t5548, 286.464466094067 , 266.464466094067 ,,
period1,sc01,t5549, 287.5 , 267.5 ,,
period1,sc01,t5550, 288.705904774487 , 268.705904774487 ,,
period1,sc01,t5551, 290 , 270 ,,
period1,sc01,t5552, 291.294095225512 , 271.294095225512 ,,
period1,sc01,t5553, 292.5 , 272.5 ,,
period1,sc01,t5554, 293.535533905932 , 273.535533905932 ,,
period1,sc01,t5555, 294.330127018922 , 274.330127018922 ,,
period1,sc01,t5556, 294.829629131445 , 274.829629131445 ,,
period1,sc01,t5557, 305 , 285 ,,
period1,sc01,t5558, 304.829629131445 , 284.829629131445 ,,
period1,sc01,t5559, 304.330127018922 , 284.330127018922 ,,
period1,sc01,t5560, 303.535533905932 , 283.535533905932 ,,
period1,sc01,t5561, 302.5 , 282.5 ,,
period1,sc01,t5562, 301.294095225512 , 281.294095225512 ,,
period1,sc01,t5563, 300 , 280 ,,
period1,sc01,t5564, 298.705904774487 , 278.705904774487 ,,
period1,sc01,t5565, 297.5 , 277.5 ,,
period1,sc01,t5566, 296.464466094067 , 276.464466094067 ,,
period1,sc01,t5567, 295.669872981077 , 275.669872981077 ,,
period1,sc01,t5568, 295.170370868554 , 275.170370868554 ,,
period1,sc01,t5569, 295 , 275 ,,
period1,sc01,t5570, 295.170370868554 , 275.170370868554 ,,
period1,sc01,t5571, 295.669872981077 , 275.669872981077 ,,
period1,sc01,t5572, 296.464466094067 , 276.464466094067 ,,
period1,sc01,t5573, 297.5 , 277.5 ,,
period1,sc01,t5574, 298.705904774487 , 278.705904774487 ,,
period1,sc01,t5575, 300 , 280 ,,
period1,sc01,t5576, 301.294095225512 , 281.294095225512 ,,
period1,sc01,t5577, 302.5 , 282.5 ,,
period1,sc01,t5578, 303.535533905932 , 283.535533905932 ,,
period1,sc01,t5579, 304.330127018922 , 284.330127018922 ,,
period1,sc01,t5580, 304.829629131445 , 284.829629131445 ,,
period1,sc01,t5581, 305 , 285 ,,
period1,sc01,t5582, 304.829629131445 , 284.829629131445 ,,
period1,sc01,t5583, 304.330127018922 , 284.330127018922 ,,
period1,sc01,t5584, 303.535533905932 , 283.535533905932 ,,
period1,sc01,t5585, 302.5 , 282.5 ,,
period1,sc01,t5586, 301.294095225512 , 281.294095225512 ,,
period1,sc01,t5587, 300 , 280 ,,
period1,sc01,t5588, 298.705904774487 , 278.705904774487 ,,
period1,sc01,t5589, 297.5 , 277.5 ,,
period1,sc01,t5590, 296.464466094067 , 276.464466094067 ,,
period1,sc01,t5591, 295.669872981077 , 275.669872981077 ,,
period1,sc01,t5592, 295.170370868554 , 275.170370868554 ,,
period1,sc01,t5593, 295 , 275 ,,
period1,sc01,t5594, 295.170370868554 , 275.170370868554 ,,
period1,sc01,t5595, 295.669872981077 , 275.669872981077 ,,
period1,sc01,t5596, 296.464466094067 , 276.464466094067 ,,
period1,sc01,t5597, 297.5 , 277.5 ,,
period1,sc01,t5598, 298.705904774487 , 278.705904774487 ,,
period1,sc01,t5599, 300 , 280 ,,
period1,sc01,t5600, 301.294095225512 , 281.294095225512 ,,
period1,sc01,t5601, 302.5 , 282.5 ,,
period1,sc01,t5602, 303.535533905932 , 283.535533905932 ,,
period1,sc01,t5603, 304.330127018922 , 284.330127018922 ,,
period1,sc01,t5604, 304.829629131445 , 284.829629131445 ,,
period1,sc01,t5605, 305 , 285 ,,
period1,sc01,t5606, 304.829629131445 , 284.829629131445 ,,
period1,sc01,t5607, 304.330127018922 , 284.330127018922 ,,
period1,sc01,t5608, 303.535533905932 , 283.535533905932 ,,
period1,sc01,t5609, 302.5 , 282.5 ,,
period1,sc01,t5610, 301.294095225512 , 281.294095225512 ,,
period1,sc01,t5611, 300 , 280 ,,
period1,sc01,t5612, 298.705904774487 , 278.705904774487 ,,
period1,sc01,t5613, 297.5 , 277.5 ,,
period1,sc01,t5614, 296.464466094067 , 276.464466094067 ,,
period1,sc01,t5615, 295.669872981077 , 275.669872981077 ,,
period1,sc01,t5616, 295.170370868554 , 275.170370868554 ,,
period1,sc01,t5617, 295 , 275 ,,
period1,sc01,t5618, 295.170370868554 , 275.170370868554 ,,
period1,sc01,t5619, 295.669872981077 , 275.669872981077 ,,
period1,sc01,t5620, 296.464466094067 , 276.464466094067 ,,
period1,sc01,t5621, 297.5 , 277.5 ,,
period1,sc01,t5622, 298.705904774487 , 278.705904774487 ,,
period1,sc01,t5623, 300 , 280 ,,
period1,sc01,t5624, 301.294095225512 , 281.294095225512 ,,
period1,sc01,t5625, 302.5 , 282.5 ,,
period1,sc01,t5626, 303.535533905932 , 283.535533905932 ,,
period1,sc01,t5627, 304.330127018922 , 284.330127018922 ,,
period1,sc01,t5628, 304.829629131445 , 284.829629131445 ,,
period1,sc01,t5629, 305 , 285 ,,
period1,sc01,t5630, 304.829629131445 , 284.829629131445 ,,
period1,sc01,t5631, 304.330127018922 , 284.330127018922 ,,
period1,sc01,t5632, 303.535533905932 , 283.535533905932 ,,
period1,sc01,t5633, 302.5 , 282.5 ,,
period1,sc01,t5634, 301.294095225512 , 281.294095225512 ,,
period1,sc01,t5635, 300 , 280 ,,
period1,sc01,t5636, 298.705904774487 , 278.705904774487 ,,
period1,sc01,t5637, 297.5 , 277.5 ,,
period1,sc01,t5638, 296.464466094067 , 276.464466094067 ,,
period1,sc01,t5639, 295.669872981077 , 275.669872981077 ,,
period1,sc01,t5640, 295.170370868554 , 275.170370868554 ,,
period1,sc01,t5641, 295 , 275 ,,
period1,sc01,t5642, 295.170370868554 , 275.170370868554 ,,
period1,sc01,t5643, 295.669872981077 , 275.669872981077 ,,
period1,sc01,t5644, 296.464466094067 , 276.464466094067 ,,
period1,sc01,t5645, 297.5 , 277.5 ,,
period1,sc01,t5646, 298.705904774487 , 278.705904774487 ,,
period1,sc01,t5647, 300 , 280 ,,
period1,sc01,t5648, 301.294095225512 , 281.294095225512 ,,
period1,sc01,t5649, 302.5 , 282.5 ,,
period1,sc01,t5650, 303.535533905932 , 283.535533905932 ,,
period1,sc01,t5651, 304.330127018922 , 284.330127018922 ,,
period1,sc01,t5652, 304.829629131445 , 284.829629131445 ,,
period1,sc01,t5653, 305 , 285 ,,
period1,sc01,t5654, 304.829629131445 , 284.829629131445 ,,
period1,sc01,t5655, 304.330127018922 , 284.330127018922 ,,
period1,sc01,t5656, 303.535533905932 , 283.535533905932 ,,
period1,sc01,t5657, 302.5 , 282.5 ,,
period1,sc01,t5658, 301.294095225512 , 281.294095225512 ,,
period1,sc01,t5659, 300 , 280 ,,
period1,sc01,t5660, 298.705904774487 , 278.705904774487 ,,
period1,sc01,t5661, 297.5 , 277.5 ,,
period1,sc01,t5662, 296.464466094067 , 276.464466094067 ,,
period1,sc01,t5663, 295.669872981077 , 275.669872981077 ,,
period1,sc01,t5664, 295.170370868554 , 275.170370868554 ,,
period1,sc01,t5665, 295 , 275 ,,
period1,sc01,t5666, 295.170370868554 , 275.170370868554 ,,
period1,sc01,t5667, 295.669872981077 , 275.669872981077 ,,
period1,sc01,t5668, 296.464466094067 , 276.464466094067 ,,
period1,sc01,t5669, 297.5 , 277.5 ,,
period1,sc01,t5670, 298.705904774487 , 278.705904774487 ,,
period1,sc01,t5671, 300 , 280 ,,
period1,sc01,t5672, 301.294095225512 , 281.294095225512 ,,
period1,sc01,t5673, 302.5 , 282.5 ,,
period1,sc01,t5674, 303.535533905932 , 283.535533905932 ,,
period1,sc01,t5675, 304.330127018922 , 284.330127018922 ,,
period1,sc01,t5676, 304.829629131445 , 284.829629131445 ,,
period1,sc01,t5677, 295 , 275 ,,
period1,sc01,t5678, 294.829629131445 , 274.829629131445 ,,
period1,sc01,t5679, 294.330127018922 , 274.330127018922 ,,
period1,sc01,t5680, 293.535533905932 , 273.535533905932 ,,
period1,sc01,t5681, 292.5 , 272.5 ,,
period1,sc01,t5682, 291.294095225512 , 271.294095225512 ,,
period1,sc01,t5683, 290 , 270 ,,
period1,sc01,t5684, 288.705904774487 , 268.705904774487 ,,
period1,sc01,t5685, 287.5 , 267.5 ,,
period1,sc01,t5686, 286.464466094067 , 266.464466094067 ,,
period1,sc01,t5687, 285.669872981077 , 265.669872981077 ,,
period1,sc01,t5688, 285.170370868554 , 265.170370868554 ,,
period1,sc01,t5689, 285 , 265 ,,
period1,sc01,t5690, 285.170370868554 , 265.170370868554 ,,
period1,sc01,t5691, 285.669872981077 , 265.669872981077 ,,
period1,sc01,t5692, 286.464466094067 , 266.464466094067 ,,
period1,sc01,t5693, 287.5 , 267.5 ,,
period1,sc01,t5694, 288.705904774487 , 268.705904774487 ,,
period1,sc01,t5695, 290 , 270 ,,
period1,sc01,t5696, 291.294095225512 , 271.294095225512 ,,
period1,sc01,t5697, 292.5 , 272.5 ,,
period1,sc01,t5698, 293.535533905932 , 273.535533905932 ,,
period1,sc01,t5699, 294.330127018922 , 274.330127018922 ,,
period1,sc01,t5700, 294.829629131445 , 274.829629131445 ,,
period1,sc01,t5701, 295 , 275 ,,
period1,sc01,t5702, 294.829629131445 , 274.829629131445 ,,
period1,sc01,t5703, 294.330127018922 , 274.330127018922 ,,
period1,sc01,t5704, 293.535533905932 , 273.535533905932 ,,
period1,sc01,t5705, 292.5 , 272.5 ,,
period1,sc01,t5706, 291.294095225512 , 271.294095225512 ,,
period1,sc01,t5707, 290 , 270 ,,
period1,sc01,t5708, 288.705904774487 , 268.705904774487 ,,
period1,sc01,t5709, 287.5 , 267.5 ,,
period1,sc01,t5710, 286.464466094067 , 266.464466094067 ,,
period1,sc01,t5711, 285.669872981077 , 265.669872981077 ,,
period1,sc01,t5712, 285.170370868554 , 265.170370868554 ,,
period1,sc01,t5713, 285 , 265 ,,
period1,sc01,t5714, 285.170370868554 , 265.170370868554 ,,
period1,sc01,t5715, 285.669872981077 , 265.669872981077 ,,
period1,sc01,t5716, 286.464466094067 , 266.464466094067 ,,
period1,sc01,t5717, 287.5 , 267.5 ,,
period1,sc01,t5718, 288.705904774487 , 268.705904774487 ,,
period1,sc01,t5719, 290 , 270 ,,
period1,sc01,t5720, 291.294095225512 , 271.294095225512 ,,
period1,sc01,t5721, 292.5 , 272.5 ,,
period1,sc01,t5722, 293.535533905932 , 273.535533905932 ,,
period1,sc01,t5723, 294.330127018922 , 274.330127018922 ,,
period1,sc01,t5724, 294.829629131445 , 274.829629131445 ,,
period1,sc01,t5725, 305 , 285 ,,
period1,sc01,t5726, 304.829629131445 , 284.829629131445 ,,
period1,sc01,t5727, 304.330127018922 , 284.330127018922 ,,
period1,sc01,t5728, 303.535533905932 , 283.535533905932 ,,
period1,sc01,t5729, 302.5 , 282.5 ,,
period1,sc01,t5730, 301.294095225512 , 281.294095225512 ,,
period1,sc01,t5731, 300 , 280 ,,
period1,sc01,t5732, 298.705904774487 , 278.705904774487 ,,
period1,sc01,t5733, 297.5 , 277.5 ,,
period1,sc01,t5734, 296.464466094067 , 276.464466094067 ,,
period1,sc01,t5735, 295.669872981077 , 275.669872981077 ,,
period1,sc01,t5736, 295.170370868554 , 275.170370868554 ,,
period1,sc01,t5737, 295 , 275 ,,
period1,sc01,t5738, 295.170370868554 , 275.170370868554 ,,
period1,sc01,t5739, 295.669872981077 , 275.669872981077 ,,
period1,sc01,t5740, 296.464466094067 , 276.464466094067 ,,
period1,sc01,t5741, 297.5 , 277.5 ,,
period1,sc01,t5742, 298.705904774487 , 278.705904774487 ,,
period1,sc01,t5743, 300 , 280 ,,
period1,sc01,t5744, 301.294095225512 , 281.294095225512 ,,
period1,sc01,t5745, 302.5 , 282.5 ,,
period1,sc01,t5746, 303.535533905932 , 283.535533905932 ,,
period1,sc01,t5747, 304.330127018922 , 284.330127018922 ,,
period1,sc01,t5748, 304.829629131445 , 284.829629131445 ,,
period1,sc01,t5749, 305 , 285 ,,
period1,sc01,t5750, 304.829629131445 , 284.829629131445 ,,
period1,sc01,t5751, 304.330127018922 , 284.330127018922 ,,
period1,sc01,t5752, 303.535533905932 , 283.535533905932 ,,
period1,sc01,t5753, 302.5 , 282.5 ,,
period1,sc01,t5754, 301.294095225512 , 281.294095225512 ,,
period1,sc01,t5755, 300 , 280 ,,
period1,sc01,t5756, 298.705904774487 , 278.705904774487 ,,
period1,sc01,t5757, 297.5 , 277.5 ,,
period1,sc01,t5758, 296.464466094067 , 276.464466094067 ,,
period1,sc01,t5759, 295.669872981077 , 275.669872981077 ,,
period1,sc01,t5760, 295.170370868554 , 275.170370868554 ,,
period1,sc01,t5761, 295 , 275 ,,
period1,sc01,t5762, 295.170370868554 , 275.170370868554 ,,
period1,sc01,t5763, 295.669872981077 , 275.669872981077 ,,
period1,sc01,t5764, 296.464466094067 , 276.464466094067 ,,
period1,sc01,t5765, 297.5 , 277.5 ,,
period1,sc01,t5766, 298.705904774487 , 278.705904774487 ,,
period1,sc01,t5767, 300 , 280 ,,
period1,sc01,t5768, 301.294095225512 , 281.294095225512 ,,
period1,sc01,t5769, 302.5 , 282.5 ,,
period1,sc01,t5770, 303.535533905932 , 283.535533905932 ,,
period1,sc01,t5771, 304.330127018922 , 284.330127018922 ,,
period1,sc01,t5772, 304.829629131445 , 284.829629131445 ,,
period1,sc01,t5773, 305 , 285 ,,
period1,sc01,t5774, 304.829629131445 , 284.829629131445 ,,
period1,sc01,t5775, 304.330127018922 , 284.330127018922 ,,
period1,sc01,t5776, 303.535533905932 , 283.535533905932 ,,
period1,sc01,t5777, 302.5 , 282.5 ,,
period1,sc01,t5778, 301.294095225512 , 281.294095225512 ,,
period1,sc01,t5779, 300 , 280 ,,
period1,sc01,t5780, 298.705904774487 , 278.705904774487 ,,
period1,sc01,t5781, 297.5 , 277.5 ,,
period1,sc01,t5782, 296.464466094067 , 276.464466094067 ,,
period1,sc01,t5783, 295.669872981077 , 275.669872981077 ,,
period1,sc01,t5784, 295.170370868554 , 275.170370868554 ,,
period1,sc01,t5785, 295 , 275 ,,
period1,sc01,t5786, 295.170370868554 , 275.170370868554 ,,
period1,sc01,t5787, 295.669872981077 , 275.669872981077 ,,
period1,sc01,t5788, 296.464466094067 , 276.464466094067 ,,
period1,sc01,t5789, 297.5 , 277.5 ,,
period1,sc01,t5790, 298.705904774487 , 278.705904774487 ,,
period1,sc01,t5791, 300 , 280 ,,
period1,sc01,t5792, 301.294095225512 , 281.294095225512 ,,
period1,sc01,t5793, 302.5 , 282.5 ,,
period1,sc01,t5794, 303.535533905932 , 283.535533905932 ,,
period1,sc01,t5795, 304.330127018922 , 284.330127018922 ,,
period1,sc01,t5796, 304.829629131445 , 284.829629131445 ,,
period1,sc01,t5797, 305 , 285 ,,
period1,sc01,t5798, 304.829629131445 , 284.829629131445 ,,
period1,sc01,t5799, 304.330127018922 , 284.330127018922 ,,
period1,sc01,t5800, 303.535533905932 , 283.535533905932 ,,
period1,sc01,t5801, 302.5 , 282.5 ,,
period1,sc01,t5802, 301.294095225512 , 281.294095225512 ,,
period1,sc01,t5803, 300 , 280 ,,
period1,sc01,t5804, 298.705904774487 , 278.705904774487 ,,
period1,sc01,t5805, 297.5 , 277.5 ,,
period1,sc01,t5806, 296.464466094067 , 276.464466094067 ,,
period1,sc01,t5807, 295.669872981077 , 275.669872981077 ,,
period1,sc01,t5808, 295.170370868554 , 275.170370868554 ,,
period1,sc01,t5809, 295 , 275 ,,
period1,sc01,t5810, 295.170370868554 , 275.170370868554 ,,
period1,sc01,t5811, 295.669872981077 , 275.669872981077 ,,
period1,sc01,t5812, 296.464466094067 , 276.464466094067 ,,
period1,sc01,t5813, 297.5 , 277.5 ,,
period1,sc01,t5814, 298.705904774487 , 278.705904774487 ,,
period1,sc01,t5815, 300 , 280 ,,
period1,sc01,t5816, 301.294095225512 , 281.294095225512 ,,
period1,sc01,t5817, 302.5 , 282.5 ,,
period1,sc01,t5818, 303.535533905932 , 283.535533905932 ,,
period1,sc01,t5819, 304.330127018922 , 284.330127018922 ,,
period1,sc01,t5820, 304.829629131445 , 284.829629131445 ,,
period1,sc01,t5821, 305 , 285 ,,
period1,sc01,t5822, 304.829629131445 , 284.829629131445 ,,
period1,sc01,t5823, 304.330127018922 , 284.330127018922 ,,
period1,sc01,t5824, 303.535533905932 , 283.535533905932 ,,
period1,sc01,t5825, 302.5 , 282.5 ,,
period1,sc01,t5826, 301.294095225512 , 281.294095225512 ,,
period1,sc01,t5827, 300 , 280 ,,
period1,sc01,t5828, 298.705904774487 , 278.705904774487 ,,
period1,sc01,t5829, 297.5 , 277.5 ,,
period1,sc01,t5830, 296.464466094067 , 276.464466094067 ,,
period1,sc01,t5831, 295.669872981077 , 275.669872981077 ,,
period1,sc01,t5832, 295.170370868554 , 275.170370868554 ,,
period1,sc01,t5833, 295 , 275 ,,
period1,sc01,t5834, 295.170370868554 , 275.170370868554 ,,
period1,sc01,t5835, 295.669872981077 , 275.669872981077 ,,
period1,sc01,t5836, 296.464466094067 , 276.464466094067 ,,
period1,sc01,t5837, 297.5 , 277.5 ,,
period1,sc01,t5838, 298.705904774487 , 278.705904774487 ,,
period1,sc01,t5839, 300 , 280 ,,
period1,sc01,t5840, 301.294095225512 , 281.294095225512 ,,
period1,sc01,t5841, 302.5 , 282.5 ,,
period1,sc01,t5842, 303.535533905932 , 283.535533905932 ,,
period1,sc01,t5843, 304.330127018922 , 284.330127018922 ,,
period1,sc01,t5844, 304.829629131445 , 284.829629131445 ,,
period1,sc01,t5845, 295 , 275 ,,
period1,sc01,t5846, 294.829629131445 , 274.829629131445 ,,
period1,sc01,t5847, 294.330127018922 , 274.330127018922 ,,
period1,sc01,t5848, 293.535533905932 , 273.535533905932 ,,
period1,sc01,t5849, 292.5 , 272.5 ,,
period1,sc01,t5850, 291.294095225512 , 271.294095225512 ,,
period1,sc01,t5851, 290 , 270 ,,
period1,sc01,t5852, 288.705904774487 , 268.705904774487 ,,
period1,sc01,t5853, 287.5 , 267.5 ,,
period1,sc01,t5854, 286.464466094067 , 266.464466094067 ,,
period1,sc01,t5855, 285.669872981077 , 265.669872981077 ,,
period1,sc01,t5856, 285.170370868554 , 265.170370868554 ,,
period1,sc01,t5857, 285 , 265 ,,
period1,sc01,t5858, 285.170370868554 , 265.170370868554 ,,
period1,sc01,t5859, 285.669872981077 , 265.669872981077 ,,
period1,sc01,t5860, 286.464466094067 , 266.464466094067 ,,
period1,sc01,t5861, 287.5 , 267.5 ,,
period1,sc01,t5862, 288.705904774487 , 268.705904774487 ,,
period1,sc01,t5863, 290 , 270 ,,
period1,sc01,t5864, 291.294095225512 , 271.294095225512 ,,
period1,sc01,t5865, 292.5 , 272.5 ,,
period1,sc01,t5866, 293.535533905932 , 273.535533905932 ,,
period1,sc01,t5867, 294.330127018922 , 274.330127018922 ,,
period1,sc01,t5868, 294.829629131445 , 274.829629131445 ,,
period1,sc01,t5869, 295 , 275 ,,
period1,sc01,t5870, 294.829629131445 , 274.829629131445 ,,
period1,sc01,t5871, 294.330127018922 , 274.330127018922 ,,
period1,sc01,t5872, 293.535533905932 , 273.535533905932 ,,
period1,sc01,t5873, 292.5 , 272.5 ,,
period1,sc01,t5874, 291.294095225512 , 271.294095225512 ,,
period1,sc01,t5875, 290 , 270 ,,
period1,sc01,t5876, 288.705904774487 , 268.705904774487 ,,
period1,sc01,t5877, 287.5 , 267.5 ,,
period1,sc01,t5878, 286.464466094067 , 266.464466094067 ,,
period1,sc01,t5879, 285.669872981077 , 265.669872981077 ,,
period1,sc01,t5880, 285.170370868554 , 265.170370868554 ,,
period1,sc01,t5881, 285 , 265 ,,
period1,sc01,t5882, 285.170370868554 , 265.170370868554 ,,
period1,sc01,t5883, 285.669872981077 , 265.669872981077 ,,
period1,sc01,t5884, 286.464466094067 , 266.464466094067 ,,
period1,sc01,t5885, 287.5 , 267.5 ,,
period1,sc01,t5886, 288.705904774487 , 268.705904774487 ,,
period1,sc01,t5887, 290 , 270 ,,
period1,sc01,t5888, 291.294095225512 , 271.294095225512 ,,
period1,sc01,t5889, 292.5 , 272.5 ,,
period1,sc01,t5890, 293.535533905932 , 273.535533905932 ,,
period1,sc01,t5891, 294.330127018922 , 274.330127018922 ,,
period1,sc01,t5892, 294.829629131445 , 274.829629131445 ,,
period1,sc01,t5893, 305 , 285 ,,
period1,sc01,t5894, 304.829629131445 , 284.829629131445 ,,
period1,sc01,t5895, 304.330127018922 , 284.330127018922 ,,
period1,sc01,t5896, 303.535533905932 , 283.535533905932 ,,
period1,sc01,t5897, 302.5 , 282.5 ,,
period1,sc01,t5898, 301.294095225512 , 281.294095225512 ,,
period1,sc01,t5899, 300 , 280 ,,
period1,sc01,t5900, 298.705904774487 , 278.705904774487 ,,
period1,sc01,t5901, 297.5 , 277.5 ,,
period1,sc01,t5902, 296.464466094067 , 276.464466094067 ,,
period1,sc01,t5903, 295.669872981077 , 275.669872981077 ,,
period1,sc01,t5904, 295.170370868554 , 275.170370868554 ,,
period1,sc01,t5905, 295 , 275 ,,
period1,sc01,t5906, 295.170370868554 , 275.170370868554 ,,
period1,sc01,t5907, 295.669872981077 , 275.669872981077 ,,
period1,sc01,t5908, 296.464466094067 , 276.464466094067 ,,
period1,sc01,t5909, 297.5 , 277.5 ,,
period1,sc01,t5910, 298.705904774487 , 278.705904774487 ,,
period1,sc01,t5911, 300 , 280 ,,
period1,sc01,t5912, 301.294095225512 , 281.294095225512 ,,
period1,sc01,t5913, 302.5 , 282.5 ,,
period1,sc01,t5914, 303.535533905932 , 283.535533905932 ,,
period1,sc01,t5915, 304.330127018922 , 284.330127018922 ,,
period1,sc01,t5916, 304.829629131445 , 284.829629131445 ,,
period1,sc01,t5917, 305 , 285 ,,
period1,sc01,t5918, 304.829629131445 , 284.829629131445 ,,
period1,sc01,t5919, 304.330127018922 , 284.330127018922 ,,
period1,sc01,t5920, 303.535533905932 , 283.535533905932 ,,
period1,sc01,t5921, 302.5 , 282.5 ,,
period1,sc01,t5922, 301.294095225512 , 281.294095225512 ,,
period1,sc01,t5923, 300 , 280 ,,
period1,sc01,t5924, 298.705904774487 , 278.705904774487 ,,
period1,sc01,t5925, 297.5 , 277.5 ,,
period1,sc01,t5926, 296.464466094067 , 276.464466094067 ,,
period1,sc01,t5927, 295.669872981077 , 275.669872981077 ,,
period1,sc01,t5928, 295.170370868554 , 275.170370868554 ,,
period1,sc01,t5929, 295 , 275 ,,
period1,sc01,t5930, 295.170370868554 , 275.170370868554 ,,
period1,sc01,t5931, 295.669872981077 , 275.669872981077 ,,
period1,sc01,t5932, 296.464466094067 , 276.464466094067 ,,
period1,sc01,t5933, 297.5 , 277.5 ,,
period1,sc01,t5934, 298.705904774487 , 278.705904774487 ,,
period1,sc01,t5935, 300 , 280 ,,
period1,sc01,t5936, 301.294095225512 , 281.294095225512 ,,
period1,sc01,t5937, 302.5 , 282.5 ,,
period1,sc01,t5938, 303.535533905932 , 283.535533905932 ,,
period1,sc01,t5939, 304.330127018922 , 284.330127018922 ,,
period1,sc01,t5940, 304.829629131445 , 284.829629131445 ,,
period1,sc01,t5941, 305 , 285 ,,
period1,sc01,t5942, 304.829629131445 , 284.829629131445 ,,
period1,sc01,t5943, 304.330127018922 , 284.330127018922 ,,
period1,sc01,t5944, 303.535533905932 , 283.535533905932 ,,
period1,sc01,t5945, 302.5 , 282.5 ,,
period1,sc01,t5946, 301.294095225512 , 281.294095225512 ,,
period1,sc01,t5947, 300 , 280 ,,
period1,sc01,t5948, 298.705904774487 , 278.705904774487 ,,
period1,sc01,t5949, 297.5 , 277.5 ,,
period1,sc01,t5950, 296.464466094067 , 276.464466094067 ,,
period1,sc01,t5951, 295.669872981077 , 275.669872981077 ,,
period1,sc01,t5952, 295.170370868554 , 275.170370868554 ,,
period1,sc01,t5953, 295 , 275 ,,
period1,sc01,t5954, 295.170370868554 , 275.170370868554 ,,
period1,sc01,t5955, 295.669872981077 , 275.669872981077 ,,
period1,sc01,t5956, 296.464466094067 , 276.464466094067 ,,
period1,sc01,t5957, 297.5 , 277.5 ,,
period1,sc01,t5958, 298.705904774487 , 278.705904774487 ,,
period1,sc01,t5959, 300 , 280 ,,
period1,sc01,t5960, 301.294095225512 , 281.294095225512 ,,
period1,sc01,t5961, 302.5 , 282.5 ,,
period1,sc01,t5962, 303.535533905932 , 283.535533905932 ,,
period1,sc01,t5963, 304.330127018922 , 284.330127018922 ,,
period1,sc01,t5964, 304.829629131445 , 284.829629131445 ,,
period1,sc01,t5965, 305 , 285 ,,
period1,sc01,t5966, 304.829629131445 , 284.829629131445 ,,
period1,sc01,t5967, 304.330127018922 , 284.330127018922 ,,
period1,sc01,t5968, 303.535533905932 , 283.535533905932 ,,
period1,sc01,t5969, 302.5 , 282.5 ,,
period1,sc01,t5970, 301.294095225512 , 281.294095225512 ,,
period1,sc01,t5971, 300 , 280 ,,
period1,sc01,t5972, 298.705904774487 , 278.705904774487 ,,
period1,sc01,t5973, 297.5 , 277.5 ,,
period1,sc01,t5974, 296.464466094067 , 276.464466094067 ,,
period1,sc01,t5975, 295.669872981077 , 275.669872981077 ,,
period1,sc01,t5976, 295.170370868554 , 275.170370868554 ,,
period1,sc01,t5977, 295 , 275 ,,
period1,sc01,t5978, 295.170370868554 , 275.170370868554 ,,
period1,sc01,t5979, 295.669872981077 , 275.669872981077 ,,
period1,sc01,t5980, 296.464466094067 , 276.464466094067 ,,
period1,sc01,t5981, 297.5 , 277.5 ,,
period1,sc01,t5982, 298.705904774487 , 278.705904774487 ,,
period1,sc01,t5983, 300 , 280 ,,
period1,sc01,t5984, 301.294095225512 , 281.294095225512 ,,
period1,sc01,t5985, 302.5 , 282.5 ,,
period1,sc01,t5986, 303.535533905932 , 283.535533905932 ,,
period1,sc01,t5987, 304.330127018922 , 284.330127018922 ,,
period1,sc01,t5988, 304.829629131445 , 284.829629131445 ,,
period1,sc01,t5989, 305 , 285 ,,
period1,sc01,t5990, 304.829629131445 , 284.829629131445 ,,
period1,sc01,t5991, 304.330127018922 , 284.330127018922 ,,
period1,sc01,t5992, 303.535533905932 , 283.535533905932 ,,
period1,sc01,t5993, 302.5 , 282.5 ,,
period1,sc01,t5994, 301.294095225512 , 281.294095225512 ,,
period1,sc01,t5995, 300 , 280 ,,
period1,sc01,t5996, 298.705904774487 , 278.705904774487 ,,
period1,sc01,t5997, 297.5 , 277.5 ,,
period1,sc01,t5998, 296.464466094067 , 276.464466094067 ,,
period1,sc01,t5999, 295.669872981077 , 275.669872981077 ,,
period1,sc01,t6000, 295.170370868554 , 275.170370868554 ,,
period1,sc01,t6001, 295 , 275 ,,
period1,sc01,t6002, 295.170370868554 , 275.170370868554 ,,
period1,sc01,t6003, 295.669872981077 , 275.669872981077 ,,
period1,sc01,t6004, 296.464466094067 , 276.464466094067 ,,
period1,sc01,t6005, 297.5 , 277.5 ,,
period1,sc01,t6006, 298.705904774487 , 278.705904774487 ,,
period1,sc01,t6007, 300 , 280 ,,
period1,sc01,t6008, 301.294095225512 , 281.294095225512 ,,
period1,sc01,t6009, 302.5 , 282.5 ,,
period1,sc01,t6010, 303.535533905932 , 283.535533905932 ,,
period1,sc01,t6011, 304.330127018922 , 284.330127018922 ,,
period1,sc01,t6012, 304.829629131445 , 284.829629131445 ,,
period1,sc01,t6013, 295 , 275 ,,
period1,sc01,t6014, 294.829629131445 , 274.829629131445 ,,
period1,sc01,t6015, 294.330127018922 , 274.330127018922 ,,
period1,sc01,t6016, 293.535533905932 , 273.535533905932 ,,
period1,sc01,t6017, 292.5 , 272.5 ,,
period1,sc01,t6018, 291.294095225512 , 271.294095225512 ,,
period1,sc01,t6019, 290 , 270 ,,
period1,sc01,t6020, 288.705904774487 , 268.705904774487 ,,
period1,sc01,t6021, 287.5 , 267.5 ,,
period1,sc01,t6022, 286.464466094067 , 266.464466094067 ,,
period1,sc01,t6023, 285.669872981077 , 265.669872981077 ,,
period1,sc01,t6024, 285.170370868554 , 265.170370868554 ,,
period1,sc01,t6025, 285 , 265 ,,
period1,sc01,t6026, 285.170370868554 , 265.170370868554 ,,
period1,sc01,t6027, 285.669872981077 , 265.669872981077 ,,
period1,sc01,t6028, 286.464466094067 , 266.464466094067 ,,
period1,sc01,t6029, 287.5 , 267.5 ,,
period1,sc01,t6030, 288.705904774487 , 268.705904774487 ,,
period1,sc01,t6031, 290 , 270 ,,
period1,sc01,t6032, 291.294095225512 , 271.294095225512 ,,
period1,sc01,t6033, 292.5 , 272.5 ,,
period1,sc01,t6034, 293.535533905932 , 273.535533905932 ,,
period1,sc01,t6035, 294.330127018922 , 274.330127018922 ,,
period1,sc01,t6036, 294.829629131445 , 274.829629131445 ,,
period1,sc01,t6037, 295 , 275 ,,
period1,sc01,t6038, 294.829629131445 , 274.829629131445 ,,
period1,sc01,t6039, 294.330127018922 , 274.330127018922 ,,
period1,sc01,t6040, 293.535533905932 , 273.535533905932 ,,
period1,sc01,t6041, 292.5 , 272.5 ,,
period1,sc01,t6042, 291.294095225512 , 271.294095225512 ,,
period1,sc01,t6043, 290 , 270 ,,
period1,sc01,t6044, 288.705904774487 , 268.705904774487 ,,
period1,sc01,t6045, 287.5 , 267.5 ,,
period1,sc01,t6046, 286.464466094067 , 266.464466094067 ,,
period1,sc01,t6047, 285.669872981077 , 265.669872981077 ,,
period1,sc01,t6048, 285.170370868554 , 265.170370868554 ,,
period1,sc01,t6049, 285 , 265 ,,
period1,sc01,t6050, 285.170370868554 , 265.170370868554 ,,
period1,sc01,t6051, 285.669872981077 , 265.669872981077 ,,
period1,sc01,t6052, 286.464466094067 , 266.464466094067 ,,
period1,sc01,t6053, 287.5 , 267.5 ,,
period1,sc01,t6054, 288.705904774487 , 268.705904774487 ,,
period1,sc01,t6055, 290 , 270 ,,
period1,sc01,t6056, 291.294095225512 , 271.294095225512 ,,
period1,sc01,t6057, 292.5 , 272.5 ,,
period1,sc01,t6058, 293.535533905932 , 273.535533905932 ,,
period1,sc01,t6059, 294.330127018922 , 274.330127018922 ,,
period1,sc01,t6060, 294.829629131445 , 274.829629131445 ,,
period1,sc01,t6061, 305 , 285 ,,
period1,sc01,t6062, 304.829629131445 , 284.829629131445 ,,
period1,sc01,t6063, 304.330127018922 , 284.330127018922 ,,
period1,sc01,t6064, 303.535533905932 , 283.535533905932 ,,
period1,sc01,t6065, 302.5 , 282.5 ,,
period1,sc01,t6066, 301.294095225512 , 281.294095225512 ,,
period1,sc01,t6067, 300 , 280 ,,
period1,sc01,t6068, 298.705904774487 , 278.705904774487 ,,
period1,sc01,t6069, 297.5 , 277.5 ,,
period1,sc01,t6070, 296.464466094067 , 276.464466094067 ,,
period1,sc01,t6071, 295.669872981077 , 275.669872981077 ,,
period1,sc01,t6072, 295.170370868554 , 275.170370868554 ,,
period1,sc01,t6073, 295 , 275 ,,
period1,sc01,t6074, 295.170370868554 , 275.170370868554 ,,
period1,sc01,t6075, 295.669872981077 , 275.669872981077 ,,
period1,sc01,t6076, 296.464466094067 , 276.464466094067 ,,
period1,sc01,t6077, 297.5 , 277.5 ,,
period1,sc01,t6078, 298.705904774487 , 278.705904774487 ,,
period1,sc01,t6079, 300 , 280 ,,
period1,sc01,t6080, 301.294095225512 , 281.294095225512 ,,
period1,sc01,t6081, 302.5 , 282.5 ,,
period1,sc01,t6082, 303.535533905932 , 283.535533905932 ,,
period1,sc01,t6083, 304.330127018922 , 284.330127018922 ,,
period1,sc01,t6084, 304.829629131445 , 284.829629131445 ,,
period1,sc01,t6085, 305 , 285 ,,
period1,sc01,t6086, 304.829629131445 , 284.829629131445 ,,
period1,sc01,t6087, 304.330127018922 , 284.330127018922 ,,
period1,sc01,t6088, 303.535533905932 , 283.535533905932 ,,
period1,sc01,t6089, 302.5 , 282.5 ,,
period1,sc01,t6090, 301.294095225512 , 281.294095225512 ,,
period1,sc01,t6091, 300 , 280 ,,
period1,sc01,t6092, 298.705904774487 , 278.705904774487 ,,
period1,sc01,t6093, 297.5 , 277.5 ,,
period1,sc01,t6094, 296.464466094067 , 276.464466094067 ,,
period1,sc01,t6095, 295.669872981077 , 275.669872981077 ,,
period1,sc01,t6096, 295.170370868554 , 275.170370868554 ,,
period1,sc01,t6097, 295 , 275 ,,
period1,sc01,t6098, 295.170370868554 , 275.170370868554 ,,
period1,sc01,t6099, 295.669872981077 , 275.669872981077 ,,
period1,sc01,t6100, 296.464466094067 , 276.464466094067 ,,
period1,sc01,t6101, 297.5 , 277.5 ,,
period1,sc01,t6102, 298.705904774487 , 278.705904774487 ,,
period1,sc01,t6103, 300 , 280 ,,
period1,sc01,t6104, 301.294095225512 , 281.294095225512 ,,
period1,sc01,t6105, 302.5 , 282.5 ,,
period1,sc01,t6106, 303.535533905932 , 283.535533905932 ,,
period1,sc01,t6107, 304.330127018922 , 284.330127018922 ,,
period1,sc01,t6108, 304.829629131445 , 284.829629131445 ,,
period1,sc01,t6109, 305 , 285 ,,
period1,sc01,t6110, 304.829629131445 , 284.829629131445 ,,
period1,sc01,t6111, 304.330127018922 , 284.330127018922 ,,
period1,sc01,t6112, 303.535533905932 , 283.535533905932 ,,
period1,sc01,t6113, 302.5 , 282.5 ,,
period1,sc01,t6114, 301.294095225512 , 281.294095225512 ,,
period1,sc01,t6115, 300 , 280 ,,
period1,sc01,t6116, 298.705904774487 , 278.705904774487 ,,
period1,sc01,t6117, 297.5 , 277.5 ,,
period1,sc01,t6118, 296.464466094067 , 276.464466094067 ,,
period1,sc01,t6119, 295.669872981077 , 275.669872981077 ,,
period1,sc01,t6120, 295.170370868554 , 275.170370868554 ,,
period1,sc01,t6121, 295 , 275 ,,
period1,sc01,t6122, 295.170370868554 , 275.170370868554 ,,
period1,sc01,t6123, 295.669872981077 , 275.669872981077 ,,
period1,sc01,t6124, 296.464466094067 , 276.464466094067 ,,
period1,sc01,t6125, 297.5 , 277.5 ,,
period1,sc01,t6126, 298.705904774487 , 278.705904774487 ,,
period1,sc01,t6127, 300 , 280 ,,
period1,sc01,t6128, 301.294095225512 , 281.294095225512 ,,
period1,sc01,t6129, 302.5 , 282.5 ,,
period1,sc01,t6130, 303.535533905932 , 283.535533905932 ,,
period1,sc01,t6131, 304.330127018922 , 284.330127018922 ,,
period1,sc01,t6132, 304.829629131445 , 284.829629131445 ,,
period1,sc01,t6133, 305 , 285 ,,
period1,sc01,t6134, 304.829629131445 , 284.829629131445 ,,
period1,sc01,t6135, 304.330127018922 , 284.330127018922 ,,
period1,sc01,t6136, 303.535533905932 , 283.535533905932 ,,
period1,sc01,t6137, 302.5 , 282.5 ,,
period1,sc01,t6138, 301.294095225512 , 281.294095225512 ,,
period1,sc01,t6139, 300 , 280 ,,
period1,sc01,t6140, 298.705904774487 , 278.705904774487 ,,
period1,sc01,t6141, 297.5 , 277.5 ,,
period1,sc01,t6142, 296.464466094067 , 276.464466094067 ,,
period1,sc01,t6143, 295.669872981077 , 275.669872981077 ,,
period1,sc01,t6144, 295.170370868554 , 275.170370868554 ,,
period1,sc01,t6145, 295 , 275 ,,
period1,sc01,t6146, 295.170370868554 , 275.170370868554 ,,
period1,sc01,t6147, 295.669872981077 , 275.669872981077 ,,
period1,sc01,t6148, 296.464466094067 , 276.464466094067 ,,
period1,sc01,t6149, 297.5 , 277.5 ,,
period1,sc01,t6150, 298.705904774487 , 278.705904774487 ,,
period1,sc01,t6151, 300 , 280 ,,
period1,sc01,t6152, 301.294095225512 , 281.294095225512 ,,
period1,sc01,t6153, 302.5 , 282.5 ,,
period1,sc01,t6154, 303.535533905932 , 283.535533905932 ,,
period1,sc01,t6155, 304.330127018922 , 284.330127018922 ,,
period1,sc01,t6156, 304.829629131445 , 284.829629131445 ,,
period1,sc01,t6157, 305 , 285 ,,
period1,sc01,t6158, 304.829629131445 , 284.829629131445 ,,
period1,sc01,t6159, 304.330127018922 , 284.330127018922 ,,
period1,sc01,t6160, 303.535533905932 , 283.535533905932 ,,
period1,sc01,t6161, 302.5 , 282.5 ,,
period1,sc01,t6162, 301.294095225512 , 281.294095225512 ,,
period1,sc01,t6163, 300 , 280 ,,
period1,sc01,t6164, 298.705904774487 , 278.705904774487 ,,
period1,sc01,t6165, 297.5 , 277.5 ,,
period1,sc01,t6166, 296.464466094067 , 276.464466094067 ,,
period1,sc01,t6167, 295.669872981077 , 275.669872981077 ,,
period1,sc01,t6168, 295.170370868554 , 275.170370868554 ,,
period1,sc01,t6169, 295 , 275 ,,
period1,sc01,t6170, 295.170370868554 , 275.170370868554 ,,
period1,sc01,t6171, 295.669872981077 , 275.669872981077 ,,
period1,sc01,t6172, 296.464466094067 , 276.464466094067 ,,
period1,sc01,t6173, 297.5 , 277.5 ,,
period1,sc01,t6174, 298.705904774487 , 278.705904774487 ,,
period1,sc01,t6175, 300 , 280 ,,
period1,sc01,t6176, 301.294095225512 , 281.294095225512 ,,
period1,sc01,t6177, 302.5 , 282.5 ,,
period1,sc01,t6178, 303.535533905932 , 283.535533905932 ,,
period1,sc01,t6179, 304.330127018922 , 284.330127018922 ,,
period1,sc01,t6180, 304.829629131445 , 284.829629131445 ,,
period1,sc01,t6181, 295 , 275 ,,
period1,sc01,t6182, 294.829629131445 , 274.829629131445 ,,
period1,sc01,t6183, 294.330127018922 , 274.330127018922 ,,
period1,sc01,t6184, 293.535533905932 , 273.535533905932 ,,
period1,sc01,t6185, 292.5 , 272.5 ,,
period1,sc01,t6186, 291.294095225512 , 271.294095225512 ,,
period1,sc01,t6187, 290 , 270 ,,
period1,sc01,t6188, 288.705904774487 , 268.705904774487 ,,
period1,sc01,t6189, 287.5 , 267.5 ,,
period1,sc01,t6190, 286.464466094067 , 266.464466094067 ,,
period1,sc01,t6191, 285.669872981077 , 265.669872981077 ,,
period1,sc01,t6192, 285.170370868554 , 265.170370868554 ,,
period1,sc01,t6193, 285 , 265 ,,
period1,sc01,t6194, 285.170370868554 , 265.170370868554 ,,
period1,sc01,t6195, 285.669872981077 , 265.669872981077 ,,
period1,sc01,t6196, 286.464466094067 , 266.464466094067 ,,
period1,sc01,t6197, 287.5 , 267.5 ,,
period1,sc01,t6198, 288.705904774487 , 268.705904774487 ,,
period1,sc01,t6199, 290 , 270 ,,
period1,sc01,t6200, 291.294095225512 , 271.294095225512 ,,
period1,sc01,t6201, 292.5 , 272.5 ,,
period1,sc01,t6202, 293.535533905932 , 273.535533905932 ,,
period1,sc01,t6203, 294.330127018922 , 274.330127018922 ,,
period1,sc01,t6204, 294.829629131445 , 274.829629131445 ,,
period1,sc01,t6205, 295 , 275 ,,
period1,sc01,t6206, 294.829629131445 , 274.829629131445 ,,
period1,sc01,t6207, 294.330127018922 , 274.330127018922 ,,
period1,sc01,t6208, 293.535533905932 , 273.535533905932 ,,
period1,sc01,t6209, 292.5 , 272.5 ,,
period1,sc01,t6210, 291.294095225512 , 271.294095225512 ,,
period1,sc01,t6211, 290 , 270 ,,
period1,sc01,t6212, 288.705904774487 , 268.705904774487 ,,
period1,sc01,t6213, 287.5 , 267.5 ,,
period1,sc01,t6214, 286.464466094067 , 266.464466094067 ,,
period1,sc01,t6215, 285.669872981077 , 265.669872981077 ,,
period1,sc01,t6216, 285.170370868554 , 265.170370868554 ,,
period1,sc01,t6217, 285 , 265 ,,
period1,sc01,t6218, 285.170370868554 , 265.170370868554 ,,
period1,sc01,t6219, 285.669872981077 , 265.669872981077 ,,
period1,sc01,t6220, 286.464466094067 , 266.464466094067 ,,
period1,sc01,t6221, 287.5 , 267.5 ,,
period1,sc01,t6222, 288.705904774487 , 268.705904774487 ,,
period1,sc01,t6223, 290 , 270 ,,
period1,sc01,t6224, 291.294095225512 , 271.294095225512 ,,
period1,sc01,t6225, 292.5 , 272.5 ,,
period1,sc01,t6226, 293.535533905932 , 273.535533905932 ,,
period1,sc01,t6227, 294.330127018922 , 274.330127018922 ,,
period1,sc01,t6228, 294.829629131445 , 274.829629131445 ,,
period1,sc01,t6229, 305 , 285 ,,
period1,sc01,t6230, 304.829629131445 , 284.829629131445 ,,
period1,sc01,t6231, 304.330127018922 , 284.330127018922 ,,
period1,sc01,t6232, 303.535533905932 , 283.535533905932 ,,
period1,sc01,t6233, 302.5 , 282.5 ,,
period1,sc01,t6234, 301.294095225512 , 281.294095225512 ,,
period1,sc01,t6235, 300 , 280 ,,
period1,sc01,t6236, 298.705904774487 , 278.705904774487 ,,
period1,sc01,t6237, 297.5 , 277.5 ,,
period1,sc01,t6238, 296.464466094067 , 276.464466094067 ,,
period1,sc01,t6239, 295.669872981077 , 275.669872981077 ,,
period1,sc01,t6240, 295.170370868554 , 275.170370868554 ,,
period1,sc01,t6241, 295 , 275 ,,
period1,sc01,t6242, 295.170370868554 , 275.170370868554 ,,
period1,sc01,t6243, 295.669872981077 , 275.669872981077 ,,
period1,sc01,t6244, 296.464466094067 , 276.464466094067 ,,
period1,sc01,t6245, 297.5 , 277.5 ,,
period1,sc01,t6246, 298.705904774487 , 278.705904774487 ,,
period1,sc01,t6247, 300 , 280 ,,
period1,sc01,t6248, 301.294095225512 , 281.294095225512 ,,
period1,sc01,t6249, 302.5 , 282.5 ,,
period1,sc01,t6250, 303.535533905932 , 283.535533905932 ,,
period1,sc01,t6251, 304.330127018922 , 284.330127018922 ,,
period1,sc01,t6252, 304.829629131445 , 284.829629131445 ,,
period1,sc01,t6253, 305 , 285 ,,
period1,sc01,t6254, 304.829629131445 , 284.829629131445 ,,
period1,sc01,t6255, 304.330127018922 , 284.330127018922 ,,
period1,sc01,t6256, 303.535533905932 , 283.535533905932 ,,
period1,sc01,t6257, 302.5 , 282.5 ,,
period1,sc01,t6258, 301.294095225512 , 281.294095225512 ,,
period1,sc01,t6259, 300 , 280 ,,
period1,sc01,t6260, 298.705904774487 , 278.705904774487 ,,
period1,sc01,t6261, 297.5 , 277.5 ,,
period1,sc01,t6262, 296.464466094067 , 276.464466094067 ,,
period1,sc01,t6263, 295.669872981077 , 275.669872981077 ,,
period1,sc01,t6264, 295.170370868554 , 275.170370868554 ,,
period1,sc01,t6265, 295 , 275 ,,
period1,sc01,t6266, 295.170370868554 , 275.170370868554 ,,
period1,sc01,t6267, 295.669872981077 , 275.669872981077 ,,
period1,sc01,t6268, 296.464466094067 , 276.464466094067 ,,
period1,sc01,t6269, 297.5 , 277.5 ,,
period1,sc01,t6270, 298.705904774487 , 278.705904774487 ,,
period1,sc01,t6271, 300 , 280 ,,
period1,sc01,t6272, 301.294095225512 , 281.294095225512 ,,
period1,sc01,t6273, 302.5 , 282.5 ,,
period1,sc01,t6274, 303.535533905932 , 283.535533905932 ,,
period1,sc01,t6275, 304.330127018922 , 284.330127018922 ,,
period1,sc01,t6276, 304.829629131445 , 284.829629131445 ,,
period1,sc01,t6277, 305 , 285 ,,
period1,sc01,t6278, 304.829629131445 , 284.829629131445 ,,
period1,sc01,t6279, 304.330127018922 , 284.330127018922 ,,
period1,sc01,t6280, 303.535533905932 , 283.535533905932 ,,
period1,sc01,t6281, 302.5 , 282.5 ,,
period1,sc01,t6282, 301.294095225512 , 281.294095225512 ,,
period1,sc01,t6283, 300 , 280 ,,
period1,sc01,t6284, 298.705904774487 , 278.705904774487 ,,
period1,sc01,t6285, 297.5 , 277.5 ,,
period1,sc01,t6286, 296.464466094067 , 276.464466094067 ,,
period1,sc01,t6287, 295.669872981077 , 275.669872981077 ,,
period1,sc01,t6288, 295.170370868554 , 275.170370868554 ,,
period1,sc01,t6289, 295 , 275 ,,
period1,sc01,t6290, 295.170370868554 , 275.170370868554 ,,
period1,sc01,t6291, 295.669872981077 , 275.669872981077 ,,
period1,sc01,t6292, 296.464466094067 , 276.464466094067 ,,
period1,sc01,t6293, 297.5 , 277.5 ,,
period1,sc01,t6294, 298.705904774487 , 278.705904774487 ,,
period1,sc01,t6295, 300 , 280 ,,
period1,sc01,t6296, 301.294095225512 , 281.294095225512 ,,
period1,sc01,t6297, 302.5 , 282.5 ,,
period1,sc01,t6298, 303.535533905932 , 283.535533905932 ,,
period1,sc01,t6299, 304.330127018922 , 284.330127018922 ,,
period1,sc01,t6300, 304.829629131445 , 284.829629131445 ,,
period1,sc01,t6301, 305 , 285 ,,
period1,sc01,t6302, 304.829629131445 , 284.829629131445 ,,
period1,sc01,t6303, 304.330127018922 , 284.330127018922 ,,
period1,sc01,t6304, 303.535533905932 , 283.535533905932 ,,
period1,sc01,t6305, 302.5 , 282.5 ,,
period1,sc01,t6306, 301.294095225512 , 281.294095225512 ,,
period1,sc01,t6307, 300 , 280 ,,
period1,sc01,t6308, 298.705904774487 , 278.705904774487 ,,
period1,sc01,t6309, 297.5 , 277.5 ,,
period1,sc01,t6310, 296.464466094067 , 276.464466094067 ,,
period1,sc01,t6311, 295.669872981077 , 275.669872981077 ,,
period1,sc01,t6312, 295.170370868554 , 275.170370868554 ,,
period1,sc01,t6313, 295 , 275 ,,
period1,sc01,t6314, 295.170370868554 , 275.170370868554 ,,
period1,sc01,t6315, 295.669872981077 , 275.669872981077 ,,
period1,sc01,t6316, 296.464466094067 , 276.464466094067 ,,
period1,sc01,t6317, 297.5 , 277.5 ,,
period1,sc01,t6318, 298.705904774487 , 278.705904774487 ,,
period1,sc01,t6319, 300 , 280 ,,
period1,sc01,t6320, 301.294095225512 , 281.294095225512 ,,
period1,sc01,t6321, 302.5 , 282.5 ,,
period1,sc01,t6322, 303.535533905932 , 283.535533905932 ,,
period1,sc01,t6323, 304.330127018922 , 284.330127018922 ,,
period1,sc01,t6324, 304.829629131445 , 284.829629131445 ,,
period1,sc01,t6325, 305 , 285 ,,
period1,sc01,t6326, 304.829629131445 , 284.829629131445 ,,
period1,sc01,t6327, 304.330127018922 , 284.330127018922 ,,
period1,sc01,t6328, 303.535533905932 , 283.535533905932 ,,
period1,sc01,t6329, 302.5 , 282.5 ,,
period1,sc01,t6330, 301.294095225512 , 281.294095225512 ,,
period1,sc01,t6331, 300 , 280 ,,
period1,sc01,t6332, 298.705904774487 , 278.705904774487 ,,
period1,sc01,t6333, 297.5 , 277.5 ,,
period1,sc01,t6334, 296.464466094067 , 276.464466094067 ,,
period1,sc01,t6335, 295.669872981077 , 275.669872981077 ,,
period1,sc01,t6336, 295.170370868554 , 275.170370868554 ,,
period1,sc01,t6337, 295 , 275 ,,
period1,sc01,t6338, 295.170370868554 , 275.170370868554 ,,
period1,sc01,t6339, 295.669872981077 , 275.669872981077 ,,
period1,sc01,t6340, 296.464466094067 , 276.464466094067 ,,
period1,sc01,t6341, 297.5 , 277.5 ,,
period1,sc01,t6342, 298.705904774487 , 278.705904774487 ,,
period1,sc01,t6343, 300 , 280 ,,
period1,sc01,t6344, 301.294095225512 , 281.294095225512 ,,
period1,sc01,t6345, 302.5 , 282.5 ,,
period1,sc01,t6346, 303.535533905932 , 283.535533905932 ,,
period1,sc01,t6347, 304.330127018922 , 284.330127018922 ,,
period1,sc01,t6348, 304.829629131445 , 284.829629131445 ,,
period1,sc01,t6349, 295 , 275 ,,
period1,sc01,t6350, 294.829629131445 , 274.829629131445 ,,
period1,sc01,t6351, 294.330127018922 , 274.330127018922 ,,
period1,sc01,t6352, 293.535533905932 , 273.535533905932 ,,
period1,sc01,t6353, 292.5 , 272.5 ,,
period1,sc01,t6354, 291.294095225512 , 271.294095225512 ,,
period1,sc01,t6355, 290 , 270 ,,
period1,sc01,t6356, 288.705904774487 , 268.705904774487 ,,
period1,sc01,t6357, 287.5 , 267.5 ,,
period1,sc01,t6358, 286.464466094067 , 266.464466094067 ,,
period1,sc01,t6359, 285.669872981077 , 265.669872981077 ,,
period1,sc01,t6360, 285.170370868554 , 265.170370868554 ,,
period1,sc01,t6361, 285 , 265 ,,
period1,sc01,t6362, 285.170370868554 , 265.170370868554 ,,
period1,sc01,t6363, 285.669872981077 , 265.669872981077 ,,
period1,sc01,t6364, 286.464466094067 , 266.464466094067 ,,
period1,sc01,t6365, 287.5 , 267.5 ,,
period1,sc01,t6366, 288.705904774487 , 268.705904774487 ,,
period1,sc01,t6367, 290 , 270 ,,
period1,sc01,t6368, 291.294095225512 , 271.294095225512 ,,
period1,sc01,t6369, 292.5 , 272.5 ,,
period1,sc01,t6370, 293.535533905932 , 273.535533905932 ,,
period1,sc01,t6371, 294.330127018922 , 274.330127018922 ,,
period1,sc01,t6372, 294.829629131445 , 274.829629131445 ,,
period1,sc01,t6373, 295 , 275 ,,
period1,sc01,t6374, 294.829629131445 , 274.829629131445 ,,
period1,sc01,t6375, 294.330127018922 , 274.330127018922 ,,
period1,sc01,t6376, 293.535533905932 , 273.535533905932 ,,
period1,sc01,t6377, 292.5 , 272.5 ,,
period1,sc01,t6378, 291.294095225512 , 271.294095225512 ,,
period1,sc01,t6379, 290 , 270 ,,
period1,sc01,t6380, 288.705904774487 , 268.705904774487 ,,
period1,sc01,t6381, 287.5 , 267.5 ,,
period1,sc01,t6382, 286.464466094067 , 266.464466094067 ,,
period1,sc01,t6383, 285.669872981077 , 265.669872981077 ,,
period1,sc01,t6384, 285.170370868554 , 265.170370868554 ,,
period1,sc01,t6385, 285 , 265 ,,
period1,sc01,t6386, 285.170370868554 , 265.170370868554 ,,
period1,sc01,t6387, 285.669872981077 , 265.669872981077 ,,
period1,sc01,t6388, 286.464466094067 , 266.464466094067 ,,
period1,sc01,t6389, 287.5 , 267.5 ,,
period1,sc01,t6390, 288.705904774487 , 268.705904774487 ,,
period1,sc01,t6391, 290 , 270 ,,
period1,sc01,t6392, 291.294095225512 , 271.294095225512 ,,
period1,sc01,t6393, 292.5 , 272.5 ,,
period1,sc01,t6394, 293.535533905932 , 273.535533905932 ,,
period1,sc01,t6395, 294.330127018922 , 274.330127018922 ,,
period1,sc01,t6396, 294.829629131445 , 274.829629131445 ,,
period1,sc01,t6397, 305 , 285 ,,
period1,sc01,t6398, 304.829629131445 , 284.829629131445 ,,
period1,sc01,t6399, 304.330127018922 , 284.330127018922 ,,
period1,sc01,t6400, 303.535533905932 , 283.535533905932 ,,
period1,sc01,t6401, 302.5 , 282.5 ,,
period1,sc01,t6402, 301.294095225512 , 281.294095225512 ,,
period1,sc01,t6403, 300 , 280 ,,
period1,sc01,t6404, 298.705904774487 , 278.705904774487 ,,
period1,sc01,t6405, 297.5 , 277.5 ,,
period1,sc01,t6406, 296.464466094067 , 276.464466094067 ,,
period1,sc01,t6407, 295.669872981077 , 275.669872981077 ,,
period1,sc01,t6408, 295.170370868554 , 275.170370868554 ,,
period1,sc01,t6409, 295 , 275 ,,
period1,sc01,t6410, 295.170370868554 , 275.170370868554 ,,
period1,sc01,t6411, 295.669872981077 , 275.669872981077 ,,
period1,sc01,t6412, 296.464466094067 , 276.464466094067 ,,
period1,sc01,t6413, 297.5 , 277.5 ,,
period1,sc01,t6414, 298.705904774487 , 278.705904774487 ,,
period1,sc01,t6415, 300 , 280 ,,
period1,sc01,t6416, 301.294095225512 , 281.294095225512 ,,
period1,sc01,t6417, 302.5 , 282.5 ,,
period1,sc01,t6418, 303.535533905932 , 283.535533905932 ,,
period1,sc01,t6419, 304.330127018922 , 284.330127018922 ,,
period1,sc01,t6420, 304.829629131445 , 284.829629131445 ,,
period1,sc01,t6421, 305 , 285 ,,
period1,sc01,t6422, 304.829629131445 , 284.829629131445 ,,
period1,sc01,t6423, 304.330127018922 , 284.330127018922 ,,
period1,sc01,t6424, 303.535533905932 , 283.535533905932 ,,
period1,sc01,t6425, 302.5 , 282.5 ,,
period1,sc01,t6426, 301.294095225512 , 281.294095225512 ,,
period1,sc01,t6427, 300 , 280 ,,
period1,sc01,t6428, 298.705904774487 , 278.705904774487 ,,
period1,sc01,t6429, 297.5 , 277.5 ,,
period1,sc01,t6430, 296.464466094067 , 276.464466094067 ,,
period1,sc01,t6431, 295.669872981077 , 275.669872981077 ,,
period1,sc01,t6432, 295.170370868554 , 275.170370868554 ,,
period1,sc01,t6433, 295 , 275 ,,
period1,sc01,t6434, 295.170370868554 , 275.170370868554 ,,
period1,sc01,t6435, 295.669872981077 , 275.669872981077 ,,
period1,sc01,t6436, 296.464466094067 , 276.464466094067 ,,
period1,sc01,t6437, 297.5 , 277.5 ,,
period1,sc01,t6438, 298.705904774487 , 278.705904774487 ,,
period1,sc01,t6439, 300 , 280 ,,
period1,sc01,t6440, 301.294095225512 , 281.294095225512 ,,
period1,sc01,t6441, 302.5 , 282.5 ,,
period1,sc01,t6442, 303.535533905932 , 283.535533905932 ,,
period1,sc01,t6443, 304.330127018922 , 284.330127018922 ,,
period1,sc01,t6444, 304.829629131445 , 284.829629131445 ,,
period1,sc01,t6445, 305 , 285 ,,
period1,sc01,t6446, 304.829629131445 , 284.829629131445 ,,
period1,sc01,t6447, 304.330127018922 , 284.330127018922 ,,
period1,sc01,t6448, 303.535533905932 , 283.535533905932 ,,
period1,sc01,t6449, 302.5 , 282.5 ,,
period1,sc01,t6450, 301.294095225512 , 281.294095225512 ,,
period1,sc01,t6451, 300 , 280 ,,
period1,sc01,t6452, 298.705904774487 , 278.705904774487 ,,
period1,sc01,t6453, 297.5 , 277.5 ,,
period1,sc01,t6454, 296.464466094067 , 276.464466094067 ,,
period1,sc01,t6455, 295.669872981077 , 275.669872981077 ,,
period1,sc01,t6456, 295.170370868554 , 275.170370868554 ,,
period1,sc01,t6457, 295 , 275 ,,
period1,sc01,t6458, 295.170370868554 , 275.170370868554 ,,
period1,sc01,t6459, 295.669872981077 , 275.669872981077 ,,
period1,sc01,t6460, 296.464466094067 , 276.464466094067 ,,
period1,sc01,t6461, 297.5 , 277.5 ,,
period1,sc01,t6462, 298.705904774487 , 278.705904774487 ,,
period1,sc01,t6463, 300 , 280 ,,
period1,sc01,t6464, 301.294095225512 , 281.294095225512 ,,
period1,sc01,t6465, 302.5 , 282.5 ,,
period1,sc01,t6466, 303.535533905932 , 283.535533905932 ,,
period1,sc01,t6467, 304.330127018922 , 284.330127018922 ,,
period1,sc01,t6468, 304.829629131445 , 284.829629131445 ,,
period1,sc01,t6469, 305 , 285 ,,
period1,sc01,t6470, 304.829629131445 , 284.829629131445 ,,
period1,sc01,t6471, 304.330127018922 , 284.330127018922 ,,
period1,sc01,t6472, 303.535533905932 , 283.535533905932 ,,
period1,sc01,t6473, 302.5 , 282.5 ,,
period1,sc01,t6474, 301.294095225512 , 281.294095225512 ,,
period1,sc01,t6475, 300 , 280 ,,
period1,sc01,t6476, 298.705904774487 , 278.705904774487 ,,
period1,sc01,t6477, 297.5 , 277.5 ,,
period1,sc01,t6478, 296.464466094067 , 276.464466094067 ,,
period1,sc01,t6479, 295.669872981077 , 275.669872981077 ,,
period1,sc01,t6480, 295.170370868554 , 275.170370868554 ,,
period1,sc01,t6481, 295 , 275 ,,
period1,sc01,t6482, 295.170370868554 , 275.170370868554 ,,
period1,sc01,t6483, 295.669872981077 , 275.669872981077 ,,
period1,sc01,t6484, 296.464466094067 , 276.464466094067 ,,
period1,sc01,t6485, 297.5 , 277.5 ,,
period1,sc01,t6486, 298.705904774487 , 278.705904774487 ,,
period1,sc01,t6487, 300 , 280 ,,
period1,sc01,t6488, 301.294095225512 , 281.294095225512 ,,
period1,sc01,t6489, 302.5 , 282.5 ,,
period1,sc01,t6490, 303.535533905932 , 283.535533905932 ,,
period1,sc01,t6491, 304.330127018922 , 284.330127018922 ,,
period1,sc01,t6492, 304.829629131445 , 284.829629131445 ,,
period1,sc01,t6493, 305 , 285 ,,
period1,sc01,t6494, 304.829629131445 , 284.829629131445 ,,
period1,sc01,t6495, 304.330127018922 , 284.330127018922 ,,
period1,sc01,t6496, 303.535533905932 , 283.535533905932 ,,
period1,sc01,t6497, 302.5 , 282.5 ,,
period1,sc01,t6498, 301.294095225512 , 281.294095225512 ,,
period1,sc01,t6499, 300 , 280 ,,
period1,sc01,t6500, 298.705904774487 , 278.705904774487 ,,
period1,sc01,t6501, 297.5 , 277.5 ,,
period1,sc01,t6502, 296.464466094067 , 276.464466094067 ,,
period1,sc01,t6503, 295.669872981077 , 275.669872981077 ,,
period1,sc01,t6504, 295.170370868554 , 275.170370868554 ,,
period1,sc01,t6505, 295 , 275 ,,
period1,sc01,t6506, 295.170370868554 , 275.170370868554 ,,
period1,sc01,t6507, 295.669872981077 , 275.669872981077 ,,
period1,sc01,t6508, 296.464466094067 , 276.464466094067 ,,
period1,sc01,t6509, 297.5 , 277.5 ,,
period1,sc01,t6510, 298.705904774487 , 278.705904774487 ,,
period1,sc01,t6511, 300 , 280 ,,
period1,sc01,t6512, 301.294095225512 , 281.294095225512 ,,
period1,sc01,t6513, 302.5 , 282.5 ,,
period1,sc01,t6514, 303.535533905932 , 283.535533905932 ,,
period1,sc01,t6515, 304.330127018922 , 284.330127018922 ,,
period1,sc01,t6516, 304.829629131445 , 284.829629131445 ,,
period1,sc01,t6517, 295 , 275 ,,
period1,sc01,t6518, 294.829629131445 , 274.829629131445 ,,
period1,sc01,t6519, 294.330127018922 , 274.330127018922 ,,
period1,sc01,t6520, 293.535533905932 , 273.535533905932 ,,
period1,sc01,t6521, 292.5 , 272.5 ,,
period1,sc01,t6522, 291.294095225512 , 271.294095225512 ,,
period1,sc01,t6523, 290 , 270 ,,
period1,sc01,t6524, 288.705904774487 , 268.705904774487 ,,
period1,sc01,t6525, 287.5 , 267.5 ,,
period1,sc01,t6526, 286.464466094067 , 266.464466094067 ,,
period1,sc01,t6527, 285.669872981077 , 265.669872981077 ,,
period1,sc01,t6528, 285.170370868554 , 265.170370868554 ,,
period1,sc01,t6529, 285 , 265 ,,
period1,sc01,t6530, 285.170370868554 , 265.170370868554 ,,
period1,sc01,t6531, 285.669872981077 , 265.669872981077 ,,
period1,sc01,t6532, 286.464466094067 , 266.464466094067 ,,
period1,sc01,t6533, 287.5 , 267.5 ,,
period1,sc01,t6534, 288.705904774487 , 268.705904774487 ,,
period1,sc01,t6535, 290 , 270 ,,
period1,sc01,t6536, 291.294095225512 , 271.294095225512 ,,
period1,sc01,t6537, 292.5 , 272.5 ,,
period1,sc01,t6538, 293.535533905932 , 273.535533905932 ,,
period1,sc01,t6539, 294.330127018922 , 274.330127018922 ,,
period1,sc01,t6540, 294.829629131445 , 274.829629131445 ,,
period1,sc01,t6541, 295 , 275 ,,
period1,sc01,t6542, 294.829629131445 , 274.829629131445 ,,
period1,sc01,t6543, 294.330127018922 , 274.330127018922 ,,
period1,sc01,t6544, 293.535533905932 , 273.535533905932 ,,
period1,sc01,t6545, 292.5 , 272.5 ,,
period1,sc01,t6546, 291.294095225512 , 271.294095225512 ,,
period1,sc01,t6547, 290 , 270 ,,
period1,sc01,t6548, 288.705904774487 , 268.705904774487 ,,
period1,sc01,t6549, 287.5 , 267.5 ,,
period1,sc01,t6550, 286.464466094067 , 266.464466094067 ,,
period1,sc01,t6551, 285.669872981077 , 265.669872981077 ,,
period1,sc01,t6552, 285.170370868554 , 265.170370868554 ,,
period1,sc01,t6553, 285 , 265 ,,
period1,sc01,t6554, 285.170370868554 , 265.170370868554 ,,
period1,sc01,t6555, 285.669872981077 , 265.669872981077 ,,
period1,sc01,t6556, 286.464466094067 , 266.464466094067 ,,
period1,sc01,t6557, 287.5 , 267.5 ,,
period1,sc01,t6558, 288.705904774487 , 268.705904774487 ,,
period1,sc01,t6559, 290 , 270 ,,
period1,sc01,t6560, 291.294095225512 , 271.294095225512 ,,
period1,sc01,t6561, 292.5 , 272.5 ,,
period1,sc01,t6562, 293.535533905932 , 273.535533905932 ,,
period1,sc01,t6563, 294.330127018922 , 274.330127018922 ,,
period1,sc01,t6564, 294.829629131445 , 274.829629131445 ,,
period1,sc01,t6565, 305 , 285 ,,
period1,sc01,t6566, 304.829629131445 , 284.829629131445 ,,
period1,sc01,t6567, 304.330127018922 , 284.330127018922 ,,
period1,sc01,t6568, 303.535533905932 , 283.535533905932 ,,
period1,sc01,t6569, 302.5 , 282.5 ,,
period1,sc01,t6570, 301.294095225512 , 281.294095225512 ,,
period1,sc01,t6571, 300 , 280 ,,
period1,sc01,t6572, 298.705904774487 , 278.705904774487 ,,
period1,sc01,t6573, 297.5 , 277.5 ,,
period1,sc01,t6574, 296.464466094067 , 276.464466094067 ,,
period1,sc01,t6575, 295.669872981077 , 275.669872981077 ,,
period1,sc01,t6576, 295.170370868554 , 275.170370868554 ,,
period1,sc01,t6577, 295 , 275 ,,
period1,sc01,t6578, 295.170370868554 , 275.170370868554 ,,
period1,sc01,t6579, 295.669872981077 , 275.669872981077 ,,
period1,sc01,t6580, 296.464466094067 , 276.464466094067 ,,
period1,sc01,t6581, 297.5 , 277.5 ,,
period1,sc01,t6582, 298.705904774487 , 278.705904774487 ,,
period1,sc01,t6583, 300 , 280 ,,
period1,sc01,t6584, 301.294095225512 , 281.294095225512 ,,
period1,sc01,t6585, 302.5 , 282.5 ,,
period1,sc01,t6586, 303.535533905932 , 283.535533905932 ,,
period1,sc01,t6587, 304.330127018922 , 284.330127018922 ,,
period1,sc01,t6588, 304.829629131445 , 284.829629131445 ,,
period1,sc01,t6589, 305 , 285 ,,
period1,sc01,t6590, 304.829629131445 , 284.829629131445 ,,
period1,sc01,t6591, 304.330127018922 , 284.330127018922 ,,
period1,sc01,t6592, 303.535533905932 , 283.535533905932 ,,
period1,sc01,t6593, 302.5 , 282.5 ,,
period1,sc01,t6594, 301.294095225512 , 281.294095225512 ,,
period1,sc01,t6595, 300 , 280 ,,
period1,sc01,t6596, 298.705904774487 , 278.705904774487 ,,
period1,sc01,t6597, 297.5 , 277.5 ,,
period1,sc01,t6598, 296.464466094067 , 276.464466094067 ,,
period1,sc01,t6599, 295.669872981077 , 275.669872981077 ,,
period1,sc01,t6600, 295.170370868554 , 275.170370868554 ,,
period1,sc01,t6601, 295 , 275 ,,
period1,sc01,t6602, 295.170370868554 , 275.170370868554 ,,
period1,sc01,t6603, 295.669872981077 , 275.669872981077 ,,
period1,sc01,t6604, 296.464466094067 , 276.464466094067 ,,
period1,sc01,t6605, 297.5 , 277.5 ,,
period1,sc01,t6606, 298.705904774487 , 278.705904774487 ,,
period1,sc01,t6607, 300 , 280 ,,
period1,sc01,t6608, 301.294095225512 , 281.294095225512 ,,
period1,sc01,t6609, 302.5 , 282.5 ,,
period1,sc01,t6610, 303.535533905932 , 283.535533905932 ,,
period1,sc01,t6611, 304.330127018922 , 284.330127018922 ,,
period1,sc01,t6612, 304.829629131445 , 284.829629131445 ,,
period1,sc01,t6613, 305 , 285 ,,
period1,sc01,t6614, 304.829629131445 , 284.829629131445 ,,
period1,sc01,t6615, 304.330127018922 , 284.330127018922 ,,
period1,sc01,t6616, 303.535533905932 , 283.535533905932 ,,
period1,sc01,t6617, 302.5 , 282.5 ,,
period1,sc01,t6618, 301.294095225512 , 281.294095225512 ,,
period1,sc01,t6619, 300 , 280 ,,
period1,sc01,t6620, 298.705904774487 , 278.705904774487 ,,
period1,sc01,t6621, 297.5 , 277.5 ,,
period1,sc01,t6622, 296.464466094067 , 276.464466094067 ,,
period1,sc01,t6623, 295.669872981077 , 275.669872981077 ,,
period1,sc01,t6624, 295.170370868554 , 275.170370868554 ,,
period1,sc01,t6625, 295 , 275 ,,
period1,sc01,t6626, 295.170370868554 , 275.170370868554 ,,
period1,sc01,t6627, 295.669872981077 , 275.669872981077 ,,
period1,sc01,t6628, 296.464466094067 , 276.464466094067 ,,
period1,sc01,t6629, 297.5 , 277.5 ,,
period1,sc01,t6630, 298.705904774487 , 278.705904774487 ,,
period1,sc01,t6631, 300 , 280 ,,
period1,sc01,t6632, 301.294095225512 , 281.294095225512 ,,
period1,sc01,t6633, 302.5 , 282.5 ,,
period1,sc01,t6634, 303.535533905932 , 283.535533905932 ,,
period1,sc01,t6635, 304.330127018922 , 284.330127018922 ,,
period1,sc01,t6636, 304.829629131445 , 284.829629131445 ,,
period1,sc01,t6637, 305 , 285 ,,
period1,sc01,t6638, 304.829629131445 , 284.829629131445 ,,
period1,sc01,t6639, 304.330127018922 , 284.330127018922 ,,
period1,sc01,t6640, 303.535533905932 , 283.535533905932 ,,
period1,sc01,t6641, 302.5 , 282.5 ,,
period1,sc01,t6642, 301.294095225512 , 281.294095225512 ,,
period1,sc01,t6643, 300 , 280 ,,
period1,sc01,t6644, 298.705904774487 , 278.705904774487 ,,
period1,sc01,t6645, 297.5 , 277.5 ,,
period1,sc01,t6646, 296.464466094067 , 276.464466094067 ,,
period1,sc01,t6647, 295.669872981077 , 275.669872981077 ,,
period1,sc01,t6648, 295.170370868554 , 275.170370868554 ,,
period1,sc01,t6649, 295 , 275 ,,
period1,sc01,t6650, 295.170370868554 , 275.170370868554 ,,
period1,sc01,t6651, 295.669872981077 , 275.669872981077 ,,
period1,sc01,t6652, 296.464466094067 , 276.464466094067 ,,
period1,sc01,t6653, 297.5 , 277.5 ,,
period1,sc01,t6654, 298.705904774487 , 278.705904774487 ,,
period1,sc01,t6655, 300 , 280 ,,
period1,sc01,t6656, 301.294095225512 , 281.294095225512 ,,
period1,sc01,t6657, 302.5 , 282.5 ,,
period1,sc01,t6658, 303.535533905932 , 283.535533905932 ,,
period1,sc01,t6659, 304.330127018922 , 284.330127018922 ,,
period1,sc01,t6660, 304.829629131445 , 284.829629131445 ,,
period1,sc01,t6661, 305 , 285 ,,
period1,sc01,t6662, 304.829629131445 , 284.829629131445 ,,
period1,sc01,t6663, 304.330127018922 , 284.330127018922 ,,
period1,sc01,t6664, 303.535533905932 , 283.535533905932 ,,
period1,sc01,t6665, 302.5 , 282.5 ,,
period1,sc01,t6666, 301.294095225512 , 281.294095225512 ,,
period1,sc01,t6667, 300 , 280 ,,
period1,sc01,t6668, 298.705904774487 , 278.705904774487 ,,
period1,sc01,t6669, 297.5 , 277.5 ,,
period1,sc01,t6670, 296.464466094067 , 276.464466094067 ,,
period1,sc01,t6671, 295.669872981077 , 275.669872981077 ,,
period1,sc01,t6672, 295.170370868554 , 275.170370868554 ,,
period1,sc01,t6673, 295 , 275 ,,
period1,sc01,t6674, 295.170370868554 , 275.170370868554 ,,
period1,sc01,t6675, 295.669872981077 , 275.669872981077 ,,
period1,sc01,t6676, 296.464466094067 , 276.464466094067 ,,
period1,sc01,t6677, 297.5 , 277.5 ,,
period1,sc01,t6678, 298.705904774487 , 278.705904774487 ,,
period1,sc01,t6679, 300 , 280 ,,
period1,sc01,t6680, 301.294095225512 , 281.294095225512 ,,
period1,sc01,t6681, 302.5 , 282.5 ,,
period1,sc01,t6682, 303.535533905932 , 283.535533905932 ,,
period1,sc01,t6683, 304.330127018922 , 284.330127018922 ,,
period1,sc01,t6684, 304.829629131445 , 284.829629131445 ,,
period1,sc01,t6685, 295 , 275 ,,
period1,sc01,t6686, 294.829629131445 , 274.829629131445 ,,
period1,sc01,t6687, 294.330127018922 , 274.330127018922 ,,
period1,sc01,t6688, 293.535533905932 , 273.535533905932 ,,
period1,sc01,t6689, 292.5 , 272.5 ,,
period1,sc01,t6690, 291.294095225512 , 271.294095225512 ,,
period1,sc01,t6691, 290 , 270 ,,
period1,sc01,t6692, 288.705904774487 , 268.705904774487 ,,
period1,sc01,t6693, 287.5 , 267.5 ,,
period1,sc01,t6694, 286.464466094067 , 266.464466094067 ,,
period1,sc01,t6695, 285.669872981077 , 265.669872981077 ,,
period1,sc01,t6696, 285.170370868554 , 265.170370868554 ,,
period1,sc01,t6697, 285 , 265 ,,
period1,sc01,t6698, 285.170370868554 , 265.170370868554 ,,
period1,sc01,t6699, 285.669872981077 , 265.669872981077 ,,
period1,sc01,t6700, 286.464466094067 , 266.464466094067 ,,
period1,sc01,t6701, 287.5 , 267.5 ,,
period1,sc01,t6702, 288.705904774487 , 268.705904774487 ,,
period1,sc01,t6703, 290 , 270 ,,
period1,sc01,t6704, 291.294095225512 , 271.294095225512 ,,
period1,sc01,t6705, 292.5 , 272.5 ,,
period1,sc01,t6706, 293.535533905932 , 273.535533905932 ,,
period1,sc01,t6707, 294.330127018922 , 274.330127018922 ,,
period1,sc01,t6708, 294.829629131445 , 274.829629131445 ,,
period1,sc01,t6709, 295 , 275 ,,
period1,sc01,t6710, 294.829629131445 , 274.829629131445 ,,
period1,sc01,t6711, 294.330127018922 , 274.330127018922 ,,
period1,sc01,t6712, 293.535533905932 , 273.535533905932 ,,
period1,sc01,t6713, 292.5 , 272.5 ,,
period1,sc01,t6714, 291.294095225512 , 271.294095225512 ,,
period1,sc01,t6715, 290 , 270 ,,
period1,sc01,t6716, 288.705904774487 , 268.705904774487 ,,
period1,sc01,t6717, 287.5 , 267.5 ,,
period1,sc01,t6718, 286.464466094067 , 266.464466094067 ,,
period1,sc01,t6719, 285.669872981077 , 265.669872981077 ,,
period1,sc01,t6720, 285.170370868554 , 265.170370868554 ,,
period1,sc01,t6721, 285 , 265 ,,
period1,sc01,t6722, 285.170370868554 , 265.170370868554 ,,
period1,sc01,t6723, 285.669872981077 , 265.669872981077 ,,
period1,sc01,t6724, 286.464466094067 , 266.464466094067 ,,
period1,sc01,t6725, 287.5 , 267.5 ,,
period1,sc01,t6726, 288.705904774487 , 268.705904774487 ,,
period1,sc01,t6727, 290 , 270 ,,
period1,sc01,t6728, 291.294095225512 , 271.294095225512 ,,
period1,sc01,t6729, 292.5 , 272.5 ,,
period1,sc01,t6730, 293.535533905932 , 273.535533905932 ,,
period1,sc01,t6731, 294.330127018922 , 274.330127018922 ,,
period1,sc01,t6732, 294.829629131445 , 274.829629131445 ,,
period1,sc01,t6733, 305 , 285 ,,
period1,sc01,t6734, 304.829629131445 , 284.829629131445 ,,
period1,sc01,t6735, 304.330127018922 , 284.330127018922 ,,
period1,sc01,t6736, 303.535533905932 , 283.535533905932 ,,
period1,sc01,t6737, 302.5 , 282.5 ,,
period1,sc01,t6738, 301.294095225512 , 281.294095225512 ,,
period1,sc01,t6739, 300 , 280 ,,
period1,sc01,t6740, 298.705904774487 , 278.705904774487 ,,
period1,sc01,t6741, 297.5 , 277.5 ,,
period1,sc01,t6742, 296.464466094067 , 276.464466094067 ,,
period1,sc01,t6743, 295.669872981077 , 275.669872981077 ,,
period1,sc01,t6744, 295.170370868554 , 275.170370868554 ,,
period1,sc01,t6745, 295 , 275 ,,
period1,sc01,t6746, 295.170370868554 , 275.170370868554 ,,
period1,sc01,t6747, 295.669872981077 , 275.669872981077 ,,
period1,sc01,t6748, 296.464466094067 , 276.464466094067 ,,
period1,sc01,t6749, 297.5 , 277.5 ,,
period1,sc01,t6750, 298.705904774487 , 278.705904774487 ,,
period1,sc01,t6751, 300 , 280 ,,
period1,sc01,t6752, 301.294095225512 , 281.294095225512 ,,
period1,sc01,t6753, 302.5 , 282.5 ,,
period1,sc01,t6754, 303.535533905932 , 283.535533905932 ,,
period1,sc01,t6755, 304.330127018922 , 284.330127018922 ,,
period1,sc01,t6756, 304.829629131445 , 284.829629131445 ,,
period1,sc01,t6757, 305 , 285 ,,
period1,sc01,t6758, 304.829629131445 , 284.829629131445 ,,
period1,sc01,t6759, 304.330127018922 , 284.330127018922 ,,
period1,sc01,t6760, 303.535533905932 , 283.535533905932 ,,
period1,sc01,t6761, 302.5 , 282.5 ,,
period1,sc01,t6762, 301.294095225512 , 281.294095225512 ,,
period1,sc01,t6763, 300 , 280 ,,
period1,sc01,t6764, 298.705904774487 , 278.705904774487 ,,
period1,sc01,t6765, 297.5 , 277.5 ,,
period1,sc01,t6766, 296.464466094067 , 276.464466094067 ,,
period1,sc01,t6767, 295.669872981077 , 275.669872981077 ,,
period1,sc01,t6768, 295.170370868554 , 275.170370868554 ,,
period1,sc01,t6769, 295 , 275 ,,
period1,sc01,t6770, 295.170370868554 , 275.170370868554 ,,
period1,sc01,t6771, 295.669872981077 , 275.669872981077 ,,
period1,sc01,t6772, 296.464466094067 , 276.464466094067 ,,
period1,sc01,t6773, 297.5 , 277.5 ,,
period1,sc01,t6774, 298.705904774487 , 278.705904774487 ,,
period1,sc01,t6775, 300 , 280 ,,
period1,sc01,t6776, 301.294095225512 , 281.294095225512 ,,
period1,sc01,t6777, 302.5 , 282.5 ,,
period1,sc01,t6778, 303.535533905932 , 283.535533905932 ,,
period1,sc01,t6779, 304.330127018922 , 284.330127018922 ,,
period1,sc01,t6780, 304.829629131445 , 284.829629131445 ,,
period1,sc01,t6781, 305 , 285 ,,
period1,sc01,t6782, 304.829629131445 , 284.829629131445 ,,
period1,sc01,t6783, 304.330127018922 , 284.330127018922 ,,
period1,sc01,t6784, 303.535533905932 , 283.535533905932 ,,
period1,sc01,t6785, 302.5 , 282.5 ,,
period1,sc01,t6786, 301.294095225512 , 281.294095225512 ,,
period1,sc01,t6787, 300 , 280 ,,
period1,sc01,t6788, 298.705904774487 , 278.705904774487 ,,
period1,sc01,t6789, 297.5 , 277.5 ,,
period1,sc01,t6790, 296.464466094067 , 276.464466094067 ,,
period1,sc01,t6791, 295.669872981077 , 275.669872981077 ,,
period1,sc01,t6792, 295.170370868554 , 275.170370868554 ,,
period1,sc01,t6793, 295 , 275 ,,
period1,sc01,t6794, 295.170370868554 , 275.170370868554 ,,
period1,sc01,t6795, 295.669872981077 , 275.669872981077 ,,
period1,sc01,t6796, 296.464466094067 , 276.464466094067 ,,
period1,sc01,t6797, 297.5 , 277.5 ,,
period1,sc01,t6798, 298.705904774487 , 278.705904774487 ,,
period1,sc01,t6799, 300 , 280 ,,
period1,sc01,t6800, 301.294095225512 , 281.294095225512 ,,
period1,sc01,t6801, 302.5 , 282.5 ,,
period1,sc01,t6802, 303.535533905932 , 283.535533905932 ,,
period1,sc01,t6803, 304.330127018922 , 284.330127018922 ,,
period1,sc01,t6804, 304.829629131445 , 284.829629131445 ,,
period1,sc01,t6805, 305 , 285 ,,
period1,sc01,t6806, 304.829629131445 , 284.829629131445 ,,
period1,sc01,t6807, 304.330127018922 , 284.330127018922 ,,
period1,sc01,t6808, 303.535533905932 , 283.535533905932 ,,
period1,sc01,t6809, 302.5 , 282.5 ,,
period1,sc01,t6810, 301.294095225512 , 281.294095225512 ,,
period1,sc01,t6811, 300 , 280 ,,
period1,sc01,t6812, 298.705904774487 , 278.705904774487 ,,
period1,sc01,t6813, 297.5 , 277.5 ,,
period1,sc01,t6814, 296.464466094067 , 276.464466094067 ,,
period1,sc01,t6815, 295.669872981077 , 275.669872981077 ,,
period1,sc01,t6816, 295.170370868554 , 275.170370868554 ,,
period1,sc01,t6817, 295 , 275 ,,
period1,sc01,t6818, 295.170370868554 , 275.170370868554 ,,
period1,sc01,t6819, 295.669872981077 , 275.669872981077 ,,
period1,sc01,t6820, 296.464466094067 , 276.464466094067 ,,
period1,sc01,t6821, 297.5 , 277.5 ,,
period1,sc01,t6822, 298.705904774487 , 278.705904774487 ,,
period1,sc01,t6823, 300 , 280 ,,
period1,sc01,t6824, 301.294095225512 , 281.294095225512 ,,
period1,sc01,t6825, 302.5 , 282.5 ,,
period1,sc01,t6826, 303.535533905932 , 283.535533905932 ,,
period1,sc01,t6827, 304.330127018922 , 284.330127018922 ,,
period1,sc01,t6828, 304.829629131445 , 284.829629131445 ,,
period1,sc01,t6829, 305 , 285 ,,
period1,sc01,t6830, 304.829629131445 , 284.829629131445 ,,
period1,sc01,t6831, 304.330127018922 , 284.330127018922 ,,
period1,sc01,t6832, 303.535533905932 , 283.535533905932 ,,
period1,sc01,t6833, 302.5 , 282.5 ,,
period1,sc01,t6834, 301.294095225512 , 281.294095225512 ,,
period1,sc01,t6835, 300 , 280 ,,
period1,sc01,t6836, 298.705904774487 , 278.705904774487 ,,
period1,sc01,t6837, 297.5 , 277.5 ,,
period1,sc01,t6838, 296.464466094067 , 276.464466094067 ,,
period1,sc01,t6839, 295.669872981077 , 275.669872981077 ,,
period1,sc01,t6840, 295.170370868554 , 275.170370868554 ,,
period1,sc01,t6841, 295 , 275 ,,
period1,sc01,t6842, 295.170370868554 , 275.170370868554 ,,
period1,sc01,t6843, 295.669872981077 , 275.669872981077 ,,
period1,sc01,t6844, 296.464466094067 , 276.464466094067 ,,
period1,sc01,t6845, 297.5 , 277.5 ,,
period1,sc01,t6846, 298.705904774487 , 278.705904774487 ,,
period1,sc01,t6847, 300 , 280 ,,
period1,sc01,t6848, 301.294095225512 , 281.294095225512 ,,
period1,sc01,t6849, 302.5 , 282.5 ,,
period1,sc01,t6850, 303.535533905932 , 283.535533905932 ,,
period1,sc01,t6851, 304.330127018922 , 284.330127018922 ,,
period1,sc01,t6852, 304.829629131445 , 284.829629131445 ,,
period1,sc01,t6853, 295 , 275 ,,
period1,sc01,t6854, 294.829629131445 , 274.829629131445 ,,
period1,sc01,t6855, 294.330127018922 , 274.330127018922 ,,
period1,sc01,t6856, 293.535533905932 , 273.535533905932 ,,
period1,sc01,t6857, 292.5 , 272.5 ,,
period1,sc01,t6858, 291.294095225512 , 271.294095225512 ,,
period1,sc01,t6859, 290 , 270 ,,
period1,sc01,t6860, 288.705904774487 , 268.705904774487 ,,
period1,sc01,t6861, 287.5 , 267.5 ,,
period1,sc01,t6862, 286.464466094067 , 266.464466094067 ,,
period1,sc01,t6863, 285.669872981077 , 265.669872981077 ,,
period1,sc01,t6864, 285.170370868554 , 265.170370868554 ,,
period1,sc01,t6865, 285 , 265 ,,
period1,sc01,t6866, 285.170370868554 , 265.170370868554 ,,
period1,sc01,t6867, 285.669872981077 , 265.669872981077 ,,
period1,sc01,t6868, 286.464466094067 , 266.464466094067 ,,
period1,sc01,t6869, 287.5 , 267.5 ,,
period1,sc01,t6870, 288.705904774487 , 268.705904774487 ,,
period1,sc01,t6871, 290 , 270 ,,
period1,sc01,t6872, 291.294095225512 , 271.294095225512 ,,
period1,sc01,t6873, 292.5 , 272.5 ,,
period1,sc01,t6874, 293.535533905932 , 273.535533905932 ,,
period1,sc01,t6875, 294.330127018922 , 274.330127018922 ,,
period1,sc01,t6876, 294.829629131445 , 274.829629131445 ,,
period1,sc01,t6877, 295 , 275 ,,
period1,sc01,t6878, 294.829629131445 , 274.829629131445 ,,
period1,sc01,t6879, 294.330127018922 , 274.330127018922 ,,
period1,sc01,t6880, 293.535533905932 , 273.535533905932 ,,
period1,sc01,t6881, 292.5 , 272.5 ,,
period1,sc01,t6882, 291.294095225512 , 271.294095225512 ,,
period1,sc01,t6883, 290 , 270 ,,
period1,sc01,t6884, 288.705904774487 , 268.705904774487 ,,
period1,sc01,t6885, 287.5 , 267.5 ,,
period1,sc01,t6886, 286.464466094067 , 266.464466094067 ,,
period1,sc01,t6887, 285.669872981077 , 265.669872981077 ,,
period1,sc01,t6888, 285.170370868554 , 265.170370868554 ,,
period1,sc01,t6889, 285 , 265 ,,
period1,sc01,t6890, 285.170370868554 , 265.170370868554 ,,
period1,sc01,t6891, 285.669872981077 , 265.669872981077 ,,
period1,sc01,t6892, 286.464466094067 , 266.464466094067 ,,
period1,sc01,t6893, 287.5 , 267.5 ,,
period1,sc01,t6894, 288.705904774487 , 268.705904774487 ,,
period1,sc01,t6895, 290 , 270 ,,
period1,sc01,t6896, 291.294095225512 , 271.294095225512 ,,
period1,sc01,t6897, 292.5 , 272.5 ,,
period1,sc01,t6898, 293.535533905932 , 273.535533905932 ,,
period1,sc01,t6899, 294.330127018922 , 274.330127018922 ,,
period1,sc01,t6900, 294.829629131445 , 274.829629131445 ,,
period1,sc01,t6901, 305 , 285 ,,
period1,sc01,t6902, 304.829629131445 , 284.829629131445 ,,
period1,sc01,t6903, 304.330127018922 , 284.330127018922 ,,
period1,sc01,t6904, 303.535533905932 , 283.535533905932 ,,
period1,sc01,t6905, 302.5 , 282.5 ,,
period1,sc01,t6906, 301.294095225512 , 281.294095225512 ,,
period1,sc01,t6907, 300 , 280 ,,
period1,sc01,t6908, 298.705904774487 , 278.705904774487 ,,
period1,sc01,t6909, 297.5 , 277.5 ,,
period1,sc01,t6910, 296.464466094067 , 276.464466094067 ,,
period1,sc01,t6911, 295.669872981077 , 275.669872981077 ,,
period1,sc01,t6912, 295.170370868554 , 275.170370868554 ,,
period1,sc01,t6913, 295 , 275 ,,
period1,sc01,t6914, 295.170370868554 , 275.170370868554 ,,
period1,sc01,t6915, 295.669872981077 , 275.669872981077 ,,
period1,sc01,t6916, 296.464466094067 , 276.464466094067 ,,
period1,sc01,t6917, 297.5 , 277.5 ,,
period1,sc01,t6918, 298.705904774487 , 278.705904774487 ,,
period1,sc01,t6919, 300 , 280 ,,
period1,sc01,t6920, 301.294095225512 , 281.294095225512 ,,
period1,sc01,t6921, 302.5 , 282.5 ,,
period1,sc01,t6922, 303.535533905932 , 283.535533905932 ,,
period1,sc01,t6923, 304.330127018922 , 284.330127018922 ,,
period1,sc01,t6924, 304.829629131445 , 284.829629131445 ,,
period1,sc01,t6925, 305 , 285 ,,
period1,sc01,t6926, 304.829629131445 , 284.829629131445 ,,
period1,sc01,t6927, 304.330127018922 , 284.330127018922 ,,
period1,sc01,t6928, 303.535533905932 , 283.535533905932 ,,
period1,sc01,t6929, 302.5 , 282.5 ,,
period1,sc01,t6930, 301.294095225512 , 281.294095225512 ,,
period1,sc01,t6931, 300 , 280 ,,
period1,sc01,t6932, 298.705904774487 , 278.705904774487 ,,
period1,sc01,t6933, 297.5 , 277.5 ,,
period1,sc01,t6934, 296.464466094067 , 276.464466094067 ,,
period1,sc01,t6935, 295.669872981077 , 275.669872981077 ,,
period1,sc01,t6936, 295.170370868554 , 275.170370868554 ,,
period1,sc01,t6937, 295 , 275 ,,
period1,sc01,t6938, 295.170370868554 , 275.170370868554 ,,
period1,sc01,t6939, 295.669872981077 , 275.669872981077 ,,
period1,sc01,t6940, 296.464466094067 , 276.464466094067 ,,
period1,sc01,t6941, 297.5 , 277.5 ,,
period1,sc01,t6942, 298.705904774487 , 278.705904774487 ,,
period1,sc01,t6943, 300 , 280 ,,
period1,sc01,t6944, 301.294095225512 , 281.294095225512 ,,
period1,sc01,t6945, 302.5 , 282.5 ,,
period1,sc01,t6946, 303.535533905932 , 283.535533905932 ,,
period1,sc01,t6947, 304.330127018922 , 284.330127018922 ,,
period1,sc01,t6948, 304.829629131445 , 284.829629131445 ,,
period1,sc01,t6949, 305 , 285 ,,
period1,sc01,t6950, 304.829629131445 , 284.829629131445 ,,
period1,sc01,t6951, 304.330127018922 , 284.330127018922 ,,
period1,sc01,t6952, 303.535533905932 , 283.535533905932 ,,
period1,sc01,t6953, 302.5 , 282.5 ,,
period1,sc01,t6954, 301.294095225512 , 281.294095225512 ,,
period1,sc01,t6955, 300 , 280 ,,
period1,sc01,t6956, 298.705904774487 , 278.705904774487 ,,
period1,sc01,t6957, 297.5 , 277.5 ,,
period1,sc01,t6958, 296.464466094067 , 276.464466094067 ,,
period1,sc01,t6959, 295.669872981077 , 275.669872981077 ,,
period1,sc01,t6960, 295.170370868554 , 275.170370868554 ,,
period1,sc01,t6961, 295 , 275 ,,
period1,sc01,t6962, 295.170370868554 , 275.170370868554 ,,
period1,sc01,t6963, 295.669872981077 , 275.669872981077 ,,
period1,sc01,t6964, 296.464466094067 , 276.464466094067 ,,
period1,sc01,t6965, 297.5 , 277.5 ,,
period1,sc01,t6966, 298.705904774487 , 278.705904774487 ,,
period1,sc01,t6967, 300 , 280 ,,
period1,sc01,t6968, 301.294095225512 , 281.294095225512 ,,
period1,sc01,t6969, 302.5 , 282.5 ,,
period1,sc01,t6970, 303.535533905932 , 283.535533905932 ,,
period1,sc01,t6971, 304.330127018922 , 284.330127018922 ,,
period1,sc01,t6972, 304.829629131445 , 284.829629131445 ,,
period1,sc01,t6973, 305 , 285 ,,
period1,sc01,t6974, 304.829629131445 , 284.829629131445 ,,
period1,sc01,t6975, 304.330127018922 , 284.330127018922 ,,
period1,sc01,t6976, 303.535533905932 , 283.535533905932 ,,
period1,sc01,t6977, 302.5 , 282.5 ,,
period1,sc01,t6978, 301.294095225512 , 281.294095225512 ,,
period1,sc01,t6979, 300 , 280 ,,
period1,sc01,t6980, 298.705904774487 , 278.705904774487 ,,
period1,sc01,t6981, 297.5 , 277.5 ,,
period1,sc01,t6982, 296.464466094067 , 276.464466094067 ,,
period1,sc01,t6983, 295.669872981077 , 275.669872981077 ,,
period1,sc01,t6984, 295.170370868554 , 275.170370868554 ,,
period1,sc01,t6985, 295 , 275 ,,
period1,sc01,t6986, 295.170370868554 , 275.170370868554 ,,
period1,sc01,t6987, 295.669872981077 , 275.669872981077 ,,
period1,sc01,t6988, 296.464466094067 , 276.464466094067 ,,
period1,sc01,t6989, 297.5 , 277.5 ,,
period1,sc01,t6990, 298.705904774487 , 278.705904774487 ,,
period1,sc01,t6991, 300 , 280 ,,
period1,sc01,t6992, 301.294095225512 , 281.294095225512 ,,
period1,sc01,t6993, 302.5 , 282.5 ,,
period1,sc01,t6994, 303.535533905932 , 283.535533905932 ,,
period1,sc01,t6995, 304.330127018922 , 284.330127018922 ,,
period1,sc01,t6996, 304.829629131445 , 284.829629131445 ,,
period1,sc01,t6997, 305 , 285 ,,
period1,sc01,t6998, 304.829629131445 , 284.829629131445 ,,
period1,sc01,t6999, 304.330127018922 , 284.330127018922 ,,
period1,sc01,t7000, 303.535533905932 , 283.535533905932 ,,
period1,sc01,t7001, 302.5 , 282.5 ,,
period1,sc01,t7002, 301.294095225512 , 281.294095225512 ,,
period1,sc01,t7003, 300 , 280 ,,
period1,sc01,t7004, 298.705904774487 , 278.705904774487 ,,
period1,sc01,t7005, 297.5 , 277.5 ,,
period1,sc01,t7006, 296.464466094067 , 276.464466094067 ,,
period1,sc01,t7007, 295.669872981077 , 275.669872981077 ,,
period1,sc01,t7008, 295.170370868554 , 275.170370868554 ,,
period1,sc01,t7009, 295 , 275 ,,
period1,sc01,t7010, 295.170370868554 , 275.170370868554 ,,
period1,sc01,t7011, 295.669872981077 , 275.669872981077 ,,
period1,sc01,t7012, 296.464466094067 , 276.464466094067 ,,
period1,sc01,t7013, 297.5 , 277.5 ,,
period1,sc01,t7014, 298.705904774487 , 278.705904774487 ,,
period1,sc01,t7015, 300 , 280 ,,
period1,sc01,t7016, 301.294095225512 , 281.294095225512 ,,
period1,sc01,t7017, 302.5 , 282.5 ,,
period1,sc01,t7018, 303.535533905932 , 283.535533905932 ,,
period1,sc01,t7019, 304.330127018922 , 284.330127018922 ,,
period1,sc01,t7020, 304.829629131445 , 284.829629131445 ,,
period1,sc01,t7021, 295 , 275 ,,
period1,sc01,t7022, 294.829629131445 , 274.829629131445 ,,
period1,sc01,t7023, 294.330127018922 , 274.330127018922 ,,
period1,sc01,t7024, 293.535533905932 , 273.535533905932 ,,
period1,sc01,t7025, 292.5 , 272.5 ,,
period1,sc01,t7026, 291.294095225512 , 271.294095225512 ,,
period1,sc01,t7027, 290 , 270 ,,
period1,sc01,t7028, 288.705904774487 , 268.705904774487 ,,
period1,sc01,t7029, 287.5 , 267.5 ,,
period1,sc01,t7030, 286.464466094067 , 266.464466094067 ,,
period1,sc01,t7031, 285.669872981077 , 265.669872981077 ,,
period1,sc01,t7032, 285.170370868554 , 265.170370868554 ,,
period1,sc01,t7033, 285 , 265 ,,
period1,sc01,t7034, 285.170370868554 , 265.170370868554 ,,
period1,sc01,t7035, 285.669872981077 , 265.669872981077 ,,
period1,sc01,t7036, 286.464466094067 , 266.464466094067 ,,
period1,sc01,t7037, 287.5 , 267.5 ,,
period1,sc01,t7038, 288.705904774487 , 268.705904774487 ,,
period1,sc01,t7039, 290 , 270 ,,
period1,sc01,t7040, 291.294095225512 , 271.294095225512 ,,
period1,sc01,t7041, 292.5 , 272.5 ,,
period1,sc01,t7042, 293.535533905932 , 273.535533905932 ,,
period1,sc01,t7043, 294.330127018922 , 274.330127018922 ,,
period1,sc01,t7044, 294.829629131445 , 274.829629131445 ,,
period1,sc01,t7045, 295 , 275 ,,
period1,sc01,t7046, 294.829629131445 , 274.829629131445 ,,
period1,sc01,t7047, 294.330127018922 , 274.330127018922 ,,
period1,sc01,t7048, 293.535533905932 , 273.535533905932 ,,
period1,sc01,t7049, 292.5 , 272.5 ,,
period1,sc01,t7050, 291.294095225512 , 271.294095225512 ,,
period1,sc01,t7051, 290 , 270 ,,
period1,sc01,t7052, 288.705904774487 , 268.705904774487 ,,
period1,sc01,t7053, 287.5 , 267.5 ,,
period1,sc01,t7054, 286.464466094067 , 266.464466094067 ,,
period1,sc01,t7055, 285.669872981077 , 265.669872981077 ,,
period1,sc01,t7056, 285.170370868554 , 265.170370868554 ,,
period1,sc01,t7057, 285 , 265 ,,
period1,sc01,t7058, 285.170370868554 , 265.170370868554 ,,
period1,sc01,t7059, 285.669872981077 , 265.669872981077 ,,
period1,sc01,t7060, 286.464466094067 , 266.464466094067 ,,
period1,sc01,t7061, 287.5 , 267.5 ,,
period1,sc01,t7062, 288.705904774487 , 268.705904774487 ,,
period1,sc01,t7063, 290 , 270 ,,
period1,sc01,t7064, 291.294095225512 , 271.294095225512 ,,
period1,sc01,t7065, 292.5 , 272.5 ,,
period1,sc01,t7066, 293.535533905932 , 273.535533905932 ,,
period1,sc01,t7067, 294.330127018922 , 274.330127018922 ,,
period1,sc01,t7068, 294.829629131445 , 274.829629131445 ,,
period1,sc01,t7069, 305 , 285 ,,
period1,sc01,t7070, 304.829629131445 , 284.829629131445 ,,
period1,sc01,t7071, 304.330127018922 , 284.330127018922 ,,
period1,sc01,t7072, 303.535533905932 , 283.535533905932 ,,
period1,sc01,t7073, 302.5 , 282.5 ,,
period1,sc01,t7074, 301.294095225512 , 281.294095225512 ,,
period1,sc01,t7075, 300 , 280 ,,
period1,sc01,t7076, 298.705904774487 , 278.705904774487 ,,
period1,sc01,t7077, 297.5 , 277.5 ,,
period1,sc01,t7078, 296.464466094067 , 276.464466094067 ,,
period1,sc01,t7079, 295.669872981077 , 275.669872981077 ,,
period1,sc01,t7080, 295.170370868554 , 275.170370868554 ,,
period1,sc01,t7081, 295 , 275 ,,
period1,sc01,t7082, 295.170370868554 , 275.170370868554 ,,
period1,sc01,t7083, 295.669872981077 , 275.669872981077 ,,
period1,sc01,t7084, 296.464466094067 , 276.464466094067 ,,
period1,sc01,t7085, 297.5 , 277.5 ,,
period1,sc01,t7086, 298.705904774487 , 278.705904774487 ,,
period1,sc01,t7087, 300 , 280 ,,
period1,sc01,t7088, 301.294095225512 , 281.294095225512 ,,
period1,sc01,t7089, 302.5 , 282.5 ,,
period1,sc01,t7090, 303.535533905932 , 283.535533905932 ,,
period1,sc01,t7091, 304.330127018922 , 284.330127018922 ,,
period1,sc01,t7092, 304.829629131445 , 284.829629131445 ,,
period1,sc01,t7093, 305 , 285 ,,
period1,sc01,t7094, 304.829629131445 , 284.829629131445 ,,
period1,sc01,t7095, 304.330127018922 , 284.330127018922 ,,
period1,sc01,t7096, 303.535533905932 , 283.535533905932 ,,
period1,sc01,t7097, 302.5 , 282.5 ,,
period1,sc01,t7098, 301.294095225512 , 281.294095225512 ,,
period1,sc01,t7099, 300 , 280 ,,
period1,sc01,t7100, 298.705904774487 , 278.705904774487 ,,
period1,sc01,t7101, 297.5 , 277.5 ,,
period1,sc01,t7102, 296.464466094067 , 276.464466094067 ,,
period1,sc01,t7103, 295.669872981077 , 275.669872981077 ,,
period1,sc01,t7104, 295.170370868554 , 275.170370868554 ,,
period1,sc01,t7105, 295 , 275 ,,
period1,sc01,t7106, 295.170370868554 , 275.170370868554 ,,
period1,sc01,t7107, 295.669872981077 , 275.669872981077 ,,
period1,sc01,t7108, 296.464466094067 , 276.464466094067 ,,
period1,sc01,t7109, 297.5 , 277.5 ,,
period1,sc01,t7110, 298.705904774487 , 278.705904774487 ,,
period1,sc01,t7111, 300 , 280 ,,
period1,sc01,t7112, 301.294095225512 , 281.294095225512 ,,
period1,sc01,t7113, 302.5 , 282.5 ,,
period1,sc01,t7114, 303.535533905932 , 283.535533905932 ,,
period1,sc01,t7115, 304.330127018922 , 284.330127018922 ,,
period1,sc01,t7116, 304.829629131445 , 284.829629131445 ,,
period1,sc01,t7117, 305 , 285 ,,
period1,sc01,t7118, 304.829629131445 , 284.829629131445 ,,
period1,sc01,t7119, 304.330127018922 , 284.330127018922 ,,
period1,sc01,t7120, 303.535533905932 , 283.535533905932 ,,
period1,sc01,t7121, 302.5 , 282.5 ,,
period1,sc01,t7122, 301.294095225512 , 281.294095225512 ,,
period1,sc01,t7123, 300 , 280 ,,
period1,sc01,t7124, 298.705904774487 , 278.705904774487 ,,
period1,sc01,t7125, 297.5 , 277.5 ,,
period1,sc01,t7126, 296.464466094067 , 276.464466094067 ,,
period1,sc01,t7127, 295.669872981077 , 275.669872981077 ,,
period1,sc01,t7128, 295.170370868554 , 275.170370868554 ,,
period1,sc01,t7129, 295 , 275 ,,
period1,sc01,t7130, 295.170370868554 , 275.170370868554 ,,
period1,sc01,t7131, 295.669872981077 , 275.669872981077 ,,
period1,sc01,t7132, 296.464466094067 , 276.464466094067 ,,
period1,sc01,t7133, 297.5 , 277.5 ,,
period1,sc01,t7134, 298.705904774487 , 278.705904774487 ,,
period1,sc01,t7135, 300 , 280 ,,
period1,sc01,t7136, 301.294095225512 , 281.294095225512 ,,
period1,sc01,t7137, 302.5 , 282.5 ,,
period1,sc01,t7138, 303.535533905932 , 283.535533905932 ,,
period1,sc01,t7139, 304.330127018922 , 284.330127018922 ,,
period1,sc01,t7140, 304.829629131445 , 284.829629131445 ,,
period1,sc01,t7141, 305 , 285 ,,
period1,sc01,t7142, 304.829629131445 , 284.829629131445 ,,
period1,sc01,t7143, 304.330127018922 , 284.330127018922 ,,
period1,sc01,t7144, 303.535533905932 , 283.535533905932 ,,
period1,sc01,t7145, 302.5 , 282.5 ,,
period1,sc01,t7146, 301.294095225512 , 281.294095225512 ,,
period1,sc01,t7147, 300 , 280 ,,
period1,sc01,t7148, 298.705904774487 , 278.705904774487 ,,
period1,sc01,t7149, 297.5 , 277.5 ,,
period1,sc01,t7150, 296.464466094067 , 276.464466094067 ,,
period1,sc01,t7151, 295.669872981077 , 275.669872981077 ,,
period1,sc01,t7152, 295.170370868554 , 275.170370868554 ,,
period1,sc01,t7153, 295 , 275 ,,
period1,sc01,t7154, 295.170370868554 , 275.170370868554 ,,
period1,sc01,t7155, 295.669872981077 , 275.669872981077 ,,
period1,sc01,t7156, 296.464466094067 , 276.464466094067 ,,
period1,sc01,t7157, 297.5 , 277.5 ,,
period1,sc01,t7158, 298.705904774487 , 278.705904774487 ,,
period1,sc01,t7159, 300 , 280 ,,
period1,sc01,t7160, 301.294095225512 , 281.294095225512 ,,
period1,sc01,t7161, 302.5 , 282.5 ,,
period1,sc01,t7162, 303.535533905932 , 283.535533905932 ,,
period1,sc01,t7163, 304.330127018922 , 284.330127018922 ,,
period1,sc01,t7164, 304.829629131445 , 284.829629131445 ,,
period1,sc01,t7165, 305 , 285 ,,
period1,sc01,t7166, 304.829629131445 , 284.829629131445 ,,
period1,sc01,t7167, 304.330127018922 , 284.330127018922 ,,
period1,sc01,t7168, 303.535533905932 , 283.535533905932 ,,
period1,sc01,t7169, 302.5 , 282.5 ,,
period1,sc01,t7170, 301.294095225512 , 281.294095225512 ,,
period1,sc01,t7171, 300 , 280 ,,
period1,sc01,t7172, 298.705904774487 , 278.705904774487 ,,
period1,sc01,t7173, 297.5 , 277.5 ,,
period1,sc01,t7174, 296.464466094067 , 276.464466094067 ,,
period1,sc01,t7175, 295.669872981077 , 275.669872981077 ,,
period1,sc01,t7176, 295.170370868554 , 275.170370868554 ,,
period1,sc01,t7177, 295 , 275 ,,
period1,sc01,t7178, 295.170370868554 , 275.170370868554 ,,
period1,sc01,t7179, 295.669872981077 , 275.669872981077 ,,
period1,sc01,t7180, 296.464466094067 , 276.464466094067 ,,
period1,sc01,t7181, 297.5 , 277.5 ,,
period1,sc01,t7182, 298.705904774487 , 278.705904774487 ,,
period1,sc01,t7183, 300 , 280 ,,
period1,sc01,t7184, 301.294095225512 , 281.294095225512 ,,
period1,sc01,t7185, 302.5 , 282.5 ,,
period1,sc01,t7186, 303.535533905932 , 283.535533905932 ,,
period1,sc01,t7187, 304.330127018922 , 284.330127018922 ,,
period1,sc01,t7188, 304.829629131445 , 284.829629131445 ,,
period1,sc01,t7189, 295 , 275 ,,
period1,sc01,t7190, 294.829629131445 , 274.829629131445 ,,
period1,sc01,t7191, 294.330127018922 , 274.330127018922 ,,
period1,sc01,t7192, 293.535533905932 , 273.535533905932 ,,
period1,sc01,t7193, 292.5 , 272.5 ,,
period1,sc01,t7194, 291.294095225512 , 271.294095225512 ,,
period1,sc01,t7195, 290 , 270 ,,
period1,sc01,t7196, 288.705904774487 , 268.705904774487 ,,
period1,sc01,t7197, 287.5 , 267.5 ,,
period1,sc01,t7198, 286.464466094067 , 266.464466094067 ,,
period1,sc01,t7199, 285.669872981077 , 265.669872981077 ,,
period1,sc01,t7200, 285.170370868554 , 265.170370868554 ,,
period1,sc01,t7201, 285 , 265 ,,
period1,sc01,t7202, 285.170370868554 , 265.170370868554 ,,
period1,sc01,t7203, 285.669872981077 , 265.669872981077 ,,
period1,sc01,t7204, 286.464466094067 , 266.464466094067 ,,
period1,sc01,t7205, 287.5 , 267.5 ,,
period1,sc01,t7206, 288.705904774487 , 268.705904774487 ,,
period1,sc01,t7207, 290 , 270 ,,
period1,sc01,t7208, 291.294095225512 , 271.294095225512 ,,
period1,sc01,t7209, 292.5 , 272.5 ,,
period1,sc01,t7210, 293.535533905932 , 273.535533905932 ,,
period1,sc01,t7211, 294.330127018922 , 274.330127018922 ,,
period1,sc01,t7212, 294.829629131445 , 274.829629131445 ,,
period1,sc01,t7213, 295 , 275 ,,
period1,sc01,t7214, 294.829629131445 , 274.829629131445 ,,
period1,sc01,t7215, 294.330127018922 , 274.330127018922 ,,
period1,sc01,t7216, 293.535533905932 , 273.535533905932 ,,
period1,sc01,t7217, 292.5 , 272.5 ,,
period1,sc01,t7218, 291.294095225512 , 271.294095225512 ,,
period1,sc01,t7219, 290 , 270 ,,
period1,sc01,t7220, 288.705904774487 , 268.705904774487 ,,
period1,sc01,t7221, 287.5 , 267.5 ,,
period1,sc01,t7222, 286.464466094067 , 266.464466094067 ,,
period1,sc01,t7223, 285.669872981077 , 265.669872981077 ,,
period1,sc01,t7224, 285.170370868554 , 265.170370868554 ,,
period1,sc01,t7225, 285 , 265 ,,
period1,sc01,t7226, 285.170370868554 , 265.170370868554 ,,
period1,sc01,t7227, 285.669872981077 , 265.669872981077 ,,
period1,sc01,t7228, 286.464466094067 , 266.464466094067 ,,
period1,sc01,t7229, 287.5 , 267.5 ,,
period1,sc01,t7230, 288.705904774487 , 268.705904774487 ,,
period1,sc01,t7231, 290 , 270 ,,
period1,sc01,t7232, 291.294095225512 , 271.294095225512 ,,
period1,sc01,t7233, 292.5 , 272.5 ,,
period1,sc01,t7234, 293.535533905932 , 273.535533905932 ,,
period1,sc01,t7235, 294.330127018922 , 274.330127018922 ,,
period1,sc01,t7236, 294.829629131445 , 274.829629131445 ,,
period1,sc01,t7237, 305 , 285 ,,
period1,sc01,t7238, 304.829629131445 , 284.829629131445 ,,
period1,sc01,t7239, 304.330127018922 , 284.330127018922 ,,
period1,sc01,t7240, 303.535533905932 , 283.535533905932 ,,
period1,sc01,t7241, 302.5 , 282.5 ,,
period1,sc01,t7242, 301.294095225512 , 281.294095225512 ,,
period1,sc01,t7243, 300 , 280 ,,
period1,sc01,t7244, 298.705904774487 , 278.705904774487 ,,
period1,sc01,t7245, 297.5 , 277.5 ,,
period1,sc01,t7246, 296.464466094067 , 276.464466094067 ,,
period1,sc01,t7247, 295.669872981077 , 275.669872981077 ,,
period1,sc01,t7248, 295.170370868554 , 275.170370868554 ,,
period1,sc01,t7249, 295 , 275 ,,
period1,sc01,t7250, 295.170370868554 , 275.170370868554 ,,
period1,sc01,t7251, 295.669872981077 , 275.669872981077 ,,
period1,sc01,t7252, 296.464466094067 , 276.464466094067 ,,
period1,sc01,t7253, 297.5 , 277.5 ,,
period1,sc01,t7254, 298.705904774487 , 278.705904774487 ,,
period1,sc01,t7255, 300 , 280 ,,
period1,sc01,t7256, 301.294095225512 , 281.294095225512 ,,
period1,sc01,t7257, 302.5 , 282.5 ,,
period1,sc01,t7258, 303.535533905932 , 283.535533905932 ,,
period1,sc01,t7259, 304.330127018922 , 284.330127018922 ,,
period1,sc01,t7260, 304.829629131445 , 284.829629131445 ,,
period1,sc01,t7261, 305 , 285 ,,
period1,sc01,t7262, 304.829629131445 , 284.829629131445 ,,
period1,sc01,t7263, 304.330127018922 , 284.330127018922 ,,
period1,sc01,t7264, 303.535533905932 , 283.535533905932 ,,
period1,sc01,t7265, 302.5 , 282.5 ,,
period1,sc01,t7266, 301.294095225512 , 281.294095225512 ,,
period1,sc01,t7267, 300 , 280 ,,
period1,sc01,t7268, 298.705904774487 , 278.705904774487 ,,
period1,sc01,t7269, 297.5 , 277.5 ,,
period1,sc01,t7270, 296.464466094067 , 276.464466094067 ,,
period1,sc01,t7271, 295.669872981077 , 275.669872981077 ,,
period1,sc01,t7272, 295.170370868554 , 275.170370868554 ,,
period1,sc01,t7273, 295 , 275 ,,
period1,sc01,t7274, 295.170370868554 , 275.170370868554 ,,
period1,sc01,t7275, 295.669872981077 , 275.669872981077 ,,
period1,sc01,t7276, 296.464466094067 , 276.464466094067 ,,
period1,sc01,t7277, 297.5 , 277.5 ,,
period1,sc01,t7278, 298.705904774487 , 278.705904774487 ,,
period1,sc01,t7279, 300 , 280 ,,
period1,sc01,t7280, 301.294095225512 , 281.294095225512 ,,
period1,sc01,t7281, 302.5 , 282.5 ,,
period1,sc01,t7282, 303.535533905932 , 283.535533905932 ,,
period1,sc01,t7283, 304.330127018922 , 284.330127018922 ,,
period1,sc01,t7284, 304.829629131445 , 284.829629131445 ,,
period1,sc01,t7285, 305 , 285 ,,
period1,sc01,t7286, 304.829629131445 , 284.829629131445 ,,
period1,sc01,t7287, 304.330127018922 , 284.330127018922 ,,
period1,sc01,t7288, 303.535533905932 , 283.535533905932 ,,
period1,sc01,t7289, 302.5 , 282.5 ,,
period1,sc01,t7290, 301.294095225512 , 281.294095225512 ,,
period1,sc01,t7291, 300 , 280 ,,
period1,sc01,t7292, 298.705904774487 , 278.705904774487 ,,
period1,sc01,t7293, 297.5 , 277.5 ,,
period1,sc01,t7294, 296.464466094067 , 276.464466094067 ,,
period1,sc01,t7295, 295.669872981077 , 275.669872981077 ,,
period1,sc01,t7296, 295.170370868554 , 275.170370868554 ,,
period1,sc01,t7297, 295 , 275 ,,
period1,sc01,t7298, 295.170370868554 , 275.170370868554 ,,
period1,sc01,t7299, 295.669872981077 , 275.669872981077 ,,
period1,sc01,t7300, 296.464466094067 , 276.464466094067 ,,
period1,sc01,t7301, 297.5 , 277.5 ,,
period1,sc01,t7302, 298.705904774487 , 278.705904774487 ,,
period1,sc01,t7303, 300 , 280 ,,
period1,sc01,t7304, 301.294095225512 , 281.294095225512 ,,
period1,sc01,t7305, 302.5 , 282.5 ,,
period1,sc01,t7306, 303.535533905932 , 283.535533905932 ,,
period1,sc01,t7307, 304.330127018922 , 284.330127018922 ,,
period1,sc01,t7308, 304.829629131445 , 284.829629131445 ,,
period1,sc01,t7309, 305 , 285 ,,
period1,sc01,t7310, 304.829629131445 , 284.829629131445 ,,
period1,sc01,t7311, 304.330127018922 , 284.330127018922 ,,
period1,sc01,t7312, 303.535533905932 , 283.535533905932 ,,
period1,sc01,t7313, 302.5 , 282.5 ,,
period1,sc01,t7314, 301.294095225512 , 281.294095225512 ,,
period1,sc01,t7315, 300 , 280 ,,
period1,sc01,t7316, 298.705904774487 , 278.705904774487 ,,
period1,sc01,t7317, 297.5 , 277.5 ,,
period1,sc01,t7318, 296.464466094067 , 276.464466094067 ,,
period1,sc01,t7319, 295.669872981077 , 275.669872981077 ,,
period1,sc01,t7320, 295.170370868554 , 275.170370868554 ,,
period1,sc01,t7321, 295 , 275 ,,
period1,sc01,t7322, 295.170370868554 , 275.170370868554 ,,
period1,sc01,t7323, 295.669872981077 , 275.669872981077 ,,
period1,sc01,t7324, 296.464466094067 , 276.464466094067 ,,
period1,sc01,t7325, 297.5 , 277.5 ,,
period1,sc01,t7326, 298.705904774487 , 278.705904774487 ,,
period1,sc01,t7327, 300 , 280 ,,
period1,sc01,t7328, 301.294095225512 , 281.294095225512 ,,
period1,sc01,t7329, 302.5 , 282.5 ,,
period1,sc01,t7330, 303.535533905932 , 283.535533905932 ,,
period1,sc01,t7331, 304.330127018922 , 284.330127018922 ,,
period1,sc01,t7332, 304.829629131445 , 284.829629131445 ,,
period1,sc01,t7333, 305 , 285 ,,
period1,sc01,t7334, 304.829629131445 , 284.829629131445 ,,
period1,sc01,t7335, 304.330127018922 , 284.330127018922 ,,
period1,sc01,t7336, 303.535533905932 , 283.535533905932 ,,
period1,sc01,t7337, 302.5 , 282.5 ,,
period1,sc01,t7338, 301.294095225512 , 281.294095225512 ,,
period1,sc01,t7339, 300 , 280 ,,
period1,sc01,t7340, 298.705904774487 , 278.705904774487 ,,
period1,sc01,t7341, 297.5 , 277.5 ,,
period1,sc01,t7342, 296.464466094067 , 276.464466094067 ,,
period1,sc01,t7343, 295.669872981077 , 275.669872981077 ,,
period1,sc01,t7344, 295.170370868554 , 275.170370868554 ,,
period1,sc01,t7345, 295 , 275 ,,
period1,sc01,t7346, 295.170370868554 , 275.170370868554 ,,
period1,sc01,t7347, 295.669872981077 , 275.669872981077 ,,
period1,sc01,t7348, 296.464466094067 , 276.464466094067 ,,
period1,sc01,t7349, 297.5 , 277.5 ,,
period1,sc01,t7350, 298.705904774487 , 278.705904774487 ,,
period1,sc01,t7351, 300 , 280 ,,
period1,sc01,t7352, 301.294095225512 , 281.294095225512 ,,
period1,sc01,t7353, 302.5 , 282.5 ,,
period1,sc01,t7354, 303.535533905932 , 283.535533905932 ,,
period1,sc01,t7355, 304.330127018922 , 284.330127018922 ,,
period1,sc01,t7356, 304.829629131445 , 284.829629131445 ,,
period1,sc01,t7357, 295 , 275 ,,
period1,sc01,t7358, 294.829629131445 , 274.829629131445 ,,
period1,sc01,t7359, 294.330127018922 , 274.330127018922 ,,
period1,sc01,t7360, 293.535533905932 , 273.535533905932 ,,
period1,sc01,t7361, 292.5 , 272.5 ,,
period1,sc01,t7362, 291.294095225512 , 271.294095225512 ,,
period1,sc01,t7363, 290 , 270 ,,
period1,sc01,t7364, 288.705904774487 , 268.705904774487 ,,
period1,sc01,t7365, 287.5 , 267.5 ,,
period1,sc01,t7366, 286.464466094067 , 266.464466094067 ,,
period1,sc01,t7367, 285.669872981077 , 265.669872981077 ,,
period1,sc01,t7368, 285.170370868554 , 265.170370868554 ,,
period1,sc01,t7369, 285 , 265 ,,
period1,sc01,t7370, 285.170370868554 , 265.170370868554 ,,
period1,sc01,t7371, 285.669872981077 , 265.669872981077 ,,
period1,sc01,t7372, 286.464466094067 , 266.464466094067 ,,
period1,sc01,t7373, 287.5 , 267.5 ,,
period1,sc01,t7374, 288.705904774487 , 268.705904774487 ,,
period1,sc01,t7375, 290 , 270 ,,
period1,sc01,t7376, 291.294095225512 , 271.294095225512 ,,
period1,sc01,t7377, 292.5 , 272.5 ,,
period1,sc01,t7378, 293.535533905932 , 273.535533905932 ,,
period1,sc01,t7379, 294.330127018922 , 274.330127018922 ,,
period1,sc01,t7380, 294.829629131445 , 274.829629131445 ,,
period1,sc01,t7381, 295 , 275 ,,
period1,sc01,t7382, 294.829629131445 , 274.829629131445 ,,
period1,sc01,t7383, 294.330127018922 , 274.330127018922 ,,
period1,sc01,t7384, 293.535533905932 , 273.535533905932 ,,
period1,sc01,t7385, 292.5 , 272.5 ,,
period1,sc01,t7386, 291.294095225512 , 271.294095225512 ,,
period1,sc01,t7387, 290 , 270 ,,
period1,sc01,t7388, 288.705904774487 , 268.705904774487 ,,
period1,sc01,t7389, 287.5 , 267.5 ,,
period1,sc01,t7390, 286.464466094067 , 266.464466094067 ,,
period1,sc01,t7391, 285.669872981077 , 265.669872981077 ,,
period1,sc01,t7392, 285.170370868554 , 265.170370868554 ,,
period1,sc01,t7393, 285 , 265 ,,
period1,sc01,t7394, 285.170370868554 , 265.170370868554 ,,
period1,sc01,t7395, 285.669872981077 , 265.669872981077 ,,
period1,sc01,t7396, 286.464466094067 , 266.464466094067 ,,
period1,sc01,t7397, 287.5 , 267.5 ,,
period1,sc01,t7398, 288.705904774487 , 268.705904774487 ,,
period1,sc01,t7399, 290 , 270 ,,
period1,sc01,t7400, 291.294095225512 , 271.294095225512 ,,
period1,sc01,t7401, 292.5 , 272.5 ,,
period1,sc01,t7402, 293.535533905932 , 273.535533905932 ,,
period1,sc01,t7403, 294.330127018922 , 274.330127018922 ,,
period1,sc01,t7404, 294.829629131445 , 274.829629131445 ,,
period1,sc01,t7405, 305 , 285 ,,
period1,sc01,t7406, 304.829629131445 , 284.829629131445 ,,
period1,sc01,t7407, 304.330127018922 , 284.330127018922 ,,
period1,sc01,t7408, 303.535533905932 , 283.535533905932 ,,
period1,sc01,t7409, 302.5 , 282.5 ,,
period1,sc01,t7410, 301.294095225512 , 281.294095225512 ,,
period1,sc01,t7411, 300 , 280 ,,
period1,sc01,t7412, 298.705904774487 , 278.705904774487 ,,
period1,sc01,t7413, 297.5 , 277.5 ,,
period1,sc01,t7414, 296.464466094067 , 276.464466094067 ,,
period1,sc01,t7415, 295.669872981077 , 275.669872981077 ,,
period1,sc01,t7416, 295.170370868554 , 275.170370868554 ,,
period1,sc01,t7417, 295 , 275 ,,
period1,sc01,t7418, 295.170370868554 , 275.170370868554 ,,
period1,sc01,t7419, 295.669872981077 , 275.669872981077 ,,
period1,sc01,t7420, 296.464466094067 , 276.464466094067 ,,
period1,sc01,t7421, 297.5 , 277.5 ,,
period1,sc01,t7422, 298.705904774487 , 278.705904774487 ,,
period1,sc01,t7423, 300 , 280 ,,
period1,sc01,t7424, 301.294095225512 , 281.294095225512 ,,
period1,sc01,t7425, 302.5 , 282.5 ,,
period1,sc01,t7426, 303.535533905932 , 283.535533905932 ,,
period1,sc01,t7427, 304.330127018922 , 284.330127018922 ,,
period1,sc01,t7428, 304.829629131445 , 284.829629131445 ,,
period1,sc01,t7429, 305 , 285 ,,
period1,sc01,t7430, 304.829629131445 , 284.829629131445 ,,
period1,sc01,t7431, 304.330127018922 , 284.330127018922 ,,
period1,sc01,t7432, 303.535533905932 , 283.535533905932 ,,
period1,sc01,t7433, 302.5 , 282.5 ,,
period1,sc01,t7434, 301.294095225512 , 281.294095225512 ,,
period1,sc01,t7435, 300 , 280 ,,
period1,sc01,t7436, 298.705904774487 , 278.705904774487 ,,
period1,sc01,t7437, 297.5 , 277.5 ,,
period1,sc01,t7438, 296.464466094067 , 276.464466094067 ,,
period1,sc01,t7439, 295.669872981077 , 275.669872981077 ,,
period1,sc01,t7440, 295.170370868554 , 275.170370868554 ,,
period1,sc01,t7441, 295 , 275 ,,
period1,sc01,t7442, 295.170370868554 , 275.170370868554 ,,
period1,sc01,t7443, 295.669872981077 , 275.669872981077 ,,
period1,sc01,t7444, 296.464466094067 , 276.464466094067 ,,
period1,sc01,t7445, 297.5 , 277.5 ,,
period1,sc01,t7446, 298.705904774487 , 278.705904774487 ,,
period1,sc01,t7447, 300 , 280 ,,
period1,sc01,t7448, 301.294095225512 , 281.294095225512 ,,
period1,sc01,t7449, 302.5 , 282.5 ,,
period1,sc01,t7450, 303.535533905932 , 283.535533905932 ,,
period1,sc01,t7451, 304.330127018922 , 284.330127018922 ,,
period1,sc01,t7452, 304.829629131445 , 284.829629131445 ,,
period1,sc01,t7453, 305 , 285 ,,
period1,sc01,t7454, 304.829629131445 , 284.829629131445 ,,
period1,sc01,t7455, 304.330127018922 , 284.330127018922 ,,
period1,sc01,t7456, 303.535533905932 , 283.535533905932 ,,
period1,sc01,t7457, 302.5 , 282.5 ,,
period1,sc01,t7458, 301.294095225512 , 281.294095225512 ,,
period1,sc01,t7459, 300 , 280 ,,
period1,sc01,t7460, 298.705904774487 , 278.705904774487 ,,
period1,sc01,t7461, 297.5 , 277.5 ,,
period1,sc01,t7462, 296.464466094067 , 276.464466094067 ,,
period1,sc01,t7463, 295.669872981077 , 275.669872981077 ,,
period1,sc01,t7464, 295.170370868554 , 275.170370868554 ,,
period1,sc01,t7465, 295 , 275 ,,
period1,sc01,t7466, 295.170370868554 , 275.170370868554 ,,
period1,sc01,t7467, 295.669872981077 , 275.669872981077 ,,
period1,sc01,t7468, 296.464466094067 , 276.464466094067 ,,
period1,sc01,t7469, 297.5 , 277.5 ,,
period1,sc01,t7470, 298.705904774487 , 278.705904774487 ,,
period1,sc01,t7471, 300 , 280 ,,
period1,sc01,t7472, 301.294095225512 , 281.294095225512 ,,
period1,sc01,t7473, 302.5 , 282.5 ,,
period1,sc01,t7474, 303.535533905932 , 283.535533905932 ,,
period1,sc01,t7475, 304.330127018922 , 284.330127018922 ,,
period1,sc01,t7476, 304.829629131445 , 284.829629131445 ,,
period1,sc01,t7477, 305 , 285 ,,
period1,sc01,t7478, 304.829629131445 , 284.829629131445 ,,
period1,sc01,t7479, 304.330127018922 , 284.330127018922 ,,
period1,sc01,t7480, 303.535533905932 , 283.535533905932 ,,
period1,sc01,t7481, 302.5 , 282.5 ,,
period1,sc01,t7482, 301.294095225512 , 281.294095225512 ,,
period1,sc01,t7483, 300 , 280 ,,
period1,sc01,t7484, 298.705904774487 , 278.705904774487 ,,
period1,sc01,t7485, 297.5 , 277.5 ,,
period1,sc01,t7486, 296.464466094067 , 276.464466094067 ,,
period1,sc01,t7487, 295.669872981077 , 275.669872981077 ,,
period1,sc01,t7488, 295.170370868554 , 275.170370868554 ,,
period1,sc01,t7489, 295 , 275 ,,
period1,sc01,t7490, 295.170370868554 , 275.170370868554 ,,
period1,sc01,t7491, 295.669872981077 , 275.669872981077 ,,
period1,sc01,t7492, 296.464466094067 , 276.464466094067 ,,
period1,sc01,t7493, 297.5 , 277.5 ,,
period1,sc01,t7494, 298.705904774487 , 278.705904774487 ,,
period1,sc01,t7495, 300 , 280 ,,
period1,sc01,t7496, 301.294095225512 , 281.294095225512 ,,
period1,sc01,t7497, 302.5 , 282.5 ,,
period1,sc01,t7498, 303.535533905932 , 283.535533905932 ,,
period1,sc01,t7499, 304.330127018922 , 284.330127018922 ,,
period1,sc01,t7500, 304.829629131445 , 284.829629131445 ,,
period1,sc01,t7501, 305 , 285 ,,
period1,sc01,t7502, 304.829629131445 , 284.829629131445 ,,
period1,sc01,t7503, 304.330127018922 , 284.330127018922 ,,
period1,sc01,t7504, 303.535533905932 , 283.535533905932 ,,
period1,sc01,t7505, 302.5 , 282.5 ,,
period1,sc01,t7506, 301.294095225512 , 281.294095225512 ,,
period1,sc01,t7507, 300 , 280 ,,
period1,sc01,t7508, 298.705904774487 , 278.705904774487 ,,
period1,sc01,t7509, 297.5 , 277.5 ,,
period1,sc01,t7510, 296.464466094067 , 276.464466094067 ,,
period1,sc01,t7511, 295.669872981077 , 275.669872981077 ,,
period1,sc01,t7512, 295.170370868554 , 275.170370868554 ,,
period1,sc01,t7513, 295 , 275 ,,
period1,sc01,t7514, 295.170370868554 , 275.170370868554 ,,
period1,sc01,t7515, 295.669872981077 , 275.669872981077 ,,
period1,sc01,t7516, 296.464466094067 , 276.464466094067 ,,
period1,sc01,t7517, 297.5 , 277.5 ,,
period1,sc01,t7518, 298.705904774487 , 278.705904774487 ,,
period1,sc01,t7519, 300 , 280 ,,
period1,sc01,t7520, 301.294095225512 , 281.294095225512 ,,
period1,sc01,t7521, 302.5 , 282.5 ,,
period1,sc01,t7522, 303.535533905932 , 283.535533905932 ,,
period1,sc01,t7523, 304.330127018922 , 284.330127018922 ,,
period1,sc01,t7524, 304.829629131445 , 284.829629131445 ,,
period1,sc01,t7525, 295 , 275 ,,
period1,sc01,t7526, 294.829629131445 , 274.829629131445 ,,
period1,sc01,t7527, 294.330127018922 , 274.330127018922 ,,
period1,sc01,t7528, 293.535533905932 , 273.535533905932 ,,
period1,sc01,t7529, 292.5 , 272.5 ,,
period1,sc01,t7530, 291.294095225512 , 271.294095225512 ,,
period1,sc01,t7531, 290 , 270 ,,
period1,sc01,t7532, 288.705904774487 , 268.705904774487 ,,
period1,sc01,t7533, 287.5 , 267.5 ,,
period1,sc01,t7534, 286.464466094067 , 266.464466094067 ,,
period1,sc01,t7535, 285.669872981077 , 265.669872981077 ,,
period1,sc01,t7536, 285.170370868554 , 265.170370868554 ,,
period1,sc01,t7537, 285 , 265 ,,
period1,sc01,t7538, 285.170370868554 , 265.170370868554 ,,
period1,sc01,t7539, 285.669872981077 , 265.669872981077 ,,
period1,sc01,t7540, 286.464466094067 , 266.464466094067 ,,
period1,sc01,t7541, 287.5 , 267.5 ,,
period1,sc01,t7542, 288.705904774487 , 268.705904774487 ,,
period1,sc01,t7543, 290 , 270 ,,
period1,sc01,t7544, 291.294095225512 , 271.294095225512 ,,
period1,sc01,t7545, 292.5 , 272.5 ,,
period1,sc01,t7546, 293.535533905932 , 273.535533905932 ,,
period1,sc01,t7547, 294.330127018922 , 274.330127018922 ,,
period1,sc01,t7548, 294.829629131445 , 274.829629131445 ,,
period1,sc01,t7549, 295 , 275 ,,
period1,sc01,t7550, 294.829629131445 , 274.829629131445 ,,
period1,sc01,t7551, 294.330127018922 , 274.330127018922 ,,
period1,sc01,t7552, 293.535533905932 , 273.535533905932 ,,
period1,sc01,t7553, 292.5 , 272.5 ,,
period1,sc01,t7554, 291.294095225512 , 271.294095225512 ,,
period1,sc01,t7555, 290 , 270 ,,
period1,sc01,t7556, 288.705904774487 , 268.705904774487 ,,
period1,sc01,t7557, 287.5 , 267.5 ,,
period1,sc01,t7558, 286.464466094067 , 266.464466094067 ,,
period1,sc01,t7559, 285.669872981077 , 265.669872981077 ,,
period1,sc01,t7560, 285.170370868554 , 265.170370868554 ,,
period1,sc01,t7561, 285 , 265 ,,
period1,sc01,t7562, 285.170370868554 , 265.170370868554 ,,
period1,sc01,t7563, 285.669872981077 , 265.669872981077 ,,
period1,sc01,t7564, 286.464466094067 , 266.464466094067 ,,
period1,sc01,t7565, 287.5 , 267.5 ,,
period1,sc01,t7566, 288.705904774487 , 268.705904774487 ,,
period1,sc01,t7567, 290 , 270 ,,
period1,sc01,t7568, 291.294095225512 , 271.294095225512 ,,
period1,sc01,t7569, 292.5 , 272.5 ,,
period1,sc01,t7570, 293.535533905932 , 273.535533905932 ,,
period1,sc01,t7571, 294.330127018922 , 274.330127018922 ,,
period1,sc01,t7572, 294.829629131445 , 274.829629131445 ,,
period1,sc01,t7573, 305 , 285 ,,
period1,sc01,t7574, 304.829629131445 , 284.829629131445 ,,
period1,sc01,t7575, 304.330127018922 , 284.330127018922 ,,
period1,sc01,t7576, 303.535533905932 , 283.535533905932 ,,
period1,sc01,t7577, 302.5 , 282.5 ,,
period1,sc01,t7578, 301.294095225512 , 281.294095225512 ,,
period1,sc01,t7579, 300 , 280 ,,
period1,sc01,t7580, 298.705904774487 , 278.705904774487 ,,
period1,sc01,t7581, 297.5 , 277.5 ,,
period1,sc01,t7582, 296.464466094067 , 276.464466094067 ,,
period1,sc01,t7583, 295.669872981077 , 275.669872981077 ,,
period1,sc01,t7584, 295.170370868554 , 275.170370868554 ,,
period1,sc01,t7585, 295 , 275 ,,
period1,sc01,t7586, 295.170370868554 , 275.170370868554 ,,
period1,sc01,t7587, 295.669872981077 , 275.669872981077 ,,
period1,sc01,t7588, 296.464466094067 , 276.464466094067 ,,
period1,sc01,t7589, 297.5 , 277.5 ,,
period1,sc01,t7590, 298.705904774487 , 278.705904774487 ,,
period1,sc01,t7591, 300 , 280 ,,
period1,sc01,t7592, 301.294095225512 , 281.294095225512 ,,
period1,sc01,t7593, 302.5 , 282.5 ,,
period1,sc01,t7594, 303.535533905932 , 283.535533905932 ,,
period1,sc01,t7595, 304.330127018922 , 284.330127018922 ,,
period1,sc01,t7596, 304.829629131445 , 284.829629131445 ,,
period1,sc01,t7597, 305 , 285 ,,
period1,sc01,t7598, 304.829629131445 , 284.829629131445 ,,
period1,sc01,t7599, 304.330127018922 , 284.330127018922 ,,
period1,sc01,t7600, 303.535533905932 , 283.535533905932 ,,
period1,sc01,t7601, 302.5 , 282.5 ,,
period1,sc01,t7602, 301.294095225512 , 281.294095225512 ,,
period1,sc01,t7603, 300 , 280 ,,
period1,sc01,t7604, 298.705904774487 , 278.705904774487 ,,
period1,sc01,t7605, 297.5 , 277.5 ,,
period1,sc01,t7606, 296.464466094067 , 276.464466094067 ,,
period1,sc01,t7607, 295.669872981077 , 275.669872981077 ,,
period1,sc01,t7608, 295.170370868554 , 275.170370868554 ,,
period1,sc01,t7609, 295 , 275 ,,
period1,sc01,t7610, 295.170370868554 , 275.170370868554 ,,
period1,sc01,t7611, 295.669872981077 , 275.669872981077 ,,
period1,sc01,t7612, 296.464466094067 , 276.464466094067 ,,
period1,sc01,t7613, 297.5 , 277.5 ,,
period1,sc01,t7614, 298.705904774487 , 278.705904774487 ,,
period1,sc01,t7615, 300 , 280 ,,
period1,sc01,t7616, 301.294095225512 , 281.294095225512 ,,
period1,sc01,t7617, 302.5 , 282.5 ,,
period1,sc01,t7618, 303.535533905932 , 283.535533905932 ,,
period1,sc01,t7619, 304.330127018922 , 284.330127018922 ,,
period1,sc01,t7620, 304.829629131445 , 284.829629131445 ,,
period1,sc01,t7621, 305 , 285 ,,
period1,sc01,t7622, 304.829629131445 , 284.829629131445 ,,
period1,sc01,t7623, 304.330127018922 , 284.330127018922 ,,
period1,sc01,t7624, 303.535533905932 , 283.535533905932 ,,
period1,sc01,t7625, 302.5 , 282.5 ,,
period1,sc01,t7626, 301.294095225512 , 281.294095225512 ,,
period1,sc01,t7627, 300 , 280 ,,
period1,sc01,t7628, 298.705904774487 , 278.705904774487 ,,
period1,sc01,t7629, 297.5 , 277.5 ,,
period1,sc01,t7630, 296.464466094067 , 276.464466094067 ,,
period1,sc01,t7631, 295.669872981077 , 275.669872981077 ,,
period1,sc01,t7632, 295.170370868554 , 275.170370868554 ,,
period1,sc01,t7633, 295 , 275 ,,
period1,sc01,t7634, 295.170370868554 , 275.170370868554 ,,
period1,sc01,t7635, 295.669872981077 , 275.669872981077 ,,
period1,sc01,t7636, 296.464466094067 , 276.464466094067 ,,
period1,sc01,t7637, 297.5 , 277.5 ,,
period1,sc01,t7638, 298.705904774487 , 278.705904774487 ,,
period1,sc01,t7639, 300 , 280 ,,
period1,sc01,t7640, 301.294095225512 , 281.294095225512 ,,
period1,sc01,t7641, 302.5 , 282.5 ,,
period1,sc01,t7642, 303.535533905932 , 283.535533905932 ,,
period1,sc01,t7643, 304.330127018922 , 284.330127018922 ,,
period1,sc01,t7644, 304.829629131445 , 284.829629131445 ,,
period1,sc01,t7645, 305 , 285 ,,
period1,sc01,t7646, 304.829629131445 , 284.829629131445 ,,
period1,sc01,t7647, 304.330127018922 , 284.330127018922 ,,
period1,sc01,t7648, 303.535533905932 , 283.535533905932 ,,
period1,sc01,t7649, 302.5 , 282.5 ,,
period1,sc01,t7650, 301.294095225512 , 281.294095225512 ,,
period1,sc01,t7651, 300 , 280 ,,
period1,sc01,t7652, 298.705904774487 , 278.705904774487 ,,
period1,sc01,t7653, 297.5 , 277.5 ,,
period1,sc01,t7654, 296.464466094067 , 276.464466094067 ,,
period1,sc01,t7655, 295.669872981077 , 275.669872981077 ,,
period1,sc01,t7656, 295.170370868554 , 275.170370868554 ,,
period1,sc01,t7657, 295 , 275 ,,
period1,sc01,t7658, 295.170370868554 , 275.170370868554 ,,
period1,sc01,t7659, 295.669872981077 , 275.669872981077 ,,
period1,sc01,t7660, 296.464466094067 , 276.464466094067 ,,
period1,sc01,t7661, 297.5 , 277.5 ,,
period1,sc01,t7662, 298.705904774487 , 278.705904774487 ,,
period1,sc01,t7663, 300 , 280 ,,
period1,sc01,t7664, 301.294095225512 , 281.294095225512 ,,
period1,sc01,t7665, 302.5 , 282.5 ,,
period1,sc01,t7666, 303.535533905932 , 283.535533905932 ,,
period1,sc01,t7667, 304.330127018922 , 284.330127018922 ,,
period1,sc01,t7668, 304.829629131445 , 284.829629131445 ,,
period1,sc01,t7669, 305 , 285 ,,
period1,sc01,t7670, 304.829629131445 , 284.829629131445 ,,
period1,sc01,t7671, 304.330127018922 , 284.330127018922 ,,
period1,sc01,t7672, 303.535533905932 , 283.535533905932 ,,
period1,sc01,t7673, 302.5 , 282.5 ,,
period1,sc01,t7674, 301.294095225512 , 281.294095225512 ,,
period1,sc01,t7675, 300 , 280 ,,
period1,sc01,t7676, 298.705904774487 , 278.705904774487 ,,
period1,sc01,t7677, 297.5 , 277.5 ,,
period1,sc01,t7678, 296.464466094067 , 276.464466094067 ,,
period1,sc01,t7679, 295.669872981077 , 275.669872981077 ,,
period1,sc01,t7680, 295.170370868554 , 275.170370868554 ,,
period1,sc01,t7681, 295 , 275 ,,
period1,sc01,t7682, 295.170370868554 , 275.170370868554 ,,
period1,sc01,t7683, 295.669872981077 , 275.669872981077 ,,
period1,sc01,t7684, 296.464466094067 , 276.464466094067 ,,
period1,sc01,t7685, 297.5 , 277.5 ,,
period1,sc01,t7686, 298.705904774487 , 278.705904774487 ,,
period1,sc01,t7687, 300 , 280 ,,
period1,sc01,t7688, 301.294095225512 , 281.294095225512 ,,
period1,sc01,t7689, 302.5 , 282.5 ,,
period1,sc01,t7690, 303.535533905932 , 283.535533905932 ,,
period1,sc01,t7691, 304.330127018922 , 284.330127018922 ,,
period1,sc01,t7692, 304.829629131445 , 284.829629131445 ,,
period1,sc01,t7693, 295 , 275 ,,
period1,sc01,t7694, 294.829629131445 , 274.829629131445 ,,
period1,sc01,t7695, 294.330127018922 , 274.330127018922 ,,
period1,sc01,t7696, 293.535533905932 , 273.535533905932 ,,
period1,sc01,t7697, 292.5 , 272.5 ,,
period1,sc01,t7698, 291.294095225512 , 271.294095225512 ,,
period1,sc01,t7699, 290 , 270 ,,
period1,sc01,t7700, 288.705904774487 , 268.705904774487 ,,
period1,sc01,t7701, 287.5 , 267.5 ,,
period1,sc01,t7702, 286.464466094067 , 266.464466094067 ,,
period1,sc01,t7703, 285.669872981077 , 265.669872981077 ,,
period1,sc01,t7704, 285.170370868554 , 265.170370868554 ,,
period1,sc01,t7705, 285 , 265 ,,
period1,sc01,t7706, 285.170370868554 , 265.170370868554 ,,
period1,sc01,t7707, 285.669872981077 , 265.669872981077 ,,
period1,sc01,t7708, 286.464466094067 , 266.464466094067 ,,
period1,sc01,t7709, 287.5 , 267.5 ,,
period1,sc01,t7710, 288.705904774487 , 268.705904774487 ,,
period1,sc01,t7711, 290 , 270 ,,
period1,sc01,t7712, 291.294095225512 , 271.294095225512 ,,
period1,sc01,t7713, 292.5 , 272.5 ,,
period1,sc01,t7714, 293.535533905932 , 273.535533905932 ,,
period1,sc01,t7715, 294.330127018922 , 274.330127018922 ,,
period1,sc01,t7716, 294.829629131445 , 274.829629131445 ,,
period1,sc01,t7717, 295 , 275 ,,
period1,sc01,t7718, 294.829629131445 , 274.829629131445 ,,
period1,sc01,t7719, 294.330127018922 , 274.330127018922 ,,
period1,sc01,t7720, 293.535533905932 , 273.535533905932 ,,
period1,sc01,t7721, 292.5 , 272.5 ,,
period1,sc01,t7722, 291.294095225512 , 271.294095225512 ,,
period1,sc01,t7723, 290 , 270 ,,
period1,sc01,t7724, 288.705904774487 , 268.705904774487 ,,
period1,sc01,t7725, 287.5 , 267.5 ,,
period1,sc01,t7726, 286.464466094067 , 266.464466094067 ,,
period1,sc01,t7727, 285.669872981077 , 265.669872981077 ,,
period1,sc01,t7728, 285.170370868554 , 265.170370868554 ,,
period1,sc01,t7729, 285 , 265 ,,
period1,sc01,t7730, 285.170370868554 , 265.170370868554 ,,
period1,sc01,t7731, 285.669872981077 , 265.669872981077 ,,
period1,sc01,t7732, 286.464466094067 , 266.464466094067 ,,
period1,sc01,t7733, 287.5 , 267.5 ,,
period1,sc01,t7734, 288.705904774487 , 268.705904774487 ,,
period1,sc01,t7735, 290 , 270 ,,
period1,sc01,t7736, 291.294095225512 , 271.294095225512 ,,
period1,sc01,t7737, 292.5 , 272.5 ,,
period1,sc01,t7738, 293.535533905932 , 273.535533905932 ,,
period1,sc01,t7739, 294.330127018922 , 274.330127018922 ,,
period1,sc01,t7740, 294.829629131445 , 274.829629131445 ,,
period1,sc01,t7741, 305 , 285 ,,
period1,sc01,t7742, 304.829629131445 , 284.829629131445 ,,
period1,sc01,t7743, 304.330127018922 , 284.330127018922 ,,
period1,sc01,t7744, 303.535533905932 , 283.535533905932 ,,
period1,sc01,t7745, 302.5 , 282.5 ,,
period1,sc01,t7746, 301.294095225512 , 281.294095225512 ,,
period1,sc01,t7747, 300 , 280 ,,
period1,sc01,t7748, 298.705904774487 , 278.705904774487 ,,
period1,sc01,t7749, 297.5 , 277.5 ,,
period1,sc01,t7750, 296.464466094067 , 276.464466094067 ,,
period1,sc01,t7751, 295.669872981077 , 275.669872981077 ,,
period1,sc01,t7752, 295.170370868554 , 275.170370868554 ,,
period1,sc01,t7753, 295 , 275 ,,
period1,sc01,t7754, 295.170370868554 , 275.170370868554 ,,
period1,sc01,t7755, 295.669872981077 , 275.669872981077 ,,
period1,sc01,t7756, 296.464466094067 , 276.464466094067 ,,
period1,sc01,t7757, 297.5 , 277.5 ,,
period1,sc01,t7758, 298.705904774487 , 278.705904774487 ,,
period1,sc01,t7759, 300 , 280 ,,
period1,sc01,t7760, 301.294095225512 , 281.294095225512 ,,
period1,sc01,t7761, 302.5 , 282.5 ,,
period1,sc01,t7762, 303.535533905932 , 283.535533905932 ,,
period1,sc01,t7763, 304.330127018922 , 284.330127018922 ,,
period1,sc01,t7764, 304.829629131445 , 284.829629131445 ,,
period1,sc01,t7765, 305 , 285 ,,
period1,sc01,t7766, 304.829629131445 , 284.829629131445 ,,
period1,sc01,t7767, 304.330127018922 , 284.330127018922 ,,
period1,sc01,t7768, 303.535533905932 , 283.535533905932 ,,
period1,sc01,t7769, 302.5 , 282.5 ,,
period1,sc01,t7770, 301.294095225512 , 281.294095225512 ,,
period1,sc01,t7771, 300 , 280 ,,
period1,sc01,t7772, 298.705904774487 , 278.705904774487 ,,
period1,sc01,t7773, 297.5 , 277.5 ,,
period1,sc01,t7774, 296.464466094067 , 276.464466094067 ,,
period1,sc01,t7775, 295.669872981077 , 275.669872981077 ,,
period1,sc01,t7776, 295.170370868554 , 275.170370868554 ,,
period1,sc01,t7777, 295 , 275 ,,
period1,sc01,t7778, 295.170370868554 , 275.170370868554 ,,
period1,sc01,t7779, 295.669872981077 , 275.669872981077 ,,
period1,sc01,t7780, 296.464466094067 , 276.464466094067 ,,
period1,sc01,t7781, 297.5 , 277.5 ,,
period1,sc01,t7782, 298.705904774487 , 278.705904774487 ,,
period1,sc01,t7783, 300 , 280 ,,
period1,sc01,t7784, 301.294095225512 , 281.294095225512 ,,
period1,sc01,t7785, 302.5 , 282.5 ,,
period1,sc01,t7786, 303.535533905932 , 283.535533905932 ,,
period1,sc01,t7787, 304.330127018922 , 284.330127018922 ,,
period1,sc01,t7788, 304.829629131445 , 284.829629131445 ,,
period1,sc01,t7789, 305 , 285 ,,
period1,sc01,t7790, 304.829629131445 , 284.829629131445 ,,
period1,sc01,t7791, 304.330127018922 , 284.330127018922 ,,
period1,sc01,t7792, 303.535533905932 , 283.535533905932 ,,
period1,sc01,t7793, 302.5 , 282.5 ,,
period1,sc01,t7794, 301.294095225512 , 281.294095225512 ,,
period1,sc01,t7795, 300 , 280 ,,
period1,sc01,t7796, 298.705904774487 , 278.705904774487 ,,
period1,sc01,t7797, 297.5 , 277.5 ,,
period1,sc01,t7798, 296.464466094067 , 276.464466094067 ,,
period1,sc01,t7799, 295.669872981077 , 275.669872981077 ,,
period1,sc01,t7800, 295.170370868554 , 275.170370868554 ,,
period1,sc01,t7801, 295 , 275 ,,
period1,sc01,t7802, 295.170370868554 , 275.170370868554 ,,
period1,sc01,t7803, 295.669872981077 , 275.669872981077 ,,
period1,sc01,t7804, 296.464466094067 , 276.464466094067 ,,
period1,sc01,t7805, 297.5 , 277.5 ,,
period1,sc01,t7806, 298.705904774487 , 278.705904774487 ,,
period1,sc01,t7807, 300 , 280 ,,
period1,sc01,t7808, 301.294095225512 , 281.294095225512 ,,
period1,sc01,t7809, 302.5 , 282.5 ,,
period1,sc01,t7810, 303.535533905932 , 283.535533905932 ,,
period1,sc01,t7811, 304.330127018922 , 284.330127018922 ,,
period1,sc01,t7812, 304.829629131445 , 284.829629131445 ,,
period1,sc01,t7813, 305 , 285 ,,
period1,sc01,t7814, 304.829629131445 , 284.829629131445 ,,
period1,sc01,t7815, 304.330127018922 , 284.330127018922 ,,
period1,sc01,t7816, 303.535533905932 , 283.535533905932 ,,
period1,sc01,t7817, 302.5 , 282.5 ,,
period1,sc01,t7818, 301.294095225512 , 281.294095225512 ,,
period1,sc01,t7819, 300 , 280 ,,
period1,sc01,t7820, 298.705904774487 , 278.705904774487 ,,
period1,sc01,t7821, 297.5 , 277.5 ,,
period1,sc01,t7822, 296.464466094067 , 276.464466094067 ,,
period1,sc01,t7823, 295.669872981077 , 275.669872981077 ,,
period1,sc01,t7824, 295.170370868554 , 275.170370868554 ,,
period1,sc01,t7825, 295 , 275 ,,
period1,sc01,t7826, 295.170370868554 , 275.170370868554 ,,
period1,sc01,t7827, 295.669872981077 , 275.669872981077 ,,
period1,sc01,t7828, 296.464466094067 , 276.464466094067 ,,
period1,sc01,t7829, 297.5 , 277.5 ,,
period1,sc01,t7830, 298.705904774487 , 278.705904774487 ,,
period1,sc01,t7831, 300 , 280 ,,
period1,sc01,t7832, 301.294095225512 , 281.294095225512 ,,
period1,sc01,t7833, 302.5 , 282.5 ,,
period1,sc01,t7834, 303.535533905932 , 283.535533905932 ,,
period1,sc01,t7835, 304.330127018922 , 284.330127018922 ,,
period1,sc01,t7836, 304.829629131445 , 284.829629131445 ,,
period1,sc01,t7837, 305 , 285 ,,
period1,sc01,t7838, 304.829629131445 , 284.829629131445 ,,
period1,sc01,t7839, 304.330127018922 , 284.330127018922 ,,
period1,sc01,t7840, 303.535533905932 , 283.535533905932 ,,
period1,sc01,t7841, 302.5 , 282.5 ,,
period1,sc01,t7842, 301.294095225512 , 281.294095225512 ,,
period1,sc01,t7843, 300 , 280 ,,
period1,sc01,t7844, 298.705904774487 , 278.705904774487 ,,
period1,sc01,t7845, 297.5 , 277.5 ,,
period1,sc01,t7846, 296.464466094067 , 276.464466094067 ,,
period1,sc01,t7847, 295.669872981077 , 275.669872981077 ,,
period1,sc01,t7848, 295.170370868554 , 275.170370868554 ,,
period1,sc01,t7849, 295 , 275 ,,
period1,sc01,t7850, 295.170370868554 , 275.170370868554 ,,
period1,sc01,t7851, 295.669872981077 , 275.669872981077 ,,
period1,sc01,t7852, 296.464466094067 , 276.464466094067 ,,
period1,sc01,t7853, 297.5 , 277.5 ,,
period1,sc01,t7854, 298.705904774487 , 278.705904774487 ,,
period1,sc01,t7855, 300 , 280 ,,
period1,sc01,t7856, 301.294095225512 , 281.294095225512 ,,
period1,sc01,t7857, 302.5 , 282.5 ,,
period1,sc01,t7858, 303.535533905932 , 283.535533905932 ,,
period1,sc01,t7859, 304.330127018922 , 284.330127018922 ,,
period1,sc01,t7860, 304.829629131445 , 284.829629131445 ,,
period1,sc01,t7861, 295 , 275 ,,
period1,sc01,t7862, 294.829629131445 , 274.829629131445 ,,
period1,sc01,t7863, 294.330127018922 , 274.330127018922 ,,
period1,sc01,t7864, 293.535533905932 , 273.535533905932 ,,
period1,sc01,t7865, 292.5 , 272.5 ,,
period1,sc01,t7866, 291.294095225512 , 271.294095225512 ,,
period1,sc01,t7867, 290 , 270 ,,
period1,sc01,t7868, 288.705904774487 , 268.705904774487 ,,
period1,sc01,t7869, 287.5 , 267.5 ,,
period1,sc01,t7870, 286.464466094067 , 266.464466094067 ,,
period1,sc01,t7871, 285.669872981077 , 265.669872981077 ,,
period1,sc01,t7872, 285.170370868554 , 265.170370868554 ,,
period1,sc01,t7873, 285 , 265 ,,
period1,sc01,t7874, 285.170370868554 , 265.170370868554 ,,
period1,sc01,t7875, 285.669872981077 , 265.669872981077 ,,
period1,sc01,t7876, 286.464466094067 , 266.464466094067 ,,
period1,sc01,t7877, 287.5 , 267.5 ,,
period1,sc01,t7878, 288.705904774487 , 268.705904774487 ,,
period1,sc01,t7879, 290 , 270 ,,
period1,sc01,t7880, 291.294095225512 , 271.294095225512 ,,
period1,sc01,t7881, 292.5 , 272.5 ,,
period1,sc01,t7882, 293.535533905932 , 273.535533905932 ,,
period1,sc01,t7883, 294.330127018922 , 274.330127018922 ,,
period1,sc01,t7884, 294.829629131445 , 274.829629131445 ,,
period1,sc01,t7885, 295 , 275 ,,
period1,sc01,t7886, 294.829629131445 , 274.829629131445 ,,
period1,sc01,t7887, 294.330127018922 , 274.330127018922 ,,
period1,sc01,t7888, 293.535533905932 , 273.535533905932 ,,
period1,sc01,t7889, 292.5 , 272.5 ,,
period1,sc01,t7890, 291.294095225512 , 271.294095225512 ,,
period1,sc01,t7891, 290 , 270 ,,
period1,sc01,t7892, 288.705904774487 , 268.705904774487 ,,
period1,sc01,t7893, 287.5 , 267.5 ,,
period1,sc01,t7894, 286.464466094067 , 266.464466094067 ,,
period1,sc01,t7895, 285.669872981077 , 265.669872981077 ,,
period1,sc01,t7896, 285.170370868554 , 265.170370868554 ,,
period1,sc01,t7897, 285 , 265 ,,
period1,sc01,t7898, 285.170370868554 , 265.170370868554 ,,
period1,sc01,t7899, 285.669872981077 , 265.669872981077 ,,
period1,sc01,t7900, 286.464466094067 , 266.464466094067 ,,
period1,sc01,t7901, 287.5 , 267.5 ,,
period1,sc01,t7902, 288.705904774487 , 268.705904774487 ,,
period1,sc01,t7903, 290 , 270 ,,
period1,sc01,t7904, 291.294095225512 , 271.294095225512 ,,
period1,sc01,t7905, 292.5 , 272.5 ,,
period1,sc01,t7906, 293.535533905932 , 273.535533905932 ,,
period1,sc01,t7907, 294.330127018922 , 274.330127018922 ,,
period1,sc01,t7908, 294.829629131445 , 274.829629131445 ,,
period1,sc01,t7909, 305 , 285 ,,
period1,sc01,t7910, 304.829629131445 , 284.829629131445 ,,
period1,sc01,t7911, 304.330127018922 , 284.330127018922 ,,
period1,sc01,t7912, 303.535533905932 , 283.535533905932 ,,
period1,sc01,t7913, 302.5 , 282.5 ,,
period1,sc01,t7914, 301.294095225512 , 281.294095225512 ,,
period1,sc01,t7915, 300 , 280 ,,
period1,sc01,t7916, 298.705904774487 , 278.705904774487 ,,
period1,sc01,t7917, 297.5 , 277.5 ,,
period1,sc01,t7918, 296.464466094067 , 276.464466094067 ,,
period1,sc01,t7919, 295.669872981077 , 275.669872981077 ,,
period1,sc01,t7920, 295.170370868554 , 275.170370868554 ,,
period1,sc01,t7921, 295 , 275 ,,
period1,sc01,t7922, 295.170370868554 , 275.170370868554 ,,
period1,sc01,t7923, 295.669872981077 , 275.669872981077 ,,
period1,sc01,t7924, 296.464466094067 , 276.464466094067 ,,
period1,sc01,t7925, 297.5 , 277.5 ,,
period1,sc01,t7926, 298.705904774487 , 278.705904774487 ,,
period1,sc01,t7927, 300 , 280 ,,
period1,sc01,t7928, 301.294095225512 , 281.294095225512 ,,
period1,sc01,t7929, 302.5 , 282.5 ,,
period1,sc01,t7930, 303.535533905932 , 283.535533905932 ,,
period1,sc01,t7931, 304.330127018922 , 284.330127018922 ,,
period1,sc01,t7932, 304.829629131445 , 284.829629131445 ,,
period1,sc01,t7933, 305 , 285 ,,
period1,sc01,t7934, 304.829629131445 , 284.829629131445 ,,
period1,sc01,t7935, 304.330127018922 , 284.330127018922 ,,
period1,sc01,t7936, 303.535533905932 , 283.535533905932 ,,
period1,sc01,t7937, 302.5 , 282.5 ,,
period1,sc01,t7938, 301.294095225512 , 281.294095225512 ,,
period1,sc01,t7939, 300 , 280 ,,
period1,sc01,t7940, 298.705904774487 , 278.705904774487 ,,
period1,sc01,t7941, 297.5 , 277.5 ,,
period1,sc01,t7942, 296.464466094067 , 276.464466094067 ,,
period1,sc01,t7943, 295.669872981077 , 275.669872981077 ,,
period1,sc01,t7944, 295.170370868554 , 275.170370868554 ,,
period1,sc01,t7945, 295 , 275 ,,
period1,sc01,t7946, 295.170370868554 , 275.170370868554 ,,
period1,sc01,t7947, 295.669872981077 , 275.669872981077 ,,
period1,sc01,t7948, 296.464466094067 , 276.464466094067 ,,
period1,sc01,t7949, 297.5 , 277.5 ,,
period1,sc01,t7950, 298.705904774487 , 278.705904774487 ,,
period1,sc01,t7951, 300 , 280 ,,
period1,sc01,t7952, 301.294095225512 , 281.294095225512 ,,
period1,sc01,t7953, 302.5 , 282.5 ,,
period1,sc01,t7954, 303.535533905932 , 283.535533905932 ,,
period1,sc01,t7955, 304.330127018922 , 284.330127018922 ,,
period1,sc01,t7956, 304.829629131445 , 284.829629131445 ,,
period1,sc01,t7957, 305 , 285 ,,
period1,sc01,t7958, 304.829629131445 , 284.829629131445 ,,
period1,sc01,t7959, 304.330127018922 , 284.330127018922 ,,
period1,sc01,t7960, 303.535533905932 , 283.535533905932 ,,
period1,sc01,t7961, 302.5 , 282.5 ,,
period1,sc01,t7962, 301.294095225512 , 281.294095225512 ,,
period1,sc01,t7963, 300 , 280 ,,
period1,sc01,t7964, 298.705904774487 , 278.705904774487 ,,
period1,sc01,t7965, 297.5 , 277.5 ,,
period1,sc01,t7966, 296.464466094067 , 276.464466094067 ,,
period1,sc01,t7967, 295.669872981077 , 275.669872981077 ,,
period1,sc01,t7968, 295.170370868554 , 275.170370868554 ,,
period1,sc01,t7969, 295 , 275 ,,
period1,sc01,t7970, 295.170370868554 , 275.170370868554 ,,
period1,sc01,t7971, 295.669872981077 , 275.669872981077 ,,
period1,sc01,t7972, 296.464466094067 , 276.464466094067 ,,
period1,sc01,t7973, 297.5 , 277.5 ,,
period1,sc01,t7974, 298.705904774487 , 278.705904774487 ,,
period1,sc01,t7975, 300 , 280 ,,
period1,sc01,t7976, 301.294095225512 , 281.294095225512 ,,
period1,sc01,t7977, 302.5 , 282.5 ,,
period1,sc01,t7978, 303.535533905932 , 283.535533905932 ,,
period1,sc01,t7979, 304.330127018922 , 284.330127018922 ,,
period1,sc01,t7980, 304.829629131445 , 284.829629131445 ,,
period1,sc01,t7981, 305 , 285 ,,
period1,sc01,t7982, 304.829629131445 , 284.829629131445 ,,
period1,sc01,t7983, 304.330127018922 , 284.330127018922 ,,
period1,sc01,t7984, 303.535533905932 , 283.535533905932 ,,
period1,sc01,t7985, 302.5 , 282.5 ,,
period1,sc01,t7986, 301.294095225512 , 281.294095225512 ,,
period1,sc01,t7987, 300 , 280 ,,
period1,sc01,t7988, 298.705904774487 , 278.705904774487 ,,
period1,sc01,t7989, 297.5 , 277.5 ,,
period1,sc01,t7990, 296.464466094067 , 276.464466094067 ,,
period1,sc01,t7991, 295.669872981077 , 275.669872981077 ,,
period1,sc01,t7992, 295.170370868554 , 275.170370868554 ,,
period1,sc01,t7993, 295 , 275 ,,
period1,sc01,t7994, 295.170370868554 , 275.170370868554 ,,
period1,sc01,t7995, 295.669872981077 , 275.669872981077 ,,
period1,sc01,t7996, 296.464466094067 , 276.464466094067 ,,
period1,sc01,t7997, 297.5 , 277.5 ,,
period1,sc01,t7998, 298.705904774487 , 278.705904774487 ,,
period1,sc01,t7999, 300 , 280 ,,
period1,sc01,t8000, 301.294095225512 , 281.294095225512 ,,
period1,sc01,t8001, 302.5 , 282.5 ,,
period1,sc01,t8002, 303.535533905932 , 283.535533905932 ,,
period1,sc01,t8003, 304.330127018922 , 284.330127018922 ,,
period1,sc01,t8004, 304.829629131445 , 284.829629131445 ,,
period1,sc01,t8005, 305 , 285 ,,
period1,sc01,t8006, 304.829629131445 , 284.829629131445 ,,
period1,sc01,t8007, 304.330127018922 , 284.330127018922 ,,
period1,sc01,t8008, 303.535533905932 , 283.535533905932 ,,
period1,sc01,t8009, 302.5 , 282.5 ,,
period1,sc01,t8010, 301.294095225512 , 281.294095225512 ,,
period1,sc01,t8011, 300 , 280 ,,
period1,sc01,t8012, 298.705904774487 , 278.705904774487 ,,
period1,sc01,t8013, 297.5 , 277.5 ,,
period1,sc01,t8014, 296.464466094067 , 276.464466094067 ,,
period1,sc01,t8015, 295.669872981077 , 275.669872981077 ,,
period1,sc01,t8016, 295.170370868554 , 275.170370868554 ,,
period1,sc01,t8017, 295 , 275 ,,
period1,sc01,t8018, 295.170370868554 , 275.170370868554 ,,
period1,sc01,t8019, 295.669872981077 , 275.669872981077 ,,
period1,sc01,t8020, 296.464466094067 , 276.464466094067 ,,
period1,sc01,t8021, 297.5 , 277.5 ,,
period1,sc01,t8022, 298.705904774487 , 278.705904774487 ,,
period1,sc01,t8023, 300 , 280 ,,
period1,sc01,t8024, 301.294095225512 , 281.294095225512 ,,
period1,sc01,t8025, 302.5 , 282.5 ,,
period1,sc01,t8026, 303.535533905932 , 283.535533905932 ,,
period1,sc01,t8027, 304.330127018922 , 284.330127018922 ,,
period1,sc01,t8028, 304.829629131445 , 284.829629131445 ,,
period1,sc01,t8029, 295 , 275 ,,
period1,sc01,t8030, 294.829629131445 , 274.829629131445 ,,
period1,sc01,t8031, 294.330127018922 , 274.330127018922 ,,
period1,sc01,t8032, 293.535533905932 , 273.535533905932 ,,
period1,sc01,t8033, 292.5 , 272.5 ,,
period1,sc01,t8034, 291.294095225512 , 271.294095225512 ,,
period1,sc01,t8035, 290 , 270 ,,
period1,sc01,t8036, 288.705904774487 , 268.705904774487 ,,
period1,sc01,t8037, 287.5 , 267.5 ,,
period1,sc01,t8038, 286.464466094067 , 266.464466094067 ,,
period1,sc01,t8039, 285.669872981077 , 265.669872981077 ,,
period1,sc01,t8040, 285.170370868554 , 265.170370868554 ,,
period1,sc01,t8041, 285 , 265 ,,
period1,sc01,t8042, 285.170370868554 , 265.170370868554 ,,
period1,sc01,t8043, 285.669872981077 , 265.669872981077 ,,
period1,sc01,t8044, 286.464466094067 , 266.464466094067 ,,
period1,sc01,t8045, 287.5 , 267.5 ,,
period1,sc01,t8046, 288.705904774487 , 268.705904774487 ,,
period1,sc01,t8047, 290 , 270 ,,
period1,sc01,t8048, 291.294095225512 , 271.294095225512 ,,
period1,sc01,t8049, 292.5 , 272.5 ,,
period1,sc01,t8050, 293.535533905932 , 273.535533905932 ,,
period1,sc01,t8051, 294.330127018922 , 274.330127018922 ,,
period1,sc01,t8052, 294.829629131445 , 274.829629131445 ,,
period1,sc01,t8053, 295 , 275 ,,
period1,sc01,t8054, 294.829629131445 , 274.829629131445 ,,
period1,sc01,t8055, 294.330127018922 , 274.330127018922 ,,
period1,sc01,t8056, 293.535533905932 , 273.535533905932 ,,
period1,sc01,t8057, 292.5 , 272.5 ,,
period1,sc01,t8058, 291.294095225512 , 271.294095225512 ,,
period1,sc01,t8059, 290 , 270 ,,
period1,sc01,t8060, 288.705904774487 , 268.705904774487 ,,
period1,sc01,t8061, 287.5 , 267.5 ,,
period1,sc01,t8062, 286.464466094067 , 266.464466094067 ,,
period1,sc01,t8063, 285.669872981077 , 265.669872981077 ,,
period1,sc01,t8064, 285.170370868554 , 265.170370868554 ,,
period1,sc01,t8065, 285 , 265 ,,
period1,sc01,t8066, 285.170370868554 , 265.170370868554 ,,
period1,sc01,t8067, 285.669872981077 , 265.669872981077 ,,
period1,sc01,t8068, 286.464466094067 , 266.464466094067 ,,
period1,sc01,t8069, 287.5 , 267.5 ,,
period1,sc01,t8070, 288.705904774487 , 268.705904774487 ,,
period1,sc01,t8071, 290 , 270 ,,
period1,sc01,t8072, 291.294095225512 , 271.294095225512 ,,
period1,sc01,t8073, 292.5 , 272.5 ,,
period1,sc01,t8074, 293.535533905932 , 273.535533905932 ,,
period1,sc01,t8075, 294.330127018922 , 274.330127018922 ,,
period1,sc01,t8076, 294.829629131445 , 274.829629131445 ,,
period1,sc01,t8077, 305 , 285 ,,
period1,sc01,t8078, 304.829629131445 , 284.829629131445 ,,
period1,sc01,t8079, 304.330127018922 , 284.330127018922 ,,
period1,sc01,t8080, 303.535533905932 , 283.535533905932 ,,
period1,sc01,t8081, 302.5 , 282.5 ,,
period1,sc01,t8082, 301.294095225512 , 281.294095225512 ,,
period1,sc01,t8083, 300 , 280 ,,
period1,sc01,t8084, 298.705904774487 , 278.705904774487 ,,
period1,sc01,t8085, 297.5 , 277.5 ,,
period1,sc01,t8086, 296.464466094067 , 276.464466094067 ,,
period1,sc01,t8087, 295.669872981077 , 275.669872981077 ,,
period1,sc01,t8088, 295.170370868554 , 275.170370868554 ,,
period1,sc01,t8089, 295 , 275 ,,
period1,sc01,t8090, 295.170370868554 , 275.170370868554 ,,
period1,sc01,t8091, 295.669872981077 , 275.669872981077 ,,
period1,sc01,t8092, 296.464466094067 , 276.464466094067 ,,
period1,sc01,t8093, 297.5 , 277.5 ,,
period1,sc01,t8094, 298.705904774487 , 278.705904774487 ,,
period1,sc01,t8095, 300 , 280 ,,
period1,sc01,t8096, 301.294095225512 , 281.294095225512 ,,
period1,sc01,t8097, 302.5 , 282.5 ,,
period1,sc01,t8098, 303.535533905932 , 283.535533905932 ,,
period1,sc01,t8099, 304.330127018922 , 284.330127018922 ,,
period1,sc01,t8100, 304.829629131445 , 284.829629131445 ,,
period1,sc01,t8101, 305 , 285 ,,
period1,sc01,t8102, 304.829629131445 , 284.829629131445 ,,
period1,sc01,t8103, 304.330127018922 , 284.330127018922 ,,
period1,sc01,t8104, 303.535533905932 , 283.535533905932 ,,
period1,sc01,t8105, 302.5 , 282.5 ,,
period1,sc01,t8106, 301.294095225512 , 281.294095225512 ,,
period1,sc01,t8107, 300 , 280 ,,
period1,sc01,t8108, 298.705904774487 , 278.705904774487 ,,
period1,sc01,t8109, 297.5 , 277.5 ,,
period1,sc01,t8110, 296.464466094067 , 276.464466094067 ,,
period1,sc01,t8111, 295.669872981077 , 275.669872981077 ,,
period1,sc01,t8112, 295.170370868554 , 275.170370868554 ,,
period1,sc01,t8113, 295 , 275 ,,
period1,sc01,t8114, 295.170370868554 , 275.170370868554 ,,
period1,sc01,t8115, 295.669872981077 , 275.669872981077 ,,
period1,sc01,t8116, 296.464466094067 , 276.464466094067 ,,
period1,sc01,t8117, 297.5 , 277.5 ,,
period1,sc01,t8118, 298.705904774487 , 278.705904774487 ,,
period1,sc01,t8119, 300 , 280 ,,
period1,sc01,t8120, 301.294095225512 , 281.294095225512 ,,
period1,sc01,t8121, 302.5 , 282.5 ,,
period1,sc01,t8122, 303.535533905932 , 283.535533905932 ,,
period1,sc01,t8123, 304.330127018922 , 284.330127018922 ,,
period1,sc01,t8124, 304.829629131445 , 284.829629131445 ,,
period1,sc01,t8125, 305 , 285 ,,
period1,sc01,t8126, 304.829629131445 , 284.829629131445 ,,
period1,sc01,t8127, 304.330127018922 , 284.330127018922 ,,
period1,sc01,t8128, 303.535533905932 , 283.535533905932 ,,
period1,sc01,t8129, 302.5 , 282.5 ,,
period1,sc01,t8130, 301.294095225512 , 281.294095225512 ,,
period1,sc01,t8131, 300 , 280 ,,
period1,sc01,t8132, 298.705904774487 , 278.705904774487 ,,
period1,sc01,t8133, 297.5 , 277.5 ,,
period1,sc01,t8134, 296.464466094067 , 276.464466094067 ,,
period1,sc01,t8135, 295.669872981077 , 275.669872981077 ,,
period1,sc01,t8136, 295.170370868554 , 275.170370868554 ,,
period1,sc01,t8137, 295 , 275 ,,
period1,sc01,t8138, 295.170370868554 , 275.170370868554 ,,
period1,sc01,t8139, 295.669872981077 , 275.669872981077 ,,
period1,sc01,t8140, 296.464466094067 , 276.464466094067 ,,
period1,sc01,t8141, 297.5 , 277.5 ,,
period1,sc01,t8142, 298.705904774487 , 278.705904774487 ,,
period1,sc01,t8143, 300 , 280 ,,
period1,sc01,t8144, 301.294095225512 , 281.294095225512 ,,
period1,sc01,t8145, 302.5 , 282.5 ,,
period1,sc01,t8146, 303.535533905932 , 283.535533905932 ,,
period1,sc01,t8147, 304.330127018922 , 284.330127018922 ,,
period1,sc01,t8148, 304.829629131445 , 284.829629131445 ,,
period1,sc01,t8149, 305 , 285 ,,
period1,sc01,t8150, 304.829629131445 , 284.829629131445 ,,
period1,sc01,t8151, 304.330127018922 , 284.330127018922 ,,
period1,sc01,t8152, 303.535533905932 , 283.535533905932 ,,
period1,sc01,t8153, 302.5 , 282.5 ,,
period1,sc01,t8154, 301.294095225512 , 281.294095225512 ,,
period1,sc01,t8155, 300 , 280 ,,
period1,sc01,t8156, 298.705904774487 , 278.705904774487 ,,
period1,sc01,t8157, 297.5 , 277.5 ,,
period1,sc01,t8158, 296.464466094067 , 276.464466094067 ,,
period1,sc01,t8159, 295.669872981077 , 275.669872981077 ,,
period1,sc01,t8160, 295.170370868554 , 275.170370868554 ,,
period1,sc01,t8161, 295 , 275 ,,
period1,sc01,t8162, 295.170370868554 , 275.170370868554 ,,
period1,sc01,t8163, 295.669872981077 , 275.669872981077 ,,
period1,sc01,t8164, 296.464466094067 , 276.464466094067 ,,
period1,sc01,t8165, 297.5 , 277.5 ,,
period1,sc01,t8166, 298.705904774487 , 278.705904774487 ,,
period1,sc01,t8167, 300 , 280 ,,
period1,sc01,t8168, 301.294095225512 , 281.294095225512 ,,
period1,sc01,t8169, 302.5 , 282.5 ,,
period1,sc01,t8170, 303.535533905932 , 283.535533905932 ,,
period1,sc01,t8171, 304.330127018922 , 284.330127018922 ,,
period1,sc01,t8172, 304.829629131445 , 284.829629131445 ,,
period1,sc01,t8173, 305 , 285 ,,
period1,sc01,t8174, 304.829629131445 , 284.829629131445 ,,
period1,sc01,t8175, 304.330127018922 , 284.330127018922 ,,
period1,sc01,t8176, 303.535533905932 , 283.535533905932 ,,
period1,sc01,t8177, 302.5 , 282.5 ,,
period1,sc01,t8178, 301.294095225512 , 281.294095225512 ,,
period1,sc01,t8179, 300 , 280 ,,
period1,sc01,t8180, 298.705904774487 , 278.705904774487 ,,
period1,sc01,t8181, 297.5 , 277.5 ,,
period1,sc01,t8182, 296.464466094067 , 276.464466094067 ,,
period1,sc01,t8183, 295.669872981077 , 275.669872981077 ,,
period1,sc01,t8184, 295.170370868554 , 275.170370868554 ,,
period1,sc01,t8185, 295 , 275 ,,
period1,sc01,t8186, 295.170370868554 , 275.170370868554 ,,
period1,sc01,t8187, 295.669872981077 , 275.669872981077 ,,
period1,sc01,t8188, 296.464466094067 , 276.464466094067 ,,
period1,sc01,t8189, 297.5 , 277.5 ,,
period1,sc01,t8190, 298.705904774487 , 278.705904774487 ,,
period1,sc01,t8191, 300 , 280 ,,
period1,sc01,t8192, 301.294095225512 , 281.294095225512 ,,
period1,sc01,t8193, 302.5 , 282.5 ,,
period1,sc01,t8194, 303.535533905932 , 283.535533905932 ,,
period1,sc01,t8195, 304.330127018922 , 284.330127018922 ,,
period1,sc01,t8196, 304.829629131445 , 284.829629131445 ,,
period1,sc01,t8197, 295 , 275 ,,
period1,sc01,t8198, 294.829629131445 , 274.829629131445 ,,
period1,sc01,t8199, 294.330127018922 , 274.330127018922 ,,
period1,sc01,t8200, 293.535533905932 , 273.535533905932 ,,
period1,sc01,t8201, 292.5 , 272.5 ,,
period1,sc01,t8202, 291.294095225512 , 271.294095225512 ,,
period1,sc01,t8203, 290 , 270 ,,
period1,sc01,t8204, 288.705904774487 , 268.705904774487 ,,
period1,sc01,t8205, 287.5 , 267.5 ,,
period1,sc01,t8206, 286.464466094067 , 266.464466094067 ,,
period1,sc01,t8207, 285.669872981077 , 265.669872981077 ,,
period1,sc01,t8208, 285.170370868554 , 265.170370868554 ,,
period1,sc01,t8209, 285 , 265 ,,
period1,sc01,t8210, 285.170370868554 , 265.170370868554 ,,
period1,sc01,t8211, 285.669872981077 , 265.669872981077 ,,
period1,sc01,t8212, 286.464466094067 , 266.464466094067 ,,
period1,sc01,t8213, 287.5 , 267.5 ,,
period1,sc01,t8214, 288.705904774487 , 268.705904774487 ,,
period1,sc01,t8215, 290 , 270 ,,
period1,sc01,t8216, 291.294095225512 , 271.294095225512 ,,
period1,sc01,t8217, 292.5 , 272.5 ,,
period1,sc01,t8218, 293.535533905932 , 273.535533905932 ,,
period1,sc01,t8219, 294.330127018922 , 274.330127018922 ,,
period1,sc01,t8220, 294.829629131445 , 274.829629131445 ,,
period1,sc01,t8221, 295 , 275 ,,
period1,sc01,t8222, 294.829629131445 , 274.829629131445 ,,
period1,sc01,t8223, 294.330127018922 , 274.330127018922 ,,
period1,sc01,t8224, 293.535533905932 , 273.535533905932 ,,
period1,sc01,t8225, 292.5 , 272.5 ,,
period1,sc01,t8226, 291.294095225512 , 271.294095225512 ,,
period1,sc01,t8227, 290 , 270 ,,
period1,sc01,t8228, 288.705904774487 , 268.705904774487 ,,
period1,sc01,t8229, 287.5 , 267.5 ,,
period1,sc01,t8230, 286.464466094067 , 266.464466094067 ,,
period1,sc01,t8231, 285.669872981077 , 265.669872981077 ,,
period1,sc01,t8232, 285.170370868554 , 265.170370868554 ,,
period1,sc01,t8233, 285 , 265 ,,
period1,sc01,t8234, 285.170370868554 , 265.170370868554 ,,
period1,sc01,t8235, 285.669872981077 , 265.669872981077 ,,
period1,sc01,t8236, 286.464466094067 , 266.464466094067 ,,
period1,sc01,t8237, 287.5 , 267.5 ,,
period1,sc01,t8238, 288.705904774487 , 268.705904774487 ,,
period1,sc01,t8239, 290 , 270 ,,
period1,sc01,t8240, 291.294095225512 , 271.294095225512 ,,
period1,sc01,t8241, 292.5 , 272.5 ,,
period1,sc01,t8242, 293.535533905932 , 273.535533905932 ,,
period1,sc01,t8243, 294.330127018922 , 274.330127018922 ,,
period1,sc01,t8244, 294.829629131445 , 274.829629131445 ,,
period1,sc01,t8245, 305 , 285 ,,
period1,sc01,t8246, 304.829629131445 , 284.829629131445 ,,
period1,sc01,t8247, 304.330127018922 , 284.330127018922 ,,
period1,sc01,t8248, 303.535533905932 , 283.535533905932 ,,
period1,sc01,t8249, 302.5 , 282.5 ,,
period1,sc01,t8250, 301.294095225512 , 281.294095225512 ,,
period1,sc01,t8251, 300 , 280 ,,
period1,sc01,t8252, 298.705904774487 , 278.705904774487 ,,
period1,sc01,t8253, 297.5 , 277.5 ,,
period1,sc01,t8254, 296.464466094067 , 276.464466094067 ,,
period1,sc01,t8255, 295.669872981077 , 275.669872981077 ,,
period1,sc01,t8256, 295.170370868554 , 275.170370868554 ,,
period1,sc01,t8257, 295 , 275 ,,
period1,sc01,t8258, 295.170370868554 , 275.170370868554 ,,
period1,sc01,t8259, 295.669872981077 , 275.669872981077 ,,
period1,sc01,t8260, 296.464466094067 , 276.464466094067 ,,
period1,sc01,t8261, 297.5 , 277.5 ,,
period1,sc01,t8262, 298.705904774487 , 278.705904774487 ,,
period1,sc01,t8263, 300 , 280 ,,
period1,sc01,t8264, 301.294095225512 , 281.294095225512 ,,
period1,sc01,t8265, 302.5 , 282.5 ,,
period1,sc01,t8266, 303.535533905932 , 283.535533905932 ,,
period1,sc01,t8267, 304.330127018922 , 284.330127018922 ,,
period1,sc01,t8268, 304.829629131445 , 284.829629131445 ,,
period1,sc01,t8269, 305 , 285 ,,
period1,sc01,t8270, 304.829629131445 , 284.829629131445 ,,
period1,sc01,t8271, 304.330127018922 , 284.330127018922 ,,
period1,sc01,t8272, 303.535533905932 , 283.535533905932 ,,
period1,sc01,t8273, 302.5 , 282.5 ,,
period1,sc01,t8274, 301.294095225512 , 281.294095225512 ,,
period1,sc01,t8275, 300 , 280 ,,
period1,sc01,t8276, 298.705904774487 , 278.705904774487 ,,
period1,sc01,t8277, 297.5 , 277.5 ,,
period1,sc01,t8278, 296.464466094067 , 276.464466094067 ,,
period1,sc01,t8279, 295.669872981077 , 275.669872981077 ,,
period1,sc01,t8280, 295.170370868554 , 275.170370868554 ,,
period1,sc01,t8281, 295 , 275 ,,
period1,sc01,t8282, 295.170370868554 , 275.170370868554 ,,
period1,sc01,t8283, 295.669872981077 , 275.669872981077 ,,
period1,sc01,t8284, 296.464466094067 , 276.464466094067 ,,
period1,sc01,t8285, 297.5 , 277.5 ,,
period1,sc01,t8286, 298.705904774487 , 278.705904774487 ,,
period1,sc01,t8287, 300 , 280 ,,
period1,sc01,t8288, 301.294095225512 , 281.294095225512 ,,
period1,sc01,t8289, 302.5 , 282.5 ,,
period1,sc01,t8290, 303.535533905932 , 283.535533905932 ,,
period1,sc01,t8291, 304.330127018922 , 284.330127018922 ,,
period1,sc01,t8292, 304.829629131445 , 284.829629131445 ,,
period1,sc01,t8293, 305 , 285 ,,
period1,sc01,t8294, 304.829629131445 , 284.829629131445 ,,
period1,sc01,t8295, 304.330127018922 , 284.330127018922 ,,
period1,sc01,t8296, 303.535533905932 , 283.535533905932 ,,
period1,sc01,t8297, 302.5 , 282.5 ,,
period1,sc01,t8298, 301.294095225512 , 281.294095225512 ,,
period1,sc01,t8299, 300 , 280 ,,
period1,sc01,t8300, 298.705904774487 , 278.705904774487 ,,
period1,sc01,t8301, 297.5 , 277.5 ,,
period1,sc01,t8302, 296.464466094067 , 276.464466094067 ,,
period1,sc01,t8303, 295.669872981077 , 275.669872981077 ,,
period1,sc01,t8304, 295.170370868554 , 275.170370868554 ,,
period1,sc01,t8305, 295 , 275 ,,
period1,sc01,t8306, 295.170370868554 , 275.170370868554 ,,
period1,sc01,t8307, 295.669872981077 , 275.669872981077 ,,
period1,sc01,t8308, 296.464466094067 , 276.464466094067 ,,
period1,sc01,t8309, 297.5 , 277.5 ,,
period1,sc01,t8310, 298.705904774487 , 278.705904774487 ,,
period1,sc01,t8311, 300 , 280 ,,
period1,sc01,t8312, 301.294095225512 , 281.294095225512 ,,
period1,sc01,t8313, 302.5 , 282.5 ,,
period1,sc01,t8314, 303.535533905932 , 283.535533905932 ,,
period1,sc01,t8315, 304.330127018922 , 284.330127018922 ,,
period1,sc01,t8316, 304.829629131445 , 284.829629131445 ,,
period1,sc01,t8317, 305 , 285 ,,
period1,sc01,t8318, 304.829629131445 , 284.829629131445 ,,
period1,sc01,t8319, 304.330127018922 , 284.330127018922 ,,
period1,sc01,t8320, 303.535533905932 , 283.535533905932 ,,
period1,sc01,t8321, 302.5 , 282.5 ,,
period1,sc01,t8322, 301.294095225512 , 281.294095225512 ,,
period1,sc01,t8323, 300 , 280 ,,
period1,sc01,t8324, 298.705904774487 , 278.705904774487 ,,
period1,sc01,t8325, 297.5 , 277.5 ,,
period1,sc01,t8326, 296.464466094067 , 276.464466094067 ,,
period1,sc01,t8327, 295.669872981077 , 275.669872981077 ,,
period1,sc01,t8328, 295.170370868554 , 275.170370868554 ,,
period1,sc01,t8329, 295 , 275 ,,
period1,sc01,t8330, 295.170370868554 , 275.170370868554 ,,
period1,sc01,t8331, 295.669872981077 , 275.669872981077 ,,
period1,sc01,t8332, 296.464466094067 , 276.464466094067 ,,
period1,sc01,t8333, 297.5 , 277.5 ,,
period1,sc01,t8334, 298.705904774487 , 278.705904774487 ,,
period1,sc01,t8335, 300 , 280 ,,
period1,sc01,t8336, 301.294095225512 , 281.294095225512 ,,
period1,sc01,t8337, 302.5 , 282.5 ,,
period1,sc01,t8338, 303.535533905932 , 283.535533905932 ,,
period1,sc01,t8339, 304.330127018922 , 284.330127018922 ,,
period1,sc01,t8340, 304.829629131445 , 284.829629131445 ,,
period1,sc01,t8341, 305 , 285 ,,
period1,sc01,t8342, 304.829629131445 , 284.829629131445 ,,
period1,sc01,t8343, 304.330127018922 , 284.330127018922 ,,
period1,sc01,t8344, 303.535533905932 , 283.535533905932 ,,
period1,sc01,t8345, 302.5 , 282.5 ,,
period1,sc01,t8346, 301.294095225512 , 281.294095225512 ,,
period1,sc01,t8347, 300 , 280 ,,
period1,sc01,t8348, 298.705904774487 , 278.705904774487 ,,
period1,sc01,t8349, 297.5 , 277.5 ,,
period1,sc01,t8350, 296.464466094067 , 276.464466094067 ,,
period1,sc01,t8351, 295.669872981077 , 275.669872981077 ,,
period1,sc01,t8352, 295.170370868554 , 275.170370868554 ,,
period1,sc01,t8353, 295 , 275 ,,
period1,sc01,t8354, 295.170370868554 , 275.170370868554 ,,
period1,sc01,t8355, 295.669872981077 , 275.669872981077 ,,
period1,sc01,t8356, 296.464466094067 , 276.464466094067 ,,
period1,sc01,t8357, 297.5 , 277.5 ,,
period1,sc01,t8358, 298.705904774487 , 278.705904774487 ,,
period1,sc01,t8359, 300 , 280 ,,
period1,sc01,t8360, 301.294095225512 , 281.294095225512 ,,
period1,sc01,t8361, 302.5 , 282.5 ,,
period1,sc01,t8362, 303.535533905932 , 283.535533905932 ,,
period1,sc01,t8363, 304.330127018922 , 284.330127018922 ,,
period1,sc01,t8364, 304.829629131445 , 284.829629131445 ,,
period1,sc01,t8365, 295 , 275 ,,
period1,sc01,t8366, 294.829629131445 , 274.829629131445 ,,
period1,sc01,t8367, 294.330127018922 , 274.330127018922 ,,
period1,sc01,t8368, 293.535533905932 , 273.535533905932 ,,
period1,sc01,t8369, 292.5 , 272.5 ,,
period1,sc01,t8370, 291.294095225512 , 271.294095225512 ,,
period1,sc01,t8371, 290 , 270 ,,
period1,sc01,t8372, 288.705904774487 , 268.705904774487 ,,
period1,sc01,t8373, 287.5 , 267.5 ,,
period1,sc01,t8374, 286.464466094067 , 266.464466094067 ,,
period1,sc01,t8375, 285.669872981077 , 265.669872981077 ,,
period1,sc01,t8376, 285.170370868554 , 265.170370868554 ,,
period1,sc01,t8377, 285 , 265 ,,
period1,sc01,t8378, 285.170370868554 , 265.170370868554 ,,
period1,sc01,t8379, 285.669872981077 , 265.669872981077 ,,
period1,sc01,t8380, 286.464466094067 , 266.464466094067 ,,
period1,sc01,t8381, 287.5 , 267.5 ,,
period1,sc01,t8382, 288.705904774487 , 268.705904774487 ,,
period1,sc01,t8383, 290 , 270 ,,
period1,sc01,t8384, 291.294095225512 , 271.294095225512 ,,
period1,sc01,t8385, 292.5 , 272.5 ,,
period1,sc01,t8386, 293.535533905932 , 273.535533905932 ,,
period1,sc01,t8387, 294.330127018922 , 274.330127018922 ,,
period1,sc01,t8388, 294.829629131445 , 274.829629131445 ,,
period1,sc01,t8389, 295 , 275 ,,
period1,sc01,t8390, 294.829629131445 , 274.829629131445 ,,
period1,sc01,t8391, 294.330127018922 , 274.330127018922 ,,
period1,sc01,t8392, 293.535533905932 , 273.535533905932 ,,
period1,sc01,t8393, 292.5 , 272.5 ,,
period1,sc01,t8394, 291.294095225512 , 271.294095225512 ,,
period1,sc01,t8395, 290 , 270 ,,
period1,sc01,t8396, 288.705904774487 , 268.705904774487 ,,
period1,sc01,t8397, 287.5 , 267.5 ,,
period1,sc01,t8398, 286.464466094067 , 266.464466094067 ,,
period1,sc01,t8399, 285.669872981077 , 265.669872981077 ,,
period1,sc01,t8400, 285.170370868554 , 265.170370868554 ,,
period1,sc01,t8401, 100 , 100 ,,
period1,sc01,t8402, 100 , 100 ,,
period1,sc01,t8403, 100 , 100 ,,
period1,sc01,t8404, 100 , 100 ,,
period1,sc01,t8405, 100 , 100 ,,
period1,sc01,t8406, 100 , 100 ,,
period1,sc01,t8407, 100 , 100 ,,
period1,sc01,t8408, 100 , 100 ,,
period1,sc01,t8409, 100 , 100 ,,
period1,sc01,t8410, 100 , 100 ,,
period1,sc01,t8411, 100 , 100 ,,
period1,sc01,t8412, 100 , 100 ,,
period1,sc01,t8413, 100 , 100 ,,
period1,sc01,t8414, 100 , 100 ,,
period1,sc01,t8415, 100 , 100 ,,
period1,sc01,t8416, 100 , 100 ,,
period1,sc01,t8417, 100 , 100 ,,
period1,sc01,t8418, 100 , 100 ,,
period1,sc01,t8419, 100 , 100 ,,
period1,sc01,t8420, 100 , 100 ,,
period1,sc01,t8421, 100 , 100 ,,
period1,sc01,t8422, 100 , 100 ,,
period1,sc01,t8423, 100 , 100 ,,
period1,sc01,t8424, 100 , 100 ,,
period1,sc01,t8425, 100 , 100 ,,
period1,sc01,t8426, 100 , 100 ,,
period1,sc01,t8427, 100 , 100 ,,
period1,sc01,t8428, 100 , 100 ,,
period1,sc01,t8429, 100 , 100 ,,
period1,sc01,t8430, 100 , 100 ,,
period1,sc01,t8431, 100 , 100 ,,
period1,sc01,t8432, 100 , 100 ,,
period1,sc01,t8433, 100 , 100 ,,
period1,sc01,t8434, 100 , 100 ,,
period1,sc01,t8435, 100 , 100 ,,
period1,sc01,t8436, 100 , 100 ,,
period1,sc01,t8437, 100 , 100 ,,
period1,sc01,t8438, 100 , 100 ,,
period1,sc01,t8439, 100 , 100 ,,
period1,sc01,t8440, 100 , 100 ,,
period1,sc01,t8441, 100 , 100 ,,
period1,sc01,t8442, 100 , 100 ,,
period1,sc01,t8443, 100 , 100 ,,
period1,sc01,t8444, 100 , 100 ,,
period1,sc01,t8445, 100 , 100 ,,
period1,sc01,t8446, 100 , 100 ,,
period1,sc01,t8447, 100 , 100 ,,
period1,sc01,t8448, 100 , 100 ,,
period1,sc01,t8449, 100 , 100 ,,
period1,sc01,t8450, 100 , 100 ,,
period1,sc01,t8451, 100 , 100 ,,
period1,sc01,t8452, 100 , 100 ,,
period1,sc01,t8453, 100 , 100 ,,
period1,sc01,t8454, 100 , 100 ,,
period1,sc01,t8455, 100 , 100 ,,
period1,sc01,t8456, 100 , 100 ,,
period1,sc01,t8457, 100 , 100 ,,
period1,sc01,t8458, 100 , 100 ,,
period1,sc01,t8459, 100 , 100 ,,
period1,sc01,t8460, 100 , 100 ,,
period1,sc01,t8461, 100 , 100 ,,
period1,sc01,t8462, 100 , 100 ,,
period1,sc01,t8463, 100 , 100 ,,
period1,sc01,t8464, 100 , 100 ,,
period1,sc01,t8465, 100 , 100 ,,
period1,sc01,t8466, 100 , 100 ,,
period1,sc01,t8467, 100 , 100 ,,
period1,sc01,t8468, 100 , 100 ,,
period1,sc01,t8469, 100 , 100 ,,
period1,sc01,t8470, 100 , 100 ,,
period1,sc01,t8471, 100 , 100 ,,
period1,sc01,t8472, 100 , 100 ,,
period1,sc01,t8473, 100 , 100 ,,
period1,sc01,t8474, 100 , 100 ,,
period1,sc01,t8475, 100 , 100 ,,
period1,sc01,t8476, 100 , 100 ,,
period1,sc01,t8477, 100 , 100 ,,
period1,sc01,t8478, 100 , 100 ,,
period1,sc01,t8479, 100 , 100 ,,
period1,sc01,t8480, 100 , 100 ,,
period1,sc01,t8481, 100 , 100 ,,
period1,sc01,t8482, 100 , 100 ,,
period1,sc01,t8483, 100 , 100 ,,
period1,sc01,t8484, 100 , 100 ,,
period1,sc01,t8485, 100 , 100 ,,
period1,sc01,t8486, 100 , 100 ,,
period1,sc01,t8487, 100 , 100 ,,
period1,sc01,t8488, 100 , 100 ,,
period1,sc01,t8489, 100 , 100 ,,
period1,sc01,t8490, 100 , 100 ,,
period1,sc01,t8491, 100 , 100 ,,
period1,sc01,t8492, 100 , 100 ,,
period1,sc01,t8493, 100 , 100 ,,
period1,sc01,t8494, 100 , 100 ,,
period1,sc01,t8495, 100 , 100 ,,
period1,sc01,t8496, 100 , 100 ,,
period1,sc01,t8497, 100 , 100 ,,
period1,sc01,t8498, 100 , 100 ,,
period1,sc01,t8499, 100 , 100 ,,
period1,sc01,t8500, 100 , 100 ,,
period1,sc01,t8501, 100 , 100 ,,
period1,sc01,t8502, 100 , 100 ,,
period1,sc01,t8503, 100 , 100 ,,
period1,sc01,t8504, 100 , 100 ,,
period1,sc01,t8505, 100 , 100 ,,
period1,sc01,t8506, 100 , 100 ,,
period1,sc01,t8507, 100 , 100 ,,
period1,sc01,t8508, 100 , 100 ,,
period1,sc01,t8509, 100 , 100 ,,
period1,sc01,t8510, 100 , 100 ,,
period1,sc01,t8511, 100 , 100 ,,
period1,sc01,t8512, 100 , 100 ,,
period1,sc01,t8513, 100 , 100 ,,
period1,sc01,t8514, 100 , 100 ,,
period1,sc01,t8515, 100 , 100 ,,
period1,sc01,t8516, 100 , 100 ,,
period1,sc01,t8517, 100 , 100 ,,
period1,sc01,t8518, 100 , 100 ,,
period1,sc01,t8519, 100 , 100 ,,
period1,sc01,t8520, 100 , 100 ,,
period1,sc01,t8521, 100 , 100 ,,
period1,sc01,t8522, 100 , 100 ,,
period1,sc01,t8523, 100 , 100 ,,
period1,sc01,t8524, 100 , 100 ,,
period1,sc01,t8525, 100 , 100 ,,
period1,sc01,t8526, 100 , 100 ,,
period1,sc01,t8527, 100 , 100 ,,
period1,sc01,t8528, 100 , 100 ,,
period1,sc01,t8529, 100 , 100 ,,
period1,sc01,t8530, 100 , 100 ,,
period1,sc01,t8531, 100 , 100 ,,
period1,sc01,t8532, 100 , 100 ,,
period1,sc01,t8533, 100 , 100 ,,
period1,sc01,t8534, 100 , 100 ,,
period1,sc01,t8535, 100 , 100 ,,
period1,sc01,t8536, 100 , 100 ,,
period1,sc01,t8537, 100 , 100 ,,
period1,sc01,t8538, 100 , 100 ,,
period1,sc01,t8539, 100 , 100 ,,
period1,sc01,t8540, 100 , 100 ,,
period1,sc01,t8541, 100 , 100 ,,
period1,sc01,t8542, 100 , 100 ,,
period1,sc01,t8543, 100 , 100 ,,
period1,sc01,t8544, 100 , 100 ,,
period1,sc01,t8545, 100 , 100 ,,
period1,sc01,t8546, 100 , 100 ,,
period1,sc01,t8547, 100 , 100 ,,
period1,sc01,t8548, 100 , 100 ,,
period1,sc01,t8549, 100 , 100 ,,
period1,sc01,t8550, 100 , 100 ,,
period1,sc01,t8551, 100 , 100 ,,
period1,sc01,t8552, 100 , 100 ,,
period1,sc01,t8553, 100 , 100 ,,
period1,sc01,t8554, 100 , 100 ,,
period1,sc01,t8555, 100 , 100 ,,
period1,sc01,t8556, 100 , 100 ,,
period1,sc01,t8557, 100 , 100 ,,
period1,sc01,t8558, 100 , 100 ,,
period1,sc01,t8559, 100 , 100 ,,
period1,sc01,t8560, 100 , 100 ,,
period1,sc01,t8561, 100 , 100 ,,
period1,sc01,t8562, 100 , 100 ,,
period1,sc01,t8563, 100 , 100 ,,
period1,sc01,t8564, 100 , 100 ,,
period1,sc01,t8565, 100 , 100 ,,
period1,sc01,t8566, 100 , 100 ,,
period1,sc01,t8567, 100 , 100 ,,
period1,sc01,t8568, 100 , 100 ,,
period1,sc01,t8569, 100 , 100 ,,
period1,sc01,t8570, 100 , 100 ,,
period1,sc01,t8571, 100 , 100 ,,
period1,sc01,t8572, 100 , 100 ,,
period1,sc01,t8573, 100 , 100 ,,
period1,sc01,t8574, 100 , 100 ,,
period1,sc01,t8575, 100 , 100 ,,
period1,sc01,t8576, 100 , 100 ,,
period1,sc01,t8577, 100 , 100 ,,
period1,sc01,t8578, 100 , 100 ,,
period1,sc01,t8579, 100 , 100 ,,
period1,sc01,t8580, 100 , 100 ,,
period1,sc01,t8581, 100 , 100 ,,
period1,sc01,t8582, 100 , 100 ,,
period1,sc01,t8583, 100 , 100 ,,
period1,sc01,t8584, 100 , 100 ,,
period1,sc01,t8585, 100 , 100 ,,
period1,sc01,t8586, 100 , 100 ,,
period1,sc01,t8587, 100 , 100 ,,
period1,sc01,t8588, 100 , 100 ,,
period1,sc01,t8589, 100 , 100 ,,
period1,sc01,t8590, 100 , 100 ,,
period1,sc01,t8591, 100 , 100 ,,
period1,sc01,t8592, 100 , 100 ,,
period1,sc01,t8593, 100 , 100 ,,
period1,sc01,t8594, 100 , 100 ,,
period1,sc01,t8595, 100 , 100 ,,
period1,sc01,t8596, 100 , 100 ,,
period1,sc01,t8597, 100 , 100 ,,
period1,sc01,t8598, 100 , 100 ,,
period1,sc01,t8599, 100 , 100 ,,
period1,sc01,t8600, 100 , 100 ,,
period1,sc01,t8601, 100 , 100 ,,
period1,sc01,t8602, 100 , 100 ,,
period1,sc01,t8603, 100 , 100 ,,
period1,sc01,t8604, 100 , 100 ,,
period1,sc01,t8605, 100 , 100 ,,
period1,sc01,t8606, 100 , 100 ,,
period1,sc01,t8607, 100 , 100 ,,
period1,sc01,t8608, 100 , 100 ,,
period1,sc01,t8609, 100 , 100 ,,
period1,sc01,t8610, 100 , 100 ,,
period1,sc01,t8611, 100 , 100 ,,
period1,sc01,t8612, 100 , 100 ,,
period1,sc01,t8613, 100 , 100 ,,
period1,sc01,t8614, 100 , 100 ,,
period1,sc01,t8615, 100 , 100 ,,
period1,sc01,t8616, 100 , 100 ,,
period1,sc01,t8617, 100 , 100 ,,
period1,sc01,t8618, 100 , 100 ,,
period1,sc01,t8619, 100 , 100 ,,
period1,sc01,t8620, 100 , 100 ,,
period1,sc01,t8621, 100 , 100 ,,
period1,sc01,t8622, 100 , 100 ,,
period1,sc01,t8623, 100 , 100 ,,
period1,sc01,t8624, 100 , 100 ,,
period1,sc01,t8625, 100 , 100 ,,
period1,sc01,t8626, 100 , 100 ,,
period1,sc01,t8627, 100 , 100 ,,
period1,sc01,t8628, 100 , 100 ,,
period1,sc01,t8629, 100 , 100 ,,
period1,sc01,t8630, 100 , 100 ,,
period1,sc01,t8631, 100 , 100 ,,
period1,sc01,t8632, 100 , 100 ,,
period1,sc01,t8633, 100 , 100 ,,
period1,sc01,t8634, 100 , 100 ,,
period1,sc01,t8635, 100 , 100 ,,
period1,sc01,t8636, 100 , 100 ,,
period1,sc01,t8637, 100 , 100 ,,
period1,sc01,t8638, 100 , 100 ,,
period1,sc01,t8639, 100 , 100 ,,
period1,sc01,t8640, 100 , 100 ,,
period1,sc01,t8641, 100 , 100 ,,
period1,sc01,t8642, 100 , 100 ,,
period1,sc01,t8643, 100 , 100 ,,
period1,sc01,t8644, 100 , 100 ,,
period1,sc01,t8645, 100 , 100 ,,
period1,sc01,t8646, 100 , 100 ,,
period1,sc01,t8647, 100 , 100 ,,
period1,sc01,t8648, 100 , 100 ,,
period1,sc01,t8649, 100 , 100 ,,
period1,sc01,t8650, 100 , 100 ,,
period1,sc01,t8651, 100 , 100 ,,
period1,sc01,t8652, 100 , 100 ,,
period1,sc01,t8653, 100 , 100 ,,
period1,sc01,t8654, 100 , 100 ,,
period1,sc01,t8655, 100 , 100 ,,
period1,sc01,t8656, 100 , 100 ,,
period1,sc01,t8657, 100 , 100 ,,
period1,sc01,t8658, 100 , 100 ,,
period1,sc01,t8659, 100 , 100 ,,
period1,sc01,t8660, 100 , 100 ,,
period1,sc01,t8661, 100 , 100 ,,
period1,sc01,t8662, 100 , 100 ,,
period1,sc01,t8663, 100 , 100 ,,
period1,sc01,t8664, 100 , 100 ,,
period1,sc01,t8665, 100 , 100 ,,
period1,sc01,t8666, 100 , 100 ,,
period1,sc01,t8667, 100 , 100 ,,
period1,sc01,t8668, 100 , 100 ,,
period1,sc01,t8669, 100 , 100 ,,
period1,sc01,t8670, 100 , 100 ,,
period1,sc01,t8671, 100 , 100 ,,
period1,sc01,t8672, 100 , 100 ,,
period1,sc01,t8673, 100 , 100 ,,
period1,sc01,t8674, 100 , 100 ,,
period1,sc01,t8675, 100 , 100 ,,
period1,sc01,t8676, 100 , 100 ,,
period1,sc01,t8677, 100 , 100 ,,
period1,sc01,t8678, 100 , 100 ,,
period1,sc01,t8679, 100 , 100 ,,
period1,sc01,t8680, 100 , 100 ,,
period1,sc01,t8681, 100 , 100 ,,
period1,sc01,t8682, 100 , 100 ,,
period1,sc01,t8683, 100 , 100 ,,
period1,sc01,t8684, 100 , 100 ,,
period1,sc01,t8685, 100 , 100 ,,
period1,sc01,t8686, 100 , 100 ,,
period1,sc01,t8687, 100 , 100 ,,
period1,sc01,t8688, 100 , 100 ,,
period1,sc01,t8689, 100 , 100 ,,
period1,sc01,t8690, 100 , 100 ,,
period1,sc01,t8691, 100 , 100 ,,
period1,sc01,t8692, 100 , 100 ,,
period1,sc01,t8693, 100 , 100 ,,
period1,sc01,t8694, 100 , 100 ,,
period1,sc01,t8695, 100 , 100 ,,
period1,sc01,t8696, 100 , 100 ,,
period1,sc01,t8697, 100 , 100 ,,
period1,sc01,t8698, 100 , 100 ,,
period1,sc01,t8699, 100 , 100 ,,
period1,sc01,t8700, 100 , 100 ,,
period1,sc01,t8701, 100 , 100 ,,
period1,sc01,t8702, 100 , 100 ,,
period1,sc01,t8703, 100 , 100 ,,
period1,sc01,t8704, 100 , 100 ,,
period1,sc01,t8705, 100 , 100 ,,
period1,sc01,t8706, 100 , 100 ,,
period1,sc01,t8707, 100 , 100 ,,
period1,sc01,t8708, 100 , 100 ,,
period1,sc01,t8709, 100 , 100 ,,
period1,sc01,t8710, 100 , 100 ,,
period1,sc01,t8711, 100 , 100 ,,
period1,sc01,t8712, 100 , 100 ,,
period1,sc01,t8713, 100 , 100 ,,
period1,sc01,t8714, 100 , 100 ,,
period1,sc01,t8715, 100 , 100 ,,
period1,sc01,t8716, 100 , 100 ,,
period1,sc01,t8717, 100 , 100 ,,
period1,sc01,t8718, 100 , 100 ,,
period1,sc01,t8719, 100 , 100 ,,
period1,sc01,t8720, 100 , 100 ,,
period1,sc01,t8721, 100 , 100 ,,
period1,sc01,t8722, 100 , 100 ,,
period1,sc01,t8723, 100 , 100 ,,
period1,sc01,t8724, 100 , 100 ,,
period1,sc01,t8725, 100 , 100 ,,
period1,sc01,t8726, 100 , 100 ,,
period1,sc01,t8727, 100 , 100 ,,
period1,sc01,t8728, 100 , 100 ,,
period1,sc01,t8729, 100 , 100 ,,
period1,sc01,t8730, 100 , 100 ,,
period1,sc01,t8731, 100 , 100 ,,
period1,sc01,t8732, 100 , 100 ,,
period1,sc01,t8733, 100 , 100 ,,
period1,sc01,t8734, 100 , 100 ,,
period1,sc01,t8735, 100 , 100 ,,
period1,sc01,t8736, 100 , 100 ,,
