,,,FCRD_Up,FCRD_Down,FCRN_Up,FCRN_Down
period1,sc01,t0001,5000.0,5000.0,5000.0,5000.0
period1,sc01,t0002,5000.0,5000.0,5000.0,5000.0
period1,sc01,t0003,5000.0,5000.0,5000.0,5000.0
period1,sc01,t0004,5000.0,5000.0,5000.0,5000.0
period1,sc01,t0005,5000.0,5000.0,5000.0,5000.0
period1,sc01,t0006,5000.0,5000.0,5000.0,5000.0
period1,sc01,t0007,5000.0,5000.0,5000.0,5000.0
period1,sc01,t0008,5000.0,5000.0,5000.0,5000.0
period1,sc01,t0009,5000.0,5000.0,5000.0,5000.0
period1,sc01,t0010,5000.0,5000.0,5000.0,5000.0
period1,sc01,t0011,5000.0,5000.0,5000.0,5000.0
period1,sc01,t0012,5000.0,5000.0,5000.0,5000.0
period1,sc01,t0013,5000.0,5000.0,5000.0,5000.0
period1,sc01,t0014,5000.0,5000.0,5000.0,5000.0
period1,sc01,t0015,5000.0,5000.0,5000.0,5000.0
period1,sc01,t0016,5000.0,5000.0,5000.0,5000.0
period1,sc01,t0017,5000.0,5000.0,5000.0,5000.0
period1,sc01,t0018,5000.0,5000.0,5000.0,5000.0
period1,sc01,t0019,5000.0,5000.0,5000.0,5000.0
period1,sc01,t0020,5000.0,5000.0,5000.0,5000.0
period1,sc01,t0021,5000.0,5000.0,5000.0,5000.0
period1,sc01,t0022,5000.0,5000.0,5000.0,5000.0
period1,sc01,t0023,5000.0,5000.0,5000.0,5000.0
period1,sc01,t0024,5000.0,5000.0,5000.0,5000.0
period1,sc01,t0025,5000.0,5000.0,5000.0,5000.0
period1,sc01,t0026,5000.0,5000.0,5000.0,5000.0
period1,sc01,t0027,5000.0,5000.0,5000.0,5000.0
period1,sc01,t0028,5000.0,5000.0,5000.0,5000.0
period1,sc01,t0029,5000.0,5000.0,5000.0,5000.0
period1,sc01,t0030,5000.0,5000.0,5000.0,5000.0
period1,sc01,t0031,5000.0,5000.0,5000.0,5000.0
period1,sc01,t0032,5000.0,5000.0,5000.0,5000.0
period1,sc01,t0033,5000.0,5000.0,5000.0,5000.0
period1,sc01,t0034,5000.0,5000.0,5000.0,5000.0
period1,sc01,t0035,5000.0,5000.0,5000.0,5000.0
period1,sc01,t0036,5000.0,5000.0,5000.0,5000.0
period1,sc01,t0037,5000.0,5000.0,5000.0,5000.0
period1,sc01,t0038,5000.0,5000.0,5000.0,5000.0
period1,sc01,t0039,5000.0,5000.0,5000.0,5000.0
period1,sc01,t0040,5000.0,5000.0,5000.0,5000.0
period1,sc01,t0041,5000.0,5000.0,5000.0,5000.0
period1,sc01,t0042,5000.0,5000.0,5000.0,5000.0
period1,sc01,t0043,5000.0,5000.0,5000.0,5000.0
period1,sc01,t0044,5000.0,5000.0,5000.0,5000.0
period1,sc01,t0045,5000.0,5000.0,5000.0,5000.0
period1,sc01,t0046,5000.0,5000.0,5000.0,5000.0
period1,sc01,t0047,5000.0,5000.0,5000.0,5000.0
period1,sc01,t0048,5000.0,5000.0,5000.0,5000.0
period1,sc01,t0049,5000.0,5000.0,5000.0,5000.0
period1,sc01,t0050,5000.0,5000.0,5000.0,5000.0
period1,sc01,t0051,5000.0,5000.0,5000.0,5000.0
period1,sc01,t0052,5000.0,5000.0,5000.0,5000.0
period1,sc01,t0053,5000.0,5000.0,5000.0,5000.0
period1,sc01,t0054,5000.0,5000.0,5000.0,5000.0
period1,sc01,t0055,5000.0,5000.0,5000.0,5000.0
period1,sc01,t0056,5000.0,5000.0,5000.0,5000.0
period1,sc01,t0057,5000.0,5000.0,5000.0,5000.0
period1,sc01,t0058,5000.0,5000.0,5000.0,5000.0
period1,sc01,t0059,5000.0,5000.0,5000.0,5000.0
period1,sc01,t0060,5000.0,5000.0,5000.0,5000.0
period1,sc01,t0061,5000.0,5000.0,5000.0,5000.0
period1,sc01,t0062,5000.0,5000.0,5000.0,5000.0
period1,sc01,t0063,5000.0,5000.0,5000.0,5000.0
period1,sc01,t0064,5000.0,5000.0,5000.0,5000.0
period1,sc01,t0065,5000.0,5000.0,5000.0,5000.0
period1,sc01,t0066,5000.0,5000.0,5000.0,5000.0
period1,sc01,t0067,5000.0,5000.0,5000.0,5000.0
period1,sc01,t0068,5000.0,5000.0,5000.0,5000.0
period1,sc01,t0069,5000.0,5000.0,5000.0,5000.0
period1,sc01,t0070,5000.0,5000.0,5000.0,5000.0
period1,sc01,t0071,5000.0,5000.0,5000.0,5000.0
period1,sc01,t0072,5000.0,5000.0,5000.0,5000.0
period1,sc01,t0073,5000.0,5000.0,5000.0,5000.0
period1,sc01,t0074,5000.0,5000.0,5000.0,5000.0
period1,sc01,t0075,5000.0,5000.0,5000.0,5000.0
period1,sc01,t0076,5000.0,5000.0,5000.0,5000.0
period1,sc01,t0077,5000.0,5000.0,5000.0,5000.0
period1,sc01,t0078,5000.0,5000.0,5000.0,5000.0
period1,sc01,t0079,5000.0,5000.0,5000.0,5000.0
period1,sc01,t0080,5000.0,5000.0,5000.0,5000.0
period1,sc01,t0081,5000.0,5000.0,5000.0,5000.0
period1,sc01,t0082,5000.0,5000.0,5000.0,5000.0
period1,sc01,t0083,5000.0,5000.0,5000.0,5000.0
period1,sc01,t0084,5000.0,5000.0,5000.0,5000.0
period1,sc01,t0085,5000.0,5000.0,5000.0,5000.0
period1,sc01,t0086,5000.0,5000.0,5000.0,5000.0
period1,sc01,t0087,5000.0,5000.0,5000.0,5000.0
period1,sc01,t0088,5000.0,5000.0,5000.0,5000.0
period1,sc01,t0089,5000.0,5000.0,5000.0,5000.0
period1,sc01,t0090,5000.0,5000.0,5000.0,5000.0
period1,sc01,t0091,5000.0,5000.0,5000.0,5000.0
period1,sc01,t0092,5000.0,5000.0,5000.0,5000.0
period1,sc01,t0093,5000.0,5000.0,5000.0,5000.0
period1,sc01,t0094,5000.0,5000.0,5000.0,5000.0
period1,sc01,t0095,5000.0,5000.0,5000.0,5000.0
period1,sc01,t0096,5000.0,5000.0,5000.0,5000.0
period1,sc01,t0097,5000.0,5000.0,5000.0,5000.0
period1,sc01,t0098,5000.0,5000.0,5000.0,5000.0
period1,sc01,t0099,5000.0,5000.0,5000.0,5000.0
period1,sc01,t0100,5000.0,5000.0,5000.0,5000.0
period1,sc01,t0101,5000.0,5000.0,5000.0,5000.0
period1,sc01,t0102,5000.0,5000.0,5000.0,5000.0
period1,sc01,t0103,5000.0,5000.0,5000.0,5000.0
period1,sc01,t0104,5000.0,5000.0,5000.0,5000.0
period1,sc01,t0105,5000.0,5000.0,5000.0,5000.0
period1,sc01,t0106,5000.0,5000.0,5000.0,5000.0
period1,sc01,t0107,5000.0,5000.0,5000.0,5000.0
period1,sc01,t0108,5000.0,5000.0,5000.0,5000.0
period1,sc01,t0109,5000.0,5000.0,5000.0,5000.0
period1,sc01,t0110,5000.0,5000.0,5000.0,5000.0
period1,sc01,t0111,5000.0,5000.0,5000.0,5000.0
period1,sc01,t0112,5000.0,5000.0,5000.0,5000.0
period1,sc01,t0113,5000.0,5000.0,5000.0,5000.0
period1,sc01,t0114,5000.0,5000.0,5000.0,5000.0
period1,sc01,t0115,5000.0,5000.0,5000.0,5000.0
period1,sc01,t0116,5000.0,5000.0,5000.0,5000.0
period1,sc01,t0117,5000.0,5000.0,5000.0,5000.0
period1,sc01,t0118,5000.0,5000.0,5000.0,5000.0
period1,sc01,t0119,5000.0,5000.0,5000.0,5000.0
period1,sc01,t0120,5000.0,5000.0,5000.0,5000.0
period1,sc01,t0121,5000.0,5000.0,5000.0,5000.0
period1,sc01,t0122,5000.0,5000.0,5000.0,5000.0
period1,sc01,t0123,5000.0,5000.0,5000.0,5000.0
period1,sc01,t0124,5000.0,5000.0,5000.0,5000.0
period1,sc01,t0125,5000.0,5000.0,5000.0,5000.0
period1,sc01,t0126,5000.0,5000.0,5000.0,5000.0
period1,sc01,t0127,5000.0,5000.0,5000.0,5000.0
period1,sc01,t0128,5000.0,5000.0,5000.0,5000.0
period1,sc01,t0129,5000.0,5000.0,5000.0,5000.0
period1,sc01,t0130,5000.0,5000.0,5000.0,5000.0
period1,sc01,t0131,5000.0,5000.0,5000.0,5000.0
period1,sc01,t0132,5000.0,5000.0,5000.0,5000.0
period1,sc01,t0133,5000.0,5000.0,5000.0,5000.0
period1,sc01,t0134,5000.0,5000.0,5000.0,5000.0
period1,sc01,t0135,5000.0,5000.0,5000.0,5000.0
period1,sc01,t0136,5000.0,5000.0,5000.0,5000.0
period1,sc01,t0137,5000.0,5000.0,5000.0,5000.0
period1,sc01,t0138,5000.0,5000.0,5000.0,5000.0
period1,sc01,t0139,5000.0,5000.0,5000.0,5000.0
period1,sc01,t0140,5000.0,5000.0,5000.0,5000.0
period1,sc01,t0141,5000.0,5000.0,5000.0,5000.0
period1,sc01,t0142,5000.0,5000.0,5000.0,5000.0
period1,sc01,t0143,5000.0,5000.0,5000.0,5000.0
period1,sc01,t0144,5000.0,5000.0,5000.0,5000.0
period1,sc01,t0145,5000.0,5000.0,5000.0,5000.0
period1,sc01,t0146,5000.0,5000.0,5000.0,5000.0
period1,sc01,t0147,5000.0,5000.0,5000.0,5000.0
period1,sc01,t0148,5000.0,5000.0,5000.0,5000.0
period1,sc01,t0149,5000.0,5000.0,5000.0,5000.0
period1,sc01,t0150,5000.0,5000.0,5000.0,5000.0
period1,sc01,t0151,5000.0,5000.0,5000.0,5000.0
period1,sc01,t0152,5000.0,5000.0,5000.0,5000.0
period1,sc01,t0153,5000.0,5000.0,5000.0,5000.0
period1,sc01,t0154,5000.0,5000.0,5000.0,5000.0
period1,sc01,t0155,5000.0,5000.0,5000.0,5000.0
period1,sc01,t0156,5000.0,5000.0,5000.0,5000.0
period1,sc01,t0157,5000.0,5000.0,5000.0,5000.0
period1,sc01,t0158,5000.0,5000.0,5000.0,5000.0
period1,sc01,t0159,5000.0,5000.0,5000.0,5000.0
period1,sc01,t0160,5000.0,5000.0,5000.0,5000.0
period1,sc01,t0161,5000.0,5000.0,5000.0,5000.0
period1,sc01,t0162,5000.0,5000.0,5000.0,5000.0
period1,sc01,t0163,5000.0,5000.0,5000.0,5000.0
period1,sc01,t0164,5000.0,5000.0,5000.0,5000.0
period1,sc01,t0165,5000.0,5000.0,5000.0,5000.0
period1,sc01,t0166,5000.0,5000.0,5000.0,5000.0
period1,sc01,t0167,5000.0,5000.0,5000.0,5000.0
period1,sc01,t0168,5000.0,5000.0,5000.0,5000.0
period1,sc01,t0169,5000.0,5000.0,5000.0,5000.0
period1,sc01,t0170,5000.0,5000.0,5000.0,5000.0
period1,sc01,t0171,5000.0,5000.0,5000.0,5000.0
period1,sc01,t0172,5000.0,5000.0,5000.0,5000.0
period1,sc01,t0173,5000.0,5000.0,5000.0,5000.0
period1,sc01,t0174,5000.0,5000.0,5000.0,5000.0
period1,sc01,t0175,5000.0,5000.0,5000.0,5000.0
period1,sc01,t0176,5000.0,5000.0,5000.0,5000.0
period1,sc01,t0177,5000.0,5000.0,5000.0,5000.0
period1,sc01,t0178,5000.0,5000.0,5000.0,5000.0
period1,sc01,t0179,5000.0,5000.0,5000.0,5000.0
period1,sc01,t0180,5000.0,5000.0,5000.0,5000.0
period1,sc01,t0181,5000.0,5000.0,5000.0,5000.0
period1,sc01,t0182,5000.0,5000.0,5000.0,5000.0
period1,sc01,t0183,5000.0,5000.0,5000.0,5000.0
period1,sc01,t0184,5000.0,5000.0,5000.0,5000.0
period1,sc01,t0185,5000.0,5000.0,5000.0,5000.0
period1,sc01,t0186,5000.0,5000.0,5000.0,5000.0
period1,sc01,t0187,5000.0,5000.0,5000.0,5000.0
period1,sc01,t0188,5000.0,5000.0,5000.0,5000.0
period1,sc01,t0189,5000.0,5000.0,5000.0,5000.0
period1,sc01,t0190,5000.0,5000.0,5000.0,5000.0
period1,sc01,t0191,5000.0,5000.0,5000.0,5000.0
period1,sc01,t0192,5000.0,5000.0,5000.0,5000.0
period1,sc01,t0193,5000.0,5000.0,5000.0,5000.0
period1,sc01,t0194,5000.0,5000.0,5000.0,5000.0
period1,sc01,t0195,5000.0,5000.0,5000.0,5000.0
period1,sc01,t0196,5000.0,5000.0,5000.0,5000.0
period1,sc01,t0197,5000.0,5000.0,5000.0,5000.0
period1,sc01,t0198,5000.0,5000.0,5000.0,5000.0
period1,sc01,t0199,5000.0,5000.0,5000.0,5000.0
period1,sc01,t0200,5000.0,5000.0,5000.0,5000.0
period1,sc01,t0201,5000.0,5000.0,5000.0,5000.0
period1,sc01,t0202,5000.0,5000.0,5000.0,5000.0
period1,sc01,t0203,5000.0,5000.0,5000.0,5000.0
period1,sc01,t0204,5000.0,5000.0,5000.0,5000.0
period1,sc01,t0205,5000.0,5000.0,5000.0,5000.0
period1,sc01,t0206,5000.0,5000.0,5000.0,5000.0
period1,sc01,t0207,5000.0,5000.0,5000.0,5000.0
period1,sc01,t0208,5000.0,5000.0,5000.0,5000.0
period1,sc01,t0209,5000.0,5000.0,5000.0,5000.0
period1,sc01,t0210,5000.0,5000.0,5000.0,5000.0
period1,sc01,t0211,5000.0,5000.0,5000.0,5000.0
period1,sc01,t0212,5000.0,5000.0,5000.0,5000.0
period1,sc01,t0213,5000.0,5000.0,5000.0,5000.0
period1,sc01,t0214,5000.0,5000.0,5000.0,5000.0
period1,sc01,t0215,5000.0,5000.0,5000.0,5000.0
period1,sc01,t0216,5000.0,5000.0,5000.0,5000.0
period1,sc01,t0217,5000.0,5000.0,5000.0,5000.0
period1,sc01,t0218,5000.0,5000.0,5000.0,5000.0
period1,sc01,t0219,5000.0,5000.0,5000.0,5000.0
period1,sc01,t0220,5000.0,5000.0,5000.0,5000.0
period1,sc01,t0221,5000.0,5000.0,5000.0,5000.0
period1,sc01,t0222,5000.0,5000.0,5000.0,5000.0
period1,sc01,t0223,5000.0,5000.0,5000.0,5000.0
period1,sc01,t0224,5000.0,5000.0,5000.0,5000.0
period1,sc01,t0225,5000.0,5000.0,5000.0,5000.0
period1,sc01,t0226,5000.0,5000.0,5000.0,5000.0
period1,sc01,t0227,5000.0,5000.0,5000.0,5000.0
period1,sc01,t0228,5000.0,5000.0,5000.0,5000.0
period1,sc01,t0229,5000.0,5000.0,5000.0,5000.0
period1,sc01,t0230,5000.0,5000.0,5000.0,5000.0
period1,sc01,t0231,5000.0,5000.0,5000.0,5000.0
period1,sc01,t0232,5000.0,5000.0,5000.0,5000.0
period1,sc01,t0233,5000.0,5000.0,5000.0,5000.0
period1,sc01,t0234,5000.0,5000.0,5000.0,5000.0
period1,sc01,t0235,5000.0,5000.0,5000.0,5000.0
period1,sc01,t0236,5000.0,5000.0,5000.0,5000.0
period1,sc01,t0237,5000.0,5000.0,5000.0,5000.0
period1,sc01,t0238,5000.0,5000.0,5000.0,5000.0
period1,sc01,t0239,5000.0,5000.0,5000.0,5000.0
period1,sc01,t0240,5000.0,5000.0,5000.0,5000.0
period1,sc01,t0241,5000.0,5000.0,5000.0,5000.0
period1,sc01,t0242,5000.0,5000.0,5000.0,5000.0
period1,sc01,t0243,5000.0,5000.0,5000.0,5000.0
period1,sc01,t0244,5000.0,5000.0,5000.0,5000.0
period1,sc01,t0245,5000.0,5000.0,5000.0,5000.0
period1,sc01,t0246,5000.0,5000.0,5000.0,5000.0
period1,sc01,t0247,5000.0,5000.0,5000.0,5000.0
period1,sc01,t0248,5000.0,5000.0,5000.0,5000.0
period1,sc01,t0249,5000.0,5000.0,5000.0,5000.0
period1,sc01,t0250,5000.0,5000.0,5000.0,5000.0
period1,sc01,t0251,5000.0,5000.0,5000.0,5000.0
period1,sc01,t0252,5000.0,5000.0,5000.0,5000.0
period1,sc01,t0253,5000.0,5000.0,5000.0,5000.0
period1,sc01,t0254,5000.0,5000.0,5000.0,5000.0
period1,sc01,t0255,5000.0,5000.0,5000.0,5000.0
period1,sc01,t0256,5000.0,5000.0,5000.0,5000.0
period1,sc01,t0257,5000.0,5000.0,5000.0,5000.0
period1,sc01,t0258,5000.0,5000.0,5000.0,5000.0
period1,sc01,t0259,5000.0,5000.0,5000.0,5000.0
period1,sc01,t0260,5000.0,5000.0,5000.0,5000.0
period1,sc01,t0261,5000.0,5000.0,5000.0,5000.0
period1,sc01,t0262,5000.0,5000.0,5000.0,5000.0
period1,sc01,t0263,5000.0,5000.0,5000.0,5000.0
period1,sc01,t0264,5000.0,5000.0,5000.0,5000.0
period1,sc01,t0265,5000.0,5000.0,5000.0,5000.0
period1,sc01,t0266,5000.0,5000.0,5000.0,5000.0
period1,sc01,t0267,5000.0,5000.0,5000.0,5000.0
period1,sc01,t0268,5000.0,5000.0,5000.0,5000.0
period1,sc01,t0269,5000.0,5000.0,5000.0,5000.0
period1,sc01,t0270,5000.0,5000.0,5000.0,5000.0
period1,sc01,t0271,5000.0,5000.0,5000.0,5000.0
period1,sc01,t0272,5000.0,5000.0,5000.0,5000.0
period1,sc01,t0273,5000.0,5000.0,5000.0,5000.0
period1,sc01,t0274,5000.0,5000.0,5000.0,5000.0
period1,sc01,t0275,5000.0,5000.0,5000.0,5000.0
period1,sc01,t0276,5000.0,5000.0,5000.0,5000.0
period1,sc01,t0277,5000.0,5000.0,5000.0,5000.0
period1,sc01,t0278,5000.0,5000.0,5000.0,5000.0
period1,sc01,t0279,5000.0,5000.0,5000.0,5000.0
period1,sc01,t0280,5000.0,5000.0,5000.0,5000.0
period1,sc01,t0281,5000.0,5000.0,5000.0,5000.0
period1,sc01,t0282,5000.0,5000.0,5000.0,5000.0
period1,sc01,t0283,5000.0,5000.0,5000.0,5000.0
period1,sc01,t0284,5000.0,5000.0,5000.0,5000.0
period1,sc01,t0285,5000.0,5000.0,5000.0,5000.0
period1,sc01,t0286,5000.0,5000.0,5000.0,5000.0
period1,sc01,t0287,5000.0,5000.0,5000.0,5000.0
period1,sc01,t0288,5000.0,5000.0,5000.0,5000.0
period1,sc01,t0289,5000.0,5000.0,5000.0,5000.0
period1,sc01,t0290,5000.0,5000.0,5000.0,5000.0
period1,sc01,t0291,5000.0,5000.0,5000.0,5000.0
period1,sc01,t0292,5000.0,5000.0,5000.0,5000.0
period1,sc01,t0293,5000.0,5000.0,5000.0,5000.0
period1,sc01,t0294,5000.0,5000.0,5000.0,5000.0
period1,sc01,t0295,5000.0,5000.0,5000.0,5000.0
period1,sc01,t0296,5000.0,5000.0,5000.0,5000.0
period1,sc01,t0297,5000.0,5000.0,5000.0,5000.0
period1,sc01,t0298,5000.0,5000.0,5000.0,5000.0
period1,sc01,t0299,5000.0,5000.0,5000.0,5000.0
period1,sc01,t0300,5000.0,5000.0,5000.0,5000.0
period1,sc01,t0301,5000.0,5000.0,5000.0,5000.0
period1,sc01,t0302,5000.0,5000.0,5000.0,5000.0
period1,sc01,t0303,5000.0,5000.0,5000.0,5000.0
period1,sc01,t0304,5000.0,5000.0,5000.0,5000.0
period1,sc01,t0305,5000.0,5000.0,5000.0,5000.0
period1,sc01,t0306,5000.0,5000.0,5000.0,5000.0
period1,sc01,t0307,5000.0,5000.0,5000.0,5000.0
period1,sc01,t0308,5000.0,5000.0,5000.0,5000.0
period1,sc01,t0309,5000.0,5000.0,5000.0,5000.0
period1,sc01,t0310,5000.0,5000.0,5000.0,5000.0
period1,sc01,t0311,5000.0,5000.0,5000.0,5000.0
period1,sc01,t0312,5000.0,5000.0,5000.0,5000.0
period1,sc01,t0313,5000.0,5000.0,5000.0,5000.0
period1,sc01,t0314,5000.0,5000.0,5000.0,5000.0
period1,sc01,t0315,5000.0,5000.0,5000.0,5000.0
period1,sc01,t0316,5000.0,5000.0,5000.0,5000.0
period1,sc01,t0317,5000.0,5000.0,5000.0,5000.0
period1,sc01,t0318,5000.0,5000.0,5000.0,5000.0
period1,sc01,t0319,5000.0,5000.0,5000.0,5000.0
period1,sc01,t0320,5000.0,5000.0,5000.0,5000.0
period1,sc01,t0321,5000.0,5000.0,5000.0,5000.0
period1,sc01,t0322,5000.0,5000.0,5000.0,5000.0
period1,sc01,t0323,5000.0,5000.0,5000.0,5000.0
period1,sc01,t0324,5000.0,5000.0,5000.0,5000.0
period1,sc01,t0325,5000.0,5000.0,5000.0,5000.0
period1,sc01,t0326,5000.0,5000.0,5000.0,5000.0
period1,sc01,t0327,5000.0,5000.0,5000.0,5000.0
period1,sc01,t0328,5000.0,5000.0,5000.0,5000.0
period1,sc01,t0329,5000.0,5000.0,5000.0,5000.0
period1,sc01,t0330,5000.0,5000.0,5000.0,5000.0
period1,sc01,t0331,5000.0,5000.0,5000.0,5000.0
period1,sc01,t0332,5000.0,5000.0,5000.0,5000.0
period1,sc01,t0333,5000.0,5000.0,5000.0,5000.0
period1,sc01,t0334,5000.0,5000.0,5000.0,5000.0
period1,sc01,t0335,5000.0,5000.0,5000.0,5000.0
period1,sc01,t0336,5000.0,5000.0,5000.0,5000.0
period1,sc01,t0337,5000.0,5000.0,5000.0,5000.0
period1,sc01,t0338,5000.0,5000.0,5000.0,5000.0
period1,sc01,t0339,5000.0,5000.0,5000.0,5000.0
period1,sc01,t0340,5000.0,5000.0,5000.0,5000.0
period1,sc01,t0341,5000.0,5000.0,5000.0,5000.0
period1,sc01,t0342,5000.0,5000.0,5000.0,5000.0
period1,sc01,t0343,5000.0,5000.0,5000.0,5000.0
period1,sc01,t0344,5000.0,5000.0,5000.0,5000.0
period1,sc01,t0345,5000.0,5000.0,5000.0,5000.0
period1,sc01,t0346,5000.0,5000.0,5000.0,5000.0
period1,sc01,t0347,5000.0,5000.0,5000.0,5000.0
period1,sc01,t0348,5000.0,5000.0,5000.0,5000.0
period1,sc01,t0349,5000.0,5000.0,5000.0,5000.0
period1,sc01,t0350,5000.0,5000.0,5000.0,5000.0
period1,sc01,t0351,5000.0,5000.0,5000.0,5000.0
period1,sc01,t0352,5000.0,5000.0,5000.0,5000.0
period1,sc01,t0353,5000.0,5000.0,5000.0,5000.0
period1,sc01,t0354,5000.0,5000.0,5000.0,5000.0
period1,sc01,t0355,5000.0,5000.0,5000.0,5000.0
period1,sc01,t0356,5000.0,5000.0,5000.0,5000.0
period1,sc01,t0357,5000.0,5000.0,5000.0,5000.0
period1,sc01,t0358,5000.0,5000.0,5000.0,5000.0
period1,sc01,t0359,5000.0,5000.0,5000.0,5000.0
period1,sc01,t0360,5000.0,5000.0,5000.0,5000.0
period1,sc01,t0361,5000.0,5000.0,5000.0,5000.0
period1,sc01,t0362,5000.0,5000.0,5000.0,5000.0
period1,sc01,t0363,5000.0,5000.0,5000.0,5000.0
period1,sc01,t0364,5000.0,5000.0,5000.0,5000.0
period1,sc01,t0365,5000.0,5000.0,5000.0,5000.0
period1,sc01,t0366,5000.0,5000.0,5000.0,5000.0
period1,sc01,t0367,5000.0,5000.0,5000.0,5000.0
period1,sc01,t0368,5000.0,5000.0,5000.0,5000.0
period1,sc01,t0369,5000.0,5000.0,5000.0,5000.0
period1,sc01,t0370,5000.0,5000.0,5000.0,5000.0
period1,sc01,t0371,5000.0,5000.0,5000.0,5000.0
period1,sc01,t0372,5000.0,5000.0,5000.0,5000.0
period1,sc01,t0373,5000.0,5000.0,5000.0,5000.0
period1,sc01,t0374,5000.0,5000.0,5000.0,5000.0
period1,sc01,t0375,5000.0,5000.0,5000.0,5000.0
period1,sc01,t0376,5000.0,5000.0,5000.0,5000.0
period1,sc01,t0377,5000.0,5000.0,5000.0,5000.0
period1,sc01,t0378,5000.0,5000.0,5000.0,5000.0
period1,sc01,t0379,5000.0,5000.0,5000.0,5000.0
period1,sc01,t0380,5000.0,5000.0,5000.0,5000.0
period1,sc01,t0381,5000.0,5000.0,5000.0,5000.0
period1,sc01,t0382,5000.0,5000.0,5000.0,5000.0
period1,sc01,t0383,5000.0,5000.0,5000.0,5000.0
period1,sc01,t0384,5000.0,5000.0,5000.0,5000.0
period1,sc01,t0385,5000.0,5000.0,5000.0,5000.0
period1,sc01,t0386,5000.0,5000.0,5000.0,5000.0
period1,sc01,t0387,5000.0,5000.0,5000.0,5000.0
period1,sc01,t0388,5000.0,5000.0,5000.0,5000.0
period1,sc01,t0389,5000.0,5000.0,5000.0,5000.0
period1,sc01,t0390,5000.0,5000.0,5000.0,5000.0
period1,sc01,t0391,5000.0,5000.0,5000.0,5000.0
period1,sc01,t0392,5000.0,5000.0,5000.0,5000.0
period1,sc01,t0393,5000.0,5000.0,5000.0,5000.0
period1,sc01,t0394,5000.0,5000.0,5000.0,5000.0
period1,sc01,t0395,5000.0,5000.0,5000.0,5000.0
period1,sc01,t0396,5000.0,5000.0,5000.0,5000.0
period1,sc01,t0397,5000.0,5000.0,5000.0,5000.0
period1,sc01,t0398,5000.0,5000.0,5000.0,5000.0
period1,sc01,t0399,5000.0,5000.0,5000.0,5000.0
period1,sc01,t0400,5000.0,5000.0,5000.0,5000.0
period1,sc01,t0401,5000.0,5000.0,5000.0,5000.0
period1,sc01,t0402,5000.0,5000.0,5000.0,5000.0
period1,sc01,t0403,5000.0,5000.0,5000.0,5000.0
period1,sc01,t0404,5000.0,5000.0,5000.0,5000.0
period1,sc01,t0405,5000.0,5000.0,5000.0,5000.0
period1,sc01,t0406,5000.0,5000.0,5000.0,5000.0
period1,sc01,t0407,5000.0,5000.0,5000.0,5000.0
period1,sc01,t0408,5000.0,5000.0,5000.0,5000.0
period1,sc01,t0409,5000.0,5000.0,5000.0,5000.0
period1,sc01,t0410,5000.0,5000.0,5000.0,5000.0
period1,sc01,t0411,5000.0,5000.0,5000.0,5000.0
period1,sc01,t0412,5000.0,5000.0,5000.0,5000.0
period1,sc01,t0413,5000.0,5000.0,5000.0,5000.0
period1,sc01,t0414,5000.0,5000.0,5000.0,5000.0
period1,sc01,t0415,5000.0,5000.0,5000.0,5000.0
period1,sc01,t0416,5000.0,5000.0,5000.0,5000.0
period1,sc01,t0417,5000.0,5000.0,5000.0,5000.0
period1,sc01,t0418,5000.0,5000.0,5000.0,5000.0
period1,sc01,t0419,5000.0,5000.0,5000.0,5000.0
period1,sc01,t0420,5000.0,5000.0,5000.0,5000.0
period1,sc01,t0421,5000.0,5000.0,5000.0,5000.0
period1,sc01,t0422,5000.0,5000.0,5000.0,5000.0
period1,sc01,t0423,5000.0,5000.0,5000.0,5000.0
period1,sc01,t0424,5000.0,5000.0,5000.0,5000.0
period1,sc01,t0425,5000.0,5000.0,5000.0,5000.0
period1,sc01,t0426,5000.0,5000.0,5000.0,5000.0
period1,sc01,t0427,5000.0,5000.0,5000.0,5000.0
period1,sc01,t0428,5000.0,5000.0,5000.0,5000.0
period1,sc01,t0429,5000.0,5000.0,5000.0,5000.0
period1,sc01,t0430,5000.0,5000.0,5000.0,5000.0
period1,sc01,t0431,5000.0,5000.0,5000.0,5000.0
period1,sc01,t0432,5000.0,5000.0,5000.0,5000.0
period1,sc01,t0433,5000.0,5000.0,5000.0,5000.0
period1,sc01,t0434,5000.0,5000.0,5000.0,5000.0
period1,sc01,t0435,5000.0,5000.0,5000.0,5000.0
period1,sc01,t0436,5000.0,5000.0,5000.0,5000.0
period1,sc01,t0437,5000.0,5000.0,5000.0,5000.0
period1,sc01,t0438,5000.0,5000.0,5000.0,5000.0
period1,sc01,t0439,5000.0,5000.0,5000.0,5000.0
period1,sc01,t0440,5000.0,5000.0,5000.0,5000.0
period1,sc01,t0441,5000.0,5000.0,5000.0,5000.0
period1,sc01,t0442,5000.0,5000.0,5000.0,5000.0
period1,sc01,t0443,5000.0,5000.0,5000.0,5000.0
period1,sc01,t0444,5000.0,5000.0,5000.0,5000.0
period1,sc01,t0445,5000.0,5000.0,5000.0,5000.0
period1,sc01,t0446,5000.0,5000.0,5000.0,5000.0
period1,sc01,t0447,5000.0,5000.0,5000.0,5000.0
period1,sc01,t0448,5000.0,5000.0,5000.0,5000.0
period1,sc01,t0449,5000.0,5000.0,5000.0,5000.0
period1,sc01,t0450,5000.0,5000.0,5000.0,5000.0
period1,sc01,t0451,5000.0,5000.0,5000.0,5000.0
period1,sc01,t0452,5000.0,5000.0,5000.0,5000.0
period1,sc01,t0453,5000.0,5000.0,5000.0,5000.0
period1,sc01,t0454,5000.0,5000.0,5000.0,5000.0
period1,sc01,t0455,5000.0,5000.0,5000.0,5000.0
period1,sc01,t0456,5000.0,5000.0,5000.0,5000.0
period1,sc01,t0457,5000.0,5000.0,5000.0,5000.0
period1,sc01,t0458,5000.0,5000.0,5000.0,5000.0
period1,sc01,t0459,5000.0,5000.0,5000.0,5000.0
period1,sc01,t0460,5000.0,5000.0,5000.0,5000.0
period1,sc01,t0461,5000.0,5000.0,5000.0,5000.0
period1,sc01,t0462,5000.0,5000.0,5000.0,5000.0
period1,sc01,t0463,5000.0,5000.0,5000.0,5000.0
period1,sc01,t0464,5000.0,5000.0,5000.0,5000.0
period1,sc01,t0465,5000.0,5000.0,5000.0,5000.0
period1,sc01,t0466,5000.0,5000.0,5000.0,5000.0
period1,sc01,t0467,5000.0,5000.0,5000.0,5000.0
period1,sc01,t0468,5000.0,5000.0,5000.0,5000.0
period1,sc01,t0469,5000.0,5000.0,5000.0,5000.0
period1,sc01,t0470,5000.0,5000.0,5000.0,5000.0
period1,sc01,t0471,5000.0,5000.0,5000.0,5000.0
period1,sc01,t0472,5000.0,5000.0,5000.0,5000.0
period1,sc01,t0473,5000.0,5000.0,5000.0,5000.0
period1,sc01,t0474,5000.0,5000.0,5000.0,5000.0
period1,sc01,t0475,5000.0,5000.0,5000.0,5000.0
period1,sc01,t0476,5000.0,5000.0,5000.0,5000.0
period1,sc01,t0477,5000.0,5000.0,5000.0,5000.0
period1,sc01,t0478,5000.0,5000.0,5000.0,5000.0
period1,sc01,t0479,5000.0,5000.0,5000.0,5000.0
period1,sc01,t0480,5000.0,5000.0,5000.0,5000.0
period1,sc01,t0481,5000.0,5000.0,5000.0,5000.0
period1,sc01,t0482,5000.0,5000.0,5000.0,5000.0
period1,sc01,t0483,5000.0,5000.0,5000.0,5000.0
period1,sc01,t0484,5000.0,5000.0,5000.0,5000.0
period1,sc01,t0485,5000.0,5000.0,5000.0,5000.0
period1,sc01,t0486,5000.0,5000.0,5000.0,5000.0
period1,sc01,t0487,5000.0,5000.0,5000.0,5000.0
period1,sc01,t0488,5000.0,5000.0,5000.0,5000.0
period1,sc01,t0489,5000.0,5000.0,5000.0,5000.0
period1,sc01,t0490,5000.0,5000.0,5000.0,5000.0
period1,sc01,t0491,5000.0,5000.0,5000.0,5000.0
period1,sc01,t0492,5000.0,5000.0,5000.0,5000.0
period1,sc01,t0493,5000.0,5000.0,5000.0,5000.0
period1,sc01,t0494,5000.0,5000.0,5000.0,5000.0
period1,sc01,t0495,5000.0,5000.0,5000.0,5000.0
period1,sc01,t0496,5000.0,5000.0,5000.0,5000.0
period1,sc01,t0497,5000.0,5000.0,5000.0,5000.0
period1,sc01,t0498,5000.0,5000.0,5000.0,5000.0
period1,sc01,t0499,5000.0,5000.0,5000.0,5000.0
period1,sc01,t0500,5000.0,5000.0,5000.0,5000.0
period1,sc01,t0501,5000.0,5000.0,5000.0,5000.0
period1,sc01,t0502,5000.0,5000.0,5000.0,5000.0
period1,sc01,t0503,5000.0,5000.0,5000.0,5000.0
period1,sc01,t0504,5000.0,5000.0,5000.0,5000.0
period1,sc01,t0505,5000.0,5000.0,5000.0,5000.0
period1,sc01,t0506,5000.0,5000.0,5000.0,5000.0
period1,sc01,t0507,5000.0,5000.0,5000.0,5000.0
period1,sc01,t0508,5000.0,5000.0,5000.0,5000.0
period1,sc01,t0509,5000.0,5000.0,5000.0,5000.0
period1,sc01,t0510,5000.0,5000.0,5000.0,5000.0
period1,sc01,t0511,5000.0,5000.0,5000.0,5000.0
period1,sc01,t0512,5000.0,5000.0,5000.0,5000.0
period1,sc01,t0513,5000.0,5000.0,5000.0,5000.0
period1,sc01,t0514,5000.0,5000.0,5000.0,5000.0
period1,sc01,t0515,5000.0,5000.0,5000.0,5000.0
period1,sc01,t0516,5000.0,5000.0,5000.0,5000.0
period1,sc01,t0517,5000.0,5000.0,5000.0,5000.0
period1,sc01,t0518,5000.0,5000.0,5000.0,5000.0
period1,sc01,t0519,5000.0,5000.0,5000.0,5000.0
period1,sc01,t0520,5000.0,5000.0,5000.0,5000.0
period1,sc01,t0521,5000.0,5000.0,5000.0,5000.0
period1,sc01,t0522,5000.0,5000.0,5000.0,5000.0
period1,sc01,t0523,5000.0,5000.0,5000.0,5000.0
period1,sc01,t0524,5000.0,5000.0,5000.0,5000.0
period1,sc01,t0525,5000.0,5000.0,5000.0,5000.0
period1,sc01,t0526,5000.0,5000.0,5000.0,5000.0
period1,sc01,t0527,5000.0,5000.0,5000.0,5000.0
period1,sc01,t0528,5000.0,5000.0,5000.0,5000.0
period1,sc01,t0529,5000.0,5000.0,5000.0,5000.0
period1,sc01,t0530,5000.0,5000.0,5000.0,5000.0
period1,sc01,t0531,5000.0,5000.0,5000.0,5000.0
period1,sc01,t0532,5000.0,5000.0,5000.0,5000.0
period1,sc01,t0533,5000.0,5000.0,5000.0,5000.0
period1,sc01,t0534,5000.0,5000.0,5000.0,5000.0
period1,sc01,t0535,5000.0,5000.0,5000.0,5000.0
period1,sc01,t0536,5000.0,5000.0,5000.0,5000.0
period1,sc01,t0537,5000.0,5000.0,5000.0,5000.0
period1,sc01,t0538,5000.0,5000.0,5000.0,5000.0
period1,sc01,t0539,5000.0,5000.0,5000.0,5000.0
period1,sc01,t0540,5000.0,5000.0,5000.0,5000.0
period1,sc01,t0541,5000.0,5000.0,5000.0,5000.0
period1,sc01,t0542,5000.0,5000.0,5000.0,5000.0
period1,sc01,t0543,5000.0,5000.0,5000.0,5000.0
period1,sc01,t0544,5000.0,5000.0,5000.0,5000.0
period1,sc01,t0545,5000.0,5000.0,5000.0,5000.0
period1,sc01,t0546,5000.0,5000.0,5000.0,5000.0
period1,sc01,t0547,5000.0,5000.0,5000.0,5000.0
period1,sc01,t0548,5000.0,5000.0,5000.0,5000.0
period1,sc01,t0549,5000.0,5000.0,5000.0,5000.0
period1,sc01,t0550,5000.0,5000.0,5000.0,5000.0
period1,sc01,t0551,5000.0,5000.0,5000.0,5000.0
period1,sc01,t0552,5000.0,5000.0,5000.0,5000.0
period1,sc01,t0553,5000.0,5000.0,5000.0,5000.0
period1,sc01,t0554,5000.0,5000.0,5000.0,5000.0
period1,sc01,t0555,5000.0,5000.0,5000.0,5000.0
period1,sc01,t0556,5000.0,5000.0,5000.0,5000.0
period1,sc01,t0557,5000.0,5000.0,5000.0,5000.0
period1,sc01,t0558,5000.0,5000.0,5000.0,5000.0
period1,sc01,t0559,5000.0,5000.0,5000.0,5000.0
period1,sc01,t0560,5000.0,5000.0,5000.0,5000.0
period1,sc01,t0561,5000.0,5000.0,5000.0,5000.0
period1,sc01,t0562,5000.0,5000.0,5000.0,5000.0
period1,sc01,t0563,5000.0,5000.0,5000.0,5000.0
period1,sc01,t0564,5000.0,5000.0,5000.0,5000.0
period1,sc01,t0565,5000.0,5000.0,5000.0,5000.0
period1,sc01,t0566,5000.0,5000.0,5000.0,5000.0
period1,sc01,t0567,5000.0,5000.0,5000.0,5000.0
period1,sc01,t0568,5000.0,5000.0,5000.0,5000.0
period1,sc01,t0569,5000.0,5000.0,5000.0,5000.0
period1,sc01,t0570,5000.0,5000.0,5000.0,5000.0
period1,sc01,t0571,5000.0,5000.0,5000.0,5000.0
period1,sc01,t0572,5000.0,5000.0,5000.0,5000.0
period1,sc01,t0573,5000.0,5000.0,5000.0,5000.0
period1,sc01,t0574,5000.0,5000.0,5000.0,5000.0
period1,sc01,t0575,5000.0,5000.0,5000.0,5000.0
period1,sc01,t0576,5000.0,5000.0,5000.0,5000.0
period1,sc01,t0577,5000.0,5000.0,5000.0,5000.0
period1,sc01,t0578,5000.0,5000.0,5000.0,5000.0
period1,sc01,t0579,5000.0,5000.0,5000.0,5000.0
period1,sc01,t0580,5000.0,5000.0,5000.0,5000.0
period1,sc01,t0581,5000.0,5000.0,5000.0,5000.0
period1,sc01,t0582,5000.0,5000.0,5000.0,5000.0
period1,sc01,t0583,5000.0,5000.0,5000.0,5000.0
period1,sc01,t0584,5000.0,5000.0,5000.0,5000.0
period1,sc01,t0585,5000.0,5000.0,5000.0,5000.0
period1,sc01,t0586,5000.0,5000.0,5000.0,5000.0
period1,sc01,t0587,5000.0,5000.0,5000.0,5000.0
period1,sc01,t0588,5000.0,5000.0,5000.0,5000.0
period1,sc01,t0589,5000.0,5000.0,5000.0,5000.0
period1,sc01,t0590,5000.0,5000.0,5000.0,5000.0
period1,sc01,t0591,5000.0,5000.0,5000.0,5000.0
period1,sc01,t0592,5000.0,5000.0,5000.0,5000.0
period1,sc01,t0593,5000.0,5000.0,5000.0,5000.0
period1,sc01,t0594,5000.0,5000.0,5000.0,5000.0
period1,sc01,t0595,5000.0,5000.0,5000.0,5000.0
period1,sc01,t0596,5000.0,5000.0,5000.0,5000.0
period1,sc01,t0597,5000.0,5000.0,5000.0,5000.0
period1,sc01,t0598,5000.0,5000.0,5000.0,5000.0
period1,sc01,t0599,5000.0,5000.0,5000.0,5000.0
period1,sc01,t0600,5000.0,5000.0,5000.0,5000.0
period1,sc01,t0601,5000.0,5000.0,5000.0,5000.0
period1,sc01,t0602,5000.0,5000.0,5000.0,5000.0
period1,sc01,t0603,5000.0,5000.0,5000.0,5000.0
period1,sc01,t0604,5000.0,5000.0,5000.0,5000.0
period1,sc01,t0605,5000.0,5000.0,5000.0,5000.0
period1,sc01,t0606,5000.0,5000.0,5000.0,5000.0
period1,sc01,t0607,5000.0,5000.0,5000.0,5000.0
period1,sc01,t0608,5000.0,5000.0,5000.0,5000.0
period1,sc01,t0609,5000.0,5000.0,5000.0,5000.0
period1,sc01,t0610,5000.0,5000.0,5000.0,5000.0
period1,sc01,t0611,5000.0,5000.0,5000.0,5000.0
period1,sc01,t0612,5000.0,5000.0,5000.0,5000.0
period1,sc01,t0613,5000.0,5000.0,5000.0,5000.0
period1,sc01,t0614,5000.0,5000.0,5000.0,5000.0
period1,sc01,t0615,5000.0,5000.0,5000.0,5000.0
period1,sc01,t0616,5000.0,5000.0,5000.0,5000.0
period1,sc01,t0617,5000.0,5000.0,5000.0,5000.0
period1,sc01,t0618,5000.0,5000.0,5000.0,5000.0
period1,sc01,t0619,5000.0,5000.0,5000.0,5000.0
period1,sc01,t0620,5000.0,5000.0,5000.0,5000.0
period1,sc01,t0621,5000.0,5000.0,5000.0,5000.0
period1,sc01,t0622,5000.0,5000.0,5000.0,5000.0
period1,sc01,t0623,5000.0,5000.0,5000.0,5000.0
period1,sc01,t0624,5000.0,5000.0,5000.0,5000.0
period1,sc01,t0625,5000.0,5000.0,5000.0,5000.0
period1,sc01,t0626,5000.0,5000.0,5000.0,5000.0
period1,sc01,t0627,5000.0,5000.0,5000.0,5000.0
period1,sc01,t0628,5000.0,5000.0,5000.0,5000.0
period1,sc01,t0629,5000.0,5000.0,5000.0,5000.0
period1,sc01,t0630,5000.0,5000.0,5000.0,5000.0
period1,sc01,t0631,5000.0,5000.0,5000.0,5000.0
period1,sc01,t0632,5000.0,5000.0,5000.0,5000.0
period1,sc01,t0633,5000.0,5000.0,5000.0,5000.0
period1,sc01,t0634,5000.0,5000.0,5000.0,5000.0
period1,sc01,t0635,5000.0,5000.0,5000.0,5000.0
period1,sc01,t0636,5000.0,5000.0,5000.0,5000.0
period1,sc01,t0637,5000.0,5000.0,5000.0,5000.0
period1,sc01,t0638,5000.0,5000.0,5000.0,5000.0
period1,sc01,t0639,5000.0,5000.0,5000.0,5000.0
period1,sc01,t0640,5000.0,5000.0,5000.0,5000.0
period1,sc01,t0641,5000.0,5000.0,5000.0,5000.0
period1,sc01,t0642,5000.0,5000.0,5000.0,5000.0
period1,sc01,t0643,5000.0,5000.0,5000.0,5000.0
period1,sc01,t0644,5000.0,5000.0,5000.0,5000.0
period1,sc01,t0645,5000.0,5000.0,5000.0,5000.0
period1,sc01,t0646,5000.0,5000.0,5000.0,5000.0
period1,sc01,t0647,5000.0,5000.0,5000.0,5000.0
period1,sc01,t0648,5000.0,5000.0,5000.0,5000.0
period1,sc01,t0649,5000.0,5000.0,5000.0,5000.0
period1,sc01,t0650,5000.0,5000.0,5000.0,5000.0
period1,sc01,t0651,5000.0,5000.0,5000.0,5000.0
period1,sc01,t0652,5000.0,5000.0,5000.0,5000.0
period1,sc01,t0653,5000.0,5000.0,5000.0,5000.0
period1,sc01,t0654,5000.0,5000.0,5000.0,5000.0
period1,sc01,t0655,5000.0,5000.0,5000.0,5000.0
period1,sc01,t0656,5000.0,5000.0,5000.0,5000.0
period1,sc01,t0657,5000.0,5000.0,5000.0,5000.0
period1,sc01,t0658,5000.0,5000.0,5000.0,5000.0
period1,sc01,t0659,5000.0,5000.0,5000.0,5000.0
period1,sc01,t0660,5000.0,5000.0,5000.0,5000.0
period1,sc01,t0661,5000.0,5000.0,5000.0,5000.0
period1,sc01,t0662,5000.0,5000.0,5000.0,5000.0
period1,sc01,t0663,5000.0,5000.0,5000.0,5000.0
period1,sc01,t0664,5000.0,5000.0,5000.0,5000.0
period1,sc01,t0665,5000.0,5000.0,5000.0,5000.0
period1,sc01,t0666,5000.0,5000.0,5000.0,5000.0
period1,sc01,t0667,5000.0,5000.0,5000.0,5000.0
period1,sc01,t0668,5000.0,5000.0,5000.0,5000.0
period1,sc01,t0669,5000.0,5000.0,5000.0,5000.0
period1,sc01,t0670,5000.0,5000.0,5000.0,5000.0
period1,sc01,t0671,5000.0,5000.0,5000.0,5000.0
period1,sc01,t0672,5000.0,5000.0,5000.0,5000.0
period1,sc01,t0673,5000.0,5000.0,5000.0,5000.0
period1,sc01,t0674,5000.0,5000.0,5000.0,5000.0
period1,sc01,t0675,5000.0,5000.0,5000.0,5000.0
period1,sc01,t0676,5000.0,5000.0,5000.0,5000.0
period1,sc01,t0677,5000.0,5000.0,5000.0,5000.0
period1,sc01,t0678,5000.0,5000.0,5000.0,5000.0
period1,sc01,t0679,5000.0,5000.0,5000.0,5000.0
period1,sc01,t0680,5000.0,5000.0,5000.0,5000.0
period1,sc01,t0681,5000.0,5000.0,5000.0,5000.0
period1,sc01,t0682,5000.0,5000.0,5000.0,5000.0
period1,sc01,t0683,5000.0,5000.0,5000.0,5000.0
period1,sc01,t0684,5000.0,5000.0,5000.0,5000.0
period1,sc01,t0685,5000.0,5000.0,5000.0,5000.0
period1,sc01,t0686,5000.0,5000.0,5000.0,5000.0
period1,sc01,t0687,5000.0,5000.0,5000.0,5000.0
period1,sc01,t0688,5000.0,5000.0,5000.0,5000.0
period1,sc01,t0689,5000.0,5000.0,5000.0,5000.0
period1,sc01,t0690,5000.0,5000.0,5000.0,5000.0
period1,sc01,t0691,5000.0,5000.0,5000.0,5000.0
period1,sc01,t0692,5000.0,5000.0,5000.0,5000.0
period1,sc01,t0693,5000.0,5000.0,5000.0,5000.0
period1,sc01,t0694,5000.0,5000.0,5000.0,5000.0
period1,sc01,t0695,5000.0,5000.0,5000.0,5000.0
period1,sc01,t0696,5000.0,5000.0,5000.0,5000.0
period1,sc01,t0697,5000.0,5000.0,5000.0,5000.0
period1,sc01,t0698,5000.0,5000.0,5000.0,5000.0
period1,sc01,t0699,5000.0,5000.0,5000.0,5000.0
period1,sc01,t0700,5000.0,5000.0,5000.0,5000.0
period1,sc01,t0701,5000.0,5000.0,5000.0,5000.0
period1,sc01,t0702,5000.0,5000.0,5000.0,5000.0
period1,sc01,t0703,5000.0,5000.0,5000.0,5000.0
period1,sc01,t0704,5000.0,5000.0,5000.0,5000.0
period1,sc01,t0705,5000.0,5000.0,5000.0,5000.0
period1,sc01,t0706,5000.0,5000.0,5000.0,5000.0
period1,sc01,t0707,5000.0,5000.0,5000.0,5000.0
period1,sc01,t0708,5000.0,5000.0,5000.0,5000.0
period1,sc01,t0709,5000.0,5000.0,5000.0,5000.0
period1,sc01,t0710,5000.0,5000.0,5000.0,5000.0
period1,sc01,t0711,5000.0,5000.0,5000.0,5000.0
period1,sc01,t0712,5000.0,5000.0,5000.0,5000.0
period1,sc01,t0713,5000.0,5000.0,5000.0,5000.0
period1,sc01,t0714,5000.0,5000.0,5000.0,5000.0
period1,sc01,t0715,5000.0,5000.0,5000.0,5000.0
period1,sc01,t0716,5000.0,5000.0,5000.0,5000.0
period1,sc01,t0717,5000.0,5000.0,5000.0,5000.0
period1,sc01,t0718,5000.0,5000.0,5000.0,5000.0
period1,sc01,t0719,5000.0,5000.0,5000.0,5000.0
period1,sc01,t0720,5000.0,5000.0,5000.0,5000.0
period1,sc01,t0721,5000.0,5000.0,5000.0,5000.0
period1,sc01,t0722,5000.0,5000.0,5000.0,5000.0
period1,sc01,t0723,5000.0,5000.0,5000.0,5000.0
period1,sc01,t0724,5000.0,5000.0,5000.0,5000.0
period1,sc01,t0725,5000.0,5000.0,5000.0,5000.0
period1,sc01,t0726,5000.0,5000.0,5000.0,5000.0
period1,sc01,t0727,5000.0,5000.0,5000.0,5000.0
period1,sc01,t0728,5000.0,5000.0,5000.0,5000.0
period1,sc01,t0729,5000.0,5000.0,5000.0,5000.0
period1,sc01,t0730,5000.0,5000.0,5000.0,5000.0
period1,sc01,t0731,5000.0,5000.0,5000.0,5000.0
period1,sc01,t0732,5000.0,5000.0,5000.0,5000.0
period1,sc01,t0733,5000.0,5000.0,5000.0,5000.0
period1,sc01,t0734,5000.0,5000.0,5000.0,5000.0
period1,sc01,t0735,5000.0,5000.0,5000.0,5000.0
period1,sc01,t0736,5000.0,5000.0,5000.0,5000.0
period1,sc01,t0737,5000.0,5000.0,5000.0,5000.0
period1,sc01,t0738,5000.0,5000.0,5000.0,5000.0
period1,sc01,t0739,5000.0,5000.0,5000.0,5000.0
period1,sc01,t0740,5000.0,5000.0,5000.0,5000.0
period1,sc01,t0741,5000.0,5000.0,5000.0,5000.0
period1,sc01,t0742,5000.0,5000.0,5000.0,5000.0
period1,sc01,t0743,5000.0,5000.0,5000.0,5000.0
period1,sc01,t0744,5000.0,5000.0,5000.0,5000.0
period1,sc01,t0745,5000.0,5000.0,5000.0,5000.0
period1,sc01,t0746,5000.0,5000.0,5000.0,5000.0
period1,sc01,t0747,5000.0,5000.0,5000.0,5000.0
period1,sc01,t0748,5000.0,5000.0,5000.0,5000.0
period1,sc01,t0749,5000.0,5000.0,5000.0,5000.0
period1,sc01,t0750,5000.0,5000.0,5000.0,5000.0
period1,sc01,t0751,5000.0,5000.0,5000.0,5000.0
period1,sc01,t0752,5000.0,5000.0,5000.0,5000.0
period1,sc01,t0753,5000.0,5000.0,5000.0,5000.0
period1,sc01,t0754,5000.0,5000.0,5000.0,5000.0
period1,sc01,t0755,5000.0,5000.0,5000.0,5000.0
period1,sc01,t0756,5000.0,5000.0,5000.0,5000.0
period1,sc01,t0757,5000.0,5000.0,5000.0,5000.0
period1,sc01,t0758,5000.0,5000.0,5000.0,5000.0
period1,sc01,t0759,5000.0,5000.0,5000.0,5000.0
period1,sc01,t0760,5000.0,5000.0,5000.0,5000.0
period1,sc01,t0761,5000.0,5000.0,5000.0,5000.0
period1,sc01,t0762,5000.0,5000.0,5000.0,5000.0
period1,sc01,t0763,5000.0,5000.0,5000.0,5000.0
period1,sc01,t0764,5000.0,5000.0,5000.0,5000.0
period1,sc01,t0765,5000.0,5000.0,5000.0,5000.0
period1,sc01,t0766,5000.0,5000.0,5000.0,5000.0
period1,sc01,t0767,5000.0,5000.0,5000.0,5000.0
period1,sc01,t0768,5000.0,5000.0,5000.0,5000.0
period1,sc01,t0769,5000.0,5000.0,5000.0,5000.0
period1,sc01,t0770,5000.0,5000.0,5000.0,5000.0
period1,sc01,t0771,5000.0,5000.0,5000.0,5000.0
period1,sc01,t0772,5000.0,5000.0,5000.0,5000.0
period1,sc01,t0773,5000.0,5000.0,5000.0,5000.0
period1,sc01,t0774,5000.0,5000.0,5000.0,5000.0
period1,sc01,t0775,5000.0,5000.0,5000.0,5000.0
period1,sc01,t0776,5000.0,5000.0,5000.0,5000.0
period1,sc01,t0777,5000.0,5000.0,5000.0,5000.0
period1,sc01,t0778,5000.0,5000.0,5000.0,5000.0
period1,sc01,t0779,5000.0,5000.0,5000.0,5000.0
period1,sc01,t0780,5000.0,5000.0,5000.0,5000.0
period1,sc01,t0781,5000.0,5000.0,5000.0,5000.0
period1,sc01,t0782,5000.0,5000.0,5000.0,5000.0
period1,sc01,t0783,5000.0,5000.0,5000.0,5000.0
period1,sc01,t0784,5000.0,5000.0,5000.0,5000.0
period1,sc01,t0785,5000.0,5000.0,5000.0,5000.0
period1,sc01,t0786,5000.0,5000.0,5000.0,5000.0
period1,sc01,t0787,5000.0,5000.0,5000.0,5000.0
period1,sc01,t0788,5000.0,5000.0,5000.0,5000.0
period1,sc01,t0789,5000.0,5000.0,5000.0,5000.0
period1,sc01,t0790,5000.0,5000.0,5000.0,5000.0
period1,sc01,t0791,5000.0,5000.0,5000.0,5000.0
period1,sc01,t0792,5000.0,5000.0,5000.0,5000.0
period1,sc01,t0793,5000.0,5000.0,5000.0,5000.0
period1,sc01,t0794,5000.0,5000.0,5000.0,5000.0
period1,sc01,t0795,5000.0,5000.0,5000.0,5000.0
period1,sc01,t0796,5000.0,5000.0,5000.0,5000.0
period1,sc01,t0797,5000.0,5000.0,5000.0,5000.0
period1,sc01,t0798,5000.0,5000.0,5000.0,5000.0
period1,sc01,t0799,5000.0,5000.0,5000.0,5000.0
period1,sc01,t0800,5000.0,5000.0,5000.0,5000.0
period1,sc01,t0801,5000.0,5000.0,5000.0,5000.0
period1,sc01,t0802,5000.0,5000.0,5000.0,5000.0
period1,sc01,t0803,5000.0,5000.0,5000.0,5000.0
period1,sc01,t0804,5000.0,5000.0,5000.0,5000.0
period1,sc01,t0805,5000.0,5000.0,5000.0,5000.0
period1,sc01,t0806,5000.0,5000.0,5000.0,5000.0
period1,sc01,t0807,5000.0,5000.0,5000.0,5000.0
period1,sc01,t0808,5000.0,5000.0,5000.0,5000.0
period1,sc01,t0809,5000.0,5000.0,5000.0,5000.0
period1,sc01,t0810,5000.0,5000.0,5000.0,5000.0
period1,sc01,t0811,5000.0,5000.0,5000.0,5000.0
period1,sc01,t0812,5000.0,5000.0,5000.0,5000.0
period1,sc01,t0813,5000.0,5000.0,5000.0,5000.0
period1,sc01,t0814,5000.0,5000.0,5000.0,5000.0
period1,sc01,t0815,5000.0,5000.0,5000.0,5000.0
period1,sc01,t0816,5000.0,5000.0,5000.0,5000.0
period1,sc01,t0817,5000.0,5000.0,5000.0,5000.0
period1,sc01,t0818,5000.0,5000.0,5000.0,5000.0
period1,sc01,t0819,5000.0,5000.0,5000.0,5000.0
period1,sc01,t0820,5000.0,5000.0,5000.0,5000.0
period1,sc01,t0821,5000.0,5000.0,5000.0,5000.0
period1,sc01,t0822,5000.0,5000.0,5000.0,5000.0
period1,sc01,t0823,5000.0,5000.0,5000.0,5000.0
period1,sc01,t0824,5000.0,5000.0,5000.0,5000.0
period1,sc01,t0825,5000.0,5000.0,5000.0,5000.0
period1,sc01,t0826,5000.0,5000.0,5000.0,5000.0
period1,sc01,t0827,5000.0,5000.0,5000.0,5000.0
period1,sc01,t0828,5000.0,5000.0,5000.0,5000.0
period1,sc01,t0829,5000.0,5000.0,5000.0,5000.0
period1,sc01,t0830,5000.0,5000.0,5000.0,5000.0
period1,sc01,t0831,5000.0,5000.0,5000.0,5000.0
period1,sc01,t0832,5000.0,5000.0,5000.0,5000.0
period1,sc01,t0833,5000.0,5000.0,5000.0,5000.0
period1,sc01,t0834,5000.0,5000.0,5000.0,5000.0
period1,sc01,t0835,5000.0,5000.0,5000.0,5000.0
period1,sc01,t0836,5000.0,5000.0,5000.0,5000.0
period1,sc01,t0837,5000.0,5000.0,5000.0,5000.0
period1,sc01,t0838,5000.0,5000.0,5000.0,5000.0
period1,sc01,t0839,5000.0,5000.0,5000.0,5000.0
period1,sc01,t0840,5000.0,5000.0,5000.0,5000.0
period1,sc01,t0841,5000.0,5000.0,5000.0,5000.0
period1,sc01,t0842,5000.0,5000.0,5000.0,5000.0
period1,sc01,t0843,5000.0,5000.0,5000.0,5000.0
period1,sc01,t0844,5000.0,5000.0,5000.0,5000.0
period1,sc01,t0845,5000.0,5000.0,5000.0,5000.0
period1,sc01,t0846,5000.0,5000.0,5000.0,5000.0
period1,sc01,t0847,5000.0,5000.0,5000.0,5000.0
period1,sc01,t0848,5000.0,5000.0,5000.0,5000.0
period1,sc01,t0849,5000.0,5000.0,5000.0,5000.0
period1,sc01,t0850,5000.0,5000.0,5000.0,5000.0
period1,sc01,t0851,5000.0,5000.0,5000.0,5000.0
period1,sc01,t0852,5000.0,5000.0,5000.0,5000.0
period1,sc01,t0853,5000.0,5000.0,5000.0,5000.0
period1,sc01,t0854,5000.0,5000.0,5000.0,5000.0
period1,sc01,t0855,5000.0,5000.0,5000.0,5000.0
period1,sc01,t0856,5000.0,5000.0,5000.0,5000.0
period1,sc01,t0857,5000.0,5000.0,5000.0,5000.0
period1,sc01,t0858,5000.0,5000.0,5000.0,5000.0
period1,sc01,t0859,5000.0,5000.0,5000.0,5000.0
period1,sc01,t0860,5000.0,5000.0,5000.0,5000.0
period1,sc01,t0861,5000.0,5000.0,5000.0,5000.0
period1,sc01,t0862,5000.0,5000.0,5000.0,5000.0
period1,sc01,t0863,5000.0,5000.0,5000.0,5000.0
period1,sc01,t0864,5000.0,5000.0,5000.0,5000.0
period1,sc01,t0865,5000.0,5000.0,5000.0,5000.0
period1,sc01,t0866,5000.0,5000.0,5000.0,5000.0
period1,sc01,t0867,5000.0,5000.0,5000.0,5000.0
period1,sc01,t0868,5000.0,5000.0,5000.0,5000.0
period1,sc01,t0869,5000.0,5000.0,5000.0,5000.0
period1,sc01,t0870,5000.0,5000.0,5000.0,5000.0
period1,sc01,t0871,5000.0,5000.0,5000.0,5000.0
period1,sc01,t0872,5000.0,5000.0,5000.0,5000.0
period1,sc01,t0873,5000.0,5000.0,5000.0,5000.0
period1,sc01,t0874,5000.0,5000.0,5000.0,5000.0
period1,sc01,t0875,5000.0,5000.0,5000.0,5000.0
period1,sc01,t0876,5000.0,5000.0,5000.0,5000.0
period1,sc01,t0877,5000.0,5000.0,5000.0,5000.0
period1,sc01,t0878,5000.0,5000.0,5000.0,5000.0
period1,sc01,t0879,5000.0,5000.0,5000.0,5000.0
period1,sc01,t0880,5000.0,5000.0,5000.0,5000.0
period1,sc01,t0881,5000.0,5000.0,5000.0,5000.0
period1,sc01,t0882,5000.0,5000.0,5000.0,5000.0
period1,sc01,t0883,5000.0,5000.0,5000.0,5000.0
period1,sc01,t0884,5000.0,5000.0,5000.0,5000.0
period1,sc01,t0885,5000.0,5000.0,5000.0,5000.0
period1,sc01,t0886,5000.0,5000.0,5000.0,5000.0
period1,sc01,t0887,5000.0,5000.0,5000.0,5000.0
period1,sc01,t0888,5000.0,5000.0,5000.0,5000.0
period1,sc01,t0889,5000.0,5000.0,5000.0,5000.0
period1,sc01,t0890,5000.0,5000.0,5000.0,5000.0
period1,sc01,t0891,5000.0,5000.0,5000.0,5000.0
period1,sc01,t0892,5000.0,5000.0,5000.0,5000.0
period1,sc01,t0893,5000.0,5000.0,5000.0,5000.0
period1,sc01,t0894,5000.0,5000.0,5000.0,5000.0
period1,sc01,t0895,5000.0,5000.0,5000.0,5000.0
period1,sc01,t0896,5000.0,5000.0,5000.0,5000.0
period1,sc01,t0897,5000.0,5000.0,5000.0,5000.0
period1,sc01,t0898,5000.0,5000.0,5000.0,5000.0
period1,sc01,t0899,5000.0,5000.0,5000.0,5000.0
period1,sc01,t0900,5000.0,5000.0,5000.0,5000.0
period1,sc01,t0901,5000.0,5000.0,5000.0,5000.0
period1,sc01,t0902,5000.0,5000.0,5000.0,5000.0
period1,sc01,t0903,5000.0,5000.0,5000.0,5000.0
period1,sc01,t0904,5000.0,5000.0,5000.0,5000.0
period1,sc01,t0905,5000.0,5000.0,5000.0,5000.0
period1,sc01,t0906,5000.0,5000.0,5000.0,5000.0
period1,sc01,t0907,5000.0,5000.0,5000.0,5000.0
period1,sc01,t0908,5000.0,5000.0,5000.0,5000.0
period1,sc01,t0909,5000.0,5000.0,5000.0,5000.0
period1,sc01,t0910,5000.0,5000.0,5000.0,5000.0
period1,sc01,t0911,5000.0,5000.0,5000.0,5000.0
period1,sc01,t0912,5000.0,5000.0,5000.0,5000.0
period1,sc01,t0913,5000.0,5000.0,5000.0,5000.0
period1,sc01,t0914,5000.0,5000.0,5000.0,5000.0
period1,sc01,t0915,5000.0,5000.0,5000.0,5000.0
period1,sc01,t0916,5000.0,5000.0,5000.0,5000.0
period1,sc01,t0917,5000.0,5000.0,5000.0,5000.0
period1,sc01,t0918,5000.0,5000.0,5000.0,5000.0
period1,sc01,t0919,5000.0,5000.0,5000.0,5000.0
period1,sc01,t0920,5000.0,5000.0,5000.0,5000.0
period1,sc01,t0921,5000.0,5000.0,5000.0,5000.0
period1,sc01,t0922,5000.0,5000.0,5000.0,5000.0
period1,sc01,t0923,5000.0,5000.0,5000.0,5000.0
period1,sc01,t0924,5000.0,5000.0,5000.0,5000.0
period1,sc01,t0925,5000.0,5000.0,5000.0,5000.0
period1,sc01,t0926,5000.0,5000.0,5000.0,5000.0
period1,sc01,t0927,5000.0,5000.0,5000.0,5000.0
period1,sc01,t0928,5000.0,5000.0,5000.0,5000.0
period1,sc01,t0929,5000.0,5000.0,5000.0,5000.0
period1,sc01,t0930,5000.0,5000.0,5000.0,5000.0
period1,sc01,t0931,5000.0,5000.0,5000.0,5000.0
period1,sc01,t0932,5000.0,5000.0,5000.0,5000.0
period1,sc01,t0933,5000.0,5000.0,5000.0,5000.0
period1,sc01,t0934,5000.0,5000.0,5000.0,5000.0
period1,sc01,t0935,5000.0,5000.0,5000.0,5000.0
period1,sc01,t0936,5000.0,5000.0,5000.0,5000.0
period1,sc01,t0937,5000.0,5000.0,5000.0,5000.0
period1,sc01,t0938,5000.0,5000.0,5000.0,5000.0
period1,sc01,t0939,5000.0,5000.0,5000.0,5000.0
period1,sc01,t0940,5000.0,5000.0,5000.0,5000.0
period1,sc01,t0941,5000.0,5000.0,5000.0,5000.0
period1,sc01,t0942,5000.0,5000.0,5000.0,5000.0
period1,sc01,t0943,5000.0,5000.0,5000.0,5000.0
period1,sc01,t0944,5000.0,5000.0,5000.0,5000.0
period1,sc01,t0945,5000.0,5000.0,5000.0,5000.0
period1,sc01,t0946,5000.0,5000.0,5000.0,5000.0
period1,sc01,t0947,5000.0,5000.0,5000.0,5000.0
period1,sc01,t0948,5000.0,5000.0,5000.0,5000.0
period1,sc01,t0949,5000.0,5000.0,5000.0,5000.0
period1,sc01,t0950,5000.0,5000.0,5000.0,5000.0
period1,sc01,t0951,5000.0,5000.0,5000.0,5000.0
period1,sc01,t0952,5000.0,5000.0,5000.0,5000.0
period1,sc01,t0953,5000.0,5000.0,5000.0,5000.0
period1,sc01,t0954,5000.0,5000.0,5000.0,5000.0
period1,sc01,t0955,5000.0,5000.0,5000.0,5000.0
period1,sc01,t0956,5000.0,5000.0,5000.0,5000.0
period1,sc01,t0957,5000.0,5000.0,5000.0,5000.0
period1,sc01,t0958,5000.0,5000.0,5000.0,5000.0
period1,sc01,t0959,5000.0,5000.0,5000.0,5000.0
period1,sc01,t0960,5000.0,5000.0,5000.0,5000.0
period1,sc01,t0961,5000.0,5000.0,5000.0,5000.0
period1,sc01,t0962,5000.0,5000.0,5000.0,5000.0
period1,sc01,t0963,5000.0,5000.0,5000.0,5000.0
period1,sc01,t0964,5000.0,5000.0,5000.0,5000.0
period1,sc01,t0965,5000.0,5000.0,5000.0,5000.0
period1,sc01,t0966,5000.0,5000.0,5000.0,5000.0
period1,sc01,t0967,5000.0,5000.0,5000.0,5000.0
period1,sc01,t0968,5000.0,5000.0,5000.0,5000.0
period1,sc01,t0969,5000.0,5000.0,5000.0,5000.0
period1,sc01,t0970,5000.0,5000.0,5000.0,5000.0
period1,sc01,t0971,5000.0,5000.0,5000.0,5000.0
period1,sc01,t0972,5000.0,5000.0,5000.0,5000.0
period1,sc01,t0973,5000.0,5000.0,5000.0,5000.0
period1,sc01,t0974,5000.0,5000.0,5000.0,5000.0
period1,sc01,t0975,5000.0,5000.0,5000.0,5000.0
period1,sc01,t0976,5000.0,5000.0,5000.0,5000.0
period1,sc01,t0977,5000.0,5000.0,5000.0,5000.0
period1,sc01,t0978,5000.0,5000.0,5000.0,5000.0
period1,sc01,t0979,5000.0,5000.0,5000.0,5000.0
period1,sc01,t0980,5000.0,5000.0,5000.0,5000.0
period1,sc01,t0981,5000.0,5000.0,5000.0,5000.0
period1,sc01,t0982,5000.0,5000.0,5000.0,5000.0
period1,sc01,t0983,5000.0,5000.0,5000.0,5000.0
period1,sc01,t0984,5000.0,5000.0,5000.0,5000.0
period1,sc01,t0985,5000.0,5000.0,5000.0,5000.0
period1,sc01,t0986,5000.0,5000.0,5000.0,5000.0
period1,sc01,t0987,5000.0,5000.0,5000.0,5000.0
period1,sc01,t0988,5000.0,5000.0,5000.0,5000.0
period1,sc01,t0989,5000.0,5000.0,5000.0,5000.0
period1,sc01,t0990,5000.0,5000.0,5000.0,5000.0
period1,sc01,t0991,5000.0,5000.0,5000.0,5000.0
period1,sc01,t0992,5000.0,5000.0,5000.0,5000.0
period1,sc01,t0993,5000.0,5000.0,5000.0,5000.0
period1,sc01,t0994,5000.0,5000.0,5000.0,5000.0
period1,sc01,t0995,5000.0,5000.0,5000.0,5000.0
period1,sc01,t0996,5000.0,5000.0,5000.0,5000.0
period1,sc01,t0997,5000.0,5000.0,5000.0,5000.0
period1,sc01,t0998,5000.0,5000.0,5000.0,5000.0
period1,sc01,t0999,5000.0,5000.0,5000.0,5000.0
period1,sc01,t1000,5000.0,5000.0,5000.0,5000.0
period1,sc01,t1001,5000.0,5000.0,5000.0,5000.0
period1,sc01,t1002,5000.0,5000.0,5000.0,5000.0
period1,sc01,t1003,5000.0,5000.0,5000.0,5000.0
period1,sc01,t1004,5000.0,5000.0,5000.0,5000.0
period1,sc01,t1005,5000.0,5000.0,5000.0,5000.0
period1,sc01,t1006,5000.0,5000.0,5000.0,5000.0
period1,sc01,t1007,5000.0,5000.0,5000.0,5000.0
period1,sc01,t1008,5000.0,5000.0,5000.0,5000.0
period1,sc01,t1009,5000.0,5000.0,5000.0,5000.0
period1,sc01,t1010,5000.0,5000.0,5000.0,5000.0
period1,sc01,t1011,5000.0,5000.0,5000.0,5000.0
period1,sc01,t1012,5000.0,5000.0,5000.0,5000.0
period1,sc01,t1013,5000.0,5000.0,5000.0,5000.0
period1,sc01,t1014,5000.0,5000.0,5000.0,5000.0
period1,sc01,t1015,5000.0,5000.0,5000.0,5000.0
period1,sc01,t1016,5000.0,5000.0,5000.0,5000.0
period1,sc01,t1017,5000.0,5000.0,5000.0,5000.0
period1,sc01,t1018,5000.0,5000.0,5000.0,5000.0
period1,sc01,t1019,5000.0,5000.0,5000.0,5000.0
period1,sc01,t1020,5000.0,5000.0,5000.0,5000.0
period1,sc01,t1021,5000.0,5000.0,5000.0,5000.0
period1,sc01,t1022,5000.0,5000.0,5000.0,5000.0
period1,sc01,t1023,5000.0,5000.0,5000.0,5000.0
period1,sc01,t1024,5000.0,5000.0,5000.0,5000.0
period1,sc01,t1025,5000.0,5000.0,5000.0,5000.0
period1,sc01,t1026,5000.0,5000.0,5000.0,5000.0
period1,sc01,t1027,5000.0,5000.0,5000.0,5000.0
period1,sc01,t1028,5000.0,5000.0,5000.0,5000.0
period1,sc01,t1029,5000.0,5000.0,5000.0,5000.0
period1,sc01,t1030,5000.0,5000.0,5000.0,5000.0
period1,sc01,t1031,5000.0,5000.0,5000.0,5000.0
period1,sc01,t1032,5000.0,5000.0,5000.0,5000.0
period1,sc01,t1033,5000.0,5000.0,5000.0,5000.0
period1,sc01,t1034,5000.0,5000.0,5000.0,5000.0
period1,sc01,t1035,5000.0,5000.0,5000.0,5000.0
period1,sc01,t1036,5000.0,5000.0,5000.0,5000.0
period1,sc01,t1037,5000.0,5000.0,5000.0,5000.0
period1,sc01,t1038,5000.0,5000.0,5000.0,5000.0
period1,sc01,t1039,5000.0,5000.0,5000.0,5000.0
period1,sc01,t1040,5000.0,5000.0,5000.0,5000.0
period1,sc01,t1041,5000.0,5000.0,5000.0,5000.0
period1,sc01,t1042,5000.0,5000.0,5000.0,5000.0
period1,sc01,t1043,5000.0,5000.0,5000.0,5000.0
period1,sc01,t1044,5000.0,5000.0,5000.0,5000.0
period1,sc01,t1045,5000.0,5000.0,5000.0,5000.0
period1,sc01,t1046,5000.0,5000.0,5000.0,5000.0
period1,sc01,t1047,5000.0,5000.0,5000.0,5000.0
period1,sc01,t1048,5000.0,5000.0,5000.0,5000.0
period1,sc01,t1049,5000.0,5000.0,5000.0,5000.0
period1,sc01,t1050,5000.0,5000.0,5000.0,5000.0
period1,sc01,t1051,5000.0,5000.0,5000.0,5000.0
period1,sc01,t1052,5000.0,5000.0,5000.0,5000.0
period1,sc01,t1053,5000.0,5000.0,5000.0,5000.0
period1,sc01,t1054,5000.0,5000.0,5000.0,5000.0
period1,sc01,t1055,5000.0,5000.0,5000.0,5000.0
period1,sc01,t1056,5000.0,5000.0,5000.0,5000.0
period1,sc01,t1057,5000.0,5000.0,5000.0,5000.0
period1,sc01,t1058,5000.0,5000.0,5000.0,5000.0
period1,sc01,t1059,5000.0,5000.0,5000.0,5000.0
period1,sc01,t1060,5000.0,5000.0,5000.0,5000.0
period1,sc01,t1061,5000.0,5000.0,5000.0,5000.0
period1,sc01,t1062,5000.0,5000.0,5000.0,5000.0
period1,sc01,t1063,5000.0,5000.0,5000.0,5000.0
period1,sc01,t1064,5000.0,5000.0,5000.0,5000.0
period1,sc01,t1065,5000.0,5000.0,5000.0,5000.0
period1,sc01,t1066,5000.0,5000.0,5000.0,5000.0
period1,sc01,t1067,5000.0,5000.0,5000.0,5000.0
period1,sc01,t1068,5000.0,5000.0,5000.0,5000.0
period1,sc01,t1069,5000.0,5000.0,5000.0,5000.0
period1,sc01,t1070,5000.0,5000.0,5000.0,5000.0
period1,sc01,t1071,5000.0,5000.0,5000.0,5000.0
period1,sc01,t1072,5000.0,5000.0,5000.0,5000.0
period1,sc01,t1073,5000.0,5000.0,5000.0,5000.0
period1,sc01,t1074,5000.0,5000.0,5000.0,5000.0
period1,sc01,t1075,5000.0,5000.0,5000.0,5000.0
period1,sc01,t1076,5000.0,5000.0,5000.0,5000.0
period1,sc01,t1077,5000.0,5000.0,5000.0,5000.0
period1,sc01,t1078,5000.0,5000.0,5000.0,5000.0
period1,sc01,t1079,5000.0,5000.0,5000.0,5000.0
period1,sc01,t1080,5000.0,5000.0,5000.0,5000.0
period1,sc01,t1081,5000.0,5000.0,5000.0,5000.0
period1,sc01,t1082,5000.0,5000.0,5000.0,5000.0
period1,sc01,t1083,5000.0,5000.0,5000.0,5000.0
period1,sc01,t1084,5000.0,5000.0,5000.0,5000.0
period1,sc01,t1085,5000.0,5000.0,5000.0,5000.0
period1,sc01,t1086,5000.0,5000.0,5000.0,5000.0
period1,sc01,t1087,5000.0,5000.0,5000.0,5000.0
period1,sc01,t1088,5000.0,5000.0,5000.0,5000.0
period1,sc01,t1089,5000.0,5000.0,5000.0,5000.0
period1,sc01,t1090,5000.0,5000.0,5000.0,5000.0
period1,sc01,t1091,5000.0,5000.0,5000.0,5000.0
period1,sc01,t1092,5000.0,5000.0,5000.0,5000.0
period1,sc01,t1093,5000.0,5000.0,5000.0,5000.0
period1,sc01,t1094,5000.0,5000.0,5000.0,5000.0
period1,sc01,t1095,5000.0,5000.0,5000.0,5000.0
period1,sc01,t1096,5000.0,5000.0,5000.0,5000.0
period1,sc01,t1097,5000.0,5000.0,5000.0,5000.0
period1,sc01,t1098,5000.0,5000.0,5000.0,5000.0
period1,sc01,t1099,5000.0,5000.0,5000.0,5000.0
period1,sc01,t1100,5000.0,5000.0,5000.0,5000.0
period1,sc01,t1101,5000.0,5000.0,5000.0,5000.0
period1,sc01,t1102,5000.0,5000.0,5000.0,5000.0
period1,sc01,t1103,5000.0,5000.0,5000.0,5000.0
period1,sc01,t1104,5000.0,5000.0,5000.0,5000.0
period1,sc01,t1105,5000.0,5000.0,5000.0,5000.0
period1,sc01,t1106,5000.0,5000.0,5000.0,5000.0
period1,sc01,t1107,5000.0,5000.0,5000.0,5000.0
period1,sc01,t1108,5000.0,5000.0,5000.0,5000.0
period1,sc01,t1109,5000.0,5000.0,5000.0,5000.0
period1,sc01,t1110,5000.0,5000.0,5000.0,5000.0
period1,sc01,t1111,5000.0,5000.0,5000.0,5000.0
period1,sc01,t1112,5000.0,5000.0,5000.0,5000.0
period1,sc01,t1113,5000.0,5000.0,5000.0,5000.0
period1,sc01,t1114,5000.0,5000.0,5000.0,5000.0
period1,sc01,t1115,5000.0,5000.0,5000.0,5000.0
period1,sc01,t1116,5000.0,5000.0,5000.0,5000.0
period1,sc01,t1117,5000.0,5000.0,5000.0,5000.0
period1,sc01,t1118,5000.0,5000.0,5000.0,5000.0
period1,sc01,t1119,5000.0,5000.0,5000.0,5000.0
period1,sc01,t1120,5000.0,5000.0,5000.0,5000.0
period1,sc01,t1121,5000.0,5000.0,5000.0,5000.0
period1,sc01,t1122,5000.0,5000.0,5000.0,5000.0
period1,sc01,t1123,5000.0,5000.0,5000.0,5000.0
period1,sc01,t1124,5000.0,5000.0,5000.0,5000.0
period1,sc01,t1125,5000.0,5000.0,5000.0,5000.0
period1,sc01,t1126,5000.0,5000.0,5000.0,5000.0
period1,sc01,t1127,5000.0,5000.0,5000.0,5000.0
period1,sc01,t1128,5000.0,5000.0,5000.0,5000.0
period1,sc01,t1129,5000.0,5000.0,5000.0,5000.0
period1,sc01,t1130,5000.0,5000.0,5000.0,5000.0
period1,sc01,t1131,5000.0,5000.0,5000.0,5000.0
period1,sc01,t1132,5000.0,5000.0,5000.0,5000.0
period1,sc01,t1133,5000.0,5000.0,5000.0,5000.0
period1,sc01,t1134,5000.0,5000.0,5000.0,5000.0
period1,sc01,t1135,5000.0,5000.0,5000.0,5000.0
period1,sc01,t1136,5000.0,5000.0,5000.0,5000.0
period1,sc01,t1137,5000.0,5000.0,5000.0,5000.0
period1,sc01,t1138,5000.0,5000.0,5000.0,5000.0
period1,sc01,t1139,5000.0,5000.0,5000.0,5000.0
period1,sc01,t1140,5000.0,5000.0,5000.0,5000.0
period1,sc01,t1141,5000.0,5000.0,5000.0,5000.0
period1,sc01,t1142,5000.0,5000.0,5000.0,5000.0
period1,sc01,t1143,5000.0,5000.0,5000.0,5000.0
period1,sc01,t1144,5000.0,5000.0,5000.0,5000.0
period1,sc01,t1145,5000.0,5000.0,5000.0,5000.0
period1,sc01,t1146,5000.0,5000.0,5000.0,5000.0
period1,sc01,t1147,5000.0,5000.0,5000.0,5000.0
period1,sc01,t1148,5000.0,5000.0,5000.0,5000.0
period1,sc01,t1149,5000.0,5000.0,5000.0,5000.0
period1,sc01,t1150,5000.0,5000.0,5000.0,5000.0
period1,sc01,t1151,5000.0,5000.0,5000.0,5000.0
period1,sc01,t1152,5000.0,5000.0,5000.0,5000.0
period1,sc01,t1153,5000.0,5000.0,5000.0,5000.0
period1,sc01,t1154,5000.0,5000.0,5000.0,5000.0
period1,sc01,t1155,5000.0,5000.0,5000.0,5000.0
period1,sc01,t1156,5000.0,5000.0,5000.0,5000.0
period1,sc01,t1157,5000.0,5000.0,5000.0,5000.0
period1,sc01,t1158,5000.0,5000.0,5000.0,5000.0
period1,sc01,t1159,5000.0,5000.0,5000.0,5000.0
period1,sc01,t1160,5000.0,5000.0,5000.0,5000.0
period1,sc01,t1161,5000.0,5000.0,5000.0,5000.0
period1,sc01,t1162,5000.0,5000.0,5000.0,5000.0
period1,sc01,t1163,5000.0,5000.0,5000.0,5000.0
period1,sc01,t1164,5000.0,5000.0,5000.0,5000.0
period1,sc01,t1165,5000.0,5000.0,5000.0,5000.0
period1,sc01,t1166,5000.0,5000.0,5000.0,5000.0
period1,sc01,t1167,5000.0,5000.0,5000.0,5000.0
period1,sc01,t1168,5000.0,5000.0,5000.0,5000.0
period1,sc01,t1169,5000.0,5000.0,5000.0,5000.0
period1,sc01,t1170,5000.0,5000.0,5000.0,5000.0
period1,sc01,t1171,5000.0,5000.0,5000.0,5000.0
period1,sc01,t1172,5000.0,5000.0,5000.0,5000.0
period1,sc01,t1173,5000.0,5000.0,5000.0,5000.0
period1,sc01,t1174,5000.0,5000.0,5000.0,5000.0
period1,sc01,t1175,5000.0,5000.0,5000.0,5000.0
period1,sc01,t1176,5000.0,5000.0,5000.0,5000.0
period1,sc01,t1177,5000.0,5000.0,5000.0,5000.0
period1,sc01,t1178,5000.0,5000.0,5000.0,5000.0
period1,sc01,t1179,5000.0,5000.0,5000.0,5000.0
period1,sc01,t1180,5000.0,5000.0,5000.0,5000.0
period1,sc01,t1181,5000.0,5000.0,5000.0,5000.0
period1,sc01,t1182,5000.0,5000.0,5000.0,5000.0
period1,sc01,t1183,5000.0,5000.0,5000.0,5000.0
period1,sc01,t1184,5000.0,5000.0,5000.0,5000.0
period1,sc01,t1185,5000.0,5000.0,5000.0,5000.0
period1,sc01,t1186,5000.0,5000.0,5000.0,5000.0
period1,sc01,t1187,5000.0,5000.0,5000.0,5000.0
period1,sc01,t1188,5000.0,5000.0,5000.0,5000.0
period1,sc01,t1189,5000.0,5000.0,5000.0,5000.0
period1,sc01,t1190,5000.0,5000.0,5000.0,5000.0
period1,sc01,t1191,5000.0,5000.0,5000.0,5000.0
period1,sc01,t1192,5000.0,5000.0,5000.0,5000.0
period1,sc01,t1193,5000.0,5000.0,5000.0,5000.0
period1,sc01,t1194,5000.0,5000.0,5000.0,5000.0
period1,sc01,t1195,5000.0,5000.0,5000.0,5000.0
period1,sc01,t1196,5000.0,5000.0,5000.0,5000.0
period1,sc01,t1197,5000.0,5000.0,5000.0,5000.0
period1,sc01,t1198,5000.0,5000.0,5000.0,5000.0
period1,sc01,t1199,5000.0,5000.0,5000.0,5000.0
period1,sc01,t1200,5000.0,5000.0,5000.0,5000.0
period1,sc01,t1201,5000.0,5000.0,5000.0,5000.0
period1,sc01,t1202,5000.0,5000.0,5000.0,5000.0
period1,sc01,t1203,5000.0,5000.0,5000.0,5000.0
period1,sc01,t1204,5000.0,5000.0,5000.0,5000.0
period1,sc01,t1205,5000.0,5000.0,5000.0,5000.0
period1,sc01,t1206,5000.0,5000.0,5000.0,5000.0
period1,sc01,t1207,5000.0,5000.0,5000.0,5000.0
period1,sc01,t1208,5000.0,5000.0,5000.0,5000.0
period1,sc01,t1209,5000.0,5000.0,5000.0,5000.0
period1,sc01,t1210,5000.0,5000.0,5000.0,5000.0
period1,sc01,t1211,5000.0,5000.0,5000.0,5000.0
period1,sc01,t1212,5000.0,5000.0,5000.0,5000.0
period1,sc01,t1213,5000.0,5000.0,5000.0,5000.0
period1,sc01,t1214,5000.0,5000.0,5000.0,5000.0
period1,sc01,t1215,5000.0,5000.0,5000.0,5000.0
period1,sc01,t1216,5000.0,5000.0,5000.0,5000.0
period1,sc01,t1217,5000.0,5000.0,5000.0,5000.0
period1,sc01,t1218,5000.0,5000.0,5000.0,5000.0
period1,sc01,t1219,5000.0,5000.0,5000.0,5000.0
period1,sc01,t1220,5000.0,5000.0,5000.0,5000.0
period1,sc01,t1221,5000.0,5000.0,5000.0,5000.0
period1,sc01,t1222,5000.0,5000.0,5000.0,5000.0
period1,sc01,t1223,5000.0,5000.0,5000.0,5000.0
period1,sc01,t1224,5000.0,5000.0,5000.0,5000.0
period1,sc01,t1225,5000.0,5000.0,5000.0,5000.0
period1,sc01,t1226,5000.0,5000.0,5000.0,5000.0
period1,sc01,t1227,5000.0,5000.0,5000.0,5000.0
period1,sc01,t1228,5000.0,5000.0,5000.0,5000.0
period1,sc01,t1229,5000.0,5000.0,5000.0,5000.0
period1,sc01,t1230,5000.0,5000.0,5000.0,5000.0
period1,sc01,t1231,5000.0,5000.0,5000.0,5000.0
period1,sc01,t1232,5000.0,5000.0,5000.0,5000.0
period1,sc01,t1233,5000.0,5000.0,5000.0,5000.0
period1,sc01,t1234,5000.0,5000.0,5000.0,5000.0
period1,sc01,t1235,5000.0,5000.0,5000.0,5000.0
period1,sc01,t1236,5000.0,5000.0,5000.0,5000.0
period1,sc01,t1237,5000.0,5000.0,5000.0,5000.0
period1,sc01,t1238,5000.0,5000.0,5000.0,5000.0
period1,sc01,t1239,5000.0,5000.0,5000.0,5000.0
period1,sc01,t1240,5000.0,5000.0,5000.0,5000.0
period1,sc01,t1241,5000.0,5000.0,5000.0,5000.0
period1,sc01,t1242,5000.0,5000.0,5000.0,5000.0
period1,sc01,t1243,5000.0,5000.0,5000.0,5000.0
period1,sc01,t1244,5000.0,5000.0,5000.0,5000.0
period1,sc01,t1245,5000.0,5000.0,5000.0,5000.0
period1,sc01,t1246,5000.0,5000.0,5000.0,5000.0
period1,sc01,t1247,5000.0,5000.0,5000.0,5000.0
period1,sc01,t1248,5000.0,5000.0,5000.0,5000.0
period1,sc01,t1249,5000.0,5000.0,5000.0,5000.0
period1,sc01,t1250,5000.0,5000.0,5000.0,5000.0
period1,sc01,t1251,5000.0,5000.0,5000.0,5000.0
period1,sc01,t1252,5000.0,5000.0,5000.0,5000.0
period1,sc01,t1253,5000.0,5000.0,5000.0,5000.0
period1,sc01,t1254,5000.0,5000.0,5000.0,5000.0
period1,sc01,t1255,5000.0,5000.0,5000.0,5000.0
period1,sc01,t1256,5000.0,5000.0,5000.0,5000.0
period1,sc01,t1257,5000.0,5000.0,5000.0,5000.0
period1,sc01,t1258,5000.0,5000.0,5000.0,5000.0
period1,sc01,t1259,5000.0,5000.0,5000.0,5000.0
period1,sc01,t1260,5000.0,5000.0,5000.0,5000.0
period1,sc01,t1261,5000.0,5000.0,5000.0,5000.0
period1,sc01,t1262,5000.0,5000.0,5000.0,5000.0
period1,sc01,t1263,5000.0,5000.0,5000.0,5000.0
period1,sc01,t1264,5000.0,5000.0,5000.0,5000.0
period1,sc01,t1265,5000.0,5000.0,5000.0,5000.0
period1,sc01,t1266,5000.0,5000.0,5000.0,5000.0
period1,sc01,t1267,5000.0,5000.0,5000.0,5000.0
period1,sc01,t1268,5000.0,5000.0,5000.0,5000.0
period1,sc01,t1269,5000.0,5000.0,5000.0,5000.0
period1,sc01,t1270,5000.0,5000.0,5000.0,5000.0
period1,sc01,t1271,5000.0,5000.0,5000.0,5000.0
period1,sc01,t1272,5000.0,5000.0,5000.0,5000.0
period1,sc01,t1273,5000.0,5000.0,5000.0,5000.0
period1,sc01,t1274,5000.0,5000.0,5000.0,5000.0
period1,sc01,t1275,5000.0,5000.0,5000.0,5000.0
period1,sc01,t1276,5000.0,5000.0,5000.0,5000.0
period1,sc01,t1277,5000.0,5000.0,5000.0,5000.0
period1,sc01,t1278,5000.0,5000.0,5000.0,5000.0
period1,sc01,t1279,5000.0,5000.0,5000.0,5000.0
period1,sc01,t1280,5000.0,5000.0,5000.0,5000.0
period1,sc01,t1281,5000.0,5000.0,5000.0,5000.0
period1,sc01,t1282,5000.0,5000.0,5000.0,5000.0
period1,sc01,t1283,5000.0,5000.0,5000.0,5000.0
period1,sc01,t1284,5000.0,5000.0,5000.0,5000.0
period1,sc01,t1285,5000.0,5000.0,5000.0,5000.0
period1,sc01,t1286,5000.0,5000.0,5000.0,5000.0
period1,sc01,t1287,5000.0,5000.0,5000.0,5000.0
period1,sc01,t1288,5000.0,5000.0,5000.0,5000.0
period1,sc01,t1289,5000.0,5000.0,5000.0,5000.0
period1,sc01,t1290,5000.0,5000.0,5000.0,5000.0
period1,sc01,t1291,5000.0,5000.0,5000.0,5000.0
period1,sc01,t1292,5000.0,5000.0,5000.0,5000.0
period1,sc01,t1293,5000.0,5000.0,5000.0,5000.0
period1,sc01,t1294,5000.0,5000.0,5000.0,5000.0
period1,sc01,t1295,5000.0,5000.0,5000.0,5000.0
period1,sc01,t1296,5000.0,5000.0,5000.0,5000.0
period1,sc01,t1297,5000.0,5000.0,5000.0,5000.0
period1,sc01,t1298,5000.0,5000.0,5000.0,5000.0
period1,sc01,t1299,5000.0,5000.0,5000.0,5000.0
period1,sc01,t1300,5000.0,5000.0,5000.0,5000.0
period1,sc01,t1301,5000.0,5000.0,5000.0,5000.0
period1,sc01,t1302,5000.0,5000.0,5000.0,5000.0
period1,sc01,t1303,5000.0,5000.0,5000.0,5000.0
period1,sc01,t1304,5000.0,5000.0,5000.0,5000.0
period1,sc01,t1305,5000.0,5000.0,5000.0,5000.0
period1,sc01,t1306,5000.0,5000.0,5000.0,5000.0
period1,sc01,t1307,5000.0,5000.0,5000.0,5000.0
period1,sc01,t1308,5000.0,5000.0,5000.0,5000.0
period1,sc01,t1309,5000.0,5000.0,5000.0,5000.0
period1,sc01,t1310,5000.0,5000.0,5000.0,5000.0
period1,sc01,t1311,5000.0,5000.0,5000.0,5000.0
period1,sc01,t1312,5000.0,5000.0,5000.0,5000.0
period1,sc01,t1313,5000.0,5000.0,5000.0,5000.0
period1,sc01,t1314,5000.0,5000.0,5000.0,5000.0
period1,sc01,t1315,5000.0,5000.0,5000.0,5000.0
period1,sc01,t1316,5000.0,5000.0,5000.0,5000.0
period1,sc01,t1317,5000.0,5000.0,5000.0,5000.0
period1,sc01,t1318,5000.0,5000.0,5000.0,5000.0
period1,sc01,t1319,5000.0,5000.0,5000.0,5000.0
period1,sc01,t1320,5000.0,5000.0,5000.0,5000.0
period1,sc01,t1321,5000.0,5000.0,5000.0,5000.0
period1,sc01,t1322,5000.0,5000.0,5000.0,5000.0
period1,sc01,t1323,5000.0,5000.0,5000.0,5000.0
period1,sc01,t1324,5000.0,5000.0,5000.0,5000.0
period1,sc01,t1325,5000.0,5000.0,5000.0,5000.0
period1,sc01,t1326,5000.0,5000.0,5000.0,5000.0
period1,sc01,t1327,5000.0,5000.0,5000.0,5000.0
period1,sc01,t1328,5000.0,5000.0,5000.0,5000.0
period1,sc01,t1329,5000.0,5000.0,5000.0,5000.0
period1,sc01,t1330,5000.0,5000.0,5000.0,5000.0
period1,sc01,t1331,5000.0,5000.0,5000.0,5000.0
period1,sc01,t1332,5000.0,5000.0,5000.0,5000.0
period1,sc01,t1333,5000.0,5000.0,5000.0,5000.0
period1,sc01,t1334,5000.0,5000.0,5000.0,5000.0
period1,sc01,t1335,5000.0,5000.0,5000.0,5000.0
period1,sc01,t1336,5000.0,5000.0,5000.0,5000.0
period1,sc01,t1337,5000.0,5000.0,5000.0,5000.0
period1,sc01,t1338,5000.0,5000.0,5000.0,5000.0
period1,sc01,t1339,5000.0,5000.0,5000.0,5000.0
period1,sc01,t1340,5000.0,5000.0,5000.0,5000.0
period1,sc01,t1341,5000.0,5000.0,5000.0,5000.0
period1,sc01,t1342,5000.0,5000.0,5000.0,5000.0
period1,sc01,t1343,5000.0,5000.0,5000.0,5000.0
period1,sc01,t1344,5000.0,5000.0,5000.0,5000.0
period1,sc01,t1345,5000.0,5000.0,5000.0,5000.0
period1,sc01,t1346,5000.0,5000.0,5000.0,5000.0
period1,sc01,t1347,5000.0,5000.0,5000.0,5000.0
period1,sc01,t1348,5000.0,5000.0,5000.0,5000.0
period1,sc01,t1349,5000.0,5000.0,5000.0,5000.0
period1,sc01,t1350,5000.0,5000.0,5000.0,5000.0
period1,sc01,t1351,5000.0,5000.0,5000.0,5000.0
period1,sc01,t1352,5000.0,5000.0,5000.0,5000.0
period1,sc01,t1353,5000.0,5000.0,5000.0,5000.0
period1,sc01,t1354,5000.0,5000.0,5000.0,5000.0
period1,sc01,t1355,5000.0,5000.0,5000.0,5000.0
period1,sc01,t1356,5000.0,5000.0,5000.0,5000.0
period1,sc01,t1357,5000.0,5000.0,5000.0,5000.0
period1,sc01,t1358,5000.0,5000.0,5000.0,5000.0
period1,sc01,t1359,5000.0,5000.0,5000.0,5000.0
period1,sc01,t1360,5000.0,5000.0,5000.0,5000.0
period1,sc01,t1361,5000.0,5000.0,5000.0,5000.0
period1,sc01,t1362,5000.0,5000.0,5000.0,5000.0
period1,sc01,t1363,5000.0,5000.0,5000.0,5000.0
period1,sc01,t1364,5000.0,5000.0,5000.0,5000.0
period1,sc01,t1365,5000.0,5000.0,5000.0,5000.0
period1,sc01,t1366,5000.0,5000.0,5000.0,5000.0
period1,sc01,t1367,5000.0,5000.0,5000.0,5000.0
period1,sc01,t1368,5000.0,5000.0,5000.0,5000.0
period1,sc01,t1369,5000.0,5000.0,5000.0,5000.0
period1,sc01,t1370,5000.0,5000.0,5000.0,5000.0
period1,sc01,t1371,5000.0,5000.0,5000.0,5000.0
period1,sc01,t1372,5000.0,5000.0,5000.0,5000.0
period1,sc01,t1373,5000.0,5000.0,5000.0,5000.0
period1,sc01,t1374,5000.0,5000.0,5000.0,5000.0
period1,sc01,t1375,5000.0,5000.0,5000.0,5000.0
period1,sc01,t1376,5000.0,5000.0,5000.0,5000.0
period1,sc01,t1377,5000.0,5000.0,5000.0,5000.0
period1,sc01,t1378,5000.0,5000.0,5000.0,5000.0
period1,sc01,t1379,5000.0,5000.0,5000.0,5000.0
period1,sc01,t1380,5000.0,5000.0,5000.0,5000.0
period1,sc01,t1381,5000.0,5000.0,5000.0,5000.0
period1,sc01,t1382,5000.0,5000.0,5000.0,5000.0
period1,sc01,t1383,5000.0,5000.0,5000.0,5000.0
period1,sc01,t1384,5000.0,5000.0,5000.0,5000.0
period1,sc01,t1385,5000.0,5000.0,5000.0,5000.0
period1,sc01,t1386,5000.0,5000.0,5000.0,5000.0
period1,sc01,t1387,5000.0,5000.0,5000.0,5000.0
period1,sc01,t1388,5000.0,5000.0,5000.0,5000.0
period1,sc01,t1389,5000.0,5000.0,5000.0,5000.0
period1,sc01,t1390,5000.0,5000.0,5000.0,5000.0
period1,sc01,t1391,5000.0,5000.0,5000.0,5000.0
period1,sc01,t1392,5000.0,5000.0,5000.0,5000.0
period1,sc01,t1393,5000.0,5000.0,5000.0,5000.0
period1,sc01,t1394,5000.0,5000.0,5000.0,5000.0
period1,sc01,t1395,5000.0,5000.0,5000.0,5000.0
period1,sc01,t1396,5000.0,5000.0,5000.0,5000.0
period1,sc01,t1397,5000.0,5000.0,5000.0,5000.0
period1,sc01,t1398,5000.0,5000.0,5000.0,5000.0
period1,sc01,t1399,5000.0,5000.0,5000.0,5000.0
period1,sc01,t1400,5000.0,5000.0,5000.0,5000.0
period1,sc01,t1401,5000.0,5000.0,5000.0,5000.0
period1,sc01,t1402,5000.0,5000.0,5000.0,5000.0
period1,sc01,t1403,5000.0,5000.0,5000.0,5000.0
period1,sc01,t1404,5000.0,5000.0,5000.0,5000.0
period1,sc01,t1405,5000.0,5000.0,5000.0,5000.0
period1,sc01,t1406,5000.0,5000.0,5000.0,5000.0
period1,sc01,t1407,5000.0,5000.0,5000.0,5000.0
period1,sc01,t1408,5000.0,5000.0,5000.0,5000.0
period1,sc01,t1409,5000.0,5000.0,5000.0,5000.0
period1,sc01,t1410,5000.0,5000.0,5000.0,5000.0
period1,sc01,t1411,5000.0,5000.0,5000.0,5000.0
period1,sc01,t1412,5000.0,5000.0,5000.0,5000.0
period1,sc01,t1413,5000.0,5000.0,5000.0,5000.0
period1,sc01,t1414,5000.0,5000.0,5000.0,5000.0
period1,sc01,t1415,5000.0,5000.0,5000.0,5000.0
period1,sc01,t1416,5000.0,5000.0,5000.0,5000.0
period1,sc01,t1417,5000.0,5000.0,5000.0,5000.0
period1,sc01,t1418,5000.0,5000.0,5000.0,5000.0
period1,sc01,t1419,5000.0,5000.0,5000.0,5000.0
period1,sc01,t1420,5000.0,5000.0,5000.0,5000.0
period1,sc01,t1421,5000.0,5000.0,5000.0,5000.0
period1,sc01,t1422,5000.0,5000.0,5000.0,5000.0
period1,sc01,t1423,5000.0,5000.0,5000.0,5000.0
period1,sc01,t1424,5000.0,5000.0,5000.0,5000.0
period1,sc01,t1425,5000.0,5000.0,5000.0,5000.0
period1,sc01,t1426,5000.0,5000.0,5000.0,5000.0
period1,sc01,t1427,5000.0,5000.0,5000.0,5000.0
period1,sc01,t1428,5000.0,5000.0,5000.0,5000.0
period1,sc01,t1429,5000.0,5000.0,5000.0,5000.0
period1,sc01,t1430,5000.0,5000.0,5000.0,5000.0
period1,sc01,t1431,5000.0,5000.0,5000.0,5000.0
period1,sc01,t1432,5000.0,5000.0,5000.0,5000.0
period1,sc01,t1433,5000.0,5000.0,5000.0,5000.0
period1,sc01,t1434,5000.0,5000.0,5000.0,5000.0
period1,sc01,t1435,5000.0,5000.0,5000.0,5000.0
period1,sc01,t1436,5000.0,5000.0,5000.0,5000.0
period1,sc01,t1437,5000.0,5000.0,5000.0,5000.0
period1,sc01,t1438,5000.0,5000.0,5000.0,5000.0
period1,sc01,t1439,5000.0,5000.0,5000.0,5000.0
period1,sc01,t1440,5000.0,5000.0,5000.0,5000.0
period1,sc01,t1441,5000.0,5000.0,5000.0,5000.0
period1,sc01,t1442,5000.0,5000.0,5000.0,5000.0
period1,sc01,t1443,5000.0,5000.0,5000.0,5000.0
period1,sc01,t1444,5000.0,5000.0,5000.0,5000.0
period1,sc01,t1445,5000.0,5000.0,5000.0,5000.0
period1,sc01,t1446,5000.0,5000.0,5000.0,5000.0
period1,sc01,t1447,5000.0,5000.0,5000.0,5000.0
period1,sc01,t1448,5000.0,5000.0,5000.0,5000.0
period1,sc01,t1449,5000.0,5000.0,5000.0,5000.0
period1,sc01,t1450,5000.0,5000.0,5000.0,5000.0
period1,sc01,t1451,5000.0,5000.0,5000.0,5000.0
period1,sc01,t1452,5000.0,5000.0,5000.0,5000.0
period1,sc01,t1453,5000.0,5000.0,5000.0,5000.0
period1,sc01,t1454,5000.0,5000.0,5000.0,5000.0
period1,sc01,t1455,5000.0,5000.0,5000.0,5000.0
period1,sc01,t1456,5000.0,5000.0,5000.0,5000.0
period1,sc01,t1457,5000.0,5000.0,5000.0,5000.0
period1,sc01,t1458,5000.0,5000.0,5000.0,5000.0
period1,sc01,t1459,5000.0,5000.0,5000.0,5000.0
period1,sc01,t1460,5000.0,5000.0,5000.0,5000.0
period1,sc01,t1461,5000.0,5000.0,5000.0,5000.0
period1,sc01,t1462,5000.0,5000.0,5000.0,5000.0
period1,sc01,t1463,5000.0,5000.0,5000.0,5000.0
period1,sc01,t1464,5000.0,5000.0,5000.0,5000.0
period1,sc01,t1465,5000.0,5000.0,5000.0,5000.0
period1,sc01,t1466,5000.0,5000.0,5000.0,5000.0
period1,sc01,t1467,5000.0,5000.0,5000.0,5000.0
period1,sc01,t1468,5000.0,5000.0,5000.0,5000.0
period1,sc01,t1469,5000.0,5000.0,5000.0,5000.0
period1,sc01,t1470,5000.0,5000.0,5000.0,5000.0
period1,sc01,t1471,5000.0,5000.0,5000.0,5000.0
period1,sc01,t1472,5000.0,5000.0,5000.0,5000.0
period1,sc01,t1473,5000.0,5000.0,5000.0,5000.0
period1,sc01,t1474,5000.0,5000.0,5000.0,5000.0
period1,sc01,t1475,5000.0,5000.0,5000.0,5000.0
period1,sc01,t1476,5000.0,5000.0,5000.0,5000.0
period1,sc01,t1477,5000.0,5000.0,5000.0,5000.0
period1,sc01,t1478,5000.0,5000.0,5000.0,5000.0
period1,sc01,t1479,5000.0,5000.0,5000.0,5000.0
period1,sc01,t1480,5000.0,5000.0,5000.0,5000.0
period1,sc01,t1481,5000.0,5000.0,5000.0,5000.0
period1,sc01,t1482,5000.0,5000.0,5000.0,5000.0
period1,sc01,t1483,5000.0,5000.0,5000.0,5000.0
period1,sc01,t1484,5000.0,5000.0,5000.0,5000.0
period1,sc01,t1485,5000.0,5000.0,5000.0,5000.0
period1,sc01,t1486,5000.0,5000.0,5000.0,5000.0
period1,sc01,t1487,5000.0,5000.0,5000.0,5000.0
period1,sc01,t1488,5000.0,5000.0,5000.0,5000.0
period1,sc01,t1489,5000.0,5000.0,5000.0,5000.0
period1,sc01,t1490,5000.0,5000.0,5000.0,5000.0
period1,sc01,t1491,5000.0,5000.0,5000.0,5000.0
period1,sc01,t1492,5000.0,5000.0,5000.0,5000.0
period1,sc01,t1493,5000.0,5000.0,5000.0,5000.0
period1,sc01,t1494,5000.0,5000.0,5000.0,5000.0
period1,sc01,t1495,5000.0,5000.0,5000.0,5000.0
period1,sc01,t1496,5000.0,5000.0,5000.0,5000.0
period1,sc01,t1497,5000.0,5000.0,5000.0,5000.0
period1,sc01,t1498,5000.0,5000.0,5000.0,5000.0
period1,sc01,t1499,5000.0,5000.0,5000.0,5000.0
period1,sc01,t1500,5000.0,5000.0,5000.0,5000.0
period1,sc01,t1501,5000.0,5000.0,5000.0,5000.0
period1,sc01,t1502,5000.0,5000.0,5000.0,5000.0
period1,sc01,t1503,5000.0,5000.0,5000.0,5000.0
period1,sc01,t1504,5000.0,5000.0,5000.0,5000.0
period1,sc01,t1505,5000.0,5000.0,5000.0,5000.0
period1,sc01,t1506,5000.0,5000.0,5000.0,5000.0
period1,sc01,t1507,5000.0,5000.0,5000.0,5000.0
period1,sc01,t1508,5000.0,5000.0,5000.0,5000.0
period1,sc01,t1509,5000.0,5000.0,5000.0,5000.0
period1,sc01,t1510,5000.0,5000.0,5000.0,5000.0
period1,sc01,t1511,5000.0,5000.0,5000.0,5000.0
period1,sc01,t1512,5000.0,5000.0,5000.0,5000.0
period1,sc01,t1513,5000.0,5000.0,5000.0,5000.0
period1,sc01,t1514,5000.0,5000.0,5000.0,5000.0
period1,sc01,t1515,5000.0,5000.0,5000.0,5000.0
period1,sc01,t1516,5000.0,5000.0,5000.0,5000.0
period1,sc01,t1517,5000.0,5000.0,5000.0,5000.0
period1,sc01,t1518,5000.0,5000.0,5000.0,5000.0
period1,sc01,t1519,5000.0,5000.0,5000.0,5000.0
period1,sc01,t1520,5000.0,5000.0,5000.0,5000.0
period1,sc01,t1521,5000.0,5000.0,5000.0,5000.0
period1,sc01,t1522,5000.0,5000.0,5000.0,5000.0
period1,sc01,t1523,5000.0,5000.0,5000.0,5000.0
period1,sc01,t1524,5000.0,5000.0,5000.0,5000.0
period1,sc01,t1525,5000.0,5000.0,5000.0,5000.0
period1,sc01,t1526,5000.0,5000.0,5000.0,5000.0
period1,sc01,t1527,5000.0,5000.0,5000.0,5000.0
period1,sc01,t1528,5000.0,5000.0,5000.0,5000.0
period1,sc01,t1529,5000.0,5000.0,5000.0,5000.0
period1,sc01,t1530,5000.0,5000.0,5000.0,5000.0
period1,sc01,t1531,5000.0,5000.0,5000.0,5000.0
period1,sc01,t1532,5000.0,5000.0,5000.0,5000.0
period1,sc01,t1533,5000.0,5000.0,5000.0,5000.0
period1,sc01,t1534,5000.0,5000.0,5000.0,5000.0
period1,sc01,t1535,5000.0,5000.0,5000.0,5000.0
period1,sc01,t1536,5000.0,5000.0,5000.0,5000.0
period1,sc01,t1537,5000.0,5000.0,5000.0,5000.0
period1,sc01,t1538,5000.0,5000.0,5000.0,5000.0
period1,sc01,t1539,5000.0,5000.0,5000.0,5000.0
period1,sc01,t1540,5000.0,5000.0,5000.0,5000.0
period1,sc01,t1541,5000.0,5000.0,5000.0,5000.0
period1,sc01,t1542,5000.0,5000.0,5000.0,5000.0
period1,sc01,t1543,5000.0,5000.0,5000.0,5000.0
period1,sc01,t1544,5000.0,5000.0,5000.0,5000.0
period1,sc01,t1545,5000.0,5000.0,5000.0,5000.0
period1,sc01,t1546,5000.0,5000.0,5000.0,5000.0
period1,sc01,t1547,5000.0,5000.0,5000.0,5000.0
period1,sc01,t1548,5000.0,5000.0,5000.0,5000.0
period1,sc01,t1549,5000.0,5000.0,5000.0,5000.0
period1,sc01,t1550,5000.0,5000.0,5000.0,5000.0
period1,sc01,t1551,5000.0,5000.0,5000.0,5000.0
period1,sc01,t1552,5000.0,5000.0,5000.0,5000.0
period1,sc01,t1553,5000.0,5000.0,5000.0,5000.0
period1,sc01,t1554,5000.0,5000.0,5000.0,5000.0
period1,sc01,t1555,5000.0,5000.0,5000.0,5000.0
period1,sc01,t1556,5000.0,5000.0,5000.0,5000.0
period1,sc01,t1557,5000.0,5000.0,5000.0,5000.0
period1,sc01,t1558,5000.0,5000.0,5000.0,5000.0
period1,sc01,t1559,5000.0,5000.0,5000.0,5000.0
period1,sc01,t1560,5000.0,5000.0,5000.0,5000.0
period1,sc01,t1561,5000.0,5000.0,5000.0,5000.0
period1,sc01,t1562,5000.0,5000.0,5000.0,5000.0
period1,sc01,t1563,5000.0,5000.0,5000.0,5000.0
period1,sc01,t1564,5000.0,5000.0,5000.0,5000.0
period1,sc01,t1565,5000.0,5000.0,5000.0,5000.0
period1,sc01,t1566,5000.0,5000.0,5000.0,5000.0
period1,sc01,t1567,5000.0,5000.0,5000.0,5000.0
period1,sc01,t1568,5000.0,5000.0,5000.0,5000.0
period1,sc01,t1569,5000.0,5000.0,5000.0,5000.0
period1,sc01,t1570,5000.0,5000.0,5000.0,5000.0
period1,sc01,t1571,5000.0,5000.0,5000.0,5000.0
period1,sc01,t1572,5000.0,5000.0,5000.0,5000.0
period1,sc01,t1573,5000.0,5000.0,5000.0,5000.0
period1,sc01,t1574,5000.0,5000.0,5000.0,5000.0
period1,sc01,t1575,5000.0,5000.0,5000.0,5000.0
period1,sc01,t1576,5000.0,5000.0,5000.0,5000.0
period1,sc01,t1577,5000.0,5000.0,5000.0,5000.0
period1,sc01,t1578,5000.0,5000.0,5000.0,5000.0
period1,sc01,t1579,5000.0,5000.0,5000.0,5000.0
period1,sc01,t1580,5000.0,5000.0,5000.0,5000.0
period1,sc01,t1581,5000.0,5000.0,5000.0,5000.0
period1,sc01,t1582,5000.0,5000.0,5000.0,5000.0
period1,sc01,t1583,5000.0,5000.0,5000.0,5000.0
period1,sc01,t1584,5000.0,5000.0,5000.0,5000.0
period1,sc01,t1585,5000.0,5000.0,5000.0,5000.0
period1,sc01,t1586,5000.0,5000.0,5000.0,5000.0
period1,sc01,t1587,5000.0,5000.0,5000.0,5000.0
period1,sc01,t1588,5000.0,5000.0,5000.0,5000.0
period1,sc01,t1589,5000.0,5000.0,5000.0,5000.0
period1,sc01,t1590,5000.0,5000.0,5000.0,5000.0
period1,sc01,t1591,5000.0,5000.0,5000.0,5000.0
period1,sc01,t1592,5000.0,5000.0,5000.0,5000.0
period1,sc01,t1593,5000.0,5000.0,5000.0,5000.0
period1,sc01,t1594,5000.0,5000.0,5000.0,5000.0
period1,sc01,t1595,5000.0,5000.0,5000.0,5000.0
period1,sc01,t1596,5000.0,5000.0,5000.0,5000.0
period1,sc01,t1597,5000.0,5000.0,5000.0,5000.0
period1,sc01,t1598,5000.0,5000.0,5000.0,5000.0
period1,sc01,t1599,5000.0,5000.0,5000.0,5000.0
period1,sc01,t1600,5000.0,5000.0,5000.0,5000.0
period1,sc01,t1601,5000.0,5000.0,5000.0,5000.0
period1,sc01,t1602,5000.0,5000.0,5000.0,5000.0
period1,sc01,t1603,5000.0,5000.0,5000.0,5000.0
period1,sc01,t1604,5000.0,5000.0,5000.0,5000.0
period1,sc01,t1605,5000.0,5000.0,5000.0,5000.0
period1,sc01,t1606,5000.0,5000.0,5000.0,5000.0
period1,sc01,t1607,5000.0,5000.0,5000.0,5000.0
period1,sc01,t1608,5000.0,5000.0,5000.0,5000.0
period1,sc01,t1609,5000.0,5000.0,5000.0,5000.0
period1,sc01,t1610,5000.0,5000.0,5000.0,5000.0
period1,sc01,t1611,5000.0,5000.0,5000.0,5000.0
period1,sc01,t1612,5000.0,5000.0,5000.0,5000.0
period1,sc01,t1613,5000.0,5000.0,5000.0,5000.0
period1,sc01,t1614,5000.0,5000.0,5000.0,5000.0
period1,sc01,t1615,5000.0,5000.0,5000.0,5000.0
period1,sc01,t1616,5000.0,5000.0,5000.0,5000.0
period1,sc01,t1617,5000.0,5000.0,5000.0,5000.0
period1,sc01,t1618,5000.0,5000.0,5000.0,5000.0
period1,sc01,t1619,5000.0,5000.0,5000.0,5000.0
period1,sc01,t1620,5000.0,5000.0,5000.0,5000.0
period1,sc01,t1621,5000.0,5000.0,5000.0,5000.0
period1,sc01,t1622,5000.0,5000.0,5000.0,5000.0
period1,sc01,t1623,5000.0,5000.0,5000.0,5000.0
period1,sc01,t1624,5000.0,5000.0,5000.0,5000.0
period1,sc01,t1625,5000.0,5000.0,5000.0,5000.0
period1,sc01,t1626,5000.0,5000.0,5000.0,5000.0
period1,sc01,t1627,5000.0,5000.0,5000.0,5000.0
period1,sc01,t1628,5000.0,5000.0,5000.0,5000.0
period1,sc01,t1629,5000.0,5000.0,5000.0,5000.0
period1,sc01,t1630,5000.0,5000.0,5000.0,5000.0
period1,sc01,t1631,5000.0,5000.0,5000.0,5000.0
period1,sc01,t1632,5000.0,5000.0,5000.0,5000.0
period1,sc01,t1633,5000.0,5000.0,5000.0,5000.0
period1,sc01,t1634,5000.0,5000.0,5000.0,5000.0
period1,sc01,t1635,5000.0,5000.0,5000.0,5000.0
period1,sc01,t1636,5000.0,5000.0,5000.0,5000.0
period1,sc01,t1637,5000.0,5000.0,5000.0,5000.0
period1,sc01,t1638,5000.0,5000.0,5000.0,5000.0
period1,sc01,t1639,5000.0,5000.0,5000.0,5000.0
period1,sc01,t1640,5000.0,5000.0,5000.0,5000.0
period1,sc01,t1641,5000.0,5000.0,5000.0,5000.0
period1,sc01,t1642,5000.0,5000.0,5000.0,5000.0
period1,sc01,t1643,5000.0,5000.0,5000.0,5000.0
period1,sc01,t1644,5000.0,5000.0,5000.0,5000.0
period1,sc01,t1645,5000.0,5000.0,5000.0,5000.0
period1,sc01,t1646,5000.0,5000.0,5000.0,5000.0
period1,sc01,t1647,5000.0,5000.0,5000.0,5000.0
period1,sc01,t1648,5000.0,5000.0,5000.0,5000.0
period1,sc01,t1649,5000.0,5000.0,5000.0,5000.0
period1,sc01,t1650,5000.0,5000.0,5000.0,5000.0
period1,sc01,t1651,5000.0,5000.0,5000.0,5000.0
period1,sc01,t1652,5000.0,5000.0,5000.0,5000.0
period1,sc01,t1653,5000.0,5000.0,5000.0,5000.0
period1,sc01,t1654,5000.0,5000.0,5000.0,5000.0
period1,sc01,t1655,5000.0,5000.0,5000.0,5000.0
period1,sc01,t1656,5000.0,5000.0,5000.0,5000.0
period1,sc01,t1657,5000.0,5000.0,5000.0,5000.0
period1,sc01,t1658,5000.0,5000.0,5000.0,5000.0
period1,sc01,t1659,5000.0,5000.0,5000.0,5000.0
period1,sc01,t1660,5000.0,5000.0,5000.0,5000.0
period1,sc01,t1661,5000.0,5000.0,5000.0,5000.0
period1,sc01,t1662,5000.0,5000.0,5000.0,5000.0
period1,sc01,t1663,5000.0,5000.0,5000.0,5000.0
period1,sc01,t1664,5000.0,5000.0,5000.0,5000.0
period1,sc01,t1665,5000.0,5000.0,5000.0,5000.0
period1,sc01,t1666,5000.0,5000.0,5000.0,5000.0
period1,sc01,t1667,5000.0,5000.0,5000.0,5000.0
period1,sc01,t1668,5000.0,5000.0,5000.0,5000.0
period1,sc01,t1669,5000.0,5000.0,5000.0,5000.0
period1,sc01,t1670,5000.0,5000.0,5000.0,5000.0
period1,sc01,t1671,5000.0,5000.0,5000.0,5000.0
period1,sc01,t1672,5000.0,5000.0,5000.0,5000.0
period1,sc01,t1673,5000.0,5000.0,5000.0,5000.0
period1,sc01,t1674,5000.0,5000.0,5000.0,5000.0
period1,sc01,t1675,5000.0,5000.0,5000.0,5000.0
period1,sc01,t1676,5000.0,5000.0,5000.0,5000.0
period1,sc01,t1677,5000.0,5000.0,5000.0,5000.0
period1,sc01,t1678,5000.0,5000.0,5000.0,5000.0
period1,sc01,t1679,5000.0,5000.0,5000.0,5000.0
period1,sc01,t1680,5000.0,5000.0,5000.0,5000.0
period1,sc01,t1681,5000.0,5000.0,5000.0,5000.0
period1,sc01,t1682,5000.0,5000.0,5000.0,5000.0
period1,sc01,t1683,5000.0,5000.0,5000.0,5000.0
period1,sc01,t1684,5000.0,5000.0,5000.0,5000.0
period1,sc01,t1685,5000.0,5000.0,5000.0,5000.0
period1,sc01,t1686,5000.0,5000.0,5000.0,5000.0
period1,sc01,t1687,5000.0,5000.0,5000.0,5000.0
period1,sc01,t1688,5000.0,5000.0,5000.0,5000.0
period1,sc01,t1689,5000.0,5000.0,5000.0,5000.0
period1,sc01,t1690,5000.0,5000.0,5000.0,5000.0
period1,sc01,t1691,5000.0,5000.0,5000.0,5000.0
period1,sc01,t1692,5000.0,5000.0,5000.0,5000.0
period1,sc01,t1693,5000.0,5000.0,5000.0,5000.0
period1,sc01,t1694,5000.0,5000.0,5000.0,5000.0
period1,sc01,t1695,5000.0,5000.0,5000.0,5000.0
period1,sc01,t1696,5000.0,5000.0,5000.0,5000.0
period1,sc01,t1697,5000.0,5000.0,5000.0,5000.0
period1,sc01,t1698,5000.0,5000.0,5000.0,5000.0
period1,sc01,t1699,5000.0,5000.0,5000.0,5000.0
period1,sc01,t1700,5000.0,5000.0,5000.0,5000.0
period1,sc01,t1701,5000.0,5000.0,5000.0,5000.0
period1,sc01,t1702,5000.0,5000.0,5000.0,5000.0
period1,sc01,t1703,5000.0,5000.0,5000.0,5000.0
period1,sc01,t1704,5000.0,5000.0,5000.0,5000.0
period1,sc01,t1705,5000.0,5000.0,5000.0,5000.0
period1,sc01,t1706,5000.0,5000.0,5000.0,5000.0
period1,sc01,t1707,5000.0,5000.0,5000.0,5000.0
period1,sc01,t1708,5000.0,5000.0,5000.0,5000.0
period1,sc01,t1709,5000.0,5000.0,5000.0,5000.0
period1,sc01,t1710,5000.0,5000.0,5000.0,5000.0
period1,sc01,t1711,5000.0,5000.0,5000.0,5000.0
period1,sc01,t1712,5000.0,5000.0,5000.0,5000.0
period1,sc01,t1713,5000.0,5000.0,5000.0,5000.0
period1,sc01,t1714,5000.0,5000.0,5000.0,5000.0
period1,sc01,t1715,5000.0,5000.0,5000.0,5000.0
period1,sc01,t1716,5000.0,5000.0,5000.0,5000.0
period1,sc01,t1717,5000.0,5000.0,5000.0,5000.0
period1,sc01,t1718,5000.0,5000.0,5000.0,5000.0
period1,sc01,t1719,5000.0,5000.0,5000.0,5000.0
period1,sc01,t1720,5000.0,5000.0,5000.0,5000.0
period1,sc01,t1721,5000.0,5000.0,5000.0,5000.0
period1,sc01,t1722,5000.0,5000.0,5000.0,5000.0
period1,sc01,t1723,5000.0,5000.0,5000.0,5000.0
period1,sc01,t1724,5000.0,5000.0,5000.0,5000.0
period1,sc01,t1725,5000.0,5000.0,5000.0,5000.0
period1,sc01,t1726,5000.0,5000.0,5000.0,5000.0
period1,sc01,t1727,5000.0,5000.0,5000.0,5000.0
period1,sc01,t1728,5000.0,5000.0,5000.0,5000.0
period1,sc01,t1729,5000.0,5000.0,5000.0,5000.0
period1,sc01,t1730,5000.0,5000.0,5000.0,5000.0
period1,sc01,t1731,5000.0,5000.0,5000.0,5000.0
period1,sc01,t1732,5000.0,5000.0,5000.0,5000.0
period1,sc01,t1733,5000.0,5000.0,5000.0,5000.0
period1,sc01,t1734,5000.0,5000.0,5000.0,5000.0
period1,sc01,t1735,5000.0,5000.0,5000.0,5000.0
period1,sc01,t1736,5000.0,5000.0,5000.0,5000.0
period1,sc01,t1737,5000.0,5000.0,5000.0,5000.0
period1,sc01,t1738,5000.0,5000.0,5000.0,5000.0
period1,sc01,t1739,5000.0,5000.0,5000.0,5000.0
period1,sc01,t1740,5000.0,5000.0,5000.0,5000.0
period1,sc01,t1741,5000.0,5000.0,5000.0,5000.0
period1,sc01,t1742,5000.0,5000.0,5000.0,5000.0
period1,sc01,t1743,5000.0,5000.0,5000.0,5000.0
period1,sc01,t1744,5000.0,5000.0,5000.0,5000.0
period1,sc01,t1745,5000.0,5000.0,5000.0,5000.0
period1,sc01,t1746,5000.0,5000.0,5000.0,5000.0
period1,sc01,t1747,5000.0,5000.0,5000.0,5000.0
period1,sc01,t1748,5000.0,5000.0,5000.0,5000.0
period1,sc01,t1749,5000.0,5000.0,5000.0,5000.0
period1,sc01,t1750,5000.0,5000.0,5000.0,5000.0
period1,sc01,t1751,5000.0,5000.0,5000.0,5000.0
period1,sc01,t1752,5000.0,5000.0,5000.0,5000.0
period1,sc01,t1753,5000.0,5000.0,5000.0,5000.0
period1,sc01,t1754,5000.0,5000.0,5000.0,5000.0
period1,sc01,t1755,5000.0,5000.0,5000.0,5000.0
period1,sc01,t1756,5000.0,5000.0,5000.0,5000.0
period1,sc01,t1757,5000.0,5000.0,5000.0,5000.0
period1,sc01,t1758,5000.0,5000.0,5000.0,5000.0
period1,sc01,t1759,5000.0,5000.0,5000.0,5000.0
period1,sc01,t1760,5000.0,5000.0,5000.0,5000.0
period1,sc01,t1761,5000.0,5000.0,5000.0,5000.0
period1,sc01,t1762,5000.0,5000.0,5000.0,5000.0
period1,sc01,t1763,5000.0,5000.0,5000.0,5000.0
period1,sc01,t1764,5000.0,5000.0,5000.0,5000.0
period1,sc01,t1765,5000.0,5000.0,5000.0,5000.0
period1,sc01,t1766,5000.0,5000.0,5000.0,5000.0
period1,sc01,t1767,5000.0,5000.0,5000.0,5000.0
period1,sc01,t1768,5000.0,5000.0,5000.0,5000.0
period1,sc01,t1769,5000.0,5000.0,5000.0,5000.0
period1,sc01,t1770,5000.0,5000.0,5000.0,5000.0
period1,sc01,t1771,5000.0,5000.0,5000.0,5000.0
period1,sc01,t1772,5000.0,5000.0,5000.0,5000.0
period1,sc01,t1773,5000.0,5000.0,5000.0,5000.0
period1,sc01,t1774,5000.0,5000.0,5000.0,5000.0
period1,sc01,t1775,5000.0,5000.0,5000.0,5000.0
period1,sc01,t1776,5000.0,5000.0,5000.0,5000.0
period1,sc01,t1777,5000.0,5000.0,5000.0,5000.0
period1,sc01,t1778,5000.0,5000.0,5000.0,5000.0
period1,sc01,t1779,5000.0,5000.0,5000.0,5000.0
period1,sc01,t1780,5000.0,5000.0,5000.0,5000.0
period1,sc01,t1781,5000.0,5000.0,5000.0,5000.0
period1,sc01,t1782,5000.0,5000.0,5000.0,5000.0
period1,sc01,t1783,5000.0,5000.0,5000.0,5000.0
period1,sc01,t1784,5000.0,5000.0,5000.0,5000.0
period1,sc01,t1785,5000.0,5000.0,5000.0,5000.0
period1,sc01,t1786,5000.0,5000.0,5000.0,5000.0
period1,sc01,t1787,5000.0,5000.0,5000.0,5000.0
period1,sc01,t1788,5000.0,5000.0,5000.0,5000.0
period1,sc01,t1789,5000.0,5000.0,5000.0,5000.0
period1,sc01,t1790,5000.0,5000.0,5000.0,5000.0
period1,sc01,t1791,5000.0,5000.0,5000.0,5000.0
period1,sc01,t1792,5000.0,5000.0,5000.0,5000.0
period1,sc01,t1793,5000.0,5000.0,5000.0,5000.0
period1,sc01,t1794,5000.0,5000.0,5000.0,5000.0
period1,sc01,t1795,5000.0,5000.0,5000.0,5000.0
period1,sc01,t1796,5000.0,5000.0,5000.0,5000.0
period1,sc01,t1797,5000.0,5000.0,5000.0,5000.0
period1,sc01,t1798,5000.0,5000.0,5000.0,5000.0
period1,sc01,t1799,5000.0,5000.0,5000.0,5000.0
period1,sc01,t1800,5000.0,5000.0,5000.0,5000.0
period1,sc01,t1801,5000.0,5000.0,5000.0,5000.0
period1,sc01,t1802,5000.0,5000.0,5000.0,5000.0
period1,sc01,t1803,5000.0,5000.0,5000.0,5000.0
period1,sc01,t1804,5000.0,5000.0,5000.0,5000.0
period1,sc01,t1805,5000.0,5000.0,5000.0,5000.0
period1,sc01,t1806,5000.0,5000.0,5000.0,5000.0
period1,sc01,t1807,5000.0,5000.0,5000.0,5000.0
period1,sc01,t1808,5000.0,5000.0,5000.0,5000.0
period1,sc01,t1809,5000.0,5000.0,5000.0,5000.0
period1,sc01,t1810,5000.0,5000.0,5000.0,5000.0
period1,sc01,t1811,5000.0,5000.0,5000.0,5000.0
period1,sc01,t1812,5000.0,5000.0,5000.0,5000.0
period1,sc01,t1813,5000.0,5000.0,5000.0,5000.0
period1,sc01,t1814,5000.0,5000.0,5000.0,5000.0
period1,sc01,t1815,5000.0,5000.0,5000.0,5000.0
period1,sc01,t1816,5000.0,5000.0,5000.0,5000.0
period1,sc01,t1817,5000.0,5000.0,5000.0,5000.0
period1,sc01,t1818,5000.0,5000.0,5000.0,5000.0
period1,sc01,t1819,5000.0,5000.0,5000.0,5000.0
period1,sc01,t1820,5000.0,5000.0,5000.0,5000.0
period1,sc01,t1821,5000.0,5000.0,5000.0,5000.0
period1,sc01,t1822,5000.0,5000.0,5000.0,5000.0
period1,sc01,t1823,5000.0,5000.0,5000.0,5000.0
period1,sc01,t1824,5000.0,5000.0,5000.0,5000.0
period1,sc01,t1825,5000.0,5000.0,5000.0,5000.0
period1,sc01,t1826,5000.0,5000.0,5000.0,5000.0
period1,sc01,t1827,5000.0,5000.0,5000.0,5000.0
period1,sc01,t1828,5000.0,5000.0,5000.0,5000.0
period1,sc01,t1829,5000.0,5000.0,5000.0,5000.0
period1,sc01,t1830,5000.0,5000.0,5000.0,5000.0
period1,sc01,t1831,5000.0,5000.0,5000.0,5000.0
period1,sc01,t1832,5000.0,5000.0,5000.0,5000.0
period1,sc01,t1833,5000.0,5000.0,5000.0,5000.0
period1,sc01,t1834,5000.0,5000.0,5000.0,5000.0
period1,sc01,t1835,5000.0,5000.0,5000.0,5000.0
period1,sc01,t1836,5000.0,5000.0,5000.0,5000.0
period1,sc01,t1837,5000.0,5000.0,5000.0,5000.0
period1,sc01,t1838,5000.0,5000.0,5000.0,5000.0
period1,sc01,t1839,5000.0,5000.0,5000.0,5000.0
period1,sc01,t1840,5000.0,5000.0,5000.0,5000.0
period1,sc01,t1841,5000.0,5000.0,5000.0,5000.0
period1,sc01,t1842,5000.0,5000.0,5000.0,5000.0
period1,sc01,t1843,5000.0,5000.0,5000.0,5000.0
period1,sc01,t1844,5000.0,5000.0,5000.0,5000.0
period1,sc01,t1845,5000.0,5000.0,5000.0,5000.0
period1,sc01,t1846,5000.0,5000.0,5000.0,5000.0
period1,sc01,t1847,5000.0,5000.0,5000.0,5000.0
period1,sc01,t1848,5000.0,5000.0,5000.0,5000.0
period1,sc01,t1849,5000.0,5000.0,5000.0,5000.0
period1,sc01,t1850,5000.0,5000.0,5000.0,5000.0
period1,sc01,t1851,5000.0,5000.0,5000.0,5000.0
period1,sc01,t1852,5000.0,5000.0,5000.0,5000.0
period1,sc01,t1853,5000.0,5000.0,5000.0,5000.0
period1,sc01,t1854,5000.0,5000.0,5000.0,5000.0
period1,sc01,t1855,5000.0,5000.0,5000.0,5000.0
period1,sc01,t1856,5000.0,5000.0,5000.0,5000.0
period1,sc01,t1857,5000.0,5000.0,5000.0,5000.0
period1,sc01,t1858,5000.0,5000.0,5000.0,5000.0
period1,sc01,t1859,5000.0,5000.0,5000.0,5000.0
period1,sc01,t1860,5000.0,5000.0,5000.0,5000.0
period1,sc01,t1861,5000.0,5000.0,5000.0,5000.0
period1,sc01,t1862,5000.0,5000.0,5000.0,5000.0
period1,sc01,t1863,5000.0,5000.0,5000.0,5000.0
period1,sc01,t1864,5000.0,5000.0,5000.0,5000.0
period1,sc01,t1865,5000.0,5000.0,5000.0,5000.0
period1,sc01,t1866,5000.0,5000.0,5000.0,5000.0
period1,sc01,t1867,5000.0,5000.0,5000.0,5000.0
period1,sc01,t1868,5000.0,5000.0,5000.0,5000.0
period1,sc01,t1869,5000.0,5000.0,5000.0,5000.0
period1,sc01,t1870,5000.0,5000.0,5000.0,5000.0
period1,sc01,t1871,5000.0,5000.0,5000.0,5000.0
period1,sc01,t1872,5000.0,5000.0,5000.0,5000.0
period1,sc01,t1873,5000.0,5000.0,5000.0,5000.0
period1,sc01,t1874,5000.0,5000.0,5000.0,5000.0
period1,sc01,t1875,5000.0,5000.0,5000.0,5000.0
period1,sc01,t1876,5000.0,5000.0,5000.0,5000.0
period1,sc01,t1877,5000.0,5000.0,5000.0,5000.0
period1,sc01,t1878,5000.0,5000.0,5000.0,5000.0
period1,sc01,t1879,5000.0,5000.0,5000.0,5000.0
period1,sc01,t1880,5000.0,5000.0,5000.0,5000.0
period1,sc01,t1881,5000.0,5000.0,5000.0,5000.0
period1,sc01,t1882,5000.0,5000.0,5000.0,5000.0
period1,sc01,t1883,5000.0,5000.0,5000.0,5000.0
period1,sc01,t1884,5000.0,5000.0,5000.0,5000.0
period1,sc01,t1885,5000.0,5000.0,5000.0,5000.0
period1,sc01,t1886,5000.0,5000.0,5000.0,5000.0
period1,sc01,t1887,5000.0,5000.0,5000.0,5000.0
period1,sc01,t1888,5000.0,5000.0,5000.0,5000.0
period1,sc01,t1889,5000.0,5000.0,5000.0,5000.0
period1,sc01,t1890,5000.0,5000.0,5000.0,5000.0
period1,sc01,t1891,5000.0,5000.0,5000.0,5000.0
period1,sc01,t1892,5000.0,5000.0,5000.0,5000.0
period1,sc01,t1893,5000.0,5000.0,5000.0,5000.0
period1,sc01,t1894,5000.0,5000.0,5000.0,5000.0
period1,sc01,t1895,5000.0,5000.0,5000.0,5000.0
period1,sc01,t1896,5000.0,5000.0,5000.0,5000.0
period1,sc01,t1897,5000.0,5000.0,5000.0,5000.0
period1,sc01,t1898,5000.0,5000.0,5000.0,5000.0
period1,sc01,t1899,5000.0,5000.0,5000.0,5000.0
period1,sc01,t1900,5000.0,5000.0,5000.0,5000.0
period1,sc01,t1901,5000.0,5000.0,5000.0,5000.0
period1,sc01,t1902,5000.0,5000.0,5000.0,5000.0
period1,sc01,t1903,5000.0,5000.0,5000.0,5000.0
period1,sc01,t1904,5000.0,5000.0,5000.0,5000.0
period1,sc01,t1905,5000.0,5000.0,5000.0,5000.0
period1,sc01,t1906,5000.0,5000.0,5000.0,5000.0
period1,sc01,t1907,5000.0,5000.0,5000.0,5000.0
period1,sc01,t1908,5000.0,5000.0,5000.0,5000.0
period1,sc01,t1909,5000.0,5000.0,5000.0,5000.0
period1,sc01,t1910,5000.0,5000.0,5000.0,5000.0
period1,sc01,t1911,5000.0,5000.0,5000.0,5000.0
period1,sc01,t1912,5000.0,5000.0,5000.0,5000.0
period1,sc01,t1913,5000.0,5000.0,5000.0,5000.0
period1,sc01,t1914,5000.0,5000.0,5000.0,5000.0
period1,sc01,t1915,5000.0,5000.0,5000.0,5000.0
period1,sc01,t1916,5000.0,5000.0,5000.0,5000.0
period1,sc01,t1917,5000.0,5000.0,5000.0,5000.0
period1,sc01,t1918,5000.0,5000.0,5000.0,5000.0
period1,sc01,t1919,5000.0,5000.0,5000.0,5000.0
period1,sc01,t1920,5000.0,5000.0,5000.0,5000.0
period1,sc01,t1921,5000.0,5000.0,5000.0,5000.0
period1,sc01,t1922,5000.0,5000.0,5000.0,5000.0
period1,sc01,t1923,5000.0,5000.0,5000.0,5000.0
period1,sc01,t1924,5000.0,5000.0,5000.0,5000.0
period1,sc01,t1925,5000.0,5000.0,5000.0,5000.0
period1,sc01,t1926,5000.0,5000.0,5000.0,5000.0
period1,sc01,t1927,5000.0,5000.0,5000.0,5000.0
period1,sc01,t1928,5000.0,5000.0,5000.0,5000.0
period1,sc01,t1929,5000.0,5000.0,5000.0,5000.0
period1,sc01,t1930,5000.0,5000.0,5000.0,5000.0
period1,sc01,t1931,5000.0,5000.0,5000.0,5000.0
period1,sc01,t1932,5000.0,5000.0,5000.0,5000.0
period1,sc01,t1933,5000.0,5000.0,5000.0,5000.0
period1,sc01,t1934,5000.0,5000.0,5000.0,5000.0
period1,sc01,t1935,5000.0,5000.0,5000.0,5000.0
period1,sc01,t1936,5000.0,5000.0,5000.0,5000.0
period1,sc01,t1937,5000.0,5000.0,5000.0,5000.0
period1,sc01,t1938,5000.0,5000.0,5000.0,5000.0
period1,sc01,t1939,5000.0,5000.0,5000.0,5000.0
period1,sc01,t1940,5000.0,5000.0,5000.0,5000.0
period1,sc01,t1941,5000.0,5000.0,5000.0,5000.0
period1,sc01,t1942,5000.0,5000.0,5000.0,5000.0
period1,sc01,t1943,5000.0,5000.0,5000.0,5000.0
period1,sc01,t1944,5000.0,5000.0,5000.0,5000.0
period1,sc01,t1945,5000.0,5000.0,5000.0,5000.0
period1,sc01,t1946,5000.0,5000.0,5000.0,5000.0
period1,sc01,t1947,5000.0,5000.0,5000.0,5000.0
period1,sc01,t1948,5000.0,5000.0,5000.0,5000.0
period1,sc01,t1949,5000.0,5000.0,5000.0,5000.0
period1,sc01,t1950,5000.0,5000.0,5000.0,5000.0
period1,sc01,t1951,5000.0,5000.0,5000.0,5000.0
period1,sc01,t1952,5000.0,5000.0,5000.0,5000.0
period1,sc01,t1953,5000.0,5000.0,5000.0,5000.0
period1,sc01,t1954,5000.0,5000.0,5000.0,5000.0
period1,sc01,t1955,5000.0,5000.0,5000.0,5000.0
period1,sc01,t1956,5000.0,5000.0,5000.0,5000.0
period1,sc01,t1957,5000.0,5000.0,5000.0,5000.0
period1,sc01,t1958,5000.0,5000.0,5000.0,5000.0
period1,sc01,t1959,5000.0,5000.0,5000.0,5000.0
period1,sc01,t1960,5000.0,5000.0,5000.0,5000.0
period1,sc01,t1961,5000.0,5000.0,5000.0,5000.0
period1,sc01,t1962,5000.0,5000.0,5000.0,5000.0
period1,sc01,t1963,5000.0,5000.0,5000.0,5000.0
period1,sc01,t1964,5000.0,5000.0,5000.0,5000.0
period1,sc01,t1965,5000.0,5000.0,5000.0,5000.0
period1,sc01,t1966,5000.0,5000.0,5000.0,5000.0
period1,sc01,t1967,5000.0,5000.0,5000.0,5000.0
period1,sc01,t1968,5000.0,5000.0,5000.0,5000.0
period1,sc01,t1969,5000.0,5000.0,5000.0,5000.0
period1,sc01,t1970,5000.0,5000.0,5000.0,5000.0
period1,sc01,t1971,5000.0,5000.0,5000.0,5000.0
period1,sc01,t1972,5000.0,5000.0,5000.0,5000.0
period1,sc01,t1973,5000.0,5000.0,5000.0,5000.0
period1,sc01,t1974,5000.0,5000.0,5000.0,5000.0
period1,sc01,t1975,5000.0,5000.0,5000.0,5000.0
period1,sc01,t1976,5000.0,5000.0,5000.0,5000.0
period1,sc01,t1977,5000.0,5000.0,5000.0,5000.0
period1,sc01,t1978,5000.0,5000.0,5000.0,5000.0
period1,sc01,t1979,5000.0,5000.0,5000.0,5000.0
period1,sc01,t1980,5000.0,5000.0,5000.0,5000.0
period1,sc01,t1981,5000.0,5000.0,5000.0,5000.0
period1,sc01,t1982,5000.0,5000.0,5000.0,5000.0
period1,sc01,t1983,5000.0,5000.0,5000.0,5000.0
period1,sc01,t1984,5000.0,5000.0,5000.0,5000.0
period1,sc01,t1985,5000.0,5000.0,5000.0,5000.0
period1,sc01,t1986,5000.0,5000.0,5000.0,5000.0
period1,sc01,t1987,5000.0,5000.0,5000.0,5000.0
period1,sc01,t1988,5000.0,5000.0,5000.0,5000.0
period1,sc01,t1989,5000.0,5000.0,5000.0,5000.0
period1,sc01,t1990,5000.0,5000.0,5000.0,5000.0
period1,sc01,t1991,5000.0,5000.0,5000.0,5000.0
period1,sc01,t1992,5000.0,5000.0,5000.0,5000.0
period1,sc01,t1993,5000.0,5000.0,5000.0,5000.0
period1,sc01,t1994,5000.0,5000.0,5000.0,5000.0
period1,sc01,t1995,5000.0,5000.0,5000.0,5000.0
period1,sc01,t1996,5000.0,5000.0,5000.0,5000.0
period1,sc01,t1997,5000.0,5000.0,5000.0,5000.0
period1,sc01,t1998,5000.0,5000.0,5000.0,5000.0
period1,sc01,t1999,5000.0,5000.0,5000.0,5000.0
period1,sc01,t2000,5000.0,5000.0,5000.0,5000.0
period1,sc01,t2001,5000.0,5000.0,5000.0,5000.0
period1,sc01,t2002,5000.0,5000.0,5000.0,5000.0
period1,sc01,t2003,5000.0,5000.0,5000.0,5000.0
period1,sc01,t2004,5000.0,5000.0,5000.0,5000.0
period1,sc01,t2005,5000.0,5000.0,5000.0,5000.0
period1,sc01,t2006,5000.0,5000.0,5000.0,5000.0
period1,sc01,t2007,5000.0,5000.0,5000.0,5000.0
period1,sc01,t2008,5000.0,5000.0,5000.0,5000.0
period1,sc01,t2009,5000.0,5000.0,5000.0,5000.0
period1,sc01,t2010,5000.0,5000.0,5000.0,5000.0
period1,sc01,t2011,5000.0,5000.0,5000.0,5000.0
period1,sc01,t2012,5000.0,5000.0,5000.0,5000.0
period1,sc01,t2013,5000.0,5000.0,5000.0,5000.0
period1,sc01,t2014,5000.0,5000.0,5000.0,5000.0
period1,sc01,t2015,5000.0,5000.0,5000.0,5000.0
period1,sc01,t2016,5000.0,5000.0,5000.0,5000.0
period1,sc01,t2017,5000.0,5000.0,5000.0,5000.0
period1,sc01,t2018,5000.0,5000.0,5000.0,5000.0
period1,sc01,t2019,5000.0,5000.0,5000.0,5000.0
period1,sc01,t2020,5000.0,5000.0,5000.0,5000.0
period1,sc01,t2021,5000.0,5000.0,5000.0,5000.0
period1,sc01,t2022,5000.0,5000.0,5000.0,5000.0
period1,sc01,t2023,5000.0,5000.0,5000.0,5000.0
period1,sc01,t2024,5000.0,5000.0,5000.0,5000.0
period1,sc01,t2025,5000.0,5000.0,5000.0,5000.0
period1,sc01,t2026,5000.0,5000.0,5000.0,5000.0
period1,sc01,t2027,5000.0,5000.0,5000.0,5000.0
period1,sc01,t2028,5000.0,5000.0,5000.0,5000.0
period1,sc01,t2029,5000.0,5000.0,5000.0,5000.0
period1,sc01,t2030,5000.0,5000.0,5000.0,5000.0
period1,sc01,t2031,5000.0,5000.0,5000.0,5000.0
period1,sc01,t2032,5000.0,5000.0,5000.0,5000.0
period1,sc01,t2033,5000.0,5000.0,5000.0,5000.0
period1,sc01,t2034,5000.0,5000.0,5000.0,5000.0
period1,sc01,t2035,5000.0,5000.0,5000.0,5000.0
period1,sc01,t2036,5000.0,5000.0,5000.0,5000.0
period1,sc01,t2037,5000.0,5000.0,5000.0,5000.0
period1,sc01,t2038,5000.0,5000.0,5000.0,5000.0
period1,sc01,t2039,5000.0,5000.0,5000.0,5000.0
period1,sc01,t2040,5000.0,5000.0,5000.0,5000.0
period1,sc01,t2041,5000.0,5000.0,5000.0,5000.0
period1,sc01,t2042,5000.0,5000.0,5000.0,5000.0
period1,sc01,t2043,5000.0,5000.0,5000.0,5000.0
period1,sc01,t2044,5000.0,5000.0,5000.0,5000.0
period1,sc01,t2045,5000.0,5000.0,5000.0,5000.0
period1,sc01,t2046,5000.0,5000.0,5000.0,5000.0
period1,sc01,t2047,5000.0,5000.0,5000.0,5000.0
period1,sc01,t2048,5000.0,5000.0,5000.0,5000.0
period1,sc01,t2049,5000.0,5000.0,5000.0,5000.0
period1,sc01,t2050,5000.0,5000.0,5000.0,5000.0
period1,sc01,t2051,5000.0,5000.0,5000.0,5000.0
period1,sc01,t2052,5000.0,5000.0,5000.0,5000.0
period1,sc01,t2053,5000.0,5000.0,5000.0,5000.0
period1,sc01,t2054,5000.0,5000.0,5000.0,5000.0
period1,sc01,t2055,5000.0,5000.0,5000.0,5000.0
period1,sc01,t2056,5000.0,5000.0,5000.0,5000.0
period1,sc01,t2057,5000.0,5000.0,5000.0,5000.0
period1,sc01,t2058,5000.0,5000.0,5000.0,5000.0
period1,sc01,t2059,5000.0,5000.0,5000.0,5000.0
period1,sc01,t2060,5000.0,5000.0,5000.0,5000.0
period1,sc01,t2061,5000.0,5000.0,5000.0,5000.0
period1,sc01,t2062,5000.0,5000.0,5000.0,5000.0
period1,sc01,t2063,5000.0,5000.0,5000.0,5000.0
period1,sc01,t2064,5000.0,5000.0,5000.0,5000.0
period1,sc01,t2065,5000.0,5000.0,5000.0,5000.0
period1,sc01,t2066,5000.0,5000.0,5000.0,5000.0
period1,sc01,t2067,5000.0,5000.0,5000.0,5000.0
period1,sc01,t2068,5000.0,5000.0,5000.0,5000.0
period1,sc01,t2069,5000.0,5000.0,5000.0,5000.0
period1,sc01,t2070,5000.0,5000.0,5000.0,5000.0
period1,sc01,t2071,5000.0,5000.0,5000.0,5000.0
period1,sc01,t2072,5000.0,5000.0,5000.0,5000.0
period1,sc01,t2073,5000.0,5000.0,5000.0,5000.0
period1,sc01,t2074,5000.0,5000.0,5000.0,5000.0
period1,sc01,t2075,5000.0,5000.0,5000.0,5000.0
period1,sc01,t2076,5000.0,5000.0,5000.0,5000.0
period1,sc01,t2077,5000.0,5000.0,5000.0,5000.0
period1,sc01,t2078,5000.0,5000.0,5000.0,5000.0
period1,sc01,t2079,5000.0,5000.0,5000.0,5000.0
period1,sc01,t2080,5000.0,5000.0,5000.0,5000.0
period1,sc01,t2081,5000.0,5000.0,5000.0,5000.0
period1,sc01,t2082,5000.0,5000.0,5000.0,5000.0
period1,sc01,t2083,5000.0,5000.0,5000.0,5000.0
period1,sc01,t2084,5000.0,5000.0,5000.0,5000.0
period1,sc01,t2085,5000.0,5000.0,5000.0,5000.0
period1,sc01,t2086,5000.0,5000.0,5000.0,5000.0
period1,sc01,t2087,5000.0,5000.0,5000.0,5000.0
period1,sc01,t2088,5000.0,5000.0,5000.0,5000.0
period1,sc01,t2089,5000.0,5000.0,5000.0,5000.0
period1,sc01,t2090,5000.0,5000.0,5000.0,5000.0
period1,sc01,t2091,5000.0,5000.0,5000.0,5000.0
period1,sc01,t2092,5000.0,5000.0,5000.0,5000.0
period1,sc01,t2093,5000.0,5000.0,5000.0,5000.0
period1,sc01,t2094,5000.0,5000.0,5000.0,5000.0
period1,sc01,t2095,5000.0,5000.0,5000.0,5000.0
period1,sc01,t2096,5000.0,5000.0,5000.0,5000.0
period1,sc01,t2097,5000.0,5000.0,5000.0,5000.0
period1,sc01,t2098,5000.0,5000.0,5000.0,5000.0
period1,sc01,t2099,5000.0,5000.0,5000.0,5000.0
period1,sc01,t2100,5000.0,5000.0,5000.0,5000.0
period1,sc01,t2101,5000.0,5000.0,5000.0,5000.0
period1,sc01,t2102,5000.0,5000.0,5000.0,5000.0
period1,sc01,t2103,5000.0,5000.0,5000.0,5000.0
period1,sc01,t2104,5000.0,5000.0,5000.0,5000.0
period1,sc01,t2105,5000.0,5000.0,5000.0,5000.0
period1,sc01,t2106,5000.0,5000.0,5000.0,5000.0
period1,sc01,t2107,5000.0,5000.0,5000.0,5000.0
period1,sc01,t2108,5000.0,5000.0,5000.0,5000.0
period1,sc01,t2109,5000.0,5000.0,5000.0,5000.0
period1,sc01,t2110,5000.0,5000.0,5000.0,5000.0
period1,sc01,t2111,5000.0,5000.0,5000.0,5000.0
period1,sc01,t2112,5000.0,5000.0,5000.0,5000.0
period1,sc01,t2113,5000.0,5000.0,5000.0,5000.0
period1,sc01,t2114,5000.0,5000.0,5000.0,5000.0
period1,sc01,t2115,5000.0,5000.0,5000.0,5000.0
period1,sc01,t2116,5000.0,5000.0,5000.0,5000.0
period1,sc01,t2117,5000.0,5000.0,5000.0,5000.0
period1,sc01,t2118,5000.0,5000.0,5000.0,5000.0
period1,sc01,t2119,5000.0,5000.0,5000.0,5000.0
period1,sc01,t2120,5000.0,5000.0,5000.0,5000.0
period1,sc01,t2121,5000.0,5000.0,5000.0,5000.0
period1,sc01,t2122,5000.0,5000.0,5000.0,5000.0
period1,sc01,t2123,5000.0,5000.0,5000.0,5000.0
period1,sc01,t2124,5000.0,5000.0,5000.0,5000.0
period1,sc01,t2125,5000.0,5000.0,5000.0,5000.0
period1,sc01,t2126,5000.0,5000.0,5000.0,5000.0
period1,sc01,t2127,5000.0,5000.0,5000.0,5000.0
period1,sc01,t2128,5000.0,5000.0,5000.0,5000.0
period1,sc01,t2129,5000.0,5000.0,5000.0,5000.0
period1,sc01,t2130,5000.0,5000.0,5000.0,5000.0
period1,sc01,t2131,5000.0,5000.0,5000.0,5000.0
period1,sc01,t2132,5000.0,5000.0,5000.0,5000.0
period1,sc01,t2133,5000.0,5000.0,5000.0,5000.0
period1,sc01,t2134,5000.0,5000.0,5000.0,5000.0
period1,sc01,t2135,5000.0,5000.0,5000.0,5000.0
period1,sc01,t2136,5000.0,5000.0,5000.0,5000.0
period1,sc01,t2137,5000.0,5000.0,5000.0,5000.0
period1,sc01,t2138,5000.0,5000.0,5000.0,5000.0
period1,sc01,t2139,5000.0,5000.0,5000.0,5000.0
period1,sc01,t2140,5000.0,5000.0,5000.0,5000.0
period1,sc01,t2141,5000.0,5000.0,5000.0,5000.0
period1,sc01,t2142,5000.0,5000.0,5000.0,5000.0
period1,sc01,t2143,5000.0,5000.0,5000.0,5000.0
period1,sc01,t2144,5000.0,5000.0,5000.0,5000.0
period1,sc01,t2145,5000.0,5000.0,5000.0,5000.0
period1,sc01,t2146,5000.0,5000.0,5000.0,5000.0
period1,sc01,t2147,5000.0,5000.0,5000.0,5000.0
period1,sc01,t2148,5000.0,5000.0,5000.0,5000.0
period1,sc01,t2149,5000.0,5000.0,5000.0,5000.0
period1,sc01,t2150,5000.0,5000.0,5000.0,5000.0
period1,sc01,t2151,5000.0,5000.0,5000.0,5000.0
period1,sc01,t2152,5000.0,5000.0,5000.0,5000.0
period1,sc01,t2153,5000.0,5000.0,5000.0,5000.0
period1,sc01,t2154,5000.0,5000.0,5000.0,5000.0
period1,sc01,t2155,5000.0,5000.0,5000.0,5000.0
period1,sc01,t2156,5000.0,5000.0,5000.0,5000.0
period1,sc01,t2157,5000.0,5000.0,5000.0,5000.0
period1,sc01,t2158,5000.0,5000.0,5000.0,5000.0
period1,sc01,t2159,5000.0,5000.0,5000.0,5000.0
period1,sc01,t2160,5000.0,5000.0,5000.0,5000.0
period1,sc01,t2161,5000.0,5000.0,5000.0,5000.0
period1,sc01,t2162,5000.0,5000.0,5000.0,5000.0
period1,sc01,t2163,5000.0,5000.0,5000.0,5000.0
period1,sc01,t2164,5000.0,5000.0,5000.0,5000.0
period1,sc01,t2165,5000.0,5000.0,5000.0,5000.0
period1,sc01,t2166,5000.0,5000.0,5000.0,5000.0
period1,sc01,t2167,5000.0,5000.0,5000.0,5000.0
period1,sc01,t2168,5000.0,5000.0,5000.0,5000.0
period1,sc01,t2169,5000.0,5000.0,5000.0,5000.0
period1,sc01,t2170,5000.0,5000.0,5000.0,5000.0
period1,sc01,t2171,5000.0,5000.0,5000.0,5000.0
period1,sc01,t2172,5000.0,5000.0,5000.0,5000.0
period1,sc01,t2173,5000.0,5000.0,5000.0,5000.0
period1,sc01,t2174,5000.0,5000.0,5000.0,5000.0
period1,sc01,t2175,5000.0,5000.0,5000.0,5000.0
period1,sc01,t2176,5000.0,5000.0,5000.0,5000.0
period1,sc01,t2177,5000.0,5000.0,5000.0,5000.0
period1,sc01,t2178,5000.0,5000.0,5000.0,5000.0
period1,sc01,t2179,5000.0,5000.0,5000.0,5000.0
period1,sc01,t2180,5000.0,5000.0,5000.0,5000.0
period1,sc01,t2181,5000.0,5000.0,5000.0,5000.0
period1,sc01,t2182,5000.0,5000.0,5000.0,5000.0
period1,sc01,t2183,5000.0,5000.0,5000.0,5000.0
period1,sc01,t2184,5000.0,5000.0,5000.0,5000.0
period1,sc01,t2185,5000.0,5000.0,5000.0,5000.0
period1,sc01,t2186,5000.0,5000.0,5000.0,5000.0
period1,sc01,t2187,5000.0,5000.0,5000.0,5000.0
period1,sc01,t2188,5000.0,5000.0,5000.0,5000.0
period1,sc01,t2189,5000.0,5000.0,5000.0,5000.0
period1,sc01,t2190,5000.0,5000.0,5000.0,5000.0
period1,sc01,t2191,5000.0,5000.0,5000.0,5000.0
period1,sc01,t2192,5000.0,5000.0,5000.0,5000.0
period1,sc01,t2193,5000.0,5000.0,5000.0,5000.0
period1,sc01,t2194,5000.0,5000.0,5000.0,5000.0
period1,sc01,t2195,5000.0,5000.0,5000.0,5000.0
period1,sc01,t2196,5000.0,5000.0,5000.0,5000.0
period1,sc01,t2197,5000.0,5000.0,5000.0,5000.0
period1,sc01,t2198,5000.0,5000.0,5000.0,5000.0
period1,sc01,t2199,5000.0,5000.0,5000.0,5000.0
period1,sc01,t2200,5000.0,5000.0,5000.0,5000.0
period1,sc01,t2201,5000.0,5000.0,5000.0,5000.0
period1,sc01,t2202,5000.0,5000.0,5000.0,5000.0
period1,sc01,t2203,5000.0,5000.0,5000.0,5000.0
period1,sc01,t2204,5000.0,5000.0,5000.0,5000.0
period1,sc01,t2205,5000.0,5000.0,5000.0,5000.0
period1,sc01,t2206,5000.0,5000.0,5000.0,5000.0
period1,sc01,t2207,5000.0,5000.0,5000.0,5000.0
period1,sc01,t2208,5000.0,5000.0,5000.0,5000.0
period1,sc01,t2209,5000.0,5000.0,5000.0,5000.0
period1,sc01,t2210,5000.0,5000.0,5000.0,5000.0
period1,sc01,t2211,5000.0,5000.0,5000.0,5000.0
period1,sc01,t2212,5000.0,5000.0,5000.0,5000.0
period1,sc01,t2213,5000.0,5000.0,5000.0,5000.0
period1,sc01,t2214,5000.0,5000.0,5000.0,5000.0
period1,sc01,t2215,5000.0,5000.0,5000.0,5000.0
period1,sc01,t2216,5000.0,5000.0,5000.0,5000.0
period1,sc01,t2217,5000.0,5000.0,5000.0,5000.0
period1,sc01,t2218,5000.0,5000.0,5000.0,5000.0
period1,sc01,t2219,5000.0,5000.0,5000.0,5000.0
period1,sc01,t2220,5000.0,5000.0,5000.0,5000.0
period1,sc01,t2221,5000.0,5000.0,5000.0,5000.0
period1,sc01,t2222,5000.0,5000.0,5000.0,5000.0
period1,sc01,t2223,5000.0,5000.0,5000.0,5000.0
period1,sc01,t2224,5000.0,5000.0,5000.0,5000.0
period1,sc01,t2225,5000.0,5000.0,5000.0,5000.0
period1,sc01,t2226,5000.0,5000.0,5000.0,5000.0
period1,sc01,t2227,5000.0,5000.0,5000.0,5000.0
period1,sc01,t2228,5000.0,5000.0,5000.0,5000.0
period1,sc01,t2229,5000.0,5000.0,5000.0,5000.0
period1,sc01,t2230,5000.0,5000.0,5000.0,5000.0
period1,sc01,t2231,5000.0,5000.0,5000.0,5000.0
period1,sc01,t2232,5000.0,5000.0,5000.0,5000.0
period1,sc01,t2233,5000.0,5000.0,5000.0,5000.0
period1,sc01,t2234,5000.0,5000.0,5000.0,5000.0
period1,sc01,t2235,5000.0,5000.0,5000.0,5000.0
period1,sc01,t2236,5000.0,5000.0,5000.0,5000.0
period1,sc01,t2237,5000.0,5000.0,5000.0,5000.0
period1,sc01,t2238,5000.0,5000.0,5000.0,5000.0
period1,sc01,t2239,5000.0,5000.0,5000.0,5000.0
period1,sc01,t2240,5000.0,5000.0,5000.0,5000.0
period1,sc01,t2241,5000.0,5000.0,5000.0,5000.0
period1,sc01,t2242,5000.0,5000.0,5000.0,5000.0
period1,sc01,t2243,5000.0,5000.0,5000.0,5000.0
period1,sc01,t2244,5000.0,5000.0,5000.0,5000.0
period1,sc01,t2245,5000.0,5000.0,5000.0,5000.0
period1,sc01,t2246,5000.0,5000.0,5000.0,5000.0
period1,sc01,t2247,5000.0,5000.0,5000.0,5000.0
period1,sc01,t2248,5000.0,5000.0,5000.0,5000.0
period1,sc01,t2249,5000.0,5000.0,5000.0,5000.0
period1,sc01,t2250,5000.0,5000.0,5000.0,5000.0
period1,sc01,t2251,5000.0,5000.0,5000.0,5000.0
period1,sc01,t2252,5000.0,5000.0,5000.0,5000.0
period1,sc01,t2253,5000.0,5000.0,5000.0,5000.0
period1,sc01,t2254,5000.0,5000.0,5000.0,5000.0
period1,sc01,t2255,5000.0,5000.0,5000.0,5000.0
period1,sc01,t2256,5000.0,5000.0,5000.0,5000.0
period1,sc01,t2257,5000.0,5000.0,5000.0,5000.0
period1,sc01,t2258,5000.0,5000.0,5000.0,5000.0
period1,sc01,t2259,5000.0,5000.0,5000.0,5000.0
period1,sc01,t2260,5000.0,5000.0,5000.0,5000.0
period1,sc01,t2261,5000.0,5000.0,5000.0,5000.0
period1,sc01,t2262,5000.0,5000.0,5000.0,5000.0
period1,sc01,t2263,5000.0,5000.0,5000.0,5000.0
period1,sc01,t2264,5000.0,5000.0,5000.0,5000.0
period1,sc01,t2265,5000.0,5000.0,5000.0,5000.0
period1,sc01,t2266,5000.0,5000.0,5000.0,5000.0
period1,sc01,t2267,5000.0,5000.0,5000.0,5000.0
period1,sc01,t2268,5000.0,5000.0,5000.0,5000.0
period1,sc01,t2269,5000.0,5000.0,5000.0,5000.0
period1,sc01,t2270,5000.0,5000.0,5000.0,5000.0
period1,sc01,t2271,5000.0,5000.0,5000.0,5000.0
period1,sc01,t2272,5000.0,5000.0,5000.0,5000.0
period1,sc01,t2273,5000.0,5000.0,5000.0,5000.0
period1,sc01,t2274,5000.0,5000.0,5000.0,5000.0
period1,sc01,t2275,5000.0,5000.0,5000.0,5000.0
period1,sc01,t2276,5000.0,5000.0,5000.0,5000.0
period1,sc01,t2277,5000.0,5000.0,5000.0,5000.0
period1,sc01,t2278,5000.0,5000.0,5000.0,5000.0
period1,sc01,t2279,5000.0,5000.0,5000.0,5000.0
period1,sc01,t2280,5000.0,5000.0,5000.0,5000.0
period1,sc01,t2281,5000.0,5000.0,5000.0,5000.0
period1,sc01,t2282,5000.0,5000.0,5000.0,5000.0
period1,sc01,t2283,5000.0,5000.0,5000.0,5000.0
period1,sc01,t2284,5000.0,5000.0,5000.0,5000.0
period1,sc01,t2285,5000.0,5000.0,5000.0,5000.0
period1,sc01,t2286,5000.0,5000.0,5000.0,5000.0
period1,sc01,t2287,5000.0,5000.0,5000.0,5000.0
period1,sc01,t2288,5000.0,5000.0,5000.0,5000.0
period1,sc01,t2289,5000.0,5000.0,5000.0,5000.0
period1,sc01,t2290,5000.0,5000.0,5000.0,5000.0
period1,sc01,t2291,5000.0,5000.0,5000.0,5000.0
period1,sc01,t2292,5000.0,5000.0,5000.0,5000.0
period1,sc01,t2293,5000.0,5000.0,5000.0,5000.0
period1,sc01,t2294,5000.0,5000.0,5000.0,5000.0
period1,sc01,t2295,5000.0,5000.0,5000.0,5000.0
period1,sc01,t2296,5000.0,5000.0,5000.0,5000.0
period1,sc01,t2297,5000.0,5000.0,5000.0,5000.0
period1,sc01,t2298,5000.0,5000.0,5000.0,5000.0
period1,sc01,t2299,5000.0,5000.0,5000.0,5000.0
period1,sc01,t2300,5000.0,5000.0,5000.0,5000.0
period1,sc01,t2301,5000.0,5000.0,5000.0,5000.0
period1,sc01,t2302,5000.0,5000.0,5000.0,5000.0
period1,sc01,t2303,5000.0,5000.0,5000.0,5000.0
period1,sc01,t2304,5000.0,5000.0,5000.0,5000.0
period1,sc01,t2305,5000.0,5000.0,5000.0,5000.0
period1,sc01,t2306,5000.0,5000.0,5000.0,5000.0
period1,sc01,t2307,5000.0,5000.0,5000.0,5000.0
period1,sc01,t2308,5000.0,5000.0,5000.0,5000.0
period1,sc01,t2309,5000.0,5000.0,5000.0,5000.0
period1,sc01,t2310,5000.0,5000.0,5000.0,5000.0
period1,sc01,t2311,5000.0,5000.0,5000.0,5000.0
period1,sc01,t2312,5000.0,5000.0,5000.0,5000.0
period1,sc01,t2313,5000.0,5000.0,5000.0,5000.0
period1,sc01,t2314,5000.0,5000.0,5000.0,5000.0
period1,sc01,t2315,5000.0,5000.0,5000.0,5000.0
period1,sc01,t2316,5000.0,5000.0,5000.0,5000.0
period1,sc01,t2317,5000.0,5000.0,5000.0,5000.0
period1,sc01,t2318,5000.0,5000.0,5000.0,5000.0
period1,sc01,t2319,5000.0,5000.0,5000.0,5000.0
period1,sc01,t2320,5000.0,5000.0,5000.0,5000.0
period1,sc01,t2321,5000.0,5000.0,5000.0,5000.0
period1,sc01,t2322,5000.0,5000.0,5000.0,5000.0
period1,sc01,t2323,5000.0,5000.0,5000.0,5000.0
period1,sc01,t2324,5000.0,5000.0,5000.0,5000.0
period1,sc01,t2325,5000.0,5000.0,5000.0,5000.0
period1,sc01,t2326,5000.0,5000.0,5000.0,5000.0
period1,sc01,t2327,5000.0,5000.0,5000.0,5000.0
period1,sc01,t2328,5000.0,5000.0,5000.0,5000.0
period1,sc01,t2329,5000.0,5000.0,5000.0,5000.0
period1,sc01,t2330,5000.0,5000.0,5000.0,5000.0
period1,sc01,t2331,5000.0,5000.0,5000.0,5000.0
period1,sc01,t2332,5000.0,5000.0,5000.0,5000.0
period1,sc01,t2333,5000.0,5000.0,5000.0,5000.0
period1,sc01,t2334,5000.0,5000.0,5000.0,5000.0
period1,sc01,t2335,5000.0,5000.0,5000.0,5000.0
period1,sc01,t2336,5000.0,5000.0,5000.0,5000.0
period1,sc01,t2337,5000.0,5000.0,5000.0,5000.0
period1,sc01,t2338,5000.0,5000.0,5000.0,5000.0
period1,sc01,t2339,5000.0,5000.0,5000.0,5000.0
period1,sc01,t2340,5000.0,5000.0,5000.0,5000.0
period1,sc01,t2341,5000.0,5000.0,5000.0,5000.0
period1,sc01,t2342,5000.0,5000.0,5000.0,5000.0
period1,sc01,t2343,5000.0,5000.0,5000.0,5000.0
period1,sc01,t2344,5000.0,5000.0,5000.0,5000.0
period1,sc01,t2345,5000.0,5000.0,5000.0,5000.0
period1,sc01,t2346,5000.0,5000.0,5000.0,5000.0
period1,sc01,t2347,5000.0,5000.0,5000.0,5000.0
period1,sc01,t2348,5000.0,5000.0,5000.0,5000.0
period1,sc01,t2349,5000.0,5000.0,5000.0,5000.0
period1,sc01,t2350,5000.0,5000.0,5000.0,5000.0
period1,sc01,t2351,5000.0,5000.0,5000.0,5000.0
period1,sc01,t2352,5000.0,5000.0,5000.0,5000.0
period1,sc01,t2353,5000.0,5000.0,5000.0,5000.0
period1,sc01,t2354,5000.0,5000.0,5000.0,5000.0
period1,sc01,t2355,5000.0,5000.0,5000.0,5000.0
period1,sc01,t2356,5000.0,5000.0,5000.0,5000.0
period1,sc01,t2357,5000.0,5000.0,5000.0,5000.0
period1,sc01,t2358,5000.0,5000.0,5000.0,5000.0
period1,sc01,t2359,5000.0,5000.0,5000.0,5000.0
period1,sc01,t2360,5000.0,5000.0,5000.0,5000.0
period1,sc01,t2361,5000.0,5000.0,5000.0,5000.0
period1,sc01,t2362,5000.0,5000.0,5000.0,5000.0
period1,sc01,t2363,5000.0,5000.0,5000.0,5000.0
period1,sc01,t2364,5000.0,5000.0,5000.0,5000.0
period1,sc01,t2365,5000.0,5000.0,5000.0,5000.0
period1,sc01,t2366,5000.0,5000.0,5000.0,5000.0
period1,sc01,t2367,5000.0,5000.0,5000.0,5000.0
period1,sc01,t2368,5000.0,5000.0,5000.0,5000.0
period1,sc01,t2369,5000.0,5000.0,5000.0,5000.0
period1,sc01,t2370,5000.0,5000.0,5000.0,5000.0
period1,sc01,t2371,5000.0,5000.0,5000.0,5000.0
period1,sc01,t2372,5000.0,5000.0,5000.0,5000.0
period1,sc01,t2373,5000.0,5000.0,5000.0,5000.0
period1,sc01,t2374,5000.0,5000.0,5000.0,5000.0
period1,sc01,t2375,5000.0,5000.0,5000.0,5000.0
period1,sc01,t2376,5000.0,5000.0,5000.0,5000.0
period1,sc01,t2377,5000.0,5000.0,5000.0,5000.0
period1,sc01,t2378,5000.0,5000.0,5000.0,5000.0
period1,sc01,t2379,5000.0,5000.0,5000.0,5000.0
period1,sc01,t2380,5000.0,5000.0,5000.0,5000.0
period1,sc01,t2381,5000.0,5000.0,5000.0,5000.0
period1,sc01,t2382,5000.0,5000.0,5000.0,5000.0
period1,sc01,t2383,5000.0,5000.0,5000.0,5000.0
period1,sc01,t2384,5000.0,5000.0,5000.0,5000.0
period1,sc01,t2385,5000.0,5000.0,5000.0,5000.0
period1,sc01,t2386,5000.0,5000.0,5000.0,5000.0
period1,sc01,t2387,5000.0,5000.0,5000.0,5000.0
period1,sc01,t2388,5000.0,5000.0,5000.0,5000.0
period1,sc01,t2389,5000.0,5000.0,5000.0,5000.0
period1,sc01,t2390,5000.0,5000.0,5000.0,5000.0
period1,sc01,t2391,5000.0,5000.0,5000.0,5000.0
period1,sc01,t2392,5000.0,5000.0,5000.0,5000.0
period1,sc01,t2393,5000.0,5000.0,5000.0,5000.0
period1,sc01,t2394,5000.0,5000.0,5000.0,5000.0
period1,sc01,t2395,5000.0,5000.0,5000.0,5000.0
period1,sc01,t2396,5000.0,5000.0,5000.0,5000.0
period1,sc01,t2397,5000.0,5000.0,5000.0,5000.0
period1,sc01,t2398,5000.0,5000.0,5000.0,5000.0
period1,sc01,t2399,5000.0,5000.0,5000.0,5000.0
period1,sc01,t2400,5000.0,5000.0,5000.0,5000.0
period1,sc01,t2401,5000.0,5000.0,5000.0,5000.0
period1,sc01,t2402,5000.0,5000.0,5000.0,5000.0
period1,sc01,t2403,5000.0,5000.0,5000.0,5000.0
period1,sc01,t2404,5000.0,5000.0,5000.0,5000.0
period1,sc01,t2405,5000.0,5000.0,5000.0,5000.0
period1,sc01,t2406,5000.0,5000.0,5000.0,5000.0
period1,sc01,t2407,5000.0,5000.0,5000.0,5000.0
period1,sc01,t2408,5000.0,5000.0,5000.0,5000.0
period1,sc01,t2409,5000.0,5000.0,5000.0,5000.0
period1,sc01,t2410,5000.0,5000.0,5000.0,5000.0
period1,sc01,t2411,5000.0,5000.0,5000.0,5000.0
period1,sc01,t2412,5000.0,5000.0,5000.0,5000.0
period1,sc01,t2413,5000.0,5000.0,5000.0,5000.0
period1,sc01,t2414,5000.0,5000.0,5000.0,5000.0
period1,sc01,t2415,5000.0,5000.0,5000.0,5000.0
period1,sc01,t2416,5000.0,5000.0,5000.0,5000.0
period1,sc01,t2417,5000.0,5000.0,5000.0,5000.0
period1,sc01,t2418,5000.0,5000.0,5000.0,5000.0
period1,sc01,t2419,5000.0,5000.0,5000.0,5000.0
period1,sc01,t2420,5000.0,5000.0,5000.0,5000.0
period1,sc01,t2421,5000.0,5000.0,5000.0,5000.0
period1,sc01,t2422,5000.0,5000.0,5000.0,5000.0
period1,sc01,t2423,5000.0,5000.0,5000.0,5000.0
period1,sc01,t2424,5000.0,5000.0,5000.0,5000.0
period1,sc01,t2425,5000.0,5000.0,5000.0,5000.0
period1,sc01,t2426,5000.0,5000.0,5000.0,5000.0
period1,sc01,t2427,5000.0,5000.0,5000.0,5000.0
period1,sc01,t2428,5000.0,5000.0,5000.0,5000.0
period1,sc01,t2429,5000.0,5000.0,5000.0,5000.0
period1,sc01,t2430,5000.0,5000.0,5000.0,5000.0
period1,sc01,t2431,5000.0,5000.0,5000.0,5000.0
period1,sc01,t2432,5000.0,5000.0,5000.0,5000.0
period1,sc01,t2433,5000.0,5000.0,5000.0,5000.0
period1,sc01,t2434,5000.0,5000.0,5000.0,5000.0
period1,sc01,t2435,5000.0,5000.0,5000.0,5000.0
period1,sc01,t2436,5000.0,5000.0,5000.0,5000.0
period1,sc01,t2437,5000.0,5000.0,5000.0,5000.0
period1,sc01,t2438,5000.0,5000.0,5000.0,5000.0
period1,sc01,t2439,5000.0,5000.0,5000.0,5000.0
period1,sc01,t2440,5000.0,5000.0,5000.0,5000.0
period1,sc01,t2441,5000.0,5000.0,5000.0,5000.0
period1,sc01,t2442,5000.0,5000.0,5000.0,5000.0
period1,sc01,t2443,5000.0,5000.0,5000.0,5000.0
period1,sc01,t2444,5000.0,5000.0,5000.0,5000.0
period1,sc01,t2445,5000.0,5000.0,5000.0,5000.0
period1,sc01,t2446,5000.0,5000.0,5000.0,5000.0
period1,sc01,t2447,5000.0,5000.0,5000.0,5000.0
period1,sc01,t2448,5000.0,5000.0,5000.0,5000.0
period1,sc01,t2449,5000.0,5000.0,5000.0,5000.0
period1,sc01,t2450,5000.0,5000.0,5000.0,5000.0
period1,sc01,t2451,5000.0,5000.0,5000.0,5000.0
period1,sc01,t2452,5000.0,5000.0,5000.0,5000.0
period1,sc01,t2453,5000.0,5000.0,5000.0,5000.0
period1,sc01,t2454,5000.0,5000.0,5000.0,5000.0
period1,sc01,t2455,5000.0,5000.0,5000.0,5000.0
period1,sc01,t2456,5000.0,5000.0,5000.0,5000.0
period1,sc01,t2457,5000.0,5000.0,5000.0,5000.0
period1,sc01,t2458,5000.0,5000.0,5000.0,5000.0
period1,sc01,t2459,5000.0,5000.0,5000.0,5000.0
period1,sc01,t2460,5000.0,5000.0,5000.0,5000.0
period1,sc01,t2461,5000.0,5000.0,5000.0,5000.0
period1,sc01,t2462,5000.0,5000.0,5000.0,5000.0
period1,sc01,t2463,5000.0,5000.0,5000.0,5000.0
period1,sc01,t2464,5000.0,5000.0,5000.0,5000.0
period1,sc01,t2465,5000.0,5000.0,5000.0,5000.0
period1,sc01,t2466,5000.0,5000.0,5000.0,5000.0
period1,sc01,t2467,5000.0,5000.0,5000.0,5000.0
period1,sc01,t2468,5000.0,5000.0,5000.0,5000.0
period1,sc01,t2469,5000.0,5000.0,5000.0,5000.0
period1,sc01,t2470,5000.0,5000.0,5000.0,5000.0
period1,sc01,t2471,5000.0,5000.0,5000.0,5000.0
period1,sc01,t2472,5000.0,5000.0,5000.0,5000.0
period1,sc01,t2473,5000.0,5000.0,5000.0,5000.0
period1,sc01,t2474,5000.0,5000.0,5000.0,5000.0
period1,sc01,t2475,5000.0,5000.0,5000.0,5000.0
period1,sc01,t2476,5000.0,5000.0,5000.0,5000.0
period1,sc01,t2477,5000.0,5000.0,5000.0,5000.0
period1,sc01,t2478,5000.0,5000.0,5000.0,5000.0
period1,sc01,t2479,5000.0,5000.0,5000.0,5000.0
period1,sc01,t2480,5000.0,5000.0,5000.0,5000.0
period1,sc01,t2481,5000.0,5000.0,5000.0,5000.0
period1,sc01,t2482,5000.0,5000.0,5000.0,5000.0
period1,sc01,t2483,5000.0,5000.0,5000.0,5000.0
period1,sc01,t2484,5000.0,5000.0,5000.0,5000.0
period1,sc01,t2485,5000.0,5000.0,5000.0,5000.0
period1,sc01,t2486,5000.0,5000.0,5000.0,5000.0
period1,sc01,t2487,5000.0,5000.0,5000.0,5000.0
period1,sc01,t2488,5000.0,5000.0,5000.0,5000.0
period1,sc01,t2489,5000.0,5000.0,5000.0,5000.0
period1,sc01,t2490,5000.0,5000.0,5000.0,5000.0
period1,sc01,t2491,5000.0,5000.0,5000.0,5000.0
period1,sc01,t2492,5000.0,5000.0,5000.0,5000.0
period1,sc01,t2493,5000.0,5000.0,5000.0,5000.0
period1,sc01,t2494,5000.0,5000.0,5000.0,5000.0
period1,sc01,t2495,5000.0,5000.0,5000.0,5000.0
period1,sc01,t2496,5000.0,5000.0,5000.0,5000.0
period1,sc01,t2497,5000.0,5000.0,5000.0,5000.0
period1,sc01,t2498,5000.0,5000.0,5000.0,5000.0
period1,sc01,t2499,5000.0,5000.0,5000.0,5000.0
period1,sc01,t2500,5000.0,5000.0,5000.0,5000.0
period1,sc01,t2501,5000.0,5000.0,5000.0,5000.0
period1,sc01,t2502,5000.0,5000.0,5000.0,5000.0
period1,sc01,t2503,5000.0,5000.0,5000.0,5000.0
period1,sc01,t2504,5000.0,5000.0,5000.0,5000.0
period1,sc01,t2505,5000.0,5000.0,5000.0,5000.0
period1,sc01,t2506,5000.0,5000.0,5000.0,5000.0
period1,sc01,t2507,5000.0,5000.0,5000.0,5000.0
period1,sc01,t2508,5000.0,5000.0,5000.0,5000.0
period1,sc01,t2509,5000.0,5000.0,5000.0,5000.0
period1,sc01,t2510,5000.0,5000.0,5000.0,5000.0
period1,sc01,t2511,5000.0,5000.0,5000.0,5000.0
period1,sc01,t2512,5000.0,5000.0,5000.0,5000.0
period1,sc01,t2513,5000.0,5000.0,5000.0,5000.0
period1,sc01,t2514,5000.0,5000.0,5000.0,5000.0
period1,sc01,t2515,5000.0,5000.0,5000.0,5000.0
period1,sc01,t2516,5000.0,5000.0,5000.0,5000.0
period1,sc01,t2517,5000.0,5000.0,5000.0,5000.0
period1,sc01,t2518,5000.0,5000.0,5000.0,5000.0
period1,sc01,t2519,5000.0,5000.0,5000.0,5000.0
period1,sc01,t2520,5000.0,5000.0,5000.0,5000.0
period1,sc01,t2521,5000.0,5000.0,5000.0,5000.0
period1,sc01,t2522,5000.0,5000.0,5000.0,5000.0
period1,sc01,t2523,5000.0,5000.0,5000.0,5000.0
period1,sc01,t2524,5000.0,5000.0,5000.0,5000.0
period1,sc01,t2525,5000.0,5000.0,5000.0,5000.0
period1,sc01,t2526,5000.0,5000.0,5000.0,5000.0
period1,sc01,t2527,5000.0,5000.0,5000.0,5000.0
period1,sc01,t2528,5000.0,5000.0,5000.0,5000.0
period1,sc01,t2529,5000.0,5000.0,5000.0,5000.0
period1,sc01,t2530,5000.0,5000.0,5000.0,5000.0
period1,sc01,t2531,5000.0,5000.0,5000.0,5000.0
period1,sc01,t2532,5000.0,5000.0,5000.0,5000.0
period1,sc01,t2533,5000.0,5000.0,5000.0,5000.0
period1,sc01,t2534,5000.0,5000.0,5000.0,5000.0
period1,sc01,t2535,5000.0,5000.0,5000.0,5000.0
period1,sc01,t2536,5000.0,5000.0,5000.0,5000.0
period1,sc01,t2537,5000.0,5000.0,5000.0,5000.0
period1,sc01,t2538,5000.0,5000.0,5000.0,5000.0
period1,sc01,t2539,5000.0,5000.0,5000.0,5000.0
period1,sc01,t2540,5000.0,5000.0,5000.0,5000.0
period1,sc01,t2541,5000.0,5000.0,5000.0,5000.0
period1,sc01,t2542,5000.0,5000.0,5000.0,5000.0
period1,sc01,t2543,5000.0,5000.0,5000.0,5000.0
period1,sc01,t2544,5000.0,5000.0,5000.0,5000.0
period1,sc01,t2545,5000.0,5000.0,5000.0,5000.0
period1,sc01,t2546,5000.0,5000.0,5000.0,5000.0
period1,sc01,t2547,5000.0,5000.0,5000.0,5000.0
period1,sc01,t2548,5000.0,5000.0,5000.0,5000.0
period1,sc01,t2549,5000.0,5000.0,5000.0,5000.0
period1,sc01,t2550,5000.0,5000.0,5000.0,5000.0
period1,sc01,t2551,5000.0,5000.0,5000.0,5000.0
period1,sc01,t2552,5000.0,5000.0,5000.0,5000.0
period1,sc01,t2553,5000.0,5000.0,5000.0,5000.0
period1,sc01,t2554,5000.0,5000.0,5000.0,5000.0
period1,sc01,t2555,5000.0,5000.0,5000.0,5000.0
period1,sc01,t2556,5000.0,5000.0,5000.0,5000.0
period1,sc01,t2557,5000.0,5000.0,5000.0,5000.0
period1,sc01,t2558,5000.0,5000.0,5000.0,5000.0
period1,sc01,t2559,5000.0,5000.0,5000.0,5000.0
period1,sc01,t2560,5000.0,5000.0,5000.0,5000.0
period1,sc01,t2561,5000.0,5000.0,5000.0,5000.0
period1,sc01,t2562,5000.0,5000.0,5000.0,5000.0
period1,sc01,t2563,5000.0,5000.0,5000.0,5000.0
period1,sc01,t2564,5000.0,5000.0,5000.0,5000.0
period1,sc01,t2565,5000.0,5000.0,5000.0,5000.0
period1,sc01,t2566,5000.0,5000.0,5000.0,5000.0
period1,sc01,t2567,5000.0,5000.0,5000.0,5000.0
period1,sc01,t2568,5000.0,5000.0,5000.0,5000.0
period1,sc01,t2569,5000.0,5000.0,5000.0,5000.0
period1,sc01,t2570,5000.0,5000.0,5000.0,5000.0
period1,sc01,t2571,5000.0,5000.0,5000.0,5000.0
period1,sc01,t2572,5000.0,5000.0,5000.0,5000.0
period1,sc01,t2573,5000.0,5000.0,5000.0,5000.0
period1,sc01,t2574,5000.0,5000.0,5000.0,5000.0
period1,sc01,t2575,5000.0,5000.0,5000.0,5000.0
period1,sc01,t2576,5000.0,5000.0,5000.0,5000.0
period1,sc01,t2577,5000.0,5000.0,5000.0,5000.0
period1,sc01,t2578,5000.0,5000.0,5000.0,5000.0
period1,sc01,t2579,5000.0,5000.0,5000.0,5000.0
period1,sc01,t2580,5000.0,5000.0,5000.0,5000.0
period1,sc01,t2581,5000.0,5000.0,5000.0,5000.0
period1,sc01,t2582,5000.0,5000.0,5000.0,5000.0
period1,sc01,t2583,5000.0,5000.0,5000.0,5000.0
period1,sc01,t2584,5000.0,5000.0,5000.0,5000.0
period1,sc01,t2585,5000.0,5000.0,5000.0,5000.0
period1,sc01,t2586,5000.0,5000.0,5000.0,5000.0
period1,sc01,t2587,5000.0,5000.0,5000.0,5000.0
period1,sc01,t2588,5000.0,5000.0,5000.0,5000.0
period1,sc01,t2589,5000.0,5000.0,5000.0,5000.0
period1,sc01,t2590,5000.0,5000.0,5000.0,5000.0
period1,sc01,t2591,5000.0,5000.0,5000.0,5000.0
period1,sc01,t2592,5000.0,5000.0,5000.0,5000.0
period1,sc01,t2593,5000.0,5000.0,5000.0,5000.0
period1,sc01,t2594,5000.0,5000.0,5000.0,5000.0
period1,sc01,t2595,5000.0,5000.0,5000.0,5000.0
period1,sc01,t2596,5000.0,5000.0,5000.0,5000.0
period1,sc01,t2597,5000.0,5000.0,5000.0,5000.0
period1,sc01,t2598,5000.0,5000.0,5000.0,5000.0
period1,sc01,t2599,5000.0,5000.0,5000.0,5000.0
period1,sc01,t2600,5000.0,5000.0,5000.0,5000.0
period1,sc01,t2601,5000.0,5000.0,5000.0,5000.0
period1,sc01,t2602,5000.0,5000.0,5000.0,5000.0
period1,sc01,t2603,5000.0,5000.0,5000.0,5000.0
period1,sc01,t2604,5000.0,5000.0,5000.0,5000.0
period1,sc01,t2605,5000.0,5000.0,5000.0,5000.0
period1,sc01,t2606,5000.0,5000.0,5000.0,5000.0
period1,sc01,t2607,5000.0,5000.0,5000.0,5000.0
period1,sc01,t2608,5000.0,5000.0,5000.0,5000.0
period1,sc01,t2609,5000.0,5000.0,5000.0,5000.0
period1,sc01,t2610,5000.0,5000.0,5000.0,5000.0
period1,sc01,t2611,5000.0,5000.0,5000.0,5000.0
period1,sc01,t2612,5000.0,5000.0,5000.0,5000.0
period1,sc01,t2613,5000.0,5000.0,5000.0,5000.0
period1,sc01,t2614,5000.0,5000.0,5000.0,5000.0
period1,sc01,t2615,5000.0,5000.0,5000.0,5000.0
period1,sc01,t2616,5000.0,5000.0,5000.0,5000.0
period1,sc01,t2617,5000.0,5000.0,5000.0,5000.0
period1,sc01,t2618,5000.0,5000.0,5000.0,5000.0
period1,sc01,t2619,5000.0,5000.0,5000.0,5000.0
period1,sc01,t2620,5000.0,5000.0,5000.0,5000.0
period1,sc01,t2621,5000.0,5000.0,5000.0,5000.0
period1,sc01,t2622,5000.0,5000.0,5000.0,5000.0
period1,sc01,t2623,5000.0,5000.0,5000.0,5000.0
period1,sc01,t2624,5000.0,5000.0,5000.0,5000.0
period1,sc01,t2625,5000.0,5000.0,5000.0,5000.0
period1,sc01,t2626,5000.0,5000.0,5000.0,5000.0
period1,sc01,t2627,5000.0,5000.0,5000.0,5000.0
period1,sc01,t2628,5000.0,5000.0,5000.0,5000.0
period1,sc01,t2629,5000.0,5000.0,5000.0,5000.0
period1,sc01,t2630,5000.0,5000.0,5000.0,5000.0
period1,sc01,t2631,5000.0,5000.0,5000.0,5000.0
period1,sc01,t2632,5000.0,5000.0,5000.0,5000.0
period1,sc01,t2633,5000.0,5000.0,5000.0,5000.0
period1,sc01,t2634,5000.0,5000.0,5000.0,5000.0
period1,sc01,t2635,5000.0,5000.0,5000.0,5000.0
period1,sc01,t2636,5000.0,5000.0,5000.0,5000.0
period1,sc01,t2637,5000.0,5000.0,5000.0,5000.0
period1,sc01,t2638,5000.0,5000.0,5000.0,5000.0
period1,sc01,t2639,5000.0,5000.0,5000.0,5000.0
period1,sc01,t2640,5000.0,5000.0,5000.0,5000.0
period1,sc01,t2641,5000.0,5000.0,5000.0,5000.0
period1,sc01,t2642,5000.0,5000.0,5000.0,5000.0
period1,sc01,t2643,5000.0,5000.0,5000.0,5000.0
period1,sc01,t2644,5000.0,5000.0,5000.0,5000.0
period1,sc01,t2645,5000.0,5000.0,5000.0,5000.0
period1,sc01,t2646,5000.0,5000.0,5000.0,5000.0
period1,sc01,t2647,5000.0,5000.0,5000.0,5000.0
period1,sc01,t2648,5000.0,5000.0,5000.0,5000.0
period1,sc01,t2649,5000.0,5000.0,5000.0,5000.0
period1,sc01,t2650,5000.0,5000.0,5000.0,5000.0
period1,sc01,t2651,5000.0,5000.0,5000.0,5000.0
period1,sc01,t2652,5000.0,5000.0,5000.0,5000.0
period1,sc01,t2653,5000.0,5000.0,5000.0,5000.0
period1,sc01,t2654,5000.0,5000.0,5000.0,5000.0
period1,sc01,t2655,5000.0,5000.0,5000.0,5000.0
period1,sc01,t2656,5000.0,5000.0,5000.0,5000.0
period1,sc01,t2657,5000.0,5000.0,5000.0,5000.0
period1,sc01,t2658,5000.0,5000.0,5000.0,5000.0
period1,sc01,t2659,5000.0,5000.0,5000.0,5000.0
period1,sc01,t2660,5000.0,5000.0,5000.0,5000.0
period1,sc01,t2661,5000.0,5000.0,5000.0,5000.0
period1,sc01,t2662,5000.0,5000.0,5000.0,5000.0
period1,sc01,t2663,5000.0,5000.0,5000.0,5000.0
period1,sc01,t2664,5000.0,5000.0,5000.0,5000.0
period1,sc01,t2665,5000.0,5000.0,5000.0,5000.0
period1,sc01,t2666,5000.0,5000.0,5000.0,5000.0
period1,sc01,t2667,5000.0,5000.0,5000.0,5000.0
period1,sc01,t2668,5000.0,5000.0,5000.0,5000.0
period1,sc01,t2669,5000.0,5000.0,5000.0,5000.0
period1,sc01,t2670,5000.0,5000.0,5000.0,5000.0
period1,sc01,t2671,5000.0,5000.0,5000.0,5000.0
period1,sc01,t2672,5000.0,5000.0,5000.0,5000.0
period1,sc01,t2673,5000.0,5000.0,5000.0,5000.0
period1,sc01,t2674,5000.0,5000.0,5000.0,5000.0
period1,sc01,t2675,5000.0,5000.0,5000.0,5000.0
period1,sc01,t2676,5000.0,5000.0,5000.0,5000.0
period1,sc01,t2677,5000.0,5000.0,5000.0,5000.0
period1,sc01,t2678,5000.0,5000.0,5000.0,5000.0
period1,sc01,t2679,5000.0,5000.0,5000.0,5000.0
period1,sc01,t2680,5000.0,5000.0,5000.0,5000.0
period1,sc01,t2681,5000.0,5000.0,5000.0,5000.0
period1,sc01,t2682,5000.0,5000.0,5000.0,5000.0
period1,sc01,t2683,5000.0,5000.0,5000.0,5000.0
period1,sc01,t2684,5000.0,5000.0,5000.0,5000.0
period1,sc01,t2685,5000.0,5000.0,5000.0,5000.0
period1,sc01,t2686,5000.0,5000.0,5000.0,5000.0
period1,sc01,t2687,5000.0,5000.0,5000.0,5000.0
period1,sc01,t2688,5000.0,5000.0,5000.0,5000.0
period1,sc01,t2689,5000.0,5000.0,5000.0,5000.0
period1,sc01,t2690,5000.0,5000.0,5000.0,5000.0
period1,sc01,t2691,5000.0,5000.0,5000.0,5000.0
period1,sc01,t2692,5000.0,5000.0,5000.0,5000.0
period1,sc01,t2693,5000.0,5000.0,5000.0,5000.0
period1,sc01,t2694,5000.0,5000.0,5000.0,5000.0
period1,sc01,t2695,5000.0,5000.0,5000.0,5000.0
period1,sc01,t2696,5000.0,5000.0,5000.0,5000.0
period1,sc01,t2697,5000.0,5000.0,5000.0,5000.0
period1,sc01,t2698,5000.0,5000.0,5000.0,5000.0
period1,sc01,t2699,5000.0,5000.0,5000.0,5000.0
period1,sc01,t2700,5000.0,5000.0,5000.0,5000.0
period1,sc01,t2701,5000.0,5000.0,5000.0,5000.0
period1,sc01,t2702,5000.0,5000.0,5000.0,5000.0
period1,sc01,t2703,5000.0,5000.0,5000.0,5000.0
period1,sc01,t2704,5000.0,5000.0,5000.0,5000.0
period1,sc01,t2705,5000.0,5000.0,5000.0,5000.0
period1,sc01,t2706,5000.0,5000.0,5000.0,5000.0
period1,sc01,t2707,5000.0,5000.0,5000.0,5000.0
period1,sc01,t2708,5000.0,5000.0,5000.0,5000.0
period1,sc01,t2709,5000.0,5000.0,5000.0,5000.0
period1,sc01,t2710,5000.0,5000.0,5000.0,5000.0
period1,sc01,t2711,5000.0,5000.0,5000.0,5000.0
period1,sc01,t2712,5000.0,5000.0,5000.0,5000.0
period1,sc01,t2713,5000.0,5000.0,5000.0,5000.0
period1,sc01,t2714,5000.0,5000.0,5000.0,5000.0
period1,sc01,t2715,5000.0,5000.0,5000.0,5000.0
period1,sc01,t2716,5000.0,5000.0,5000.0,5000.0
period1,sc01,t2717,5000.0,5000.0,5000.0,5000.0
period1,sc01,t2718,5000.0,5000.0,5000.0,5000.0
period1,sc01,t2719,5000.0,5000.0,5000.0,5000.0
period1,sc01,t2720,5000.0,5000.0,5000.0,5000.0
period1,sc01,t2721,5000.0,5000.0,5000.0,5000.0
period1,sc01,t2722,5000.0,5000.0,5000.0,5000.0
period1,sc01,t2723,5000.0,5000.0,5000.0,5000.0
period1,sc01,t2724,5000.0,5000.0,5000.0,5000.0
period1,sc01,t2725,5000.0,5000.0,5000.0,5000.0
period1,sc01,t2726,5000.0,5000.0,5000.0,5000.0
period1,sc01,t2727,5000.0,5000.0,5000.0,5000.0
period1,sc01,t2728,5000.0,5000.0,5000.0,5000.0
period1,sc01,t2729,5000.0,5000.0,5000.0,5000.0
period1,sc01,t2730,5000.0,5000.0,5000.0,5000.0
period1,sc01,t2731,5000.0,5000.0,5000.0,5000.0
period1,sc01,t2732,5000.0,5000.0,5000.0,5000.0
period1,sc01,t2733,5000.0,5000.0,5000.0,5000.0
period1,sc01,t2734,5000.0,5000.0,5000.0,5000.0
period1,sc01,t2735,5000.0,5000.0,5000.0,5000.0
period1,sc01,t2736,5000.0,5000.0,5000.0,5000.0
period1,sc01,t2737,5000.0,5000.0,5000.0,5000.0
period1,sc01,t2738,5000.0,5000.0,5000.0,5000.0
period1,sc01,t2739,5000.0,5000.0,5000.0,5000.0
period1,sc01,t2740,5000.0,5000.0,5000.0,5000.0
period1,sc01,t2741,5000.0,5000.0,5000.0,5000.0
period1,sc01,t2742,5000.0,5000.0,5000.0,5000.0
period1,sc01,t2743,5000.0,5000.0,5000.0,5000.0
period1,sc01,t2744,5000.0,5000.0,5000.0,5000.0
period1,sc01,t2745,5000.0,5000.0,5000.0,5000.0
period1,sc01,t2746,5000.0,5000.0,5000.0,5000.0
period1,sc01,t2747,5000.0,5000.0,5000.0,5000.0
period1,sc01,t2748,5000.0,5000.0,5000.0,5000.0
period1,sc01,t2749,5000.0,5000.0,5000.0,5000.0
period1,sc01,t2750,5000.0,5000.0,5000.0,5000.0
period1,sc01,t2751,5000.0,5000.0,5000.0,5000.0
period1,sc01,t2752,5000.0,5000.0,5000.0,5000.0
period1,sc01,t2753,5000.0,5000.0,5000.0,5000.0
period1,sc01,t2754,5000.0,5000.0,5000.0,5000.0
period1,sc01,t2755,5000.0,5000.0,5000.0,5000.0
period1,sc01,t2756,5000.0,5000.0,5000.0,5000.0
period1,sc01,t2757,5000.0,5000.0,5000.0,5000.0
period1,sc01,t2758,5000.0,5000.0,5000.0,5000.0
period1,sc01,t2759,5000.0,5000.0,5000.0,5000.0
period1,sc01,t2760,5000.0,5000.0,5000.0,5000.0
period1,sc01,t2761,5000.0,5000.0,5000.0,5000.0
period1,sc01,t2762,5000.0,5000.0,5000.0,5000.0
period1,sc01,t2763,5000.0,5000.0,5000.0,5000.0
period1,sc01,t2764,5000.0,5000.0,5000.0,5000.0
period1,sc01,t2765,5000.0,5000.0,5000.0,5000.0
period1,sc01,t2766,5000.0,5000.0,5000.0,5000.0
period1,sc01,t2767,5000.0,5000.0,5000.0,5000.0
period1,sc01,t2768,5000.0,5000.0,5000.0,5000.0
period1,sc01,t2769,5000.0,5000.0,5000.0,5000.0
period1,sc01,t2770,5000.0,5000.0,5000.0,5000.0
period1,sc01,t2771,5000.0,5000.0,5000.0,5000.0
period1,sc01,t2772,5000.0,5000.0,5000.0,5000.0
period1,sc01,t2773,5000.0,5000.0,5000.0,5000.0
period1,sc01,t2774,5000.0,5000.0,5000.0,5000.0
period1,sc01,t2775,5000.0,5000.0,5000.0,5000.0
period1,sc01,t2776,5000.0,5000.0,5000.0,5000.0
period1,sc01,t2777,5000.0,5000.0,5000.0,5000.0
period1,sc01,t2778,5000.0,5000.0,5000.0,5000.0
period1,sc01,t2779,5000.0,5000.0,5000.0,5000.0
period1,sc01,t2780,5000.0,5000.0,5000.0,5000.0
period1,sc01,t2781,5000.0,5000.0,5000.0,5000.0
period1,sc01,t2782,5000.0,5000.0,5000.0,5000.0
period1,sc01,t2783,5000.0,5000.0,5000.0,5000.0
period1,sc01,t2784,5000.0,5000.0,5000.0,5000.0
period1,sc01,t2785,5000.0,5000.0,5000.0,5000.0
period1,sc01,t2786,5000.0,5000.0,5000.0,5000.0
period1,sc01,t2787,5000.0,5000.0,5000.0,5000.0
period1,sc01,t2788,5000.0,5000.0,5000.0,5000.0
period1,sc01,t2789,5000.0,5000.0,5000.0,5000.0
period1,sc01,t2790,5000.0,5000.0,5000.0,5000.0
period1,sc01,t2791,5000.0,5000.0,5000.0,5000.0
period1,sc01,t2792,5000.0,5000.0,5000.0,5000.0
period1,sc01,t2793,5000.0,5000.0,5000.0,5000.0
period1,sc01,t2794,5000.0,5000.0,5000.0,5000.0
period1,sc01,t2795,5000.0,5000.0,5000.0,5000.0
period1,sc01,t2796,5000.0,5000.0,5000.0,5000.0
period1,sc01,t2797,5000.0,5000.0,5000.0,5000.0
period1,sc01,t2798,5000.0,5000.0,5000.0,5000.0
period1,sc01,t2799,5000.0,5000.0,5000.0,5000.0
period1,sc01,t2800,5000.0,5000.0,5000.0,5000.0
period1,sc01,t2801,5000.0,5000.0,5000.0,5000.0
period1,sc01,t2802,5000.0,5000.0,5000.0,5000.0
period1,sc01,t2803,5000.0,5000.0,5000.0,5000.0
period1,sc01,t2804,5000.0,5000.0,5000.0,5000.0
period1,sc01,t2805,5000.0,5000.0,5000.0,5000.0
period1,sc01,t2806,5000.0,5000.0,5000.0,5000.0
period1,sc01,t2807,5000.0,5000.0,5000.0,5000.0
period1,sc01,t2808,5000.0,5000.0,5000.0,5000.0
period1,sc01,t2809,5000.0,5000.0,5000.0,5000.0
period1,sc01,t2810,5000.0,5000.0,5000.0,5000.0
period1,sc01,t2811,5000.0,5000.0,5000.0,5000.0
period1,sc01,t2812,5000.0,5000.0,5000.0,5000.0
period1,sc01,t2813,5000.0,5000.0,5000.0,5000.0
period1,sc01,t2814,5000.0,5000.0,5000.0,5000.0
period1,sc01,t2815,5000.0,5000.0,5000.0,5000.0
period1,sc01,t2816,5000.0,5000.0,5000.0,5000.0
period1,sc01,t2817,5000.0,5000.0,5000.0,5000.0
period1,sc01,t2818,5000.0,5000.0,5000.0,5000.0
period1,sc01,t2819,5000.0,5000.0,5000.0,5000.0
period1,sc01,t2820,5000.0,5000.0,5000.0,5000.0
period1,sc01,t2821,5000.0,5000.0,5000.0,5000.0
period1,sc01,t2822,5000.0,5000.0,5000.0,5000.0
period1,sc01,t2823,5000.0,5000.0,5000.0,5000.0
period1,sc01,t2824,5000.0,5000.0,5000.0,5000.0
period1,sc01,t2825,5000.0,5000.0,5000.0,5000.0
period1,sc01,t2826,5000.0,5000.0,5000.0,5000.0
period1,sc01,t2827,5000.0,5000.0,5000.0,5000.0
period1,sc01,t2828,5000.0,5000.0,5000.0,5000.0
period1,sc01,t2829,5000.0,5000.0,5000.0,5000.0
period1,sc01,t2830,5000.0,5000.0,5000.0,5000.0
period1,sc01,t2831,5000.0,5000.0,5000.0,5000.0
period1,sc01,t2832,5000.0,5000.0,5000.0,5000.0
period1,sc01,t2833,5000.0,5000.0,5000.0,5000.0
period1,sc01,t2834,5000.0,5000.0,5000.0,5000.0
period1,sc01,t2835,5000.0,5000.0,5000.0,5000.0
period1,sc01,t2836,5000.0,5000.0,5000.0,5000.0
period1,sc01,t2837,5000.0,5000.0,5000.0,5000.0
period1,sc01,t2838,5000.0,5000.0,5000.0,5000.0
period1,sc01,t2839,5000.0,5000.0,5000.0,5000.0
period1,sc01,t2840,5000.0,5000.0,5000.0,5000.0
period1,sc01,t2841,5000.0,5000.0,5000.0,5000.0
period1,sc01,t2842,5000.0,5000.0,5000.0,5000.0
period1,sc01,t2843,5000.0,5000.0,5000.0,5000.0
period1,sc01,t2844,5000.0,5000.0,5000.0,5000.0
period1,sc01,t2845,5000.0,5000.0,5000.0,5000.0
period1,sc01,t2846,5000.0,5000.0,5000.0,5000.0
period1,sc01,t2847,5000.0,5000.0,5000.0,5000.0
period1,sc01,t2848,5000.0,5000.0,5000.0,5000.0
period1,sc01,t2849,5000.0,5000.0,5000.0,5000.0
period1,sc01,t2850,5000.0,5000.0,5000.0,5000.0
period1,sc01,t2851,5000.0,5000.0,5000.0,5000.0
period1,sc01,t2852,5000.0,5000.0,5000.0,5000.0
period1,sc01,t2853,5000.0,5000.0,5000.0,5000.0
period1,sc01,t2854,5000.0,5000.0,5000.0,5000.0
period1,sc01,t2855,5000.0,5000.0,5000.0,5000.0
period1,sc01,t2856,5000.0,5000.0,5000.0,5000.0
period1,sc01,t2857,5000.0,5000.0,5000.0,5000.0
period1,sc01,t2858,5000.0,5000.0,5000.0,5000.0
period1,sc01,t2859,5000.0,5000.0,5000.0,5000.0
period1,sc01,t2860,5000.0,5000.0,5000.0,5000.0
period1,sc01,t2861,5000.0,5000.0,5000.0,5000.0
period1,sc01,t2862,5000.0,5000.0,5000.0,5000.0
period1,sc01,t2863,5000.0,5000.0,5000.0,5000.0
period1,sc01,t2864,5000.0,5000.0,5000.0,5000.0
period1,sc01,t2865,5000.0,5000.0,5000.0,5000.0
period1,sc01,t2866,5000.0,5000.0,5000.0,5000.0
period1,sc01,t2867,5000.0,5000.0,5000.0,5000.0
period1,sc01,t2868,5000.0,5000.0,5000.0,5000.0
period1,sc01,t2869,5000.0,5000.0,5000.0,5000.0
period1,sc01,t2870,5000.0,5000.0,5000.0,5000.0
period1,sc01,t2871,5000.0,5000.0,5000.0,5000.0
period1,sc01,t2872,5000.0,5000.0,5000.0,5000.0
period1,sc01,t2873,5000.0,5000.0,5000.0,5000.0
period1,sc01,t2874,5000.0,5000.0,5000.0,5000.0
period1,sc01,t2875,5000.0,5000.0,5000.0,5000.0
period1,sc01,t2876,5000.0,5000.0,5000.0,5000.0
period1,sc01,t2877,5000.0,5000.0,5000.0,5000.0
period1,sc01,t2878,5000.0,5000.0,5000.0,5000.0
period1,sc01,t2879,5000.0,5000.0,5000.0,5000.0
period1,sc01,t2880,5000.0,5000.0,5000.0,5000.0
period1,sc01,t2881,5000.0,5000.0,5000.0,5000.0
period1,sc01,t2882,5000.0,5000.0,5000.0,5000.0
period1,sc01,t2883,5000.0,5000.0,5000.0,5000.0
period1,sc01,t2884,5000.0,5000.0,5000.0,5000.0
period1,sc01,t2885,5000.0,5000.0,5000.0,5000.0
period1,sc01,t2886,5000.0,5000.0,5000.0,5000.0
period1,sc01,t2887,5000.0,5000.0,5000.0,5000.0
period1,sc01,t2888,5000.0,5000.0,5000.0,5000.0
period1,sc01,t2889,5000.0,5000.0,5000.0,5000.0
period1,sc01,t2890,5000.0,5000.0,5000.0,5000.0
period1,sc01,t2891,5000.0,5000.0,5000.0,5000.0
period1,sc01,t2892,5000.0,5000.0,5000.0,5000.0
period1,sc01,t2893,5000.0,5000.0,5000.0,5000.0
period1,sc01,t2894,5000.0,5000.0,5000.0,5000.0
period1,sc01,t2895,5000.0,5000.0,5000.0,5000.0
period1,sc01,t2896,5000.0,5000.0,5000.0,5000.0
period1,sc01,t2897,5000.0,5000.0,5000.0,5000.0
period1,sc01,t2898,5000.0,5000.0,5000.0,5000.0
period1,sc01,t2899,5000.0,5000.0,5000.0,5000.0
period1,sc01,t2900,5000.0,5000.0,5000.0,5000.0
period1,sc01,t2901,5000.0,5000.0,5000.0,5000.0
period1,sc01,t2902,5000.0,5000.0,5000.0,5000.0
period1,sc01,t2903,5000.0,5000.0,5000.0,5000.0
period1,sc01,t2904,5000.0,5000.0,5000.0,5000.0
period1,sc01,t2905,5000.0,5000.0,5000.0,5000.0
period1,sc01,t2906,5000.0,5000.0,5000.0,5000.0
period1,sc01,t2907,5000.0,5000.0,5000.0,5000.0
period1,sc01,t2908,5000.0,5000.0,5000.0,5000.0
period1,sc01,t2909,5000.0,5000.0,5000.0,5000.0
period1,sc01,t2910,5000.0,5000.0,5000.0,5000.0
period1,sc01,t2911,5000.0,5000.0,5000.0,5000.0
period1,sc01,t2912,5000.0,5000.0,5000.0,5000.0
period1,sc01,t2913,5000.0,5000.0,5000.0,5000.0
period1,sc01,t2914,5000.0,5000.0,5000.0,5000.0
period1,sc01,t2915,5000.0,5000.0,5000.0,5000.0
period1,sc01,t2916,5000.0,5000.0,5000.0,5000.0
period1,sc01,t2917,5000.0,5000.0,5000.0,5000.0
period1,sc01,t2918,5000.0,5000.0,5000.0,5000.0
period1,sc01,t2919,5000.0,5000.0,5000.0,5000.0
period1,sc01,t2920,5000.0,5000.0,5000.0,5000.0
period1,sc01,t2921,5000.0,5000.0,5000.0,5000.0
period1,sc01,t2922,5000.0,5000.0,5000.0,5000.0
period1,sc01,t2923,5000.0,5000.0,5000.0,5000.0
period1,sc01,t2924,5000.0,5000.0,5000.0,5000.0
period1,sc01,t2925,5000.0,5000.0,5000.0,5000.0
period1,sc01,t2926,5000.0,5000.0,5000.0,5000.0
period1,sc01,t2927,5000.0,5000.0,5000.0,5000.0
period1,sc01,t2928,5000.0,5000.0,5000.0,5000.0
period1,sc01,t2929,5000.0,5000.0,5000.0,5000.0
period1,sc01,t2930,5000.0,5000.0,5000.0,5000.0
period1,sc01,t2931,5000.0,5000.0,5000.0,5000.0
period1,sc01,t2932,5000.0,5000.0,5000.0,5000.0
period1,sc01,t2933,5000.0,5000.0,5000.0,5000.0
period1,sc01,t2934,5000.0,5000.0,5000.0,5000.0
period1,sc01,t2935,5000.0,5000.0,5000.0,5000.0
period1,sc01,t2936,5000.0,5000.0,5000.0,5000.0
period1,sc01,t2937,5000.0,5000.0,5000.0,5000.0
period1,sc01,t2938,5000.0,5000.0,5000.0,5000.0
period1,sc01,t2939,5000.0,5000.0,5000.0,5000.0
period1,sc01,t2940,5000.0,5000.0,5000.0,5000.0
period1,sc01,t2941,5000.0,5000.0,5000.0,5000.0
period1,sc01,t2942,5000.0,5000.0,5000.0,5000.0
period1,sc01,t2943,5000.0,5000.0,5000.0,5000.0
period1,sc01,t2944,5000.0,5000.0,5000.0,5000.0
period1,sc01,t2945,5000.0,5000.0,5000.0,5000.0
period1,sc01,t2946,5000.0,5000.0,5000.0,5000.0
period1,sc01,t2947,5000.0,5000.0,5000.0,5000.0
period1,sc01,t2948,5000.0,5000.0,5000.0,5000.0
period1,sc01,t2949,5000.0,5000.0,5000.0,5000.0
period1,sc01,t2950,5000.0,5000.0,5000.0,5000.0
period1,sc01,t2951,5000.0,5000.0,5000.0,5000.0
period1,sc01,t2952,5000.0,5000.0,5000.0,5000.0
period1,sc01,t2953,5000.0,5000.0,5000.0,5000.0
period1,sc01,t2954,5000.0,5000.0,5000.0,5000.0
period1,sc01,t2955,5000.0,5000.0,5000.0,5000.0
period1,sc01,t2956,5000.0,5000.0,5000.0,5000.0
period1,sc01,t2957,5000.0,5000.0,5000.0,5000.0
period1,sc01,t2958,5000.0,5000.0,5000.0,5000.0
period1,sc01,t2959,5000.0,5000.0,5000.0,5000.0
period1,sc01,t2960,5000.0,5000.0,5000.0,5000.0
period1,sc01,t2961,5000.0,5000.0,5000.0,5000.0
period1,sc01,t2962,5000.0,5000.0,5000.0,5000.0
period1,sc01,t2963,5000.0,5000.0,5000.0,5000.0
period1,sc01,t2964,5000.0,5000.0,5000.0,5000.0
period1,sc01,t2965,5000.0,5000.0,5000.0,5000.0
period1,sc01,t2966,5000.0,5000.0,5000.0,5000.0
period1,sc01,t2967,5000.0,5000.0,5000.0,5000.0
period1,sc01,t2968,5000.0,5000.0,5000.0,5000.0
period1,sc01,t2969,5000.0,5000.0,5000.0,5000.0
period1,sc01,t2970,5000.0,5000.0,5000.0,5000.0
period1,sc01,t2971,5000.0,5000.0,5000.0,5000.0
period1,sc01,t2972,5000.0,5000.0,5000.0,5000.0
period1,sc01,t2973,5000.0,5000.0,5000.0,5000.0
period1,sc01,t2974,5000.0,5000.0,5000.0,5000.0
period1,sc01,t2975,5000.0,5000.0,5000.0,5000.0
period1,sc01,t2976,5000.0,5000.0,5000.0,5000.0
period1,sc01,t2977,5000.0,5000.0,5000.0,5000.0
period1,sc01,t2978,5000.0,5000.0,5000.0,5000.0
period1,sc01,t2979,5000.0,5000.0,5000.0,5000.0
period1,sc01,t2980,5000.0,5000.0,5000.0,5000.0
period1,sc01,t2981,5000.0,5000.0,5000.0,5000.0
period1,sc01,t2982,5000.0,5000.0,5000.0,5000.0
period1,sc01,t2983,5000.0,5000.0,5000.0,5000.0
period1,sc01,t2984,5000.0,5000.0,5000.0,5000.0
period1,sc01,t2985,5000.0,5000.0,5000.0,5000.0
period1,sc01,t2986,5000.0,5000.0,5000.0,5000.0
period1,sc01,t2987,5000.0,5000.0,5000.0,5000.0
period1,sc01,t2988,5000.0,5000.0,5000.0,5000.0
period1,sc01,t2989,5000.0,5000.0,5000.0,5000.0
period1,sc01,t2990,5000.0,5000.0,5000.0,5000.0
period1,sc01,t2991,5000.0,5000.0,5000.0,5000.0
period1,sc01,t2992,5000.0,5000.0,5000.0,5000.0
period1,sc01,t2993,5000.0,5000.0,5000.0,5000.0
period1,sc01,t2994,5000.0,5000.0,5000.0,5000.0
period1,sc01,t2995,5000.0,5000.0,5000.0,5000.0
period1,sc01,t2996,5000.0,5000.0,5000.0,5000.0
period1,sc01,t2997,5000.0,5000.0,5000.0,5000.0
period1,sc01,t2998,5000.0,5000.0,5000.0,5000.0
period1,sc01,t2999,5000.0,5000.0,5000.0,5000.0
period1,sc01,t3000,5000.0,5000.0,5000.0,5000.0
period1,sc01,t3001,5000.0,5000.0,5000.0,5000.0
period1,sc01,t3002,5000.0,5000.0,5000.0,5000.0
period1,sc01,t3003,5000.0,5000.0,5000.0,5000.0
period1,sc01,t3004,5000.0,5000.0,5000.0,5000.0
period1,sc01,t3005,5000.0,5000.0,5000.0,5000.0
period1,sc01,t3006,5000.0,5000.0,5000.0,5000.0
period1,sc01,t3007,5000.0,5000.0,5000.0,5000.0
period1,sc01,t3008,5000.0,5000.0,5000.0,5000.0
period1,sc01,t3009,5000.0,5000.0,5000.0,5000.0
period1,sc01,t3010,5000.0,5000.0,5000.0,5000.0
period1,sc01,t3011,5000.0,5000.0,5000.0,5000.0
period1,sc01,t3012,5000.0,5000.0,5000.0,5000.0
period1,sc01,t3013,5000.0,5000.0,5000.0,5000.0
period1,sc01,t3014,5000.0,5000.0,5000.0,5000.0
period1,sc01,t3015,5000.0,5000.0,5000.0,5000.0
period1,sc01,t3016,5000.0,5000.0,5000.0,5000.0
period1,sc01,t3017,5000.0,5000.0,5000.0,5000.0
period1,sc01,t3018,5000.0,5000.0,5000.0,5000.0
period1,sc01,t3019,5000.0,5000.0,5000.0,5000.0
period1,sc01,t3020,5000.0,5000.0,5000.0,5000.0
period1,sc01,t3021,5000.0,5000.0,5000.0,5000.0
period1,sc01,t3022,5000.0,5000.0,5000.0,5000.0
period1,sc01,t3023,5000.0,5000.0,5000.0,5000.0
period1,sc01,t3024,5000.0,5000.0,5000.0,5000.0
period1,sc01,t3025,5000.0,5000.0,5000.0,5000.0
period1,sc01,t3026,5000.0,5000.0,5000.0,5000.0
period1,sc01,t3027,5000.0,5000.0,5000.0,5000.0
period1,sc01,t3028,5000.0,5000.0,5000.0,5000.0
period1,sc01,t3029,5000.0,5000.0,5000.0,5000.0
period1,sc01,t3030,5000.0,5000.0,5000.0,5000.0
period1,sc01,t3031,5000.0,5000.0,5000.0,5000.0
period1,sc01,t3032,5000.0,5000.0,5000.0,5000.0
period1,sc01,t3033,5000.0,5000.0,5000.0,5000.0
period1,sc01,t3034,5000.0,5000.0,5000.0,5000.0
period1,sc01,t3035,5000.0,5000.0,5000.0,5000.0
period1,sc01,t3036,5000.0,5000.0,5000.0,5000.0
period1,sc01,t3037,5000.0,5000.0,5000.0,5000.0
period1,sc01,t3038,5000.0,5000.0,5000.0,5000.0
period1,sc01,t3039,5000.0,5000.0,5000.0,5000.0
period1,sc01,t3040,5000.0,5000.0,5000.0,5000.0
period1,sc01,t3041,5000.0,5000.0,5000.0,5000.0
period1,sc01,t3042,5000.0,5000.0,5000.0,5000.0
period1,sc01,t3043,5000.0,5000.0,5000.0,5000.0
period1,sc01,t3044,5000.0,5000.0,5000.0,5000.0
period1,sc01,t3045,5000.0,5000.0,5000.0,5000.0
period1,sc01,t3046,5000.0,5000.0,5000.0,5000.0
period1,sc01,t3047,5000.0,5000.0,5000.0,5000.0
period1,sc01,t3048,5000.0,5000.0,5000.0,5000.0
period1,sc01,t3049,5000.0,5000.0,5000.0,5000.0
period1,sc01,t3050,5000.0,5000.0,5000.0,5000.0
period1,sc01,t3051,5000.0,5000.0,5000.0,5000.0
period1,sc01,t3052,5000.0,5000.0,5000.0,5000.0
period1,sc01,t3053,5000.0,5000.0,5000.0,5000.0
period1,sc01,t3054,5000.0,5000.0,5000.0,5000.0
period1,sc01,t3055,5000.0,5000.0,5000.0,5000.0
period1,sc01,t3056,5000.0,5000.0,5000.0,5000.0
period1,sc01,t3057,5000.0,5000.0,5000.0,5000.0
period1,sc01,t3058,5000.0,5000.0,5000.0,5000.0
period1,sc01,t3059,5000.0,5000.0,5000.0,5000.0
period1,sc01,t3060,5000.0,5000.0,5000.0,5000.0
period1,sc01,t3061,5000.0,5000.0,5000.0,5000.0
period1,sc01,t3062,5000.0,5000.0,5000.0,5000.0
period1,sc01,t3063,5000.0,5000.0,5000.0,5000.0
period1,sc01,t3064,5000.0,5000.0,5000.0,5000.0
period1,sc01,t3065,5000.0,5000.0,5000.0,5000.0
period1,sc01,t3066,5000.0,5000.0,5000.0,5000.0
period1,sc01,t3067,5000.0,5000.0,5000.0,5000.0
period1,sc01,t3068,5000.0,5000.0,5000.0,5000.0
period1,sc01,t3069,5000.0,5000.0,5000.0,5000.0
period1,sc01,t3070,5000.0,5000.0,5000.0,5000.0
period1,sc01,t3071,5000.0,5000.0,5000.0,5000.0
period1,sc01,t3072,5000.0,5000.0,5000.0,5000.0
period1,sc01,t3073,5000.0,5000.0,5000.0,5000.0
period1,sc01,t3074,5000.0,5000.0,5000.0,5000.0
period1,sc01,t3075,5000.0,5000.0,5000.0,5000.0
period1,sc01,t3076,5000.0,5000.0,5000.0,5000.0
period1,sc01,t3077,5000.0,5000.0,5000.0,5000.0
period1,sc01,t3078,5000.0,5000.0,5000.0,5000.0
period1,sc01,t3079,5000.0,5000.0,5000.0,5000.0
period1,sc01,t3080,5000.0,5000.0,5000.0,5000.0
period1,sc01,t3081,5000.0,5000.0,5000.0,5000.0
period1,sc01,t3082,5000.0,5000.0,5000.0,5000.0
period1,sc01,t3083,5000.0,5000.0,5000.0,5000.0
period1,sc01,t3084,5000.0,5000.0,5000.0,5000.0
period1,sc01,t3085,5000.0,5000.0,5000.0,5000.0
period1,sc01,t3086,5000.0,5000.0,5000.0,5000.0
period1,sc01,t3087,5000.0,5000.0,5000.0,5000.0
period1,sc01,t3088,5000.0,5000.0,5000.0,5000.0
period1,sc01,t3089,5000.0,5000.0,5000.0,5000.0
period1,sc01,t3090,5000.0,5000.0,5000.0,5000.0
period1,sc01,t3091,5000.0,5000.0,5000.0,5000.0
period1,sc01,t3092,5000.0,5000.0,5000.0,5000.0
period1,sc01,t3093,5000.0,5000.0,5000.0,5000.0
period1,sc01,t3094,5000.0,5000.0,5000.0,5000.0
period1,sc01,t3095,5000.0,5000.0,5000.0,5000.0
period1,sc01,t3096,5000.0,5000.0,5000.0,5000.0
period1,sc01,t3097,5000.0,5000.0,5000.0,5000.0
period1,sc01,t3098,5000.0,5000.0,5000.0,5000.0
period1,sc01,t3099,5000.0,5000.0,5000.0,5000.0
period1,sc01,t3100,5000.0,5000.0,5000.0,5000.0
period1,sc01,t3101,5000.0,5000.0,5000.0,5000.0
period1,sc01,t3102,5000.0,5000.0,5000.0,5000.0
period1,sc01,t3103,5000.0,5000.0,5000.0,5000.0
period1,sc01,t3104,5000.0,5000.0,5000.0,5000.0
period1,sc01,t3105,5000.0,5000.0,5000.0,5000.0
period1,sc01,t3106,5000.0,5000.0,5000.0,5000.0
period1,sc01,t3107,5000.0,5000.0,5000.0,5000.0
period1,sc01,t3108,5000.0,5000.0,5000.0,5000.0
period1,sc01,t3109,5000.0,5000.0,5000.0,5000.0
period1,sc01,t3110,5000.0,5000.0,5000.0,5000.0
period1,sc01,t3111,5000.0,5000.0,5000.0,5000.0
period1,sc01,t3112,5000.0,5000.0,5000.0,5000.0
period1,sc01,t3113,5000.0,5000.0,5000.0,5000.0
period1,sc01,t3114,5000.0,5000.0,5000.0,5000.0
period1,sc01,t3115,5000.0,5000.0,5000.0,5000.0
period1,sc01,t3116,5000.0,5000.0,5000.0,5000.0
period1,sc01,t3117,5000.0,5000.0,5000.0,5000.0
period1,sc01,t3118,5000.0,5000.0,5000.0,5000.0
period1,sc01,t3119,5000.0,5000.0,5000.0,5000.0
period1,sc01,t3120,5000.0,5000.0,5000.0,5000.0
period1,sc01,t3121,5000.0,5000.0,5000.0,5000.0
period1,sc01,t3122,5000.0,5000.0,5000.0,5000.0
period1,sc01,t3123,5000.0,5000.0,5000.0,5000.0
period1,sc01,t3124,5000.0,5000.0,5000.0,5000.0
period1,sc01,t3125,5000.0,5000.0,5000.0,5000.0
period1,sc01,t3126,5000.0,5000.0,5000.0,5000.0
period1,sc01,t3127,5000.0,5000.0,5000.0,5000.0
period1,sc01,t3128,5000.0,5000.0,5000.0,5000.0
period1,sc01,t3129,5000.0,5000.0,5000.0,5000.0
period1,sc01,t3130,5000.0,5000.0,5000.0,5000.0
period1,sc01,t3131,5000.0,5000.0,5000.0,5000.0
period1,sc01,t3132,5000.0,5000.0,5000.0,5000.0
period1,sc01,t3133,5000.0,5000.0,5000.0,5000.0
period1,sc01,t3134,5000.0,5000.0,5000.0,5000.0
period1,sc01,t3135,5000.0,5000.0,5000.0,5000.0
period1,sc01,t3136,5000.0,5000.0,5000.0,5000.0
period1,sc01,t3137,5000.0,5000.0,5000.0,5000.0
period1,sc01,t3138,5000.0,5000.0,5000.0,5000.0
period1,sc01,t3139,5000.0,5000.0,5000.0,5000.0
period1,sc01,t3140,5000.0,5000.0,5000.0,5000.0
period1,sc01,t3141,5000.0,5000.0,5000.0,5000.0
period1,sc01,t3142,5000.0,5000.0,5000.0,5000.0
period1,sc01,t3143,5000.0,5000.0,5000.0,5000.0
period1,sc01,t3144,5000.0,5000.0,5000.0,5000.0
period1,sc01,t3145,5000.0,5000.0,5000.0,5000.0
period1,sc01,t3146,5000.0,5000.0,5000.0,5000.0
period1,sc01,t3147,5000.0,5000.0,5000.0,5000.0
period1,sc01,t3148,5000.0,5000.0,5000.0,5000.0
period1,sc01,t3149,5000.0,5000.0,5000.0,5000.0
period1,sc01,t3150,5000.0,5000.0,5000.0,5000.0
period1,sc01,t3151,5000.0,5000.0,5000.0,5000.0
period1,sc01,t3152,5000.0,5000.0,5000.0,5000.0
period1,sc01,t3153,5000.0,5000.0,5000.0,5000.0
period1,sc01,t3154,5000.0,5000.0,5000.0,5000.0
period1,sc01,t3155,5000.0,5000.0,5000.0,5000.0
period1,sc01,t3156,5000.0,5000.0,5000.0,5000.0
period1,sc01,t3157,5000.0,5000.0,5000.0,5000.0
period1,sc01,t3158,5000.0,5000.0,5000.0,5000.0
period1,sc01,t3159,5000.0,5000.0,5000.0,5000.0
period1,sc01,t3160,5000.0,5000.0,5000.0,5000.0
period1,sc01,t3161,5000.0,5000.0,5000.0,5000.0
period1,sc01,t3162,5000.0,5000.0,5000.0,5000.0
period1,sc01,t3163,5000.0,5000.0,5000.0,5000.0
period1,sc01,t3164,5000.0,5000.0,5000.0,5000.0
period1,sc01,t3165,5000.0,5000.0,5000.0,5000.0
period1,sc01,t3166,5000.0,5000.0,5000.0,5000.0
period1,sc01,t3167,5000.0,5000.0,5000.0,5000.0
period1,sc01,t3168,5000.0,5000.0,5000.0,5000.0
period1,sc01,t3169,5000.0,5000.0,5000.0,5000.0
period1,sc01,t3170,5000.0,5000.0,5000.0,5000.0
period1,sc01,t3171,5000.0,5000.0,5000.0,5000.0
period1,sc01,t3172,5000.0,5000.0,5000.0,5000.0
period1,sc01,t3173,5000.0,5000.0,5000.0,5000.0
period1,sc01,t3174,5000.0,5000.0,5000.0,5000.0
period1,sc01,t3175,5000.0,5000.0,5000.0,5000.0
period1,sc01,t3176,5000.0,5000.0,5000.0,5000.0
period1,sc01,t3177,5000.0,5000.0,5000.0,5000.0
period1,sc01,t3178,5000.0,5000.0,5000.0,5000.0
period1,sc01,t3179,5000.0,5000.0,5000.0,5000.0
period1,sc01,t3180,5000.0,5000.0,5000.0,5000.0
period1,sc01,t3181,5000.0,5000.0,5000.0,5000.0
period1,sc01,t3182,5000.0,5000.0,5000.0,5000.0
period1,sc01,t3183,5000.0,5000.0,5000.0,5000.0
period1,sc01,t3184,5000.0,5000.0,5000.0,5000.0
period1,sc01,t3185,5000.0,5000.0,5000.0,5000.0
period1,sc01,t3186,5000.0,5000.0,5000.0,5000.0
period1,sc01,t3187,5000.0,5000.0,5000.0,5000.0
period1,sc01,t3188,5000.0,5000.0,5000.0,5000.0
period1,sc01,t3189,5000.0,5000.0,5000.0,5000.0
period1,sc01,t3190,5000.0,5000.0,5000.0,5000.0
period1,sc01,t3191,5000.0,5000.0,5000.0,5000.0
period1,sc01,t3192,5000.0,5000.0,5000.0,5000.0
period1,sc01,t3193,5000.0,5000.0,5000.0,5000.0
period1,sc01,t3194,5000.0,5000.0,5000.0,5000.0
period1,sc01,t3195,5000.0,5000.0,5000.0,5000.0
period1,sc01,t3196,5000.0,5000.0,5000.0,5000.0
period1,sc01,t3197,5000.0,5000.0,5000.0,5000.0
period1,sc01,t3198,5000.0,5000.0,5000.0,5000.0
period1,sc01,t3199,5000.0,5000.0,5000.0,5000.0
period1,sc01,t3200,5000.0,5000.0,5000.0,5000.0
period1,sc01,t3201,5000.0,5000.0,5000.0,5000.0
period1,sc01,t3202,5000.0,5000.0,5000.0,5000.0
period1,sc01,t3203,5000.0,5000.0,5000.0,5000.0
period1,sc01,t3204,5000.0,5000.0,5000.0,5000.0
period1,sc01,t3205,5000.0,5000.0,5000.0,5000.0
period1,sc01,t3206,5000.0,5000.0,5000.0,5000.0
period1,sc01,t3207,5000.0,5000.0,5000.0,5000.0
period1,sc01,t3208,5000.0,5000.0,5000.0,5000.0
period1,sc01,t3209,5000.0,5000.0,5000.0,5000.0
period1,sc01,t3210,5000.0,5000.0,5000.0,5000.0
period1,sc01,t3211,5000.0,5000.0,5000.0,5000.0
period1,sc01,t3212,5000.0,5000.0,5000.0,5000.0
period1,sc01,t3213,5000.0,5000.0,5000.0,5000.0
period1,sc01,t3214,5000.0,5000.0,5000.0,5000.0
period1,sc01,t3215,5000.0,5000.0,5000.0,5000.0
period1,sc01,t3216,5000.0,5000.0,5000.0,5000.0
period1,sc01,t3217,5000.0,5000.0,5000.0,5000.0
period1,sc01,t3218,5000.0,5000.0,5000.0,5000.0
period1,sc01,t3219,5000.0,5000.0,5000.0,5000.0
period1,sc01,t3220,5000.0,5000.0,5000.0,5000.0
period1,sc01,t3221,5000.0,5000.0,5000.0,5000.0
period1,sc01,t3222,5000.0,5000.0,5000.0,5000.0
period1,sc01,t3223,5000.0,5000.0,5000.0,5000.0
period1,sc01,t3224,5000.0,5000.0,5000.0,5000.0
period1,sc01,t3225,5000.0,5000.0,5000.0,5000.0
period1,sc01,t3226,5000.0,5000.0,5000.0,5000.0
period1,sc01,t3227,5000.0,5000.0,5000.0,5000.0
period1,sc01,t3228,5000.0,5000.0,5000.0,5000.0
period1,sc01,t3229,5000.0,5000.0,5000.0,5000.0
period1,sc01,t3230,5000.0,5000.0,5000.0,5000.0
period1,sc01,t3231,5000.0,5000.0,5000.0,5000.0
period1,sc01,t3232,5000.0,5000.0,5000.0,5000.0
period1,sc01,t3233,5000.0,5000.0,5000.0,5000.0
period1,sc01,t3234,5000.0,5000.0,5000.0,5000.0
period1,sc01,t3235,5000.0,5000.0,5000.0,5000.0
period1,sc01,t3236,5000.0,5000.0,5000.0,5000.0
period1,sc01,t3237,5000.0,5000.0,5000.0,5000.0
period1,sc01,t3238,5000.0,5000.0,5000.0,5000.0
period1,sc01,t3239,5000.0,5000.0,5000.0,5000.0
period1,sc01,t3240,5000.0,5000.0,5000.0,5000.0
period1,sc01,t3241,5000.0,5000.0,5000.0,5000.0
period1,sc01,t3242,5000.0,5000.0,5000.0,5000.0
period1,sc01,t3243,5000.0,5000.0,5000.0,5000.0
period1,sc01,t3244,5000.0,5000.0,5000.0,5000.0
period1,sc01,t3245,5000.0,5000.0,5000.0,5000.0
period1,sc01,t3246,5000.0,5000.0,5000.0,5000.0
period1,sc01,t3247,5000.0,5000.0,5000.0,5000.0
period1,sc01,t3248,5000.0,5000.0,5000.0,5000.0
period1,sc01,t3249,5000.0,5000.0,5000.0,5000.0
period1,sc01,t3250,5000.0,5000.0,5000.0,5000.0
period1,sc01,t3251,5000.0,5000.0,5000.0,5000.0
period1,sc01,t3252,5000.0,5000.0,5000.0,5000.0
period1,sc01,t3253,5000.0,5000.0,5000.0,5000.0
period1,sc01,t3254,5000.0,5000.0,5000.0,5000.0
period1,sc01,t3255,5000.0,5000.0,5000.0,5000.0
period1,sc01,t3256,5000.0,5000.0,5000.0,5000.0
period1,sc01,t3257,5000.0,5000.0,5000.0,5000.0
period1,sc01,t3258,5000.0,5000.0,5000.0,5000.0
period1,sc01,t3259,5000.0,5000.0,5000.0,5000.0
period1,sc01,t3260,5000.0,5000.0,5000.0,5000.0
period1,sc01,t3261,5000.0,5000.0,5000.0,5000.0
period1,sc01,t3262,5000.0,5000.0,5000.0,5000.0
period1,sc01,t3263,5000.0,5000.0,5000.0,5000.0
period1,sc01,t3264,5000.0,5000.0,5000.0,5000.0
period1,sc01,t3265,5000.0,5000.0,5000.0,5000.0
period1,sc01,t3266,5000.0,5000.0,5000.0,5000.0
period1,sc01,t3267,5000.0,5000.0,5000.0,5000.0
period1,sc01,t3268,5000.0,5000.0,5000.0,5000.0
period1,sc01,t3269,5000.0,5000.0,5000.0,5000.0
period1,sc01,t3270,5000.0,5000.0,5000.0,5000.0
period1,sc01,t3271,5000.0,5000.0,5000.0,5000.0
period1,sc01,t3272,5000.0,5000.0,5000.0,5000.0
period1,sc01,t3273,5000.0,5000.0,5000.0,5000.0
period1,sc01,t3274,5000.0,5000.0,5000.0,5000.0
period1,sc01,t3275,5000.0,5000.0,5000.0,5000.0
period1,sc01,t3276,5000.0,5000.0,5000.0,5000.0
period1,sc01,t3277,5000.0,5000.0,5000.0,5000.0
period1,sc01,t3278,5000.0,5000.0,5000.0,5000.0
period1,sc01,t3279,5000.0,5000.0,5000.0,5000.0
period1,sc01,t3280,5000.0,5000.0,5000.0,5000.0
period1,sc01,t3281,5000.0,5000.0,5000.0,5000.0
period1,sc01,t3282,5000.0,5000.0,5000.0,5000.0
period1,sc01,t3283,5000.0,5000.0,5000.0,5000.0
period1,sc01,t3284,5000.0,5000.0,5000.0,5000.0
period1,sc01,t3285,5000.0,5000.0,5000.0,5000.0
period1,sc01,t3286,5000.0,5000.0,5000.0,5000.0
period1,sc01,t3287,5000.0,5000.0,5000.0,5000.0
period1,sc01,t3288,5000.0,5000.0,5000.0,5000.0
period1,sc01,t3289,5000.0,5000.0,5000.0,5000.0
period1,sc01,t3290,5000.0,5000.0,5000.0,5000.0
period1,sc01,t3291,5000.0,5000.0,5000.0,5000.0
period1,sc01,t3292,5000.0,5000.0,5000.0,5000.0
period1,sc01,t3293,5000.0,5000.0,5000.0,5000.0
period1,sc01,t3294,5000.0,5000.0,5000.0,5000.0
period1,sc01,t3295,5000.0,5000.0,5000.0,5000.0
period1,sc01,t3296,5000.0,5000.0,5000.0,5000.0
period1,sc01,t3297,5000.0,5000.0,5000.0,5000.0
period1,sc01,t3298,5000.0,5000.0,5000.0,5000.0
period1,sc01,t3299,5000.0,5000.0,5000.0,5000.0
period1,sc01,t3300,5000.0,5000.0,5000.0,5000.0
period1,sc01,t3301,5000.0,5000.0,5000.0,5000.0
period1,sc01,t3302,5000.0,5000.0,5000.0,5000.0
period1,sc01,t3303,5000.0,5000.0,5000.0,5000.0
period1,sc01,t3304,5000.0,5000.0,5000.0,5000.0
period1,sc01,t3305,5000.0,5000.0,5000.0,5000.0
period1,sc01,t3306,5000.0,5000.0,5000.0,5000.0
period1,sc01,t3307,5000.0,5000.0,5000.0,5000.0
period1,sc01,t3308,5000.0,5000.0,5000.0,5000.0
period1,sc01,t3309,5000.0,5000.0,5000.0,5000.0
period1,sc01,t3310,5000.0,5000.0,5000.0,5000.0
period1,sc01,t3311,5000.0,5000.0,5000.0,5000.0
period1,sc01,t3312,5000.0,5000.0,5000.0,5000.0
period1,sc01,t3313,5000.0,5000.0,5000.0,5000.0
period1,sc01,t3314,5000.0,5000.0,5000.0,5000.0
period1,sc01,t3315,5000.0,5000.0,5000.0,5000.0
period1,sc01,t3316,5000.0,5000.0,5000.0,5000.0
period1,sc01,t3317,5000.0,5000.0,5000.0,5000.0
period1,sc01,t3318,5000.0,5000.0,5000.0,5000.0
period1,sc01,t3319,5000.0,5000.0,5000.0,5000.0
period1,sc01,t3320,5000.0,5000.0,5000.0,5000.0
period1,sc01,t3321,5000.0,5000.0,5000.0,5000.0
period1,sc01,t3322,5000.0,5000.0,5000.0,5000.0
period1,sc01,t3323,5000.0,5000.0,5000.0,5000.0
period1,sc01,t3324,5000.0,5000.0,5000.0,5000.0
period1,sc01,t3325,5000.0,5000.0,5000.0,5000.0
period1,sc01,t3326,5000.0,5000.0,5000.0,5000.0
period1,sc01,t3327,5000.0,5000.0,5000.0,5000.0
period1,sc01,t3328,5000.0,5000.0,5000.0,5000.0
period1,sc01,t3329,5000.0,5000.0,5000.0,5000.0
period1,sc01,t3330,5000.0,5000.0,5000.0,5000.0
period1,sc01,t3331,5000.0,5000.0,5000.0,5000.0
period1,sc01,t3332,5000.0,5000.0,5000.0,5000.0
period1,sc01,t3333,5000.0,5000.0,5000.0,5000.0
period1,sc01,t3334,5000.0,5000.0,5000.0,5000.0
period1,sc01,t3335,5000.0,5000.0,5000.0,5000.0
period1,sc01,t3336,5000.0,5000.0,5000.0,5000.0
period1,sc01,t3337,5000.0,5000.0,5000.0,5000.0
period1,sc01,t3338,5000.0,5000.0,5000.0,5000.0
period1,sc01,t3339,5000.0,5000.0,5000.0,5000.0
period1,sc01,t3340,5000.0,5000.0,5000.0,5000.0
period1,sc01,t3341,5000.0,5000.0,5000.0,5000.0
period1,sc01,t3342,5000.0,5000.0,5000.0,5000.0
period1,sc01,t3343,5000.0,5000.0,5000.0,5000.0
period1,sc01,t3344,5000.0,5000.0,5000.0,5000.0
period1,sc01,t3345,5000.0,5000.0,5000.0,5000.0
period1,sc01,t3346,5000.0,5000.0,5000.0,5000.0
period1,sc01,t3347,5000.0,5000.0,5000.0,5000.0
period1,sc01,t3348,5000.0,5000.0,5000.0,5000.0
period1,sc01,t3349,5000.0,5000.0,5000.0,5000.0
period1,sc01,t3350,5000.0,5000.0,5000.0,5000.0
period1,sc01,t3351,5000.0,5000.0,5000.0,5000.0
period1,sc01,t3352,5000.0,5000.0,5000.0,5000.0
period1,sc01,t3353,5000.0,5000.0,5000.0,5000.0
period1,sc01,t3354,5000.0,5000.0,5000.0,5000.0
period1,sc01,t3355,5000.0,5000.0,5000.0,5000.0
period1,sc01,t3356,5000.0,5000.0,5000.0,5000.0
period1,sc01,t3357,5000.0,5000.0,5000.0,5000.0
period1,sc01,t3358,5000.0,5000.0,5000.0,5000.0
period1,sc01,t3359,5000.0,5000.0,5000.0,5000.0
period1,sc01,t3360,5000.0,5000.0,5000.0,5000.0
period1,sc01,t3361,5000.0,5000.0,5000.0,5000.0
period1,sc01,t3362,5000.0,5000.0,5000.0,5000.0
period1,sc01,t3363,5000.0,5000.0,5000.0,5000.0
period1,sc01,t3364,5000.0,5000.0,5000.0,5000.0
period1,sc01,t3365,5000.0,5000.0,5000.0,5000.0
period1,sc01,t3366,5000.0,5000.0,5000.0,5000.0
period1,sc01,t3367,5000.0,5000.0,5000.0,5000.0
period1,sc01,t3368,5000.0,5000.0,5000.0,5000.0
period1,sc01,t3369,5000.0,5000.0,5000.0,5000.0
period1,sc01,t3370,5000.0,5000.0,5000.0,5000.0
period1,sc01,t3371,5000.0,5000.0,5000.0,5000.0
period1,sc01,t3372,5000.0,5000.0,5000.0,5000.0
period1,sc01,t3373,5000.0,5000.0,5000.0,5000.0
period1,sc01,t3374,5000.0,5000.0,5000.0,5000.0
period1,sc01,t3375,5000.0,5000.0,5000.0,5000.0
period1,sc01,t3376,5000.0,5000.0,5000.0,5000.0
period1,sc01,t3377,5000.0,5000.0,5000.0,5000.0
period1,sc01,t3378,5000.0,5000.0,5000.0,5000.0
period1,sc01,t3379,5000.0,5000.0,5000.0,5000.0
period1,sc01,t3380,5000.0,5000.0,5000.0,5000.0
period1,sc01,t3381,5000.0,5000.0,5000.0,5000.0
period1,sc01,t3382,5000.0,5000.0,5000.0,5000.0
period1,sc01,t3383,5000.0,5000.0,5000.0,5000.0
period1,sc01,t3384,5000.0,5000.0,5000.0,5000.0
period1,sc01,t3385,5000.0,5000.0,5000.0,5000.0
period1,sc01,t3386,5000.0,5000.0,5000.0,5000.0
period1,sc01,t3387,5000.0,5000.0,5000.0,5000.0
period1,sc01,t3388,5000.0,5000.0,5000.0,5000.0
period1,sc01,t3389,5000.0,5000.0,5000.0,5000.0
period1,sc01,t3390,5000.0,5000.0,5000.0,5000.0
period1,sc01,t3391,5000.0,5000.0,5000.0,5000.0
period1,sc01,t3392,5000.0,5000.0,5000.0,5000.0
period1,sc01,t3393,5000.0,5000.0,5000.0,5000.0
period1,sc01,t3394,5000.0,5000.0,5000.0,5000.0
period1,sc01,t3395,5000.0,5000.0,5000.0,5000.0
period1,sc01,t3396,5000.0,5000.0,5000.0,5000.0
period1,sc01,t3397,5000.0,5000.0,5000.0,5000.0
period1,sc01,t3398,5000.0,5000.0,5000.0,5000.0
period1,sc01,t3399,5000.0,5000.0,5000.0,5000.0
period1,sc01,t3400,5000.0,5000.0,5000.0,5000.0
period1,sc01,t3401,5000.0,5000.0,5000.0,5000.0
period1,sc01,t3402,5000.0,5000.0,5000.0,5000.0
period1,sc01,t3403,5000.0,5000.0,5000.0,5000.0
period1,sc01,t3404,5000.0,5000.0,5000.0,5000.0
period1,sc01,t3405,5000.0,5000.0,5000.0,5000.0
period1,sc01,t3406,5000.0,5000.0,5000.0,5000.0
period1,sc01,t3407,5000.0,5000.0,5000.0,5000.0
period1,sc01,t3408,5000.0,5000.0,5000.0,5000.0
period1,sc01,t3409,5000.0,5000.0,5000.0,5000.0
period1,sc01,t3410,5000.0,5000.0,5000.0,5000.0
period1,sc01,t3411,5000.0,5000.0,5000.0,5000.0
period1,sc01,t3412,5000.0,5000.0,5000.0,5000.0
period1,sc01,t3413,5000.0,5000.0,5000.0,5000.0
period1,sc01,t3414,5000.0,5000.0,5000.0,5000.0
period1,sc01,t3415,5000.0,5000.0,5000.0,5000.0
period1,sc01,t3416,5000.0,5000.0,5000.0,5000.0
period1,sc01,t3417,5000.0,5000.0,5000.0,5000.0
period1,sc01,t3418,5000.0,5000.0,5000.0,5000.0
period1,sc01,t3419,5000.0,5000.0,5000.0,5000.0
period1,sc01,t3420,5000.0,5000.0,5000.0,5000.0
period1,sc01,t3421,5000.0,5000.0,5000.0,5000.0
period1,sc01,t3422,5000.0,5000.0,5000.0,5000.0
period1,sc01,t3423,5000.0,5000.0,5000.0,5000.0
period1,sc01,t3424,5000.0,5000.0,5000.0,5000.0
period1,sc01,t3425,5000.0,5000.0,5000.0,5000.0
period1,sc01,t3426,5000.0,5000.0,5000.0,5000.0
period1,sc01,t3427,5000.0,5000.0,5000.0,5000.0
period1,sc01,t3428,5000.0,5000.0,5000.0,5000.0
period1,sc01,t3429,5000.0,5000.0,5000.0,5000.0
period1,sc01,t3430,5000.0,5000.0,5000.0,5000.0
period1,sc01,t3431,5000.0,5000.0,5000.0,5000.0
period1,sc01,t3432,5000.0,5000.0,5000.0,5000.0
period1,sc01,t3433,5000.0,5000.0,5000.0,5000.0
period1,sc01,t3434,5000.0,5000.0,5000.0,5000.0
period1,sc01,t3435,5000.0,5000.0,5000.0,5000.0
period1,sc01,t3436,5000.0,5000.0,5000.0,5000.0
period1,sc01,t3437,5000.0,5000.0,5000.0,5000.0
period1,sc01,t3438,5000.0,5000.0,5000.0,5000.0
period1,sc01,t3439,5000.0,5000.0,5000.0,5000.0
period1,sc01,t3440,5000.0,5000.0,5000.0,5000.0
period1,sc01,t3441,5000.0,5000.0,5000.0,5000.0
period1,sc01,t3442,5000.0,5000.0,5000.0,5000.0
period1,sc01,t3443,5000.0,5000.0,5000.0,5000.0
period1,sc01,t3444,5000.0,5000.0,5000.0,5000.0
period1,sc01,t3445,5000.0,5000.0,5000.0,5000.0
period1,sc01,t3446,5000.0,5000.0,5000.0,5000.0
period1,sc01,t3447,5000.0,5000.0,5000.0,5000.0
period1,sc01,t3448,5000.0,5000.0,5000.0,5000.0
period1,sc01,t3449,5000.0,5000.0,5000.0,5000.0
period1,sc01,t3450,5000.0,5000.0,5000.0,5000.0
period1,sc01,t3451,5000.0,5000.0,5000.0,5000.0
period1,sc01,t3452,5000.0,5000.0,5000.0,5000.0
period1,sc01,t3453,5000.0,5000.0,5000.0,5000.0
period1,sc01,t3454,5000.0,5000.0,5000.0,5000.0
period1,sc01,t3455,5000.0,5000.0,5000.0,5000.0
period1,sc01,t3456,5000.0,5000.0,5000.0,5000.0
period1,sc01,t3457,5000.0,5000.0,5000.0,5000.0
period1,sc01,t3458,5000.0,5000.0,5000.0,5000.0
period1,sc01,t3459,5000.0,5000.0,5000.0,5000.0
period1,sc01,t3460,5000.0,5000.0,5000.0,5000.0
period1,sc01,t3461,5000.0,5000.0,5000.0,5000.0
period1,sc01,t3462,5000.0,5000.0,5000.0,5000.0
period1,sc01,t3463,5000.0,5000.0,5000.0,5000.0
period1,sc01,t3464,5000.0,5000.0,5000.0,5000.0
period1,sc01,t3465,5000.0,5000.0,5000.0,5000.0
period1,sc01,t3466,5000.0,5000.0,5000.0,5000.0
period1,sc01,t3467,5000.0,5000.0,5000.0,5000.0
period1,sc01,t3468,5000.0,5000.0,5000.0,5000.0
period1,sc01,t3469,5000.0,5000.0,5000.0,5000.0
period1,sc01,t3470,5000.0,5000.0,5000.0,5000.0
period1,sc01,t3471,5000.0,5000.0,5000.0,5000.0
period1,sc01,t3472,5000.0,5000.0,5000.0,5000.0
period1,sc01,t3473,5000.0,5000.0,5000.0,5000.0
period1,sc01,t3474,5000.0,5000.0,5000.0,5000.0
period1,sc01,t3475,5000.0,5000.0,5000.0,5000.0
period1,sc01,t3476,5000.0,5000.0,5000.0,5000.0
period1,sc01,t3477,5000.0,5000.0,5000.0,5000.0
period1,sc01,t3478,5000.0,5000.0,5000.0,5000.0
period1,sc01,t3479,5000.0,5000.0,5000.0,5000.0
period1,sc01,t3480,5000.0,5000.0,5000.0,5000.0
period1,sc01,t3481,5000.0,5000.0,5000.0,5000.0
period1,sc01,t3482,5000.0,5000.0,5000.0,5000.0
period1,sc01,t3483,5000.0,5000.0,5000.0,5000.0
period1,sc01,t3484,5000.0,5000.0,5000.0,5000.0
period1,sc01,t3485,5000.0,5000.0,5000.0,5000.0
period1,sc01,t3486,5000.0,5000.0,5000.0,5000.0
period1,sc01,t3487,5000.0,5000.0,5000.0,5000.0
period1,sc01,t3488,5000.0,5000.0,5000.0,5000.0
period1,sc01,t3489,5000.0,5000.0,5000.0,5000.0
period1,sc01,t3490,5000.0,5000.0,5000.0,5000.0
period1,sc01,t3491,5000.0,5000.0,5000.0,5000.0
period1,sc01,t3492,5000.0,5000.0,5000.0,5000.0
period1,sc01,t3493,5000.0,5000.0,5000.0,5000.0
period1,sc01,t3494,5000.0,5000.0,5000.0,5000.0
period1,sc01,t3495,5000.0,5000.0,5000.0,5000.0
period1,sc01,t3496,5000.0,5000.0,5000.0,5000.0
period1,sc01,t3497,5000.0,5000.0,5000.0,5000.0
period1,sc01,t3498,5000.0,5000.0,5000.0,5000.0
period1,sc01,t3499,5000.0,5000.0,5000.0,5000.0
period1,sc01,t3500,5000.0,5000.0,5000.0,5000.0
period1,sc01,t3501,5000.0,5000.0,5000.0,5000.0
period1,sc01,t3502,5000.0,5000.0,5000.0,5000.0
period1,sc01,t3503,5000.0,5000.0,5000.0,5000.0
period1,sc01,t3504,5000.0,5000.0,5000.0,5000.0
period1,sc01,t3505,5000.0,5000.0,5000.0,5000.0
period1,sc01,t3506,5000.0,5000.0,5000.0,5000.0
period1,sc01,t3507,5000.0,5000.0,5000.0,5000.0
period1,sc01,t3508,5000.0,5000.0,5000.0,5000.0
period1,sc01,t3509,5000.0,5000.0,5000.0,5000.0
period1,sc01,t3510,5000.0,5000.0,5000.0,5000.0
period1,sc01,t3511,5000.0,5000.0,5000.0,5000.0
period1,sc01,t3512,5000.0,5000.0,5000.0,5000.0
period1,sc01,t3513,5000.0,5000.0,5000.0,5000.0
period1,sc01,t3514,5000.0,5000.0,5000.0,5000.0
period1,sc01,t3515,5000.0,5000.0,5000.0,5000.0
period1,sc01,t3516,5000.0,5000.0,5000.0,5000.0
period1,sc01,t3517,5000.0,5000.0,5000.0,5000.0
period1,sc01,t3518,5000.0,5000.0,5000.0,5000.0
period1,sc01,t3519,5000.0,5000.0,5000.0,5000.0
period1,sc01,t3520,5000.0,5000.0,5000.0,5000.0
period1,sc01,t3521,5000.0,5000.0,5000.0,5000.0
period1,sc01,t3522,5000.0,5000.0,5000.0,5000.0
period1,sc01,t3523,5000.0,5000.0,5000.0,5000.0
period1,sc01,t3524,5000.0,5000.0,5000.0,5000.0
period1,sc01,t3525,5000.0,5000.0,5000.0,5000.0
period1,sc01,t3526,5000.0,5000.0,5000.0,5000.0
period1,sc01,t3527,5000.0,5000.0,5000.0,5000.0
period1,sc01,t3528,5000.0,5000.0,5000.0,5000.0
period1,sc01,t3529,5000.0,5000.0,5000.0,5000.0
period1,sc01,t3530,5000.0,5000.0,5000.0,5000.0
period1,sc01,t3531,5000.0,5000.0,5000.0,5000.0
period1,sc01,t3532,5000.0,5000.0,5000.0,5000.0
period1,sc01,t3533,5000.0,5000.0,5000.0,5000.0
period1,sc01,t3534,5000.0,5000.0,5000.0,5000.0
period1,sc01,t3535,5000.0,5000.0,5000.0,5000.0
period1,sc01,t3536,5000.0,5000.0,5000.0,5000.0
period1,sc01,t3537,5000.0,5000.0,5000.0,5000.0
period1,sc01,t3538,5000.0,5000.0,5000.0,5000.0
period1,sc01,t3539,5000.0,5000.0,5000.0,5000.0
period1,sc01,t3540,5000.0,5000.0,5000.0,5000.0
period1,sc01,t3541,5000.0,5000.0,5000.0,5000.0
period1,sc01,t3542,5000.0,5000.0,5000.0,5000.0
period1,sc01,t3543,5000.0,5000.0,5000.0,5000.0
period1,sc01,t3544,5000.0,5000.0,5000.0,5000.0
period1,sc01,t3545,5000.0,5000.0,5000.0,5000.0
period1,sc01,t3546,5000.0,5000.0,5000.0,5000.0
period1,sc01,t3547,5000.0,5000.0,5000.0,5000.0
period1,sc01,t3548,5000.0,5000.0,5000.0,5000.0
period1,sc01,t3549,5000.0,5000.0,5000.0,5000.0
period1,sc01,t3550,5000.0,5000.0,5000.0,5000.0
period1,sc01,t3551,5000.0,5000.0,5000.0,5000.0
period1,sc01,t3552,5000.0,5000.0,5000.0,5000.0
period1,sc01,t3553,5000.0,5000.0,5000.0,5000.0
period1,sc01,t3554,5000.0,5000.0,5000.0,5000.0
period1,sc01,t3555,5000.0,5000.0,5000.0,5000.0
period1,sc01,t3556,5000.0,5000.0,5000.0,5000.0
period1,sc01,t3557,5000.0,5000.0,5000.0,5000.0
period1,sc01,t3558,5000.0,5000.0,5000.0,5000.0
period1,sc01,t3559,5000.0,5000.0,5000.0,5000.0
period1,sc01,t3560,5000.0,5000.0,5000.0,5000.0
period1,sc01,t3561,5000.0,5000.0,5000.0,5000.0
period1,sc01,t3562,5000.0,5000.0,5000.0,5000.0
period1,sc01,t3563,5000.0,5000.0,5000.0,5000.0
period1,sc01,t3564,5000.0,5000.0,5000.0,5000.0
period1,sc01,t3565,5000.0,5000.0,5000.0,5000.0
period1,sc01,t3566,5000.0,5000.0,5000.0,5000.0
period1,sc01,t3567,5000.0,5000.0,5000.0,5000.0
period1,sc01,t3568,5000.0,5000.0,5000.0,5000.0
period1,sc01,t3569,5000.0,5000.0,5000.0,5000.0
period1,sc01,t3570,5000.0,5000.0,5000.0,5000.0
period1,sc01,t3571,5000.0,5000.0,5000.0,5000.0
period1,sc01,t3572,5000.0,5000.0,5000.0,5000.0
period1,sc01,t3573,5000.0,5000.0,5000.0,5000.0
period1,sc01,t3574,5000.0,5000.0,5000.0,5000.0
period1,sc01,t3575,5000.0,5000.0,5000.0,5000.0
period1,sc01,t3576,5000.0,5000.0,5000.0,5000.0
period1,sc01,t3577,5000.0,5000.0,5000.0,5000.0
period1,sc01,t3578,5000.0,5000.0,5000.0,5000.0
period1,sc01,t3579,5000.0,5000.0,5000.0,5000.0
period1,sc01,t3580,5000.0,5000.0,5000.0,5000.0
period1,sc01,t3581,5000.0,5000.0,5000.0,5000.0
period1,sc01,t3582,5000.0,5000.0,5000.0,5000.0
period1,sc01,t3583,5000.0,5000.0,5000.0,5000.0
period1,sc01,t3584,5000.0,5000.0,5000.0,5000.0
period1,sc01,t3585,5000.0,5000.0,5000.0,5000.0
period1,sc01,t3586,5000.0,5000.0,5000.0,5000.0
period1,sc01,t3587,5000.0,5000.0,5000.0,5000.0
period1,sc01,t3588,5000.0,5000.0,5000.0,5000.0
period1,sc01,t3589,5000.0,5000.0,5000.0,5000.0
period1,sc01,t3590,5000.0,5000.0,5000.0,5000.0
period1,sc01,t3591,5000.0,5000.0,5000.0,5000.0
period1,sc01,t3592,5000.0,5000.0,5000.0,5000.0
period1,sc01,t3593,5000.0,5000.0,5000.0,5000.0
period1,sc01,t3594,5000.0,5000.0,5000.0,5000.0
period1,sc01,t3595,5000.0,5000.0,5000.0,5000.0
period1,sc01,t3596,5000.0,5000.0,5000.0,5000.0
period1,sc01,t3597,5000.0,5000.0,5000.0,5000.0
period1,sc01,t3598,5000.0,5000.0,5000.0,5000.0
period1,sc01,t3599,5000.0,5000.0,5000.0,5000.0
period1,sc01,t3600,5000.0,5000.0,5000.0,5000.0
period1,sc01,t3601,5000.0,5000.0,5000.0,5000.0
period1,sc01,t3602,5000.0,5000.0,5000.0,5000.0
period1,sc01,t3603,5000.0,5000.0,5000.0,5000.0
period1,sc01,t3604,5000.0,5000.0,5000.0,5000.0
period1,sc01,t3605,5000.0,5000.0,5000.0,5000.0
period1,sc01,t3606,5000.0,5000.0,5000.0,5000.0
period1,sc01,t3607,5000.0,5000.0,5000.0,5000.0
period1,sc01,t3608,5000.0,5000.0,5000.0,5000.0
period1,sc01,t3609,5000.0,5000.0,5000.0,5000.0
period1,sc01,t3610,5000.0,5000.0,5000.0,5000.0
period1,sc01,t3611,5000.0,5000.0,5000.0,5000.0
period1,sc01,t3612,5000.0,5000.0,5000.0,5000.0
period1,sc01,t3613,5000.0,5000.0,5000.0,5000.0
period1,sc01,t3614,5000.0,5000.0,5000.0,5000.0
period1,sc01,t3615,5000.0,5000.0,5000.0,5000.0
period1,sc01,t3616,5000.0,5000.0,5000.0,5000.0
period1,sc01,t3617,5000.0,5000.0,5000.0,5000.0
period1,sc01,t3618,5000.0,5000.0,5000.0,5000.0
period1,sc01,t3619,5000.0,5000.0,5000.0,5000.0
period1,sc01,t3620,5000.0,5000.0,5000.0,5000.0
period1,sc01,t3621,5000.0,5000.0,5000.0,5000.0
period1,sc01,t3622,5000.0,5000.0,5000.0,5000.0
period1,sc01,t3623,5000.0,5000.0,5000.0,5000.0
period1,sc01,t3624,5000.0,5000.0,5000.0,5000.0
period1,sc01,t3625,5000.0,5000.0,5000.0,5000.0
period1,sc01,t3626,5000.0,5000.0,5000.0,5000.0
period1,sc01,t3627,5000.0,5000.0,5000.0,5000.0
period1,sc01,t3628,5000.0,5000.0,5000.0,5000.0
period1,sc01,t3629,5000.0,5000.0,5000.0,5000.0
period1,sc01,t3630,5000.0,5000.0,5000.0,5000.0
period1,sc01,t3631,5000.0,5000.0,5000.0,5000.0
period1,sc01,t3632,5000.0,5000.0,5000.0,5000.0
period1,sc01,t3633,5000.0,5000.0,5000.0,5000.0
period1,sc01,t3634,5000.0,5000.0,5000.0,5000.0
period1,sc01,t3635,5000.0,5000.0,5000.0,5000.0
period1,sc01,t3636,5000.0,5000.0,5000.0,5000.0
period1,sc01,t3637,5000.0,5000.0,5000.0,5000.0
period1,sc01,t3638,5000.0,5000.0,5000.0,5000.0
period1,sc01,t3639,5000.0,5000.0,5000.0,5000.0
period1,sc01,t3640,5000.0,5000.0,5000.0,5000.0
period1,sc01,t3641,5000.0,5000.0,5000.0,5000.0
period1,sc01,t3642,5000.0,5000.0,5000.0,5000.0
period1,sc01,t3643,5000.0,5000.0,5000.0,5000.0
period1,sc01,t3644,5000.0,5000.0,5000.0,5000.0
period1,sc01,t3645,5000.0,5000.0,5000.0,5000.0
period1,sc01,t3646,5000.0,5000.0,5000.0,5000.0
period1,sc01,t3647,5000.0,5000.0,5000.0,5000.0
period1,sc01,t3648,5000.0,5000.0,5000.0,5000.0
period1,sc01,t3649,5000.0,5000.0,5000.0,5000.0
period1,sc01,t3650,5000.0,5000.0,5000.0,5000.0
period1,sc01,t3651,5000.0,5000.0,5000.0,5000.0
period1,sc01,t3652,5000.0,5000.0,5000.0,5000.0
period1,sc01,t3653,5000.0,5000.0,5000.0,5000.0
period1,sc01,t3654,5000.0,5000.0,5000.0,5000.0
period1,sc01,t3655,5000.0,5000.0,5000.0,5000.0
period1,sc01,t3656,5000.0,5000.0,5000.0,5000.0
period1,sc01,t3657,5000.0,5000.0,5000.0,5000.0
period1,sc01,t3658,5000.0,5000.0,5000.0,5000.0
period1,sc01,t3659,5000.0,5000.0,5000.0,5000.0
period1,sc01,t3660,5000.0,5000.0,5000.0,5000.0
period1,sc01,t3661,5000.0,5000.0,5000.0,5000.0
period1,sc01,t3662,5000.0,5000.0,5000.0,5000.0
period1,sc01,t3663,5000.0,5000.0,5000.0,5000.0
period1,sc01,t3664,5000.0,5000.0,5000.0,5000.0
period1,sc01,t3665,5000.0,5000.0,5000.0,5000.0
period1,sc01,t3666,5000.0,5000.0,5000.0,5000.0
period1,sc01,t3667,5000.0,5000.0,5000.0,5000.0
period1,sc01,t3668,5000.0,5000.0,5000.0,5000.0
period1,sc01,t3669,5000.0,5000.0,5000.0,5000.0
period1,sc01,t3670,5000.0,5000.0,5000.0,5000.0
period1,sc01,t3671,5000.0,5000.0,5000.0,5000.0
period1,sc01,t3672,5000.0,5000.0,5000.0,5000.0
period1,sc01,t3673,5000.0,5000.0,5000.0,5000.0
period1,sc01,t3674,5000.0,5000.0,5000.0,5000.0
period1,sc01,t3675,5000.0,5000.0,5000.0,5000.0
period1,sc01,t3676,5000.0,5000.0,5000.0,5000.0
period1,sc01,t3677,5000.0,5000.0,5000.0,5000.0
period1,sc01,t3678,5000.0,5000.0,5000.0,5000.0
period1,sc01,t3679,5000.0,5000.0,5000.0,5000.0
period1,sc01,t3680,5000.0,5000.0,5000.0,5000.0
period1,sc01,t3681,5000.0,5000.0,5000.0,5000.0
period1,sc01,t3682,5000.0,5000.0,5000.0,5000.0
period1,sc01,t3683,5000.0,5000.0,5000.0,5000.0
period1,sc01,t3684,5000.0,5000.0,5000.0,5000.0
period1,sc01,t3685,5000.0,5000.0,5000.0,5000.0
period1,sc01,t3686,5000.0,5000.0,5000.0,5000.0
period1,sc01,t3687,5000.0,5000.0,5000.0,5000.0
period1,sc01,t3688,5000.0,5000.0,5000.0,5000.0
period1,sc01,t3689,5000.0,5000.0,5000.0,5000.0
period1,sc01,t3690,5000.0,5000.0,5000.0,5000.0
period1,sc01,t3691,5000.0,5000.0,5000.0,5000.0
period1,sc01,t3692,5000.0,5000.0,5000.0,5000.0
period1,sc01,t3693,5000.0,5000.0,5000.0,5000.0
period1,sc01,t3694,5000.0,5000.0,5000.0,5000.0
period1,sc01,t3695,5000.0,5000.0,5000.0,5000.0
period1,sc01,t3696,5000.0,5000.0,5000.0,5000.0
period1,sc01,t3697,5000.0,5000.0,5000.0,5000.0
period1,sc01,t3698,5000.0,5000.0,5000.0,5000.0
period1,sc01,t3699,5000.0,5000.0,5000.0,5000.0
period1,sc01,t3700,5000.0,5000.0,5000.0,5000.0
period1,sc01,t3701,5000.0,5000.0,5000.0,5000.0
period1,sc01,t3702,5000.0,5000.0,5000.0,5000.0
period1,sc01,t3703,5000.0,5000.0,5000.0,5000.0
period1,sc01,t3704,5000.0,5000.0,5000.0,5000.0
period1,sc01,t3705,5000.0,5000.0,5000.0,5000.0
period1,sc01,t3706,5000.0,5000.0,5000.0,5000.0
period1,sc01,t3707,5000.0,5000.0,5000.0,5000.0
period1,sc01,t3708,5000.0,5000.0,5000.0,5000.0
period1,sc01,t3709,5000.0,5000.0,5000.0,5000.0
period1,sc01,t3710,5000.0,5000.0,5000.0,5000.0
period1,sc01,t3711,5000.0,5000.0,5000.0,5000.0
period1,sc01,t3712,5000.0,5000.0,5000.0,5000.0
period1,sc01,t3713,5000.0,5000.0,5000.0,5000.0
period1,sc01,t3714,5000.0,5000.0,5000.0,5000.0
period1,sc01,t3715,5000.0,5000.0,5000.0,5000.0
period1,sc01,t3716,5000.0,5000.0,5000.0,5000.0
period1,sc01,t3717,5000.0,5000.0,5000.0,5000.0
period1,sc01,t3718,5000.0,5000.0,5000.0,5000.0
period1,sc01,t3719,5000.0,5000.0,5000.0,5000.0
period1,sc01,t3720,5000.0,5000.0,5000.0,5000.0
period1,sc01,t3721,5000.0,5000.0,5000.0,5000.0
period1,sc01,t3722,5000.0,5000.0,5000.0,5000.0
period1,sc01,t3723,5000.0,5000.0,5000.0,5000.0
period1,sc01,t3724,5000.0,5000.0,5000.0,5000.0
period1,sc01,t3725,5000.0,5000.0,5000.0,5000.0
period1,sc01,t3726,5000.0,5000.0,5000.0,5000.0
period1,sc01,t3727,5000.0,5000.0,5000.0,5000.0
period1,sc01,t3728,5000.0,5000.0,5000.0,5000.0
period1,sc01,t3729,5000.0,5000.0,5000.0,5000.0
period1,sc01,t3730,5000.0,5000.0,5000.0,5000.0
period1,sc01,t3731,5000.0,5000.0,5000.0,5000.0
period1,sc01,t3732,5000.0,5000.0,5000.0,5000.0
period1,sc01,t3733,5000.0,5000.0,5000.0,5000.0
period1,sc01,t3734,5000.0,5000.0,5000.0,5000.0
period1,sc01,t3735,5000.0,5000.0,5000.0,5000.0
period1,sc01,t3736,5000.0,5000.0,5000.0,5000.0
period1,sc01,t3737,5000.0,5000.0,5000.0,5000.0
period1,sc01,t3738,5000.0,5000.0,5000.0,5000.0
period1,sc01,t3739,5000.0,5000.0,5000.0,5000.0
period1,sc01,t3740,5000.0,5000.0,5000.0,5000.0
period1,sc01,t3741,5000.0,5000.0,5000.0,5000.0
period1,sc01,t3742,5000.0,5000.0,5000.0,5000.0
period1,sc01,t3743,5000.0,5000.0,5000.0,5000.0
period1,sc01,t3744,5000.0,5000.0,5000.0,5000.0
period1,sc01,t3745,5000.0,5000.0,5000.0,5000.0
period1,sc01,t3746,5000.0,5000.0,5000.0,5000.0
period1,sc01,t3747,5000.0,5000.0,5000.0,5000.0
period1,sc01,t3748,5000.0,5000.0,5000.0,5000.0
period1,sc01,t3749,5000.0,5000.0,5000.0,5000.0
period1,sc01,t3750,5000.0,5000.0,5000.0,5000.0
period1,sc01,t3751,5000.0,5000.0,5000.0,5000.0
period1,sc01,t3752,5000.0,5000.0,5000.0,5000.0
period1,sc01,t3753,5000.0,5000.0,5000.0,5000.0
period1,sc01,t3754,5000.0,5000.0,5000.0,5000.0
period1,sc01,t3755,5000.0,5000.0,5000.0,5000.0
period1,sc01,t3756,5000.0,5000.0,5000.0,5000.0
period1,sc01,t3757,5000.0,5000.0,5000.0,5000.0
period1,sc01,t3758,5000.0,5000.0,5000.0,5000.0
period1,sc01,t3759,5000.0,5000.0,5000.0,5000.0
period1,sc01,t3760,5000.0,5000.0,5000.0,5000.0
period1,sc01,t3761,5000.0,5000.0,5000.0,5000.0
period1,sc01,t3762,5000.0,5000.0,5000.0,5000.0
period1,sc01,t3763,5000.0,5000.0,5000.0,5000.0
period1,sc01,t3764,5000.0,5000.0,5000.0,5000.0
period1,sc01,t3765,5000.0,5000.0,5000.0,5000.0
period1,sc01,t3766,5000.0,5000.0,5000.0,5000.0
period1,sc01,t3767,5000.0,5000.0,5000.0,5000.0
period1,sc01,t3768,5000.0,5000.0,5000.0,5000.0
period1,sc01,t3769,5000.0,5000.0,5000.0,5000.0
period1,sc01,t3770,5000.0,5000.0,5000.0,5000.0
period1,sc01,t3771,5000.0,5000.0,5000.0,5000.0
period1,sc01,t3772,5000.0,5000.0,5000.0,5000.0
period1,sc01,t3773,5000.0,5000.0,5000.0,5000.0
period1,sc01,t3774,5000.0,5000.0,5000.0,5000.0
period1,sc01,t3775,5000.0,5000.0,5000.0,5000.0
period1,sc01,t3776,5000.0,5000.0,5000.0,5000.0
period1,sc01,t3777,5000.0,5000.0,5000.0,5000.0
period1,sc01,t3778,5000.0,5000.0,5000.0,5000.0
period1,sc01,t3779,5000.0,5000.0,5000.0,5000.0
period1,sc01,t3780,5000.0,5000.0,5000.0,5000.0
period1,sc01,t3781,5000.0,5000.0,5000.0,5000.0
period1,sc01,t3782,5000.0,5000.0,5000.0,5000.0
period1,sc01,t3783,5000.0,5000.0,5000.0,5000.0
period1,sc01,t3784,5000.0,5000.0,5000.0,5000.0
period1,sc01,t3785,5000.0,5000.0,5000.0,5000.0
period1,sc01,t3786,5000.0,5000.0,5000.0,5000.0
period1,sc01,t3787,5000.0,5000.0,5000.0,5000.0
period1,sc01,t3788,5000.0,5000.0,5000.0,5000.0
period1,sc01,t3789,5000.0,5000.0,5000.0,5000.0
period1,sc01,t3790,5000.0,5000.0,5000.0,5000.0
period1,sc01,t3791,5000.0,5000.0,5000.0,5000.0
period1,sc01,t3792,5000.0,5000.0,5000.0,5000.0
period1,sc01,t3793,5000.0,5000.0,5000.0,5000.0
period1,sc01,t3794,5000.0,5000.0,5000.0,5000.0
period1,sc01,t3795,5000.0,5000.0,5000.0,5000.0
period1,sc01,t3796,5000.0,5000.0,5000.0,5000.0
period1,sc01,t3797,5000.0,5000.0,5000.0,5000.0
period1,sc01,t3798,5000.0,5000.0,5000.0,5000.0
period1,sc01,t3799,5000.0,5000.0,5000.0,5000.0
period1,sc01,t3800,5000.0,5000.0,5000.0,5000.0
period1,sc01,t3801,5000.0,5000.0,5000.0,5000.0
period1,sc01,t3802,5000.0,5000.0,5000.0,5000.0
period1,sc01,t3803,5000.0,5000.0,5000.0,5000.0
period1,sc01,t3804,5000.0,5000.0,5000.0,5000.0
period1,sc01,t3805,5000.0,5000.0,5000.0,5000.0
period1,sc01,t3806,5000.0,5000.0,5000.0,5000.0
period1,sc01,t3807,5000.0,5000.0,5000.0,5000.0
period1,sc01,t3808,5000.0,5000.0,5000.0,5000.0
period1,sc01,t3809,5000.0,5000.0,5000.0,5000.0
period1,sc01,t3810,5000.0,5000.0,5000.0,5000.0
period1,sc01,t3811,5000.0,5000.0,5000.0,5000.0
period1,sc01,t3812,5000.0,5000.0,5000.0,5000.0
period1,sc01,t3813,5000.0,5000.0,5000.0,5000.0
period1,sc01,t3814,5000.0,5000.0,5000.0,5000.0
period1,sc01,t3815,5000.0,5000.0,5000.0,5000.0
period1,sc01,t3816,5000.0,5000.0,5000.0,5000.0
period1,sc01,t3817,5000.0,5000.0,5000.0,5000.0
period1,sc01,t3818,5000.0,5000.0,5000.0,5000.0
period1,sc01,t3819,5000.0,5000.0,5000.0,5000.0
period1,sc01,t3820,5000.0,5000.0,5000.0,5000.0
period1,sc01,t3821,5000.0,5000.0,5000.0,5000.0
period1,sc01,t3822,5000.0,5000.0,5000.0,5000.0
period1,sc01,t3823,5000.0,5000.0,5000.0,5000.0
period1,sc01,t3824,5000.0,5000.0,5000.0,5000.0
period1,sc01,t3825,5000.0,5000.0,5000.0,5000.0
period1,sc01,t3826,5000.0,5000.0,5000.0,5000.0
period1,sc01,t3827,5000.0,5000.0,5000.0,5000.0
period1,sc01,t3828,5000.0,5000.0,5000.0,5000.0
period1,sc01,t3829,5000.0,5000.0,5000.0,5000.0
period1,sc01,t3830,5000.0,5000.0,5000.0,5000.0
period1,sc01,t3831,5000.0,5000.0,5000.0,5000.0
period1,sc01,t3832,5000.0,5000.0,5000.0,5000.0
period1,sc01,t3833,5000.0,5000.0,5000.0,5000.0
period1,sc01,t3834,5000.0,5000.0,5000.0,5000.0
period1,sc01,t3835,5000.0,5000.0,5000.0,5000.0
period1,sc01,t3836,5000.0,5000.0,5000.0,5000.0
period1,sc01,t3837,5000.0,5000.0,5000.0,5000.0
period1,sc01,t3838,5000.0,5000.0,5000.0,5000.0
period1,sc01,t3839,5000.0,5000.0,5000.0,5000.0
period1,sc01,t3840,5000.0,5000.0,5000.0,5000.0
period1,sc01,t3841,5000.0,5000.0,5000.0,5000.0
period1,sc01,t3842,5000.0,5000.0,5000.0,5000.0
period1,sc01,t3843,5000.0,5000.0,5000.0,5000.0
period1,sc01,t3844,5000.0,5000.0,5000.0,5000.0
period1,sc01,t3845,5000.0,5000.0,5000.0,5000.0
period1,sc01,t3846,5000.0,5000.0,5000.0,5000.0
period1,sc01,t3847,5000.0,5000.0,5000.0,5000.0
period1,sc01,t3848,5000.0,5000.0,5000.0,5000.0
period1,sc01,t3849,5000.0,5000.0,5000.0,5000.0
period1,sc01,t3850,5000.0,5000.0,5000.0,5000.0
period1,sc01,t3851,5000.0,5000.0,5000.0,5000.0
period1,sc01,t3852,5000.0,5000.0,5000.0,5000.0
period1,sc01,t3853,5000.0,5000.0,5000.0,5000.0
period1,sc01,t3854,5000.0,5000.0,5000.0,5000.0
period1,sc01,t3855,5000.0,5000.0,5000.0,5000.0
period1,sc01,t3856,5000.0,5000.0,5000.0,5000.0
period1,sc01,t3857,5000.0,5000.0,5000.0,5000.0
period1,sc01,t3858,5000.0,5000.0,5000.0,5000.0
period1,sc01,t3859,5000.0,5000.0,5000.0,5000.0
period1,sc01,t3860,5000.0,5000.0,5000.0,5000.0
period1,sc01,t3861,5000.0,5000.0,5000.0,5000.0
period1,sc01,t3862,5000.0,5000.0,5000.0,5000.0
period1,sc01,t3863,5000.0,5000.0,5000.0,5000.0
period1,sc01,t3864,5000.0,5000.0,5000.0,5000.0
period1,sc01,t3865,5000.0,5000.0,5000.0,5000.0
period1,sc01,t3866,5000.0,5000.0,5000.0,5000.0
period1,sc01,t3867,5000.0,5000.0,5000.0,5000.0
period1,sc01,t3868,5000.0,5000.0,5000.0,5000.0
period1,sc01,t3869,5000.0,5000.0,5000.0,5000.0
period1,sc01,t3870,5000.0,5000.0,5000.0,5000.0
period1,sc01,t3871,5000.0,5000.0,5000.0,5000.0
period1,sc01,t3872,5000.0,5000.0,5000.0,5000.0
period1,sc01,t3873,5000.0,5000.0,5000.0,5000.0
period1,sc01,t3874,5000.0,5000.0,5000.0,5000.0
period1,sc01,t3875,5000.0,5000.0,5000.0,5000.0
period1,sc01,t3876,5000.0,5000.0,5000.0,5000.0
period1,sc01,t3877,5000.0,5000.0,5000.0,5000.0
period1,sc01,t3878,5000.0,5000.0,5000.0,5000.0
period1,sc01,t3879,5000.0,5000.0,5000.0,5000.0
period1,sc01,t3880,5000.0,5000.0,5000.0,5000.0
period1,sc01,t3881,5000.0,5000.0,5000.0,5000.0
period1,sc01,t3882,5000.0,5000.0,5000.0,5000.0
period1,sc01,t3883,5000.0,5000.0,5000.0,5000.0
period1,sc01,t3884,5000.0,5000.0,5000.0,5000.0
period1,sc01,t3885,5000.0,5000.0,5000.0,5000.0
period1,sc01,t3886,5000.0,5000.0,5000.0,5000.0
period1,sc01,t3887,5000.0,5000.0,5000.0,5000.0
period1,sc01,t3888,5000.0,5000.0,5000.0,5000.0
period1,sc01,t3889,5000.0,5000.0,5000.0,5000.0
period1,sc01,t3890,5000.0,5000.0,5000.0,5000.0
period1,sc01,t3891,5000.0,5000.0,5000.0,5000.0
period1,sc01,t3892,5000.0,5000.0,5000.0,5000.0
period1,sc01,t3893,5000.0,5000.0,5000.0,5000.0
period1,sc01,t3894,5000.0,5000.0,5000.0,5000.0
period1,sc01,t3895,5000.0,5000.0,5000.0,5000.0
period1,sc01,t3896,5000.0,5000.0,5000.0,5000.0
period1,sc01,t3897,5000.0,5000.0,5000.0,5000.0
period1,sc01,t3898,5000.0,5000.0,5000.0,5000.0
period1,sc01,t3899,5000.0,5000.0,5000.0,5000.0
period1,sc01,t3900,5000.0,5000.0,5000.0,5000.0
period1,sc01,t3901,5000.0,5000.0,5000.0,5000.0
period1,sc01,t3902,5000.0,5000.0,5000.0,5000.0
period1,sc01,t3903,5000.0,5000.0,5000.0,5000.0
period1,sc01,t3904,5000.0,5000.0,5000.0,5000.0
period1,sc01,t3905,5000.0,5000.0,5000.0,5000.0
period1,sc01,t3906,5000.0,5000.0,5000.0,5000.0
period1,sc01,t3907,5000.0,5000.0,5000.0,5000.0
period1,sc01,t3908,5000.0,5000.0,5000.0,5000.0
period1,sc01,t3909,5000.0,5000.0,5000.0,5000.0
period1,sc01,t3910,5000.0,5000.0,5000.0,5000.0
period1,sc01,t3911,5000.0,5000.0,5000.0,5000.0
period1,sc01,t3912,5000.0,5000.0,5000.0,5000.0
period1,sc01,t3913,5000.0,5000.0,5000.0,5000.0
period1,sc01,t3914,5000.0,5000.0,5000.0,5000.0
period1,sc01,t3915,5000.0,5000.0,5000.0,5000.0
period1,sc01,t3916,5000.0,5000.0,5000.0,5000.0
period1,sc01,t3917,5000.0,5000.0,5000.0,5000.0
period1,sc01,t3918,5000.0,5000.0,5000.0,5000.0
period1,sc01,t3919,5000.0,5000.0,5000.0,5000.0
period1,sc01,t3920,5000.0,5000.0,5000.0,5000.0
period1,sc01,t3921,5000.0,5000.0,5000.0,5000.0
period1,sc01,t3922,5000.0,5000.0,5000.0,5000.0
period1,sc01,t3923,5000.0,5000.0,5000.0,5000.0
period1,sc01,t3924,5000.0,5000.0,5000.0,5000.0
period1,sc01,t3925,5000.0,5000.0,5000.0,5000.0
period1,sc01,t3926,5000.0,5000.0,5000.0,5000.0
period1,sc01,t3927,5000.0,5000.0,5000.0,5000.0
period1,sc01,t3928,5000.0,5000.0,5000.0,5000.0
period1,sc01,t3929,5000.0,5000.0,5000.0,5000.0
period1,sc01,t3930,5000.0,5000.0,5000.0,5000.0
period1,sc01,t3931,5000.0,5000.0,5000.0,5000.0
period1,sc01,t3932,5000.0,5000.0,5000.0,5000.0
period1,sc01,t3933,5000.0,5000.0,5000.0,5000.0
period1,sc01,t3934,5000.0,5000.0,5000.0,5000.0
period1,sc01,t3935,5000.0,5000.0,5000.0,5000.0
period1,sc01,t3936,5000.0,5000.0,5000.0,5000.0
period1,sc01,t3937,5000.0,5000.0,5000.0,5000.0
period1,sc01,t3938,5000.0,5000.0,5000.0,5000.0
period1,sc01,t3939,5000.0,5000.0,5000.0,5000.0
period1,sc01,t3940,5000.0,5000.0,5000.0,5000.0
period1,sc01,t3941,5000.0,5000.0,5000.0,5000.0
period1,sc01,t3942,5000.0,5000.0,5000.0,5000.0
period1,sc01,t3943,5000.0,5000.0,5000.0,5000.0
period1,sc01,t3944,5000.0,5000.0,5000.0,5000.0
period1,sc01,t3945,5000.0,5000.0,5000.0,5000.0
period1,sc01,t3946,5000.0,5000.0,5000.0,5000.0
period1,sc01,t3947,5000.0,5000.0,5000.0,5000.0
period1,sc01,t3948,5000.0,5000.0,5000.0,5000.0
period1,sc01,t3949,5000.0,5000.0,5000.0,5000.0
period1,sc01,t3950,5000.0,5000.0,5000.0,5000.0
period1,sc01,t3951,5000.0,5000.0,5000.0,5000.0
period1,sc01,t3952,5000.0,5000.0,5000.0,5000.0
period1,sc01,t3953,5000.0,5000.0,5000.0,5000.0
period1,sc01,t3954,5000.0,5000.0,5000.0,5000.0
period1,sc01,t3955,5000.0,5000.0,5000.0,5000.0
period1,sc01,t3956,5000.0,5000.0,5000.0,5000.0
period1,sc01,t3957,5000.0,5000.0,5000.0,5000.0
period1,sc01,t3958,5000.0,5000.0,5000.0,5000.0
period1,sc01,t3959,5000.0,5000.0,5000.0,5000.0
period1,sc01,t3960,5000.0,5000.0,5000.0,5000.0
period1,sc01,t3961,5000.0,5000.0,5000.0,5000.0
period1,sc01,t3962,5000.0,5000.0,5000.0,5000.0
period1,sc01,t3963,5000.0,5000.0,5000.0,5000.0
period1,sc01,t3964,5000.0,5000.0,5000.0,5000.0
period1,sc01,t3965,5000.0,5000.0,5000.0,5000.0
period1,sc01,t3966,5000.0,5000.0,5000.0,5000.0
period1,sc01,t3967,5000.0,5000.0,5000.0,5000.0
period1,sc01,t3968,5000.0,5000.0,5000.0,5000.0
period1,sc01,t3969,5000.0,5000.0,5000.0,5000.0
period1,sc01,t3970,5000.0,5000.0,5000.0,5000.0
period1,sc01,t3971,5000.0,5000.0,5000.0,5000.0
period1,sc01,t3972,5000.0,5000.0,5000.0,5000.0
period1,sc01,t3973,5000.0,5000.0,5000.0,5000.0
period1,sc01,t3974,5000.0,5000.0,5000.0,5000.0
period1,sc01,t3975,5000.0,5000.0,5000.0,5000.0
period1,sc01,t3976,5000.0,5000.0,5000.0,5000.0
period1,sc01,t3977,5000.0,5000.0,5000.0,5000.0
period1,sc01,t3978,5000.0,5000.0,5000.0,5000.0
period1,sc01,t3979,5000.0,5000.0,5000.0,5000.0
period1,sc01,t3980,5000.0,5000.0,5000.0,5000.0
period1,sc01,t3981,5000.0,5000.0,5000.0,5000.0
period1,sc01,t3982,5000.0,5000.0,5000.0,5000.0
period1,sc01,t3983,5000.0,5000.0,5000.0,5000.0
period1,sc01,t3984,5000.0,5000.0,5000.0,5000.0
period1,sc01,t3985,5000.0,5000.0,5000.0,5000.0
period1,sc01,t3986,5000.0,5000.0,5000.0,5000.0
period1,sc01,t3987,5000.0,5000.0,5000.0,5000.0
period1,sc01,t3988,5000.0,5000.0,5000.0,5000.0
period1,sc01,t3989,5000.0,5000.0,5000.0,5000.0
period1,sc01,t3990,5000.0,5000.0,5000.0,5000.0
period1,sc01,t3991,5000.0,5000.0,5000.0,5000.0
period1,sc01,t3992,5000.0,5000.0,5000.0,5000.0
period1,sc01,t3993,5000.0,5000.0,5000.0,5000.0
period1,sc01,t3994,5000.0,5000.0,5000.0,5000.0
period1,sc01,t3995,5000.0,5000.0,5000.0,5000.0
period1,sc01,t3996,5000.0,5000.0,5000.0,5000.0
period1,sc01,t3997,5000.0,5000.0,5000.0,5000.0
period1,sc01,t3998,5000.0,5000.0,5000.0,5000.0
period1,sc01,t3999,5000.0,5000.0,5000.0,5000.0
period1,sc01,t4000,5000.0,5000.0,5000.0,5000.0
period1,sc01,t4001,5000.0,5000.0,5000.0,5000.0
period1,sc01,t4002,5000.0,5000.0,5000.0,5000.0
period1,sc01,t4003,5000.0,5000.0,5000.0,5000.0
period1,sc01,t4004,5000.0,5000.0,5000.0,5000.0
period1,sc01,t4005,5000.0,5000.0,5000.0,5000.0
period1,sc01,t4006,5000.0,5000.0,5000.0,5000.0
period1,sc01,t4007,5000.0,5000.0,5000.0,5000.0
period1,sc01,t4008,5000.0,5000.0,5000.0,5000.0
period1,sc01,t4009,5000.0,5000.0,5000.0,5000.0
period1,sc01,t4010,5000.0,5000.0,5000.0,5000.0
period1,sc01,t4011,5000.0,5000.0,5000.0,5000.0
period1,sc01,t4012,5000.0,5000.0,5000.0,5000.0
period1,sc01,t4013,5000.0,5000.0,5000.0,5000.0
period1,sc01,t4014,5000.0,5000.0,5000.0,5000.0
period1,sc01,t4015,5000.0,5000.0,5000.0,5000.0
period1,sc01,t4016,5000.0,5000.0,5000.0,5000.0
period1,sc01,t4017,5000.0,5000.0,5000.0,5000.0
period1,sc01,t4018,5000.0,5000.0,5000.0,5000.0
period1,sc01,t4019,5000.0,5000.0,5000.0,5000.0
period1,sc01,t4020,5000.0,5000.0,5000.0,5000.0
period1,sc01,t4021,5000.0,5000.0,5000.0,5000.0
period1,sc01,t4022,5000.0,5000.0,5000.0,5000.0
period1,sc01,t4023,5000.0,5000.0,5000.0,5000.0
period1,sc01,t4024,5000.0,5000.0,5000.0,5000.0
period1,sc01,t4025,5000.0,5000.0,5000.0,5000.0
period1,sc01,t4026,5000.0,5000.0,5000.0,5000.0
period1,sc01,t4027,5000.0,5000.0,5000.0,5000.0
period1,sc01,t4028,5000.0,5000.0,5000.0,5000.0
period1,sc01,t4029,5000.0,5000.0,5000.0,5000.0
period1,sc01,t4030,5000.0,5000.0,5000.0,5000.0
period1,sc01,t4031,5000.0,5000.0,5000.0,5000.0
period1,sc01,t4032,5000.0,5000.0,5000.0,5000.0
period1,sc01,t4033,5000.0,5000.0,5000.0,5000.0
period1,sc01,t4034,5000.0,5000.0,5000.0,5000.0
period1,sc01,t4035,5000.0,5000.0,5000.0,5000.0
period1,sc01,t4036,5000.0,5000.0,5000.0,5000.0
period1,sc01,t4037,5000.0,5000.0,5000.0,5000.0
period1,sc01,t4038,5000.0,5000.0,5000.0,5000.0
period1,sc01,t4039,5000.0,5000.0,5000.0,5000.0
period1,sc01,t4040,5000.0,5000.0,5000.0,5000.0
period1,sc01,t4041,5000.0,5000.0,5000.0,5000.0
period1,sc01,t4042,5000.0,5000.0,5000.0,5000.0
period1,sc01,t4043,5000.0,5000.0,5000.0,5000.0
period1,sc01,t4044,5000.0,5000.0,5000.0,5000.0
period1,sc01,t4045,5000.0,5000.0,5000.0,5000.0
period1,sc01,t4046,5000.0,5000.0,5000.0,5000.0
period1,sc01,t4047,5000.0,5000.0,5000.0,5000.0
period1,sc01,t4048,5000.0,5000.0,5000.0,5000.0
period1,sc01,t4049,5000.0,5000.0,5000.0,5000.0
period1,sc01,t4050,5000.0,5000.0,5000.0,5000.0
period1,sc01,t4051,5000.0,5000.0,5000.0,5000.0
period1,sc01,t4052,5000.0,5000.0,5000.0,5000.0
period1,sc01,t4053,5000.0,5000.0,5000.0,5000.0
period1,sc01,t4054,5000.0,5000.0,5000.0,5000.0
period1,sc01,t4055,5000.0,5000.0,5000.0,5000.0
period1,sc01,t4056,5000.0,5000.0,5000.0,5000.0
period1,sc01,t4057,5000.0,5000.0,5000.0,5000.0
period1,sc01,t4058,5000.0,5000.0,5000.0,5000.0
period1,sc01,t4059,5000.0,5000.0,5000.0,5000.0
period1,sc01,t4060,5000.0,5000.0,5000.0,5000.0
period1,sc01,t4061,5000.0,5000.0,5000.0,5000.0
period1,sc01,t4062,5000.0,5000.0,5000.0,5000.0
period1,sc01,t4063,5000.0,5000.0,5000.0,5000.0
period1,sc01,t4064,5000.0,5000.0,5000.0,5000.0
period1,sc01,t4065,5000.0,5000.0,5000.0,5000.0
period1,sc01,t4066,5000.0,5000.0,5000.0,5000.0
period1,sc01,t4067,5000.0,5000.0,5000.0,5000.0
period1,sc01,t4068,5000.0,5000.0,5000.0,5000.0
period1,sc01,t4069,5000.0,5000.0,5000.0,5000.0
period1,sc01,t4070,5000.0,5000.0,5000.0,5000.0
period1,sc01,t4071,5000.0,5000.0,5000.0,5000.0
period1,sc01,t4072,5000.0,5000.0,5000.0,5000.0
period1,sc01,t4073,5000.0,5000.0,5000.0,5000.0
period1,sc01,t4074,5000.0,5000.0,5000.0,5000.0
period1,sc01,t4075,5000.0,5000.0,5000.0,5000.0
period1,sc01,t4076,5000.0,5000.0,5000.0,5000.0
period1,sc01,t4077,5000.0,5000.0,5000.0,5000.0
period1,sc01,t4078,5000.0,5000.0,5000.0,5000.0
period1,sc01,t4079,5000.0,5000.0,5000.0,5000.0
period1,sc01,t4080,5000.0,5000.0,5000.0,5000.0
period1,sc01,t4081,5000.0,5000.0,5000.0,5000.0
period1,sc01,t4082,5000.0,5000.0,5000.0,5000.0
period1,sc01,t4083,5000.0,5000.0,5000.0,5000.0
period1,sc01,t4084,5000.0,5000.0,5000.0,5000.0
period1,sc01,t4085,5000.0,5000.0,5000.0,5000.0
period1,sc01,t4086,5000.0,5000.0,5000.0,5000.0
period1,sc01,t4087,5000.0,5000.0,5000.0,5000.0
period1,sc01,t4088,5000.0,5000.0,5000.0,5000.0
period1,sc01,t4089,5000.0,5000.0,5000.0,5000.0
period1,sc01,t4090,5000.0,5000.0,5000.0,5000.0
period1,sc01,t4091,5000.0,5000.0,5000.0,5000.0
period1,sc01,t4092,5000.0,5000.0,5000.0,5000.0
period1,sc01,t4093,5000.0,5000.0,5000.0,5000.0
period1,sc01,t4094,5000.0,5000.0,5000.0,5000.0
period1,sc01,t4095,5000.0,5000.0,5000.0,5000.0
period1,sc01,t4096,5000.0,5000.0,5000.0,5000.0
period1,sc01,t4097,5000.0,5000.0,5000.0,5000.0
period1,sc01,t4098,5000.0,5000.0,5000.0,5000.0
period1,sc01,t4099,5000.0,5000.0,5000.0,5000.0
period1,sc01,t4100,5000.0,5000.0,5000.0,5000.0
period1,sc01,t4101,5000.0,5000.0,5000.0,5000.0
period1,sc01,t4102,5000.0,5000.0,5000.0,5000.0
period1,sc01,t4103,5000.0,5000.0,5000.0,5000.0
period1,sc01,t4104,5000.0,5000.0,5000.0,5000.0
period1,sc01,t4105,5000.0,5000.0,5000.0,5000.0
period1,sc01,t4106,5000.0,5000.0,5000.0,5000.0
period1,sc01,t4107,5000.0,5000.0,5000.0,5000.0
period1,sc01,t4108,5000.0,5000.0,5000.0,5000.0
period1,sc01,t4109,5000.0,5000.0,5000.0,5000.0
period1,sc01,t4110,5000.0,5000.0,5000.0,5000.0
period1,sc01,t4111,5000.0,5000.0,5000.0,5000.0
period1,sc01,t4112,5000.0,5000.0,5000.0,5000.0
period1,sc01,t4113,5000.0,5000.0,5000.0,5000.0
period1,sc01,t4114,5000.0,5000.0,5000.0,5000.0
period1,sc01,t4115,5000.0,5000.0,5000.0,5000.0
period1,sc01,t4116,5000.0,5000.0,5000.0,5000.0
period1,sc01,t4117,5000.0,5000.0,5000.0,5000.0
period1,sc01,t4118,5000.0,5000.0,5000.0,5000.0
period1,sc01,t4119,5000.0,5000.0,5000.0,5000.0
period1,sc01,t4120,5000.0,5000.0,5000.0,5000.0
period1,sc01,t4121,5000.0,5000.0,5000.0,5000.0
period1,sc01,t4122,5000.0,5000.0,5000.0,5000.0
period1,sc01,t4123,5000.0,5000.0,5000.0,5000.0
period1,sc01,t4124,5000.0,5000.0,5000.0,5000.0
period1,sc01,t4125,5000.0,5000.0,5000.0,5000.0
period1,sc01,t4126,5000.0,5000.0,5000.0,5000.0
period1,sc01,t4127,5000.0,5000.0,5000.0,5000.0
period1,sc01,t4128,5000.0,5000.0,5000.0,5000.0
period1,sc01,t4129,5000.0,5000.0,5000.0,5000.0
period1,sc01,t4130,5000.0,5000.0,5000.0,5000.0
period1,sc01,t4131,5000.0,5000.0,5000.0,5000.0
period1,sc01,t4132,5000.0,5000.0,5000.0,5000.0
period1,sc01,t4133,5000.0,5000.0,5000.0,5000.0
period1,sc01,t4134,5000.0,5000.0,5000.0,5000.0
period1,sc01,t4135,5000.0,5000.0,5000.0,5000.0
period1,sc01,t4136,5000.0,5000.0,5000.0,5000.0
period1,sc01,t4137,5000.0,5000.0,5000.0,5000.0
period1,sc01,t4138,5000.0,5000.0,5000.0,5000.0
period1,sc01,t4139,5000.0,5000.0,5000.0,5000.0
period1,sc01,t4140,5000.0,5000.0,5000.0,5000.0
period1,sc01,t4141,5000.0,5000.0,5000.0,5000.0
period1,sc01,t4142,5000.0,5000.0,5000.0,5000.0
period1,sc01,t4143,5000.0,5000.0,5000.0,5000.0
period1,sc01,t4144,5000.0,5000.0,5000.0,5000.0
period1,sc01,t4145,5000.0,5000.0,5000.0,5000.0
period1,sc01,t4146,5000.0,5000.0,5000.0,5000.0
period1,sc01,t4147,5000.0,5000.0,5000.0,5000.0
period1,sc01,t4148,5000.0,5000.0,5000.0,5000.0
period1,sc01,t4149,5000.0,5000.0,5000.0,5000.0
period1,sc01,t4150,5000.0,5000.0,5000.0,5000.0
period1,sc01,t4151,5000.0,5000.0,5000.0,5000.0
period1,sc01,t4152,5000.0,5000.0,5000.0,5000.0
period1,sc01,t4153,5000.0,5000.0,5000.0,5000.0
period1,sc01,t4154,5000.0,5000.0,5000.0,5000.0
period1,sc01,t4155,5000.0,5000.0,5000.0,5000.0
period1,sc01,t4156,5000.0,5000.0,5000.0,5000.0
period1,sc01,t4157,5000.0,5000.0,5000.0,5000.0
period1,sc01,t4158,5000.0,5000.0,5000.0,5000.0
period1,sc01,t4159,5000.0,5000.0,5000.0,5000.0
period1,sc01,t4160,5000.0,5000.0,5000.0,5000.0
period1,sc01,t4161,5000.0,5000.0,5000.0,5000.0
period1,sc01,t4162,5000.0,5000.0,5000.0,5000.0
period1,sc01,t4163,5000.0,5000.0,5000.0,5000.0
period1,sc01,t4164,5000.0,5000.0,5000.0,5000.0
period1,sc01,t4165,5000.0,5000.0,5000.0,5000.0
period1,sc01,t4166,5000.0,5000.0,5000.0,5000.0
period1,sc01,t4167,5000.0,5000.0,5000.0,5000.0
period1,sc01,t4168,5000.0,5000.0,5000.0,5000.0
period1,sc01,t4169,5000.0,5000.0,5000.0,5000.0
period1,sc01,t4170,5000.0,5000.0,5000.0,5000.0
period1,sc01,t4171,5000.0,5000.0,5000.0,5000.0
period1,sc01,t4172,5000.0,5000.0,5000.0,5000.0
period1,sc01,t4173,5000.0,5000.0,5000.0,5000.0
period1,sc01,t4174,5000.0,5000.0,5000.0,5000.0
period1,sc01,t4175,5000.0,5000.0,5000.0,5000.0
period1,sc01,t4176,5000.0,5000.0,5000.0,5000.0
period1,sc01,t4177,5000.0,5000.0,5000.0,5000.0
period1,sc01,t4178,5000.0,5000.0,5000.0,5000.0
period1,sc01,t4179,5000.0,5000.0,5000.0,5000.0
period1,sc01,t4180,5000.0,5000.0,5000.0,5000.0
period1,sc01,t4181,5000.0,5000.0,5000.0,5000.0
period1,sc01,t4182,5000.0,5000.0,5000.0,5000.0
period1,sc01,t4183,5000.0,5000.0,5000.0,5000.0
period1,sc01,t4184,5000.0,5000.0,5000.0,5000.0
period1,sc01,t4185,5000.0,5000.0,5000.0,5000.0
period1,sc01,t4186,5000.0,5000.0,5000.0,5000.0
period1,sc01,t4187,5000.0,5000.0,5000.0,5000.0
period1,sc01,t4188,5000.0,5000.0,5000.0,5000.0
period1,sc01,t4189,5000.0,5000.0,5000.0,5000.0
period1,sc01,t4190,5000.0,5000.0,5000.0,5000.0
period1,sc01,t4191,5000.0,5000.0,5000.0,5000.0
period1,sc01,t4192,5000.0,5000.0,5000.0,5000.0
period1,sc01,t4193,5000.0,5000.0,5000.0,5000.0
period1,sc01,t4194,5000.0,5000.0,5000.0,5000.0
period1,sc01,t4195,5000.0,5000.0,5000.0,5000.0
period1,sc01,t4196,5000.0,5000.0,5000.0,5000.0
period1,sc01,t4197,5000.0,5000.0,5000.0,5000.0
period1,sc01,t4198,5000.0,5000.0,5000.0,5000.0
period1,sc01,t4199,5000.0,5000.0,5000.0,5000.0
period1,sc01,t4200,5000.0,5000.0,5000.0,5000.0
period1,sc01,t4201,5000.0,5000.0,5000.0,5000.0
period1,sc01,t4202,5000.0,5000.0,5000.0,5000.0
period1,sc01,t4203,5000.0,5000.0,5000.0,5000.0
period1,sc01,t4204,5000.0,5000.0,5000.0,5000.0
period1,sc01,t4205,5000.0,5000.0,5000.0,5000.0
period1,sc01,t4206,5000.0,5000.0,5000.0,5000.0
period1,sc01,t4207,5000.0,5000.0,5000.0,5000.0
period1,sc01,t4208,5000.0,5000.0,5000.0,5000.0
period1,sc01,t4209,5000.0,5000.0,5000.0,5000.0
period1,sc01,t4210,5000.0,5000.0,5000.0,5000.0
period1,sc01,t4211,5000.0,5000.0,5000.0,5000.0
period1,sc01,t4212,5000.0,5000.0,5000.0,5000.0
period1,sc01,t4213,5000.0,5000.0,5000.0,5000.0
period1,sc01,t4214,5000.0,5000.0,5000.0,5000.0
period1,sc01,t4215,5000.0,5000.0,5000.0,5000.0
period1,sc01,t4216,5000.0,5000.0,5000.0,5000.0
period1,sc01,t4217,5000.0,5000.0,5000.0,5000.0
period1,sc01,t4218,5000.0,5000.0,5000.0,5000.0
period1,sc01,t4219,5000.0,5000.0,5000.0,5000.0
period1,sc01,t4220,5000.0,5000.0,5000.0,5000.0
period1,sc01,t4221,5000.0,5000.0,5000.0,5000.0
period1,sc01,t4222,5000.0,5000.0,5000.0,5000.0
period1,sc01,t4223,5000.0,5000.0,5000.0,5000.0
period1,sc01,t4224,5000.0,5000.0,5000.0,5000.0
period1,sc01,t4225,5000.0,5000.0,5000.0,5000.0
period1,sc01,t4226,5000.0,5000.0,5000.0,5000.0
period1,sc01,t4227,5000.0,5000.0,5000.0,5000.0
period1,sc01,t4228,5000.0,5000.0,5000.0,5000.0
period1,sc01,t4229,5000.0,5000.0,5000.0,5000.0
period1,sc01,t4230,5000.0,5000.0,5000.0,5000.0
period1,sc01,t4231,5000.0,5000.0,5000.0,5000.0
period1,sc01,t4232,5000.0,5000.0,5000.0,5000.0
period1,sc01,t4233,5000.0,5000.0,5000.0,5000.0
period1,sc01,t4234,5000.0,5000.0,5000.0,5000.0
period1,sc01,t4235,5000.0,5000.0,5000.0,5000.0
period1,sc01,t4236,5000.0,5000.0,5000.0,5000.0
period1,sc01,t4237,5000.0,5000.0,5000.0,5000.0
period1,sc01,t4238,5000.0,5000.0,5000.0,5000.0
period1,sc01,t4239,5000.0,5000.0,5000.0,5000.0
period1,sc01,t4240,5000.0,5000.0,5000.0,5000.0
period1,sc01,t4241,5000.0,5000.0,5000.0,5000.0
period1,sc01,t4242,5000.0,5000.0,5000.0,5000.0
period1,sc01,t4243,5000.0,5000.0,5000.0,5000.0
period1,sc01,t4244,5000.0,5000.0,5000.0,5000.0
period1,sc01,t4245,5000.0,5000.0,5000.0,5000.0
period1,sc01,t4246,5000.0,5000.0,5000.0,5000.0
period1,sc01,t4247,5000.0,5000.0,5000.0,5000.0
period1,sc01,t4248,5000.0,5000.0,5000.0,5000.0
period1,sc01,t4249,5000.0,5000.0,5000.0,5000.0
period1,sc01,t4250,5000.0,5000.0,5000.0,5000.0
period1,sc01,t4251,5000.0,5000.0,5000.0,5000.0
period1,sc01,t4252,5000.0,5000.0,5000.0,5000.0
period1,sc01,t4253,5000.0,5000.0,5000.0,5000.0
period1,sc01,t4254,5000.0,5000.0,5000.0,5000.0
period1,sc01,t4255,5000.0,5000.0,5000.0,5000.0
period1,sc01,t4256,5000.0,5000.0,5000.0,5000.0
period1,sc01,t4257,5000.0,5000.0,5000.0,5000.0
period1,sc01,t4258,5000.0,5000.0,5000.0,5000.0
period1,sc01,t4259,5000.0,5000.0,5000.0,5000.0
period1,sc01,t4260,5000.0,5000.0,5000.0,5000.0
period1,sc01,t4261,5000.0,5000.0,5000.0,5000.0
period1,sc01,t4262,5000.0,5000.0,5000.0,5000.0
period1,sc01,t4263,5000.0,5000.0,5000.0,5000.0
period1,sc01,t4264,5000.0,5000.0,5000.0,5000.0
period1,sc01,t4265,5000.0,5000.0,5000.0,5000.0
period1,sc01,t4266,5000.0,5000.0,5000.0,5000.0
period1,sc01,t4267,5000.0,5000.0,5000.0,5000.0
period1,sc01,t4268,5000.0,5000.0,5000.0,5000.0
period1,sc01,t4269,5000.0,5000.0,5000.0,5000.0
period1,sc01,t4270,5000.0,5000.0,5000.0,5000.0
period1,sc01,t4271,5000.0,5000.0,5000.0,5000.0
period1,sc01,t4272,5000.0,5000.0,5000.0,5000.0
period1,sc01,t4273,5000.0,5000.0,5000.0,5000.0
period1,sc01,t4274,5000.0,5000.0,5000.0,5000.0
period1,sc01,t4275,5000.0,5000.0,5000.0,5000.0
period1,sc01,t4276,5000.0,5000.0,5000.0,5000.0
period1,sc01,t4277,5000.0,5000.0,5000.0,5000.0
period1,sc01,t4278,5000.0,5000.0,5000.0,5000.0
period1,sc01,t4279,5000.0,5000.0,5000.0,5000.0
period1,sc01,t4280,5000.0,5000.0,5000.0,5000.0
period1,sc01,t4281,5000.0,5000.0,5000.0,5000.0
period1,sc01,t4282,5000.0,5000.0,5000.0,5000.0
period1,sc01,t4283,5000.0,5000.0,5000.0,5000.0
period1,sc01,t4284,5000.0,5000.0,5000.0,5000.0
period1,sc01,t4285,5000.0,5000.0,5000.0,5000.0
period1,sc01,t4286,5000.0,5000.0,5000.0,5000.0
period1,sc01,t4287,5000.0,5000.0,5000.0,5000.0
period1,sc01,t4288,5000.0,5000.0,5000.0,5000.0
period1,sc01,t4289,5000.0,5000.0,5000.0,5000.0
period1,sc01,t4290,5000.0,5000.0,5000.0,5000.0
period1,sc01,t4291,5000.0,5000.0,5000.0,5000.0
period1,sc01,t4292,5000.0,5000.0,5000.0,5000.0
period1,sc01,t4293,5000.0,5000.0,5000.0,5000.0
period1,sc01,t4294,5000.0,5000.0,5000.0,5000.0
period1,sc01,t4295,5000.0,5000.0,5000.0,5000.0
period1,sc01,t4296,5000.0,5000.0,5000.0,5000.0
period1,sc01,t4297,5000.0,5000.0,5000.0,5000.0
period1,sc01,t4298,5000.0,5000.0,5000.0,5000.0
period1,sc01,t4299,5000.0,5000.0,5000.0,5000.0
period1,sc01,t4300,5000.0,5000.0,5000.0,5000.0
period1,sc01,t4301,5000.0,5000.0,5000.0,5000.0
period1,sc01,t4302,5000.0,5000.0,5000.0,5000.0
period1,sc01,t4303,5000.0,5000.0,5000.0,5000.0
period1,sc01,t4304,5000.0,5000.0,5000.0,5000.0
period1,sc01,t4305,5000.0,5000.0,5000.0,5000.0
period1,sc01,t4306,5000.0,5000.0,5000.0,5000.0
period1,sc01,t4307,5000.0,5000.0,5000.0,5000.0
period1,sc01,t4308,5000.0,5000.0,5000.0,5000.0
period1,sc01,t4309,5000.0,5000.0,5000.0,5000.0
period1,sc01,t4310,5000.0,5000.0,5000.0,5000.0
period1,sc01,t4311,5000.0,5000.0,5000.0,5000.0
period1,sc01,t4312,5000.0,5000.0,5000.0,5000.0
period1,sc01,t4313,5000.0,5000.0,5000.0,5000.0
period1,sc01,t4314,5000.0,5000.0,5000.0,5000.0
period1,sc01,t4315,5000.0,5000.0,5000.0,5000.0
period1,sc01,t4316,5000.0,5000.0,5000.0,5000.0
period1,sc01,t4317,5000.0,5000.0,5000.0,5000.0
period1,sc01,t4318,5000.0,5000.0,5000.0,5000.0
period1,sc01,t4319,5000.0,5000.0,5000.0,5000.0
period1,sc01,t4320,5000.0,5000.0,5000.0,5000.0
period1,sc01,t4321,5000.0,5000.0,5000.0,5000.0
period1,sc01,t4322,5000.0,5000.0,5000.0,5000.0
period1,sc01,t4323,5000.0,5000.0,5000.0,5000.0
period1,sc01,t4324,5000.0,5000.0,5000.0,5000.0
period1,sc01,t4325,5000.0,5000.0,5000.0,5000.0
period1,sc01,t4326,5000.0,5000.0,5000.0,5000.0
period1,sc01,t4327,5000.0,5000.0,5000.0,5000.0
period1,sc01,t4328,5000.0,5000.0,5000.0,5000.0
period1,sc01,t4329,5000.0,5000.0,5000.0,5000.0
period1,sc01,t4330,5000.0,5000.0,5000.0,5000.0
period1,sc01,t4331,5000.0,5000.0,5000.0,5000.0
period1,sc01,t4332,5000.0,5000.0,5000.0,5000.0
period1,sc01,t4333,5000.0,5000.0,5000.0,5000.0
period1,sc01,t4334,5000.0,5000.0,5000.0,5000.0
period1,sc01,t4335,5000.0,5000.0,5000.0,5000.0
period1,sc01,t4336,5000.0,5000.0,5000.0,5000.0
period1,sc01,t4337,5000.0,5000.0,5000.0,5000.0
period1,sc01,t4338,5000.0,5000.0,5000.0,5000.0
period1,sc01,t4339,5000.0,5000.0,5000.0,5000.0
period1,sc01,t4340,5000.0,5000.0,5000.0,5000.0
period1,sc01,t4341,5000.0,5000.0,5000.0,5000.0
period1,sc01,t4342,5000.0,5000.0,5000.0,5000.0
period1,sc01,t4343,5000.0,5000.0,5000.0,5000.0
period1,sc01,t4344,5000.0,5000.0,5000.0,5000.0
period1,sc01,t4345,5000.0,5000.0,5000.0,5000.0
period1,sc01,t4346,5000.0,5000.0,5000.0,5000.0
period1,sc01,t4347,5000.0,5000.0,5000.0,5000.0
period1,sc01,t4348,5000.0,5000.0,5000.0,5000.0
period1,sc01,t4349,5000.0,5000.0,5000.0,5000.0
period1,sc01,t4350,5000.0,5000.0,5000.0,5000.0
period1,sc01,t4351,5000.0,5000.0,5000.0,5000.0
period1,sc01,t4352,5000.0,5000.0,5000.0,5000.0
period1,sc01,t4353,5000.0,5000.0,5000.0,5000.0
period1,sc01,t4354,5000.0,5000.0,5000.0,5000.0
period1,sc01,t4355,5000.0,5000.0,5000.0,5000.0
period1,sc01,t4356,5000.0,5000.0,5000.0,5000.0
period1,sc01,t4357,5000.0,5000.0,5000.0,5000.0
period1,sc01,t4358,5000.0,5000.0,5000.0,5000.0
period1,sc01,t4359,5000.0,5000.0,5000.0,5000.0
period1,sc01,t4360,5000.0,5000.0,5000.0,5000.0
period1,sc01,t4361,5000.0,5000.0,5000.0,5000.0
period1,sc01,t4362,5000.0,5000.0,5000.0,5000.0
period1,sc01,t4363,5000.0,5000.0,5000.0,5000.0
period1,sc01,t4364,5000.0,5000.0,5000.0,5000.0
period1,sc01,t4365,5000.0,5000.0,5000.0,5000.0
period1,sc01,t4366,5000.0,5000.0,5000.0,5000.0
period1,sc01,t4367,5000.0,5000.0,5000.0,5000.0
period1,sc01,t4368,5000.0,5000.0,5000.0,5000.0
period1,sc01,t4369,5000.0,5000.0,5000.0,5000.0
period1,sc01,t4370,5000.0,5000.0,5000.0,5000.0
period1,sc01,t4371,5000.0,5000.0,5000.0,5000.0
period1,sc01,t4372,5000.0,5000.0,5000.0,5000.0
period1,sc01,t4373,5000.0,5000.0,5000.0,5000.0
period1,sc01,t4374,5000.0,5000.0,5000.0,5000.0
period1,sc01,t4375,5000.0,5000.0,5000.0,5000.0
period1,sc01,t4376,5000.0,5000.0,5000.0,5000.0
period1,sc01,t4377,5000.0,5000.0,5000.0,5000.0
period1,sc01,t4378,5000.0,5000.0,5000.0,5000.0
period1,sc01,t4379,5000.0,5000.0,5000.0,5000.0
period1,sc01,t4380,5000.0,5000.0,5000.0,5000.0
period1,sc01,t4381,5000.0,5000.0,5000.0,5000.0
period1,sc01,t4382,5000.0,5000.0,5000.0,5000.0
period1,sc01,t4383,5000.0,5000.0,5000.0,5000.0
period1,sc01,t4384,5000.0,5000.0,5000.0,5000.0
period1,sc01,t4385,5000.0,5000.0,5000.0,5000.0
period1,sc01,t4386,5000.0,5000.0,5000.0,5000.0
period1,sc01,t4387,5000.0,5000.0,5000.0,5000.0
period1,sc01,t4388,5000.0,5000.0,5000.0,5000.0
period1,sc01,t4389,5000.0,5000.0,5000.0,5000.0
period1,sc01,t4390,5000.0,5000.0,5000.0,5000.0
period1,sc01,t4391,5000.0,5000.0,5000.0,5000.0
period1,sc01,t4392,5000.0,5000.0,5000.0,5000.0
period1,sc01,t4393,5000.0,5000.0,5000.0,5000.0
period1,sc01,t4394,5000.0,5000.0,5000.0,5000.0
period1,sc01,t4395,5000.0,5000.0,5000.0,5000.0
period1,sc01,t4396,5000.0,5000.0,5000.0,5000.0
period1,sc01,t4397,5000.0,5000.0,5000.0,5000.0
period1,sc01,t4398,5000.0,5000.0,5000.0,5000.0
period1,sc01,t4399,5000.0,5000.0,5000.0,5000.0
period1,sc01,t4400,5000.0,5000.0,5000.0,5000.0
period1,sc01,t4401,5000.0,5000.0,5000.0,5000.0
period1,sc01,t4402,5000.0,5000.0,5000.0,5000.0
period1,sc01,t4403,5000.0,5000.0,5000.0,5000.0
period1,sc01,t4404,5000.0,5000.0,5000.0,5000.0
period1,sc01,t4405,5000.0,5000.0,5000.0,5000.0
period1,sc01,t4406,5000.0,5000.0,5000.0,5000.0
period1,sc01,t4407,5000.0,5000.0,5000.0,5000.0
period1,sc01,t4408,5000.0,5000.0,5000.0,5000.0
period1,sc01,t4409,5000.0,5000.0,5000.0,5000.0
period1,sc01,t4410,5000.0,5000.0,5000.0,5000.0
period1,sc01,t4411,5000.0,5000.0,5000.0,5000.0
period1,sc01,t4412,5000.0,5000.0,5000.0,5000.0
period1,sc01,t4413,5000.0,5000.0,5000.0,5000.0
period1,sc01,t4414,5000.0,5000.0,5000.0,5000.0
period1,sc01,t4415,5000.0,5000.0,5000.0,5000.0
period1,sc01,t4416,5000.0,5000.0,5000.0,5000.0
period1,sc01,t4417,5000.0,5000.0,5000.0,5000.0
period1,sc01,t4418,5000.0,5000.0,5000.0,5000.0
period1,sc01,t4419,5000.0,5000.0,5000.0,5000.0
period1,sc01,t4420,5000.0,5000.0,5000.0,5000.0
period1,sc01,t4421,5000.0,5000.0,5000.0,5000.0
period1,sc01,t4422,5000.0,5000.0,5000.0,5000.0
period1,sc01,t4423,5000.0,5000.0,5000.0,5000.0
period1,sc01,t4424,5000.0,5000.0,5000.0,5000.0
period1,sc01,t4425,5000.0,5000.0,5000.0,5000.0
period1,sc01,t4426,5000.0,5000.0,5000.0,5000.0
period1,sc01,t4427,5000.0,5000.0,5000.0,5000.0
period1,sc01,t4428,5000.0,5000.0,5000.0,5000.0
period1,sc01,t4429,5000.0,5000.0,5000.0,5000.0
period1,sc01,t4430,5000.0,5000.0,5000.0,5000.0
period1,sc01,t4431,5000.0,5000.0,5000.0,5000.0
period1,sc01,t4432,5000.0,5000.0,5000.0,5000.0
period1,sc01,t4433,5000.0,5000.0,5000.0,5000.0
period1,sc01,t4434,5000.0,5000.0,5000.0,5000.0
period1,sc01,t4435,5000.0,5000.0,5000.0,5000.0
period1,sc01,t4436,5000.0,5000.0,5000.0,5000.0
period1,sc01,t4437,5000.0,5000.0,5000.0,5000.0
period1,sc01,t4438,5000.0,5000.0,5000.0,5000.0
period1,sc01,t4439,5000.0,5000.0,5000.0,5000.0
period1,sc01,t4440,5000.0,5000.0,5000.0,5000.0
period1,sc01,t4441,5000.0,5000.0,5000.0,5000.0
period1,sc01,t4442,5000.0,5000.0,5000.0,5000.0
period1,sc01,t4443,5000.0,5000.0,5000.0,5000.0
period1,sc01,t4444,5000.0,5000.0,5000.0,5000.0
period1,sc01,t4445,5000.0,5000.0,5000.0,5000.0
period1,sc01,t4446,5000.0,5000.0,5000.0,5000.0
period1,sc01,t4447,5000.0,5000.0,5000.0,5000.0
period1,sc01,t4448,5000.0,5000.0,5000.0,5000.0
period1,sc01,t4449,5000.0,5000.0,5000.0,5000.0
period1,sc01,t4450,5000.0,5000.0,5000.0,5000.0
period1,sc01,t4451,5000.0,5000.0,5000.0,5000.0
period1,sc01,t4452,5000.0,5000.0,5000.0,5000.0
period1,sc01,t4453,5000.0,5000.0,5000.0,5000.0
period1,sc01,t4454,5000.0,5000.0,5000.0,5000.0
period1,sc01,t4455,5000.0,5000.0,5000.0,5000.0
period1,sc01,t4456,5000.0,5000.0,5000.0,5000.0
period1,sc01,t4457,5000.0,5000.0,5000.0,5000.0
period1,sc01,t4458,5000.0,5000.0,5000.0,5000.0
period1,sc01,t4459,5000.0,5000.0,5000.0,5000.0
period1,sc01,t4460,5000.0,5000.0,5000.0,5000.0
period1,sc01,t4461,5000.0,5000.0,5000.0,5000.0
period1,sc01,t4462,5000.0,5000.0,5000.0,5000.0
period1,sc01,t4463,5000.0,5000.0,5000.0,5000.0
period1,sc01,t4464,5000.0,5000.0,5000.0,5000.0
period1,sc01,t4465,5000.0,5000.0,5000.0,5000.0
period1,sc01,t4466,5000.0,5000.0,5000.0,5000.0
period1,sc01,t4467,5000.0,5000.0,5000.0,5000.0
period1,sc01,t4468,5000.0,5000.0,5000.0,5000.0
period1,sc01,t4469,5000.0,5000.0,5000.0,5000.0
period1,sc01,t4470,5000.0,5000.0,5000.0,5000.0
period1,sc01,t4471,5000.0,5000.0,5000.0,5000.0
period1,sc01,t4472,5000.0,5000.0,5000.0,5000.0
period1,sc01,t4473,5000.0,5000.0,5000.0,5000.0
period1,sc01,t4474,5000.0,5000.0,5000.0,5000.0
period1,sc01,t4475,5000.0,5000.0,5000.0,5000.0
period1,sc01,t4476,5000.0,5000.0,5000.0,5000.0
period1,sc01,t4477,5000.0,5000.0,5000.0,5000.0
period1,sc01,t4478,5000.0,5000.0,5000.0,5000.0
period1,sc01,t4479,5000.0,5000.0,5000.0,5000.0
period1,sc01,t4480,5000.0,5000.0,5000.0,5000.0
period1,sc01,t4481,5000.0,5000.0,5000.0,5000.0
period1,sc01,t4482,5000.0,5000.0,5000.0,5000.0
period1,sc01,t4483,5000.0,5000.0,5000.0,5000.0
period1,sc01,t4484,5000.0,5000.0,5000.0,5000.0
period1,sc01,t4485,5000.0,5000.0,5000.0,5000.0
period1,sc01,t4486,5000.0,5000.0,5000.0,5000.0
period1,sc01,t4487,5000.0,5000.0,5000.0,5000.0
period1,sc01,t4488,5000.0,5000.0,5000.0,5000.0
period1,sc01,t4489,5000.0,5000.0,5000.0,5000.0
period1,sc01,t4490,5000.0,5000.0,5000.0,5000.0
period1,sc01,t4491,5000.0,5000.0,5000.0,5000.0
period1,sc01,t4492,5000.0,5000.0,5000.0,5000.0
period1,sc01,t4493,5000.0,5000.0,5000.0,5000.0
period1,sc01,t4494,5000.0,5000.0,5000.0,5000.0
period1,sc01,t4495,5000.0,5000.0,5000.0,5000.0
period1,sc01,t4496,5000.0,5000.0,5000.0,5000.0
period1,sc01,t4497,5000.0,5000.0,5000.0,5000.0
period1,sc01,t4498,5000.0,5000.0,5000.0,5000.0
period1,sc01,t4499,5000.0,5000.0,5000.0,5000.0
period1,sc01,t4500,5000.0,5000.0,5000.0,5000.0
period1,sc01,t4501,5000.0,5000.0,5000.0,5000.0
period1,sc01,t4502,5000.0,5000.0,5000.0,5000.0
period1,sc01,t4503,5000.0,5000.0,5000.0,5000.0
period1,sc01,t4504,5000.0,5000.0,5000.0,5000.0
period1,sc01,t4505,5000.0,5000.0,5000.0,5000.0
period1,sc01,t4506,5000.0,5000.0,5000.0,5000.0
period1,sc01,t4507,5000.0,5000.0,5000.0,5000.0
period1,sc01,t4508,5000.0,5000.0,5000.0,5000.0
period1,sc01,t4509,5000.0,5000.0,5000.0,5000.0
period1,sc01,t4510,5000.0,5000.0,5000.0,5000.0
period1,sc01,t4511,5000.0,5000.0,5000.0,5000.0
period1,sc01,t4512,5000.0,5000.0,5000.0,5000.0
period1,sc01,t4513,5000.0,5000.0,5000.0,5000.0
period1,sc01,t4514,5000.0,5000.0,5000.0,5000.0
period1,sc01,t4515,5000.0,5000.0,5000.0,5000.0
period1,sc01,t4516,5000.0,5000.0,5000.0,5000.0
period1,sc01,t4517,5000.0,5000.0,5000.0,5000.0
period1,sc01,t4518,5000.0,5000.0,5000.0,5000.0
period1,sc01,t4519,5000.0,5000.0,5000.0,5000.0
period1,sc01,t4520,5000.0,5000.0,5000.0,5000.0
period1,sc01,t4521,5000.0,5000.0,5000.0,5000.0
period1,sc01,t4522,5000.0,5000.0,5000.0,5000.0
period1,sc01,t4523,5000.0,5000.0,5000.0,5000.0
period1,sc01,t4524,5000.0,5000.0,5000.0,5000.0
period1,sc01,t4525,5000.0,5000.0,5000.0,5000.0
period1,sc01,t4526,5000.0,5000.0,5000.0,5000.0
period1,sc01,t4527,5000.0,5000.0,5000.0,5000.0
period1,sc01,t4528,5000.0,5000.0,5000.0,5000.0
period1,sc01,t4529,5000.0,5000.0,5000.0,5000.0
period1,sc01,t4530,5000.0,5000.0,5000.0,5000.0
period1,sc01,t4531,5000.0,5000.0,5000.0,5000.0
period1,sc01,t4532,5000.0,5000.0,5000.0,5000.0
period1,sc01,t4533,5000.0,5000.0,5000.0,5000.0
period1,sc01,t4534,5000.0,5000.0,5000.0,5000.0
period1,sc01,t4535,5000.0,5000.0,5000.0,5000.0
period1,sc01,t4536,5000.0,5000.0,5000.0,5000.0
period1,sc01,t4537,5000.0,5000.0,5000.0,5000.0
period1,sc01,t4538,5000.0,5000.0,5000.0,5000.0
period1,sc01,t4539,5000.0,5000.0,5000.0,5000.0
period1,sc01,t4540,5000.0,5000.0,5000.0,5000.0
period1,sc01,t4541,5000.0,5000.0,5000.0,5000.0
period1,sc01,t4542,5000.0,5000.0,5000.0,5000.0
period1,sc01,t4543,5000.0,5000.0,5000.0,5000.0
period1,sc01,t4544,5000.0,5000.0,5000.0,5000.0
period1,sc01,t4545,5000.0,5000.0,5000.0,5000.0
period1,sc01,t4546,5000.0,5000.0,5000.0,5000.0
period1,sc01,t4547,5000.0,5000.0,5000.0,5000.0
period1,sc01,t4548,5000.0,5000.0,5000.0,5000.0
period1,sc01,t4549,5000.0,5000.0,5000.0,5000.0
period1,sc01,t4550,5000.0,5000.0,5000.0,5000.0
period1,sc01,t4551,5000.0,5000.0,5000.0,5000.0
period1,sc01,t4552,5000.0,5000.0,5000.0,5000.0
period1,sc01,t4553,5000.0,5000.0,5000.0,5000.0
period1,sc01,t4554,5000.0,5000.0,5000.0,5000.0
period1,sc01,t4555,5000.0,5000.0,5000.0,5000.0
period1,sc01,t4556,5000.0,5000.0,5000.0,5000.0
period1,sc01,t4557,5000.0,5000.0,5000.0,5000.0
period1,sc01,t4558,5000.0,5000.0,5000.0,5000.0
period1,sc01,t4559,5000.0,5000.0,5000.0,5000.0
period1,sc01,t4560,5000.0,5000.0,5000.0,5000.0
period1,sc01,t4561,5000.0,5000.0,5000.0,5000.0
period1,sc01,t4562,5000.0,5000.0,5000.0,5000.0
period1,sc01,t4563,5000.0,5000.0,5000.0,5000.0
period1,sc01,t4564,5000.0,5000.0,5000.0,5000.0
period1,sc01,t4565,5000.0,5000.0,5000.0,5000.0
period1,sc01,t4566,5000.0,5000.0,5000.0,5000.0
period1,sc01,t4567,5000.0,5000.0,5000.0,5000.0
period1,sc01,t4568,5000.0,5000.0,5000.0,5000.0
period1,sc01,t4569,5000.0,5000.0,5000.0,5000.0
period1,sc01,t4570,5000.0,5000.0,5000.0,5000.0
period1,sc01,t4571,5000.0,5000.0,5000.0,5000.0
period1,sc01,t4572,5000.0,5000.0,5000.0,5000.0
period1,sc01,t4573,5000.0,5000.0,5000.0,5000.0
period1,sc01,t4574,5000.0,5000.0,5000.0,5000.0
period1,sc01,t4575,5000.0,5000.0,5000.0,5000.0
period1,sc01,t4576,5000.0,5000.0,5000.0,5000.0
period1,sc01,t4577,5000.0,5000.0,5000.0,5000.0
period1,sc01,t4578,5000.0,5000.0,5000.0,5000.0
period1,sc01,t4579,5000.0,5000.0,5000.0,5000.0
period1,sc01,t4580,5000.0,5000.0,5000.0,5000.0
period1,sc01,t4581,5000.0,5000.0,5000.0,5000.0
period1,sc01,t4582,5000.0,5000.0,5000.0,5000.0
period1,sc01,t4583,5000.0,5000.0,5000.0,5000.0
period1,sc01,t4584,5000.0,5000.0,5000.0,5000.0
period1,sc01,t4585,5000.0,5000.0,5000.0,5000.0
period1,sc01,t4586,5000.0,5000.0,5000.0,5000.0
period1,sc01,t4587,5000.0,5000.0,5000.0,5000.0
period1,sc01,t4588,5000.0,5000.0,5000.0,5000.0
period1,sc01,t4589,5000.0,5000.0,5000.0,5000.0
period1,sc01,t4590,5000.0,5000.0,5000.0,5000.0
period1,sc01,t4591,5000.0,5000.0,5000.0,5000.0
period1,sc01,t4592,5000.0,5000.0,5000.0,5000.0
period1,sc01,t4593,5000.0,5000.0,5000.0,5000.0
period1,sc01,t4594,5000.0,5000.0,5000.0,5000.0
period1,sc01,t4595,5000.0,5000.0,5000.0,5000.0
period1,sc01,t4596,5000.0,5000.0,5000.0,5000.0
period1,sc01,t4597,5000.0,5000.0,5000.0,5000.0
period1,sc01,t4598,5000.0,5000.0,5000.0,5000.0
period1,sc01,t4599,5000.0,5000.0,5000.0,5000.0
period1,sc01,t4600,5000.0,5000.0,5000.0,5000.0
period1,sc01,t4601,5000.0,5000.0,5000.0,5000.0
period1,sc01,t4602,5000.0,5000.0,5000.0,5000.0
period1,sc01,t4603,5000.0,5000.0,5000.0,5000.0
period1,sc01,t4604,5000.0,5000.0,5000.0,5000.0
period1,sc01,t4605,5000.0,5000.0,5000.0,5000.0
period1,sc01,t4606,5000.0,5000.0,5000.0,5000.0
period1,sc01,t4607,5000.0,5000.0,5000.0,5000.0
period1,sc01,t4608,5000.0,5000.0,5000.0,5000.0
period1,sc01,t4609,5000.0,5000.0,5000.0,5000.0
period1,sc01,t4610,5000.0,5000.0,5000.0,5000.0
period1,sc01,t4611,5000.0,5000.0,5000.0,5000.0
period1,sc01,t4612,5000.0,5000.0,5000.0,5000.0
period1,sc01,t4613,5000.0,5000.0,5000.0,5000.0
period1,sc01,t4614,5000.0,5000.0,5000.0,5000.0
period1,sc01,t4615,5000.0,5000.0,5000.0,5000.0
period1,sc01,t4616,5000.0,5000.0,5000.0,5000.0
period1,sc01,t4617,5000.0,5000.0,5000.0,5000.0
period1,sc01,t4618,5000.0,5000.0,5000.0,5000.0
period1,sc01,t4619,5000.0,5000.0,5000.0,5000.0
period1,sc01,t4620,5000.0,5000.0,5000.0,5000.0
period1,sc01,t4621,5000.0,5000.0,5000.0,5000.0
period1,sc01,t4622,5000.0,5000.0,5000.0,5000.0
period1,sc01,t4623,5000.0,5000.0,5000.0,5000.0
period1,sc01,t4624,5000.0,5000.0,5000.0,5000.0
period1,sc01,t4625,5000.0,5000.0,5000.0,5000.0
period1,sc01,t4626,5000.0,5000.0,5000.0,5000.0
period1,sc01,t4627,5000.0,5000.0,5000.0,5000.0
period1,sc01,t4628,5000.0,5000.0,5000.0,5000.0
period1,sc01,t4629,5000.0,5000.0,5000.0,5000.0
period1,sc01,t4630,5000.0,5000.0,5000.0,5000.0
period1,sc01,t4631,5000.0,5000.0,5000.0,5000.0
period1,sc01,t4632,5000.0,5000.0,5000.0,5000.0
period1,sc01,t4633,5000.0,5000.0,5000.0,5000.0
period1,sc01,t4634,5000.0,5000.0,5000.0,5000.0
period1,sc01,t4635,5000.0,5000.0,5000.0,5000.0
period1,sc01,t4636,5000.0,5000.0,5000.0,5000.0
period1,sc01,t4637,5000.0,5000.0,5000.0,5000.0
period1,sc01,t4638,5000.0,5000.0,5000.0,5000.0
period1,sc01,t4639,5000.0,5000.0,5000.0,5000.0
period1,sc01,t4640,5000.0,5000.0,5000.0,5000.0
period1,sc01,t4641,5000.0,5000.0,5000.0,5000.0
period1,sc01,t4642,5000.0,5000.0,5000.0,5000.0
period1,sc01,t4643,5000.0,5000.0,5000.0,5000.0
period1,sc01,t4644,5000.0,5000.0,5000.0,5000.0
period1,sc01,t4645,5000.0,5000.0,5000.0,5000.0
period1,sc01,t4646,5000.0,5000.0,5000.0,5000.0
period1,sc01,t4647,5000.0,5000.0,5000.0,5000.0
period1,sc01,t4648,5000.0,5000.0,5000.0,5000.0
period1,sc01,t4649,5000.0,5000.0,5000.0,5000.0
period1,sc01,t4650,5000.0,5000.0,5000.0,5000.0
period1,sc01,t4651,5000.0,5000.0,5000.0,5000.0
period1,sc01,t4652,5000.0,5000.0,5000.0,5000.0
period1,sc01,t4653,5000.0,5000.0,5000.0,5000.0
period1,sc01,t4654,5000.0,5000.0,5000.0,5000.0
period1,sc01,t4655,5000.0,5000.0,5000.0,5000.0
period1,sc01,t4656,5000.0,5000.0,5000.0,5000.0
period1,sc01,t4657,5000.0,5000.0,5000.0,5000.0
period1,sc01,t4658,5000.0,5000.0,5000.0,5000.0
period1,sc01,t4659,5000.0,5000.0,5000.0,5000.0
period1,sc01,t4660,5000.0,5000.0,5000.0,5000.0
period1,sc01,t4661,5000.0,5000.0,5000.0,5000.0
period1,sc01,t4662,5000.0,5000.0,5000.0,5000.0
period1,sc01,t4663,5000.0,5000.0,5000.0,5000.0
period1,sc01,t4664,5000.0,5000.0,5000.0,5000.0
period1,sc01,t4665,5000.0,5000.0,5000.0,5000.0
period1,sc01,t4666,5000.0,5000.0,5000.0,5000.0
period1,sc01,t4667,5000.0,5000.0,5000.0,5000.0
period1,sc01,t4668,5000.0,5000.0,5000.0,5000.0
period1,sc01,t4669,5000.0,5000.0,5000.0,5000.0
period1,sc01,t4670,5000.0,5000.0,5000.0,5000.0
period1,sc01,t4671,5000.0,5000.0,5000.0,5000.0
period1,sc01,t4672,5000.0,5000.0,5000.0,5000.0
period1,sc01,t4673,5000.0,5000.0,5000.0,5000.0
period1,sc01,t4674,5000.0,5000.0,5000.0,5000.0
period1,sc01,t4675,5000.0,5000.0,5000.0,5000.0
period1,sc01,t4676,5000.0,5000.0,5000.0,5000.0
period1,sc01,t4677,5000.0,5000.0,5000.0,5000.0
period1,sc01,t4678,5000.0,5000.0,5000.0,5000.0
period1,sc01,t4679,5000.0,5000.0,5000.0,5000.0
period1,sc01,t4680,5000.0,5000.0,5000.0,5000.0
period1,sc01,t4681,5000.0,5000.0,5000.0,5000.0
period1,sc01,t4682,5000.0,5000.0,5000.0,5000.0
period1,sc01,t4683,5000.0,5000.0,5000.0,5000.0
period1,sc01,t4684,5000.0,5000.0,5000.0,5000.0
period1,sc01,t4685,5000.0,5000.0,5000.0,5000.0
period1,sc01,t4686,5000.0,5000.0,5000.0,5000.0
period1,sc01,t4687,5000.0,5000.0,5000.0,5000.0
period1,sc01,t4688,5000.0,5000.0,5000.0,5000.0
period1,sc01,t4689,5000.0,5000.0,5000.0,5000.0
period1,sc01,t4690,5000.0,5000.0,5000.0,5000.0
period1,sc01,t4691,5000.0,5000.0,5000.0,5000.0
period1,sc01,t4692,5000.0,5000.0,5000.0,5000.0
period1,sc01,t4693,5000.0,5000.0,5000.0,5000.0
period1,sc01,t4694,5000.0,5000.0,5000.0,5000.0
period1,sc01,t4695,5000.0,5000.0,5000.0,5000.0
period1,sc01,t4696,5000.0,5000.0,5000.0,5000.0
period1,sc01,t4697,5000.0,5000.0,5000.0,5000.0
period1,sc01,t4698,5000.0,5000.0,5000.0,5000.0
period1,sc01,t4699,5000.0,5000.0,5000.0,5000.0
period1,sc01,t4700,5000.0,5000.0,5000.0,5000.0
period1,sc01,t4701,5000.0,5000.0,5000.0,5000.0
period1,sc01,t4702,5000.0,5000.0,5000.0,5000.0
period1,sc01,t4703,5000.0,5000.0,5000.0,5000.0
period1,sc01,t4704,5000.0,5000.0,5000.0,5000.0
period1,sc01,t4705,5000.0,5000.0,5000.0,5000.0
period1,sc01,t4706,5000.0,5000.0,5000.0,5000.0
period1,sc01,t4707,5000.0,5000.0,5000.0,5000.0
period1,sc01,t4708,5000.0,5000.0,5000.0,5000.0
period1,sc01,t4709,5000.0,5000.0,5000.0,5000.0
period1,sc01,t4710,5000.0,5000.0,5000.0,5000.0
period1,sc01,t4711,5000.0,5000.0,5000.0,5000.0
period1,sc01,t4712,5000.0,5000.0,5000.0,5000.0
period1,sc01,t4713,5000.0,5000.0,5000.0,5000.0
period1,sc01,t4714,5000.0,5000.0,5000.0,5000.0
period1,sc01,t4715,5000.0,5000.0,5000.0,5000.0
period1,sc01,t4716,5000.0,5000.0,5000.0,5000.0
period1,sc01,t4717,5000.0,5000.0,5000.0,5000.0
period1,sc01,t4718,5000.0,5000.0,5000.0,5000.0
period1,sc01,t4719,5000.0,5000.0,5000.0,5000.0
period1,sc01,t4720,5000.0,5000.0,5000.0,5000.0
period1,sc01,t4721,5000.0,5000.0,5000.0,5000.0
period1,sc01,t4722,5000.0,5000.0,5000.0,5000.0
period1,sc01,t4723,5000.0,5000.0,5000.0,5000.0
period1,sc01,t4724,5000.0,5000.0,5000.0,5000.0
period1,sc01,t4725,5000.0,5000.0,5000.0,5000.0
period1,sc01,t4726,5000.0,5000.0,5000.0,5000.0
period1,sc01,t4727,5000.0,5000.0,5000.0,5000.0
period1,sc01,t4728,5000.0,5000.0,5000.0,5000.0
period1,sc01,t4729,5000.0,5000.0,5000.0,5000.0
period1,sc01,t4730,5000.0,5000.0,5000.0,5000.0
period1,sc01,t4731,5000.0,5000.0,5000.0,5000.0
period1,sc01,t4732,5000.0,5000.0,5000.0,5000.0
period1,sc01,t4733,5000.0,5000.0,5000.0,5000.0
period1,sc01,t4734,5000.0,5000.0,5000.0,5000.0
period1,sc01,t4735,5000.0,5000.0,5000.0,5000.0
period1,sc01,t4736,5000.0,5000.0,5000.0,5000.0
period1,sc01,t4737,5000.0,5000.0,5000.0,5000.0
period1,sc01,t4738,5000.0,5000.0,5000.0,5000.0
period1,sc01,t4739,5000.0,5000.0,5000.0,5000.0
period1,sc01,t4740,5000.0,5000.0,5000.0,5000.0
period1,sc01,t4741,5000.0,5000.0,5000.0,5000.0
period1,sc01,t4742,5000.0,5000.0,5000.0,5000.0
period1,sc01,t4743,5000.0,5000.0,5000.0,5000.0
period1,sc01,t4744,5000.0,5000.0,5000.0,5000.0
period1,sc01,t4745,5000.0,5000.0,5000.0,5000.0
period1,sc01,t4746,5000.0,5000.0,5000.0,5000.0
period1,sc01,t4747,5000.0,5000.0,5000.0,5000.0
period1,sc01,t4748,5000.0,5000.0,5000.0,5000.0
period1,sc01,t4749,5000.0,5000.0,5000.0,5000.0
period1,sc01,t4750,5000.0,5000.0,5000.0,5000.0
period1,sc01,t4751,5000.0,5000.0,5000.0,5000.0
period1,sc01,t4752,5000.0,5000.0,5000.0,5000.0
period1,sc01,t4753,5000.0,5000.0,5000.0,5000.0
period1,sc01,t4754,5000.0,5000.0,5000.0,5000.0
period1,sc01,t4755,5000.0,5000.0,5000.0,5000.0
period1,sc01,t4756,5000.0,5000.0,5000.0,5000.0
period1,sc01,t4757,5000.0,5000.0,5000.0,5000.0
period1,sc01,t4758,5000.0,5000.0,5000.0,5000.0
period1,sc01,t4759,5000.0,5000.0,5000.0,5000.0
period1,sc01,t4760,5000.0,5000.0,5000.0,5000.0
period1,sc01,t4761,5000.0,5000.0,5000.0,5000.0
period1,sc01,t4762,5000.0,5000.0,5000.0,5000.0
period1,sc01,t4763,5000.0,5000.0,5000.0,5000.0
period1,sc01,t4764,5000.0,5000.0,5000.0,5000.0
period1,sc01,t4765,5000.0,5000.0,5000.0,5000.0
period1,sc01,t4766,5000.0,5000.0,5000.0,5000.0
period1,sc01,t4767,5000.0,5000.0,5000.0,5000.0
period1,sc01,t4768,5000.0,5000.0,5000.0,5000.0
period1,sc01,t4769,5000.0,5000.0,5000.0,5000.0
period1,sc01,t4770,5000.0,5000.0,5000.0,5000.0
period1,sc01,t4771,5000.0,5000.0,5000.0,5000.0
period1,sc01,t4772,5000.0,5000.0,5000.0,5000.0
period1,sc01,t4773,5000.0,5000.0,5000.0,5000.0
period1,sc01,t4774,5000.0,5000.0,5000.0,5000.0
period1,sc01,t4775,5000.0,5000.0,5000.0,5000.0
period1,sc01,t4776,5000.0,5000.0,5000.0,5000.0
period1,sc01,t4777,5000.0,5000.0,5000.0,5000.0
period1,sc01,t4778,5000.0,5000.0,5000.0,5000.0
period1,sc01,t4779,5000.0,5000.0,5000.0,5000.0
period1,sc01,t4780,5000.0,5000.0,5000.0,5000.0
period1,sc01,t4781,5000.0,5000.0,5000.0,5000.0
period1,sc01,t4782,5000.0,5000.0,5000.0,5000.0
period1,sc01,t4783,5000.0,5000.0,5000.0,5000.0
period1,sc01,t4784,5000.0,5000.0,5000.0,5000.0
period1,sc01,t4785,5000.0,5000.0,5000.0,5000.0
period1,sc01,t4786,5000.0,5000.0,5000.0,5000.0
period1,sc01,t4787,5000.0,5000.0,5000.0,5000.0
period1,sc01,t4788,5000.0,5000.0,5000.0,5000.0
period1,sc01,t4789,5000.0,5000.0,5000.0,5000.0
period1,sc01,t4790,5000.0,5000.0,5000.0,5000.0
period1,sc01,t4791,5000.0,5000.0,5000.0,5000.0
period1,sc01,t4792,5000.0,5000.0,5000.0,5000.0
period1,sc01,t4793,5000.0,5000.0,5000.0,5000.0
period1,sc01,t4794,5000.0,5000.0,5000.0,5000.0
period1,sc01,t4795,5000.0,5000.0,5000.0,5000.0
period1,sc01,t4796,5000.0,5000.0,5000.0,5000.0
period1,sc01,t4797,5000.0,5000.0,5000.0,5000.0
period1,sc01,t4798,5000.0,5000.0,5000.0,5000.0
period1,sc01,t4799,5000.0,5000.0,5000.0,5000.0
period1,sc01,t4800,5000.0,5000.0,5000.0,5000.0
period1,sc01,t4801,5000.0,5000.0,5000.0,5000.0
period1,sc01,t4802,5000.0,5000.0,5000.0,5000.0
period1,sc01,t4803,5000.0,5000.0,5000.0,5000.0
period1,sc01,t4804,5000.0,5000.0,5000.0,5000.0
period1,sc01,t4805,5000.0,5000.0,5000.0,5000.0
period1,sc01,t4806,5000.0,5000.0,5000.0,5000.0
period1,sc01,t4807,5000.0,5000.0,5000.0,5000.0
period1,sc01,t4808,5000.0,5000.0,5000.0,5000.0
period1,sc01,t4809,5000.0,5000.0,5000.0,5000.0
period1,sc01,t4810,5000.0,5000.0,5000.0,5000.0
period1,sc01,t4811,5000.0,5000.0,5000.0,5000.0
period1,sc01,t4812,5000.0,5000.0,5000.0,5000.0
period1,sc01,t4813,5000.0,5000.0,5000.0,5000.0
period1,sc01,t4814,5000.0,5000.0,5000.0,5000.0
period1,sc01,t4815,5000.0,5000.0,5000.0,5000.0
period1,sc01,t4816,5000.0,5000.0,5000.0,5000.0
period1,sc01,t4817,5000.0,5000.0,5000.0,5000.0
period1,sc01,t4818,5000.0,5000.0,5000.0,5000.0
period1,sc01,t4819,5000.0,5000.0,5000.0,5000.0
period1,sc01,t4820,5000.0,5000.0,5000.0,5000.0
period1,sc01,t4821,5000.0,5000.0,5000.0,5000.0
period1,sc01,t4822,5000.0,5000.0,5000.0,5000.0
period1,sc01,t4823,5000.0,5000.0,5000.0,5000.0
period1,sc01,t4824,5000.0,5000.0,5000.0,5000.0
period1,sc01,t4825,5000.0,5000.0,5000.0,5000.0
period1,sc01,t4826,5000.0,5000.0,5000.0,5000.0
period1,sc01,t4827,5000.0,5000.0,5000.0,5000.0
period1,sc01,t4828,5000.0,5000.0,5000.0,5000.0
period1,sc01,t4829,5000.0,5000.0,5000.0,5000.0
period1,sc01,t4830,5000.0,5000.0,5000.0,5000.0
period1,sc01,t4831,5000.0,5000.0,5000.0,5000.0
period1,sc01,t4832,5000.0,5000.0,5000.0,5000.0
period1,sc01,t4833,5000.0,5000.0,5000.0,5000.0
period1,sc01,t4834,5000.0,5000.0,5000.0,5000.0
period1,sc01,t4835,5000.0,5000.0,5000.0,5000.0
period1,sc01,t4836,5000.0,5000.0,5000.0,5000.0
period1,sc01,t4837,5000.0,5000.0,5000.0,5000.0
period1,sc01,t4838,5000.0,5000.0,5000.0,5000.0
period1,sc01,t4839,5000.0,5000.0,5000.0,5000.0
period1,sc01,t4840,5000.0,5000.0,5000.0,5000.0
period1,sc01,t4841,5000.0,5000.0,5000.0,5000.0
period1,sc01,t4842,5000.0,5000.0,5000.0,5000.0
period1,sc01,t4843,5000.0,5000.0,5000.0,5000.0
period1,sc01,t4844,5000.0,5000.0,5000.0,5000.0
period1,sc01,t4845,5000.0,5000.0,5000.0,5000.0
period1,sc01,t4846,5000.0,5000.0,5000.0,5000.0
period1,sc01,t4847,5000.0,5000.0,5000.0,5000.0
period1,sc01,t4848,5000.0,5000.0,5000.0,5000.0
period1,sc01,t4849,5000.0,5000.0,5000.0,5000.0
period1,sc01,t4850,5000.0,5000.0,5000.0,5000.0
period1,sc01,t4851,5000.0,5000.0,5000.0,5000.0
period1,sc01,t4852,5000.0,5000.0,5000.0,5000.0
period1,sc01,t4853,5000.0,5000.0,5000.0,5000.0
period1,sc01,t4854,5000.0,5000.0,5000.0,5000.0
period1,sc01,t4855,5000.0,5000.0,5000.0,5000.0
period1,sc01,t4856,5000.0,5000.0,5000.0,5000.0
period1,sc01,t4857,5000.0,5000.0,5000.0,5000.0
period1,sc01,t4858,5000.0,5000.0,5000.0,5000.0
period1,sc01,t4859,5000.0,5000.0,5000.0,5000.0
period1,sc01,t4860,5000.0,5000.0,5000.0,5000.0
period1,sc01,t4861,5000.0,5000.0,5000.0,5000.0
period1,sc01,t4862,5000.0,5000.0,5000.0,5000.0
period1,sc01,t4863,5000.0,5000.0,5000.0,5000.0
period1,sc01,t4864,5000.0,5000.0,5000.0,5000.0
period1,sc01,t4865,5000.0,5000.0,5000.0,5000.0
period1,sc01,t4866,5000.0,5000.0,5000.0,5000.0
period1,sc01,t4867,5000.0,5000.0,5000.0,5000.0
period1,sc01,t4868,5000.0,5000.0,5000.0,5000.0
period1,sc01,t4869,5000.0,5000.0,5000.0,5000.0
period1,sc01,t4870,5000.0,5000.0,5000.0,5000.0
period1,sc01,t4871,5000.0,5000.0,5000.0,5000.0
period1,sc01,t4872,5000.0,5000.0,5000.0,5000.0
period1,sc01,t4873,5000.0,5000.0,5000.0,5000.0
period1,sc01,t4874,5000.0,5000.0,5000.0,5000.0
period1,sc01,t4875,5000.0,5000.0,5000.0,5000.0
period1,sc01,t4876,5000.0,5000.0,5000.0,5000.0
period1,sc01,t4877,5000.0,5000.0,5000.0,5000.0
period1,sc01,t4878,5000.0,5000.0,5000.0,5000.0
period1,sc01,t4879,5000.0,5000.0,5000.0,5000.0
period1,sc01,t4880,5000.0,5000.0,5000.0,5000.0
period1,sc01,t4881,5000.0,5000.0,5000.0,5000.0
period1,sc01,t4882,5000.0,5000.0,5000.0,5000.0
period1,sc01,t4883,5000.0,5000.0,5000.0,5000.0
period1,sc01,t4884,5000.0,5000.0,5000.0,5000.0
period1,sc01,t4885,5000.0,5000.0,5000.0,5000.0
period1,sc01,t4886,5000.0,5000.0,5000.0,5000.0
period1,sc01,t4887,5000.0,5000.0,5000.0,5000.0
period1,sc01,t4888,5000.0,5000.0,5000.0,5000.0
period1,sc01,t4889,5000.0,5000.0,5000.0,5000.0
period1,sc01,t4890,5000.0,5000.0,5000.0,5000.0
period1,sc01,t4891,5000.0,5000.0,5000.0,5000.0
period1,sc01,t4892,5000.0,5000.0,5000.0,5000.0
period1,sc01,t4893,5000.0,5000.0,5000.0,5000.0
period1,sc01,t4894,5000.0,5000.0,5000.0,5000.0
period1,sc01,t4895,5000.0,5000.0,5000.0,5000.0
period1,sc01,t4896,5000.0,5000.0,5000.0,5000.0
period1,sc01,t4897,5000.0,5000.0,5000.0,5000.0
period1,sc01,t4898,5000.0,5000.0,5000.0,5000.0
period1,sc01,t4899,5000.0,5000.0,5000.0,5000.0
period1,sc01,t4900,5000.0,5000.0,5000.0,5000.0
period1,sc01,t4901,5000.0,5000.0,5000.0,5000.0
period1,sc01,t4902,5000.0,5000.0,5000.0,5000.0
period1,sc01,t4903,5000.0,5000.0,5000.0,5000.0
period1,sc01,t4904,5000.0,5000.0,5000.0,5000.0
period1,sc01,t4905,5000.0,5000.0,5000.0,5000.0
period1,sc01,t4906,5000.0,5000.0,5000.0,5000.0
period1,sc01,t4907,5000.0,5000.0,5000.0,5000.0
period1,sc01,t4908,5000.0,5000.0,5000.0,5000.0
period1,sc01,t4909,5000.0,5000.0,5000.0,5000.0
period1,sc01,t4910,5000.0,5000.0,5000.0,5000.0
period1,sc01,t4911,5000.0,5000.0,5000.0,5000.0
period1,sc01,t4912,5000.0,5000.0,5000.0,5000.0
period1,sc01,t4913,5000.0,5000.0,5000.0,5000.0
period1,sc01,t4914,5000.0,5000.0,5000.0,5000.0
period1,sc01,t4915,5000.0,5000.0,5000.0,5000.0
period1,sc01,t4916,5000.0,5000.0,5000.0,5000.0
period1,sc01,t4917,5000.0,5000.0,5000.0,5000.0
period1,sc01,t4918,5000.0,5000.0,5000.0,5000.0
period1,sc01,t4919,5000.0,5000.0,5000.0,5000.0
period1,sc01,t4920,5000.0,5000.0,5000.0,5000.0
period1,sc01,t4921,5000.0,5000.0,5000.0,5000.0
period1,sc01,t4922,5000.0,5000.0,5000.0,5000.0
period1,sc01,t4923,5000.0,5000.0,5000.0,5000.0
period1,sc01,t4924,5000.0,5000.0,5000.0,5000.0
period1,sc01,t4925,5000.0,5000.0,5000.0,5000.0
period1,sc01,t4926,5000.0,5000.0,5000.0,5000.0
period1,sc01,t4927,5000.0,5000.0,5000.0,5000.0
period1,sc01,t4928,5000.0,5000.0,5000.0,5000.0
period1,sc01,t4929,5000.0,5000.0,5000.0,5000.0
period1,sc01,t4930,5000.0,5000.0,5000.0,5000.0
period1,sc01,t4931,5000.0,5000.0,5000.0,5000.0
period1,sc01,t4932,5000.0,5000.0,5000.0,5000.0
period1,sc01,t4933,5000.0,5000.0,5000.0,5000.0
period1,sc01,t4934,5000.0,5000.0,5000.0,5000.0
period1,sc01,t4935,5000.0,5000.0,5000.0,5000.0
period1,sc01,t4936,5000.0,5000.0,5000.0,5000.0
period1,sc01,t4937,5000.0,5000.0,5000.0,5000.0
period1,sc01,t4938,5000.0,5000.0,5000.0,5000.0
period1,sc01,t4939,5000.0,5000.0,5000.0,5000.0
period1,sc01,t4940,5000.0,5000.0,5000.0,5000.0
period1,sc01,t4941,5000.0,5000.0,5000.0,5000.0
period1,sc01,t4942,5000.0,5000.0,5000.0,5000.0
period1,sc01,t4943,5000.0,5000.0,5000.0,5000.0
period1,sc01,t4944,5000.0,5000.0,5000.0,5000.0
period1,sc01,t4945,5000.0,5000.0,5000.0,5000.0
period1,sc01,t4946,5000.0,5000.0,5000.0,5000.0
period1,sc01,t4947,5000.0,5000.0,5000.0,5000.0
period1,sc01,t4948,5000.0,5000.0,5000.0,5000.0
period1,sc01,t4949,5000.0,5000.0,5000.0,5000.0
period1,sc01,t4950,5000.0,5000.0,5000.0,5000.0
period1,sc01,t4951,5000.0,5000.0,5000.0,5000.0
period1,sc01,t4952,5000.0,5000.0,5000.0,5000.0
period1,sc01,t4953,5000.0,5000.0,5000.0,5000.0
period1,sc01,t4954,5000.0,5000.0,5000.0,5000.0
period1,sc01,t4955,5000.0,5000.0,5000.0,5000.0
period1,sc01,t4956,5000.0,5000.0,5000.0,5000.0
period1,sc01,t4957,5000.0,5000.0,5000.0,5000.0
period1,sc01,t4958,5000.0,5000.0,5000.0,5000.0
period1,sc01,t4959,5000.0,5000.0,5000.0,5000.0
period1,sc01,t4960,5000.0,5000.0,5000.0,5000.0
period1,sc01,t4961,5000.0,5000.0,5000.0,5000.0
period1,sc01,t4962,5000.0,5000.0,5000.0,5000.0
period1,sc01,t4963,5000.0,5000.0,5000.0,5000.0
period1,sc01,t4964,5000.0,5000.0,5000.0,5000.0
period1,sc01,t4965,5000.0,5000.0,5000.0,5000.0
period1,sc01,t4966,5000.0,5000.0,5000.0,5000.0
period1,sc01,t4967,5000.0,5000.0,5000.0,5000.0
period1,sc01,t4968,5000.0,5000.0,5000.0,5000.0
period1,sc01,t4969,5000.0,5000.0,5000.0,5000.0
period1,sc01,t4970,5000.0,5000.0,5000.0,5000.0
period1,sc01,t4971,5000.0,5000.0,5000.0,5000.0
period1,sc01,t4972,5000.0,5000.0,5000.0,5000.0
period1,sc01,t4973,5000.0,5000.0,5000.0,5000.0
period1,sc01,t4974,5000.0,5000.0,5000.0,5000.0
period1,sc01,t4975,5000.0,5000.0,5000.0,5000.0
period1,sc01,t4976,5000.0,5000.0,5000.0,5000.0
period1,sc01,t4977,5000.0,5000.0,5000.0,5000.0
period1,sc01,t4978,5000.0,5000.0,5000.0,5000.0
period1,sc01,t4979,5000.0,5000.0,5000.0,5000.0
period1,sc01,t4980,5000.0,5000.0,5000.0,5000.0
period1,sc01,t4981,5000.0,5000.0,5000.0,5000.0
period1,sc01,t4982,5000.0,5000.0,5000.0,5000.0
period1,sc01,t4983,5000.0,5000.0,5000.0,5000.0
period1,sc01,t4984,5000.0,5000.0,5000.0,5000.0
period1,sc01,t4985,5000.0,5000.0,5000.0,5000.0
period1,sc01,t4986,5000.0,5000.0,5000.0,5000.0
period1,sc01,t4987,5000.0,5000.0,5000.0,5000.0
period1,sc01,t4988,5000.0,5000.0,5000.0,5000.0
period1,sc01,t4989,5000.0,5000.0,5000.0,5000.0
period1,sc01,t4990,5000.0,5000.0,5000.0,5000.0
period1,sc01,t4991,5000.0,5000.0,5000.0,5000.0
period1,sc01,t4992,5000.0,5000.0,5000.0,5000.0
period1,sc01,t4993,5000.0,5000.0,5000.0,5000.0
period1,sc01,t4994,5000.0,5000.0,5000.0,5000.0
period1,sc01,t4995,5000.0,5000.0,5000.0,5000.0
period1,sc01,t4996,5000.0,5000.0,5000.0,5000.0
period1,sc01,t4997,5000.0,5000.0,5000.0,5000.0
period1,sc01,t4998,5000.0,5000.0,5000.0,5000.0
period1,sc01,t4999,5000.0,5000.0,5000.0,5000.0
period1,sc01,t5000,5000.0,5000.0,5000.0,5000.0
period1,sc01,t5001,5000.0,5000.0,5000.0,5000.0
period1,sc01,t5002,5000.0,5000.0,5000.0,5000.0
period1,sc01,t5003,5000.0,5000.0,5000.0,5000.0
period1,sc01,t5004,5000.0,5000.0,5000.0,5000.0
period1,sc01,t5005,5000.0,5000.0,5000.0,5000.0
period1,sc01,t5006,5000.0,5000.0,5000.0,5000.0
period1,sc01,t5007,5000.0,5000.0,5000.0,5000.0
period1,sc01,t5008,5000.0,5000.0,5000.0,5000.0
period1,sc01,t5009,5000.0,5000.0,5000.0,5000.0
period1,sc01,t5010,5000.0,5000.0,5000.0,5000.0
period1,sc01,t5011,5000.0,5000.0,5000.0,5000.0
period1,sc01,t5012,5000.0,5000.0,5000.0,5000.0
period1,sc01,t5013,5000.0,5000.0,5000.0,5000.0
period1,sc01,t5014,5000.0,5000.0,5000.0,5000.0
period1,sc01,t5015,5000.0,5000.0,5000.0,5000.0
period1,sc01,t5016,5000.0,5000.0,5000.0,5000.0
period1,sc01,t5017,5000.0,5000.0,5000.0,5000.0
period1,sc01,t5018,5000.0,5000.0,5000.0,5000.0
period1,sc01,t5019,5000.0,5000.0,5000.0,5000.0
period1,sc01,t5020,5000.0,5000.0,5000.0,5000.0
period1,sc01,t5021,5000.0,5000.0,5000.0,5000.0
period1,sc01,t5022,5000.0,5000.0,5000.0,5000.0
period1,sc01,t5023,5000.0,5000.0,5000.0,5000.0
period1,sc01,t5024,5000.0,5000.0,5000.0,5000.0
period1,sc01,t5025,5000.0,5000.0,5000.0,5000.0
period1,sc01,t5026,5000.0,5000.0,5000.0,5000.0
period1,sc01,t5027,5000.0,5000.0,5000.0,5000.0
period1,sc01,t5028,5000.0,5000.0,5000.0,5000.0
period1,sc01,t5029,5000.0,5000.0,5000.0,5000.0
period1,sc01,t5030,5000.0,5000.0,5000.0,5000.0
period1,sc01,t5031,5000.0,5000.0,5000.0,5000.0
period1,sc01,t5032,5000.0,5000.0,5000.0,5000.0
period1,sc01,t5033,5000.0,5000.0,5000.0,5000.0
period1,sc01,t5034,5000.0,5000.0,5000.0,5000.0
period1,sc01,t5035,5000.0,5000.0,5000.0,5000.0
period1,sc01,t5036,5000.0,5000.0,5000.0,5000.0
period1,sc01,t5037,5000.0,5000.0,5000.0,5000.0
period1,sc01,t5038,5000.0,5000.0,5000.0,5000.0
period1,sc01,t5039,5000.0,5000.0,5000.0,5000.0
period1,sc01,t5040,5000.0,5000.0,5000.0,5000.0
period1,sc01,t5041,5000.0,5000.0,5000.0,5000.0
period1,sc01,t5042,5000.0,5000.0,5000.0,5000.0
period1,sc01,t5043,5000.0,5000.0,5000.0,5000.0
period1,sc01,t5044,5000.0,5000.0,5000.0,5000.0
period1,sc01,t5045,5000.0,5000.0,5000.0,5000.0
period1,sc01,t5046,5000.0,5000.0,5000.0,5000.0
period1,sc01,t5047,5000.0,5000.0,5000.0,5000.0
period1,sc01,t5048,5000.0,5000.0,5000.0,5000.0
period1,sc01,t5049,5000.0,5000.0,5000.0,5000.0
period1,sc01,t5050,5000.0,5000.0,5000.0,5000.0
period1,sc01,t5051,5000.0,5000.0,5000.0,5000.0
period1,sc01,t5052,5000.0,5000.0,5000.0,5000.0
period1,sc01,t5053,5000.0,5000.0,5000.0,5000.0
period1,sc01,t5054,5000.0,5000.0,5000.0,5000.0
period1,sc01,t5055,5000.0,5000.0,5000.0,5000.0
period1,sc01,t5056,5000.0,5000.0,5000.0,5000.0
period1,sc01,t5057,5000.0,5000.0,5000.0,5000.0
period1,sc01,t5058,5000.0,5000.0,5000.0,5000.0
period1,sc01,t5059,5000.0,5000.0,5000.0,5000.0
period1,sc01,t5060,5000.0,5000.0,5000.0,5000.0
period1,sc01,t5061,5000.0,5000.0,5000.0,5000.0
period1,sc01,t5062,5000.0,5000.0,5000.0,5000.0
period1,sc01,t5063,5000.0,5000.0,5000.0,5000.0
period1,sc01,t5064,5000.0,5000.0,5000.0,5000.0
period1,sc01,t5065,5000.0,5000.0,5000.0,5000.0
period1,sc01,t5066,5000.0,5000.0,5000.0,5000.0
period1,sc01,t5067,5000.0,5000.0,5000.0,5000.0
period1,sc01,t5068,5000.0,5000.0,5000.0,5000.0
period1,sc01,t5069,5000.0,5000.0,5000.0,5000.0
period1,sc01,t5070,5000.0,5000.0,5000.0,5000.0
period1,sc01,t5071,5000.0,5000.0,5000.0,5000.0
period1,sc01,t5072,5000.0,5000.0,5000.0,5000.0
period1,sc01,t5073,5000.0,5000.0,5000.0,5000.0
period1,sc01,t5074,5000.0,5000.0,5000.0,5000.0
period1,sc01,t5075,5000.0,5000.0,5000.0,5000.0
period1,sc01,t5076,5000.0,5000.0,5000.0,5000.0
period1,sc01,t5077,5000.0,5000.0,5000.0,5000.0
period1,sc01,t5078,5000.0,5000.0,5000.0,5000.0
period1,sc01,t5079,5000.0,5000.0,5000.0,5000.0
period1,sc01,t5080,5000.0,5000.0,5000.0,5000.0
period1,sc01,t5081,5000.0,5000.0,5000.0,5000.0
period1,sc01,t5082,5000.0,5000.0,5000.0,5000.0
period1,sc01,t5083,5000.0,5000.0,5000.0,5000.0
period1,sc01,t5084,5000.0,5000.0,5000.0,5000.0
period1,sc01,t5085,5000.0,5000.0,5000.0,5000.0
period1,sc01,t5086,5000.0,5000.0,5000.0,5000.0
period1,sc01,t5087,5000.0,5000.0,5000.0,5000.0
period1,sc01,t5088,5000.0,5000.0,5000.0,5000.0
period1,sc01,t5089,5000.0,5000.0,5000.0,5000.0
period1,sc01,t5090,5000.0,5000.0,5000.0,5000.0
period1,sc01,t5091,5000.0,5000.0,5000.0,5000.0
period1,sc01,t5092,5000.0,5000.0,5000.0,5000.0
period1,sc01,t5093,5000.0,5000.0,5000.0,5000.0
period1,sc01,t5094,5000.0,5000.0,5000.0,5000.0
period1,sc01,t5095,5000.0,5000.0,5000.0,5000.0
period1,sc01,t5096,5000.0,5000.0,5000.0,5000.0
period1,sc01,t5097,5000.0,5000.0,5000.0,5000.0
period1,sc01,t5098,5000.0,5000.0,5000.0,5000.0
period1,sc01,t5099,5000.0,5000.0,5000.0,5000.0
period1,sc01,t5100,5000.0,5000.0,5000.0,5000.0
period1,sc01,t5101,5000.0,5000.0,5000.0,5000.0
period1,sc01,t5102,5000.0,5000.0,5000.0,5000.0
period1,sc01,t5103,5000.0,5000.0,5000.0,5000.0
period1,sc01,t5104,5000.0,5000.0,5000.0,5000.0
period1,sc01,t5105,5000.0,5000.0,5000.0,5000.0
period1,sc01,t5106,5000.0,5000.0,5000.0,5000.0
period1,sc01,t5107,5000.0,5000.0,5000.0,5000.0
period1,sc01,t5108,5000.0,5000.0,5000.0,5000.0
period1,sc01,t5109,5000.0,5000.0,5000.0,5000.0
period1,sc01,t5110,5000.0,5000.0,5000.0,5000.0
period1,sc01,t5111,5000.0,5000.0,5000.0,5000.0
period1,sc01,t5112,5000.0,5000.0,5000.0,5000.0
period1,sc01,t5113,5000.0,5000.0,5000.0,5000.0
period1,sc01,t5114,5000.0,5000.0,5000.0,5000.0
period1,sc01,t5115,5000.0,5000.0,5000.0,5000.0
period1,sc01,t5116,5000.0,5000.0,5000.0,5000.0
period1,sc01,t5117,5000.0,5000.0,5000.0,5000.0
period1,sc01,t5118,5000.0,5000.0,5000.0,5000.0
period1,sc01,t5119,5000.0,5000.0,5000.0,5000.0
period1,sc01,t5120,5000.0,5000.0,5000.0,5000.0
period1,sc01,t5121,5000.0,5000.0,5000.0,5000.0
period1,sc01,t5122,5000.0,5000.0,5000.0,5000.0
period1,sc01,t5123,5000.0,5000.0,5000.0,5000.0
period1,sc01,t5124,5000.0,5000.0,5000.0,5000.0
period1,sc01,t5125,5000.0,5000.0,5000.0,5000.0
period1,sc01,t5126,5000.0,5000.0,5000.0,5000.0
period1,sc01,t5127,5000.0,5000.0,5000.0,5000.0
period1,sc01,t5128,5000.0,5000.0,5000.0,5000.0
period1,sc01,t5129,5000.0,5000.0,5000.0,5000.0
period1,sc01,t5130,5000.0,5000.0,5000.0,5000.0
period1,sc01,t5131,5000.0,5000.0,5000.0,5000.0
period1,sc01,t5132,5000.0,5000.0,5000.0,5000.0
period1,sc01,t5133,5000.0,5000.0,5000.0,5000.0
period1,sc01,t5134,5000.0,5000.0,5000.0,5000.0
period1,sc01,t5135,5000.0,5000.0,5000.0,5000.0
period1,sc01,t5136,5000.0,5000.0,5000.0,5000.0
period1,sc01,t5137,5000.0,5000.0,5000.0,5000.0
period1,sc01,t5138,5000.0,5000.0,5000.0,5000.0
period1,sc01,t5139,5000.0,5000.0,5000.0,5000.0
period1,sc01,t5140,5000.0,5000.0,5000.0,5000.0
period1,sc01,t5141,5000.0,5000.0,5000.0,5000.0
period1,sc01,t5142,5000.0,5000.0,5000.0,5000.0
period1,sc01,t5143,5000.0,5000.0,5000.0,5000.0
period1,sc01,t5144,5000.0,5000.0,5000.0,5000.0
period1,sc01,t5145,5000.0,5000.0,5000.0,5000.0
period1,sc01,t5146,5000.0,5000.0,5000.0,5000.0
period1,sc01,t5147,5000.0,5000.0,5000.0,5000.0
period1,sc01,t5148,5000.0,5000.0,5000.0,5000.0
period1,sc01,t5149,5000.0,5000.0,5000.0,5000.0
period1,sc01,t5150,5000.0,5000.0,5000.0,5000.0
period1,sc01,t5151,5000.0,5000.0,5000.0,5000.0
period1,sc01,t5152,5000.0,5000.0,5000.0,5000.0
period1,sc01,t5153,5000.0,5000.0,5000.0,5000.0
period1,sc01,t5154,5000.0,5000.0,5000.0,5000.0
period1,sc01,t5155,5000.0,5000.0,5000.0,5000.0
period1,sc01,t5156,5000.0,5000.0,5000.0,5000.0
period1,sc01,t5157,5000.0,5000.0,5000.0,5000.0
period1,sc01,t5158,5000.0,5000.0,5000.0,5000.0
period1,sc01,t5159,5000.0,5000.0,5000.0,5000.0
period1,sc01,t5160,5000.0,5000.0,5000.0,5000.0
period1,sc01,t5161,5000.0,5000.0,5000.0,5000.0
period1,sc01,t5162,5000.0,5000.0,5000.0,5000.0
period1,sc01,t5163,5000.0,5000.0,5000.0,5000.0
period1,sc01,t5164,5000.0,5000.0,5000.0,5000.0
period1,sc01,t5165,5000.0,5000.0,5000.0,5000.0
period1,sc01,t5166,5000.0,5000.0,5000.0,5000.0
period1,sc01,t5167,5000.0,5000.0,5000.0,5000.0
period1,sc01,t5168,5000.0,5000.0,5000.0,5000.0
period1,sc01,t5169,5000.0,5000.0,5000.0,5000.0
period1,sc01,t5170,5000.0,5000.0,5000.0,5000.0
period1,sc01,t5171,5000.0,5000.0,5000.0,5000.0
period1,sc01,t5172,5000.0,5000.0,5000.0,5000.0
period1,sc01,t5173,5000.0,5000.0,5000.0,5000.0
period1,sc01,t5174,5000.0,5000.0,5000.0,5000.0
period1,sc01,t5175,5000.0,5000.0,5000.0,5000.0
period1,sc01,t5176,5000.0,5000.0,5000.0,5000.0
period1,sc01,t5177,5000.0,5000.0,5000.0,5000.0
period1,sc01,t5178,5000.0,5000.0,5000.0,5000.0
period1,sc01,t5179,5000.0,5000.0,5000.0,5000.0
period1,sc01,t5180,5000.0,5000.0,5000.0,5000.0
period1,sc01,t5181,5000.0,5000.0,5000.0,5000.0
period1,sc01,t5182,5000.0,5000.0,5000.0,5000.0
period1,sc01,t5183,5000.0,5000.0,5000.0,5000.0
period1,sc01,t5184,5000.0,5000.0,5000.0,5000.0
period1,sc01,t5185,5000.0,5000.0,5000.0,5000.0
period1,sc01,t5186,5000.0,5000.0,5000.0,5000.0
period1,sc01,t5187,5000.0,5000.0,5000.0,5000.0
period1,sc01,t5188,5000.0,5000.0,5000.0,5000.0
period1,sc01,t5189,5000.0,5000.0,5000.0,5000.0
period1,sc01,t5190,5000.0,5000.0,5000.0,5000.0
period1,sc01,t5191,5000.0,5000.0,5000.0,5000.0
period1,sc01,t5192,5000.0,5000.0,5000.0,5000.0
period1,sc01,t5193,5000.0,5000.0,5000.0,5000.0
period1,sc01,t5194,5000.0,5000.0,5000.0,5000.0
period1,sc01,t5195,5000.0,5000.0,5000.0,5000.0
period1,sc01,t5196,5000.0,5000.0,5000.0,5000.0
period1,sc01,t5197,5000.0,5000.0,5000.0,5000.0
period1,sc01,t5198,5000.0,5000.0,5000.0,5000.0
period1,sc01,t5199,5000.0,5000.0,5000.0,5000.0
period1,sc01,t5200,5000.0,5000.0,5000.0,5000.0
period1,sc01,t5201,5000.0,5000.0,5000.0,5000.0
period1,sc01,t5202,5000.0,5000.0,5000.0,5000.0
period1,sc01,t5203,5000.0,5000.0,5000.0,5000.0
period1,sc01,t5204,5000.0,5000.0,5000.0,5000.0
period1,sc01,t5205,5000.0,5000.0,5000.0,5000.0
period1,sc01,t5206,5000.0,5000.0,5000.0,5000.0
period1,sc01,t5207,5000.0,5000.0,5000.0,5000.0
period1,sc01,t5208,5000.0,5000.0,5000.0,5000.0
period1,sc01,t5209,5000.0,5000.0,5000.0,5000.0
period1,sc01,t5210,5000.0,5000.0,5000.0,5000.0
period1,sc01,t5211,5000.0,5000.0,5000.0,5000.0
period1,sc01,t5212,5000.0,5000.0,5000.0,5000.0
period1,sc01,t5213,5000.0,5000.0,5000.0,5000.0
period1,sc01,t5214,5000.0,5000.0,5000.0,5000.0
period1,sc01,t5215,5000.0,5000.0,5000.0,5000.0
period1,sc01,t5216,5000.0,5000.0,5000.0,5000.0
period1,sc01,t5217,5000.0,5000.0,5000.0,5000.0
period1,sc01,t5218,5000.0,5000.0,5000.0,5000.0
period1,sc01,t5219,5000.0,5000.0,5000.0,5000.0
period1,sc01,t5220,5000.0,5000.0,5000.0,5000.0
period1,sc01,t5221,5000.0,5000.0,5000.0,5000.0
period1,sc01,t5222,5000.0,5000.0,5000.0,5000.0
period1,sc01,t5223,5000.0,5000.0,5000.0,5000.0
period1,sc01,t5224,5000.0,5000.0,5000.0,5000.0
period1,sc01,t5225,5000.0,5000.0,5000.0,5000.0
period1,sc01,t5226,5000.0,5000.0,5000.0,5000.0
period1,sc01,t5227,5000.0,5000.0,5000.0,5000.0
period1,sc01,t5228,5000.0,5000.0,5000.0,5000.0
period1,sc01,t5229,5000.0,5000.0,5000.0,5000.0
period1,sc01,t5230,5000.0,5000.0,5000.0,5000.0
period1,sc01,t5231,5000.0,5000.0,5000.0,5000.0
period1,sc01,t5232,5000.0,5000.0,5000.0,5000.0
period1,sc01,t5233,5000.0,5000.0,5000.0,5000.0
period1,sc01,t5234,5000.0,5000.0,5000.0,5000.0
period1,sc01,t5235,5000.0,5000.0,5000.0,5000.0
period1,sc01,t5236,5000.0,5000.0,5000.0,5000.0
period1,sc01,t5237,5000.0,5000.0,5000.0,5000.0
period1,sc01,t5238,5000.0,5000.0,5000.0,5000.0
period1,sc01,t5239,5000.0,5000.0,5000.0,5000.0
period1,sc01,t5240,5000.0,5000.0,5000.0,5000.0
period1,sc01,t5241,5000.0,5000.0,5000.0,5000.0
period1,sc01,t5242,5000.0,5000.0,5000.0,5000.0
period1,sc01,t5243,5000.0,5000.0,5000.0,5000.0
period1,sc01,t5244,5000.0,5000.0,5000.0,5000.0
period1,sc01,t5245,5000.0,5000.0,5000.0,5000.0
period1,sc01,t5246,5000.0,5000.0,5000.0,5000.0
period1,sc01,t5247,5000.0,5000.0,5000.0,5000.0
period1,sc01,t5248,5000.0,5000.0,5000.0,5000.0
period1,sc01,t5249,5000.0,5000.0,5000.0,5000.0
period1,sc01,t5250,5000.0,5000.0,5000.0,5000.0
period1,sc01,t5251,5000.0,5000.0,5000.0,5000.0
period1,sc01,t5252,5000.0,5000.0,5000.0,5000.0
period1,sc01,t5253,5000.0,5000.0,5000.0,5000.0
period1,sc01,t5254,5000.0,5000.0,5000.0,5000.0
period1,sc01,t5255,5000.0,5000.0,5000.0,5000.0
period1,sc01,t5256,5000.0,5000.0,5000.0,5000.0
period1,sc01,t5257,5000.0,5000.0,5000.0,5000.0
period1,sc01,t5258,5000.0,5000.0,5000.0,5000.0
period1,sc01,t5259,5000.0,5000.0,5000.0,5000.0
period1,sc01,t5260,5000.0,5000.0,5000.0,5000.0
period1,sc01,t5261,5000.0,5000.0,5000.0,5000.0
period1,sc01,t5262,5000.0,5000.0,5000.0,5000.0
period1,sc01,t5263,5000.0,5000.0,5000.0,5000.0
period1,sc01,t5264,5000.0,5000.0,5000.0,5000.0
period1,sc01,t5265,5000.0,5000.0,5000.0,5000.0
period1,sc01,t5266,5000.0,5000.0,5000.0,5000.0
period1,sc01,t5267,5000.0,5000.0,5000.0,5000.0
period1,sc01,t5268,5000.0,5000.0,5000.0,5000.0
period1,sc01,t5269,5000.0,5000.0,5000.0,5000.0
period1,sc01,t5270,5000.0,5000.0,5000.0,5000.0
period1,sc01,t5271,5000.0,5000.0,5000.0,5000.0
period1,sc01,t5272,5000.0,5000.0,5000.0,5000.0
period1,sc01,t5273,5000.0,5000.0,5000.0,5000.0
period1,sc01,t5274,5000.0,5000.0,5000.0,5000.0
period1,sc01,t5275,5000.0,5000.0,5000.0,5000.0
period1,sc01,t5276,5000.0,5000.0,5000.0,5000.0
period1,sc01,t5277,5000.0,5000.0,5000.0,5000.0
period1,sc01,t5278,5000.0,5000.0,5000.0,5000.0
period1,sc01,t5279,5000.0,5000.0,5000.0,5000.0
period1,sc01,t5280,5000.0,5000.0,5000.0,5000.0
period1,sc01,t5281,5000.0,5000.0,5000.0,5000.0
period1,sc01,t5282,5000.0,5000.0,5000.0,5000.0
period1,sc01,t5283,5000.0,5000.0,5000.0,5000.0
period1,sc01,t5284,5000.0,5000.0,5000.0,5000.0
period1,sc01,t5285,5000.0,5000.0,5000.0,5000.0
period1,sc01,t5286,5000.0,5000.0,5000.0,5000.0
period1,sc01,t5287,5000.0,5000.0,5000.0,5000.0
period1,sc01,t5288,5000.0,5000.0,5000.0,5000.0
period1,sc01,t5289,5000.0,5000.0,5000.0,5000.0
period1,sc01,t5290,5000.0,5000.0,5000.0,5000.0
period1,sc01,t5291,5000.0,5000.0,5000.0,5000.0
period1,sc01,t5292,5000.0,5000.0,5000.0,5000.0
period1,sc01,t5293,5000.0,5000.0,5000.0,5000.0
period1,sc01,t5294,5000.0,5000.0,5000.0,5000.0
period1,sc01,t5295,5000.0,5000.0,5000.0,5000.0
period1,sc01,t5296,5000.0,5000.0,5000.0,5000.0
period1,sc01,t5297,5000.0,5000.0,5000.0,5000.0
period1,sc01,t5298,5000.0,5000.0,5000.0,5000.0
period1,sc01,t5299,5000.0,5000.0,5000.0,5000.0
period1,sc01,t5300,5000.0,5000.0,5000.0,5000.0
period1,sc01,t5301,5000.0,5000.0,5000.0,5000.0
period1,sc01,t5302,5000.0,5000.0,5000.0,5000.0
period1,sc01,t5303,5000.0,5000.0,5000.0,5000.0
period1,sc01,t5304,5000.0,5000.0,5000.0,5000.0
period1,sc01,t5305,5000.0,5000.0,5000.0,5000.0
period1,sc01,t5306,5000.0,5000.0,5000.0,5000.0
period1,sc01,t5307,5000.0,5000.0,5000.0,5000.0
period1,sc01,t5308,5000.0,5000.0,5000.0,5000.0
period1,sc01,t5309,5000.0,5000.0,5000.0,5000.0
period1,sc01,t5310,5000.0,5000.0,5000.0,5000.0
period1,sc01,t5311,5000.0,5000.0,5000.0,5000.0
period1,sc01,t5312,5000.0,5000.0,5000.0,5000.0
period1,sc01,t5313,5000.0,5000.0,5000.0,5000.0
period1,sc01,t5314,5000.0,5000.0,5000.0,5000.0
period1,sc01,t5315,5000.0,5000.0,5000.0,5000.0
period1,sc01,t5316,5000.0,5000.0,5000.0,5000.0
period1,sc01,t5317,5000.0,5000.0,5000.0,5000.0
period1,sc01,t5318,5000.0,5000.0,5000.0,5000.0
period1,sc01,t5319,5000.0,5000.0,5000.0,5000.0
period1,sc01,t5320,5000.0,5000.0,5000.0,5000.0
period1,sc01,t5321,5000.0,5000.0,5000.0,5000.0
period1,sc01,t5322,5000.0,5000.0,5000.0,5000.0
period1,sc01,t5323,5000.0,5000.0,5000.0,5000.0
period1,sc01,t5324,5000.0,5000.0,5000.0,5000.0
period1,sc01,t5325,5000.0,5000.0,5000.0,5000.0
period1,sc01,t5326,5000.0,5000.0,5000.0,5000.0
period1,sc01,t5327,5000.0,5000.0,5000.0,5000.0
period1,sc01,t5328,5000.0,5000.0,5000.0,5000.0
period1,sc01,t5329,5000.0,5000.0,5000.0,5000.0
period1,sc01,t5330,5000.0,5000.0,5000.0,5000.0
period1,sc01,t5331,5000.0,5000.0,5000.0,5000.0
period1,sc01,t5332,5000.0,5000.0,5000.0,5000.0
period1,sc01,t5333,5000.0,5000.0,5000.0,5000.0
period1,sc01,t5334,5000.0,5000.0,5000.0,5000.0
period1,sc01,t5335,5000.0,5000.0,5000.0,5000.0
period1,sc01,t5336,5000.0,5000.0,5000.0,5000.0
period1,sc01,t5337,5000.0,5000.0,5000.0,5000.0
period1,sc01,t5338,5000.0,5000.0,5000.0,5000.0
period1,sc01,t5339,5000.0,5000.0,5000.0,5000.0
period1,sc01,t5340,5000.0,5000.0,5000.0,5000.0
period1,sc01,t5341,5000.0,5000.0,5000.0,5000.0
period1,sc01,t5342,5000.0,5000.0,5000.0,5000.0
period1,sc01,t5343,5000.0,5000.0,5000.0,5000.0
period1,sc01,t5344,5000.0,5000.0,5000.0,5000.0
period1,sc01,t5345,5000.0,5000.0,5000.0,5000.0
period1,sc01,t5346,5000.0,5000.0,5000.0,5000.0
period1,sc01,t5347,5000.0,5000.0,5000.0,5000.0
period1,sc01,t5348,5000.0,5000.0,5000.0,5000.0
period1,sc01,t5349,5000.0,5000.0,5000.0,5000.0
period1,sc01,t5350,5000.0,5000.0,5000.0,5000.0
period1,sc01,t5351,5000.0,5000.0,5000.0,5000.0
period1,sc01,t5352,5000.0,5000.0,5000.0,5000.0
period1,sc01,t5353,5000.0,5000.0,5000.0,5000.0
period1,sc01,t5354,5000.0,5000.0,5000.0,5000.0
period1,sc01,t5355,5000.0,5000.0,5000.0,5000.0
period1,sc01,t5356,5000.0,5000.0,5000.0,5000.0
period1,sc01,t5357,5000.0,5000.0,5000.0,5000.0
period1,sc01,t5358,5000.0,5000.0,5000.0,5000.0
period1,sc01,t5359,5000.0,5000.0,5000.0,5000.0
period1,sc01,t5360,5000.0,5000.0,5000.0,5000.0
period1,sc01,t5361,5000.0,5000.0,5000.0,5000.0
period1,sc01,t5362,5000.0,5000.0,5000.0,5000.0
period1,sc01,t5363,5000.0,5000.0,5000.0,5000.0
period1,sc01,t5364,5000.0,5000.0,5000.0,5000.0
period1,sc01,t5365,5000.0,5000.0,5000.0,5000.0
period1,sc01,t5366,5000.0,5000.0,5000.0,5000.0
period1,sc01,t5367,5000.0,5000.0,5000.0,5000.0
period1,sc01,t5368,5000.0,5000.0,5000.0,5000.0
period1,sc01,t5369,5000.0,5000.0,5000.0,5000.0
period1,sc01,t5370,5000.0,5000.0,5000.0,5000.0
period1,sc01,t5371,5000.0,5000.0,5000.0,5000.0
period1,sc01,t5372,5000.0,5000.0,5000.0,5000.0
period1,sc01,t5373,5000.0,5000.0,5000.0,5000.0
period1,sc01,t5374,5000.0,5000.0,5000.0,5000.0
period1,sc01,t5375,5000.0,5000.0,5000.0,5000.0
period1,sc01,t5376,5000.0,5000.0,5000.0,5000.0
period1,sc01,t5377,5000.0,5000.0,5000.0,5000.0
period1,sc01,t5378,5000.0,5000.0,5000.0,5000.0
period1,sc01,t5379,5000.0,5000.0,5000.0,5000.0
period1,sc01,t5380,5000.0,5000.0,5000.0,5000.0
period1,sc01,t5381,5000.0,5000.0,5000.0,5000.0
period1,sc01,t5382,5000.0,5000.0,5000.0,5000.0
period1,sc01,t5383,5000.0,5000.0,5000.0,5000.0
period1,sc01,t5384,5000.0,5000.0,5000.0,5000.0
period1,sc01,t5385,5000.0,5000.0,5000.0,5000.0
period1,sc01,t5386,5000.0,5000.0,5000.0,5000.0
period1,sc01,t5387,5000.0,5000.0,5000.0,5000.0
period1,sc01,t5388,5000.0,5000.0,5000.0,5000.0
period1,sc01,t5389,5000.0,5000.0,5000.0,5000.0
period1,sc01,t5390,5000.0,5000.0,5000.0,5000.0
period1,sc01,t5391,5000.0,5000.0,5000.0,5000.0
period1,sc01,t5392,5000.0,5000.0,5000.0,5000.0
period1,sc01,t5393,5000.0,5000.0,5000.0,5000.0
period1,sc01,t5394,5000.0,5000.0,5000.0,5000.0
period1,sc01,t5395,5000.0,5000.0,5000.0,5000.0
period1,sc01,t5396,5000.0,5000.0,5000.0,5000.0
period1,sc01,t5397,5000.0,5000.0,5000.0,5000.0
period1,sc01,t5398,5000.0,5000.0,5000.0,5000.0
period1,sc01,t5399,5000.0,5000.0,5000.0,5000.0
period1,sc01,t5400,5000.0,5000.0,5000.0,5000.0
period1,sc01,t5401,5000.0,5000.0,5000.0,5000.0
period1,sc01,t5402,5000.0,5000.0,5000.0,5000.0
period1,sc01,t5403,5000.0,5000.0,5000.0,5000.0
period1,sc01,t5404,5000.0,5000.0,5000.0,5000.0
period1,sc01,t5405,5000.0,5000.0,5000.0,5000.0
period1,sc01,t5406,5000.0,5000.0,5000.0,5000.0
period1,sc01,t5407,5000.0,5000.0,5000.0,5000.0
period1,sc01,t5408,5000.0,5000.0,5000.0,5000.0
period1,sc01,t5409,5000.0,5000.0,5000.0,5000.0
period1,sc01,t5410,5000.0,5000.0,5000.0,5000.0
period1,sc01,t5411,5000.0,5000.0,5000.0,5000.0
period1,sc01,t5412,5000.0,5000.0,5000.0,5000.0
period1,sc01,t5413,5000.0,5000.0,5000.0,5000.0
period1,sc01,t5414,5000.0,5000.0,5000.0,5000.0
period1,sc01,t5415,5000.0,5000.0,5000.0,5000.0
period1,sc01,t5416,5000.0,5000.0,5000.0,5000.0
period1,sc01,t5417,5000.0,5000.0,5000.0,5000.0
period1,sc01,t5418,5000.0,5000.0,5000.0,5000.0
period1,sc01,t5419,5000.0,5000.0,5000.0,5000.0
period1,sc01,t5420,5000.0,5000.0,5000.0,5000.0
period1,sc01,t5421,5000.0,5000.0,5000.0,5000.0
period1,sc01,t5422,5000.0,5000.0,5000.0,5000.0
period1,sc01,t5423,5000.0,5000.0,5000.0,5000.0
period1,sc01,t5424,5000.0,5000.0,5000.0,5000.0
period1,sc01,t5425,5000.0,5000.0,5000.0,5000.0
period1,sc01,t5426,5000.0,5000.0,5000.0,5000.0
period1,sc01,t5427,5000.0,5000.0,5000.0,5000.0
period1,sc01,t5428,5000.0,5000.0,5000.0,5000.0
period1,sc01,t5429,5000.0,5000.0,5000.0,5000.0
period1,sc01,t5430,5000.0,5000.0,5000.0,5000.0
period1,sc01,t5431,5000.0,5000.0,5000.0,5000.0
period1,sc01,t5432,5000.0,5000.0,5000.0,5000.0
period1,sc01,t5433,5000.0,5000.0,5000.0,5000.0
period1,sc01,t5434,5000.0,5000.0,5000.0,5000.0
period1,sc01,t5435,5000.0,5000.0,5000.0,5000.0
period1,sc01,t5436,5000.0,5000.0,5000.0,5000.0
period1,sc01,t5437,5000.0,5000.0,5000.0,5000.0
period1,sc01,t5438,5000.0,5000.0,5000.0,5000.0
period1,sc01,t5439,5000.0,5000.0,5000.0,5000.0
period1,sc01,t5440,5000.0,5000.0,5000.0,5000.0
period1,sc01,t5441,5000.0,5000.0,5000.0,5000.0
period1,sc01,t5442,5000.0,5000.0,5000.0,5000.0
period1,sc01,t5443,5000.0,5000.0,5000.0,5000.0
period1,sc01,t5444,5000.0,5000.0,5000.0,5000.0
period1,sc01,t5445,5000.0,5000.0,5000.0,5000.0
period1,sc01,t5446,5000.0,5000.0,5000.0,5000.0
period1,sc01,t5447,5000.0,5000.0,5000.0,5000.0
period1,sc01,t5448,5000.0,5000.0,5000.0,5000.0
period1,sc01,t5449,5000.0,5000.0,5000.0,5000.0
period1,sc01,t5450,5000.0,5000.0,5000.0,5000.0
period1,sc01,t5451,5000.0,5000.0,5000.0,5000.0
period1,sc01,t5452,5000.0,5000.0,5000.0,5000.0
period1,sc01,t5453,5000.0,5000.0,5000.0,5000.0
period1,sc01,t5454,5000.0,5000.0,5000.0,5000.0
period1,sc01,t5455,5000.0,5000.0,5000.0,5000.0
period1,sc01,t5456,5000.0,5000.0,5000.0,5000.0
period1,sc01,t5457,5000.0,5000.0,5000.0,5000.0
period1,sc01,t5458,5000.0,5000.0,5000.0,5000.0
period1,sc01,t5459,5000.0,5000.0,5000.0,5000.0
period1,sc01,t5460,5000.0,5000.0,5000.0,5000.0
period1,sc01,t5461,5000.0,5000.0,5000.0,5000.0
period1,sc01,t5462,5000.0,5000.0,5000.0,5000.0
period1,sc01,t5463,5000.0,5000.0,5000.0,5000.0
period1,sc01,t5464,5000.0,5000.0,5000.0,5000.0
period1,sc01,t5465,5000.0,5000.0,5000.0,5000.0
period1,sc01,t5466,5000.0,5000.0,5000.0,5000.0
period1,sc01,t5467,5000.0,5000.0,5000.0,5000.0
period1,sc01,t5468,5000.0,5000.0,5000.0,5000.0
period1,sc01,t5469,5000.0,5000.0,5000.0,5000.0
period1,sc01,t5470,5000.0,5000.0,5000.0,5000.0
period1,sc01,t5471,5000.0,5000.0,5000.0,5000.0
period1,sc01,t5472,5000.0,5000.0,5000.0,5000.0
period1,sc01,t5473,5000.0,5000.0,5000.0,5000.0
period1,sc01,t5474,5000.0,5000.0,5000.0,5000.0
period1,sc01,t5475,5000.0,5000.0,5000.0,5000.0
period1,sc01,t5476,5000.0,5000.0,5000.0,5000.0
period1,sc01,t5477,5000.0,5000.0,5000.0,5000.0
period1,sc01,t5478,5000.0,5000.0,5000.0,5000.0
period1,sc01,t5479,5000.0,5000.0,5000.0,5000.0
period1,sc01,t5480,5000.0,5000.0,5000.0,5000.0
period1,sc01,t5481,5000.0,5000.0,5000.0,5000.0
period1,sc01,t5482,5000.0,5000.0,5000.0,5000.0
period1,sc01,t5483,5000.0,5000.0,5000.0,5000.0
period1,sc01,t5484,5000.0,5000.0,5000.0,5000.0
period1,sc01,t5485,5000.0,5000.0,5000.0,5000.0
period1,sc01,t5486,5000.0,5000.0,5000.0,5000.0
period1,sc01,t5487,5000.0,5000.0,5000.0,5000.0
period1,sc01,t5488,5000.0,5000.0,5000.0,5000.0
period1,sc01,t5489,5000.0,5000.0,5000.0,5000.0
period1,sc01,t5490,5000.0,5000.0,5000.0,5000.0
period1,sc01,t5491,5000.0,5000.0,5000.0,5000.0
period1,sc01,t5492,5000.0,5000.0,5000.0,5000.0
period1,sc01,t5493,5000.0,5000.0,5000.0,5000.0
period1,sc01,t5494,5000.0,5000.0,5000.0,5000.0
period1,sc01,t5495,5000.0,5000.0,5000.0,5000.0
period1,sc01,t5496,5000.0,5000.0,5000.0,5000.0
period1,sc01,t5497,5000.0,5000.0,5000.0,5000.0
period1,sc01,t5498,5000.0,5000.0,5000.0,5000.0
period1,sc01,t5499,5000.0,5000.0,5000.0,5000.0
period1,sc01,t5500,5000.0,5000.0,5000.0,5000.0
period1,sc01,t5501,5000.0,5000.0,5000.0,5000.0
period1,sc01,t5502,5000.0,5000.0,5000.0,5000.0
period1,sc01,t5503,5000.0,5000.0,5000.0,5000.0
period1,sc01,t5504,5000.0,5000.0,5000.0,5000.0
period1,sc01,t5505,5000.0,5000.0,5000.0,5000.0
period1,sc01,t5506,5000.0,5000.0,5000.0,5000.0
period1,sc01,t5507,5000.0,5000.0,5000.0,5000.0
period1,sc01,t5508,5000.0,5000.0,5000.0,5000.0
period1,sc01,t5509,5000.0,5000.0,5000.0,5000.0
period1,sc01,t5510,5000.0,5000.0,5000.0,5000.0
period1,sc01,t5511,5000.0,5000.0,5000.0,5000.0
period1,sc01,t5512,5000.0,5000.0,5000.0,5000.0
period1,sc01,t5513,5000.0,5000.0,5000.0,5000.0
period1,sc01,t5514,5000.0,5000.0,5000.0,5000.0
period1,sc01,t5515,5000.0,5000.0,5000.0,5000.0
period1,sc01,t5516,5000.0,5000.0,5000.0,5000.0
period1,sc01,t5517,5000.0,5000.0,5000.0,5000.0
period1,sc01,t5518,5000.0,5000.0,5000.0,5000.0
period1,sc01,t5519,5000.0,5000.0,5000.0,5000.0
period1,sc01,t5520,5000.0,5000.0,5000.0,5000.0
period1,sc01,t5521,5000.0,5000.0,5000.0,5000.0
period1,sc01,t5522,5000.0,5000.0,5000.0,5000.0
period1,sc01,t5523,5000.0,5000.0,5000.0,5000.0
period1,sc01,t5524,5000.0,5000.0,5000.0,5000.0
period1,sc01,t5525,5000.0,5000.0,5000.0,5000.0
period1,sc01,t5526,5000.0,5000.0,5000.0,5000.0
period1,sc01,t5527,5000.0,5000.0,5000.0,5000.0
period1,sc01,t5528,5000.0,5000.0,5000.0,5000.0
period1,sc01,t5529,5000.0,5000.0,5000.0,5000.0
period1,sc01,t5530,5000.0,5000.0,5000.0,5000.0
period1,sc01,t5531,5000.0,5000.0,5000.0,5000.0
period1,sc01,t5532,5000.0,5000.0,5000.0,5000.0
period1,sc01,t5533,5000.0,5000.0,5000.0,5000.0
period1,sc01,t5534,5000.0,5000.0,5000.0,5000.0
period1,sc01,t5535,5000.0,5000.0,5000.0,5000.0
period1,sc01,t5536,5000.0,5000.0,5000.0,5000.0
period1,sc01,t5537,5000.0,5000.0,5000.0,5000.0
period1,sc01,t5538,5000.0,5000.0,5000.0,5000.0
period1,sc01,t5539,5000.0,5000.0,5000.0,5000.0
period1,sc01,t5540,5000.0,5000.0,5000.0,5000.0
period1,sc01,t5541,5000.0,5000.0,5000.0,5000.0
period1,sc01,t5542,5000.0,5000.0,5000.0,5000.0
period1,sc01,t5543,5000.0,5000.0,5000.0,5000.0
period1,sc01,t5544,5000.0,5000.0,5000.0,5000.0
period1,sc01,t5545,5000.0,5000.0,5000.0,5000.0
period1,sc01,t5546,5000.0,5000.0,5000.0,5000.0
period1,sc01,t5547,5000.0,5000.0,5000.0,5000.0
period1,sc01,t5548,5000.0,5000.0,5000.0,5000.0
period1,sc01,t5549,5000.0,5000.0,5000.0,5000.0
period1,sc01,t5550,5000.0,5000.0,5000.0,5000.0
period1,sc01,t5551,5000.0,5000.0,5000.0,5000.0
period1,sc01,t5552,5000.0,5000.0,5000.0,5000.0
period1,sc01,t5553,5000.0,5000.0,5000.0,5000.0
period1,sc01,t5554,5000.0,5000.0,5000.0,5000.0
period1,sc01,t5555,5000.0,5000.0,5000.0,5000.0
period1,sc01,t5556,5000.0,5000.0,5000.0,5000.0
period1,sc01,t5557,5000.0,5000.0,5000.0,5000.0
period1,sc01,t5558,5000.0,5000.0,5000.0,5000.0
period1,sc01,t5559,5000.0,5000.0,5000.0,5000.0
period1,sc01,t5560,5000.0,5000.0,5000.0,5000.0
period1,sc01,t5561,5000.0,5000.0,5000.0,5000.0
period1,sc01,t5562,5000.0,5000.0,5000.0,5000.0
period1,sc01,t5563,5000.0,5000.0,5000.0,5000.0
period1,sc01,t5564,5000.0,5000.0,5000.0,5000.0
period1,sc01,t5565,5000.0,5000.0,5000.0,5000.0
period1,sc01,t5566,5000.0,5000.0,5000.0,5000.0
period1,sc01,t5567,5000.0,5000.0,5000.0,5000.0
period1,sc01,t5568,5000.0,5000.0,5000.0,5000.0
period1,sc01,t5569,5000.0,5000.0,5000.0,5000.0
period1,sc01,t5570,5000.0,5000.0,5000.0,5000.0
period1,sc01,t5571,5000.0,5000.0,5000.0,5000.0
period1,sc01,t5572,5000.0,5000.0,5000.0,5000.0
period1,sc01,t5573,5000.0,5000.0,5000.0,5000.0
period1,sc01,t5574,5000.0,5000.0,5000.0,5000.0
period1,sc01,t5575,5000.0,5000.0,5000.0,5000.0
period1,sc01,t5576,5000.0,5000.0,5000.0,5000.0
period1,sc01,t5577,5000.0,5000.0,5000.0,5000.0
period1,sc01,t5578,5000.0,5000.0,5000.0,5000.0
period1,sc01,t5579,5000.0,5000.0,5000.0,5000.0
period1,sc01,t5580,5000.0,5000.0,5000.0,5000.0
period1,sc01,t5581,5000.0,5000.0,5000.0,5000.0
period1,sc01,t5582,5000.0,5000.0,5000.0,5000.0
period1,sc01,t5583,5000.0,5000.0,5000.0,5000.0
period1,sc01,t5584,5000.0,5000.0,5000.0,5000.0
period1,sc01,t5585,5000.0,5000.0,5000.0,5000.0
period1,sc01,t5586,5000.0,5000.0,5000.0,5000.0
period1,sc01,t5587,5000.0,5000.0,5000.0,5000.0
period1,sc01,t5588,5000.0,5000.0,5000.0,5000.0
period1,sc01,t5589,5000.0,5000.0,5000.0,5000.0
period1,sc01,t5590,5000.0,5000.0,5000.0,5000.0
period1,sc01,t5591,5000.0,5000.0,5000.0,5000.0
period1,sc01,t5592,5000.0,5000.0,5000.0,5000.0
period1,sc01,t5593,5000.0,5000.0,5000.0,5000.0
period1,sc01,t5594,5000.0,5000.0,5000.0,5000.0
period1,sc01,t5595,5000.0,5000.0,5000.0,5000.0
period1,sc01,t5596,5000.0,5000.0,5000.0,5000.0
period1,sc01,t5597,5000.0,5000.0,5000.0,5000.0
period1,sc01,t5598,5000.0,5000.0,5000.0,5000.0
period1,sc01,t5599,5000.0,5000.0,5000.0,5000.0
period1,sc01,t5600,5000.0,5000.0,5000.0,5000.0
period1,sc01,t5601,5000.0,5000.0,5000.0,5000.0
period1,sc01,t5602,5000.0,5000.0,5000.0,5000.0
period1,sc01,t5603,5000.0,5000.0,5000.0,5000.0
period1,sc01,t5604,5000.0,5000.0,5000.0,5000.0
period1,sc01,t5605,5000.0,5000.0,5000.0,5000.0
period1,sc01,t5606,5000.0,5000.0,5000.0,5000.0
period1,sc01,t5607,5000.0,5000.0,5000.0,5000.0
period1,sc01,t5608,5000.0,5000.0,5000.0,5000.0
period1,sc01,t5609,5000.0,5000.0,5000.0,5000.0
period1,sc01,t5610,5000.0,5000.0,5000.0,5000.0
period1,sc01,t5611,5000.0,5000.0,5000.0,5000.0
period1,sc01,t5612,5000.0,5000.0,5000.0,5000.0
period1,sc01,t5613,5000.0,5000.0,5000.0,5000.0
period1,sc01,t5614,5000.0,5000.0,5000.0,5000.0
period1,sc01,t5615,5000.0,5000.0,5000.0,5000.0
period1,sc01,t5616,5000.0,5000.0,5000.0,5000.0
period1,sc01,t5617,5000.0,5000.0,5000.0,5000.0
period1,sc01,t5618,5000.0,5000.0,5000.0,5000.0
period1,sc01,t5619,5000.0,5000.0,5000.0,5000.0
period1,sc01,t5620,5000.0,5000.0,5000.0,5000.0
period1,sc01,t5621,5000.0,5000.0,5000.0,5000.0
period1,sc01,t5622,5000.0,5000.0,5000.0,5000.0
period1,sc01,t5623,5000.0,5000.0,5000.0,5000.0
period1,sc01,t5624,5000.0,5000.0,5000.0,5000.0
period1,sc01,t5625,5000.0,5000.0,5000.0,5000.0
period1,sc01,t5626,5000.0,5000.0,5000.0,5000.0
period1,sc01,t5627,5000.0,5000.0,5000.0,5000.0
period1,sc01,t5628,5000.0,5000.0,5000.0,5000.0
period1,sc01,t5629,5000.0,5000.0,5000.0,5000.0
period1,sc01,t5630,5000.0,5000.0,5000.0,5000.0
period1,sc01,t5631,5000.0,5000.0,5000.0,5000.0
period1,sc01,t5632,5000.0,5000.0,5000.0,5000.0
period1,sc01,t5633,5000.0,5000.0,5000.0,5000.0
period1,sc01,t5634,5000.0,5000.0,5000.0,5000.0
period1,sc01,t5635,5000.0,5000.0,5000.0,5000.0
period1,sc01,t5636,5000.0,5000.0,5000.0,5000.0
period1,sc01,t5637,5000.0,5000.0,5000.0,5000.0
period1,sc01,t5638,5000.0,5000.0,5000.0,5000.0
period1,sc01,t5639,5000.0,5000.0,5000.0,5000.0
period1,sc01,t5640,5000.0,5000.0,5000.0,5000.0
period1,sc01,t5641,5000.0,5000.0,5000.0,5000.0
period1,sc01,t5642,5000.0,5000.0,5000.0,5000.0
period1,sc01,t5643,5000.0,5000.0,5000.0,5000.0
period1,sc01,t5644,5000.0,5000.0,5000.0,5000.0
period1,sc01,t5645,5000.0,5000.0,5000.0,5000.0
period1,sc01,t5646,5000.0,5000.0,5000.0,5000.0
period1,sc01,t5647,5000.0,5000.0,5000.0,5000.0
period1,sc01,t5648,5000.0,5000.0,5000.0,5000.0
period1,sc01,t5649,5000.0,5000.0,5000.0,5000.0
period1,sc01,t5650,5000.0,5000.0,5000.0,5000.0
period1,sc01,t5651,5000.0,5000.0,5000.0,5000.0
period1,sc01,t5652,5000.0,5000.0,5000.0,5000.0
period1,sc01,t5653,5000.0,5000.0,5000.0,5000.0
period1,sc01,t5654,5000.0,5000.0,5000.0,5000.0
period1,sc01,t5655,5000.0,5000.0,5000.0,5000.0
period1,sc01,t5656,5000.0,5000.0,5000.0,5000.0
period1,sc01,t5657,5000.0,5000.0,5000.0,5000.0
period1,sc01,t5658,5000.0,5000.0,5000.0,5000.0
period1,sc01,t5659,5000.0,5000.0,5000.0,5000.0
period1,sc01,t5660,5000.0,5000.0,5000.0,5000.0
period1,sc01,t5661,5000.0,5000.0,5000.0,5000.0
period1,sc01,t5662,5000.0,5000.0,5000.0,5000.0
period1,sc01,t5663,5000.0,5000.0,5000.0,5000.0
period1,sc01,t5664,5000.0,5000.0,5000.0,5000.0
period1,sc01,t5665,5000.0,5000.0,5000.0,5000.0
period1,sc01,t5666,5000.0,5000.0,5000.0,5000.0
period1,sc01,t5667,5000.0,5000.0,5000.0,5000.0
period1,sc01,t5668,5000.0,5000.0,5000.0,5000.0
period1,sc01,t5669,5000.0,5000.0,5000.0,5000.0
period1,sc01,t5670,5000.0,5000.0,5000.0,5000.0
period1,sc01,t5671,5000.0,5000.0,5000.0,5000.0
period1,sc01,t5672,5000.0,5000.0,5000.0,5000.0
period1,sc01,t5673,5000.0,5000.0,5000.0,5000.0
period1,sc01,t5674,5000.0,5000.0,5000.0,5000.0
period1,sc01,t5675,5000.0,5000.0,5000.0,5000.0
period1,sc01,t5676,5000.0,5000.0,5000.0,5000.0
period1,sc01,t5677,5000.0,5000.0,5000.0,5000.0
period1,sc01,t5678,5000.0,5000.0,5000.0,5000.0
period1,sc01,t5679,5000.0,5000.0,5000.0,5000.0
period1,sc01,t5680,5000.0,5000.0,5000.0,5000.0
period1,sc01,t5681,5000.0,5000.0,5000.0,5000.0
period1,sc01,t5682,5000.0,5000.0,5000.0,5000.0
period1,sc01,t5683,5000.0,5000.0,5000.0,5000.0
period1,sc01,t5684,5000.0,5000.0,5000.0,5000.0
period1,sc01,t5685,5000.0,5000.0,5000.0,5000.0
period1,sc01,t5686,5000.0,5000.0,5000.0,5000.0
period1,sc01,t5687,5000.0,5000.0,5000.0,5000.0
period1,sc01,t5688,5000.0,5000.0,5000.0,5000.0
period1,sc01,t5689,5000.0,5000.0,5000.0,5000.0
period1,sc01,t5690,5000.0,5000.0,5000.0,5000.0
period1,sc01,t5691,5000.0,5000.0,5000.0,5000.0
period1,sc01,t5692,5000.0,5000.0,5000.0,5000.0
period1,sc01,t5693,5000.0,5000.0,5000.0,5000.0
period1,sc01,t5694,5000.0,5000.0,5000.0,5000.0
period1,sc01,t5695,5000.0,5000.0,5000.0,5000.0
period1,sc01,t5696,5000.0,5000.0,5000.0,5000.0
period1,sc01,t5697,5000.0,5000.0,5000.0,5000.0
period1,sc01,t5698,5000.0,5000.0,5000.0,5000.0
period1,sc01,t5699,5000.0,5000.0,5000.0,5000.0
period1,sc01,t5700,5000.0,5000.0,5000.0,5000.0
period1,sc01,t5701,5000.0,5000.0,5000.0,5000.0
period1,sc01,t5702,5000.0,5000.0,5000.0,5000.0
period1,sc01,t5703,5000.0,5000.0,5000.0,5000.0
period1,sc01,t5704,5000.0,5000.0,5000.0,5000.0
period1,sc01,t5705,5000.0,5000.0,5000.0,5000.0
period1,sc01,t5706,5000.0,5000.0,5000.0,5000.0
period1,sc01,t5707,5000.0,5000.0,5000.0,5000.0
period1,sc01,t5708,5000.0,5000.0,5000.0,5000.0
period1,sc01,t5709,5000.0,5000.0,5000.0,5000.0
period1,sc01,t5710,5000.0,5000.0,5000.0,5000.0
period1,sc01,t5711,5000.0,5000.0,5000.0,5000.0
period1,sc01,t5712,5000.0,5000.0,5000.0,5000.0
period1,sc01,t5713,5000.0,5000.0,5000.0,5000.0
period1,sc01,t5714,5000.0,5000.0,5000.0,5000.0
period1,sc01,t5715,5000.0,5000.0,5000.0,5000.0
period1,sc01,t5716,5000.0,5000.0,5000.0,5000.0
period1,sc01,t5717,5000.0,5000.0,5000.0,5000.0
period1,sc01,t5718,5000.0,5000.0,5000.0,5000.0
period1,sc01,t5719,5000.0,5000.0,5000.0,5000.0
period1,sc01,t5720,5000.0,5000.0,5000.0,5000.0
period1,sc01,t5721,5000.0,5000.0,5000.0,5000.0
period1,sc01,t5722,5000.0,5000.0,5000.0,5000.0
period1,sc01,t5723,5000.0,5000.0,5000.0,5000.0
period1,sc01,t5724,5000.0,5000.0,5000.0,5000.0
period1,sc01,t5725,5000.0,5000.0,5000.0,5000.0
period1,sc01,t5726,5000.0,5000.0,5000.0,5000.0
period1,sc01,t5727,5000.0,5000.0,5000.0,5000.0
period1,sc01,t5728,5000.0,5000.0,5000.0,5000.0
period1,sc01,t5729,5000.0,5000.0,5000.0,5000.0
period1,sc01,t5730,5000.0,5000.0,5000.0,5000.0
period1,sc01,t5731,5000.0,5000.0,5000.0,5000.0
period1,sc01,t5732,5000.0,5000.0,5000.0,5000.0
period1,sc01,t5733,5000.0,5000.0,5000.0,5000.0
period1,sc01,t5734,5000.0,5000.0,5000.0,5000.0
period1,sc01,t5735,5000.0,5000.0,5000.0,5000.0
period1,sc01,t5736,5000.0,5000.0,5000.0,5000.0
period1,sc01,t5737,5000.0,5000.0,5000.0,5000.0
period1,sc01,t5738,5000.0,5000.0,5000.0,5000.0
period1,sc01,t5739,5000.0,5000.0,5000.0,5000.0
period1,sc01,t5740,5000.0,5000.0,5000.0,5000.0
period1,sc01,t5741,5000.0,5000.0,5000.0,5000.0
period1,sc01,t5742,5000.0,5000.0,5000.0,5000.0
period1,sc01,t5743,5000.0,5000.0,5000.0,5000.0
period1,sc01,t5744,5000.0,5000.0,5000.0,5000.0
period1,sc01,t5745,5000.0,5000.0,5000.0,5000.0
period1,sc01,t5746,5000.0,5000.0,5000.0,5000.0
period1,sc01,t5747,5000.0,5000.0,5000.0,5000.0
period1,sc01,t5748,5000.0,5000.0,5000.0,5000.0
period1,sc01,t5749,5000.0,5000.0,5000.0,5000.0
period1,sc01,t5750,5000.0,5000.0,5000.0,5000.0
period1,sc01,t5751,5000.0,5000.0,5000.0,5000.0
period1,sc01,t5752,5000.0,5000.0,5000.0,5000.0
period1,sc01,t5753,5000.0,5000.0,5000.0,5000.0
period1,sc01,t5754,5000.0,5000.0,5000.0,5000.0
period1,sc01,t5755,5000.0,5000.0,5000.0,5000.0
period1,sc01,t5756,5000.0,5000.0,5000.0,5000.0
period1,sc01,t5757,5000.0,5000.0,5000.0,5000.0
period1,sc01,t5758,5000.0,5000.0,5000.0,5000.0
period1,sc01,t5759,5000.0,5000.0,5000.0,5000.0
period1,sc01,t5760,5000.0,5000.0,5000.0,5000.0
period1,sc01,t5761,5000.0,5000.0,5000.0,5000.0
period1,sc01,t5762,5000.0,5000.0,5000.0,5000.0
period1,sc01,t5763,5000.0,5000.0,5000.0,5000.0
period1,sc01,t5764,5000.0,5000.0,5000.0,5000.0
period1,sc01,t5765,5000.0,5000.0,5000.0,5000.0
period1,sc01,t5766,5000.0,5000.0,5000.0,5000.0
period1,sc01,t5767,5000.0,5000.0,5000.0,5000.0
period1,sc01,t5768,5000.0,5000.0,5000.0,5000.0
period1,sc01,t5769,5000.0,5000.0,5000.0,5000.0
period1,sc01,t5770,5000.0,5000.0,5000.0,5000.0
period1,sc01,t5771,5000.0,5000.0,5000.0,5000.0
period1,sc01,t5772,5000.0,5000.0,5000.0,5000.0
period1,sc01,t5773,5000.0,5000.0,5000.0,5000.0
period1,sc01,t5774,5000.0,5000.0,5000.0,5000.0
period1,sc01,t5775,5000.0,5000.0,5000.0,5000.0
period1,sc01,t5776,5000.0,5000.0,5000.0,5000.0
period1,sc01,t5777,5000.0,5000.0,5000.0,5000.0
period1,sc01,t5778,5000.0,5000.0,5000.0,5000.0
period1,sc01,t5779,5000.0,5000.0,5000.0,5000.0
period1,sc01,t5780,5000.0,5000.0,5000.0,5000.0
period1,sc01,t5781,5000.0,5000.0,5000.0,5000.0
period1,sc01,t5782,5000.0,5000.0,5000.0,5000.0
period1,sc01,t5783,5000.0,5000.0,5000.0,5000.0
period1,sc01,t5784,5000.0,5000.0,5000.0,5000.0
period1,sc01,t5785,5000.0,5000.0,5000.0,5000.0
period1,sc01,t5786,5000.0,5000.0,5000.0,5000.0
period1,sc01,t5787,5000.0,5000.0,5000.0,5000.0
period1,sc01,t5788,5000.0,5000.0,5000.0,5000.0
period1,sc01,t5789,5000.0,5000.0,5000.0,5000.0
period1,sc01,t5790,5000.0,5000.0,5000.0,5000.0
period1,sc01,t5791,5000.0,5000.0,5000.0,5000.0
period1,sc01,t5792,5000.0,5000.0,5000.0,5000.0
period1,sc01,t5793,5000.0,5000.0,5000.0,5000.0
period1,sc01,t5794,5000.0,5000.0,5000.0,5000.0
period1,sc01,t5795,5000.0,5000.0,5000.0,5000.0
period1,sc01,t5796,5000.0,5000.0,5000.0,5000.0
period1,sc01,t5797,5000.0,5000.0,5000.0,5000.0
period1,sc01,t5798,5000.0,5000.0,5000.0,5000.0
period1,sc01,t5799,5000.0,5000.0,5000.0,5000.0
period1,sc01,t5800,5000.0,5000.0,5000.0,5000.0
period1,sc01,t5801,5000.0,5000.0,5000.0,5000.0
period1,sc01,t5802,5000.0,5000.0,5000.0,5000.0
period1,sc01,t5803,5000.0,5000.0,5000.0,5000.0
period1,sc01,t5804,5000.0,5000.0,5000.0,5000.0
period1,sc01,t5805,5000.0,5000.0,5000.0,5000.0
period1,sc01,t5806,5000.0,5000.0,5000.0,5000.0
period1,sc01,t5807,5000.0,5000.0,5000.0,5000.0
period1,sc01,t5808,5000.0,5000.0,5000.0,5000.0
period1,sc01,t5809,5000.0,5000.0,5000.0,5000.0
period1,sc01,t5810,5000.0,5000.0,5000.0,5000.0
period1,sc01,t5811,5000.0,5000.0,5000.0,5000.0
period1,sc01,t5812,5000.0,5000.0,5000.0,5000.0
period1,sc01,t5813,5000.0,5000.0,5000.0,5000.0
period1,sc01,t5814,5000.0,5000.0,5000.0,5000.0
period1,sc01,t5815,5000.0,5000.0,5000.0,5000.0
period1,sc01,t5816,5000.0,5000.0,5000.0,5000.0
period1,sc01,t5817,5000.0,5000.0,5000.0,5000.0
period1,sc01,t5818,5000.0,5000.0,5000.0,5000.0
period1,sc01,t5819,5000.0,5000.0,5000.0,5000.0
period1,sc01,t5820,5000.0,5000.0,5000.0,5000.0
period1,sc01,t5821,5000.0,5000.0,5000.0,5000.0
period1,sc01,t5822,5000.0,5000.0,5000.0,5000.0
period1,sc01,t5823,5000.0,5000.0,5000.0,5000.0
period1,sc01,t5824,5000.0,5000.0,5000.0,5000.0
period1,sc01,t5825,5000.0,5000.0,5000.0,5000.0
period1,sc01,t5826,5000.0,5000.0,5000.0,5000.0
period1,sc01,t5827,5000.0,5000.0,5000.0,5000.0
period1,sc01,t5828,5000.0,5000.0,5000.0,5000.0
period1,sc01,t5829,5000.0,5000.0,5000.0,5000.0
period1,sc01,t5830,5000.0,5000.0,5000.0,5000.0
period1,sc01,t5831,5000.0,5000.0,5000.0,5000.0
period1,sc01,t5832,5000.0,5000.0,5000.0,5000.0
period1,sc01,t5833,5000.0,5000.0,5000.0,5000.0
period1,sc01,t5834,5000.0,5000.0,5000.0,5000.0
period1,sc01,t5835,5000.0,5000.0,5000.0,5000.0
period1,sc01,t5836,5000.0,5000.0,5000.0,5000.0
period1,sc01,t5837,5000.0,5000.0,5000.0,5000.0
period1,sc01,t5838,5000.0,5000.0,5000.0,5000.0
period1,sc01,t5839,5000.0,5000.0,5000.0,5000.0
period1,sc01,t5840,5000.0,5000.0,5000.0,5000.0
period1,sc01,t5841,5000.0,5000.0,5000.0,5000.0
period1,sc01,t5842,5000.0,5000.0,5000.0,5000.0
period1,sc01,t5843,5000.0,5000.0,5000.0,5000.0
period1,sc01,t5844,5000.0,5000.0,5000.0,5000.0
period1,sc01,t5845,5000.0,5000.0,5000.0,5000.0
period1,sc01,t5846,5000.0,5000.0,5000.0,5000.0
period1,sc01,t5847,5000.0,5000.0,5000.0,5000.0
period1,sc01,t5848,5000.0,5000.0,5000.0,5000.0
period1,sc01,t5849,5000.0,5000.0,5000.0,5000.0
period1,sc01,t5850,5000.0,5000.0,5000.0,5000.0
period1,sc01,t5851,5000.0,5000.0,5000.0,5000.0
period1,sc01,t5852,5000.0,5000.0,5000.0,5000.0
period1,sc01,t5853,5000.0,5000.0,5000.0,5000.0
period1,sc01,t5854,5000.0,5000.0,5000.0,5000.0
period1,sc01,t5855,5000.0,5000.0,5000.0,5000.0
period1,sc01,t5856,5000.0,5000.0,5000.0,5000.0
period1,sc01,t5857,5000.0,5000.0,5000.0,5000.0
period1,sc01,t5858,5000.0,5000.0,5000.0,5000.0
period1,sc01,t5859,5000.0,5000.0,5000.0,5000.0
period1,sc01,t5860,5000.0,5000.0,5000.0,5000.0
period1,sc01,t5861,5000.0,5000.0,5000.0,5000.0
period1,sc01,t5862,5000.0,5000.0,5000.0,5000.0
period1,sc01,t5863,5000.0,5000.0,5000.0,5000.0
period1,sc01,t5864,5000.0,5000.0,5000.0,5000.0
period1,sc01,t5865,5000.0,5000.0,5000.0,5000.0
period1,sc01,t5866,5000.0,5000.0,5000.0,5000.0
period1,sc01,t5867,5000.0,5000.0,5000.0,5000.0
period1,sc01,t5868,5000.0,5000.0,5000.0,5000.0
period1,sc01,t5869,5000.0,5000.0,5000.0,5000.0
period1,sc01,t5870,5000.0,5000.0,5000.0,5000.0
period1,sc01,t5871,5000.0,5000.0,5000.0,5000.0
period1,sc01,t5872,5000.0,5000.0,5000.0,5000.0
period1,sc01,t5873,5000.0,5000.0,5000.0,5000.0
period1,sc01,t5874,5000.0,5000.0,5000.0,5000.0
period1,sc01,t5875,5000.0,5000.0,5000.0,5000.0
period1,sc01,t5876,5000.0,5000.0,5000.0,5000.0
period1,sc01,t5877,5000.0,5000.0,5000.0,5000.0
period1,sc01,t5878,5000.0,5000.0,5000.0,5000.0
period1,sc01,t5879,5000.0,5000.0,5000.0,5000.0
period1,sc01,t5880,5000.0,5000.0,5000.0,5000.0
period1,sc01,t5881,5000.0,5000.0,5000.0,5000.0
period1,sc01,t5882,5000.0,5000.0,5000.0,5000.0
period1,sc01,t5883,5000.0,5000.0,5000.0,5000.0
period1,sc01,t5884,5000.0,5000.0,5000.0,5000.0
period1,sc01,t5885,5000.0,5000.0,5000.0,5000.0
period1,sc01,t5886,5000.0,5000.0,5000.0,5000.0
period1,sc01,t5887,5000.0,5000.0,5000.0,5000.0
period1,sc01,t5888,5000.0,5000.0,5000.0,5000.0
period1,sc01,t5889,5000.0,5000.0,5000.0,5000.0
period1,sc01,t5890,5000.0,5000.0,5000.0,5000.0
period1,sc01,t5891,5000.0,5000.0,5000.0,5000.0
period1,sc01,t5892,5000.0,5000.0,5000.0,5000.0
period1,sc01,t5893,5000.0,5000.0,5000.0,5000.0
period1,sc01,t5894,5000.0,5000.0,5000.0,5000.0
period1,sc01,t5895,5000.0,5000.0,5000.0,5000.0
period1,sc01,t5896,5000.0,5000.0,5000.0,5000.0
period1,sc01,t5897,5000.0,5000.0,5000.0,5000.0
period1,sc01,t5898,5000.0,5000.0,5000.0,5000.0
period1,sc01,t5899,5000.0,5000.0,5000.0,5000.0
period1,sc01,t5900,5000.0,5000.0,5000.0,5000.0
period1,sc01,t5901,5000.0,5000.0,5000.0,5000.0
period1,sc01,t5902,5000.0,5000.0,5000.0,5000.0
period1,sc01,t5903,5000.0,5000.0,5000.0,5000.0
period1,sc01,t5904,5000.0,5000.0,5000.0,5000.0
period1,sc01,t5905,5000.0,5000.0,5000.0,5000.0
period1,sc01,t5906,5000.0,5000.0,5000.0,5000.0
period1,sc01,t5907,5000.0,5000.0,5000.0,5000.0
period1,sc01,t5908,5000.0,5000.0,5000.0,5000.0
period1,sc01,t5909,5000.0,5000.0,5000.0,5000.0
period1,sc01,t5910,5000.0,5000.0,5000.0,5000.0
period1,sc01,t5911,5000.0,5000.0,5000.0,5000.0
period1,sc01,t5912,5000.0,5000.0,5000.0,5000.0
period1,sc01,t5913,5000.0,5000.0,5000.0,5000.0
period1,sc01,t5914,5000.0,5000.0,5000.0,5000.0
period1,sc01,t5915,5000.0,5000.0,5000.0,5000.0
period1,sc01,t5916,5000.0,5000.0,5000.0,5000.0
period1,sc01,t5917,5000.0,5000.0,5000.0,5000.0
period1,sc01,t5918,5000.0,5000.0,5000.0,5000.0
period1,sc01,t5919,5000.0,5000.0,5000.0,5000.0
period1,sc01,t5920,5000.0,5000.0,5000.0,5000.0
period1,sc01,t5921,5000.0,5000.0,5000.0,5000.0
period1,sc01,t5922,5000.0,5000.0,5000.0,5000.0
period1,sc01,t5923,5000.0,5000.0,5000.0,5000.0
period1,sc01,t5924,5000.0,5000.0,5000.0,5000.0
period1,sc01,t5925,5000.0,5000.0,5000.0,5000.0
period1,sc01,t5926,5000.0,5000.0,5000.0,5000.0
period1,sc01,t5927,5000.0,5000.0,5000.0,5000.0
period1,sc01,t5928,5000.0,5000.0,5000.0,5000.0
period1,sc01,t5929,5000.0,5000.0,5000.0,5000.0
period1,sc01,t5930,5000.0,5000.0,5000.0,5000.0
period1,sc01,t5931,5000.0,5000.0,5000.0,5000.0
period1,sc01,t5932,5000.0,5000.0,5000.0,5000.0
period1,sc01,t5933,5000.0,5000.0,5000.0,5000.0
period1,sc01,t5934,5000.0,5000.0,5000.0,5000.0
period1,sc01,t5935,5000.0,5000.0,5000.0,5000.0
period1,sc01,t5936,5000.0,5000.0,5000.0,5000.0
period1,sc01,t5937,5000.0,5000.0,5000.0,5000.0
period1,sc01,t5938,5000.0,5000.0,5000.0,5000.0
period1,sc01,t5939,5000.0,5000.0,5000.0,5000.0
period1,sc01,t5940,5000.0,5000.0,5000.0,5000.0
period1,sc01,t5941,5000.0,5000.0,5000.0,5000.0
period1,sc01,t5942,5000.0,5000.0,5000.0,5000.0
period1,sc01,t5943,5000.0,5000.0,5000.0,5000.0
period1,sc01,t5944,5000.0,5000.0,5000.0,5000.0
period1,sc01,t5945,5000.0,5000.0,5000.0,5000.0
period1,sc01,t5946,5000.0,5000.0,5000.0,5000.0
period1,sc01,t5947,5000.0,5000.0,5000.0,5000.0
period1,sc01,t5948,5000.0,5000.0,5000.0,5000.0
period1,sc01,t5949,5000.0,5000.0,5000.0,5000.0
period1,sc01,t5950,5000.0,5000.0,5000.0,5000.0
period1,sc01,t5951,5000.0,5000.0,5000.0,5000.0
period1,sc01,t5952,5000.0,5000.0,5000.0,5000.0
period1,sc01,t5953,5000.0,5000.0,5000.0,5000.0
period1,sc01,t5954,5000.0,5000.0,5000.0,5000.0
period1,sc01,t5955,5000.0,5000.0,5000.0,5000.0
period1,sc01,t5956,5000.0,5000.0,5000.0,5000.0
period1,sc01,t5957,5000.0,5000.0,5000.0,5000.0
period1,sc01,t5958,5000.0,5000.0,5000.0,5000.0
period1,sc01,t5959,5000.0,5000.0,5000.0,5000.0
period1,sc01,t5960,5000.0,5000.0,5000.0,5000.0
period1,sc01,t5961,5000.0,5000.0,5000.0,5000.0
period1,sc01,t5962,5000.0,5000.0,5000.0,5000.0
period1,sc01,t5963,5000.0,5000.0,5000.0,5000.0
period1,sc01,t5964,5000.0,5000.0,5000.0,5000.0
period1,sc01,t5965,5000.0,5000.0,5000.0,5000.0
period1,sc01,t5966,5000.0,5000.0,5000.0,5000.0
period1,sc01,t5967,5000.0,5000.0,5000.0,5000.0
period1,sc01,t5968,5000.0,5000.0,5000.0,5000.0
period1,sc01,t5969,5000.0,5000.0,5000.0,5000.0
period1,sc01,t5970,5000.0,5000.0,5000.0,5000.0
period1,sc01,t5971,5000.0,5000.0,5000.0,5000.0
period1,sc01,t5972,5000.0,5000.0,5000.0,5000.0
period1,sc01,t5973,5000.0,5000.0,5000.0,5000.0
period1,sc01,t5974,5000.0,5000.0,5000.0,5000.0
period1,sc01,t5975,5000.0,5000.0,5000.0,5000.0
period1,sc01,t5976,5000.0,5000.0,5000.0,5000.0
period1,sc01,t5977,5000.0,5000.0,5000.0,5000.0
period1,sc01,t5978,5000.0,5000.0,5000.0,5000.0
period1,sc01,t5979,5000.0,5000.0,5000.0,5000.0
period1,sc01,t5980,5000.0,5000.0,5000.0,5000.0
period1,sc01,t5981,5000.0,5000.0,5000.0,5000.0
period1,sc01,t5982,5000.0,5000.0,5000.0,5000.0
period1,sc01,t5983,5000.0,5000.0,5000.0,5000.0
period1,sc01,t5984,5000.0,5000.0,5000.0,5000.0
period1,sc01,t5985,5000.0,5000.0,5000.0,5000.0
period1,sc01,t5986,5000.0,5000.0,5000.0,5000.0
period1,sc01,t5987,5000.0,5000.0,5000.0,5000.0
period1,sc01,t5988,5000.0,5000.0,5000.0,5000.0
period1,sc01,t5989,5000.0,5000.0,5000.0,5000.0
period1,sc01,t5990,5000.0,5000.0,5000.0,5000.0
period1,sc01,t5991,5000.0,5000.0,5000.0,5000.0
period1,sc01,t5992,5000.0,5000.0,5000.0,5000.0
period1,sc01,t5993,5000.0,5000.0,5000.0,5000.0
period1,sc01,t5994,5000.0,5000.0,5000.0,5000.0
period1,sc01,t5995,5000.0,5000.0,5000.0,5000.0
period1,sc01,t5996,5000.0,5000.0,5000.0,5000.0
period1,sc01,t5997,5000.0,5000.0,5000.0,5000.0
period1,sc01,t5998,5000.0,5000.0,5000.0,5000.0
period1,sc01,t5999,5000.0,5000.0,5000.0,5000.0
period1,sc01,t6000,5000.0,5000.0,5000.0,5000.0
period1,sc01,t6001,5000.0,5000.0,5000.0,5000.0
period1,sc01,t6002,5000.0,5000.0,5000.0,5000.0
period1,sc01,t6003,5000.0,5000.0,5000.0,5000.0
period1,sc01,t6004,5000.0,5000.0,5000.0,5000.0
period1,sc01,t6005,5000.0,5000.0,5000.0,5000.0
period1,sc01,t6006,5000.0,5000.0,5000.0,5000.0
period1,sc01,t6007,5000.0,5000.0,5000.0,5000.0
period1,sc01,t6008,5000.0,5000.0,5000.0,5000.0
period1,sc01,t6009,5000.0,5000.0,5000.0,5000.0
period1,sc01,t6010,5000.0,5000.0,5000.0,5000.0
period1,sc01,t6011,5000.0,5000.0,5000.0,5000.0
period1,sc01,t6012,5000.0,5000.0,5000.0,5000.0
period1,sc01,t6013,5000.0,5000.0,5000.0,5000.0
period1,sc01,t6014,5000.0,5000.0,5000.0,5000.0
period1,sc01,t6015,5000.0,5000.0,5000.0,5000.0
period1,sc01,t6016,5000.0,5000.0,5000.0,5000.0
period1,sc01,t6017,5000.0,5000.0,5000.0,5000.0
period1,sc01,t6018,5000.0,5000.0,5000.0,5000.0
period1,sc01,t6019,5000.0,5000.0,5000.0,5000.0
period1,sc01,t6020,5000.0,5000.0,5000.0,5000.0
period1,sc01,t6021,5000.0,5000.0,5000.0,5000.0
period1,sc01,t6022,5000.0,5000.0,5000.0,5000.0
period1,sc01,t6023,5000.0,5000.0,5000.0,5000.0
period1,sc01,t6024,5000.0,5000.0,5000.0,5000.0
period1,sc01,t6025,5000.0,5000.0,5000.0,5000.0
period1,sc01,t6026,5000.0,5000.0,5000.0,5000.0
period1,sc01,t6027,5000.0,5000.0,5000.0,5000.0
period1,sc01,t6028,5000.0,5000.0,5000.0,5000.0
period1,sc01,t6029,5000.0,5000.0,5000.0,5000.0
period1,sc01,t6030,5000.0,5000.0,5000.0,5000.0
period1,sc01,t6031,5000.0,5000.0,5000.0,5000.0
period1,sc01,t6032,5000.0,5000.0,5000.0,5000.0
period1,sc01,t6033,5000.0,5000.0,5000.0,5000.0
period1,sc01,t6034,5000.0,5000.0,5000.0,5000.0
period1,sc01,t6035,5000.0,5000.0,5000.0,5000.0
period1,sc01,t6036,5000.0,5000.0,5000.0,5000.0
period1,sc01,t6037,5000.0,5000.0,5000.0,5000.0
period1,sc01,t6038,5000.0,5000.0,5000.0,5000.0
period1,sc01,t6039,5000.0,5000.0,5000.0,5000.0
period1,sc01,t6040,5000.0,5000.0,5000.0,5000.0
period1,sc01,t6041,5000.0,5000.0,5000.0,5000.0
period1,sc01,t6042,5000.0,5000.0,5000.0,5000.0
period1,sc01,t6043,5000.0,5000.0,5000.0,5000.0
period1,sc01,t6044,5000.0,5000.0,5000.0,5000.0
period1,sc01,t6045,5000.0,5000.0,5000.0,5000.0
period1,sc01,t6046,5000.0,5000.0,5000.0,5000.0
period1,sc01,t6047,5000.0,5000.0,5000.0,5000.0
period1,sc01,t6048,5000.0,5000.0,5000.0,5000.0
period1,sc01,t6049,5000.0,5000.0,5000.0,5000.0
period1,sc01,t6050,5000.0,5000.0,5000.0,5000.0
period1,sc01,t6051,5000.0,5000.0,5000.0,5000.0
period1,sc01,t6052,5000.0,5000.0,5000.0,5000.0
period1,sc01,t6053,5000.0,5000.0,5000.0,5000.0
period1,sc01,t6054,5000.0,5000.0,5000.0,5000.0
period1,sc01,t6055,5000.0,5000.0,5000.0,5000.0
period1,sc01,t6056,5000.0,5000.0,5000.0,5000.0
period1,sc01,t6057,5000.0,5000.0,5000.0,5000.0
period1,sc01,t6058,5000.0,5000.0,5000.0,5000.0
period1,sc01,t6059,5000.0,5000.0,5000.0,5000.0
period1,sc01,t6060,5000.0,5000.0,5000.0,5000.0
period1,sc01,t6061,5000.0,5000.0,5000.0,5000.0
period1,sc01,t6062,5000.0,5000.0,5000.0,5000.0
period1,sc01,t6063,5000.0,5000.0,5000.0,5000.0
period1,sc01,t6064,5000.0,5000.0,5000.0,5000.0
period1,sc01,t6065,5000.0,5000.0,5000.0,5000.0
period1,sc01,t6066,5000.0,5000.0,5000.0,5000.0
period1,sc01,t6067,5000.0,5000.0,5000.0,5000.0
period1,sc01,t6068,5000.0,5000.0,5000.0,5000.0
period1,sc01,t6069,5000.0,5000.0,5000.0,5000.0
period1,sc01,t6070,5000.0,5000.0,5000.0,5000.0
period1,sc01,t6071,5000.0,5000.0,5000.0,5000.0
period1,sc01,t6072,5000.0,5000.0,5000.0,5000.0
period1,sc01,t6073,5000.0,5000.0,5000.0,5000.0
period1,sc01,t6074,5000.0,5000.0,5000.0,5000.0
period1,sc01,t6075,5000.0,5000.0,5000.0,5000.0
period1,sc01,t6076,5000.0,5000.0,5000.0,5000.0
period1,sc01,t6077,5000.0,5000.0,5000.0,5000.0
period1,sc01,t6078,5000.0,5000.0,5000.0,5000.0
period1,sc01,t6079,5000.0,5000.0,5000.0,5000.0
period1,sc01,t6080,5000.0,5000.0,5000.0,5000.0
period1,sc01,t6081,5000.0,5000.0,5000.0,5000.0
period1,sc01,t6082,5000.0,5000.0,5000.0,5000.0
period1,sc01,t6083,5000.0,5000.0,5000.0,5000.0
period1,sc01,t6084,5000.0,5000.0,5000.0,5000.0
period1,sc01,t6085,5000.0,5000.0,5000.0,5000.0
period1,sc01,t6086,5000.0,5000.0,5000.0,5000.0
period1,sc01,t6087,5000.0,5000.0,5000.0,5000.0
period1,sc01,t6088,5000.0,5000.0,5000.0,5000.0
period1,sc01,t6089,5000.0,5000.0,5000.0,5000.0
period1,sc01,t6090,5000.0,5000.0,5000.0,5000.0
period1,sc01,t6091,5000.0,5000.0,5000.0,5000.0
period1,sc01,t6092,5000.0,5000.0,5000.0,5000.0
period1,sc01,t6093,5000.0,5000.0,5000.0,5000.0
period1,sc01,t6094,5000.0,5000.0,5000.0,5000.0
period1,sc01,t6095,5000.0,5000.0,5000.0,5000.0
period1,sc01,t6096,5000.0,5000.0,5000.0,5000.0
period1,sc01,t6097,5000.0,5000.0,5000.0,5000.0
period1,sc01,t6098,5000.0,5000.0,5000.0,5000.0
period1,sc01,t6099,5000.0,5000.0,5000.0,5000.0
period1,sc01,t6100,5000.0,5000.0,5000.0,5000.0
period1,sc01,t6101,5000.0,5000.0,5000.0,5000.0
period1,sc01,t6102,5000.0,5000.0,5000.0,5000.0
period1,sc01,t6103,5000.0,5000.0,5000.0,5000.0
period1,sc01,t6104,5000.0,5000.0,5000.0,5000.0
period1,sc01,t6105,5000.0,5000.0,5000.0,5000.0
period1,sc01,t6106,5000.0,5000.0,5000.0,5000.0
period1,sc01,t6107,5000.0,5000.0,5000.0,5000.0
period1,sc01,t6108,5000.0,5000.0,5000.0,5000.0
period1,sc01,t6109,5000.0,5000.0,5000.0,5000.0
period1,sc01,t6110,5000.0,5000.0,5000.0,5000.0
period1,sc01,t6111,5000.0,5000.0,5000.0,5000.0
period1,sc01,t6112,5000.0,5000.0,5000.0,5000.0
period1,sc01,t6113,5000.0,5000.0,5000.0,5000.0
period1,sc01,t6114,5000.0,5000.0,5000.0,5000.0
period1,sc01,t6115,5000.0,5000.0,5000.0,5000.0
period1,sc01,t6116,5000.0,5000.0,5000.0,5000.0
period1,sc01,t6117,5000.0,5000.0,5000.0,5000.0
period1,sc01,t6118,5000.0,5000.0,5000.0,5000.0
period1,sc01,t6119,5000.0,5000.0,5000.0,5000.0
period1,sc01,t6120,5000.0,5000.0,5000.0,5000.0
period1,sc01,t6121,5000.0,5000.0,5000.0,5000.0
period1,sc01,t6122,5000.0,5000.0,5000.0,5000.0
period1,sc01,t6123,5000.0,5000.0,5000.0,5000.0
period1,sc01,t6124,5000.0,5000.0,5000.0,5000.0
period1,sc01,t6125,5000.0,5000.0,5000.0,5000.0
period1,sc01,t6126,5000.0,5000.0,5000.0,5000.0
period1,sc01,t6127,5000.0,5000.0,5000.0,5000.0
period1,sc01,t6128,5000.0,5000.0,5000.0,5000.0
period1,sc01,t6129,5000.0,5000.0,5000.0,5000.0
period1,sc01,t6130,5000.0,5000.0,5000.0,5000.0
period1,sc01,t6131,5000.0,5000.0,5000.0,5000.0
period1,sc01,t6132,5000.0,5000.0,5000.0,5000.0
period1,sc01,t6133,5000.0,5000.0,5000.0,5000.0
period1,sc01,t6134,5000.0,5000.0,5000.0,5000.0
period1,sc01,t6135,5000.0,5000.0,5000.0,5000.0
period1,sc01,t6136,5000.0,5000.0,5000.0,5000.0
period1,sc01,t6137,5000.0,5000.0,5000.0,5000.0
period1,sc01,t6138,5000.0,5000.0,5000.0,5000.0
period1,sc01,t6139,5000.0,5000.0,5000.0,5000.0
period1,sc01,t6140,5000.0,5000.0,5000.0,5000.0
period1,sc01,t6141,5000.0,5000.0,5000.0,5000.0
period1,sc01,t6142,5000.0,5000.0,5000.0,5000.0
period1,sc01,t6143,5000.0,5000.0,5000.0,5000.0
period1,sc01,t6144,5000.0,5000.0,5000.0,5000.0
period1,sc01,t6145,5000.0,5000.0,5000.0,5000.0
period1,sc01,t6146,5000.0,5000.0,5000.0,5000.0
period1,sc01,t6147,5000.0,5000.0,5000.0,5000.0
period1,sc01,t6148,5000.0,5000.0,5000.0,5000.0
period1,sc01,t6149,5000.0,5000.0,5000.0,5000.0
period1,sc01,t6150,5000.0,5000.0,5000.0,5000.0
period1,sc01,t6151,5000.0,5000.0,5000.0,5000.0
period1,sc01,t6152,5000.0,5000.0,5000.0,5000.0
period1,sc01,t6153,5000.0,5000.0,5000.0,5000.0
period1,sc01,t6154,5000.0,5000.0,5000.0,5000.0
period1,sc01,t6155,5000.0,5000.0,5000.0,5000.0
period1,sc01,t6156,5000.0,5000.0,5000.0,5000.0
period1,sc01,t6157,5000.0,5000.0,5000.0,5000.0
period1,sc01,t6158,5000.0,5000.0,5000.0,5000.0
period1,sc01,t6159,5000.0,5000.0,5000.0,5000.0
period1,sc01,t6160,5000.0,5000.0,5000.0,5000.0
period1,sc01,t6161,5000.0,5000.0,5000.0,5000.0
period1,sc01,t6162,5000.0,5000.0,5000.0,5000.0
period1,sc01,t6163,5000.0,5000.0,5000.0,5000.0
period1,sc01,t6164,5000.0,5000.0,5000.0,5000.0
period1,sc01,t6165,5000.0,5000.0,5000.0,5000.0
period1,sc01,t6166,5000.0,5000.0,5000.0,5000.0
period1,sc01,t6167,5000.0,5000.0,5000.0,5000.0
period1,sc01,t6168,5000.0,5000.0,5000.0,5000.0
period1,sc01,t6169,5000.0,5000.0,5000.0,5000.0
period1,sc01,t6170,5000.0,5000.0,5000.0,5000.0
period1,sc01,t6171,5000.0,5000.0,5000.0,5000.0
period1,sc01,t6172,5000.0,5000.0,5000.0,5000.0
period1,sc01,t6173,5000.0,5000.0,5000.0,5000.0
period1,sc01,t6174,5000.0,5000.0,5000.0,5000.0
period1,sc01,t6175,5000.0,5000.0,5000.0,5000.0
period1,sc01,t6176,5000.0,5000.0,5000.0,5000.0
period1,sc01,t6177,5000.0,5000.0,5000.0,5000.0
period1,sc01,t6178,5000.0,5000.0,5000.0,5000.0
period1,sc01,t6179,5000.0,5000.0,5000.0,5000.0
period1,sc01,t6180,5000.0,5000.0,5000.0,5000.0
period1,sc01,t6181,5000.0,5000.0,5000.0,5000.0
period1,sc01,t6182,5000.0,5000.0,5000.0,5000.0
period1,sc01,t6183,5000.0,5000.0,5000.0,5000.0
period1,sc01,t6184,5000.0,5000.0,5000.0,5000.0
period1,sc01,t6185,5000.0,5000.0,5000.0,5000.0
period1,sc01,t6186,5000.0,5000.0,5000.0,5000.0
period1,sc01,t6187,5000.0,5000.0,5000.0,5000.0
period1,sc01,t6188,5000.0,5000.0,5000.0,5000.0
period1,sc01,t6189,5000.0,5000.0,5000.0,5000.0
period1,sc01,t6190,5000.0,5000.0,5000.0,5000.0
period1,sc01,t6191,5000.0,5000.0,5000.0,5000.0
period1,sc01,t6192,5000.0,5000.0,5000.0,5000.0
period1,sc01,t6193,5000.0,5000.0,5000.0,5000.0
period1,sc01,t6194,5000.0,5000.0,5000.0,5000.0
period1,sc01,t6195,5000.0,5000.0,5000.0,5000.0
period1,sc01,t6196,5000.0,5000.0,5000.0,5000.0
period1,sc01,t6197,5000.0,5000.0,5000.0,5000.0
period1,sc01,t6198,5000.0,5000.0,5000.0,5000.0
period1,sc01,t6199,5000.0,5000.0,5000.0,5000.0
period1,sc01,t6200,5000.0,5000.0,5000.0,5000.0
period1,sc01,t6201,5000.0,5000.0,5000.0,5000.0
period1,sc01,t6202,5000.0,5000.0,5000.0,5000.0
period1,sc01,t6203,5000.0,5000.0,5000.0,5000.0
period1,sc01,t6204,5000.0,5000.0,5000.0,5000.0
period1,sc01,t6205,5000.0,5000.0,5000.0,5000.0
period1,sc01,t6206,5000.0,5000.0,5000.0,5000.0
period1,sc01,t6207,5000.0,5000.0,5000.0,5000.0
period1,sc01,t6208,5000.0,5000.0,5000.0,5000.0
period1,sc01,t6209,5000.0,5000.0,5000.0,5000.0
period1,sc01,t6210,5000.0,5000.0,5000.0,5000.0
period1,sc01,t6211,5000.0,5000.0,5000.0,5000.0
period1,sc01,t6212,5000.0,5000.0,5000.0,5000.0
period1,sc01,t6213,5000.0,5000.0,5000.0,5000.0
period1,sc01,t6214,5000.0,5000.0,5000.0,5000.0
period1,sc01,t6215,5000.0,5000.0,5000.0,5000.0
period1,sc01,t6216,5000.0,5000.0,5000.0,5000.0
period1,sc01,t6217,5000.0,5000.0,5000.0,5000.0
period1,sc01,t6218,5000.0,5000.0,5000.0,5000.0
period1,sc01,t6219,5000.0,5000.0,5000.0,5000.0
period1,sc01,t6220,5000.0,5000.0,5000.0,5000.0
period1,sc01,t6221,5000.0,5000.0,5000.0,5000.0
period1,sc01,t6222,5000.0,5000.0,5000.0,5000.0
period1,sc01,t6223,5000.0,5000.0,5000.0,5000.0
period1,sc01,t6224,5000.0,5000.0,5000.0,5000.0
period1,sc01,t6225,5000.0,5000.0,5000.0,5000.0
period1,sc01,t6226,5000.0,5000.0,5000.0,5000.0
period1,sc01,t6227,5000.0,5000.0,5000.0,5000.0
period1,sc01,t6228,5000.0,5000.0,5000.0,5000.0
period1,sc01,t6229,5000.0,5000.0,5000.0,5000.0
period1,sc01,t6230,5000.0,5000.0,5000.0,5000.0
period1,sc01,t6231,5000.0,5000.0,5000.0,5000.0
period1,sc01,t6232,5000.0,5000.0,5000.0,5000.0
period1,sc01,t6233,5000.0,5000.0,5000.0,5000.0
period1,sc01,t6234,5000.0,5000.0,5000.0,5000.0
period1,sc01,t6235,5000.0,5000.0,5000.0,5000.0
period1,sc01,t6236,5000.0,5000.0,5000.0,5000.0
period1,sc01,t6237,5000.0,5000.0,5000.0,5000.0
period1,sc01,t6238,5000.0,5000.0,5000.0,5000.0
period1,sc01,t6239,5000.0,5000.0,5000.0,5000.0
period1,sc01,t6240,5000.0,5000.0,5000.0,5000.0
period1,sc01,t6241,5000.0,5000.0,5000.0,5000.0
period1,sc01,t6242,5000.0,5000.0,5000.0,5000.0
period1,sc01,t6243,5000.0,5000.0,5000.0,5000.0
period1,sc01,t6244,5000.0,5000.0,5000.0,5000.0
period1,sc01,t6245,5000.0,5000.0,5000.0,5000.0
period1,sc01,t6246,5000.0,5000.0,5000.0,5000.0
period1,sc01,t6247,5000.0,5000.0,5000.0,5000.0
period1,sc01,t6248,5000.0,5000.0,5000.0,5000.0
period1,sc01,t6249,5000.0,5000.0,5000.0,5000.0
period1,sc01,t6250,5000.0,5000.0,5000.0,5000.0
period1,sc01,t6251,5000.0,5000.0,5000.0,5000.0
period1,sc01,t6252,5000.0,5000.0,5000.0,5000.0
period1,sc01,t6253,5000.0,5000.0,5000.0,5000.0
period1,sc01,t6254,5000.0,5000.0,5000.0,5000.0
period1,sc01,t6255,5000.0,5000.0,5000.0,5000.0
period1,sc01,t6256,5000.0,5000.0,5000.0,5000.0
period1,sc01,t6257,5000.0,5000.0,5000.0,5000.0
period1,sc01,t6258,5000.0,5000.0,5000.0,5000.0
period1,sc01,t6259,5000.0,5000.0,5000.0,5000.0
period1,sc01,t6260,5000.0,5000.0,5000.0,5000.0
period1,sc01,t6261,5000.0,5000.0,5000.0,5000.0
period1,sc01,t6262,5000.0,5000.0,5000.0,5000.0
period1,sc01,t6263,5000.0,5000.0,5000.0,5000.0
period1,sc01,t6264,5000.0,5000.0,5000.0,5000.0
period1,sc01,t6265,5000.0,5000.0,5000.0,5000.0
period1,sc01,t6266,5000.0,5000.0,5000.0,5000.0
period1,sc01,t6267,5000.0,5000.0,5000.0,5000.0
period1,sc01,t6268,5000.0,5000.0,5000.0,5000.0
period1,sc01,t6269,5000.0,5000.0,5000.0,5000.0
period1,sc01,t6270,5000.0,5000.0,5000.0,5000.0
period1,sc01,t6271,5000.0,5000.0,5000.0,5000.0
period1,sc01,t6272,5000.0,5000.0,5000.0,5000.0
period1,sc01,t6273,5000.0,5000.0,5000.0,5000.0
period1,sc01,t6274,5000.0,5000.0,5000.0,5000.0
period1,sc01,t6275,5000.0,5000.0,5000.0,5000.0
period1,sc01,t6276,5000.0,5000.0,5000.0,5000.0
period1,sc01,t6277,5000.0,5000.0,5000.0,5000.0
period1,sc01,t6278,5000.0,5000.0,5000.0,5000.0
period1,sc01,t6279,5000.0,5000.0,5000.0,5000.0
period1,sc01,t6280,5000.0,5000.0,5000.0,5000.0
period1,sc01,t6281,5000.0,5000.0,5000.0,5000.0
period1,sc01,t6282,5000.0,5000.0,5000.0,5000.0
period1,sc01,t6283,5000.0,5000.0,5000.0,5000.0
period1,sc01,t6284,5000.0,5000.0,5000.0,5000.0
period1,sc01,t6285,5000.0,5000.0,5000.0,5000.0
period1,sc01,t6286,5000.0,5000.0,5000.0,5000.0
period1,sc01,t6287,5000.0,5000.0,5000.0,5000.0
period1,sc01,t6288,5000.0,5000.0,5000.0,5000.0
period1,sc01,t6289,5000.0,5000.0,5000.0,5000.0
period1,sc01,t6290,5000.0,5000.0,5000.0,5000.0
period1,sc01,t6291,5000.0,5000.0,5000.0,5000.0
period1,sc01,t6292,5000.0,5000.0,5000.0,5000.0
period1,sc01,t6293,5000.0,5000.0,5000.0,5000.0
period1,sc01,t6294,5000.0,5000.0,5000.0,5000.0
period1,sc01,t6295,5000.0,5000.0,5000.0,5000.0
period1,sc01,t6296,5000.0,5000.0,5000.0,5000.0
period1,sc01,t6297,5000.0,5000.0,5000.0,5000.0
period1,sc01,t6298,5000.0,5000.0,5000.0,5000.0
period1,sc01,t6299,5000.0,5000.0,5000.0,5000.0
period1,sc01,t6300,5000.0,5000.0,5000.0,5000.0
period1,sc01,t6301,5000.0,5000.0,5000.0,5000.0
period1,sc01,t6302,5000.0,5000.0,5000.0,5000.0
period1,sc01,t6303,5000.0,5000.0,5000.0,5000.0
period1,sc01,t6304,5000.0,5000.0,5000.0,5000.0
period1,sc01,t6305,5000.0,5000.0,5000.0,5000.0
period1,sc01,t6306,5000.0,5000.0,5000.0,5000.0
period1,sc01,t6307,5000.0,5000.0,5000.0,5000.0
period1,sc01,t6308,5000.0,5000.0,5000.0,5000.0
period1,sc01,t6309,5000.0,5000.0,5000.0,5000.0
period1,sc01,t6310,5000.0,5000.0,5000.0,5000.0
period1,sc01,t6311,5000.0,5000.0,5000.0,5000.0
period1,sc01,t6312,5000.0,5000.0,5000.0,5000.0
period1,sc01,t6313,5000.0,5000.0,5000.0,5000.0
period1,sc01,t6314,5000.0,5000.0,5000.0,5000.0
period1,sc01,t6315,5000.0,5000.0,5000.0,5000.0
period1,sc01,t6316,5000.0,5000.0,5000.0,5000.0
period1,sc01,t6317,5000.0,5000.0,5000.0,5000.0
period1,sc01,t6318,5000.0,5000.0,5000.0,5000.0
period1,sc01,t6319,5000.0,5000.0,5000.0,5000.0
period1,sc01,t6320,5000.0,5000.0,5000.0,5000.0
period1,sc01,t6321,5000.0,5000.0,5000.0,5000.0
period1,sc01,t6322,5000.0,5000.0,5000.0,5000.0
period1,sc01,t6323,5000.0,5000.0,5000.0,5000.0
period1,sc01,t6324,5000.0,5000.0,5000.0,5000.0
period1,sc01,t6325,5000.0,5000.0,5000.0,5000.0
period1,sc01,t6326,5000.0,5000.0,5000.0,5000.0
period1,sc01,t6327,5000.0,5000.0,5000.0,5000.0
period1,sc01,t6328,5000.0,5000.0,5000.0,5000.0
period1,sc01,t6329,5000.0,5000.0,5000.0,5000.0
period1,sc01,t6330,5000.0,5000.0,5000.0,5000.0
period1,sc01,t6331,5000.0,5000.0,5000.0,5000.0
period1,sc01,t6332,5000.0,5000.0,5000.0,5000.0
period1,sc01,t6333,5000.0,5000.0,5000.0,5000.0
period1,sc01,t6334,5000.0,5000.0,5000.0,5000.0
period1,sc01,t6335,5000.0,5000.0,5000.0,5000.0
period1,sc01,t6336,5000.0,5000.0,5000.0,5000.0
period1,sc01,t6337,5000.0,5000.0,5000.0,5000.0
period1,sc01,t6338,5000.0,5000.0,5000.0,5000.0
period1,sc01,t6339,5000.0,5000.0,5000.0,5000.0
period1,sc01,t6340,5000.0,5000.0,5000.0,5000.0
period1,sc01,t6341,5000.0,5000.0,5000.0,5000.0
period1,sc01,t6342,5000.0,5000.0,5000.0,5000.0
period1,sc01,t6343,5000.0,5000.0,5000.0,5000.0
period1,sc01,t6344,5000.0,5000.0,5000.0,5000.0
period1,sc01,t6345,5000.0,5000.0,5000.0,5000.0
period1,sc01,t6346,5000.0,5000.0,5000.0,5000.0
period1,sc01,t6347,5000.0,5000.0,5000.0,5000.0
period1,sc01,t6348,5000.0,5000.0,5000.0,5000.0
period1,sc01,t6349,5000.0,5000.0,5000.0,5000.0
period1,sc01,t6350,5000.0,5000.0,5000.0,5000.0
period1,sc01,t6351,5000.0,5000.0,5000.0,5000.0
period1,sc01,t6352,5000.0,5000.0,5000.0,5000.0
period1,sc01,t6353,5000.0,5000.0,5000.0,5000.0
period1,sc01,t6354,5000.0,5000.0,5000.0,5000.0
period1,sc01,t6355,5000.0,5000.0,5000.0,5000.0
period1,sc01,t6356,5000.0,5000.0,5000.0,5000.0
period1,sc01,t6357,5000.0,5000.0,5000.0,5000.0
period1,sc01,t6358,5000.0,5000.0,5000.0,5000.0
period1,sc01,t6359,5000.0,5000.0,5000.0,5000.0
period1,sc01,t6360,5000.0,5000.0,5000.0,5000.0
period1,sc01,t6361,5000.0,5000.0,5000.0,5000.0
period1,sc01,t6362,5000.0,5000.0,5000.0,5000.0
period1,sc01,t6363,5000.0,5000.0,5000.0,5000.0
period1,sc01,t6364,5000.0,5000.0,5000.0,5000.0
period1,sc01,t6365,5000.0,5000.0,5000.0,5000.0
period1,sc01,t6366,5000.0,5000.0,5000.0,5000.0
period1,sc01,t6367,5000.0,5000.0,5000.0,5000.0
period1,sc01,t6368,5000.0,5000.0,5000.0,5000.0
period1,sc01,t6369,5000.0,5000.0,5000.0,5000.0
period1,sc01,t6370,5000.0,5000.0,5000.0,5000.0
period1,sc01,t6371,5000.0,5000.0,5000.0,5000.0
period1,sc01,t6372,5000.0,5000.0,5000.0,5000.0
period1,sc01,t6373,5000.0,5000.0,5000.0,5000.0
period1,sc01,t6374,5000.0,5000.0,5000.0,5000.0
period1,sc01,t6375,5000.0,5000.0,5000.0,5000.0
period1,sc01,t6376,5000.0,5000.0,5000.0,5000.0
period1,sc01,t6377,5000.0,5000.0,5000.0,5000.0
period1,sc01,t6378,5000.0,5000.0,5000.0,5000.0
period1,sc01,t6379,5000.0,5000.0,5000.0,5000.0
period1,sc01,t6380,5000.0,5000.0,5000.0,5000.0
period1,sc01,t6381,5000.0,5000.0,5000.0,5000.0
period1,sc01,t6382,5000.0,5000.0,5000.0,5000.0
period1,sc01,t6383,5000.0,5000.0,5000.0,5000.0
period1,sc01,t6384,5000.0,5000.0,5000.0,5000.0
period1,sc01,t6385,5000.0,5000.0,5000.0,5000.0
period1,sc01,t6386,5000.0,5000.0,5000.0,5000.0
period1,sc01,t6387,5000.0,5000.0,5000.0,5000.0
period1,sc01,t6388,5000.0,5000.0,5000.0,5000.0
period1,sc01,t6389,5000.0,5000.0,5000.0,5000.0
period1,sc01,t6390,5000.0,5000.0,5000.0,5000.0
period1,sc01,t6391,5000.0,5000.0,5000.0,5000.0
period1,sc01,t6392,5000.0,5000.0,5000.0,5000.0
period1,sc01,t6393,5000.0,5000.0,5000.0,5000.0
period1,sc01,t6394,5000.0,5000.0,5000.0,5000.0
period1,sc01,t6395,5000.0,5000.0,5000.0,5000.0
period1,sc01,t6396,5000.0,5000.0,5000.0,5000.0
period1,sc01,t6397,5000.0,5000.0,5000.0,5000.0
period1,sc01,t6398,5000.0,5000.0,5000.0,5000.0
period1,sc01,t6399,5000.0,5000.0,5000.0,5000.0
period1,sc01,t6400,5000.0,5000.0,5000.0,5000.0
period1,sc01,t6401,5000.0,5000.0,5000.0,5000.0
period1,sc01,t6402,5000.0,5000.0,5000.0,5000.0
period1,sc01,t6403,5000.0,5000.0,5000.0,5000.0
period1,sc01,t6404,5000.0,5000.0,5000.0,5000.0
period1,sc01,t6405,5000.0,5000.0,5000.0,5000.0
period1,sc01,t6406,5000.0,5000.0,5000.0,5000.0
period1,sc01,t6407,5000.0,5000.0,5000.0,5000.0
period1,sc01,t6408,5000.0,5000.0,5000.0,5000.0
period1,sc01,t6409,5000.0,5000.0,5000.0,5000.0
period1,sc01,t6410,5000.0,5000.0,5000.0,5000.0
period1,sc01,t6411,5000.0,5000.0,5000.0,5000.0
period1,sc01,t6412,5000.0,5000.0,5000.0,5000.0
period1,sc01,t6413,5000.0,5000.0,5000.0,5000.0
period1,sc01,t6414,5000.0,5000.0,5000.0,5000.0
period1,sc01,t6415,5000.0,5000.0,5000.0,5000.0
period1,sc01,t6416,5000.0,5000.0,5000.0,5000.0
period1,sc01,t6417,5000.0,5000.0,5000.0,5000.0
period1,sc01,t6418,5000.0,5000.0,5000.0,5000.0
period1,sc01,t6419,5000.0,5000.0,5000.0,5000.0
period1,sc01,t6420,5000.0,5000.0,5000.0,5000.0
period1,sc01,t6421,5000.0,5000.0,5000.0,5000.0
period1,sc01,t6422,5000.0,5000.0,5000.0,5000.0
period1,sc01,t6423,5000.0,5000.0,5000.0,5000.0
period1,sc01,t6424,5000.0,5000.0,5000.0,5000.0
period1,sc01,t6425,5000.0,5000.0,5000.0,5000.0
period1,sc01,t6426,5000.0,5000.0,5000.0,5000.0
period1,sc01,t6427,5000.0,5000.0,5000.0,5000.0
period1,sc01,t6428,5000.0,5000.0,5000.0,5000.0
period1,sc01,t6429,5000.0,5000.0,5000.0,5000.0
period1,sc01,t6430,5000.0,5000.0,5000.0,5000.0
period1,sc01,t6431,5000.0,5000.0,5000.0,5000.0
period1,sc01,t6432,5000.0,5000.0,5000.0,5000.0
period1,sc01,t6433,5000.0,5000.0,5000.0,5000.0
period1,sc01,t6434,5000.0,5000.0,5000.0,5000.0
period1,sc01,t6435,5000.0,5000.0,5000.0,5000.0
period1,sc01,t6436,5000.0,5000.0,5000.0,5000.0
period1,sc01,t6437,5000.0,5000.0,5000.0,5000.0
period1,sc01,t6438,5000.0,5000.0,5000.0,5000.0
period1,sc01,t6439,5000.0,5000.0,5000.0,5000.0
period1,sc01,t6440,5000.0,5000.0,5000.0,5000.0
period1,sc01,t6441,5000.0,5000.0,5000.0,5000.0
period1,sc01,t6442,5000.0,5000.0,5000.0,5000.0
period1,sc01,t6443,5000.0,5000.0,5000.0,5000.0
period1,sc01,t6444,5000.0,5000.0,5000.0,5000.0
period1,sc01,t6445,5000.0,5000.0,5000.0,5000.0
period1,sc01,t6446,5000.0,5000.0,5000.0,5000.0
period1,sc01,t6447,5000.0,5000.0,5000.0,5000.0
period1,sc01,t6448,5000.0,5000.0,5000.0,5000.0
period1,sc01,t6449,5000.0,5000.0,5000.0,5000.0
period1,sc01,t6450,5000.0,5000.0,5000.0,5000.0
period1,sc01,t6451,5000.0,5000.0,5000.0,5000.0
period1,sc01,t6452,5000.0,5000.0,5000.0,5000.0
period1,sc01,t6453,5000.0,5000.0,5000.0,5000.0
period1,sc01,t6454,5000.0,5000.0,5000.0,5000.0
period1,sc01,t6455,5000.0,5000.0,5000.0,5000.0
period1,sc01,t6456,5000.0,5000.0,5000.0,5000.0
period1,sc01,t6457,5000.0,5000.0,5000.0,5000.0
period1,sc01,t6458,5000.0,5000.0,5000.0,5000.0
period1,sc01,t6459,5000.0,5000.0,5000.0,5000.0
period1,sc01,t6460,5000.0,5000.0,5000.0,5000.0
period1,sc01,t6461,5000.0,5000.0,5000.0,5000.0
period1,sc01,t6462,5000.0,5000.0,5000.0,5000.0
period1,sc01,t6463,5000.0,5000.0,5000.0,5000.0
period1,sc01,t6464,5000.0,5000.0,5000.0,5000.0
period1,sc01,t6465,5000.0,5000.0,5000.0,5000.0
period1,sc01,t6466,5000.0,5000.0,5000.0,5000.0
period1,sc01,t6467,5000.0,5000.0,5000.0,5000.0
period1,sc01,t6468,5000.0,5000.0,5000.0,5000.0
period1,sc01,t6469,5000.0,5000.0,5000.0,5000.0
period1,sc01,t6470,5000.0,5000.0,5000.0,5000.0
period1,sc01,t6471,5000.0,5000.0,5000.0,5000.0
period1,sc01,t6472,5000.0,5000.0,5000.0,5000.0
period1,sc01,t6473,5000.0,5000.0,5000.0,5000.0
period1,sc01,t6474,5000.0,5000.0,5000.0,5000.0
period1,sc01,t6475,5000.0,5000.0,5000.0,5000.0
period1,sc01,t6476,5000.0,5000.0,5000.0,5000.0
period1,sc01,t6477,5000.0,5000.0,5000.0,5000.0
period1,sc01,t6478,5000.0,5000.0,5000.0,5000.0
period1,sc01,t6479,5000.0,5000.0,5000.0,5000.0
period1,sc01,t6480,5000.0,5000.0,5000.0,5000.0
period1,sc01,t6481,5000.0,5000.0,5000.0,5000.0
period1,sc01,t6482,5000.0,5000.0,5000.0,5000.0
period1,sc01,t6483,5000.0,5000.0,5000.0,5000.0
period1,sc01,t6484,5000.0,5000.0,5000.0,5000.0
period1,sc01,t6485,5000.0,5000.0,5000.0,5000.0
period1,sc01,t6486,5000.0,5000.0,5000.0,5000.0
period1,sc01,t6487,5000.0,5000.0,5000.0,5000.0
period1,sc01,t6488,5000.0,5000.0,5000.0,5000.0
period1,sc01,t6489,5000.0,5000.0,5000.0,5000.0
period1,sc01,t6490,5000.0,5000.0,5000.0,5000.0
period1,sc01,t6491,5000.0,5000.0,5000.0,5000.0
period1,sc01,t6492,5000.0,5000.0,5000.0,5000.0
period1,sc01,t6493,5000.0,5000.0,5000.0,5000.0
period1,sc01,t6494,5000.0,5000.0,5000.0,5000.0
period1,sc01,t6495,5000.0,5000.0,5000.0,5000.0
period1,sc01,t6496,5000.0,5000.0,5000.0,5000.0
period1,sc01,t6497,5000.0,5000.0,5000.0,5000.0
period1,sc01,t6498,5000.0,5000.0,5000.0,5000.0
period1,sc01,t6499,5000.0,5000.0,5000.0,5000.0
period1,sc01,t6500,5000.0,5000.0,5000.0,5000.0
period1,sc01,t6501,5000.0,5000.0,5000.0,5000.0
period1,sc01,t6502,5000.0,5000.0,5000.0,5000.0
period1,sc01,t6503,5000.0,5000.0,5000.0,5000.0
period1,sc01,t6504,5000.0,5000.0,5000.0,5000.0
period1,sc01,t6505,5000.0,5000.0,5000.0,5000.0
period1,sc01,t6506,5000.0,5000.0,5000.0,5000.0
period1,sc01,t6507,5000.0,5000.0,5000.0,5000.0
period1,sc01,t6508,5000.0,5000.0,5000.0,5000.0
period1,sc01,t6509,5000.0,5000.0,5000.0,5000.0
period1,sc01,t6510,5000.0,5000.0,5000.0,5000.0
period1,sc01,t6511,5000.0,5000.0,5000.0,5000.0
period1,sc01,t6512,5000.0,5000.0,5000.0,5000.0
period1,sc01,t6513,5000.0,5000.0,5000.0,5000.0
period1,sc01,t6514,5000.0,5000.0,5000.0,5000.0
period1,sc01,t6515,5000.0,5000.0,5000.0,5000.0
period1,sc01,t6516,5000.0,5000.0,5000.0,5000.0
period1,sc01,t6517,5000.0,5000.0,5000.0,5000.0
period1,sc01,t6518,5000.0,5000.0,5000.0,5000.0
period1,sc01,t6519,5000.0,5000.0,5000.0,5000.0
period1,sc01,t6520,5000.0,5000.0,5000.0,5000.0
period1,sc01,t6521,5000.0,5000.0,5000.0,5000.0
period1,sc01,t6522,5000.0,5000.0,5000.0,5000.0
period1,sc01,t6523,5000.0,5000.0,5000.0,5000.0
period1,sc01,t6524,5000.0,5000.0,5000.0,5000.0
period1,sc01,t6525,5000.0,5000.0,5000.0,5000.0
period1,sc01,t6526,5000.0,5000.0,5000.0,5000.0
period1,sc01,t6527,5000.0,5000.0,5000.0,5000.0
period1,sc01,t6528,5000.0,5000.0,5000.0,5000.0
period1,sc01,t6529,5000.0,5000.0,5000.0,5000.0
period1,sc01,t6530,5000.0,5000.0,5000.0,5000.0
period1,sc01,t6531,5000.0,5000.0,5000.0,5000.0
period1,sc01,t6532,5000.0,5000.0,5000.0,5000.0
period1,sc01,t6533,5000.0,5000.0,5000.0,5000.0
period1,sc01,t6534,5000.0,5000.0,5000.0,5000.0
period1,sc01,t6535,5000.0,5000.0,5000.0,5000.0
period1,sc01,t6536,5000.0,5000.0,5000.0,5000.0
period1,sc01,t6537,5000.0,5000.0,5000.0,5000.0
period1,sc01,t6538,5000.0,5000.0,5000.0,5000.0
period1,sc01,t6539,5000.0,5000.0,5000.0,5000.0
period1,sc01,t6540,5000.0,5000.0,5000.0,5000.0
period1,sc01,t6541,5000.0,5000.0,5000.0,5000.0
period1,sc01,t6542,5000.0,5000.0,5000.0,5000.0
period1,sc01,t6543,5000.0,5000.0,5000.0,5000.0
period1,sc01,t6544,5000.0,5000.0,5000.0,5000.0
period1,sc01,t6545,5000.0,5000.0,5000.0,5000.0
period1,sc01,t6546,5000.0,5000.0,5000.0,5000.0
period1,sc01,t6547,5000.0,5000.0,5000.0,5000.0
period1,sc01,t6548,5000.0,5000.0,5000.0,5000.0
period1,sc01,t6549,5000.0,5000.0,5000.0,5000.0
period1,sc01,t6550,5000.0,5000.0,5000.0,5000.0
period1,sc01,t6551,5000.0,5000.0,5000.0,5000.0
period1,sc01,t6552,5000.0,5000.0,5000.0,5000.0
period1,sc01,t6553,5000.0,5000.0,5000.0,5000.0
period1,sc01,t6554,5000.0,5000.0,5000.0,5000.0
period1,sc01,t6555,5000.0,5000.0,5000.0,5000.0
period1,sc01,t6556,5000.0,5000.0,5000.0,5000.0
period1,sc01,t6557,5000.0,5000.0,5000.0,5000.0
period1,sc01,t6558,5000.0,5000.0,5000.0,5000.0
period1,sc01,t6559,5000.0,5000.0,5000.0,5000.0
period1,sc01,t6560,5000.0,5000.0,5000.0,5000.0
period1,sc01,t6561,5000.0,5000.0,5000.0,5000.0
period1,sc01,t6562,5000.0,5000.0,5000.0,5000.0
period1,sc01,t6563,5000.0,5000.0,5000.0,5000.0
period1,sc01,t6564,5000.0,5000.0,5000.0,5000.0
period1,sc01,t6565,5000.0,5000.0,5000.0,5000.0
period1,sc01,t6566,5000.0,5000.0,5000.0,5000.0
period1,sc01,t6567,5000.0,5000.0,5000.0,5000.0
period1,sc01,t6568,5000.0,5000.0,5000.0,5000.0
period1,sc01,t6569,5000.0,5000.0,5000.0,5000.0
period1,sc01,t6570,5000.0,5000.0,5000.0,5000.0
period1,sc01,t6571,5000.0,5000.0,5000.0,5000.0
period1,sc01,t6572,5000.0,5000.0,5000.0,5000.0
period1,sc01,t6573,5000.0,5000.0,5000.0,5000.0
period1,sc01,t6574,5000.0,5000.0,5000.0,5000.0
period1,sc01,t6575,5000.0,5000.0,5000.0,5000.0
period1,sc01,t6576,5000.0,5000.0,5000.0,5000.0
period1,sc01,t6577,5000.0,5000.0,5000.0,5000.0
period1,sc01,t6578,5000.0,5000.0,5000.0,5000.0
period1,sc01,t6579,5000.0,5000.0,5000.0,5000.0
period1,sc01,t6580,5000.0,5000.0,5000.0,5000.0
period1,sc01,t6581,5000.0,5000.0,5000.0,5000.0
period1,sc01,t6582,5000.0,5000.0,5000.0,5000.0
period1,sc01,t6583,5000.0,5000.0,5000.0,5000.0
period1,sc01,t6584,5000.0,5000.0,5000.0,5000.0
period1,sc01,t6585,5000.0,5000.0,5000.0,5000.0
period1,sc01,t6586,5000.0,5000.0,5000.0,5000.0
period1,sc01,t6587,5000.0,5000.0,5000.0,5000.0
period1,sc01,t6588,5000.0,5000.0,5000.0,5000.0
period1,sc01,t6589,5000.0,5000.0,5000.0,5000.0
period1,sc01,t6590,5000.0,5000.0,5000.0,5000.0
period1,sc01,t6591,5000.0,5000.0,5000.0,5000.0
period1,sc01,t6592,5000.0,5000.0,5000.0,5000.0
period1,sc01,t6593,5000.0,5000.0,5000.0,5000.0
period1,sc01,t6594,5000.0,5000.0,5000.0,5000.0
period1,sc01,t6595,5000.0,5000.0,5000.0,5000.0
period1,sc01,t6596,5000.0,5000.0,5000.0,5000.0
period1,sc01,t6597,5000.0,5000.0,5000.0,5000.0
period1,sc01,t6598,5000.0,5000.0,5000.0,5000.0
period1,sc01,t6599,5000.0,5000.0,5000.0,5000.0
period1,sc01,t6600,5000.0,5000.0,5000.0,5000.0
period1,sc01,t6601,5000.0,5000.0,5000.0,5000.0
period1,sc01,t6602,5000.0,5000.0,5000.0,5000.0
period1,sc01,t6603,5000.0,5000.0,5000.0,5000.0
period1,sc01,t6604,5000.0,5000.0,5000.0,5000.0
period1,sc01,t6605,5000.0,5000.0,5000.0,5000.0
period1,sc01,t6606,5000.0,5000.0,5000.0,5000.0
period1,sc01,t6607,5000.0,5000.0,5000.0,5000.0
period1,sc01,t6608,5000.0,5000.0,5000.0,5000.0
period1,sc01,t6609,5000.0,5000.0,5000.0,5000.0
period1,sc01,t6610,5000.0,5000.0,5000.0,5000.0
period1,sc01,t6611,5000.0,5000.0,5000.0,5000.0
period1,sc01,t6612,5000.0,5000.0,5000.0,5000.0
period1,sc01,t6613,5000.0,5000.0,5000.0,5000.0
period1,sc01,t6614,5000.0,5000.0,5000.0,5000.0
period1,sc01,t6615,5000.0,5000.0,5000.0,5000.0
period1,sc01,t6616,5000.0,5000.0,5000.0,5000.0
period1,sc01,t6617,5000.0,5000.0,5000.0,5000.0
period1,sc01,t6618,5000.0,5000.0,5000.0,5000.0
period1,sc01,t6619,5000.0,5000.0,5000.0,5000.0
period1,sc01,t6620,5000.0,5000.0,5000.0,5000.0
period1,sc01,t6621,5000.0,5000.0,5000.0,5000.0
period1,sc01,t6622,5000.0,5000.0,5000.0,5000.0
period1,sc01,t6623,5000.0,5000.0,5000.0,5000.0
period1,sc01,t6624,5000.0,5000.0,5000.0,5000.0
period1,sc01,t6625,5000.0,5000.0,5000.0,5000.0
period1,sc01,t6626,5000.0,5000.0,5000.0,5000.0
period1,sc01,t6627,5000.0,5000.0,5000.0,5000.0
period1,sc01,t6628,5000.0,5000.0,5000.0,5000.0
period1,sc01,t6629,5000.0,5000.0,5000.0,5000.0
period1,sc01,t6630,5000.0,5000.0,5000.0,5000.0
period1,sc01,t6631,5000.0,5000.0,5000.0,5000.0
period1,sc01,t6632,5000.0,5000.0,5000.0,5000.0
period1,sc01,t6633,5000.0,5000.0,5000.0,5000.0
period1,sc01,t6634,5000.0,5000.0,5000.0,5000.0
period1,sc01,t6635,5000.0,5000.0,5000.0,5000.0
period1,sc01,t6636,5000.0,5000.0,5000.0,5000.0
period1,sc01,t6637,5000.0,5000.0,5000.0,5000.0
period1,sc01,t6638,5000.0,5000.0,5000.0,5000.0
period1,sc01,t6639,5000.0,5000.0,5000.0,5000.0
period1,sc01,t6640,5000.0,5000.0,5000.0,5000.0
period1,sc01,t6641,5000.0,5000.0,5000.0,5000.0
period1,sc01,t6642,5000.0,5000.0,5000.0,5000.0
period1,sc01,t6643,5000.0,5000.0,5000.0,5000.0
period1,sc01,t6644,5000.0,5000.0,5000.0,5000.0
period1,sc01,t6645,5000.0,5000.0,5000.0,5000.0
period1,sc01,t6646,5000.0,5000.0,5000.0,5000.0
period1,sc01,t6647,5000.0,5000.0,5000.0,5000.0
period1,sc01,t6648,5000.0,5000.0,5000.0,5000.0
period1,sc01,t6649,5000.0,5000.0,5000.0,5000.0
period1,sc01,t6650,5000.0,5000.0,5000.0,5000.0
period1,sc01,t6651,5000.0,5000.0,5000.0,5000.0
period1,sc01,t6652,5000.0,5000.0,5000.0,5000.0
period1,sc01,t6653,5000.0,5000.0,5000.0,5000.0
period1,sc01,t6654,5000.0,5000.0,5000.0,5000.0
period1,sc01,t6655,5000.0,5000.0,5000.0,5000.0
period1,sc01,t6656,5000.0,5000.0,5000.0,5000.0
period1,sc01,t6657,5000.0,5000.0,5000.0,5000.0
period1,sc01,t6658,5000.0,5000.0,5000.0,5000.0
period1,sc01,t6659,5000.0,5000.0,5000.0,5000.0
period1,sc01,t6660,5000.0,5000.0,5000.0,5000.0
period1,sc01,t6661,5000.0,5000.0,5000.0,5000.0
period1,sc01,t6662,5000.0,5000.0,5000.0,5000.0
period1,sc01,t6663,5000.0,5000.0,5000.0,5000.0
period1,sc01,t6664,5000.0,5000.0,5000.0,5000.0
period1,sc01,t6665,5000.0,5000.0,5000.0,5000.0
period1,sc01,t6666,5000.0,5000.0,5000.0,5000.0
period1,sc01,t6667,5000.0,5000.0,5000.0,5000.0
period1,sc01,t6668,5000.0,5000.0,5000.0,5000.0
period1,sc01,t6669,5000.0,5000.0,5000.0,5000.0
period1,sc01,t6670,5000.0,5000.0,5000.0,5000.0
period1,sc01,t6671,5000.0,5000.0,5000.0,5000.0
period1,sc01,t6672,5000.0,5000.0,5000.0,5000.0
period1,sc01,t6673,5000.0,5000.0,5000.0,5000.0
period1,sc01,t6674,5000.0,5000.0,5000.0,5000.0
period1,sc01,t6675,5000.0,5000.0,5000.0,5000.0
period1,sc01,t6676,5000.0,5000.0,5000.0,5000.0
period1,sc01,t6677,5000.0,5000.0,5000.0,5000.0
period1,sc01,t6678,5000.0,5000.0,5000.0,5000.0
period1,sc01,t6679,5000.0,5000.0,5000.0,5000.0
period1,sc01,t6680,5000.0,5000.0,5000.0,5000.0
period1,sc01,t6681,5000.0,5000.0,5000.0,5000.0
period1,sc01,t6682,5000.0,5000.0,5000.0,5000.0
period1,sc01,t6683,5000.0,5000.0,5000.0,5000.0
period1,sc01,t6684,5000.0,5000.0,5000.0,5000.0
period1,sc01,t6685,5000.0,5000.0,5000.0,5000.0
period1,sc01,t6686,5000.0,5000.0,5000.0,5000.0
period1,sc01,t6687,5000.0,5000.0,5000.0,5000.0
period1,sc01,t6688,5000.0,5000.0,5000.0,5000.0
period1,sc01,t6689,5000.0,5000.0,5000.0,5000.0
period1,sc01,t6690,5000.0,5000.0,5000.0,5000.0
period1,sc01,t6691,5000.0,5000.0,5000.0,5000.0
period1,sc01,t6692,5000.0,5000.0,5000.0,5000.0
period1,sc01,t6693,5000.0,5000.0,5000.0,5000.0
period1,sc01,t6694,5000.0,5000.0,5000.0,5000.0
period1,sc01,t6695,5000.0,5000.0,5000.0,5000.0
period1,sc01,t6696,5000.0,5000.0,5000.0,5000.0
period1,sc01,t6697,5000.0,5000.0,5000.0,5000.0
period1,sc01,t6698,5000.0,5000.0,5000.0,5000.0
period1,sc01,t6699,5000.0,5000.0,5000.0,5000.0
period1,sc01,t6700,5000.0,5000.0,5000.0,5000.0
period1,sc01,t6701,5000.0,5000.0,5000.0,5000.0
period1,sc01,t6702,5000.0,5000.0,5000.0,5000.0
period1,sc01,t6703,5000.0,5000.0,5000.0,5000.0
period1,sc01,t6704,5000.0,5000.0,5000.0,5000.0
period1,sc01,t6705,5000.0,5000.0,5000.0,5000.0
period1,sc01,t6706,5000.0,5000.0,5000.0,5000.0
period1,sc01,t6707,5000.0,5000.0,5000.0,5000.0
period1,sc01,t6708,5000.0,5000.0,5000.0,5000.0
period1,sc01,t6709,5000.0,5000.0,5000.0,5000.0
period1,sc01,t6710,5000.0,5000.0,5000.0,5000.0
period1,sc01,t6711,5000.0,5000.0,5000.0,5000.0
period1,sc01,t6712,5000.0,5000.0,5000.0,5000.0
period1,sc01,t6713,5000.0,5000.0,5000.0,5000.0
period1,sc01,t6714,5000.0,5000.0,5000.0,5000.0
period1,sc01,t6715,5000.0,5000.0,5000.0,5000.0
period1,sc01,t6716,5000.0,5000.0,5000.0,5000.0
period1,sc01,t6717,5000.0,5000.0,5000.0,5000.0
period1,sc01,t6718,5000.0,5000.0,5000.0,5000.0
period1,sc01,t6719,5000.0,5000.0,5000.0,5000.0
period1,sc01,t6720,5000.0,5000.0,5000.0,5000.0
period1,sc01,t6721,5000.0,5000.0,5000.0,5000.0
period1,sc01,t6722,5000.0,5000.0,5000.0,5000.0
period1,sc01,t6723,5000.0,5000.0,5000.0,5000.0
period1,sc01,t6724,5000.0,5000.0,5000.0,5000.0
period1,sc01,t6725,5000.0,5000.0,5000.0,5000.0
period1,sc01,t6726,5000.0,5000.0,5000.0,5000.0
period1,sc01,t6727,5000.0,5000.0,5000.0,5000.0
period1,sc01,t6728,5000.0,5000.0,5000.0,5000.0
period1,sc01,t6729,5000.0,5000.0,5000.0,5000.0
period1,sc01,t6730,5000.0,5000.0,5000.0,5000.0
period1,sc01,t6731,5000.0,5000.0,5000.0,5000.0
period1,sc01,t6732,5000.0,5000.0,5000.0,5000.0
period1,sc01,t6733,5000.0,5000.0,5000.0,5000.0
period1,sc01,t6734,5000.0,5000.0,5000.0,5000.0
period1,sc01,t6735,5000.0,5000.0,5000.0,5000.0
period1,sc01,t6736,5000.0,5000.0,5000.0,5000.0
period1,sc01,t6737,5000.0,5000.0,5000.0,5000.0
period1,sc01,t6738,5000.0,5000.0,5000.0,5000.0
period1,sc01,t6739,5000.0,5000.0,5000.0,5000.0
period1,sc01,t6740,5000.0,5000.0,5000.0,5000.0
period1,sc01,t6741,5000.0,5000.0,5000.0,5000.0
period1,sc01,t6742,5000.0,5000.0,5000.0,5000.0
period1,sc01,t6743,5000.0,5000.0,5000.0,5000.0
period1,sc01,t6744,5000.0,5000.0,5000.0,5000.0
period1,sc01,t6745,5000.0,5000.0,5000.0,5000.0
period1,sc01,t6746,5000.0,5000.0,5000.0,5000.0
period1,sc01,t6747,5000.0,5000.0,5000.0,5000.0
period1,sc01,t6748,5000.0,5000.0,5000.0,5000.0
period1,sc01,t6749,5000.0,5000.0,5000.0,5000.0
period1,sc01,t6750,5000.0,5000.0,5000.0,5000.0
period1,sc01,t6751,5000.0,5000.0,5000.0,5000.0
period1,sc01,t6752,5000.0,5000.0,5000.0,5000.0
period1,sc01,t6753,5000.0,5000.0,5000.0,5000.0
period1,sc01,t6754,5000.0,5000.0,5000.0,5000.0
period1,sc01,t6755,5000.0,5000.0,5000.0,5000.0
period1,sc01,t6756,5000.0,5000.0,5000.0,5000.0
period1,sc01,t6757,5000.0,5000.0,5000.0,5000.0
period1,sc01,t6758,5000.0,5000.0,5000.0,5000.0
period1,sc01,t6759,5000.0,5000.0,5000.0,5000.0
period1,sc01,t6760,5000.0,5000.0,5000.0,5000.0
period1,sc01,t6761,5000.0,5000.0,5000.0,5000.0
period1,sc01,t6762,5000.0,5000.0,5000.0,5000.0
period1,sc01,t6763,5000.0,5000.0,5000.0,5000.0
period1,sc01,t6764,5000.0,5000.0,5000.0,5000.0
period1,sc01,t6765,5000.0,5000.0,5000.0,5000.0
period1,sc01,t6766,5000.0,5000.0,5000.0,5000.0
period1,sc01,t6767,5000.0,5000.0,5000.0,5000.0
period1,sc01,t6768,5000.0,5000.0,5000.0,5000.0
period1,sc01,t6769,5000.0,5000.0,5000.0,5000.0
period1,sc01,t6770,5000.0,5000.0,5000.0,5000.0
period1,sc01,t6771,5000.0,5000.0,5000.0,5000.0
period1,sc01,t6772,5000.0,5000.0,5000.0,5000.0
period1,sc01,t6773,5000.0,5000.0,5000.0,5000.0
period1,sc01,t6774,5000.0,5000.0,5000.0,5000.0
period1,sc01,t6775,5000.0,5000.0,5000.0,5000.0
period1,sc01,t6776,5000.0,5000.0,5000.0,5000.0
period1,sc01,t6777,5000.0,5000.0,5000.0,5000.0
period1,sc01,t6778,5000.0,5000.0,5000.0,5000.0
period1,sc01,t6779,5000.0,5000.0,5000.0,5000.0
period1,sc01,t6780,5000.0,5000.0,5000.0,5000.0
period1,sc01,t6781,5000.0,5000.0,5000.0,5000.0
period1,sc01,t6782,5000.0,5000.0,5000.0,5000.0
period1,sc01,t6783,5000.0,5000.0,5000.0,5000.0
period1,sc01,t6784,5000.0,5000.0,5000.0,5000.0
period1,sc01,t6785,5000.0,5000.0,5000.0,5000.0
period1,sc01,t6786,5000.0,5000.0,5000.0,5000.0
period1,sc01,t6787,5000.0,5000.0,5000.0,5000.0
period1,sc01,t6788,5000.0,5000.0,5000.0,5000.0
period1,sc01,t6789,5000.0,5000.0,5000.0,5000.0
period1,sc01,t6790,5000.0,5000.0,5000.0,5000.0
period1,sc01,t6791,5000.0,5000.0,5000.0,5000.0
period1,sc01,t6792,5000.0,5000.0,5000.0,5000.0
period1,sc01,t6793,5000.0,5000.0,5000.0,5000.0
period1,sc01,t6794,5000.0,5000.0,5000.0,5000.0
period1,sc01,t6795,5000.0,5000.0,5000.0,5000.0
period1,sc01,t6796,5000.0,5000.0,5000.0,5000.0
period1,sc01,t6797,5000.0,5000.0,5000.0,5000.0
period1,sc01,t6798,5000.0,5000.0,5000.0,5000.0
period1,sc01,t6799,5000.0,5000.0,5000.0,5000.0
period1,sc01,t6800,5000.0,5000.0,5000.0,5000.0
period1,sc01,t6801,5000.0,5000.0,5000.0,5000.0
period1,sc01,t6802,5000.0,5000.0,5000.0,5000.0
period1,sc01,t6803,5000.0,5000.0,5000.0,5000.0
period1,sc01,t6804,5000.0,5000.0,5000.0,5000.0
period1,sc01,t6805,5000.0,5000.0,5000.0,5000.0
period1,sc01,t6806,5000.0,5000.0,5000.0,5000.0
period1,sc01,t6807,5000.0,5000.0,5000.0,5000.0
period1,sc01,t6808,5000.0,5000.0,5000.0,5000.0
period1,sc01,t6809,5000.0,5000.0,5000.0,5000.0
period1,sc01,t6810,5000.0,5000.0,5000.0,5000.0
period1,sc01,t6811,5000.0,5000.0,5000.0,5000.0
period1,sc01,t6812,5000.0,5000.0,5000.0,5000.0
period1,sc01,t6813,5000.0,5000.0,5000.0,5000.0
period1,sc01,t6814,5000.0,5000.0,5000.0,5000.0
period1,sc01,t6815,5000.0,5000.0,5000.0,5000.0
period1,sc01,t6816,5000.0,5000.0,5000.0,5000.0
period1,sc01,t6817,5000.0,5000.0,5000.0,5000.0
period1,sc01,t6818,5000.0,5000.0,5000.0,5000.0
period1,sc01,t6819,5000.0,5000.0,5000.0,5000.0
period1,sc01,t6820,5000.0,5000.0,5000.0,5000.0
period1,sc01,t6821,5000.0,5000.0,5000.0,5000.0
period1,sc01,t6822,5000.0,5000.0,5000.0,5000.0
period1,sc01,t6823,5000.0,5000.0,5000.0,5000.0
period1,sc01,t6824,5000.0,5000.0,5000.0,5000.0
period1,sc01,t6825,5000.0,5000.0,5000.0,5000.0
period1,sc01,t6826,5000.0,5000.0,5000.0,5000.0
period1,sc01,t6827,5000.0,5000.0,5000.0,5000.0
period1,sc01,t6828,5000.0,5000.0,5000.0,5000.0
period1,sc01,t6829,5000.0,5000.0,5000.0,5000.0
period1,sc01,t6830,5000.0,5000.0,5000.0,5000.0
period1,sc01,t6831,5000.0,5000.0,5000.0,5000.0
period1,sc01,t6832,5000.0,5000.0,5000.0,5000.0
period1,sc01,t6833,5000.0,5000.0,5000.0,5000.0
period1,sc01,t6834,5000.0,5000.0,5000.0,5000.0
period1,sc01,t6835,5000.0,5000.0,5000.0,5000.0
period1,sc01,t6836,5000.0,5000.0,5000.0,5000.0
period1,sc01,t6837,5000.0,5000.0,5000.0,5000.0
period1,sc01,t6838,5000.0,5000.0,5000.0,5000.0
period1,sc01,t6839,5000.0,5000.0,5000.0,5000.0
period1,sc01,t6840,5000.0,5000.0,5000.0,5000.0
period1,sc01,t6841,5000.0,5000.0,5000.0,5000.0
period1,sc01,t6842,5000.0,5000.0,5000.0,5000.0
period1,sc01,t6843,5000.0,5000.0,5000.0,5000.0
period1,sc01,t6844,5000.0,5000.0,5000.0,5000.0
period1,sc01,t6845,5000.0,5000.0,5000.0,5000.0
period1,sc01,t6846,5000.0,5000.0,5000.0,5000.0
period1,sc01,t6847,5000.0,5000.0,5000.0,5000.0
period1,sc01,t6848,5000.0,5000.0,5000.0,5000.0
period1,sc01,t6849,5000.0,5000.0,5000.0,5000.0
period1,sc01,t6850,5000.0,5000.0,5000.0,5000.0
period1,sc01,t6851,5000.0,5000.0,5000.0,5000.0
period1,sc01,t6852,5000.0,5000.0,5000.0,5000.0
period1,sc01,t6853,5000.0,5000.0,5000.0,5000.0
period1,sc01,t6854,5000.0,5000.0,5000.0,5000.0
period1,sc01,t6855,5000.0,5000.0,5000.0,5000.0
period1,sc01,t6856,5000.0,5000.0,5000.0,5000.0
period1,sc01,t6857,5000.0,5000.0,5000.0,5000.0
period1,sc01,t6858,5000.0,5000.0,5000.0,5000.0
period1,sc01,t6859,5000.0,5000.0,5000.0,5000.0
period1,sc01,t6860,5000.0,5000.0,5000.0,5000.0
period1,sc01,t6861,5000.0,5000.0,5000.0,5000.0
period1,sc01,t6862,5000.0,5000.0,5000.0,5000.0
period1,sc01,t6863,5000.0,5000.0,5000.0,5000.0
period1,sc01,t6864,5000.0,5000.0,5000.0,5000.0
period1,sc01,t6865,5000.0,5000.0,5000.0,5000.0
period1,sc01,t6866,5000.0,5000.0,5000.0,5000.0
period1,sc01,t6867,5000.0,5000.0,5000.0,5000.0
period1,sc01,t6868,5000.0,5000.0,5000.0,5000.0
period1,sc01,t6869,5000.0,5000.0,5000.0,5000.0
period1,sc01,t6870,5000.0,5000.0,5000.0,5000.0
period1,sc01,t6871,5000.0,5000.0,5000.0,5000.0
period1,sc01,t6872,5000.0,5000.0,5000.0,5000.0
period1,sc01,t6873,5000.0,5000.0,5000.0,5000.0
period1,sc01,t6874,5000.0,5000.0,5000.0,5000.0
period1,sc01,t6875,5000.0,5000.0,5000.0,5000.0
period1,sc01,t6876,5000.0,5000.0,5000.0,5000.0
period1,sc01,t6877,5000.0,5000.0,5000.0,5000.0
period1,sc01,t6878,5000.0,5000.0,5000.0,5000.0
period1,sc01,t6879,5000.0,5000.0,5000.0,5000.0
period1,sc01,t6880,5000.0,5000.0,5000.0,5000.0
period1,sc01,t6881,5000.0,5000.0,5000.0,5000.0
period1,sc01,t6882,5000.0,5000.0,5000.0,5000.0
period1,sc01,t6883,5000.0,5000.0,5000.0,5000.0
period1,sc01,t6884,5000.0,5000.0,5000.0,5000.0
period1,sc01,t6885,5000.0,5000.0,5000.0,5000.0
period1,sc01,t6886,5000.0,5000.0,5000.0,5000.0
period1,sc01,t6887,5000.0,5000.0,5000.0,5000.0
period1,sc01,t6888,5000.0,5000.0,5000.0,5000.0
period1,sc01,t6889,5000.0,5000.0,5000.0,5000.0
period1,sc01,t6890,5000.0,5000.0,5000.0,5000.0
period1,sc01,t6891,5000.0,5000.0,5000.0,5000.0
period1,sc01,t6892,5000.0,5000.0,5000.0,5000.0
period1,sc01,t6893,5000.0,5000.0,5000.0,5000.0
period1,sc01,t6894,5000.0,5000.0,5000.0,5000.0
period1,sc01,t6895,5000.0,5000.0,5000.0,5000.0
period1,sc01,t6896,5000.0,5000.0,5000.0,5000.0
period1,sc01,t6897,5000.0,5000.0,5000.0,5000.0
period1,sc01,t6898,5000.0,5000.0,5000.0,5000.0
period1,sc01,t6899,5000.0,5000.0,5000.0,5000.0
period1,sc01,t6900,5000.0,5000.0,5000.0,5000.0
period1,sc01,t6901,5000.0,5000.0,5000.0,5000.0
period1,sc01,t6902,5000.0,5000.0,5000.0,5000.0
period1,sc01,t6903,5000.0,5000.0,5000.0,5000.0
period1,sc01,t6904,5000.0,5000.0,5000.0,5000.0
period1,sc01,t6905,5000.0,5000.0,5000.0,5000.0
period1,sc01,t6906,5000.0,5000.0,5000.0,5000.0
period1,sc01,t6907,5000.0,5000.0,5000.0,5000.0
period1,sc01,t6908,5000.0,5000.0,5000.0,5000.0
period1,sc01,t6909,5000.0,5000.0,5000.0,5000.0
period1,sc01,t6910,5000.0,5000.0,5000.0,5000.0
period1,sc01,t6911,5000.0,5000.0,5000.0,5000.0
period1,sc01,t6912,5000.0,5000.0,5000.0,5000.0
period1,sc01,t6913,5000.0,5000.0,5000.0,5000.0
period1,sc01,t6914,5000.0,5000.0,5000.0,5000.0
period1,sc01,t6915,5000.0,5000.0,5000.0,5000.0
period1,sc01,t6916,5000.0,5000.0,5000.0,5000.0
period1,sc01,t6917,5000.0,5000.0,5000.0,5000.0
period1,sc01,t6918,5000.0,5000.0,5000.0,5000.0
period1,sc01,t6919,5000.0,5000.0,5000.0,5000.0
period1,sc01,t6920,5000.0,5000.0,5000.0,5000.0
period1,sc01,t6921,5000.0,5000.0,5000.0,5000.0
period1,sc01,t6922,5000.0,5000.0,5000.0,5000.0
period1,sc01,t6923,5000.0,5000.0,5000.0,5000.0
period1,sc01,t6924,5000.0,5000.0,5000.0,5000.0
period1,sc01,t6925,5000.0,5000.0,5000.0,5000.0
period1,sc01,t6926,5000.0,5000.0,5000.0,5000.0
period1,sc01,t6927,5000.0,5000.0,5000.0,5000.0
period1,sc01,t6928,5000.0,5000.0,5000.0,5000.0
period1,sc01,t6929,5000.0,5000.0,5000.0,5000.0
period1,sc01,t6930,5000.0,5000.0,5000.0,5000.0
period1,sc01,t6931,5000.0,5000.0,5000.0,5000.0
period1,sc01,t6932,5000.0,5000.0,5000.0,5000.0
period1,sc01,t6933,5000.0,5000.0,5000.0,5000.0
period1,sc01,t6934,5000.0,5000.0,5000.0,5000.0
period1,sc01,t6935,5000.0,5000.0,5000.0,5000.0
period1,sc01,t6936,5000.0,5000.0,5000.0,5000.0
period1,sc01,t6937,5000.0,5000.0,5000.0,5000.0
period1,sc01,t6938,5000.0,5000.0,5000.0,5000.0
period1,sc01,t6939,5000.0,5000.0,5000.0,5000.0
period1,sc01,t6940,5000.0,5000.0,5000.0,5000.0
period1,sc01,t6941,5000.0,5000.0,5000.0,5000.0
period1,sc01,t6942,5000.0,5000.0,5000.0,5000.0
period1,sc01,t6943,5000.0,5000.0,5000.0,5000.0
period1,sc01,t6944,5000.0,5000.0,5000.0,5000.0
period1,sc01,t6945,5000.0,5000.0,5000.0,5000.0
period1,sc01,t6946,5000.0,5000.0,5000.0,5000.0
period1,sc01,t6947,5000.0,5000.0,5000.0,5000.0
period1,sc01,t6948,5000.0,5000.0,5000.0,5000.0
period1,sc01,t6949,5000.0,5000.0,5000.0,5000.0
period1,sc01,t6950,5000.0,5000.0,5000.0,5000.0
period1,sc01,t6951,5000.0,5000.0,5000.0,5000.0
period1,sc01,t6952,5000.0,5000.0,5000.0,5000.0
period1,sc01,t6953,5000.0,5000.0,5000.0,5000.0
period1,sc01,t6954,5000.0,5000.0,5000.0,5000.0
period1,sc01,t6955,5000.0,5000.0,5000.0,5000.0
period1,sc01,t6956,5000.0,5000.0,5000.0,5000.0
period1,sc01,t6957,5000.0,5000.0,5000.0,5000.0
period1,sc01,t6958,5000.0,5000.0,5000.0,5000.0
period1,sc01,t6959,5000.0,5000.0,5000.0,5000.0
period1,sc01,t6960,5000.0,5000.0,5000.0,5000.0
period1,sc01,t6961,5000.0,5000.0,5000.0,5000.0
period1,sc01,t6962,5000.0,5000.0,5000.0,5000.0
period1,sc01,t6963,5000.0,5000.0,5000.0,5000.0
period1,sc01,t6964,5000.0,5000.0,5000.0,5000.0
period1,sc01,t6965,5000.0,5000.0,5000.0,5000.0
period1,sc01,t6966,5000.0,5000.0,5000.0,5000.0
period1,sc01,t6967,5000.0,5000.0,5000.0,5000.0
period1,sc01,t6968,5000.0,5000.0,5000.0,5000.0
period1,sc01,t6969,5000.0,5000.0,5000.0,5000.0
period1,sc01,t6970,5000.0,5000.0,5000.0,5000.0
period1,sc01,t6971,5000.0,5000.0,5000.0,5000.0
period1,sc01,t6972,5000.0,5000.0,5000.0,5000.0
period1,sc01,t6973,5000.0,5000.0,5000.0,5000.0
period1,sc01,t6974,5000.0,5000.0,5000.0,5000.0
period1,sc01,t6975,5000.0,5000.0,5000.0,5000.0
period1,sc01,t6976,5000.0,5000.0,5000.0,5000.0
period1,sc01,t6977,5000.0,5000.0,5000.0,5000.0
period1,sc01,t6978,5000.0,5000.0,5000.0,5000.0
period1,sc01,t6979,5000.0,5000.0,5000.0,5000.0
period1,sc01,t6980,5000.0,5000.0,5000.0,5000.0
period1,sc01,t6981,5000.0,5000.0,5000.0,5000.0
period1,sc01,t6982,5000.0,5000.0,5000.0,5000.0
period1,sc01,t6983,5000.0,5000.0,5000.0,5000.0
period1,sc01,t6984,5000.0,5000.0,5000.0,5000.0
period1,sc01,t6985,5000.0,5000.0,5000.0,5000.0
period1,sc01,t6986,5000.0,5000.0,5000.0,5000.0
period1,sc01,t6987,5000.0,5000.0,5000.0,5000.0
period1,sc01,t6988,5000.0,5000.0,5000.0,5000.0
period1,sc01,t6989,5000.0,5000.0,5000.0,5000.0
period1,sc01,t6990,5000.0,5000.0,5000.0,5000.0
period1,sc01,t6991,5000.0,5000.0,5000.0,5000.0
period1,sc01,t6992,5000.0,5000.0,5000.0,5000.0
period1,sc01,t6993,5000.0,5000.0,5000.0,5000.0
period1,sc01,t6994,5000.0,5000.0,5000.0,5000.0
period1,sc01,t6995,5000.0,5000.0,5000.0,5000.0
period1,sc01,t6996,5000.0,5000.0,5000.0,5000.0
period1,sc01,t6997,5000.0,5000.0,5000.0,5000.0
period1,sc01,t6998,5000.0,5000.0,5000.0,5000.0
period1,sc01,t6999,5000.0,5000.0,5000.0,5000.0
period1,sc01,t7000,5000.0,5000.0,5000.0,5000.0
period1,sc01,t7001,5000.0,5000.0,5000.0,5000.0
period1,sc01,t7002,5000.0,5000.0,5000.0,5000.0
period1,sc01,t7003,5000.0,5000.0,5000.0,5000.0
period1,sc01,t7004,5000.0,5000.0,5000.0,5000.0
period1,sc01,t7005,5000.0,5000.0,5000.0,5000.0
period1,sc01,t7006,5000.0,5000.0,5000.0,5000.0
period1,sc01,t7007,5000.0,5000.0,5000.0,5000.0
period1,sc01,t7008,5000.0,5000.0,5000.0,5000.0
period1,sc01,t7009,5000.0,5000.0,5000.0,5000.0
period1,sc01,t7010,5000.0,5000.0,5000.0,5000.0
period1,sc01,t7011,5000.0,5000.0,5000.0,5000.0
period1,sc01,t7012,5000.0,5000.0,5000.0,5000.0
period1,sc01,t7013,5000.0,5000.0,5000.0,5000.0
period1,sc01,t7014,5000.0,5000.0,5000.0,5000.0
period1,sc01,t7015,5000.0,5000.0,5000.0,5000.0
period1,sc01,t7016,5000.0,5000.0,5000.0,5000.0
period1,sc01,t7017,5000.0,5000.0,5000.0,5000.0
period1,sc01,t7018,5000.0,5000.0,5000.0,5000.0
period1,sc01,t7019,5000.0,5000.0,5000.0,5000.0
period1,sc01,t7020,5000.0,5000.0,5000.0,5000.0
period1,sc01,t7021,5000.0,5000.0,5000.0,5000.0
period1,sc01,t7022,5000.0,5000.0,5000.0,5000.0
period1,sc01,t7023,5000.0,5000.0,5000.0,5000.0
period1,sc01,t7024,5000.0,5000.0,5000.0,5000.0
period1,sc01,t7025,5000.0,5000.0,5000.0,5000.0
period1,sc01,t7026,5000.0,5000.0,5000.0,5000.0
period1,sc01,t7027,5000.0,5000.0,5000.0,5000.0
period1,sc01,t7028,5000.0,5000.0,5000.0,5000.0
period1,sc01,t7029,5000.0,5000.0,5000.0,5000.0
period1,sc01,t7030,5000.0,5000.0,5000.0,5000.0
period1,sc01,t7031,5000.0,5000.0,5000.0,5000.0
period1,sc01,t7032,5000.0,5000.0,5000.0,5000.0
period1,sc01,t7033,5000.0,5000.0,5000.0,5000.0
period1,sc01,t7034,5000.0,5000.0,5000.0,5000.0
period1,sc01,t7035,5000.0,5000.0,5000.0,5000.0
period1,sc01,t7036,5000.0,5000.0,5000.0,5000.0
period1,sc01,t7037,5000.0,5000.0,5000.0,5000.0
period1,sc01,t7038,5000.0,5000.0,5000.0,5000.0
period1,sc01,t7039,5000.0,5000.0,5000.0,5000.0
period1,sc01,t7040,5000.0,5000.0,5000.0,5000.0
period1,sc01,t7041,5000.0,5000.0,5000.0,5000.0
period1,sc01,t7042,5000.0,5000.0,5000.0,5000.0
period1,sc01,t7043,5000.0,5000.0,5000.0,5000.0
period1,sc01,t7044,5000.0,5000.0,5000.0,5000.0
period1,sc01,t7045,5000.0,5000.0,5000.0,5000.0
period1,sc01,t7046,5000.0,5000.0,5000.0,5000.0
period1,sc01,t7047,5000.0,5000.0,5000.0,5000.0
period1,sc01,t7048,5000.0,5000.0,5000.0,5000.0
period1,sc01,t7049,5000.0,5000.0,5000.0,5000.0
period1,sc01,t7050,5000.0,5000.0,5000.0,5000.0
period1,sc01,t7051,5000.0,5000.0,5000.0,5000.0
period1,sc01,t7052,5000.0,5000.0,5000.0,5000.0
period1,sc01,t7053,5000.0,5000.0,5000.0,5000.0
period1,sc01,t7054,5000.0,5000.0,5000.0,5000.0
period1,sc01,t7055,5000.0,5000.0,5000.0,5000.0
period1,sc01,t7056,5000.0,5000.0,5000.0,5000.0
period1,sc01,t7057,5000.0,5000.0,5000.0,5000.0
period1,sc01,t7058,5000.0,5000.0,5000.0,5000.0
period1,sc01,t7059,5000.0,5000.0,5000.0,5000.0
period1,sc01,t7060,5000.0,5000.0,5000.0,5000.0
period1,sc01,t7061,5000.0,5000.0,5000.0,5000.0
period1,sc01,t7062,5000.0,5000.0,5000.0,5000.0
period1,sc01,t7063,5000.0,5000.0,5000.0,5000.0
period1,sc01,t7064,5000.0,5000.0,5000.0,5000.0
period1,sc01,t7065,5000.0,5000.0,5000.0,5000.0
period1,sc01,t7066,5000.0,5000.0,5000.0,5000.0
period1,sc01,t7067,5000.0,5000.0,5000.0,5000.0
period1,sc01,t7068,5000.0,5000.0,5000.0,5000.0
period1,sc01,t7069,5000.0,5000.0,5000.0,5000.0
period1,sc01,t7070,5000.0,5000.0,5000.0,5000.0
period1,sc01,t7071,5000.0,5000.0,5000.0,5000.0
period1,sc01,t7072,5000.0,5000.0,5000.0,5000.0
period1,sc01,t7073,5000.0,5000.0,5000.0,5000.0
period1,sc01,t7074,5000.0,5000.0,5000.0,5000.0
period1,sc01,t7075,5000.0,5000.0,5000.0,5000.0
period1,sc01,t7076,5000.0,5000.0,5000.0,5000.0
period1,sc01,t7077,5000.0,5000.0,5000.0,5000.0
period1,sc01,t7078,5000.0,5000.0,5000.0,5000.0
period1,sc01,t7079,5000.0,5000.0,5000.0,5000.0
period1,sc01,t7080,5000.0,5000.0,5000.0,5000.0
period1,sc01,t7081,5000.0,5000.0,5000.0,5000.0
period1,sc01,t7082,5000.0,5000.0,5000.0,5000.0
period1,sc01,t7083,5000.0,5000.0,5000.0,5000.0
period1,sc01,t7084,5000.0,5000.0,5000.0,5000.0
period1,sc01,t7085,5000.0,5000.0,5000.0,5000.0
period1,sc01,t7086,5000.0,5000.0,5000.0,5000.0
period1,sc01,t7087,5000.0,5000.0,5000.0,5000.0
period1,sc01,t7088,5000.0,5000.0,5000.0,5000.0
period1,sc01,t7089,5000.0,5000.0,5000.0,5000.0
period1,sc01,t7090,5000.0,5000.0,5000.0,5000.0
period1,sc01,t7091,5000.0,5000.0,5000.0,5000.0
period1,sc01,t7092,5000.0,5000.0,5000.0,5000.0
period1,sc01,t7093,5000.0,5000.0,5000.0,5000.0
period1,sc01,t7094,5000.0,5000.0,5000.0,5000.0
period1,sc01,t7095,5000.0,5000.0,5000.0,5000.0
period1,sc01,t7096,5000.0,5000.0,5000.0,5000.0
period1,sc01,t7097,5000.0,5000.0,5000.0,5000.0
period1,sc01,t7098,5000.0,5000.0,5000.0,5000.0
period1,sc01,t7099,5000.0,5000.0,5000.0,5000.0
period1,sc01,t7100,5000.0,5000.0,5000.0,5000.0
period1,sc01,t7101,5000.0,5000.0,5000.0,5000.0
period1,sc01,t7102,5000.0,5000.0,5000.0,5000.0
period1,sc01,t7103,5000.0,5000.0,5000.0,5000.0
period1,sc01,t7104,5000.0,5000.0,5000.0,5000.0
period1,sc01,t7105,5000.0,5000.0,5000.0,5000.0
period1,sc01,t7106,5000.0,5000.0,5000.0,5000.0
period1,sc01,t7107,5000.0,5000.0,5000.0,5000.0
period1,sc01,t7108,5000.0,5000.0,5000.0,5000.0
period1,sc01,t7109,5000.0,5000.0,5000.0,5000.0
period1,sc01,t7110,5000.0,5000.0,5000.0,5000.0
period1,sc01,t7111,5000.0,5000.0,5000.0,5000.0
period1,sc01,t7112,5000.0,5000.0,5000.0,5000.0
period1,sc01,t7113,5000.0,5000.0,5000.0,5000.0
period1,sc01,t7114,5000.0,5000.0,5000.0,5000.0
period1,sc01,t7115,5000.0,5000.0,5000.0,5000.0
period1,sc01,t7116,5000.0,5000.0,5000.0,5000.0
period1,sc01,t7117,5000.0,5000.0,5000.0,5000.0
period1,sc01,t7118,5000.0,5000.0,5000.0,5000.0
period1,sc01,t7119,5000.0,5000.0,5000.0,5000.0
period1,sc01,t7120,5000.0,5000.0,5000.0,5000.0
period1,sc01,t7121,5000.0,5000.0,5000.0,5000.0
period1,sc01,t7122,5000.0,5000.0,5000.0,5000.0
period1,sc01,t7123,5000.0,5000.0,5000.0,5000.0
period1,sc01,t7124,5000.0,5000.0,5000.0,5000.0
period1,sc01,t7125,5000.0,5000.0,5000.0,5000.0
period1,sc01,t7126,5000.0,5000.0,5000.0,5000.0
period1,sc01,t7127,5000.0,5000.0,5000.0,5000.0
period1,sc01,t7128,5000.0,5000.0,5000.0,5000.0
period1,sc01,t7129,5000.0,5000.0,5000.0,5000.0
period1,sc01,t7130,5000.0,5000.0,5000.0,5000.0
period1,sc01,t7131,5000.0,5000.0,5000.0,5000.0
period1,sc01,t7132,5000.0,5000.0,5000.0,5000.0
period1,sc01,t7133,5000.0,5000.0,5000.0,5000.0
period1,sc01,t7134,5000.0,5000.0,5000.0,5000.0
period1,sc01,t7135,5000.0,5000.0,5000.0,5000.0
period1,sc01,t7136,5000.0,5000.0,5000.0,5000.0
period1,sc01,t7137,5000.0,5000.0,5000.0,5000.0
period1,sc01,t7138,5000.0,5000.0,5000.0,5000.0
period1,sc01,t7139,5000.0,5000.0,5000.0,5000.0
period1,sc01,t7140,5000.0,5000.0,5000.0,5000.0
period1,sc01,t7141,5000.0,5000.0,5000.0,5000.0
period1,sc01,t7142,5000.0,5000.0,5000.0,5000.0
period1,sc01,t7143,5000.0,5000.0,5000.0,5000.0
period1,sc01,t7144,5000.0,5000.0,5000.0,5000.0
period1,sc01,t7145,5000.0,5000.0,5000.0,5000.0
period1,sc01,t7146,5000.0,5000.0,5000.0,5000.0
period1,sc01,t7147,5000.0,5000.0,5000.0,5000.0
period1,sc01,t7148,5000.0,5000.0,5000.0,5000.0
period1,sc01,t7149,5000.0,5000.0,5000.0,5000.0
period1,sc01,t7150,5000.0,5000.0,5000.0,5000.0
period1,sc01,t7151,5000.0,5000.0,5000.0,5000.0
period1,sc01,t7152,5000.0,5000.0,5000.0,5000.0
period1,sc01,t7153,5000.0,5000.0,5000.0,5000.0
period1,sc01,t7154,5000.0,5000.0,5000.0,5000.0
period1,sc01,t7155,5000.0,5000.0,5000.0,5000.0
period1,sc01,t7156,5000.0,5000.0,5000.0,5000.0
period1,sc01,t7157,5000.0,5000.0,5000.0,5000.0
period1,sc01,t7158,5000.0,5000.0,5000.0,5000.0
period1,sc01,t7159,5000.0,5000.0,5000.0,5000.0
period1,sc01,t7160,5000.0,5000.0,5000.0,5000.0
period1,sc01,t7161,5000.0,5000.0,5000.0,5000.0
period1,sc01,t7162,5000.0,5000.0,5000.0,5000.0
period1,sc01,t7163,5000.0,5000.0,5000.0,5000.0
period1,sc01,t7164,5000.0,5000.0,5000.0,5000.0
period1,sc01,t7165,5000.0,5000.0,5000.0,5000.0
period1,sc01,t7166,5000.0,5000.0,5000.0,5000.0
period1,sc01,t7167,5000.0,5000.0,5000.0,5000.0
period1,sc01,t7168,5000.0,5000.0,5000.0,5000.0
period1,sc01,t7169,5000.0,5000.0,5000.0,5000.0
period1,sc01,t7170,5000.0,5000.0,5000.0,5000.0
period1,sc01,t7171,5000.0,5000.0,5000.0,5000.0
period1,sc01,t7172,5000.0,5000.0,5000.0,5000.0
period1,sc01,t7173,5000.0,5000.0,5000.0,5000.0
period1,sc01,t7174,5000.0,5000.0,5000.0,5000.0
period1,sc01,t7175,5000.0,5000.0,5000.0,5000.0
period1,sc01,t7176,5000.0,5000.0,5000.0,5000.0
period1,sc01,t7177,5000.0,5000.0,5000.0,5000.0
period1,sc01,t7178,5000.0,5000.0,5000.0,5000.0
period1,sc01,t7179,5000.0,5000.0,5000.0,5000.0
period1,sc01,t7180,5000.0,5000.0,5000.0,5000.0
period1,sc01,t7181,5000.0,5000.0,5000.0,5000.0
period1,sc01,t7182,5000.0,5000.0,5000.0,5000.0
period1,sc01,t7183,5000.0,5000.0,5000.0,5000.0
period1,sc01,t7184,5000.0,5000.0,5000.0,5000.0
period1,sc01,t7185,5000.0,5000.0,5000.0,5000.0
period1,sc01,t7186,5000.0,5000.0,5000.0,5000.0
period1,sc01,t7187,5000.0,5000.0,5000.0,5000.0
period1,sc01,t7188,5000.0,5000.0,5000.0,5000.0
period1,sc01,t7189,5000.0,5000.0,5000.0,5000.0
period1,sc01,t7190,5000.0,5000.0,5000.0,5000.0
period1,sc01,t7191,5000.0,5000.0,5000.0,5000.0
period1,sc01,t7192,5000.0,5000.0,5000.0,5000.0
period1,sc01,t7193,5000.0,5000.0,5000.0,5000.0
period1,sc01,t7194,5000.0,5000.0,5000.0,5000.0
period1,sc01,t7195,5000.0,5000.0,5000.0,5000.0
period1,sc01,t7196,5000.0,5000.0,5000.0,5000.0
period1,sc01,t7197,5000.0,5000.0,5000.0,5000.0
period1,sc01,t7198,5000.0,5000.0,5000.0,5000.0
period1,sc01,t7199,5000.0,5000.0,5000.0,5000.0
period1,sc01,t7200,5000.0,5000.0,5000.0,5000.0
period1,sc01,t7201,5000.0,5000.0,5000.0,5000.0
period1,sc01,t7202,5000.0,5000.0,5000.0,5000.0
period1,sc01,t7203,5000.0,5000.0,5000.0,5000.0
period1,sc01,t7204,5000.0,5000.0,5000.0,5000.0
period1,sc01,t7205,5000.0,5000.0,5000.0,5000.0
period1,sc01,t7206,5000.0,5000.0,5000.0,5000.0
period1,sc01,t7207,5000.0,5000.0,5000.0,5000.0
period1,sc01,t7208,5000.0,5000.0,5000.0,5000.0
period1,sc01,t7209,5000.0,5000.0,5000.0,5000.0
period1,sc01,t7210,5000.0,5000.0,5000.0,5000.0
period1,sc01,t7211,5000.0,5000.0,5000.0,5000.0
period1,sc01,t7212,5000.0,5000.0,5000.0,5000.0
period1,sc01,t7213,5000.0,5000.0,5000.0,5000.0
period1,sc01,t7214,5000.0,5000.0,5000.0,5000.0
period1,sc01,t7215,5000.0,5000.0,5000.0,5000.0
period1,sc01,t7216,5000.0,5000.0,5000.0,5000.0
period1,sc01,t7217,5000.0,5000.0,5000.0,5000.0
period1,sc01,t7218,5000.0,5000.0,5000.0,5000.0
period1,sc01,t7219,5000.0,5000.0,5000.0,5000.0
period1,sc01,t7220,5000.0,5000.0,5000.0,5000.0
period1,sc01,t7221,5000.0,5000.0,5000.0,5000.0
period1,sc01,t7222,5000.0,5000.0,5000.0,5000.0
period1,sc01,t7223,5000.0,5000.0,5000.0,5000.0
period1,sc01,t7224,5000.0,5000.0,5000.0,5000.0
period1,sc01,t7225,5000.0,5000.0,5000.0,5000.0
period1,sc01,t7226,5000.0,5000.0,5000.0,5000.0
period1,sc01,t7227,5000.0,5000.0,5000.0,5000.0
period1,sc01,t7228,5000.0,5000.0,5000.0,5000.0
period1,sc01,t7229,5000.0,5000.0,5000.0,5000.0
period1,sc01,t7230,5000.0,5000.0,5000.0,5000.0
period1,sc01,t7231,5000.0,5000.0,5000.0,5000.0
period1,sc01,t7232,5000.0,5000.0,5000.0,5000.0
period1,sc01,t7233,5000.0,5000.0,5000.0,5000.0
period1,sc01,t7234,5000.0,5000.0,5000.0,5000.0
period1,sc01,t7235,5000.0,5000.0,5000.0,5000.0
period1,sc01,t7236,5000.0,5000.0,5000.0,5000.0
period1,sc01,t7237,5000.0,5000.0,5000.0,5000.0
period1,sc01,t7238,5000.0,5000.0,5000.0,5000.0
period1,sc01,t7239,5000.0,5000.0,5000.0,5000.0
period1,sc01,t7240,5000.0,5000.0,5000.0,5000.0
period1,sc01,t7241,5000.0,5000.0,5000.0,5000.0
period1,sc01,t7242,5000.0,5000.0,5000.0,5000.0
period1,sc01,t7243,5000.0,5000.0,5000.0,5000.0
period1,sc01,t7244,5000.0,5000.0,5000.0,5000.0
period1,sc01,t7245,5000.0,5000.0,5000.0,5000.0
period1,sc01,t7246,5000.0,5000.0,5000.0,5000.0
period1,sc01,t7247,5000.0,5000.0,5000.0,5000.0
period1,sc01,t7248,5000.0,5000.0,5000.0,5000.0
period1,sc01,t7249,5000.0,5000.0,5000.0,5000.0
period1,sc01,t7250,5000.0,5000.0,5000.0,5000.0
period1,sc01,t7251,5000.0,5000.0,5000.0,5000.0
period1,sc01,t7252,5000.0,5000.0,5000.0,5000.0
period1,sc01,t7253,5000.0,5000.0,5000.0,5000.0
period1,sc01,t7254,5000.0,5000.0,5000.0,5000.0
period1,sc01,t7255,5000.0,5000.0,5000.0,5000.0
period1,sc01,t7256,5000.0,5000.0,5000.0,5000.0
period1,sc01,t7257,5000.0,5000.0,5000.0,5000.0
period1,sc01,t7258,5000.0,5000.0,5000.0,5000.0
period1,sc01,t7259,5000.0,5000.0,5000.0,5000.0
period1,sc01,t7260,5000.0,5000.0,5000.0,5000.0
period1,sc01,t7261,5000.0,5000.0,5000.0,5000.0
period1,sc01,t7262,5000.0,5000.0,5000.0,5000.0
period1,sc01,t7263,5000.0,5000.0,5000.0,5000.0
period1,sc01,t7264,5000.0,5000.0,5000.0,5000.0
period1,sc01,t7265,5000.0,5000.0,5000.0,5000.0
period1,sc01,t7266,5000.0,5000.0,5000.0,5000.0
period1,sc01,t7267,5000.0,5000.0,5000.0,5000.0
period1,sc01,t7268,5000.0,5000.0,5000.0,5000.0
period1,sc01,t7269,5000.0,5000.0,5000.0,5000.0
period1,sc01,t7270,5000.0,5000.0,5000.0,5000.0
period1,sc01,t7271,5000.0,5000.0,5000.0,5000.0
period1,sc01,t7272,5000.0,5000.0,5000.0,5000.0
period1,sc01,t7273,5000.0,5000.0,5000.0,5000.0
period1,sc01,t7274,5000.0,5000.0,5000.0,5000.0
period1,sc01,t7275,5000.0,5000.0,5000.0,5000.0
period1,sc01,t7276,5000.0,5000.0,5000.0,5000.0
period1,sc01,t7277,5000.0,5000.0,5000.0,5000.0
period1,sc01,t7278,5000.0,5000.0,5000.0,5000.0
period1,sc01,t7279,5000.0,5000.0,5000.0,5000.0
period1,sc01,t7280,5000.0,5000.0,5000.0,5000.0
period1,sc01,t7281,5000.0,5000.0,5000.0,5000.0
period1,sc01,t7282,5000.0,5000.0,5000.0,5000.0
period1,sc01,t7283,5000.0,5000.0,5000.0,5000.0
period1,sc01,t7284,5000.0,5000.0,5000.0,5000.0
period1,sc01,t7285,5000.0,5000.0,5000.0,5000.0
period1,sc01,t7286,5000.0,5000.0,5000.0,5000.0
period1,sc01,t7287,5000.0,5000.0,5000.0,5000.0
period1,sc01,t7288,5000.0,5000.0,5000.0,5000.0
period1,sc01,t7289,5000.0,5000.0,5000.0,5000.0
period1,sc01,t7290,5000.0,5000.0,5000.0,5000.0
period1,sc01,t7291,5000.0,5000.0,5000.0,5000.0
period1,sc01,t7292,5000.0,5000.0,5000.0,5000.0
period1,sc01,t7293,5000.0,5000.0,5000.0,5000.0
period1,sc01,t7294,5000.0,5000.0,5000.0,5000.0
period1,sc01,t7295,5000.0,5000.0,5000.0,5000.0
period1,sc01,t7296,5000.0,5000.0,5000.0,5000.0
period1,sc01,t7297,5000.0,5000.0,5000.0,5000.0
period1,sc01,t7298,5000.0,5000.0,5000.0,5000.0
period1,sc01,t7299,5000.0,5000.0,5000.0,5000.0
period1,sc01,t7300,5000.0,5000.0,5000.0,5000.0
period1,sc01,t7301,5000.0,5000.0,5000.0,5000.0
period1,sc01,t7302,5000.0,5000.0,5000.0,5000.0
period1,sc01,t7303,5000.0,5000.0,5000.0,5000.0
period1,sc01,t7304,5000.0,5000.0,5000.0,5000.0
period1,sc01,t7305,5000.0,5000.0,5000.0,5000.0
period1,sc01,t7306,5000.0,5000.0,5000.0,5000.0
period1,sc01,t7307,5000.0,5000.0,5000.0,5000.0
period1,sc01,t7308,5000.0,5000.0,5000.0,5000.0
period1,sc01,t7309,5000.0,5000.0,5000.0,5000.0
period1,sc01,t7310,5000.0,5000.0,5000.0,5000.0
period1,sc01,t7311,5000.0,5000.0,5000.0,5000.0
period1,sc01,t7312,5000.0,5000.0,5000.0,5000.0
period1,sc01,t7313,5000.0,5000.0,5000.0,5000.0
period1,sc01,t7314,5000.0,5000.0,5000.0,5000.0
period1,sc01,t7315,5000.0,5000.0,5000.0,5000.0
period1,sc01,t7316,5000.0,5000.0,5000.0,5000.0
period1,sc01,t7317,5000.0,5000.0,5000.0,5000.0
period1,sc01,t7318,5000.0,5000.0,5000.0,5000.0
period1,sc01,t7319,5000.0,5000.0,5000.0,5000.0
period1,sc01,t7320,5000.0,5000.0,5000.0,5000.0
period1,sc01,t7321,5000.0,5000.0,5000.0,5000.0
period1,sc01,t7322,5000.0,5000.0,5000.0,5000.0
period1,sc01,t7323,5000.0,5000.0,5000.0,5000.0
period1,sc01,t7324,5000.0,5000.0,5000.0,5000.0
period1,sc01,t7325,5000.0,5000.0,5000.0,5000.0
period1,sc01,t7326,5000.0,5000.0,5000.0,5000.0
period1,sc01,t7327,5000.0,5000.0,5000.0,5000.0
period1,sc01,t7328,5000.0,5000.0,5000.0,5000.0
period1,sc01,t7329,5000.0,5000.0,5000.0,5000.0
period1,sc01,t7330,5000.0,5000.0,5000.0,5000.0
period1,sc01,t7331,5000.0,5000.0,5000.0,5000.0
period1,sc01,t7332,5000.0,5000.0,5000.0,5000.0
period1,sc01,t7333,5000.0,5000.0,5000.0,5000.0
period1,sc01,t7334,5000.0,5000.0,5000.0,5000.0
period1,sc01,t7335,5000.0,5000.0,5000.0,5000.0
period1,sc01,t7336,5000.0,5000.0,5000.0,5000.0
period1,sc01,t7337,5000.0,5000.0,5000.0,5000.0
period1,sc01,t7338,5000.0,5000.0,5000.0,5000.0
period1,sc01,t7339,5000.0,5000.0,5000.0,5000.0
period1,sc01,t7340,5000.0,5000.0,5000.0,5000.0
period1,sc01,t7341,5000.0,5000.0,5000.0,5000.0
period1,sc01,t7342,5000.0,5000.0,5000.0,5000.0
period1,sc01,t7343,5000.0,5000.0,5000.0,5000.0
period1,sc01,t7344,5000.0,5000.0,5000.0,5000.0
period1,sc01,t7345,5000.0,5000.0,5000.0,5000.0
period1,sc01,t7346,5000.0,5000.0,5000.0,5000.0
period1,sc01,t7347,5000.0,5000.0,5000.0,5000.0
period1,sc01,t7348,5000.0,5000.0,5000.0,5000.0
period1,sc01,t7349,5000.0,5000.0,5000.0,5000.0
period1,sc01,t7350,5000.0,5000.0,5000.0,5000.0
period1,sc01,t7351,5000.0,5000.0,5000.0,5000.0
period1,sc01,t7352,5000.0,5000.0,5000.0,5000.0
period1,sc01,t7353,5000.0,5000.0,5000.0,5000.0
period1,sc01,t7354,5000.0,5000.0,5000.0,5000.0
period1,sc01,t7355,5000.0,5000.0,5000.0,5000.0
period1,sc01,t7356,5000.0,5000.0,5000.0,5000.0
period1,sc01,t7357,5000.0,5000.0,5000.0,5000.0
period1,sc01,t7358,5000.0,5000.0,5000.0,5000.0
period1,sc01,t7359,5000.0,5000.0,5000.0,5000.0
period1,sc01,t7360,5000.0,5000.0,5000.0,5000.0
period1,sc01,t7361,5000.0,5000.0,5000.0,5000.0
period1,sc01,t7362,5000.0,5000.0,5000.0,5000.0
period1,sc01,t7363,5000.0,5000.0,5000.0,5000.0
period1,sc01,t7364,5000.0,5000.0,5000.0,5000.0
period1,sc01,t7365,5000.0,5000.0,5000.0,5000.0
period1,sc01,t7366,5000.0,5000.0,5000.0,5000.0
period1,sc01,t7367,5000.0,5000.0,5000.0,5000.0
period1,sc01,t7368,5000.0,5000.0,5000.0,5000.0
period1,sc01,t7369,5000.0,5000.0,5000.0,5000.0
period1,sc01,t7370,5000.0,5000.0,5000.0,5000.0
period1,sc01,t7371,5000.0,5000.0,5000.0,5000.0
period1,sc01,t7372,5000.0,5000.0,5000.0,5000.0
period1,sc01,t7373,5000.0,5000.0,5000.0,5000.0
period1,sc01,t7374,5000.0,5000.0,5000.0,5000.0
period1,sc01,t7375,5000.0,5000.0,5000.0,5000.0
period1,sc01,t7376,5000.0,5000.0,5000.0,5000.0
period1,sc01,t7377,5000.0,5000.0,5000.0,5000.0
period1,sc01,t7378,5000.0,5000.0,5000.0,5000.0
period1,sc01,t7379,5000.0,5000.0,5000.0,5000.0
period1,sc01,t7380,5000.0,5000.0,5000.0,5000.0
period1,sc01,t7381,5000.0,5000.0,5000.0,5000.0
period1,sc01,t7382,5000.0,5000.0,5000.0,5000.0
period1,sc01,t7383,5000.0,5000.0,5000.0,5000.0
period1,sc01,t7384,5000.0,5000.0,5000.0,5000.0
period1,sc01,t7385,5000.0,5000.0,5000.0,5000.0
period1,sc01,t7386,5000.0,5000.0,5000.0,5000.0
period1,sc01,t7387,5000.0,5000.0,5000.0,5000.0
period1,sc01,t7388,5000.0,5000.0,5000.0,5000.0
period1,sc01,t7389,5000.0,5000.0,5000.0,5000.0
period1,sc01,t7390,5000.0,5000.0,5000.0,5000.0
period1,sc01,t7391,5000.0,5000.0,5000.0,5000.0
period1,sc01,t7392,5000.0,5000.0,5000.0,5000.0
period1,sc01,t7393,5000.0,5000.0,5000.0,5000.0
period1,sc01,t7394,5000.0,5000.0,5000.0,5000.0
period1,sc01,t7395,5000.0,5000.0,5000.0,5000.0
period1,sc01,t7396,5000.0,5000.0,5000.0,5000.0
period1,sc01,t7397,5000.0,5000.0,5000.0,5000.0
period1,sc01,t7398,5000.0,5000.0,5000.0,5000.0
period1,sc01,t7399,5000.0,5000.0,5000.0,5000.0
period1,sc01,t7400,5000.0,5000.0,5000.0,5000.0
period1,sc01,t7401,5000.0,5000.0,5000.0,5000.0
period1,sc01,t7402,5000.0,5000.0,5000.0,5000.0
period1,sc01,t7403,5000.0,5000.0,5000.0,5000.0
period1,sc01,t7404,5000.0,5000.0,5000.0,5000.0
period1,sc01,t7405,5000.0,5000.0,5000.0,5000.0
period1,sc01,t7406,5000.0,5000.0,5000.0,5000.0
period1,sc01,t7407,5000.0,5000.0,5000.0,5000.0
period1,sc01,t7408,5000.0,5000.0,5000.0,5000.0
period1,sc01,t7409,5000.0,5000.0,5000.0,5000.0
period1,sc01,t7410,5000.0,5000.0,5000.0,5000.0
period1,sc01,t7411,5000.0,5000.0,5000.0,5000.0
period1,sc01,t7412,5000.0,5000.0,5000.0,5000.0
period1,sc01,t7413,5000.0,5000.0,5000.0,5000.0
period1,sc01,t7414,5000.0,5000.0,5000.0,5000.0
period1,sc01,t7415,5000.0,5000.0,5000.0,5000.0
period1,sc01,t7416,5000.0,5000.0,5000.0,5000.0
period1,sc01,t7417,5000.0,5000.0,5000.0,5000.0
period1,sc01,t7418,5000.0,5000.0,5000.0,5000.0
period1,sc01,t7419,5000.0,5000.0,5000.0,5000.0
period1,sc01,t7420,5000.0,5000.0,5000.0,5000.0
period1,sc01,t7421,5000.0,5000.0,5000.0,5000.0
period1,sc01,t7422,5000.0,5000.0,5000.0,5000.0
period1,sc01,t7423,5000.0,5000.0,5000.0,5000.0
period1,sc01,t7424,5000.0,5000.0,5000.0,5000.0
period1,sc01,t7425,5000.0,5000.0,5000.0,5000.0
period1,sc01,t7426,5000.0,5000.0,5000.0,5000.0
period1,sc01,t7427,5000.0,5000.0,5000.0,5000.0
period1,sc01,t7428,5000.0,5000.0,5000.0,5000.0
period1,sc01,t7429,5000.0,5000.0,5000.0,5000.0
period1,sc01,t7430,5000.0,5000.0,5000.0,5000.0
period1,sc01,t7431,5000.0,5000.0,5000.0,5000.0
period1,sc01,t7432,5000.0,5000.0,5000.0,5000.0
period1,sc01,t7433,5000.0,5000.0,5000.0,5000.0
period1,sc01,t7434,5000.0,5000.0,5000.0,5000.0
period1,sc01,t7435,5000.0,5000.0,5000.0,5000.0
period1,sc01,t7436,5000.0,5000.0,5000.0,5000.0
period1,sc01,t7437,5000.0,5000.0,5000.0,5000.0
period1,sc01,t7438,5000.0,5000.0,5000.0,5000.0
period1,sc01,t7439,5000.0,5000.0,5000.0,5000.0
period1,sc01,t7440,5000.0,5000.0,5000.0,5000.0
period1,sc01,t7441,5000.0,5000.0,5000.0,5000.0
period1,sc01,t7442,5000.0,5000.0,5000.0,5000.0
period1,sc01,t7443,5000.0,5000.0,5000.0,5000.0
period1,sc01,t7444,5000.0,5000.0,5000.0,5000.0
period1,sc01,t7445,5000.0,5000.0,5000.0,5000.0
period1,sc01,t7446,5000.0,5000.0,5000.0,5000.0
period1,sc01,t7447,5000.0,5000.0,5000.0,5000.0
period1,sc01,t7448,5000.0,5000.0,5000.0,5000.0
period1,sc01,t7449,5000.0,5000.0,5000.0,5000.0
period1,sc01,t7450,5000.0,5000.0,5000.0,5000.0
period1,sc01,t7451,5000.0,5000.0,5000.0,5000.0
period1,sc01,t7452,5000.0,5000.0,5000.0,5000.0
period1,sc01,t7453,5000.0,5000.0,5000.0,5000.0
period1,sc01,t7454,5000.0,5000.0,5000.0,5000.0
period1,sc01,t7455,5000.0,5000.0,5000.0,5000.0
period1,sc01,t7456,5000.0,5000.0,5000.0,5000.0
period1,sc01,t7457,5000.0,5000.0,5000.0,5000.0
period1,sc01,t7458,5000.0,5000.0,5000.0,5000.0
period1,sc01,t7459,5000.0,5000.0,5000.0,5000.0
period1,sc01,t7460,5000.0,5000.0,5000.0,5000.0
period1,sc01,t7461,5000.0,5000.0,5000.0,5000.0
period1,sc01,t7462,5000.0,5000.0,5000.0,5000.0
period1,sc01,t7463,5000.0,5000.0,5000.0,5000.0
period1,sc01,t7464,5000.0,5000.0,5000.0,5000.0
period1,sc01,t7465,5000.0,5000.0,5000.0,5000.0
period1,sc01,t7466,5000.0,5000.0,5000.0,5000.0
period1,sc01,t7467,5000.0,5000.0,5000.0,5000.0
period1,sc01,t7468,5000.0,5000.0,5000.0,5000.0
period1,sc01,t7469,5000.0,5000.0,5000.0,5000.0
period1,sc01,t7470,5000.0,5000.0,5000.0,5000.0
period1,sc01,t7471,5000.0,5000.0,5000.0,5000.0
period1,sc01,t7472,5000.0,5000.0,5000.0,5000.0
period1,sc01,t7473,5000.0,5000.0,5000.0,5000.0
period1,sc01,t7474,5000.0,5000.0,5000.0,5000.0
period1,sc01,t7475,5000.0,5000.0,5000.0,5000.0
period1,sc01,t7476,5000.0,5000.0,5000.0,5000.0
period1,sc01,t7477,5000.0,5000.0,5000.0,5000.0
period1,sc01,t7478,5000.0,5000.0,5000.0,5000.0
period1,sc01,t7479,5000.0,5000.0,5000.0,5000.0
period1,sc01,t7480,5000.0,5000.0,5000.0,5000.0
period1,sc01,t7481,5000.0,5000.0,5000.0,5000.0
period1,sc01,t7482,5000.0,5000.0,5000.0,5000.0
period1,sc01,t7483,5000.0,5000.0,5000.0,5000.0
period1,sc01,t7484,5000.0,5000.0,5000.0,5000.0
period1,sc01,t7485,5000.0,5000.0,5000.0,5000.0
period1,sc01,t7486,5000.0,5000.0,5000.0,5000.0
period1,sc01,t7487,5000.0,5000.0,5000.0,5000.0
period1,sc01,t7488,5000.0,5000.0,5000.0,5000.0
period1,sc01,t7489,5000.0,5000.0,5000.0,5000.0
period1,sc01,t7490,5000.0,5000.0,5000.0,5000.0
period1,sc01,t7491,5000.0,5000.0,5000.0,5000.0
period1,sc01,t7492,5000.0,5000.0,5000.0,5000.0
period1,sc01,t7493,5000.0,5000.0,5000.0,5000.0
period1,sc01,t7494,5000.0,5000.0,5000.0,5000.0
period1,sc01,t7495,5000.0,5000.0,5000.0,5000.0
period1,sc01,t7496,5000.0,5000.0,5000.0,5000.0
period1,sc01,t7497,5000.0,5000.0,5000.0,5000.0
period1,sc01,t7498,5000.0,5000.0,5000.0,5000.0
period1,sc01,t7499,5000.0,5000.0,5000.0,5000.0
period1,sc01,t7500,5000.0,5000.0,5000.0,5000.0
period1,sc01,t7501,5000.0,5000.0,5000.0,5000.0
period1,sc01,t7502,5000.0,5000.0,5000.0,5000.0
period1,sc01,t7503,5000.0,5000.0,5000.0,5000.0
period1,sc01,t7504,5000.0,5000.0,5000.0,5000.0
period1,sc01,t7505,5000.0,5000.0,5000.0,5000.0
period1,sc01,t7506,5000.0,5000.0,5000.0,5000.0
period1,sc01,t7507,5000.0,5000.0,5000.0,5000.0
period1,sc01,t7508,5000.0,5000.0,5000.0,5000.0
period1,sc01,t7509,5000.0,5000.0,5000.0,5000.0
period1,sc01,t7510,5000.0,5000.0,5000.0,5000.0
period1,sc01,t7511,5000.0,5000.0,5000.0,5000.0
period1,sc01,t7512,5000.0,5000.0,5000.0,5000.0
period1,sc01,t7513,5000.0,5000.0,5000.0,5000.0
period1,sc01,t7514,5000.0,5000.0,5000.0,5000.0
period1,sc01,t7515,5000.0,5000.0,5000.0,5000.0
period1,sc01,t7516,5000.0,5000.0,5000.0,5000.0
period1,sc01,t7517,5000.0,5000.0,5000.0,5000.0
period1,sc01,t7518,5000.0,5000.0,5000.0,5000.0
period1,sc01,t7519,5000.0,5000.0,5000.0,5000.0
period1,sc01,t7520,5000.0,5000.0,5000.0,5000.0
period1,sc01,t7521,5000.0,5000.0,5000.0,5000.0
period1,sc01,t7522,5000.0,5000.0,5000.0,5000.0
period1,sc01,t7523,5000.0,5000.0,5000.0,5000.0
period1,sc01,t7524,5000.0,5000.0,5000.0,5000.0
period1,sc01,t7525,5000.0,5000.0,5000.0,5000.0
period1,sc01,t7526,5000.0,5000.0,5000.0,5000.0
period1,sc01,t7527,5000.0,5000.0,5000.0,5000.0
period1,sc01,t7528,5000.0,5000.0,5000.0,5000.0
period1,sc01,t7529,5000.0,5000.0,5000.0,5000.0
period1,sc01,t7530,5000.0,5000.0,5000.0,5000.0
period1,sc01,t7531,5000.0,5000.0,5000.0,5000.0
period1,sc01,t7532,5000.0,5000.0,5000.0,5000.0
period1,sc01,t7533,5000.0,5000.0,5000.0,5000.0
period1,sc01,t7534,5000.0,5000.0,5000.0,5000.0
period1,sc01,t7535,5000.0,5000.0,5000.0,5000.0
period1,sc01,t7536,5000.0,5000.0,5000.0,5000.0
period1,sc01,t7537,5000.0,5000.0,5000.0,5000.0
period1,sc01,t7538,5000.0,5000.0,5000.0,5000.0
period1,sc01,t7539,5000.0,5000.0,5000.0,5000.0
period1,sc01,t7540,5000.0,5000.0,5000.0,5000.0
period1,sc01,t7541,5000.0,5000.0,5000.0,5000.0
period1,sc01,t7542,5000.0,5000.0,5000.0,5000.0
period1,sc01,t7543,5000.0,5000.0,5000.0,5000.0
period1,sc01,t7544,5000.0,5000.0,5000.0,5000.0
period1,sc01,t7545,5000.0,5000.0,5000.0,5000.0
period1,sc01,t7546,5000.0,5000.0,5000.0,5000.0
period1,sc01,t7547,5000.0,5000.0,5000.0,5000.0
period1,sc01,t7548,5000.0,5000.0,5000.0,5000.0
period1,sc01,t7549,5000.0,5000.0,5000.0,5000.0
period1,sc01,t7550,5000.0,5000.0,5000.0,5000.0
period1,sc01,t7551,5000.0,5000.0,5000.0,5000.0
period1,sc01,t7552,5000.0,5000.0,5000.0,5000.0
period1,sc01,t7553,5000.0,5000.0,5000.0,5000.0
period1,sc01,t7554,5000.0,5000.0,5000.0,5000.0
period1,sc01,t7555,5000.0,5000.0,5000.0,5000.0
period1,sc01,t7556,5000.0,5000.0,5000.0,5000.0
period1,sc01,t7557,5000.0,5000.0,5000.0,5000.0
period1,sc01,t7558,5000.0,5000.0,5000.0,5000.0
period1,sc01,t7559,5000.0,5000.0,5000.0,5000.0
period1,sc01,t7560,5000.0,5000.0,5000.0,5000.0
period1,sc01,t7561,5000.0,5000.0,5000.0,5000.0
period1,sc01,t7562,5000.0,5000.0,5000.0,5000.0
period1,sc01,t7563,5000.0,5000.0,5000.0,5000.0
period1,sc01,t7564,5000.0,5000.0,5000.0,5000.0
period1,sc01,t7565,5000.0,5000.0,5000.0,5000.0
period1,sc01,t7566,5000.0,5000.0,5000.0,5000.0
period1,sc01,t7567,5000.0,5000.0,5000.0,5000.0
period1,sc01,t7568,5000.0,5000.0,5000.0,5000.0
period1,sc01,t7569,5000.0,5000.0,5000.0,5000.0
period1,sc01,t7570,5000.0,5000.0,5000.0,5000.0
period1,sc01,t7571,5000.0,5000.0,5000.0,5000.0
period1,sc01,t7572,5000.0,5000.0,5000.0,5000.0
period1,sc01,t7573,5000.0,5000.0,5000.0,5000.0
period1,sc01,t7574,5000.0,5000.0,5000.0,5000.0
period1,sc01,t7575,5000.0,5000.0,5000.0,5000.0
period1,sc01,t7576,5000.0,5000.0,5000.0,5000.0
period1,sc01,t7577,5000.0,5000.0,5000.0,5000.0
period1,sc01,t7578,5000.0,5000.0,5000.0,5000.0
period1,sc01,t7579,5000.0,5000.0,5000.0,5000.0
period1,sc01,t7580,5000.0,5000.0,5000.0,5000.0
period1,sc01,t7581,5000.0,5000.0,5000.0,5000.0
period1,sc01,t7582,5000.0,5000.0,5000.0,5000.0
period1,sc01,t7583,5000.0,5000.0,5000.0,5000.0
period1,sc01,t7584,5000.0,5000.0,5000.0,5000.0
period1,sc01,t7585,5000.0,5000.0,5000.0,5000.0
period1,sc01,t7586,5000.0,5000.0,5000.0,5000.0
period1,sc01,t7587,5000.0,5000.0,5000.0,5000.0
period1,sc01,t7588,5000.0,5000.0,5000.0,5000.0
period1,sc01,t7589,5000.0,5000.0,5000.0,5000.0
period1,sc01,t7590,5000.0,5000.0,5000.0,5000.0
period1,sc01,t7591,5000.0,5000.0,5000.0,5000.0
period1,sc01,t7592,5000.0,5000.0,5000.0,5000.0
period1,sc01,t7593,5000.0,5000.0,5000.0,5000.0
period1,sc01,t7594,5000.0,5000.0,5000.0,5000.0
period1,sc01,t7595,5000.0,5000.0,5000.0,5000.0
period1,sc01,t7596,5000.0,5000.0,5000.0,5000.0
period1,sc01,t7597,5000.0,5000.0,5000.0,5000.0
period1,sc01,t7598,5000.0,5000.0,5000.0,5000.0
period1,sc01,t7599,5000.0,5000.0,5000.0,5000.0
period1,sc01,t7600,5000.0,5000.0,5000.0,5000.0
period1,sc01,t7601,5000.0,5000.0,5000.0,5000.0
period1,sc01,t7602,5000.0,5000.0,5000.0,5000.0
period1,sc01,t7603,5000.0,5000.0,5000.0,5000.0
period1,sc01,t7604,5000.0,5000.0,5000.0,5000.0
period1,sc01,t7605,5000.0,5000.0,5000.0,5000.0
period1,sc01,t7606,5000.0,5000.0,5000.0,5000.0
period1,sc01,t7607,5000.0,5000.0,5000.0,5000.0
period1,sc01,t7608,5000.0,5000.0,5000.0,5000.0
period1,sc01,t7609,5000.0,5000.0,5000.0,5000.0
period1,sc01,t7610,5000.0,5000.0,5000.0,5000.0
period1,sc01,t7611,5000.0,5000.0,5000.0,5000.0
period1,sc01,t7612,5000.0,5000.0,5000.0,5000.0
period1,sc01,t7613,5000.0,5000.0,5000.0,5000.0
period1,sc01,t7614,5000.0,5000.0,5000.0,5000.0
period1,sc01,t7615,5000.0,5000.0,5000.0,5000.0
period1,sc01,t7616,5000.0,5000.0,5000.0,5000.0
period1,sc01,t7617,5000.0,5000.0,5000.0,5000.0
period1,sc01,t7618,5000.0,5000.0,5000.0,5000.0
period1,sc01,t7619,5000.0,5000.0,5000.0,5000.0
period1,sc01,t7620,5000.0,5000.0,5000.0,5000.0
period1,sc01,t7621,5000.0,5000.0,5000.0,5000.0
period1,sc01,t7622,5000.0,5000.0,5000.0,5000.0
period1,sc01,t7623,5000.0,5000.0,5000.0,5000.0
period1,sc01,t7624,5000.0,5000.0,5000.0,5000.0
period1,sc01,t7625,5000.0,5000.0,5000.0,5000.0
period1,sc01,t7626,5000.0,5000.0,5000.0,5000.0
period1,sc01,t7627,5000.0,5000.0,5000.0,5000.0
period1,sc01,t7628,5000.0,5000.0,5000.0,5000.0
period1,sc01,t7629,5000.0,5000.0,5000.0,5000.0
period1,sc01,t7630,5000.0,5000.0,5000.0,5000.0
period1,sc01,t7631,5000.0,5000.0,5000.0,5000.0
period1,sc01,t7632,5000.0,5000.0,5000.0,5000.0
period1,sc01,t7633,5000.0,5000.0,5000.0,5000.0
period1,sc01,t7634,5000.0,5000.0,5000.0,5000.0
period1,sc01,t7635,5000.0,5000.0,5000.0,5000.0
period1,sc01,t7636,5000.0,5000.0,5000.0,5000.0
period1,sc01,t7637,5000.0,5000.0,5000.0,5000.0
period1,sc01,t7638,5000.0,5000.0,5000.0,5000.0
period1,sc01,t7639,5000.0,5000.0,5000.0,5000.0
period1,sc01,t7640,5000.0,5000.0,5000.0,5000.0
period1,sc01,t7641,5000.0,5000.0,5000.0,5000.0
period1,sc01,t7642,5000.0,5000.0,5000.0,5000.0
period1,sc01,t7643,5000.0,5000.0,5000.0,5000.0
period1,sc01,t7644,5000.0,5000.0,5000.0,5000.0
period1,sc01,t7645,5000.0,5000.0,5000.0,5000.0
period1,sc01,t7646,5000.0,5000.0,5000.0,5000.0
period1,sc01,t7647,5000.0,5000.0,5000.0,5000.0
period1,sc01,t7648,5000.0,5000.0,5000.0,5000.0
period1,sc01,t7649,5000.0,5000.0,5000.0,5000.0
period1,sc01,t7650,5000.0,5000.0,5000.0,5000.0
period1,sc01,t7651,5000.0,5000.0,5000.0,5000.0
period1,sc01,t7652,5000.0,5000.0,5000.0,5000.0
period1,sc01,t7653,5000.0,5000.0,5000.0,5000.0
period1,sc01,t7654,5000.0,5000.0,5000.0,5000.0
period1,sc01,t7655,5000.0,5000.0,5000.0,5000.0
period1,sc01,t7656,5000.0,5000.0,5000.0,5000.0
period1,sc01,t7657,5000.0,5000.0,5000.0,5000.0
period1,sc01,t7658,5000.0,5000.0,5000.0,5000.0
period1,sc01,t7659,5000.0,5000.0,5000.0,5000.0
period1,sc01,t7660,5000.0,5000.0,5000.0,5000.0
period1,sc01,t7661,5000.0,5000.0,5000.0,5000.0
period1,sc01,t7662,5000.0,5000.0,5000.0,5000.0
period1,sc01,t7663,5000.0,5000.0,5000.0,5000.0
period1,sc01,t7664,5000.0,5000.0,5000.0,5000.0
period1,sc01,t7665,5000.0,5000.0,5000.0,5000.0
period1,sc01,t7666,5000.0,5000.0,5000.0,5000.0
period1,sc01,t7667,5000.0,5000.0,5000.0,5000.0
period1,sc01,t7668,5000.0,5000.0,5000.0,5000.0
period1,sc01,t7669,5000.0,5000.0,5000.0,5000.0
period1,sc01,t7670,5000.0,5000.0,5000.0,5000.0
period1,sc01,t7671,5000.0,5000.0,5000.0,5000.0
period1,sc01,t7672,5000.0,5000.0,5000.0,5000.0
period1,sc01,t7673,5000.0,5000.0,5000.0,5000.0
period1,sc01,t7674,5000.0,5000.0,5000.0,5000.0
period1,sc01,t7675,5000.0,5000.0,5000.0,5000.0
period1,sc01,t7676,5000.0,5000.0,5000.0,5000.0
period1,sc01,t7677,5000.0,5000.0,5000.0,5000.0
period1,sc01,t7678,5000.0,5000.0,5000.0,5000.0
period1,sc01,t7679,5000.0,5000.0,5000.0,5000.0
period1,sc01,t7680,5000.0,5000.0,5000.0,5000.0
period1,sc01,t7681,5000.0,5000.0,5000.0,5000.0
period1,sc01,t7682,5000.0,5000.0,5000.0,5000.0
period1,sc01,t7683,5000.0,5000.0,5000.0,5000.0
period1,sc01,t7684,5000.0,5000.0,5000.0,5000.0
period1,sc01,t7685,5000.0,5000.0,5000.0,5000.0
period1,sc01,t7686,5000.0,5000.0,5000.0,5000.0
period1,sc01,t7687,5000.0,5000.0,5000.0,5000.0
period1,sc01,t7688,5000.0,5000.0,5000.0,5000.0
period1,sc01,t7689,5000.0,5000.0,5000.0,5000.0
period1,sc01,t7690,5000.0,5000.0,5000.0,5000.0
period1,sc01,t7691,5000.0,5000.0,5000.0,5000.0
period1,sc01,t7692,5000.0,5000.0,5000.0,5000.0
period1,sc01,t7693,5000.0,5000.0,5000.0,5000.0
period1,sc01,t7694,5000.0,5000.0,5000.0,5000.0
period1,sc01,t7695,5000.0,5000.0,5000.0,5000.0
period1,sc01,t7696,5000.0,5000.0,5000.0,5000.0
period1,sc01,t7697,5000.0,5000.0,5000.0,5000.0
period1,sc01,t7698,5000.0,5000.0,5000.0,5000.0
period1,sc01,t7699,5000.0,5000.0,5000.0,5000.0
period1,sc01,t7700,5000.0,5000.0,5000.0,5000.0
period1,sc01,t7701,5000.0,5000.0,5000.0,5000.0
period1,sc01,t7702,5000.0,5000.0,5000.0,5000.0
period1,sc01,t7703,5000.0,5000.0,5000.0,5000.0
period1,sc01,t7704,5000.0,5000.0,5000.0,5000.0
period1,sc01,t7705,5000.0,5000.0,5000.0,5000.0
period1,sc01,t7706,5000.0,5000.0,5000.0,5000.0
period1,sc01,t7707,5000.0,5000.0,5000.0,5000.0
period1,sc01,t7708,5000.0,5000.0,5000.0,5000.0
period1,sc01,t7709,5000.0,5000.0,5000.0,5000.0
period1,sc01,t7710,5000.0,5000.0,5000.0,5000.0
period1,sc01,t7711,5000.0,5000.0,5000.0,5000.0
period1,sc01,t7712,5000.0,5000.0,5000.0,5000.0
period1,sc01,t7713,5000.0,5000.0,5000.0,5000.0
period1,sc01,t7714,5000.0,5000.0,5000.0,5000.0
period1,sc01,t7715,5000.0,5000.0,5000.0,5000.0
period1,sc01,t7716,5000.0,5000.0,5000.0,5000.0
period1,sc01,t7717,5000.0,5000.0,5000.0,5000.0
period1,sc01,t7718,5000.0,5000.0,5000.0,5000.0
period1,sc01,t7719,5000.0,5000.0,5000.0,5000.0
period1,sc01,t7720,5000.0,5000.0,5000.0,5000.0
period1,sc01,t7721,5000.0,5000.0,5000.0,5000.0
period1,sc01,t7722,5000.0,5000.0,5000.0,5000.0
period1,sc01,t7723,5000.0,5000.0,5000.0,5000.0
period1,sc01,t7724,5000.0,5000.0,5000.0,5000.0
period1,sc01,t7725,5000.0,5000.0,5000.0,5000.0
period1,sc01,t7726,5000.0,5000.0,5000.0,5000.0
period1,sc01,t7727,5000.0,5000.0,5000.0,5000.0
period1,sc01,t7728,5000.0,5000.0,5000.0,5000.0
period1,sc01,t7729,5000.0,5000.0,5000.0,5000.0
period1,sc01,t7730,5000.0,5000.0,5000.0,5000.0
period1,sc01,t7731,5000.0,5000.0,5000.0,5000.0
period1,sc01,t7732,5000.0,5000.0,5000.0,5000.0
period1,sc01,t7733,5000.0,5000.0,5000.0,5000.0
period1,sc01,t7734,5000.0,5000.0,5000.0,5000.0
period1,sc01,t7735,5000.0,5000.0,5000.0,5000.0
period1,sc01,t7736,5000.0,5000.0,5000.0,5000.0
period1,sc01,t7737,5000.0,5000.0,5000.0,5000.0
period1,sc01,t7738,5000.0,5000.0,5000.0,5000.0
period1,sc01,t7739,5000.0,5000.0,5000.0,5000.0
period1,sc01,t7740,5000.0,5000.0,5000.0,5000.0
period1,sc01,t7741,5000.0,5000.0,5000.0,5000.0
period1,sc01,t7742,5000.0,5000.0,5000.0,5000.0
period1,sc01,t7743,5000.0,5000.0,5000.0,5000.0
period1,sc01,t7744,5000.0,5000.0,5000.0,5000.0
period1,sc01,t7745,5000.0,5000.0,5000.0,5000.0
period1,sc01,t7746,5000.0,5000.0,5000.0,5000.0
period1,sc01,t7747,5000.0,5000.0,5000.0,5000.0
period1,sc01,t7748,5000.0,5000.0,5000.0,5000.0
period1,sc01,t7749,5000.0,5000.0,5000.0,5000.0
period1,sc01,t7750,5000.0,5000.0,5000.0,5000.0
period1,sc01,t7751,5000.0,5000.0,5000.0,5000.0
period1,sc01,t7752,5000.0,5000.0,5000.0,5000.0
period1,sc01,t7753,5000.0,5000.0,5000.0,5000.0
period1,sc01,t7754,5000.0,5000.0,5000.0,5000.0
period1,sc01,t7755,5000.0,5000.0,5000.0,5000.0
period1,sc01,t7756,5000.0,5000.0,5000.0,5000.0
period1,sc01,t7757,5000.0,5000.0,5000.0,5000.0
period1,sc01,t7758,5000.0,5000.0,5000.0,5000.0
period1,sc01,t7759,5000.0,5000.0,5000.0,5000.0
period1,sc01,t7760,5000.0,5000.0,5000.0,5000.0
period1,sc01,t7761,5000.0,5000.0,5000.0,5000.0
period1,sc01,t7762,5000.0,5000.0,5000.0,5000.0
period1,sc01,t7763,5000.0,5000.0,5000.0,5000.0
period1,sc01,t7764,5000.0,5000.0,5000.0,5000.0
period1,sc01,t7765,5000.0,5000.0,5000.0,5000.0
period1,sc01,t7766,5000.0,5000.0,5000.0,5000.0
period1,sc01,t7767,5000.0,5000.0,5000.0,5000.0
period1,sc01,t7768,5000.0,5000.0,5000.0,5000.0
period1,sc01,t7769,5000.0,5000.0,5000.0,5000.0
period1,sc01,t7770,5000.0,5000.0,5000.0,5000.0
period1,sc01,t7771,5000.0,5000.0,5000.0,5000.0
period1,sc01,t7772,5000.0,5000.0,5000.0,5000.0
period1,sc01,t7773,5000.0,5000.0,5000.0,5000.0
period1,sc01,t7774,5000.0,5000.0,5000.0,5000.0
period1,sc01,t7775,5000.0,5000.0,5000.0,5000.0
period1,sc01,t7776,5000.0,5000.0,5000.0,5000.0
period1,sc01,t7777,5000.0,5000.0,5000.0,5000.0
period1,sc01,t7778,5000.0,5000.0,5000.0,5000.0
period1,sc01,t7779,5000.0,5000.0,5000.0,5000.0
period1,sc01,t7780,5000.0,5000.0,5000.0,5000.0
period1,sc01,t7781,5000.0,5000.0,5000.0,5000.0
period1,sc01,t7782,5000.0,5000.0,5000.0,5000.0
period1,sc01,t7783,5000.0,5000.0,5000.0,5000.0
period1,sc01,t7784,5000.0,5000.0,5000.0,5000.0
period1,sc01,t7785,5000.0,5000.0,5000.0,5000.0
period1,sc01,t7786,5000.0,5000.0,5000.0,5000.0
period1,sc01,t7787,5000.0,5000.0,5000.0,5000.0
period1,sc01,t7788,5000.0,5000.0,5000.0,5000.0
period1,sc01,t7789,5000.0,5000.0,5000.0,5000.0
period1,sc01,t7790,5000.0,5000.0,5000.0,5000.0
period1,sc01,t7791,5000.0,5000.0,5000.0,5000.0
period1,sc01,t7792,5000.0,5000.0,5000.0,5000.0
period1,sc01,t7793,5000.0,5000.0,5000.0,5000.0
period1,sc01,t7794,5000.0,5000.0,5000.0,5000.0
period1,sc01,t7795,5000.0,5000.0,5000.0,5000.0
period1,sc01,t7796,5000.0,5000.0,5000.0,5000.0
period1,sc01,t7797,5000.0,5000.0,5000.0,5000.0
period1,sc01,t7798,5000.0,5000.0,5000.0,5000.0
period1,sc01,t7799,5000.0,5000.0,5000.0,5000.0
period1,sc01,t7800,5000.0,5000.0,5000.0,5000.0
period1,sc01,t7801,5000.0,5000.0,5000.0,5000.0
period1,sc01,t7802,5000.0,5000.0,5000.0,5000.0
period1,sc01,t7803,5000.0,5000.0,5000.0,5000.0
period1,sc01,t7804,5000.0,5000.0,5000.0,5000.0
period1,sc01,t7805,5000.0,5000.0,5000.0,5000.0
period1,sc01,t7806,5000.0,5000.0,5000.0,5000.0
period1,sc01,t7807,5000.0,5000.0,5000.0,5000.0
period1,sc01,t7808,5000.0,5000.0,5000.0,5000.0
period1,sc01,t7809,5000.0,5000.0,5000.0,5000.0
period1,sc01,t7810,5000.0,5000.0,5000.0,5000.0
period1,sc01,t7811,5000.0,5000.0,5000.0,5000.0
period1,sc01,t7812,5000.0,5000.0,5000.0,5000.0
period1,sc01,t7813,5000.0,5000.0,5000.0,5000.0
period1,sc01,t7814,5000.0,5000.0,5000.0,5000.0
period1,sc01,t7815,5000.0,5000.0,5000.0,5000.0
period1,sc01,t7816,5000.0,5000.0,5000.0,5000.0
period1,sc01,t7817,5000.0,5000.0,5000.0,5000.0
period1,sc01,t7818,5000.0,5000.0,5000.0,5000.0
period1,sc01,t7819,5000.0,5000.0,5000.0,5000.0
period1,sc01,t7820,5000.0,5000.0,5000.0,5000.0
period1,sc01,t7821,5000.0,5000.0,5000.0,5000.0
period1,sc01,t7822,5000.0,5000.0,5000.0,5000.0
period1,sc01,t7823,5000.0,5000.0,5000.0,5000.0
period1,sc01,t7824,5000.0,5000.0,5000.0,5000.0
period1,sc01,t7825,5000.0,5000.0,5000.0,5000.0
period1,sc01,t7826,5000.0,5000.0,5000.0,5000.0
period1,sc01,t7827,5000.0,5000.0,5000.0,5000.0
period1,sc01,t7828,5000.0,5000.0,5000.0,5000.0
period1,sc01,t7829,5000.0,5000.0,5000.0,5000.0
period1,sc01,t7830,5000.0,5000.0,5000.0,5000.0
period1,sc01,t7831,5000.0,5000.0,5000.0,5000.0
period1,sc01,t7832,5000.0,5000.0,5000.0,5000.0
period1,sc01,t7833,5000.0,5000.0,5000.0,5000.0
period1,sc01,t7834,5000.0,5000.0,5000.0,5000.0
period1,sc01,t7835,5000.0,5000.0,5000.0,5000.0
period1,sc01,t7836,5000.0,5000.0,5000.0,5000.0
period1,sc01,t7837,5000.0,5000.0,5000.0,5000.0
period1,sc01,t7838,5000.0,5000.0,5000.0,5000.0
period1,sc01,t7839,5000.0,5000.0,5000.0,5000.0
period1,sc01,t7840,5000.0,5000.0,5000.0,5000.0
period1,sc01,t7841,5000.0,5000.0,5000.0,5000.0
period1,sc01,t7842,5000.0,5000.0,5000.0,5000.0
period1,sc01,t7843,5000.0,5000.0,5000.0,5000.0
period1,sc01,t7844,5000.0,5000.0,5000.0,5000.0
period1,sc01,t7845,5000.0,5000.0,5000.0,5000.0
period1,sc01,t7846,5000.0,5000.0,5000.0,5000.0
period1,sc01,t7847,5000.0,5000.0,5000.0,5000.0
period1,sc01,t7848,5000.0,5000.0,5000.0,5000.0
period1,sc01,t7849,5000.0,5000.0,5000.0,5000.0
period1,sc01,t7850,5000.0,5000.0,5000.0,5000.0
period1,sc01,t7851,5000.0,5000.0,5000.0,5000.0
period1,sc01,t7852,5000.0,5000.0,5000.0,5000.0
period1,sc01,t7853,5000.0,5000.0,5000.0,5000.0
period1,sc01,t7854,5000.0,5000.0,5000.0,5000.0
period1,sc01,t7855,5000.0,5000.0,5000.0,5000.0
period1,sc01,t7856,5000.0,5000.0,5000.0,5000.0
period1,sc01,t7857,5000.0,5000.0,5000.0,5000.0
period1,sc01,t7858,5000.0,5000.0,5000.0,5000.0
period1,sc01,t7859,5000.0,5000.0,5000.0,5000.0
period1,sc01,t7860,5000.0,5000.0,5000.0,5000.0
period1,sc01,t7861,5000.0,5000.0,5000.0,5000.0
period1,sc01,t7862,5000.0,5000.0,5000.0,5000.0
period1,sc01,t7863,5000.0,5000.0,5000.0,5000.0
period1,sc01,t7864,5000.0,5000.0,5000.0,5000.0
period1,sc01,t7865,5000.0,5000.0,5000.0,5000.0
period1,sc01,t7866,5000.0,5000.0,5000.0,5000.0
period1,sc01,t7867,5000.0,5000.0,5000.0,5000.0
period1,sc01,t7868,5000.0,5000.0,5000.0,5000.0
period1,sc01,t7869,5000.0,5000.0,5000.0,5000.0
period1,sc01,t7870,5000.0,5000.0,5000.0,5000.0
period1,sc01,t7871,5000.0,5000.0,5000.0,5000.0
period1,sc01,t7872,5000.0,5000.0,5000.0,5000.0
period1,sc01,t7873,5000.0,5000.0,5000.0,5000.0
period1,sc01,t7874,5000.0,5000.0,5000.0,5000.0
period1,sc01,t7875,5000.0,5000.0,5000.0,5000.0
period1,sc01,t7876,5000.0,5000.0,5000.0,5000.0
period1,sc01,t7877,5000.0,5000.0,5000.0,5000.0
period1,sc01,t7878,5000.0,5000.0,5000.0,5000.0
period1,sc01,t7879,5000.0,5000.0,5000.0,5000.0
period1,sc01,t7880,5000.0,5000.0,5000.0,5000.0
period1,sc01,t7881,5000.0,5000.0,5000.0,5000.0
period1,sc01,t7882,5000.0,5000.0,5000.0,5000.0
period1,sc01,t7883,5000.0,5000.0,5000.0,5000.0
period1,sc01,t7884,5000.0,5000.0,5000.0,5000.0
period1,sc01,t7885,5000.0,5000.0,5000.0,5000.0
period1,sc01,t7886,5000.0,5000.0,5000.0,5000.0
period1,sc01,t7887,5000.0,5000.0,5000.0,5000.0
period1,sc01,t7888,5000.0,5000.0,5000.0,5000.0
period1,sc01,t7889,5000.0,5000.0,5000.0,5000.0
period1,sc01,t7890,5000.0,5000.0,5000.0,5000.0
period1,sc01,t7891,5000.0,5000.0,5000.0,5000.0
period1,sc01,t7892,5000.0,5000.0,5000.0,5000.0
period1,sc01,t7893,5000.0,5000.0,5000.0,5000.0
period1,sc01,t7894,5000.0,5000.0,5000.0,5000.0
period1,sc01,t7895,5000.0,5000.0,5000.0,5000.0
period1,sc01,t7896,5000.0,5000.0,5000.0,5000.0
period1,sc01,t7897,5000.0,5000.0,5000.0,5000.0
period1,sc01,t7898,5000.0,5000.0,5000.0,5000.0
period1,sc01,t7899,5000.0,5000.0,5000.0,5000.0
period1,sc01,t7900,5000.0,5000.0,5000.0,5000.0
period1,sc01,t7901,5000.0,5000.0,5000.0,5000.0
period1,sc01,t7902,5000.0,5000.0,5000.0,5000.0
period1,sc01,t7903,5000.0,5000.0,5000.0,5000.0
period1,sc01,t7904,5000.0,5000.0,5000.0,5000.0
period1,sc01,t7905,5000.0,5000.0,5000.0,5000.0
period1,sc01,t7906,5000.0,5000.0,5000.0,5000.0
period1,sc01,t7907,5000.0,5000.0,5000.0,5000.0
period1,sc01,t7908,5000.0,5000.0,5000.0,5000.0
period1,sc01,t7909,5000.0,5000.0,5000.0,5000.0
period1,sc01,t7910,5000.0,5000.0,5000.0,5000.0
period1,sc01,t7911,5000.0,5000.0,5000.0,5000.0
period1,sc01,t7912,5000.0,5000.0,5000.0,5000.0
period1,sc01,t7913,5000.0,5000.0,5000.0,5000.0
period1,sc01,t7914,5000.0,5000.0,5000.0,5000.0
period1,sc01,t7915,5000.0,5000.0,5000.0,5000.0
period1,sc01,t7916,5000.0,5000.0,5000.0,5000.0
period1,sc01,t7917,5000.0,5000.0,5000.0,5000.0
period1,sc01,t7918,5000.0,5000.0,5000.0,5000.0
period1,sc01,t7919,5000.0,5000.0,5000.0,5000.0
period1,sc01,t7920,5000.0,5000.0,5000.0,5000.0
period1,sc01,t7921,5000.0,5000.0,5000.0,5000.0
period1,sc01,t7922,5000.0,5000.0,5000.0,5000.0
period1,sc01,t7923,5000.0,5000.0,5000.0,5000.0
period1,sc01,t7924,5000.0,5000.0,5000.0,5000.0
period1,sc01,t7925,5000.0,5000.0,5000.0,5000.0
period1,sc01,t7926,5000.0,5000.0,5000.0,5000.0
period1,sc01,t7927,5000.0,5000.0,5000.0,5000.0
period1,sc01,t7928,5000.0,5000.0,5000.0,5000.0
period1,sc01,t7929,5000.0,5000.0,5000.0,5000.0
period1,sc01,t7930,5000.0,5000.0,5000.0,5000.0
period1,sc01,t7931,5000.0,5000.0,5000.0,5000.0
period1,sc01,t7932,5000.0,5000.0,5000.0,5000.0
period1,sc01,t7933,5000.0,5000.0,5000.0,5000.0
period1,sc01,t7934,5000.0,5000.0,5000.0,5000.0
period1,sc01,t7935,5000.0,5000.0,5000.0,5000.0
period1,sc01,t7936,5000.0,5000.0,5000.0,5000.0
period1,sc01,t7937,5000.0,5000.0,5000.0,5000.0
period1,sc01,t7938,5000.0,5000.0,5000.0,5000.0
period1,sc01,t7939,5000.0,5000.0,5000.0,5000.0
period1,sc01,t7940,5000.0,5000.0,5000.0,5000.0
period1,sc01,t7941,5000.0,5000.0,5000.0,5000.0
period1,sc01,t7942,5000.0,5000.0,5000.0,5000.0
period1,sc01,t7943,5000.0,5000.0,5000.0,5000.0
period1,sc01,t7944,5000.0,5000.0,5000.0,5000.0
period1,sc01,t7945,5000.0,5000.0,5000.0,5000.0
period1,sc01,t7946,5000.0,5000.0,5000.0,5000.0
period1,sc01,t7947,5000.0,5000.0,5000.0,5000.0
period1,sc01,t7948,5000.0,5000.0,5000.0,5000.0
period1,sc01,t7949,5000.0,5000.0,5000.0,5000.0
period1,sc01,t7950,5000.0,5000.0,5000.0,5000.0
period1,sc01,t7951,5000.0,5000.0,5000.0,5000.0
period1,sc01,t7952,5000.0,5000.0,5000.0,5000.0
period1,sc01,t7953,5000.0,5000.0,5000.0,5000.0
period1,sc01,t7954,5000.0,5000.0,5000.0,5000.0
period1,sc01,t7955,5000.0,5000.0,5000.0,5000.0
period1,sc01,t7956,5000.0,5000.0,5000.0,5000.0
period1,sc01,t7957,5000.0,5000.0,5000.0,5000.0
period1,sc01,t7958,5000.0,5000.0,5000.0,5000.0
period1,sc01,t7959,5000.0,5000.0,5000.0,5000.0
period1,sc01,t7960,5000.0,5000.0,5000.0,5000.0
period1,sc01,t7961,5000.0,5000.0,5000.0,5000.0
period1,sc01,t7962,5000.0,5000.0,5000.0,5000.0
period1,sc01,t7963,5000.0,5000.0,5000.0,5000.0
period1,sc01,t7964,5000.0,5000.0,5000.0,5000.0
period1,sc01,t7965,5000.0,5000.0,5000.0,5000.0
period1,sc01,t7966,5000.0,5000.0,5000.0,5000.0
period1,sc01,t7967,5000.0,5000.0,5000.0,5000.0
period1,sc01,t7968,5000.0,5000.0,5000.0,5000.0
period1,sc01,t7969,5000.0,5000.0,5000.0,5000.0
period1,sc01,t7970,5000.0,5000.0,5000.0,5000.0
period1,sc01,t7971,5000.0,5000.0,5000.0,5000.0
period1,sc01,t7972,5000.0,5000.0,5000.0,5000.0
period1,sc01,t7973,5000.0,5000.0,5000.0,5000.0
period1,sc01,t7974,5000.0,5000.0,5000.0,5000.0
period1,sc01,t7975,5000.0,5000.0,5000.0,5000.0
period1,sc01,t7976,5000.0,5000.0,5000.0,5000.0
period1,sc01,t7977,5000.0,5000.0,5000.0,5000.0
period1,sc01,t7978,5000.0,5000.0,5000.0,5000.0
period1,sc01,t7979,5000.0,5000.0,5000.0,5000.0
period1,sc01,t7980,5000.0,5000.0,5000.0,5000.0
period1,sc01,t7981,5000.0,5000.0,5000.0,5000.0
period1,sc01,t7982,5000.0,5000.0,5000.0,5000.0
period1,sc01,t7983,5000.0,5000.0,5000.0,5000.0
period1,sc01,t7984,5000.0,5000.0,5000.0,5000.0
period1,sc01,t7985,5000.0,5000.0,5000.0,5000.0
period1,sc01,t7986,5000.0,5000.0,5000.0,5000.0
period1,sc01,t7987,5000.0,5000.0,5000.0,5000.0
period1,sc01,t7988,5000.0,5000.0,5000.0,5000.0
period1,sc01,t7989,5000.0,5000.0,5000.0,5000.0
period1,sc01,t7990,5000.0,5000.0,5000.0,5000.0
period1,sc01,t7991,5000.0,5000.0,5000.0,5000.0
period1,sc01,t7992,5000.0,5000.0,5000.0,5000.0
period1,sc01,t7993,5000.0,5000.0,5000.0,5000.0
period1,sc01,t7994,5000.0,5000.0,5000.0,5000.0
period1,sc01,t7995,5000.0,5000.0,5000.0,5000.0
period1,sc01,t7996,5000.0,5000.0,5000.0,5000.0
period1,sc01,t7997,5000.0,5000.0,5000.0,5000.0
period1,sc01,t7998,5000.0,5000.0,5000.0,5000.0
period1,sc01,t7999,5000.0,5000.0,5000.0,5000.0
period1,sc01,t8000,5000.0,5000.0,5000.0,5000.0
period1,sc01,t8001,5000.0,5000.0,5000.0,5000.0
period1,sc01,t8002,5000.0,5000.0,5000.0,5000.0
period1,sc01,t8003,5000.0,5000.0,5000.0,5000.0
period1,sc01,t8004,5000.0,5000.0,5000.0,5000.0
period1,sc01,t8005,5000.0,5000.0,5000.0,5000.0
period1,sc01,t8006,5000.0,5000.0,5000.0,5000.0
period1,sc01,t8007,5000.0,5000.0,5000.0,5000.0
period1,sc01,t8008,5000.0,5000.0,5000.0,5000.0
period1,sc01,t8009,5000.0,5000.0,5000.0,5000.0
period1,sc01,t8010,5000.0,5000.0,5000.0,5000.0
period1,sc01,t8011,5000.0,5000.0,5000.0,5000.0
period1,sc01,t8012,5000.0,5000.0,5000.0,5000.0
period1,sc01,t8013,5000.0,5000.0,5000.0,5000.0
period1,sc01,t8014,5000.0,5000.0,5000.0,5000.0
period1,sc01,t8015,5000.0,5000.0,5000.0,5000.0
period1,sc01,t8016,5000.0,5000.0,5000.0,5000.0
period1,sc01,t8017,5000.0,5000.0,5000.0,5000.0
period1,sc01,t8018,5000.0,5000.0,5000.0,5000.0
period1,sc01,t8019,5000.0,5000.0,5000.0,5000.0
period1,sc01,t8020,5000.0,5000.0,5000.0,5000.0
period1,sc01,t8021,5000.0,5000.0,5000.0,5000.0
period1,sc01,t8022,5000.0,5000.0,5000.0,5000.0
period1,sc01,t8023,5000.0,5000.0,5000.0,5000.0
period1,sc01,t8024,5000.0,5000.0,5000.0,5000.0
period1,sc01,t8025,5000.0,5000.0,5000.0,5000.0
period1,sc01,t8026,5000.0,5000.0,5000.0,5000.0
period1,sc01,t8027,5000.0,5000.0,5000.0,5000.0
period1,sc01,t8028,5000.0,5000.0,5000.0,5000.0
period1,sc01,t8029,5000.0,5000.0,5000.0,5000.0
period1,sc01,t8030,5000.0,5000.0,5000.0,5000.0
period1,sc01,t8031,5000.0,5000.0,5000.0,5000.0
period1,sc01,t8032,5000.0,5000.0,5000.0,5000.0
period1,sc01,t8033,5000.0,5000.0,5000.0,5000.0
period1,sc01,t8034,5000.0,5000.0,5000.0,5000.0
period1,sc01,t8035,5000.0,5000.0,5000.0,5000.0
period1,sc01,t8036,5000.0,5000.0,5000.0,5000.0
period1,sc01,t8037,5000.0,5000.0,5000.0,5000.0
period1,sc01,t8038,5000.0,5000.0,5000.0,5000.0
period1,sc01,t8039,5000.0,5000.0,5000.0,5000.0
period1,sc01,t8040,5000.0,5000.0,5000.0,5000.0
period1,sc01,t8041,5000.0,5000.0,5000.0,5000.0
period1,sc01,t8042,5000.0,5000.0,5000.0,5000.0
period1,sc01,t8043,5000.0,5000.0,5000.0,5000.0
period1,sc01,t8044,5000.0,5000.0,5000.0,5000.0
period1,sc01,t8045,5000.0,5000.0,5000.0,5000.0
period1,sc01,t8046,5000.0,5000.0,5000.0,5000.0
period1,sc01,t8047,5000.0,5000.0,5000.0,5000.0
period1,sc01,t8048,5000.0,5000.0,5000.0,5000.0
period1,sc01,t8049,5000.0,5000.0,5000.0,5000.0
period1,sc01,t8050,5000.0,5000.0,5000.0,5000.0
period1,sc01,t8051,5000.0,5000.0,5000.0,5000.0
period1,sc01,t8052,5000.0,5000.0,5000.0,5000.0
period1,sc01,t8053,5000.0,5000.0,5000.0,5000.0
period1,sc01,t8054,5000.0,5000.0,5000.0,5000.0
period1,sc01,t8055,5000.0,5000.0,5000.0,5000.0
period1,sc01,t8056,5000.0,5000.0,5000.0,5000.0
period1,sc01,t8057,5000.0,5000.0,5000.0,5000.0
period1,sc01,t8058,5000.0,5000.0,5000.0,5000.0
period1,sc01,t8059,5000.0,5000.0,5000.0,5000.0
period1,sc01,t8060,5000.0,5000.0,5000.0,5000.0
period1,sc01,t8061,5000.0,5000.0,5000.0,5000.0
period1,sc01,t8062,5000.0,5000.0,5000.0,5000.0
period1,sc01,t8063,5000.0,5000.0,5000.0,5000.0
period1,sc01,t8064,5000.0,5000.0,5000.0,5000.0
period1,sc01,t8065,5000.0,5000.0,5000.0,5000.0
period1,sc01,t8066,5000.0,5000.0,5000.0,5000.0
period1,sc01,t8067,5000.0,5000.0,5000.0,5000.0
period1,sc01,t8068,5000.0,5000.0,5000.0,5000.0
period1,sc01,t8069,5000.0,5000.0,5000.0,5000.0
period1,sc01,t8070,5000.0,5000.0,5000.0,5000.0
period1,sc01,t8071,5000.0,5000.0,5000.0,5000.0
period1,sc01,t8072,5000.0,5000.0,5000.0,5000.0
period1,sc01,t8073,5000.0,5000.0,5000.0,5000.0
period1,sc01,t8074,5000.0,5000.0,5000.0,5000.0
period1,sc01,t8075,5000.0,5000.0,5000.0,5000.0
period1,sc01,t8076,5000.0,5000.0,5000.0,5000.0
period1,sc01,t8077,5000.0,5000.0,5000.0,5000.0
period1,sc01,t8078,5000.0,5000.0,5000.0,5000.0
period1,sc01,t8079,5000.0,5000.0,5000.0,5000.0
period1,sc01,t8080,5000.0,5000.0,5000.0,5000.0
period1,sc01,t8081,5000.0,5000.0,5000.0,5000.0
period1,sc01,t8082,5000.0,5000.0,5000.0,5000.0
period1,sc01,t8083,5000.0,5000.0,5000.0,5000.0
period1,sc01,t8084,5000.0,5000.0,5000.0,5000.0
period1,sc01,t8085,5000.0,5000.0,5000.0,5000.0
period1,sc01,t8086,5000.0,5000.0,5000.0,5000.0
period1,sc01,t8087,5000.0,5000.0,5000.0,5000.0
period1,sc01,t8088,5000.0,5000.0,5000.0,5000.0
period1,sc01,t8089,5000.0,5000.0,5000.0,5000.0
period1,sc01,t8090,5000.0,5000.0,5000.0,5000.0
period1,sc01,t8091,5000.0,5000.0,5000.0,5000.0
period1,sc01,t8092,5000.0,5000.0,5000.0,5000.0
period1,sc01,t8093,5000.0,5000.0,5000.0,5000.0
period1,sc01,t8094,5000.0,5000.0,5000.0,5000.0
period1,sc01,t8095,5000.0,5000.0,5000.0,5000.0
period1,sc01,t8096,5000.0,5000.0,5000.0,5000.0
period1,sc01,t8097,5000.0,5000.0,5000.0,5000.0
period1,sc01,t8098,5000.0,5000.0,5000.0,5000.0
period1,sc01,t8099,5000.0,5000.0,5000.0,5000.0
period1,sc01,t8100,5000.0,5000.0,5000.0,5000.0
period1,sc01,t8101,5000.0,5000.0,5000.0,5000.0
period1,sc01,t8102,5000.0,5000.0,5000.0,5000.0
period1,sc01,t8103,5000.0,5000.0,5000.0,5000.0
period1,sc01,t8104,5000.0,5000.0,5000.0,5000.0
period1,sc01,t8105,5000.0,5000.0,5000.0,5000.0
period1,sc01,t8106,5000.0,5000.0,5000.0,5000.0
period1,sc01,t8107,5000.0,5000.0,5000.0,5000.0
period1,sc01,t8108,5000.0,5000.0,5000.0,5000.0
period1,sc01,t8109,5000.0,5000.0,5000.0,5000.0
period1,sc01,t8110,5000.0,5000.0,5000.0,5000.0
period1,sc01,t8111,5000.0,5000.0,5000.0,5000.0
period1,sc01,t8112,5000.0,5000.0,5000.0,5000.0
period1,sc01,t8113,5000.0,5000.0,5000.0,5000.0
period1,sc01,t8114,5000.0,5000.0,5000.0,5000.0
period1,sc01,t8115,5000.0,5000.0,5000.0,5000.0
period1,sc01,t8116,5000.0,5000.0,5000.0,5000.0
period1,sc01,t8117,5000.0,5000.0,5000.0,5000.0
period1,sc01,t8118,5000.0,5000.0,5000.0,5000.0
period1,sc01,t8119,5000.0,5000.0,5000.0,5000.0
period1,sc01,t8120,5000.0,5000.0,5000.0,5000.0
period1,sc01,t8121,5000.0,5000.0,5000.0,5000.0
period1,sc01,t8122,5000.0,5000.0,5000.0,5000.0
period1,sc01,t8123,5000.0,5000.0,5000.0,5000.0
period1,sc01,t8124,5000.0,5000.0,5000.0,5000.0
period1,sc01,t8125,5000.0,5000.0,5000.0,5000.0
period1,sc01,t8126,5000.0,5000.0,5000.0,5000.0
period1,sc01,t8127,5000.0,5000.0,5000.0,5000.0
period1,sc01,t8128,5000.0,5000.0,5000.0,5000.0
period1,sc01,t8129,5000.0,5000.0,5000.0,5000.0
period1,sc01,t8130,5000.0,5000.0,5000.0,5000.0
period1,sc01,t8131,5000.0,5000.0,5000.0,5000.0
period1,sc01,t8132,5000.0,5000.0,5000.0,5000.0
period1,sc01,t8133,5000.0,5000.0,5000.0,5000.0
period1,sc01,t8134,5000.0,5000.0,5000.0,5000.0
period1,sc01,t8135,5000.0,5000.0,5000.0,5000.0
period1,sc01,t8136,5000.0,5000.0,5000.0,5000.0
period1,sc01,t8137,5000.0,5000.0,5000.0,5000.0
period1,sc01,t8138,5000.0,5000.0,5000.0,5000.0
period1,sc01,t8139,5000.0,5000.0,5000.0,5000.0
period1,sc01,t8140,5000.0,5000.0,5000.0,5000.0
period1,sc01,t8141,5000.0,5000.0,5000.0,5000.0
period1,sc01,t8142,5000.0,5000.0,5000.0,5000.0
period1,sc01,t8143,5000.0,5000.0,5000.0,5000.0
period1,sc01,t8144,5000.0,5000.0,5000.0,5000.0
period1,sc01,t8145,5000.0,5000.0,5000.0,5000.0
period1,sc01,t8146,5000.0,5000.0,5000.0,5000.0
period1,sc01,t8147,5000.0,5000.0,5000.0,5000.0
period1,sc01,t8148,5000.0,5000.0,5000.0,5000.0
period1,sc01,t8149,5000.0,5000.0,5000.0,5000.0
period1,sc01,t8150,5000.0,5000.0,5000.0,5000.0
period1,sc01,t8151,5000.0,5000.0,5000.0,5000.0
period1,sc01,t8152,5000.0,5000.0,5000.0,5000.0
period1,sc01,t8153,5000.0,5000.0,5000.0,5000.0
period1,sc01,t8154,5000.0,5000.0,5000.0,5000.0
period1,sc01,t8155,5000.0,5000.0,5000.0,5000.0
period1,sc01,t8156,5000.0,5000.0,5000.0,5000.0
period1,sc01,t8157,5000.0,5000.0,5000.0,5000.0
period1,sc01,t8158,5000.0,5000.0,5000.0,5000.0
period1,sc01,t8159,5000.0,5000.0,5000.0,5000.0
period1,sc01,t8160,5000.0,5000.0,5000.0,5000.0
period1,sc01,t8161,5000.0,5000.0,5000.0,5000.0
period1,sc01,t8162,5000.0,5000.0,5000.0,5000.0
period1,sc01,t8163,5000.0,5000.0,5000.0,5000.0
period1,sc01,t8164,5000.0,5000.0,5000.0,5000.0
period1,sc01,t8165,5000.0,5000.0,5000.0,5000.0
period1,sc01,t8166,5000.0,5000.0,5000.0,5000.0
period1,sc01,t8167,5000.0,5000.0,5000.0,5000.0
period1,sc01,t8168,5000.0,5000.0,5000.0,5000.0
period1,sc01,t8169,5000.0,5000.0,5000.0,5000.0
period1,sc01,t8170,5000.0,5000.0,5000.0,5000.0
period1,sc01,t8171,5000.0,5000.0,5000.0,5000.0
period1,sc01,t8172,5000.0,5000.0,5000.0,5000.0
period1,sc01,t8173,5000.0,5000.0,5000.0,5000.0
period1,sc01,t8174,5000.0,5000.0,5000.0,5000.0
period1,sc01,t8175,5000.0,5000.0,5000.0,5000.0
period1,sc01,t8176,5000.0,5000.0,5000.0,5000.0
period1,sc01,t8177,5000.0,5000.0,5000.0,5000.0
period1,sc01,t8178,5000.0,5000.0,5000.0,5000.0
period1,sc01,t8179,5000.0,5000.0,5000.0,5000.0
period1,sc01,t8180,5000.0,5000.0,5000.0,5000.0
period1,sc01,t8181,5000.0,5000.0,5000.0,5000.0
period1,sc01,t8182,5000.0,5000.0,5000.0,5000.0
period1,sc01,t8183,5000.0,5000.0,5000.0,5000.0
period1,sc01,t8184,5000.0,5000.0,5000.0,5000.0
period1,sc01,t8185,5000.0,5000.0,5000.0,5000.0
period1,sc01,t8186,5000.0,5000.0,5000.0,5000.0
period1,sc01,t8187,5000.0,5000.0,5000.0,5000.0
period1,sc01,t8188,5000.0,5000.0,5000.0,5000.0
period1,sc01,t8189,5000.0,5000.0,5000.0,5000.0
period1,sc01,t8190,5000.0,5000.0,5000.0,5000.0
period1,sc01,t8191,5000.0,5000.0,5000.0,5000.0
period1,sc01,t8192,5000.0,5000.0,5000.0,5000.0
period1,sc01,t8193,5000.0,5000.0,5000.0,5000.0
period1,sc01,t8194,5000.0,5000.0,5000.0,5000.0
period1,sc01,t8195,5000.0,5000.0,5000.0,5000.0
period1,sc01,t8196,5000.0,5000.0,5000.0,5000.0
period1,sc01,t8197,5000.0,5000.0,5000.0,5000.0
period1,sc01,t8198,5000.0,5000.0,5000.0,5000.0
period1,sc01,t8199,5000.0,5000.0,5000.0,5000.0
period1,sc01,t8200,5000.0,5000.0,5000.0,5000.0
period1,sc01,t8201,5000.0,5000.0,5000.0,5000.0
period1,sc01,t8202,5000.0,5000.0,5000.0,5000.0
period1,sc01,t8203,5000.0,5000.0,5000.0,5000.0
period1,sc01,t8204,5000.0,5000.0,5000.0,5000.0
period1,sc01,t8205,5000.0,5000.0,5000.0,5000.0
period1,sc01,t8206,5000.0,5000.0,5000.0,5000.0
period1,sc01,t8207,5000.0,5000.0,5000.0,5000.0
period1,sc01,t8208,5000.0,5000.0,5000.0,5000.0
period1,sc01,t8209,5000.0,5000.0,5000.0,5000.0
period1,sc01,t8210,5000.0,5000.0,5000.0,5000.0
period1,sc01,t8211,5000.0,5000.0,5000.0,5000.0
period1,sc01,t8212,5000.0,5000.0,5000.0,5000.0
period1,sc01,t8213,5000.0,5000.0,5000.0,5000.0
period1,sc01,t8214,5000.0,5000.0,5000.0,5000.0
period1,sc01,t8215,5000.0,5000.0,5000.0,5000.0
period1,sc01,t8216,5000.0,5000.0,5000.0,5000.0
period1,sc01,t8217,5000.0,5000.0,5000.0,5000.0
period1,sc01,t8218,5000.0,5000.0,5000.0,5000.0
period1,sc01,t8219,5000.0,5000.0,5000.0,5000.0
period1,sc01,t8220,5000.0,5000.0,5000.0,5000.0
period1,sc01,t8221,5000.0,5000.0,5000.0,5000.0
period1,sc01,t8222,5000.0,5000.0,5000.0,5000.0
period1,sc01,t8223,5000.0,5000.0,5000.0,5000.0
period1,sc01,t8224,5000.0,5000.0,5000.0,5000.0
period1,sc01,t8225,5000.0,5000.0,5000.0,5000.0
period1,sc01,t8226,5000.0,5000.0,5000.0,5000.0
period1,sc01,t8227,5000.0,5000.0,5000.0,5000.0
period1,sc01,t8228,5000.0,5000.0,5000.0,5000.0
period1,sc01,t8229,5000.0,5000.0,5000.0,5000.0
period1,sc01,t8230,5000.0,5000.0,5000.0,5000.0
period1,sc01,t8231,5000.0,5000.0,5000.0,5000.0
period1,sc01,t8232,5000.0,5000.0,5000.0,5000.0
period1,sc01,t8233,5000.0,5000.0,5000.0,5000.0
period1,sc01,t8234,5000.0,5000.0,5000.0,5000.0
period1,sc01,t8235,5000.0,5000.0,5000.0,5000.0
period1,sc01,t8236,5000.0,5000.0,5000.0,5000.0
period1,sc01,t8237,5000.0,5000.0,5000.0,5000.0
period1,sc01,t8238,5000.0,5000.0,5000.0,5000.0
period1,sc01,t8239,5000.0,5000.0,5000.0,5000.0
period1,sc01,t8240,5000.0,5000.0,5000.0,5000.0
period1,sc01,t8241,5000.0,5000.0,5000.0,5000.0
period1,sc01,t8242,5000.0,5000.0,5000.0,5000.0
period1,sc01,t8243,5000.0,5000.0,5000.0,5000.0
period1,sc01,t8244,5000.0,5000.0,5000.0,5000.0
period1,sc01,t8245,5000.0,5000.0,5000.0,5000.0
period1,sc01,t8246,5000.0,5000.0,5000.0,5000.0
period1,sc01,t8247,5000.0,5000.0,5000.0,5000.0
period1,sc01,t8248,5000.0,5000.0,5000.0,5000.0
period1,sc01,t8249,5000.0,5000.0,5000.0,5000.0
period1,sc01,t8250,5000.0,5000.0,5000.0,5000.0
period1,sc01,t8251,5000.0,5000.0,5000.0,5000.0
period1,sc01,t8252,5000.0,5000.0,5000.0,5000.0
period1,sc01,t8253,5000.0,5000.0,5000.0,5000.0
period1,sc01,t8254,5000.0,5000.0,5000.0,5000.0
period1,sc01,t8255,5000.0,5000.0,5000.0,5000.0
period1,sc01,t8256,5000.0,5000.0,5000.0,5000.0
period1,sc01,t8257,5000.0,5000.0,5000.0,5000.0
period1,sc01,t8258,5000.0,5000.0,5000.0,5000.0
period1,sc01,t8259,5000.0,5000.0,5000.0,5000.0
period1,sc01,t8260,5000.0,5000.0,5000.0,5000.0
period1,sc01,t8261,5000.0,5000.0,5000.0,5000.0
period1,sc01,t8262,5000.0,5000.0,5000.0,5000.0
period1,sc01,t8263,5000.0,5000.0,5000.0,5000.0
period1,sc01,t8264,5000.0,5000.0,5000.0,5000.0
period1,sc01,t8265,5000.0,5000.0,5000.0,5000.0
period1,sc01,t8266,5000.0,5000.0,5000.0,5000.0
period1,sc01,t8267,5000.0,5000.0,5000.0,5000.0
period1,sc01,t8268,5000.0,5000.0,5000.0,5000.0
period1,sc01,t8269,5000.0,5000.0,5000.0,5000.0
period1,sc01,t8270,5000.0,5000.0,5000.0,5000.0
period1,sc01,t8271,5000.0,5000.0,5000.0,5000.0
period1,sc01,t8272,5000.0,5000.0,5000.0,5000.0
period1,sc01,t8273,5000.0,5000.0,5000.0,5000.0
period1,sc01,t8274,5000.0,5000.0,5000.0,5000.0
period1,sc01,t8275,5000.0,5000.0,5000.0,5000.0
period1,sc01,t8276,5000.0,5000.0,5000.0,5000.0
period1,sc01,t8277,5000.0,5000.0,5000.0,5000.0
period1,sc01,t8278,5000.0,5000.0,5000.0,5000.0
period1,sc01,t8279,5000.0,5000.0,5000.0,5000.0
period1,sc01,t8280,5000.0,5000.0,5000.0,5000.0
period1,sc01,t8281,5000.0,5000.0,5000.0,5000.0
period1,sc01,t8282,5000.0,5000.0,5000.0,5000.0
period1,sc01,t8283,5000.0,5000.0,5000.0,5000.0
period1,sc01,t8284,5000.0,5000.0,5000.0,5000.0
period1,sc01,t8285,5000.0,5000.0,5000.0,5000.0
period1,sc01,t8286,5000.0,5000.0,5000.0,5000.0
period1,sc01,t8287,5000.0,5000.0,5000.0,5000.0
period1,sc01,t8288,5000.0,5000.0,5000.0,5000.0
period1,sc01,t8289,5000.0,5000.0,5000.0,5000.0
period1,sc01,t8290,5000.0,5000.0,5000.0,5000.0
period1,sc01,t8291,5000.0,5000.0,5000.0,5000.0
period1,sc01,t8292,5000.0,5000.0,5000.0,5000.0
period1,sc01,t8293,5000.0,5000.0,5000.0,5000.0
period1,sc01,t8294,5000.0,5000.0,5000.0,5000.0
period1,sc01,t8295,5000.0,5000.0,5000.0,5000.0
period1,sc01,t8296,5000.0,5000.0,5000.0,5000.0
period1,sc01,t8297,5000.0,5000.0,5000.0,5000.0
period1,sc01,t8298,5000.0,5000.0,5000.0,5000.0
period1,sc01,t8299,5000.0,5000.0,5000.0,5000.0
period1,sc01,t8300,5000.0,5000.0,5000.0,5000.0
period1,sc01,t8301,5000.0,5000.0,5000.0,5000.0
period1,sc01,t8302,5000.0,5000.0,5000.0,5000.0
period1,sc01,t8303,5000.0,5000.0,5000.0,5000.0
period1,sc01,t8304,5000.0,5000.0,5000.0,5000.0
period1,sc01,t8305,5000.0,5000.0,5000.0,5000.0
period1,sc01,t8306,5000.0,5000.0,5000.0,5000.0
period1,sc01,t8307,5000.0,5000.0,5000.0,5000.0
period1,sc01,t8308,5000.0,5000.0,5000.0,5000.0
period1,sc01,t8309,5000.0,5000.0,5000.0,5000.0
period1,sc01,t8310,5000.0,5000.0,5000.0,5000.0
period1,sc01,t8311,5000.0,5000.0,5000.0,5000.0
period1,sc01,t8312,5000.0,5000.0,5000.0,5000.0
period1,sc01,t8313,5000.0,5000.0,5000.0,5000.0
period1,sc01,t8314,5000.0,5000.0,5000.0,5000.0
period1,sc01,t8315,5000.0,5000.0,5000.0,5000.0
period1,sc01,t8316,5000.0,5000.0,5000.0,5000.0
period1,sc01,t8317,5000.0,5000.0,5000.0,5000.0
period1,sc01,t8318,5000.0,5000.0,5000.0,5000.0
period1,sc01,t8319,5000.0,5000.0,5000.0,5000.0
period1,sc01,t8320,5000.0,5000.0,5000.0,5000.0
period1,sc01,t8321,5000.0,5000.0,5000.0,5000.0
period1,sc01,t8322,5000.0,5000.0,5000.0,5000.0
period1,sc01,t8323,5000.0,5000.0,5000.0,5000.0
period1,sc01,t8324,5000.0,5000.0,5000.0,5000.0
period1,sc01,t8325,5000.0,5000.0,5000.0,5000.0
period1,sc01,t8326,5000.0,5000.0,5000.0,5000.0
period1,sc01,t8327,5000.0,5000.0,5000.0,5000.0
period1,sc01,t8328,5000.0,5000.0,5000.0,5000.0
period1,sc01,t8329,5000.0,5000.0,5000.0,5000.0
period1,sc01,t8330,5000.0,5000.0,5000.0,5000.0
period1,sc01,t8331,5000.0,5000.0,5000.0,5000.0
period1,sc01,t8332,5000.0,5000.0,5000.0,5000.0
period1,sc01,t8333,5000.0,5000.0,5000.0,5000.0
period1,sc01,t8334,5000.0,5000.0,5000.0,5000.0
period1,sc01,t8335,5000.0,5000.0,5000.0,5000.0
period1,sc01,t8336,5000.0,5000.0,5000.0,5000.0
period1,sc01,t8337,5000.0,5000.0,5000.0,5000.0
period1,sc01,t8338,5000.0,5000.0,5000.0,5000.0
period1,sc01,t8339,5000.0,5000.0,5000.0,5000.0
period1,sc01,t8340,5000.0,5000.0,5000.0,5000.0
period1,sc01,t8341,5000.0,5000.0,5000.0,5000.0
period1,sc01,t8342,5000.0,5000.0,5000.0,5000.0
period1,sc01,t8343,5000.0,5000.0,5000.0,5000.0
period1,sc01,t8344,5000.0,5000.0,5000.0,5000.0
period1,sc01,t8345,5000.0,5000.0,5000.0,5000.0
period1,sc01,t8346,5000.0,5000.0,5000.0,5000.0
period1,sc01,t8347,5000.0,5000.0,5000.0,5000.0
period1,sc01,t8348,5000.0,5000.0,5000.0,5000.0
period1,sc01,t8349,5000.0,5000.0,5000.0,5000.0
period1,sc01,t8350,5000.0,5000.0,5000.0,5000.0
period1,sc01,t8351,5000.0,5000.0,5000.0,5000.0
period1,sc01,t8352,5000.0,5000.0,5000.0,5000.0
period1,sc01,t8353,5000.0,5000.0,5000.0,5000.0
period1,sc01,t8354,5000.0,5000.0,5000.0,5000.0
period1,sc01,t8355,5000.0,5000.0,5000.0,5000.0
period1,sc01,t8356,5000.0,5000.0,5000.0,5000.0
period1,sc01,t8357,5000.0,5000.0,5000.0,5000.0
period1,sc01,t8358,5000.0,5000.0,5000.0,5000.0
period1,sc01,t8359,5000.0,5000.0,5000.0,5000.0
period1,sc01,t8360,5000.0,5000.0,5000.0,5000.0
period1,sc01,t8361,5000.0,5000.0,5000.0,5000.0
period1,sc01,t8362,5000.0,5000.0,5000.0,5000.0
period1,sc01,t8363,5000.0,5000.0,5000.0,5000.0
period1,sc01,t8364,5000.0,5000.0,5000.0,5000.0
period1,sc01,t8365,5000.0,5000.0,5000.0,5000.0
period1,sc01,t8366,5000.0,5000.0,5000.0,5000.0
period1,sc01,t8367,5000.0,5000.0,5000.0,5000.0
period1,sc01,t8368,5000.0,5000.0,5000.0,5000.0
period1,sc01,t8369,5000.0,5000.0,5000.0,5000.0
period1,sc01,t8370,5000.0,5000.0,5000.0,5000.0
period1,sc01,t8371,5000.0,5000.0,5000.0,5000.0
period1,sc01,t8372,5000.0,5000.0,5000.0,5000.0
period1,sc01,t8373,5000.0,5000.0,5000.0,5000.0
period1,sc01,t8374,5000.0,5000.0,5000.0,5000.0
period1,sc01,t8375,5000.0,5000.0,5000.0,5000.0
period1,sc01,t8376,5000.0,5000.0,5000.0,5000.0
period1,sc01,t8377,5000.0,5000.0,5000.0,5000.0
period1,sc01,t8378,5000.0,5000.0,5000.0,5000.0
period1,sc01,t8379,5000.0,5000.0,5000.0,5000.0
period1,sc01,t8380,5000.0,5000.0,5000.0,5000.0
period1,sc01,t8381,5000.0,5000.0,5000.0,5000.0
period1,sc01,t8382,5000.0,5000.0,5000.0,5000.0
period1,sc01,t8383,5000.0,5000.0,5000.0,5000.0
period1,sc01,t8384,5000.0,5000.0,5000.0,5000.0
period1,sc01,t8385,5000.0,5000.0,5000.0,5000.0
period1,sc01,t8386,5000.0,5000.0,5000.0,5000.0
period1,sc01,t8387,5000.0,5000.0,5000.0,5000.0
period1,sc01,t8388,5000.0,5000.0,5000.0,5000.0
period1,sc01,t8389,5000.0,5000.0,5000.0,5000.0
period1,sc01,t8390,5000.0,5000.0,5000.0,5000.0
period1,sc01,t8391,5000.0,5000.0,5000.0,5000.0
period1,sc01,t8392,5000.0,5000.0,5000.0,5000.0
period1,sc01,t8393,5000.0,5000.0,5000.0,5000.0
period1,sc01,t8394,5000.0,5000.0,5000.0,5000.0
period1,sc01,t8395,5000.0,5000.0,5000.0,5000.0
period1,sc01,t8396,5000.0,5000.0,5000.0,5000.0
period1,sc01,t8397,5000.0,5000.0,5000.0,5000.0
period1,sc01,t8398,5000.0,5000.0,5000.0,5000.0
period1,sc01,t8399,5000.0,5000.0,5000.0,5000.0
period1,sc01,t8400,5000.0,5000.0,5000.0,5000.0
period1,sc01,t8401,5000.0,5000.0,5000.0,5000.0
period1,sc01,t8402,5000.0,5000.0,5000.0,5000.0
period1,sc01,t8403,5000.0,5000.0,5000.0,5000.0
period1,sc01,t8404,5000.0,5000.0,5000.0,5000.0
period1,sc01,t8405,5000.0,5000.0,5000.0,5000.0
period1,sc01,t8406,5000.0,5000.0,5000.0,5000.0
period1,sc01,t8407,5000.0,5000.0,5000.0,5000.0
period1,sc01,t8408,5000.0,5000.0,5000.0,5000.0
period1,sc01,t8409,5000.0,5000.0,5000.0,5000.0
period1,sc01,t8410,5000.0,5000.0,5000.0,5000.0
period1,sc01,t8411,5000.0,5000.0,5000.0,5000.0
period1,sc01,t8412,5000.0,5000.0,5000.0,5000.0
period1,sc01,t8413,5000.0,5000.0,5000.0,5000.0
period1,sc01,t8414,5000.0,5000.0,5000.0,5000.0
period1,sc01,t8415,5000.0,5000.0,5000.0,5000.0
period1,sc01,t8416,5000.0,5000.0,5000.0,5000.0
period1,sc01,t8417,5000.0,5000.0,5000.0,5000.0
period1,sc01,t8418,5000.0,5000.0,5000.0,5000.0
period1,sc01,t8419,5000.0,5000.0,5000.0,5000.0
period1,sc01,t8420,5000.0,5000.0,5000.0,5000.0
period1,sc01,t8421,5000.0,5000.0,5000.0,5000.0
period1,sc01,t8422,5000.0,5000.0,5000.0,5000.0
period1,sc01,t8423,5000.0,5000.0,5000.0,5000.0
period1,sc01,t8424,5000.0,5000.0,5000.0,5000.0
period1,sc01,t8425,5000.0,5000.0,5000.0,5000.0
period1,sc01,t8426,5000.0,5000.0,5000.0,5000.0
period1,sc01,t8427,5000.0,5000.0,5000.0,5000.0
period1,sc01,t8428,5000.0,5000.0,5000.0,5000.0
period1,sc01,t8429,5000.0,5000.0,5000.0,5000.0
period1,sc01,t8430,5000.0,5000.0,5000.0,5000.0
period1,sc01,t8431,5000.0,5000.0,5000.0,5000.0
period1,sc01,t8432,5000.0,5000.0,5000.0,5000.0
period1,sc01,t8433,5000.0,5000.0,5000.0,5000.0
period1,sc01,t8434,5000.0,5000.0,5000.0,5000.0
period1,sc01,t8435,5000.0,5000.0,5000.0,5000.0
period1,sc01,t8436,5000.0,5000.0,5000.0,5000.0
period1,sc01,t8437,5000.0,5000.0,5000.0,5000.0
period1,sc01,t8438,5000.0,5000.0,5000.0,5000.0
period1,sc01,t8439,5000.0,5000.0,5000.0,5000.0
period1,sc01,t8440,5000.0,5000.0,5000.0,5000.0
period1,sc01,t8441,5000.0,5000.0,5000.0,5000.0
period1,sc01,t8442,5000.0,5000.0,5000.0,5000.0
period1,sc01,t8443,5000.0,5000.0,5000.0,5000.0
period1,sc01,t8444,5000.0,5000.0,5000.0,5000.0
period1,sc01,t8445,5000.0,5000.0,5000.0,5000.0
period1,sc01,t8446,5000.0,5000.0,5000.0,5000.0
period1,sc01,t8447,5000.0,5000.0,5000.0,5000.0
period1,sc01,t8448,5000.0,5000.0,5000.0,5000.0
period1,sc01,t8449,5000.0,5000.0,5000.0,5000.0
period1,sc01,t8450,5000.0,5000.0,5000.0,5000.0
period1,sc01,t8451,5000.0,5000.0,5000.0,5000.0
period1,sc01,t8452,5000.0,5000.0,5000.0,5000.0
period1,sc01,t8453,5000.0,5000.0,5000.0,5000.0
period1,sc01,t8454,5000.0,5000.0,5000.0,5000.0
period1,sc01,t8455,5000.0,5000.0,5000.0,5000.0
period1,sc01,t8456,5000.0,5000.0,5000.0,5000.0
period1,sc01,t8457,5000.0,5000.0,5000.0,5000.0
period1,sc01,t8458,5000.0,5000.0,5000.0,5000.0
period1,sc01,t8459,5000.0,5000.0,5000.0,5000.0
period1,sc01,t8460,5000.0,5000.0,5000.0,5000.0
period1,sc01,t8461,5000.0,5000.0,5000.0,5000.0
period1,sc01,t8462,5000.0,5000.0,5000.0,5000.0
period1,sc01,t8463,5000.0,5000.0,5000.0,5000.0
period1,sc01,t8464,5000.0,5000.0,5000.0,5000.0
period1,sc01,t8465,5000.0,5000.0,5000.0,5000.0
period1,sc01,t8466,5000.0,5000.0,5000.0,5000.0
period1,sc01,t8467,5000.0,5000.0,5000.0,5000.0
period1,sc01,t8468,5000.0,5000.0,5000.0,5000.0
period1,sc01,t8469,5000.0,5000.0,5000.0,5000.0
period1,sc01,t8470,5000.0,5000.0,5000.0,5000.0
period1,sc01,t8471,5000.0,5000.0,5000.0,5000.0
period1,sc01,t8472,5000.0,5000.0,5000.0,5000.0
period1,sc01,t8473,5000.0,5000.0,5000.0,5000.0
period1,sc01,t8474,5000.0,5000.0,5000.0,5000.0
period1,sc01,t8475,5000.0,5000.0,5000.0,5000.0
period1,sc01,t8476,5000.0,5000.0,5000.0,5000.0
period1,sc01,t8477,5000.0,5000.0,5000.0,5000.0
period1,sc01,t8478,5000.0,5000.0,5000.0,5000.0
period1,sc01,t8479,5000.0,5000.0,5000.0,5000.0
period1,sc01,t8480,5000.0,5000.0,5000.0,5000.0
period1,sc01,t8481,5000.0,5000.0,5000.0,5000.0
period1,sc01,t8482,5000.0,5000.0,5000.0,5000.0
period1,sc01,t8483,5000.0,5000.0,5000.0,5000.0
period1,sc01,t8484,5000.0,5000.0,5000.0,5000.0
period1,sc01,t8485,5000.0,5000.0,5000.0,5000.0
period1,sc01,t8486,5000.0,5000.0,5000.0,5000.0
period1,sc01,t8487,5000.0,5000.0,5000.0,5000.0
period1,sc01,t8488,5000.0,5000.0,5000.0,5000.0
period1,sc01,t8489,5000.0,5000.0,5000.0,5000.0
period1,sc01,t8490,5000.0,5000.0,5000.0,5000.0
period1,sc01,t8491,5000.0,5000.0,5000.0,5000.0
period1,sc01,t8492,5000.0,5000.0,5000.0,5000.0
period1,sc01,t8493,5000.0,5000.0,5000.0,5000.0
period1,sc01,t8494,5000.0,5000.0,5000.0,5000.0
period1,sc01,t8495,5000.0,5000.0,5000.0,5000.0
period1,sc01,t8496,5000.0,5000.0,5000.0,5000.0
period1,sc01,t8497,5000.0,5000.0,5000.0,5000.0
period1,sc01,t8498,5000.0,5000.0,5000.0,5000.0
period1,sc01,t8499,5000.0,5000.0,5000.0,5000.0
period1,sc01,t8500,5000.0,5000.0,5000.0,5000.0
period1,sc01,t8501,5000.0,5000.0,5000.0,5000.0
period1,sc01,t8502,5000.0,5000.0,5000.0,5000.0
period1,sc01,t8503,5000.0,5000.0,5000.0,5000.0
period1,sc01,t8504,5000.0,5000.0,5000.0,5000.0
period1,sc01,t8505,5000.0,5000.0,5000.0,5000.0
period1,sc01,t8506,5000.0,5000.0,5000.0,5000.0
period1,sc01,t8507,5000.0,5000.0,5000.0,5000.0
period1,sc01,t8508,5000.0,5000.0,5000.0,5000.0
period1,sc01,t8509,5000.0,5000.0,5000.0,5000.0
period1,sc01,t8510,5000.0,5000.0,5000.0,5000.0
period1,sc01,t8511,5000.0,5000.0,5000.0,5000.0
period1,sc01,t8512,5000.0,5000.0,5000.0,5000.0
period1,sc01,t8513,5000.0,5000.0,5000.0,5000.0
period1,sc01,t8514,5000.0,5000.0,5000.0,5000.0
period1,sc01,t8515,5000.0,5000.0,5000.0,5000.0
period1,sc01,t8516,5000.0,5000.0,5000.0,5000.0
period1,sc01,t8517,5000.0,5000.0,5000.0,5000.0
period1,sc01,t8518,5000.0,5000.0,5000.0,5000.0
period1,sc01,t8519,5000.0,5000.0,5000.0,5000.0
period1,sc01,t8520,5000.0,5000.0,5000.0,5000.0
period1,sc01,t8521,5000.0,5000.0,5000.0,5000.0
period1,sc01,t8522,5000.0,5000.0,5000.0,5000.0
period1,sc01,t8523,5000.0,5000.0,5000.0,5000.0
period1,sc01,t8524,5000.0,5000.0,5000.0,5000.0
period1,sc01,t8525,5000.0,5000.0,5000.0,5000.0
period1,sc01,t8526,5000.0,5000.0,5000.0,5000.0
period1,sc01,t8527,5000.0,5000.0,5000.0,5000.0
period1,sc01,t8528,5000.0,5000.0,5000.0,5000.0
period1,sc01,t8529,5000.0,5000.0,5000.0,5000.0
period1,sc01,t8530,5000.0,5000.0,5000.0,5000.0
period1,sc01,t8531,5000.0,5000.0,5000.0,5000.0
period1,sc01,t8532,5000.0,5000.0,5000.0,5000.0
period1,sc01,t8533,5000.0,5000.0,5000.0,5000.0
period1,sc01,t8534,5000.0,5000.0,5000.0,5000.0
period1,sc01,t8535,5000.0,5000.0,5000.0,5000.0
period1,sc01,t8536,5000.0,5000.0,5000.0,5000.0
period1,sc01,t8537,5000.0,5000.0,5000.0,5000.0
period1,sc01,t8538,5000.0,5000.0,5000.0,5000.0
period1,sc01,t8539,5000.0,5000.0,5000.0,5000.0
period1,sc01,t8540,5000.0,5000.0,5000.0,5000.0
period1,sc01,t8541,5000.0,5000.0,5000.0,5000.0
period1,sc01,t8542,5000.0,5000.0,5000.0,5000.0
period1,sc01,t8543,5000.0,5000.0,5000.0,5000.0
period1,sc01,t8544,5000.0,5000.0,5000.0,5000.0
period1,sc01,t8545,5000.0,5000.0,5000.0,5000.0
period1,sc01,t8546,5000.0,5000.0,5000.0,5000.0
period1,sc01,t8547,5000.0,5000.0,5000.0,5000.0
period1,sc01,t8548,5000.0,5000.0,5000.0,5000.0
period1,sc01,t8549,5000.0,5000.0,5000.0,5000.0
period1,sc01,t8550,5000.0,5000.0,5000.0,5000.0
period1,sc01,t8551,5000.0,5000.0,5000.0,5000.0
period1,sc01,t8552,5000.0,5000.0,5000.0,5000.0
period1,sc01,t8553,5000.0,5000.0,5000.0,5000.0
period1,sc01,t8554,5000.0,5000.0,5000.0,5000.0
period1,sc01,t8555,5000.0,5000.0,5000.0,5000.0
period1,sc01,t8556,5000.0,5000.0,5000.0,5000.0
period1,sc01,t8557,5000.0,5000.0,5000.0,5000.0
period1,sc01,t8558,5000.0,5000.0,5000.0,5000.0
period1,sc01,t8559,5000.0,5000.0,5000.0,5000.0
period1,sc01,t8560,5000.0,5000.0,5000.0,5000.0
period1,sc01,t8561,5000.0,5000.0,5000.0,5000.0
period1,sc01,t8562,5000.0,5000.0,5000.0,5000.0
period1,sc01,t8563,5000.0,5000.0,5000.0,5000.0
period1,sc01,t8564,5000.0,5000.0,5000.0,5000.0
period1,sc01,t8565,5000.0,5000.0,5000.0,5000.0
period1,sc01,t8566,5000.0,5000.0,5000.0,5000.0
period1,sc01,t8567,5000.0,5000.0,5000.0,5000.0
period1,sc01,t8568,5000.0,5000.0,5000.0,5000.0
period1,sc01,t8569,5000.0,5000.0,5000.0,5000.0
period1,sc01,t8570,5000.0,5000.0,5000.0,5000.0
period1,sc01,t8571,5000.0,5000.0,5000.0,5000.0
period1,sc01,t8572,5000.0,5000.0,5000.0,5000.0
period1,sc01,t8573,5000.0,5000.0,5000.0,5000.0
period1,sc01,t8574,5000.0,5000.0,5000.0,5000.0
period1,sc01,t8575,5000.0,5000.0,5000.0,5000.0
period1,sc01,t8576,5000.0,5000.0,5000.0,5000.0
period1,sc01,t8577,5000.0,5000.0,5000.0,5000.0
period1,sc01,t8578,5000.0,5000.0,5000.0,5000.0
period1,sc01,t8579,5000.0,5000.0,5000.0,5000.0
period1,sc01,t8580,5000.0,5000.0,5000.0,5000.0
period1,sc01,t8581,5000.0,5000.0,5000.0,5000.0
period1,sc01,t8582,5000.0,5000.0,5000.0,5000.0
period1,sc01,t8583,5000.0,5000.0,5000.0,5000.0
period1,sc01,t8584,5000.0,5000.0,5000.0,5000.0
period1,sc01,t8585,5000.0,5000.0,5000.0,5000.0
period1,sc01,t8586,5000.0,5000.0,5000.0,5000.0
period1,sc01,t8587,5000.0,5000.0,5000.0,5000.0
period1,sc01,t8588,5000.0,5000.0,5000.0,5000.0
period1,sc01,t8589,5000.0,5000.0,5000.0,5000.0
period1,sc01,t8590,5000.0,5000.0,5000.0,5000.0
period1,sc01,t8591,5000.0,5000.0,5000.0,5000.0
period1,sc01,t8592,5000.0,5000.0,5000.0,5000.0
period1,sc01,t8593,5000.0,5000.0,5000.0,5000.0
period1,sc01,t8594,5000.0,5000.0,5000.0,5000.0
period1,sc01,t8595,5000.0,5000.0,5000.0,5000.0
period1,sc01,t8596,5000.0,5000.0,5000.0,5000.0
period1,sc01,t8597,5000.0,5000.0,5000.0,5000.0
period1,sc01,t8598,5000.0,5000.0,5000.0,5000.0
period1,sc01,t8599,5000.0,5000.0,5000.0,5000.0
period1,sc01,t8600,5000.0,5000.0,5000.0,5000.0
period1,sc01,t8601,5000.0,5000.0,5000.0,5000.0
period1,sc01,t8602,5000.0,5000.0,5000.0,5000.0
period1,sc01,t8603,5000.0,5000.0,5000.0,5000.0
period1,sc01,t8604,5000.0,5000.0,5000.0,5000.0
period1,sc01,t8605,5000.0,5000.0,5000.0,5000.0
period1,sc01,t8606,5000.0,5000.0,5000.0,5000.0
period1,sc01,t8607,5000.0,5000.0,5000.0,5000.0
period1,sc01,t8608,5000.0,5000.0,5000.0,5000.0
period1,sc01,t8609,5000.0,5000.0,5000.0,5000.0
period1,sc01,t8610,5000.0,5000.0,5000.0,5000.0
period1,sc01,t8611,5000.0,5000.0,5000.0,5000.0
period1,sc01,t8612,5000.0,5000.0,5000.0,5000.0
period1,sc01,t8613,5000.0,5000.0,5000.0,5000.0
period1,sc01,t8614,5000.0,5000.0,5000.0,5000.0
period1,sc01,t8615,5000.0,5000.0,5000.0,5000.0
period1,sc01,t8616,5000.0,5000.0,5000.0,5000.0
period1,sc01,t8617,5000.0,5000.0,5000.0,5000.0
period1,sc01,t8618,5000.0,5000.0,5000.0,5000.0
period1,sc01,t8619,5000.0,5000.0,5000.0,5000.0
period1,sc01,t8620,5000.0,5000.0,5000.0,5000.0
period1,sc01,t8621,5000.0,5000.0,5000.0,5000.0
period1,sc01,t8622,5000.0,5000.0,5000.0,5000.0
period1,sc01,t8623,5000.0,5000.0,5000.0,5000.0
period1,sc01,t8624,5000.0,5000.0,5000.0,5000.0
period1,sc01,t8625,5000.0,5000.0,5000.0,5000.0
period1,sc01,t8626,5000.0,5000.0,5000.0,5000.0
period1,sc01,t8627,5000.0,5000.0,5000.0,5000.0
period1,sc01,t8628,5000.0,5000.0,5000.0,5000.0
period1,sc01,t8629,5000.0,5000.0,5000.0,5000.0
period1,sc01,t8630,5000.0,5000.0,5000.0,5000.0
period1,sc01,t8631,5000.0,5000.0,5000.0,5000.0
period1,sc01,t8632,5000.0,5000.0,5000.0,5000.0
period1,sc01,t8633,5000.0,5000.0,5000.0,5000.0
period1,sc01,t8634,5000.0,5000.0,5000.0,5000.0
period1,sc01,t8635,5000.0,5000.0,5000.0,5000.0
period1,sc01,t8636,5000.0,5000.0,5000.0,5000.0
period1,sc01,t8637,5000.0,5000.0,5000.0,5000.0
period1,sc01,t8638,5000.0,5000.0,5000.0,5000.0
period1,sc01,t8639,5000.0,5000.0,5000.0,5000.0
period1,sc01,t8640,5000.0,5000.0,5000.0,5000.0
period1,sc01,t8641,5000.0,5000.0,5000.0,5000.0
period1,sc01,t8642,5000.0,5000.0,5000.0,5000.0
period1,sc01,t8643,5000.0,5000.0,5000.0,5000.0
period1,sc01,t8644,5000.0,5000.0,5000.0,5000.0
period1,sc01,t8645,5000.0,5000.0,5000.0,5000.0
period1,sc01,t8646,5000.0,5000.0,5000.0,5000.0
period1,sc01,t8647,5000.0,5000.0,5000.0,5000.0
period1,sc01,t8648,5000.0,5000.0,5000.0,5000.0
period1,sc01,t8649,5000.0,5000.0,5000.0,5000.0
period1,sc01,t8650,5000.0,5000.0,5000.0,5000.0
period1,sc01,t8651,5000.0,5000.0,5000.0,5000.0
period1,sc01,t8652,5000.0,5000.0,5000.0,5000.0
period1,sc01,t8653,5000.0,5000.0,5000.0,5000.0
period1,sc01,t8654,5000.0,5000.0,5000.0,5000.0
period1,sc01,t8655,5000.0,5000.0,5000.0,5000.0
period1,sc01,t8656,5000.0,5000.0,5000.0,5000.0
period1,sc01,t8657,5000.0,5000.0,5000.0,5000.0
period1,sc01,t8658,5000.0,5000.0,5000.0,5000.0
period1,sc01,t8659,5000.0,5000.0,5000.0,5000.0
period1,sc01,t8660,5000.0,5000.0,5000.0,5000.0
period1,sc01,t8661,5000.0,5000.0,5000.0,5000.0
period1,sc01,t8662,5000.0,5000.0,5000.0,5000.0
period1,sc01,t8663,5000.0,5000.0,5000.0,5000.0
period1,sc01,t8664,5000.0,5000.0,5000.0,5000.0
period1,sc01,t8665,5000.0,5000.0,5000.0,5000.0
period1,sc01,t8666,5000.0,5000.0,5000.0,5000.0
period1,sc01,t8667,5000.0,5000.0,5000.0,5000.0
period1,sc01,t8668,5000.0,5000.0,5000.0,5000.0
period1,sc01,t8669,5000.0,5000.0,5000.0,5000.0
period1,sc01,t8670,5000.0,5000.0,5000.0,5000.0
period1,sc01,t8671,5000.0,5000.0,5000.0,5000.0
period1,sc01,t8672,5000.0,5000.0,5000.0,5000.0
period1,sc01,t8673,5000.0,5000.0,5000.0,5000.0
period1,sc01,t8674,5000.0,5000.0,5000.0,5000.0
period1,sc01,t8675,5000.0,5000.0,5000.0,5000.0
period1,sc01,t8676,5000.0,5000.0,5000.0,5000.0
period1,sc01,t8677,5000.0,5000.0,5000.0,5000.0
period1,sc01,t8678,5000.0,5000.0,5000.0,5000.0
period1,sc01,t8679,5000.0,5000.0,5000.0,5000.0
period1,sc01,t8680,5000.0,5000.0,5000.0,5000.0
period1,sc01,t8681,5000.0,5000.0,5000.0,5000.0
period1,sc01,t8682,5000.0,5000.0,5000.0,5000.0
period1,sc01,t8683,5000.0,5000.0,5000.0,5000.0
period1,sc01,t8684,5000.0,5000.0,5000.0,5000.0
period1,sc01,t8685,5000.0,5000.0,5000.0,5000.0
period1,sc01,t8686,5000.0,5000.0,5000.0,5000.0
period1,sc01,t8687,5000.0,5000.0,5000.0,5000.0
period1,sc01,t8688,5000.0,5000.0,5000.0,5000.0
period1,sc01,t8689,5000.0,5000.0,5000.0,5000.0
period1,sc01,t8690,5000.0,5000.0,5000.0,5000.0
period1,sc01,t8691,5000.0,5000.0,5000.0,5000.0
period1,sc01,t8692,5000.0,5000.0,5000.0,5000.0
period1,sc01,t8693,5000.0,5000.0,5000.0,5000.0
period1,sc01,t8694,5000.0,5000.0,5000.0,5000.0
period1,sc01,t8695,5000.0,5000.0,5000.0,5000.0
period1,sc01,t8696,5000.0,5000.0,5000.0,5000.0
period1,sc01,t8697,5000.0,5000.0,5000.0,5000.0
period1,sc01,t8698,5000.0,5000.0,5000.0,5000.0
period1,sc01,t8699,5000.0,5000.0,5000.0,5000.0
period1,sc01,t8700,5000.0,5000.0,5000.0,5000.0
period1,sc01,t8701,5000.0,5000.0,5000.0,5000.0
period1,sc01,t8702,5000.0,5000.0,5000.0,5000.0
period1,sc01,t8703,5000.0,5000.0,5000.0,5000.0
period1,sc01,t8704,5000.0,5000.0,5000.0,5000.0
period1,sc01,t8705,5000.0,5000.0,5000.0,5000.0
period1,sc01,t8706,5000.0,5000.0,5000.0,5000.0
period1,sc01,t8707,5000.0,5000.0,5000.0,5000.0
period1,sc01,t8708,5000.0,5000.0,5000.0,5000.0
period1,sc01,t8709,5000.0,5000.0,5000.0,5000.0
period1,sc01,t8710,5000.0,5000.0,5000.0,5000.0
period1,sc01,t8711,5000.0,5000.0,5000.0,5000.0
period1,sc01,t8712,5000.0,5000.0,5000.0,5000.0
period1,sc01,t8713,5000.0,5000.0,5000.0,5000.0
period1,sc01,t8714,5000.0,5000.0,5000.0,5000.0
period1,sc01,t8715,5000.0,5000.0,5000.0,5000.0
period1,sc01,t8716,5000.0,5000.0,5000.0,5000.0
period1,sc01,t8717,5000.0,5000.0,5000.0,5000.0
period1,sc01,t8718,5000.0,5000.0,5000.0,5000.0
period1,sc01,t8719,5000.0,5000.0,5000.0,5000.0
period1,sc01,t8720,5000.0,5000.0,5000.0,5000.0
period1,sc01,t8721,5000.0,5000.0,5000.0,5000.0
period1,sc01,t8722,5000.0,5000.0,5000.0,5000.0
period1,sc01,t8723,5000.0,5000.0,5000.0,5000.0
period1,sc01,t8724,5000.0,5000.0,5000.0,5000.0
period1,sc01,t8725,5000.0,5000.0,5000.0,5000.0
period1,sc01,t8726,5000.0,5000.0,5000.0,5000.0
period1,sc01,t8727,5000.0,5000.0,5000.0,5000.0
period1,sc01,t8728,5000.0,5000.0,5000.0,5000.0
period1,sc01,t8729,5000.0,5000.0,5000.0,5000.0
period1,sc01,t8730,5000.0,5000.0,5000.0,5000.0
period1,sc01,t8731,5000.0,5000.0,5000.0,5000.0
period1,sc01,t8732,5000.0,5000.0,5000.0,5000.0
period1,sc01,t8733,5000.0,5000.0,5000.0,5000.0
period1,sc01,t8734,5000.0,5000.0,5000.0,5000.0
period1,sc01,t8735,5000.0,5000.0,5000.0,5000.0
period1,sc01,t8736,5000.0,5000.0,5000.0,5000.0
