,,,BESS_01,Wind_01,FC_01
period1,sc01,t0001,1,0.9,1.0
period1,sc01,t0002,1,0.9,1.0
period1,sc01,t0003,1,0.9,1.0
period1,sc01,t0004,1,0.9,1.0
period1,sc01,t0005,1,0.8993936528221529,1.0
period1,sc01,t0006,1,0.9,1.0
period1,sc01,t0007,1,0.9,1.0
period1,sc01,t0008,1,0.8980045233216611,1.0
period1,sc01,t0009,1,0.8977562031459257,1.0
period1,sc01,t0010,1,0.8971626954718921,1.0
period1,sc01,t0011,1,0.8885570235888963,1.0
period1,sc01,t0012,1,0.8881833422879516,1.0
period1,sc01,t0013,1,0.8941469753376389,1.0
period1,sc01,t0014,1,0.8766925274580188,1.0
period1,sc01,t0015,1,0.7956351953061336,1.0
period1,sc01,t0016,1,0.5149175927426992,1.0
period1,sc01,t0017,1,0.1798545523983716,1.0
period1,sc01,t0018,1,0.09925870929149791,1.0
period1,sc01,t0019,1,0.17610300953286157,1.0
period1,sc01,t0020,1,0.16143654576534713,1.0
period1,sc01,t0021,1,0.1430000914785149,1.0
period1,sc01,t0022,1,0.142112857667363,1.0
period1,sc01,t0023,1,0.177519998775933,1.0
period1,sc01,t0024,1,0.19694428175491274,1.0
period1,sc01,t0025,1,0.16311360199775815,1.0
period1,sc01,t0026,1,0.16109183051527887,1.0
period1,sc01,t0027,1,0.2131530564811009,1.0
period1,sc01,t0028,1,0.1770470535657672,1.0
period1,sc01,t0029,1,0.17322412062744702,1.0
period1,sc01,t0030,1,0.21749175148015232,1.0
period1,sc01,t0031,1,0.2378883468509548,1.0
period1,sc01,t0032,1,0.22304440776871098,1.0
period1,sc01,t0033,1,0.2189701984773428,1.0
period1,sc01,t0034,1,0.20588931723047418,1.0
period1,sc01,t0035,1,0.10073404033867439,1.0
period1,sc01,t0036,1,0.19028998869195538,1.0
period1,sc01,t0037,1,0.4020262476881907,1.0
period1,sc01,t0038,1,0.505052489153164,1.0
period1,sc01,t0039,1,0.533787708214726,1.0
period1,sc01,t0040,1,0.532060195002503,1.0
period1,sc01,t0041,1,0.4712465121686399,1.0
period1,sc01,t0042,1,0.36989501533439323,1.0
period1,sc01,t0043,1,0.35589321440785254,1.0
period1,sc01,t0044,1,0.34347798513744054,1.0
period1,sc01,t0045,1,0.33603814640202934,1.0
period1,sc01,t0046,1,0.31856098849383896,1.0
period1,sc01,t0047,1,0.16437605737979827,1.0
period1,sc01,t0048,1,0.11848232810156904,1.0
period1,sc01,t0049,1,0.1394939177853004,1.0
period1,sc01,t0050,1,0.38164656988245393,1.0
period1,sc01,t0051,1,0.5126132617032068,1.0
period1,sc01,t0052,1,0.7916902508850636,1.0
period1,sc01,t0053,1,0.9,1.0
period1,sc01,t0054,1,0.9,1.0
period1,sc01,t0055,1,0.8984865268537492,1.0
period1,sc01,t0056,1,0.6389116274520116,1.0
period1,sc01,t0057,1,0.8431575938149976,1.0
period1,sc01,t0058,1,0.8930847133377878,1.0
period1,sc01,t0059,1,0.7195228651566817,1.0
period1,sc01,t0060,1,0.3874047598182738,1.0
period1,sc01,t0061,1,0.7323898287970045,1.0
period1,sc01,t0062,1,0.9,1.0
period1,sc01,t0063,1,0.9,1.0
period1,sc01,t0064,1,0.8866982221091925,1.0
period1,sc01,t0065,1,0.815834138782156,1.0
period1,sc01,t0066,1,0.7361243966870117,1.0
period1,sc01,t0067,1,0.5713117710416534,1.0
period1,sc01,t0068,1,0.38001924301562323,1.0
period1,sc01,t0069,1,0.21655311817545655,1.0
period1,sc01,t0070,1,0.1401518918459846,1.0
period1,sc01,t0071,1,0.07978827030914179,1.0
period1,sc01,t0072,1,0.05060128697623341,1.0
period1,sc01,t0073,1,0.05390036809988409,1.0
period1,sc01,t0074,1,0.07468302404089916,1.0
period1,sc01,t0075,1,0.13567428007089588,1.0
period1,sc01,t0076,1,0.23083718963133196,1.0
period1,sc01,t0077,1,0.3296324407559884,1.0
period1,sc01,t0078,1,0.4209803769317288,1.0
period1,sc01,t0079,1,0.4856945451724785,1.0
period1,sc01,t0080,1,0.4781359623075642,1.0
period1,sc01,t0081,1,0.4779005539846091,1.0
period1,sc01,t0082,1,0.49868517905020177,1.0
period1,sc01,t0083,1,0.49426704272508143,1.0
period1,sc01,t0084,1,0.49312193158567363,1.0
period1,sc01,t0085,1,0.44350102716344686,1.0
period1,sc01,t0086,1,0.4514581985115599,1.0
period1,sc01,t0087,1,0.38110713113959604,1.0
period1,sc01,t0088,1,0.3345309072885076,1.0
period1,sc01,t0089,1,0.2846174443539723,1.0
period1,sc01,t0090,1,0.22328577799155566,1.0
period1,sc01,t0091,1,0.24283929583826686,1.0
period1,sc01,t0092,1,0.24347896221579823,1.0
period1,sc01,t0093,1,0.22045678365129248,1.0
period1,sc01,t0094,1,0.22012060670567712,1.0
period1,sc01,t0095,1,0.29137305722378903,1.0
period1,sc01,t0096,1,0.21865333160209752,1.0
period1,sc01,t0097,1,0.13153805038320587,1.0
period1,sc01,t0098,1,0.10612280477226835,1.0
period1,sc01,t0099,1,0.0835158557833192,1.0
period1,sc01,t0100,1,0.04400625142193949,1.0
period1,sc01,t0101,1,0.00089629571461401,1.0
period1,sc01,t0102,1,0.0,1.0
period1,sc01,t0103,1,0.0,1.0
period1,sc01,t0104,1,0.0055589405096196,1.0
period1,sc01,t0105,1,0.11128768949355067,1.0
period1,sc01,t0106,1,0.15185352084259024,1.0
period1,sc01,t0107,1,0.18071592351718943,1.0
period1,sc01,t0108,1,0.20032994625255918,1.0
period1,sc01,t0109,1,0.19635482527224993,1.0
period1,sc01,t0110,1,0.2583429238804343,1.0
period1,sc01,t0111,1,0.2962339150688287,1.0
period1,sc01,t0112,1,0.33553013187279235,1.0
period1,sc01,t0113,1,0.3268161783759916,1.0
period1,sc01,t0114,1,0.319694289039911,1.0
period1,sc01,t0115,1,0.2980398802153985,1.0
period1,sc01,t0116,1,0.3190122100156843,1.0
period1,sc01,t0117,1,0.37325883020981626,1.0
period1,sc01,t0118,1,0.44793097843062185,1.0
period1,sc01,t0119,1,0.5358387239255532,1.0
period1,sc01,t0120,1,0.5475591756845811,1.0
period1,sc01,t0121,1,0.6375936210890117,1.0
period1,sc01,t0122,1,0.6413036036424696,1.0
period1,sc01,t0123,1,0.7508398177395119,1.0
period1,sc01,t0124,1,0.8121296980305752,1.0
period1,sc01,t0125,1,0.8710829451861288,1.0
period1,sc01,t0126,1,0.8818805821692165,1.0
period1,sc01,t0127,1,0.8971929633106976,1.0
period1,sc01,t0128,1,0.8973397168941807,1.0
period1,sc01,t0129,1,0.8982864649069419,1.0
period1,sc01,t0130,1,0.8983213645466578,1.0
period1,sc01,t0131,1,0.8985072668695898,1.0
period1,sc01,t0132,1,0.897302481953221,1.0
period1,sc01,t0133,1,0.8970829564751268,1.0
period1,sc01,t0134,1,0.8861018546270979,1.0
period1,sc01,t0135,1,0.8810325148455651,1.0
period1,sc01,t0136,1,0.8798902508199359,1.0
period1,sc01,t0137,1,0.8722294876176394,1.0
period1,sc01,t0138,1,0.8151044360356337,1.0
period1,sc01,t0139,1,0.8001167314986455,1.0
period1,sc01,t0140,1,0.8726633586882907,1.0
period1,sc01,t0141,1,0.8970613557641722,1.0
period1,sc01,t0142,1,0.9,1.0
period1,sc01,t0143,1,0.9,1.0
period1,sc01,t0144,1,0.9,1.0
period1,sc01,t0145,1,0.9,1.0
period1,sc01,t0146,1,0.9,1.0
period1,sc01,t0147,1,0.9,1.0
period1,sc01,t0148,1,0.9,1.0
period1,sc01,t0149,1,0.9,1.0
period1,sc01,t0150,1,0.9,1.0
period1,sc01,t0151,1,0.9,1.0
period1,sc01,t0152,1,0.9,1.0
period1,sc01,t0153,1,0.9,1.0
period1,sc01,t0154,1,0.9,1.0
period1,sc01,t0155,1,0.9,1.0
period1,sc01,t0156,1,0.9,1.0
period1,sc01,t0157,1,0.9,1.0
period1,sc01,t0158,1,0.9,1.0
period1,sc01,t0159,1,0.9,1.0
period1,sc01,t0160,1,0.9,1.0
period1,sc01,t0161,1,0.9,1.0
period1,sc01,t0162,1,0.9,1.0
period1,sc01,t0163,1,0.9,1.0
period1,sc01,t0164,1,0.9,1.0
period1,sc01,t0165,1,0.9,1.0
period1,sc01,t0166,1,0.9,1.0
period1,sc01,t0167,1,0.9,1.0
period1,sc01,t0168,1,0.9,1.0
period1,sc01,t0169,1,0.9,1.0
period1,sc01,t0170,1,0.9,1.0
period1,sc01,t0171,1,0.9,1.0
period1,sc01,t0172,1,0.9,1.0
period1,sc01,t0173,1,0.9,1.0
period1,sc01,t0174,1,0.8986192152305496,1.0
period1,sc01,t0175,1,0.8804544862917297,1.0
period1,sc01,t0176,1,0.7962630058748253,1.0
period1,sc01,t0177,1,0.4907830703511351,1.0
period1,sc01,t0178,1,0.38731426635009564,1.0
period1,sc01,t0179,1,0.21914941019316345,1.0
period1,sc01,t0180,1,0.2665246093234386,1.0
period1,sc01,t0181,1,0.24676287722249843,1.0
period1,sc01,t0182,1,0.3147281405483547,1.0
period1,sc01,t0183,1,0.2927389257690756,1.0
period1,sc01,t0184,1,0.36907863433106014,1.0
period1,sc01,t0185,1,0.40945089179552374,1.0
period1,sc01,t0186,1,0.5349308102037842,1.0
period1,sc01,t0187,1,0.5402914057158913,1.0
period1,sc01,t0188,1,0.4411033428907476,1.0
period1,sc01,t0189,1,0.42563334138252445,1.0
period1,sc01,t0190,1,0.4122110958822965,1.0
period1,sc01,t0191,1,0.4066977017743009,1.0
period1,sc01,t0192,1,0.527293337309841,1.0
period1,sc01,t0193,1,0.652016513795418,1.0
period1,sc01,t0194,1,0.6720532055770294,1.0
period1,sc01,t0195,1,0.5025166781265071,1.0
period1,sc01,t0196,1,0.3537003415500187,1.0
period1,sc01,t0197,1,0.24935183410356457,1.0
period1,sc01,t0198,1,0.17883320393358945,1.0
period1,sc01,t0199,1,0.10686099720503889,1.0
period1,sc01,t0200,1,0.06813978424470864,1.0
period1,sc01,t0201,1,0.038839244183715066,1.0
period1,sc01,t0202,1,0.0075472014823081204,1.0
period1,sc01,t0203,1,0.00131038743130065,1.0
period1,sc01,t0204,1,0.00136831265989452,1.0
period1,sc01,t0205,1,0.00082760393202732,1.0
period1,sc01,t0206,1,0.00025506397452240004,1.0
period1,sc01,t0207,1,0.0,1.0
period1,sc01,t0208,1,0.00028311247871766005,1.0
period1,sc01,t0209,1,0.00112114279910358,1.0
period1,sc01,t0210,1,0.00405566065422702,1.0
period1,sc01,t0211,1,0.00130157028330777,1.0
period1,sc01,t0212,1,0.00111014426780289,1.0
period1,sc01,t0213,1,0.00300618102520296,1.0
period1,sc01,t0214,1,0.02754799229154681,1.0
period1,sc01,t0215,1,0.053059018641793736,1.0
period1,sc01,t0216,1,0.037420407934050784,1.0
period1,sc01,t0217,1,0.030473776465722184,1.0
period1,sc01,t0218,1,0.04077704629868886,1.0
period1,sc01,t0219,1,0.06486634548655615,1.0
period1,sc01,t0220,1,0.07569436894318864,1.0
period1,sc01,t0221,1,0.12379562733736892,1.0
period1,sc01,t0222,1,0.1654113972254931,1.0
period1,sc01,t0223,1,0.21225016518201406,1.0
period1,sc01,t0224,1,0.24200896327194638,1.0
period1,sc01,t0225,1,0.28493796190563875,1.0
period1,sc01,t0226,1,0.3565953527252898,1.0
period1,sc01,t0227,1,0.4316699569117876,1.0
period1,sc01,t0228,1,0.37155125855817456,1.0
period1,sc01,t0229,1,0.3292405608232942,1.0
period1,sc01,t0230,1,0.2852412487242668,1.0
period1,sc01,t0231,1,0.3663238964742924,1.0
period1,sc01,t0232,1,0.39764977722661754,1.0
period1,sc01,t0233,1,0.3773670487542183,1.0
period1,sc01,t0234,1,0.43127157500114616,1.0
period1,sc01,t0235,1,0.5009884992851427,1.0
period1,sc01,t0236,1,0.5232262833538551,1.0
period1,sc01,t0237,1,0.5308236713840491,1.0
period1,sc01,t0238,1,0.5480013512956396,1.0
period1,sc01,t0239,1,0.5865688871664825,1.0
period1,sc01,t0240,1,0.6264971374007814,1.0
period1,sc01,t0241,1,0.5997367685161807,1.0
period1,sc01,t0242,1,0.6501222526399268,1.0
period1,sc01,t0243,1,0.7552394585680463,1.0
period1,sc01,t0244,1,0.7813315797146646,1.0
period1,sc01,t0245,1,0.7867006502420958,1.0
period1,sc01,t0246,1,0.7967342429014568,1.0
period1,sc01,t0247,1,0.7957427328733778,1.0
period1,sc01,t0248,1,0.8019836943793753,1.0
period1,sc01,t0249,1,0.8173329527564284,1.0
period1,sc01,t0250,1,0.8022490601527362,1.0
period1,sc01,t0251,1,0.8575360967010165,1.0
period1,sc01,t0252,1,0.6638018138512561,1.0
period1,sc01,t0253,1,0.6014014451966146,1.0
period1,sc01,t0254,1,0.7499791106654314,1.0
period1,sc01,t0255,1,0.6785907443792063,1.0
period1,sc01,t0256,1,0.5868205023823003,1.0
period1,sc01,t0257,1,0.5278727050530492,1.0
period1,sc01,t0258,1,0.47525709015056394,1.0
period1,sc01,t0259,1,0.4147738405567015,1.0
period1,sc01,t0260,1,0.3627490081812693,1.0
period1,sc01,t0261,1,0.30337759721329527,1.0
period1,sc01,t0262,1,0.26756274365222693,1.0
period1,sc01,t0263,1,0.25572300601936276,1.0
period1,sc01,t0264,1,0.21097685907835814,1.0
period1,sc01,t0265,1,0.20101164615150688,1.0
period1,sc01,t0266,1,0.1877662889188975,1.0
period1,sc01,t0267,1,0.18338312858989853,1.0
period1,sc01,t0268,1,0.18287081874069355,1.0
period1,sc01,t0269,1,0.18529996893230843,1.0
period1,sc01,t0270,1,0.18051940463700195,1.0
period1,sc01,t0271,1,0.15987643792324974,1.0
period1,sc01,t0272,1,0.14572452218343274,1.0
period1,sc01,t0273,1,0.13438431889587,1.0
period1,sc01,t0274,1,0.11226048549622633,1.0
period1,sc01,t0275,1,0.10361892528613531,1.0
period1,sc01,t0276,1,0.08418231430102278,1.0
period1,sc01,t0277,1,0.0755855256576421,1.0
period1,sc01,t0278,1,0.04098198449885076,1.0
period1,sc01,t0279,1,0.03312544111546257,1.0
period1,sc01,t0280,1,0.011350396758624662,1.0
period1,sc01,t0281,1,0.0005044885034496301,1.0
period1,sc01,t0282,1,0.0,1.0
period1,sc01,t0283,1,0.0,1.0
period1,sc01,t0284,1,0.0,1.0
period1,sc01,t0285,1,0.0,1.0
period1,sc01,t0286,1,0.02324365844708934,1.0
period1,sc01,t0287,1,0.07099687778737176,1.0
period1,sc01,t0288,1,0.0823112314508997,1.0
period1,sc01,t0289,1,0.15450721719164318,1.0
period1,sc01,t0290,1,0.22006590685233832,1.0
period1,sc01,t0291,1,0.21573126292168834,1.0
period1,sc01,t0292,1,0.25930325981121916,1.0
period1,sc01,t0293,1,0.2979587864325348,1.0
period1,sc01,t0294,1,0.34189693225362017,1.0
period1,sc01,t0295,1,0.41933442677795424,1.0
period1,sc01,t0296,1,0.5311461368512133,1.0
period1,sc01,t0297,1,0.6411858229664579,1.0
period1,sc01,t0298,1,0.7084731192288546,1.0
period1,sc01,t0299,1,0.7640373372696635,1.0
period1,sc01,t0300,1,0.7619278589390603,1.0
period1,sc01,t0301,1,0.7618486621117584,1.0
period1,sc01,t0302,1,0.8107551543665704,1.0
period1,sc01,t0303,1,0.857804344087833,1.0
period1,sc01,t0304,1,0.8539289282991759,1.0
period1,sc01,t0305,1,0.8503110375235423,1.0
period1,sc01,t0306,1,0.8077065118136749,1.0
period1,sc01,t0307,1,0.765516538560159,1.0
period1,sc01,t0308,1,0.7753200279232664,1.0
period1,sc01,t0309,1,0.7955324496356968,1.0
period1,sc01,t0310,1,0.8182115282660096,1.0
period1,sc01,t0311,1,0.6993407767306579,1.0
period1,sc01,t0312,1,0.7564581392419131,1.0
period1,sc01,t0313,1,0.795775343841608,1.0
period1,sc01,t0314,1,0.8108747733152273,1.0
period1,sc01,t0315,1,0.8527366049902492,1.0
period1,sc01,t0316,1,0.8759157528557178,1.0
period1,sc01,t0317,1,0.8804419026545905,1.0
period1,sc01,t0318,1,0.880909043823944,1.0
period1,sc01,t0319,1,0.8730791604573384,1.0
period1,sc01,t0320,1,0.8742608905888897,1.0
period1,sc01,t0321,1,0.8684375698607419,1.0
period1,sc01,t0322,1,0.8147832696219048,1.0
period1,sc01,t0323,1,0.6621914165948211,1.0
period1,sc01,t0324,1,0.6625835253171792,1.0
period1,sc01,t0325,1,0.6714998952851581,1.0
period1,sc01,t0326,1,0.7630354426507335,1.0
period1,sc01,t0327,1,0.8163666530845167,1.0
period1,sc01,t0328,1,0.8511870890332073,1.0
period1,sc01,t0329,1,0.8335594309829152,1.0
period1,sc01,t0330,1,0.7780102119661292,1.0
period1,sc01,t0331,1,0.6620381701140786,1.0
period1,sc01,t0332,1,0.543592832289981,1.0
period1,sc01,t0333,1,0.4851007378479468,1.0
period1,sc01,t0334,1,0.3774643976433964,1.0
period1,sc01,t0335,1,0.24811408216858213,1.0
period1,sc01,t0336,1,0.168004265916538,1.0
period1,sc01,t0337,1,0.12494053398523491,1.0
period1,sc01,t0338,1,0.11659164823640711,1.0
period1,sc01,t0339,1,0.10916119588374405,1.0
period1,sc01,t0340,1,0.06890756755703382,1.0
period1,sc01,t0341,1,0.014191452296449471,1.0
period1,sc01,t0342,1,0.0007505350788750301,1.0
period1,sc01,t0343,1,1.0417205203201965e-06,1.0
period1,sc01,t0344,1,0.0,1.0
period1,sc01,t0345,1,0.0,1.0
period1,sc01,t0346,1,0.0,1.0
period1,sc01,t0347,1,0.039341016336074765,1.0
period1,sc01,t0348,1,0.07160536046914444,1.0
period1,sc01,t0349,1,0.08517834639791938,1.0
period1,sc01,t0350,1,0.09164011549286331,1.0
period1,sc01,t0351,1,0.12042987459344479,1.0
period1,sc01,t0352,1,0.1291705813134153,1.0
period1,sc01,t0353,1,0.13992147408360242,1.0
period1,sc01,t0354,1,0.18479316597132572,1.0
period1,sc01,t0355,1,0.21385781124225453,1.0
period1,sc01,t0356,1,0.31405437982634277,1.0
period1,sc01,t0357,1,0.37394949747562406,1.0
period1,sc01,t0358,1,0.36726637636364057,1.0
period1,sc01,t0359,1,0.3030439901053728,1.0
period1,sc01,t0360,1,0.26963449453818306,1.0
period1,sc01,t0361,1,0.2922672576284301,1.0
period1,sc01,t0362,1,0.29498275566358995,1.0
period1,sc01,t0363,1,0.3622319050090674,1.0
period1,sc01,t0364,1,0.45129749607052605,1.0
period1,sc01,t0365,1,0.46811055510642585,1.0
period1,sc01,t0366,1,0.45681898392389075,1.0
period1,sc01,t0367,1,0.47140121128162643,1.0
period1,sc01,t0368,1,0.5202124811938568,1.0
period1,sc01,t0369,1,0.5091991040874873,1.0
period1,sc01,t0370,1,0.4426046409123871,1.0
period1,sc01,t0371,1,0.28225682661046225,1.0
period1,sc01,t0372,1,0.2990527931342173,1.0
period1,sc01,t0373,1,0.31621351330145836,1.0
period1,sc01,t0374,1,0.31216634330704696,1.0
period1,sc01,t0375,1,0.3781088862543997,1.0
period1,sc01,t0376,1,0.39341086018758337,1.0
period1,sc01,t0377,1,0.40754078191819054,1.0
period1,sc01,t0378,1,0.44945847841272957,1.0
period1,sc01,t0379,1,0.45892113225314113,1.0
period1,sc01,t0380,1,0.4707702943266686,1.0
period1,sc01,t0381,1,0.5004364870143377,1.0
period1,sc01,t0382,1,0.5117697421552371,1.0
period1,sc01,t0383,1,0.36912924673903447,1.0
period1,sc01,t0384,1,0.4177504836282205,1.0
period1,sc01,t0385,1,0.4337053038860273,1.0
period1,sc01,t0386,1,0.44478709021637036,1.0
period1,sc01,t0387,1,0.4105987549845668,1.0
period1,sc01,t0388,1,0.3738099709579965,1.0
period1,sc01,t0389,1,0.34400212999369273,1.0
period1,sc01,t0390,1,0.34134493827278595,1.0
period1,sc01,t0391,1,0.3340029494921264,1.0
period1,sc01,t0392,1,0.35215548706097133,1.0
period1,sc01,t0393,1,0.3834625885009345,1.0
period1,sc01,t0394,1,0.4105076556535471,1.0
period1,sc01,t0395,1,0.2688678733630238,1.0
period1,sc01,t0396,1,0.40602153348398934,1.0
period1,sc01,t0397,1,0.3910242053006262,1.0
period1,sc01,t0398,1,0.4669923098446783,1.0
period1,sc01,t0399,1,0.4861585280741646,1.0
period1,sc01,t0400,1,0.5840335834274296,1.0
period1,sc01,t0401,1,0.6016383604696054,1.0
period1,sc01,t0402,1,0.6591904880725811,1.0
period1,sc01,t0403,1,0.6512137480590421,1.0
period1,sc01,t0404,1,0.7141824180774683,1.0
period1,sc01,t0405,1,0.7190461000819295,1.0
period1,sc01,t0406,1,0.7102379319017897,1.0
period1,sc01,t0407,1,0.4169557840612436,1.0
period1,sc01,t0408,1,0.47102155936299195,1.0
period1,sc01,t0409,1,0.48832965520436217,1.0
period1,sc01,t0410,1,0.4165977435052444,1.0
period1,sc01,t0411,1,0.3758330796764663,1.0
period1,sc01,t0412,1,0.3809199548498787,1.0
period1,sc01,t0413,1,0.35799530438592897,1.0
period1,sc01,t0414,1,0.33824572647166723,1.0
period1,sc01,t0415,1,0.308985814289443,1.0
period1,sc01,t0416,1,0.2857019539009475,1.0
period1,sc01,t0417,1,0.22447079335514314,1.0
period1,sc01,t0418,1,0.17145602719585676,1.0
period1,sc01,t0419,1,0.07143692241887839,1.0
period1,sc01,t0420,1,0.05888102853148857,1.0
period1,sc01,t0421,1,0.04851239432447457,1.0
period1,sc01,t0422,1,0.06644574654077476,1.0
period1,sc01,t0423,1,0.09972595480929741,1.0
period1,sc01,t0424,1,0.15281231225657502,1.0
period1,sc01,t0425,1,0.16105206369976363,1.0
period1,sc01,t0426,1,0.15827972619110076,1.0
period1,sc01,t0427,1,0.16644789507538657,1.0
period1,sc01,t0428,1,0.15439389232224918,1.0
period1,sc01,t0429,1,0.1399680396984581,1.0
period1,sc01,t0430,1,0.13792016153973555,1.0
period1,sc01,t0431,1,0.08051552163174744,1.0
period1,sc01,t0432,1,0.07992942195201705,1.0
period1,sc01,t0433,1,0.07047494601535718,1.0
period1,sc01,t0434,1,0.058372043891942255,1.0
period1,sc01,t0435,1,0.07371228147803695,1.0
period1,sc01,t0436,1,0.09030973821215302,1.0
period1,sc01,t0437,1,0.11108482030918936,1.0
period1,sc01,t0438,1,0.11697943045788603,1.0
period1,sc01,t0439,1,0.1066331534142177,1.0
period1,sc01,t0440,1,0.08876876323555108,1.0
period1,sc01,t0441,1,0.07569913868433037,1.0
period1,sc01,t0442,1,0.10582745127194754,1.0
period1,sc01,t0443,1,0.03716451237005586,1.0
period1,sc01,t0444,1,0.02760726631912749,1.0
period1,sc01,t0445,1,0.02360455691247846,1.0
period1,sc01,t0446,1,0.023248747507880432,1.0
period1,sc01,t0447,1,0.00887451758172072,1.0
period1,sc01,t0448,1,0.0011737503106475401,1.0
period1,sc01,t0449,1,0.00103382309085498,1.0
period1,sc01,t0450,1,0.00035233541842707,1.0
period1,sc01,t0451,1,0.00066063198326418,1.0
period1,sc01,t0452,1,0.016896021947172362,1.0
period1,sc01,t0453,1,0.03053070684796023,1.0
period1,sc01,t0454,1,0.03496958967804867,1.0
period1,sc01,t0455,1,0.043896966373079375,1.0
period1,sc01,t0456,1,0.04977068419852722,1.0
period1,sc01,t0457,1,0.04817663483279382,1.0
period1,sc01,t0458,1,0.034794763952412246,1.0
period1,sc01,t0459,1,0.033682554038408044,1.0
period1,sc01,t0460,1,0.05589164033309376,1.0
period1,sc01,t0461,1,0.08268819972482493,1.0
period1,sc01,t0462,1,0.12395972019847644,1.0
period1,sc01,t0463,1,0.13800012092715225,1.0
period1,sc01,t0464,1,0.1465827358419164,1.0
period1,sc01,t0465,1,0.1679127443905871,1.0
period1,sc01,t0466,1,0.17375031839235827,1.0
period1,sc01,t0467,1,0.1535868750171844,1.0
period1,sc01,t0468,1,0.15250428825324175,1.0
period1,sc01,t0469,1,0.14231235424848876,1.0
period1,sc01,t0470,1,0.140646585913463,1.0
period1,sc01,t0471,1,0.1508572941210107,1.0
period1,sc01,t0472,1,0.17563035171498895,1.0
period1,sc01,t0473,1,0.20333026835777898,1.0
period1,sc01,t0474,1,0.22281196724367147,1.0
period1,sc01,t0475,1,0.2370595196576169,1.0
period1,sc01,t0476,1,0.24912785123403391,1.0
period1,sc01,t0477,1,0.2427831369586884,1.0
period1,sc01,t0478,1,0.22580317888248969,1.0
period1,sc01,t0479,1,0.20486973815260803,1.0
period1,sc01,t0480,1,0.17658514674738993,1.0
period1,sc01,t0481,1,0.12274364914953596,1.0
period1,sc01,t0482,1,0.11297939702121487,1.0
period1,sc01,t0483,1,0.0752366009781558,1.0
period1,sc01,t0484,1,0.042888074652542525,1.0
period1,sc01,t0485,1,0.0473485539691251,1.0
period1,sc01,t0486,1,0.05936834618575047,1.0
period1,sc01,t0487,1,0.0505725638089716,1.0
period1,sc01,t0488,1,0.05960453822259228,1.0
period1,sc01,t0489,1,0.09469755146533176,1.0
period1,sc01,t0490,1,0.1433099617740371,1.0
period1,sc01,t0491,1,0.15954727187851778,1.0
period1,sc01,t0492,1,0.1752141979771878,1.0
period1,sc01,t0493,1,0.19027010435815736,1.0
period1,sc01,t0494,1,0.20196708326772742,1.0
period1,sc01,t0495,1,0.24115791906183437,1.0
period1,sc01,t0496,1,0.2475863568373874,1.0
period1,sc01,t0497,1,0.23327090144580861,1.0
period1,sc01,t0498,1,0.24266186539377937,1.0
period1,sc01,t0499,1,0.2523372176248275,1.0
period1,sc01,t0500,1,0.2942823669975729,1.0
period1,sc01,t0501,1,0.3636568610255601,1.0
period1,sc01,t0502,1,0.3894326320017049,1.0
period1,sc01,t0503,1,0.2737177139416132,1.0
period1,sc01,t0504,1,0.3609882801241566,1.0
period1,sc01,t0505,1,0.3235277877939737,1.0
period1,sc01,t0506,1,0.2655101274755713,1.0
period1,sc01,t0507,1,0.2632673090289484,1.0
period1,sc01,t0508,1,0.2739387047849342,1.0
period1,sc01,t0509,1,0.26341651216840684,1.0
period1,sc01,t0510,1,0.20556142822253215,1.0
period1,sc01,t0511,1,0.1883194772757191,1.0
period1,sc01,t0512,1,0.1668708802555552,1.0
period1,sc01,t0513,1,0.17582175495613342,1.0
period1,sc01,t0514,1,0.2183124285881656,1.0
period1,sc01,t0515,1,0.18630440799736186,1.0
period1,sc01,t0516,1,0.23058507726052122,1.0
period1,sc01,t0517,1,0.2077025062485836,1.0
period1,sc01,t0518,1,0.250077916495469,1.0
period1,sc01,t0519,1,0.2714886508977305,1.0
period1,sc01,t0520,1,0.18927896050050805,1.0
period1,sc01,t0521,1,0.1115478083525058,1.0
period1,sc01,t0522,1,0.10055208028679109,1.0
period1,sc01,t0523,1,0.1173475286632296,1.0
period1,sc01,t0524,1,0.1642343207079341,1.0
period1,sc01,t0525,1,0.182049099188544,1.0
period1,sc01,t0526,1,0.24157071168185898,1.0
period1,sc01,t0527,1,0.2737322994309734,1.0
period1,sc01,t0528,1,0.3611528141241648,1.0
period1,sc01,t0529,1,0.41935736200296153,1.0
period1,sc01,t0530,1,0.4221618963470639,1.0
period1,sc01,t0531,1,0.40281419236617555,1.0
period1,sc01,t0532,1,0.3554271475971198,1.0
period1,sc01,t0533,1,0.3265283912070148,1.0
period1,sc01,t0534,1,0.3317742065958409,1.0
period1,sc01,t0535,1,0.33259386320932893,1.0
period1,sc01,t0536,1,0.3542811736660283,1.0
period1,sc01,t0537,1,0.31740674003620095,1.0
period1,sc01,t0538,1,0.33242049676267876,1.0
period1,sc01,t0539,1,0.3772570727557706,1.0
period1,sc01,t0540,1,0.3720245287380081,1.0
period1,sc01,t0541,1,0.35012275904427076,1.0
period1,sc01,t0542,1,0.3259484044705763,1.0
period1,sc01,t0543,1,0.2699634035745469,1.0
period1,sc01,t0544,1,0.3844325172172582,1.0
period1,sc01,t0545,1,0.5051267726795491,1.0
period1,sc01,t0546,1,0.5861637413066098,1.0
period1,sc01,t0547,1,0.6910285823390114,1.0
period1,sc01,t0548,1,0.7893705479363504,1.0
period1,sc01,t0549,1,0.7974400157697193,1.0
period1,sc01,t0550,1,0.5902652379136817,1.0
period1,sc01,t0551,1,0.43475873876457194,1.0
period1,sc01,t0552,1,0.44360013600330345,1.0
period1,sc01,t0553,1,0.5392573566817288,1.0
period1,sc01,t0554,1,0.5785324060549629,1.0
period1,sc01,t0555,1,0.5449732579629125,1.0
period1,sc01,t0556,1,0.6292622642541048,1.0
period1,sc01,t0557,1,0.5997945356126777,1.0
period1,sc01,t0558,1,0.5563973298667955,1.0
period1,sc01,t0559,1,0.5871827237457784,1.0
period1,sc01,t0560,1,0.60926674915642,1.0
period1,sc01,t0561,1,0.7305246972834843,1.0
period1,sc01,t0562,1,0.7953296251919592,1.0
period1,sc01,t0563,1,0.7889145063154496,1.0
period1,sc01,t0564,1,0.8507793555048824,1.0
period1,sc01,t0565,1,0.8710535252851794,1.0
period1,sc01,t0566,1,0.8912645670875753,1.0
period1,sc01,t0567,1,0.8979655076584765,1.0
period1,sc01,t0568,1,0.9,1.0
period1,sc01,t0569,1,0.9,1.0
period1,sc01,t0570,1,0.9,1.0
period1,sc01,t0571,1,0.9,1.0
period1,sc01,t0572,1,0.9,1.0
period1,sc01,t0573,1,0.9,1.0
period1,sc01,t0574,1,0.8992624786215081,1.0
period1,sc01,t0575,1,0.9,1.0
period1,sc01,t0576,1,0.9,1.0
period1,sc01,t0577,1,0.9,1.0
period1,sc01,t0578,1,0.8995109631047634,1.0
period1,sc01,t0579,1,0.9,1.0
period1,sc01,t0580,1,0.9,1.0
period1,sc01,t0581,1,0.8994175293212134,1.0
period1,sc01,t0582,1,0.8981659696683132,1.0
period1,sc01,t0583,1,0.8976418841407973,1.0
period1,sc01,t0584,1,0.8925092813656671,1.0
period1,sc01,t0585,1,0.8805357568827795,1.0
period1,sc01,t0586,1,0.8657307749990629,1.0
period1,sc01,t0587,1,0.8275612090427871,1.0
period1,sc01,t0588,1,0.7788109561794339,1.0
period1,sc01,t0589,1,0.7790788480287746,1.0
period1,sc01,t0590,1,0.7612346742156919,1.0
period1,sc01,t0591,1,0.7879576154695368,1.0
period1,sc01,t0592,1,0.7007046023825231,1.0
period1,sc01,t0593,1,0.648897038377659,1.0
period1,sc01,t0594,1,0.6613886312451398,1.0
period1,sc01,t0595,1,0.6916222897393894,1.0
period1,sc01,t0596,1,0.7665731504475998,1.0
period1,sc01,t0597,1,0.8395994264876417,1.0
period1,sc01,t0598,1,0.8715431610447941,1.0
period1,sc01,t0599,1,0.8115793884616583,1.0
period1,sc01,t0600,1,0.5807660744250523,1.0
period1,sc01,t0601,1,0.4589045250385868,1.0
period1,sc01,t0602,1,0.40431107845806613,1.0
period1,sc01,t0603,1,0.3087451805631374,1.0
period1,sc01,t0604,1,0.23189766915218543,1.0
period1,sc01,t0605,1,0.25192906845751567,1.0
period1,sc01,t0606,1,0.26034120740234656,1.0
period1,sc01,t0607,1,0.21332303488288637,1.0
period1,sc01,t0608,1,0.1986895314104409,1.0
period1,sc01,t0609,1,0.11276219461226165,1.0
period1,sc01,t0610,1,0.04512202679012391,1.0
period1,sc01,t0611,1,0.00110954140908912,1.0
period1,sc01,t0612,1,0.00601160193374328,1.0
period1,sc01,t0613,1,0.011655713651120371,1.0
period1,sc01,t0614,1,0.0009986812735372202,1.0
period1,sc01,t0615,1,0.00118214405763318,1.0
period1,sc01,t0616,1,0.02222935404911271,1.0
period1,sc01,t0617,1,0.046643740872305495,1.0
period1,sc01,t0618,1,0.06852264827900625,1.0
period1,sc01,t0619,1,0.07911668876004757,1.0
period1,sc01,t0620,1,0.07690110791126994,1.0
period1,sc01,t0621,1,0.08571095615499544,1.0
period1,sc01,t0622,1,0.09977676069829501,1.0
period1,sc01,t0623,1,0.10824452550462743,1.0
period1,sc01,t0624,1,0.12251220965421679,1.0
period1,sc01,t0625,1,0.1268063740472257,1.0
period1,sc01,t0626,1,0.15134129794564938,1.0
period1,sc01,t0627,1,0.18737494092992457,1.0
period1,sc01,t0628,1,0.21673539629734012,1.0
period1,sc01,t0629,1,0.25208886686708937,1.0
period1,sc01,t0630,1,0.30143099623190456,1.0
period1,sc01,t0631,1,0.42984489554062716,1.0
period1,sc01,t0632,1,0.5133227563323564,1.0
period1,sc01,t0633,1,0.6079561380710451,1.0
period1,sc01,t0634,1,0.7875785793586941,1.0
period1,sc01,t0635,1,0.6922866921679983,1.0
period1,sc01,t0636,1,0.7949561962943203,1.0
period1,sc01,t0637,1,0.8643807587372897,1.0
period1,sc01,t0638,1,0.8445494086684692,1.0
period1,sc01,t0639,1,0.8794398657264234,1.0
period1,sc01,t0640,1,0.886445877889119,1.0
period1,sc01,t0641,1,0.822865622973262,1.0
period1,sc01,t0642,1,0.6963174000262417,1.0
period1,sc01,t0643,1,0.6776509611352272,1.0
period1,sc01,t0644,1,0.6574082891382127,1.0
period1,sc01,t0645,1,0.662822997760747,1.0
period1,sc01,t0646,1,0.5456512250665557,1.0
period1,sc01,t0647,1,0.5133574880575889,1.0
period1,sc01,t0648,1,0.5275913583505479,1.0
period1,sc01,t0649,1,0.6080050590575781,1.0
period1,sc01,t0650,1,0.5765005853862524,1.0
period1,sc01,t0651,1,0.5414059959733365,1.0
period1,sc01,t0652,1,0.4990220708262287,1.0
period1,sc01,t0653,1,0.47652769712287896,1.0
period1,sc01,t0654,1,0.47193946637487677,1.0
period1,sc01,t0655,1,0.3928040539343405,1.0
period1,sc01,t0656,1,0.3713449867470678,1.0
period1,sc01,t0657,1,0.46155241418625226,1.0
period1,sc01,t0658,1,0.3020051331851793,1.0
period1,sc01,t0659,1,0.11167988535345988,1.0
period1,sc01,t0660,1,0.1497082060889675,1.0
period1,sc01,t0661,1,0.2121946407101602,1.0
period1,sc01,t0662,1,0.10113536360870369,1.0
period1,sc01,t0663,1,0.14445375458242157,1.0
period1,sc01,t0664,1,0.19274562172281853,1.0
period1,sc01,t0665,1,0.1623492357434593,1.0
period1,sc01,t0666,1,0.159022192316015,1.0
period1,sc01,t0667,1,0.1645101256699739,1.0
period1,sc01,t0668,1,0.1199951337715749,1.0
period1,sc01,t0669,1,0.12005648199993124,1.0
period1,sc01,t0670,1,0.11440456062603588,1.0
period1,sc01,t0671,1,0.08776653043111686,1.0
period1,sc01,t0672,1,0.06613519293878661,1.0
period1,sc01,t0673,1,0.06854766413485311,1.0
period1,sc01,t0674,1,0.08693499552504687,1.0
period1,sc01,t0675,1,0.10771648692639256,1.0
period1,sc01,t0676,1,0.09296405522598429,1.0
period1,sc01,t0677,1,0.06674693983750882,1.0
period1,sc01,t0678,1,0.04603559851715499,1.0
period1,sc01,t0679,1,0.03932007098710833,1.0
period1,sc01,t0680,1,0.02623321507400334,1.0
period1,sc01,t0681,1,0.00112438133851194,1.0
period1,sc01,t0682,1,0.0,1.0
period1,sc01,t0683,1,0.0,1.0
period1,sc01,t0684,1,0.0,1.0
period1,sc01,t0685,1,0.0,1.0
period1,sc01,t0686,1,0.0,1.0
period1,sc01,t0687,1,0.0,1.0
period1,sc01,t0688,1,0.0,1.0
period1,sc01,t0689,1,0.0,1.0
period1,sc01,t0690,1,0.0,1.0
period1,sc01,t0691,1,0.0,1.0
period1,sc01,t0692,1,0.0,1.0
period1,sc01,t0693,1,0.00042841112215347,1.0
period1,sc01,t0694,1,0.0008758398016484101,1.0
period1,sc01,t0695,1,0.00046321427694483007,1.0
period1,sc01,t0696,1,0.0,1.0
period1,sc01,t0697,1,0.0,1.0
period1,sc01,t0698,1,0.0,1.0
period1,sc01,t0699,1,0.0,1.0
period1,sc01,t0700,1,0.0,1.0
period1,sc01,t0701,1,0.0,1.0
period1,sc01,t0702,1,0.00032641868440116,1.0
period1,sc01,t0703,1,0.00299867267094894,1.0
period1,sc01,t0704,1,0.05463912749267574,1.0
period1,sc01,t0705,1,0.0765940186672281,1.0
period1,sc01,t0706,1,0.07358341320407079,1.0
period1,sc01,t0707,1,0.07674894698016357,1.0
period1,sc01,t0708,1,0.08537481704956806,1.0
period1,sc01,t0709,1,0.07838590236187401,1.0
period1,sc01,t0710,1,0.06667134249061872,1.0
period1,sc01,t0711,1,0.05316630726479409,1.0
period1,sc01,t0712,1,0.031363311806254984,1.0
period1,sc01,t0713,1,0.02051312252557923,1.0
period1,sc01,t0714,1,0.030497812190805332,1.0
period1,sc01,t0715,1,0.08874361554016716,1.0
period1,sc01,t0716,1,0.23024289553010918,1.0
period1,sc01,t0717,1,0.32312910065042155,1.0
period1,sc01,t0718,1,0.25011099460435504,1.0
period1,sc01,t0719,1,0.14360146522777728,1.0
period1,sc01,t0720,1,0.09700288682893002,1.0
period1,sc01,t0721,1,0.11076442398945972,1.0
period1,sc01,t0722,1,0.12306483548212914,1.0
period1,sc01,t0723,1,0.13313097377275843,1.0
period1,sc01,t0724,1,0.14457353620908628,1.0
period1,sc01,t0725,1,0.11025563880219993,1.0
period1,sc01,t0726,1,0.0731158128903177,1.0
period1,sc01,t0727,1,0.06607382363298918,1.0
period1,sc01,t0728,1,0.07428240348403123,1.0
period1,sc01,t0729,1,0.06768429016628476,1.0
period1,sc01,t0730,1,0.04352236393424625,1.0
period1,sc01,t0731,1,0.05475751603853238,1.0
period1,sc01,t0732,1,0.023137978558557242,1.0
period1,sc01,t0733,1,0.03383148544961004,1.0
period1,sc01,t0734,1,0.03597518622424851,1.0
period1,sc01,t0735,1,0.03397777982467155,1.0
period1,sc01,t0736,1,0.07637151643246062,1.0
period1,sc01,t0737,1,0.10629872939388221,1.0
period1,sc01,t0738,1,0.11734146440631685,1.0
period1,sc01,t0739,1,0.10233331303171464,1.0
period1,sc01,t0740,1,0.07573988136718314,1.0
period1,sc01,t0741,1,0.025812219496629693,1.0
period1,sc01,t0742,1,0.00136834976074536,1.0
period1,sc01,t0743,1,0.02565880173153414,1.0
period1,sc01,t0744,1,0.0024033540136907698,1.0
period1,sc01,t0745,1,0.00089442551793096,1.0
period1,sc01,t0746,1,0.00045166471148628005,1.0
period1,sc01,t0747,1,0.0,1.0
period1,sc01,t0748,1,0.0,1.0
period1,sc01,t0749,1,0.0,1.0
period1,sc01,t0750,1,0.0,1.0
period1,sc01,t0751,1,0.0,1.0
period1,sc01,t0752,1,0.0,1.0
period1,sc01,t0753,1,0.0,1.0
period1,sc01,t0754,1,0.0,1.0
period1,sc01,t0755,1,0.0,1.0
period1,sc01,t0756,1,0.0,1.0
period1,sc01,t0757,1,0.0,1.0
period1,sc01,t0758,1,0.0,1.0
period1,sc01,t0759,1,0.00024344635516776,1.0
period1,sc01,t0760,1,0.00061846627221495,1.0
period1,sc01,t0761,1,0.00021099188987082,1.0
period1,sc01,t0762,1,0.0,1.0
period1,sc01,t0763,1,0.0,1.0
period1,sc01,t0764,1,0.0,1.0
period1,sc01,t0765,1,0.0,1.0
period1,sc01,t0766,1,0.0,1.0
period1,sc01,t0767,1,0.0,1.0
period1,sc01,t0768,1,0.0,1.0
period1,sc01,t0769,1,0.0,1.0
period1,sc01,t0770,1,0.0,1.0
period1,sc01,t0771,1,0.0007189482041764201,1.0
period1,sc01,t0772,1,0.01805606593988463,1.0
period1,sc01,t0773,1,0.02435829004618479,1.0
period1,sc01,t0774,1,0.02203999126792299,1.0
period1,sc01,t0775,1,0.02170637177833629,1.0
period1,sc01,t0776,1,0.04695929371746252,1.0
period1,sc01,t0777,1,0.07237302521967208,1.0
period1,sc01,t0778,1,0.08397967766027724,1.0
period1,sc01,t0779,1,0.0648937777085964,1.0
period1,sc01,t0780,1,0.04569060685628367,1.0
period1,sc01,t0781,1,0.01183697617534137,1.0
period1,sc01,t0782,1,0.0014354714786198402,1.0
period1,sc01,t0783,1,0.00097587810980253,1.0
period1,sc01,t0784,1,0.00042237282245112,1.0
period1,sc01,t0785,1,0.0,1.0
period1,sc01,t0786,1,0.0,1.0
period1,sc01,t0787,1,0.0,1.0
period1,sc01,t0788,1,0.0,1.0
period1,sc01,t0789,1,0.0,1.0
period1,sc01,t0790,1,0.0,1.0
period1,sc01,t0791,1,0.0,1.0
period1,sc01,t0792,1,0.0,1.0
period1,sc01,t0793,1,0.0,1.0
period1,sc01,t0794,1,8.158137288154642e-05,1.0
period1,sc01,t0795,1,0.00134894201693499,1.0
period1,sc01,t0796,1,0.01227235608296379,1.0
period1,sc01,t0797,1,0.07391644949101474,1.0
period1,sc01,t0798,1,0.12364565632722314,1.0
period1,sc01,t0799,1,0.13587099125726304,1.0
period1,sc01,t0800,1,0.13429298274225082,1.0
period1,sc01,t0801,1,0.08314070890655628,1.0
period1,sc01,t0802,1,0.05804065053950274,1.0
period1,sc01,t0803,1,0.05391638385620193,1.0
period1,sc01,t0804,1,0.07449910100668233,1.0
period1,sc01,t0805,1,0.09436747567197583,1.0
period1,sc01,t0806,1,0.09471759137623413,1.0
period1,sc01,t0807,1,0.09788109058647568,1.0
period1,sc01,t0808,1,0.11771539907275397,1.0
period1,sc01,t0809,1,0.13596712101741582,1.0
period1,sc01,t0810,1,0.14799447001506888,1.0
period1,sc01,t0811,1,0.12931842416032927,1.0
period1,sc01,t0812,1,0.11377335816492275,1.0
period1,sc01,t0813,1,0.1174214428243254,1.0
period1,sc01,t0814,1,0.08896550570866196,1.0
period1,sc01,t0815,1,0.08382971226167721,1.0
period1,sc01,t0816,1,0.08650648800743851,1.0
period1,sc01,t0817,1,0.08301894094148175,1.0
period1,sc01,t0818,1,0.09343930996281123,1.0
period1,sc01,t0819,1,0.1326666950965313,1.0
period1,sc01,t0820,1,0.17794659643773383,1.0
period1,sc01,t0821,1,0.21859441192771084,1.0
period1,sc01,t0822,1,0.25215923223137093,1.0
period1,sc01,t0823,1,0.29925586715782565,1.0
period1,sc01,t0824,1,0.34228159166121147,1.0
period1,sc01,t0825,1,0.3701208042644188,1.0
period1,sc01,t0826,1,0.4070757956387905,1.0
period1,sc01,t0827,1,0.42134806542430386,1.0
period1,sc01,t0828,1,0.4177932347522646,1.0
period1,sc01,t0829,1,0.3585319254717676,1.0
period1,sc01,t0830,1,0.4005605926165447,1.0
period1,sc01,t0831,1,0.4328073506468585,1.0
period1,sc01,t0832,1,0.4796558040997963,1.0
period1,sc01,t0833,1,0.5504145380120441,1.0
period1,sc01,t0834,1,0.6404194384589462,1.0
period1,sc01,t0835,1,0.6868473134279864,1.0
period1,sc01,t0836,1,0.7159517689370778,1.0
period1,sc01,t0837,1,0.7045063049818405,1.0
period1,sc01,t0838,1,0.715418694923646,1.0
period1,sc01,t0839,1,0.7872794851388734,1.0
period1,sc01,t0840,1,0.8356237260123055,1.0
period1,sc01,t0841,1,0.8493786350921002,1.0
period1,sc01,t0842,1,0.870509232607922,1.0
period1,sc01,t0843,1,0.8714000391008264,1.0
period1,sc01,t0844,1,0.8736700882566931,1.0
period1,sc01,t0845,1,0.868158258800071,1.0
period1,sc01,t0846,1,0.8396311681088288,1.0
period1,sc01,t0847,1,0.81730462953519,1.0
period1,sc01,t0848,1,0.8146622999568733,1.0
period1,sc01,t0849,1,0.7898156486771274,1.0
period1,sc01,t0850,1,0.7614979090959437,1.0
period1,sc01,t0851,1,0.7637502397550695,1.0
period1,sc01,t0852,1,0.5895123831817705,1.0
period1,sc01,t0853,1,0.5833606970191102,1.0
period1,sc01,t0854,1,0.7039301166276017,1.0
period1,sc01,t0855,1,0.7834069981506773,1.0
period1,sc01,t0856,1,0.6325255858822895,1.0
period1,sc01,t0857,1,0.5330847095969875,1.0
period1,sc01,t0858,1,0.4888344586521179,1.0
period1,sc01,t0859,1,0.44611764705670987,1.0
period1,sc01,t0860,1,0.43183955710467725,1.0
period1,sc01,t0861,1,0.42681022460702045,1.0
period1,sc01,t0862,1,0.4028131303397484,1.0
period1,sc01,t0863,1,0.3273870568960675,1.0
period1,sc01,t0864,1,0.2873360429973271,1.0
period1,sc01,t0865,1,0.2513787568388423,1.0
period1,sc01,t0866,1,0.19875780571734036,1.0
period1,sc01,t0867,1,0.15205651088582925,1.0
period1,sc01,t0868,1,0.1281072675343348,1.0
period1,sc01,t0869,1,0.11770192139154437,1.0
period1,sc01,t0870,1,0.11509858359403713,1.0
period1,sc01,t0871,1,0.10451219040677251,1.0
period1,sc01,t0872,1,0.10145302904717271,1.0
period1,sc01,t0873,1,0.12721320978853762,1.0
period1,sc01,t0874,1,0.11620196101263691,1.0
period1,sc01,t0875,1,0.08520997730283586,1.0
period1,sc01,t0876,1,0.05913234289460268,1.0
period1,sc01,t0877,1,0.044321721201927275,1.0
period1,sc01,t0878,1,0.056110979165648674,1.0
period1,sc01,t0879,1,0.09130475251866438,1.0
period1,sc01,t0880,1,0.11196619622602055,1.0
period1,sc01,t0881,1,0.14887330190400969,1.0
period1,sc01,t0882,1,0.15275183473606427,1.0
period1,sc01,t0883,1,0.14278400774837866,1.0
period1,sc01,t0884,1,0.13046262188065064,1.0
period1,sc01,t0885,1,0.1208453401823616,1.0
period1,sc01,t0886,1,0.12151902353968673,1.0
period1,sc01,t0887,1,0.15820220169440577,1.0
period1,sc01,t0888,1,0.1440985296471605,1.0
period1,sc01,t0889,1,0.11832414204072077,1.0
period1,sc01,t0890,1,0.1175225467391531,1.0
period1,sc01,t0891,1,0.10978701849513954,1.0
period1,sc01,t0892,1,0.10922697474843447,1.0
period1,sc01,t0893,1,0.11906731974365596,1.0
period1,sc01,t0894,1,0.1419532207547858,1.0
period1,sc01,t0895,1,0.15420194948425023,1.0
period1,sc01,t0896,1,0.17551722283669036,1.0
period1,sc01,t0897,1,0.16643525064001877,1.0
period1,sc01,t0898,1,0.13600149680550194,1.0
period1,sc01,t0899,1,0.09242302036152321,1.0
period1,sc01,t0900,1,0.0767414547820152,1.0
period1,sc01,t0901,1,0.07668405315662166,1.0
period1,sc01,t0902,1,0.07933892444835003,1.0
period1,sc01,t0903,1,0.08714210228797123,1.0
period1,sc01,t0904,1,0.10338173605869903,1.0
period1,sc01,t0905,1,0.13467417445583632,1.0
period1,sc01,t0906,1,0.18335990018073528,1.0
period1,sc01,t0907,1,0.2317272936193012,1.0
period1,sc01,t0908,1,0.3037730951126258,1.0
period1,sc01,t0909,1,0.3346850393017596,1.0
period1,sc01,t0910,1,0.3111994962850012,1.0
period1,sc01,t0911,1,0.33797030728736127,1.0
period1,sc01,t0912,1,0.3721449152780871,1.0
period1,sc01,t0913,1,0.4254166241885108,1.0
period1,sc01,t0914,1,0.4208619493174214,1.0
period1,sc01,t0915,1,0.4238935929940956,1.0
period1,sc01,t0916,1,0.36430392458190564,1.0
period1,sc01,t0917,1,0.3038140236161186,1.0
period1,sc01,t0918,1,0.26430208673209893,1.0
period1,sc01,t0919,1,0.23296714932586537,1.0
period1,sc01,t0920,1,0.23568613808306155,1.0
period1,sc01,t0921,1,0.23736670907815627,1.0
period1,sc01,t0922,1,0.23286921592756202,1.0
period1,sc01,t0923,1,0.32780476922794444,1.0
period1,sc01,t0924,1,0.22547296722905893,1.0
period1,sc01,t0925,1,0.2075517555789889,1.0
period1,sc01,t0926,1,0.20838922975296656,1.0
period1,sc01,t0927,1,0.1461701659879844,1.0
period1,sc01,t0928,1,0.13514490903009851,1.0
period1,sc01,t0929,1,0.1494746820544268,1.0
period1,sc01,t0930,1,0.14053001794458733,1.0
period1,sc01,t0931,1,0.13602674033771697,1.0
period1,sc01,t0932,1,0.12543496203151971,1.0
period1,sc01,t0933,1,0.09608623622210052,1.0
period1,sc01,t0934,1,0.07838598600178857,1.0
period1,sc01,t0935,1,0.07180040830104262,1.0
period1,sc01,t0936,1,0.0664317674382492,1.0
period1,sc01,t0937,1,0.06039511917689943,1.0
period1,sc01,t0938,1,0.057370586844635196,1.0
period1,sc01,t0939,1,0.056390313346895336,1.0
period1,sc01,t0940,1,0.04630869918412317,1.0
period1,sc01,t0941,1,0.04482856995064668,1.0
period1,sc01,t0942,1,0.048008995883307,1.0
period1,sc01,t0943,1,0.055471364333584565,1.0
period1,sc01,t0944,1,0.05567305378734072,1.0
period1,sc01,t0945,1,0.044484825958357774,1.0
period1,sc01,t0946,1,0.02121409228185126,1.0
period1,sc01,t0947,1,0.03458695316317308,1.0
period1,sc01,t0948,1,0.042573229603878514,1.0
period1,sc01,t0949,1,0.07427697431346648,1.0
period1,sc01,t0950,1,0.08134426925757476,1.0
period1,sc01,t0951,1,0.11550845960866793,1.0
period1,sc01,t0952,1,0.11736932694629247,1.0
period1,sc01,t0953,1,0.1957472149665553,1.0
period1,sc01,t0954,1,0.2675983665624296,1.0
period1,sc01,t0955,1,0.2926542046396166,1.0
period1,sc01,t0956,1,0.2826296675209199,1.0
period1,sc01,t0957,1,0.2524613395182654,1.0
period1,sc01,t0958,1,0.24292514197738624,1.0
period1,sc01,t0959,1,0.24742128694219245,1.0
period1,sc01,t0960,1,0.26650720989806587,1.0
period1,sc01,t0961,1,0.29546139971950014,1.0
period1,sc01,t0962,1,0.26705617552157024,1.0
period1,sc01,t0963,1,0.24303889971644538,1.0
period1,sc01,t0964,1,0.20623065356101736,1.0
period1,sc01,t0965,1,0.19617309915258951,1.0
period1,sc01,t0966,1,0.2040679326300947,1.0
period1,sc01,t0967,1,0.23405269132777168,1.0
period1,sc01,t0968,1,0.26129171927923966,1.0
period1,sc01,t0969,1,0.31191445039305715,1.0
period1,sc01,t0970,1,0.2431341350923735,1.0
period1,sc01,t0971,1,0.36263476021449925,1.0
period1,sc01,t0972,1,0.2797117177368134,1.0
period1,sc01,t0973,1,0.25863143740984956,1.0
period1,sc01,t0974,1,0.21866592117498346,1.0
period1,sc01,t0975,1,0.20733372668917352,1.0
period1,sc01,t0976,1,0.21665078515313216,1.0
period1,sc01,t0977,1,0.25995163996092724,1.0
period1,sc01,t0978,1,0.28293252760599147,1.0
period1,sc01,t0979,1,0.25168217131953885,1.0
period1,sc01,t0980,1,0.23238503395309587,1.0
period1,sc01,t0981,1,0.21043534688022988,1.0
period1,sc01,t0982,1,0.202249815124761,1.0
period1,sc01,t0983,1,0.198776403543323,1.0
period1,sc01,t0984,1,0.24271943052790107,1.0
period1,sc01,t0985,1,0.28212059290490255,1.0
period1,sc01,t0986,1,0.27571557189611784,1.0
period1,sc01,t0987,1,0.23971794237439675,1.0
period1,sc01,t0988,1,0.22147325229338063,1.0
period1,sc01,t0989,1,0.2128458808325031,1.0
period1,sc01,t0990,1,0.20046021713371034,1.0
period1,sc01,t0991,1,0.1747398407127705,1.0
period1,sc01,t0992,1,0.1545737509415639,1.0
period1,sc01,t0993,1,0.13617116317605574,1.0
period1,sc01,t0994,1,0.11190753289678357,1.0
period1,sc01,t0995,1,0.0919292231605347,1.0
period1,sc01,t0996,1,0.09600873614033868,1.0
period1,sc01,t0997,1,0.09342368442162037,1.0
period1,sc01,t0998,1,0.09966994678467368,1.0
period1,sc01,t0999,1,0.10344877967943603,1.0
period1,sc01,t1000,1,0.13582042866016253,1.0
period1,sc01,t1001,1,0.19526336372085068,1.0
period1,sc01,t1002,1,0.21064596356076093,1.0
period1,sc01,t1003,1,0.17497248977451169,1.0
period1,sc01,t1004,1,0.15809613444856396,1.0
period1,sc01,t1005,1,0.15429358922438996,1.0
period1,sc01,t1006,1,0.13859355273398344,1.0
period1,sc01,t1007,1,0.13104613376276059,1.0
period1,sc01,t1008,1,0.12562756426114324,1.0
period1,sc01,t1009,1,0.09924161020249293,1.0
period1,sc01,t1010,1,0.0772523322131466,1.0
period1,sc01,t1011,1,0.06563584589719933,1.0
period1,sc01,t1012,1,0.05164640566742611,1.0
period1,sc01,t1013,1,0.04751373630280257,1.0
period1,sc01,t1014,1,0.047139067347322504,1.0
period1,sc01,t1015,1,0.03961336429532367,1.0
period1,sc01,t1016,1,0.03638832570442683,1.0
period1,sc01,t1017,1,0.047477847179776766,1.0
period1,sc01,t1018,1,0.05034756265420392,1.0
period1,sc01,t1019,1,0.06435896475309975,1.0
period1,sc01,t1020,1,0.07456731254077384,1.0
period1,sc01,t1021,1,0.06927629425171938,1.0
period1,sc01,t1022,1,0.055886432425107664,1.0
period1,sc01,t1023,1,0.03892656091528791,1.0
period1,sc01,t1024,1,0.02824001783961984,1.0
period1,sc01,t1025,1,0.02763804081103281,1.0
period1,sc01,t1026,1,0.047942835307154645,1.0
period1,sc01,t1027,1,0.05342900594080905,1.0
period1,sc01,t1028,1,0.055138657319032953,1.0
period1,sc01,t1029,1,0.0475111128002886,1.0
period1,sc01,t1030,1,0.0386820540834606,1.0
period1,sc01,t1031,1,0.06731632718159318,1.0
period1,sc01,t1032,1,0.06510701554597702,1.0
period1,sc01,t1033,1,0.0733967436417661,1.0
period1,sc01,t1034,1,0.0740032171071615,1.0
period1,sc01,t1035,1,0.06838728419951011,1.0
period1,sc01,t1036,1,0.06329910394861128,1.0
period1,sc01,t1037,1,0.06457816762151455,1.0
period1,sc01,t1038,1,0.08024959311872257,1.0
period1,sc01,t1039,1,0.09301881645554211,1.0
period1,sc01,t1040,1,0.10056065423596867,1.0
period1,sc01,t1041,1,0.09331669013760432,1.0
period1,sc01,t1042,1,0.09651180574444347,1.0
period1,sc01,t1043,1,0.14361758973560673,1.0
period1,sc01,t1044,1,0.15086010329551025,1.0
period1,sc01,t1045,1,0.18274470265422324,1.0
period1,sc01,t1046,1,0.23741426481916914,1.0
period1,sc01,t1047,1,0.2650067088819413,1.0
period1,sc01,t1048,1,0.19208403426834791,1.0
period1,sc01,t1049,1,0.19549099548391186,1.0
period1,sc01,t1050,1,0.21416210865560206,1.0
period1,sc01,t1051,1,0.23576641074155036,1.0
period1,sc01,t1052,1,0.22842591356467873,1.0
period1,sc01,t1053,1,0.2083723434120609,1.0
period1,sc01,t1054,1,0.1988601710631138,1.0
period1,sc01,t1055,1,0.13866177534882454,1.0
period1,sc01,t1056,1,0.11910401683654635,1.0
period1,sc01,t1057,1,0.09723131925077502,1.0
period1,sc01,t1058,1,0.0836883894112128,1.0
period1,sc01,t1059,1,0.07040150627474359,1.0
period1,sc01,t1060,1,0.04207286181409884,1.0
period1,sc01,t1061,1,0.022595222426482982,1.0
period1,sc01,t1062,1,0.020602930492058132,1.0
period1,sc01,t1063,1,0.02313218765972331,1.0
period1,sc01,t1064,1,0.02290761092580876,1.0
period1,sc01,t1065,1,0.00267095600417898,1.0
period1,sc01,t1066,1,5.400937874139115e-05,1.0
period1,sc01,t1067,1,0.0,1.0
period1,sc01,t1068,1,0.0,1.0
period1,sc01,t1069,1,0.0,1.0
period1,sc01,t1070,1,0.0,1.0
period1,sc01,t1071,1,0.0,1.0
period1,sc01,t1072,1,0.0008792142128856001,1.0
period1,sc01,t1073,1,0.014402539282767121,1.0
period1,sc01,t1074,1,0.029432727403318617,1.0
period1,sc01,t1075,1,0.037301768919861936,1.0
period1,sc01,t1076,1,0.03733527385662579,1.0
period1,sc01,t1077,1,0.02115223842472038,1.0
period1,sc01,t1078,1,0.00674648331775425,1.0
period1,sc01,t1079,1,0.0058835885529650404,1.0
period1,sc01,t1080,1,0.00495651703010436,1.0
period1,sc01,t1081,1,0.01052159949672462,1.0
period1,sc01,t1082,1,0.00784737188325513,1.0
period1,sc01,t1083,1,0.02541454665133554,1.0
period1,sc01,t1084,1,0.03784832995534299,1.0
period1,sc01,t1085,1,0.05628498876541242,1.0
period1,sc01,t1086,1,0.07774873769873286,1.0
period1,sc01,t1087,1,0.06124114104900705,1.0
period1,sc01,t1088,1,0.03700292012926155,1.0
period1,sc01,t1089,1,0.00107372904687693,1.0
period1,sc01,t1090,1,0.0,1.0
period1,sc01,t1091,1,0.03466710217587942,1.0
period1,sc01,t1092,1,0.04046282278573176,1.0
period1,sc01,t1093,1,0.07681519413799127,1.0
period1,sc01,t1094,1,0.1970569294340517,1.0
period1,sc01,t1095,1,0.3921198757177499,1.0
period1,sc01,t1096,1,0.491271312153157,1.0
period1,sc01,t1097,1,0.48746590650678506,1.0
period1,sc01,t1098,1,0.4364737179289037,1.0
period1,sc01,t1099,1,0.4515500914845385,1.0
period1,sc01,t1100,1,0.4304054768645617,1.0
period1,sc01,t1101,1,0.35064563926111625,1.0
period1,sc01,t1102,1,0.2619961593647762,1.0
period1,sc01,t1103,1,0.2519338425374117,1.0
period1,sc01,t1104,1,0.1679200076985057,1.0
period1,sc01,t1105,1,0.13283202169739888,1.0
period1,sc01,t1106,1,0.11023653793345704,1.0
period1,sc01,t1107,1,0.10203928410449134,1.0
period1,sc01,t1108,1,0.09447430312465047,1.0
period1,sc01,t1109,1,0.09519705681762942,1.0
period1,sc01,t1110,1,0.0861576832864351,1.0
period1,sc01,t1111,1,0.07394140047119796,1.0
period1,sc01,t1112,1,0.05149044492547644,1.0
period1,sc01,t1113,1,0.013911689407822019,1.0
period1,sc01,t1114,1,0.00060904502008857,1.0
period1,sc01,t1115,1,0.00060085648903662,1.0
period1,sc01,t1116,1,0.00124159972891311,1.0
period1,sc01,t1117,1,0.02274367744321182,1.0
period1,sc01,t1118,1,0.04532652440583606,1.0
period1,sc01,t1119,1,0.07321187447184627,1.0
period1,sc01,t1120,1,0.09000359642942649,1.0
period1,sc01,t1121,1,0.11360808476801684,1.0
period1,sc01,t1122,1,0.14048436527408062,1.0
period1,sc01,t1123,1,0.13914132361822792,1.0
period1,sc01,t1124,1,0.14200424087062583,1.0
period1,sc01,t1125,1,0.15336175756121992,1.0
period1,sc01,t1126,1,0.18720472250730016,1.0
period1,sc01,t1127,1,0.22081283947907407,1.0
period1,sc01,t1128,1,0.25201862919672574,1.0
period1,sc01,t1129,1,0.27587634242252906,1.0
period1,sc01,t1130,1,0.26469408307796066,1.0
period1,sc01,t1131,1,0.26008554541580675,1.0
period1,sc01,t1132,1,0.28542624052725696,1.0
period1,sc01,t1133,1,0.2874817140655173,1.0
period1,sc01,t1134,1,0.2757330509582953,1.0
period1,sc01,t1135,1,0.24520844147554027,1.0
period1,sc01,t1136,1,0.20886067284132862,1.0
period1,sc01,t1137,1,0.15414208472665197,1.0
period1,sc01,t1138,1,0.08590433715794944,1.0
period1,sc01,t1139,1,0.062799989583483,1.0
period1,sc01,t1140,1,0.06894674336991016,1.0
period1,sc01,t1141,1,0.07257093046701354,1.0
period1,sc01,t1142,1,0.07445281811101524,1.0
period1,sc01,t1143,1,0.06952752636333687,1.0
period1,sc01,t1144,1,0.08066505019169035,1.0
period1,sc01,t1145,1,0.12809715207126607,1.0
period1,sc01,t1146,1,0.14767770404666988,1.0
period1,sc01,t1147,1,0.14991745320303912,1.0
period1,sc01,t1148,1,0.1416909093870763,1.0
period1,sc01,t1149,1,0.120034009870756,1.0
period1,sc01,t1150,1,0.10286402081297662,1.0
period1,sc01,t1151,1,0.08034880362186277,1.0
period1,sc01,t1152,1,0.06481070738572013,1.0
period1,sc01,t1153,1,0.061106523490562226,1.0
period1,sc01,t1154,1,0.07466216789125053,1.0
period1,sc01,t1155,1,0.086103585411435,1.0
period1,sc01,t1156,1,0.09991298190551176,1.0
period1,sc01,t1157,1,0.10620355428974484,1.0
period1,sc01,t1158,1,0.1164129000667272,1.0
period1,sc01,t1159,1,0.11295697361415662,1.0
period1,sc01,t1160,1,0.09946530848903903,1.0
period1,sc01,t1161,1,0.08132734432518354,1.0
period1,sc01,t1162,1,0.050781330906253745,1.0
period1,sc01,t1163,1,0.04488230700418077,1.0
period1,sc01,t1164,1,0.066570263829702,1.0
period1,sc01,t1165,1,0.07937022820564657,1.0
period1,sc01,t1166,1,0.08147508613849855,1.0
period1,sc01,t1167,1,0.07495347789063747,1.0
period1,sc01,t1168,1,0.09930170613852125,1.0
period1,sc01,t1169,1,0.1142452048626739,1.0
period1,sc01,t1170,1,0.11731452782647023,1.0
period1,sc01,t1171,1,0.11274818100411879,1.0
period1,sc01,t1172,1,0.10350734672796363,1.0
period1,sc01,t1173,1,0.0837998081464725,1.0
period1,sc01,t1174,1,0.06521097094570089,1.0
period1,sc01,t1175,1,0.044045946317726556,1.0
period1,sc01,t1176,1,0.039010005317823664,1.0
period1,sc01,t1177,1,0.03219349720878729,1.0
period1,sc01,t1178,1,0.03511178461878498,1.0
period1,sc01,t1179,1,0.04284955127742705,1.0
period1,sc01,t1180,1,0.0505084430014911,1.0
period1,sc01,t1181,1,0.03198900473856657,1.0
period1,sc01,t1182,1,0.01402718747852826,1.0
period1,sc01,t1183,1,0.0029378045575915203,1.0
period1,sc01,t1184,1,0.0010786738203270002,1.0
period1,sc01,t1185,1,0.00096287571381492,1.0
period1,sc01,t1186,1,0.00060414634935117,1.0
period1,sc01,t1187,1,0.00509259640990833,1.0
period1,sc01,t1188,1,0.023202139784938833,1.0
period1,sc01,t1189,1,0.009566571289139101,1.0
period1,sc01,t1190,1,0.00083901624425118,1.0
period1,sc01,t1191,1,0.0,1.0
period1,sc01,t1192,1,0.0,1.0
period1,sc01,t1193,1,0.00156881790462087,1.0
period1,sc01,t1194,1,0.03528619130889081,1.0
period1,sc01,t1195,1,0.04719251859911226,1.0
period1,sc01,t1196,1,0.07042435151243716,1.0
period1,sc01,t1197,1,0.08640615649986522,1.0
period1,sc01,t1198,1,0.12216162921707456,1.0
period1,sc01,t1199,1,0.17141717169822798,1.0
period1,sc01,t1200,1,0.22479777149047714,1.0
period1,sc01,t1201,1,0.2694375410525301,1.0
period1,sc01,t1202,1,0.34450700173477306,1.0
period1,sc01,t1203,1,0.38266317978195485,1.0
period1,sc01,t1204,1,0.38692575012771313,1.0
period1,sc01,t1205,1,0.40194278876021483,1.0
period1,sc01,t1206,1,0.4164780509841173,1.0
period1,sc01,t1207,1,0.47820219979815975,1.0
period1,sc01,t1208,1,0.5829157148032085,1.0
period1,sc01,t1209,1,0.6522861161355036,1.0
period1,sc01,t1210,1,0.5772881295827049,1.0
period1,sc01,t1211,1,0.549893295528427,1.0
period1,sc01,t1212,1,0.6652326375449861,1.0
period1,sc01,t1213,1,0.7232369425913823,1.0
period1,sc01,t1214,1,0.7698646216073368,1.0
period1,sc01,t1215,1,0.6984306608876647,1.0
period1,sc01,t1216,1,0.8050563688863692,1.0
period1,sc01,t1217,1,0.8713008510271802,1.0
period1,sc01,t1218,1,0.8871579971237081,1.0
period1,sc01,t1219,1,0.8963999054892389,1.0
period1,sc01,t1220,1,0.8985841727762137,1.0
period1,sc01,t1221,1,0.8995164229971152,1.0
period1,sc01,t1222,1,0.8993995209830214,1.0
period1,sc01,t1223,1,0.8976115880018587,1.0
period1,sc01,t1224,1,0.89839759472255,1.0
period1,sc01,t1225,1,0.8990386371522013,1.0
period1,sc01,t1226,1,0.8959428626197673,1.0
period1,sc01,t1227,1,0.8666686503737532,1.0
period1,sc01,t1228,1,0.7967365293917384,1.0
period1,sc01,t1229,1,0.7572231812374562,1.0
period1,sc01,t1230,1,0.6167528831406053,1.0
period1,sc01,t1231,1,0.4796442703624378,1.0
period1,sc01,t1232,1,0.39116169805800766,1.0
period1,sc01,t1233,1,0.3643658430791181,1.0
period1,sc01,t1234,1,0.4171218072323352,1.0
period1,sc01,t1235,1,0.40021597673821746,1.0
period1,sc01,t1236,1,0.3138461623193866,1.0
period1,sc01,t1237,1,0.30408278081255713,1.0
period1,sc01,t1238,1,0.458972099266725,1.0
period1,sc01,t1239,1,0.48076193548665025,1.0
period1,sc01,t1240,1,0.5079257532045529,1.0
period1,sc01,t1241,1,0.5457581574943299,1.0
period1,sc01,t1242,1,0.5830340324059932,1.0
period1,sc01,t1243,1,0.6131336150858583,1.0
period1,sc01,t1244,1,0.6943619790154848,1.0
period1,sc01,t1245,1,0.7640740499766497,1.0
period1,sc01,t1246,1,0.7781210693688073,1.0
period1,sc01,t1247,1,0.8380955514315557,1.0
period1,sc01,t1248,1,0.8616814188862407,1.0
period1,sc01,t1249,1,0.8592832896461867,1.0
period1,sc01,t1250,1,0.8246961352854648,1.0
period1,sc01,t1251,1,0.7945833154798617,1.0
period1,sc01,t1252,1,0.7387429544109095,1.0
period1,sc01,t1253,1,0.6777403401584868,1.0
period1,sc01,t1254,1,0.7457774149700659,1.0
period1,sc01,t1255,1,0.7518503762279829,1.0
period1,sc01,t1256,1,0.7005104298591557,1.0
period1,sc01,t1257,1,0.6067841107153942,1.0
period1,sc01,t1258,1,0.608720405107005,1.0
period1,sc01,t1259,1,0.5142429854627558,1.0
period1,sc01,t1260,1,0.5665118656026125,1.0
period1,sc01,t1261,1,0.5581759991925825,1.0
period1,sc01,t1262,1,0.5457530190225728,1.0
period1,sc01,t1263,1,0.5889779988437756,1.0
period1,sc01,t1264,1,0.734376028744369,1.0
period1,sc01,t1265,1,0.7434352822487813,1.0
period1,sc01,t1266,1,0.7587051074725133,1.0
period1,sc01,t1267,1,0.6944063939759715,1.0
period1,sc01,t1268,1,0.5638445232437601,1.0
period1,sc01,t1269,1,0.5003790536464517,1.0
period1,sc01,t1270,1,0.44171709312802576,1.0
period1,sc01,t1271,1,0.4005017169471856,1.0
period1,sc01,t1272,1,0.3188012526245843,1.0
period1,sc01,t1273,1,0.21250995912646875,1.0
period1,sc01,t1274,1,0.14177551870981944,1.0
period1,sc01,t1275,1,0.09343118159847334,1.0
period1,sc01,t1276,1,0.06681054005293545,1.0
period1,sc01,t1277,1,0.061030653932210396,1.0
period1,sc01,t1278,1,0.06650893434969153,1.0
period1,sc01,t1279,1,0.06401112643400184,1.0
period1,sc01,t1280,1,0.06488888957177923,1.0
period1,sc01,t1281,1,0.07293746483991936,1.0
period1,sc01,t1282,1,0.06568718256597285,1.0
period1,sc01,t1283,1,0.07961769305564292,1.0
period1,sc01,t1284,1,0.06696408344500836,1.0
period1,sc01,t1285,1,0.048270292750827906,1.0
period1,sc01,t1286,1,0.06276383613248274,1.0
period1,sc01,t1287,1,0.06817472407053352,1.0
period1,sc01,t1288,1,0.09590024746449559,1.0
period1,sc01,t1289,1,0.16813810075358765,1.0
period1,sc01,t1290,1,0.24074441160112856,1.0
period1,sc01,t1291,1,0.3051626363224137,1.0
period1,sc01,t1292,1,0.39445039957341266,1.0
period1,sc01,t1293,1,0.4962812782214531,1.0
period1,sc01,t1294,1,0.553726998088954,1.0
period1,sc01,t1295,1,0.5862925258424916,1.0
period1,sc01,t1296,1,0.6575738536058454,1.0
period1,sc01,t1297,1,0.7015099659109607,1.0
period1,sc01,t1298,1,0.7693219025994837,1.0
period1,sc01,t1299,1,0.8427067966833897,1.0
period1,sc01,t1300,1,0.8763168949090643,1.0
period1,sc01,t1301,1,0.8810901150634403,1.0
period1,sc01,t1302,1,0.8832914873223279,1.0
period1,sc01,t1303,1,0.8868285123203625,1.0
period1,sc01,t1304,1,0.8926158645673568,1.0
period1,sc01,t1305,1,0.8861892150607438,1.0
period1,sc01,t1306,1,0.881471792783479,1.0
period1,sc01,t1307,1,0.897479444723044,1.0
period1,sc01,t1308,1,0.8979888747649661,1.0
period1,sc01,t1309,1,0.8964191319905566,1.0
period1,sc01,t1310,1,0.8831794994953456,1.0
period1,sc01,t1311,1,0.878330666685595,1.0
period1,sc01,t1312,1,0.8793877971610851,1.0
period1,sc01,t1313,1,0.8764843648714064,1.0
period1,sc01,t1314,1,0.8617866166755185,1.0
period1,sc01,t1315,1,0.8422379936534256,1.0
period1,sc01,t1316,1,0.8157308261339314,1.0
period1,sc01,t1317,1,0.7935458683075373,1.0
period1,sc01,t1318,1,0.781012843790951,1.0
period1,sc01,t1319,1,0.6661211343944016,1.0
period1,sc01,t1320,1,0.5717069936054592,1.0
period1,sc01,t1321,1,0.40043866587850335,1.0
period1,sc01,t1322,1,0.2589015272943792,1.0
period1,sc01,t1323,1,0.1604194192835328,1.0
period1,sc01,t1324,1,0.11562028115703256,1.0
period1,sc01,t1325,1,0.11294495261871372,1.0
period1,sc01,t1326,1,0.13227095757193336,1.0
period1,sc01,t1327,1,0.14171195206475282,1.0
period1,sc01,t1328,1,0.12635795005199243,1.0
period1,sc01,t1329,1,0.08762723091246043,1.0
period1,sc01,t1330,1,0.06702949239416217,1.0
period1,sc01,t1331,1,0.09940868011936477,1.0
period1,sc01,t1332,1,0.10215434200914406,1.0
period1,sc01,t1333,1,0.07615870611731712,1.0
period1,sc01,t1334,1,0.059821984679033526,1.0
period1,sc01,t1335,1,0.10502392075345936,1.0
period1,sc01,t1336,1,0.20472448754387232,1.0
period1,sc01,t1337,1,0.0945278759971323,1.0
period1,sc01,t1338,1,0.13705571531047528,1.0
period1,sc01,t1339,1,0.22487499036918937,1.0
period1,sc01,t1340,1,0.2511236502907346,1.0
period1,sc01,t1341,1,0.22786986928922406,1.0
period1,sc01,t1342,1,0.17517579334757874,1.0
period1,sc01,t1343,1,0.1796261663649391,1.0
period1,sc01,t1344,1,0.13522090984378443,1.0
period1,sc01,t1345,1,0.10563984396609553,1.0
period1,sc01,t1346,1,0.07767329069460942,1.0
period1,sc01,t1347,1,0.05988645550298862,1.0
period1,sc01,t1348,1,0.05820865960727124,1.0
period1,sc01,t1349,1,0.0676149051774672,1.0
period1,sc01,t1350,1,0.05441882689780758,1.0
period1,sc01,t1351,1,0.0452935808370414,1.0
period1,sc01,t1352,1,0.0449171868051459,1.0
period1,sc01,t1353,1,0.04741728007714587,1.0
period1,sc01,t1354,1,0.0530350720800759,1.0
period1,sc01,t1355,1,0.05593061709889875,1.0
period1,sc01,t1356,1,0.0621736418918907,1.0
period1,sc01,t1357,1,0.05787357683771475,1.0
period1,sc01,t1358,1,0.03833735730970896,1.0
period1,sc01,t1359,1,0.02218721368803264,1.0
period1,sc01,t1360,1,0.01645559659592298,1.0
period1,sc01,t1361,1,0.024692882950290512,1.0
period1,sc01,t1362,1,0.02821679511445836,1.0
period1,sc01,t1363,1,0.01045336573302102,1.0
period1,sc01,t1364,1,0.00139955226253488,1.0
period1,sc01,t1365,1,0.00118222688687229,1.0
period1,sc01,t1366,1,0.00090397588176018,1.0
period1,sc01,t1367,1,0.0,1.0
period1,sc01,t1368,1,0.0,1.0
period1,sc01,t1369,1,0.0,1.0
period1,sc01,t1370,1,0.0,1.0
period1,sc01,t1371,1,0.0,1.0
period1,sc01,t1372,1,0.0,1.0
period1,sc01,t1373,1,0.0003313270371177,1.0
period1,sc01,t1374,1,0.00133544027255967,1.0
period1,sc01,t1375,1,0.0007687084006019701,1.0
period1,sc01,t1376,1,0.00078086953912851,1.0
period1,sc01,t1377,1,2.281714552656643e-05,1.0
period1,sc01,t1378,1,0.0,1.0
period1,sc01,t1379,1,0.0,1.0
period1,sc01,t1380,1,0.0,1.0
period1,sc01,t1381,1,0.0,1.0
period1,sc01,t1382,1,0.0,1.0
period1,sc01,t1383,1,0.0,1.0
period1,sc01,t1384,1,0.0,1.0
period1,sc01,t1385,1,0.0,1.0
period1,sc01,t1386,1,0.00106420540222269,1.0
period1,sc01,t1387,1,0.01358689516664994,1.0
period1,sc01,t1388,1,0.01576606057461243,1.0
period1,sc01,t1389,1,0.02327315387072184,1.0
period1,sc01,t1390,1,0.04386535895617065,1.0
period1,sc01,t1391,1,0.0636750893124792,1.0
period1,sc01,t1392,1,0.06576795638153658,1.0
period1,sc01,t1393,1,0.07279578260297254,1.0
period1,sc01,t1394,1,0.08067697710818697,1.0
period1,sc01,t1395,1,0.06897922335551475,1.0
period1,sc01,t1396,1,0.063059908387032,1.0
period1,sc01,t1397,1,0.06788960444198402,1.0
period1,sc01,t1398,1,0.056103452549229334,1.0
period1,sc01,t1399,1,0.05032973800478007,1.0
period1,sc01,t1400,1,0.04213337030786574,1.0
period1,sc01,t1401,1,0.01935594593708724,1.0
period1,sc01,t1402,1,0.00035242576858953,1.0
period1,sc01,t1403,1,0.00118865532642246,1.0
period1,sc01,t1404,1,0.00092313096283377,1.0
period1,sc01,t1405,1,0.0014002904598203701,1.0
period1,sc01,t1406,1,0.01471787221650417,1.0
period1,sc01,t1407,1,0.0066939545568479395,1.0
period1,sc01,t1408,1,0.009245707347696211,1.0
period1,sc01,t1409,1,0.06085518322432375,1.0
period1,sc01,t1410,1,0.10044167848067953,1.0
period1,sc01,t1411,1,0.09356010989466367,1.0
period1,sc01,t1412,1,0.07529620676824729,1.0
period1,sc01,t1413,1,0.08082916719453782,1.0
period1,sc01,t1414,1,0.07491052711198576,1.0
period1,sc01,t1415,1,0.08217027299390328,1.0
period1,sc01,t1416,1,0.0530073216534186,1.0
period1,sc01,t1417,1,0.050845933507956395,1.0
period1,sc01,t1418,1,0.0381412402697556,1.0
period1,sc01,t1419,1,0.00080181101104218,1.0
period1,sc01,t1420,1,0.0,1.0
period1,sc01,t1421,1,2.366598351528637e-05,1.0
period1,sc01,t1422,1,0.00129444442690203,1.0
period1,sc01,t1423,1,0.0331765781656518,1.0
period1,sc01,t1424,1,0.07373844316848725,1.0
period1,sc01,t1425,1,0.06614273915938008,1.0
period1,sc01,t1426,1,0.05662013534081478,1.0
period1,sc01,t1427,1,0.05313500302029435,1.0
period1,sc01,t1428,1,0.08884624247399583,1.0
period1,sc01,t1429,1,0.14621833638001802,1.0
period1,sc01,t1430,1,0.22128799193405152,1.0
period1,sc01,t1431,1,0.284754395820989,1.0
period1,sc01,t1432,1,0.323026223279412,1.0
period1,sc01,t1433,1,0.36959780983548984,1.0
period1,sc01,t1434,1,0.4406352732391017,1.0
period1,sc01,t1435,1,0.49462811683052654,1.0
period1,sc01,t1436,1,0.551678371656002,1.0
period1,sc01,t1437,1,0.5639392723487324,1.0
period1,sc01,t1438,1,0.5635384391968388,1.0
period1,sc01,t1439,1,0.4831348465128495,1.0
period1,sc01,t1440,1,0.535047216156979,1.0
period1,sc01,t1441,1,0.591565402809357,1.0
period1,sc01,t1442,1,0.6308612871493255,1.0
period1,sc01,t1443,1,0.5862032987225958,1.0
period1,sc01,t1444,1,0.6413846143773326,1.0
period1,sc01,t1445,1,0.6544082446780615,1.0
period1,sc01,t1446,1,0.6442378500351668,1.0
period1,sc01,t1447,1,0.6634584591342623,1.0
period1,sc01,t1448,1,0.6951608622378184,1.0
period1,sc01,t1449,1,0.7522759061499334,1.0
period1,sc01,t1450,1,0.655172912580561,1.0
period1,sc01,t1451,1,0.7419256094265713,1.0
period1,sc01,t1452,1,0.8356382079052339,1.0
period1,sc01,t1453,1,0.8706231476921183,1.0
period1,sc01,t1454,1,0.8336963106954952,1.0
period1,sc01,t1455,1,0.7881087258471444,1.0
period1,sc01,t1456,1,0.8540649024066076,1.0
period1,sc01,t1457,1,0.8751800699920609,1.0
period1,sc01,t1458,1,0.867007877510218,1.0
period1,sc01,t1459,1,0.8198658620521506,1.0
period1,sc01,t1460,1,0.8061912673622574,1.0
period1,sc01,t1461,1,0.8094813368698387,1.0
period1,sc01,t1462,1,0.8072267147106773,1.0
period1,sc01,t1463,1,0.7691082734688662,1.0
period1,sc01,t1464,1,0.7967592943818338,1.0
period1,sc01,t1465,1,0.829004517511934,1.0
period1,sc01,t1466,1,0.8722115238435236,1.0
period1,sc01,t1467,1,0.8638592562031507,1.0
period1,sc01,t1468,1,0.8150542042180108,1.0
period1,sc01,t1469,1,0.7804499203304737,1.0
period1,sc01,t1470,1,0.7661641168096381,1.0
period1,sc01,t1471,1,0.795476668505933,1.0
period1,sc01,t1472,1,0.8411810427546372,1.0
period1,sc01,t1473,1,0.8793586296648961,1.0
period1,sc01,t1474,1,0.7612678994084661,1.0
period1,sc01,t1475,1,0.8731240865987042,1.0
period1,sc01,t1476,1,0.8630781415502736,1.0
period1,sc01,t1477,1,0.8984332559967333,1.0
period1,sc01,t1478,1,0.8470777600812727,1.0
period1,sc01,t1479,1,0.8107354264118278,1.0
period1,sc01,t1480,1,0.87126332798074,1.0
period1,sc01,t1481,1,0.886819205277229,1.0
period1,sc01,t1482,1,0.8966162961528138,1.0
period1,sc01,t1483,1,0.8951980555857313,1.0
period1,sc01,t1484,1,0.8944458979987248,1.0
period1,sc01,t1485,1,0.8976143407636983,1.0
period1,sc01,t1486,1,0.89746076089805,1.0
period1,sc01,t1487,1,0.8952355295700567,1.0
period1,sc01,t1488,1,0.8986386606847052,1.0
period1,sc01,t1489,1,0.8990857493571001,1.0
period1,sc01,t1490,1,0.8994246291838556,1.0
period1,sc01,t1491,1,0.9,1.0
period1,sc01,t1492,1,0.8992265731976409,1.0
period1,sc01,t1493,1,0.8980716737136482,1.0
period1,sc01,t1494,1,0.8976846352127165,1.0
period1,sc01,t1495,1,0.8975603474746362,1.0
period1,sc01,t1496,1,0.8948981287247825,1.0
period1,sc01,t1497,1,0.8972107681960505,1.0
period1,sc01,t1498,1,0.8327208159007893,1.0
period1,sc01,t1499,1,0.8988939041900872,1.0
period1,sc01,t1500,1,0.877122234786968,1.0
period1,sc01,t1501,1,0.882628639258598,1.0
period1,sc01,t1502,1,0.8230424526230703,1.0
period1,sc01,t1503,1,0.8102180938984005,1.0
period1,sc01,t1504,1,0.8800035418709754,1.0
period1,sc01,t1505,1,0.8577564389986381,1.0
period1,sc01,t1506,1,0.8527794713985427,1.0
period1,sc01,t1507,1,0.8625101022705917,1.0
period1,sc01,t1508,1,0.875065991872292,1.0
period1,sc01,t1509,1,0.8851269213432421,1.0
period1,sc01,t1510,1,0.8971220156532761,1.0
period1,sc01,t1511,1,0.8978696138410877,1.0
period1,sc01,t1512,1,0.9,1.0
period1,sc01,t1513,1,0.9,1.0
period1,sc01,t1514,1,0.9,1.0
period1,sc01,t1515,1,0.9,1.0
period1,sc01,t1516,1,0.9,1.0
period1,sc01,t1517,1,0.9,1.0
period1,sc01,t1518,1,0.8993307758743874,1.0
period1,sc01,t1519,1,0.898912746910585,1.0
period1,sc01,t1520,1,0.8980630243649441,1.0
period1,sc01,t1521,1,0.8979354180171303,1.0
period1,sc01,t1522,1,0.8986755435779992,1.0
period1,sc01,t1523,1,0.8974877164403072,1.0
period1,sc01,t1524,1,0.8825354898386176,1.0
period1,sc01,t1525,1,0.8624038812263217,1.0
period1,sc01,t1526,1,0.8976529527387972,1.0
period1,sc01,t1527,1,0.9,1.0
period1,sc01,t1528,1,0.8991769496204934,1.0
period1,sc01,t1529,1,0.89957498244698,1.0
period1,sc01,t1530,1,0.8988609803461441,1.0
period1,sc01,t1531,1,0.8977676693532565,1.0
period1,sc01,t1532,1,0.8949723725486811,1.0
period1,sc01,t1533,1,0.8914815466620787,1.0
period1,sc01,t1534,1,0.887201976524726,1.0
period1,sc01,t1535,1,0.889207364526102,1.0
period1,sc01,t1536,1,0.8875073871982035,1.0
period1,sc01,t1537,1,0.8849499023580696,1.0
period1,sc01,t1538,1,0.8783505335464707,1.0
period1,sc01,t1539,1,0.8706822751577751,1.0
period1,sc01,t1540,1,0.8235217557464519,1.0
period1,sc01,t1541,1,0.7719110470640261,1.0
period1,sc01,t1542,1,0.6917968741285516,1.0
period1,sc01,t1543,1,0.6571293594242889,1.0
period1,sc01,t1544,1,0.606062390000006,1.0
period1,sc01,t1545,1,0.6049595745379861,1.0
period1,sc01,t1546,1,0.4630166622516518,1.0
period1,sc01,t1547,1,0.3515176017497239,1.0
period1,sc01,t1548,1,0.3416619861461694,1.0
period1,sc01,t1549,1,0.27938630089671196,1.0
period1,sc01,t1550,1,0.237442564425367,1.0
period1,sc01,t1551,1,0.1968831019914967,1.0
period1,sc01,t1552,1,0.1674019320647227,1.0
period1,sc01,t1553,1,0.15373878825627676,1.0
period1,sc01,t1554,1,0.1740951497962892,1.0
period1,sc01,t1555,1,0.18778525797437695,1.0
period1,sc01,t1556,1,0.21457497870541872,1.0
period1,sc01,t1557,1,0.23885204674933783,1.0
period1,sc01,t1558,1,0.24522030050058954,1.0
period1,sc01,t1559,1,0.19271145709936763,1.0
period1,sc01,t1560,1,0.1601231525161657,1.0
period1,sc01,t1561,1,0.10984136634582867,1.0
period1,sc01,t1562,1,0.0803428974316297,1.0
period1,sc01,t1563,1,0.06949575200610496,1.0
period1,sc01,t1564,1,0.07989478915536206,1.0
period1,sc01,t1565,1,0.09709869911814019,1.0
period1,sc01,t1566,1,0.1527956961965993,1.0
period1,sc01,t1567,1,0.23692483717929252,1.0
period1,sc01,t1568,1,0.24182449140895634,1.0
period1,sc01,t1569,1,0.19511507820753685,1.0
period1,sc01,t1570,1,0.11612711089916261,1.0
period1,sc01,t1571,1,0.10061637872700159,1.0
period1,sc01,t1572,1,0.12323862170683463,1.0
period1,sc01,t1573,1,0.1348264061619921,1.0
period1,sc01,t1574,1,0.15504875100461843,1.0
period1,sc01,t1575,1,0.18954632066211288,1.0
period1,sc01,t1576,1,0.23899417632410047,1.0
period1,sc01,t1577,1,0.22909976963152434,1.0
period1,sc01,t1578,1,0.17790519459225862,1.0
period1,sc01,t1579,1,0.1426211814362481,1.0
period1,sc01,t1580,1,0.14317248620495826,1.0
period1,sc01,t1581,1,0.1498403346412321,1.0
period1,sc01,t1582,1,0.144551662678998,1.0
period1,sc01,t1583,1,0.13932837551335608,1.0
period1,sc01,t1584,1,0.12014635305584394,1.0
period1,sc01,t1585,1,0.08133205538418067,1.0
period1,sc01,t1586,1,0.07017391689865732,1.0
period1,sc01,t1587,1,0.05170197365745984,1.0
period1,sc01,t1588,1,0.02198218201064028,1.0
period1,sc01,t1589,1,0.00105019894722825,1.0
period1,sc01,t1590,1,0.0,1.0
period1,sc01,t1591,1,0.0,1.0
period1,sc01,t1592,1,0.0,1.0
period1,sc01,t1593,1,0.0,1.0
period1,sc01,t1594,1,0.0,1.0
period1,sc01,t1595,1,0.0,1.0
period1,sc01,t1596,1,0.0,1.0
period1,sc01,t1597,1,0.0,1.0
period1,sc01,t1598,1,0.0,1.0
period1,sc01,t1599,1,0.0,1.0
period1,sc01,t1600,1,0.0,1.0
period1,sc01,t1601,1,0.0,1.0
period1,sc01,t1602,1,0.0,1.0
period1,sc01,t1603,1,0.0,1.0
period1,sc01,t1604,1,0.0,1.0
period1,sc01,t1605,1,0.0,1.0
period1,sc01,t1606,1,8.813640639962059e-05,1.0
period1,sc01,t1607,1,0.00104991702991362,1.0
period1,sc01,t1608,1,0.00129286837684656,1.0
period1,sc01,t1609,1,0.0012271357413579601,1.0
period1,sc01,t1610,1,0.0013277280677133601,1.0
period1,sc01,t1611,1,0.00702307323752058,1.0
period1,sc01,t1612,1,0.018477994239878403,1.0
period1,sc01,t1613,1,0.02723044913985204,1.0
period1,sc01,t1614,1,0.028899896141396434,1.0
period1,sc01,t1615,1,0.033928515561713314,1.0
period1,sc01,t1616,1,0.05340268615972959,1.0
period1,sc01,t1617,1,0.04441518743236938,1.0
period1,sc01,t1618,1,0.00535249819127295,1.0
period1,sc01,t1619,1,0.00020667641192739,1.0
period1,sc01,t1620,1,0.0,1.0
period1,sc01,t1621,1,0.0,1.0
period1,sc01,t1622,1,0.0,1.0
period1,sc01,t1623,1,0.0,1.0
period1,sc01,t1624,1,0.0,1.0
period1,sc01,t1625,1,0.0,1.0
period1,sc01,t1626,1,0.0,1.0
period1,sc01,t1627,1,0.0,1.0
period1,sc01,t1628,1,0.00036916121277351003,1.0
period1,sc01,t1629,1,0.0012737466988245,1.0
period1,sc01,t1630,1,0.04256996325102738,1.0
period1,sc01,t1631,1,0.05486299482660931,1.0
period1,sc01,t1632,1,0.06229233549734094,1.0
period1,sc01,t1633,1,0.06588510858420517,1.0
period1,sc01,t1634,1,0.06867673221413034,1.0
period1,sc01,t1635,1,0.06623130555384832,1.0
period1,sc01,t1636,1,0.041100149163187175,1.0
period1,sc01,t1637,1,0.007343922745505701,1.0
period1,sc01,t1638,1,0.0010794731812781401,1.0
period1,sc01,t1639,1,0.00103236008543361,1.0
period1,sc01,t1640,1,0.0031168520068050004,1.0
period1,sc01,t1641,1,0.0050748945321226506,1.0
period1,sc01,t1642,1,0.00043052393254212,1.0
period1,sc01,t1643,1,0.00026123599592262,1.0
period1,sc01,t1644,1,0.0,1.0
period1,sc01,t1645,1,0.00034354335188502,1.0
period1,sc01,t1646,1,0.05012482167315954,1.0
period1,sc01,t1647,1,0.08444766705987852,1.0
period1,sc01,t1648,1,0.11869406640094653,1.0
period1,sc01,t1649,1,0.18401372791867862,1.0
period1,sc01,t1650,1,0.2551234558264662,1.0
period1,sc01,t1651,1,0.28344694310848334,1.0
period1,sc01,t1652,1,0.28486756850955536,1.0
period1,sc01,t1653,1,0.2645405464398947,1.0
period1,sc01,t1654,1,0.23164159486917738,1.0
period1,sc01,t1655,1,0.1288174214703944,1.0
period1,sc01,t1656,1,0.10051898057565543,1.0
period1,sc01,t1657,1,0.07862433377375286,1.0
period1,sc01,t1658,1,0.06317649745005384,1.0
period1,sc01,t1659,1,0.06530961504552966,1.0
period1,sc01,t1660,1,0.06359213701967904,1.0
period1,sc01,t1661,1,0.04991233895849736,1.0
period1,sc01,t1662,1,0.042544596011561096,1.0
period1,sc01,t1663,1,0.04387047304864302,1.0
period1,sc01,t1664,1,0.04284327621104937,1.0
period1,sc01,t1665,1,0.057504754876752814,1.0
period1,sc01,t1666,1,0.05938250011227153,1.0
period1,sc01,t1667,1,0.01180297726970031,1.0
period1,sc01,t1668,1,0.0041392495237785295,1.0
period1,sc01,t1669,1,0.02674160765205165,1.0
period1,sc01,t1670,1,0.022883568947865453,1.0
period1,sc01,t1671,1,0.00146951318753937,1.0
period1,sc01,t1672,1,0.004359419164470511,1.0
period1,sc01,t1673,1,0.03773480579582382,1.0
period1,sc01,t1674,1,0.08678117919052206,1.0
period1,sc01,t1675,1,0.1162902939304231,1.0
period1,sc01,t1676,1,0.12587130698645305,1.0
period1,sc01,t1677,1,0.13740987719402992,1.0
period1,sc01,t1678,1,0.15891087817462177,1.0
period1,sc01,t1679,1,0.13455371403750807,1.0
period1,sc01,t1680,1,0.15261476009116717,1.0
period1,sc01,t1681,1,0.20852160256782387,1.0
period1,sc01,t1682,1,0.2488659501791302,1.0
period1,sc01,t1683,1,0.3377955147287734,1.0
period1,sc01,t1684,1,0.3025037603744657,1.0
period1,sc01,t1685,1,0.26960552665524723,1.0
period1,sc01,t1686,1,0.25909894102935355,1.0
period1,sc01,t1687,1,0.27865553291068024,1.0
period1,sc01,t1688,1,0.29767754190019685,1.0
period1,sc01,t1689,1,0.3568039108386577,1.0
period1,sc01,t1690,1,0.3604826245079908,1.0
period1,sc01,t1691,1,0.21499011402510682,1.0
period1,sc01,t1692,1,0.13936317494325345,1.0
period1,sc01,t1693,1,0.1366190334353339,1.0
period1,sc01,t1694,1,0.11972330923491675,1.0
period1,sc01,t1695,1,0.09324388171122813,1.0
period1,sc01,t1696,1,0.07270366526080965,1.0
period1,sc01,t1697,1,0.060910481175468746,1.0
period1,sc01,t1698,1,0.057964226216193994,1.0
period1,sc01,t1699,1,0.06340871765887048,1.0
period1,sc01,t1700,1,0.058961687191073996,1.0
period1,sc01,t1701,1,0.05302406475193806,1.0
period1,sc01,t1702,1,0.05490593409850426,1.0
period1,sc01,t1703,1,0.05386086640613853,1.0
period1,sc01,t1704,1,0.057930457221375124,1.0
period1,sc01,t1705,1,0.05638940641422991,1.0
period1,sc01,t1706,1,0.07191326088776422,1.0
period1,sc01,t1707,1,0.08327854561219766,1.0
period1,sc01,t1708,1,0.08350327764891667,1.0
period1,sc01,t1709,1,0.09189367060417039,1.0
period1,sc01,t1710,1,0.1030546515340449,1.0
period1,sc01,t1711,1,0.10730728709592463,1.0
period1,sc01,t1712,1,0.08514362556239122,1.0
period1,sc01,t1713,1,0.0903183896613016,1.0
period1,sc01,t1714,1,0.05978346745407848,1.0
period1,sc01,t1715,1,0.034734445790241424,1.0
period1,sc01,t1716,1,0.00106926214501755,1.0
period1,sc01,t1717,1,0.00039015945907983003,1.0
period1,sc01,t1718,1,0.00174567553727769,1.0
period1,sc01,t1719,1,0.04351759112556891,1.0
period1,sc01,t1720,1,0.1478009348663554,1.0
period1,sc01,t1721,1,0.292206978021844,1.0
period1,sc01,t1722,1,0.29644946779744447,1.0
period1,sc01,t1723,1,0.32146332787873017,1.0
period1,sc01,t1724,1,0.323006957760892,1.0
period1,sc01,t1725,1,0.2840990490338314,1.0
period1,sc01,t1726,1,0.21257126050477834,1.0
period1,sc01,t1727,1,0.19104881510790506,1.0
period1,sc01,t1728,1,0.14742318306385682,1.0
period1,sc01,t1729,1,0.1480824373264697,1.0
period1,sc01,t1730,1,0.14178617626964257,1.0
period1,sc01,t1731,1,0.12034716782061089,1.0
period1,sc01,t1732,1,0.10079260447922847,1.0
period1,sc01,t1733,1,0.07607730300259752,1.0
period1,sc01,t1734,1,0.05086375435157472,1.0
period1,sc01,t1735,1,0.02507403868980246,1.0
period1,sc01,t1736,1,0.0014097937324461301,1.0
period1,sc01,t1737,1,0.0,1.0
period1,sc01,t1738,1,0.0,1.0
period1,sc01,t1739,1,0.00238212053796132,1.0
period1,sc01,t1740,1,0.01232970593905395,1.0
period1,sc01,t1741,1,0.0013943461354481701,1.0
period1,sc01,t1742,1,0.0010498435297885802,1.0
period1,sc01,t1743,1,0.021988124441244542,1.0
period1,sc01,t1744,1,0.03895185524059107,1.0
period1,sc01,t1745,1,0.05979212497896435,1.0
period1,sc01,t1746,1,0.07827626863153918,1.0
period1,sc01,t1747,1,0.09628344967897548,1.0
period1,sc01,t1748,1,0.1005027309874639,1.0
period1,sc01,t1749,1,0.0748010141361468,1.0
period1,sc01,t1750,1,0.02706522647884632,1.0
period1,sc01,t1751,1,0.014338228515891931,1.0
period1,sc01,t1752,1,0.01289119207190733,1.0
period1,sc01,t1753,1,0.008526253317919471,1.0
period1,sc01,t1754,1,0.00139755542501394,1.0
period1,sc01,t1755,1,0.00930187560447639,1.0
period1,sc01,t1756,1,0.04566272686472394,1.0
period1,sc01,t1757,1,0.0775809710333091,1.0
period1,sc01,t1758,1,0.11515809295347282,1.0
period1,sc01,t1759,1,0.16194128119952653,1.0
period1,sc01,t1760,1,0.21308016479611175,1.0
period1,sc01,t1761,1,0.2656862965651146,1.0
period1,sc01,t1762,1,0.3651123167869271,1.0
period1,sc01,t1763,1,0.42549770723453423,1.0
period1,sc01,t1764,1,0.5342789152028297,1.0
period1,sc01,t1765,1,0.5632438451120035,1.0
period1,sc01,t1766,1,0.581840977887668,1.0
period1,sc01,t1767,1,0.5921929178955845,1.0
period1,sc01,t1768,1,0.39605118062764016,1.0
period1,sc01,t1769,1,0.44272760515736637,1.0
period1,sc01,t1770,1,0.4877166863159377,1.0
period1,sc01,t1771,1,0.5194938201586505,1.0
period1,sc01,t1772,1,0.5557718600829937,1.0
period1,sc01,t1773,1,0.532628394987139,1.0
period1,sc01,t1774,1,0.5077686036653316,1.0
period1,sc01,t1775,1,0.5168367582164917,1.0
period1,sc01,t1776,1,0.5343751454837595,1.0
period1,sc01,t1777,1,0.5908939017217401,1.0
period1,sc01,t1778,1,0.6193551594346784,1.0
period1,sc01,t1779,1,0.5918134245143571,1.0
period1,sc01,t1780,1,0.560946511740976,1.0
period1,sc01,t1781,1,0.4926939364058105,1.0
period1,sc01,t1782,1,0.36167706809575056,1.0
period1,sc01,t1783,1,0.24939013423060485,1.0
period1,sc01,t1784,1,0.12277119536059229,1.0
period1,sc01,t1785,1,0.045478023611733,1.0
period1,sc01,t1786,1,0.07152273147926808,1.0
period1,sc01,t1787,1,0.3630173933125558,1.0
period1,sc01,t1788,1,0.6167958882980518,1.0
period1,sc01,t1789,1,0.5977979569398179,1.0
period1,sc01,t1790,1,0.4371270965937659,1.0
period1,sc01,t1791,1,0.404413290646426,1.0
period1,sc01,t1792,1,0.4233980090056594,1.0
period1,sc01,t1793,1,0.34184904672610844,1.0
period1,sc01,t1794,1,0.32028221112135,1.0
period1,sc01,t1795,1,0.3312797448632801,1.0
period1,sc01,t1796,1,0.37278483277700036,1.0
period1,sc01,t1797,1,0.4163762065464232,1.0
period1,sc01,t1798,1,0.4334874374886256,1.0
period1,sc01,t1799,1,0.36463054792283883,1.0
period1,sc01,t1800,1,0.24728505131542752,1.0
period1,sc01,t1801,1,0.14604879161078568,1.0
period1,sc01,t1802,1,0.14016573019654946,1.0
period1,sc01,t1803,1,0.11695485340553877,1.0
period1,sc01,t1804,1,0.09901290848776956,1.0
period1,sc01,t1805,1,0.0535140064484793,1.0
period1,sc01,t1806,1,0.00144655211123946,1.0
period1,sc01,t1807,1,0.00032002766160264004,1.0
period1,sc01,t1808,1,0.00246367034705106,1.0
period1,sc01,t1809,1,0.0188499814293069,1.0
period1,sc01,t1810,1,0.0673709921360343,1.0
period1,sc01,t1811,1,0.07968827102556537,1.0
period1,sc01,t1812,1,0.1421071319033786,1.0
period1,sc01,t1813,1,0.22444436891079494,1.0
period1,sc01,t1814,1,0.28942939720545086,1.0
period1,sc01,t1815,1,0.4100377616069327,1.0
period1,sc01,t1816,1,0.33824999665697086,1.0
period1,sc01,t1817,1,0.39863760980240714,1.0
period1,sc01,t1818,1,0.5477832272594102,1.0
period1,sc01,t1819,1,0.5529923989740273,1.0
period1,sc01,t1820,1,0.48470591773871097,1.0
period1,sc01,t1821,1,0.406601106900922,1.0
period1,sc01,t1822,1,0.38863282682308375,1.0
period1,sc01,t1823,1,0.2957628535506954,1.0
period1,sc01,t1824,1,0.24108705166517172,1.0
period1,sc01,t1825,1,0.19382396492233817,1.0
period1,sc01,t1826,1,0.14487613965777643,1.0
period1,sc01,t1827,1,0.12789846867493873,1.0
period1,sc01,t1828,1,0.1357639724065781,1.0
period1,sc01,t1829,1,0.1325824683122925,1.0
period1,sc01,t1830,1,0.11449402178212441,1.0
period1,sc01,t1831,1,0.08353486989269522,1.0
period1,sc01,t1832,1,0.04250575842170211,1.0
period1,sc01,t1833,1,0.00067615783868934,1.0
period1,sc01,t1834,1,0.00070640789754087,1.0
period1,sc01,t1835,1,0.032624167203954724,1.0
period1,sc01,t1836,1,0.04942825817097654,1.0
period1,sc01,t1837,1,0.06518635987774041,1.0
period1,sc01,t1838,1,0.07140220315390017,1.0
period1,sc01,t1839,1,0.08769395048732828,1.0
period1,sc01,t1840,1,0.10979300296282382,1.0
period1,sc01,t1841,1,0.15573088146269592,1.0
period1,sc01,t1842,1,0.2682062652398889,1.0
period1,sc01,t1843,1,0.3678153382868509,1.0
period1,sc01,t1844,1,0.4292273987219011,1.0
period1,sc01,t1845,1,0.4214616240232756,1.0
period1,sc01,t1846,1,0.3864858259658606,1.0
period1,sc01,t1847,1,0.27262083408408305,1.0
period1,sc01,t1848,1,0.2705868166171112,1.0
period1,sc01,t1849,1,0.26937646532827453,1.0
period1,sc01,t1850,1,0.2576400045089296,1.0
period1,sc01,t1851,1,0.23182206046290063,1.0
period1,sc01,t1852,1,0.19790379369061156,1.0
period1,sc01,t1853,1,0.15435582693214922,1.0
period1,sc01,t1854,1,0.13820558902158211,1.0
period1,sc01,t1855,1,0.12423737439936947,1.0
period1,sc01,t1856,1,0.0985317090874488,1.0
period1,sc01,t1857,1,0.09028100414111626,1.0
period1,sc01,t1858,1,0.0621422586299098,1.0
period1,sc01,t1859,1,0.05338404484710849,1.0
period1,sc01,t1860,1,0.06541031727134576,1.0
period1,sc01,t1861,1,0.07755292256149772,1.0
period1,sc01,t1862,1,0.0948090669363279,1.0
period1,sc01,t1863,1,0.11802176446156262,1.0
period1,sc01,t1864,1,0.10571868485261857,1.0
period1,sc01,t1865,1,0.0816934155589044,1.0
period1,sc01,t1866,1,0.10843485627784806,1.0
period1,sc01,t1867,1,0.13298375688830352,1.0
period1,sc01,t1868,1,0.14747583002758857,1.0
period1,sc01,t1869,1,0.15165200806603227,1.0
period1,sc01,t1870,1,0.1382098200251453,1.0
period1,sc01,t1871,1,0.11275062798756744,1.0
period1,sc01,t1872,1,0.1276752844763085,1.0
period1,sc01,t1873,1,0.13996310256036118,1.0
period1,sc01,t1874,1,0.1364781502055249,1.0
period1,sc01,t1875,1,0.13452148201702446,1.0
period1,sc01,t1876,1,0.15050575226350799,1.0
period1,sc01,t1877,1,0.14656010530078026,1.0
period1,sc01,t1878,1,0.15028889921239624,1.0
period1,sc01,t1879,1,0.13361728086047925,1.0
period1,sc01,t1880,1,0.11556237199954032,1.0
period1,sc01,t1881,1,0.07699366532495296,1.0
period1,sc01,t1882,1,0.05137260660545391,1.0
period1,sc01,t1883,1,0.05118291819305451,1.0
period1,sc01,t1884,1,0.04277038994294715,1.0
period1,sc01,t1885,1,0.04376626829588169,1.0
period1,sc01,t1886,1,0.055525785755699525,1.0
period1,sc01,t1887,1,0.06893500388746707,1.0
period1,sc01,t1888,1,0.05556932492917167,1.0
period1,sc01,t1889,1,0.04597583426850024,1.0
period1,sc01,t1890,1,0.058609969289888396,1.0
period1,sc01,t1891,1,0.05570432243614233,1.0
period1,sc01,t1892,1,0.04641353353343691,1.0
period1,sc01,t1893,1,0.03935645329786029,1.0
period1,sc01,t1894,1,0.02977525355579532,1.0
period1,sc01,t1895,1,0.04020845051810421,1.0
period1,sc01,t1896,1,0.04708189499613885,1.0
period1,sc01,t1897,1,0.0562814337470014,1.0
period1,sc01,t1898,1,0.07826000224306204,1.0
period1,sc01,t1899,1,0.10670108140496422,1.0
period1,sc01,t1900,1,0.10942853410646469,1.0
period1,sc01,t1901,1,0.11527994799238464,1.0
period1,sc01,t1902,1,0.15555086734354057,1.0
period1,sc01,t1903,1,0.22114029745665856,1.0
period1,sc01,t1904,1,0.15852798078384878,1.0
period1,sc01,t1905,1,0.08766393155621828,1.0
period1,sc01,t1906,1,0.06610005736038316,1.0
period1,sc01,t1907,1,0.036470538514975406,1.0
period1,sc01,t1908,1,0.022404952616275082,1.0
period1,sc01,t1909,1,0.01282524197604957,1.0
period1,sc01,t1910,1,0.023753435617703343,1.0
period1,sc01,t1911,1,0.046102182911275325,1.0
period1,sc01,t1912,1,0.054925606165590814,1.0
period1,sc01,t1913,1,0.1002416566213549,1.0
period1,sc01,t1914,1,0.20033856864248087,1.0
period1,sc01,t1915,1,0.4055858376538705,1.0
period1,sc01,t1916,1,0.5867977771300628,1.0
period1,sc01,t1917,1,0.5885964171625159,1.0
period1,sc01,t1918,1,0.47422070684385037,1.0
period1,sc01,t1919,1,0.3554140266241228,1.0
period1,sc01,t1920,1,0.3970207053695448,1.0
period1,sc01,t1921,1,0.4303391322136744,1.0
period1,sc01,t1922,1,0.5235564382039639,1.0
period1,sc01,t1923,1,0.6472411040717494,1.0
period1,sc01,t1924,1,0.7329416861378361,1.0
period1,sc01,t1925,1,0.7224196622948466,1.0
period1,sc01,t1926,1,0.7060578137107592,1.0
period1,sc01,t1927,1,0.6897064195067794,1.0
period1,sc01,t1928,1,0.7656553305087311,1.0
period1,sc01,t1929,1,0.49293022946850845,1.0
period1,sc01,t1930,1,0.461530819980951,1.0
period1,sc01,t1931,1,0.31456822934676326,1.0
period1,sc01,t1932,1,0.29691360850892434,1.0
period1,sc01,t1933,1,0.2629161650260419,1.0
period1,sc01,t1934,1,0.2658871890090741,1.0
period1,sc01,t1935,1,0.25787355475191265,1.0
period1,sc01,t1936,1,0.20495566079562907,1.0
period1,sc01,t1937,1,0.3126197653851041,1.0
period1,sc01,t1938,1,0.4660650030338353,1.0
period1,sc01,t1939,1,0.6632261903240267,1.0
period1,sc01,t1940,1,0.7613905390343456,1.0
period1,sc01,t1941,1,0.7834071275762077,1.0
period1,sc01,t1942,1,0.7922162318517456,1.0
period1,sc01,t1943,1,0.8432622911049282,1.0
period1,sc01,t1944,1,0.8180187816252834,1.0
period1,sc01,t1945,1,0.7875635216264121,1.0
period1,sc01,t1946,1,0.79355262507466,1.0
period1,sc01,t1947,1,0.8171659362027957,1.0
period1,sc01,t1948,1,0.86015645339463,1.0
period1,sc01,t1949,1,0.8667620898214763,1.0
period1,sc01,t1950,1,0.8443152178203287,1.0
period1,sc01,t1951,1,0.8133199850370694,1.0
period1,sc01,t1952,1,0.7977279066696545,1.0
period1,sc01,t1953,1,0.6181830120607856,1.0
period1,sc01,t1954,1,0.5642698006113542,1.0
period1,sc01,t1955,1,0.5090922807935426,1.0
period1,sc01,t1956,1,0.5515511671246964,1.0
period1,sc01,t1957,1,0.5846974366391681,1.0
period1,sc01,t1958,1,0.5584643683047653,1.0
period1,sc01,t1959,1,0.536050377714228,1.0
period1,sc01,t1960,1,0.4655974747688574,1.0
period1,sc01,t1961,1,0.4980814135677441,1.0
period1,sc01,t1962,1,0.5618810643611417,1.0
period1,sc01,t1963,1,0.6582912009851976,1.0
period1,sc01,t1964,1,0.6932330787739807,1.0
period1,sc01,t1965,1,0.6489461587624799,1.0
period1,sc01,t1966,1,0.5442741537882824,1.0
period1,sc01,t1967,1,0.4658570762734606,1.0
period1,sc01,t1968,1,0.398454681920085,1.0
period1,sc01,t1969,1,0.3029361820817591,1.0
period1,sc01,t1970,1,0.22052689909456122,1.0
period1,sc01,t1971,1,0.1372311411532877,1.0
period1,sc01,t1972,1,0.08089881937357914,1.0
period1,sc01,t1973,1,0.0736167775356477,1.0
period1,sc01,t1974,1,0.07127447688940995,1.0
period1,sc01,t1975,1,0.07288235754323913,1.0
period1,sc01,t1976,1,0.04131893518172973,1.0
period1,sc01,t1977,1,0.00098415908427033,1.0
period1,sc01,t1978,1,0.00025077431761182,1.0
period1,sc01,t1979,1,0.0,1.0
period1,sc01,t1980,1,0.0,1.0
period1,sc01,t1981,1,0.00026352309752622,1.0
period1,sc01,t1982,1,0.00086909303633985,1.0
period1,sc01,t1983,1,0.00624349676555577,1.0
period1,sc01,t1984,1,0.0138964401862497,1.0
period1,sc01,t1985,1,0.00990640421278848,1.0
period1,sc01,t1986,1,0.04525199372188953,1.0
period1,sc01,t1987,1,0.07116504810686812,1.0
period1,sc01,t1988,1,0.11148943216121036,1.0
period1,sc01,t1989,1,0.15406253417323315,1.0
period1,sc01,t1990,1,0.2264187590436718,1.0
period1,sc01,t1991,1,0.2517353507638081,1.0
period1,sc01,t1992,1,0.2339098922762322,1.0
period1,sc01,t1993,1,0.23546462104613494,1.0
period1,sc01,t1994,1,0.24367494786290936,1.0
period1,sc01,t1995,1,0.21816017111344976,1.0
period1,sc01,t1996,1,0.2732534843322786,1.0
period1,sc01,t1997,1,0.3466797988811971,1.0
period1,sc01,t1998,1,0.3279961165470195,1.0
period1,sc01,t1999,1,0.3712156161208911,1.0
period1,sc01,t2000,1,0.38819760806070613,1.0
period1,sc01,t2001,1,0.44769772521089346,1.0
period1,sc01,t2002,1,0.5057125970384475,1.0
period1,sc01,t2003,1,0.45985920654847545,1.0
period1,sc01,t2004,1,0.499828743341429,1.0
period1,sc01,t2005,1,0.5465740012815479,1.0
period1,sc01,t2006,1,0.47693149480197167,1.0
period1,sc01,t2007,1,0.32211712160863976,1.0
period1,sc01,t2008,1,0.2892556910977411,1.0
period1,sc01,t2009,1,0.27616382635911474,1.0
period1,sc01,t2010,1,0.35358939530371375,1.0
period1,sc01,t2011,1,0.3652264773156781,1.0
period1,sc01,t2012,1,0.3552357264354496,1.0
period1,sc01,t2013,1,0.31420494957604933,1.0
period1,sc01,t2014,1,0.27270829313088446,1.0
period1,sc01,t2015,1,0.2608728152713524,1.0
period1,sc01,t2016,1,0.2381923089640502,1.0
period1,sc01,t2017,1,0.24199360860985297,1.0
period1,sc01,t2018,1,0.2354736070273426,1.0
period1,sc01,t2019,1,0.2502427292873374,1.0
period1,sc01,t2020,1,0.24687605886707856,1.0
period1,sc01,t2021,1,0.24620316760977812,1.0
period1,sc01,t2022,1,0.21297785857537374,1.0
period1,sc01,t2023,1,0.17964485616637962,1.0
period1,sc01,t2024,1,0.1196656377046102,1.0
period1,sc01,t2025,1,0.05546644353326664,1.0
period1,sc01,t2026,1,0.03831972562446525,1.0
period1,sc01,t2027,1,0.01693362084711318,1.0
period1,sc01,t2028,1,0.030965219882917564,1.0
period1,sc01,t2029,1,0.05789761885947753,1.0
period1,sc01,t2030,1,0.0615947259943873,1.0
period1,sc01,t2031,1,0.07404840176346954,1.0
period1,sc01,t2032,1,0.04926022324429842,1.0
period1,sc01,t2033,1,0.03760174621534905,1.0
period1,sc01,t2034,1,0.02329032951497583,1.0
period1,sc01,t2035,1,0.00145952985738654,1.0
period1,sc01,t2036,1,0.03856366850729391,1.0
period1,sc01,t2037,1,0.08677879127308764,1.0
period1,sc01,t2038,1,0.1322265613888197,1.0
period1,sc01,t2039,1,0.19618440897895634,1.0
period1,sc01,t2040,1,0.22260936302664328,1.0
period1,sc01,t2041,1,0.2290993010853811,1.0
period1,sc01,t2042,1,0.21255199602164868,1.0
period1,sc01,t2043,1,0.2414429981928928,1.0
period1,sc01,t2044,1,0.3525687984502487,1.0
period1,sc01,t2045,1,0.40090134440635444,1.0
period1,sc01,t2046,1,0.39325990943729994,1.0
period1,sc01,t2047,1,0.3857505074819856,1.0
period1,sc01,t2048,1,0.39105809634326966,1.0
period1,sc01,t2049,1,0.3438650141863237,1.0
period1,sc01,t2050,1,0.30706848079835425,1.0
period1,sc01,t2051,1,0.28023431633859647,1.0
period1,sc01,t2052,1,0.2857076747820486,1.0
period1,sc01,t2053,1,0.29381597729951986,1.0
period1,sc01,t2054,1,0.3089266296727934,1.0
period1,sc01,t2055,1,0.25647710596251877,1.0
period1,sc01,t2056,1,0.21003529428066223,1.0
period1,sc01,t2057,1,0.2699944456402534,1.0
period1,sc01,t2058,1,0.25816764873960585,1.0
period1,sc01,t2059,1,0.26794534752922233,1.0
period1,sc01,t2060,1,0.30326006683401896,1.0
period1,sc01,t2061,1,0.34492547209842617,1.0
period1,sc01,t2062,1,0.3739027570494454,1.0
period1,sc01,t2063,1,0.37844608605825225,1.0
period1,sc01,t2064,1,0.4546452155220343,1.0
period1,sc01,t2065,1,0.4416727143496227,1.0
period1,sc01,t2066,1,0.43983596779756157,1.0
period1,sc01,t2067,1,0.42589223311020047,1.0
period1,sc01,t2068,1,0.3855722836558777,1.0
period1,sc01,t2069,1,0.3915669131545601,1.0
period1,sc01,t2070,1,0.4499755493873321,1.0
period1,sc01,t2071,1,0.5119962426329079,1.0
period1,sc01,t2072,1,0.45799910595787113,1.0
period1,sc01,t2073,1,0.5737189746830798,1.0
period1,sc01,t2074,1,0.6921431983314695,1.0
period1,sc01,t2075,1,0.687305116111248,1.0
period1,sc01,t2076,1,0.7153211677228949,1.0
period1,sc01,t2077,1,0.7234039974021392,1.0
period1,sc01,t2078,1,0.6932359216615495,1.0
period1,sc01,t2079,1,0.6386539632656536,1.0
period1,sc01,t2080,1,0.5065397747883849,1.0
period1,sc01,t2081,1,0.5022957215098045,1.0
period1,sc01,t2082,1,0.3857448087254332,1.0
period1,sc01,t2083,1,0.2984060589561055,1.0
period1,sc01,t2084,1,0.23571644742005887,1.0
period1,sc01,t2085,1,0.20101050236117296,1.0
period1,sc01,t2086,1,0.17458087098441166,1.0
period1,sc01,t2087,1,0.14647569019642584,1.0
period1,sc01,t2088,1,0.14268514085393624,1.0
period1,sc01,t2089,1,0.12501051591379372,1.0
period1,sc01,t2090,1,0.09943758125429795,1.0
period1,sc01,t2091,1,0.08054917718866561,1.0
period1,sc01,t2092,1,0.06823672954030718,1.0
period1,sc01,t2093,1,0.05916090543841323,1.0
period1,sc01,t2094,1,0.05319681698323512,1.0
period1,sc01,t2095,1,0.03505893176815488,1.0
period1,sc01,t2096,1,0.028782584468386652,1.0
period1,sc01,t2097,1,0.078717026723095,1.0
period1,sc01,t2098,1,0.08971319894981761,1.0
period1,sc01,t2099,1,0.09006811902668961,1.0
period1,sc01,t2100,1,0.12905956438205338,1.0
period1,sc01,t2101,1,0.1537419621423934,1.0
period1,sc01,t2102,1,0.24390270467555564,1.0
period1,sc01,t2103,1,0.2813213935952282,1.0
period1,sc01,t2104,1,0.2553740017390968,1.0
period1,sc01,t2105,1,0.15022553812320671,1.0
period1,sc01,t2106,1,0.16255952681869512,1.0
period1,sc01,t2107,1,0.20817831087824087,1.0
period1,sc01,t2108,1,0.21515758579508498,1.0
period1,sc01,t2109,1,0.21736170600593446,1.0
period1,sc01,t2110,1,0.19556701559982667,1.0
period1,sc01,t2111,1,0.19097007030801513,1.0
period1,sc01,t2112,1,0.20923565161874635,1.0
period1,sc01,t2113,1,0.23957673476455071,1.0
period1,sc01,t2114,1,0.32225611594203585,1.0
period1,sc01,t2115,1,0.38024143570899116,1.0
period1,sc01,t2116,1,0.5452010798410718,1.0
period1,sc01,t2117,1,0.7021923666178355,1.0
period1,sc01,t2118,1,0.8366908697077892,1.0
period1,sc01,t2119,1,0.8755419598746379,1.0
period1,sc01,t2120,1,0.8665480011795095,1.0
period1,sc01,t2121,1,0.8724268682566733,1.0
period1,sc01,t2122,1,0.8181045746358115,1.0
period1,sc01,t2123,1,0.39437773405376164,1.0
period1,sc01,t2124,1,0.12272838645943376,1.0
period1,sc01,t2125,1,0.03777665801649282,1.0
period1,sc01,t2126,1,1.3088805288883605e-05,1.0
period1,sc01,t2127,1,0.0,1.0
period1,sc01,t2128,1,0.024449034438837988,1.0
period1,sc01,t2129,1,0.15005169899466245,1.0
period1,sc01,t2130,1,0.3070751504764151,1.0
period1,sc01,t2131,1,0.37051669183305475,1.0
period1,sc01,t2132,1,0.351610075158356,1.0
period1,sc01,t2133,1,0.35442567385424756,1.0
period1,sc01,t2134,1,0.3752471339638699,1.0
period1,sc01,t2135,1,0.3510466380215214,1.0
period1,sc01,t2136,1,0.3082224551303566,1.0
period1,sc01,t2137,1,0.2599361344732099,1.0
period1,sc01,t2138,1,0.20793059143826922,1.0
period1,sc01,t2139,1,0.1535204307763528,1.0
period1,sc01,t2140,1,0.11963518303753017,1.0
period1,sc01,t2141,1,0.08387271709721586,1.0
period1,sc01,t2142,1,0.06155186880770712,1.0
period1,sc01,t2143,1,0.054380729443488755,1.0
period1,sc01,t2144,1,0.01381201111106046,1.0
period1,sc01,t2145,1,0.02164722290879139,1.0
period1,sc01,t2146,1,0.028820472417151112,1.0
period1,sc01,t2147,1,0.0205094573068437,1.0
period1,sc01,t2148,1,0.0334478915048592,1.0
period1,sc01,t2149,1,0.0620168977244907,1.0
period1,sc01,t2150,1,0.07676404994508751,1.0
period1,sc01,t2151,1,0.12378626498704193,1.0
period1,sc01,t2152,1,0.1412192548293776,1.0
period1,sc01,t2153,1,0.14231570070647412,1.0
period1,sc01,t2154,1,0.19147446440534333,1.0
period1,sc01,t2155,1,0.27541333412536995,1.0
period1,sc01,t2156,1,0.24434135983723537,1.0
period1,sc01,t2157,1,0.1731899551190292,1.0
period1,sc01,t2158,1,0.10495196640258597,1.0
period1,sc01,t2159,1,0.07462183999443957,1.0
period1,sc01,t2160,1,0.0703141718772456,1.0
period1,sc01,t2161,1,0.060048151400867944,1.0
period1,sc01,t2162,1,0.037074598750514796,1.0
period1,sc01,t2163,1,0.00965977640301942,1.0
period1,sc01,t2164,1,0.00074243347376274,1.0
period1,sc01,t2165,1,0.0,1.0
period1,sc01,t2166,1,0.0,1.0
period1,sc01,t2167,1,0.0,1.0
period1,sc01,t2168,1,0.0,1.0
period1,sc01,t2169,1,0.0,1.0
period1,sc01,t2170,1,0.0,1.0
period1,sc01,t2171,1,0.0,1.0
period1,sc01,t2172,1,0.0,1.0
period1,sc01,t2173,1,0.0,1.0
period1,sc01,t2174,1,0.0,1.0
period1,sc01,t2175,1,0.0,1.0
period1,sc01,t2176,1,0.00047537827248186,1.0
period1,sc01,t2177,1,0.00604243378866852,1.0
period1,sc01,t2178,1,0.03300348999572217,1.0
period1,sc01,t2179,1,0.04417405977575565,1.0
period1,sc01,t2180,1,0.04737264138208125,1.0
period1,sc01,t2181,1,0.042665956790107415,1.0
period1,sc01,t2182,1,0.03370195679483421,1.0
period1,sc01,t2183,1,0.04009373564960943,1.0
period1,sc01,t2184,1,0.04579017479898939,1.0
period1,sc01,t2185,1,0.039111355683799115,1.0
period1,sc01,t2186,1,0.02251530752887413,1.0
period1,sc01,t2187,1,0.0014699046110646602,1.0
period1,sc01,t2188,1,0.00074107467960939,1.0
period1,sc01,t2189,1,0.0,1.0
period1,sc01,t2190,1,0.0,1.0
period1,sc01,t2191,1,0.0,1.0
period1,sc01,t2192,1,0.0,1.0
period1,sc01,t2193,1,0.0,1.0
period1,sc01,t2194,1,0.0,1.0
period1,sc01,t2195,1,0.0,1.0
period1,sc01,t2196,1,0.0,1.0
period1,sc01,t2197,1,0.0,1.0
period1,sc01,t2198,1,0.0,1.0
period1,sc01,t2199,1,0.0,1.0
period1,sc01,t2200,1,0.00047028064594815006,1.0
period1,sc01,t2201,1,0.02401411871362077,1.0
period1,sc01,t2202,1,0.06422663147957774,1.0
period1,sc01,t2203,1,0.07861065477603363,1.0
period1,sc01,t2204,1,0.07441349643148275,1.0
period1,sc01,t2205,1,0.06047055437907915,1.0
period1,sc01,t2206,1,0.03645782289504549,1.0
period1,sc01,t2207,1,0.02247119318762028,1.0
period1,sc01,t2208,1,0.00141087684003975,1.0
period1,sc01,t2209,1,0.00072630383981364,1.0
period1,sc01,t2210,1,0.0,1.0
period1,sc01,t2211,1,0.0,1.0
period1,sc01,t2212,1,0.0,1.0
period1,sc01,t2213,1,0.0,1.0
period1,sc01,t2214,1,0.0,1.0
period1,sc01,t2215,1,0.00077341011133923,1.0
period1,sc01,t2216,1,0.00762552630371358,1.0
period1,sc01,t2217,1,0.00115191381523977,1.0
period1,sc01,t2218,1,0.00134686751373351,1.0
period1,sc01,t2219,1,0.0014612823575829,1.0
period1,sc01,t2220,1,0.03564204383724903,1.0
period1,sc01,t2221,1,0.052469737194930664,1.0
period1,sc01,t2222,1,0.05851111008847176,1.0
period1,sc01,t2223,1,0.05254169526606789,1.0
period1,sc01,t2224,1,0.05111758911391263,1.0
period1,sc01,t2225,1,0.07752387995909091,1.0
period1,sc01,t2226,1,0.12962413816636617,1.0
period1,sc01,t2227,1,0.1826908161139035,1.0
period1,sc01,t2228,1,0.2272891781630961,1.0
period1,sc01,t2229,1,0.259212363459497,1.0
period1,sc01,t2230,1,0.3084887119618115,1.0
period1,sc01,t2231,1,0.34160949041996963,1.0
period1,sc01,t2232,1,0.28325111004375036,1.0
period1,sc01,t2233,1,0.21600246558085065,1.0
period1,sc01,t2234,1,0.12276744994520199,1.0
period1,sc01,t2235,1,0.04189558139647614,1.0
period1,sc01,t2236,1,0.29423899757798605,1.0
period1,sc01,t2237,1,0.6135864657216896,1.0
period1,sc01,t2238,1,0.6978373262361907,1.0
period1,sc01,t2239,1,0.6237611626185734,1.0
period1,sc01,t2240,1,0.38323087562760455,1.0
period1,sc01,t2241,1,0.3451574110727718,1.0
period1,sc01,t2242,1,0.21238268338988153,1.0
period1,sc01,t2243,1,0.10363975051887576,1.0
period1,sc01,t2244,1,0.09243778234792006,1.0
period1,sc01,t2245,1,0.07734525925789972,1.0
period1,sc01,t2246,1,0.07931171693434833,1.0
period1,sc01,t2247,1,0.09668930042736604,1.0
period1,sc01,t2248,1,0.09621178254666207,1.0
period1,sc01,t2249,1,0.10595387878668099,1.0
period1,sc01,t2250,1,0.14298009743050777,1.0
period1,sc01,t2251,1,0.1406417948007606,1.0
period1,sc01,t2252,1,0.12011676963438674,1.0
period1,sc01,t2253,1,0.14555475497085302,1.0
period1,sc01,t2254,1,0.23992851722820815,1.0
period1,sc01,t2255,1,0.43768215192966153,1.0
period1,sc01,t2256,1,0.5325383618827214,1.0
period1,sc01,t2257,1,0.43623351692029577,1.0
period1,sc01,t2258,1,0.33516928866678275,1.0
period1,sc01,t2259,1,0.251514859997081,1.0
period1,sc01,t2260,1,0.253725709515182,1.0
period1,sc01,t2261,1,0.2868006523968041,1.0
period1,sc01,t2262,1,0.2922864420522929,1.0
period1,sc01,t2263,1,0.2822199900801875,1.0
period1,sc01,t2264,1,0.2299886077586031,1.0
period1,sc01,t2265,1,0.35708523417706833,1.0
period1,sc01,t2266,1,0.30917592566196966,1.0
period1,sc01,t2267,1,0.16858578081568681,1.0
period1,sc01,t2268,1,0.15250685176046522,1.0
period1,sc01,t2269,1,0.1903485045138174,1.0
period1,sc01,t2270,1,0.19645182025587404,1.0
period1,sc01,t2271,1,0.2313415020670055,1.0
period1,sc01,t2272,1,0.3183776882136115,1.0
period1,sc01,t2273,1,0.32045442272289976,1.0
period1,sc01,t2274,1,0.12519163865322955,1.0
period1,sc01,t2275,1,0.07110734995192022,1.0
period1,sc01,t2276,1,0.06702064578951408,1.0
period1,sc01,t2277,1,0.07027163248667824,1.0
period1,sc01,t2278,1,0.06562262874195081,1.0
period1,sc01,t2279,1,0.060271626163198956,1.0
period1,sc01,t2280,1,0.02359151086112532,1.0
period1,sc01,t2281,1,0.00130665437052381,1.0
period1,sc01,t2282,1,0.0010999222193787302,1.0
period1,sc01,t2283,1,0.027412793146619912,1.0
period1,sc01,t2284,1,0.058484038293231656,1.0
period1,sc01,t2285,1,0.09831305676465514,1.0
period1,sc01,t2286,1,0.12096854759363967,1.0
period1,sc01,t2287,1,0.0973001137873877,1.0
period1,sc01,t2288,1,0.040878544489732625,1.0
period1,sc01,t2289,1,0.03804505980436809,1.0
period1,sc01,t2290,1,0.06502967805730382,1.0
period1,sc01,t2291,1,0.07228562255231068,1.0
period1,sc01,t2292,1,0.12844930286858375,1.0
period1,sc01,t2293,1,0.19686016006520618,1.0
period1,sc01,t2294,1,0.2628073866403936,1.0
period1,sc01,t2295,1,0.28682853538926395,1.0
period1,sc01,t2296,1,0.2534163170687677,1.0
period1,sc01,t2297,1,0.18276516009263682,1.0
period1,sc01,t2298,1,0.2202311500078796,1.0
period1,sc01,t2299,1,0.21066603120866934,1.0
period1,sc01,t2300,1,0.1775523250869938,1.0
period1,sc01,t2301,1,0.14062285629608418,1.0
period1,sc01,t2302,1,0.11871134456742621,1.0
period1,sc01,t2303,1,0.14080390132385828,1.0
period1,sc01,t2304,1,0.12984496650825597,1.0
period1,sc01,t2305,1,0.09852796425192813,1.0
period1,sc01,t2306,1,0.07874563959161018,1.0
period1,sc01,t2307,1,0.06255341317826496,1.0
period1,sc01,t2308,1,0.05516200285343964,1.0
period1,sc01,t2309,1,0.06706235272995702,1.0
period1,sc01,t2310,1,0.10377928760355395,1.0
period1,sc01,t2311,1,0.11706890554313011,1.0
period1,sc01,t2312,1,0.06677217402182019,1.0
period1,sc01,t2313,1,0.05489282359576566,1.0
period1,sc01,t2314,1,0.05879808819493641,1.0
period1,sc01,t2315,1,0.03444431554249668,1.0
period1,sc01,t2316,1,0.030033959021530113,1.0
period1,sc01,t2317,1,0.04310305435003041,1.0
period1,sc01,t2318,1,0.06807734867552995,1.0
period1,sc01,t2319,1,0.0849774397507578,1.0
period1,sc01,t2320,1,0.0968803058110194,1.0
period1,sc01,t2321,1,0.13123865690024014,1.0
period1,sc01,t2322,1,0.1653083927591456,1.0
period1,sc01,t2323,1,0.18382076115258628,1.0
period1,sc01,t2324,1,0.1522892158043796,1.0
period1,sc01,t2325,1,0.11450478662815014,1.0
period1,sc01,t2326,1,0.08399118461823693,1.0
period1,sc01,t2327,1,0.08977049064318943,1.0
period1,sc01,t2328,1,0.07794102451062483,1.0
period1,sc01,t2329,1,0.06374286582789339,1.0
period1,sc01,t2330,1,0.059966044647188764,1.0
period1,sc01,t2331,1,0.05733011293880067,1.0
period1,sc01,t2332,1,0.04840795694946519,1.0
period1,sc01,t2333,1,0.03329164919938626,1.0
period1,sc01,t2334,1,0.00517993652961126,1.0
period1,sc01,t2335,1,0.00061154614193121,1.0
period1,sc01,t2336,1,0.0,1.0
period1,sc01,t2337,1,0.0,1.0
period1,sc01,t2338,1,0.0,1.0
period1,sc01,t2339,1,0.0,1.0
period1,sc01,t2340,1,0.0,1.0
period1,sc01,t2341,1,0.00140914068304671,1.0
period1,sc01,t2342,1,0.02018828045717208,1.0
period1,sc01,t2343,1,0.0180367457085828,1.0
period1,sc01,t2344,1,0.01841881918125942,1.0
period1,sc01,t2345,1,0.00692956674145629,1.0
period1,sc01,t2346,1,0.00138298878700461,1.0
period1,sc01,t2347,1,0.0013155667908653702,1.0
period1,sc01,t2348,1,0.00118052337020175,1.0
period1,sc01,t2349,1,0.00106286550483798,1.0
period1,sc01,t2350,1,0.00098606234518902,1.0
period1,sc01,t2351,1,0.01732246848207549,1.0
period1,sc01,t2352,1,0.029699119694847148,1.0
period1,sc01,t2353,1,0.04771787065255719,1.0
period1,sc01,t2354,1,0.06950880463610087,1.0
period1,sc01,t2355,1,0.0809483685025716,1.0
period1,sc01,t2356,1,0.07646481321939098,1.0
period1,sc01,t2357,1,0.07220999847044304,1.0
period1,sc01,t2358,1,0.083294449567416,1.0
period1,sc01,t2359,1,0.07490135426367799,1.0
period1,sc01,t2360,1,0.01498522235655195,1.0
period1,sc01,t2361,1,0.02719025694190701,1.0
period1,sc01,t2362,1,0.04663469350992789,1.0
period1,sc01,t2363,1,0.014967811786944781,1.0
period1,sc01,t2364,1,0.043567253056843565,1.0
period1,sc01,t2365,1,0.06824921735313252,1.0
period1,sc01,t2366,1,0.149646697032467,1.0
period1,sc01,t2367,1,0.14321425349076858,1.0
period1,sc01,t2368,1,0.13130240600715895,1.0
period1,sc01,t2369,1,0.10790423978073993,1.0
period1,sc01,t2370,1,0.09749011016812031,1.0
period1,sc01,t2371,1,0.08051942692614214,1.0
period1,sc01,t2372,1,0.14638673038656114,1.0
period1,sc01,t2373,1,0.2358598424744922,1.0
period1,sc01,t2374,1,0.21402682715326518,1.0
period1,sc01,t2375,1,0.22581759406790988,1.0
period1,sc01,t2376,1,0.2145882885571447,1.0
period1,sc01,t2377,1,0.15316598738121068,1.0
period1,sc01,t2378,1,0.10918819349066503,1.0
period1,sc01,t2379,1,0.11312704768462147,1.0
period1,sc01,t2380,1,0.03973441997009862,1.0
period1,sc01,t2381,1,0.00088472814139143,1.0
period1,sc01,t2382,1,0.0,1.0
period1,sc01,t2383,1,0.0,1.0
period1,sc01,t2384,1,0.0,1.0
period1,sc01,t2385,1,0.0009007451794935,1.0
period1,sc01,t2386,1,0.051941038008347915,1.0
period1,sc01,t2387,1,0.0997959050885403,1.0
period1,sc01,t2388,1,0.1999926640646804,1.0
period1,sc01,t2389,1,0.3138016572422131,1.0
period1,sc01,t2390,1,0.40189248804157207,1.0
period1,sc01,t2391,1,0.481521029103304,1.0
period1,sc01,t2392,1,0.5801858433566358,1.0
period1,sc01,t2393,1,0.5351618945550746,1.0
period1,sc01,t2394,1,0.6908239520558597,1.0
period1,sc01,t2395,1,0.8209072915959735,1.0
period1,sc01,t2396,1,0.8495258469483614,1.0
period1,sc01,t2397,1,0.8155183522074222,1.0
period1,sc01,t2398,1,0.7966807221848984,1.0
period1,sc01,t2399,1,0.7310398659928279,1.0
period1,sc01,t2400,1,0.6908049976346743,1.0
period1,sc01,t2401,1,0.81315009781982,1.0
period1,sc01,t2402,1,0.7923256321908237,1.0
period1,sc01,t2403,1,0.6199666233201447,1.0
period1,sc01,t2404,1,0.5195738117511529,1.0
period1,sc01,t2405,1,0.3976012991679616,1.0
period1,sc01,t2406,1,0.2574294163477543,1.0
period1,sc01,t2407,1,0.18703711576407817,1.0
period1,sc01,t2408,1,0.07343318258626078,1.0
period1,sc01,t2409,1,0.02514601044258003,1.0
period1,sc01,t2410,1,0.00130338318706515,1.0
period1,sc01,t2411,1,0.00146263991702256,1.0
period1,sc01,t2412,1,0.043668630948308224,1.0
period1,sc01,t2413,1,0.06971214602374354,1.0
period1,sc01,t2414,1,0.0905007517633863,1.0
period1,sc01,t2415,1,0.08718808337080092,1.0
period1,sc01,t2416,1,0.08016493169993104,1.0
period1,sc01,t2417,1,0.07876898781029001,1.0
period1,sc01,t2418,1,0.09899194363691453,1.0
period1,sc01,t2419,1,0.10477827993637404,1.0
period1,sc01,t2420,1,0.13869409368548422,1.0
period1,sc01,t2421,1,0.14955533487677186,1.0
period1,sc01,t2422,1,0.18201008147232386,1.0
period1,sc01,t2423,1,0.2353925986428233,1.0
period1,sc01,t2424,1,0.25405690217524396,1.0
period1,sc01,t2425,1,0.3226803939392094,1.0
period1,sc01,t2426,1,0.2786527271437822,1.0
period1,sc01,t2427,1,0.33295879728851846,1.0
period1,sc01,t2428,1,0.25362955199600973,1.0
period1,sc01,t2429,1,0.24095730418298913,1.0
period1,sc01,t2430,1,0.26031347030412505,1.0
period1,sc01,t2431,1,0.2958203530170744,1.0
period1,sc01,t2432,1,0.25905747035848203,1.0
period1,sc01,t2433,1,0.2513218919301567,1.0
period1,sc01,t2434,1,0.2305812920812722,1.0
period1,sc01,t2435,1,0.1529116852631575,1.0
period1,sc01,t2436,1,0.1515422694065526,1.0
period1,sc01,t2437,1,0.14241506320707498,1.0
period1,sc01,t2438,1,0.1403525293750411,1.0
period1,sc01,t2439,1,0.115861943544778,1.0
period1,sc01,t2440,1,0.07281072347732308,1.0
period1,sc01,t2441,1,0.041647427638702564,1.0
period1,sc01,t2442,1,0.01797441635340414,1.0
period1,sc01,t2443,1,0.016878368221093978,1.0
period1,sc01,t2444,1,0.0103577675665653,1.0
period1,sc01,t2445,1,0.00111244251229362,1.0
period1,sc01,t2446,1,0.00033113825272341,1.0
period1,sc01,t2447,1,0.00016379616529476,1.0
period1,sc01,t2448,1,0.02885639634510327,1.0
period1,sc01,t2449,1,0.08213006985785766,1.0
period1,sc01,t2450,1,0.12099053365863155,1.0
period1,sc01,t2451,1,0.14762121859252864,1.0
period1,sc01,t2452,1,0.19003741609358762,1.0
period1,sc01,t2453,1,0.22804213647831525,1.0
period1,sc01,t2454,1,0.21442437112993065,1.0
period1,sc01,t2455,1,0.19310625847146998,1.0
period1,sc01,t2456,1,0.16110546537140064,1.0
period1,sc01,t2457,1,0.1877128421492269,1.0
period1,sc01,t2458,1,0.23996119673789543,1.0
period1,sc01,t2459,1,0.2342360443993068,1.0
period1,sc01,t2460,1,0.30145091545501446,1.0
period1,sc01,t2461,1,0.40327661154646016,1.0
period1,sc01,t2462,1,0.49514818680642575,1.0
period1,sc01,t2463,1,0.5450266742946149,1.0
period1,sc01,t2464,1,0.6871261445284381,1.0
period1,sc01,t2465,1,0.682887202606745,1.0
period1,sc01,t2466,1,0.5784022917660725,1.0
period1,sc01,t2467,1,0.5145100529629372,1.0
period1,sc01,t2468,1,0.44435405476441064,1.0
period1,sc01,t2469,1,0.38486606818379065,1.0
period1,sc01,t2470,1,0.3711201820033277,1.0
period1,sc01,t2471,1,0.31340763832386953,1.0
period1,sc01,t2472,1,0.37767277439102304,1.0
period1,sc01,t2473,1,0.3111711272588273,1.0
period1,sc01,t2474,1,0.328553724023354,1.0
period1,sc01,t2475,1,0.33090146527590225,1.0
period1,sc01,t2476,1,0.26218503473660704,1.0
period1,sc01,t2477,1,0.21498442528964265,1.0
period1,sc01,t2478,1,0.15657727558474585,1.0
period1,sc01,t2479,1,0.1582398131548067,1.0
period1,sc01,t2480,1,0.1621893200621213,1.0
period1,sc01,t2481,1,0.1561339007875558,1.0
period1,sc01,t2482,1,0.11790422129994182,1.0
period1,sc01,t2483,1,0.06077482811247978,1.0
period1,sc01,t2484,1,0.08079098434001279,1.0
period1,sc01,t2485,1,0.0805537328926618,1.0
period1,sc01,t2486,1,0.04954918058030673,1.0
period1,sc01,t2487,1,0.04203382181310189,1.0
period1,sc01,t2488,1,0.034842122155012055,1.0
period1,sc01,t2489,1,0.008705411019191341,1.0
period1,sc01,t2490,1,0.00038372412225555003,1.0
period1,sc01,t2491,1,0.00022784060300247,1.0
period1,sc01,t2492,1,0.0,1.0
period1,sc01,t2493,1,0.0,1.0
period1,sc01,t2494,1,0.0,1.0
period1,sc01,t2495,1,0.00039037068914616,1.0
period1,sc01,t2496,1,0.00927108694248588,1.0
period1,sc01,t2497,1,0.06481151947830618,1.0
period1,sc01,t2498,1,0.1125047888934824,1.0
period1,sc01,t2499,1,0.15820830496692,1.0
period1,sc01,t2500,1,0.18977749219454454,1.0
period1,sc01,t2501,1,0.23726315234167084,1.0
period1,sc01,t2502,1,0.26230180181553975,1.0
period1,sc01,t2503,1,0.24951913861479671,1.0
period1,sc01,t2504,1,0.14394378462868476,1.0
period1,sc01,t2505,1,0.1421024231079793,1.0
period1,sc01,t2506,1,0.14784568259995906,1.0
period1,sc01,t2507,1,0.09603700095863205,1.0
period1,sc01,t2508,1,0.09159609162796865,1.0
period1,sc01,t2509,1,0.10337823436724126,1.0
period1,sc01,t2510,1,0.1408536570845833,1.0
period1,sc01,t2511,1,0.20857329569007765,1.0
period1,sc01,t2512,1,0.260955153323679,1.0
period1,sc01,t2513,1,0.28916109179598465,1.0
period1,sc01,t2514,1,0.4597000461229256,1.0
period1,sc01,t2515,1,0.6208713775661077,1.0
period1,sc01,t2516,1,0.7663546474860996,1.0
period1,sc01,t2517,1,0.8390067872436169,1.0
period1,sc01,t2518,1,0.8537922348011289,1.0
period1,sc01,t2519,1,0.8248705108458516,1.0
period1,sc01,t2520,1,0.7703026262662875,1.0
period1,sc01,t2521,1,0.7005520099967332,1.0
period1,sc01,t2522,1,0.7026696218072859,1.0
period1,sc01,t2523,1,0.616861123936525,1.0
period1,sc01,t2524,1,0.5666165167042028,1.0
period1,sc01,t2525,1,0.5386691440681869,1.0
period1,sc01,t2526,1,0.5076085536531558,1.0
period1,sc01,t2527,1,0.4204029686803771,1.0
period1,sc01,t2528,1,0.3644364536746864,1.0
period1,sc01,t2529,1,0.21514734985131487,1.0
period1,sc01,t2530,1,0.14405374085616196,1.0
period1,sc01,t2531,1,0.08147789678511369,1.0
period1,sc01,t2532,1,0.073797479410752,1.0
period1,sc01,t2533,1,0.07986089780453313,1.0
period1,sc01,t2534,1,0.06910062808845888,1.0
period1,sc01,t2535,1,0.060952217578117654,1.0
period1,sc01,t2536,1,0.02002738232920968,1.0
period1,sc01,t2537,1,0.0,1.0
period1,sc01,t2538,1,0.0,1.0
period1,sc01,t2539,1,0.0,1.0
period1,sc01,t2540,1,0.0,1.0
period1,sc01,t2541,1,0.00035061176072358,1.0
period1,sc01,t2542,1,0.00011331429527033999,1.0
period1,sc01,t2543,1,0.0,1.0
period1,sc01,t2544,1,0.00684746751080358,1.0
period1,sc01,t2545,1,0.05674300134546122,1.0
period1,sc01,t2546,1,0.09057897878103395,1.0
period1,sc01,t2547,1,0.0969222981354903,1.0
period1,sc01,t2548,1,0.09800238341468845,1.0
period1,sc01,t2549,1,0.12105900008062345,1.0
period1,sc01,t2550,1,0.1477003416177466,1.0
period1,sc01,t2551,1,0.106139160492921,1.0
period1,sc01,t2552,1,0.06257288317083877,1.0
period1,sc01,t2553,1,0.07721396910529822,1.0
period1,sc01,t2554,1,0.07372256588788113,1.0
period1,sc01,t2555,1,0.0012519800585253,1.0
period1,sc01,t2556,1,0.00088253811776646,1.0
period1,sc01,t2557,1,0.0009392256656471701,1.0
period1,sc01,t2558,1,0.00130494867106581,1.0
period1,sc01,t2559,1,0.02568664347609528,1.0
period1,sc01,t2560,1,0.0,1.0
period1,sc01,t2561,1,0.05871906652151907,1.0
period1,sc01,t2562,1,0.14094954410139163,1.0
period1,sc01,t2563,1,0.2770564259206408,1.0
period1,sc01,t2564,1,0.2790328966088276,1.0
period1,sc01,t2565,1,0.11802168424589392,1.0
period1,sc01,t2566,1,0.06208872663990302,1.0
period1,sc01,t2567,1,0.03069397894642164,1.0
period1,sc01,t2568,1,0.04347744720420168,1.0
period1,sc01,t2569,1,0.10279383204302685,1.0
period1,sc01,t2570,1,0.1380217458769038,1.0
period1,sc01,t2571,1,0.11505516304754367,1.0
period1,sc01,t2572,1,0.09021548331363681,1.0
period1,sc01,t2573,1,0.13860186590217843,1.0
period1,sc01,t2574,1,0.15231978647559055,1.0
period1,sc01,t2575,1,0.11162069171105797,1.0
period1,sc01,t2576,1,0.07434686059959411,1.0
period1,sc01,t2577,1,0.06927994111006791,1.0
period1,sc01,t2578,1,0.06543609831527221,1.0
period1,sc01,t2579,1,0.06428074921184466,1.0
period1,sc01,t2580,1,0.07639800305907941,1.0
period1,sc01,t2581,1,0.09198416139071085,1.0
period1,sc01,t2582,1,0.07883104283841898,1.0
period1,sc01,t2583,1,0.0929198250115371,1.0
period1,sc01,t2584,1,0.06403402361119499,1.0
period1,sc01,t2585,1,0.05765332328225685,1.0
period1,sc01,t2586,1,0.1273062103442319,1.0
period1,sc01,t2587,1,0.15916825971176551,1.0
period1,sc01,t2588,1,0.1486508775387924,1.0
period1,sc01,t2589,1,0.1516140640439532,1.0
period1,sc01,t2590,1,0.2233448895783852,1.0
period1,sc01,t2591,1,0.21403606738162131,1.0
period1,sc01,t2592,1,0.16321824476852706,1.0
period1,sc01,t2593,1,0.11935843835381127,1.0
period1,sc01,t2594,1,0.14240105439547626,1.0
period1,sc01,t2595,1,0.1559168672856191,1.0
period1,sc01,t2596,1,0.20157418693463383,1.0
period1,sc01,t2597,1,0.15716943492347846,1.0
period1,sc01,t2598,1,0.0995395904638282,1.0
period1,sc01,t2599,1,0.05146785393405507,1.0
period1,sc01,t2600,1,0.05990567525026272,1.0
period1,sc01,t2601,1,0.05748473620716282,1.0
period1,sc01,t2602,1,0.09987082567249356,1.0
period1,sc01,t2603,1,0.07102974598554798,1.0
period1,sc01,t2604,1,0.05592505954642083,1.0
period1,sc01,t2605,1,0.028710218678849552,1.0
period1,sc01,t2606,1,0.00101676381923898,1.0
period1,sc01,t2607,1,0.00845355952603719,1.0
period1,sc01,t2608,1,0.031266316534833,1.0
period1,sc01,t2609,1,0.053285415192107465,1.0
period1,sc01,t2610,1,0.0488187289671543,1.0
period1,sc01,t2611,1,0.04936856382757602,1.0
period1,sc01,t2612,1,0.06203870856862434,1.0
period1,sc01,t2613,1,0.06263409814211962,1.0
period1,sc01,t2614,1,0.05261429557009899,1.0
period1,sc01,t2615,1,0.04312888603488351,1.0
period1,sc01,t2616,1,0.0345642034496103,1.0
period1,sc01,t2617,1,0.02934691858932957,1.0
period1,sc01,t2618,1,0.03022648612257672,1.0
period1,sc01,t2619,1,0.03412656671467509,1.0
period1,sc01,t2620,1,0.03548681470427319,1.0
period1,sc01,t2621,1,0.02949133568190795,1.0
period1,sc01,t2622,1,0.01841732197800858,1.0
period1,sc01,t2623,1,0.00146673574019865,1.0
period1,sc01,t2624,1,0.00096057786704769,1.0
period1,sc01,t2625,1,0.00018267984854801998,1.0
period1,sc01,t2626,1,0.0,1.0
period1,sc01,t2627,1,0.0,1.0
period1,sc01,t2628,1,0.0,1.0
period1,sc01,t2629,1,0.0,1.0
period1,sc01,t2630,1,0.000164930210451,1.0
period1,sc01,t2631,1,0.0010056284746202701,1.0
period1,sc01,t2632,1,0.01421086200070257,1.0
period1,sc01,t2633,1,0.03356688300401079,1.0
period1,sc01,t2634,1,0.03454792113472038,1.0
period1,sc01,t2635,1,0.035495088456859204,1.0
period1,sc01,t2636,1,0.06163242948673488,1.0
period1,sc01,t2637,1,0.07512607409018013,1.0
period1,sc01,t2638,1,0.06381393804547407,1.0
period1,sc01,t2639,1,0.05638402876902813,1.0
period1,sc01,t2640,1,0.04917943402838541,1.0
period1,sc01,t2641,1,0.054121637957235035,1.0
period1,sc01,t2642,1,0.06990955767720478,1.0
period1,sc01,t2643,1,0.06968847753544168,1.0
period1,sc01,t2644,1,0.07234379845774597,1.0
period1,sc01,t2645,1,0.07644868762222404,1.0
period1,sc01,t2646,1,0.07680210603024465,1.0
period1,sc01,t2647,1,0.07301152832625891,1.0
period1,sc01,t2648,1,0.06261111084691116,1.0
period1,sc01,t2649,1,0.039126593707632364,1.0
period1,sc01,t2650,1,0.016866549062105583,1.0
period1,sc01,t2651,1,0.01897685450728236,1.0
period1,sc01,t2652,1,0.013247297032043252,1.0
period1,sc01,t2653,1,0.01198337855586507,1.0
period1,sc01,t2654,1,0.0093337855078068,1.0
period1,sc01,t2655,1,0.00800642034955935,1.0
period1,sc01,t2656,1,0.01269080427525129,1.0
period1,sc01,t2657,1,0.018220965107352032,1.0
period1,sc01,t2658,1,0.0636293865684626,1.0
period1,sc01,t2659,1,0.09690602981780871,1.0
period1,sc01,t2660,1,0.11441779259654385,1.0
period1,sc01,t2661,1,0.10332820542084309,1.0
period1,sc01,t2662,1,0.08422779154543002,1.0
period1,sc01,t2663,1,0.063628941195019,1.0
period1,sc01,t2664,1,0.04298223871328616,1.0
period1,sc01,t2665,1,0.03660073195342896,1.0
period1,sc01,t2666,1,0.04238069646187773,1.0
period1,sc01,t2667,1,0.04414775528164374,1.0
period1,sc01,t2668,1,0.025249133839418462,1.0
period1,sc01,t2669,1,0.00725167507855851,1.0
period1,sc01,t2670,1,0.011796509682873449,1.0
period1,sc01,t2671,1,0.02193177145386123,1.0
period1,sc01,t2672,1,0.059772275401633566,1.0
period1,sc01,t2673,1,0.053703251773938095,1.0
period1,sc01,t2674,1,0.046686397242124804,1.0
period1,sc01,t2675,1,0.05051222477062722,1.0
period1,sc01,t2676,1,0.05826055259569195,1.0
period1,sc01,t2677,1,0.08523579059007984,1.0
period1,sc01,t2678,1,0.0765740684429541,1.0
period1,sc01,t2679,1,0.04875893046117486,1.0
period1,sc01,t2680,1,0.03307142918885049,1.0
period1,sc01,t2681,1,0.026251868936895933,1.0
period1,sc01,t2682,1,0.033167715770299054,1.0
period1,sc01,t2683,1,0.037037324311226194,1.0
period1,sc01,t2684,1,0.009274685849851501,1.0
period1,sc01,t2685,1,0.00837091105207335,1.0
period1,sc01,t2686,1,0.0014651180116461002,1.0
period1,sc01,t2687,1,0.0,1.0
period1,sc01,t2688,1,0.0,1.0
period1,sc01,t2689,1,0.0,1.0
period1,sc01,t2690,1,0.0,1.0
period1,sc01,t2691,1,0.0,1.0
period1,sc01,t2692,1,0.0,1.0
period1,sc01,t2693,1,0.0,1.0
period1,sc01,t2694,1,0.0,1.0
period1,sc01,t2695,1,0.0,1.0
period1,sc01,t2696,1,6.774288700276737e-05,1.0
period1,sc01,t2697,1,0.00049288654670562,1.0
period1,sc01,t2698,1,0.00104154407971083,1.0
period1,sc01,t2699,1,0.0009923149407612601,1.0
period1,sc01,t2700,1,0.0011661501783807,1.0
period1,sc01,t2701,1,0.00140040388749141,1.0
period1,sc01,t2702,1,0.03222869906950443,1.0
period1,sc01,t2703,1,0.06281432379597726,1.0
period1,sc01,t2704,1,0.08992693088654508,1.0
period1,sc01,t2705,1,0.10583732976229844,1.0
period1,sc01,t2706,1,0.057779373893788254,1.0
period1,sc01,t2707,1,0.03423091327326072,1.0
period1,sc01,t2708,1,0.0249263998460505,1.0
period1,sc01,t2709,1,0.03093404709074022,1.0
period1,sc01,t2710,1,0.0429561261338382,1.0
period1,sc01,t2711,1,0.057589267141163886,1.0
period1,sc01,t2712,1,0.06772778508140137,1.0
period1,sc01,t2713,1,0.06395031001921896,1.0
period1,sc01,t2714,1,0.06312056923761669,1.0
period1,sc01,t2715,1,0.07505745993941472,1.0
period1,sc01,t2716,1,0.0824026533786432,1.0
period1,sc01,t2717,1,0.07809556682827891,1.0
period1,sc01,t2718,1,0.1107139578513795,1.0
period1,sc01,t2719,1,0.11216191356636651,1.0
period1,sc01,t2720,1,0.0766128570532353,1.0
period1,sc01,t2721,1,0.03887076390335145,1.0
period1,sc01,t2722,1,0.01394961912221391,1.0
period1,sc01,t2723,1,0.0,1.0
period1,sc01,t2724,1,0.0,1.0
period1,sc01,t2725,1,0.0,1.0
period1,sc01,t2726,1,0.00017734010012631,1.0
period1,sc01,t2727,1,0.01409160383882829,1.0
period1,sc01,t2728,1,0.0594499710611502,1.0
period1,sc01,t2729,1,0.06426529408181529,1.0
period1,sc01,t2730,1,0.03794255462445048,1.0
period1,sc01,t2731,1,0.009995628260353141,1.0
period1,sc01,t2732,1,0.00120056092263009,1.0
period1,sc01,t2733,1,0.00064304689539294,1.0
period1,sc01,t2734,1,0.0,1.0
period1,sc01,t2735,1,0.0,1.0
period1,sc01,t2736,1,0.0,1.0
period1,sc01,t2737,1,0.01223443323879345,1.0
period1,sc01,t2738,1,0.09042695078724072,1.0
period1,sc01,t2739,1,0.1530741708036721,1.0
period1,sc01,t2740,1,0.19951733539710684,1.0
period1,sc01,t2741,1,0.221617239518574,1.0
period1,sc01,t2742,1,0.21425171273915075,1.0
period1,sc01,t2743,1,0.2127865898734894,1.0
period1,sc01,t2744,1,0.18814767137840918,1.0
period1,sc01,t2745,1,0.15851490176845098,1.0
period1,sc01,t2746,1,0.13073685591794437,1.0
period1,sc01,t2747,1,0.07959233866756185,1.0
period1,sc01,t2748,1,0.03599171328955914,1.0
period1,sc01,t2749,1,0.0013967200072287,1.0
period1,sc01,t2750,1,0.000742309398567,1.0
period1,sc01,t2751,1,0.00139356318947733,1.0
period1,sc01,t2752,1,0.019137181058630822,1.0
period1,sc01,t2753,1,0.05103389285956692,1.0
period1,sc01,t2754,1,0.08454363395561361,1.0
period1,sc01,t2755,1,0.15998212155054384,1.0
period1,sc01,t2756,1,0.24012183901280418,1.0
period1,sc01,t2757,1,0.21479746596529248,1.0
period1,sc01,t2758,1,0.16238008500445378,1.0
period1,sc01,t2759,1,0.13969675761112574,1.0
period1,sc01,t2760,1,0.09353762149812274,1.0
period1,sc01,t2761,1,0.08124550299703592,1.0
period1,sc01,t2762,1,0.07498372384946538,1.0
period1,sc01,t2763,1,0.06333245462871576,1.0
period1,sc01,t2764,1,0.058881971007900984,1.0
period1,sc01,t2765,1,0.06112515586826134,1.0
period1,sc01,t2766,1,0.06472584899755318,1.0
period1,sc01,t2767,1,0.015581238407892722,1.0
period1,sc01,t2768,1,0.0061828463132363705,1.0
period1,sc01,t2769,1,0.00980222423746275,1.0
period1,sc01,t2770,1,0.00126478614150846,1.0
period1,sc01,t2771,1,0.0,1.0
period1,sc01,t2772,1,0.0,1.0
period1,sc01,t2773,1,0.0,1.0
period1,sc01,t2774,1,0.0,1.0
period1,sc01,t2775,1,9.368715612609e-05,1.0
period1,sc01,t2776,1,0.0008792136389070001,1.0
period1,sc01,t2777,1,0.00128829893365494,1.0
period1,sc01,t2778,1,0.0011949540347169,1.0
period1,sc01,t2779,1,0.00085412415738438,1.0
period1,sc01,t2780,1,0.0,1.0
period1,sc01,t2781,1,0.0,1.0
period1,sc01,t2782,1,0.0,1.0
period1,sc01,t2783,1,0.005127700249877491,1.0
period1,sc01,t2784,1,0.059986841584135225,1.0
period1,sc01,t2785,1,0.10914866035174639,1.0
period1,sc01,t2786,1,0.14019575274876644,1.0
period1,sc01,t2787,1,0.16039221286370328,1.0
period1,sc01,t2788,1,0.20025257085152498,1.0
period1,sc01,t2789,1,0.22054660491514896,1.0
period1,sc01,t2790,1,0.21255437550156525,1.0
period1,sc01,t2791,1,0.19372108850835112,1.0
period1,sc01,t2792,1,0.23719648507406557,1.0
period1,sc01,t2793,1,0.26797487122255154,1.0
period1,sc01,t2794,1,0.296036183029585,1.0
period1,sc01,t2795,1,0.33137291128478824,1.0
period1,sc01,t2796,1,0.3731130099902707,1.0
period1,sc01,t2797,1,0.3351817020296673,1.0
period1,sc01,t2798,1,0.27993939610649554,1.0
period1,sc01,t2799,1,0.2702144750173956,1.0
period1,sc01,t2800,1,0.26376746671586204,1.0
period1,sc01,t2801,1,0.24880029803400697,1.0
period1,sc01,t2802,1,0.16789018645025316,1.0
period1,sc01,t2803,1,0.23983565707308466,1.0
period1,sc01,t2804,1,0.32712188814075743,1.0
period1,sc01,t2805,1,0.35706573741609154,1.0
period1,sc01,t2806,1,0.3618954886839381,1.0
period1,sc01,t2807,1,0.2756598260704933,1.0
period1,sc01,t2808,1,0.21257244934801425,1.0
period1,sc01,t2809,1,0.23573778268940165,1.0
period1,sc01,t2810,1,0.21074798433828332,1.0
period1,sc01,t2811,1,0.21499294633701904,1.0
period1,sc01,t2812,1,0.2588336499884484,1.0
period1,sc01,t2813,1,0.2891558218877747,1.0
period1,sc01,t2814,1,0.32196016688164014,1.0
period1,sc01,t2815,1,0.3616336186117284,1.0
period1,sc01,t2816,1,0.3053011827035886,1.0
period1,sc01,t2817,1,0.36618414769184643,1.0
period1,sc01,t2818,1,0.4253973778147276,1.0
period1,sc01,t2819,1,0.39551625535241597,1.0
period1,sc01,t2820,1,0.3841884908684231,1.0
period1,sc01,t2821,1,0.3804470713194209,1.0
period1,sc01,t2822,1,0.44836560074580073,1.0
period1,sc01,t2823,1,0.42269452857291256,1.0
period1,sc01,t2824,1,0.3847505259854329,1.0
period1,sc01,t2825,1,0.3609475718905595,1.0
period1,sc01,t2826,1,0.5911090957742839,1.0
period1,sc01,t2827,1,0.7233932411679175,1.0
period1,sc01,t2828,1,0.7878089885956613,1.0
period1,sc01,t2829,1,0.7945147963616528,1.0
period1,sc01,t2830,1,0.7524076617454504,1.0
period1,sc01,t2831,1,0.6494476825421284,1.0
period1,sc01,t2832,1,0.6214978039559454,1.0
period1,sc01,t2833,1,0.5435389285807607,1.0
period1,sc01,t2834,1,0.4190274344264138,1.0
period1,sc01,t2835,1,0.4793896789093985,1.0
period1,sc01,t2836,1,0.4181443114522139,1.0
period1,sc01,t2837,1,0.2820372250895076,1.0
period1,sc01,t2838,1,0.19884860499360482,1.0
period1,sc01,t2839,1,0.1053936857604914,1.0
period1,sc01,t2840,1,0.07942337999609625,1.0
period1,sc01,t2841,1,0.0618939801993114,1.0
period1,sc01,t2842,1,0.04856227454793969,1.0
period1,sc01,t2843,1,0.051140122230097174,1.0
period1,sc01,t2844,1,0.08735759066225808,1.0
period1,sc01,t2845,1,0.12077730089758684,1.0
period1,sc01,t2846,1,0.12337262432509283,1.0
period1,sc01,t2847,1,0.10123554849496974,1.0
period1,sc01,t2848,1,0.09752883170542011,1.0
period1,sc01,t2849,1,0.07996021779683395,1.0
period1,sc01,t2850,1,0.08066313966370607,1.0
period1,sc01,t2851,1,0.11153362201268688,1.0
period1,sc01,t2852,1,0.14477548849353153,1.0
period1,sc01,t2853,1,0.1758153252390164,1.0
period1,sc01,t2854,1,0.21569994422200783,1.0
period1,sc01,t2855,1,0.25084312103834894,1.0
period1,sc01,t2856,1,0.35261521178901933,1.0
period1,sc01,t2857,1,0.40736965342850673,1.0
period1,sc01,t2858,1,0.5248832711129415,1.0
period1,sc01,t2859,1,0.6148224492025715,1.0
period1,sc01,t2860,1,0.6195380786660857,1.0
period1,sc01,t2861,1,0.5532209132357759,1.0
period1,sc01,t2862,1,0.4676728863198218,1.0
period1,sc01,t2863,1,0.29050593433255784,1.0
period1,sc01,t2864,1,0.25955283620304664,1.0
period1,sc01,t2865,1,0.2152726080039236,1.0
period1,sc01,t2866,1,0.14325688904968856,1.0
period1,sc01,t2867,1,0.09312302347742232,1.0
period1,sc01,t2868,1,0.13019687079455808,1.0
period1,sc01,t2869,1,0.14687098424362172,1.0
period1,sc01,t2870,1,0.12822158295627858,1.0
period1,sc01,t2871,1,0.13581505991152812,1.0
period1,sc01,t2872,1,0.16747847482103523,1.0
period1,sc01,t2873,1,0.13818461727220327,1.0
period1,sc01,t2874,1,0.0837874450620684,1.0
period1,sc01,t2875,1,0.062345399060031295,1.0
period1,sc01,t2876,1,0.05800667166136503,1.0
period1,sc01,t2877,1,0.03401314137208431,1.0
period1,sc01,t2878,1,0.00061904556106785,1.0
period1,sc01,t2879,1,0.0,1.0
period1,sc01,t2880,1,0.0,1.0
period1,sc01,t2881,1,0.00652790015748693,1.0
period1,sc01,t2882,1,0.06909813393870286,1.0
period1,sc01,t2883,1,0.12761692076157444,1.0
period1,sc01,t2884,1,0.153979073975059,1.0
period1,sc01,t2885,1,0.1404240776607188,1.0
period1,sc01,t2886,1,0.14438865748847768,1.0
period1,sc01,t2887,1,0.22232320923180113,1.0
period1,sc01,t2888,1,0.1717218230640123,1.0
period1,sc01,t2889,1,0.16114283943742413,1.0
period1,sc01,t2890,1,0.20990517210949897,1.0
period1,sc01,t2891,1,0.15253067639648404,1.0
period1,sc01,t2892,1,0.15704058721252537,1.0
period1,sc01,t2893,1,0.16283892349063162,1.0
period1,sc01,t2894,1,0.1560624279654177,1.0
period1,sc01,t2895,1,0.1297540360096289,1.0
period1,sc01,t2896,1,0.1049475062962378,1.0
period1,sc01,t2897,1,0.09921106848680433,1.0
period1,sc01,t2898,1,0.13841991397000286,1.0
period1,sc01,t2899,1,0.24581451476261457,1.0
period1,sc01,t2900,1,0.34751636613459136,1.0
period1,sc01,t2901,1,0.4109062579807338,1.0
period1,sc01,t2902,1,0.48114912211999544,1.0
period1,sc01,t2903,1,0.6356369060456603,1.0
period1,sc01,t2904,1,0.6989330165677209,1.0
period1,sc01,t2905,1,0.6196797948709866,1.0
period1,sc01,t2906,1,0.4326612738305007,1.0
period1,sc01,t2907,1,0.28588896684439913,1.0
period1,sc01,t2908,1,0.2150622234495395,1.0
period1,sc01,t2909,1,0.1776801840233373,1.0
period1,sc01,t2910,1,0.2337669381128731,1.0
period1,sc01,t2911,1,0.19363611555010452,1.0
period1,sc01,t2912,1,0.33500116033469796,1.0
period1,sc01,t2913,1,0.41115632411140796,1.0
period1,sc01,t2914,1,0.6447256995588765,1.0
period1,sc01,t2915,1,0.832660695521852,1.0
period1,sc01,t2916,1,0.8875586406945303,1.0
period1,sc01,t2917,1,0.8927219449694639,1.0
period1,sc01,t2918,1,0.8972720915225386,1.0
period1,sc01,t2919,1,0.8970758823787064,1.0
period1,sc01,t2920,1,0.8957197249485254,1.0
period1,sc01,t2921,1,0.8845346756087028,1.0
period1,sc01,t2922,1,0.8712926464943289,1.0
period1,sc01,t2923,1,0.8719392883625662,1.0
period1,sc01,t2924,1,0.8578611363054309,1.0
period1,sc01,t2925,1,0.8331632035628238,1.0
period1,sc01,t2926,1,0.8048123469790249,1.0
period1,sc01,t2927,1,0.678593333145418,1.0
period1,sc01,t2928,1,0.6111265234033357,1.0
period1,sc01,t2929,1,0.5059383576604964,1.0
period1,sc01,t2930,1,0.4260651092071196,1.0
period1,sc01,t2931,1,0.36775559326542245,1.0
period1,sc01,t2932,1,0.3116683579171216,1.0
period1,sc01,t2933,1,0.3009540556766785,1.0
period1,sc01,t2934,1,0.29509960992830675,1.0
period1,sc01,t2935,1,0.4110799472222316,1.0
period1,sc01,t2936,1,0.4455828625706468,1.0
period1,sc01,t2937,1,0.3790359552593102,1.0
period1,sc01,t2938,1,0.42848786460746785,1.0
period1,sc01,t2939,1,0.2576252483084755,1.0
period1,sc01,t2940,1,0.22182010080551945,1.0
period1,sc01,t2941,1,0.20021812251343066,1.0
period1,sc01,t2942,1,0.33517026959049245,1.0
period1,sc01,t2943,1,0.32124530892084446,1.0
period1,sc01,t2944,1,0.24469821087267177,1.0
period1,sc01,t2945,1,0.21166922460512294,1.0
period1,sc01,t2946,1,0.10207795845851082,1.0
period1,sc01,t2947,1,0.055085172328585716,1.0
period1,sc01,t2948,1,0.05899934510712243,1.0
period1,sc01,t2949,1,0.05737683908465803,1.0
period1,sc01,t2950,1,0.04589000937716607,1.0
period1,sc01,t2951,1,0.0445355722648926,1.0
period1,sc01,t2952,1,0.049070810194929454,1.0
period1,sc01,t2953,1,0.07043003575248015,1.0
period1,sc01,t2954,1,0.1274154867316573,1.0
period1,sc01,t2955,1,0.2888070140595367,1.0
period1,sc01,t2956,1,0.541123516063626,1.0
period1,sc01,t2957,1,0.709366285036792,1.0
period1,sc01,t2958,1,0.656298353374784,1.0
period1,sc01,t2959,1,0.7734883452713711,1.0
period1,sc01,t2960,1,0.704533134826217,1.0
period1,sc01,t2961,1,0.5377082228177698,1.0
period1,sc01,t2962,1,0.4438114406384791,1.0
period1,sc01,t2963,1,0.37452210849980344,1.0
period1,sc01,t2964,1,0.38362165524931313,1.0
period1,sc01,t2965,1,0.3450072303884278,1.0
period1,sc01,t2966,1,0.3204102123126766,1.0
period1,sc01,t2967,1,0.3751625065798494,1.0
period1,sc01,t2968,1,0.3859228979499699,1.0
period1,sc01,t2969,1,0.37708262610327964,1.0
period1,sc01,t2970,1,0.34118463393299564,1.0
period1,sc01,t2971,1,0.17605023407834258,1.0
period1,sc01,t2972,1,0.11372364755872703,1.0
period1,sc01,t2973,1,0.07936834573591514,1.0
period1,sc01,t2974,1,0.05001669508187052,1.0
period1,sc01,t2975,1,0.05454426477993228,1.0
period1,sc01,t2976,1,0.03951203850524844,1.0
period1,sc01,t2977,1,0.00445046595709527,1.0
period1,sc01,t2978,1,0.00053216106888393,1.0
period1,sc01,t2979,1,0.014784347315646089,1.0
period1,sc01,t2980,1,0.04674045613657896,1.0
period1,sc01,t2981,1,0.029408319412056273,1.0
period1,sc01,t2982,1,0.0012527028781353,1.0
period1,sc01,t2983,1,0.0,1.0
period1,sc01,t2984,1,0.0,1.0
period1,sc01,t2985,1,0.00028418005073304004,1.0
period1,sc01,t2986,1,0.009914135903525429,1.0
period1,sc01,t2987,1,0.051883951637804224,1.0
period1,sc01,t2988,1,0.11729212623789032,1.0
period1,sc01,t2989,1,0.19119242247437035,1.0
period1,sc01,t2990,1,0.23273062458160862,1.0
period1,sc01,t2991,1,0.2720407156356492,1.0
period1,sc01,t2992,1,0.319906294125887,1.0
period1,sc01,t2993,1,0.37133688167907697,1.0
period1,sc01,t2994,1,0.3972595972013554,1.0
period1,sc01,t2995,1,0.4485894040937585,1.0
period1,sc01,t2996,1,0.43279360279666657,1.0
period1,sc01,t2997,1,0.3924890506850256,1.0
period1,sc01,t2998,1,0.33922043091226844,1.0
period1,sc01,t2999,1,0.1867276873902512,1.0
period1,sc01,t3000,1,0.0586172837814805,1.0
period1,sc01,t3001,1,0.07132841464198185,1.0
period1,sc01,t3002,1,0.21886386480194858,1.0
period1,sc01,t3003,1,0.35527623182335905,1.0
period1,sc01,t3004,1,0.3765143816715471,1.0
period1,sc01,t3005,1,0.3215602557978092,1.0
period1,sc01,t3006,1,0.2379950195773068,1.0
period1,sc01,t3007,1,0.15119127653877748,1.0
period1,sc01,t3008,1,0.2036321918362871,1.0
period1,sc01,t3009,1,0.1324797963323138,1.0
period1,sc01,t3010,1,0.12844064702823013,1.0
period1,sc01,t3011,1,0.04940723302594434,1.0
period1,sc01,t3012,1,0.08360652347830323,1.0
period1,sc01,t3013,1,0.09276976120544407,1.0
period1,sc01,t3014,1,0.10682540528617657,1.0
period1,sc01,t3015,1,0.11590530432107257,1.0
period1,sc01,t3016,1,0.12443763683599084,1.0
period1,sc01,t3017,1,0.0979712812866925,1.0
period1,sc01,t3018,1,0.06681088156583745,1.0
period1,sc01,t3019,1,0.04628512154309868,1.0
period1,sc01,t3020,1,0.0437854114232019,1.0
period1,sc01,t3021,1,0.03971503395064449,1.0
period1,sc01,t3022,1,0.02630145932288937,1.0
period1,sc01,t3023,1,0.06202812817951641,1.0
period1,sc01,t3024,1,0.04478532581618613,1.0
period1,sc01,t3025,1,0.02338454640251871,1.0
period1,sc01,t3026,1,0.006871281182623891,1.0
period1,sc01,t3027,1,0.00132908639281713,1.0
period1,sc01,t3028,1,0.00079245836646048,1.0
period1,sc01,t3029,1,9.940762106765999e-05,1.0
period1,sc01,t3030,1,0.0,1.0
period1,sc01,t3031,1,0.0,1.0
period1,sc01,t3032,1,0.0,1.0
period1,sc01,t3033,1,0.0,1.0
period1,sc01,t3034,1,5.533849356707108e-05,1.0
period1,sc01,t3035,1,0.00584878298152293,1.0
period1,sc01,t3036,1,0.03348974322361179,1.0
period1,sc01,t3037,1,0.05428869861265749,1.0
period1,sc01,t3038,1,0.06979977502404129,1.0
period1,sc01,t3039,1,0.09842815082820015,1.0
period1,sc01,t3040,1,0.13536673221862935,1.0
period1,sc01,t3041,1,0.1295120410709913,1.0
period1,sc01,t3042,1,0.10095746894602867,1.0
period1,sc01,t3043,1,0.09565271065087147,1.0
period1,sc01,t3044,1,0.060656723594110805,1.0
period1,sc01,t3045,1,0.007870722904500931,1.0
period1,sc01,t3046,1,0.00079087652929872,1.0
period1,sc01,t3047,1,0.02050264147235607,1.0
period1,sc01,t3048,1,0.0004262262569514,1.0
period1,sc01,t3049,1,0.0,1.0
period1,sc01,t3050,1,6.492307730528414e-05,1.0
period1,sc01,t3051,1,0.0005982616321910099,1.0
period1,sc01,t3052,1,0.00036159004810503,1.0
period1,sc01,t3053,1,0.0,1.0
period1,sc01,t3054,1,0.0,1.0
period1,sc01,t3055,1,0.0,1.0
period1,sc01,t3056,1,0.0,1.0
period1,sc01,t3057,1,0.0,1.0
period1,sc01,t3058,1,0.0,1.0
period1,sc01,t3059,1,0.0013935931455798002,1.0
period1,sc01,t3060,1,0.012988126543345649,1.0
period1,sc01,t3061,1,0.02697248542286925,1.0
period1,sc01,t3062,1,0.03420520676691075,1.0
period1,sc01,t3063,1,0.02837893004595684,1.0
period1,sc01,t3064,1,0.02940562864970217,1.0
period1,sc01,t3065,1,0.061656992446754974,1.0
period1,sc01,t3066,1,0.07625076465401864,1.0
period1,sc01,t3067,1,0.08637371196284933,1.0
period1,sc01,t3068,1,0.07975860333469399,1.0
period1,sc01,t3069,1,0.047598285039976984,1.0
period1,sc01,t3070,1,0.01306149201005535,1.0
period1,sc01,t3071,1,0.0013448752878924,1.0
period1,sc01,t3072,1,0.02102527131574896,1.0
period1,sc01,t3073,1,0.0398475103835853,1.0
period1,sc01,t3074,1,0.04976385217135821,1.0
period1,sc01,t3075,1,0.07422790002585013,1.0
period1,sc01,t3076,1,0.09640515985058619,1.0
period1,sc01,t3077,1,0.10437229990954144,1.0
period1,sc01,t3078,1,0.12332708810873343,1.0
period1,sc01,t3079,1,0.15645448104504617,1.0
period1,sc01,t3080,1,0.12842807063448644,1.0
period1,sc01,t3081,1,0.0873067600632879,1.0
period1,sc01,t3082,1,0.08604173823125086,1.0
period1,sc01,t3083,1,0.05810867781508116,1.0
period1,sc01,t3084,1,0.05439183993007623,1.0
period1,sc01,t3085,1,0.041020429426209086,1.0
period1,sc01,t3086,1,0.021865550480637572,1.0
period1,sc01,t3087,1,0.00102651689509371,1.0
period1,sc01,t3088,1,0.00013443825400317,1.0
period1,sc01,t3089,1,0.0,1.0
period1,sc01,t3090,1,0.0,1.0
period1,sc01,t3091,1,0.0,1.0
period1,sc01,t3092,1,0.00040262021006040003,1.0
period1,sc01,t3093,1,0.009197699712045839,1.0
period1,sc01,t3094,1,0.009102301412147011,1.0
period1,sc01,t3095,1,4.5924577710044316e-05,1.0
period1,sc01,t3096,1,0.0,1.0
period1,sc01,t3097,1,0.0,1.0
period1,sc01,t3098,1,0.00047629286365329,1.0
period1,sc01,t3099,1,0.02144129843931579,1.0
period1,sc01,t3100,1,0.04761838428058584,1.0
period1,sc01,t3101,1,0.05445865914634476,1.0
period1,sc01,t3102,1,0.02193666513676866,1.0
period1,sc01,t3103,1,0.010587087844263359,1.0
period1,sc01,t3104,1,0.015079924792499129,1.0
period1,sc01,t3105,1,0.03210022690389639,1.0
period1,sc01,t3106,1,0.04253322990142926,1.0
period1,sc01,t3107,1,0.005773446237134341,1.0
period1,sc01,t3108,1,0.02164016184149412,1.0
period1,sc01,t3109,1,0.04037153019982029,1.0
period1,sc01,t3110,1,0.046422146082934886,1.0
period1,sc01,t3111,1,0.034388647901436156,1.0
period1,sc01,t3112,1,0.03098814565183065,1.0
period1,sc01,t3113,1,0.02803522609098522,1.0
period1,sc01,t3114,1,0.02042284135471056,1.0
period1,sc01,t3115,1,0.01787686980000426,1.0
period1,sc01,t3116,1,0.03129194765508912,1.0
period1,sc01,t3117,1,0.056873610547676014,1.0
period1,sc01,t3118,1,0.08451545734427166,1.0
period1,sc01,t3119,1,0.1281496942745631,1.0
period1,sc01,t3120,1,0.1422985009400703,1.0
period1,sc01,t3121,1,0.14212265250224682,1.0
period1,sc01,t3122,1,0.12125601476376877,1.0
period1,sc01,t3123,1,0.10055812003928892,1.0
period1,sc01,t3124,1,0.11088255036369644,1.0
period1,sc01,t3125,1,0.10274765887546344,1.0
period1,sc01,t3126,1,0.07304991156201628,1.0
period1,sc01,t3127,1,0.0709084329106528,1.0
period1,sc01,t3128,1,0.09644072113756458,1.0
period1,sc01,t3129,1,0.091144458639045,1.0
period1,sc01,t3130,1,0.06998270705062155,1.0
period1,sc01,t3131,1,0.04475159369023878,1.0
period1,sc01,t3132,1,0.01784531701779543,1.0
period1,sc01,t3133,1,0.0009909418922400602,1.0
period1,sc01,t3134,1,0.0007515168953418001,1.0
period1,sc01,t3135,1,0.00073472964317991,1.0
period1,sc01,t3136,1,0.00118706622405633,1.0
period1,sc01,t3137,1,0.00194435853169608,1.0
period1,sc01,t3138,1,0.00138328854456087,1.0
period1,sc01,t3139,1,0.00106958896094493,1.0
period1,sc01,t3140,1,0.00082681862372757,1.0
period1,sc01,t3141,1,0.00045530658734624997,1.0
period1,sc01,t3142,1,6.282173694598708e-05,1.0
period1,sc01,t3143,1,0.0036978023655882004,1.0
period1,sc01,t3144,1,0.00243426377826963,1.0
period1,sc01,t3145,1,0.00137519524009872,1.0
period1,sc01,t3146,1,0.00121460191089723,1.0
period1,sc01,t3147,1,0.00093828451224906,1.0
period1,sc01,t3148,1,0.00104540234100624,1.0
period1,sc01,t3149,1,0.007716655635419161,1.0
period1,sc01,t3150,1,0.015230698785077492,1.0
period1,sc01,t3151,1,0.00713371159299123,1.0
period1,sc01,t3152,1,0.02678034505106205,1.0
period1,sc01,t3153,1,0.04049095633861293,1.0
period1,sc01,t3154,1,0.050346568320695284,1.0
period1,sc01,t3155,1,0.06901014859799084,1.0
period1,sc01,t3156,1,0.07390306119839599,1.0
period1,sc01,t3157,1,0.07910259520855976,1.0
period1,sc01,t3158,1,0.09183019731862535,1.0
period1,sc01,t3159,1,0.1121203622536559,1.0
period1,sc01,t3160,1,0.10969051875896305,1.0
period1,sc01,t3161,1,0.09111175812573372,1.0
period1,sc01,t3162,1,0.07106413382202538,1.0
period1,sc01,t3163,1,0.054086118793738557,1.0
period1,sc01,t3164,1,0.060941587776671614,1.0
period1,sc01,t3165,1,0.06817694148350856,1.0
period1,sc01,t3166,1,0.08436811940280432,1.0
period1,sc01,t3167,1,0.12895886310377058,1.0
period1,sc01,t3168,1,0.1691628150606211,1.0
period1,sc01,t3169,1,0.2128387124579544,1.0
period1,sc01,t3170,1,0.28162838373770116,1.0
period1,sc01,t3171,1,0.3511014699499949,1.0
period1,sc01,t3172,1,0.3852505837406035,1.0
period1,sc01,t3173,1,0.3741623516242414,1.0
period1,sc01,t3174,1,0.35189664303566487,1.0
period1,sc01,t3175,1,0.2516823800160494,1.0
period1,sc01,t3176,1,0.22871753374771414,1.0
period1,sc01,t3177,1,0.1940162242676817,1.0
period1,sc01,t3178,1,0.14472548190097517,1.0
period1,sc01,t3179,1,0.10690337342290149,1.0
period1,sc01,t3180,1,0.1270878312231865,1.0
period1,sc01,t3181,1,0.17608319343977724,1.0
period1,sc01,t3182,1,0.22921953731107514,1.0
period1,sc01,t3183,1,0.23485613226889837,1.0
period1,sc01,t3184,1,0.23779300323797972,1.0
period1,sc01,t3185,1,0.22737677456560915,1.0
period1,sc01,t3186,1,0.2266180474730718,1.0
period1,sc01,t3187,1,0.2073931830431685,1.0
period1,sc01,t3188,1,0.16698431058233545,1.0
period1,sc01,t3189,1,0.13992096890775574,1.0
period1,sc01,t3190,1,0.10803703058631207,1.0
period1,sc01,t3191,1,0.11351035866585654,1.0
period1,sc01,t3192,1,0.07865612946607627,1.0
period1,sc01,t3193,1,0.05822704588879494,1.0
period1,sc01,t3194,1,0.05434108968056652,1.0
period1,sc01,t3195,1,0.1387813604070879,1.0
period1,sc01,t3196,1,0.49792794595201106,1.0
period1,sc01,t3197,1,0.6922838927627375,1.0
period1,sc01,t3198,1,0.665448879292891,1.0
period1,sc01,t3199,1,0.6235874710379884,1.0
period1,sc01,t3200,1,0.5005629266863378,1.0
period1,sc01,t3201,1,0.3568935629024708,1.0
period1,sc01,t3202,1,0.26604454039319575,1.0
period1,sc01,t3203,1,0.1953160379950474,1.0
period1,sc01,t3204,1,0.19592386476015347,1.0
period1,sc01,t3205,1,0.18627806960200907,1.0
period1,sc01,t3206,1,0.23648836012060692,1.0
period1,sc01,t3207,1,0.1780876287936351,1.0
period1,sc01,t3208,1,0.2693129029398544,1.0
period1,sc01,t3209,1,0.23100133723556943,1.0
period1,sc01,t3210,1,0.26016527490695524,1.0
period1,sc01,t3211,1,0.1828795981487646,1.0
period1,sc01,t3212,1,0.24732011077149169,1.0
period1,sc01,t3213,1,0.3579514535945792,1.0
period1,sc01,t3214,1,0.4159876125173691,1.0
period1,sc01,t3215,1,0.46660021295439447,1.0
period1,sc01,t3216,1,0.5632975447679998,1.0
period1,sc01,t3217,1,0.6046250752766185,1.0
period1,sc01,t3218,1,0.5998995834376407,1.0
period1,sc01,t3219,1,0.5509574089983357,1.0
period1,sc01,t3220,1,0.5353707225264842,1.0
period1,sc01,t3221,1,0.5241158306271373,1.0
period1,sc01,t3222,1,0.39112995514262455,1.0
period1,sc01,t3223,1,0.5184667526085166,1.0
period1,sc01,t3224,1,0.44349037684082687,1.0
period1,sc01,t3225,1,0.38236829821556945,1.0
period1,sc01,t3226,1,0.3432171196212966,1.0
period1,sc01,t3227,1,0.2865850662280724,1.0
period1,sc01,t3228,1,0.2502511063919875,1.0
period1,sc01,t3229,1,0.24490464753600433,1.0
period1,sc01,t3230,1,0.22650863415297803,1.0
period1,sc01,t3231,1,0.2766725038694349,1.0
period1,sc01,t3232,1,0.31800568522151884,1.0
period1,sc01,t3233,1,0.23426241071738768,1.0
period1,sc01,t3234,1,0.05985662395908906,1.0
period1,sc01,t3235,1,0.1374736628810582,1.0
period1,sc01,t3236,1,0.3084601156805983,1.0
period1,sc01,t3237,1,0.2832498818779895,1.0
period1,sc01,t3238,1,0.2520872209195494,1.0
period1,sc01,t3239,1,0.2277132036016087,1.0
period1,sc01,t3240,1,0.23033778290439652,1.0
period1,sc01,t3241,1,0.22091888842272703,1.0
period1,sc01,t3242,1,0.447585303496943,1.0
period1,sc01,t3243,1,0.5612633072011993,1.0
period1,sc01,t3244,1,0.4926587419083982,1.0
period1,sc01,t3245,1,0.42911549793275605,1.0
period1,sc01,t3246,1,0.3191381421930693,1.0
period1,sc01,t3247,1,0.39838286548735496,1.0
period1,sc01,t3248,1,0.34699982055810163,1.0
period1,sc01,t3249,1,0.3571772069397076,1.0
period1,sc01,t3250,1,0.5253825396322742,1.0
period1,sc01,t3251,1,0.5137846049359934,1.0
period1,sc01,t3252,1,0.5374225137698956,1.0
period1,sc01,t3253,1,0.5041783290276398,1.0
period1,sc01,t3254,1,0.4797072429361024,1.0
period1,sc01,t3255,1,0.48049745235959335,1.0
period1,sc01,t3256,1,0.49205701904137494,1.0
period1,sc01,t3257,1,0.4951604496186362,1.0
period1,sc01,t3258,1,0.15673294736994026,1.0
period1,sc01,t3259,1,0.04868507729802573,1.0
period1,sc01,t3260,1,0.21733692361853318,1.0
period1,sc01,t3261,1,0.2814027420737804,1.0
period1,sc01,t3262,1,0.27507098554326187,1.0
period1,sc01,t3263,1,0.36997473130017217,1.0
period1,sc01,t3264,1,0.3830422120651323,1.0
period1,sc01,t3265,1,0.29723562416438803,1.0
period1,sc01,t3266,1,0.26210451289782977,1.0
period1,sc01,t3267,1,0.25547681533183847,1.0
period1,sc01,t3268,1,0.26210862885535635,1.0
period1,sc01,t3269,1,0.2773942991521662,1.0
period1,sc01,t3270,1,0.2348164437945913,1.0
period1,sc01,t3271,1,0.34379385751857916,1.0
period1,sc01,t3272,1,0.387751134317177,1.0
period1,sc01,t3273,1,0.47086758137084417,1.0
period1,sc01,t3274,1,0.4772808687634875,1.0
period1,sc01,t3275,1,0.20407271409816508,1.0
period1,sc01,t3276,1,0.33009755481735914,1.0
period1,sc01,t3277,1,0.4766326528947029,1.0
period1,sc01,t3278,1,0.5027866616953341,1.0
period1,sc01,t3279,1,0.5743775461968799,1.0
period1,sc01,t3280,1,0.5723815512046647,1.0
period1,sc01,t3281,1,0.5318434021545888,1.0
period1,sc01,t3282,1,0.4210388393261489,1.0
period1,sc01,t3283,1,0.30464498159279413,1.0
period1,sc01,t3284,1,0.22414382343329634,1.0
period1,sc01,t3285,1,0.14907571337596304,1.0
period1,sc01,t3286,1,0.12178215988841591,1.0
period1,sc01,t3287,1,0.09416630505848374,1.0
period1,sc01,t3288,1,0.09001307389816629,1.0
period1,sc01,t3289,1,0.11903983999759449,1.0
period1,sc01,t3290,1,0.1795007391101442,1.0
period1,sc01,t3291,1,0.24149134592363747,1.0
period1,sc01,t3292,1,0.27520953123650105,1.0
period1,sc01,t3293,1,0.2934849897465274,1.0
period1,sc01,t3294,1,0.20268759515708654,1.0
period1,sc01,t3295,1,0.3589886336514502,1.0
period1,sc01,t3296,1,0.36440904976201244,1.0
period1,sc01,t3297,1,0.3352725396272965,1.0
period1,sc01,t3298,1,0.31200442405418366,1.0
period1,sc01,t3299,1,0.2963893544053301,1.0
period1,sc01,t3300,1,0.3141023503574037,1.0
period1,sc01,t3301,1,0.32863984396304724,1.0
period1,sc01,t3302,1,0.3234260099346409,1.0
period1,sc01,t3303,1,0.4518224265556807,1.0
period1,sc01,t3304,1,0.49844594313861335,1.0
period1,sc01,t3305,1,0.4593465275758393,1.0
period1,sc01,t3306,1,0.3728634265366179,1.0
period1,sc01,t3307,1,0.3821054770450905,1.0
period1,sc01,t3308,1,0.3964552645935148,1.0
period1,sc01,t3309,1,0.34443172658482246,1.0
period1,sc01,t3310,1,0.28130294008920537,1.0
period1,sc01,t3311,1,0.3171922648010097,1.0
period1,sc01,t3312,1,0.32996360370736055,1.0
period1,sc01,t3313,1,0.32912535005308513,1.0
period1,sc01,t3314,1,0.31799726724317723,1.0
period1,sc01,t3315,1,0.3028443371252597,1.0
period1,sc01,t3316,1,0.34065955897793754,1.0
period1,sc01,t3317,1,0.3573756800218241,1.0
period1,sc01,t3318,1,0.3749605159779686,1.0
period1,sc01,t3319,1,0.24084663502339387,1.0
period1,sc01,t3320,1,0.20399648492086958,1.0
period1,sc01,t3321,1,0.15476019822909856,1.0
period1,sc01,t3322,1,0.13520439676701082,1.0
period1,sc01,t3323,1,0.08190306017068374,1.0
period1,sc01,t3324,1,0.07959161529730602,1.0
period1,sc01,t3325,1,0.07260131805874416,1.0
period1,sc01,t3326,1,0.0784645265868012,1.0
period1,sc01,t3327,1,0.13712159022061418,1.0
period1,sc01,t3328,1,0.2613514124014002,1.0
period1,sc01,t3329,1,0.2890417489908813,1.0
period1,sc01,t3330,1,0.22539150901691424,1.0
period1,sc01,t3331,1,0.2894507836224678,1.0
period1,sc01,t3332,1,0.2693698365998976,1.0
period1,sc01,t3333,1,0.2101010341194849,1.0
period1,sc01,t3334,1,0.15048226423801242,1.0
period1,sc01,t3335,1,0.12125089924855967,1.0
period1,sc01,t3336,1,0.11784194726225183,1.0
period1,sc01,t3337,1,0.09857664445425669,1.0
period1,sc01,t3338,1,0.05977563497927749,1.0
period1,sc01,t3339,1,0.01421244212624073,1.0
period1,sc01,t3340,1,0.00119487159812223,1.0
period1,sc01,t3341,1,0.00691524428209389,1.0
period1,sc01,t3342,1,0.011519318002288231,1.0
period1,sc01,t3343,1,0.00016503436011618,1.0
period1,sc01,t3344,1,0.0,1.0
period1,sc01,t3345,1,0.00046074513601251,1.0
period1,sc01,t3346,1,0.00111995128530045,1.0
period1,sc01,t3347,1,0.02374233642691839,1.0
period1,sc01,t3348,1,0.05692594663356426,1.0
period1,sc01,t3349,1,0.08834205248236368,1.0
period1,sc01,t3350,1,0.12337601070347524,1.0
period1,sc01,t3351,1,0.14229072750386484,1.0
period1,sc01,t3352,1,0.1344538285599345,1.0
period1,sc01,t3353,1,0.10834243317510399,1.0
period1,sc01,t3354,1,0.07188310335069054,1.0
period1,sc01,t3355,1,0.029114333315732068,1.0
period1,sc01,t3356,1,0.00139478066617914,1.0
period1,sc01,t3357,1,0.00080306091840951,1.0
period1,sc01,t3358,1,0.0003447932868144,1.0
period1,sc01,t3359,1,0.0,1.0
period1,sc01,t3360,1,0.00084295246077468,1.0
period1,sc01,t3361,1,0.00128371758499692,1.0
period1,sc01,t3362,1,0.00091433062373724,1.0
period1,sc01,t3363,1,0.0008919367701408001,1.0
period1,sc01,t3364,1,0.00198899588142486,1.0
period1,sc01,t3365,1,0.00126924725064681,1.0
period1,sc01,t3366,1,0.00082922274549531,1.0
period1,sc01,t3367,1,8.736918177231474e-05,1.0
period1,sc01,t3368,1,0.0,1.0
period1,sc01,t3369,1,0.0,1.0
period1,sc01,t3370,1,0.0,1.0
period1,sc01,t3371,1,0.0,1.0
period1,sc01,t3372,1,0.02510178751187838,1.0
period1,sc01,t3373,1,0.17425945152327654,1.0
period1,sc01,t3374,1,0.24050198099448153,1.0
period1,sc01,t3375,1,0.24711030170351378,1.0
period1,sc01,t3376,1,0.21211015635114086,1.0
period1,sc01,t3377,1,0.15078246984516014,1.0
period1,sc01,t3378,1,0.09320394885520986,1.0
period1,sc01,t3379,1,0.06645211567661231,1.0
period1,sc01,t3380,1,0.06087365253035757,1.0
period1,sc01,t3381,1,0.07441205125549114,1.0
period1,sc01,t3382,1,0.08474418636062292,1.0
period1,sc01,t3383,1,0.10000357684151076,1.0
period1,sc01,t3384,1,0.16933104841523228,1.0
period1,sc01,t3385,1,0.30762904918514844,1.0
period1,sc01,t3386,1,0.434745528058055,1.0
period1,sc01,t3387,1,0.47600415182055894,1.0
period1,sc01,t3388,1,0.5491048677076198,1.0
period1,sc01,t3389,1,0.6575408230717347,1.0
period1,sc01,t3390,1,0.7768601059150828,1.0
period1,sc01,t3391,1,0.8770369375400825,1.0
period1,sc01,t3392,1,0.8803858800146089,1.0
period1,sc01,t3393,1,0.8742910797856591,1.0
period1,sc01,t3394,1,0.836442166237931,1.0
period1,sc01,t3395,1,0.8498819417929449,1.0
period1,sc01,t3396,1,0.6388675758435018,1.0
period1,sc01,t3397,1,0.5009975616659658,1.0
period1,sc01,t3398,1,0.4128461848382948,1.0
period1,sc01,t3399,1,0.25197901495306285,1.0
period1,sc01,t3400,1,0.12294499949475561,1.0
period1,sc01,t3401,1,0.07893900785065473,1.0
period1,sc01,t3402,1,0.06849197182973664,1.0
period1,sc01,t3403,1,0.060558313955105345,1.0
period1,sc01,t3404,1,0.1475624481870872,1.0
period1,sc01,t3405,1,0.122921529481413,1.0
period1,sc01,t3406,1,0.11912036847102919,1.0
period1,sc01,t3407,1,0.12557152103123842,1.0
period1,sc01,t3408,1,0.13081015049326622,1.0
period1,sc01,t3409,1,0.11646948325294351,1.0
period1,sc01,t3410,1,0.11639039349338451,1.0
period1,sc01,t3411,1,0.09887220920712277,1.0
period1,sc01,t3412,1,0.07977247089257457,1.0
period1,sc01,t3413,1,0.05306109399478008,1.0
period1,sc01,t3414,1,0.02516068769111811,1.0
period1,sc01,t3415,1,0.03415541085706167,1.0
period1,sc01,t3416,1,0.06653815092812798,1.0
period1,sc01,t3417,1,0.11002568933880891,1.0
period1,sc01,t3418,1,0.13291533965674476,1.0
period1,sc01,t3419,1,0.04067666307472914,1.0
period1,sc01,t3420,1,0.06453263077973964,1.0
period1,sc01,t3421,1,0.08722922458012461,1.0
period1,sc01,t3422,1,0.09124983702655849,1.0
period1,sc01,t3423,1,0.1271620251412454,1.0
period1,sc01,t3424,1,0.2223507514175389,1.0
period1,sc01,t3425,1,0.16775026809696916,1.0
period1,sc01,t3426,1,0.11027244130736301,1.0
period1,sc01,t3427,1,0.07216857969487929,1.0
period1,sc01,t3428,1,0.0429718459017132,1.0
period1,sc01,t3429,1,0.01589018144517594,1.0
period1,sc01,t3430,1,0.02258518329350838,1.0
period1,sc01,t3431,1,0.04548430970365761,1.0
period1,sc01,t3432,1,0.09728043736231522,1.0
period1,sc01,t3433,1,0.12935200476941822,1.0
period1,sc01,t3434,1,0.10466348075041176,1.0
period1,sc01,t3435,1,0.1125933487935606,1.0
period1,sc01,t3436,1,0.1252546093096373,1.0
period1,sc01,t3437,1,0.10951474656952999,1.0
period1,sc01,t3438,1,0.07493274628347663,1.0
period1,sc01,t3439,1,0.10942834638981294,1.0
period1,sc01,t3440,1,0.12765830027565628,1.0
period1,sc01,t3441,1,0.15898090632435316,1.0
period1,sc01,t3442,1,0.24634821988183517,1.0
period1,sc01,t3443,1,0.39134399850003304,1.0
period1,sc01,t3444,1,0.29587089452279536,1.0
period1,sc01,t3445,1,0.28584278488387754,1.0
period1,sc01,t3446,1,0.24888796824323306,1.0
period1,sc01,t3447,1,0.21919736148204275,1.0
period1,sc01,t3448,1,0.25347828499375347,1.0
period1,sc01,t3449,1,0.2696804802544183,1.0
period1,sc01,t3450,1,0.21960776532844864,1.0
period1,sc01,t3451,1,0.1558357763733945,1.0
period1,sc01,t3452,1,0.19234291641273243,1.0
period1,sc01,t3453,1,0.28450251873547516,1.0
period1,sc01,t3454,1,0.39055066509226666,1.0
period1,sc01,t3455,1,0.4701660996467224,1.0
period1,sc01,t3456,1,0.5254483043984796,1.0
period1,sc01,t3457,1,0.5177176807952261,1.0
period1,sc01,t3458,1,0.4912745898858535,1.0
period1,sc01,t3459,1,0.4895508911468655,1.0
period1,sc01,t3460,1,0.5002997045672766,1.0
period1,sc01,t3461,1,0.5358949852602936,1.0
period1,sc01,t3462,1,0.531300160799329,1.0
period1,sc01,t3463,1,0.42377873921356857,1.0
period1,sc01,t3464,1,0.7189556140881271,1.0
period1,sc01,t3465,1,0.8760040416008676,1.0
period1,sc01,t3466,1,0.8970870775286538,1.0
period1,sc01,t3467,1,0.8757825033879746,1.0
period1,sc01,t3468,1,0.8718432549494325,1.0
period1,sc01,t3469,1,0.530534262710059,1.0
period1,sc01,t3470,1,0.6605461353860448,1.0
period1,sc01,t3471,1,0.7055261466880912,1.0
period1,sc01,t3472,1,0.47933682036591635,1.0
period1,sc01,t3473,1,0.45362270503721636,1.0
period1,sc01,t3474,1,0.4751901356557472,1.0
period1,sc01,t3475,1,0.42356130776308404,1.0
period1,sc01,t3476,1,0.3647671662884375,1.0
period1,sc01,t3477,1,0.3622184728908909,1.0
period1,sc01,t3478,1,0.41889566063475747,1.0
period1,sc01,t3479,1,0.5050595582091462,1.0
period1,sc01,t3480,1,0.4796573339841343,1.0
period1,sc01,t3481,1,0.4204473113108485,1.0
period1,sc01,t3482,1,0.4209131269694947,1.0
period1,sc01,t3483,1,0.4006530482890528,1.0
period1,sc01,t3484,1,0.40444265511596483,1.0
period1,sc01,t3485,1,0.36396960024010844,1.0
period1,sc01,t3486,1,0.32069333724516147,1.0
period1,sc01,t3487,1,0.2788197414640035,1.0
period1,sc01,t3488,1,0.3027168916041748,1.0
period1,sc01,t3489,1,0.38069097095507753,1.0
period1,sc01,t3490,1,0.4099842395005346,1.0
period1,sc01,t3491,1,0.37702925061348497,1.0
period1,sc01,t3492,1,0.49233278058139607,1.0
period1,sc01,t3493,1,0.42247728040855126,1.0
period1,sc01,t3494,1,0.8000046285653715,1.0
period1,sc01,t3495,1,0.3623695997367798,1.0
period1,sc01,t3496,1,0.20568812362225597,1.0
period1,sc01,t3497,1,0.20878832524579433,1.0
period1,sc01,t3498,1,0.1254731699939131,1.0
period1,sc01,t3499,1,0.08261728094576655,1.0
period1,sc01,t3500,1,0.10063944598047966,1.0
period1,sc01,t3501,1,0.13992000998977477,1.0
period1,sc01,t3502,1,0.18414890085367108,1.0
period1,sc01,t3503,1,0.23538853542749547,1.0
period1,sc01,t3504,1,0.19088669470902275,1.0
period1,sc01,t3505,1,0.23943786881009552,1.0
period1,sc01,t3506,1,0.3143751835998039,1.0
period1,sc01,t3507,1,0.3349938887493354,1.0
period1,sc01,t3508,1,0.3721101442870841,1.0
period1,sc01,t3509,1,0.39553884397147987,1.0
period1,sc01,t3510,1,0.5507065925638198,1.0
period1,sc01,t3511,1,0.4650766436040706,1.0
period1,sc01,t3512,1,0.6847055439824618,1.0
period1,sc01,t3513,1,0.8985557478855757,1.0
period1,sc01,t3514,1,0.8997036601908194,1.0
period1,sc01,t3515,1,0.9,1.0
period1,sc01,t3516,1,0.8986217452185982,1.0
period1,sc01,t3517,1,0.9,1.0
period1,sc01,t3518,1,0.8971705770135828,1.0
period1,sc01,t3519,1,0.8886786538124394,1.0
period1,sc01,t3520,1,0.7334611320138462,1.0
period1,sc01,t3521,1,0.5534024744638149,1.0
period1,sc01,t3522,1,0.34684385508397,1.0
period1,sc01,t3523,1,0.3243960712436147,1.0
period1,sc01,t3524,1,0.26631824146565464,1.0
period1,sc01,t3525,1,0.1768661146845614,1.0
period1,sc01,t3526,1,0.20476245264276607,1.0
period1,sc01,t3527,1,0.1792207483256142,1.0
period1,sc01,t3528,1,0.09587351204627084,1.0
period1,sc01,t3529,1,0.07935226059472353,1.0
period1,sc01,t3530,1,0.0981438324172434,1.0
period1,sc01,t3531,1,0.11629787404634352,1.0
period1,sc01,t3532,1,0.06998345479070713,1.0
period1,sc01,t3533,1,0.0307218817030941,1.0
period1,sc01,t3534,1,0.02721943664015751,1.0
period1,sc01,t3535,1,0.01071005411775537,1.0
period1,sc01,t3536,1,0.00099586576187721,1.0
period1,sc01,t3537,1,0.00048536396490141,1.0
period1,sc01,t3538,1,0.00083183043158433,1.0
period1,sc01,t3539,1,0.0011556996747378301,1.0
period1,sc01,t3540,1,0.03153912262658325,1.0
period1,sc01,t3541,1,0.05915979571842234,1.0
period1,sc01,t3542,1,0.083330733829149,1.0
period1,sc01,t3543,1,0.0887478192179523,1.0
period1,sc01,t3544,1,0.13093293330189118,1.0
period1,sc01,t3545,1,0.19360238844389455,1.0
period1,sc01,t3546,1,0.15307655980095344,1.0
period1,sc01,t3547,1,0.08840711947515058,1.0
period1,sc01,t3548,1,0.08770246055519815,1.0
period1,sc01,t3549,1,0.11781716575610258,1.0
period1,sc01,t3550,1,0.1630869925961871,1.0
period1,sc01,t3551,1,0.21024407037791729,1.0
period1,sc01,t3552,1,0.23598493490121947,1.0
period1,sc01,t3553,1,0.26563754415846236,1.0
period1,sc01,t3554,1,0.330262174460908,1.0
period1,sc01,t3555,1,0.3092143649582368,1.0
period1,sc01,t3556,1,0.310233950378718,1.0
period1,sc01,t3557,1,0.33153756894251174,1.0
period1,sc01,t3558,1,0.2938669829624329,1.0
period1,sc01,t3559,1,0.26670508882693356,1.0
period1,sc01,t3560,1,0.25062655142153034,1.0
period1,sc01,t3561,1,0.21130280339028595,1.0
period1,sc01,t3562,1,0.19915448153346196,1.0
period1,sc01,t3563,1,0.2685992025736311,1.0
period1,sc01,t3564,1,0.25628906711240346,1.0
period1,sc01,t3565,1,0.27909162797946624,1.0
period1,sc01,t3566,1,0.24037534390724324,1.0
period1,sc01,t3567,1,0.1444013444246411,1.0
period1,sc01,t3568,1,0.08175501968045122,1.0
period1,sc01,t3569,1,0.04034585942688528,1.0
period1,sc01,t3570,1,0.07591015818874512,1.0
period1,sc01,t3571,1,0.1279572327398593,1.0
period1,sc01,t3572,1,0.20248267009731696,1.0
period1,sc01,t3573,1,0.25613475006390884,1.0
period1,sc01,t3574,1,0.32523922427324903,1.0
period1,sc01,t3575,1,0.4624572436983226,1.0
period1,sc01,t3576,1,0.5579322786793487,1.0
period1,sc01,t3577,1,0.7591434354895275,1.0
period1,sc01,t3578,1,0.8016593919692104,1.0
period1,sc01,t3579,1,0.7591086155657777,1.0
period1,sc01,t3580,1,0.6167790832255585,1.0
period1,sc01,t3581,1,0.6885667035812775,1.0
period1,sc01,t3582,1,0.6419588371755819,1.0
period1,sc01,t3583,1,0.4026707587145379,1.0
period1,sc01,t3584,1,0.39961587092622997,1.0
period1,sc01,t3585,1,0.4844353507892609,1.0
period1,sc01,t3586,1,0.6232107507818875,1.0
period1,sc01,t3587,1,0.767187927915736,1.0
period1,sc01,t3588,1,0.8494462086286183,1.0
period1,sc01,t3589,1,0.8144677930238471,1.0
period1,sc01,t3590,1,0.7671133606903958,1.0
period1,sc01,t3591,1,0.5438993721003442,1.0
period1,sc01,t3592,1,0.5144906431200481,1.0
period1,sc01,t3593,1,0.5355424709439104,1.0
period1,sc01,t3594,1,0.5476575857407653,1.0
period1,sc01,t3595,1,0.47254263110334577,1.0
period1,sc01,t3596,1,0.5817871934893242,1.0
period1,sc01,t3597,1,0.5961185947032782,1.0
period1,sc01,t3598,1,0.5858717097470871,1.0
period1,sc01,t3599,1,0.46601466198357766,1.0
period1,sc01,t3600,1,0.4426646198954969,1.0
period1,sc01,t3601,1,0.4373423031089274,1.0
period1,sc01,t3602,1,0.41527066125183165,1.0
period1,sc01,t3603,1,0.38876532151244814,1.0
period1,sc01,t3604,1,0.37419107866074053,1.0
period1,sc01,t3605,1,0.30599741511466977,1.0
period1,sc01,t3606,1,0.21763901287199555,1.0
period1,sc01,t3607,1,0.11654001401779819,1.0
period1,sc01,t3608,1,0.07648763605653258,1.0
period1,sc01,t3609,1,0.0769526681889124,1.0
period1,sc01,t3610,1,0.08265013498172916,1.0
period1,sc01,t3611,1,0.11210954898368601,1.0
period1,sc01,t3612,1,0.1231011861231601,1.0
period1,sc01,t3613,1,0.11156521871572812,1.0
period1,sc01,t3614,1,0.09354613181528637,1.0
period1,sc01,t3615,1,0.0763158868797979,1.0
period1,sc01,t3616,1,0.06587365773268215,1.0
period1,sc01,t3617,1,0.05001558521744808,1.0
period1,sc01,t3618,1,0.020659662890970123,1.0
period1,sc01,t3619,1,0.00074762080075089,1.0
period1,sc01,t3620,1,0.00059253213854934,1.0
period1,sc01,t3621,1,0.011080878673833361,1.0
period1,sc01,t3622,1,0.031067244385727312,1.0
period1,sc01,t3623,1,0.07501000523868118,1.0
period1,sc01,t3624,1,0.08889311790237403,1.0
period1,sc01,t3625,1,0.12389444824144302,1.0
period1,sc01,t3626,1,0.16658860043719692,1.0
period1,sc01,t3627,1,0.2341190643334523,1.0
period1,sc01,t3628,1,0.2868640781510432,1.0
period1,sc01,t3629,1,0.27296447908001353,1.0
period1,sc01,t3630,1,0.2618024244216176,1.0
period1,sc01,t3631,1,0.2128831397154395,1.0
period1,sc01,t3632,1,0.25965348134561794,1.0
period1,sc01,t3633,1,0.36337976118086984,1.0
period1,sc01,t3634,1,0.37144625250225843,1.0
period1,sc01,t3635,1,0.487810007665816,1.0
period1,sc01,t3636,1,0.5872469046970177,1.0
period1,sc01,t3637,1,0.5746832257465355,1.0
period1,sc01,t3638,1,0.5555586681924882,1.0
period1,sc01,t3639,1,0.4328124825684897,1.0
period1,sc01,t3640,1,0.3708718460734233,1.0
period1,sc01,t3641,1,0.2155153438095357,1.0
period1,sc01,t3642,1,0.10237129251154642,1.0
period1,sc01,t3643,1,0.1105144242095763,1.0
period1,sc01,t3644,1,0.09541954213178473,1.0
period1,sc01,t3645,1,0.10015122682321534,1.0
period1,sc01,t3646,1,0.16922594994603957,1.0
period1,sc01,t3647,1,0.2996939167502355,1.0
period1,sc01,t3648,1,0.3440414420169517,1.0
period1,sc01,t3649,1,0.29658573052320575,1.0
period1,sc01,t3650,1,0.2658568118335701,1.0
period1,sc01,t3651,1,0.2570573044055137,1.0
period1,sc01,t3652,1,0.2905136610520833,1.0
period1,sc01,t3653,1,0.3171394578448815,1.0
period1,sc01,t3654,1,0.3789148857690015,1.0
period1,sc01,t3655,1,0.41978398889358054,1.0
period1,sc01,t3656,1,0.47321447163446,1.0
period1,sc01,t3657,1,0.4447898481705845,1.0
period1,sc01,t3658,1,0.4392471079284266,1.0
period1,sc01,t3659,1,0.5567264954735754,1.0
period1,sc01,t3660,1,0.3010901586254192,1.0
period1,sc01,t3661,1,0.22799242465742683,1.0
period1,sc01,t3662,1,0.39358519659042723,1.0
period1,sc01,t3663,1,0.41068993421070676,1.0
period1,sc01,t3664,1,0.3940849370266458,1.0
period1,sc01,t3665,1,0.44148617312568633,1.0
period1,sc01,t3666,1,0.4090670854310114,1.0
period1,sc01,t3667,1,0.37871622687406,1.0
period1,sc01,t3668,1,0.3824304345825684,1.0
period1,sc01,t3669,1,0.42630836281980167,1.0
period1,sc01,t3670,1,0.44481357303697366,1.0
period1,sc01,t3671,1,0.4315475424792276,1.0
period1,sc01,t3672,1,0.4066758275007807,1.0
period1,sc01,t3673,1,0.36506322197452656,1.0
period1,sc01,t3674,1,0.3395816601282152,1.0
period1,sc01,t3675,1,0.27651823879187304,1.0
period1,sc01,t3676,1,0.23114334665877911,1.0
period1,sc01,t3677,1,0.15720872058433683,1.0
period1,sc01,t3678,1,0.18548060572897407,1.0
period1,sc01,t3679,1,0.1490160756268684,1.0
period1,sc01,t3680,1,0.13053050645558184,1.0
period1,sc01,t3681,1,0.1813783688638893,1.0
period1,sc01,t3682,1,0.21210599157243226,1.0
period1,sc01,t3683,1,0.24419801507588146,1.0
period1,sc01,t3684,1,0.3037032637289415,1.0
period1,sc01,t3685,1,0.38634286322439126,1.0
period1,sc01,t3686,1,0.43845095955734675,1.0
period1,sc01,t3687,1,0.4313661243003819,1.0
period1,sc01,t3688,1,0.3963548326519101,1.0
period1,sc01,t3689,1,0.4383783600930054,1.0
period1,sc01,t3690,1,0.4093278679446681,1.0
period1,sc01,t3691,1,0.5558256575432903,1.0
period1,sc01,t3692,1,0.6307162907549478,1.0
period1,sc01,t3693,1,0.6673189746313505,1.0
period1,sc01,t3694,1,0.7177517431542142,1.0
period1,sc01,t3695,1,0.8577562692138649,1.0
period1,sc01,t3696,1,0.8614316140407623,1.0
period1,sc01,t3697,1,0.8759707536424507,1.0
period1,sc01,t3698,1,0.87359586289798,1.0
period1,sc01,t3699,1,0.8263444781356474,1.0
period1,sc01,t3700,1,0.7453339041072036,1.0
period1,sc01,t3701,1,0.5831190325295623,1.0
period1,sc01,t3702,1,0.5264618811283249,1.0
period1,sc01,t3703,1,0.4425908609831501,1.0
period1,sc01,t3704,1,0.5648724002787652,1.0
period1,sc01,t3705,1,0.5573077009468074,1.0
period1,sc01,t3706,1,0.6338736455713078,1.0
period1,sc01,t3707,1,0.5598637553606457,1.0
period1,sc01,t3708,1,0.5560235211678425,1.0
period1,sc01,t3709,1,0.49130335911862083,1.0
period1,sc01,t3710,1,0.3742404534723864,1.0
period1,sc01,t3711,1,0.3031613684711459,1.0
period1,sc01,t3712,1,0.25672854361541275,1.0
period1,sc01,t3713,1,0.5039854403935996,1.0
period1,sc01,t3714,1,0.45113071715230324,1.0
period1,sc01,t3715,1,0.2921651110299045,1.0
period1,sc01,t3716,1,0.2097913837024269,1.0
period1,sc01,t3717,1,0.14233111108752214,1.0
period1,sc01,t3718,1,0.1009014710107175,1.0
period1,sc01,t3719,1,0.08753936989276963,1.0
period1,sc01,t3720,1,0.12526702438520881,1.0
period1,sc01,t3721,1,0.16281166024224622,1.0
period1,sc01,t3722,1,0.17525031528606957,1.0
period1,sc01,t3723,1,0.1633032218577124,1.0
period1,sc01,t3724,1,0.17271218690874773,1.0
period1,sc01,t3725,1,0.19917995655532159,1.0
period1,sc01,t3726,1,0.2227326403139117,1.0
period1,sc01,t3727,1,0.20211223514159954,1.0
period1,sc01,t3728,1,0.16706857944158857,1.0
period1,sc01,t3729,1,0.15250016447120995,1.0
period1,sc01,t3730,1,0.17663255631567637,1.0
period1,sc01,t3731,1,0.3069559644139379,1.0
period1,sc01,t3732,1,0.3938962336782526,1.0
period1,sc01,t3733,1,0.4324192337435725,1.0
period1,sc01,t3734,1,0.3625841703424513,1.0
period1,sc01,t3735,1,0.37847605649999716,1.0
period1,sc01,t3736,1,0.4049759478972597,1.0
period1,sc01,t3737,1,0.29020741982483167,1.0
period1,sc01,t3738,1,0.36965242742465826,1.0
period1,sc01,t3739,1,0.3317975058641942,1.0
period1,sc01,t3740,1,0.35950773888439336,1.0
period1,sc01,t3741,1,0.2568007815151261,1.0
period1,sc01,t3742,1,0.20163970100740644,1.0
period1,sc01,t3743,1,0.2956316049103532,1.0
period1,sc01,t3744,1,0.32336695365378126,1.0
period1,sc01,t3745,1,0.2675008554677898,1.0
period1,sc01,t3746,1,0.20846278521621478,1.0
period1,sc01,t3747,1,0.18157387432307157,1.0
period1,sc01,t3748,1,0.1336905823557779,1.0
period1,sc01,t3749,1,0.12059879778522838,1.0
period1,sc01,t3750,1,0.16562128765155915,1.0
period1,sc01,t3751,1,0.1342209236134299,1.0
period1,sc01,t3752,1,0.11779320821826618,1.0
period1,sc01,t3753,1,0.15376968013727196,1.0
period1,sc01,t3754,1,0.30647641882078563,1.0
period1,sc01,t3755,1,0.33324541082384074,1.0
period1,sc01,t3756,1,0.47991848909491863,1.0
period1,sc01,t3757,1,0.5309695477020934,1.0
period1,sc01,t3758,1,0.872069489768809,1.0
period1,sc01,t3759,1,0.8984704477038398,1.0
period1,sc01,t3760,1,0.9,1.0
period1,sc01,t3761,1,0.9,1.0
period1,sc01,t3762,1,0.9,1.0
period1,sc01,t3763,1,0.8978744947773861,1.0
period1,sc01,t3764,1,0.8972560239082377,1.0
period1,sc01,t3765,1,0.8772157943252017,1.0
period1,sc01,t3766,1,0.8757609530272515,1.0
period1,sc01,t3767,1,0.8877085311157412,1.0
period1,sc01,t3768,1,0.878208619862892,1.0
period1,sc01,t3769,1,0.8542717365160035,1.0
period1,sc01,t3770,1,0.8063981800671192,1.0
period1,sc01,t3771,1,0.7808452850763535,1.0
period1,sc01,t3772,1,0.7709284235611069,1.0
period1,sc01,t3773,1,0.7687409264021744,1.0
period1,sc01,t3774,1,0.7346072124060217,1.0
period1,sc01,t3775,1,0.6063422946767526,1.0
period1,sc01,t3776,1,0.5535870845750938,1.0
period1,sc01,t3777,1,0.5042102606069323,1.0
period1,sc01,t3778,1,0.5109046109355306,1.0
period1,sc01,t3779,1,0.4689043013938153,1.0
period1,sc01,t3780,1,0.4222991596053006,1.0
period1,sc01,t3781,1,0.29560459890737656,1.0
period1,sc01,t3782,1,0.23010350870328874,1.0
period1,sc01,t3783,1,0.15473037039942006,1.0
period1,sc01,t3784,1,0.1096843193824041,1.0
period1,sc01,t3785,1,0.07804504063524195,1.0
period1,sc01,t3786,1,0.06337665402576283,1.0
period1,sc01,t3787,1,0.01812399854199858,1.0
period1,sc01,t3788,1,0.01551243290913765,1.0
period1,sc01,t3789,1,0.03420413322635439,1.0
period1,sc01,t3790,1,0.03085919822768931,1.0
period1,sc01,t3791,1,0.01797257635142994,1.0
period1,sc01,t3792,1,0.00118818295964928,1.0
period1,sc01,t3793,1,0.00142005798904239,1.0
period1,sc01,t3794,1,0.0266565579832962,1.0
period1,sc01,t3795,1,0.05917627539585774,1.0
period1,sc01,t3796,1,0.02198071594985148,1.0
period1,sc01,t3797,1,0.034808194262528194,1.0
period1,sc01,t3798,1,0.00097085583020151,1.0
period1,sc01,t3799,1,0.0,1.0
period1,sc01,t3800,1,0.0,1.0
period1,sc01,t3801,1,0.0,1.0
period1,sc01,t3802,1,0.0,1.0
period1,sc01,t3803,1,0.0,1.0
period1,sc01,t3804,1,0.0,1.0
period1,sc01,t3805,1,0.0,1.0
period1,sc01,t3806,1,0.00124308912303054,1.0
period1,sc01,t3807,1,0.01571679590954679,1.0
period1,sc01,t3808,1,0.07459141606435035,1.0
period1,sc01,t3809,1,0.12440505007453698,1.0
period1,sc01,t3810,1,0.10734380822823994,1.0
period1,sc01,t3811,1,0.06737813168929847,1.0
period1,sc01,t3812,1,0.10809288012594591,1.0
period1,sc01,t3813,1,0.17182574818329474,1.0
period1,sc01,t3814,1,0.2833953208028972,1.0
period1,sc01,t3815,1,0.30089193237664075,1.0
period1,sc01,t3816,1,0.3910878339993377,1.0
period1,sc01,t3817,1,0.4921439512501263,1.0
period1,sc01,t3818,1,0.6118806650664969,1.0
period1,sc01,t3819,1,0.7217225573984426,1.0
period1,sc01,t3820,1,0.7726974324322893,1.0
period1,sc01,t3821,1,0.7588806546231021,1.0
period1,sc01,t3822,1,0.7175557203779072,1.0
period1,sc01,t3823,1,0.707924083779333,1.0
period1,sc01,t3824,1,0.6400979834704044,1.0
period1,sc01,t3825,1,0.6150419969738745,1.0
period1,sc01,t3826,1,0.6754501942119143,1.0
period1,sc01,t3827,1,0.7508440847731243,1.0
period1,sc01,t3828,1,0.8257577803782454,1.0
period1,sc01,t3829,1,0.8644211982983544,1.0
period1,sc01,t3830,1,0.8471632667441019,1.0
period1,sc01,t3831,1,0.8435766638107322,1.0
period1,sc01,t3832,1,0.8619745837505505,1.0
period1,sc01,t3833,1,0.8151158919372516,1.0
period1,sc01,t3834,1,0.6519519797670582,1.0
period1,sc01,t3835,1,0.41683666461987295,1.0
period1,sc01,t3836,1,0.24251189236761522,1.0
period1,sc01,t3837,1,0.13920747459869232,1.0
period1,sc01,t3838,1,0.15575195258493812,1.0
period1,sc01,t3839,1,0.1504958905677664,1.0
period1,sc01,t3840,1,0.14529716807687398,1.0
period1,sc01,t3841,1,0.13625625518987275,1.0
period1,sc01,t3842,1,0.18653394612294205,1.0
period1,sc01,t3843,1,0.16964366646312073,1.0
period1,sc01,t3844,1,0.15045593717800998,1.0
period1,sc01,t3845,1,0.08916475634852518,1.0
period1,sc01,t3846,1,0.04022829458875944,1.0
period1,sc01,t3847,1,0.03375774566703063,1.0
period1,sc01,t3848,1,0.06097243240469556,1.0
period1,sc01,t3849,1,0.08956780750374696,1.0
period1,sc01,t3850,1,0.14453111366997703,1.0
period1,sc01,t3851,1,0.21744376330163137,1.0
period1,sc01,t3852,1,0.1789322024002528,1.0
period1,sc01,t3853,1,0.1359584093266651,1.0
period1,sc01,t3854,1,0.08174406780571095,1.0
period1,sc01,t3855,1,0.07721036031668192,1.0
period1,sc01,t3856,1,0.051735576228020726,1.0
period1,sc01,t3857,1,0.016399283233084472,1.0
period1,sc01,t3858,1,0.00093816198478746,1.0
period1,sc01,t3859,1,0.0,1.0
period1,sc01,t3860,1,0.0,1.0
period1,sc01,t3861,1,0.00081044603670951,1.0
period1,sc01,t3862,1,0.059397334454099074,1.0
period1,sc01,t3863,1,0.1097973473804045,1.0
period1,sc01,t3864,1,0.15150470726357515,1.0
period1,sc01,t3865,1,0.2585395617071617,1.0
period1,sc01,t3866,1,0.30435306738411905,1.0
period1,sc01,t3867,1,0.30477864383433084,1.0
period1,sc01,t3868,1,0.25935183966310443,1.0
period1,sc01,t3869,1,0.19311425813414385,1.0
period1,sc01,t3870,1,0.1746275044954213,1.0
period1,sc01,t3871,1,0.15023121260939226,1.0
period1,sc01,t3872,1,0.14938126926019235,1.0
period1,sc01,t3873,1,0.1588914980736573,1.0
period1,sc01,t3874,1,0.17396124475613456,1.0
period1,sc01,t3875,1,0.310289116035063,1.0
period1,sc01,t3876,1,0.33299419872709657,1.0
period1,sc01,t3877,1,0.3680101642506527,1.0
period1,sc01,t3878,1,0.3729462515200996,1.0
period1,sc01,t3879,1,0.38285940716626643,1.0
period1,sc01,t3880,1,0.39038171950504574,1.0
period1,sc01,t3881,1,0.35733445253406554,1.0
period1,sc01,t3882,1,0.24656150661683446,1.0
period1,sc01,t3883,1,0.1967450522280994,1.0
period1,sc01,t3884,1,0.1596525637467087,1.0
period1,sc01,t3885,1,0.16199016297177915,1.0
period1,sc01,t3886,1,0.13968001080588988,1.0
period1,sc01,t3887,1,0.11396260913627504,1.0
period1,sc01,t3888,1,0.06961462776545176,1.0
period1,sc01,t3889,1,0.02763328119887124,1.0
period1,sc01,t3890,1,0.0009723697839603899,1.0
period1,sc01,t3891,1,0.0,1.0
period1,sc01,t3892,1,0.0,1.0
period1,sc01,t3893,1,0.0,1.0
period1,sc01,t3894,1,0.00145724579338041,1.0
period1,sc01,t3895,1,0.00107475357337884,1.0
period1,sc01,t3896,1,0.00119244378493512,1.0
period1,sc01,t3897,1,0.00097482790841742,1.0
period1,sc01,t3898,1,0.00012466433600199,1.0
period1,sc01,t3899,1,0.0004949583727707,1.0
period1,sc01,t3900,1,0.00072228333784797,1.0
period1,sc01,t3901,1,0.00116726368251645,1.0
period1,sc01,t3902,1,0.0038578389135410698,1.0
period1,sc01,t3903,1,0.0030982334493519,1.0
period1,sc01,t3904,1,0.00135389183571963,1.0
period1,sc01,t3905,1,0.0009900884682104401,1.0
period1,sc01,t3906,1,0.00078383819300679,1.0
period1,sc01,t3907,1,0.00132106048946451,1.0
period1,sc01,t3908,1,0.00142289356237731,1.0
period1,sc01,t3909,1,0.01402093015047162,1.0
period1,sc01,t3910,1,0.07051316253921487,1.0
period1,sc01,t3911,1,0.18286260999803722,1.0
period1,sc01,t3912,1,0.2179159906561074,1.0
period1,sc01,t3913,1,0.2149715410817832,1.0
period1,sc01,t3914,1,0.2430323819119595,1.0
period1,sc01,t3915,1,0.2314945020256472,1.0
period1,sc01,t3916,1,0.20584326816886464,1.0
period1,sc01,t3917,1,0.17596181909308997,1.0
period1,sc01,t3918,1,0.15364675278541862,1.0
period1,sc01,t3919,1,0.08013118755969495,1.0
period1,sc01,t3920,1,0.07800245201655728,1.0
period1,sc01,t3921,1,0.07324858130003271,1.0
period1,sc01,t3922,1,0.06906687944750765,1.0
period1,sc01,t3923,1,0.047631022036324834,1.0
period1,sc01,t3924,1,0.030247695944783642,1.0
period1,sc01,t3925,1,0.01939204256013054,1.0
period1,sc01,t3926,1,0.01559704805831214,1.0
period1,sc01,t3927,1,0.0189531903008016,1.0
period1,sc01,t3928,1,0.02011567352287797,1.0
period1,sc01,t3929,1,0.00912341073613896,1.0
period1,sc01,t3930,1,0.00114041336400369,1.0
period1,sc01,t3931,1,0.00075020679864108,1.0
period1,sc01,t3932,1,0.00077670292167702,1.0
period1,sc01,t3933,1,0.0,1.0
period1,sc01,t3934,1,0.0,1.0
period1,sc01,t3935,1,0.00017905496387301002,1.0
period1,sc01,t3936,1,0.00122053457174112,1.0
period1,sc01,t3937,1,0.037431650047744805,1.0
period1,sc01,t3938,1,0.08931701890545966,1.0
period1,sc01,t3939,1,0.12515047009948027,1.0
period1,sc01,t3940,1,0.12369554379282358,1.0
period1,sc01,t3941,1,0.13616061798594267,1.0
period1,sc01,t3942,1,0.1678340484176158,1.0
period1,sc01,t3943,1,0.09699550443692163,1.0
period1,sc01,t3944,1,0.09211717155312468,1.0
period1,sc01,t3945,1,0.09749693108445301,1.0
period1,sc01,t3946,1,0.10630644334545168,1.0
period1,sc01,t3947,1,0.07471044627694244,1.0
period1,sc01,t3948,1,0.08549347558507002,1.0
period1,sc01,t3949,1,0.09197202380800455,1.0
period1,sc01,t3950,1,0.09880371365921414,1.0
period1,sc01,t3951,1,0.11174309668078525,1.0
period1,sc01,t3952,1,0.11686509817097238,1.0
period1,sc01,t3953,1,0.11156734433061549,1.0
period1,sc01,t3954,1,0.10107336415997321,1.0
period1,sc01,t3955,1,0.1318747916474082,1.0
period1,sc01,t3956,1,0.17865129216217618,1.0
period1,sc01,t3957,1,0.24079384486174063,1.0
period1,sc01,t3958,1,0.2765255164740721,1.0
period1,sc01,t3959,1,0.3363474301726217,1.0
period1,sc01,t3960,1,0.30773227968055866,1.0
period1,sc01,t3961,1,0.28664518850987114,1.0
period1,sc01,t3962,1,0.24163468131732094,1.0
period1,sc01,t3963,1,0.2281211245684784,1.0
period1,sc01,t3964,1,0.15392139258553325,1.0
period1,sc01,t3965,1,0.12390813845779652,1.0
period1,sc01,t3966,1,0.152569147413791,1.0
period1,sc01,t3967,1,0.11979874094978465,1.0
period1,sc01,t3968,1,0.07589832332434812,1.0
period1,sc01,t3969,1,0.054593017311093124,1.0
period1,sc01,t3970,1,0.04028314920095898,1.0
period1,sc01,t3971,1,0.03138935412249198,1.0
period1,sc01,t3972,1,0.0480826003003713,1.0
period1,sc01,t3973,1,0.04690778998465899,1.0
period1,sc01,t3974,1,0.02085180530374026,1.0
period1,sc01,t3975,1,0.01726180027272783,1.0
period1,sc01,t3976,1,0.016090350932371232,1.0
period1,sc01,t3977,1,0.00125109309114198,1.0
period1,sc01,t3978,1,0.0140589929935737,1.0
period1,sc01,t3979,1,0.00284656195303632,1.0
period1,sc01,t3980,1,0.057598051735633864,1.0
period1,sc01,t3981,1,0.09476497242980397,1.0
period1,sc01,t3982,1,0.11013932819792062,1.0
period1,sc01,t3983,1,0.12975822784061336,1.0
period1,sc01,t3984,1,0.15494548790920437,1.0
period1,sc01,t3985,1,0.15225005813994613,1.0
period1,sc01,t3986,1,0.1561836422005379,1.0
period1,sc01,t3987,1,0.18905222613190031,1.0
period1,sc01,t3988,1,0.24113750289566302,1.0
period1,sc01,t3989,1,0.2800463896739041,1.0
period1,sc01,t3990,1,0.32446347084855476,1.0
period1,sc01,t3991,1,0.5151182964422805,1.0
period1,sc01,t3992,1,0.6915599720392128,1.0
period1,sc01,t3993,1,0.7670243429995344,1.0
period1,sc01,t3994,1,0.7538577867610996,1.0
period1,sc01,t3995,1,0.8198468785429766,1.0
period1,sc01,t3996,1,0.8229923975323908,1.0
period1,sc01,t3997,1,0.8497229424731251,1.0
period1,sc01,t3998,1,0.7603360080068261,1.0
period1,sc01,t3999,1,0.7794616918317961,1.0
period1,sc01,t4000,1,0.8131498813799081,1.0
period1,sc01,t4001,1,0.7838499769721174,1.0
period1,sc01,t4002,1,0.8200973919892243,1.0
period1,sc01,t4003,1,0.7831597125488299,1.0
period1,sc01,t4004,1,0.8809513981587508,1.0
period1,sc01,t4005,1,0.877227350890616,1.0
period1,sc01,t4006,1,0.8320620222214822,1.0
period1,sc01,t4007,1,0.7597181386782961,1.0
period1,sc01,t4008,1,0.7625080188475467,1.0
period1,sc01,t4009,1,0.6688962424340043,1.0
period1,sc01,t4010,1,0.622031344795926,1.0
period1,sc01,t4011,1,0.5779314216692745,1.0
period1,sc01,t4012,1,0.4786452473336144,1.0
period1,sc01,t4013,1,0.37526033275741283,1.0
period1,sc01,t4014,1,0.3786605684662114,1.0
period1,sc01,t4015,1,0.35537273496588484,1.0
period1,sc01,t4016,1,0.3102143767572087,1.0
period1,sc01,t4017,1,0.2995312406212979,1.0
period1,sc01,t4018,1,0.37597923587737425,1.0
period1,sc01,t4019,1,0.400432055116661,1.0
period1,sc01,t4020,1,0.5834798029747342,1.0
period1,sc01,t4021,1,0.6958419963131214,1.0
period1,sc01,t4022,1,0.5922581642948572,1.0
period1,sc01,t4023,1,0.4215403161115793,1.0
period1,sc01,t4024,1,0.2885158952723837,1.0
period1,sc01,t4025,1,0.22242690602170642,1.0
period1,sc01,t4026,1,0.3155710981330062,1.0
period1,sc01,t4027,1,0.38807629934772375,1.0
period1,sc01,t4028,1,0.5796982981064537,1.0
period1,sc01,t4029,1,0.6241981416324045,1.0
period1,sc01,t4030,1,0.679496736534363,1.0
period1,sc01,t4031,1,0.6509122496264564,1.0
period1,sc01,t4032,1,0.7000306715692064,1.0
period1,sc01,t4033,1,0.7613680169131459,1.0
period1,sc01,t4034,1,0.6934872070694589,1.0
period1,sc01,t4035,1,0.6572614879406664,1.0
period1,sc01,t4036,1,0.6296242128411705,1.0
period1,sc01,t4037,1,0.5865393100033357,1.0
period1,sc01,t4038,1,0.560588677428767,1.0
period1,sc01,t4039,1,0.5048696563562779,1.0
period1,sc01,t4040,1,0.45332443179951426,1.0
period1,sc01,t4041,1,0.3903307642480009,1.0
period1,sc01,t4042,1,0.39096302959144674,1.0
period1,sc01,t4043,1,0.29207419883765634,1.0
period1,sc01,t4044,1,0.3519777331836928,1.0
period1,sc01,t4045,1,0.4000852540311194,1.0
period1,sc01,t4046,1,0.38860299249558616,1.0
period1,sc01,t4047,1,0.32167560532221595,1.0
period1,sc01,t4048,1,0.4493590319614717,1.0
period1,sc01,t4049,1,0.5146065159965211,1.0
period1,sc01,t4050,1,0.4811344384393704,1.0
period1,sc01,t4051,1,0.6020019687537368,1.0
period1,sc01,t4052,1,0.7506595573482546,1.0
period1,sc01,t4053,1,0.8029354279963508,1.0
period1,sc01,t4054,1,0.8448176526376615,1.0
period1,sc01,t4055,1,0.837867267758565,1.0
period1,sc01,t4056,1,0.8724300426695307,1.0
period1,sc01,t4057,1,0.8750713385744489,1.0
period1,sc01,t4058,1,0.8610512750915785,1.0
period1,sc01,t4059,1,0.8207351144536933,1.0
period1,sc01,t4060,1,0.7644593500104272,1.0
period1,sc01,t4061,1,0.6939292733007236,1.0
period1,sc01,t4062,1,0.6824391413405261,1.0
period1,sc01,t4063,1,0.6032515708017111,1.0
period1,sc01,t4064,1,0.5388086770648841,1.0
period1,sc01,t4065,1,0.48539866115438496,1.0
period1,sc01,t4066,1,0.43650389636816683,1.0
period1,sc01,t4067,1,0.39903015846870804,1.0
period1,sc01,t4068,1,0.467700141607218,1.0
period1,sc01,t4069,1,0.5410225132817861,1.0
period1,sc01,t4070,1,0.5613635001805949,1.0
period1,sc01,t4071,1,0.5192958631576917,1.0
period1,sc01,t4072,1,0.45860819065394776,1.0
period1,sc01,t4073,1,0.4013260474826897,1.0
period1,sc01,t4074,1,0.31625587696386687,1.0
period1,sc01,t4075,1,0.1946763076950628,1.0
period1,sc01,t4076,1,0.19739189050972586,1.0
period1,sc01,t4077,1,0.20408296948463717,1.0
period1,sc01,t4078,1,0.16767172843877312,1.0
period1,sc01,t4079,1,0.16203394522707767,1.0
period1,sc01,t4080,1,0.1079658208197748,1.0
period1,sc01,t4081,1,0.07723172710687887,1.0
period1,sc01,t4082,1,0.06175044550113606,1.0
period1,sc01,t4083,1,0.0534310819458885,1.0
period1,sc01,t4084,1,0.02304798277271832,1.0
period1,sc01,t4085,1,7.056663499533344e-05,1.0
period1,sc01,t4086,1,0.0,1.0
period1,sc01,t4087,1,0.0,1.0
period1,sc01,t4088,1,0.0,1.0
period1,sc01,t4089,1,0.0011376178900276502,1.0
period1,sc01,t4090,1,0.028243689641808928,1.0
period1,sc01,t4091,1,0.05466588481950921,1.0
period1,sc01,t4092,1,0.07243412718370257,1.0
period1,sc01,t4093,1,0.07626602464751475,1.0
period1,sc01,t4094,1,0.07722383799481579,1.0
period1,sc01,t4095,1,0.10625534383372785,1.0
period1,sc01,t4096,1,0.11901539399396573,1.0
period1,sc01,t4097,1,0.10261026628360624,1.0
period1,sc01,t4098,1,0.08256143858133043,1.0
period1,sc01,t4099,1,0.10416058842636954,1.0
period1,sc01,t4100,1,0.11795466393810343,1.0
period1,sc01,t4101,1,0.14709232031159294,1.0
period1,sc01,t4102,1,0.24384204569298915,1.0
period1,sc01,t4103,1,0.33410639505860307,1.0
period1,sc01,t4104,1,0.3575552077303127,1.0
period1,sc01,t4105,1,0.35722971986660546,1.0
period1,sc01,t4106,1,0.3746974618798904,1.0
period1,sc01,t4107,1,0.44213384464740935,1.0
period1,sc01,t4108,1,0.4909770466352618,1.0
period1,sc01,t4109,1,0.6283095205765978,1.0
period1,sc01,t4110,1,0.7887926275092674,1.0
period1,sc01,t4111,1,0.7217198286343749,1.0
period1,sc01,t4112,1,0.5476494470949964,1.0
period1,sc01,t4113,1,0.47229501788541634,1.0
period1,sc01,t4114,1,0.35651960639180136,1.0
period1,sc01,t4115,1,0.2651156470296433,1.0
period1,sc01,t4116,1,0.2312966808291969,1.0
period1,sc01,t4117,1,0.18672655396078205,1.0
period1,sc01,t4118,1,0.17033586111393834,1.0
period1,sc01,t4119,1,0.14243649882321294,1.0
period1,sc01,t4120,1,0.11839436380497564,1.0
period1,sc01,t4121,1,0.07945044554220408,1.0
period1,sc01,t4122,1,0.0496661733962064,1.0
period1,sc01,t4123,1,0.021707761754752742,1.0
period1,sc01,t4124,1,0.01340198466282513,1.0
period1,sc01,t4125,1,0.00942342077624733,1.0
period1,sc01,t4126,1,0.00132772323518226,1.0
period1,sc01,t4127,1,0.0,1.0
period1,sc01,t4128,1,0.0,1.0
period1,sc01,t4129,1,0.001392480138834,1.0
period1,sc01,t4130,1,0.0313973801239923,1.0
period1,sc01,t4131,1,0.0376323527854044,1.0
period1,sc01,t4132,1,0.07250129588895471,1.0
period1,sc01,t4133,1,0.1212287940975366,1.0
period1,sc01,t4134,1,0.13567659774430574,1.0
period1,sc01,t4135,1,0.07800353241305283,1.0
period1,sc01,t4136,1,0.08057943734675319,1.0
period1,sc01,t4137,1,0.10728573434976627,1.0
period1,sc01,t4138,1,0.1402097231205864,1.0
period1,sc01,t4139,1,0.18634858745549912,1.0
period1,sc01,t4140,1,0.20292377425552574,1.0
period1,sc01,t4141,1,0.2579218239818649,1.0
period1,sc01,t4142,1,0.3564682323328689,1.0
period1,sc01,t4143,1,0.5286582475839887,1.0
period1,sc01,t4144,1,0.6337056667072251,1.0
period1,sc01,t4145,1,0.5640134448509122,1.0
period1,sc01,t4146,1,0.8478514799932919,1.0
period1,sc01,t4147,1,0.8676262569706867,1.0
period1,sc01,t4148,1,0.7848242307740539,1.0
period1,sc01,t4149,1,0.7468775246494923,1.0
period1,sc01,t4150,1,0.6818161196667522,1.0
period1,sc01,t4151,1,0.782809286872289,1.0
period1,sc01,t4152,1,0.720361117063005,1.0
period1,sc01,t4153,1,0.6251926894011355,1.0
period1,sc01,t4154,1,0.3867276777795586,1.0
period1,sc01,t4155,1,0.20447329998797675,1.0
period1,sc01,t4156,1,0.12240213535095507,1.0
period1,sc01,t4157,1,0.16143131241190692,1.0
period1,sc01,t4158,1,0.1557622246028797,1.0
period1,sc01,t4159,1,0.11790808954827425,1.0
period1,sc01,t4160,1,0.12486715292340765,1.0
period1,sc01,t4161,1,0.15994692880951467,1.0
period1,sc01,t4162,1,0.4623011965686768,1.0
period1,sc01,t4163,1,0.6363830226543998,1.0
period1,sc01,t4164,1,0.15021439786939852,1.0
period1,sc01,t4165,1,0.09000597326270797,1.0
period1,sc01,t4166,1,0.379491908053952,1.0
period1,sc01,t4167,1,0.4820595378991561,1.0
period1,sc01,t4168,1,0.7182207008401507,1.0
period1,sc01,t4169,1,0.5942515905295384,1.0
period1,sc01,t4170,1,0.8133023250860525,1.0
period1,sc01,t4171,1,0.8774281161050745,1.0
period1,sc01,t4172,1,0.8899252879463424,1.0
period1,sc01,t4173,1,0.8977418494123515,1.0
period1,sc01,t4174,1,0.8919475243537993,1.0
period1,sc01,t4175,1,0.8972973180740664,1.0
period1,sc01,t4176,1,0.8826339958221543,1.0
period1,sc01,t4177,1,0.8991717086576905,1.0
period1,sc01,t4178,1,0.8978406755136944,1.0
period1,sc01,t4179,1,0.8995614676074234,1.0
period1,sc01,t4180,1,0.9,1.0
period1,sc01,t4181,1,0.8990803360215277,1.0
period1,sc01,t4182,1,0.8992697574509758,1.0
period1,sc01,t4183,1,0.8989691701089687,1.0
period1,sc01,t4184,1,0.8989321060911085,1.0
period1,sc01,t4185,1,0.9,1.0
period1,sc01,t4186,1,0.8998628411261939,1.0
period1,sc01,t4187,1,0.9,1.0
period1,sc01,t4188,1,0.8990489353191258,1.0
period1,sc01,t4189,1,0.9,1.0
period1,sc01,t4190,1,0.8989760145683985,1.0
period1,sc01,t4191,1,0.8975737343644982,1.0
period1,sc01,t4192,1,0.891879276559018,1.0
period1,sc01,t4193,1,0.8748793017791093,1.0
period1,sc01,t4194,1,0.7749753588157533,1.0
period1,sc01,t4195,1,0.7360494564809386,1.0
period1,sc01,t4196,1,0.5829628227920977,1.0
period1,sc01,t4197,1,0.48488125104283053,1.0
period1,sc01,t4198,1,0.49559469436649384,1.0
period1,sc01,t4199,1,0.37209523340690576,1.0
period1,sc01,t4200,1,0.41526216108421415,1.0
period1,sc01,t4201,1,0.3723852945707522,1.0
period1,sc01,t4202,1,0.35295195931943973,1.0
period1,sc01,t4203,1,0.37027293729134364,1.0
period1,sc01,t4204,1,0.41835728605784167,1.0
period1,sc01,t4205,1,0.5043297379342756,1.0
period1,sc01,t4206,1,0.60874874631643,1.0
period1,sc01,t4207,1,0.5776073461865715,1.0
period1,sc01,t4208,1,0.5097411937311097,1.0
period1,sc01,t4209,1,0.4439124424532898,1.0
period1,sc01,t4210,1,0.3687150584171914,1.0
period1,sc01,t4211,1,0.2580698501801853,1.0
period1,sc01,t4212,1,0.3411685253419534,1.0
period1,sc01,t4213,1,0.3567400640227105,1.0
period1,sc01,t4214,1,0.2997055417851187,1.0
period1,sc01,t4215,1,0.23100292890193078,1.0
period1,sc01,t4216,1,0.16350583979815606,1.0
period1,sc01,t4217,1,0.13248990776317005,1.0
period1,sc01,t4218,1,0.1282837568439589,1.0
period1,sc01,t4219,1,0.12079099866693978,1.0
period1,sc01,t4220,1,0.14141575364362452,1.0
period1,sc01,t4221,1,0.150521035687272,1.0
period1,sc01,t4222,1,0.12664442045202165,1.0
period1,sc01,t4223,1,0.05780159326479105,1.0
period1,sc01,t4224,1,0.001435761915975,1.0
period1,sc01,t4225,1,0.03933625342517046,1.0
period1,sc01,t4226,1,0.10178124042426596,1.0
period1,sc01,t4227,1,0.07838103433550031,1.0
period1,sc01,t4228,1,0.09180665914915863,1.0
period1,sc01,t4229,1,0.05571002200671369,1.0
period1,sc01,t4230,1,0.008484580313368831,1.0
period1,sc01,t4231,1,0.025556257091457993,1.0
period1,sc01,t4232,1,0.04732021846071297,1.0
period1,sc01,t4233,1,0.060144175401531205,1.0
period1,sc01,t4234,1,0.0754947029749392,1.0
period1,sc01,t4235,1,0.07652209820044815,1.0
period1,sc01,t4236,1,0.08806918472388846,1.0
period1,sc01,t4237,1,0.06600543938810532,1.0
period1,sc01,t4238,1,0.09291103956495748,1.0
period1,sc01,t4239,1,0.08087610078691335,1.0
period1,sc01,t4240,1,0.02743618453134633,1.0
period1,sc01,t4241,1,0.0011853886345995599,1.0
period1,sc01,t4242,1,0.00068014259767827,1.0
period1,sc01,t4243,1,0.00123312873501558,1.0
period1,sc01,t4244,1,0.03224308418835102,1.0
period1,sc01,t4245,1,0.02501873391111471,1.0
period1,sc01,t4246,1,0.00787897410511203,1.0
period1,sc01,t4247,1,0.00105959131319295,1.0
period1,sc01,t4248,1,0.01843198644963474,1.0
period1,sc01,t4249,1,0.04946522849098029,1.0
period1,sc01,t4250,1,0.04526124325831161,1.0
period1,sc01,t4251,1,0.046725676765066886,1.0
period1,sc01,t4252,1,0.08545992888797316,1.0
period1,sc01,t4253,1,0.1303621282789209,1.0
period1,sc01,t4254,1,0.5588831177058482,1.0
period1,sc01,t4255,1,0.591300956683965,1.0
period1,sc01,t4256,1,0.5448809554596635,1.0
period1,sc01,t4257,1,0.6967331749609277,1.0
period1,sc01,t4258,1,0.8736860777641895,1.0
period1,sc01,t4259,1,0.8844173206588952,1.0
period1,sc01,t4260,1,0.8979886357696916,1.0
period1,sc01,t4261,1,0.8997181482294796,1.0
period1,sc01,t4262,1,0.8986770802036134,1.0
period1,sc01,t4263,1,0.8993484474865628,1.0
period1,sc01,t4264,1,0.8972601768858306,1.0
period1,sc01,t4265,1,0.8873974809037217,1.0
period1,sc01,t4266,1,0.876263425324228,1.0
period1,sc01,t4267,1,0.7962261417680211,1.0
period1,sc01,t4268,1,0.81876381953575,1.0
period1,sc01,t4269,1,0.8109550670679669,1.0
period1,sc01,t4270,1,0.6557421208647995,1.0
period1,sc01,t4271,1,0.461735083998791,1.0
period1,sc01,t4272,1,0.4234425546872255,1.0
period1,sc01,t4273,1,0.3642140500727706,1.0
period1,sc01,t4274,1,0.25837388223617425,1.0
period1,sc01,t4275,1,0.14447463045845474,1.0
period1,sc01,t4276,1,0.12310879223836549,1.0
period1,sc01,t4277,1,0.18270469909168954,1.0
period1,sc01,t4278,1,0.23566128025198368,1.0
period1,sc01,t4279,1,0.3082996312208138,1.0
period1,sc01,t4280,1,0.3637709782736695,1.0
period1,sc01,t4281,1,0.363560390570627,1.0
period1,sc01,t4282,1,0.3676281701060458,1.0
period1,sc01,t4283,1,0.5763249508190418,1.0
period1,sc01,t4284,1,0.7441168790005755,1.0
period1,sc01,t4285,1,0.775798547649495,1.0
period1,sc01,t4286,1,0.7903774964716022,1.0
period1,sc01,t4287,1,0.8282573953063268,1.0
period1,sc01,t4288,1,0.8702495311562851,1.0
period1,sc01,t4289,1,0.5410202644023498,1.0
period1,sc01,t4290,1,0.5432350601096172,1.0
period1,sc01,t4291,1,0.6474887487495019,1.0
period1,sc01,t4292,1,0.7781448397001123,1.0
period1,sc01,t4293,1,0.7999956142213851,1.0
period1,sc01,t4294,1,0.8599821685586976,1.0
period1,sc01,t4295,1,0.8830517000221784,1.0
period1,sc01,t4296,1,0.8951198704846016,1.0
period1,sc01,t4297,1,0.8893197197706975,1.0
period1,sc01,t4298,1,0.8783719975729238,1.0
period1,sc01,t4299,1,0.8393634096689246,1.0
period1,sc01,t4300,1,0.7875097378981832,1.0
period1,sc01,t4301,1,0.7445982130222198,1.0
period1,sc01,t4302,1,0.7609929648917002,1.0
period1,sc01,t4303,1,0.8710835401815853,1.0
period1,sc01,t4304,1,0.8977918923643772,1.0
period1,sc01,t4305,1,0.8997627528666156,1.0
period1,sc01,t4306,1,0.9,1.0
period1,sc01,t4307,1,0.9,1.0
period1,sc01,t4308,1,0.9,1.0
period1,sc01,t4309,1,0.9,1.0
period1,sc01,t4310,1,0.9,1.0
period1,sc01,t4311,1,0.9,1.0
period1,sc01,t4312,1,0.9,1.0
period1,sc01,t4313,1,0.9,1.0
period1,sc01,t4314,1,0.9,1.0
period1,sc01,t4315,1,0.8992432602078441,1.0
period1,sc01,t4316,1,0.9,1.0
period1,sc01,t4317,1,0.8991158505045316,1.0
period1,sc01,t4318,1,0.8973261265584884,1.0
period1,sc01,t4319,1,0.8985807791676839,1.0
period1,sc01,t4320,1,0.8846795032059994,1.0
period1,sc01,t4321,1,0.8133900567209987,1.0
period1,sc01,t4322,1,0.6111756150974724,1.0
period1,sc01,t4323,1,0.4791385538430576,1.0
period1,sc01,t4324,1,0.3280230524624361,1.0
period1,sc01,t4325,1,0.23245187677939405,1.0
period1,sc01,t4326,1,0.16079258066174693,1.0
period1,sc01,t4327,1,0.14716812624355818,1.0
period1,sc01,t4328,1,0.0944878289380452,1.0
period1,sc01,t4329,1,0.057469443959864426,1.0
period1,sc01,t4330,1,0.03390083490820041,1.0
period1,sc01,t4331,1,0.04186071510586299,1.0
period1,sc01,t4332,1,0.06867178677307126,1.0
period1,sc01,t4333,1,0.08879729654548603,1.0
period1,sc01,t4334,1,0.11170287082559052,1.0
period1,sc01,t4335,1,0.10617431368090888,1.0
period1,sc01,t4336,1,0.08123181156451106,1.0
period1,sc01,t4337,1,0.060776707232869834,1.0
period1,sc01,t4338,1,0.04076757332834265,1.0
period1,sc01,t4339,1,0.029452613520827793,1.0
period1,sc01,t4340,1,0.02426700760457886,1.0
period1,sc01,t4341,1,0.01889050899954024,1.0
period1,sc01,t4342,1,0.00132752098349631,1.0
period1,sc01,t4343,1,0.00042239203682247004,1.0
period1,sc01,t4344,1,0.00028889032766652,1.0
period1,sc01,t4345,1,0.0006730246737216,1.0
period1,sc01,t4346,1,0.0010888438334581802,1.0
period1,sc01,t4347,1,0.0077899498982950495,1.0
period1,sc01,t4348,1,0.014210593116851881,1.0
period1,sc01,t4349,1,0.03578990449234428,1.0
period1,sc01,t4350,1,0.02892573924582114,1.0
period1,sc01,t4351,1,0.01235295106455285,1.0
period1,sc01,t4352,1,0.028219749923822937,1.0
period1,sc01,t4353,1,0.04279318966038654,1.0
period1,sc01,t4354,1,0.05896858979817252,1.0
period1,sc01,t4355,1,0.04784313395594232,1.0
period1,sc01,t4356,1,0.05888316293714394,1.0
period1,sc01,t4357,1,0.07201458134850547,1.0
period1,sc01,t4358,1,0.07476957842368374,1.0
period1,sc01,t4359,1,0.07834515444223011,1.0
period1,sc01,t4360,1,0.09746974644015167,1.0
period1,sc01,t4361,1,0.11040317126350534,1.0
period1,sc01,t4362,1,0.08387201367458802,1.0
period1,sc01,t4363,1,0.08637740334925723,1.0
period1,sc01,t4364,1,0.12029939622059058,1.0
period1,sc01,t4365,1,0.15134811123985775,1.0
period1,sc01,t4366,1,0.18681142730530842,1.0
period1,sc01,t4367,1,0.18031281794079615,1.0
period1,sc01,t4368,1,0.22411186989162768,1.0
period1,sc01,t4369,1,0.23778989350687316,1.0
period1,sc01,t4370,1,0.2621093484991316,1.0
period1,sc01,t4371,1,0.2804765908118012,1.0
period1,sc01,t4372,1,0.25161262054794964,1.0
period1,sc01,t4373,1,0.15520382417803422,1.0
period1,sc01,t4374,1,0.08039629635755877,1.0
period1,sc01,t4375,1,0.025229653793563768,1.0
period1,sc01,t4376,1,0.02213052571966698,1.0
period1,sc01,t4377,1,0.054639264593256846,1.0
period1,sc01,t4378,1,0.08656496183870173,1.0
period1,sc01,t4379,1,0.09855533697351292,1.0
period1,sc01,t4380,1,0.13448825023996044,1.0
period1,sc01,t4381,1,0.1535627203187609,1.0
period1,sc01,t4382,1,0.11753185453579756,1.0
period1,sc01,t4383,1,0.06304673503859481,1.0
period1,sc01,t4384,1,0.04026804214128615,1.0
period1,sc01,t4385,1,0.05074456180119876,1.0
period1,sc01,t4386,1,0.04337031748805118,1.0
period1,sc01,t4387,1,0.023930050234197153,1.0
period1,sc01,t4388,1,0.019300409488989808,1.0
period1,sc01,t4389,1,0.00144205278080715,1.0
period1,sc01,t4390,1,0.0,1.0
period1,sc01,t4391,1,0.00663259852613466,1.0
period1,sc01,t4392,1,0.09246805757269408,1.0
period1,sc01,t4393,1,0.06224922838431117,1.0
period1,sc01,t4394,1,0.11026144433824704,1.0
period1,sc01,t4395,1,0.14656107195765036,1.0
period1,sc01,t4396,1,0.31027549937417803,1.0
period1,sc01,t4397,1,0.5126749679609008,1.0
period1,sc01,t4398,1,0.4858016398046605,1.0
period1,sc01,t4399,1,0.7406318450602583,1.0
period1,sc01,t4400,1,0.7531713977510958,1.0
period1,sc01,t4401,1,0.7583122644222096,1.0
period1,sc01,t4402,1,0.8267705736393319,1.0
period1,sc01,t4403,1,0.7054482693404128,1.0
period1,sc01,t4404,1,0.7347670847702606,1.0
period1,sc01,t4405,1,0.7354599682412111,1.0
period1,sc01,t4406,1,0.7011782201474569,1.0
period1,sc01,t4407,1,0.8027717208623977,1.0
period1,sc01,t4408,1,0.8759301821118859,1.0
period1,sc01,t4409,1,0.8783463634359596,1.0
period1,sc01,t4410,1,0.8735960933595295,1.0
period1,sc01,t4411,1,0.8336075138427724,1.0
period1,sc01,t4412,1,0.805209531949985,1.0
period1,sc01,t4413,1,0.7697440015262837,1.0
period1,sc01,t4414,1,0.713702266205973,1.0
period1,sc01,t4415,1,0.5350713893127736,1.0
period1,sc01,t4416,1,0.5793318304205044,1.0
period1,sc01,t4417,1,0.5925865867961905,1.0
period1,sc01,t4418,1,0.5695591354923153,1.0
period1,sc01,t4419,1,0.5080948952747422,1.0
period1,sc01,t4420,1,0.39352798538807293,1.0
period1,sc01,t4421,1,0.32987098312529367,1.0
period1,sc01,t4422,1,0.3225071670272344,1.0
period1,sc01,t4423,1,0.313052651220891,1.0
period1,sc01,t4424,1,0.40155512927376125,1.0
period1,sc01,t4425,1,0.3318150200714519,1.0
period1,sc01,t4426,1,0.2998968858148402,1.0
period1,sc01,t4427,1,0.2551252218913009,1.0
period1,sc01,t4428,1,0.2189195106121197,1.0
period1,sc01,t4429,1,0.31630693709499796,1.0
period1,sc01,t4430,1,0.3994033264782231,1.0
period1,sc01,t4431,1,0.6190323865756819,1.0
period1,sc01,t4432,1,0.2900494755535785,1.0
period1,sc01,t4433,1,0.23994762410245357,1.0
period1,sc01,t4434,1,0.2672807699971395,1.0
period1,sc01,t4435,1,0.5433301563164608,1.0
period1,sc01,t4436,1,0.5105608487237046,1.0
period1,sc01,t4437,1,0.538322874570955,1.0
period1,sc01,t4438,1,0.556660911130729,1.0
period1,sc01,t4439,1,0.5066729171686977,1.0
period1,sc01,t4440,1,0.46330863861501304,1.0
period1,sc01,t4441,1,0.4685099441585579,1.0
period1,sc01,t4442,1,0.5460733740431867,1.0
period1,sc01,t4443,1,0.6320301390585501,1.0
period1,sc01,t4444,1,0.7864216768583769,1.0
period1,sc01,t4445,1,0.8781862520883663,1.0
period1,sc01,t4446,1,0.8473044535434192,1.0
period1,sc01,t4447,1,0.7459440454285803,1.0
period1,sc01,t4448,1,0.6941975242387506,1.0
period1,sc01,t4449,1,0.7761073998808777,1.0
period1,sc01,t4450,1,0.7980061437882092,1.0
period1,sc01,t4451,1,0.5706904662464971,1.0
period1,sc01,t4452,1,0.6984872996674387,1.0
period1,sc01,t4453,1,0.7732553004583316,1.0
period1,sc01,t4454,1,0.6869625871001541,1.0
period1,sc01,t4455,1,0.7568424979127789,1.0
period1,sc01,t4456,1,0.5244201937109186,1.0
period1,sc01,t4457,1,0.6109986855978322,1.0
period1,sc01,t4458,1,0.630426167768061,1.0
period1,sc01,t4459,1,0.5997959953888389,1.0
period1,sc01,t4460,1,0.4873468234278407,1.0
period1,sc01,t4461,1,0.4697634726033768,1.0
period1,sc01,t4462,1,0.5610023122293727,1.0
period1,sc01,t4463,1,0.4197067440374897,1.0
period1,sc01,t4464,1,0.3953299646092895,1.0
period1,sc01,t4465,1,0.4011125120499535,1.0
period1,sc01,t4466,1,0.42598757822415495,1.0
period1,sc01,t4467,1,0.4067500352477895,1.0
period1,sc01,t4468,1,0.2981747781053881,1.0
period1,sc01,t4469,1,0.2152513819667746,1.0
period1,sc01,t4470,1,0.253358550081095,1.0
period1,sc01,t4471,1,0.12649478625430183,1.0
period1,sc01,t4472,1,0.14182580995159627,1.0
period1,sc01,t4473,1,0.340783326001057,1.0
period1,sc01,t4474,1,0.39510527018091735,1.0
period1,sc01,t4475,1,0.3189504455875731,1.0
period1,sc01,t4476,1,0.10310382099293221,1.0
period1,sc01,t4477,1,0.17268250289969916,1.0
period1,sc01,t4478,1,0.28527763806586937,1.0
period1,sc01,t4479,1,0.07825124696609313,1.0
period1,sc01,t4480,1,0.0770574915349795,1.0
period1,sc01,t4481,1,0.12710770275197375,1.0
period1,sc01,t4482,1,0.10516509428104819,1.0
period1,sc01,t4483,1,0.06383588694065091,1.0
period1,sc01,t4484,1,0.04758967135634868,1.0
period1,sc01,t4485,1,0.014177798396128892,1.0
period1,sc01,t4486,1,0.0034415700078176104,1.0
period1,sc01,t4487,1,0.047569989991906265,1.0
period1,sc01,t4488,1,0.00248499608724963,1.0
period1,sc01,t4489,1,0.00030952514164076997,1.0
period1,sc01,t4490,1,0.00106057651295754,1.0
period1,sc01,t4491,1,0.00138845335711626,1.0
period1,sc01,t4492,1,0.00010909207700037,1.0
period1,sc01,t4493,1,0.0,1.0
period1,sc01,t4494,1,0.0,1.0
period1,sc01,t4495,1,6.241248874993131e-05,1.0
period1,sc01,t4496,1,0.0,1.0
period1,sc01,t4497,1,0.0,1.0
period1,sc01,t4498,1,0.0,1.0
period1,sc01,t4499,1,0.0,1.0
period1,sc01,t4500,1,0.0,1.0
period1,sc01,t4501,1,0.0,1.0
period1,sc01,t4502,1,0.0,1.0
period1,sc01,t4503,1,0.0,1.0
period1,sc01,t4504,1,0.0,1.0
period1,sc01,t4505,1,0.0,1.0
period1,sc01,t4506,1,0.0005799631523895,1.0
period1,sc01,t4507,1,0.0009035996385554101,1.0
period1,sc01,t4508,1,0.0009233996818842001,1.0
period1,sc01,t4509,1,0.0012868413248289601,1.0
period1,sc01,t4510,1,0.01036320472674648,1.0
period1,sc01,t4511,1,0.01057131910377891,1.0
period1,sc01,t4512,1,0.00131433019382736,1.0
period1,sc01,t4513,1,0.040328969779163615,1.0
period1,sc01,t4514,1,0.06963176560016655,1.0
period1,sc01,t4515,1,0.07377844971577788,1.0
period1,sc01,t4516,1,0.06273662247581491,1.0
period1,sc01,t4517,1,0.0733452253643494,1.0
period1,sc01,t4518,1,0.10728226660582287,1.0
period1,sc01,t4519,1,0.13924789598303505,1.0
period1,sc01,t4520,1,0.14747966640645102,1.0
period1,sc01,t4521,1,0.15052259685494537,1.0
period1,sc01,t4522,1,0.14656934485237005,1.0
period1,sc01,t4523,1,0.20954294193615172,1.0
period1,sc01,t4524,1,0.1424927716357608,1.0
period1,sc01,t4525,1,0.087513244086699,1.0
period1,sc01,t4526,1,0.0974716297657982,1.0
period1,sc01,t4527,1,0.12288858220942955,1.0
period1,sc01,t4528,1,0.14922594620289703,1.0
period1,sc01,t4529,1,0.1457543308111372,1.0
period1,sc01,t4530,1,0.09579457375244937,1.0
period1,sc01,t4531,1,0.05602698131804496,1.0
period1,sc01,t4532,1,0.062111670734666974,1.0
period1,sc01,t4533,1,0.04775482826421588,1.0
period1,sc01,t4534,1,0.051029262260408076,1.0
period1,sc01,t4535,1,0.057783038431845596,1.0
period1,sc01,t4536,1,0.06167420792643807,1.0
period1,sc01,t4537,1,0.05140646938544328,1.0
period1,sc01,t4538,1,0.04078668683247768,1.0
period1,sc01,t4539,1,0.03953920556064798,1.0
period1,sc01,t4540,1,0.04061282398924059,1.0
period1,sc01,t4541,1,0.03779085046817511,1.0
period1,sc01,t4542,1,0.01563256237982085,1.0
period1,sc01,t4543,1,0.00036947433951504,1.0
period1,sc01,t4544,1,0.0,1.0
period1,sc01,t4545,1,0.0,1.0
period1,sc01,t4546,1,0.0,1.0
period1,sc01,t4547,1,0.0,1.0
period1,sc01,t4548,1,0.0,1.0
period1,sc01,t4549,1,0.00131615602556823,1.0
period1,sc01,t4550,1,0.029383423041216692,1.0
period1,sc01,t4551,1,0.03869167997366352,1.0
period1,sc01,t4552,1,0.03558043507245291,1.0
period1,sc01,t4553,1,0.03798366931813104,1.0
period1,sc01,t4554,1,0.04217252124675312,1.0
period1,sc01,t4555,1,0.017396973541855258,1.0
period1,sc01,t4556,1,0.00110294892986373,1.0
period1,sc01,t4557,1,0.00030485087481717,1.0
period1,sc01,t4558,1,0.0,1.0
period1,sc01,t4559,1,0.0,1.0
period1,sc01,t4560,1,0.00132701299388127,1.0
period1,sc01,t4561,1,0.033821829239499814,1.0
period1,sc01,t4562,1,0.032122696410207,1.0
period1,sc01,t4563,1,0.01344300983526024,1.0
period1,sc01,t4564,1,0.02291575941200286,1.0
period1,sc01,t4565,1,0.02735563303338534,1.0
period1,sc01,t4566,1,0.00083251660371264,1.0
period1,sc01,t4567,1,0.0,1.0
period1,sc01,t4568,1,0.0,1.0
period1,sc01,t4569,1,0.0,1.0
period1,sc01,t4570,1,0.0,1.0
period1,sc01,t4571,1,0.00045321209871327007,1.0
period1,sc01,t4572,1,0.00101784869093088,1.0
period1,sc01,t4573,1,0.00139984522110315,1.0
period1,sc01,t4574,1,0.0012085284265258502,1.0
period1,sc01,t4575,1,0.0013350015342228601,1.0
period1,sc01,t4576,1,0.02519451186841548,1.0
period1,sc01,t4577,1,0.04094478701560674,1.0
period1,sc01,t4578,1,0.05449237188786441,1.0
period1,sc01,t4579,1,0.05734989369215982,1.0
period1,sc01,t4580,1,0.07391084342809905,1.0
period1,sc01,t4581,1,0.08233548538562757,1.0
period1,sc01,t4582,1,0.08855519874587271,1.0
period1,sc01,t4583,1,0.13100420978327681,1.0
period1,sc01,t4584,1,0.12812270818773086,1.0
period1,sc01,t4585,1,0.11752122821065272,1.0
period1,sc01,t4586,1,0.10089274742406694,1.0
period1,sc01,t4587,1,0.11416227747751169,1.0
period1,sc01,t4588,1,0.12338870402774232,1.0
period1,sc01,t4589,1,0.12701816519887035,1.0
period1,sc01,t4590,1,0.12491168208973946,1.0
period1,sc01,t4591,1,0.07821185083231015,1.0
period1,sc01,t4592,1,0.06362725362804514,1.0
period1,sc01,t4593,1,0.08119778770559187,1.0
period1,sc01,t4594,1,0.1291294183690457,1.0
period1,sc01,t4595,1,0.0772680622717684,1.0
period1,sc01,t4596,1,0.134949322074194,1.0
period1,sc01,t4597,1,0.23325775843538438,1.0
period1,sc01,t4598,1,0.3030530097498092,1.0
period1,sc01,t4599,1,0.30329723325555746,1.0
period1,sc01,t4600,1,0.28180108265797865,1.0
period1,sc01,t4601,1,0.2499173724730375,1.0
period1,sc01,t4602,1,0.13753665617065552,1.0
period1,sc01,t4603,1,0.15097567968429138,1.0
period1,sc01,t4604,1,0.20992875668445393,1.0
period1,sc01,t4605,1,0.2408745183006898,1.0
period1,sc01,t4606,1,0.26917115920603624,1.0
period1,sc01,t4607,1,0.39053257684797554,1.0
period1,sc01,t4608,1,0.428472557197991,1.0
period1,sc01,t4609,1,0.500238437746117,1.0
period1,sc01,t4610,1,0.47948888432631215,1.0
period1,sc01,t4611,1,0.40790655905712914,1.0
period1,sc01,t4612,1,0.389577093772729,1.0
period1,sc01,t4613,1,0.4404169783139519,1.0
period1,sc01,t4614,1,0.44951755242231667,1.0
period1,sc01,t4615,1,0.49174166337311404,1.0
period1,sc01,t4616,1,0.5469325551240216,1.0
period1,sc01,t4617,1,0.635825356639903,1.0
period1,sc01,t4618,1,0.4955082004788969,1.0
period1,sc01,t4619,1,0.4045715455273579,1.0
period1,sc01,t4620,1,0.3828743309541784,1.0
period1,sc01,t4621,1,0.38670020642364894,1.0
period1,sc01,t4622,1,0.40292280309061923,1.0
period1,sc01,t4623,1,0.3628977323973912,1.0
period1,sc01,t4624,1,0.2969772333304076,1.0
period1,sc01,t4625,1,0.2671039818520489,1.0
period1,sc01,t4626,1,0.13904701819969087,1.0
period1,sc01,t4627,1,0.1389703890814002,1.0
period1,sc01,t4628,1,0.14953428164806498,1.0
period1,sc01,t4629,1,0.1598810010815468,1.0
period1,sc01,t4630,1,0.16524293945807889,1.0
period1,sc01,t4631,1,0.230516212424455,1.0
period1,sc01,t4632,1,0.2063089222001697,1.0
period1,sc01,t4633,1,0.1954669576773311,1.0
period1,sc01,t4634,1,0.21593462631238358,1.0
period1,sc01,t4635,1,0.2410145872911658,1.0
period1,sc01,t4636,1,0.30207785266615567,1.0
period1,sc01,t4637,1,0.2367310366069858,1.0
period1,sc01,t4638,1,0.15522996375875864,1.0
period1,sc01,t4639,1,0.17183166317234902,1.0
period1,sc01,t4640,1,0.18506238202940672,1.0
period1,sc01,t4641,1,0.33080416572882837,1.0
period1,sc01,t4642,1,0.41515835753684394,1.0
period1,sc01,t4643,1,0.23446640769362398,1.0
period1,sc01,t4644,1,0.17303096266516368,1.0
period1,sc01,t4645,1,0.12833274392305388,1.0
period1,sc01,t4646,1,0.09393165346422394,1.0
period1,sc01,t4647,1,0.11454923806567938,1.0
period1,sc01,t4648,1,0.09289191276527599,1.0
period1,sc01,t4649,1,0.11418889471030035,1.0
period1,sc01,t4650,1,0.07520827336416297,1.0
period1,sc01,t4651,1,0.06397426989018108,1.0
period1,sc01,t4652,1,0.07747781984421219,1.0
period1,sc01,t4653,1,0.09360582715191842,1.0
period1,sc01,t4654,1,0.1336770842966766,1.0
period1,sc01,t4655,1,0.2114022287398896,1.0
period1,sc01,t4656,1,0.2645068440162722,1.0
period1,sc01,t4657,1,0.24025741760795347,1.0
period1,sc01,t4658,1,0.20482851493272736,1.0
period1,sc01,t4659,1,0.1463084769867543,1.0
period1,sc01,t4660,1,0.1378760250921435,1.0
period1,sc01,t4661,1,0.11449912006635499,1.0
period1,sc01,t4662,1,0.11808250055568738,1.0
period1,sc01,t4663,1,0.07224667603723198,1.0
period1,sc01,t4664,1,0.0571554029989782,1.0
period1,sc01,t4665,1,0.04595452047145899,1.0
period1,sc01,t4666,1,0.031802018688731074,1.0
period1,sc01,t4667,1,0.01576442579353416,1.0
period1,sc01,t4668,1,0.01001287639191609,1.0
period1,sc01,t4669,1,0.00567845737786152,1.0
period1,sc01,t4670,1,0.00099552704173326,1.0
period1,sc01,t4671,1,4.238364551744612e-05,1.0
period1,sc01,t4672,1,0.0,1.0
period1,sc01,t4673,1,0.0,1.0
period1,sc01,t4674,1,0.0,1.0
period1,sc01,t4675,1,0.0,1.0
period1,sc01,t4676,1,5.6209330586567144e-05,1.0
period1,sc01,t4677,1,0.00133438208939973,1.0
period1,sc01,t4678,1,0.03518889203971971,1.0
period1,sc01,t4679,1,0.03833751021679818,1.0
period1,sc01,t4680,1,0.04980123463033449,1.0
period1,sc01,t4681,1,0.05293975825702611,1.0
period1,sc01,t4682,1,0.05078115157109823,1.0
period1,sc01,t4683,1,0.03791243427705018,1.0
period1,sc01,t4684,1,0.04236518562648786,1.0
period1,sc01,t4685,1,0.051205655438106665,1.0
period1,sc01,t4686,1,0.01692069860824344,1.0
period1,sc01,t4687,1,0.00130834019863431,1.0
period1,sc01,t4688,1,0.00101811863722734,1.0
period1,sc01,t4689,1,0.00093509287334109,1.0
period1,sc01,t4690,1,0.00047737413525761996,1.0
period1,sc01,t4691,1,0.0,1.0
period1,sc01,t4692,1,0.0,1.0
period1,sc01,t4693,1,0.0,1.0
period1,sc01,t4694,1,0.0,1.0
period1,sc01,t4695,1,0.0,1.0
period1,sc01,t4696,1,0.0,1.0
period1,sc01,t4697,1,0.0,1.0
period1,sc01,t4698,1,0.0,1.0
period1,sc01,t4699,1,0.0,1.0
period1,sc01,t4700,1,0.0,1.0
period1,sc01,t4701,1,0.020893523582931752,1.0
period1,sc01,t4702,1,0.045478536644369794,1.0
period1,sc01,t4703,1,0.06322148569426365,1.0
period1,sc01,t4704,1,0.017089135932786572,1.0
period1,sc01,t4705,1,0.0012669475760902801,1.0
period1,sc01,t4706,1,7.540879055418716e-05,1.0
period1,sc01,t4707,1,0.0,1.0
period1,sc01,t4708,1,0.0,1.0
period1,sc01,t4709,1,0.0,1.0
period1,sc01,t4710,1,0.0,1.0
period1,sc01,t4711,1,0.0,1.0
period1,sc01,t4712,1,0.0,1.0
period1,sc01,t4713,1,0.0,1.0
period1,sc01,t4714,1,0.0,1.0
period1,sc01,t4715,1,0.0,1.0
period1,sc01,t4716,1,0.05463459887054517,1.0
period1,sc01,t4717,1,0.05061675606890706,1.0
period1,sc01,t4718,1,0.0051280493152176905,1.0
period1,sc01,t4719,1,0.00131129719526016,1.0
period1,sc01,t4720,1,0.00103192840694709,1.0
period1,sc01,t4721,1,0.03991422063544875,1.0
period1,sc01,t4722,1,0.04853736698076378,1.0
period1,sc01,t4723,1,0.00864634302899496,1.0
period1,sc01,t4724,1,0.0673698931188138,1.0
period1,sc01,t4725,1,0.17642290421824372,1.0
period1,sc01,t4726,1,0.1828274797226297,1.0
period1,sc01,t4727,1,0.1958195479327758,1.0
period1,sc01,t4728,1,0.24577979764937444,1.0
period1,sc01,t4729,1,0.3145501295948955,1.0
period1,sc01,t4730,1,0.33993021331308143,1.0
period1,sc01,t4731,1,0.3508247497218019,1.0
period1,sc01,t4732,1,0.33002033436691347,1.0
period1,sc01,t4733,1,0.30793454815993954,1.0
period1,sc01,t4734,1,0.25727837381769203,1.0
period1,sc01,t4735,1,0.21313890864598492,1.0
period1,sc01,t4736,1,0.13516336876484233,1.0
period1,sc01,t4737,1,0.09471384956439603,1.0
period1,sc01,t4738,1,0.07227598416711192,1.0
period1,sc01,t4739,1,0.06265635899262678,1.0
period1,sc01,t4740,1,0.0652480195327371,1.0
period1,sc01,t4741,1,0.06040300682097414,1.0
period1,sc01,t4742,1,0.055824829993105556,1.0
period1,sc01,t4743,1,0.04102568657953659,1.0
period1,sc01,t4744,1,0.0326002030934697,1.0
period1,sc01,t4745,1,0.01907423558057205,1.0
period1,sc01,t4746,1,0.00096664089715902,1.0
period1,sc01,t4747,1,0.000786674627829,1.0
period1,sc01,t4748,1,0.0009169028222501701,1.0
period1,sc01,t4749,1,0.00100832121602127,1.0
period1,sc01,t4750,1,0.014478590920359241,1.0
period1,sc01,t4751,1,0.0410555965002282,1.0
period1,sc01,t4752,1,0.06171206728355019,1.0
period1,sc01,t4753,1,0.08270337631455081,1.0
period1,sc01,t4754,1,0.10152310843486413,1.0
period1,sc01,t4755,1,0.11146100244036256,1.0
period1,sc01,t4756,1,0.12367031255735239,1.0
period1,sc01,t4757,1,0.11724980635311993,1.0
period1,sc01,t4758,1,0.07740704303335386,1.0
period1,sc01,t4759,1,0.03618655154866287,1.0
period1,sc01,t4760,1,0.00110408718164643,1.0
period1,sc01,t4761,1,0.00072762739704135,1.0
period1,sc01,t4762,1,7.764695330231602e-06,1.0
period1,sc01,t4763,1,0.0,1.0
period1,sc01,t4764,1,0.0,1.0
period1,sc01,t4765,1,0.0,1.0
period1,sc01,t4766,1,0.0,1.0
period1,sc01,t4767,1,0.0,1.0
period1,sc01,t4768,1,0.0,1.0
period1,sc01,t4769,1,7.603842945133054e-05,1.0
period1,sc01,t4770,1,0.01027186657665714,1.0
period1,sc01,t4771,1,0.060931221805875596,1.0
period1,sc01,t4772,1,0.020793033194313422,1.0
period1,sc01,t4773,1,0.00135324481767858,1.0
period1,sc01,t4774,1,0.00101626363219788,1.0
period1,sc01,t4775,1,0.019130116716249573,1.0
period1,sc01,t4776,1,0.0236627300953881,1.0
period1,sc01,t4777,1,0.02730675193645293,1.0
period1,sc01,t4778,1,0.0212373328337388,1.0
period1,sc01,t4779,1,0.00116922535646661,1.0
period1,sc01,t4780,1,0.00017723833413372001,1.0
period1,sc01,t4781,1,9.705932060958e-05,1.0
period1,sc01,t4782,1,0.00048224702993517,1.0
period1,sc01,t4783,1,0.0,1.0
period1,sc01,t4784,1,0.0,1.0
period1,sc01,t4785,1,0.0,1.0
period1,sc01,t4786,1,0.0,1.0
period1,sc01,t4787,1,0.0,1.0
period1,sc01,t4788,1,0.0,1.0
period1,sc01,t4789,1,0.0,1.0
period1,sc01,t4790,1,0.0,1.0
period1,sc01,t4791,1,0.0,1.0
period1,sc01,t4792,1,0.0,1.0
period1,sc01,t4793,1,0.0,1.0
period1,sc01,t4794,1,0.0,1.0
period1,sc01,t4795,1,0.0,1.0
period1,sc01,t4796,1,0.00015935108122772999,1.0
period1,sc01,t4797,1,0.00030978112177800003,1.0
period1,sc01,t4798,1,0.00055374577799526,1.0
period1,sc01,t4799,1,0.022946404133457273,1.0
period1,sc01,t4800,1,0.011567171964575431,1.0
period1,sc01,t4801,1,0.00082433503767033,1.0
period1,sc01,t4802,1,0.00041005269392328,1.0
period1,sc01,t4803,1,0.0009014276175080399,1.0
period1,sc01,t4804,1,0.0018817174113105602,1.0
period1,sc01,t4805,1,0.0013336937384085,1.0
period1,sc01,t4806,1,1.532073861510474e-05,1.0
period1,sc01,t4807,1,0.0,1.0
period1,sc01,t4808,1,0.0,1.0
period1,sc01,t4809,1,0.0,1.0
period1,sc01,t4810,1,0.0,1.0
period1,sc01,t4811,1,0.0,1.0
period1,sc01,t4812,1,0.0,1.0
period1,sc01,t4813,1,0.0,1.0
period1,sc01,t4814,1,0.0,1.0
period1,sc01,t4815,1,0.0,1.0
period1,sc01,t4816,1,0.0,1.0
period1,sc01,t4817,1,0.0,1.0
period1,sc01,t4818,1,0.0,1.0
period1,sc01,t4819,1,0.0,1.0
period1,sc01,t4820,1,0.0,1.0
period1,sc01,t4821,1,0.0,1.0
period1,sc01,t4822,1,0.0,1.0
period1,sc01,t4823,1,0.0,1.0
period1,sc01,t4824,1,0.0,1.0
period1,sc01,t4825,1,0.00847690399245753,1.0
period1,sc01,t4826,1,0.11210181034794867,1.0
period1,sc01,t4827,1,0.14884583248987102,1.0
period1,sc01,t4828,1,0.1494215372447028,1.0
period1,sc01,t4829,1,0.13196923498336088,1.0
period1,sc01,t4830,1,0.14836094734981098,1.0
period1,sc01,t4831,1,0.11198007152532873,1.0
period1,sc01,t4832,1,0.11526024733600258,1.0
period1,sc01,t4833,1,0.09863325616132548,1.0
period1,sc01,t4834,1,0.08647309122603886,1.0
period1,sc01,t4835,1,0.03612748611391209,1.0
period1,sc01,t4836,1,0.026923299177719164,1.0
period1,sc01,t4837,1,0.01213763404961745,1.0
period1,sc01,t4838,1,0.00880445188720512,1.0
period1,sc01,t4839,1,0.00608197046547258,1.0
period1,sc01,t4840,1,0.01666506981367881,1.0
period1,sc01,t4841,1,0.038670532295099674,1.0
period1,sc01,t4842,1,0.02268607726349604,1.0
period1,sc01,t4843,1,0.0012575985579442801,1.0
period1,sc01,t4844,1,0.00081649510699176,1.0
period1,sc01,t4845,1,0.01224952087725513,1.0
period1,sc01,t4846,1,0.01110769954229709,1.0
period1,sc01,t4847,1,0.00120584065320054,1.0
period1,sc01,t4848,1,0.0012666897006452101,1.0
period1,sc01,t4849,1,0.00121412599690077,1.0
period1,sc01,t4850,1,0.021936301430698982,1.0
period1,sc01,t4851,1,0.07896559049731026,1.0
period1,sc01,t4852,1,0.11618285220952389,1.0
period1,sc01,t4853,1,0.13994010338691187,1.0
period1,sc01,t4854,1,0.11499090563934909,1.0
period1,sc01,t4855,1,0.062042410534563636,1.0
period1,sc01,t4856,1,0.04324973890257513,1.0
period1,sc01,t4857,1,0.08559832989687939,1.0
period1,sc01,t4858,1,0.12382746370338087,1.0
period1,sc01,t4859,1,0.03615440691638583,1.0
period1,sc01,t4860,1,0.060702776364268976,1.0
period1,sc01,t4861,1,0.07982770768575778,1.0
period1,sc01,t4862,1,0.12089525080433779,1.0
period1,sc01,t4863,1,0.14230486386017427,1.0
period1,sc01,t4864,1,0.19633519401807212,1.0
period1,sc01,t4865,1,0.17764298742253662,1.0
period1,sc01,t4866,1,0.17237568457914057,1.0
period1,sc01,t4867,1,0.27017201801796165,1.0
period1,sc01,t4868,1,0.15432230196436283,1.0
period1,sc01,t4869,1,0.11661923340302105,1.0
period1,sc01,t4870,1,0.08370117019620388,1.0
period1,sc01,t4871,1,0.22034630132229904,1.0
period1,sc01,t4872,1,0.30013140137637506,1.0
period1,sc01,t4873,1,0.23583005192605427,1.0
period1,sc01,t4874,1,0.13942798221725045,1.0
period1,sc01,t4875,1,0.11219978698419969,1.0
period1,sc01,t4876,1,0.1211955907603545,1.0
period1,sc01,t4877,1,0.10443489936705558,1.0
period1,sc01,t4878,1,0.11548979136859465,1.0
period1,sc01,t4879,1,0.1313512808608,1.0
period1,sc01,t4880,1,0.08790457704397929,1.0
period1,sc01,t4881,1,0.047392536796805246,1.0
period1,sc01,t4882,1,0.00477601086678696,1.0
period1,sc01,t4883,1,0.0231418415436372,1.0
period1,sc01,t4884,1,0.012939970923802351,1.0
period1,sc01,t4885,1,0.02013405345588258,1.0
period1,sc01,t4886,1,0.0012718839954354302,1.0
period1,sc01,t4887,1,0.024965893322367032,1.0
period1,sc01,t4888,1,0.09484389808233103,1.0
period1,sc01,t4889,1,0.05550636182772807,1.0
period1,sc01,t4890,1,0.028438980210869942,1.0
period1,sc01,t4891,1,0.05740879860835263,1.0
period1,sc01,t4892,1,0.10334479373696548,1.0
period1,sc01,t4893,1,0.084538198080928,1.0
period1,sc01,t4894,1,0.0932609206728224,1.0
period1,sc01,t4895,1,0.07933417427097422,1.0
period1,sc01,t4896,1,0.06421928215783967,1.0
period1,sc01,t4897,1,0.08490491325631269,1.0
period1,sc01,t4898,1,0.07052776453971252,1.0
period1,sc01,t4899,1,0.08538634780739118,1.0
period1,sc01,t4900,1,0.08444472896169217,1.0
period1,sc01,t4901,1,0.07645655447184123,1.0
period1,sc01,t4902,1,0.04002774398091207,1.0
period1,sc01,t4903,1,0.00116225566232148,1.0
period1,sc01,t4904,1,0.00041776145507556,1.0
period1,sc01,t4905,1,0.0,1.0
period1,sc01,t4906,1,0.0,1.0
period1,sc01,t4907,1,0.00035265236495346004,1.0
period1,sc01,t4908,1,0.0,1.0
period1,sc01,t4909,1,0.00015676100395695,1.0
period1,sc01,t4910,1,0.0009136544478371101,1.0
period1,sc01,t4911,1,0.00093088441720503,1.0
period1,sc01,t4912,1,0.0010051002576506702,1.0
period1,sc01,t4913,1,0.00077670082981008,1.0
period1,sc01,t4914,1,0.00136553781378897,1.0
period1,sc01,t4915,1,0.024259679832414418,1.0
period1,sc01,t4916,1,0.0426056883815313,1.0
period1,sc01,t4917,1,0.042599806807006986,1.0
period1,sc01,t4918,1,0.04887748761916653,1.0
period1,sc01,t4919,1,0.13684626861610086,1.0
period1,sc01,t4920,1,0.16803300433343427,1.0
period1,sc01,t4921,1,0.11957734817117317,1.0
period1,sc01,t4922,1,0.06564277340907003,1.0
period1,sc01,t4923,1,0.05203299923240094,1.0
period1,sc01,t4924,1,0.09673500319669333,1.0
period1,sc01,t4925,1,0.06718395448446805,1.0
period1,sc01,t4926,1,0.02663013597227991,1.0
period1,sc01,t4927,1,0.00483585764164839,1.0
period1,sc01,t4928,1,0.01273435537359699,1.0
period1,sc01,t4929,1,0.013204901255544991,1.0
period1,sc01,t4930,1,0.0333689003264025,1.0
period1,sc01,t4931,1,0.056692887773871964,1.0
period1,sc01,t4932,1,0.07565360596037955,1.0
period1,sc01,t4933,1,0.10030978595813059,1.0
period1,sc01,t4934,1,0.10795350841213616,1.0
period1,sc01,t4935,1,0.1221250343409395,1.0
period1,sc01,t4936,1,0.10988042096253015,1.0
period1,sc01,t4937,1,0.10857779045008957,1.0
period1,sc01,t4938,1,0.11912243143218525,1.0
period1,sc01,t4939,1,0.1377319606180427,1.0
period1,sc01,t4940,1,0.1607044107425021,1.0
period1,sc01,t4941,1,0.1531316036414303,1.0
period1,sc01,t4942,1,0.18090662193409124,1.0
period1,sc01,t4943,1,0.1767593786024914,1.0
period1,sc01,t4944,1,0.23064263587834632,1.0
period1,sc01,t4945,1,0.23315714666599519,1.0
period1,sc01,t4946,1,0.2772336655101995,1.0
period1,sc01,t4947,1,0.26866431219190984,1.0
period1,sc01,t4948,1,0.2728533832990502,1.0
period1,sc01,t4949,1,0.3260956003405804,1.0
period1,sc01,t4950,1,0.3505267211762481,1.0
period1,sc01,t4951,1,0.44450313846972644,1.0
period1,sc01,t4952,1,0.40091501944485486,1.0
period1,sc01,t4953,1,0.39437993015653955,1.0
period1,sc01,t4954,1,0.35862724358649795,1.0
period1,sc01,t4955,1,0.3530217655523772,1.0
period1,sc01,t4956,1,0.3563485534228744,1.0
period1,sc01,t4957,1,0.3560896587570625,1.0
period1,sc01,t4958,1,0.36649177088507257,1.0
period1,sc01,t4959,1,0.34232161334821104,1.0
period1,sc01,t4960,1,0.33523254486856485,1.0
period1,sc01,t4961,1,0.3000657759318735,1.0
period1,sc01,t4962,1,0.2562787082069949,1.0
period1,sc01,t4963,1,0.21774281253841918,1.0
period1,sc01,t4964,1,0.19561166159847462,1.0
period1,sc01,t4965,1,0.18285767065654165,1.0
period1,sc01,t4966,1,0.1945092545364663,1.0
period1,sc01,t4967,1,0.20288812713142598,1.0
period1,sc01,t4968,1,0.1882095746059412,1.0
period1,sc01,t4969,1,0.17192786252335227,1.0
period1,sc01,t4970,1,0.15294629735152382,1.0
period1,sc01,t4971,1,0.15317133920106804,1.0
period1,sc01,t4972,1,0.13870819071890622,1.0
period1,sc01,t4973,1,0.12738371508939472,1.0
period1,sc01,t4974,1,0.1269809205557166,1.0
period1,sc01,t4975,1,0.15044995171643114,1.0
period1,sc01,t4976,1,0.1657310549170366,1.0
period1,sc01,t4977,1,0.1527044132370313,1.0
period1,sc01,t4978,1,0.1521822893323366,1.0
period1,sc01,t4979,1,0.1545913692241648,1.0
period1,sc01,t4980,1,0.15127450592969754,1.0
period1,sc01,t4981,1,0.1704194489847108,1.0
period1,sc01,t4982,1,0.18802742866938874,1.0
period1,sc01,t4983,1,0.18624396287054593,1.0
period1,sc01,t4984,1,0.16292268165832163,1.0
period1,sc01,t4985,1,0.15284112599737926,1.0
period1,sc01,t4986,1,0.1339723627091594,1.0
period1,sc01,t4987,1,0.09617852332131373,1.0
period1,sc01,t4988,1,0.09584509946371146,1.0
period1,sc01,t4989,1,0.11638820926332503,1.0
period1,sc01,t4990,1,0.12835576097800083,1.0
period1,sc01,t4991,1,0.1282045147244323,1.0
period1,sc01,t4992,1,0.1297808178532734,1.0
period1,sc01,t4993,1,0.11688391043793638,1.0
period1,sc01,t4994,1,0.1120309908462828,1.0
period1,sc01,t4995,1,0.12265062506983664,1.0
period1,sc01,t4996,1,0.13493629842830407,1.0
period1,sc01,t4997,1,0.11700026320549546,1.0
period1,sc01,t4998,1,0.07665922871813827,1.0
period1,sc01,t4999,1,0.07900199418553101,1.0
period1,sc01,t5000,1,0.056454267395382125,1.0
period1,sc01,t5001,1,0.03690543100185216,1.0
period1,sc01,t5002,1,0.02271859864193772,1.0
period1,sc01,t5003,1,0.02273908250070198,1.0
period1,sc01,t5004,1,0.04782958960625424,1.0
period1,sc01,t5005,1,0.05758109534799648,1.0
period1,sc01,t5006,1,0.07020806534785584,1.0
period1,sc01,t5007,1,0.08467981419564981,1.0
period1,sc01,t5008,1,0.10274836695495544,1.0
period1,sc01,t5009,1,0.12573168018979167,1.0
period1,sc01,t5010,1,0.1885306348368467,1.0
period1,sc01,t5011,1,0.27365981554617785,1.0
period1,sc01,t5012,1,0.3212753981410188,1.0
period1,sc01,t5013,1,0.3190538543441985,1.0
period1,sc01,t5014,1,0.30707062879529945,1.0
period1,sc01,t5015,1,0.3065004332375832,1.0
period1,sc01,t5016,1,0.23735260605370942,1.0
period1,sc01,t5017,1,0.22713538214699855,1.0
period1,sc01,t5018,1,0.2703953154623618,1.0
period1,sc01,t5019,1,0.35421832483422466,1.0
period1,sc01,t5020,1,0.4053529768265494,1.0
period1,sc01,t5021,1,0.32134648933303156,1.0
period1,sc01,t5022,1,0.1732804038600066,1.0
period1,sc01,t5023,1,0.14673754444505696,1.0
period1,sc01,t5024,1,0.11208127056479622,1.0
period1,sc01,t5025,1,0.0871623717826212,1.0
period1,sc01,t5026,1,0.10867074066791783,1.0
period1,sc01,t5027,1,0.17227487082465126,1.0
period1,sc01,t5028,1,0.13032163439076283,1.0
period1,sc01,t5029,1,0.12193748672145371,1.0
period1,sc01,t5030,1,0.08895807101697381,1.0
period1,sc01,t5031,1,0.11081731599974574,1.0
period1,sc01,t5032,1,0.14674417911930537,1.0
period1,sc01,t5033,1,0.23717728358925091,1.0
period1,sc01,t5034,1,0.32632428817239195,1.0
period1,sc01,t5035,1,0.19064574914223287,1.0
period1,sc01,t5036,1,0.10709659161486577,1.0
period1,sc01,t5037,1,0.06590065580346033,1.0
period1,sc01,t5038,1,0.0492317539472736,1.0
period1,sc01,t5039,1,0.07276197451197906,1.0
period1,sc01,t5040,1,0.15134912045647012,1.0
period1,sc01,t5041,1,0.16508341764637596,1.0
period1,sc01,t5042,1,0.13083621416240357,1.0
period1,sc01,t5043,1,0.10231944994706806,1.0
period1,sc01,t5044,1,0.10829307997010862,1.0
period1,sc01,t5045,1,0.14478443027491644,1.0
period1,sc01,t5046,1,0.20110210159800032,1.0
period1,sc01,t5047,1,0.23050474094706544,1.0
period1,sc01,t5048,1,0.2162041391738313,1.0
period1,sc01,t5049,1,0.2651951336084202,1.0
period1,sc01,t5050,1,0.28647605511177454,1.0
period1,sc01,t5051,1,0.1537561147250775,1.0
period1,sc01,t5052,1,0.17890738582930218,1.0
period1,sc01,t5053,1,0.1868724323958834,1.0
period1,sc01,t5054,1,0.16837865807274838,1.0
period1,sc01,t5055,1,0.13848995565055566,1.0
period1,sc01,t5056,1,0.14852476591246117,1.0
period1,sc01,t5057,1,0.09216443069734545,1.0
period1,sc01,t5058,1,0.0707863207017061,1.0
period1,sc01,t5059,1,0.058303865288301296,1.0
period1,sc01,t5060,1,0.06293226893875731,1.0
period1,sc01,t5061,1,0.07711668384706018,1.0
period1,sc01,t5062,1,0.08537143949803809,1.0
period1,sc01,t5063,1,0.0985374022918384,1.0
period1,sc01,t5064,1,0.1155782335072447,1.0
period1,sc01,t5065,1,0.10780037414434143,1.0
period1,sc01,t5066,1,0.09867425858311528,1.0
period1,sc01,t5067,1,0.10222382306594098,1.0
period1,sc01,t5068,1,0.1000515234183013,1.0
period1,sc01,t5069,1,0.09397442330494345,1.0
period1,sc01,t5070,1,0.06168243782286477,1.0
period1,sc01,t5071,1,0.03644554436130276,1.0
period1,sc01,t5072,1,0.03258097124892408,1.0
period1,sc01,t5073,1,0.030430274597962468,1.0
period1,sc01,t5074,1,0.012183268384067131,1.0
period1,sc01,t5075,1,0.0013455011759139,1.0
period1,sc01,t5076,1,0.0006545979860715001,1.0
period1,sc01,t5077,1,0.00010306013957855999,1.0
period1,sc01,t5078,1,0.0,1.0
period1,sc01,t5079,1,0.00038028315314196003,1.0
period1,sc01,t5080,1,0.00049025201125455,1.0
period1,sc01,t5081,1,0.0,1.0
period1,sc01,t5082,1,0.0,1.0
period1,sc01,t5083,1,0.0,1.0
period1,sc01,t5084,1,3.354232833080059e-05,1.0
period1,sc01,t5085,1,0.00010675409229531,1.0
period1,sc01,t5086,1,2.156440073834453e-05,1.0
period1,sc01,t5087,1,0.00029783822632164,1.0
period1,sc01,t5088,1,6.19806516282305e-05,1.0
period1,sc01,t5089,1,0.00041785734306627,1.0
period1,sc01,t5090,1,0.00034671101407263003,1.0
period1,sc01,t5091,1,0.0006143320247759999,1.0
period1,sc01,t5092,1,0.01927127563912926,1.0
period1,sc01,t5093,1,0.03703179602010528,1.0
period1,sc01,t5094,1,0.013535794759616011,1.0
period1,sc01,t5095,1,0.0,1.0
period1,sc01,t5096,1,0.0,1.0
period1,sc01,t5097,1,0.0,1.0
period1,sc01,t5098,1,0.0,1.0
period1,sc01,t5099,1,0.0,1.0
period1,sc01,t5100,1,0.0,1.0
period1,sc01,t5101,1,0.00027562286592486,1.0
period1,sc01,t5102,1,0.00075882084408432,1.0
period1,sc01,t5103,1,0.00727471942268508,1.0
period1,sc01,t5104,1,0.10414048343037947,1.0
period1,sc01,t5105,1,0.03407997748951665,1.0
period1,sc01,t5106,1,0.00050351473214748,1.0
period1,sc01,t5107,1,0.00029104733877786,1.0
period1,sc01,t5108,1,0.00801184344225426,1.0
period1,sc01,t5109,1,0.008221790548603352,1.0
period1,sc01,t5110,1,0.00136784714847696,1.0
period1,sc01,t5111,1,0.00097499617504119,1.0
period1,sc01,t5112,1,0.0007157209376406601,1.0
period1,sc01,t5113,1,0.0,1.0
period1,sc01,t5114,1,0.0,1.0
period1,sc01,t5115,1,0.0,1.0
period1,sc01,t5116,1,0.0,1.0
period1,sc01,t5117,1,0.0,1.0
period1,sc01,t5118,1,0.0,1.0
period1,sc01,t5119,1,0.0,1.0
period1,sc01,t5120,1,0.0,1.0
period1,sc01,t5121,1,0.0,1.0
period1,sc01,t5122,1,0.0,1.0
period1,sc01,t5123,1,0.02945792632735332,1.0
period1,sc01,t5124,1,0.03477401308167201,1.0
period1,sc01,t5125,1,0.02260951614275868,1.0
period1,sc01,t5126,1,0.0,1.0
period1,sc01,t5127,1,0.0,1.0
period1,sc01,t5128,1,0.0,1.0
period1,sc01,t5129,1,0.0,1.0
period1,sc01,t5130,1,0.00056098254710376,1.0
period1,sc01,t5131,1,3.046710707091753e-05,1.0
period1,sc01,t5132,1,0.00572590193487327,1.0
period1,sc01,t5133,1,0.03684447577196829,1.0
period1,sc01,t5134,1,0.04463146545453459,1.0
period1,sc01,t5135,1,0.11313941702549085,1.0
period1,sc01,t5136,1,0.15594382284264854,1.0
period1,sc01,t5137,1,0.14032045640863935,1.0
period1,sc01,t5138,1,0.12499671163572458,1.0
period1,sc01,t5139,1,0.13001632652378117,1.0
period1,sc01,t5140,1,0.14323251233631726,1.0
period1,sc01,t5141,1,0.13987043797010185,1.0
period1,sc01,t5142,1,0.25826651836931686,1.0
period1,sc01,t5143,1,0.28520499684208683,1.0
period1,sc01,t5144,1,0.2315390243200002,1.0
period1,sc01,t5145,1,0.1333665243308753,1.0
period1,sc01,t5146,1,0.11238598510474654,1.0
period1,sc01,t5147,1,0.06402786936438284,1.0
period1,sc01,t5148,1,0.0833628976196777,1.0
period1,sc01,t5149,1,0.21840983855893414,1.0
period1,sc01,t5150,1,0.23445235339029766,1.0
period1,sc01,t5151,1,0.1222196404893068,1.0
period1,sc01,t5152,1,0.08947994451512302,1.0
period1,sc01,t5153,1,0.1950202778292064,1.0
period1,sc01,t5154,1,0.2072229804874198,1.0
period1,sc01,t5155,1,0.2612260537259059,1.0
period1,sc01,t5156,1,0.2683555716255883,1.0
period1,sc01,t5157,1,0.2438794775742048,1.0
period1,sc01,t5158,1,0.20613293085095666,1.0
period1,sc01,t5159,1,0.08029589703741172,1.0
period1,sc01,t5160,1,0.057751813822579295,1.0
period1,sc01,t5161,1,0.01983923105026338,1.0
period1,sc01,t5162,1,0.0020599022621124903,1.0
period1,sc01,t5163,1,0.02258511572186829,1.0
period1,sc01,t5164,1,0.03362572903972141,1.0
period1,sc01,t5165,1,0.044444659225562906,1.0
period1,sc01,t5166,1,0.04691543704812621,1.0
period1,sc01,t5167,1,0.05343212857932162,1.0
period1,sc01,t5168,1,0.09104365356735124,1.0
period1,sc01,t5169,1,0.11997356265034703,1.0
period1,sc01,t5170,1,0.16331497974949571,1.0
period1,sc01,t5171,1,0.3148517822206357,1.0
period1,sc01,t5172,1,0.3033403161384694,1.0
period1,sc01,t5173,1,0.21858499239156318,1.0
period1,sc01,t5174,1,0.23034261820761054,1.0
period1,sc01,t5175,1,0.3239383473384038,1.0
period1,sc01,t5176,1,0.2811011309647008,1.0
period1,sc01,t5177,1,0.19839801784245004,1.0
period1,sc01,t5178,1,0.2397058657748218,1.0
period1,sc01,t5179,1,0.4321590380586868,1.0
period1,sc01,t5180,1,0.6480490222691992,1.0
period1,sc01,t5181,1,0.8123259484363873,1.0
period1,sc01,t5182,1,0.8987288844124437,1.0
period1,sc01,t5183,1,0.9,1.0
period1,sc01,t5184,1,0.8997687229141897,1.0
period1,sc01,t5185,1,0.8396804480763614,1.0
period1,sc01,t5186,1,0.8142103822965882,1.0
period1,sc01,t5187,1,0.7033990450545374,1.0
period1,sc01,t5188,1,0.6884972060535136,1.0
period1,sc01,t5189,1,0.7240769881510994,1.0
period1,sc01,t5190,1,0.8041559091955284,1.0
period1,sc01,t5191,1,0.7444023690567997,1.0
period1,sc01,t5192,1,0.837920388903489,1.0
period1,sc01,t5193,1,0.8761478123595723,1.0
period1,sc01,t5194,1,0.89157641922855,1.0
period1,sc01,t5195,1,0.8848840921631377,1.0
period1,sc01,t5196,1,0.8817737177106066,1.0
period1,sc01,t5197,1,0.9,1.0
period1,sc01,t5198,1,0.9,1.0
period1,sc01,t5199,1,0.9,1.0
period1,sc01,t5200,1,0.8993452781705957,1.0
period1,sc01,t5201,1,0.8989203927116395,1.0
period1,sc01,t5202,1,0.9,1.0
period1,sc01,t5203,1,0.9,1.0
period1,sc01,t5204,1,0.8991938044302402,1.0
period1,sc01,t5205,1,0.8972310192276067,1.0
period1,sc01,t5206,1,0.8887008496769261,1.0
period1,sc01,t5207,1,0.8915030547287798,1.0
period1,sc01,t5208,1,0.8790885547938903,1.0
period1,sc01,t5209,1,0.8841795068625297,1.0
period1,sc01,t5210,1,0.8729735411537316,1.0
period1,sc01,t5211,1,0.8868420483000637,1.0
period1,sc01,t5212,1,0.8958442412678667,1.0
period1,sc01,t5213,1,0.8975686462012498,1.0
period1,sc01,t5214,1,0.8993432089143745,1.0
period1,sc01,t5215,1,0.9,1.0
period1,sc01,t5216,1,0.9,1.0
period1,sc01,t5217,1,0.8998832367760767,1.0
period1,sc01,t5218,1,0.8993690486774701,1.0
period1,sc01,t5219,1,0.8780330106545688,1.0
period1,sc01,t5220,1,0.8955314552741919,1.0
period1,sc01,t5221,1,0.8817653367655459,1.0
period1,sc01,t5222,1,0.8829312383319012,1.0
period1,sc01,t5223,1,0.8984567519313331,1.0
period1,sc01,t5224,1,0.9,1.0
period1,sc01,t5225,1,0.9,1.0
period1,sc01,t5226,1,0.9,1.0
period1,sc01,t5227,1,0.8970610884067747,1.0
period1,sc01,t5228,1,0.8818275189367861,1.0
period1,sc01,t5229,1,0.8717053152937788,1.0
period1,sc01,t5230,1,0.867259347108465,1.0
period1,sc01,t5231,1,0.7547202396288067,1.0
period1,sc01,t5232,1,0.7467181933259346,1.0
period1,sc01,t5233,1,0.7258067418684261,1.0
period1,sc01,t5234,1,0.6310158354181326,1.0
period1,sc01,t5235,1,0.5798611579132169,1.0
period1,sc01,t5236,1,0.49907638434019524,1.0
period1,sc01,t5237,1,0.40694929654353795,1.0
period1,sc01,t5238,1,0.3331897690817034,1.0
period1,sc01,t5239,1,0.2453365543872876,1.0
period1,sc01,t5240,1,0.17828524980780652,1.0
period1,sc01,t5241,1,0.15156151988975292,1.0
period1,sc01,t5242,1,0.20092262546959272,1.0
period1,sc01,t5243,1,0.17454733571982753,1.0
period1,sc01,t5244,1,0.2620084482258417,1.0
period1,sc01,t5245,1,0.21607712334417584,1.0
period1,sc01,t5246,1,0.2212377375691719,1.0
period1,sc01,t5247,1,0.17716932266744484,1.0
period1,sc01,t5248,1,0.1675683249609616,1.0
period1,sc01,t5249,1,0.18613297537236748,1.0
period1,sc01,t5250,1,0.20941546053984292,1.0
period1,sc01,t5251,1,0.21290818255256322,1.0
period1,sc01,t5252,1,0.28773422108040936,1.0
period1,sc01,t5253,1,0.32469873628799384,1.0
period1,sc01,t5254,1,0.2839357037082716,1.0
period1,sc01,t5255,1,0.2533935559528481,1.0
period1,sc01,t5256,1,0.21288887115426927,1.0
period1,sc01,t5257,1,0.20337971063028257,1.0
period1,sc01,t5258,1,0.22377766228888582,1.0
period1,sc01,t5259,1,0.1504659757954806,1.0
period1,sc01,t5260,1,0.1301841583314199,1.0
period1,sc01,t5261,1,0.14076048109695335,1.0
period1,sc01,t5262,1,0.10046672891714124,1.0
period1,sc01,t5263,1,0.09559356841819314,1.0
period1,sc01,t5264,1,0.111139752762918,1.0
period1,sc01,t5265,1,0.12697287195442833,1.0
period1,sc01,t5266,1,0.19050708717644807,1.0
period1,sc01,t5267,1,0.1953528261834168,1.0
period1,sc01,t5268,1,0.17298929307533698,1.0
period1,sc01,t5269,1,0.21365701943506704,1.0
period1,sc01,t5270,1,0.2510394447884565,1.0
period1,sc01,t5271,1,0.2159611611535171,1.0
period1,sc01,t5272,1,0.16129505975965588,1.0
period1,sc01,t5273,1,0.11266621870695859,1.0
period1,sc01,t5274,1,0.0955282977883459,1.0
period1,sc01,t5275,1,0.1180249195818745,1.0
period1,sc01,t5276,1,0.14738698085277113,1.0
period1,sc01,t5277,1,0.15733712216797074,1.0
period1,sc01,t5278,1,0.1447577888082181,1.0
period1,sc01,t5279,1,0.10245640563503298,1.0
period1,sc01,t5280,1,0.12807735514930557,1.0
period1,sc01,t5281,1,0.14930060704344245,1.0
period1,sc01,t5282,1,0.1499198270735746,1.0
period1,sc01,t5283,1,0.1472009900560352,1.0
period1,sc01,t5284,1,0.1471108991560488,1.0
period1,sc01,t5285,1,0.1421358047081577,1.0
period1,sc01,t5286,1,0.1275380513771955,1.0
period1,sc01,t5287,1,0.16893274041423892,1.0
period1,sc01,t5288,1,0.153716868929926,1.0
period1,sc01,t5289,1,0.11678926790162161,1.0
period1,sc01,t5290,1,0.13345964205009572,1.0
period1,sc01,t5291,1,0.18259975705694284,1.0
period1,sc01,t5292,1,0.16827019323241096,1.0
period1,sc01,t5293,1,0.1793054062232013,1.0
period1,sc01,t5294,1,0.13149683969170728,1.0
period1,sc01,t5295,1,0.12928718833411806,1.0
period1,sc01,t5296,1,0.15109021567790992,1.0
period1,sc01,t5297,1,0.2163031918051196,1.0
period1,sc01,t5298,1,0.23497168524557077,1.0
period1,sc01,t5299,1,0.2718809270938386,1.0
period1,sc01,t5300,1,0.3704930009771154,1.0
period1,sc01,t5301,1,0.44727962993917336,1.0
period1,sc01,t5302,1,0.3818627475041856,1.0
period1,sc01,t5303,1,0.21292426418485247,1.0
period1,sc01,t5304,1,0.18188382332393407,1.0
period1,sc01,t5305,1,0.19299738506844735,1.0
period1,sc01,t5306,1,0.20222721447569184,1.0
period1,sc01,t5307,1,0.22973834320008182,1.0
period1,sc01,t5308,1,0.29434248888348663,1.0
period1,sc01,t5309,1,0.31689070646797696,1.0
period1,sc01,t5310,1,0.3278026240540471,1.0
period1,sc01,t5311,1,0.32079172028357844,1.0
period1,sc01,t5312,1,0.4849213730240821,1.0
period1,sc01,t5313,1,0.5929907601932449,1.0
period1,sc01,t5314,1,0.6697021778206059,1.0
period1,sc01,t5315,1,0.6137013270196927,1.0
period1,sc01,t5316,1,0.6870085176696038,1.0
period1,sc01,t5317,1,0.8193543050477806,1.0
period1,sc01,t5318,1,0.8581615299718784,1.0
period1,sc01,t5319,1,0.8577462684987511,1.0
period1,sc01,t5320,1,0.7952467140368196,1.0
period1,sc01,t5321,1,0.6976432427847058,1.0
period1,sc01,t5322,1,0.6004754560044789,1.0
period1,sc01,t5323,1,0.542113147703721,1.0
period1,sc01,t5324,1,0.4327225466306772,1.0
period1,sc01,t5325,1,0.32677758371198284,1.0
period1,sc01,t5326,1,0.32573285600169505,1.0
period1,sc01,t5327,1,0.32726387834488324,1.0
period1,sc01,t5328,1,0.26532226600716124,1.0
period1,sc01,t5329,1,0.20354908965359822,1.0
period1,sc01,t5330,1,0.17861125411348433,1.0
period1,sc01,t5331,1,0.214922953907578,1.0
period1,sc01,t5332,1,0.19632330021793626,1.0
period1,sc01,t5333,1,0.18949679223121063,1.0
period1,sc01,t5334,1,0.2698641618319807,1.0
period1,sc01,t5335,1,0.25325829516680515,1.0
period1,sc01,t5336,1,0.174510745050456,1.0
period1,sc01,t5337,1,0.14981898046949182,1.0
period1,sc01,t5338,1,0.14855387885175095,1.0
period1,sc01,t5339,1,0.14770461884620673,1.0
period1,sc01,t5340,1,0.1418648031396801,1.0
period1,sc01,t5341,1,0.12920505098351842,1.0
period1,sc01,t5342,1,0.15209030995345008,1.0
period1,sc01,t5343,1,0.15318532648679994,1.0
period1,sc01,t5344,1,0.18202609385126342,1.0
period1,sc01,t5345,1,0.2434032247924867,1.0
period1,sc01,t5346,1,0.17010779591434924,1.0
period1,sc01,t5347,1,0.20973665108446093,1.0
period1,sc01,t5348,1,0.23445296218330572,1.0
period1,sc01,t5349,1,0.2575600894251677,1.0
period1,sc01,t5350,1,0.2780148667007127,1.0
period1,sc01,t5351,1,0.2467376958469959,1.0
period1,sc01,t5352,1,0.2610205529442106,1.0
period1,sc01,t5353,1,0.2290327248021263,1.0
period1,sc01,t5354,1,0.21867854313852872,1.0
period1,sc01,t5355,1,0.21015865337927894,1.0
period1,sc01,t5356,1,0.19372157950126015,1.0
period1,sc01,t5357,1,0.16675871612685697,1.0
period1,sc01,t5358,1,0.13878476436348144,1.0
period1,sc01,t5359,1,0.13858132728986405,1.0
period1,sc01,t5360,1,0.11273427805144788,1.0
period1,sc01,t5361,1,0.07363966575293514,1.0
period1,sc01,t5362,1,0.06572471840087842,1.0
period1,sc01,t5363,1,0.062488078101897486,1.0
period1,sc01,t5364,1,0.09190958622673256,1.0
period1,sc01,t5365,1,0.06659485105587831,1.0
period1,sc01,t5366,1,0.03866154038382015,1.0
period1,sc01,t5367,1,0.040807801535393616,1.0
period1,sc01,t5368,1,0.04130078808237498,1.0
period1,sc01,t5369,1,0.02196847418868324,1.0
period1,sc01,t5370,1,0.0013323180266353802,1.0
period1,sc01,t5371,1,0.00090450799427709,1.0
period1,sc01,t5372,1,0.0010744916211193499,1.0
period1,sc01,t5373,1,0.00121745973745575,1.0
period1,sc01,t5374,1,0.0008165686210628401,1.0
period1,sc01,t5375,1,0.00880231502849373,1.0
period1,sc01,t5376,1,0.00582938127878445,1.0
period1,sc01,t5377,1,0.00015475097799846002,1.0
period1,sc01,t5378,1,0.00111007566238437,1.0
period1,sc01,t5379,1,0.029366202097860932,1.0
period1,sc01,t5380,1,0.0032621942909205,1.0
period1,sc01,t5381,1,0.00079042239676044,1.0
period1,sc01,t5382,1,0.00650896570952262,1.0
period1,sc01,t5383,1,0.00089853368339628,1.0
period1,sc01,t5384,1,3.709148276543698e-05,1.0
period1,sc01,t5385,1,0.0,1.0
period1,sc01,t5386,1,0.0,1.0
period1,sc01,t5387,1,0.0,1.0
period1,sc01,t5388,1,0.0,1.0
period1,sc01,t5389,1,0.0,1.0
period1,sc01,t5390,1,0.0,1.0
period1,sc01,t5391,1,0.0,1.0
period1,sc01,t5392,1,0.0,1.0
period1,sc01,t5393,1,0.0,1.0
period1,sc01,t5394,1,0.0,1.0
period1,sc01,t5395,1,0.0,1.0
period1,sc01,t5396,1,0.0,1.0
period1,sc01,t5397,1,0.0,1.0
period1,sc01,t5398,1,0.00012576053084706,1.0
period1,sc01,t5399,1,0.0042999714275802296,1.0
period1,sc01,t5400,1,0.03320737474611627,1.0
period1,sc01,t5401,1,0.05831257356686845,1.0
period1,sc01,t5402,1,0.07563797343838485,1.0
period1,sc01,t5403,1,0.10209731713085098,1.0
period1,sc01,t5404,1,0.10756325905792281,1.0
period1,sc01,t5405,1,0.1271592936501776,1.0
period1,sc01,t5406,1,0.14347810995925817,1.0
period1,sc01,t5407,1,0.14166140150596393,1.0
period1,sc01,t5408,1,0.09742340077122601,1.0
period1,sc01,t5409,1,0.06777242429239558,1.0
period1,sc01,t5410,1,0.07121249960558508,1.0
period1,sc01,t5411,1,0.0800616627971317,1.0
period1,sc01,t5412,1,0.11813851815715674,1.0
period1,sc01,t5413,1,0.11643992075470744,1.0
period1,sc01,t5414,1,0.09488535409219474,1.0
period1,sc01,t5415,1,0.08347578704486541,1.0
period1,sc01,t5416,1,0.1112814084948994,1.0
period1,sc01,t5417,1,0.09833460576010425,1.0
period1,sc01,t5418,1,0.08302626356786406,1.0
period1,sc01,t5419,1,0.0801992756207736,1.0
period1,sc01,t5420,1,0.22486588711766398,1.0
period1,sc01,t5421,1,0.3363772046861914,1.0
period1,sc01,t5422,1,0.33379876687375276,1.0
period1,sc01,t5423,1,0.3920585517389283,1.0
period1,sc01,t5424,1,0.39751830943603167,1.0
period1,sc01,t5425,1,0.2909190090861342,1.0
period1,sc01,t5426,1,0.2566815472581427,1.0
period1,sc01,t5427,1,0.11890164101990203,1.0
period1,sc01,t5428,1,0.058129492548952534,1.0
period1,sc01,t5429,1,0.01235371840335648,1.0
period1,sc01,t5430,1,0.04018512012475104,1.0
period1,sc01,t5431,1,0.06968049832219698,1.0
period1,sc01,t5432,1,0.02277496105280136,1.0
period1,sc01,t5433,1,0.02171558588780862,1.0
period1,sc01,t5434,1,0.06448259274999948,1.0
period1,sc01,t5435,1,0.10837950536926584,1.0
period1,sc01,t5436,1,0.11646112846318336,1.0
period1,sc01,t5437,1,0.2627521824766021,1.0
period1,sc01,t5438,1,0.3489604083400428,1.0
period1,sc01,t5439,1,0.2916851207881452,1.0
period1,sc01,t5440,1,0.2594412634819133,1.0
period1,sc01,t5441,1,0.35707448203650405,1.0
period1,sc01,t5442,1,0.36570573811492346,1.0
period1,sc01,t5443,1,0.4960802099031479,1.0
period1,sc01,t5444,1,0.593803152338029,1.0
period1,sc01,t5445,1,0.5081337337806379,1.0
period1,sc01,t5446,1,0.47047016329974967,1.0
period1,sc01,t5447,1,0.3784054530822377,1.0
period1,sc01,t5448,1,0.30760138314554625,1.0
period1,sc01,t5449,1,0.2339141000312422,1.0
period1,sc01,t5450,1,0.2711690767737658,1.0
period1,sc01,t5451,1,0.3114525321692779,1.0
period1,sc01,t5452,1,0.33806245353930864,1.0
period1,sc01,t5453,1,0.2988118112354677,1.0
period1,sc01,t5454,1,0.25053118213417813,1.0
period1,sc01,t5455,1,0.13784752060632846,1.0
period1,sc01,t5456,1,0.06513863022513423,1.0
period1,sc01,t5457,1,0.03399668430637437,1.0
period1,sc01,t5458,1,0.02560548358666764,1.0
period1,sc01,t5459,1,0.00091490672313423,1.0
period1,sc01,t5460,1,0.0357575510478096,1.0
period1,sc01,t5461,1,0.09266517337093029,1.0
period1,sc01,t5462,1,0.17029079460253432,1.0
period1,sc01,t5463,1,0.24475641054851152,1.0
period1,sc01,t5464,1,0.2588002668608788,1.0
period1,sc01,t5465,1,0.2149544893685975,1.0
period1,sc01,t5466,1,0.16221856681770327,1.0
period1,sc01,t5467,1,0.10339440260331338,1.0
period1,sc01,t5468,1,0.08327804258731185,1.0
period1,sc01,t5469,1,0.07969074598259442,1.0
period1,sc01,t5470,1,0.09569860282969156,1.0
period1,sc01,t5471,1,0.10367798009095917,1.0
period1,sc01,t5472,1,0.09183088596923054,1.0
period1,sc01,t5473,1,0.09847881105812388,1.0
period1,sc01,t5474,1,0.13945434461056305,1.0
period1,sc01,t5475,1,0.17492725096045733,1.0
period1,sc01,t5476,1,0.14197063081310543,1.0
period1,sc01,t5477,1,0.11231273335993695,1.0
period1,sc01,t5478,1,0.10129358853383157,1.0
period1,sc01,t5479,1,0.0797859739155384,1.0
period1,sc01,t5480,1,0.12751160092351227,1.0
period1,sc01,t5481,1,0.20434424915474775,1.0
period1,sc01,t5482,1,0.26302123914233316,1.0
period1,sc01,t5483,1,0.16900332358981157,1.0
period1,sc01,t5484,1,0.15079158157934636,1.0
period1,sc01,t5485,1,0.1439871792788232,1.0
period1,sc01,t5486,1,0.12142575766620936,1.0
period1,sc01,t5487,1,0.10805928949452069,1.0
period1,sc01,t5488,1,0.11064627658502235,1.0
period1,sc01,t5489,1,0.09533741584488246,1.0
period1,sc01,t5490,1,0.07793558573751963,1.0
period1,sc01,t5491,1,0.09772591687467552,1.0
period1,sc01,t5492,1,0.1005013572109137,1.0
period1,sc01,t5493,1,0.08979924997903689,1.0
period1,sc01,t5494,1,0.07910555440240584,1.0
period1,sc01,t5495,1,0.0856526392331352,1.0
period1,sc01,t5496,1,0.06635282903218764,1.0
period1,sc01,t5497,1,0.03881210597164737,1.0
period1,sc01,t5498,1,0.021784582513126437,1.0
period1,sc01,t5499,1,0.00885163396015575,1.0
period1,sc01,t5500,1,0.00109127658286692,1.0
period1,sc01,t5501,1,0.0004914287590372199,1.0
period1,sc01,t5502,1,0.00068470847646606,1.0
period1,sc01,t5503,1,0.00084007254246228,1.0
period1,sc01,t5504,1,0.00029296694215719,1.0
period1,sc01,t5505,1,0.0010917451631088902,1.0
period1,sc01,t5506,1,0.01036440448416576,1.0
period1,sc01,t5507,1,0.0201573359480646,1.0
period1,sc01,t5508,1,0.040944329235782555,1.0
period1,sc01,t5509,1,0.05192393019110019,1.0
period1,sc01,t5510,1,0.05079488098552056,1.0
period1,sc01,t5511,1,0.04668019391996694,1.0
period1,sc01,t5512,1,0.0410484265660755,1.0
period1,sc01,t5513,1,0.033405081321161524,1.0
period1,sc01,t5514,1,0.044787244579461274,1.0
period1,sc01,t5515,1,0.0887610191928606,1.0
period1,sc01,t5516,1,0.15029465865656905,1.0
period1,sc01,t5517,1,0.18587424426979438,1.0
period1,sc01,t5518,1,0.22941797119995258,1.0
period1,sc01,t5519,1,0.19848722938030547,1.0
period1,sc01,t5520,1,0.22602486752095094,1.0
period1,sc01,t5521,1,0.22541976233077995,1.0
period1,sc01,t5522,1,0.203323193080345,1.0
period1,sc01,t5523,1,0.18011783800846576,1.0
period1,sc01,t5524,1,0.1619892506054333,1.0
period1,sc01,t5525,1,0.14240128347750872,1.0
period1,sc01,t5526,1,0.13964234224709998,1.0
period1,sc01,t5527,1,0.08497656398949345,1.0
period1,sc01,t5528,1,0.009204512672384911,1.0
period1,sc01,t5529,1,0.0,1.0
period1,sc01,t5530,1,0.0,1.0
period1,sc01,t5531,1,0.0,1.0
period1,sc01,t5532,1,0.0,1.0
period1,sc01,t5533,1,0.04597534061091423,1.0
period1,sc01,t5534,1,0.1512686555637175,1.0
period1,sc01,t5535,1,0.2595693971290321,1.0
period1,sc01,t5536,1,0.28171301013103295,1.0
period1,sc01,t5537,1,0.2449641791936883,1.0
period1,sc01,t5538,1,0.2220654638631619,1.0
period1,sc01,t5539,1,0.16840811033720648,1.0
period1,sc01,t5540,1,0.1448720361376742,1.0
period1,sc01,t5541,1,0.14183052386509054,1.0
period1,sc01,t5542,1,0.14616297560641348,1.0
period1,sc01,t5543,1,0.2175914703420908,1.0
period1,sc01,t5544,1,0.20582814414906206,1.0
period1,sc01,t5545,1,0.19972132758177022,1.0
period1,sc01,t5546,1,0.22777027967480798,1.0
period1,sc01,t5547,1,0.2615645794027243,1.0
period1,sc01,t5548,1,0.26009342593261947,1.0
period1,sc01,t5549,1,0.2249248033012879,1.0
period1,sc01,t5550,1,0.18690375236763995,1.0
period1,sc01,t5551,1,0.14204766421320336,1.0
period1,sc01,t5552,1,0.09511936868141747,1.0
period1,sc01,t5553,1,0.0561103035055992,1.0
period1,sc01,t5554,1,0.04735377110585799,1.0
period1,sc01,t5555,1,0.030279690997951594,1.0
period1,sc01,t5556,1,0.04534161771552525,1.0
period1,sc01,t5557,1,0.05897287150309539,1.0
period1,sc01,t5558,1,0.06405836643758016,1.0
period1,sc01,t5559,1,0.06775539356839698,1.0
period1,sc01,t5560,1,0.09208255368824154,1.0
period1,sc01,t5561,1,0.11937426908303862,1.0
period1,sc01,t5562,1,0.13248102422877417,1.0
period1,sc01,t5563,1,0.08256809619174321,1.0
period1,sc01,t5564,1,0.062403843162852454,1.0
period1,sc01,t5565,1,0.050899114259475575,1.0
period1,sc01,t5566,1,0.032193785595123633,1.0
period1,sc01,t5567,1,0.05980582434780333,1.0
period1,sc01,t5568,1,0.07780786003660392,1.0
period1,sc01,t5569,1,0.11604929683153258,1.0
period1,sc01,t5570,1,0.1499916718261709,1.0
period1,sc01,t5571,1,0.174604845023784,1.0
period1,sc01,t5572,1,0.16947112044005405,1.0
period1,sc01,t5573,1,0.10502290212319593,1.0
period1,sc01,t5574,1,0.0499381550489664,1.0
period1,sc01,t5575,1,0.0012858413041845,1.0
period1,sc01,t5576,1,0.00101612011331673,1.0
period1,sc01,t5577,1,0.004353864114323431,1.0
period1,sc01,t5578,1,0.04212968638193919,1.0
period1,sc01,t5579,1,0.06476203925890343,1.0
period1,sc01,t5580,1,0.0935029903848201,1.0
period1,sc01,t5581,1,0.15279430487195197,1.0
period1,sc01,t5582,1,0.2644213332109855,1.0
period1,sc01,t5583,1,0.32132127110151915,1.0
period1,sc01,t5584,1,0.2828710243676896,1.0
period1,sc01,t5585,1,0.23603642414819273,1.0
period1,sc01,t5586,1,0.144196475481666,1.0
period1,sc01,t5587,1,0.08081466899739038,1.0
period1,sc01,t5588,1,0.06251726183102452,1.0
period1,sc01,t5589,1,0.04311512698018923,1.0
period1,sc01,t5590,1,0.05751503344209834,1.0
period1,sc01,t5591,1,0.07813516516276518,1.0
period1,sc01,t5592,1,0.08963640460211264,1.0
period1,sc01,t5593,1,0.07089228082818162,1.0
period1,sc01,t5594,1,0.07936725875755843,1.0
period1,sc01,t5595,1,0.12041148757009941,1.0
period1,sc01,t5596,1,0.17356144683065589,1.0
period1,sc01,t5597,1,0.17757176373597258,1.0
period1,sc01,t5598,1,0.15333737529567365,1.0
period1,sc01,t5599,1,0.11058146195413815,1.0
period1,sc01,t5600,1,0.14759515535233814,1.0
period1,sc01,t5601,1,0.2210034059339623,1.0
period1,sc01,t5602,1,0.32561468668642557,1.0
period1,sc01,t5603,1,0.3790936501308001,1.0
period1,sc01,t5604,1,0.5348765583044959,1.0
period1,sc01,t5605,1,0.5382187684213495,1.0
period1,sc01,t5606,1,0.34675575644541007,1.0
period1,sc01,t5607,1,0.3495005856280035,1.0
period1,sc01,t5608,1,0.3023327347370024,1.0
period1,sc01,t5609,1,0.2125655936305759,1.0
period1,sc01,t5610,1,0.1425534263918126,1.0
period1,sc01,t5611,1,0.10222162076387979,1.0
period1,sc01,t5612,1,0.0871846755512832,1.0
period1,sc01,t5613,1,0.07744098051454762,1.0
period1,sc01,t5614,1,0.1086947925747778,1.0
period1,sc01,t5615,1,0.0846860479057601,1.0
period1,sc01,t5616,1,0.07000911321301584,1.0
period1,sc01,t5617,1,0.10712671187856003,1.0
period1,sc01,t5618,1,0.14737831898242995,1.0
period1,sc01,t5619,1,0.13312241923719256,1.0
period1,sc01,t5620,1,0.14933460387084263,1.0
period1,sc01,t5621,1,0.1451250102357534,1.0
period1,sc01,t5622,1,0.17735947309114253,1.0
period1,sc01,t5623,1,0.13692276178161095,1.0
period1,sc01,t5624,1,0.11730018094824592,1.0
period1,sc01,t5625,1,0.09430102220220792,1.0
period1,sc01,t5626,1,0.10938592566318761,1.0
period1,sc01,t5627,1,0.14574904042027195,1.0
period1,sc01,t5628,1,0.15387606368286255,1.0
period1,sc01,t5629,1,0.1714817759266667,1.0
period1,sc01,t5630,1,0.23494034558562443,1.0
period1,sc01,t5631,1,0.20048965743599795,1.0
period1,sc01,t5632,1,0.13120064833486636,1.0
period1,sc01,t5633,1,0.15536503108850921,1.0
period1,sc01,t5634,1,0.26153972154907856,1.0
period1,sc01,t5635,1,0.36596240310141454,1.0
period1,sc01,t5636,1,0.3511605222056264,1.0
period1,sc01,t5637,1,0.3103202618030962,1.0
period1,sc01,t5638,1,0.29362512660894485,1.0
period1,sc01,t5639,1,0.3741434286817107,1.0
period1,sc01,t5640,1,0.3094546813935016,1.0
period1,sc01,t5641,1,0.2248742184613842,1.0
period1,sc01,t5642,1,0.15651609530122484,1.0
period1,sc01,t5643,1,0.14954324024609209,1.0
period1,sc01,t5644,1,0.12210162176877669,1.0
period1,sc01,t5645,1,0.0673241327518346,1.0
period1,sc01,t5646,1,0.07162233655238298,1.0
period1,sc01,t5647,1,0.06684945028204761,1.0
period1,sc01,t5648,1,0.033478385864938474,1.0
period1,sc01,t5649,1,0.0114922733808942,1.0
period1,sc01,t5650,1,0.01979154353941641,1.0
period1,sc01,t5651,1,0.04420471001011497,1.0
period1,sc01,t5652,1,0.09691901625921183,1.0
period1,sc01,t5653,1,0.149534690196692,1.0
period1,sc01,t5654,1,0.20895972258196466,1.0
period1,sc01,t5655,1,0.2595271151603186,1.0
period1,sc01,t5656,1,0.2970042703972617,1.0
period1,sc01,t5657,1,0.3154578988514652,1.0
period1,sc01,t5658,1,0.25017547208860813,1.0
period1,sc01,t5659,1,0.19924836403497542,1.0
period1,sc01,t5660,1,0.15191435925192168,1.0
period1,sc01,t5661,1,0.11353203880782517,1.0
period1,sc01,t5662,1,0.0899323193474532,1.0
period1,sc01,t5663,1,0.08308525797396657,1.0
period1,sc01,t5664,1,0.06118920277954227,1.0
period1,sc01,t5665,1,0.03609562960583433,1.0
period1,sc01,t5666,1,0.01185130941296544,1.0
period1,sc01,t5667,1,0.00084550553029647,1.0
period1,sc01,t5668,1,0.00028803172302495003,1.0
period1,sc01,t5669,1,0.0,1.0
period1,sc01,t5670,1,0.0,1.0
period1,sc01,t5671,1,0.0,1.0
period1,sc01,t5672,1,0.0,1.0
period1,sc01,t5673,1,0.0,1.0
period1,sc01,t5674,1,0.0,1.0
period1,sc01,t5675,1,0.0,1.0
period1,sc01,t5676,1,0.0,1.0
period1,sc01,t5677,1,0.0,1.0
period1,sc01,t5678,1,0.0014289514757921701,1.0
period1,sc01,t5679,1,0.022105138772841388,1.0
period1,sc01,t5680,1,0.04814737857007443,1.0
period1,sc01,t5681,1,0.0815644228340295,1.0
period1,sc01,t5682,1,0.08768204536756248,1.0
period1,sc01,t5683,1,0.08671668269935096,1.0
period1,sc01,t5684,1,0.062464802859613346,1.0
period1,sc01,t5685,1,0.02544449019273837,1.0
period1,sc01,t5686,1,0.00089886762395253,1.0
period1,sc01,t5687,1,0.0,1.0
period1,sc01,t5688,1,0.0,1.0
period1,sc01,t5689,1,0.0,1.0
period1,sc01,t5690,1,0.00053509437531162,1.0
period1,sc01,t5691,1,0.00115930607793111,1.0
period1,sc01,t5692,1,0.00114029813552292,1.0
period1,sc01,t5693,1,0.0006884680131928801,1.0
period1,sc01,t5694,1,0.00026246334249018004,1.0
period1,sc01,t5695,1,0.0007391971173303,1.0
period1,sc01,t5696,1,0.00092341535623848,1.0
period1,sc01,t5697,1,0.00137371209156954,1.0
period1,sc01,t5698,1,0.022742163867713938,1.0
period1,sc01,t5699,1,0.02738360219658606,1.0
period1,sc01,t5700,1,0.02911953737893563,1.0
period1,sc01,t5701,1,0.0333108882099702,1.0
period1,sc01,t5702,1,0.054946427964623644,1.0
period1,sc01,t5703,1,0.05598963628779699,1.0
period1,sc01,t5704,1,0.02981518872594993,1.0
period1,sc01,t5705,1,0.00902618344475397,1.0
period1,sc01,t5706,1,0.00066730040064585,1.0
period1,sc01,t5707,1,0.0009507063211093799,1.0
period1,sc01,t5708,1,0.0029589503911074,1.0
period1,sc01,t5709,1,0.01210672975648104,1.0
period1,sc01,t5710,1,0.023031437366648158,1.0
period1,sc01,t5711,1,0.05373230001762177,1.0
period1,sc01,t5712,1,0.047992604399002346,1.0
period1,sc01,t5713,1,0.06182395760869948,1.0
period1,sc01,t5714,1,0.09223779424952107,1.0
period1,sc01,t5715,1,0.10729527285689587,1.0
period1,sc01,t5716,1,0.1101448103065875,1.0
period1,sc01,t5717,1,0.10147628858406355,1.0
period1,sc01,t5718,1,0.10447041237315435,1.0
period1,sc01,t5719,1,0.12734063302081913,1.0
period1,sc01,t5720,1,0.11849908267028009,1.0
period1,sc01,t5721,1,0.08841869512649064,1.0
period1,sc01,t5722,1,0.09806318503901802,1.0
period1,sc01,t5723,1,0.13291437869853806,1.0
period1,sc01,t5724,1,0.1317568642098832,1.0
period1,sc01,t5725,1,0.10921456314148177,1.0
period1,sc01,t5726,1,0.13585630991277997,1.0
period1,sc01,t5727,1,0.1475696523451021,1.0
period1,sc01,t5728,1,0.17210605387550112,1.0
period1,sc01,t5729,1,0.1843652697737067,1.0
period1,sc01,t5730,1,0.19742486281080407,1.0
period1,sc01,t5731,1,0.2890756651445353,1.0
period1,sc01,t5732,1,0.32878632897446197,1.0
period1,sc01,t5733,1,0.3264669972957854,1.0
period1,sc01,t5734,1,0.3041826278949179,1.0
period1,sc01,t5735,1,0.2400429583154068,1.0
period1,sc01,t5736,1,0.18431130461296724,1.0
period1,sc01,t5737,1,0.14483163866148416,1.0
period1,sc01,t5738,1,0.12549699257331548,1.0
period1,sc01,t5739,1,0.10106117364143709,1.0
period1,sc01,t5740,1,0.07314686927896447,1.0
period1,sc01,t5741,1,0.07630802763926922,1.0
period1,sc01,t5742,1,0.05959798461388989,1.0
period1,sc01,t5743,1,0.038183382272096826,1.0
period1,sc01,t5744,1,0.0035584057511876704,1.0
period1,sc01,t5745,1,0.00046437105685256995,1.0
period1,sc01,t5746,1,0.0,1.0
period1,sc01,t5747,1,0.0,1.0
period1,sc01,t5748,1,0.0,1.0
period1,sc01,t5749,1,0.0,1.0
period1,sc01,t5750,1,0.0,1.0
period1,sc01,t5751,1,0.0,1.0
period1,sc01,t5752,1,0.0,1.0
period1,sc01,t5753,1,0.0,1.0
period1,sc01,t5754,1,0.0,1.0
period1,sc01,t5755,1,0.00070763386114377,1.0
period1,sc01,t5756,1,0.03901321096893729,1.0
period1,sc01,t5757,1,0.08493906927868822,1.0
period1,sc01,t5758,1,0.16591825683323633,1.0
period1,sc01,t5759,1,0.14399771174561404,1.0
period1,sc01,t5760,1,0.1253695869302605,1.0
period1,sc01,t5761,1,0.0855417116048156,1.0
period1,sc01,t5762,1,0.08526407968093518,1.0
period1,sc01,t5763,1,0.10596616444219825,1.0
period1,sc01,t5764,1,0.10246056640678494,1.0
period1,sc01,t5765,1,0.10790023465806516,1.0
period1,sc01,t5766,1,0.1118122663141836,1.0
period1,sc01,t5767,1,0.09653535157256558,1.0
period1,sc01,t5768,1,0.12783384241020684,1.0
period1,sc01,t5769,1,0.14914821213516025,1.0
period1,sc01,t5770,1,0.08084423418043653,1.0
period1,sc01,t5771,1,0.008475134271617071,1.0
period1,sc01,t5772,1,0.0009811626767505,1.0
period1,sc01,t5773,1,0.0010394937087839099,1.0
period1,sc01,t5774,1,0.00117096343292115,1.0
period1,sc01,t5775,1,0.00114024188840436,1.0
period1,sc01,t5776,1,0.00107992109923965,1.0
period1,sc01,t5777,1,0.00105580601247816,1.0
period1,sc01,t5778,1,0.00102244171604985,1.0
period1,sc01,t5779,1,0.0008121992379029099,1.0
period1,sc01,t5780,1,0.00114046454170044,1.0
period1,sc01,t5781,1,0.00048247947465327004,1.0
period1,sc01,t5782,1,0.0,1.0
period1,sc01,t5783,1,0.00067891327193367,1.0
period1,sc01,t5784,1,0.0012274803027297,1.0
period1,sc01,t5785,1,0.00118386709242426,1.0
period1,sc01,t5786,1,0.0007780456023175799,1.0
period1,sc01,t5787,1,0.00097128350892891,1.0
period1,sc01,t5788,1,0.00035091133045317,1.0
period1,sc01,t5789,1,0.00092622202478019,1.0
period1,sc01,t5790,1,0.005968359657447389,1.0
period1,sc01,t5791,1,0.04846589310636648,1.0
period1,sc01,t5792,1,0.03081888007407333,1.0
period1,sc01,t5793,1,0.00886193963368875,1.0
period1,sc01,t5794,1,0.00142274176863255,1.0
period1,sc01,t5795,1,0.0204530401827747,1.0
period1,sc01,t5796,1,0.00133616578797027,1.0
period1,sc01,t5797,1,0.0012087608047017299,1.0
period1,sc01,t5798,1,0.0012551753672964002,1.0
period1,sc01,t5799,1,0.01566856905990237,1.0
period1,sc01,t5800,1,0.03391532609231655,1.0
period1,sc01,t5801,1,0.00812979697379193,1.0
period1,sc01,t5802,1,0.02929993726319631,1.0
period1,sc01,t5803,1,0.061864851427653064,1.0
period1,sc01,t5804,1,0.041378510558819075,1.0
period1,sc01,t5805,1,0.0322724081783241,1.0
period1,sc01,t5806,1,0.02081213622012627,1.0
period1,sc01,t5807,1,0.01328157065643705,1.0
period1,sc01,t5808,1,0.04139793490055949,1.0
period1,sc01,t5809,1,0.05287544074670094,1.0
period1,sc01,t5810,1,0.04466004732284112,1.0
period1,sc01,t5811,1,0.04545637133600043,1.0
period1,sc01,t5812,1,0.01319808351032685,1.0
period1,sc01,t5813,1,0.025510787619481622,1.0
period1,sc01,t5814,1,0.07520328337065299,1.0
period1,sc01,t5815,1,0.07105619733610184,1.0
period1,sc01,t5816,1,0.1256914352643614,1.0
period1,sc01,t5817,1,0.09497278465230195,1.0
period1,sc01,t5818,1,0.10466213019666003,1.0
period1,sc01,t5819,1,0.07835666499589598,1.0
period1,sc01,t5820,1,0.08423346474512722,1.0
period1,sc01,t5821,1,0.11022893754414471,1.0
period1,sc01,t5822,1,0.12336759526441402,1.0
period1,sc01,t5823,1,0.10785083776632622,1.0
period1,sc01,t5824,1,0.10698699876664752,1.0
period1,sc01,t5825,1,0.0774862941058092,1.0
period1,sc01,t5826,1,0.07864143548719627,1.0
period1,sc01,t5827,1,0.10342826075494846,1.0
period1,sc01,t5828,1,0.16618586956980966,1.0
period1,sc01,t5829,1,0.2113814370650789,1.0
period1,sc01,t5830,1,0.2126189402952787,1.0
period1,sc01,t5831,1,0.2675841088170971,1.0
period1,sc01,t5832,1,0.21423213303833763,1.0
period1,sc01,t5833,1,0.17701164299743893,1.0
period1,sc01,t5834,1,0.22931211549856295,1.0
period1,sc01,t5835,1,0.3221361957939459,1.0
period1,sc01,t5836,1,0.4239663337086105,1.0
period1,sc01,t5837,1,0.4510924412312678,1.0
period1,sc01,t5838,1,0.4893249652615887,1.0
period1,sc01,t5839,1,0.5558269690749584,1.0
period1,sc01,t5840,1,0.5574920243932605,1.0
period1,sc01,t5841,1,0.40966971469353386,1.0
period1,sc01,t5842,1,0.4044303837466022,1.0
period1,sc01,t5843,1,0.417782160183171,1.0
period1,sc01,t5844,1,0.6411719375956948,1.0
period1,sc01,t5845,1,0.7060882516940341,1.0
period1,sc01,t5846,1,0.7291062457916431,1.0
period1,sc01,t5847,1,0.7524940667702829,1.0
period1,sc01,t5848,1,0.5519471861136215,1.0
period1,sc01,t5849,1,0.6818754673670394,1.0
period1,sc01,t5850,1,0.6541824298633963,1.0
period1,sc01,t5851,1,0.4417783132616494,1.0
period1,sc01,t5852,1,0.365747519816622,1.0
period1,sc01,t5853,1,0.420516055752399,1.0
period1,sc01,t5854,1,0.38542634328927583,1.0
period1,sc01,t5855,1,0.13485461638855833,1.0
period1,sc01,t5856,1,0.07842306635021386,1.0
period1,sc01,t5857,1,0.045412300141809574,1.0
period1,sc01,t5858,1,0.00130969811542167,1.0
period1,sc01,t5859,1,0.0008592849935923501,1.0
period1,sc01,t5860,1,0.00084195793294569,1.0
period1,sc01,t5861,1,0.00026171573165037,1.0
period1,sc01,t5862,1,0.00055798416080685,1.0
period1,sc01,t5863,1,8.511641606162905e-05,1.0
period1,sc01,t5864,1,9.203609031795e-05,1.0
period1,sc01,t5865,1,0.0,1.0
period1,sc01,t5866,1,0.0,1.0
period1,sc01,t5867,1,0.0,1.0
period1,sc01,t5868,1,0.0,1.0
period1,sc01,t5869,1,0.0,1.0
period1,sc01,t5870,1,0.0,1.0
period1,sc01,t5871,1,0.0,1.0
period1,sc01,t5872,1,0.0,1.0
period1,sc01,t5873,1,0.0,1.0
period1,sc01,t5874,1,0.0,1.0
period1,sc01,t5875,1,0.0007053577739434799,1.0
period1,sc01,t5876,1,0.01888587990477918,1.0
period1,sc01,t5877,1,0.06107073189567903,1.0
period1,sc01,t5878,1,0.07182270456046677,1.0
period1,sc01,t5879,1,0.04224368696597541,1.0
period1,sc01,t5880,1,0.04083469602067782,1.0
period1,sc01,t5881,1,0.06253392803604264,1.0
period1,sc01,t5882,1,0.06762311861335893,1.0
period1,sc01,t5883,1,0.06228318239755586,1.0
period1,sc01,t5884,1,0.06685326310643235,1.0
period1,sc01,t5885,1,0.07121380294655559,1.0
period1,sc01,t5886,1,0.04679476387722351,1.0
period1,sc01,t5887,1,0.04496995779746697,1.0
period1,sc01,t5888,1,0.04555209099244311,1.0
period1,sc01,t5889,1,0.06350489882229349,1.0
period1,sc01,t5890,1,0.09977011785831807,1.0
period1,sc01,t5891,1,0.17424449059815647,1.0
period1,sc01,t5892,1,0.29191747456402317,1.0
period1,sc01,t5893,1,0.3849086019509227,1.0
period1,sc01,t5894,1,0.5333199443904958,1.0
period1,sc01,t5895,1,0.6839245332921282,1.0
period1,sc01,t5896,1,0.4571747626348814,1.0
period1,sc01,t5897,1,0.671365645324544,1.0
period1,sc01,t5898,1,0.7337839173027072,1.0
period1,sc01,t5899,1,0.7831062939722909,1.0
period1,sc01,t5900,1,0.8356694261122166,1.0
period1,sc01,t5901,1,0.8704786939364845,1.0
period1,sc01,t5902,1,0.8681286006623545,1.0
period1,sc01,t5903,1,0.8826234098554926,1.0
period1,sc01,t5904,1,0.8850395611842647,1.0
period1,sc01,t5905,1,0.8885852054354196,1.0
period1,sc01,t5906,1,0.8927467195240004,1.0
period1,sc01,t5907,1,0.886296908835815,1.0
period1,sc01,t5908,1,0.8766236406828849,1.0
period1,sc01,t5909,1,0.864587903329527,1.0
period1,sc01,t5910,1,0.8152902741324684,1.0
period1,sc01,t5911,1,0.7021843831895346,1.0
period1,sc01,t5912,1,0.43270100638353987,1.0
period1,sc01,t5913,1,0.5832250358700585,1.0
period1,sc01,t5914,1,0.543799475126911,1.0
period1,sc01,t5915,1,0.42002065161357255,1.0
period1,sc01,t5916,1,0.379315563364901,1.0
period1,sc01,t5917,1,0.3252259045931663,1.0
period1,sc01,t5918,1,0.28564696467588657,1.0
period1,sc01,t5919,1,0.3014605967191853,1.0
period1,sc01,t5920,1,0.23446069301147374,1.0
period1,sc01,t5921,1,0.11687032332926946,1.0
period1,sc01,t5922,1,0.09609577784078661,1.0
period1,sc01,t5923,1,0.08318324958424064,1.0
period1,sc01,t5924,1,0.08804892346744041,1.0
period1,sc01,t5925,1,0.09546545410140123,1.0
period1,sc01,t5926,1,0.09729581959635175,1.0
period1,sc01,t5927,1,0.1078648957496682,1.0
period1,sc01,t5928,1,0.08214086233957175,1.0
period1,sc01,t5929,1,0.08708418297607959,1.0
period1,sc01,t5930,1,0.09512451726768405,1.0
period1,sc01,t5931,1,0.12561072760039357,1.0
period1,sc01,t5932,1,0.11038907091722139,1.0
period1,sc01,t5933,1,0.09914762607835814,1.0
period1,sc01,t5934,1,0.10067550341179185,1.0
period1,sc01,t5935,1,0.12035241462367928,1.0
period1,sc01,t5936,1,0.07998874237945602,1.0
period1,sc01,t5937,1,0.030113031372190468,1.0
period1,sc01,t5938,1,0.0184630342552713,1.0
period1,sc01,t5939,1,0.0,1.0
period1,sc01,t5940,1,0.0,1.0
period1,sc01,t5941,1,0.0,1.0
period1,sc01,t5942,1,0.00048721106494692006,1.0
period1,sc01,t5943,1,0.0,1.0
period1,sc01,t5944,1,0.00015320169664011,1.0
period1,sc01,t5945,1,0.00137089996302366,1.0
period1,sc01,t5946,1,0.05108747416636464,1.0
period1,sc01,t5947,1,0.050160691669743455,1.0
period1,sc01,t5948,1,0.06708872062951686,1.0
period1,sc01,t5949,1,0.08995086219517129,1.0
period1,sc01,t5950,1,0.11747182871887597,1.0
period1,sc01,t5951,1,0.08996299726391083,1.0
period1,sc01,t5952,1,0.11546769066313094,1.0
period1,sc01,t5953,1,0.12810357585989857,1.0
period1,sc01,t5954,1,0.12663000380214756,1.0
period1,sc01,t5955,1,0.11515679621530263,1.0
period1,sc01,t5956,1,0.13658796361002734,1.0
period1,sc01,t5957,1,0.13816072666446777,1.0
period1,sc01,t5958,1,0.14347480975878474,1.0
period1,sc01,t5959,1,0.14932961767189215,1.0
period1,sc01,t5960,1,0.09895718132560521,1.0
period1,sc01,t5961,1,0.08080858656472356,1.0
period1,sc01,t5962,1,0.08296939639521865,1.0
period1,sc01,t5963,1,0.10594739370181068,1.0
period1,sc01,t5964,1,0.12386241202510656,1.0
period1,sc01,t5965,1,0.1312099308659394,1.0
period1,sc01,t5966,1,0.1281035697451281,1.0
period1,sc01,t5967,1,0.11485532432278252,1.0
period1,sc01,t5968,1,0.09224145002525759,1.0
period1,sc01,t5969,1,0.06253513234292908,1.0
period1,sc01,t5970,1,0.040406638444059784,1.0
period1,sc01,t5971,1,0.04962266750926854,1.0
period1,sc01,t5972,1,0.07071153524405559,1.0
period1,sc01,t5973,1,0.07634297298778919,1.0
period1,sc01,t5974,1,0.060372333826688517,1.0
period1,sc01,t5975,1,0.00112874532178257,1.0
period1,sc01,t5976,1,0.00051501773950632,1.0
period1,sc01,t5977,1,0.0,1.0
period1,sc01,t5978,1,0.00019348307992602,1.0
period1,sc01,t5979,1,0.0021665458395702,1.0
period1,sc01,t5980,1,0.0006535631453211,1.0
period1,sc01,t5981,1,0.0,1.0
period1,sc01,t5982,1,0.0,1.0
period1,sc01,t5983,1,0.0,1.0
period1,sc01,t5984,1,0.0,1.0
period1,sc01,t5985,1,0.0,1.0
period1,sc01,t5986,1,0.0,1.0
period1,sc01,t5987,1,0.0,1.0
period1,sc01,t5988,1,0.0,1.0
period1,sc01,t5989,1,0.0,1.0
period1,sc01,t5990,1,0.0,1.0
period1,sc01,t5991,1,0.0,1.0
period1,sc01,t5992,1,0.00059082522792264,1.0
period1,sc01,t5993,1,9.836137497078e-05,1.0
period1,sc01,t5994,1,0.0,1.0
period1,sc01,t5995,1,0.0,1.0
period1,sc01,t5996,1,0.0,1.0
period1,sc01,t5997,1,0.00124856160577704,1.0
period1,sc01,t5998,1,0.03332248397549172,1.0
period1,sc01,t5999,1,0.1033858831710645,1.0
period1,sc01,t6000,1,0.13395500193571472,1.0
period1,sc01,t6001,1,0.14483581201418932,1.0
period1,sc01,t6002,1,0.14733178320843415,1.0
period1,sc01,t6003,1,0.14268034476183258,1.0
period1,sc01,t6004,1,0.146623008286567,1.0
period1,sc01,t6005,1,0.17297288541955325,1.0
period1,sc01,t6006,1,0.1429937275394943,1.0
period1,sc01,t6007,1,0.08501185916283051,1.0
period1,sc01,t6008,1,0.0777173206643659,1.0
period1,sc01,t6009,1,0.06488004060719713,1.0
period1,sc01,t6010,1,0.05820821877477141,1.0
period1,sc01,t6011,1,0.00976078170258156,1.0
period1,sc01,t6012,1,0.0012436774814970001,1.0
period1,sc01,t6013,1,0.00131109956201673,1.0
period1,sc01,t6014,1,0.0,1.0
period1,sc01,t6015,1,0.0,1.0
period1,sc01,t6016,1,0.0,1.0
period1,sc01,t6017,1,0.0,1.0
period1,sc01,t6018,1,0.0,1.0
period1,sc01,t6019,1,0.00125138008429677,1.0
period1,sc01,t6020,1,0.05459473603260738,1.0
period1,sc01,t6021,1,0.09940789353876471,1.0
period1,sc01,t6022,1,0.1394378913697613,1.0
period1,sc01,t6023,1,0.10888399305708858,1.0
period1,sc01,t6024,1,0.11085964082866333,1.0
period1,sc01,t6025,1,0.10871873241683544,1.0
period1,sc01,t6026,1,0.09345642034636431,1.0
period1,sc01,t6027,1,0.08220328738278579,1.0
period1,sc01,t6028,1,0.07299126486073043,1.0
period1,sc01,t6029,1,0.08155834375325194,1.0
period1,sc01,t6030,1,0.07766433584840196,1.0
period1,sc01,t6031,1,0.04958220711693996,1.0
period1,sc01,t6032,1,0.056451740620663264,1.0
period1,sc01,t6033,1,0.05298375829616649,1.0
period1,sc01,t6034,1,0.07640120436203439,1.0
period1,sc01,t6035,1,0.00569999409426432,1.0
period1,sc01,t6036,1,0.0,1.0
period1,sc01,t6037,1,0.0,1.0
period1,sc01,t6038,1,0.0,1.0
period1,sc01,t6039,1,0.0,1.0
period1,sc01,t6040,1,0.0,1.0
period1,sc01,t6041,1,0.00015250013530344,1.0
period1,sc01,t6042,1,0.00122035819269627,1.0
period1,sc01,t6043,1,0.03766689767185371,1.0
period1,sc01,t6044,1,0.09670186936865431,1.0
period1,sc01,t6045,1,0.15066832784179068,1.0
period1,sc01,t6046,1,0.22146981403912264,1.0
period1,sc01,t6047,1,0.3997611065644566,1.0
period1,sc01,t6048,1,0.407742874359501,1.0
period1,sc01,t6049,1,0.39574337365268036,1.0
period1,sc01,t6050,1,0.452791838826003,1.0
period1,sc01,t6051,1,0.4883344064392869,1.0
period1,sc01,t6052,1,0.49558856257745443,1.0
period1,sc01,t6053,1,0.5350293923489181,1.0
period1,sc01,t6054,1,0.5501972508016585,1.0
period1,sc01,t6055,1,0.5376863830473924,1.0
period1,sc01,t6056,1,0.4598643840153935,1.0
period1,sc01,t6057,1,0.42318878535800886,1.0
period1,sc01,t6058,1,0.4513538039180607,1.0
period1,sc01,t6059,1,0.32005404225359674,1.0
period1,sc01,t6060,1,0.36426410530912384,1.0
period1,sc01,t6061,1,0.3824753561469532,1.0
period1,sc01,t6062,1,0.4404770630938984,1.0
period1,sc01,t6063,1,0.4085551891469656,1.0
period1,sc01,t6064,1,0.3329052048018154,1.0
period1,sc01,t6065,1,0.3818375978588429,1.0
period1,sc01,t6066,1,0.42849808567169817,1.0
period1,sc01,t6067,1,0.45242684808851286,1.0
period1,sc01,t6068,1,0.4023892641290786,1.0
period1,sc01,t6069,1,0.40224448982193695,1.0
period1,sc01,t6070,1,0.5067982074814709,1.0
period1,sc01,t6071,1,0.5671117227737169,1.0
period1,sc01,t6072,1,0.4963353915366422,1.0
period1,sc01,t6073,1,0.41918887509829256,1.0
period1,sc01,t6074,1,0.4011914821110553,1.0
period1,sc01,t6075,1,0.36441081864469793,1.0
period1,sc01,t6076,1,0.3489835649436901,1.0
period1,sc01,t6077,1,0.2780479523568538,1.0
period1,sc01,t6078,1,0.1331818161335352,1.0
period1,sc01,t6079,1,0.09547105470998725,1.0
period1,sc01,t6080,1,0.0772148134975762,1.0
period1,sc01,t6081,1,0.05221848950704188,1.0
period1,sc01,t6082,1,0.00396398166195879,1.0
period1,sc01,t6083,1,0.00650542121353179,1.0
period1,sc01,t6084,1,0.03789681323113611,1.0
period1,sc01,t6085,1,0.0611878358867355,1.0
period1,sc01,t6086,1,0.0904084841527749,1.0
period1,sc01,t6087,1,0.17803779471362297,1.0
period1,sc01,t6088,1,0.329770535070168,1.0
period1,sc01,t6089,1,0.44964019961310453,1.0
period1,sc01,t6090,1,0.3670952508856696,1.0
period1,sc01,t6091,1,0.32929865095666083,1.0
period1,sc01,t6092,1,0.4348720945100486,1.0
period1,sc01,t6093,1,0.37151365007365517,1.0
period1,sc01,t6094,1,0.2463262107399164,1.0
period1,sc01,t6095,1,0.21756753784884142,1.0
period1,sc01,t6096,1,0.12731957110835218,1.0
period1,sc01,t6097,1,0.0987058286447687,1.0
period1,sc01,t6098,1,0.11794898929019049,1.0
period1,sc01,t6099,1,0.21257347356036352,1.0
period1,sc01,t6100,1,0.28921054271176794,1.0
period1,sc01,t6101,1,0.2596951685815308,1.0
period1,sc01,t6102,1,0.4458957769950519,1.0
period1,sc01,t6103,1,0.49656401660835,1.0
period1,sc01,t6104,1,0.4418747179424126,1.0
period1,sc01,t6105,1,0.49590411183276945,1.0
period1,sc01,t6106,1,0.38185559866186997,1.0
period1,sc01,t6107,1,0.3618316892463815,1.0
period1,sc01,t6108,1,0.3494231968009479,1.0
period1,sc01,t6109,1,0.4103386875045321,1.0
period1,sc01,t6110,1,0.4565345154385303,1.0
period1,sc01,t6111,1,0.4576462319768709,1.0
period1,sc01,t6112,1,0.6492898468022669,1.0
period1,sc01,t6113,1,0.5185550883172056,1.0
period1,sc01,t6114,1,0.4123084359122199,1.0
period1,sc01,t6115,1,0.39079248373979875,1.0
period1,sc01,t6116,1,0.354982437913155,1.0
period1,sc01,t6117,1,0.33264987400119356,1.0
period1,sc01,t6118,1,0.303722443474495,1.0
period1,sc01,t6119,1,0.37804005954390535,1.0
period1,sc01,t6120,1,0.2891467799437807,1.0
period1,sc01,t6121,1,0.34283888692179776,1.0
period1,sc01,t6122,1,0.37288858259416363,1.0
period1,sc01,t6123,1,0.3742576407924206,1.0
period1,sc01,t6124,1,0.36143102124946774,1.0
period1,sc01,t6125,1,0.404701695863712,1.0
period1,sc01,t6126,1,0.5192796403785923,1.0
period1,sc01,t6127,1,0.5735013953850806,1.0
period1,sc01,t6128,1,0.47630779569512227,1.0
period1,sc01,t6129,1,0.5027222195387115,1.0
period1,sc01,t6130,1,0.4906536525785104,1.0
period1,sc01,t6131,1,0.4223796256003102,1.0
period1,sc01,t6132,1,0.4694526979513266,1.0
period1,sc01,t6133,1,0.506576759169556,1.0
period1,sc01,t6134,1,0.5169607034693747,1.0
period1,sc01,t6135,1,0.5465888112440226,1.0
period1,sc01,t6136,1,0.458611747336588,1.0
period1,sc01,t6137,1,0.3726283793610625,1.0
period1,sc01,t6138,1,0.3536365251710938,1.0
period1,sc01,t6139,1,0.3223850010843857,1.0
period1,sc01,t6140,1,0.3151514741736754,1.0
period1,sc01,t6141,1,0.37112277865883714,1.0
period1,sc01,t6142,1,0.363814947137875,1.0
period1,sc01,t6143,1,0.32599922546395493,1.0
period1,sc01,t6144,1,0.3369965486466865,1.0
period1,sc01,t6145,1,0.3364124572278762,1.0
period1,sc01,t6146,1,0.26924755617101204,1.0
period1,sc01,t6147,1,0.19250537049498098,1.0
period1,sc01,t6148,1,0.20985153152526864,1.0
period1,sc01,t6149,1,0.1894776906393875,1.0
period1,sc01,t6150,1,0.33834184519091115,1.0
period1,sc01,t6151,1,0.32187483160972546,1.0
period1,sc01,t6152,1,0.3385455780755107,1.0
period1,sc01,t6153,1,0.316738495162986,1.0
period1,sc01,t6154,1,0.26002484489219985,1.0
period1,sc01,t6155,1,0.30604945363890385,1.0
period1,sc01,t6156,1,0.278168626450461,1.0
period1,sc01,t6157,1,0.13501134005415363,1.0
period1,sc01,t6158,1,0.11025792106675433,1.0
period1,sc01,t6159,1,0.06051639064750282,1.0
period1,sc01,t6160,1,0.03991700931072129,1.0
period1,sc01,t6161,1,0.02963132454775266,1.0
period1,sc01,t6162,1,0.02536071647486526,1.0
period1,sc01,t6163,1,0.00131674641486795,1.0
period1,sc01,t6164,1,0.008944648976382481,1.0
period1,sc01,t6165,1,0.02751511963101786,1.0
period1,sc01,t6166,1,0.038358889606426146,1.0
period1,sc01,t6167,1,0.060046506836954644,1.0
period1,sc01,t6168,1,0.05500195633940598,1.0
period1,sc01,t6169,1,0.00603237585356784,1.0
period1,sc01,t6170,1,0.04954649368718997,1.0
period1,sc01,t6171,1,0.10746177092762473,1.0
period1,sc01,t6172,1,0.18798033154643165,1.0
period1,sc01,t6173,1,0.25871372404817156,1.0
period1,sc01,t6174,1,0.3600977934949768,1.0
period1,sc01,t6175,1,0.505430757331137,1.0
period1,sc01,t6176,1,0.5781577889823716,1.0
period1,sc01,t6177,1,0.6197049587302846,1.0
period1,sc01,t6178,1,0.7330040721231589,1.0
period1,sc01,t6179,1,0.8852136681581464,1.0
period1,sc01,t6180,1,0.8972416382807414,1.0
period1,sc01,t6181,1,0.7805155468938011,1.0
period1,sc01,t6182,1,0.5287451662956746,1.0
period1,sc01,t6183,1,0.7569391466556893,1.0
period1,sc01,t6184,1,0.5293078003347991,1.0
period1,sc01,t6185,1,0.5934265090287856,1.0
period1,sc01,t6186,1,0.6368634896873662,1.0
period1,sc01,t6187,1,0.6570670766089771,1.0
period1,sc01,t6188,1,0.6470363302175763,1.0
period1,sc01,t6189,1,0.7842664395264386,1.0
period1,sc01,t6190,1,0.8312498592149707,1.0
period1,sc01,t6191,1,0.8784415929622497,1.0
period1,sc01,t6192,1,0.8367608964627026,1.0
period1,sc01,t6193,1,0.8345879959699991,1.0
period1,sc01,t6194,1,0.8338841791835502,1.0
period1,sc01,t6195,1,0.7435731087247542,1.0
period1,sc01,t6196,1,0.6285837346088532,1.0
period1,sc01,t6197,1,0.36627387578924725,1.0
period1,sc01,t6198,1,0.18940565949911892,1.0
period1,sc01,t6199,1,0.14531141513667878,1.0
period1,sc01,t6200,1,0.1501678997092324,1.0
period1,sc01,t6201,1,0.110681335923155,1.0
period1,sc01,t6202,1,0.10496039068491372,1.0
period1,sc01,t6203,1,0.1173679403952942,1.0
period1,sc01,t6204,1,0.15553325634579251,1.0
period1,sc01,t6205,1,0.45766759737382257,1.0
period1,sc01,t6206,1,0.7701428304555988,1.0
period1,sc01,t6207,1,0.8906384167546432,1.0
period1,sc01,t6208,1,0.8993784718310067,1.0
period1,sc01,t6209,1,0.8997480447460423,1.0
period1,sc01,t6210,1,0.8990653077948998,1.0
period1,sc01,t6211,1,0.8991432012305187,1.0
period1,sc01,t6212,1,0.898889274967747,1.0
period1,sc01,t6213,1,0.8980527342119559,1.0
period1,sc01,t6214,1,0.8983385603120139,1.0
period1,sc01,t6215,1,0.8964914047018242,1.0
period1,sc01,t6216,1,0.8937746785406876,1.0
period1,sc01,t6217,1,0.8692351460793356,1.0
period1,sc01,t6218,1,0.8188293499799152,1.0
period1,sc01,t6219,1,0.8006999775284803,1.0
period1,sc01,t6220,1,0.8260655979728095,1.0
period1,sc01,t6221,1,0.7975145140820797,1.0
period1,sc01,t6222,1,0.729114983262819,1.0
period1,sc01,t6223,1,0.7204085590172712,1.0
period1,sc01,t6224,1,0.6253459124135115,1.0
period1,sc01,t6225,1,0.5951731203086941,1.0
period1,sc01,t6226,1,0.6935960890623921,1.0
period1,sc01,t6227,1,0.6959435110400994,1.0
period1,sc01,t6228,1,0.66522709614336,1.0
period1,sc01,t6229,1,0.7529875373591528,1.0
period1,sc01,t6230,1,0.776872372444684,1.0
period1,sc01,t6231,1,0.7943013507946266,1.0
period1,sc01,t6232,1,0.813572517847991,1.0
period1,sc01,t6233,1,0.7796968920617124,1.0
period1,sc01,t6234,1,0.649308803623209,1.0
period1,sc01,t6235,1,0.5911908400149126,1.0
period1,sc01,t6236,1,0.6005732491817429,1.0
period1,sc01,t6237,1,0.5412727298582283,1.0
period1,sc01,t6238,1,0.4239837455054145,1.0
period1,sc01,t6239,1,0.36863450884291193,1.0
period1,sc01,t6240,1,0.3100163201092061,1.0
period1,sc01,t6241,1,0.2407141526316589,1.0
period1,sc01,t6242,1,0.1973804302704906,1.0
period1,sc01,t6243,1,0.1437429020180155,1.0
period1,sc01,t6244,1,0.14174648905171636,1.0
period1,sc01,t6245,1,0.21209874207987572,1.0
period1,sc01,t6246,1,0.2018885077479862,1.0
period1,sc01,t6247,1,0.15667430690530243,1.0
period1,sc01,t6248,1,0.2288518974694307,1.0
period1,sc01,t6249,1,0.3812190026530534,1.0
period1,sc01,t6250,1,0.6885372545637247,1.0
period1,sc01,t6251,1,0.5258420119843769,1.0
period1,sc01,t6252,1,0.7192422158351395,1.0
period1,sc01,t6253,1,0.7339903763748195,1.0
period1,sc01,t6254,1,0.8166612301556854,1.0
period1,sc01,t6255,1,0.7285353313369878,1.0
period1,sc01,t6256,1,0.7318992207194438,1.0
period1,sc01,t6257,1,0.7175943211041164,1.0
period1,sc01,t6258,1,0.6227082015113051,1.0
period1,sc01,t6259,1,0.6590144779312902,1.0
period1,sc01,t6260,1,0.6741905574000565,1.0
period1,sc01,t6261,1,0.637446956551875,1.0
period1,sc01,t6262,1,0.6190764550479614,1.0
period1,sc01,t6263,1,0.6284235080245263,1.0
period1,sc01,t6264,1,0.6824212322663292,1.0
period1,sc01,t6265,1,0.6168801637790648,1.0
period1,sc01,t6266,1,0.6076325058593813,1.0
period1,sc01,t6267,1,0.6364701015107049,1.0
period1,sc01,t6268,1,0.6744985913338762,1.0
period1,sc01,t6269,1,0.6829051932492547,1.0
period1,sc01,t6270,1,0.6504950682495209,1.0
period1,sc01,t6271,1,0.6273315226797163,1.0
period1,sc01,t6272,1,0.7189644859957716,1.0
period1,sc01,t6273,1,0.6702550659931101,1.0
period1,sc01,t6274,1,0.5264390412514386,1.0
period1,sc01,t6275,1,0.38513396993781235,1.0
period1,sc01,t6276,1,0.2894216968264269,1.0
period1,sc01,t6277,1,0.29590560390628873,1.0
period1,sc01,t6278,1,0.3200522871327183,1.0
period1,sc01,t6279,1,0.4385333315404027,1.0
period1,sc01,t6280,1,0.4590209225877121,1.0
period1,sc01,t6281,1,0.4562130079236351,1.0
period1,sc01,t6282,1,0.5868003771937569,1.0
period1,sc01,t6283,1,0.739803407210047,1.0
period1,sc01,t6284,1,0.7750783214814974,1.0
period1,sc01,t6285,1,0.778616007065207,1.0
period1,sc01,t6286,1,0.6999035232821362,1.0
period1,sc01,t6287,1,0.7268571207371841,1.0
period1,sc01,t6288,1,0.6956709807680462,1.0
period1,sc01,t6289,1,0.6511724740133606,1.0
period1,sc01,t6290,1,0.48451724270633895,1.0
period1,sc01,t6291,1,0.4486878462668255,1.0
period1,sc01,t6292,1,0.4134669452076179,1.0
period1,sc01,t6293,1,0.39450951522160393,1.0
period1,sc01,t6294,1,0.36606134896227505,1.0
period1,sc01,t6295,1,0.3265404262572586,1.0
period1,sc01,t6296,1,0.27853100731429253,1.0
period1,sc01,t6297,1,0.2629637452658086,1.0
period1,sc01,t6298,1,0.22851067312816253,1.0
period1,sc01,t6299,1,0.14020981318529135,1.0
period1,sc01,t6300,1,0.1339654543206975,1.0
period1,sc01,t6301,1,0.19063952869059253,1.0
period1,sc01,t6302,1,0.37596783347825,1.0
period1,sc01,t6303,1,0.5128300715712918,1.0
period1,sc01,t6304,1,0.5704147725778345,1.0
period1,sc01,t6305,1,0.689375399428124,1.0
period1,sc01,t6306,1,0.5418066853969936,1.0
period1,sc01,t6307,1,0.7185700832614644,1.0
period1,sc01,t6308,1,0.4781639395767252,1.0
period1,sc01,t6309,1,0.3971730281025296,1.0
period1,sc01,t6310,1,0.47105290951849144,1.0
period1,sc01,t6311,1,0.69500377029928,1.0
period1,sc01,t6312,1,0.7893123408544609,1.0
period1,sc01,t6313,1,0.7665206094899809,1.0
period1,sc01,t6314,1,0.6525254114085669,1.0
period1,sc01,t6315,1,0.5844208025264391,1.0
period1,sc01,t6316,1,0.699513455819953,1.0
period1,sc01,t6317,1,0.7044737315763444,1.0
period1,sc01,t6318,1,0.8780088108106094,1.0
period1,sc01,t6319,1,0.8984222575770464,1.0
period1,sc01,t6320,1,0.8994479652199419,1.0
period1,sc01,t6321,1,0.8990124639167092,1.0
period1,sc01,t6322,1,0.8974733426773781,1.0
period1,sc01,t6323,1,0.8862742800869174,1.0
period1,sc01,t6324,1,0.889527005671679,1.0
period1,sc01,t6325,1,0.895280124817365,1.0
period1,sc01,t6326,1,0.8007545717950638,1.0
period1,sc01,t6327,1,0.6161825399143319,1.0
period1,sc01,t6328,1,0.7710015064933347,1.0
period1,sc01,t6329,1,0.8534938586219365,1.0
period1,sc01,t6330,1,0.8693401349955241,1.0
period1,sc01,t6331,1,0.8844789160467594,1.0
period1,sc01,t6332,1,0.8785661442771125,1.0
period1,sc01,t6333,1,0.8553796977002253,1.0
period1,sc01,t6334,1,0.7958150110376957,1.0
period1,sc01,t6335,1,0.7186788680264965,1.0
period1,sc01,t6336,1,0.6730509199516596,1.0
period1,sc01,t6337,1,0.6551680934843628,1.0
period1,sc01,t6338,1,0.5839653033532448,1.0
period1,sc01,t6339,1,0.5327098438706993,1.0
period1,sc01,t6340,1,0.5820467301767547,1.0
period1,sc01,t6341,1,0.5964301726062304,1.0
period1,sc01,t6342,1,0.48657135528095274,1.0
period1,sc01,t6343,1,0.4562785423915068,1.0
period1,sc01,t6344,1,0.5030887702851838,1.0
period1,sc01,t6345,1,0.4978287013650955,1.0
period1,sc01,t6346,1,0.5844181814426058,1.0
period1,sc01,t6347,1,0.5472703529635572,1.0
period1,sc01,t6348,1,0.5067750314878517,1.0
period1,sc01,t6349,1,0.5236508045037331,1.0
period1,sc01,t6350,1,0.610815036423061,1.0
period1,sc01,t6351,1,0.5126588577090302,1.0
period1,sc01,t6352,1,0.40889464289635824,1.0
period1,sc01,t6353,1,0.2832444780339997,1.0
period1,sc01,t6354,1,0.1939264055902746,1.0
period1,sc01,t6355,1,0.11038541778602774,1.0
period1,sc01,t6356,1,0.09488339865170685,1.0
period1,sc01,t6357,1,0.07638111773004942,1.0
period1,sc01,t6358,1,0.05925119919351013,1.0
period1,sc01,t6359,1,0.03463955772499125,1.0
period1,sc01,t6360,1,0.05603026648482495,1.0
period1,sc01,t6361,1,0.070334166306861,1.0
period1,sc01,t6362,1,0.06518512196925155,1.0
period1,sc01,t6363,1,0.06486152858243703,1.0
period1,sc01,t6364,1,0.07024225775229935,1.0
period1,sc01,t6365,1,0.08328429647726779,1.0
period1,sc01,t6366,1,0.09445976611255179,1.0
period1,sc01,t6367,1,0.09170187541101144,1.0
period1,sc01,t6368,1,0.06881661330638777,1.0
period1,sc01,t6369,1,0.01741167579379644,1.0
period1,sc01,t6370,1,0.00351053388619749,1.0
period1,sc01,t6371,1,0.0011315905634033101,1.0
period1,sc01,t6372,1,0.011135157319436581,1.0
period1,sc01,t6373,1,0.020136025681454523,1.0
period1,sc01,t6374,1,0.0209140130802231,1.0
period1,sc01,t6375,1,0.02577735051560451,1.0
period1,sc01,t6376,1,0.03076983223575228,1.0
period1,sc01,t6377,1,0.04982737908095424,1.0
period1,sc01,t6378,1,0.07173305703120052,1.0
period1,sc01,t6379,1,0.07031713746182867,1.0
period1,sc01,t6380,1,0.04694400985865796,1.0
period1,sc01,t6381,1,0.02682408796663374,1.0
period1,sc01,t6382,1,0.00150239753485236,1.0
period1,sc01,t6383,1,0.00107849863487952,1.0
period1,sc01,t6384,1,0.00042564768329952,1.0
period1,sc01,t6385,1,0.0,1.0
period1,sc01,t6386,1,0.0,1.0
period1,sc01,t6387,1,0.0,1.0
period1,sc01,t6388,1,0.0,1.0
period1,sc01,t6389,1,0.0,1.0
period1,sc01,t6390,1,0.0,1.0
period1,sc01,t6391,1,0.0,1.0
period1,sc01,t6392,1,0.0,1.0
period1,sc01,t6393,1,0.0,1.0
period1,sc01,t6394,1,0.0,1.0
period1,sc01,t6395,1,0.0,1.0
period1,sc01,t6396,1,0.0,1.0
period1,sc01,t6397,1,0.0,1.0
period1,sc01,t6398,1,0.0,1.0
period1,sc01,t6399,1,0.0,1.0
period1,sc01,t6400,1,0.00087030086219424,1.0
period1,sc01,t6401,1,0.02513449626029154,1.0
period1,sc01,t6402,1,0.0540437663455011,1.0
period1,sc01,t6403,1,0.058344248915749165,1.0
period1,sc01,t6404,1,0.05411566865902257,1.0
period1,sc01,t6405,1,0.04246466403822966,1.0
period1,sc01,t6406,1,0.03256252094437974,1.0
period1,sc01,t6407,1,0.02850960783314664,1.0
period1,sc01,t6408,1,0.03923771664780333,1.0
period1,sc01,t6409,1,0.03511588827649203,1.0
period1,sc01,t6410,1,0.035937446085448466,1.0
period1,sc01,t6411,1,0.03618119863039104,1.0
period1,sc01,t6412,1,0.03442641170309757,1.0
period1,sc01,t6413,1,0.03316382455425768,1.0
period1,sc01,t6414,1,0.0239914808651628,1.0
period1,sc01,t6415,1,0.03107972834128629,1.0
period1,sc01,t6416,1,0.0164336319818217,1.0
period1,sc01,t6417,1,0.00011232220562667,1.0
period1,sc01,t6418,1,0.0,1.0
period1,sc01,t6419,1,0.0,1.0
period1,sc01,t6420,1,0.0,1.0
period1,sc01,t6421,1,0.0,1.0
period1,sc01,t6422,1,0.0,1.0
period1,sc01,t6423,1,9.870769297260001e-05,1.0
period1,sc01,t6424,1,0.0009727812767473201,1.0
period1,sc01,t6425,1,0.03611799753995178,1.0
period1,sc01,t6426,1,0.06479684865946846,1.0
period1,sc01,t6427,1,0.06870197856078873,1.0
period1,sc01,t6428,1,0.0588214872163125,1.0
period1,sc01,t6429,1,0.06099681908814607,1.0
period1,sc01,t6430,1,0.06852510045799497,1.0
period1,sc01,t6431,1,0.11575938484367812,1.0
period1,sc01,t6432,1,0.12395733975811746,1.0
period1,sc01,t6433,1,0.09384699595000437,1.0
period1,sc01,t6434,1,0.06483952076624046,1.0
period1,sc01,t6435,1,0.05918570798402529,1.0
period1,sc01,t6436,1,0.06505511258758312,1.0
period1,sc01,t6437,1,0.07713497434727826,1.0
period1,sc01,t6438,1,0.10897146390453624,1.0
period1,sc01,t6439,1,0.12878501355716662,1.0
period1,sc01,t6440,1,0.1108843192374633,1.0
period1,sc01,t6441,1,0.061525211090914085,1.0
period1,sc01,t6442,1,0.053295004210061885,1.0
period1,sc01,t6443,1,0.02871853515672777,1.0
period1,sc01,t6444,1,0.02107174700976786,1.0
period1,sc01,t6445,1,0.020395032012246243,1.0
period1,sc01,t6446,1,0.033062208128655846,1.0
period1,sc01,t6447,1,0.03931105836693186,1.0
period1,sc01,t6448,1,0.026114428339421493,1.0
period1,sc01,t6449,1,0.03919106761701993,1.0
period1,sc01,t6450,1,0.06954088341000843,1.0
period1,sc01,t6451,1,0.11460355631369927,1.0
period1,sc01,t6452,1,0.1385084551789119,1.0
period1,sc01,t6453,1,0.16640325253697805,1.0
period1,sc01,t6454,1,0.17602913512021762,1.0
period1,sc01,t6455,1,0.215947705705081,1.0
period1,sc01,t6456,1,0.18287439821913617,1.0
period1,sc01,t6457,1,0.15320870676585593,1.0
period1,sc01,t6458,1,0.15672060990432146,1.0
period1,sc01,t6459,1,0.20999165779178328,1.0
period1,sc01,t6460,1,0.2450747390954715,1.0
period1,sc01,t6461,1,0.26257714036862545,1.0
period1,sc01,t6462,1,0.2683478026652798,1.0
period1,sc01,t6463,1,0.26157088298359005,1.0
period1,sc01,t6464,1,0.24340037348794907,1.0
period1,sc01,t6465,1,0.13883588621785242,1.0
period1,sc01,t6466,1,0.1477186735701447,1.0
period1,sc01,t6467,1,0.08434681153750144,1.0
period1,sc01,t6468,1,0.06657030477912276,1.0
period1,sc01,t6469,1,0.07478415051831351,1.0
period1,sc01,t6470,1,0.08906145728336154,1.0
period1,sc01,t6471,1,0.09150920024563855,1.0
period1,sc01,t6472,1,0.08006924751446619,1.0
period1,sc01,t6473,1,0.10623048623352369,1.0
period1,sc01,t6474,1,0.13851661759741485,1.0
period1,sc01,t6475,1,0.18859036784071628,1.0
period1,sc01,t6476,1,0.18359729398178776,1.0
period1,sc01,t6477,1,0.1497662596241704,1.0
period1,sc01,t6478,1,0.12308642410792149,1.0
period1,sc01,t6479,1,0.1065397272690447,1.0
period1,sc01,t6480,1,0.08580226347402237,1.0
period1,sc01,t6481,1,0.07840664719132392,1.0
period1,sc01,t6482,1,0.08155990423450332,1.0
period1,sc01,t6483,1,0.10565919480429721,1.0
period1,sc01,t6484,1,0.14802340473189288,1.0
period1,sc01,t6485,1,0.17311561718303015,1.0
period1,sc01,t6486,1,0.18659920621684742,1.0
period1,sc01,t6487,1,0.20236442113365957,1.0
period1,sc01,t6488,1,0.21765827357388054,1.0
period1,sc01,t6489,1,0.14657216768700065,1.0
period1,sc01,t6490,1,0.15132821411707317,1.0
period1,sc01,t6491,1,0.08564767294579542,1.0
period1,sc01,t6492,1,0.10361786752729539,1.0
period1,sc01,t6493,1,0.08450942287188286,1.0
period1,sc01,t6494,1,0.0762767425164266,1.0
period1,sc01,t6495,1,0.02774287960859691,1.0
period1,sc01,t6496,1,0.005711203142227531,1.0
period1,sc01,t6497,1,0.02118562149548772,1.0
period1,sc01,t6498,1,0.06208845332457195,1.0
period1,sc01,t6499,1,0.10598770826977563,1.0
period1,sc01,t6500,1,0.12109121283302333,1.0
period1,sc01,t6501,1,0.1341318667543624,1.0
period1,sc01,t6502,1,0.14487239662767804,1.0
period1,sc01,t6503,1,0.16194688728686785,1.0
period1,sc01,t6504,1,0.1472181009418699,1.0
period1,sc01,t6505,1,0.15574791479111003,1.0
period1,sc01,t6506,1,0.17838177425170776,1.0
period1,sc01,t6507,1,0.17761203668879272,1.0
period1,sc01,t6508,1,0.18536045322276973,1.0
period1,sc01,t6509,1,0.19964946519274662,1.0
period1,sc01,t6510,1,0.23711076336410095,1.0
period1,sc01,t6511,1,0.2609098665715537,1.0
period1,sc01,t6512,1,0.2710447664284648,1.0
period1,sc01,t6513,1,0.21658804249298563,1.0
period1,sc01,t6514,1,0.18974518482102165,1.0
period1,sc01,t6515,1,0.19933649376004242,1.0
period1,sc01,t6516,1,0.1257250032407274,1.0
period1,sc01,t6517,1,0.09305884114765227,1.0
period1,sc01,t6518,1,0.07841043095750586,1.0
period1,sc01,t6519,1,0.060038515674699214,1.0
period1,sc01,t6520,1,0.08030556980518284,1.0
period1,sc01,t6521,1,0.12068545118948154,1.0
period1,sc01,t6522,1,0.15392542070636864,1.0
period1,sc01,t6523,1,0.18143152976218627,1.0
period1,sc01,t6524,1,0.18058970038768282,1.0
period1,sc01,t6525,1,0.19620387141003837,1.0
period1,sc01,t6526,1,0.2061872999078698,1.0
period1,sc01,t6527,1,0.22795050502550107,1.0
period1,sc01,t6528,1,0.18808380559285848,1.0
period1,sc01,t6529,1,0.1647169711040311,1.0
period1,sc01,t6530,1,0.1574640895740723,1.0
period1,sc01,t6531,1,0.18334769443186014,1.0
period1,sc01,t6532,1,0.20691276223815622,1.0
period1,sc01,t6533,1,0.20218306366601452,1.0
period1,sc01,t6534,1,0.21519105236734581,1.0
period1,sc01,t6535,1,0.22768773826654623,1.0
period1,sc01,t6536,1,0.20502464945762944,1.0
period1,sc01,t6537,1,0.1067322802020588,1.0
period1,sc01,t6538,1,0.08302859153076987,1.0
period1,sc01,t6539,1,0.07467001986587679,1.0
period1,sc01,t6540,1,0.06593547028899033,1.0
period1,sc01,t6541,1,0.0316036491653565,1.0
period1,sc01,t6542,1,0.01894610853641349,1.0
period1,sc01,t6543,1,0.00845042113071792,1.0
period1,sc01,t6544,1,0.015060885442421852,1.0
period1,sc01,t6545,1,0.040479888743847635,1.0
period1,sc01,t6546,1,0.057684033360136534,1.0
period1,sc01,t6547,1,0.06926566545371124,1.0
period1,sc01,t6548,1,0.09696002877969534,1.0
period1,sc01,t6549,1,0.128706675050358,1.0
period1,sc01,t6550,1,0.13683491504813303,1.0
period1,sc01,t6551,1,0.1321345196932922,1.0
period1,sc01,t6552,1,0.11434460234988744,1.0
period1,sc01,t6553,1,0.09158780602343079,1.0
period1,sc01,t6554,1,0.0906046089502761,1.0
period1,sc01,t6555,1,0.09080140219355394,1.0
period1,sc01,t6556,1,0.08517902979406977,1.0
period1,sc01,t6557,1,0.09265526882707492,1.0
period1,sc01,t6558,1,0.11796014149986482,1.0
period1,sc01,t6559,1,0.12729526502754726,1.0
period1,sc01,t6560,1,0.08756434899068995,1.0
period1,sc01,t6561,1,0.060616814057996314,1.0
period1,sc01,t6562,1,0.07069993649201564,1.0
period1,sc01,t6563,1,0.0338188095155826,1.0
period1,sc01,t6564,1,0.03957002600684517,1.0
period1,sc01,t6565,1,0.03135656648811204,1.0
period1,sc01,t6566,1,0.0158151676691052,1.0
period1,sc01,t6567,1,0.0013791117609500399,1.0
period1,sc01,t6568,1,0.0009174389292765,1.0
period1,sc01,t6569,1,0.00092346271295283,1.0
period1,sc01,t6570,1,0.00074277579796632,1.0
period1,sc01,t6571,1,0.00048374206714368005,1.0
period1,sc01,t6572,1,0.0006071568632368201,1.0
period1,sc01,t6573,1,0.0202429409697981,1.0
period1,sc01,t6574,1,0.07171371261445024,1.0
period1,sc01,t6575,1,0.0729285591900113,1.0
period1,sc01,t6576,1,0.07815922736502591,1.0
period1,sc01,t6577,1,0.07971743255294583,1.0
period1,sc01,t6578,1,0.07678375439536819,1.0
period1,sc01,t6579,1,0.06565770516928474,1.0
period1,sc01,t6580,1,0.05754106123685974,1.0
period1,sc01,t6581,1,0.06455270078308431,1.0
period1,sc01,t6582,1,0.07936662485460573,1.0
period1,sc01,t6583,1,0.08562132391779072,1.0
period1,sc01,t6584,1,0.07262382626824347,1.0
period1,sc01,t6585,1,0.05780802821401449,1.0
period1,sc01,t6586,1,0.06444781986084912,1.0
period1,sc01,t6587,1,0.039846888281795764,1.0
period1,sc01,t6588,1,0.05382100225163799,1.0
period1,sc01,t6589,1,0.050196785214274925,1.0
period1,sc01,t6590,1,0.048157541098027015,1.0
period1,sc01,t6591,1,0.038763420013485636,1.0
period1,sc01,t6592,1,0.028232979383967658,1.0
period1,sc01,t6593,1,0.02684501489722419,1.0
period1,sc01,t6594,1,0.03308013844748154,1.0
period1,sc01,t6595,1,0.03857732261471889,1.0
period1,sc01,t6596,1,0.0957230312571991,1.0
period1,sc01,t6597,1,0.18958556176536062,1.0
period1,sc01,t6598,1,0.2367900209133529,1.0
period1,sc01,t6599,1,0.2990132176801437,1.0
period1,sc01,t6600,1,0.3132825335557152,1.0
period1,sc01,t6601,1,0.3075838975808984,1.0
period1,sc01,t6602,1,0.3179121469383412,1.0
period1,sc01,t6603,1,0.3272119986049694,1.0
period1,sc01,t6604,1,0.32966650987802254,1.0
period1,sc01,t6605,1,0.348216324580566,1.0
period1,sc01,t6606,1,0.34805301555707713,1.0
period1,sc01,t6607,1,0.3714256483736465,1.0
period1,sc01,t6608,1,0.3779308277282944,1.0
period1,sc01,t6609,1,0.5593990235326709,1.0
period1,sc01,t6610,1,0.5382150900530697,1.0
period1,sc01,t6611,1,0.5544969320747503,1.0
period1,sc01,t6612,1,0.588015181642359,1.0
period1,sc01,t6613,1,0.6188583099943618,1.0
period1,sc01,t6614,1,0.6286367525377052,1.0
period1,sc01,t6615,1,0.6442739210970215,1.0
period1,sc01,t6616,1,0.5744909849519532,1.0
period1,sc01,t6617,1,0.6133709596890344,1.0
period1,sc01,t6618,1,0.6809445375661685,1.0
period1,sc01,t6619,1,0.7873624600092549,1.0
period1,sc01,t6620,1,0.8449112231539204,1.0
period1,sc01,t6621,1,0.8823138322402702,1.0
period1,sc01,t6622,1,0.8972237369733804,1.0
period1,sc01,t6623,1,0.8996623214858775,1.0
period1,sc01,t6624,1,0.9,1.0
period1,sc01,t6625,1,0.9,1.0
period1,sc01,t6626,1,0.9,1.0
period1,sc01,t6627,1,0.9,1.0
period1,sc01,t6628,1,0.9,1.0
period1,sc01,t6629,1,0.9,1.0
period1,sc01,t6630,1,0.9,1.0
period1,sc01,t6631,1,0.9,1.0
period1,sc01,t6632,1,0.9,1.0
period1,sc01,t6633,1,0.9,1.0
period1,sc01,t6634,1,0.9,1.0
period1,sc01,t6635,1,0.9,1.0
period1,sc01,t6636,1,0.9,1.0
period1,sc01,t6637,1,0.9,1.0
period1,sc01,t6638,1,0.9,1.0
period1,sc01,t6639,1,0.8810262280769497,1.0
period1,sc01,t6640,1,0.8102048789761515,1.0
period1,sc01,t6641,1,0.43534537316119903,1.0
period1,sc01,t6642,1,0.1116910592693578,1.0
period1,sc01,t6643,1,0.1306853664761789,1.0
period1,sc01,t6644,1,0.28992810555726434,1.0
period1,sc01,t6645,1,0.443543763540637,1.0
period1,sc01,t6646,1,0.49399675551470307,1.0
period1,sc01,t6647,1,0.4391862332411054,1.0
period1,sc01,t6648,1,0.3443277366837601,1.0
period1,sc01,t6649,1,0.30136088433046715,1.0
period1,sc01,t6650,1,0.4176445905174481,1.0
period1,sc01,t6651,1,0.6047104639746251,1.0
period1,sc01,t6652,1,0.5970837581668863,1.0
period1,sc01,t6653,1,0.5700566440134087,1.0
period1,sc01,t6654,1,0.6290917504341038,1.0
period1,sc01,t6655,1,0.548591754362751,1.0
period1,sc01,t6656,1,0.6660774557711178,1.0
period1,sc01,t6657,1,0.7261605612976639,1.0
period1,sc01,t6658,1,0.8261780550274954,1.0
period1,sc01,t6659,1,0.8922822675441027,1.0
period1,sc01,t6660,1,0.843480200628531,1.0
period1,sc01,t6661,1,0.8653342541866837,1.0
period1,sc01,t6662,1,0.7927693634560343,1.0
period1,sc01,t6663,1,0.6396862771418439,1.0
period1,sc01,t6664,1,0.7560146834247523,1.0
period1,sc01,t6665,1,0.5337543785194693,1.0
period1,sc01,t6666,1,0.2881967277061158,1.0
period1,sc01,t6667,1,0.11476315268243856,1.0
period1,sc01,t6668,1,0.027748630311770068,1.0
period1,sc01,t6669,1,0.04574160478300212,1.0
period1,sc01,t6670,1,0.08753695143485346,1.0
period1,sc01,t6671,1,0.14926904080332362,1.0
period1,sc01,t6672,1,0.12873034977315811,1.0
period1,sc01,t6673,1,0.10731563173818873,1.0
period1,sc01,t6674,1,0.14382070502159322,1.0
period1,sc01,t6675,1,0.1386092986883731,1.0
period1,sc01,t6676,1,0.13915966745692349,1.0
period1,sc01,t6677,1,0.1127353466381194,1.0
period1,sc01,t6678,1,0.1390954233395208,1.0
period1,sc01,t6679,1,0.14790983385018708,1.0
period1,sc01,t6680,1,0.1365929825303879,1.0
period1,sc01,t6681,1,0.09547725029781061,1.0
period1,sc01,t6682,1,0.07364240801600724,1.0
period1,sc01,t6683,1,0.05697368078562504,1.0
period1,sc01,t6684,1,0.07600556633409747,1.0
period1,sc01,t6685,1,0.07184419987875201,1.0
period1,sc01,t6686,1,0.04470719235235488,1.0
period1,sc01,t6687,1,0.02410411260255336,1.0
period1,sc01,t6688,1,0.0156516901219962,1.0
period1,sc01,t6689,1,0.00121934597209884,1.0
period1,sc01,t6690,1,0.00025197732803718,1.0
period1,sc01,t6691,1,0.0,1.0
period1,sc01,t6692,1,0.0,1.0
period1,sc01,t6693,1,0.0,1.0
period1,sc01,t6694,1,0.0008928022914708299,1.0
period1,sc01,t6695,1,0.020626855186011213,1.0
period1,sc01,t6696,1,0.0478333043130078,1.0
period1,sc01,t6697,1,0.05531448193997391,1.0
period1,sc01,t6698,1,0.07025640098274046,1.0
period1,sc01,t6699,1,0.0705348346396238,1.0
period1,sc01,t6700,1,0.06461765211667797,1.0
period1,sc01,t6701,1,0.06765880451048163,1.0
period1,sc01,t6702,1,0.07597813492566226,1.0
period1,sc01,t6703,1,0.11852360020844119,1.0
period1,sc01,t6704,1,0.15935122499317553,1.0
period1,sc01,t6705,1,0.22171872927269215,1.0
period1,sc01,t6706,1,0.24887649491242175,1.0
period1,sc01,t6707,1,0.2938661616207272,1.0
period1,sc01,t6708,1,0.25460576921625966,1.0
period1,sc01,t6709,1,0.3370158309929099,1.0
period1,sc01,t6710,1,0.3549888447642397,1.0
period1,sc01,t6711,1,0.3451370876939151,1.0
period1,sc01,t6712,1,0.3165038369899911,1.0
period1,sc01,t6713,1,0.2991621866386079,1.0
period1,sc01,t6714,1,0.2547119385235307,1.0
period1,sc01,t6715,1,0.26220524958850083,1.0
period1,sc01,t6716,1,0.266858179718942,1.0
period1,sc01,t6717,1,0.2876468199282495,1.0
period1,sc01,t6718,1,0.2761934750620962,1.0
period1,sc01,t6719,1,0.27343654017207397,1.0
period1,sc01,t6720,1,0.27088685335877466,1.0
period1,sc01,t6721,1,0.28087932104051994,1.0
period1,sc01,t6722,1,0.31805025928396197,1.0
period1,sc01,t6723,1,0.32562558693014887,1.0
period1,sc01,t6724,1,0.28677349041935457,1.0
period1,sc01,t6725,1,0.23878916428141528,1.0
period1,sc01,t6726,1,0.2458942605217613,1.0
period1,sc01,t6727,1,0.32567110608632954,1.0
period1,sc01,t6728,1,0.41735047616191595,1.0
period1,sc01,t6729,1,0.32788687236495095,1.0
period1,sc01,t6730,1,0.3276306769738581,1.0
period1,sc01,t6731,1,0.3373708357906398,1.0
period1,sc01,t6732,1,0.3496928975001484,1.0
period1,sc01,t6733,1,0.382667987039284,1.0
period1,sc01,t6734,1,0.3668689268399207,1.0
period1,sc01,t6735,1,0.36656854969531166,1.0
period1,sc01,t6736,1,0.30451144916933226,1.0
period1,sc01,t6737,1,0.23216975982961724,1.0
period1,sc01,t6738,1,0.23230661722084708,1.0
period1,sc01,t6739,1,0.28191092116392397,1.0
period1,sc01,t6740,1,0.29841160664734534,1.0
period1,sc01,t6741,1,0.2839051732337869,1.0
period1,sc01,t6742,1,0.2714627915919766,1.0
period1,sc01,t6743,1,0.24314049135169508,1.0
period1,sc01,t6744,1,0.24020166694154235,1.0
period1,sc01,t6745,1,0.253317205651642,1.0
period1,sc01,t6746,1,0.278953593694617,1.0
period1,sc01,t6747,1,0.275677408341837,1.0
period1,sc01,t6748,1,0.2516450499372733,1.0
period1,sc01,t6749,1,0.2573133164907696,1.0
period1,sc01,t6750,1,0.29852771330481515,1.0
period1,sc01,t6751,1,0.4175993346737546,1.0
period1,sc01,t6752,1,0.3612318139575327,1.0
period1,sc01,t6753,1,0.4086122086644499,1.0
period1,sc01,t6754,1,0.6574242819581619,1.0
period1,sc01,t6755,1,0.47353033853580695,1.0
period1,sc01,t6756,1,0.7758880388282597,1.0
period1,sc01,t6757,1,0.8532215418464691,1.0
period1,sc01,t6758,1,0.8783655637859763,1.0
period1,sc01,t6759,1,0.8252194078038501,1.0
period1,sc01,t6760,1,0.8293041218422891,1.0
period1,sc01,t6761,1,0.823482628547564,1.0
period1,sc01,t6762,1,0.8410832675678005,1.0
period1,sc01,t6763,1,0.8779076507302531,1.0
period1,sc01,t6764,1,0.8930213726280005,1.0
period1,sc01,t6765,1,0.8971702476776129,1.0
period1,sc01,t6766,1,0.8903508648079285,1.0
period1,sc01,t6767,1,0.8728144254909855,1.0
period1,sc01,t6768,1,0.825528474268075,1.0
period1,sc01,t6769,1,0.7728207253049048,1.0
period1,sc01,t6770,1,0.7756011863343006,1.0
period1,sc01,t6771,1,0.7380923277627681,1.0
period1,sc01,t6772,1,0.7446106608236832,1.0
period1,sc01,t6773,1,0.6457393689816222,1.0
period1,sc01,t6774,1,0.527561170212086,1.0
period1,sc01,t6775,1,0.47305633644200973,1.0
period1,sc01,t6776,1,0.48202199567621073,1.0
period1,sc01,t6777,1,0.38782816506574525,1.0
period1,sc01,t6778,1,0.5757470720165414,1.0
period1,sc01,t6779,1,0.4595985695214039,1.0
period1,sc01,t6780,1,0.657446782029528,1.0
period1,sc01,t6781,1,0.8552889360774453,1.0
period1,sc01,t6782,1,0.8925675374968844,1.0
period1,sc01,t6783,1,0.891911504705045,1.0
period1,sc01,t6784,1,0.8845226641141701,1.0
period1,sc01,t6785,1,0.8853587199321736,1.0
period1,sc01,t6786,1,0.8875936553972695,1.0
period1,sc01,t6787,1,0.8971368179475172,1.0
period1,sc01,t6788,1,0.8987668743398916,1.0
period1,sc01,t6789,1,0.8994434552809834,1.0
period1,sc01,t6790,1,0.8992992602780128,1.0
period1,sc01,t6791,1,0.8970900400002352,1.0
period1,sc01,t6792,1,0.8978062508033474,1.0
period1,sc01,t6793,1,0.8979578345204599,1.0
period1,sc01,t6794,1,0.8970990412706172,1.0
period1,sc01,t6795,1,0.8866686939807669,1.0
period1,sc01,t6796,1,0.8778115657303621,1.0
period1,sc01,t6797,1,0.8291500643467465,1.0
period1,sc01,t6798,1,0.784885440881613,1.0
period1,sc01,t6799,1,0.7572077796052685,1.0
period1,sc01,t6800,1,0.6375559767504326,1.0
period1,sc01,t6801,1,0.4278629921479431,1.0
period1,sc01,t6802,1,0.3516999020393578,1.0
period1,sc01,t6803,1,0.2777774061604026,1.0
period1,sc01,t6804,1,0.273108209047229,1.0
period1,sc01,t6805,1,0.21294572026767136,1.0
period1,sc01,t6806,1,0.26635451992842296,1.0
period1,sc01,t6807,1,0.25221272894876917,1.0
period1,sc01,t6808,1,0.23124074135242007,1.0
period1,sc01,t6809,1,0.33686231250558923,1.0
period1,sc01,t6810,1,0.3749170416058825,1.0
period1,sc01,t6811,1,0.37189499132023274,1.0
period1,sc01,t6812,1,0.35022102733820504,1.0
period1,sc01,t6813,1,0.37109740235501215,1.0
period1,sc01,t6814,1,0.42916060107881404,1.0
period1,sc01,t6815,1,0.5282285250804296,1.0
period1,sc01,t6816,1,0.590894680751478,1.0
period1,sc01,t6817,1,0.6511338349672515,1.0
period1,sc01,t6818,1,0.6876628859348762,1.0
period1,sc01,t6819,1,0.5467877180320961,1.0
period1,sc01,t6820,1,0.5103211690602574,1.0
period1,sc01,t6821,1,0.38352143587042414,1.0
period1,sc01,t6822,1,0.29984852132175793,1.0
period1,sc01,t6823,1,0.24510127312473617,1.0
period1,sc01,t6824,1,0.20530749707024232,1.0
period1,sc01,t6825,1,0.18638114602214115,1.0
period1,sc01,t6826,1,0.11141405840991636,1.0
period1,sc01,t6827,1,0.08555011516062441,1.0
period1,sc01,t6828,1,0.07521528262658958,1.0
period1,sc01,t6829,1,0.0691968369619179,1.0
period1,sc01,t6830,1,0.047671336954380514,1.0
period1,sc01,t6831,1,0.03660894995022414,1.0
period1,sc01,t6832,1,0.05448369483762057,1.0
period1,sc01,t6833,1,0.0776112879356685,1.0
period1,sc01,t6834,1,0.09980610326042202,1.0
period1,sc01,t6835,1,0.11145028149876339,1.0
period1,sc01,t6836,1,0.10505105978385376,1.0
period1,sc01,t6837,1,0.10284113566770282,1.0
period1,sc01,t6838,1,0.09752610974195017,1.0
period1,sc01,t6839,1,0.07857076012800301,1.0
period1,sc01,t6840,1,0.07575080701660362,1.0
period1,sc01,t6841,1,0.09896885306146026,1.0
period1,sc01,t6842,1,0.090606942465607,1.0
period1,sc01,t6843,1,0.056065725458843224,1.0
period1,sc01,t6844,1,0.041562644576067356,1.0
period1,sc01,t6845,1,0.01502086808826576,1.0
period1,sc01,t6846,1,0.00068151593622915,1.0
period1,sc01,t6847,1,0.0,1.0
period1,sc01,t6848,1,0.0,1.0
period1,sc01,t6849,1,0.0,1.0
period1,sc01,t6850,1,0.0,1.0
period1,sc01,t6851,1,0.00022843912080141,1.0
period1,sc01,t6852,1,0.00112124868038145,1.0
period1,sc01,t6853,1,0.01409431097263158,1.0
period1,sc01,t6854,1,0.02956629281023647,1.0
period1,sc01,t6855,1,0.03835592730819801,1.0
period1,sc01,t6856,1,0.06066797864970429,1.0
period1,sc01,t6857,1,0.07884431833721724,1.0
period1,sc01,t6858,1,0.04953644268000714,1.0
period1,sc01,t6859,1,0.00971342044091361,1.0
period1,sc01,t6860,1,0.00058098078537192,1.0
period1,sc01,t6861,1,0.0,1.0
period1,sc01,t6862,1,0.0,1.0
period1,sc01,t6863,1,0.0,1.0
period1,sc01,t6864,1,0.0,1.0
period1,sc01,t6865,1,0.0011970609348815099,1.0
period1,sc01,t6866,1,0.00923706958977855,1.0
period1,sc01,t6867,1,0.02108598421113729,1.0
period1,sc01,t6868,1,0.01794284899576272,1.0
period1,sc01,t6869,1,0.0039479821606773005,1.0
period1,sc01,t6870,1,0.00081626978484027,1.0
period1,sc01,t6871,1,0.00043732300801005,1.0
period1,sc01,t6872,1,5.572000034142063e-05,1.0
period1,sc01,t6873,1,0.00018452676560237998,1.0
period1,sc01,t6874,1,0.0,1.0
period1,sc01,t6875,1,0.0005411774155487401,1.0
period1,sc01,t6876,1,0.0010454637431043,1.0
period1,sc01,t6877,1,0.00132128541239769,1.0
period1,sc01,t6878,1,0.00118588574473371,1.0
period1,sc01,t6879,1,0.00076859126721864,1.0
period1,sc01,t6880,1,0.0010567183876346701,1.0
period1,sc01,t6881,1,0.00410034936452148,1.0
period1,sc01,t6882,1,0.01801624131302859,1.0
period1,sc01,t6883,1,0.02519779173611382,1.0
period1,sc01,t6884,1,0.040813538920318526,1.0
period1,sc01,t6885,1,0.056491884120949645,1.0
period1,sc01,t6886,1,0.04994880514105446,1.0
period1,sc01,t6887,1,0.07260208503912297,1.0
period1,sc01,t6888,1,0.06997694059332882,1.0
period1,sc01,t6889,1,0.06639596722343466,1.0
period1,sc01,t6890,1,0.05218064998969815,1.0
period1,sc01,t6891,1,0.04741938646865055,1.0
period1,sc01,t6892,1,0.05594776803192052,1.0
period1,sc01,t6893,1,0.07017009900430347,1.0
period1,sc01,t6894,1,0.0679554091835865,1.0
period1,sc01,t6895,1,0.06190740868335732,1.0
period1,sc01,t6896,1,0.0567413316219646,1.0
period1,sc01,t6897,1,0.060090234250826255,1.0
period1,sc01,t6898,1,0.07313997053945809,1.0
period1,sc01,t6899,1,0.12591760811201308,1.0
period1,sc01,t6900,1,0.12163250809469305,1.0
period1,sc01,t6901,1,0.07927497514027432,1.0
period1,sc01,t6902,1,0.05464625776108866,1.0
period1,sc01,t6903,1,0.054584563015858595,1.0
period1,sc01,t6904,1,0.05018012049842874,1.0
period1,sc01,t6905,1,0.03600525022325271,1.0
period1,sc01,t6906,1,0.03569696283009771,1.0
period1,sc01,t6907,1,0.03743610605009523,1.0
period1,sc01,t6908,1,0.05143719794701059,1.0
period1,sc01,t6909,1,0.06141506346234765,1.0
period1,sc01,t6910,1,0.06070388959739519,1.0
period1,sc01,t6911,1,0.10618467830432649,1.0
period1,sc01,t6912,1,0.10871883519729326,1.0
period1,sc01,t6913,1,0.09950384124399708,1.0
period1,sc01,t6914,1,0.10250461282666357,1.0
period1,sc01,t6915,1,0.12901469715618127,1.0
period1,sc01,t6916,1,0.1354107909974582,1.0
period1,sc01,t6917,1,0.15446724835006764,1.0
period1,sc01,t6918,1,0.17055489961267578,1.0
period1,sc01,t6919,1,0.15048419571397423,1.0
period1,sc01,t6920,1,0.10558097799936364,1.0
period1,sc01,t6921,1,0.05367501329946822,1.0
period1,sc01,t6922,1,0.01638857980879389,1.0
period1,sc01,t6923,1,0.04537221725303514,1.0
period1,sc01,t6924,1,0.04932590951261106,1.0
period1,sc01,t6925,1,0.07580633255932519,1.0
period1,sc01,t6926,1,0.08241104046874868,1.0
period1,sc01,t6927,1,0.07307151285028267,1.0
period1,sc01,t6928,1,0.10049828514534648,1.0
period1,sc01,t6929,1,0.14216459679366095,1.0
period1,sc01,t6930,1,0.1307475060897141,1.0
period1,sc01,t6931,1,0.0862004350491255,1.0
period1,sc01,t6932,1,0.0993605769506979,1.0
period1,sc01,t6933,1,0.16875887122367064,1.0
period1,sc01,t6934,1,0.23622496453338884,1.0
period1,sc01,t6935,1,0.2593689877880751,1.0
period1,sc01,t6936,1,0.16869194666128043,1.0
period1,sc01,t6937,1,0.09717256546174863,1.0
period1,sc01,t6938,1,0.05593309889004918,1.0
period1,sc01,t6939,1,0.05689935847530045,1.0
period1,sc01,t6940,1,0.05748417388280053,1.0
period1,sc01,t6941,1,0.04778386677832815,1.0
period1,sc01,t6942,1,0.031163378374420472,1.0
period1,sc01,t6943,1,0.016595335407940653,1.0
period1,sc01,t6944,1,0.01433653085079504,1.0
period1,sc01,t6945,1,0.0009620846269033501,1.0
period1,sc01,t6946,1,0.00023584033822365,1.0
period1,sc01,t6947,1,0.0,1.0
period1,sc01,t6948,1,0.00119075369581368,1.0
period1,sc01,t6949,1,0.04415991752308239,1.0
period1,sc01,t6950,1,0.08797277372926537,1.0
period1,sc01,t6951,1,0.12482842965412141,1.0
period1,sc01,t6952,1,0.12800374622802702,1.0
period1,sc01,t6953,1,0.12732673207786327,1.0
period1,sc01,t6954,1,0.1373277314290762,1.0
period1,sc01,t6955,1,0.20897375255692524,1.0
period1,sc01,t6956,1,0.2350221085531765,1.0
period1,sc01,t6957,1,0.2011242679187823,1.0
period1,sc01,t6958,1,0.16753533339056698,1.0
period1,sc01,t6959,1,0.15150181705202492,1.0
period1,sc01,t6960,1,0.14702705183906822,1.0
period1,sc01,t6961,1,0.1279457343697125,1.0
period1,sc01,t6962,1,0.09914619106055764,1.0
period1,sc01,t6963,1,0.07503109006296241,1.0
period1,sc01,t6964,1,0.06488510991686668,1.0
period1,sc01,t6965,1,0.05657666313326148,1.0
period1,sc01,t6966,1,0.04660936895584188,1.0
period1,sc01,t6967,1,0.02057180196596103,1.0
period1,sc01,t6968,1,0.0009965736391140002,1.0
period1,sc01,t6969,1,0.0,1.0
period1,sc01,t6970,1,0.0,1.0
period1,sc01,t6971,1,0.0,1.0
period1,sc01,t6972,1,0.0,1.0
period1,sc01,t6973,1,0.0,1.0
period1,sc01,t6974,1,0.00029645912344851,1.0
period1,sc01,t6975,1,0.008441893608658472,1.0
period1,sc01,t6976,1,0.06677452150144451,1.0
period1,sc01,t6977,1,0.13502391686162685,1.0
period1,sc01,t6978,1,0.184135746563028,1.0
period1,sc01,t6979,1,0.19935266832510454,1.0
period1,sc01,t6980,1,0.1866626134231914,1.0
period1,sc01,t6981,1,0.19941351714203517,1.0
period1,sc01,t6982,1,0.22757537440903705,1.0
period1,sc01,t6983,1,0.2807182288391191,1.0
period1,sc01,t6984,1,0.25921135689608293,1.0
period1,sc01,t6985,1,0.23124090779695522,1.0
period1,sc01,t6986,1,0.2072027899040446,1.0
period1,sc01,t6987,1,0.18546916498707663,1.0
period1,sc01,t6988,1,0.1662548713436324,1.0
period1,sc01,t6989,1,0.15618863206045835,1.0
period1,sc01,t6990,1,0.14370172401837314,1.0
period1,sc01,t6991,1,0.13636057832678683,1.0
period1,sc01,t6992,1,0.14403482730367329,1.0
period1,sc01,t6993,1,0.12395333034101638,1.0
period1,sc01,t6994,1,0.09943429057241814,1.0
period1,sc01,t6995,1,0.0878574123817291,1.0
period1,sc01,t6996,1,0.09865486759857355,1.0
period1,sc01,t6997,1,0.099246890236013,1.0
period1,sc01,t6998,1,0.11335701805026435,1.0
period1,sc01,t6999,1,0.11301363237669895,1.0
period1,sc01,t7000,1,0.11101624497063567,1.0
period1,sc01,t7001,1,0.14728528124607224,1.0
period1,sc01,t7002,1,0.21890119092974694,1.0
period1,sc01,t7003,1,0.27267620368041173,1.0
period1,sc01,t7004,1,0.32645563259296895,1.0
period1,sc01,t7005,1,0.3246966492392245,1.0
period1,sc01,t7006,1,0.31486676912131467,1.0
period1,sc01,t7007,1,0.36482200395292186,1.0
period1,sc01,t7008,1,0.3933947138874502,1.0
period1,sc01,t7009,1,0.43980362062722045,1.0
period1,sc01,t7010,1,0.42515696039387263,1.0
period1,sc01,t7011,1,0.4409159475764576,1.0
period1,sc01,t7012,1,0.4675359717514272,1.0
period1,sc01,t7013,1,0.5070742692440761,1.0
period1,sc01,t7014,1,0.5514850943954518,1.0
period1,sc01,t7015,1,0.5948306607038043,1.0
period1,sc01,t7016,1,0.6678347517281767,1.0
period1,sc01,t7017,1,0.6946383551338472,1.0
period1,sc01,t7018,1,0.6001662896052302,1.0
period1,sc01,t7019,1,0.462587363786921,1.0
period1,sc01,t7020,1,0.5561036117296373,1.0
period1,sc01,t7021,1,0.5807627905913981,1.0
period1,sc01,t7022,1,0.48934947909166865,1.0
period1,sc01,t7023,1,0.620998496085862,1.0
period1,sc01,t7024,1,0.7279449680251936,1.0
period1,sc01,t7025,1,0.8091972149670386,1.0
period1,sc01,t7026,1,0.8440162380852246,1.0
period1,sc01,t7027,1,0.8507831437486998,1.0
period1,sc01,t7028,1,0.8458802247121532,1.0
period1,sc01,t7029,1,0.8202381265024539,1.0
period1,sc01,t7030,1,0.8109795713990001,1.0
period1,sc01,t7031,1,0.7687331238319143,1.0
period1,sc01,t7032,1,0.7655364427742484,1.0
period1,sc01,t7033,1,0.6900646452989188,1.0
period1,sc01,t7034,1,0.6282062548409346,1.0
period1,sc01,t7035,1,0.6068677702726111,1.0
period1,sc01,t7036,1,0.6451502561770951,1.0
period1,sc01,t7037,1,0.6835900948303432,1.0
period1,sc01,t7038,1,0.66669235628374,1.0
period1,sc01,t7039,1,0.6472920875382434,1.0
period1,sc01,t7040,1,0.6335120532565504,1.0
period1,sc01,t7041,1,0.6264724404135554,1.0
period1,sc01,t7042,1,0.6618346582043956,1.0
period1,sc01,t7043,1,0.5310247561710052,1.0
period1,sc01,t7044,1,0.4745872974595758,1.0
period1,sc01,t7045,1,0.496028325990973,1.0
period1,sc01,t7046,1,0.590881392846812,1.0
period1,sc01,t7047,1,0.7019153674632468,1.0
period1,sc01,t7048,1,0.7120136187874636,1.0
period1,sc01,t7049,1,0.7700913120556481,1.0
period1,sc01,t7050,1,0.8141211236723789,1.0
period1,sc01,t7051,1,0.8277752364071617,1.0
period1,sc01,t7052,1,0.8197324306030113,1.0
period1,sc01,t7053,1,0.8063245348732954,1.0
period1,sc01,t7054,1,0.7586814773701256,1.0
period1,sc01,t7055,1,0.6310910109253387,1.0
period1,sc01,t7056,1,0.6161075908497569,1.0
period1,sc01,t7057,1,0.6555538756869848,1.0
period1,sc01,t7058,1,0.6833661765783114,1.0
period1,sc01,t7059,1,0.6978041006655793,1.0
period1,sc01,t7060,1,0.7571877318475743,1.0
period1,sc01,t7061,1,0.7165018746449047,1.0
period1,sc01,t7062,1,0.6893317016281408,1.0
period1,sc01,t7063,1,0.7436040273799995,1.0
period1,sc01,t7064,1,0.6946261780224454,1.0
period1,sc01,t7065,1,0.7278316174997138,1.0
period1,sc01,t7066,1,0.758267876752162,1.0
period1,sc01,t7067,1,0.6679645875978135,1.0
period1,sc01,t7068,1,0.5949739725418572,1.0
period1,sc01,t7069,1,0.39180487840846834,1.0
period1,sc01,t7070,1,0.3839360301027346,1.0
period1,sc01,t7071,1,0.440856296809659,1.0
period1,sc01,t7072,1,0.5325017873263171,1.0
period1,sc01,t7073,1,0.49951475428059805,1.0
period1,sc01,t7074,1,0.40480899469812187,1.0
period1,sc01,t7075,1,0.36882494893632833,1.0
period1,sc01,t7076,1,0.33604606149629646,1.0
period1,sc01,t7077,1,0.307201902989787,1.0
period1,sc01,t7078,1,0.21830233663733264,1.0
period1,sc01,t7079,1,0.20318618782545003,1.0
period1,sc01,t7080,1,0.14490018938536858,1.0
period1,sc01,t7081,1,0.08264967267399301,1.0
period1,sc01,t7082,1,0.047164035335395954,1.0
period1,sc01,t7083,1,0.029180944582280374,1.0
period1,sc01,t7084,1,0.055145580443596166,1.0
period1,sc01,t7085,1,0.0855036568262069,1.0
period1,sc01,t7086,1,0.14467819095385964,1.0
period1,sc01,t7087,1,0.15799046459982075,1.0
period1,sc01,t7088,1,0.181493099580644,1.0
period1,sc01,t7089,1,0.3132611846607104,1.0
period1,sc01,t7090,1,0.39798402059944654,1.0
period1,sc01,t7091,1,0.32734120002091815,1.0
period1,sc01,t7092,1,0.40055020441886774,1.0
period1,sc01,t7093,1,0.49597195290531937,1.0
period1,sc01,t7094,1,0.6590820306709856,1.0
period1,sc01,t7095,1,0.7930219807918861,1.0
period1,sc01,t7096,1,0.8529521868526014,1.0
period1,sc01,t7097,1,0.8769615226538857,1.0
period1,sc01,t7098,1,0.8850608187809373,1.0
period1,sc01,t7099,1,0.890269249031885,1.0
period1,sc01,t7100,1,0.8955630892123233,1.0
period1,sc01,t7101,1,0.896716289966585,1.0
period1,sc01,t7102,1,0.8841397567739221,1.0
period1,sc01,t7103,1,0.7768659827416506,1.0
period1,sc01,t7104,1,0.6669278646710031,1.0
period1,sc01,t7105,1,0.5948985414301297,1.0
period1,sc01,t7106,1,0.4489494187142624,1.0
period1,sc01,t7107,1,0.33662362656931616,1.0
period1,sc01,t7108,1,0.32469173138868107,1.0
period1,sc01,t7109,1,0.36359614021647824,1.0
period1,sc01,t7110,1,0.42728390835186913,1.0
period1,sc01,t7111,1,0.42956687331098764,1.0
period1,sc01,t7112,1,0.428162931834145,1.0
period1,sc01,t7113,1,0.39739700965275354,1.0
period1,sc01,t7114,1,0.36670382164180804,1.0
period1,sc01,t7115,1,0.25893955066440083,1.0
period1,sc01,t7116,1,0.3184624516146486,1.0
period1,sc01,t7117,1,0.371105354854781,1.0
period1,sc01,t7118,1,0.4042524022039319,1.0
period1,sc01,t7119,1,0.3875723264198406,1.0
period1,sc01,t7120,1,0.42520726341219456,1.0
period1,sc01,t7121,1,0.38539076279594703,1.0
period1,sc01,t7122,1,0.3404679591523562,1.0
period1,sc01,t7123,1,0.2610807590746292,1.0
period1,sc01,t7124,1,0.36946792349484264,1.0
period1,sc01,t7125,1,0.5147317968444762,1.0
period1,sc01,t7126,1,0.7483248016162725,1.0
period1,sc01,t7127,1,0.87368464420709,1.0
period1,sc01,t7128,1,0.8976221720546278,1.0
period1,sc01,t7129,1,0.8975347727052659,1.0
period1,sc01,t7130,1,0.8972222651640724,1.0
period1,sc01,t7131,1,0.8975150622384243,1.0
period1,sc01,t7132,1,0.8991376402228392,1.0
period1,sc01,t7133,1,0.8977007109007294,1.0
period1,sc01,t7134,1,0.8868018329645495,1.0
period1,sc01,t7135,1,0.8572943848879901,1.0
period1,sc01,t7136,1,0.8587707256150653,1.0
period1,sc01,t7137,1,0.8243614870649507,1.0
period1,sc01,t7138,1,0.7699453766293535,1.0
period1,sc01,t7139,1,0.540785586831653,1.0
period1,sc01,t7140,1,0.6991918849021153,1.0
period1,sc01,t7141,1,0.5720067804724577,1.0
period1,sc01,t7142,1,0.48260417690681756,1.0
period1,sc01,t7143,1,0.5288074175409913,1.0
period1,sc01,t7144,1,0.5249419170636997,1.0
period1,sc01,t7145,1,0.5129149537148858,1.0
period1,sc01,t7146,1,0.5185155778136006,1.0
period1,sc01,t7147,1,0.5003124521290734,1.0
period1,sc01,t7148,1,0.46983595870615463,1.0
period1,sc01,t7149,1,0.4099697971824602,1.0
period1,sc01,t7150,1,0.36286729437410326,1.0
period1,sc01,t7151,1,0.4262781192563701,1.0
period1,sc01,t7152,1,0.29085943517684804,1.0
period1,sc01,t7153,1,0.11183320120101768,1.0
period1,sc01,t7154,1,0.060936445171398505,1.0
period1,sc01,t7155,1,0.056387278779788164,1.0
period1,sc01,t7156,1,0.10028901639143709,1.0
period1,sc01,t7157,1,0.22042222204299858,1.0
period1,sc01,t7158,1,0.34816277517486177,1.0
period1,sc01,t7159,1,0.40537987455883173,1.0
period1,sc01,t7160,1,0.38499426147793175,1.0
period1,sc01,t7161,1,0.2855546560138169,1.0
period1,sc01,t7162,1,0.2703816272476258,1.0
period1,sc01,t7163,1,0.3260499816187531,1.0
period1,sc01,t7164,1,0.17347142812630104,1.0
period1,sc01,t7165,1,0.35513955643561607,1.0
period1,sc01,t7166,1,0.48421019941381965,1.0
period1,sc01,t7167,1,0.42033797662468697,1.0
period1,sc01,t7168,1,0.2965947965925635,1.0
period1,sc01,t7169,1,0.2505774831625217,1.0
period1,sc01,t7170,1,0.21981118108506165,1.0
period1,sc01,t7171,1,0.14942673757137095,1.0
period1,sc01,t7172,1,0.08368958899308654,1.0
period1,sc01,t7173,1,0.07007681645595396,1.0
period1,sc01,t7174,1,0.0039105312227497805,1.0
period1,sc01,t7175,1,0.08630120148158844,1.0
period1,sc01,t7176,1,0.10713031592042223,1.0
period1,sc01,t7177,1,0.07096892689109377,1.0
period1,sc01,t7178,1,0.0443487287534202,1.0
period1,sc01,t7179,1,0.010846029195359099,1.0
period1,sc01,t7180,1,0.00033755863717782,1.0
period1,sc01,t7181,1,0.0,1.0
period1,sc01,t7182,1,0.0,1.0
period1,sc01,t7183,1,0.0,1.0
period1,sc01,t7184,1,0.0,1.0
period1,sc01,t7185,1,0.00012301966870649999,1.0
period1,sc01,t7186,1,0.0,1.0
period1,sc01,t7187,1,1.0399665793105111e-05,1.0
period1,sc01,t7188,1,0.0,1.0
period1,sc01,t7189,1,0.0,1.0
period1,sc01,t7190,1,0.0,1.0
period1,sc01,t7191,1,0.00104651316250263,1.0
period1,sc01,t7192,1,0.025677936660942903,1.0
period1,sc01,t7193,1,0.05498834924724795,1.0
period1,sc01,t7194,1,0.07232999855707917,1.0
period1,sc01,t7195,1,0.07896776138095195,1.0
period1,sc01,t7196,1,0.08366215569633728,1.0
period1,sc01,t7197,1,0.08570735616284937,1.0
period1,sc01,t7198,1,0.07914405806638451,1.0
period1,sc01,t7199,1,0.04600112088800808,1.0
period1,sc01,t7200,1,0.03928328341239348,1.0
period1,sc01,t7201,1,0.01590527999637891,1.0
period1,sc01,t7202,1,0.01258671743573526,1.0
period1,sc01,t7203,1,0.00124936025786991,1.0
period1,sc01,t7204,1,0.020860450442372253,1.0
period1,sc01,t7205,1,0.09901533301565563,1.0
period1,sc01,t7206,1,0.14867681921393158,1.0
period1,sc01,t7207,1,0.2025543032567287,1.0
period1,sc01,t7208,1,0.35108802307656567,1.0
period1,sc01,t7209,1,0.40614881574755946,1.0
period1,sc01,t7210,1,0.4218904156647011,1.0
period1,sc01,t7211,1,0.39517581660490664,1.0
period1,sc01,t7212,1,0.42856048782529715,1.0
period1,sc01,t7213,1,0.3242125686951539,1.0
period1,sc01,t7214,1,0.26883526185382395,1.0
period1,sc01,t7215,1,0.26827529054967936,1.0
period1,sc01,t7216,1,0.271013651057333,1.0
period1,sc01,t7217,1,0.33168838864002537,1.0
period1,sc01,t7218,1,0.2900667960644859,1.0
period1,sc01,t7219,1,0.2267107344507041,1.0
period1,sc01,t7220,1,0.25492178866195864,1.0
period1,sc01,t7221,1,0.30115049532510807,1.0
period1,sc01,t7222,1,0.31331139386423545,1.0
period1,sc01,t7223,1,0.3165379880536264,1.0
period1,sc01,t7224,1,0.27939306926035895,1.0
period1,sc01,t7225,1,0.23369064151372723,1.0
period1,sc01,t7226,1,0.20397503236382514,1.0
period1,sc01,t7227,1,0.19128364579330867,1.0
period1,sc01,t7228,1,0.16360953142717422,1.0
period1,sc01,t7229,1,0.1497214540770949,1.0
period1,sc01,t7230,1,0.13427009569614778,1.0
period1,sc01,t7231,1,0.12933262743421023,1.0
period1,sc01,t7232,1,0.13094196474143144,1.0
period1,sc01,t7233,1,0.093695108947966,1.0
period1,sc01,t7234,1,0.07074167484253914,1.0
period1,sc01,t7235,1,0.08908222116870972,1.0
period1,sc01,t7236,1,0.10031010864553468,1.0
period1,sc01,t7237,1,0.0905243778276696,1.0
period1,sc01,t7238,1,0.14580518693270497,1.0
period1,sc01,t7239,1,0.16460763892475813,1.0
period1,sc01,t7240,1,0.29946332886868443,1.0
period1,sc01,t7241,1,0.563581271563197,1.0
period1,sc01,t7242,1,0.7184255510558466,1.0
period1,sc01,t7243,1,0.5719886640017918,1.0
period1,sc01,t7244,1,0.39495370683241676,1.0
period1,sc01,t7245,1,0.23395887893838285,1.0
period1,sc01,t7246,1,0.199339280105934,1.0
period1,sc01,t7247,1,0.10887475782522411,1.0
period1,sc01,t7248,1,0.04764047555690658,1.0
period1,sc01,t7249,1,0.011031098409683911,1.0
period1,sc01,t7250,1,0.03335355995335866,1.0
period1,sc01,t7251,1,0.02116876496312025,1.0
period1,sc01,t7252,1,0.03199208686840044,1.0
period1,sc01,t7253,1,0.05365990385687484,1.0
period1,sc01,t7254,1,0.03266494839681957,1.0
period1,sc01,t7255,1,0.00066088741555143,1.0
period1,sc01,t7256,1,0.0,1.0
period1,sc01,t7257,1,0.01684769363873946,1.0
period1,sc01,t7258,1,0.11378776133593728,1.0
period1,sc01,t7259,1,0.230490300865454,1.0
period1,sc01,t7260,1,0.5019891102475866,1.0
period1,sc01,t7261,1,0.7265269450601869,1.0
period1,sc01,t7262,1,0.5656088836698686,1.0
period1,sc01,t7263,1,0.44009567774002334,1.0
period1,sc01,t7264,1,0.423673534171973,1.0
period1,sc01,t7265,1,0.5381165305874209,1.0
period1,sc01,t7266,1,0.6135619685622377,1.0
period1,sc01,t7267,1,0.5593446518299336,1.0
period1,sc01,t7268,1,0.47650793006238273,1.0
period1,sc01,t7269,1,0.43827893793137773,1.0
period1,sc01,t7270,1,0.34441208336226053,1.0
period1,sc01,t7271,1,0.24516801615127196,1.0
period1,sc01,t7272,1,0.2328952713466084,1.0
period1,sc01,t7273,1,0.1969122303455187,1.0
period1,sc01,t7274,1,0.14808569759875997,1.0
period1,sc01,t7275,1,0.09423490126108391,1.0
period1,sc01,t7276,1,0.06604947116067734,1.0
period1,sc01,t7277,1,0.04825044674135244,1.0
period1,sc01,t7278,1,0.00326680540710795,1.0
period1,sc01,t7279,1,0.00063728451976005,1.0
period1,sc01,t7280,1,0.00058427367520266,1.0
period1,sc01,t7281,1,0.0,1.0
period1,sc01,t7282,1,0.0,1.0
period1,sc01,t7283,1,0.0,1.0
period1,sc01,t7284,1,0.0,1.0
period1,sc01,t7285,1,0.00012337986290517,1.0
period1,sc01,t7286,1,0.0004985208980199,1.0
period1,sc01,t7287,1,0.0117420057532053,1.0
period1,sc01,t7288,1,0.07612267945962051,1.0
period1,sc01,t7289,1,0.1262003647260572,1.0
period1,sc01,t7290,1,0.16010547359971708,1.0
period1,sc01,t7291,1,0.22540993234235507,1.0
period1,sc01,t7292,1,0.307990491032197,1.0
period1,sc01,t7293,1,0.38241651202384924,1.0
period1,sc01,t7294,1,0.43645620438290433,1.0
period1,sc01,t7295,1,0.4597130055773349,1.0
period1,sc01,t7296,1,0.46949108821893776,1.0
period1,sc01,t7297,1,0.5279511670734608,1.0
period1,sc01,t7298,1,0.47868146530692995,1.0
period1,sc01,t7299,1,0.501936170318958,1.0
period1,sc01,t7300,1,0.5508061197786889,1.0
period1,sc01,t7301,1,0.5610432849559923,1.0
period1,sc01,t7302,1,0.5177559078669542,1.0
period1,sc01,t7303,1,0.5736606472982003,1.0
period1,sc01,t7304,1,0.6147304716995846,1.0
period1,sc01,t7305,1,0.6446415388181604,1.0
period1,sc01,t7306,1,0.5977011638544245,1.0
period1,sc01,t7307,1,0.5168782443840007,1.0
period1,sc01,t7308,1,0.5356658303424486,1.0
period1,sc01,t7309,1,0.5049675848821974,1.0
period1,sc01,t7310,1,0.7511234277490331,1.0
period1,sc01,t7311,1,0.7839483734172685,1.0
period1,sc01,t7312,1,0.851594766088663,1.0
period1,sc01,t7313,1,0.8422302061405897,1.0
period1,sc01,t7314,1,0.8755503330419502,1.0
period1,sc01,t7315,1,0.8785974508094944,1.0
period1,sc01,t7316,1,0.8420367062469557,1.0
period1,sc01,t7317,1,0.633527295206086,1.0
period1,sc01,t7318,1,0.26334241729172575,1.0
period1,sc01,t7319,1,0.2697078462936582,1.0
period1,sc01,t7320,1,0.3812937946472447,1.0
period1,sc01,t7321,1,0.5158942074358681,1.0
period1,sc01,t7322,1,0.5143925641700436,1.0
period1,sc01,t7323,1,0.4128163149902299,1.0
period1,sc01,t7324,1,0.35710767144695676,1.0
period1,sc01,t7325,1,0.3073172019103548,1.0
period1,sc01,t7326,1,0.35456306008377536,1.0
period1,sc01,t7327,1,0.3369441354035848,1.0
period1,sc01,t7328,1,0.24102448166705914,1.0
period1,sc01,t7329,1,0.3390864010802819,1.0
period1,sc01,t7330,1,0.2882765146311891,1.0
period1,sc01,t7331,1,0.4242135807663408,1.0
period1,sc01,t7332,1,0.6288614405981166,1.0
period1,sc01,t7333,1,0.6939975457683542,1.0
period1,sc01,t7334,1,0.49568337418369146,1.0
period1,sc01,t7335,1,0.4411344536332025,1.0
period1,sc01,t7336,1,0.31085123888256033,1.0
period1,sc01,t7337,1,0.2275573150711819,1.0
period1,sc01,t7338,1,0.18018939997040473,1.0
period1,sc01,t7339,1,0.14080608327956454,1.0
period1,sc01,t7340,1,0.08585853302487285,1.0
period1,sc01,t7341,1,0.061683380965857335,1.0
period1,sc01,t7342,1,0.10981732993189758,1.0
period1,sc01,t7343,1,0.1373108779771533,1.0
period1,sc01,t7344,1,0.1594896283779076,1.0
period1,sc01,t7345,1,0.12858264551070486,1.0
period1,sc01,t7346,1,0.15128682667505372,1.0
period1,sc01,t7347,1,0.13945017949437608,1.0
period1,sc01,t7348,1,0.14837933419909408,1.0
period1,sc01,t7349,1,0.09985474697936005,1.0
period1,sc01,t7350,1,0.093487084650784,1.0
period1,sc01,t7351,1,0.12139044135625306,1.0
period1,sc01,t7352,1,0.13413119739903667,1.0
period1,sc01,t7353,1,0.13579885368266167,1.0
period1,sc01,t7354,1,0.15905377748918034,1.0
period1,sc01,t7355,1,0.13942330735874175,1.0
period1,sc01,t7356,1,0.16572532792782835,1.0
period1,sc01,t7357,1,0.22592956661698788,1.0
period1,sc01,t7358,1,0.4664360714276947,1.0
period1,sc01,t7359,1,0.40202332524023104,1.0
period1,sc01,t7360,1,0.3873846202347435,1.0
period1,sc01,t7361,1,0.4725619052923516,1.0
period1,sc01,t7362,1,0.6512462639881579,1.0
period1,sc01,t7363,1,0.870011156073055,1.0
period1,sc01,t7364,1,0.8911054026311919,1.0
period1,sc01,t7365,1,0.8729066998242014,1.0
period1,sc01,t7366,1,0.6557984129461977,1.0
period1,sc01,t7367,1,0.6167353283670405,1.0
period1,sc01,t7368,1,0.7219148909508868,1.0
period1,sc01,t7369,1,0.7566444992149451,1.0
period1,sc01,t7370,1,0.7517370802646026,1.0
period1,sc01,t7371,1,0.7481528339607718,1.0
period1,sc01,t7372,1,0.821245004442722,1.0
period1,sc01,t7373,1,0.8787762942127836,1.0
period1,sc01,t7374,1,0.8721789567805402,1.0
period1,sc01,t7375,1,0.8780519726957224,1.0
period1,sc01,t7376,1,0.8712489462210099,1.0
period1,sc01,t7377,1,0.8718438507532831,1.0
period1,sc01,t7378,1,0.878239384922305,1.0
period1,sc01,t7379,1,0.8116075964444305,1.0
period1,sc01,t7380,1,0.7998406898572186,1.0
period1,sc01,t7381,1,0.8100365120906233,1.0
period1,sc01,t7382,1,0.797309408189505,1.0
period1,sc01,t7383,1,0.7883456714685352,1.0
period1,sc01,t7384,1,0.7878402929888756,1.0
period1,sc01,t7385,1,0.7776390587139689,1.0
period1,sc01,t7386,1,0.8158432023319709,1.0
period1,sc01,t7387,1,0.87207350597117,1.0
period1,sc01,t7388,1,0.8596443786052288,1.0
period1,sc01,t7389,1,0.7789989221295407,1.0
period1,sc01,t7390,1,0.7196545375949126,1.0
period1,sc01,t7391,1,0.6745893220273625,1.0
period1,sc01,t7392,1,0.6502084956573329,1.0
period1,sc01,t7393,1,0.5761262554476828,1.0
period1,sc01,t7394,1,0.6441807229717792,1.0
period1,sc01,t7395,1,0.676673676036737,1.0
period1,sc01,t7396,1,0.6408358856267266,1.0
period1,sc01,t7397,1,0.6250644613940425,1.0
period1,sc01,t7398,1,0.6728768527681958,1.0
period1,sc01,t7399,1,0.5476123725035383,1.0
period1,sc01,t7400,1,0.48017602058073605,1.0
period1,sc01,t7401,1,0.4936226627317256,1.0
period1,sc01,t7402,1,0.4415264076559719,1.0
period1,sc01,t7403,1,0.35779769469607386,1.0
period1,sc01,t7404,1,0.35645127550522687,1.0
period1,sc01,t7405,1,0.37165407888822344,1.0
period1,sc01,t7406,1,0.3909793141330443,1.0
period1,sc01,t7407,1,0.36995039273535335,1.0
period1,sc01,t7408,1,0.3579500977293008,1.0
period1,sc01,t7409,1,0.3596078839616813,1.0
period1,sc01,t7410,1,0.3529853763429561,1.0
period1,sc01,t7411,1,0.3614229177792286,1.0
period1,sc01,t7412,1,0.340857341004185,1.0
period1,sc01,t7413,1,0.30670597449571446,1.0
period1,sc01,t7414,1,0.2761326646396587,1.0
period1,sc01,t7415,1,0.21715116207120144,1.0
period1,sc01,t7416,1,0.22066942911159682,1.0
period1,sc01,t7417,1,0.19562023424163502,1.0
period1,sc01,t7418,1,0.16597529694968222,1.0
period1,sc01,t7419,1,0.17228152966382443,1.0
period1,sc01,t7420,1,0.20221921028254086,1.0
period1,sc01,t7421,1,0.20278583544163958,1.0
period1,sc01,t7422,1,0.20829588647318462,1.0
period1,sc01,t7423,1,0.16418323254962663,1.0
period1,sc01,t7424,1,0.22043734088030048,1.0
period1,sc01,t7425,1,0.22109765666733514,1.0
period1,sc01,t7426,1,0.18411653154292498,1.0
period1,sc01,t7427,1,0.13346056011722912,1.0
period1,sc01,t7428,1,0.09199488792501216,1.0
period1,sc01,t7429,1,0.12089943494899372,1.0
period1,sc01,t7430,1,0.1945740684946508,1.0
period1,sc01,t7431,1,0.2774805381451271,1.0
period1,sc01,t7432,1,0.2526174610430371,1.0
period1,sc01,t7433,1,0.22437083057776047,1.0
period1,sc01,t7434,1,0.2469552387475769,1.0
period1,sc01,t7435,1,0.25988776280585196,1.0
period1,sc01,t7436,1,0.25095389365602777,1.0
period1,sc01,t7437,1,0.25607326026615146,1.0
period1,sc01,t7438,1,0.25299522092553967,1.0
period1,sc01,t7439,1,0.2566529332023091,1.0
period1,sc01,t7440,1,0.23197713735355252,1.0
period1,sc01,t7441,1,0.2041653034676131,1.0
period1,sc01,t7442,1,0.19845467538818903,1.0
period1,sc01,t7443,1,0.18014508772662763,1.0
period1,sc01,t7444,1,0.17575517027137158,1.0
period1,sc01,t7445,1,0.1831634258355431,1.0
period1,sc01,t7446,1,0.21133920959386182,1.0
period1,sc01,t7447,1,0.2229952969788507,1.0
period1,sc01,t7448,1,0.23132767718931327,1.0
period1,sc01,t7449,1,0.19406823276697316,1.0
period1,sc01,t7450,1,0.15026139264207125,1.0
period1,sc01,t7451,1,0.08679143069388172,1.0
period1,sc01,t7452,1,0.08728596643427002,1.0
period1,sc01,t7453,1,0.0688491861734565,1.0
period1,sc01,t7454,1,0.05404367840677083,1.0
period1,sc01,t7455,1,0.05080745892229947,1.0
period1,sc01,t7456,1,0.04316489818821099,1.0
period1,sc01,t7457,1,0.03041969002034967,1.0
period1,sc01,t7458,1,0.02255373403302177,1.0
period1,sc01,t7459,1,0.01799097681222621,1.0
period1,sc01,t7460,1,0.011626494803236529,1.0
period1,sc01,t7461,1,0.00234834654296241,1.0
period1,sc01,t7462,1,0.00116901562369851,1.0
period1,sc01,t7463,1,7.885428806394144e-05,1.0
period1,sc01,t7464,1,0.0001005257522988,1.0
period1,sc01,t7465,1,0.0,1.0
period1,sc01,t7466,1,0.0,1.0
period1,sc01,t7467,1,0.0,1.0
period1,sc01,t7468,1,0.0,1.0
period1,sc01,t7469,1,0.00013591601029224,1.0
period1,sc01,t7470,1,0.0007211957251559401,1.0
period1,sc01,t7471,1,0.00102633468151365,1.0
period1,sc01,t7472,1,0.0010900890808572602,1.0
period1,sc01,t7473,1,0.0006622769322313201,1.0
period1,sc01,t7474,1,0.0,1.0
period1,sc01,t7475,1,0.0,1.0
period1,sc01,t7476,1,0.0,1.0
period1,sc01,t7477,1,0.0,1.0
period1,sc01,t7478,1,0.0,1.0
period1,sc01,t7479,1,0.0,1.0
period1,sc01,t7480,1,0.0,1.0
period1,sc01,t7481,1,0.0,1.0
period1,sc01,t7482,1,0.0,1.0
period1,sc01,t7483,1,0.00016733274258636,1.0
period1,sc01,t7484,1,0.00024364099773891,1.0
period1,sc01,t7485,1,0.0008686139474954701,1.0
period1,sc01,t7486,1,0.00104095459714005,1.0
period1,sc01,t7487,1,0.00081089376212286,1.0
period1,sc01,t7488,1,0.00085215975674715,1.0
period1,sc01,t7489,1,0.00042968412546183,1.0
period1,sc01,t7490,1,0.00038474456994423,1.0
period1,sc01,t7491,1,0.00109447724980503,1.0
period1,sc01,t7492,1,0.0008521016038292701,1.0
period1,sc01,t7493,1,0.00046723839016932,1.0
period1,sc01,t7494,1,0.00051941103742494,1.0
period1,sc01,t7495,1,0.00080539923234699,1.0
period1,sc01,t7496,1,0.0007413661626867901,1.0
period1,sc01,t7497,1,0.00037865290994523,1.0
period1,sc01,t7498,1,0.0,1.0
period1,sc01,t7499,1,0.0,1.0
period1,sc01,t7500,1,0.0,1.0
period1,sc01,t7501,1,0.0,1.0
period1,sc01,t7502,1,0.0,1.0
period1,sc01,t7503,1,0.0,1.0
period1,sc01,t7504,1,0.0,1.0
period1,sc01,t7505,1,0.0,1.0
period1,sc01,t7506,1,0.0,1.0
period1,sc01,t7507,1,0.0,1.0
period1,sc01,t7508,1,0.0,1.0
period1,sc01,t7509,1,0.0,1.0
period1,sc01,t7510,1,0.0,1.0
period1,sc01,t7511,1,0.00122421884669433,1.0
period1,sc01,t7512,1,0.0013048922292948901,1.0
period1,sc01,t7513,1,0.00125245381559481,1.0
period1,sc01,t7514,1,0.00790243271423046,1.0
period1,sc01,t7515,1,0.029869788967157702,1.0
period1,sc01,t7516,1,0.02806179372263025,1.0
period1,sc01,t7517,1,0.01716449274854118,1.0
period1,sc01,t7518,1,0.02951939478451122,1.0
period1,sc01,t7519,1,0.04815631379273202,1.0
period1,sc01,t7520,1,0.05654678999415471,1.0
period1,sc01,t7521,1,0.059998955034455105,1.0
period1,sc01,t7522,1,0.06508459040319774,1.0
period1,sc01,t7523,1,0.04527274562163702,1.0
period1,sc01,t7524,1,0.04236666293689533,1.0
period1,sc01,t7525,1,0.0393171514982487,1.0
period1,sc01,t7526,1,0.03569910481034442,1.0
period1,sc01,t7527,1,0.03206914766938566,1.0
period1,sc01,t7528,1,0.03184225675842753,1.0
period1,sc01,t7529,1,0.02472855279305481,1.0
period1,sc01,t7530,1,0.02756838832358544,1.0
period1,sc01,t7531,1,0.02844229949193276,1.0
period1,sc01,t7532,1,0.0337049737314651,1.0
period1,sc01,t7533,1,0.04392197422731576,1.0
period1,sc01,t7534,1,0.04152854980260216,1.0
period1,sc01,t7535,1,0.01979747156557908,1.0
period1,sc01,t7536,1,0.030384678807560697,1.0
period1,sc01,t7537,1,0.03739630925477538,1.0
period1,sc01,t7538,1,0.05401270443023847,1.0
period1,sc01,t7539,1,0.07059275909412256,1.0
period1,sc01,t7540,1,0.07171523183489437,1.0
period1,sc01,t7541,1,0.0711572399223534,1.0
period1,sc01,t7542,1,0.07429754897418654,1.0
period1,sc01,t7543,1,0.0775440387663273,1.0
period1,sc01,t7544,1,0.0834455417979178,1.0
period1,sc01,t7545,1,0.0892048842024939,1.0
period1,sc01,t7546,1,0.07930758295430272,1.0
period1,sc01,t7547,1,0.053960438968164895,1.0
period1,sc01,t7548,1,0.08738868203676216,1.0
period1,sc01,t7549,1,0.08970695878596102,1.0
period1,sc01,t7550,1,0.09006105408758946,1.0
period1,sc01,t7551,1,0.10460225893092534,1.0
period1,sc01,t7552,1,0.12516432533663607,1.0
period1,sc01,t7553,1,0.15240104603672158,1.0
period1,sc01,t7554,1,0.2009978744954033,1.0
period1,sc01,t7555,1,0.24750985886380072,1.0
period1,sc01,t7556,1,0.15437075721506516,1.0
period1,sc01,t7557,1,0.12202313100139052,1.0
period1,sc01,t7558,1,0.13573844368298496,1.0
period1,sc01,t7559,1,0.16933879440876584,1.0
period1,sc01,t7560,1,0.24260714772939612,1.0
period1,sc01,t7561,1,0.2654808955185305,1.0
period1,sc01,t7562,1,0.30454011581271545,1.0
period1,sc01,t7563,1,0.420206202203383,1.0
period1,sc01,t7564,1,0.4581796039458498,1.0
period1,sc01,t7565,1,0.6584432880711812,1.0
period1,sc01,t7566,1,0.8034711507346901,1.0
period1,sc01,t7567,1,0.8794093206014734,1.0
period1,sc01,t7568,1,0.898229514987661,1.0
period1,sc01,t7569,1,0.9,1.0
period1,sc01,t7570,1,0.9,1.0
period1,sc01,t7571,1,0.9,1.0
period1,sc01,t7572,1,0.9,1.0
period1,sc01,t7573,1,0.8999075512555387,1.0
period1,sc01,t7574,1,0.8986071803199938,1.0
period1,sc01,t7575,1,0.8965369458229814,1.0
period1,sc01,t7576,1,0.8867493494233459,1.0
period1,sc01,t7577,1,0.8882996453839579,1.0
period1,sc01,t7578,1,0.8902375717570996,1.0
period1,sc01,t7579,1,0.8756200802218019,1.0
period1,sc01,t7580,1,0.859448188041834,1.0
period1,sc01,t7581,1,0.8711692752949024,1.0
period1,sc01,t7582,1,0.8504336303740936,1.0
period1,sc01,t7583,1,0.7311679581047763,1.0
period1,sc01,t7584,1,0.674649354661969,1.0
period1,sc01,t7585,1,0.6628037128597807,1.0
period1,sc01,t7586,1,0.6979457518976367,1.0
period1,sc01,t7587,1,0.6006969745142496,1.0
period1,sc01,t7588,1,0.5619979007253494,1.0
period1,sc01,t7589,1,0.45564585210328495,1.0
period1,sc01,t7590,1,0.24750407176168623,1.0
period1,sc01,t7591,1,0.29728684086913826,1.0
period1,sc01,t7592,1,0.28239193439403365,1.0
period1,sc01,t7593,1,0.1879153556186395,1.0
period1,sc01,t7594,1,0.15397538815335843,1.0
period1,sc01,t7595,1,0.10909051907451102,1.0
period1,sc01,t7596,1,0.03181916029443489,1.0
period1,sc01,t7597,1,0.01458321215019741,1.0
period1,sc01,t7598,1,0.00030096373498506,1.0
period1,sc01,t7599,1,0.0,1.0
period1,sc01,t7600,1,0.01283078476530252,1.0
period1,sc01,t7601,1,0.521823953638196,1.0
period1,sc01,t7602,1,0.28808440593243395,1.0
period1,sc01,t7603,1,0.13800569665170168,1.0
period1,sc01,t7604,1,0.22329698536885734,1.0
period1,sc01,t7605,1,0.21294295776001196,1.0
period1,sc01,t7606,1,0.09722418988445793,1.0
period1,sc01,t7607,1,0.00821545302465081,1.0
period1,sc01,t7608,1,0.0036528444990272706,1.0
period1,sc01,t7609,1,0.00117446890854087,1.0
period1,sc01,t7610,1,0.00726215763295926,1.0
period1,sc01,t7611,1,0.0006860232518733901,1.0
period1,sc01,t7612,1,0.0,1.0
period1,sc01,t7613,1,0.0,1.0
period1,sc01,t7614,1,0.0,1.0
period1,sc01,t7615,1,0.0,1.0
period1,sc01,t7616,1,0.0,1.0
period1,sc01,t7617,1,0.0,1.0
period1,sc01,t7618,1,0.0,1.0
period1,sc01,t7619,1,0.0,1.0
period1,sc01,t7620,1,0.0,1.0
period1,sc01,t7621,1,0.0,1.0
period1,sc01,t7622,1,0.0,1.0
period1,sc01,t7623,1,0.00081961431511149,1.0
period1,sc01,t7624,1,0.0388908626899005,1.0
period1,sc01,t7625,1,0.07521806876956615,1.0
period1,sc01,t7626,1,0.13845254805821025,1.0
period1,sc01,t7627,1,0.17155377570976527,1.0
period1,sc01,t7628,1,0.20833451189203953,1.0
period1,sc01,t7629,1,0.24007230849893543,1.0
period1,sc01,t7630,1,0.23000495925111705,1.0
period1,sc01,t7631,1,0.251181658792508,1.0
period1,sc01,t7632,1,0.16807555778410666,1.0
period1,sc01,t7633,1,0.14951434879213515,1.0
period1,sc01,t7634,1,0.11809591874907831,1.0
period1,sc01,t7635,1,0.11718371487144078,1.0
period1,sc01,t7636,1,0.1250048752857891,1.0
period1,sc01,t7637,1,0.10368096476144446,1.0
period1,sc01,t7638,1,0.07361439236747064,1.0
period1,sc01,t7639,1,0.05035774306468176,1.0
period1,sc01,t7640,1,0.01027898874066312,1.0
period1,sc01,t7641,1,0.00045992076819534,1.0
period1,sc01,t7642,1,0.0,1.0
period1,sc01,t7643,1,0.00011295326102562001,1.0
period1,sc01,t7644,1,5.64647989440944e-05,1.0
period1,sc01,t7645,1,0.00111699020410344,1.0
period1,sc01,t7646,1,0.01819465329819636,1.0
period1,sc01,t7647,1,0.038831050384840984,1.0
period1,sc01,t7648,1,0.05268681790779609,1.0
period1,sc01,t7649,1,0.06294536596216666,1.0
period1,sc01,t7650,1,0.08568532301439673,1.0
period1,sc01,t7651,1,0.1441625882775668,1.0
period1,sc01,t7652,1,0.1651013211921137,1.0
period1,sc01,t7653,1,0.19320331359295773,1.0
period1,sc01,t7654,1,0.24870575765332395,1.0
period1,sc01,t7655,1,0.33414065216918803,1.0
period1,sc01,t7656,1,0.3911653263375296,1.0
period1,sc01,t7657,1,0.4217913171341132,1.0
period1,sc01,t7658,1,0.434889551960415,1.0
period1,sc01,t7659,1,0.4679698201364209,1.0
period1,sc01,t7660,1,0.4460111506359894,1.0
period1,sc01,t7661,1,0.4143311227424129,1.0
period1,sc01,t7662,1,0.39417646255516386,1.0
period1,sc01,t7663,1,0.3781910397688486,1.0
period1,sc01,t7664,1,0.3379362905996442,1.0
period1,sc01,t7665,1,0.3046473680966209,1.0
period1,sc01,t7666,1,0.2652666026123297,1.0
period1,sc01,t7667,1,0.26170385562470383,1.0
period1,sc01,t7668,1,0.26394801624601044,1.0
period1,sc01,t7669,1,0.2835112625844377,1.0
period1,sc01,t7670,1,0.26552807733621564,1.0
period1,sc01,t7671,1,0.27791922773401634,1.0
period1,sc01,t7672,1,0.24615188514579464,1.0
period1,sc01,t7673,1,0.1916291657367416,1.0
period1,sc01,t7674,1,0.11421178403696335,1.0
period1,sc01,t7675,1,0.07392786646130586,1.0
period1,sc01,t7676,1,0.05226837262160283,1.0
period1,sc01,t7677,1,0.03531782231306766,1.0
period1,sc01,t7678,1,0.03499263027244377,1.0
period1,sc01,t7679,1,0.06918845815705833,1.0
period1,sc01,t7680,1,0.06454084481068734,1.0
period1,sc01,t7681,1,0.06963860717739585,1.0
period1,sc01,t7682,1,0.07092436255682076,1.0
period1,sc01,t7683,1,0.09803625647827663,1.0
period1,sc01,t7684,1,0.12414101370213303,1.0
period1,sc01,t7685,1,0.1155088224431029,1.0
period1,sc01,t7686,1,0.11591202880582667,1.0
period1,sc01,t7687,1,0.15594354552336634,1.0
period1,sc01,t7688,1,0.1966131344030365,1.0
period1,sc01,t7689,1,0.1530266022444438,1.0
period1,sc01,t7690,1,0.15421262058892746,1.0
period1,sc01,t7691,1,0.15232654663363665,1.0
period1,sc01,t7692,1,0.0785400726950874,1.0
period1,sc01,t7693,1,0.08237113207916788,1.0
period1,sc01,t7694,1,0.1029771198531198,1.0
period1,sc01,t7695,1,0.15503445881159605,1.0
period1,sc01,t7696,1,0.18372487769234191,1.0
period1,sc01,t7697,1,0.15190577922701312,1.0
period1,sc01,t7698,1,0.10179303480092852,1.0
period1,sc01,t7699,1,0.04739439512579769,1.0
period1,sc01,t7700,1,0.00119263078638729,1.0
period1,sc01,t7701,1,0.0,1.0
period1,sc01,t7702,1,0.0,1.0
period1,sc01,t7703,1,0.00016283530754253,1.0
period1,sc01,t7704,1,0.02304200217060765,1.0
period1,sc01,t7705,1,0.07484169902539392,1.0
period1,sc01,t7706,1,0.10777601133123885,1.0
period1,sc01,t7707,1,0.08235719476142193,1.0
period1,sc01,t7708,1,0.04676650370995824,1.0
period1,sc01,t7709,1,0.00143764821617058,1.0
period1,sc01,t7710,1,0.00022894280177904002,1.0
period1,sc01,t7711,1,0.0,1.0
period1,sc01,t7712,1,0.0,1.0
period1,sc01,t7713,1,0.0,1.0
period1,sc01,t7714,1,0.0,1.0
period1,sc01,t7715,1,0.0,1.0
period1,sc01,t7716,1,0.00116532102132486,1.0
period1,sc01,t7717,1,0.00510976039486167,1.0
period1,sc01,t7718,1,0.00030859987552875,1.0
period1,sc01,t7719,1,0.0,1.0
period1,sc01,t7720,1,0.0,1.0
period1,sc01,t7721,1,0.0,1.0
period1,sc01,t7722,1,0.0,1.0
period1,sc01,t7723,1,0.0,1.0
period1,sc01,t7724,1,0.0,1.0
period1,sc01,t7725,1,0.0,1.0
period1,sc01,t7726,1,0.0009276808684779901,1.0
period1,sc01,t7727,1,0.0434380436795952,1.0
period1,sc01,t7728,1,0.02096486280327555,1.0
period1,sc01,t7729,1,0.00085966521369939,1.0
period1,sc01,t7730,1,0.0008101804924375201,1.0
period1,sc01,t7731,1,0.0013028035591511101,1.0
period1,sc01,t7732,1,0.00069834734875737,1.0
period1,sc01,t7733,1,0.0,1.0
period1,sc01,t7734,1,0.0,1.0
period1,sc01,t7735,1,0.0,1.0
period1,sc01,t7736,1,0.0,1.0
period1,sc01,t7737,1,0.0,1.0
period1,sc01,t7738,1,0.0,1.0
period1,sc01,t7739,1,0.00025136279754759,1.0
period1,sc01,t7740,1,0.01612128910461075,1.0
period1,sc01,t7741,1,0.016049862972536313,1.0
period1,sc01,t7742,1,0.0325174192005636,1.0
period1,sc01,t7743,1,0.03821829024103227,1.0
period1,sc01,t7744,1,0.06629945195441754,1.0
period1,sc01,t7745,1,0.08225474765035014,1.0
period1,sc01,t7746,1,0.09670628644369884,1.0
period1,sc01,t7747,1,0.08299623756336354,1.0
period1,sc01,t7748,1,0.07589152721541079,1.0
period1,sc01,t7749,1,0.09263275210022373,1.0
period1,sc01,t7750,1,0.13162230051625648,1.0
period1,sc01,t7751,1,0.3095551737179754,1.0
period1,sc01,t7752,1,0.2778173301409344,1.0
period1,sc01,t7753,1,0.29756173135685327,1.0
period1,sc01,t7754,1,0.29829803750446887,1.0
period1,sc01,t7755,1,0.2948995769223347,1.0
period1,sc01,t7756,1,0.3219922865469681,1.0
period1,sc01,t7757,1,0.360285508788576,1.0
period1,sc01,t7758,1,0.3958042460239351,1.0
period1,sc01,t7759,1,0.40882927872112684,1.0
period1,sc01,t7760,1,0.43611743215621757,1.0
period1,sc01,t7761,1,0.45753420013518425,1.0
period1,sc01,t7762,1,0.4826153161964176,1.0
period1,sc01,t7763,1,0.5141648751542913,1.0
period1,sc01,t7764,1,0.5142691483252759,1.0
period1,sc01,t7765,1,0.5120841848919742,1.0
period1,sc01,t7766,1,0.4465916286418609,1.0
period1,sc01,t7767,1,0.4177952815397804,1.0
period1,sc01,t7768,1,0.4553799760915011,1.0
period1,sc01,t7769,1,0.5189083103942296,1.0
period1,sc01,t7770,1,0.5247226310333987,1.0
period1,sc01,t7771,1,0.5257255487428238,1.0
period1,sc01,t7772,1,0.505708287965888,1.0
period1,sc01,t7773,1,0.4908102866159167,1.0
period1,sc01,t7774,1,0.45618462141534066,1.0
period1,sc01,t7775,1,0.42901856658062076,1.0
period1,sc01,t7776,1,0.3888613758588352,1.0
period1,sc01,t7777,1,0.3302986395106684,1.0
period1,sc01,t7778,1,0.26773731202113243,1.0
period1,sc01,t7779,1,0.24457677196251681,1.0
period1,sc01,t7780,1,0.2681346057808985,1.0
period1,sc01,t7781,1,0.2568725638247522,1.0
period1,sc01,t7782,1,0.25175582612644753,1.0
period1,sc01,t7783,1,0.24077537191421866,1.0
period1,sc01,t7784,1,0.19434874590456436,1.0
period1,sc01,t7785,1,0.12577414982755644,1.0
period1,sc01,t7786,1,0.06506782717138677,1.0
period1,sc01,t7787,1,0.0107377382590425,1.0
period1,sc01,t7788,1,0.00028371014634069,1.0
period1,sc01,t7789,1,0.0,1.0
period1,sc01,t7790,1,0.0,1.0
period1,sc01,t7791,1,0.0,1.0
period1,sc01,t7792,1,0.0,1.0
period1,sc01,t7793,1,0.004639351795336801,1.0
period1,sc01,t7794,1,0.07218849771949762,1.0
period1,sc01,t7795,1,0.10127457070846911,1.0
period1,sc01,t7796,1,0.1314374192928811,1.0
period1,sc01,t7797,1,0.21530161790972047,1.0
period1,sc01,t7798,1,0.2918689040412459,1.0
period1,sc01,t7799,1,0.3359084552743853,1.0
period1,sc01,t7800,1,0.3616083299833902,1.0
period1,sc01,t7801,1,0.4089498578451445,1.0
period1,sc01,t7802,1,0.40325463153195984,1.0
period1,sc01,t7803,1,0.36441768657562057,1.0
period1,sc01,t7804,1,0.39013501556614527,1.0
period1,sc01,t7805,1,0.4322820838407366,1.0
period1,sc01,t7806,1,0.47336337148836904,1.0
period1,sc01,t7807,1,0.5430589991851477,1.0
period1,sc01,t7808,1,0.578892545042666,1.0
period1,sc01,t7809,1,0.6397519034270882,1.0
period1,sc01,t7810,1,0.6865524897472289,1.0
period1,sc01,t7811,1,0.7470006394462445,1.0
period1,sc01,t7812,1,0.7658497703580965,1.0
period1,sc01,t7813,1,0.7451607460972524,1.0
period1,sc01,t7814,1,0.7256264029715273,1.0
period1,sc01,t7815,1,0.7523465627178587,1.0
period1,sc01,t7816,1,0.7907938156476377,1.0
period1,sc01,t7817,1,0.8239852430563813,1.0
period1,sc01,t7818,1,0.837219379656747,1.0
period1,sc01,t7819,1,0.8163426086353235,1.0
period1,sc01,t7820,1,0.8206402085204378,1.0
period1,sc01,t7821,1,0.8303866663747019,1.0
period1,sc01,t7822,1,0.8134472706429258,1.0
period1,sc01,t7823,1,0.7961987291179083,1.0
period1,sc01,t7824,1,0.8277967612316799,1.0
period1,sc01,t7825,1,0.8454874999277818,1.0
period1,sc01,t7826,1,0.8180126928556442,1.0
period1,sc01,t7827,1,0.7916508977185793,1.0
period1,sc01,t7828,1,0.7626661244910472,1.0
period1,sc01,t7829,1,0.7345557292823628,1.0
period1,sc01,t7830,1,0.7275065656434132,1.0
period1,sc01,t7831,1,0.722562535384251,1.0
period1,sc01,t7832,1,0.7139817189187837,1.0
period1,sc01,t7833,1,0.681354045200339,1.0
period1,sc01,t7834,1,0.6486134784808476,1.0
period1,sc01,t7835,1,0.6350545079605615,1.0
period1,sc01,t7836,1,0.6347947656900995,1.0
period1,sc01,t7837,1,0.6267538330494389,1.0
period1,sc01,t7838,1,0.5679967332088978,1.0
period1,sc01,t7839,1,0.5069146241523812,1.0
period1,sc01,t7840,1,0.4747659252363434,1.0
period1,sc01,t7841,1,0.4726892086637155,1.0
period1,sc01,t7842,1,0.5022231445045648,1.0
period1,sc01,t7843,1,0.5250706472592441,1.0
period1,sc01,t7844,1,0.5320683307658788,1.0
period1,sc01,t7845,1,0.5210969994192733,1.0
period1,sc01,t7846,1,0.4941743620653776,1.0
period1,sc01,t7847,1,0.37578327586998356,1.0
period1,sc01,t7848,1,0.3965875734318724,1.0
period1,sc01,t7849,1,0.40566694711027196,1.0
period1,sc01,t7850,1,0.4534891436752263,1.0
period1,sc01,t7851,1,0.5019925208054671,1.0
period1,sc01,t7852,1,0.4989444748383085,1.0
period1,sc01,t7853,1,0.48746822790094807,1.0
period1,sc01,t7854,1,0.45658174331233337,1.0
period1,sc01,t7855,1,0.424698605447479,1.0
period1,sc01,t7856,1,0.39089778527061686,1.0
period1,sc01,t7857,1,0.3386141883486372,1.0
period1,sc01,t7858,1,0.2698793472808369,1.0
period1,sc01,t7859,1,0.199559885430115,1.0
period1,sc01,t7860,1,0.15479827604212384,1.0
period1,sc01,t7861,1,0.14849613044340634,1.0
period1,sc01,t7862,1,0.20090153229282864,1.0
period1,sc01,t7863,1,0.21924894945695103,1.0
period1,sc01,t7864,1,0.2606287586329694,1.0
period1,sc01,t7865,1,0.2914954164202926,1.0
period1,sc01,t7866,1,0.3002181785868661,1.0
period1,sc01,t7867,1,0.3005482589607563,1.0
period1,sc01,t7868,1,0.29986784557117063,1.0
period1,sc01,t7869,1,0.28871323106995145,1.0
period1,sc01,t7870,1,0.3016760441562842,1.0
period1,sc01,t7871,1,0.32762732621484736,1.0
period1,sc01,t7872,1,0.31233745600415463,1.0
period1,sc01,t7873,1,0.28971426548000484,1.0
period1,sc01,t7874,1,0.29242192622388735,1.0
period1,sc01,t7875,1,0.29874033685903006,1.0
period1,sc01,t7876,1,0.29695038233665594,1.0
period1,sc01,t7877,1,0.30569943781610254,1.0
period1,sc01,t7878,1,0.28985083523109595,1.0
period1,sc01,t7879,1,0.28275937458870143,1.0
period1,sc01,t7880,1,0.2680861079504764,1.0
period1,sc01,t7881,1,0.25153154116491017,1.0
period1,sc01,t7882,1,0.21776925330077643,1.0
period1,sc01,t7883,1,0.18882360128902023,1.0
period1,sc01,t7884,1,0.11709982356005223,1.0
period1,sc01,t7885,1,0.10098547447881691,1.0
period1,sc01,t7886,1,0.11796579370192914,1.0
period1,sc01,t7887,1,0.12714084529753897,1.0
period1,sc01,t7888,1,0.13365391583628766,1.0
period1,sc01,t7889,1,0.12350771368972019,1.0
period1,sc01,t7890,1,0.11530274858248157,1.0
period1,sc01,t7891,1,0.10477579424522958,1.0
period1,sc01,t7892,1,0.09958642784096616,1.0
period1,sc01,t7893,1,0.08068500762473088,1.0
period1,sc01,t7894,1,0.06756620704535214,1.0
period1,sc01,t7895,1,0.04655578026793267,1.0
period1,sc01,t7896,1,0.04440807241765966,1.0
period1,sc01,t7897,1,0.036253368835167415,1.0
period1,sc01,t7898,1,0.03396936977539866,1.0
period1,sc01,t7899,1,0.033779058824211214,1.0
period1,sc01,t7900,1,0.031922743051340643,1.0
period1,sc01,t7901,1,0.02859173878222512,1.0
period1,sc01,t7902,1,0.0190957073392179,1.0
period1,sc01,t7903,1,0.009471710086128632,1.0
period1,sc01,t7904,1,0.0013368517764407101,1.0
period1,sc01,t7905,1,0.00116757998315685,1.0
period1,sc01,t7906,1,0.0005933931235227901,1.0
period1,sc01,t7907,1,0.0,1.0
period1,sc01,t7908,1,0.0,1.0
period1,sc01,t7909,1,0.0,1.0
period1,sc01,t7910,1,0.0,1.0
period1,sc01,t7911,1,0.0,1.0
period1,sc01,t7912,1,0.0,1.0
period1,sc01,t7913,1,0.0,1.0
period1,sc01,t7914,1,0.00010483760520648001,1.0
period1,sc01,t7915,1,0.01230436337432976,1.0
period1,sc01,t7916,1,0.02496957316611273,1.0
period1,sc01,t7917,1,0.055716174388838254,1.0
period1,sc01,t7918,1,0.06581938184193763,1.0
period1,sc01,t7919,1,0.07589855614922776,1.0
period1,sc01,t7920,1,0.13164957957049706,1.0
period1,sc01,t7921,1,0.15973021074180518,1.0
period1,sc01,t7922,1,0.306456826584282,1.0
period1,sc01,t7923,1,0.39292497372248064,1.0
period1,sc01,t7924,1,0.5081028011950162,1.0
period1,sc01,t7925,1,0.6129678018753063,1.0
period1,sc01,t7926,1,0.7393194873281155,1.0
period1,sc01,t7927,1,0.7651451229285381,1.0
period1,sc01,t7928,1,0.8238122338025142,1.0
period1,sc01,t7929,1,0.87809862236498,1.0
period1,sc01,t7930,1,0.8952862094093929,1.0
period1,sc01,t7931,1,0.8982002534427405,1.0
period1,sc01,t7932,1,0.899790676435029,1.0
period1,sc01,t7933,1,0.9,1.0
period1,sc01,t7934,1,0.9,1.0
period1,sc01,t7935,1,0.8994135205583184,1.0
period1,sc01,t7936,1,0.8974922512098815,1.0
period1,sc01,t7937,1,0.877491713514726,1.0
period1,sc01,t7938,1,0.8281091963402133,1.0
period1,sc01,t7939,1,0.7866389121398746,1.0
period1,sc01,t7940,1,0.7792188800833759,1.0
period1,sc01,t7941,1,0.7888081288216829,1.0
period1,sc01,t7942,1,0.7994951261179514,1.0
period1,sc01,t7943,1,0.7885877798978731,1.0
period1,sc01,t7944,1,0.8059561128839069,1.0
period1,sc01,t7945,1,0.8715058142930842,1.0
period1,sc01,t7946,1,0.874801644930279,1.0
period1,sc01,t7947,1,0.8820371315030648,1.0
period1,sc01,t7948,1,0.8883406248750759,1.0
period1,sc01,t7949,1,0.8935520108578914,1.0
period1,sc01,t7950,1,0.8952543966270987,1.0
period1,sc01,t7951,1,0.8790257282665149,1.0
period1,sc01,t7952,1,0.8065087796085777,1.0
period1,sc01,t7953,1,0.7601098425758325,1.0
period1,sc01,t7954,1,0.7696000084256487,1.0
period1,sc01,t7955,1,0.7173296201404523,1.0
period1,sc01,t7956,1,0.7698916803593685,1.0
period1,sc01,t7957,1,0.7974315857058687,1.0
period1,sc01,t7958,1,0.8155332992926138,1.0
period1,sc01,t7959,1,0.8051696106549543,1.0
period1,sc01,t7960,1,0.7992295802490219,1.0
period1,sc01,t7961,1,0.825205666699134,1.0
period1,sc01,t7962,1,0.845095482145778,1.0
period1,sc01,t7963,1,0.8323677032652709,1.0
period1,sc01,t7964,1,0.8014236133510344,1.0
period1,sc01,t7965,1,0.795642615724278,1.0
period1,sc01,t7966,1,0.8745086841497588,1.0
period1,sc01,t7967,1,0.8792710104207121,1.0
period1,sc01,t7968,1,0.9,1.0
period1,sc01,t7969,1,0.8996937426723425,1.0
period1,sc01,t7970,1,0.9,1.0
period1,sc01,t7971,1,0.8981782091810239,1.0
period1,sc01,t7972,1,0.8824362204450446,1.0
period1,sc01,t7973,1,0.8807895580341812,1.0
period1,sc01,t7974,1,0.8830180954036566,1.0
period1,sc01,t7975,1,0.8846873892463576,1.0
period1,sc01,t7976,1,0.8765334328831342,1.0
period1,sc01,t7977,1,0.874490315910435,1.0
period1,sc01,t7978,1,0.8750002582139206,1.0
period1,sc01,t7979,1,0.8763825197661403,1.0
period1,sc01,t7980,1,0.8189932500139125,1.0
period1,sc01,t7981,1,0.7818110798189962,1.0
period1,sc01,t7982,1,0.6842958387974698,1.0
period1,sc01,t7983,1,0.5675033797191184,1.0
period1,sc01,t7984,1,0.457491014832435,1.0
period1,sc01,t7985,1,0.4669480554370251,1.0
period1,sc01,t7986,1,0.45408506014165906,1.0
period1,sc01,t7987,1,0.3331525048490694,1.0
period1,sc01,t7988,1,0.3437628056391106,1.0
period1,sc01,t7989,1,0.3184733309842349,1.0
period1,sc01,t7990,1,0.34433393907632853,1.0
period1,sc01,t7991,1,0.3060419281337283,1.0
period1,sc01,t7992,1,0.3159555371471419,1.0
period1,sc01,t7993,1,0.31172007561075504,1.0
period1,sc01,t7994,1,0.3349021631007357,1.0
period1,sc01,t7995,1,0.41543322634042207,1.0
period1,sc01,t7996,1,0.41929145088900066,1.0
period1,sc01,t7997,1,0.46442140804400833,1.0
period1,sc01,t7998,1,0.5406849278504343,1.0
period1,sc01,t7999,1,0.6098720168821675,1.0
period1,sc01,t8000,1,0.7556469341667416,1.0
period1,sc01,t8001,1,0.7872147644016791,1.0
period1,sc01,t8002,1,0.8246162534355929,1.0
period1,sc01,t8003,1,0.8142155245271095,1.0
period1,sc01,t8004,1,0.7461281565062655,1.0
period1,sc01,t8005,1,0.5527240713565923,1.0
period1,sc01,t8006,1,0.5605215284958497,1.0
period1,sc01,t8007,1,0.6416202092309026,1.0
period1,sc01,t8008,1,0.7442880186040525,1.0
period1,sc01,t8009,1,0.819952322743945,1.0
period1,sc01,t8010,1,0.8771343334832197,1.0
period1,sc01,t8011,1,0.8972005547449182,1.0
period1,sc01,t8012,1,0.9,1.0
period1,sc01,t8013,1,0.9,1.0
period1,sc01,t8014,1,0.9,1.0
period1,sc01,t8015,1,0.9,1.0
period1,sc01,t8016,1,0.9,1.0
period1,sc01,t8017,1,0.9,1.0
period1,sc01,t8018,1,0.9,1.0
period1,sc01,t8019,1,0.9,1.0
period1,sc01,t8020,1,0.8978011429060545,1.0
period1,sc01,t8021,1,0.8850521417980702,1.0
period1,sc01,t8022,1,0.8866461132193759,1.0
period1,sc01,t8023,1,0.8751979629069436,1.0
period1,sc01,t8024,1,0.8260644967725165,1.0
period1,sc01,t8025,1,0.7025560494266085,1.0
period1,sc01,t8026,1,0.5713760816346629,1.0
period1,sc01,t8027,1,0.5000034113145158,1.0
period1,sc01,t8028,1,0.4836584931739856,1.0
period1,sc01,t8029,1,0.6549221795987435,1.0
period1,sc01,t8030,1,0.5842997516656457,1.0
period1,sc01,t8031,1,0.7062091850085798,1.0
period1,sc01,t8032,1,0.7732871088484855,1.0
period1,sc01,t8033,1,0.765573147783525,1.0
period1,sc01,t8034,1,0.7943938492276477,1.0
period1,sc01,t8035,1,0.8510285421920816,1.0
period1,sc01,t8036,1,0.8814984869626683,1.0
period1,sc01,t8037,1,0.8971277301550289,1.0
period1,sc01,t8038,1,0.8988487233281824,1.0
period1,sc01,t8039,1,0.8982993806876692,1.0
period1,sc01,t8040,1,0.8981892754927784,1.0
period1,sc01,t8041,1,0.8984453291116312,1.0
period1,sc01,t8042,1,0.8981949961824724,1.0
period1,sc01,t8043,1,0.8973408378171758,1.0
period1,sc01,t8044,1,0.8971620396031825,1.0
period1,sc01,t8045,1,0.8954017258903665,1.0
period1,sc01,t8046,1,0.8955123988669631,1.0
period1,sc01,t8047,1,0.8974060864459924,1.0
period1,sc01,t8048,1,0.8956046154299434,1.0
period1,sc01,t8049,1,0.8812686538216253,1.0
period1,sc01,t8050,1,0.8756903582098158,1.0
period1,sc01,t8051,1,0.8477335132449487,1.0
period1,sc01,t8052,1,0.8427221065609676,1.0
period1,sc01,t8053,1,0.835150921915351,1.0
period1,sc01,t8054,1,0.7502953538986383,1.0
period1,sc01,t8055,1,0.6269494182101312,1.0
period1,sc01,t8056,1,0.5724209297269863,1.0
period1,sc01,t8057,1,0.5352547475855453,1.0
period1,sc01,t8058,1,0.48503799580637197,1.0
period1,sc01,t8059,1,0.4439101251998978,1.0
period1,sc01,t8060,1,0.45810704466852886,1.0
period1,sc01,t8061,1,0.4279594589502444,1.0
period1,sc01,t8062,1,0.4002053434527315,1.0
period1,sc01,t8063,1,0.3009829678001658,1.0
period1,sc01,t8064,1,0.30344054728528647,1.0
period1,sc01,t8065,1,0.25169714673521065,1.0
period1,sc01,t8066,1,0.23005449228200064,1.0
period1,sc01,t8067,1,0.18672011430731136,1.0
period1,sc01,t8068,1,0.14618288919712644,1.0
period1,sc01,t8069,1,0.1314333516374243,1.0
period1,sc01,t8070,1,0.14500435167002404,1.0
period1,sc01,t8071,1,0.14773852462008158,1.0
period1,sc01,t8072,1,0.12343691826891144,1.0
period1,sc01,t8073,1,0.08677595536238872,1.0
period1,sc01,t8074,1,0.07644896040625984,1.0
period1,sc01,t8075,1,0.05552147484494325,1.0
period1,sc01,t8076,1,0.05427058665880836,1.0
period1,sc01,t8077,1,0.0561807003246768,1.0
period1,sc01,t8078,1,0.06947346508869906,1.0
period1,sc01,t8079,1,0.08311640214474982,1.0
period1,sc01,t8080,1,0.09649106972747776,1.0
period1,sc01,t8081,1,0.09832818325150988,1.0
period1,sc01,t8082,1,0.10628724448742004,1.0
period1,sc01,t8083,1,0.12173562670774922,1.0
period1,sc01,t8084,1,0.12874151443092444,1.0
period1,sc01,t8085,1,0.12974415580479232,1.0
period1,sc01,t8086,1,0.12945844701598824,1.0
period1,sc01,t8087,1,0.09759046094714385,1.0
period1,sc01,t8088,1,0.11716460844761717,1.0
period1,sc01,t8089,1,0.12932177044450419,1.0
period1,sc01,t8090,1,0.11994786684068959,1.0
period1,sc01,t8091,1,0.11190025407220507,1.0
period1,sc01,t8092,1,0.09922100698061603,1.0
period1,sc01,t8093,1,0.10203180053881959,1.0
period1,sc01,t8094,1,0.1192451770765476,1.0
period1,sc01,t8095,1,0.13767909534220044,1.0
period1,sc01,t8096,1,0.1509377286476972,1.0
period1,sc01,t8097,1,0.1482278108113729,1.0
period1,sc01,t8098,1,0.14953563453963303,1.0
period1,sc01,t8099,1,0.1024444795970268,1.0
period1,sc01,t8100,1,0.09059384384858762,1.0
period1,sc01,t8101,1,0.07859731681418121,1.0
period1,sc01,t8102,1,0.1002377055137913,1.0
period1,sc01,t8103,1,0.12500109203350782,1.0
period1,sc01,t8104,1,0.1402192278163681,1.0
period1,sc01,t8105,1,0.15567028509096487,1.0
period1,sc01,t8106,1,0.19641795110744148,1.0
period1,sc01,t8107,1,0.2195949080649042,1.0
period1,sc01,t8108,1,0.20724371362658195,1.0
period1,sc01,t8109,1,0.17829528670865422,1.0
period1,sc01,t8110,1,0.15036474268796743,1.0
period1,sc01,t8111,1,0.14129707617915768,1.0
period1,sc01,t8112,1,0.14627143714542137,1.0
period1,sc01,t8113,1,0.13856835603183543,1.0
period1,sc01,t8114,1,0.14477532947087715,1.0
period1,sc01,t8115,1,0.15019315044355513,1.0
period1,sc01,t8116,1,0.1422823599399916,1.0
period1,sc01,t8117,1,0.11592219787190262,1.0
period1,sc01,t8118,1,0.11289544663338584,1.0
period1,sc01,t8119,1,0.11815951395222143,1.0
period1,sc01,t8120,1,0.12002048623326259,1.0
period1,sc01,t8121,1,0.1134580490329644,1.0
period1,sc01,t8122,1,0.09326791605338333,1.0
period1,sc01,t8123,1,0.10960191290451303,1.0
period1,sc01,t8124,1,0.09525585944507949,1.0
period1,sc01,t8125,1,0.06568808386399254,1.0
period1,sc01,t8126,1,0.03419490129777432,1.0
period1,sc01,t8127,1,0.03673784062112049,1.0
period1,sc01,t8128,1,0.04550219350506162,1.0
period1,sc01,t8129,1,0.0760633981192341,1.0
period1,sc01,t8130,1,0.1108413375738985,1.0
period1,sc01,t8131,1,0.1577752459705488,1.0
period1,sc01,t8132,1,0.19302996825687538,1.0
period1,sc01,t8133,1,0.19426163738777857,1.0
period1,sc01,t8134,1,0.19619636734846738,1.0
period1,sc01,t8135,1,0.13850118091763416,1.0
period1,sc01,t8136,1,0.14438331262427453,1.0
period1,sc01,t8137,1,0.1498681403720229,1.0
period1,sc01,t8138,1,0.14112978798952072,1.0
period1,sc01,t8139,1,0.1293744962988613,1.0
period1,sc01,t8140,1,0.10684425432023326,1.0
period1,sc01,t8141,1,0.08902965643680996,1.0
period1,sc01,t8142,1,0.07436437554404844,1.0
period1,sc01,t8143,1,0.07346424730207671,1.0
period1,sc01,t8144,1,0.08151969563064784,1.0
period1,sc01,t8145,1,0.0980795077454989,1.0
period1,sc01,t8146,1,0.1097794770410781,1.0
period1,sc01,t8147,1,0.11652098088191733,1.0
period1,sc01,t8148,1,0.09864926615532933,1.0
period1,sc01,t8149,1,0.10379236893019299,1.0
period1,sc01,t8150,1,0.10797160004680671,1.0
period1,sc01,t8151,1,0.13632979844274762,1.0
period1,sc01,t8152,1,0.13860924271183622,1.0
period1,sc01,t8153,1,0.18275849422274806,1.0
period1,sc01,t8154,1,0.21290011150595364,1.0
period1,sc01,t8155,1,0.22821863387835142,1.0
period1,sc01,t8156,1,0.19763559270844994,1.0
period1,sc01,t8157,1,0.15520662665518223,1.0
period1,sc01,t8158,1,0.17588549684444443,1.0
period1,sc01,t8159,1,0.16515806355506008,1.0
period1,sc01,t8160,1,0.18930004378965118,1.0
period1,sc01,t8161,1,0.1974095603450773,1.0
period1,sc01,t8162,1,0.20080438727440922,1.0
period1,sc01,t8163,1,0.21276347549597704,1.0
period1,sc01,t8164,1,0.2054398437174502,1.0
period1,sc01,t8165,1,0.20726618355476623,1.0
period1,sc01,t8166,1,0.23539334760331418,1.0
period1,sc01,t8167,1,0.2641161622585115,1.0
period1,sc01,t8168,1,0.24956426127554046,1.0
period1,sc01,t8169,1,0.21930149602819693,1.0
period1,sc01,t8170,1,0.22163620427217828,1.0
period1,sc01,t8171,1,0.21408542099869016,1.0
period1,sc01,t8172,1,0.2122369289959921,1.0
period1,sc01,t8173,1,0.20063094966089334,1.0
period1,sc01,t8174,1,0.22636561807626407,1.0
period1,sc01,t8175,1,0.22365584774398506,1.0
period1,sc01,t8176,1,0.2123753679071511,1.0
period1,sc01,t8177,1,0.23818079729460087,1.0
period1,sc01,t8178,1,0.28561080230924196,1.0
period1,sc01,t8179,1,0.2878573941450686,1.0
period1,sc01,t8180,1,0.35397744483117105,1.0
period1,sc01,t8181,1,0.33830608980829546,1.0
period1,sc01,t8182,1,0.3287732097398533,1.0
period1,sc01,t8183,1,0.29242726188911694,1.0
period1,sc01,t8184,1,0.3289868851443269,1.0
period1,sc01,t8185,1,0.3741329225826166,1.0
period1,sc01,t8186,1,0.44652262492455114,1.0
period1,sc01,t8187,1,0.5418176698358038,1.0
period1,sc01,t8188,1,0.610909919439081,1.0
period1,sc01,t8189,1,0.7994000058672677,1.0
period1,sc01,t8190,1,0.8948701714948848,1.0
period1,sc01,t8191,1,0.8992689828546705,1.0
period1,sc01,t8192,1,0.8816746170404419,1.0
period1,sc01,t8193,1,0.8137033063905575,1.0
period1,sc01,t8194,1,0.8877289194068793,1.0
period1,sc01,t8195,1,0.9,1.0
period1,sc01,t8196,1,0.9,1.0
period1,sc01,t8197,1,0.9,1.0
period1,sc01,t8198,1,0.9,1.0
period1,sc01,t8199,1,0.9,1.0
period1,sc01,t8200,1,0.9,1.0
period1,sc01,t8201,1,0.9,1.0
period1,sc01,t8202,1,0.8952185869772906,1.0
period1,sc01,t8203,1,0.7256347135957538,1.0
period1,sc01,t8204,1,0.5816489407716324,1.0
period1,sc01,t8205,1,0.7166299369043775,1.0
period1,sc01,t8206,1,0.7859850180851536,1.0
period1,sc01,t8207,1,0.833641399196984,1.0
period1,sc01,t8208,1,0.8116439100082203,1.0
period1,sc01,t8209,1,0.8314789978972857,1.0
period1,sc01,t8210,1,0.8819002289031984,1.0
period1,sc01,t8211,1,0.8778697443702594,1.0
period1,sc01,t8212,1,0.8510357566520338,1.0
period1,sc01,t8213,1,0.8171031080507116,1.0
period1,sc01,t8214,1,0.7034375434556562,1.0
period1,sc01,t8215,1,0.6266670405433592,1.0
period1,sc01,t8216,1,0.582122314841356,1.0
period1,sc01,t8217,1,0.5481700692879911,1.0
period1,sc01,t8218,1,0.40756356119145437,1.0
period1,sc01,t8219,1,0.39841209965398366,1.0
period1,sc01,t8220,1,0.3518157849209078,1.0
period1,sc01,t8221,1,0.3172951293810957,1.0
period1,sc01,t8222,1,0.18339148164986513,1.0
period1,sc01,t8223,1,0.09351091233210475,1.0
period1,sc01,t8224,1,0.06863416860306015,1.0
period1,sc01,t8225,1,0.07399090291880862,1.0
period1,sc01,t8226,1,0.06954777434573793,1.0
period1,sc01,t8227,1,0.08222944575781242,1.0
period1,sc01,t8228,1,0.15125006625452767,1.0
period1,sc01,t8229,1,0.25177610217709473,1.0
period1,sc01,t8230,1,0.3170782868620092,1.0
period1,sc01,t8231,1,0.45512334958063455,1.0
period1,sc01,t8232,1,0.48627489256628464,1.0
period1,sc01,t8233,1,0.5581285747175599,1.0
period1,sc01,t8234,1,0.6081863071625954,1.0
period1,sc01,t8235,1,0.7965321822698048,1.0
period1,sc01,t8236,1,0.8289567707972062,1.0
period1,sc01,t8237,1,0.8748467578656036,1.0
period1,sc01,t8238,1,0.8718277391413705,1.0
period1,sc01,t8239,1,0.8438945641551424,1.0
period1,sc01,t8240,1,0.8183224285460122,1.0
period1,sc01,t8241,1,0.7926507243068488,1.0
period1,sc01,t8242,1,0.7671418960112407,1.0
period1,sc01,t8243,1,0.6428933707971912,1.0
period1,sc01,t8244,1,0.6702547486324993,1.0
period1,sc01,t8245,1,0.7222745360573506,1.0
period1,sc01,t8246,1,0.7417159534196743,1.0
period1,sc01,t8247,1,0.6973776879111416,1.0
period1,sc01,t8248,1,0.6431896861175483,1.0
period1,sc01,t8249,1,0.5592171860208665,1.0
period1,sc01,t8250,1,0.6402675336766233,1.0
period1,sc01,t8251,1,0.7297608828684756,1.0
period1,sc01,t8252,1,0.8480340695313825,1.0
period1,sc01,t8253,1,0.8803670970036416,1.0
period1,sc01,t8254,1,0.8750025864562596,1.0
period1,sc01,t8255,1,0.8610864984635809,1.0
period1,sc01,t8256,1,0.8550198713803809,1.0
period1,sc01,t8257,1,0.8721842354373159,1.0
period1,sc01,t8258,1,0.8763953748452579,1.0
period1,sc01,t8259,1,0.8726900265523951,1.0
period1,sc01,t8260,1,0.8669151107006392,1.0
period1,sc01,t8261,1,0.8645202078736551,1.0
period1,sc01,t8262,1,0.8871821660251271,1.0
period1,sc01,t8263,1,0.8981244766751987,1.0
period1,sc01,t8264,1,0.8972379973050995,1.0
period1,sc01,t8265,1,0.8822998599391334,1.0
period1,sc01,t8266,1,0.8842182714534527,1.0
period1,sc01,t8267,1,0.871440099668578,1.0
period1,sc01,t8268,1,0.8681179641299852,1.0
period1,sc01,t8269,1,0.855759097014533,1.0
period1,sc01,t8270,1,0.8590950432988232,1.0
period1,sc01,t8271,1,0.8677453027817189,1.0
period1,sc01,t8272,1,0.873338164640356,1.0
period1,sc01,t8273,1,0.8670295850727896,1.0
period1,sc01,t8274,1,0.8566539567202472,1.0
period1,sc01,t8275,1,0.8013352062326909,1.0
period1,sc01,t8276,1,0.6781280851042598,1.0
period1,sc01,t8277,1,0.6286291930208115,1.0
period1,sc01,t8278,1,0.6056946013823126,1.0
period1,sc01,t8279,1,0.47100753658147887,1.0
period1,sc01,t8280,1,0.46193627299542944,1.0
period1,sc01,t8281,1,0.44937208455282196,1.0
period1,sc01,t8282,1,0.3783722774979191,1.0
period1,sc01,t8283,1,0.30366994172987494,1.0
period1,sc01,t8284,1,0.24040524252073836,1.0
period1,sc01,t8285,1,0.21505309362761438,1.0
period1,sc01,t8286,1,0.2200533875345484,1.0
period1,sc01,t8287,1,0.2052565863220234,1.0
period1,sc01,t8288,1,0.18328120248525787,1.0
period1,sc01,t8289,1,0.1751500375864882,1.0
period1,sc01,t8290,1,0.1503992474744544,1.0
period1,sc01,t8291,1,0.21691799837605205,1.0
period1,sc01,t8292,1,0.15078242619546967,1.0
period1,sc01,t8293,1,0.07007592158119684,1.0
period1,sc01,t8294,1,0.06653762678705895,1.0
period1,sc01,t8295,1,0.08030327294276299,1.0
period1,sc01,t8296,1,0.07455735140184945,1.0
period1,sc01,t8297,1,0.08259969013548535,1.0
period1,sc01,t8298,1,0.09341389921661442,1.0
period1,sc01,t8299,1,0.08551211470151725,1.0
period1,sc01,t8300,1,0.08472949440434559,1.0
period1,sc01,t8301,1,0.08473263029311555,1.0
period1,sc01,t8302,1,0.08667716642323857,1.0
period1,sc01,t8303,1,0.0815502024278505,1.0
period1,sc01,t8304,1,0.08040809512355779,1.0
period1,sc01,t8305,1,0.08450088586064892,1.0
period1,sc01,t8306,1,0.13062195634459922,1.0
period1,sc01,t8307,1,0.16882006456003418,1.0
period1,sc01,t8308,1,0.19251664033226157,1.0
period1,sc01,t8309,1,0.15907525134296202,1.0
period1,sc01,t8310,1,0.18555393229192782,1.0
period1,sc01,t8311,1,0.20507157320304636,1.0
period1,sc01,t8312,1,0.2855494853054925,1.0
period1,sc01,t8313,1,0.39641347922611464,1.0
period1,sc01,t8314,1,0.3532938769333814,1.0
period1,sc01,t8315,1,0.2372440603222151,1.0
period1,sc01,t8316,1,0.1353841106976511,1.0
period1,sc01,t8317,1,0.23599514268792468,1.0
period1,sc01,t8318,1,0.4435287484381931,1.0
period1,sc01,t8319,1,0.4330994278779299,1.0
period1,sc01,t8320,1,0.5157146995133435,1.0
period1,sc01,t8321,1,0.5104962825728335,1.0
period1,sc01,t8322,1,0.46371227324326075,1.0
period1,sc01,t8323,1,0.452227293167496,1.0
period1,sc01,t8324,1,0.4378184688853352,1.0
period1,sc01,t8325,1,0.43337764941600593,1.0
period1,sc01,t8326,1,0.4234993603817734,1.0
period1,sc01,t8327,1,0.43358164281093503,1.0
period1,sc01,t8328,1,0.43646849022534157,1.0
period1,sc01,t8329,1,0.4360587763571285,1.0
period1,sc01,t8330,1,0.49618928902930826,1.0
period1,sc01,t8331,1,0.6088175433271751,1.0
period1,sc01,t8332,1,0.7453786372424773,1.0
period1,sc01,t8333,1,0.754005549224386,1.0
period1,sc01,t8334,1,0.7340775837821246,1.0
period1,sc01,t8335,1,0.766012263596299,1.0
period1,sc01,t8336,1,0.8081106935936544,1.0
period1,sc01,t8337,1,0.8660250310241289,1.0
period1,sc01,t8338,1,0.8754198884762194,1.0
period1,sc01,t8339,1,0.8356977596011805,1.0
period1,sc01,t8340,1,0.875047141500352,1.0
period1,sc01,t8341,1,0.8773983800135509,1.0
period1,sc01,t8342,1,0.8420649604903798,1.0
period1,sc01,t8343,1,0.8056113902885342,1.0
period1,sc01,t8344,1,0.7631925657337054,1.0
period1,sc01,t8345,1,0.6366820399182264,1.0
period1,sc01,t8346,1,0.6423718047457729,1.0
period1,sc01,t8347,1,0.6415339307810528,1.0
period1,sc01,t8348,1,0.714341056613623,1.0
period1,sc01,t8349,1,0.7423780097241687,1.0
period1,sc01,t8350,1,0.7507591145303794,1.0
period1,sc01,t8351,1,0.6232780552489491,1.0
period1,sc01,t8352,1,0.7804468920229959,1.0
period1,sc01,t8353,1,0.8336928537405356,1.0
period1,sc01,t8354,1,0.8486995641520602,1.0
period1,sc01,t8355,1,0.8293973825957179,1.0
period1,sc01,t8356,1,0.7979173358795799,1.0
period1,sc01,t8357,1,0.7830573736632749,1.0
period1,sc01,t8358,1,0.7788396994932276,1.0
period1,sc01,t8359,1,0.7809750143039813,1.0
period1,sc01,t8360,1,0.7880684475326959,1.0
period1,sc01,t8361,1,0.8099549259057278,1.0
period1,sc01,t8362,1,0.8262434501401554,1.0
period1,sc01,t8363,1,0.8312946477291961,1.0
period1,sc01,t8364,1,0.8318758694655168,1.0
period1,sc01,t8365,1,0.8209904521076977,1.0
period1,sc01,t8366,1,0.8071764240822192,1.0
period1,sc01,t8367,1,0.7830845988943872,1.0
period1,sc01,t8368,1,0.7140323369446714,1.0
period1,sc01,t8369,1,0.6187593525895627,1.0
period1,sc01,t8370,1,0.5714773652503632,1.0
period1,sc01,t8371,1,0.5669477776518119,1.0
period1,sc01,t8372,1,0.5257453919477788,1.0
period1,sc01,t8373,1,0.45558678655514784,1.0
period1,sc01,t8374,1,0.39360492444243733,1.0
period1,sc01,t8375,1,0.3754182706308224,1.0
period1,sc01,t8376,1,0.42970429574541846,1.0
period1,sc01,t8377,1,0.43821168228251894,1.0
period1,sc01,t8378,1,0.37879359851668626,1.0
period1,sc01,t8379,1,0.29611693355056595,1.0
period1,sc01,t8380,1,0.2891198468073375,1.0
period1,sc01,t8381,1,0.2955594210557993,1.0
period1,sc01,t8382,1,0.3020761369343131,1.0
period1,sc01,t8383,1,0.29690757854429456,1.0
period1,sc01,t8384,1,0.2930263500718374,1.0
period1,sc01,t8385,1,0.30459695023862304,1.0
period1,sc01,t8386,1,0.2888827696749131,1.0
period1,sc01,t8387,1,0.20181686138391403,1.0
period1,sc01,t8388,1,0.25923351503478215,1.0
period1,sc01,t8389,1,0.29953057614562667,1.0
period1,sc01,t8390,1,0.16193207741294105,1.0
period1,sc01,t8391,1,0.18418663965774484,1.0
period1,sc01,t8392,1,0.1821190466777257,1.0
period1,sc01,t8393,1,0.13262877988560773,1.0
period1,sc01,t8394,1,0.25181410771672086,1.0
period1,sc01,t8395,1,0.3882893639806261,1.0
period1,sc01,t8396,1,0.39361791610163316,1.0
period1,sc01,t8397,1,0.46293954450077474,1.0
period1,sc01,t8398,1,0.5211438576877243,1.0
period1,sc01,t8399,1,0.554049078054556,1.0
period1,sc01,t8400,1,0.5347986082841147,1.0
period1,sc01,t8401,1,0.540991368307054,1.0
period1,sc01,t8402,1,0.4494290979041195,1.0
period1,sc01,t8403,1,0.41772258664380174,1.0
period1,sc01,t8404,1,0.4241904583630214,1.0
period1,sc01,t8405,1,0.44635659669668,1.0
period1,sc01,t8406,1,0.40025061867447376,1.0
period1,sc01,t8407,1,0.26974812966467465,1.0
period1,sc01,t8408,1,0.18690973915220488,1.0
period1,sc01,t8409,1,0.11174526526060594,1.0
period1,sc01,t8410,1,0.07291668125250333,1.0
period1,sc01,t8411,1,0.06952384990491688,1.0
period1,sc01,t8412,1,0.07284057420096576,1.0
period1,sc01,t8413,1,0.05397163445036476,1.0
period1,sc01,t8414,1,0.04614398463345426,1.0
period1,sc01,t8415,1,0.03745095182460648,1.0
period1,sc01,t8416,1,0.014164433946826111,1.0
period1,sc01,t8417,1,0.0013362894903729602,1.0
period1,sc01,t8418,1,0.00075861607553487,1.0
period1,sc01,t8419,1,0.00573910498344177,1.0
period1,sc01,t8420,1,0.05409119537164755,1.0
period1,sc01,t8421,1,0.10080883446398506,1.0
period1,sc01,t8422,1,0.11412867756353318,1.0
period1,sc01,t8423,1,0.09332738627876712,1.0
period1,sc01,t8424,1,0.13906093117034807,1.0
period1,sc01,t8425,1,0.21331505280288,1.0
period1,sc01,t8426,1,0.2989081288926918,1.0
period1,sc01,t8427,1,0.45581244571106305,1.0
period1,sc01,t8428,1,0.5982875019378928,1.0
period1,sc01,t8429,1,0.6138451721236785,1.0
period1,sc01,t8430,1,0.650694746426286,1.0
period1,sc01,t8431,1,0.7514515850276401,1.0
period1,sc01,t8432,1,0.8314442438878639,1.0
period1,sc01,t8433,1,0.8794003132366016,1.0
period1,sc01,t8434,1,0.8895844626641763,1.0
period1,sc01,t8435,1,0.8668689831276843,1.0
period1,sc01,t8436,1,0.849145002171746,1.0
period1,sc01,t8437,1,0.8450729030875612,1.0
period1,sc01,t8438,1,0.7999510840737089,1.0
period1,sc01,t8439,1,0.7596948237714524,1.0
period1,sc01,t8440,1,0.6481374381275893,1.0
period1,sc01,t8441,1,0.5495768115916497,1.0
period1,sc01,t8442,1,0.42921564364610165,1.0
period1,sc01,t8443,1,0.373888313046461,1.0
period1,sc01,t8444,1,0.3204871990691432,1.0
period1,sc01,t8445,1,0.33676174823538557,1.0
period1,sc01,t8446,1,0.45843843700961634,1.0
period1,sc01,t8447,1,0.6070292557485212,1.0
period1,sc01,t8448,1,0.8062174236981766,1.0
period1,sc01,t8449,1,0.8619872961143282,1.0
period1,sc01,t8450,1,0.8940829396472849,1.0
period1,sc01,t8451,1,0.8979204240005393,1.0
period1,sc01,t8452,1,0.8969433547566698,1.0
period1,sc01,t8453,1,0.8940472938606149,1.0
period1,sc01,t8454,1,0.8977453533652219,1.0
period1,sc01,t8455,1,0.8979073911297851,1.0
period1,sc01,t8456,1,0.8892773672326776,1.0
period1,sc01,t8457,1,0.8713861350887643,1.0
period1,sc01,t8458,1,0.8182984499991861,1.0
period1,sc01,t8459,1,0.6943267043803503,1.0
period1,sc01,t8460,1,0.6123170393288551,1.0
period1,sc01,t8461,1,0.5048842625815353,1.0
period1,sc01,t8462,1,0.4076133223625011,1.0
period1,sc01,t8463,1,0.40333559735472185,1.0
period1,sc01,t8464,1,0.45480011600844006,1.0
period1,sc01,t8465,1,0.5097470199909845,1.0
period1,sc01,t8466,1,0.5804124188725824,1.0
period1,sc01,t8467,1,0.612551887781815,1.0
period1,sc01,t8468,1,0.6125035834758027,1.0
period1,sc01,t8469,1,0.6702221821063975,1.0
period1,sc01,t8470,1,0.6916062417079375,1.0
period1,sc01,t8471,1,0.5830908536771614,1.0
period1,sc01,t8472,1,0.6105002379260211,1.0
period1,sc01,t8473,1,0.6629811120242612,1.0
period1,sc01,t8474,1,0.708853912847545,1.0
period1,sc01,t8475,1,0.7312925858401187,1.0
period1,sc01,t8476,1,0.7467859771375799,1.0
period1,sc01,t8477,1,0.7257614576555179,1.0
period1,sc01,t8478,1,0.7671360716429619,1.0
period1,sc01,t8479,1,0.7552125565702106,1.0
period1,sc01,t8480,1,0.7770431891857239,1.0
period1,sc01,t8481,1,0.7402275393837999,1.0
period1,sc01,t8482,1,0.7108286053235598,1.0
period1,sc01,t8483,1,0.7616988534328507,1.0
period1,sc01,t8484,1,0.6969001068840798,1.0
period1,sc01,t8485,1,0.6589362201498928,1.0
period1,sc01,t8486,1,0.6214373243699608,1.0
period1,sc01,t8487,1,0.5179420869422173,1.0
period1,sc01,t8488,1,0.41481192920278254,1.0
period1,sc01,t8489,1,0.3167546580728994,1.0
period1,sc01,t8490,1,0.20318755854781656,1.0
period1,sc01,t8491,1,0.13835346157266795,1.0
period1,sc01,t8492,1,0.1165798670484943,1.0
period1,sc01,t8493,1,0.14456839808573424,1.0
period1,sc01,t8494,1,0.17603623152455095,1.0
period1,sc01,t8495,1,0.14253849709937272,1.0
period1,sc01,t8496,1,0.11778548588757783,1.0
period1,sc01,t8497,1,0.08499322705671702,1.0
period1,sc01,t8498,1,0.04829561719651755,1.0
period1,sc01,t8499,1,0.00178557887553327,1.0
period1,sc01,t8500,1,0.0005062586911236901,1.0
period1,sc01,t8501,1,0.0003024114463269,1.0
period1,sc01,t8502,1,0.00016399307543859,1.0
period1,sc01,t8503,1,0.00041792006623410003,1.0
period1,sc01,t8504,1,0.0,1.0
period1,sc01,t8505,1,0.0,1.0
period1,sc01,t8506,1,0.0,1.0
period1,sc01,t8507,1,0.0,1.0
period1,sc01,t8508,1,0.0,1.0
period1,sc01,t8509,1,0.0,1.0
period1,sc01,t8510,1,0.0,1.0
period1,sc01,t8511,1,0.00051582406742136,1.0
period1,sc01,t8512,1,0.00123980429584647,1.0
period1,sc01,t8513,1,0.00173689114881762,1.0
period1,sc01,t8514,1,0.007281113585556781,1.0
period1,sc01,t8515,1,0.02673450348448293,1.0
period1,sc01,t8516,1,0.04719585506571198,1.0
period1,sc01,t8517,1,0.06473690059255101,1.0
period1,sc01,t8518,1,0.07795736154078714,1.0
period1,sc01,t8519,1,0.07659909238643865,1.0
period1,sc01,t8520,1,0.06411531251363796,1.0
period1,sc01,t8521,1,0.0642812930654859,1.0
period1,sc01,t8522,1,0.0709091393744015,1.0
period1,sc01,t8523,1,0.07936944414074704,1.0
period1,sc01,t8524,1,0.07746125108661243,1.0
period1,sc01,t8525,1,0.07154225006836194,1.0
period1,sc01,t8526,1,0.0724114989840789,1.0
period1,sc01,t8527,1,0.06683745731084838,1.0
period1,sc01,t8528,1,0.062029474209045546,1.0
period1,sc01,t8529,1,0.0483783403472433,1.0
period1,sc01,t8530,1,0.030127252537549082,1.0
period1,sc01,t8531,1,0.02807979859550538,1.0
period1,sc01,t8532,1,0.0054937774105299,1.0
period1,sc01,t8533,1,0.00114743204314515,1.0
period1,sc01,t8534,1,0.00748051818583365,1.0
period1,sc01,t8535,1,0.04085843622147909,1.0
period1,sc01,t8536,1,0.0544745011093515,1.0
period1,sc01,t8537,1,0.05574191317241355,1.0
period1,sc01,t8538,1,0.04608937986372513,1.0
period1,sc01,t8539,1,0.05700195179722198,1.0
period1,sc01,t8540,1,0.06377227479865277,1.0
period1,sc01,t8541,1,0.07540286666734575,1.0
period1,sc01,t8542,1,0.08336423706257448,1.0
period1,sc01,t8543,1,0.10774067337747675,1.0
period1,sc01,t8544,1,0.10550827055751237,1.0
period1,sc01,t8545,1,0.08725289283677043,1.0
period1,sc01,t8546,1,0.10418092732365326,1.0
period1,sc01,t8547,1,0.11372546149693011,1.0
period1,sc01,t8548,1,0.12604017015582814,1.0
period1,sc01,t8549,1,0.13070776565774755,1.0
period1,sc01,t8550,1,0.14987770416939897,1.0
period1,sc01,t8551,1,0.15241312707390875,1.0
period1,sc01,t8552,1,0.1689884336452222,1.0
period1,sc01,t8553,1,0.2238363535563575,1.0
period1,sc01,t8554,1,0.2191972926254308,1.0
period1,sc01,t8555,1,0.11466352804689829,1.0
period1,sc01,t8556,1,0.12276047779950951,1.0
period1,sc01,t8557,1,0.12481653015148357,1.0
period1,sc01,t8558,1,0.10315253283269589,1.0
period1,sc01,t8559,1,0.10137588530456386,1.0
period1,sc01,t8560,1,0.11705098847120875,1.0
period1,sc01,t8561,1,0.10855087122942189,1.0
period1,sc01,t8562,1,0.08461375218875115,1.0
period1,sc01,t8563,1,0.06990661608971878,1.0
period1,sc01,t8564,1,0.0516643700226543,1.0
period1,sc01,t8565,1,0.03254984955853587,1.0
period1,sc01,t8566,1,0.02298632937349923,1.0
period1,sc01,t8567,1,0.00115178388152976,1.0
period1,sc01,t8568,1,0.00046159607382507,1.0
period1,sc01,t8569,1,3.000728771779521e-05,1.0
period1,sc01,t8570,1,0.0,1.0
period1,sc01,t8571,1,0.0,1.0
period1,sc01,t8572,1,0.0,1.0
period1,sc01,t8573,1,0.00042727409346393,1.0
period1,sc01,t8574,1,0.00124392761893728,1.0
period1,sc01,t8575,1,0.00794146507746246,1.0
period1,sc01,t8576,1,0.0012768859922994002,1.0
period1,sc01,t8577,1,0.00013478485534893,1.0
period1,sc01,t8578,1,0.0,1.0
period1,sc01,t8579,1,0.0,1.0
period1,sc01,t8580,1,0.0,1.0
period1,sc01,t8581,1,0.0,1.0
period1,sc01,t8582,1,0.0,1.0
period1,sc01,t8583,1,0.0,1.0
period1,sc01,t8584,1,0.0,1.0
period1,sc01,t8585,1,0.0,1.0
period1,sc01,t8586,1,0.0,1.0
period1,sc01,t8587,1,0.0,1.0
period1,sc01,t8588,1,0.0,1.0
period1,sc01,t8589,1,0.0,1.0
period1,sc01,t8590,1,0.00027780751418391,1.0
period1,sc01,t8591,1,0.0,1.0
period1,sc01,t8592,1,0.0,1.0
period1,sc01,t8593,1,0.0,1.0
period1,sc01,t8594,1,0.00045652033523430004,1.0
period1,sc01,t8595,1,0.0,1.0
period1,sc01,t8596,1,0.0,1.0
period1,sc01,t8597,1,0.0,1.0
period1,sc01,t8598,1,0.0,1.0
period1,sc01,t8599,1,0.00031896173648331003,1.0
period1,sc01,t8600,1,0.00466657629994089,1.0
period1,sc01,t8601,1,0.04707008630842986,1.0
period1,sc01,t8602,1,0.08971198446521152,1.0
period1,sc01,t8603,1,0.15642114671513863,1.0
period1,sc01,t8604,1,0.17639332276072275,1.0
period1,sc01,t8605,1,0.1428285499355216,1.0
period1,sc01,t8606,1,0.10591765908667317,1.0
period1,sc01,t8607,1,0.1002871520399295,1.0
period1,sc01,t8608,1,0.08546088832462999,1.0
period1,sc01,t8609,1,0.12540772689499322,1.0
period1,sc01,t8610,1,0.10178026225162856,1.0
period1,sc01,t8611,1,0.10304994041700004,1.0
period1,sc01,t8612,1,0.0989839260976275,1.0
period1,sc01,t8613,1,0.10148798934100368,1.0
period1,sc01,t8614,1,0.0928621083530457,1.0
period1,sc01,t8615,1,0.1275876000668369,1.0
period1,sc01,t8616,1,0.12176503528772611,1.0
period1,sc01,t8617,1,0.11023756652205027,1.0
period1,sc01,t8618,1,0.09310082062881835,1.0
period1,sc01,t8619,1,0.10024348319782732,1.0
period1,sc01,t8620,1,0.11267244698743754,1.0
period1,sc01,t8621,1,0.12643667994228788,1.0
period1,sc01,t8622,1,0.11700184277556377,1.0
period1,sc01,t8623,1,0.10035705861261675,1.0
period1,sc01,t8624,1,0.0834220223995051,1.0
period1,sc01,t8625,1,0.06761718433096497,1.0
period1,sc01,t8626,1,0.040699836680582156,1.0
period1,sc01,t8627,1,0.00080561973461391,1.0
period1,sc01,t8628,1,0.0,1.0
period1,sc01,t8629,1,0.0,1.0
period1,sc01,t8630,1,0.0,1.0
period1,sc01,t8631,1,0.0,1.0
period1,sc01,t8632,1,0.0,1.0
period1,sc01,t8633,1,0.0,1.0
period1,sc01,t8634,1,0.0,1.0
period1,sc01,t8635,1,0.0,1.0
period1,sc01,t8636,1,0.00087230755397457,1.0
period1,sc01,t8637,1,0.03572812736942202,1.0
period1,sc01,t8638,1,0.11049088383992224,1.0
period1,sc01,t8639,1,0.13930295515878025,1.0
period1,sc01,t8640,1,0.189848128910565,1.0
period1,sc01,t8641,1,0.29263955035805134,1.0
period1,sc01,t8642,1,0.40731020580231514,1.0
period1,sc01,t8643,1,0.49373972114144166,1.0
period1,sc01,t8644,1,0.4993870267990388,1.0
period1,sc01,t8645,1,0.5880011770090507,1.0
period1,sc01,t8646,1,0.6681661573244233,1.0
period1,sc01,t8647,1,0.4627212063392214,1.0
period1,sc01,t8648,1,0.5023261095261258,1.0
period1,sc01,t8649,1,0.5489785880052469,1.0
period1,sc01,t8650,1,0.5912980262314174,1.0
period1,sc01,t8651,1,0.6248840876897568,1.0
period1,sc01,t8652,1,0.4987128150754692,1.0
period1,sc01,t8653,1,0.2463242649306994,1.0
period1,sc01,t8654,1,0.30542795399152034,1.0
period1,sc01,t8655,1,0.49571779895083573,1.0
period1,sc01,t8656,1,0.576822922315633,1.0
period1,sc01,t8657,1,0.6687320629550919,1.0
period1,sc01,t8658,1,0.6976047997021153,1.0
period1,sc01,t8659,1,0.7695791382145731,1.0
period1,sc01,t8660,1,0.7869003714037934,1.0
period1,sc01,t8661,1,0.8533911324439267,1.0
period1,sc01,t8662,1,0.8848358278053088,1.0
period1,sc01,t8663,1,0.8327614792301984,1.0
period1,sc01,t8664,1,0.8265593381963245,1.0
period1,sc01,t8665,1,0.6932531479546449,1.0
period1,sc01,t8666,1,0.5607831453034583,1.0
period1,sc01,t8667,1,0.37194315736234035,1.0
period1,sc01,t8668,1,0.24436499649124857,1.0
period1,sc01,t8669,1,0.16521632152767685,1.0
period1,sc01,t8670,1,0.13558904459370028,1.0
period1,sc01,t8671,1,0.07568124497450164,1.0
period1,sc01,t8672,1,0.02249836999276203,1.0
period1,sc01,t8673,1,0.01305096875790813,1.0
period1,sc01,t8674,1,0.08014265090597114,1.0
period1,sc01,t8675,1,0.08558153018353117,1.0
period1,sc01,t8676,1,0.20863361243416878,1.0
period1,sc01,t8677,1,0.3711782054703658,1.0
period1,sc01,t8678,1,0.39546763941565244,1.0
period1,sc01,t8679,1,0.35733740381401197,1.0
period1,sc01,t8680,1,0.2581412669073653,1.0
period1,sc01,t8681,1,0.16027807389017767,1.0
period1,sc01,t8682,1,0.1293815509208669,1.0
period1,sc01,t8683,1,0.1515467838017879,1.0
period1,sc01,t8684,1,0.1303233528974555,1.0
period1,sc01,t8685,1,0.07042294415714058,1.0
period1,sc01,t8686,1,0.03619579723682904,1.0
period1,sc01,t8687,1,0.0880981530020641,1.0
period1,sc01,t8688,1,0.21857258018080952,1.0
period1,sc01,t8689,1,0.22894402265935765,1.0
period1,sc01,t8690,1,0.30823706826304864,1.0
period1,sc01,t8691,1,0.34021288130349797,1.0
period1,sc01,t8692,1,0.3453177693005828,1.0
period1,sc01,t8693,1,0.31270374428692954,1.0
period1,sc01,t8694,1,0.2673368271498528,1.0
period1,sc01,t8695,1,0.25794119112598235,1.0
period1,sc01,t8696,1,0.28131935469256836,1.0
period1,sc01,t8697,1,0.3558320436015473,1.0
period1,sc01,t8698,1,0.40198593185713183,1.0
period1,sc01,t8699,1,0.47831938275551855,1.0
period1,sc01,t8700,1,0.3169172147937217,1.0
period1,sc01,t8701,1,0.23541544737468123,1.0
period1,sc01,t8702,1,0.15205756503231055,1.0
period1,sc01,t8703,1,0.18519769912120615,1.0
period1,sc01,t8704,1,0.39948207739525143,1.0
period1,sc01,t8705,1,0.5833532148024256,1.0
period1,sc01,t8706,1,0.6515492982618065,1.0
period1,sc01,t8707,1,0.692736133788403,1.0
period1,sc01,t8708,1,0.7630413346011392,1.0
period1,sc01,t8709,1,0.7298849932697457,1.0
period1,sc01,t8710,1,0.6179957556711178,1.0
period1,sc01,t8711,1,0.4138796995421454,1.0
period1,sc01,t8712,1,0.509776220453202,1.0
period1,sc01,t8713,1,0.6300601631887738,1.0
period1,sc01,t8714,1,0.6785360974990886,1.0
period1,sc01,t8715,1,0.617405516417944,1.0
period1,sc01,t8716,1,0.6839355824166167,1.0
period1,sc01,t8717,1,0.8039144067437061,1.0
period1,sc01,t8718,1,0.8286336063903441,1.0
period1,sc01,t8719,1,0.8199465623219503,1.0
period1,sc01,t8720,1,0.7823630132928604,1.0
period1,sc01,t8721,1,0.7425919814491645,1.0
period1,sc01,t8722,1,0.6854371080205868,1.0
period1,sc01,t8723,1,0.4856174379887335,1.0
period1,sc01,t8724,1,0.44766014922761527,1.0
period1,sc01,t8725,1,0.42328635537018383,1.0
period1,sc01,t8726,1,0.4309773327831969,1.0
period1,sc01,t8727,1,0.37990673488124876,1.0
period1,sc01,t8728,1,0.3574835304647937,1.0
period1,sc01,t8729,1,0.3210353073544235,1.0
period1,sc01,t8730,1,0.20215574207675047,1.0
period1,sc01,t8731,1,0.12094236327792834,1.0
period1,sc01,t8732,1,0.08321299951065832,1.0
period1,sc01,t8733,1,0.09005039581034403,1.0
period1,sc01,t8734,1,0.16311110032831985,1.0
period1,sc01,t8735,1,0.19954626242320117,1.0
period1,sc01,t8736,1,0.26175960157124367,1.0
