,,,EleR_01,HydR_01
period1,sc01,t0001,0.027335737000000006,132.8052
period1,sc01,t0002,0.027003724,132.8052
period1,sc01,t0003,0.021912858,132.8052
period1,sc01,t0004,0.019810109000000003,132.8052
period1,sc01,t0005,0.029991841,132.8052
period1,sc01,t0006,0.019699438,132.8052
period1,sc01,t0007,0.022466212999999995,132.8052
period1,sc01,t0008,0.032315932,132.8052
period1,sc01,t0009,0.036189417,132.8052
period1,sc01,t0010,0.047477859000000004,132.8052
period1,sc01,t0011,0.049027253,132.8052
period1,sc01,t0012,0.049137924000000006,132.8052
period1,sc01,t0013,0.04980195,132.8052
period1,sc01,t0014,0.066291929,132.8052
period1,sc01,t0015,0.135682646,132.8052
period1,sc01,t0016,0.208504164,132.8052
period1,sc01,t0017,0.228978299,132.8052
period1,sc01,t0018,0.18050440099999998,132.8052
period1,sc01,t0019,0.110671,132.8052
period1,sc01,t0020,0.089311497,132.8052
period1,sc01,t0021,0.07614164799999999,132.8052
period1,sc01,t0022,0.10668684400000002,132.8052
period1,sc01,t0023,0.077912384,132.8052
period1,sc01,t0024,0.03762814,132.8052
period1,sc01,t0025,0.035968074999999995,132.8052
period1,sc01,t0026,0.0442684,132.8052
period1,sc01,t0027,0.074038899,132.8052
period1,sc01,t0028,0.118528641,132.8052
period1,sc01,t0029,0.196662367,132.8052
period1,sc01,t0030,0.444676078,132.8052
period1,sc01,t0031,1.040086058,132.8052
period1,sc01,t0032,1.313111415,132.8052
period1,sc01,t0033,1.380731396,132.8052
period1,sc01,t0034,1.365126785,132.8052
period1,sc01,t0035,1.22291455,132.8052
period1,sc01,t0036,1.116006364,132.8052
period1,sc01,t0037,1.17421931,132.8052
period1,sc01,t0038,1.245712776,132.8052
period1,sc01,t0039,1.414596722,132.8052
period1,sc01,t0040,1.497599972,132.8052
period1,sc01,t0041,1.660175671,132.8052
period1,sc01,t0042,1.627085042,132.8052
period1,sc01,t0043,1.1988989429999999,132.8052
period1,sc01,t0044,1.145887534,132.8052
period1,sc01,t0045,0.844973085,132.8052
period1,sc01,t0046,0.684610806,132.8052
period1,sc01,t0047,0.5440586359999999,132.8052
period1,sc01,t0048,0.475995971,132.8052
period1,sc01,t0049,0.42220986499999996,132.8052
period1,sc01,t0050,0.389783262,132.8052
period1,sc01,t0051,0.369973153,132.8052
period1,sc01,t0052,0.329024883,132.8052
period1,sc01,t0053,0.338431918,132.8052
period1,sc01,t0054,0.424533956,132.8052
period1,sc01,t0055,0.579030672,132.8052
period1,sc01,t0056,0.89532839,132.8052
period1,sc01,t0057,0.8872494070000001,132.8052
period1,sc01,t0058,0.8425383229999999,132.8052
period1,sc01,t0059,0.7588710469999999,132.8052
period1,sc01,t0060,0.6091331839999999,132.8052
period1,sc01,t0061,0.5919791790000001,132.8052
period1,sc01,t0062,0.597180716,132.8052
period1,sc01,t0063,0.816198625,132.8052
period1,sc01,t0064,1.114899654,132.8052
period1,sc01,t0065,1.177428769,132.8052
period1,sc01,t0066,1.2087486619999999,132.8052
period1,sc01,t0067,1.120765217,132.8052
period1,sc01,t0068,0.935059279,132.8052
period1,sc01,t0069,0.903296702,132.8052
period1,sc01,t0070,0.753780181,132.8052
period1,sc01,t0071,0.7592030599999999,132.8052
period1,sc01,t0072,0.56552881,132.8052
period1,sc01,t0073,0.5291180510000001,132.8052
period1,sc01,t0074,0.488612465,132.8052
period1,sc01,t0075,0.488833807,132.8052
period1,sc01,t0076,0.475553287,132.8052
period1,sc01,t0077,0.478762746,132.8052
period1,sc01,t0078,0.643330523,132.8052
period1,sc01,t0079,0.932292504,132.8052
period1,sc01,t0080,1.10892342,132.8052
period1,sc01,t0081,1.171452535,132.8052
period1,sc01,t0082,1.177871453,132.8052
period1,sc01,t0083,1.168353747,132.8052
period1,sc01,t0084,1.144227469,132.8052
period1,sc01,t0085,0.8638978260000001,132.8052
period1,sc01,t0086,1.240953923,132.8052
period1,sc01,t0087,1.511101834,132.8052
period1,sc01,t0088,1.6031801060000002,132.8052
period1,sc01,t0089,1.6492192420000003,132.8052
period1,sc01,t0090,1.582484629,132.8052
period1,sc01,t0091,1.50623231,132.8052
period1,sc01,t0092,1.327830658,132.8052
period1,sc01,t0093,1.289206479,132.8052
period1,sc01,t0094,0.830364513,132.8052
period1,sc01,t0095,0.6926897890000001,132.8052
period1,sc01,t0096,0.611457275,132.8052
period1,sc01,t0097,0.6196469290000001,132.8052
period1,sc01,t0098,0.6304926869999999,132.8052
period1,sc01,t0099,0.652294874,132.8052
period1,sc01,t0100,0.750017367,132.8052
period1,sc01,t0101,0.764957952,132.8052
period1,sc01,t0102,0.9180159449999999,132.8052
period1,sc01,t0103,0.921336075,132.8052
period1,sc01,t0104,0.9616203189999999,132.8052
period1,sc01,t0105,1.007770126,132.8052
period1,sc01,t0106,0.948118457,132.8052
period1,sc01,t0107,1.017509174,132.8052
period1,sc01,t0108,0.9347272659999999,132.8052
period1,sc01,t0109,0.884593303,132.8052
period1,sc01,t0110,0.766618017,132.8052
period1,sc01,t0111,0.582572144,132.8052
period1,sc01,t0112,0.5711730309999999,132.8052
period1,sc01,t0113,0.7449265010000001,132.8052
period1,sc01,t0114,0.716262712,132.8052
period1,sc01,t0115,0.5747145029999999,132.8052
period1,sc01,t0116,0.409593371,132.8052
period1,sc01,t0117,0.411806791,132.8052
period1,sc01,t0118,0.385799106,132.8052
period1,sc01,t0119,0.307222696,132.8052
period1,sc01,t0120,0.299365055,132.8052
period1,sc01,t0121,0.25841678500000004,132.8052
period1,sc01,t0122,0.21525509499999998,132.8052
period1,sc01,t0123,0.185263254,132.8052
period1,sc01,t0124,0.17231474700000002,132.8052
period1,sc01,t0125,0.165895829,132.8052
period1,sc01,t0126,0.271697305,132.8052
period1,sc01,t0127,0.332013,132.8052
period1,sc01,t0128,0.41678698599999997,132.8052
period1,sc01,t0129,0.389229907,132.8052
period1,sc01,t0130,0.378937504,132.8052
period1,sc01,t0131,0.35879538200000005,132.8052
period1,sc01,t0132,0.33754655,132.8052
period1,sc01,t0133,0.31120685200000003,132.8052
period1,sc01,t0134,0.273689383,132.8052
period1,sc01,t0135,0.282100379,132.8052
period1,sc01,t0136,0.288629968,132.8052
period1,sc01,t0137,0.344076139,132.8052
period1,sc01,t0138,0.34363345500000003,132.8052
period1,sc01,t0139,0.299254384,132.8052
period1,sc01,t0140,0.24159479299999997,132.8052
period1,sc01,t0141,0.141880222,132.8052
period1,sc01,t0142,0.159587582,132.8052
period1,sc01,t0143,0.08975418099999999,132.8052
period1,sc01,t0144,0.110671,132.8052
period1,sc01,t0145,0.077027016,132.8052
period1,sc01,t0146,0.059983682,132.8052
period1,sc01,t0147,0.048141884999999995,132.8052
period1,sc01,t0148,0.056220868,132.8052
period1,sc01,t0149,0.06308247,132.8052
period1,sc01,t0150,0.308218735,132.8052
period1,sc01,t0151,0.39919029699999997,132.8052
period1,sc01,t0152,0.41302417199999997,132.8052
period1,sc01,t0153,0.38734850000000004,132.8052
period1,sc01,t0154,0.379158846,132.8052
period1,sc01,t0155,0.38336434399999997,132.8052
period1,sc01,t0156,0.368202417,132.8052
period1,sc01,t0157,0.368202417,132.8052
period1,sc01,t0158,0.34905633399999997,132.8052
period1,sc01,t0159,0.35901672399999995,132.8052
period1,sc01,t0160,0.321167242,132.8052
period1,sc01,t0161,0.326368779,132.8052
period1,sc01,t0162,0.29737297700000004,132.8052
period1,sc01,t0163,0.22742890500000001,132.8052
period1,sc01,t0164,0.163571738,132.8052
period1,sc01,t0165,0.068062665,132.8052
period1,sc01,t0166,0.054450132,132.8052
period1,sc01,t0167,0.044600413000000005,132.8052
period1,sc01,t0168,0.110781671,132.8052
period1,sc01,t0169,0.11487649800000001,132.8052
period1,sc01,t0170,0.15471805800000002,132.8052
period1,sc01,t0171,0.148409811,132.8052
period1,sc01,t0172,0.17729494199999998,132.8052
period1,sc01,t0173,0.204409337,132.8052
period1,sc01,t0174,0.22831427299999998,132.8052
period1,sc01,t0175,0.45552183599999996,132.8052
period1,sc01,t0176,0.608137145,132.8052
period1,sc01,t0177,0.701211456,132.8052
period1,sc01,t0178,0.747914618,132.8052
period1,sc01,t0179,0.786428126,132.8052
period1,sc01,t0180,0.774364987,132.8052
period1,sc01,t0181,0.8300325,132.8052
period1,sc01,t0182,0.906174148,132.8052
period1,sc01,t0183,1.179088834,132.8052
period1,sc01,t0184,1.482880729,132.8052
period1,sc01,t0185,1.659511645,132.8052
period1,sc01,t0186,1.561014455,132.8052
period1,sc01,t0187,1.5462952120000002,132.8052
period1,sc01,t0188,1.176543401,132.8052
period1,sc01,t0189,1.0355485469999999,132.8052
period1,sc01,t0190,0.838664838,132.8052
period1,sc01,t0191,0.548153463,132.8052
period1,sc01,t0192,0.364771616,132.8052
period1,sc01,t0193,0.341420035,132.8052
period1,sc01,t0194,0.334669104,132.8052
period1,sc01,t0195,0.341309364,132.8052
period1,sc01,t0196,0.362115512,132.8052
period1,sc01,t0197,0.479758785,132.8052
period1,sc01,t0198,0.7579856789999999,132.8052
period1,sc01,t0199,1.645899112,132.8052
period1,sc01,t0200,1.7981824079999997,132.8052
period1,sc01,t0201,1.710530976,132.8052
period1,sc01,t0202,1.614136535,132.8052
period1,sc01,t0203,1.578500473,132.8052
period1,sc01,t0204,1.4417111169999999,132.8052
period1,sc01,t0205,1.3633560489999998,132.8052
period1,sc01,t0206,1.3950079549999999,132.8052
period1,sc01,t0207,1.455877005,132.8052
period1,sc01,t0208,1.472366984,132.8052
period1,sc01,t0209,1.501473457,132.8052
period1,sc01,t0210,1.541536359,132.8052
period1,sc01,t0211,1.412051289,132.8052
period1,sc01,t0212,1.327941329,132.8052
period1,sc01,t0213,1.134599092,132.8052
period1,sc01,t0214,1.0829157349999998,132.8052
period1,sc01,t0215,0.758428363,132.8052
period1,sc01,t0216,0.744594488,132.8052
period1,sc01,t0217,0.608358487,132.8052
period1,sc01,t0218,0.5721690700000001,132.8052
period1,sc01,t0219,0.5312208,132.8052
period1,sc01,t0220,0.550588225,132.8052
period1,sc01,t0221,0.652737558,132.8052
period1,sc01,t0222,1.074836752,132.8052
period1,sc01,t0223,1.379403344,132.8052
period1,sc01,t0224,1.552050104,132.8052
period1,sc01,t0225,1.511323176,132.8052
period1,sc01,t0226,1.37121369,132.8052
period1,sc01,t0227,1.264305504,132.8052
period1,sc01,t0228,1.201112363,132.8052
period1,sc01,t0229,1.162598855,132.8052
period1,sc01,t0230,1.2114047659999998,132.8052
period1,sc01,t0231,1.3906917859999999,132.8052
period1,sc01,t0232,1.442485814,132.8052
period1,sc01,t0233,1.5284771810000002,132.8052
period1,sc01,t0234,1.504129561,132.8052
period1,sc01,t0235,1.0624416,132.8052
period1,sc01,t0236,0.6084691579999999,132.8052
period1,sc01,t0237,0.507869219,132.8052
period1,sc01,t0238,0.444786749,132.8052
period1,sc01,t0239,0.365878326,132.8052
period1,sc01,t0240,0.30799739299999995,132.8052
period1,sc01,t0241,0.241484122,132.8052
period1,sc01,t0242,0.194559618,132.8052
period1,sc01,t0243,0.110781671,132.8052
period1,sc01,t0244,0.194227605,132.8052
period1,sc01,t0245,0.275792132,132.8052
period1,sc01,t0246,0.30102512,132.8052
period1,sc01,t0247,0.388787223,132.8052
period1,sc01,t0248,0.425862008,132.8052
period1,sc01,t0249,0.44854956300000004,132.8052
period1,sc01,t0250,0.464043503,132.8052
period1,sc01,t0251,0.46503954200000003,132.8052
period1,sc01,t0252,0.45928465,132.8052
period1,sc01,t0253,0.481972205,132.8052
period1,sc01,t0254,0.480976166,132.8052
period1,sc01,t0255,0.487505755,132.8052
period1,sc01,t0256,0.5151735049999999,132.8052
period1,sc01,t0257,0.5545723810000001,132.8052
period1,sc01,t0258,0.5191576609999999,132.8052
period1,sc01,t0259,0.490604543,132.8052
period1,sc01,t0260,0.468470343,132.8052
period1,sc01,t0261,0.47046242099999996,132.8052
period1,sc01,t0262,0.448660234,132.8052
period1,sc01,t0263,0.390115275,132.8052
period1,sc01,t0264,0.34219473200000006,132.8052
period1,sc01,t0265,0.289404665,132.8052
period1,sc01,t0266,0.278337565,132.8052
period1,sc01,t0267,0.335886485,132.8052
period1,sc01,t0268,0.378937504,132.8052
period1,sc01,t0269,0.391221985,132.8052
period1,sc01,t0270,0.39719821899999996,132.8052
period1,sc01,t0271,0.40361713699999996,132.8052
period1,sc01,t0272,0.434494346,132.8052
period1,sc01,t0273,0.5925325339999999,132.8052
period1,sc01,t0274,0.768499424,132.8052
period1,sc01,t0275,0.887802762,132.8052
period1,sc01,t0276,0.794839122,132.8052
period1,sc01,t0277,0.750017367,132.8052
period1,sc01,t0278,0.976892917,132.8052
period1,sc01,t0279,1.193697406,132.8052
period1,sc01,t0280,1.4430391689999997,132.8052
period1,sc01,t0281,1.5306906009999999,132.8052
period1,sc01,t0282,1.620998137,132.8052
period1,sc01,t0283,1.345095334,132.8052
period1,sc01,t0284,1.155737253,132.8052
period1,sc01,t0285,1.151310413,132.8052
period1,sc01,t0286,0.803692802,132.8052
period1,sc01,t0287,0.46636759400000005,132.8052
period1,sc01,t0288,0.356139278,132.8052
period1,sc01,t0289,0.35624994899999995,132.8052
period1,sc01,t0290,0.331127632,132.8052
period1,sc01,t0291,0.29538089900000003,132.8052
period1,sc01,t0292,0.282875076,132.8052
period1,sc01,t0293,0.342305403,132.8052
period1,sc01,t0294,0.376060058,132.8052
period1,sc01,t0295,0.556785801,132.8052
period1,sc01,t0296,0.7275511539999999,132.8052
period1,sc01,t0297,0.378826833,132.8052
period1,sc01,t0298,0.304898605,132.8052
period1,sc01,t0299,0.29217144,132.8052
period1,sc01,t0300,0.277341526,132.8052
period1,sc01,t0301,0.239270702,132.8052
period1,sc01,t0302,0.224108775,132.8052
period1,sc01,t0303,0.217800528,132.8052
period1,sc01,t0304,0.217579186,132.8052
period1,sc01,t0305,0.21625113399999998,132.8052
period1,sc01,t0306,0.202638601,132.8052
period1,sc01,t0307,0.185595267,132.8052
period1,sc01,t0308,0.045043097000000004,132.8052
period1,sc01,t0309,0.022355542000000003,132.8052
period1,sc01,t0310,0.017928702,132.8052
period1,sc01,t0311,0.0011067100000000001,132.8052
period1,sc01,t0312,0.0,132.8052
period1,sc01,t0313,0.0,132.8052
period1,sc01,t0314,-0.00022134200000000002,132.8052
period1,sc01,t0315,-0.001217381,132.8052
period1,sc01,t0316,0.0,132.8052
period1,sc01,t0317,0.011731126,132.8052
period1,sc01,t0318,0.020142122,132.8052
period1,sc01,t0319,0.036853443,132.8052
period1,sc01,t0320,0.21116026799999998,132.8052
period1,sc01,t0321,0.21237764900000003,132.8052
period1,sc01,t0322,0.188472713,132.8052
period1,sc01,t0323,0.211270939,132.8052
period1,sc01,t0324,0.21038557100000002,132.8052
period1,sc01,t0325,0.211824294,132.8052
period1,sc01,t0326,0.221009987,132.8052
period1,sc01,t0327,0.240488083,132.8052
period1,sc01,t0328,0.2656104,132.8052
period1,sc01,t0329,0.262068928,132.8052
period1,sc01,t0330,0.25941282400000004,132.8052
period1,sc01,t0331,0.26040886300000005,132.8052
period1,sc01,t0332,0.224219446,132.8052
period1,sc01,t0333,0.23794264999999998,132.8052
period1,sc01,t0334,0.264725032,132.8052
period1,sc01,t0335,0.243918884,132.8052
period1,sc01,t0336,0.247571027,132.8052
period1,sc01,t0337,0.249563105,132.8052
period1,sc01,t0338,0.252551222,132.8052
period1,sc01,t0339,0.378716162,132.8052
period1,sc01,t0340,0.394763457,132.8052
period1,sc01,t0341,0.5490388310000001,132.8052
period1,sc01,t0342,1.480667309,132.8052
period1,sc01,t0343,2.146353374,132.8052
period1,sc01,t0344,3.350785867,132.8052
period1,sc01,t0345,1.6922702609999998,132.8052
period1,sc01,t0346,1.1606067770000001,132.8052
period1,sc01,t0347,0.813653192,132.8052
period1,sc01,t0348,0.7235669979999999,132.8052
period1,sc01,t0349,0.70608098,132.8052
period1,sc01,t0350,0.352376464,132.8052
period1,sc01,t0351,0.341752048,132.8052
period1,sc01,t0352,0.40837598999999997,132.8052
period1,sc01,t0353,0.38458172500000004,132.8052
period1,sc01,t0354,0.280772327,132.8052
period1,sc01,t0355,0.25620336499999996,132.8052
period1,sc01,t0356,0.23041702200000003,132.8052
period1,sc01,t0357,0.219349922,132.8052
period1,sc01,t0358,0.065738574,132.8052
period1,sc01,t0359,0.0017707360000000002,132.8052
period1,sc01,t0360,-0.001217381,132.8052
period1,sc01,t0361,-0.002102749,132.8052
period1,sc01,t0362,-0.002102749,132.8052
period1,sc01,t0363,-0.001992078,132.8052
period1,sc01,t0364,-0.002102749,132.8052
period1,sc01,t0365,0.013501862,132.8052
period1,sc01,t0366,0.23318379700000003,132.8052
period1,sc01,t0367,0.275681461,132.8052
period1,sc01,t0368,0.44677882699999993,132.8052
period1,sc01,t0369,0.298590358,132.8052
period1,sc01,t0370,0.28243239200000003,132.8052
period1,sc01,t0371,0.272693344,132.8052
period1,sc01,t0372,0.269373214,132.8052
period1,sc01,t0373,0.24945243399999997,132.8052
period1,sc01,t0374,0.243697542,132.8052
period1,sc01,t0375,0.271475963,132.8052
period1,sc01,t0376,0.274685422,132.8052
period1,sc01,t0377,0.306115986,132.8052
period1,sc01,t0378,0.272914686,132.8052
period1,sc01,t0379,0.24845639499999997,132.8052
period1,sc01,t0380,0.23572922999999998,132.8052
period1,sc01,t0381,0.22643286600000004,132.8052
period1,sc01,t0382,0.18504191199999998,132.8052
period1,sc01,t0383,0.079904462,132.8052
period1,sc01,t0384,0.016379308,132.8052
period1,sc01,t0385,0.012505823,132.8052
period1,sc01,t0386,0.011399113,132.8052
period1,sc01,t0387,0.012727165,132.8052
period1,sc01,t0388,0.023794265,132.8052
period1,sc01,t0389,0.038402837,132.8052
period1,sc01,t0390,0.220899316,132.8052
period1,sc01,t0391,0.276013474,132.8052
period1,sc01,t0392,0.316187047,132.8052
period1,sc01,t0393,0.28619520600000004,132.8052
period1,sc01,t0394,0.26926254299999997,132.8052
period1,sc01,t0395,0.243033516,132.8052
period1,sc01,t0396,0.238053321,132.8052
period1,sc01,t0397,0.23462252,132.8052
period1,sc01,t0398,0.234954533,132.8052
period1,sc01,t0399,0.238717347,132.8052
period1,sc01,t0400,0.24281217400000002,132.8052
period1,sc01,t0401,0.24159479299999997,132.8052
period1,sc01,t0402,0.236171914,132.8052
period1,sc01,t0403,0.15626745199999997,132.8052
period1,sc01,t0404,0.028331776000000003,132.8052
period1,sc01,t0405,0.015051256,132.8052
period1,sc01,t0406,0.0,132.8052
period1,sc01,t0407,-0.0022134200000000002,132.8052
period1,sc01,t0408,-0.002102749,132.8052
period1,sc01,t0409,-0.002102749,132.8052
period1,sc01,t0410,-0.002102749,132.8052
period1,sc01,t0411,-0.001992078,132.8052
period1,sc01,t0412,0.00011067100000000001,132.8052
period1,sc01,t0413,0.021912858,132.8052
period1,sc01,t0414,0.21791119900000003,132.8052
period1,sc01,t0415,0.238053321,132.8052
period1,sc01,t0416,0.254764642,132.8052
period1,sc01,t0417,0.270258582,132.8052
period1,sc01,t0418,0.276788171,132.8052
period1,sc01,t0419,0.2766775,132.8052
period1,sc01,t0420,0.272914686,132.8052
period1,sc01,t0421,0.268709188,132.8052
period1,sc01,t0422,0.271586634,132.8052
period1,sc01,t0423,0.279222933,132.8052
period1,sc01,t0424,0.28619520600000004,132.8052
period1,sc01,t0425,0.287855271,132.8052
period1,sc01,t0426,0.28597386399999997,132.8052
period1,sc01,t0427,0.276013474,132.8052
period1,sc01,t0428,0.267049123,132.8052
period1,sc01,t0429,0.284535141,132.8052
period1,sc01,t0430,0.34252674499999997,132.8052
period1,sc01,t0431,0.24546827799999998,132.8052
period1,sc01,t0432,0.30102512,132.8052
period1,sc01,t0433,0.195223644,132.8052
period1,sc01,t0434,0.17386414100000003,132.8052
period1,sc01,t0435,0.18991143600000002,132.8052
period1,sc01,t0436,0.16855193300000001,132.8052
period1,sc01,t0437,0.191128817,132.8052
period1,sc01,t0438,0.204077324,132.8052
period1,sc01,t0439,0.240820096,132.8052
period1,sc01,t0440,0.247017672,132.8052
period1,sc01,t0441,0.261515573,132.8052
period1,sc01,t0442,0.269373214,132.8052
period1,sc01,t0443,0.272472002,132.8052
period1,sc01,t0444,0.273025357,132.8052
period1,sc01,t0445,0.27402139600000003,132.8052
period1,sc01,t0446,0.277673539,132.8052
period1,sc01,t0447,0.293388821,132.8052
period1,sc01,t0448,0.530446103,132.8052
period1,sc01,t0449,0.748025289,132.8052
period1,sc01,t0450,0.8562615270000001,132.8052
period1,sc01,t0451,0.776357065,132.8052
period1,sc01,t0452,0.423095233,132.8052
period1,sc01,t0453,0.320392545,132.8052
period1,sc01,t0454,0.298369016,132.8052
period1,sc01,t0455,0.28586319299999996,132.8052
period1,sc01,t0456,0.36377557699999996,132.8052
period1,sc01,t0457,0.350716399,132.8052
period1,sc01,t0458,0.360898131,132.8052
period1,sc01,t0459,0.3541472,132.8052
period1,sc01,t0460,0.370194495,132.8052
period1,sc01,t0461,0.550477554,132.8052
period1,sc01,t0462,0.9320711620000001,132.8052
period1,sc01,t0463,2.709004738,132.8052
period1,sc01,t0464,4.3535757980000005,132.8052
period1,sc01,t0465,3.069792198,132.8052
period1,sc01,t0466,2.529828389,132.8052
period1,sc01,t0467,2.023951248,132.8052
period1,sc01,t0468,1.894798191,132.8052
period1,sc01,t0469,1.84045873,132.8052
period1,sc01,t0470,2.0953340430000003,132.8052
period1,sc01,t0471,3.0410177379999994,132.8052
period1,sc01,t0472,3.614736202,132.8052
period1,sc01,t0473,3.5971395129999997,132.8052
period1,sc01,t0474,2.500721916,132.8052
period1,sc01,t0475,1.893802152,132.8052
period1,sc01,t0476,1.158282686,132.8052
period1,sc01,t0477,1.05358792,132.8052
period1,sc01,t0478,0.575931884,132.8052
period1,sc01,t0479,0.444565407,132.8052
period1,sc01,t0480,0.388233868,132.8052
period1,sc01,t0481,0.402621098,132.8052
period1,sc01,t0482,0.39719821899999996,132.8052
period1,sc01,t0483,0.384692396,132.8052
period1,sc01,t0484,0.40439183399999995,132.8052
period1,sc01,t0485,0.45740324299999996,132.8052
period1,sc01,t0486,0.5422879,132.8052
period1,sc01,t0487,1.241949962,132.8052
period1,sc01,t0488,1.770846671,132.8052
period1,sc01,t0489,1.659732987,132.8052
period1,sc01,t0490,1.618231362,132.8052
period1,sc01,t0491,1.241175265,132.8052
period1,sc01,t0492,1.155847924,132.8052
period1,sc01,t0493,1.090441363,132.8052
period1,sc01,t0494,1.083579761,132.8052
period1,sc01,t0495,1.2017763890000002,132.8052
period1,sc01,t0496,1.33801239,132.8052
period1,sc01,t0497,1.732333163,132.8052
period1,sc01,t0498,1.4381696449999999,132.8052
period1,sc01,t0499,0.961066964,132.8052
period1,sc01,t0500,0.675867797,132.8052
period1,sc01,t0501,0.624627124,132.8052
period1,sc01,t0502,0.49359266,132.8052
period1,sc01,t0503,0.338210576,132.8052
period1,sc01,t0504,0.37207590199999996,132.8052
period1,sc01,t0505,0.348945663,132.8052
period1,sc01,t0506,0.33500111699999996,132.8052
period1,sc01,t0507,0.342084061,132.8052
period1,sc01,t0508,0.35115908300000004,132.8052
period1,sc01,t0509,0.413577527,132.8052
period1,sc01,t0510,0.754665549,132.8052
period1,sc01,t0511,1.6633851300000002,132.8052
period1,sc01,t0512,1.747937774,132.8052
period1,sc01,t0513,2.010449386,132.8052
period1,sc01,t0514,1.9202525209999999,132.8052
period1,sc01,t0515,1.8546246180000001,132.8052
period1,sc01,t0516,1.773170762,132.8052
period1,sc01,t0517,1.8268461969999998,132.8052
period1,sc01,t0518,1.93342237,132.8052
period1,sc01,t0519,2.1026383290000004,132.8052
period1,sc01,t0520,2.138938417,132.8052
period1,sc01,t0521,2.245846603,132.8052
period1,sc01,t0522,1.9388452489999999,132.8052
period1,sc01,t0523,1.7954156329999997,132.8052
period1,sc01,t0524,1.4386123290000001,132.8052
period1,sc01,t0525,1.370328322,132.8052
period1,sc01,t0526,1.146330218,132.8052
period1,sc01,t0527,0.647536021,132.8052
period1,sc01,t0528,0.547378766,132.8052
period1,sc01,t0529,0.436707766,132.8052
period1,sc01,t0530,0.419000406,132.8052
period1,sc01,t0531,0.419000406,132.8052
period1,sc01,t0532,0.41866839299999997,132.8052
period1,sc01,t0533,0.422099194,132.8052
period1,sc01,t0534,1.001461879,132.8052
period1,sc01,t0535,1.479892612,132.8052
period1,sc01,t0536,1.7181672749999999,132.8052
period1,sc01,t0537,1.559465061,132.8052
period1,sc01,t0538,1.282234206,132.8052
period1,sc01,t0539,1.212179463,132.8052
period1,sc01,t0540,1.0256988280000001,132.8052
period1,sc01,t0541,0.935280621,132.8052
period1,sc01,t0542,0.808562326,132.8052
period1,sc01,t0543,0.721353578,132.8052
period1,sc01,t0544,0.9210040620000001,132.8052
period1,sc01,t0545,0.987517333,132.8052
period1,sc01,t0546,0.89975523,132.8052
period1,sc01,t0547,0.757653666,132.8052
period1,sc01,t0548,0.596848703,132.8052
period1,sc01,t0549,0.44578278800000004,132.8052
period1,sc01,t0550,0.291950098,132.8052
period1,sc01,t0551,0.280661656,132.8052
period1,sc01,t0552,0.267491807,132.8052
period1,sc01,t0553,0.262954296,132.8052
period1,sc01,t0554,0.261294231,132.8052
period1,sc01,t0555,0.260519534,132.8052
period1,sc01,t0556,0.25919148200000003,132.8052
period1,sc01,t0557,0.273468041,132.8052
period1,sc01,t0558,0.30976812899999995,132.8052
period1,sc01,t0559,0.6271725570000001,132.8052
period1,sc01,t0560,0.7628552030000001,132.8052
period1,sc01,t0561,0.6043743309999999,132.8052
period1,sc01,t0562,0.522145778,132.8052
period1,sc01,t0563,0.46669960699999996,132.8052
period1,sc01,t0564,0.407047938,132.8052
period1,sc01,t0565,0.39620217999999996,132.8052
period1,sc01,t0566,0.343301442,132.8052
period1,sc01,t0567,0.31762577,132.8052
period1,sc01,t0568,0.314526982,132.8052
period1,sc01,t0569,0.286416548,132.8052
period1,sc01,t0570,0.269373214,132.8052
period1,sc01,t0571,0.245800291,132.8052
period1,sc01,t0572,0.235507888,132.8052
period1,sc01,t0573,0.19146083,132.8052
period1,sc01,t0574,0.07924043600000001,132.8052
period1,sc01,t0575,0.043051019,132.8052
period1,sc01,t0576,0.031209222000000002,132.8052
period1,sc01,t0577,0.024679632999999996,132.8052
period1,sc01,t0578,0.011288442000000001,132.8052
period1,sc01,t0579,0.008189654,132.8052
period1,sc01,t0580,0.007525628,132.8052
period1,sc01,t0581,0.004537511,132.8052
period1,sc01,t0582,0.011509784000000002,132.8052
period1,sc01,t0583,0.023572923,132.8052
period1,sc01,t0584,0.031541235,132.8052
period1,sc01,t0585,0.036300088,132.8052
period1,sc01,t0586,0.111667039,132.8052
period1,sc01,t0587,0.186369964,132.8052
period1,sc01,t0588,0.20651208599999998,132.8052
period1,sc01,t0589,0.20308128500000003,132.8052
period1,sc01,t0590,0.202638601,132.8052
period1,sc01,t0591,0.20319195599999998,132.8052
period1,sc01,t0592,0.21116026799999998,132.8052
period1,sc01,t0593,0.22123132899999998,132.8052
period1,sc01,t0594,0.20916819,132.8052
period1,sc01,t0595,0.201753233,132.8052
period1,sc01,t0596,0.156378123,132.8052
period1,sc01,t0597,0.03873485,132.8052
period1,sc01,t0598,0.014829914,132.8052
period1,sc01,t0599,0.0005533550000000001,132.8052
period1,sc01,t0600,0.011841797,132.8052
period1,sc01,t0601,0.011841797,132.8052
period1,sc01,t0602,0.013723204,132.8052
period1,sc01,t0603,0.014829914,132.8052
period1,sc01,t0604,0.021802187,132.8052
period1,sc01,t0605,0.07038675600000001,132.8052
period1,sc01,t0606,0.179619033,132.8052
period1,sc01,t0607,0.20595873099999998,132.8052
period1,sc01,t0608,0.20894684799999996,132.8052
period1,sc01,t0609,0.21636180500000002,132.8052
period1,sc01,t0610,0.22167401300000003,132.8052
period1,sc01,t0611,0.226100853,132.8052
period1,sc01,t0612,0.23783197899999997,132.8052
period1,sc01,t0613,0.242037477,132.8052
period1,sc01,t0614,0.260630205,132.8052
period1,sc01,t0615,0.330242264,132.8052
period1,sc01,t0616,0.371190534,132.8052
period1,sc01,t0617,0.442794671,132.8052
period1,sc01,t0618,0.482082876,132.8052
period1,sc01,t0619,0.480533482,132.8052
period1,sc01,t0620,0.4537511,132.8052
period1,sc01,t0621,0.486288374,132.8052
period1,sc01,t0622,0.41601228900000004,132.8052
period1,sc01,t0623,0.302685185,132.8052
period1,sc01,t0624,0.436265082,132.8052
period1,sc01,t0625,0.385688435,132.8052
period1,sc01,t0626,0.297151635,132.8052
period1,sc01,t0627,0.153611348,132.8052
period1,sc01,t0628,0.10746154100000002,132.8052
period1,sc01,t0629,0.230859706,132.8052
period1,sc01,t0630,0.37661341299999995,132.8052
period1,sc01,t0631,0.683393425,132.8052
period1,sc01,t0632,0.78355068,132.8052
period1,sc01,t0633,0.629053964,132.8052
period1,sc01,t0634,0.511521362,132.8052
period1,sc01,t0635,0.442130645,132.8052
period1,sc01,t0636,0.406826596,132.8052
period1,sc01,t0637,0.4206604709999999,132.8052
period1,sc01,t0638,0.49669144800000004,132.8052
period1,sc01,t0639,0.523805843,132.8052
period1,sc01,t0640,0.5108573359999999,132.8052
period1,sc01,t0641,0.5084225739999999,132.8052
period1,sc01,t0642,0.511521362,132.8052
period1,sc01,t0643,0.49193259500000003,132.8052
period1,sc01,t0644,0.40749062199999997,132.8052
period1,sc01,t0645,0.36764906199999997,132.8052
period1,sc01,t0646,0.333894407,132.8052
period1,sc01,t0647,0.265057045,132.8052
period1,sc01,t0648,0.24657498800000002,132.8052
period1,sc01,t0649,0.244250897,132.8052
period1,sc01,t0650,0.24679633,132.8052
period1,sc01,t0651,0.252108538,132.8052
period1,sc01,t0652,0.255760681,132.8052
period1,sc01,t0653,0.305341289,132.8052
period1,sc01,t0654,0.354368542,132.8052
period1,sc01,t0655,0.774807671,132.8052
period1,sc01,t0656,0.8501746219999999,132.8052
period1,sc01,t0657,0.903960728,132.8052
period1,sc01,t0658,0.963169713,132.8052
period1,sc01,t0659,1.0444022270000002,132.8052
period1,sc01,t0660,0.975454194,132.8052
period1,sc01,t0661,1.072180648,132.8052
period1,sc01,t0662,1.211183424,132.8052
period1,sc01,t0663,1.168243076,132.8052
period1,sc01,t0664,1.39998815,132.8052
period1,sc01,t0665,1.390138431,132.8052
period1,sc01,t0666,1.294961371,132.8052
period1,sc01,t0667,1.162930868,132.8052
period1,sc01,t0668,0.882601225,132.8052
period1,sc01,t0669,0.7244523659999998,132.8052
period1,sc01,t0670,0.551473593,132.8052
period1,sc01,t0671,0.457845927,132.8052
period1,sc01,t0672,0.47533194500000003,132.8052
period1,sc01,t0673,0.462936793,132.8052
period1,sc01,t0674,0.45740324299999996,132.8052
period1,sc01,t0675,0.45463646799999996,132.8052
period1,sc01,t0676,0.46116605699999996,132.8052
period1,sc01,t0677,0.474003893,132.8052
period1,sc01,t0678,0.723013643,132.8052
period1,sc01,t0679,1.533014692,132.8052
period1,sc01,t0680,1.5904529410000001,132.8052
period1,sc01,t0681,1.4324147530000002,132.8052
period1,sc01,t0682,1.171784548,132.8052
period1,sc01,t0683,0.993604238,132.8052
period1,sc01,t0684,0.936165989,132.8052
period1,sc01,t0685,0.9259842570000001,132.8052
period1,sc01,t0686,0.709843794,132.8052
period1,sc01,t0687,0.744705159,132.8052
period1,sc01,t0688,0.8714234539999999,132.8052
period1,sc01,t0689,0.928197677,132.8052
period1,sc01,t0690,0.8741902289999999,132.8052
period1,sc01,t0691,0.748689315,132.8052
period1,sc01,t0692,0.598619439,132.8052
period1,sc01,t0693,0.366431681,132.8052
period1,sc01,t0694,0.2988117,132.8052
period1,sc01,t0695,0.26417167700000005,132.8052
period1,sc01,t0696,0.31906449299999995,132.8052
period1,sc01,t0697,0.297483648,132.8052
period1,sc01,t0698,0.278337565,132.8052
period1,sc01,t0699,0.27889092,132.8052
period1,sc01,t0700,0.27866957800000003,132.8052
period1,sc01,t0701,0.343854797,132.8052
period1,sc01,t0702,0.458952637,132.8052
period1,sc01,t0703,0.677417191,132.8052
period1,sc01,t0704,0.8700954020000001,132.8052
period1,sc01,t0705,0.864229839,132.8052
period1,sc01,t0706,0.776357065,132.8052
period1,sc01,t0707,0.6283899380000001,132.8052
period1,sc01,t0708,0.698776694,132.8052
period1,sc01,t0709,0.6063664089999999,132.8052
period1,sc01,t0710,0.713053253,132.8052
period1,sc01,t0711,0.6858281869999999,132.8052
period1,sc01,t0712,0.8214001619999999,132.8052
period1,sc01,t0713,1.091437402,132.8052
period1,sc01,t0714,0.867549969,132.8052
period1,sc01,t0715,0.841431613,132.8052
period1,sc01,t0716,0.580580066,132.8052
period1,sc01,t0717,0.42021778699999995,132.8052
period1,sc01,t0718,0.39266070799999997,132.8052
period1,sc01,t0719,0.352487135,132.8052
period1,sc01,t0720,0.297151635,132.8052
period1,sc01,t0721,0.28708057400000003,132.8052
period1,sc01,t0722,0.287301916,132.8052
period1,sc01,t0723,0.28708057400000003,132.8052
period1,sc01,t0724,0.281768366,132.8052
period1,sc01,t0725,0.298590358,132.8052
period1,sc01,t0726,0.60758379,132.8052
period1,sc01,t0727,1.156401279,132.8052
period1,sc01,t0728,1.308905917,132.8052
period1,sc01,t0729,1.346312715,132.8052
period1,sc01,t0730,1.21074074,132.8052
period1,sc01,t0731,1.18971325,132.8052
period1,sc01,t0732,1.098520346,132.8052
period1,sc01,t0733,1.091326731,132.8052
period1,sc01,t0734,0.993050883,132.8052
period1,sc01,t0735,1.272605829,132.8052
period1,sc01,t0736,1.427102545,132.8052
period1,sc01,t0737,1.3746444909999997,132.8052
period1,sc01,t0738,1.4827700579999998,132.8052
period1,sc01,t0739,1.104053896,132.8052
period1,sc01,t0740,0.6810693339999999,132.8052
period1,sc01,t0741,0.665575394,132.8052
period1,sc01,t0742,0.39664486400000004,132.8052
period1,sc01,t0743,0.291618085,132.8052
period1,sc01,t0744,0.306115986,132.8052
period1,sc01,t0745,0.293942176,132.8052
period1,sc01,t0746,0.294052847,132.8052
period1,sc01,t0747,0.29084338800000004,132.8052
period1,sc01,t0748,0.28696990299999997,132.8052
period1,sc01,t0749,0.298922371,132.8052
period1,sc01,t0750,0.31043215500000004,132.8052
period1,sc01,t0751,0.36300087999999997,132.8052
period1,sc01,t0752,0.438699844,132.8052
period1,sc01,t0753,0.776246394,132.8052
period1,sc01,t0754,0.727329812,132.8052
period1,sc01,t0755,0.682618728,132.8052
period1,sc01,t0756,0.641559787,132.8052
period1,sc01,t0757,0.637132947,132.8052
period1,sc01,t0758,0.623520414,132.8052
period1,sc01,t0759,0.7450371719999999,132.8052
period1,sc01,t0760,0.952766639,132.8052
period1,sc01,t0761,1.096638939,132.8052
period1,sc01,t0762,1.121650585,132.8052
period1,sc01,t0763,1.007770126,132.8052
period1,sc01,t0764,0.8976524810000001,132.8052
period1,sc01,t0765,0.8935576539999999,132.8052
period1,sc01,t0766,0.589323075,132.8052
period1,sc01,t0767,0.42220986499999996,132.8052
period1,sc01,t0768,0.356139278,132.8052
period1,sc01,t0769,0.332123671,132.8052
period1,sc01,t0770,0.331459645,132.8052
period1,sc01,t0771,0.330242264,132.8052
period1,sc01,t0772,0.32780750200000003,132.8052
period1,sc01,t0773,0.346842914,132.8052
period1,sc01,t0774,0.454193784,132.8052
period1,sc01,t0775,0.7478039469999999,132.8052
period1,sc01,t0776,0.785653429,132.8052
period1,sc01,t0777,0.792072347,132.8052
period1,sc01,t0778,0.7541121940000001,132.8052
period1,sc01,t0779,0.756768298,132.8052
period1,sc01,t0780,0.7209108940000001,132.8052
period1,sc01,t0781,0.664247342,132.8052
period1,sc01,t0782,0.682950741,132.8052
period1,sc01,t0783,0.7496853539999999,132.8052
period1,sc01,t0784,0.882933238,132.8052
period1,sc01,t0785,0.974900839,132.8052
period1,sc01,t0786,1.0235960789999998,132.8052
period1,sc01,t0787,1.099627056,132.8052
period1,sc01,t0788,0.96062428,132.8052
period1,sc01,t0789,0.8907908789999999,132.8052
period1,sc01,t0790,0.576374568,132.8052
period1,sc01,t0791,0.44600412999999994,132.8052
period1,sc01,t0792,0.46636759400000005,132.8052
period1,sc01,t0793,0.39243936599999996,132.8052
period1,sc01,t0794,0.39277137900000003,132.8052
period1,sc01,t0795,0.38900856500000003,132.8052
period1,sc01,t0796,0.419111077,132.8052
period1,sc01,t0797,0.570619676,132.8052
period1,sc01,t0798,1.133935066,132.8052
period1,sc01,t0799,1.6474485060000001,132.8052
period1,sc01,t0800,1.8182138589999999,132.8052
period1,sc01,t0801,1.6560808439999999,132.8052
period1,sc01,t0802,1.656412857,132.8052
period1,sc01,t0803,1.396889362,132.8052
period1,sc01,t0804,1.298281501,132.8052
period1,sc01,t0805,1.275261933,132.8052
period1,sc01,t0806,1.375751201,132.8052
period1,sc01,t0807,1.615464587,132.8052
period1,sc01,t0808,1.8789722380000002,132.8052
period1,sc01,t0809,2.377655764,132.8052
period1,sc01,t0810,2.2263685069999997,132.8052
period1,sc01,t0811,2.222716364,132.8052
period1,sc01,t0812,1.8173284909999998,132.8052
period1,sc01,t0813,1.4382803160000002,132.8052
period1,sc01,t0814,1.196796194,132.8052
period1,sc01,t0815,0.587330997,132.8052
period1,sc01,t0816,0.594413941,132.8052
period1,sc01,t0817,0.585338919,132.8052
period1,sc01,t0818,0.5761532260000001,132.8052
period1,sc01,t0819,0.583125499,132.8052
period1,sc01,t0820,0.57991604,132.8052
period1,sc01,t0821,0.595077967,132.8052
period1,sc01,t0822,1.034441837,132.8052
period1,sc01,t0823,1.822640699,132.8052
period1,sc01,t0824,2.279601258,132.8052
period1,sc01,t0825,1.753139311,132.8052
period1,sc01,t0826,1.4817740189999997,132.8052
period1,sc01,t0827,1.177760782,132.8052
period1,sc01,t0828,1.040860755,132.8052
period1,sc01,t0829,0.801036698,132.8052
period1,sc01,t0830,0.624073769,132.8052
period1,sc01,t0831,0.619314916,132.8052
period1,sc01,t0832,0.437925147,132.8052
period1,sc01,t0833,0.372739928,132.8052
period1,sc01,t0834,0.349277676,132.8052
period1,sc01,t0835,0.328803541,132.8052
period1,sc01,t0836,0.311317523,132.8052
period1,sc01,t0837,0.297483648,132.8052
period1,sc01,t0838,0.263839664,132.8052
period1,sc01,t0839,0.250337802,132.8052
period1,sc01,t0840,0.27202931799999996,132.8052
period1,sc01,t0841,0.265721071,132.8052
period1,sc01,t0842,0.038070823999999996,132.8052
period1,sc01,t0843,0.030434524999999997,132.8052
period1,sc01,t0844,0.0332013,132.8052
period1,sc01,t0845,0.259302153,132.8052
period1,sc01,t0846,0.289626007,132.8052
period1,sc01,t0847,0.318843151,132.8052
period1,sc01,t0848,0.327696831,132.8052
period1,sc01,t0849,0.324598043,132.8052
period1,sc01,t0850,0.323712675,132.8052
period1,sc01,t0851,0.31541235,132.8052
period1,sc01,t0852,0.30976812899999995,132.8052
period1,sc01,t0853,0.2988117,132.8052
period1,sc01,t0854,0.29670895099999994,132.8052
period1,sc01,t0855,0.311428194,132.8052
period1,sc01,t0856,0.36488228699999997,132.8052
period1,sc01,t0857,0.39509547,132.8052
period1,sc01,t0858,0.40383847900000003,132.8052
period1,sc01,t0859,0.44854956300000004,132.8052
period1,sc01,t0860,0.388012526,132.8052
period1,sc01,t0861,0.448438892,132.8052
period1,sc01,t0862,0.389119236,132.8052
period1,sc01,t0863,0.312313562,132.8052
period1,sc01,t0864,0.308661419,132.8052
period1,sc01,t0865,0.305894644,132.8052
period1,sc01,t0866,0.30655867,132.8052
period1,sc01,t0867,0.307554709,132.8052
period1,sc01,t0868,0.387237829,132.8052
period1,sc01,t0869,0.577591949,132.8052
period1,sc01,t0870,0.7774637750000001,132.8052
period1,sc01,t0871,1.65674487,132.8052
period1,sc01,t0872,2.214084026,132.8052
period1,sc01,t0873,1.965074276,132.8052
period1,sc01,t0874,1.746831064,132.8052
period1,sc01,t0875,1.356051763,132.8052
period1,sc01,t0876,1.055026643,132.8052
period1,sc01,t0877,0.8914549049999999,132.8052
period1,sc01,t0878,0.7615271509999999,132.8052
period1,sc01,t0879,0.7161520409999999,132.8052
period1,sc01,t0880,0.8731941900000001,132.8052
period1,sc01,t0881,1.132939027,132.8052
period1,sc01,t0882,1.090662705,132.8052
period1,sc01,t0883,0.926869625,132.8052
period1,sc01,t0884,0.773700961,132.8052
period1,sc01,t0885,0.628943293,132.8052
period1,sc01,t0886,0.429292809,132.8052
period1,sc01,t0887,0.376060058,132.8052
period1,sc01,t0888,0.39764090299999993,132.8052
period1,sc01,t0889,0.374953348,132.8052
period1,sc01,t0890,0.37107986300000007,132.8052
period1,sc01,t0891,0.368091746,132.8052
period1,sc01,t0892,0.37207590199999996,132.8052
period1,sc01,t0893,0.39343540499999996,132.8052
period1,sc01,t0894,0.633702146,132.8052
period1,sc01,t0895,0.798491265,132.8052
period1,sc01,t0896,0.9291937159999999,132.8052
period1,sc01,t0897,0.865115207,132.8052
period1,sc01,t0898,0.7387289250000001,132.8052
period1,sc01,t0899,0.564311429,132.8052
period1,sc01,t0900,0.538857099,132.8052
period1,sc01,t0901,0.5555684200000001,132.8052
period1,sc01,t0902,0.557449827,132.8052
period1,sc01,t0903,0.528896709,132.8052
period1,sc01,t0904,0.581244092,132.8052
period1,sc01,t0905,0.6196469290000001,132.8052
period1,sc01,t0906,0.670555589,132.8052
period1,sc01,t0907,0.576485239,132.8052
period1,sc01,t0908,0.46979839500000004,132.8052
period1,sc01,t0909,0.40749062199999997,132.8052
period1,sc01,t0910,0.373403954,132.8052
period1,sc01,t0911,0.337878563,132.8052
period1,sc01,t0912,0.324044688,132.8052
period1,sc01,t0913,0.314526982,132.8052
period1,sc01,t0914,0.305562631,132.8052
period1,sc01,t0915,0.30179981699999997,132.8052
period1,sc01,t0916,0.301357133,132.8052
period1,sc01,t0917,0.306115986,132.8052
period1,sc01,t0918,0.312756246,132.8052
period1,sc01,t0919,0.37074785000000005,132.8052
period1,sc01,t0920,0.396755535,132.8052
period1,sc01,t0921,0.46039135999999997,132.8052
period1,sc01,t0922,0.610350565,132.8052
period1,sc01,t0923,0.6091331839999999,132.8052
period1,sc01,t0924,0.62750457,132.8052
period1,sc01,t0925,0.620532297,132.8052
period1,sc01,t0926,0.620310955,132.8052
period1,sc01,t0927,0.669780892,132.8052
period1,sc01,t0928,0.8308071969999999,132.8052
period1,sc01,t0929,1.0850184840000001,132.8052
period1,sc01,t0930,0.8788384109999999,132.8052
period1,sc01,t0931,0.771266199,132.8052
period1,sc01,t0932,0.640895761,132.8052
period1,sc01,t0933,0.641781129,132.8052
period1,sc01,t0934,0.60205024,132.8052
period1,sc01,t0935,0.543283939,132.8052
period1,sc01,t0936,0.474557248,132.8052
period1,sc01,t0937,0.434494346,132.8052
period1,sc01,t0938,0.371743889,132.8052
period1,sc01,t0939,0.370858521,132.8052
period1,sc01,t0940,0.370526508,132.8052
period1,sc01,t0941,0.372739928,132.8052
period1,sc01,t0942,0.429624822,132.8052
period1,sc01,t0943,0.498572855,132.8052
period1,sc01,t0944,0.502778353,132.8052
period1,sc01,t0945,0.710397149,132.8052
period1,sc01,t0946,0.728547193,132.8052
period1,sc01,t0947,0.666792775,132.8052
period1,sc01,t0948,0.537418376,132.8052
period1,sc01,t0949,0.538857099,132.8052
period1,sc01,t0950,0.511078678,132.8052
period1,sc01,t0951,0.582018789,132.8052
period1,sc01,t0952,0.644215891,132.8052
period1,sc01,t0953,0.691251066,132.8052
period1,sc01,t0954,0.648310718,132.8052
period1,sc01,t0955,0.571283702,132.8052
period1,sc01,t0956,0.47356120900000004,132.8052
period1,sc01,t0957,0.449434931,132.8052
period1,sc01,t0958,0.410810752,132.8052
period1,sc01,t0959,0.364439603,132.8052
period1,sc01,t0960,0.35624994899999995,132.8052
period1,sc01,t0961,0.351269754,132.8052
period1,sc01,t0962,0.34263741600000003,132.8052
period1,sc01,t0963,0.34263741600000003,132.8052
period1,sc01,t0964,0.352155122,132.8052
period1,sc01,t0965,0.40394915,132.8052
period1,sc01,t0966,0.572943767,132.8052
period1,sc01,t0967,1.115342338,132.8052
period1,sc01,t0968,1.3962253359999999,132.8052
period1,sc01,t0969,1.343767282,132.8052
period1,sc01,t0970,1.173001929,132.8052
period1,sc01,t0971,0.887028065,132.8052
period1,sc01,t0972,0.778902498,132.8052
period1,sc01,t0973,0.8627911159999999,132.8052
period1,sc01,t0974,0.821842846,132.8052
period1,sc01,t0975,0.8621270900000001,132.8052
period1,sc01,t0976,0.9207827199999999,132.8052
period1,sc01,t0977,1.022489369,132.8052
period1,sc01,t0978,0.956640124,132.8052
period1,sc01,t0979,0.8262696859999998,132.8052
period1,sc01,t0980,0.7478039469999999,132.8052
period1,sc01,t0981,0.662255264,132.8052
period1,sc01,t0982,0.48938716199999993,132.8052
period1,sc01,t0983,0.391443327,132.8052
period1,sc01,t0984,0.494256686,132.8052
period1,sc01,t0985,0.439585212,132.8052
period1,sc01,t0986,0.373182612,132.8052
period1,sc01,t0987,0.347174927,132.8052
period1,sc01,t0988,0.35968075,132.8052
period1,sc01,t0989,0.469466382,132.8052
period1,sc01,t0990,0.6204216260000001,132.8052
period1,sc01,t0991,0.799487304,132.8052
period1,sc01,t0992,0.991169476,132.8052
period1,sc01,t0993,0.849731938,132.8052
period1,sc01,t0994,0.797384555,132.8052
period1,sc01,t0995,0.7924043599999999,132.8052
period1,sc01,t0996,0.754886891,132.8052
period1,sc01,t0997,0.730871284,132.8052
period1,sc01,t0998,0.654397623,132.8052
period1,sc01,t0999,0.555347078,132.8052
period1,sc01,t1000,0.586224287,132.8052
period1,sc01,t1001,0.7173694219999999,132.8052
period1,sc01,t1002,0.7297645739999999,132.8052
period1,sc01,t1003,0.569844979,132.8052
period1,sc01,t1004,0.46426484500000004,132.8052
period1,sc01,t1005,0.466810278,132.8052
period1,sc01,t1006,0.39487412799999994,132.8052
period1,sc01,t1007,0.38214696299999995,132.8052
period1,sc01,t1008,0.40583055700000004,132.8052
period1,sc01,t1009,0.401514388,132.8052
period1,sc01,t1010,0.398747613,132.8052
period1,sc01,t1011,0.40472384699999997,132.8052
period1,sc01,t1012,0.409593371,132.8052
period1,sc01,t1013,0.581133421,132.8052
period1,sc01,t1014,0.949114496,132.8052
period1,sc01,t1015,1.512429886,132.8052
period1,sc01,t1016,1.891699403,132.8052
period1,sc01,t1017,1.695369049,132.8052
period1,sc01,t1018,1.475687114,132.8052
period1,sc01,t1019,1.297949488,132.8052
period1,sc01,t1020,1.216827645,132.8052
period1,sc01,t1021,1.259325309,132.8052
period1,sc01,t1022,1.328273342,132.8052
period1,sc01,t1023,1.310787324,132.8052
period1,sc01,t1024,1.379071331,132.8052
period1,sc01,t1025,1.4694895380000002,132.8052
period1,sc01,t1026,1.5493940000000002,132.8052
period1,sc01,t1027,1.375197846,132.8052
period1,sc01,t1028,1.217491671,132.8052
period1,sc01,t1029,1.070963267,132.8052
period1,sc01,t1030,0.9668218559999999,132.8052
period1,sc01,t1031,0.622745717,132.8052
period1,sc01,t1032,0.761195138,132.8052
period1,sc01,t1033,0.6063664089999999,132.8052
period1,sc01,t1034,0.5131814269999999,132.8052
period1,sc01,t1035,0.508865258,132.8052
period1,sc01,t1036,0.5093079420000001,132.8052
period1,sc01,t1037,0.653622926,132.8052
period1,sc01,t1038,1.0347738499999999,132.8052
period1,sc01,t1039,1.447023325,132.8052
period1,sc01,t1040,1.6659305629999999,132.8052
period1,sc01,t1041,1.7618823199999998,132.8052
period1,sc01,t1042,1.6050615129999999,132.8052
period1,sc01,t1043,1.48077798,132.8052
period1,sc01,t1044,1.451560836,132.8052
period1,sc01,t1045,1.150203703,132.8052
period1,sc01,t1046,1.1420140490000001,132.8052
period1,sc01,t1047,1.141903378,132.8052
period1,sc01,t1048,1.281680851,132.8052
period1,sc01,t1049,1.5997493050000002,132.8052
period1,sc01,t1050,1.7391947650000001,132.8052
period1,sc01,t1051,1.6331719470000001,132.8052
period1,sc01,t1052,1.4321934109999999,132.8052
period1,sc01,t1053,1.32694529,132.8052
period1,sc01,t1054,1.088891969,132.8052
period1,sc01,t1055,1.065208375,132.8052
period1,sc01,t1056,1.27382321,132.8052
period1,sc01,t1057,1.26607624,132.8052
period1,sc01,t1058,1.210962082,132.8052
period1,sc01,t1059,1.108038052,132.8052
period1,sc01,t1060,1.183405003,132.8052
period1,sc01,t1061,1.1423460619999999,132.8052
period1,sc01,t1062,1.804601326,132.8052
period1,sc01,t1063,2.572326053,132.8052
period1,sc01,t1064,2.967642865,132.8052
period1,sc01,t1065,2.3867307859999998,132.8052
period1,sc01,t1066,2.010781399,132.8052
period1,sc01,t1067,1.8002851569999998,132.8052
period1,sc01,t1068,1.6175673359999998,132.8052
period1,sc01,t1069,1.4556556630000002,132.8052
period1,sc01,t1070,1.3989921109999999,132.8052
period1,sc01,t1071,1.4445885630000002,132.8052
period1,sc01,t1072,2.1961553240000002,132.8052
period1,sc01,t1073,3.230818503,132.8052
period1,sc01,t1074,3.034045465,132.8052
period1,sc01,t1075,2.438856827,132.8052
period1,sc01,t1076,1.6520966879999999,132.8052
period1,sc01,t1077,1.503354864,132.8052
period1,sc01,t1078,1.230882862,132.8052
period1,sc01,t1079,0.7779064590000001,132.8052
period1,sc01,t1080,0.8994232169999999,132.8052
period1,sc01,t1081,0.8320245780000001,132.8052
period1,sc01,t1082,0.7429344229999999,132.8052
period1,sc01,t1083,0.658160437,132.8052
period1,sc01,t1084,0.676642494,132.8052
period1,sc01,t1085,0.706302322,132.8052
period1,sc01,t1086,0.7553295750000001,132.8052
period1,sc01,t1087,0.855154817,132.8052
period1,sc01,t1088,0.935833976,132.8052
period1,sc01,t1089,0.932513846,132.8052
period1,sc01,t1090,0.9086089099999999,132.8052
period1,sc01,t1091,0.942806249,132.8052
period1,sc01,t1092,0.766064662,132.8052
period1,sc01,t1093,0.805131525,132.8052
period1,sc01,t1094,0.7751396840000001,132.8052
period1,sc01,t1095,1.007991468,132.8052
period1,sc01,t1096,1.064433678,132.8052
period1,sc01,t1097,1.3452060049999999,132.8052
period1,sc01,t1098,1.5175207519999998,132.8052
period1,sc01,t1099,1.4393870260000001,132.8052
period1,sc01,t1100,1.374201807,132.8052
period1,sc01,t1101,1.342660572,132.8052
period1,sc01,t1102,1.171452535,132.8052
period1,sc01,t1103,1.154630543,132.8052
period1,sc01,t1104,1.4336321339999998,132.8052
period1,sc01,t1105,1.4143753799999998,132.8052
period1,sc01,t1106,1.365126785,132.8052
period1,sc01,t1107,1.304700419,132.8052
period1,sc01,t1108,1.3029296830000001,132.8052
period1,sc01,t1109,1.309459272,132.8052
period1,sc01,t1110,1.3139967830000001,132.8052
period1,sc01,t1111,1.318644965,132.8052
period1,sc01,t1112,1.325617238,132.8052
period1,sc01,t1113,1.165586972,132.8052
period1,sc01,t1114,1.278692734,132.8052
period1,sc01,t1115,1.2616494,132.8052
period1,sc01,t1116,1.101619134,132.8052
period1,sc01,t1117,1.2005590080000001,132.8052
period1,sc01,t1118,1.265412214,132.8052
period1,sc01,t1119,1.301933644,132.8052
period1,sc01,t1120,1.4513394939999997,132.8052
period1,sc01,t1121,1.62133015,132.8052
period1,sc01,t1122,1.763431714,132.8052
period1,sc01,t1123,1.587354153,132.8052
period1,sc01,t1124,1.471260274,132.8052
period1,sc01,t1125,1.4018695570000002,132.8052
period1,sc01,t1126,1.385711591,132.8052
period1,sc01,t1127,1.024924131,132.8052
period1,sc01,t1128,1.258661283,132.8052
period1,sc01,t1129,1.106599329,132.8052
period1,sc01,t1130,1.080702315,132.8052
period1,sc01,t1131,1.013967702,132.8052
period1,sc01,t1132,1.173997968,132.8052
period1,sc01,t1133,1.322629121,132.8052
period1,sc01,t1134,1.6618357359999998,132.8052
period1,sc01,t1135,2.3007394189999997,132.8052
period1,sc01,t1136,2.398793925,132.8052
period1,sc01,t1137,1.897896979,132.8052
period1,sc01,t1138,1.547401922,132.8052
period1,sc01,t1139,1.298281501,132.8052
period1,sc01,t1140,1.205649874,132.8052
period1,sc01,t1141,1.182519635,132.8052
period1,sc01,t1142,1.239404529,132.8052
period1,sc01,t1143,1.46639075,132.8052
period1,sc01,t1144,1.7364279900000001,132.8052
period1,sc01,t1145,2.380311868,132.8052
period1,sc01,t1146,2.664182983,132.8052
period1,sc01,t1147,2.034354322,132.8052
period1,sc01,t1148,1.680428464,132.8052
period1,sc01,t1149,1.452446204,132.8052
period1,sc01,t1150,1.272605829,132.8052
period1,sc01,t1151,1.0733980289999998,132.8052
period1,sc01,t1152,0.8020327369999999,132.8052
period1,sc01,t1153,0.6078051320000001,132.8052
period1,sc01,t1154,0.586113616,132.8052
period1,sc01,t1155,0.634034159,132.8052
period1,sc01,t1156,0.59983682,132.8052
period1,sc01,t1157,0.6692275369999999,132.8052
period1,sc01,t1158,0.8833759219999998,132.8052
period1,sc01,t1159,1.2099660429999999,132.8052
period1,sc01,t1160,1.234313663,132.8052
period1,sc01,t1161,0.937936725,132.8052
period1,sc01,t1162,0.8095583650000001,132.8052
period1,sc01,t1163,0.7346340979999999,132.8052
period1,sc01,t1164,0.6767531649999999,132.8052
period1,sc01,t1165,0.619868271,132.8052
period1,sc01,t1166,0.63967838,132.8052
period1,sc01,t1167,0.690476369,132.8052
period1,sc01,t1168,0.7938430830000001,132.8052
period1,sc01,t1169,1.14101801,132.8052
period1,sc01,t1170,1.169128444,132.8052
period1,sc01,t1171,1.0156277669999998,132.8052
period1,sc01,t1172,0.871755467,132.8052
period1,sc01,t1173,0.8596923280000002,132.8052
period1,sc01,t1174,0.789858927,132.8052
period1,sc01,t1175,0.777685117,132.8052
period1,sc01,t1176,0.8046888409999999,132.8052
period1,sc01,t1177,0.776135723,132.8052
period1,sc01,t1178,0.739724964,132.8052
period1,sc01,t1179,0.754886891,132.8052
period1,sc01,t1180,0.7745863289999999,132.8052
period1,sc01,t1181,0.962284345,132.8052
period1,sc01,t1182,1.267514963,132.8052
period1,sc01,t1183,1.646341796,132.8052
period1,sc01,t1184,1.830609011,132.8052
period1,sc01,t1185,1.384715552,132.8052
period1,sc01,t1186,1.156843963,132.8052
period1,sc01,t1187,0.986631965,132.8052
period1,sc01,t1188,0.9015259659999999,132.8052
period1,sc01,t1189,0.876292978,132.8052
period1,sc01,t1190,0.7746970000000001,132.8052
period1,sc01,t1191,0.8026967629999999,132.8052
period1,sc01,t1192,0.941146184,132.8052
period1,sc01,t1193,1.0481650409999999,132.8052
period1,sc01,t1194,1.041524781,132.8052
period1,sc01,t1195,0.9801023759999999,132.8052
period1,sc01,t1196,0.7667286879999999,132.8052
period1,sc01,t1197,0.646207969,132.8052
period1,sc01,t1198,0.521703094,132.8052
period1,sc01,t1199,0.478984088,132.8052
period1,sc01,t1200,0.42951415100000007,132.8052
period1,sc01,t1201,0.414905579,132.8052
period1,sc01,t1202,0.41169612000000005,132.8052
period1,sc01,t1203,0.405609215,132.8052
period1,sc01,t1204,0.40649458299999996,132.8052
period1,sc01,t1205,0.43183824200000004,132.8052
period1,sc01,t1206,0.622524375,132.8052
period1,sc01,t1207,0.888466788,132.8052
period1,sc01,t1208,0.971580709,132.8052
period1,sc01,t1209,0.702539508,132.8052
period1,sc01,t1210,0.685385503,132.8052
period1,sc01,t1211,0.609465197,132.8052
period1,sc01,t1212,0.5545723810000001,132.8052
period1,sc01,t1213,0.497023461,132.8052
period1,sc01,t1214,0.470573092,132.8052
period1,sc01,t1215,0.427854086,132.8052
period1,sc01,t1216,0.401182375,132.8052
period1,sc01,t1217,0.41999644500000005,132.8052
period1,sc01,t1218,0.391332656,132.8052
period1,sc01,t1219,0.352155122,132.8052
period1,sc01,t1220,0.332013,132.8052
period1,sc01,t1221,0.29527022799999997,132.8052
period1,sc01,t1222,0.26417167700000005,132.8052
period1,sc01,t1223,0.110671,132.8052
period1,sc01,t1224,0.226211524,132.8052
period1,sc01,t1225,0.13169849,132.8052
period1,sc01,t1226,0.11111368399999999,132.8052
period1,sc01,t1227,0.11111368399999999,132.8052
period1,sc01,t1228,0.110781671,132.8052
period1,sc01,t1229,0.315301679,132.8052
period1,sc01,t1230,0.366431681,132.8052
period1,sc01,t1231,0.5242485269999999,132.8052
period1,sc01,t1232,0.797716568,132.8052
period1,sc01,t1233,0.617986864,132.8052
period1,sc01,t1234,0.522809804,132.8052
period1,sc01,t1235,0.441798632,132.8052
period1,sc01,t1236,0.423205904,132.8052
period1,sc01,t1237,0.41269215899999995,132.8052
period1,sc01,t1238,0.411806791,132.8052
period1,sc01,t1239,0.4326129390000001,132.8052
period1,sc01,t1240,0.43217025499999995,132.8052
period1,sc01,t1241,0.457513914,132.8052
period1,sc01,t1242,0.42907146700000004,132.8052
period1,sc01,t1243,0.3594594079999999,132.8052
period1,sc01,t1244,0.327032805,132.8052
period1,sc01,t1245,0.30877209,132.8052
period1,sc01,t1246,0.292282111,132.8052
period1,sc01,t1247,0.28442447,132.8052
period1,sc01,t1248,0.259302153,132.8052
period1,sc01,t1249,0.220899316,132.8052
period1,sc01,t1250,0.054339461000000006,132.8052
period1,sc01,t1251,0.08886881299999999,132.8052
period1,sc01,t1252,0.088426129,132.8052
period1,sc01,t1253,0.110781671,132.8052
period1,sc01,t1254,0.201531891,132.8052
period1,sc01,t1255,0.323048649,132.8052
period1,sc01,t1256,0.338874602,132.8052
period1,sc01,t1257,0.352597806,132.8052
period1,sc01,t1258,0.334890446,132.8052
period1,sc01,t1259,0.21791119900000003,132.8052
period1,sc01,t1260,0.191792843,132.8052
period1,sc01,t1261,0.327918173,132.8052
period1,sc01,t1262,0.352044451,132.8052
period1,sc01,t1263,0.351048412,132.8052
period1,sc01,t1264,0.36233685400000004,132.8052
period1,sc01,t1265,0.384471054,132.8052
period1,sc01,t1266,0.382036292,132.8052
period1,sc01,t1267,0.378937504,132.8052
period1,sc01,t1268,0.37008382399999995,132.8052
period1,sc01,t1269,0.359238066,132.8052
period1,sc01,t1270,0.367206378,132.8052
period1,sc01,t1271,0.34529351999999996,132.8052
period1,sc01,t1272,0.33157031600000003,132.8052
period1,sc01,t1273,0.332787697,132.8052
period1,sc01,t1274,0.331459645,132.8052
period1,sc01,t1275,0.331459645,132.8052
period1,sc01,t1276,0.331902329,132.8052
period1,sc01,t1277,0.336771853,132.8052
period1,sc01,t1278,0.339317286,132.8052
period1,sc01,t1279,0.34529351999999996,132.8052
period1,sc01,t1280,0.37406797999999997,132.8052
period1,sc01,t1281,0.388787223,132.8052
period1,sc01,t1282,0.387016487,132.8052
period1,sc01,t1283,0.383585686,132.8052
period1,sc01,t1284,0.342084061,132.8052
period1,sc01,t1285,0.340423996,132.8052
period1,sc01,t1286,0.34075600899999997,132.8052
period1,sc01,t1287,0.380486898,132.8052
period1,sc01,t1288,0.397419561,132.8052
period1,sc01,t1289,0.425862008,132.8052
period1,sc01,t1290,0.42353791700000004,132.8052
period1,sc01,t1291,0.41855772199999997,132.8052
period1,sc01,t1292,0.39952231,132.8052
period1,sc01,t1293,0.349609689,132.8052
period1,sc01,t1294,0.335665143,132.8052
period1,sc01,t1295,0.320613887,132.8052
period1,sc01,t1296,0.078244397,132.8052
period1,sc01,t1297,0.10469476600000001,132.8052
period1,sc01,t1298,0.067177297,132.8052
period1,sc01,t1299,0.017154005,132.8052
period1,sc01,t1300,0.020474135,132.8052
period1,sc01,t1301,0.035304049000000004,132.8052
period1,sc01,t1302,0.22267005200000003,132.8052
period1,sc01,t1303,0.320060532,132.8052
period1,sc01,t1304,0.345846875,132.8052
period1,sc01,t1305,0.33699319499999997,132.8052
period1,sc01,t1306,0.332787697,132.8052
period1,sc01,t1307,0.298479687,132.8052
period1,sc01,t1308,0.277009513,132.8052
period1,sc01,t1309,0.26372899299999997,132.8052
period1,sc01,t1310,0.26350765099999995,132.8052
period1,sc01,t1311,0.278116223,132.8052
period1,sc01,t1312,0.322716636,132.8052
period1,sc01,t1313,0.36100880199999996,132.8052
period1,sc01,t1314,0.36145148599999993,132.8052
period1,sc01,t1315,0.338431918,132.8052
period1,sc01,t1316,0.318621809,132.8052
period1,sc01,t1317,0.220899316,132.8052
period1,sc01,t1318,0.110671,132.8052
period1,sc01,t1319,0.038845520999999994,132.8052
period1,sc01,t1320,0.00996039,132.8052
period1,sc01,t1321,0.0071936149999999996,132.8052
period1,sc01,t1322,0.009185693,132.8052
period1,sc01,t1323,0.031209222000000002,132.8052
period1,sc01,t1324,0.17950836199999998,132.8052
period1,sc01,t1325,0.318953822,132.8052
period1,sc01,t1326,0.384692396,132.8052
period1,sc01,t1327,0.4103680679999999,132.8052
period1,sc01,t1328,0.41678698599999997,132.8052
period1,sc01,t1329,0.41501625,132.8052
period1,sc01,t1330,0.42575133699999995,132.8052
period1,sc01,t1331,0.41324551400000004,132.8052
period1,sc01,t1332,0.40096103299999997,132.8052
period1,sc01,t1333,0.397751574,132.8052
period1,sc01,t1334,0.40162505899999995,132.8052
period1,sc01,t1335,0.404502505,132.8052
period1,sc01,t1336,0.406605254,132.8052
period1,sc01,t1337,0.43582239800000006,132.8052
period1,sc01,t1338,0.44102393500000003,132.8052
period1,sc01,t1339,0.41988577399999993,132.8052
period1,sc01,t1340,0.408486661,132.8052
period1,sc01,t1341,0.38989393299999997,132.8052
period1,sc01,t1342,0.35359384499999996,132.8052
period1,sc01,t1343,0.341420035,132.8052
period1,sc01,t1344,0.302242501,132.8052
period1,sc01,t1345,0.287301916,132.8052
period1,sc01,t1346,0.281989708,132.8052
period1,sc01,t1347,0.278558907,132.8052
period1,sc01,t1348,0.282100379,132.8052
period1,sc01,t1349,0.32758616,132.8052
period1,sc01,t1350,0.559773918,132.8052
period1,sc01,t1351,0.792183018,132.8052
period1,sc01,t1352,1.0114222689999999,132.8052
period1,sc01,t1353,0.884150619,132.8052
period1,sc01,t1354,0.619314916,132.8052
period1,sc01,t1355,0.586998984,132.8052
period1,sc01,t1356,0.601939569,132.8052
period1,sc01,t1357,0.560769957,132.8052
period1,sc01,t1358,0.539189112,132.8052
period1,sc01,t1359,0.506209154,132.8052
period1,sc01,t1360,0.555457749,132.8052
period1,sc01,t1361,0.7036462179999999,132.8052
period1,sc01,t1362,0.7449265010000001,132.8052
period1,sc01,t1363,0.54782145,132.8052
period1,sc01,t1364,0.43571172699999994,132.8052
period1,sc01,t1365,0.4286287829999999,132.8052
period1,sc01,t1366,0.406273241,132.8052
period1,sc01,t1367,0.383032331,132.8052
period1,sc01,t1368,0.325926095,132.8052
period1,sc01,t1369,0.324155359,132.8052
period1,sc01,t1370,0.325151398,132.8052
period1,sc01,t1371,0.329356896,132.8052
period1,sc01,t1372,0.346178888,132.8052
period1,sc01,t1373,0.37849482,132.8052
period1,sc01,t1374,0.471679802,132.8052
period1,sc01,t1375,0.880830489,132.8052
period1,sc01,t1376,0.9933828960000001,132.8052
period1,sc01,t1377,1.255894508,132.8052
period1,sc01,t1378,0.779013169,132.8052
period1,sc01,t1379,0.708073058,132.8052
period1,sc01,t1380,0.726665786,132.8052
period1,sc01,t1381,0.619868271,132.8052
period1,sc01,t1382,0.577259936,132.8052
period1,sc01,t1383,0.532438181,132.8052
period1,sc01,t1384,0.547489437,132.8052
period1,sc01,t1385,0.88979484,132.8052
period1,sc01,t1386,1.030236339,132.8052
period1,sc01,t1387,0.779013169,132.8052
period1,sc01,t1388,0.555347078,132.8052
period1,sc01,t1389,0.584121538,132.8052
period1,sc01,t1390,0.523031146,132.8052
period1,sc01,t1391,0.449213589,132.8052
period1,sc01,t1392,0.308550748,132.8052
period1,sc01,t1393,0.298701029,132.8052
period1,sc01,t1394,0.297594319,132.8052
period1,sc01,t1395,0.297151635,132.8052
period1,sc01,t1396,0.29670895099999994,132.8052
period1,sc01,t1397,0.398083587,132.8052
period1,sc01,t1398,0.5234738299999999,132.8052
period1,sc01,t1399,1.1434527719999998,132.8052
period1,sc01,t1400,1.7436216050000002,132.8052
period1,sc01,t1401,1.550722052,132.8052
period1,sc01,t1402,1.3939012450000001,132.8052
period1,sc01,t1403,0.8370047729999999,132.8052
period1,sc01,t1404,0.7366261760000001,132.8052
period1,sc01,t1405,0.538414415,132.8052
period1,sc01,t1406,0.49669144800000004,132.8052
period1,sc01,t1407,0.465592897,132.8052
period1,sc01,t1408,0.565971494,132.8052
period1,sc01,t1409,1.139136603,132.8052
period1,sc01,t1410,1.531133285,132.8052
period1,sc01,t1411,0.724231024,132.8052
period1,sc01,t1412,0.639346367,132.8052
period1,sc01,t1413,0.5717263859999999,132.8052
period1,sc01,t1414,0.500786275,132.8052
period1,sc01,t1415,0.44534010400000007,132.8052
period1,sc01,t1416,0.407822635,132.8052
period1,sc01,t1417,0.43095287399999993,132.8052
period1,sc01,t1418,0.378716162,132.8052
period1,sc01,t1419,0.421213826,132.8052
period1,sc01,t1420,0.375838716,132.8052
period1,sc01,t1421,0.371411876,132.8052
period1,sc01,t1422,0.517829609,132.8052
period1,sc01,t1423,0.5689596109999999,132.8052
period1,sc01,t1424,0.7481359599999999,132.8052
period1,sc01,t1425,0.749906696,132.8052
period1,sc01,t1426,0.37960152999999996,132.8052
period1,sc01,t1427,0.29814767400000003,132.8052
period1,sc01,t1428,0.421103155,132.8052
period1,sc01,t1429,0.296930293,132.8052
period1,sc01,t1430,0.304123908,132.8052
period1,sc01,t1431,0.342748087,132.8052
period1,sc01,t1432,0.441466619,132.8052
period1,sc01,t1433,0.481197508,132.8052
period1,sc01,t1434,0.478209391,132.8052
period1,sc01,t1435,0.406605254,132.8052
period1,sc01,t1436,0.26549972899999996,132.8052
period1,sc01,t1437,0.161358318,132.8052
period1,sc01,t1438,0.050687317999999995,132.8052
period1,sc01,t1439,0.039620218000000006,132.8052
period1,sc01,t1440,0.088758142,132.8052
period1,sc01,t1441,0.052015370000000005,132.8052
period1,sc01,t1442,0.034418681,132.8052
period1,sc01,t1443,0.014497900999999999,132.8052
period1,sc01,t1444,0.016157966,132.8052
period1,sc01,t1445,0.016379308,132.8052
period1,sc01,t1446,0.029438486,132.8052
period1,sc01,t1447,0.033422642,132.8052
period1,sc01,t1448,0.031098551,132.8052
period1,sc01,t1449,0.022355542000000003,132.8052
period1,sc01,t1450,0.016157966,132.8052
period1,sc01,t1451,0.011177771000000001,132.8052
period1,sc01,t1452,0.0005533550000000001,132.8052
period1,sc01,t1453,0.0022134200000000002,132.8052
period1,sc01,t1454,0.006418918,132.8052
period1,sc01,t1455,0.020806148,132.8052
period1,sc01,t1456,0.03098788,132.8052
period1,sc01,t1457,0.051130002,132.8052
period1,sc01,t1458,0.089090155,132.8052
period1,sc01,t1459,0.051130002,132.8052
period1,sc01,t1460,0.046592491,132.8052
period1,sc01,t1461,0.038070823999999996,132.8052
period1,sc01,t1462,0.032979958,132.8052
period1,sc01,t1463,0.022466212999999995,132.8052
period1,sc01,t1464,0.028221104999999996,132.8052
period1,sc01,t1465,0.025343658999999998,132.8052
period1,sc01,t1466,0.020806148,132.8052
period1,sc01,t1467,0.013280519999999999,132.8052
period1,sc01,t1468,0.013612533,132.8052
period1,sc01,t1469,0.028663789,132.8052
period1,sc01,t1470,0.036078746,132.8052
period1,sc01,t1471,0.247349685,132.8052
period1,sc01,t1472,0.344518823,132.8052
period1,sc01,t1473,0.22200602599999997,132.8052
period1,sc01,t1474,0.048141884999999995,132.8052
period1,sc01,t1475,0.042165651,132.8052
period1,sc01,t1476,0.026229027000000002,132.8052
period1,sc01,t1477,0.018039373,132.8052
period1,sc01,t1478,0.023019568000000004,132.8052
period1,sc01,t1479,0.022023529,132.8052
period1,sc01,t1480,0.03209459,132.8052
period1,sc01,t1481,0.26074087599999995,132.8052
period1,sc01,t1482,0.26372899299999997,132.8052
period1,sc01,t1483,0.19367425000000002,132.8052
period1,sc01,t1484,0.030877209,132.8052
period1,sc01,t1485,0.010513745,132.8052
period1,sc01,t1486,-0.000996039,132.8052
period1,sc01,t1487,-0.008964351,132.8052
period1,sc01,t1488,-0.005865563,132.8052
period1,sc01,t1489,-0.007414957,132.8052
period1,sc01,t1490,-0.007968312,132.8052
period1,sc01,t1491,-0.007857640999999999,132.8052
period1,sc01,t1492,-0.006197576000000001,132.8052
period1,sc01,t1493,0.010071061,132.8052
period1,sc01,t1494,0.026782381999999997,132.8052
period1,sc01,t1495,0.054450132,132.8052
period1,sc01,t1496,0.110781671,132.8052
period1,sc01,t1497,0.05456080299999999,132.8052
period1,sc01,t1498,0.042386993,132.8052
period1,sc01,t1499,0.040173573,132.8052
period1,sc01,t1500,0.040394915,132.8052
period1,sc01,t1501,0.042719006,132.8052
period1,sc01,t1502,0.058987643,132.8052
period1,sc01,t1503,0.12727165,132.8052
period1,sc01,t1504,0.180836414,132.8052
period1,sc01,t1505,0.25731007499999997,132.8052
period1,sc01,t1506,0.255539339,132.8052
period1,sc01,t1507,0.212266978,132.8052
period1,sc01,t1508,0.067841323,132.8052
period1,sc01,t1509,0.049912621000000004,132.8052
period1,sc01,t1510,0.036189417,132.8052
period1,sc01,t1511,0.013059177999999998,132.8052
period1,sc01,t1512,-0.009185693,132.8052
period1,sc01,t1513,-0.011509784000000002,132.8052
period1,sc01,t1514,-0.013391190999999998,132.8052
period1,sc01,t1515,-0.014387229999999999,132.8052
period1,sc01,t1516,-0.013059177999999998,132.8052
period1,sc01,t1517,-0.010071061,132.8052
period1,sc01,t1518,0.008853680000000001,132.8052
period1,sc01,t1519,0.031762577,132.8052
period1,sc01,t1520,0.037517469000000005,132.8052
period1,sc01,t1521,0.028442447,132.8052
period1,sc01,t1522,0.006197576000000001,132.8052
period1,sc01,t1523,-0.005312208,132.8052
period1,sc01,t1524,-0.006197576000000001,132.8052
period1,sc01,t1525,-0.0063082469999999995,132.8052
period1,sc01,t1526,0.003652143,132.8052
period1,sc01,t1527,0.016047295,132.8052
period1,sc01,t1528,0.054892816,132.8052
period1,sc01,t1529,0.24447223899999998,132.8052
period1,sc01,t1530,0.245800291,132.8052
period1,sc01,t1531,0.17131870800000001,132.8052
period1,sc01,t1532,0.038624179,132.8052
period1,sc01,t1533,0.040726928,132.8052
period1,sc01,t1534,0.033975997,132.8052
period1,sc01,t1535,0.024236949,132.8052
period1,sc01,t1536,0.031983919,132.8052
period1,sc01,t1537,0.021912858,132.8052
period1,sc01,t1538,0.01660065,132.8052
period1,sc01,t1539,0.015272597999999998,132.8052
period1,sc01,t1540,0.018260715,132.8052
period1,sc01,t1541,0.035193378000000004,132.8052
period1,sc01,t1542,0.479537443,132.8052
period1,sc01,t1543,0.584785564,132.8052
period1,sc01,t1544,0.5761532260000001,132.8052
period1,sc01,t1545,0.384803067,132.8052
period1,sc01,t1546,0.06064770800000001,132.8052
period1,sc01,t1547,0.033311970999999996,132.8052
period1,sc01,t1548,0.006197576000000001,132.8052
period1,sc01,t1549,0.003209459,132.8052
period1,sc01,t1550,0.03762814,132.8052
period1,sc01,t1551,0.092852969,132.8052
period1,sc01,t1552,0.448881576,132.8052
period1,sc01,t1553,0.30700135399999995,132.8052
period1,sc01,t1554,0.310321484,132.8052
period1,sc01,t1555,0.306115986,132.8052
period1,sc01,t1556,0.301357133,132.8052
period1,sc01,t1557,0.275460119,132.8052
period1,sc01,t1558,0.239492044,132.8052
period1,sc01,t1559,0.20961087400000003,132.8052
period1,sc01,t1560,0.16047295,132.8052
period1,sc01,t1561,0.17928702,132.8052
period1,sc01,t1562,0.21746851499999997,132.8052
period1,sc01,t1563,0.231523732,132.8052
period1,sc01,t1564,0.259855508,132.8052
period1,sc01,t1565,0.301578475,132.8052
period1,sc01,t1566,0.34429748099999996,132.8052
period1,sc01,t1567,0.516612228,132.8052
period1,sc01,t1568,0.536865021,132.8052
period1,sc01,t1569,0.38712715799999997,132.8052
period1,sc01,t1570,0.35857404,132.8052
period1,sc01,t1571,0.30213183,132.8052
period1,sc01,t1572,0.137564053,132.8052
period1,sc01,t1573,0.08632337999999999,132.8052
period1,sc01,t1574,0.28154702400000003,132.8052
period1,sc01,t1575,0.2988117,132.8052
period1,sc01,t1576,0.286748561,132.8052
period1,sc01,t1577,0.308882761,132.8052
period1,sc01,t1578,0.320281874,132.8052
period1,sc01,t1579,0.30080377799999997,132.8052
period1,sc01,t1580,0.291396743,132.8052
period1,sc01,t1581,0.26727046499999996,132.8052
period1,sc01,t1582,0.262068928,132.8052
period1,sc01,t1583,0.23882801799999998,132.8052
period1,sc01,t1584,-0.006529588999999999,132.8052
period1,sc01,t1585,-0.008521667,132.8052
period1,sc01,t1586,-0.008632338,132.8052
period1,sc01,t1587,-0.008964351,132.8052
period1,sc01,t1588,-0.008410996,132.8052
period1,sc01,t1589,0.004980195,132.8052
period1,sc01,t1590,0.218575225,132.8052
period1,sc01,t1591,0.26096221799999997,132.8052
period1,sc01,t1592,0.26450368999999996,132.8052
period1,sc01,t1593,0.25742074600000003,132.8052
period1,sc01,t1594,0.11565119499999998,132.8052
period1,sc01,t1595,0.012727165,132.8052
period1,sc01,t1596,-0.001881407,132.8052
period1,sc01,t1597,-0.0008853680000000001,132.8052
period1,sc01,t1598,0.01660065,132.8052
period1,sc01,t1599,0.27778421000000003,132.8052
period1,sc01,t1600,0.288297955,132.8052
period1,sc01,t1601,0.306226657,132.8052
period1,sc01,t1602,0.442351987,132.8052
period1,sc01,t1603,0.315080337,132.8052
period1,sc01,t1604,0.30246384299999995,132.8052
period1,sc01,t1605,0.297594319,132.8052
period1,sc01,t1606,0.29770499,132.8052
period1,sc01,t1607,0.278005552,132.8052
period1,sc01,t1608,0.272139989,132.8052
period1,sc01,t1609,0.262843625,132.8052
period1,sc01,t1610,0.259855508,132.8052
period1,sc01,t1611,0.25797410099999996,132.8052
period1,sc01,t1612,0.26173691499999996,132.8052
period1,sc01,t1613,0.26693845200000005,132.8052
period1,sc01,t1614,0.27402139600000003,132.8052
period1,sc01,t1615,0.29327815,132.8052
period1,sc01,t1616,0.36023410499999997,132.8052
period1,sc01,t1617,0.25078048599999997,132.8052
period1,sc01,t1618,0.21824321199999996,132.8052
period1,sc01,t1619,0.047920542999999996,132.8052
period1,sc01,t1620,0.024568962000000003,132.8052
period1,sc01,t1621,0.047145846,132.8052
period1,sc01,t1622,0.11609387900000001,132.8052
period1,sc01,t1623,0.295823583,132.8052
period1,sc01,t1624,0.492928634,132.8052
period1,sc01,t1625,0.740610332,132.8052
period1,sc01,t1626,1.422454363,132.8052
period1,sc01,t1627,1.366344166,132.8052
period1,sc01,t1628,0.7038675600000001,132.8052
period1,sc01,t1629,0.503331708,132.8052
period1,sc01,t1630,0.441798632,132.8052
period1,sc01,t1631,0.425640666,132.8052
period1,sc01,t1632,0.391000643,132.8052
period1,sc01,t1633,0.38956192,132.8052
period1,sc01,t1634,0.394763457,132.8052
period1,sc01,t1635,0.394984799,132.8052
period1,sc01,t1636,0.41501625,132.8052
period1,sc01,t1637,0.44578278800000004,132.8052
period1,sc01,t1638,1.713076409,132.8052
period1,sc01,t1639,1.838909336,132.8052
period1,sc01,t1640,1.529251878,132.8052
period1,sc01,t1641,1.132717685,132.8052
period1,sc01,t1642,0.967375211,132.8052
period1,sc01,t1643,0.8513920030000002,132.8052
period1,sc01,t1644,0.8166413090000001,132.8052
period1,sc01,t1645,0.8288151189999999,132.8052
period1,sc01,t1646,0.8942216799999999,132.8052
period1,sc01,t1647,1.0279122479999998,132.8052
period1,sc01,t1648,1.368668257,132.8052
period1,sc01,t1649,1.600191989,132.8052
period1,sc01,t1650,1.8166644650000001,132.8052
period1,sc01,t1651,1.604397487,132.8052
period1,sc01,t1652,1.008102139,132.8052
period1,sc01,t1653,0.7849894030000001,132.8052
period1,sc01,t1654,0.453419087,132.8052
period1,sc01,t1655,0.296487609,132.8052
period1,sc01,t1656,0.411585449,132.8052
period1,sc01,t1657,0.374953348,132.8052
period1,sc01,t1658,0.359127395,132.8052
period1,sc01,t1659,0.331791658,132.8052
period1,sc01,t1660,0.358131356,132.8052
period1,sc01,t1661,0.55224829,132.8052
period1,sc01,t1662,1.474027049,132.8052
period1,sc01,t1663,1.6827525550000002,132.8052
period1,sc01,t1664,1.5987532660000001,132.8052
period1,sc01,t1665,1.359814577,132.8052
period1,sc01,t1666,1.085903852,132.8052
period1,sc01,t1667,1.035659218,132.8052
period1,sc01,t1668,1.083358419,132.8052
period1,sc01,t1669,1.1008444370000001,132.8052
period1,sc01,t1670,1.084465129,132.8052
period1,sc01,t1671,1.183183661,132.8052
period1,sc01,t1672,1.428430597,132.8052
period1,sc01,t1673,1.8324904180000001,132.8052
period1,sc01,t1674,2.170922336,132.8052
period1,sc01,t1675,1.823636738,132.8052
period1,sc01,t1676,1.512983241,132.8052
period1,sc01,t1677,1.369110941,132.8052
period1,sc01,t1678,1.242171304,132.8052
period1,sc01,t1679,1.1248600439999998,132.8052
period1,sc01,t1680,0.7395036219999999,132.8052
period1,sc01,t1681,0.818744058,132.8052
period1,sc01,t1682,0.889573498,132.8052
period1,sc01,t1683,0.9476757729999999,132.8052
period1,sc01,t1684,1.048939738,132.8052
period1,sc01,t1685,1.162488184,132.8052
period1,sc01,t1686,1.620887466,132.8052
period1,sc01,t1687,1.805154681,132.8052
period1,sc01,t1688,1.662721104,132.8052
period1,sc01,t1689,1.388589037,132.8052
period1,sc01,t1690,1.1407966680000001,132.8052
period1,sc01,t1691,1.1438954559999999,132.8052
period1,sc01,t1692,1.1241960180000001,132.8052
period1,sc01,t1693,1.152749136,132.8052
period1,sc01,t1694,1.172448574,132.8052
period1,sc01,t1695,1.373537781,132.8052
period1,sc01,t1696,1.6505472939999999,132.8052
period1,sc01,t1697,1.887604576,132.8052
period1,sc01,t1698,2.351869421,132.8052
period1,sc01,t1699,2.07397454,132.8052
period1,sc01,t1700,1.6338359729999998,132.8052
period1,sc01,t1701,1.524161012,132.8052
period1,sc01,t1702,1.281238167,132.8052
period1,sc01,t1703,1.132053659,132.8052
period1,sc01,t1704,1.0564653659999999,132.8052
period1,sc01,t1705,0.9992484590000001,132.8052
period1,sc01,t1706,0.9513279159999999,132.8052
period1,sc01,t1707,0.931739149,132.8052
period1,sc01,t1708,0.9436916169999999,132.8052
period1,sc01,t1709,1.10117645,132.8052
period1,sc01,t1710,1.4634026329999998,132.8052
period1,sc01,t1711,1.80504401,132.8052
period1,sc01,t1712,1.8703399,132.8052
period1,sc01,t1713,2.0603620069999997,132.8052
period1,sc01,t1714,1.7148471449999998,132.8052
period1,sc01,t1715,1.439608368,132.8052
period1,sc01,t1716,1.529141207,132.8052
period1,sc01,t1717,1.49737863,132.8052
period1,sc01,t1718,1.493947829,132.8052
period1,sc01,t1719,1.4787859020000003,132.8052
period1,sc01,t1720,1.6314012109999998,132.8052
period1,sc01,t1721,1.8941341649999999,132.8052
period1,sc01,t1722,2.049184236,132.8052
period1,sc01,t1723,1.8039373,132.8052
period1,sc01,t1724,1.6343893280000001,132.8052
period1,sc01,t1725,1.539101597,132.8052
period1,sc01,t1726,1.0198332650000002,132.8052
period1,sc01,t1727,0.634587514,132.8052
period1,sc01,t1728,1.285000981,132.8052
period1,sc01,t1729,1.144448811,132.8052
period1,sc01,t1730,1.111026169,132.8052
period1,sc01,t1731,1.0693032020000002,132.8052
period1,sc01,t1732,1.07904225,132.8052
period1,sc01,t1733,1.2392938580000001,132.8052
period1,sc01,t1734,1.6188953879999999,132.8052
period1,sc01,t1735,1.7328865180000002,132.8052
period1,sc01,t1736,1.6913848930000002,132.8052
period1,sc01,t1737,1.353284988,132.8052
period1,sc01,t1738,1.1241960180000001,132.8052
period1,sc01,t1739,1.062994955,132.8052
period1,sc01,t1740,0.806570248,132.8052
period1,sc01,t1741,0.76030977,132.8052
period1,sc01,t1742,0.6692275369999999,132.8052
period1,sc01,t1743,0.7774637750000001,132.8052
period1,sc01,t1744,1.305364445,132.8052
period1,sc01,t1745,1.664934524,132.8052
period1,sc01,t1746,1.755131389,132.8052
period1,sc01,t1747,1.627859739,132.8052
period1,sc01,t1748,1.278692734,132.8052
period1,sc01,t1749,0.9843078739999999,132.8052
period1,sc01,t1750,0.724231024,132.8052
period1,sc01,t1751,0.606255738,132.8052
period1,sc01,t1752,0.337435879,132.8052
period1,sc01,t1753,0.356581962,132.8052
period1,sc01,t1754,0.319175164,132.8052
period1,sc01,t1755,0.293720834,132.8052
period1,sc01,t1756,0.290179362,132.8052
period1,sc01,t1757,0.296044925,132.8052
period1,sc01,t1758,0.30091444900000003,132.8052
period1,sc01,t1759,0.220899316,132.8052
period1,sc01,t1760,0.20695476999999998,132.8052
period1,sc01,t1761,0.20274927199999998,132.8052
period1,sc01,t1762,0.201310549,132.8052
period1,sc01,t1763,0.200757194,132.8052
period1,sc01,t1764,0.198543774,132.8052
period1,sc01,t1765,0.19776907700000002,132.8052
period1,sc01,t1766,0.199761155,132.8052
period1,sc01,t1767,0.21082825500000002,132.8052
period1,sc01,t1768,0.22278072299999999,132.8052
period1,sc01,t1769,0.238053321,132.8052
period1,sc01,t1770,0.24568962,132.8052
period1,sc01,t1771,0.239824057,132.8052
period1,sc01,t1772,0.234511849,132.8052
period1,sc01,t1773,0.229642325,132.8052
period1,sc01,t1774,0.219349922,132.8052
period1,sc01,t1775,0.21171362299999996,132.8052
period1,sc01,t1776,0.194227605,132.8052
period1,sc01,t1777,0.182385808,132.8052
period1,sc01,t1778,0.178955007,132.8052
period1,sc01,t1779,0.176188232,132.8052
period1,sc01,t1780,0.182717821,132.8052
period1,sc01,t1781,0.20308128500000003,132.8052
period1,sc01,t1782,0.212931004,132.8052
period1,sc01,t1783,0.21946059299999995,132.8052
period1,sc01,t1784,0.22078864499999998,132.8052
period1,sc01,t1785,0.20761879600000002,132.8052
period1,sc01,t1786,0.17154005,132.8052
period1,sc01,t1787,0.019699438,132.8052
period1,sc01,t1788,0.003873485,132.8052
period1,sc01,t1789,-0.00011067100000000001,132.8052
period1,sc01,t1790,0.018924741,132.8052
period1,sc01,t1791,0.20872550599999998,132.8052
period1,sc01,t1792,0.22665420800000002,132.8052
period1,sc01,t1793,0.41833638,132.8052
period1,sc01,t1794,0.5919791790000001,132.8052
period1,sc01,t1795,0.40140371700000005,132.8052
period1,sc01,t1796,0.24912042100000004,132.8052
period1,sc01,t1797,0.24436156799999997,132.8052
period1,sc01,t1798,0.239602715,132.8052
period1,sc01,t1799,0.23628258500000002,132.8052
period1,sc01,t1800,0.23816399200000002,132.8052
period1,sc01,t1801,0.23816399200000002,132.8052
period1,sc01,t1802,0.235839901,132.8052
period1,sc01,t1803,0.39764090299999993,132.8052
period1,sc01,t1804,0.491489911,132.8052
period1,sc01,t1805,1.0321177460000002,132.8052
period1,sc01,t1806,1.491181054,132.8052
period1,sc01,t1807,1.6783257150000002,132.8052
period1,sc01,t1808,1.486200859,132.8052
period1,sc01,t1809,1.014742399,132.8052
period1,sc01,t1810,0.391000643,132.8052
period1,sc01,t1811,0.23251977100000001,132.8052
period1,sc01,t1812,0.223666091,132.8052
period1,sc01,t1813,0.22576883999999997,132.8052
period1,sc01,t1814,0.363664906,132.8052
period1,sc01,t1815,0.695235222,132.8052
period1,sc01,t1816,1.018726555,132.8052
period1,sc01,t1817,1.477347179,132.8052
period1,sc01,t1818,1.810134876,132.8052
period1,sc01,t1819,1.6731241780000001,132.8052
period1,sc01,t1820,1.3922411799999999,132.8052
period1,sc01,t1821,0.993936251,132.8052
period1,sc01,t1822,0.662697948,132.8052
period1,sc01,t1823,0.439474541,132.8052
period1,sc01,t1824,0.322937978,132.8052
period1,sc01,t1825,0.23971338599999997,132.8052
period1,sc01,t1826,0.40107170400000003,132.8052
period1,sc01,t1827,0.43106354500000005,132.8052
period1,sc01,t1828,0.7232349849999999,132.8052
period1,sc01,t1829,1.1186624680000001,132.8052
period1,sc01,t1830,1.405632371,132.8052
period1,sc01,t1831,1.4407150780000002,132.8052
period1,sc01,t1832,1.0429635039999998,132.8052
period1,sc01,t1833,0.5696236370000001,132.8052
period1,sc01,t1834,0.208172151,132.8052
period1,sc01,t1835,0.012063139,132.8052
period1,sc01,t1836,-0.002988117,132.8052
period1,sc01,t1837,-0.005201537,132.8052
period1,sc01,t1838,0.126275611,132.8052
period1,sc01,t1839,0.19267821100000002,132.8052
period1,sc01,t1840,0.330242264,132.8052
period1,sc01,t1841,0.334779775,132.8052
period1,sc01,t1842,0.436265082,132.8052
period1,sc01,t1843,0.164678448,132.8052
period1,sc01,t1844,0.142322906,132.8052
period1,sc01,t1845,0.139556131,132.8052
period1,sc01,t1846,0.14110552499999998,132.8052
period1,sc01,t1847,0.138449421,132.8052
period1,sc01,t1848,0.13391191,132.8052
period1,sc01,t1849,0.134022581,132.8052
period1,sc01,t1850,0.130702451,132.8052
period1,sc01,t1851,0.13701069800000001,132.8052
period1,sc01,t1852,0.134907949,132.8052
period1,sc01,t1853,0.148963166,132.8052
period1,sc01,t1854,0.44489742,132.8052
period1,sc01,t1855,0.765953991,132.8052
period1,sc01,t1856,0.5634260609999999,132.8052
period1,sc01,t1857,0.201310549,132.8052
period1,sc01,t1858,0.22067797400000003,132.8052
period1,sc01,t1859,0.033090629,132.8052
period1,sc01,t1860,-0.004980195,132.8052
period1,sc01,t1861,-0.002102749,132.8052
period1,sc01,t1862,0.20761879600000002,132.8052
period1,sc01,t1863,0.23196641599999998,132.8052
period1,sc01,t1864,1.0664257560000001,132.8052
period1,sc01,t1865,1.5229436310000002,132.8052
period1,sc01,t1866,2.355521564,132.8052
period1,sc01,t1867,1.518184778,132.8052
period1,sc01,t1868,0.993493567,132.8052
period1,sc01,t1869,0.823060227,132.8052
period1,sc01,t1870,0.671330286,132.8052
period1,sc01,t1871,0.417561683,132.8052
period1,sc01,t1872,0.240488083,132.8052
period1,sc01,t1873,0.32647945,132.8052
period1,sc01,t1874,0.293167479,132.8052
period1,sc01,t1875,0.33710386600000003,132.8052
period1,sc01,t1876,0.441798632,132.8052
period1,sc01,t1877,1.2280054159999998,132.8052
period1,sc01,t1878,1.474027049,132.8052
period1,sc01,t1879,1.461410555,132.8052
period1,sc01,t1880,1.109476775,132.8052
period1,sc01,t1881,0.839439535,132.8052
period1,sc01,t1882,0.39443144399999996,132.8052
period1,sc01,t1883,0.080015133,132.8052
period1,sc01,t1884,0.041280283,132.8052
period1,sc01,t1885,0.04448974199999999,132.8052
period1,sc01,t1886,0.273025357,132.8052
period1,sc01,t1887,0.653733597,132.8052
period1,sc01,t1888,1.27492992,132.8052
period1,sc01,t1889,1.630294501,132.8052
period1,sc01,t1890,2.844798055,132.8052
period1,sc01,t1891,2.213752013,132.8052
period1,sc01,t1892,1.40109486,132.8052
period1,sc01,t1893,1.4075137780000002,132.8052
period1,sc01,t1894,1.273712539,132.8052
period1,sc01,t1895,0.9423635650000001,132.8052
period1,sc01,t1896,1.025477486,132.8052
period1,sc01,t1897,1.171009851,132.8052
period1,sc01,t1898,1.168353747,132.8052
period1,sc01,t1899,1.11888381,132.8052
period1,sc01,t1900,1.162377513,132.8052
period1,sc01,t1901,1.3841621969999998,132.8052
period1,sc01,t1902,1.755906086,132.8052
period1,sc01,t1903,1.670578745,132.8052
period1,sc01,t1904,1.2458234469999998,132.8052
period1,sc01,t1905,0.790412282,132.8052
period1,sc01,t1906,0.48971917499999995,132.8052
period1,sc01,t1907,0.10558013399999999,132.8052
period1,sc01,t1908,0.069501388,132.8052
period1,sc01,t1909,0.057991603999999995,132.8052
period1,sc01,t1910,0.068394678,132.8052
period1,sc01,t1911,0.19843310299999997,132.8052
period1,sc01,t1912,0.282764405,132.8052
period1,sc01,t1913,0.9984737619999999,132.8052
period1,sc01,t1914,1.2021084020000001,132.8052
period1,sc01,t1915,0.7877561780000001,132.8052
period1,sc01,t1916,0.376392071,132.8052
period1,sc01,t1917,0.36576765499999997,132.8052
period1,sc01,t1918,0.21193496499999998,132.8052
period1,sc01,t1919,0.139998815,132.8052
period1,sc01,t1920,0.142544248,132.8052
period1,sc01,t1921,0.06385716699999999,132.8052
period1,sc01,t1922,0.053896777,132.8052
period1,sc01,t1923,0.048141884999999995,132.8052
period1,sc01,t1924,0.060426365999999995,132.8052
period1,sc01,t1925,0.068948033,132.8052
period1,sc01,t1926,0.075920306,132.8052
period1,sc01,t1927,0.06485320600000001,132.8052
period1,sc01,t1928,0.024458291,132.8052
period1,sc01,t1929,0.0,132.8052
period1,sc01,t1930,-0.015936624,132.8052
period1,sc01,t1931,-0.056663552000000006,132.8052
period1,sc01,t1932,-0.125500914,132.8052
period1,sc01,t1933,-0.11786461499999999,132.8052
period1,sc01,t1934,-0.05411811899999999,132.8052
period1,sc01,t1935,-0.013059177999999998,132.8052
period1,sc01,t1936,0.013280519999999999,132.8052
period1,sc01,t1937,0.19157150099999998,132.8052
period1,sc01,t1938,0.21116026799999998,132.8052
period1,sc01,t1939,0.21237764900000003,132.8052
period1,sc01,t1940,0.18127909799999997,132.8052
period1,sc01,t1941,0.165563816,132.8052
period1,sc01,t1942,0.164346435,132.8052
period1,sc01,t1943,0.156378123,132.8052
period1,sc01,t1944,0.027889092,132.8052
period1,sc01,t1945,0.035746732999999996,132.8052
period1,sc01,t1946,0.028221104999999996,132.8052
period1,sc01,t1947,0.035304049000000004,132.8052
period1,sc01,t1948,0.046592491,132.8052
period1,sc01,t1949,0.054782145000000004,132.8052
period1,sc01,t1950,0.035414720000000004,132.8052
period1,sc01,t1951,0.033090629,132.8052
period1,sc01,t1952,0.033643984,132.8052
period1,sc01,t1953,0.024900975,132.8052
period1,sc01,t1954,0.025232987999999998,132.8052
period1,sc01,t1955,0.010956429,132.8052
period1,sc01,t1956,0.009849719,132.8052
period1,sc01,t1957,0.005754892000000001,132.8052
period1,sc01,t1958,0.022355542000000003,132.8052
period1,sc01,t1959,0.032647945000000005,132.8052
period1,sc01,t1960,0.110781671,132.8052
period1,sc01,t1961,0.2656104,132.8052
period1,sc01,t1962,0.270147911,132.8052
period1,sc01,t1963,0.338542589,132.8052
period1,sc01,t1964,0.26727046499999996,132.8052
period1,sc01,t1965,0.264393019,132.8052
period1,sc01,t1966,0.26195825699999997,132.8052
period1,sc01,t1967,0.259523495,132.8052
period1,sc01,t1968,0.24834572400000002,132.8052
period1,sc01,t1969,0.247792369,132.8052
period1,sc01,t1970,0.25111249900000004,132.8052
period1,sc01,t1971,0.255096655,132.8052
period1,sc01,t1972,0.262843625,132.8052
period1,sc01,t1973,0.5045490890000001,132.8052
period1,sc01,t1974,1.153081149,132.8052
period1,sc01,t1975,1.360810616,132.8052
period1,sc01,t1976,1.398438756,132.8052
period1,sc01,t1977,1.1344884210000001,132.8052
period1,sc01,t1978,0.879170424,132.8052
period1,sc01,t1979,0.8384434960000001,132.8052
period1,sc01,t1980,0.796277845,132.8052
period1,sc01,t1981,0.7945071090000001,132.8052
period1,sc01,t1982,0.8543801200000001,132.8052
period1,sc01,t1983,0.9107116590000001,132.8052
period1,sc01,t1984,1.0113115979999998,132.8052
period1,sc01,t1985,1.1933653929999999,132.8052
period1,sc01,t1986,1.6338359729999998,132.8052
period1,sc01,t1987,1.445584602,132.8052
period1,sc01,t1988,0.973794129,132.8052
period1,sc01,t1989,0.35746732999999997,132.8052
period1,sc01,t1990,0.22731823399999998,132.8052
period1,sc01,t1991,0.21547643699999997,132.8052
period1,sc01,t1992,0.21901790899999998,132.8052
period1,sc01,t1993,0.21492308200000004,132.8052
period1,sc01,t1994,0.20595873099999998,132.8052
period1,sc01,t1995,0.210164229,132.8052
period1,sc01,t1996,0.211602952,132.8052
period1,sc01,t1997,0.235839901,132.8052
period1,sc01,t1998,0.36034477600000003,132.8052
period1,sc01,t1999,0.654286952,132.8052
period1,sc01,t2000,0.9561974400000001,132.8052
period1,sc01,t2001,0.6016075559999999,132.8052
period1,sc01,t2002,0.4103680679999999,132.8052
period1,sc01,t2003,0.36488228699999997,132.8052
period1,sc01,t2004,0.31762577,132.8052
period1,sc01,t2005,0.371743889,132.8052
period1,sc01,t2006,0.52679396,132.8052
period1,sc01,t2007,0.809115681,132.8052
period1,sc01,t2008,1.0237067499999999,132.8052
period1,sc01,t2009,1.4157034320000002,132.8052
period1,sc01,t2010,1.511433847,132.8052
period1,sc01,t2011,1.335024273,132.8052
period1,sc01,t2012,1.0315643909999999,132.8052
period1,sc01,t2013,0.922221443,132.8052
period1,sc01,t2014,0.643330523,132.8052
period1,sc01,t2015,0.5476001079999999,132.8052
period1,sc01,t2016,0.515505518,132.8052
period1,sc01,t2017,0.527347315,132.8052
period1,sc01,t2018,0.574603832,132.8052
period1,sc01,t2019,0.6636939869999999,132.8052
period1,sc01,t2020,0.7151560020000001,132.8052
period1,sc01,t2021,0.979991705,132.8052
period1,sc01,t2022,1.321854424,132.8052
period1,sc01,t2023,1.527923826,132.8052
period1,sc01,t2024,1.470374906,132.8052
period1,sc01,t2025,1.125966754,132.8052
period1,sc01,t2026,0.997477723,132.8052
period1,sc01,t2027,0.9573041499999999,132.8052
period1,sc01,t2028,0.944576985,132.8052
period1,sc01,t2029,0.7897482559999999,132.8052
period1,sc01,t2030,0.8026967629999999,132.8052
period1,sc01,t2031,0.8648938650000001,132.8052
period1,sc01,t2032,0.8999765719999999,132.8052
period1,sc01,t2033,1.112686234,132.8052
period1,sc01,t2034,1.2734911969999998,132.8052
period1,sc01,t2035,1.298945527,132.8052
period1,sc01,t2036,1.157950673,132.8052
period1,sc01,t2037,0.990726792,132.8052
period1,sc01,t2038,0.776025052,132.8052
period1,sc01,t2039,0.384471054,132.8052
period1,sc01,t2040,0.352597806,132.8052
period1,sc01,t2041,0.345957546,132.8052
period1,sc01,t2042,0.21846455399999998,132.8052
period1,sc01,t2043,0.21425905599999998,132.8052
period1,sc01,t2044,0.219349922,132.8052
period1,sc01,t2045,0.23683594,132.8052
period1,sc01,t2046,0.37982287200000003,132.8052
period1,sc01,t2047,0.529450064,132.8052
period1,sc01,t2048,0.401182375,132.8052
period1,sc01,t2049,0.367538391,132.8052
period1,sc01,t2050,0.258527456,132.8052
period1,sc01,t2051,0.248788408,132.8052
period1,sc01,t2052,0.187698016,132.8052
period1,sc01,t2053,0.054339461000000006,132.8052
period1,sc01,t2054,0.22698622100000002,132.8052
period1,sc01,t2055,0.249895118,132.8052
period1,sc01,t2056,0.25232988,132.8052
period1,sc01,t2057,0.305119947,132.8052
period1,sc01,t2058,0.28055098500000003,132.8052
period1,sc01,t2059,0.275681461,132.8052
period1,sc01,t2060,0.271475963,132.8052
period1,sc01,t2061,0.25841678500000004,132.8052
period1,sc01,t2062,0.24812438200000003,132.8052
period1,sc01,t2063,0.240820096,132.8052
period1,sc01,t2064,0.21868589600000005,132.8052
period1,sc01,t2065,0.191128817,132.8052
period1,sc01,t2066,0.175524206,132.8052
period1,sc01,t2067,0.170101327,132.8052
period1,sc01,t2068,0.183935202,132.8052
period1,sc01,t2069,0.229310312,132.8052
period1,sc01,t2070,0.25974483699999995,132.8052
period1,sc01,t2071,0.268155833,132.8052
period1,sc01,t2072,0.27070126600000005,132.8052
period1,sc01,t2073,0.249563105,132.8052
period1,sc01,t2074,0.159587582,132.8052
period1,sc01,t2075,0.016047295,132.8052
period1,sc01,t2076,-0.000996039,132.8052
period1,sc01,t2077,-0.001328052,132.8052
period1,sc01,t2078,0.001217381,132.8052
period1,sc01,t2079,0.19832243200000002,132.8052
period1,sc01,t2080,0.22388743300000002,132.8052
period1,sc01,t2081,0.324044688,132.8052
period1,sc01,t2082,0.342084061,132.8052
period1,sc01,t2083,0.349941702,132.8052
period1,sc01,t2084,0.312424233,132.8052
period1,sc01,t2085,0.276013474,132.8052
period1,sc01,t2086,0.08864747099999999,132.8052
period1,sc01,t2087,0.025565001,132.8052
period1,sc01,t2088,0.025565001,132.8052
period1,sc01,t2089,0.025565001,132.8052
period1,sc01,t2090,0.032205261000000006,132.8052
period1,sc01,t2091,0.156378123,132.8052
period1,sc01,t2092,0.229863667,132.8052
period1,sc01,t2093,0.249895118,132.8052
period1,sc01,t2094,0.233626481,132.8052
period1,sc01,t2095,0.144093642,132.8052
period1,sc01,t2096,0.041390954,132.8052
period1,sc01,t2097,0.030766538,132.8052
period1,sc01,t2098,0.025565001,132.8052
period1,sc01,t2099,0.010513745,132.8052
period1,sc01,t2100,0.009517705999999999,132.8052
period1,sc01,t2101,-0.007414957,132.8052
period1,sc01,t2102,0.015272597999999998,132.8052
period1,sc01,t2103,0.158038188,132.8052
period1,sc01,t2104,0.280218972,132.8052
period1,sc01,t2105,0.331016961,132.8052
period1,sc01,t2106,0.33533313,132.8052
period1,sc01,t2107,0.331459645,132.8052
period1,sc01,t2108,0.322827307,132.8052
period1,sc01,t2109,0.30976812899999995,132.8052
period1,sc01,t2110,0.299697068,132.8052
period1,sc01,t2111,0.270922608,132.8052
period1,sc01,t2112,0.277894881,132.8052
period1,sc01,t2113,0.074481583,132.8052
period1,sc01,t2114,0.050244633999999996,132.8052
period1,sc01,t2115,0.04415772900000001,132.8052
period1,sc01,t2116,0.036964114,132.8052
period1,sc01,t2117,0.040062902,132.8052
period1,sc01,t2118,0.039288205,132.8052
period1,sc01,t2119,0.04393638700000001,132.8052
period1,sc01,t2120,0.047809872,132.8052
period1,sc01,t2121,0.047145846,132.8052
period1,sc01,t2122,0.048141884999999995,132.8052
period1,sc01,t2123,0.026782381999999997,132.8052
period1,sc01,t2124,0.051240672999999994,132.8052
period1,sc01,t2125,0.045043097000000004,132.8052
period1,sc01,t2126,0.047367188,132.8052
period1,sc01,t2127,0.083777947,132.8052
period1,sc01,t2128,0.159808924,132.8052
period1,sc01,t2129,0.307776051,132.8052
period1,sc01,t2130,0.497466145,132.8052
period1,sc01,t2131,0.6308247,132.8052
period1,sc01,t2132,0.53564764,132.8052
period1,sc01,t2133,0.44257332900000007,132.8052
period1,sc01,t2134,0.348392308,132.8052
period1,sc01,t2135,0.336107827,132.8052
period1,sc01,t2136,0.332677026,132.8052
period1,sc01,t2137,0.329246225,132.8052
period1,sc01,t2138,0.330242264,132.8052
period1,sc01,t2139,0.33245568400000003,132.8052
period1,sc01,t2140,0.339206615,132.8052
period1,sc01,t2141,1.171452535,132.8052
period1,sc01,t2142,1.410391224,132.8052
period1,sc01,t2143,1.7168392229999998,132.8052
period1,sc01,t2144,1.274487236,132.8052
period1,sc01,t2145,1.089113311,132.8052
period1,sc01,t2146,0.912261053,132.8052
period1,sc01,t2147,0.698444681,132.8052
period1,sc01,t2148,0.549481515,132.8052
period1,sc01,t2149,0.547157424,132.8052
period1,sc01,t2150,0.500786275,132.8052
period1,sc01,t2151,0.619314916,132.8052
period1,sc01,t2152,1.003343286,132.8052
period1,sc01,t2153,1.275151262,132.8052
period1,sc01,t2154,1.7993997890000002,132.8052
period1,sc01,t2155,1.666262576,132.8052
period1,sc01,t2156,1.310233969,132.8052
period1,sc01,t2157,0.982647809,132.8052
period1,sc01,t2158,0.835898063,132.8052
period1,sc01,t2159,0.332013,132.8052
period1,sc01,t2160,0.332677026,132.8052
period1,sc01,t2161,0.363332893,132.8052
period1,sc01,t2162,0.36421826099999993,132.8052
period1,sc01,t2163,0.375728045,132.8052
period1,sc01,t2164,0.49027253,132.8052
period1,sc01,t2165,0.671883641,132.8052
period1,sc01,t2166,1.081477012,132.8052
period1,sc01,t2167,0.8476291890000001,132.8052
period1,sc01,t2168,0.57659591,132.8052
period1,sc01,t2169,0.42575133699999995,132.8052
period1,sc01,t2170,0.35481122600000004,132.8052
period1,sc01,t2171,0.29460620200000004,132.8052
period1,sc01,t2172,0.181389769,132.8052
period1,sc01,t2173,0.094291692,132.8052
period1,sc01,t2174,0.26339698,132.8052
period1,sc01,t2175,0.325483411,132.8052
period1,sc01,t2176,0.36953046900000003,132.8052
period1,sc01,t2177,0.609907881,132.8052
period1,sc01,t2178,0.797605897,132.8052
period1,sc01,t2179,0.7044209149999999,132.8052
period1,sc01,t2180,0.547157424,132.8052
period1,sc01,t2181,0.434494346,132.8052
period1,sc01,t2182,0.337435879,132.8052
period1,sc01,t2183,0.332787697,132.8052
period1,sc01,t2184,0.326036766,132.8052
period1,sc01,t2185,0.324598043,132.8052
period1,sc01,t2186,0.332898368,132.8052
period1,sc01,t2187,0.33599715599999996,132.8052
period1,sc01,t2188,0.362668867,132.8052
period1,sc01,t2189,0.570841018,132.8052
period1,sc01,t2190,0.7687207659999999,132.8052
period1,sc01,t2191,0.643773207,132.8052
period1,sc01,t2192,0.3594594079999999,132.8052
period1,sc01,t2193,0.28874063899999997,132.8052
period1,sc01,t2194,0.006086905,132.8052
period1,sc01,t2195,-0.014608572,132.8052
period1,sc01,t2196,-0.016711321,132.8052
period1,sc01,t2197,-0.012727165,132.8052
period1,sc01,t2198,-0.009739048,132.8052
period1,sc01,t2199,0.009517705999999999,132.8052
period1,sc01,t2200,0.26040886300000005,132.8052
period1,sc01,t2201,0.36388624799999997,132.8052
period1,sc01,t2202,0.55446171,132.8052
period1,sc01,t2203,0.413356185,132.8052
period1,sc01,t2204,0.37428932200000004,132.8052
period1,sc01,t2205,0.363664906,132.8052
period1,sc01,t2206,0.350937741,132.8052
period1,sc01,t2207,0.346068217,132.8052
period1,sc01,t2208,0.339317286,132.8052
period1,sc01,t2209,0.336661182,132.8052
period1,sc01,t2210,0.345957546,132.8052
period1,sc01,t2211,0.3541472,132.8052
period1,sc01,t2212,0.36654235199999996,132.8052
period1,sc01,t2213,0.404502505,132.8052
period1,sc01,t2214,0.76252319,132.8052
period1,sc01,t2215,0.5794733559999999,132.8052
period1,sc01,t2216,0.365435642,132.8052
period1,sc01,t2217,0.258748798,132.8052
period1,sc01,t2218,-0.005976234,132.8052
period1,sc01,t2219,-0.020806148,132.8052
period1,sc01,t2220,-0.083888618,132.8052
period1,sc01,t2221,-0.05644220999999999,132.8052
period1,sc01,t2222,-0.013169848999999999,132.8052
period1,sc01,t2223,0.118196628,132.8052
period1,sc01,t2224,0.309325445,132.8052
period1,sc01,t2225,0.34296942899999994,132.8052
period1,sc01,t2226,0.35049505700000005,132.8052
period1,sc01,t2227,0.353483174,132.8052
period1,sc01,t2228,0.32968890900000003,132.8052
period1,sc01,t2229,0.30290652700000004,132.8052
period1,sc01,t2230,0.215033753,132.8052
period1,sc01,t2231,0.236725269,132.8052
period1,sc01,t2232,0.19433827599999998,132.8052
period1,sc01,t2233,0.218132541,132.8052
period1,sc01,t2234,0.236503927,132.8052
period1,sc01,t2235,0.272472002,132.8052
period1,sc01,t2236,0.322384623,132.8052
period1,sc01,t2237,0.373403954,132.8052
period1,sc01,t2238,0.8130998369999999,132.8052
period1,sc01,t2239,0.41612296000000004,132.8052
period1,sc01,t2240,0.318843151,132.8052
period1,sc01,t2241,0.296819622,132.8052
period1,sc01,t2242,0.09871853199999998,132.8052
period1,sc01,t2243,-0.003430801,132.8052
period1,sc01,t2244,-0.013059177999999998,132.8052
period1,sc01,t2245,-0.012063139,132.8052
period1,sc01,t2246,0.00996039,132.8052
period1,sc01,t2247,0.247349685,132.8052
period1,sc01,t2248,0.3098788,132.8052
period1,sc01,t2249,0.331902329,132.8052
period1,sc01,t2250,0.332898368,132.8052
period1,sc01,t2251,0.330574277,132.8052
period1,sc01,t2252,0.315855034,132.8052
period1,sc01,t2253,0.310100142,132.8052
period1,sc01,t2254,0.29438486,132.8052
period1,sc01,t2255,0.267602478,132.8052
period1,sc01,t2256,0.230306351,132.8052
period1,sc01,t2257,0.195776999,132.8052
period1,sc01,t2258,0.15261530899999998,132.8052
period1,sc01,t2259,0.231413061,132.8052
period1,sc01,t2260,0.249784447,132.8052
period1,sc01,t2261,0.300582436,132.8052
period1,sc01,t2262,0.265057045,132.8052
period1,sc01,t2263,0.13944546,132.8052
period1,sc01,t2264,0.058876972,132.8052
period1,sc01,t2265,0.017375347,132.8052
period1,sc01,t2266,-0.003209459,132.8052
period1,sc01,t2267,-0.034418681,132.8052
period1,sc01,t2268,-0.058323616999999994,132.8052
period1,sc01,t2269,-0.056663552000000006,132.8052
period1,sc01,t2270,-0.049580608000000005,132.8052
period1,sc01,t2271,-0.003873485,132.8052
period1,sc01,t2272,0.048363226999999995,132.8052
period1,sc01,t2273,0.565639481,132.8052
period1,sc01,t2274,0.6308247,132.8052
period1,sc01,t2275,0.6187615609999999,132.8052
period1,sc01,t2276,0.649306757,132.8052
period1,sc01,t2277,0.6194255869999999,132.8052
period1,sc01,t2278,0.43571172699999994,132.8052
period1,sc01,t2279,0.540185151,132.8052
period1,sc01,t2280,0.497023461,132.8052
period1,sc01,t2281,0.506319825,132.8052
period1,sc01,t2282,0.510746665,132.8052
period1,sc01,t2283,0.403174453,132.8052
period1,sc01,t2284,0.539078441,132.8052
period1,sc01,t2285,0.470019737,132.8052
period1,sc01,t2286,0.6982233390000001,132.8052
period1,sc01,t2287,0.4648182,132.8052
period1,sc01,t2288,0.03984156,132.8052
period1,sc01,t2289,0.003762814,132.8052
period1,sc01,t2290,-0.040505586,132.8052
period1,sc01,t2291,-0.039730889,132.8052
period1,sc01,t2292,-0.068394678,132.8052
period1,sc01,t2293,-0.108789593,132.8052
period1,sc01,t2294,-0.05456080299999999,132.8052
period1,sc01,t2295,0.026339697999999998,132.8052
period1,sc01,t2296,0.154164703,132.8052
period1,sc01,t2297,0.644215891,132.8052
period1,sc01,t2298,0.8310285390000001,132.8052
period1,sc01,t2299,0.7193615,132.8052
period1,sc01,t2300,0.721132236,132.8052
period1,sc01,t2301,0.690808382,132.8052
period1,sc01,t2302,0.5703983340000001,132.8052
period1,sc01,t2303,0.340977351,132.8052
period1,sc01,t2304,0.344518823,132.8052
period1,sc01,t2305,0.345404191,132.8052
period1,sc01,t2306,0.343412113,132.8052
period1,sc01,t2307,0.360566118,132.8052
period1,sc01,t2308,0.549149502,132.8052
period1,sc01,t2309,0.548264134,132.8052
period1,sc01,t2310,2.0233978930000003,132.8052
period1,sc01,t2311,1.6004133310000002,132.8052
period1,sc01,t2312,1.1839583580000002,132.8052
period1,sc01,t2313,0.673654377,132.8052
period1,sc01,t2314,0.561544654,132.8052
period1,sc01,t2315,0.44334802600000006,132.8052
period1,sc01,t2316,0.19433827599999998,132.8052
period1,sc01,t2317,0.407379951,132.8052
period1,sc01,t2318,0.5452760170000001,132.8052
period1,sc01,t2319,0.586224287,132.8052
period1,sc01,t2320,1.0964175969999999,132.8052
period1,sc01,t2321,1.4105018950000001,132.8052
period1,sc01,t2322,1.8627036010000002,132.8052
period1,sc01,t2323,1.823636738,132.8052
period1,sc01,t2324,1.4900743439999997,132.8052
period1,sc01,t2325,1.302708341,132.8052
period1,sc01,t2326,0.673765048,132.8052
period1,sc01,t2327,0.696563274,132.8052
period1,sc01,t2328,0.616216128,132.8052
period1,sc01,t2329,0.6187615609999999,132.8052
period1,sc01,t2330,0.6277259119999999,132.8052
period1,sc01,t2331,0.6196469290000001,132.8052
period1,sc01,t2332,0.9165772219999999,132.8052
period1,sc01,t2333,1.1715632059999999,132.8052
period1,sc01,t2334,1.5876861660000001,132.8052
period1,sc01,t2335,1.2402898969999998,132.8052
period1,sc01,t2336,0.7319779940000001,132.8052
period1,sc01,t2337,0.490825885,132.8052
period1,sc01,t2338,0.312977588,132.8052
period1,sc01,t2339,0.255539339,132.8052
period1,sc01,t2340,0.14298693199999998,132.8052
period1,sc01,t2341,0.246132304,132.8052
period1,sc01,t2342,0.277341526,132.8052
period1,sc01,t2343,0.287191245,132.8052
period1,sc01,t2344,0.348834992,132.8052
period1,sc01,t2345,0.341862719,132.8052
period1,sc01,t2346,0.34363345500000003,132.8052
period1,sc01,t2347,0.334669104,132.8052
period1,sc01,t2348,0.321388584,132.8052
period1,sc01,t2349,0.31076416799999995,132.8052
period1,sc01,t2350,0.30091444900000003,132.8052
period1,sc01,t2351,0.30146780399999995,132.8052
period1,sc01,t2352,0.296930293,132.8052
period1,sc01,t2353,0.24447223899999998,132.8052
period1,sc01,t2354,0.22244871,132.8052
period1,sc01,t2355,0.223444749,132.8052
period1,sc01,t2356,0.305119947,132.8052
period1,sc01,t2357,0.329356896,132.8052
period1,sc01,t2358,0.40494518900000004,132.8052
period1,sc01,t2359,0.37185456000000006,132.8052
period1,sc01,t2360,0.325262069,132.8052
period1,sc01,t2361,0.234290507,132.8052
period1,sc01,t2362,0.22388743300000002,132.8052
period1,sc01,t2363,0.09108223300000001,132.8052
period1,sc01,t2364,0.040505586,132.8052
period1,sc01,t2365,0.082449895,132.8052
period1,sc01,t2366,0.161026305,132.8052
period1,sc01,t2367,0.205073363,132.8052
period1,sc01,t2368,0.22112065800000003,132.8052
period1,sc01,t2369,0.22112065800000003,132.8052
period1,sc01,t2370,0.30047176499999995,132.8052
period1,sc01,t2371,0.312977588,132.8052
period1,sc01,t2372,0.310100142,132.8052
period1,sc01,t2373,0.290290033,132.8052
period1,sc01,t2374,0.294163518,132.8052
period1,sc01,t2375,0.23572922999999998,132.8052
period1,sc01,t2376,0.24037741199999998,132.8052
period1,sc01,t2377,0.250005789,132.8052
period1,sc01,t2378,0.26096221799999997,132.8052
period1,sc01,t2379,0.34628955899999997,132.8052
period1,sc01,t2380,0.559220563,132.8052
period1,sc01,t2381,1.432525424,132.8052
period1,sc01,t2382,1.95444986,132.8052
period1,sc01,t2383,1.525931748,132.8052
period1,sc01,t2384,0.9649404490000001,132.8052
period1,sc01,t2385,0.441798632,132.8052
period1,sc01,t2386,0.26450368999999996,132.8052
period1,sc01,t2387,0.25122317,132.8052
period1,sc01,t2388,0.054450132,132.8052
period1,sc01,t2389,0.022244870999999996,132.8052
period1,sc01,t2390,0.07525628,132.8052
period1,sc01,t2391,0.207397454,132.8052
period1,sc01,t2392,0.246464317,132.8052
period1,sc01,t2393,0.24679633,132.8052
period1,sc01,t2394,0.23971338599999997,132.8052
period1,sc01,t2395,0.222338039,132.8052
period1,sc01,t2396,0.212931004,132.8052
period1,sc01,t2397,0.19588767,132.8052
period1,sc01,t2398,0.14575370699999998,132.8052
period1,sc01,t2399,0.11908199600000001,132.8052
period1,sc01,t2400,0.098054506,132.8052
period1,sc01,t2401,0.098386519,132.8052
period1,sc01,t2402,0.077912384,132.8052
period1,sc01,t2403,0.079461778,132.8052
period1,sc01,t2404,0.159919595,132.8052
period1,sc01,t2405,0.26494637400000004,132.8052
period1,sc01,t2406,0.506209154,132.8052
period1,sc01,t2407,0.542730584,132.8052
period1,sc01,t2408,0.465260884,132.8052
period1,sc01,t2409,0.34219473200000006,132.8052
period1,sc01,t2410,0.15383269000000002,132.8052
period1,sc01,t2411,0.080236475,132.8052
period1,sc01,t2412,0.047477859000000004,132.8052
period1,sc01,t2413,0.07038675600000001,132.8052
period1,sc01,t2414,0.134575936,132.8052
period1,sc01,t2415,0.31851113799999997,132.8052
period1,sc01,t2416,0.503885063,132.8052
period1,sc01,t2417,0.696784616,132.8052
period1,sc01,t2418,0.741938384,132.8052
period1,sc01,t2419,0.47156913100000003,132.8052
period1,sc01,t2420,0.328582199,132.8052
period1,sc01,t2421,0.259302153,132.8052
period1,sc01,t2422,0.233626481,132.8052
period1,sc01,t2423,0.249231092,132.8052
period1,sc01,t2424,0.22466213000000002,132.8052
period1,sc01,t2425,0.21647247599999997,132.8052
period1,sc01,t2426,0.21735784400000002,132.8052
period1,sc01,t2427,0.223444749,132.8052
period1,sc01,t2428,0.217247173,132.8052
period1,sc01,t2429,0.21315234600000002,132.8052
period1,sc01,t2430,0.23683594,132.8052
period1,sc01,t2431,0.27999763,132.8052
period1,sc01,t2432,0.198543774,132.8052
period1,sc01,t2433,0.034640023,132.8052
period1,sc01,t2434,-0.010403074,132.8052
period1,sc01,t2435,-0.053564763999999994,132.8052
period1,sc01,t2436,-0.15195128300000002,132.8052
period1,sc01,t2437,-0.190796804,132.8052
period1,sc01,t2438,-0.08410996,132.8052
period1,sc01,t2439,0.004869524,132.8052
period1,sc01,t2440,0.304455921,132.8052
period1,sc01,t2441,0.334558433,132.8052
period1,sc01,t2442,0.8060168929999999,132.8052
period1,sc01,t2443,0.35082706999999996,132.8052
period1,sc01,t2444,0.337878563,132.8052
period1,sc01,t2445,0.323491333,132.8052
period1,sc01,t2446,0.318289796,132.8052
period1,sc01,t2447,0.30102512,132.8052
period1,sc01,t2448,0.293499492,132.8052
period1,sc01,t2449,0.247792369,132.8052
period1,sc01,t2450,0.17795896799999997,132.8052
period1,sc01,t2451,0.19168217199999998,132.8052
period1,sc01,t2452,0.20684409900000003,132.8052
period1,sc01,t2453,0.178622994,132.8052
period1,sc01,t2454,0.17076535299999998,132.8052
period1,sc01,t2455,0.103588056,132.8052
period1,sc01,t2456,0.061754418,132.8052
period1,sc01,t2457,0.029438486,132.8052
period1,sc01,t2458,0.0011067100000000001,132.8052
period1,sc01,t2459,-0.018703399,132.8052
period1,sc01,t2460,-0.033311970999999996,132.8052
period1,sc01,t2461,-0.028442447,132.8052
period1,sc01,t2462,-0.007857640999999999,132.8052
period1,sc01,t2463,0.023019568000000004,132.8052
period1,sc01,t2464,0.118749983,132.8052
period1,sc01,t2465,0.295048886,132.8052
period1,sc01,t2466,0.29626626699999997,132.8052
period1,sc01,t2467,0.29704096399999996,132.8052
period1,sc01,t2468,0.28608453500000003,132.8052
period1,sc01,t2469,0.25542866799999997,132.8052
period1,sc01,t2470,0.11199905199999999,132.8052
period1,sc01,t2471,0.033865326,132.8052
period1,sc01,t2472,0.013612533,132.8052
period1,sc01,t2473,0.010735086999999999,132.8052
period1,sc01,t2474,0.025897014,132.8052
period1,sc01,t2475,0.024900975,132.8052
period1,sc01,t2476,0.237057282,132.8052
period1,sc01,t2477,0.281325682,132.8052
period1,sc01,t2478,0.33599715599999996,132.8052
period1,sc01,t2479,0.41191746199999996,132.8052
period1,sc01,t2480,0.309104103,132.8052
period1,sc01,t2481,0.29106473,132.8052
period1,sc01,t2482,0.27656682899999996,132.8052
period1,sc01,t2483,0.270147911,132.8052
period1,sc01,t2484,0.264282348,132.8052
period1,sc01,t2485,0.259855508,132.8052
period1,sc01,t2486,0.265057045,132.8052
period1,sc01,t2487,0.27999763,132.8052
period1,sc01,t2488,0.28774459999999996,132.8052
period1,sc01,t2489,0.442130645,132.8052
period1,sc01,t2490,0.5312208,132.8052
period1,sc01,t2491,0.983754519,132.8052
period1,sc01,t2492,0.661259225,132.8052
period1,sc01,t2493,0.497576816,132.8052
period1,sc01,t2494,0.368977114,132.8052
period1,sc01,t2495,0.45563250699999996,132.8052
period1,sc01,t2496,0.357910014,132.8052
period1,sc01,t2497,0.40494518900000004,132.8052
period1,sc01,t2498,0.356139278,132.8052
period1,sc01,t2499,0.309546787,132.8052
period1,sc01,t2500,0.341198693,132.8052
period1,sc01,t2501,0.653290913,132.8052
period1,sc01,t2502,0.858032263,132.8052
period1,sc01,t2503,0.696563274,132.8052
period1,sc01,t2504,0.287633929,132.8052
period1,sc01,t2505,0.227539576,132.8052
period1,sc01,t2506,0.052126041,132.8052
period1,sc01,t2507,0.024236949,132.8052
period1,sc01,t2508,0.028442447,132.8052
period1,sc01,t2509,0.0442684,132.8052
period1,sc01,t2510,0.076805674,132.8052
period1,sc01,t2511,0.09218894300000001,132.8052
period1,sc01,t2512,0.18415654400000003,132.8052
period1,sc01,t2513,0.26594241300000004,132.8052
period1,sc01,t2514,0.326811463,132.8052
period1,sc01,t2515,0.397419561,132.8052
period1,sc01,t2516,0.21636180500000002,132.8052
period1,sc01,t2517,0.15693147799999999,132.8052
period1,sc01,t2518,0.082449895,132.8052
period1,sc01,t2519,0.034418681,132.8052
period1,sc01,t2520,0.031873248,132.8052
period1,sc01,t2521,0.024679632999999996,132.8052
period1,sc01,t2522,0.034418681,132.8052
period1,sc01,t2523,0.08444197299999999,132.8052
period1,sc01,t2524,0.24259083200000003,132.8052
period1,sc01,t2525,0.276013474,132.8052
period1,sc01,t2526,0.299697068,132.8052
period1,sc01,t2527,0.308329406,132.8052
period1,sc01,t2528,0.31430564,132.8052
period1,sc01,t2529,0.31098551,132.8052
period1,sc01,t2530,0.298258345,132.8052
period1,sc01,t2531,0.23506520399999997,132.8052
period1,sc01,t2532,0.163018383,132.8052
period1,sc01,t2533,0.17818031,132.8052
period1,sc01,t2534,0.291286072,132.8052
period1,sc01,t2535,0.29947572599999994,132.8052
period1,sc01,t2536,0.45884196600000005,132.8052
period1,sc01,t2537,0.630160674,132.8052
period1,sc01,t2538,0.7703808310000001,132.8052
period1,sc01,t2539,0.609465197,132.8052
period1,sc01,t2540,0.3622261829999999,132.8052
period1,sc01,t2541,0.293831505,132.8052
period1,sc01,t2542,0.287412587,132.8052
period1,sc01,t2543,0.268487846,132.8052
period1,sc01,t2544,0.267713149,132.8052
period1,sc01,t2545,0.267602478,132.8052
period1,sc01,t2546,0.277230855,132.8052
period1,sc01,t2547,0.277894881,132.8052
period1,sc01,t2548,0.287412587,132.8052
period1,sc01,t2549,0.30423457899999995,132.8052
period1,sc01,t2550,0.9869639780000001,132.8052
period1,sc01,t2551,1.0023472469999999,132.8052
period1,sc01,t2552,0.5325488519999999,132.8052
period1,sc01,t2553,0.43604373999999996,132.8052
period1,sc01,t2554,0.38535642200000003,132.8052
period1,sc01,t2555,0.277341526,132.8052
period1,sc01,t2556,0.243365529,132.8052
period1,sc01,t2557,0.25321524799999995,132.8052
period1,sc01,t2558,0.31253490399999995,132.8052
period1,sc01,t2559,0.348170966,132.8052
period1,sc01,t2560,0.326700792,132.8052
period1,sc01,t2561,0.327254147,132.8052
period1,sc01,t2562,0.30179981699999997,132.8052
period1,sc01,t2563,0.30091444900000003,132.8052
period1,sc01,t2564,0.299254384,132.8052
period1,sc01,t2565,0.288519297,132.8052
period1,sc01,t2566,0.279886959,132.8052
period1,sc01,t2567,0.274685422,132.8052
period1,sc01,t2568,0.278558907,132.8052
period1,sc01,t2569,0.278780249,132.8052
period1,sc01,t2570,0.277120184,132.8052
period1,sc01,t2571,0.286527219,132.8052
period1,sc01,t2572,0.286748561,132.8052
period1,sc01,t2573,0.29549157,132.8052
period1,sc01,t2574,0.301578475,132.8052
period1,sc01,t2575,0.304787934,132.8052
period1,sc01,t2576,0.308661419,132.8052
period1,sc01,t2577,0.30191048800000003,132.8052
period1,sc01,t2578,0.28984734900000003,132.8052
period1,sc01,t2579,0.301246462,132.8052
period1,sc01,t2580,0.295048886,132.8052
period1,sc01,t2581,0.295159557,132.8052
period1,sc01,t2582,0.299807739,132.8052
period1,sc01,t2583,0.317293757,132.8052
period1,sc01,t2584,0.368645101,132.8052
period1,sc01,t2585,0.36012343399999996,132.8052
period1,sc01,t2586,0.325040727,132.8052
period1,sc01,t2587,0.30921477399999997,132.8052
period1,sc01,t2588,0.30666934100000004,132.8052
period1,sc01,t2589,0.302353172,132.8052
period1,sc01,t2590,0.287523258,132.8052
period1,sc01,t2591,0.303017198,132.8052
period1,sc01,t2592,0.301246462,132.8052
period1,sc01,t2593,0.29626626699999997,132.8052
period1,sc01,t2594,0.29460620200000004,132.8052
period1,sc01,t2595,0.294938215,132.8052
period1,sc01,t2596,0.300582436,132.8052
period1,sc01,t2597,0.30323853999999995,132.8052
period1,sc01,t2598,0.31098551,132.8052
period1,sc01,t2599,0.316408389,132.8052
period1,sc01,t2600,0.320392545,132.8052
period1,sc01,t2601,0.270479924,132.8052
period1,sc01,t2602,0.060426365999999995,132.8052
period1,sc01,t2603,0.024568962000000003,132.8052
period1,sc01,t2604,0.002988117,132.8052
period1,sc01,t2605,0.010181732,132.8052
period1,sc01,t2606,0.041390954,132.8052
period1,sc01,t2607,0.08189654,132.8052
period1,sc01,t2608,0.30290652700000004,132.8052
period1,sc01,t2609,0.31120685200000003,132.8052
period1,sc01,t2610,0.317072415,132.8052
period1,sc01,t2611,0.318289796,132.8052
period1,sc01,t2612,0.314526982,132.8052
period1,sc01,t2613,0.31076416799999995,132.8052
period1,sc01,t2614,0.304898605,132.8052
period1,sc01,t2615,0.207286783,132.8052
period1,sc01,t2616,0.127050308,132.8052
period1,sc01,t2617,0.118085957,132.8052
period1,sc01,t2618,0.11664723399999999,132.8052
period1,sc01,t2619,0.165010461,132.8052
period1,sc01,t2620,0.24624297499999998,132.8052
period1,sc01,t2621,0.309989471,132.8052
period1,sc01,t2622,0.319507177,132.8052
period1,sc01,t2623,0.39066862999999996,132.8052
period1,sc01,t2624,0.152393967,132.8052
period1,sc01,t2625,0.053122079999999995,132.8052
period1,sc01,t2626,0.020474135,132.8052
period1,sc01,t2627,0.009849719,132.8052
period1,sc01,t2628,0.018039373,132.8052
period1,sc01,t2629,0.024236949,132.8052
period1,sc01,t2630,0.07060809800000001,132.8052
period1,sc01,t2631,0.26074087599999995,132.8052
period1,sc01,t2632,0.414573566,132.8052
period1,sc01,t2633,0.503442379,132.8052
period1,sc01,t2634,0.47765603599999995,132.8052
period1,sc01,t2635,0.394984799,132.8052
period1,sc01,t2636,0.36111947299999997,132.8052
period1,sc01,t2637,0.331902329,132.8052
period1,sc01,t2638,0.321720597,132.8052
period1,sc01,t2639,0.34153070599999996,132.8052
period1,sc01,t2640,0.329578238,132.8052
period1,sc01,t2641,0.326590121,132.8052
period1,sc01,t2642,0.327032805,132.8052
period1,sc01,t2643,0.322827307,132.8052
period1,sc01,t2644,0.33123830299999996,132.8052
period1,sc01,t2645,0.345957546,132.8052
period1,sc01,t2646,0.341088022,132.8052
period1,sc01,t2647,0.34053466699999996,132.8052
period1,sc01,t2648,0.333673065,132.8052
period1,sc01,t2649,0.271918647,132.8052
period1,sc01,t2650,0.25819544299999997,132.8052
period1,sc01,t2651,0.157816846,132.8052
period1,sc01,t2652,0.09849719,132.8052
period1,sc01,t2653,0.09252095599999999,132.8052
period1,sc01,t2654,0.11089234199999999,132.8052
period1,sc01,t2655,0.339427957,132.8052
period1,sc01,t2656,0.3555859230000001,132.8052
period1,sc01,t2657,0.608026474,132.8052
period1,sc01,t2658,0.544611991,132.8052
period1,sc01,t2659,0.49215393699999993,132.8052
period1,sc01,t2660,0.349941702,132.8052
period1,sc01,t2661,0.333562394,132.8052
period1,sc01,t2662,0.326700792,132.8052
period1,sc01,t2663,0.34053466699999996,132.8052
period1,sc01,t2664,0.34496150700000006,132.8052
period1,sc01,t2665,0.42165651000000004,132.8052
period1,sc01,t2666,0.47145845999999997,132.8052
period1,sc01,t2667,0.532216839,132.8052
period1,sc01,t2668,0.621860349,132.8052
period1,sc01,t2669,0.640121064,132.8052
period1,sc01,t2670,1.483212742,132.8052
period1,sc01,t2671,1.865802389,132.8052
period1,sc01,t2672,1.264748188,132.8052
period1,sc01,t2673,1.067200453,132.8052
period1,sc01,t2674,1.0086554939999999,132.8052
period1,sc01,t2675,0.9149171570000001,132.8052
period1,sc01,t2676,0.7380648989999999,132.8052
period1,sc01,t2677,0.802918105,132.8052
period1,sc01,t2678,0.8806091469999998,132.8052
period1,sc01,t2679,0.9381580669999999,132.8052
period1,sc01,t2680,1.115342338,132.8052
period1,sc01,t2681,1.3594825640000001,132.8052
period1,sc01,t2682,2.138827746,132.8052
period1,sc01,t2683,2.9567971070000003,132.8052
period1,sc01,t2684,1.740633488,132.8052
period1,sc01,t2685,1.33469226,132.8052
period1,sc01,t2686,1.1561799369999999,132.8052
period1,sc01,t2687,0.859249644,132.8052
period1,sc01,t2688,0.478209391,132.8052
period1,sc01,t2689,0.442019974,132.8052
period1,sc01,t2690,0.422099194,132.8052
period1,sc01,t2691,0.426858047,132.8052
period1,sc01,t2692,0.45330841600000005,132.8052
period1,sc01,t2693,0.712942582,132.8052
period1,sc01,t2694,0.8501746219999999,132.8052
period1,sc01,t2695,0.6797412820000001,132.8052
period1,sc01,t2696,0.545386688,132.8052
period1,sc01,t2697,0.477545365,132.8052
period1,sc01,t2698,0.44124527699999994,132.8052
period1,sc01,t2699,0.43161689999999997,132.8052
period1,sc01,t2700,0.43936387000000005,132.8052
period1,sc01,t2701,0.4500989570000001,132.8052
period1,sc01,t2702,0.499790236,132.8052
period1,sc01,t2703,0.5223671200000001,132.8052
period1,sc01,t2704,0.5717263859999999,132.8052
period1,sc01,t2705,0.71714808,132.8052
period1,sc01,t2706,0.9138104469999999,132.8052
period1,sc01,t2707,0.9755648650000001,132.8052
period1,sc01,t2708,0.8444197299999999,132.8052
period1,sc01,t2709,0.722570959,132.8052
period1,sc01,t2710,0.643773207,132.8052
period1,sc01,t2711,0.489497833,132.8052
period1,sc01,t2712,0.470573092,132.8052
period1,sc01,t2713,0.486509716,132.8052
period1,sc01,t2714,0.478984088,132.8052
period1,sc01,t2715,0.636911605,132.8052
period1,sc01,t2716,0.802918105,132.8052
period1,sc01,t2717,1.203768467,132.8052
period1,sc01,t2718,1.320194359,132.8052
period1,sc01,t2719,1.314328796,132.8052
period1,sc01,t2720,1.183183661,132.8052
period1,sc01,t2721,1.022489369,132.8052
period1,sc01,t2722,0.81453856,132.8052
period1,sc01,t2723,0.676863836,132.8052
period1,sc01,t2724,0.49392467300000004,132.8052
period1,sc01,t2725,0.46813833,132.8052
period1,sc01,t2726,0.46437551600000004,132.8052
period1,sc01,t2727,0.478541404,132.8052
period1,sc01,t2728,0.622635046,132.8052
period1,sc01,t2729,0.741717042,132.8052
period1,sc01,t2730,0.891344234,132.8052
period1,sc01,t2731,1.085571839,132.8052
period1,sc01,t2732,0.767060701,132.8052
period1,sc01,t2733,0.584232209,132.8052
period1,sc01,t2734,0.43825716000000003,132.8052
period1,sc01,t2735,0.40273176899999996,132.8052
period1,sc01,t2736,0.390889972,132.8052
period1,sc01,t2737,0.38590977699999995,132.8052
period1,sc01,t2738,0.38557776400000005,132.8052
period1,sc01,t2739,0.38790185499999996,132.8052
period1,sc01,t2740,0.426415363,132.8052
period1,sc01,t2741,0.516612228,132.8052
period1,sc01,t2742,0.662587277,132.8052
period1,sc01,t2743,0.8155345989999999,132.8052
period1,sc01,t2744,0.57880933,132.8052
period1,sc01,t2745,0.44777486600000005,132.8052
period1,sc01,t2746,0.41667631499999996,132.8052
period1,sc01,t2747,0.381040253,132.8052
period1,sc01,t2748,0.291728756,132.8052
period1,sc01,t2749,0.25620336499999996,132.8052
period1,sc01,t2750,0.349277676,132.8052
period1,sc01,t2751,0.38402837,132.8052
period1,sc01,t2752,0.428407441,132.8052
period1,sc01,t2753,0.44998828599999996,132.8052
period1,sc01,t2754,0.4528657320000001,132.8052
period1,sc01,t2755,0.613560024,132.8052
period1,sc01,t2756,0.448660234,132.8052
period1,sc01,t2757,0.38934057800000005,132.8052
period1,sc01,t2758,0.373625296,132.8052
period1,sc01,t2759,0.378384149,132.8052
period1,sc01,t2760,0.36964114,132.8052
period1,sc01,t2761,0.369198456,132.8052
period1,sc01,t2762,0.353151161,132.8052
period1,sc01,t2763,0.35868471099999993,132.8052
period1,sc01,t2764,0.379712201,132.8052
period1,sc01,t2765,0.386684474,132.8052
period1,sc01,t2766,0.42630469200000004,132.8052
period1,sc01,t2767,0.44434406499999995,132.8052
period1,sc01,t2768,0.268045162,132.8052
period1,sc01,t2769,0.04393638700000001,132.8052
period1,sc01,t2770,0.013169848999999999,132.8052
period1,sc01,t2771,-0.009849719,132.8052
period1,sc01,t2772,-0.013391190999999998,132.8052
period1,sc01,t2773,-0.018703399,132.8052
period1,sc01,t2774,-0.003984156,132.8052
period1,sc01,t2775,0.024458291,132.8052
period1,sc01,t2776,0.320835229,132.8052
period1,sc01,t2777,0.566967533,132.8052
period1,sc01,t2778,0.676421152,132.8052
period1,sc01,t2779,0.539189112,132.8052
period1,sc01,t2780,0.441909303,132.8052
period1,sc01,t2781,0.40616257000000006,132.8052
period1,sc01,t2782,0.380929582,132.8052
period1,sc01,t2783,0.383032331,132.8052
period1,sc01,t2784,0.36322222200000004,132.8052
period1,sc01,t2785,0.344740165,132.8052
period1,sc01,t2786,0.34706425599999996,132.8052
period1,sc01,t2787,0.342858758,132.8052
period1,sc01,t2788,0.353151161,132.8052
period1,sc01,t2789,0.389783262,132.8052
period1,sc01,t2790,0.36189417,132.8052
period1,sc01,t2791,0.22853561499999997,132.8052
period1,sc01,t2792,0.015604611000000001,132.8052
period1,sc01,t2793,-0.012395152000000001,132.8052
period1,sc01,t2794,-0.042719006,132.8052
period1,sc01,t2795,-0.10403074000000001,132.8052
period1,sc01,t2796,-0.161911673,132.8052
period1,sc01,t2797,-0.18371386,132.8052
period1,sc01,t2798,-0.09008619400000001,132.8052
period1,sc01,t2799,-0.0016600649999999998,132.8052
period1,sc01,t2800,0.060426365999999995,132.8052
period1,sc01,t2801,0.37428932200000004,132.8052
period1,sc01,t2802,0.46979839500000004,132.8052
period1,sc01,t2803,0.58876972,132.8052
period1,sc01,t2804,0.623409743,132.8052
period1,sc01,t2805,0.372186573,132.8052
period1,sc01,t2806,0.358906053,132.8052
period1,sc01,t2807,0.352487135,132.8052
period1,sc01,t2808,0.345957546,132.8052
period1,sc01,t2809,0.330020922,132.8052
period1,sc01,t2810,0.325040727,132.8052
period1,sc01,t2811,0.324487372,132.8052
period1,sc01,t2812,0.342416074,132.8052
period1,sc01,t2813,0.441909303,132.8052
period1,sc01,t2814,0.45607519100000005,132.8052
period1,sc01,t2815,0.5373077049999999,132.8052
period1,sc01,t2816,0.401182375,132.8052
period1,sc01,t2817,0.106133489,132.8052
period1,sc01,t2818,0.012616493999999999,132.8052
period1,sc01,t2819,-0.021912858,132.8052
period1,sc01,t2820,-0.032315932,132.8052
period1,sc01,t2821,-0.027225066,132.8052
period1,sc01,t2822,-0.006640259999999999,132.8052
period1,sc01,t2823,0.024458291,132.8052
period1,sc01,t2824,0.302242501,132.8052
period1,sc01,t2825,0.351269754,132.8052
period1,sc01,t2826,0.396534193,132.8052
period1,sc01,t2827,0.35802068500000006,132.8052
period1,sc01,t2828,0.36255819599999994,132.8052
period1,sc01,t2829,0.30091444900000003,132.8052
period1,sc01,t2830,0.110781671,132.8052
period1,sc01,t2831,0.039288205,132.8052
period1,sc01,t2832,0.029881170000000002,132.8052
period1,sc01,t2833,0.025232987999999998,132.8052
period1,sc01,t2834,0.026229027000000002,132.8052
period1,sc01,t2835,0.29527022799999997,132.8052
period1,sc01,t2836,0.343744126,132.8052
period1,sc01,t2837,0.40638391199999996,132.8052
period1,sc01,t2838,0.692468447,132.8052
period1,sc01,t2839,0.583789525,132.8052
period1,sc01,t2840,0.384471054,132.8052
period1,sc01,t2841,0.070940111,132.8052
period1,sc01,t2842,0.020252793,132.8052
period1,sc01,t2843,0.005865563,132.8052
period1,sc01,t2844,-0.004316169,132.8052
period1,sc01,t2845,0.000664026,132.8052
period1,sc01,t2846,0.016379308,132.8052
period1,sc01,t2847,0.11675790500000001,132.8052
period1,sc01,t2848,0.431727571,132.8052
period1,sc01,t2849,0.568738269,132.8052
period1,sc01,t2850,0.8848146450000001,132.8052
period1,sc01,t2851,1.5227222889999998,132.8052
period1,sc01,t2852,1.1759900460000001,132.8052
period1,sc01,t2853,0.63525154,132.8052
period1,sc01,t2854,0.43582239800000006,132.8052
period1,sc01,t2855,0.39996499399999996,132.8052
period1,sc01,t2856,0.375064019,132.8052
period1,sc01,t2857,0.36875577200000004,132.8052
period1,sc01,t2858,0.37008382399999995,132.8052
period1,sc01,t2859,0.35624994899999995,132.8052
period1,sc01,t2860,0.36908778500000006,132.8052
period1,sc01,t2861,0.39553815400000003,132.8052
period1,sc01,t2862,0.68284007,132.8052
period1,sc01,t2863,0.552580303,132.8052
period1,sc01,t2864,0.411585449,132.8052
period1,sc01,t2865,0.093738337,132.8052
period1,sc01,t2866,0.020584806,132.8052
period1,sc01,t2867,0.00996039,132.8052
period1,sc01,t2868,0.004869524,132.8052
period1,sc01,t2869,0.012395152000000001,132.8052
period1,sc01,t2870,0.032647945000000005,132.8052
period1,sc01,t2871,0.17640957399999999,132.8052
period1,sc01,t2872,0.37041583699999997,132.8052
period1,sc01,t2873,0.405277202,132.8052
period1,sc01,t2874,0.72821518,132.8052
period1,sc01,t2875,0.966600514,132.8052
period1,sc01,t2876,1.120543875,132.8052
period1,sc01,t2877,0.59651669,132.8052
period1,sc01,t2878,0.524469869,132.8052
period1,sc01,t2879,0.520043029,132.8052
period1,sc01,t2880,0.483078915,132.8052
period1,sc01,t2881,0.47035175,132.8052
period1,sc01,t2882,0.421213826,132.8052
period1,sc01,t2883,0.39509547,132.8052
period1,sc01,t2884,0.38967259099999996,132.8052
period1,sc01,t2885,0.385688435,132.8052
period1,sc01,t2886,0.370305166,132.8052
period1,sc01,t2887,0.400518349,132.8052
period1,sc01,t2888,0.144757668,132.8052
period1,sc01,t2889,0.018482057,132.8052
period1,sc01,t2890,-0.015272597999999998,132.8052
period1,sc01,t2891,-0.0221342,132.8052
period1,sc01,t2892,-0.030102512,132.8052
period1,sc01,t2893,-0.055556841999999995,132.8052
period1,sc01,t2894,-0.014829914,132.8052
period1,sc01,t2895,0.025232987999999998,132.8052
period1,sc01,t2896,0.232851784,132.8052
period1,sc01,t2897,0.354921897,132.8052
period1,sc01,t2898,0.374953348,132.8052
period1,sc01,t2899,0.38934057800000005,132.8052
period1,sc01,t2900,0.5176082670000001,132.8052
period1,sc01,t2901,0.544279978,132.8052
period1,sc01,t2902,0.368202417,132.8052
period1,sc01,t2903,0.346178888,132.8052
period1,sc01,t2904,0.32426603,132.8052
period1,sc01,t2905,0.305894644,132.8052
period1,sc01,t2906,0.302021159,132.8052
period1,sc01,t2907,0.29659828,132.8052
period1,sc01,t2908,0.308661419,132.8052
period1,sc01,t2909,0.34219473200000006,132.8052
period1,sc01,t2910,0.345625533,132.8052
period1,sc01,t2911,0.304123908,132.8052
period1,sc01,t2912,0.29991841,132.8052
period1,sc01,t2913,0.012727165,132.8052
period1,sc01,t2914,0.002988117,132.8052
period1,sc01,t2915,-0.006086905,132.8052
period1,sc01,t2916,-0.027557079,132.8052
period1,sc01,t2917,-0.026007685000000003,132.8052
period1,sc01,t2918,-0.001992078,132.8052
period1,sc01,t2919,0.007525628,132.8052
period1,sc01,t2920,0.06330381199999999,132.8052
period1,sc01,t2921,0.338210576,132.8052
period1,sc01,t2922,0.353372503,132.8052
period1,sc01,t2923,0.38690581599999996,132.8052
period1,sc01,t2924,0.383585686,132.8052
period1,sc01,t2925,0.352155122,132.8052
period1,sc01,t2926,0.335886485,132.8052
period1,sc01,t2927,0.323602004,132.8052
period1,sc01,t2928,0.33809990500000003,132.8052
period1,sc01,t2929,0.333894407,132.8052
period1,sc01,t2930,0.333783736,132.8052
period1,sc01,t2931,0.340202654,132.8052
period1,sc01,t2932,0.338321247,132.8052
period1,sc01,t2933,0.335554472,132.8052
period1,sc01,t2934,0.336550511,132.8052
period1,sc01,t2935,0.31319893000000004,132.8052
period1,sc01,t2936,0.080457817,132.8052
period1,sc01,t2937,0.002102749,132.8052
period1,sc01,t2938,-0.000996039,132.8052
period1,sc01,t2939,-0.008410996,132.8052
period1,sc01,t2940,-0.026450369,132.8052
period1,sc01,t2941,-0.025232987999999998,132.8052
period1,sc01,t2942,-0.00011067100000000001,132.8052
period1,sc01,t2943,0.010292403,132.8052
period1,sc01,t2944,0.20363464,132.8052
period1,sc01,t2945,0.333341052,132.8052
period1,sc01,t2946,0.40970404200000005,132.8052
period1,sc01,t2947,0.46216209599999997,132.8052
period1,sc01,t2948,0.41888973500000004,132.8052
period1,sc01,t2949,0.371633218,132.8052
period1,sc01,t2950,0.35702464599999995,132.8052
period1,sc01,t2951,0.34086668000000003,132.8052
period1,sc01,t2952,0.256867391,132.8052
period1,sc01,t2953,0.17541353499999998,132.8052
period1,sc01,t2954,0.11753260199999999,132.8052
period1,sc01,t2955,0.11509783999999999,132.8052
period1,sc01,t2956,0.09174625899999998,132.8052
period1,sc01,t2957,0.08078983,132.8052
period1,sc01,t2958,0.045375109999999996,132.8052
period1,sc01,t2959,0.019367425,132.8052
period1,sc01,t2960,-0.00022134200000000002,132.8052
period1,sc01,t2961,-0.000332013,132.8052
period1,sc01,t2962,-0.000664026,132.8052
period1,sc01,t2963,-0.00044268400000000005,132.8052
period1,sc01,t2964,-0.018150044,132.8052
period1,sc01,t2965,-0.045485780999999996,132.8052
period1,sc01,t2966,-0.013280519999999999,132.8052
period1,sc01,t2967,0.0017707360000000002,132.8052
period1,sc01,t2968,0.09517706,132.8052
period1,sc01,t2969,0.35547525199999996,132.8052
period1,sc01,t2970,0.379933543,132.8052
period1,sc01,t2971,0.42719006000000004,132.8052
period1,sc01,t2972,0.542730584,132.8052
period1,sc01,t2973,0.54339461,132.8052
period1,sc01,t2974,0.452423048,132.8052
period1,sc01,t2975,0.397751574,132.8052
period1,sc01,t2976,0.310653497,132.8052
period1,sc01,t2977,0.30943611600000004,132.8052
period1,sc01,t2978,0.43028884800000006,132.8052
period1,sc01,t2979,0.40140371700000005,132.8052
period1,sc01,t2980,0.508975929,132.8052
period1,sc01,t2981,0.835344708,132.8052
period1,sc01,t2982,0.9065061609999999,132.8052
period1,sc01,t2983,0.8330206169999999,132.8052
period1,sc01,t2984,0.469023698,132.8052
period1,sc01,t2985,0.35968075,132.8052
period1,sc01,t2986,0.321831268,132.8052
period1,sc01,t2987,0.290290033,132.8052
period1,sc01,t2988,0.292392782,132.8052
period1,sc01,t2989,0.29737297700000004,132.8052
period1,sc01,t2990,0.311428194,132.8052
period1,sc01,t2991,0.329135554,132.8052
period1,sc01,t2992,0.342084061,132.8052
period1,sc01,t2993,0.583678854,132.8052
period1,sc01,t2994,0.8477398599999999,132.8052
period1,sc01,t2995,0.8643405099999999,132.8052
period1,sc01,t2996,0.7414957000000001,132.8052
period1,sc01,t2997,0.377166768,132.8052
period1,sc01,t2998,0.33710386600000003,132.8052
period1,sc01,t2999,0.380154885,132.8052
period1,sc01,t3000,0.389229907,132.8052
period1,sc01,t3001,0.38834453900000004,132.8052
period1,sc01,t3002,0.385688435,132.8052
period1,sc01,t3003,0.40859733200000004,132.8052
period1,sc01,t3004,0.481086837,132.8052
period1,sc01,t3005,0.8731941900000001,132.8052
period1,sc01,t3006,1.047058331,132.8052
period1,sc01,t3007,0.9193439969999999,132.8052
period1,sc01,t3008,0.710175807,132.8052
period1,sc01,t3009,0.506098483,132.8052
period1,sc01,t3010,0.387459171,132.8052
period1,sc01,t3011,0.340091983,132.8052
period1,sc01,t3012,0.30567330200000004,132.8052
period1,sc01,t3013,0.35702464599999995,132.8052
period1,sc01,t3014,0.390225946,132.8052
period1,sc01,t3015,0.43471568800000004,132.8052
period1,sc01,t3016,0.525244566,132.8052
period1,sc01,t3017,0.6659074070000001,132.8052
period1,sc01,t3018,0.947233089,132.8052
period1,sc01,t3019,1.187389159,132.8052
period1,sc01,t3020,1.094757532,132.8052
period1,sc01,t3021,0.829811158,132.8052
period1,sc01,t3022,0.686934897,132.8052
period1,sc01,t3023,0.6291646350000001,132.8052
period1,sc01,t3024,0.5545723810000001,132.8052
period1,sc01,t3025,0.5385250859999999,132.8052
period1,sc01,t3026,0.552026948,132.8052
period1,sc01,t3027,0.6194255869999999,132.8052
period1,sc01,t3028,0.890569537,132.8052
period1,sc01,t3029,1.325617238,132.8052
period1,sc01,t3030,1.5931090449999998,132.8052
period1,sc01,t3031,1.365348127,132.8052
period1,sc01,t3032,1.032892443,132.8052
period1,sc01,t3033,0.778349143,132.8052
period1,sc01,t3034,0.763740571,132.8052
period1,sc01,t3035,0.669116866,132.8052
period1,sc01,t3036,0.6270618859999999,132.8052
period1,sc01,t3037,0.657053727,132.8052
period1,sc01,t3038,0.680737321,132.8052
period1,sc01,t3039,0.611567946,132.8052
period1,sc01,t3040,0.9828691509999999,132.8052
period1,sc01,t3041,1.192480025,132.8052
period1,sc01,t3042,1.4816633479999999,132.8052
period1,sc01,t3043,1.5995279629999999,132.8052
period1,sc01,t3044,1.404304319,132.8052
period1,sc01,t3045,1.183737016,132.8052
period1,sc01,t3046,1.03809398,132.8052
period1,sc01,t3047,1.057240063,132.8052
period1,sc01,t3048,0.994157593,132.8052
period1,sc01,t3049,0.9978097359999999,132.8052
period1,sc01,t3050,1.0186158840000001,132.8052
period1,sc01,t3051,1.055690669,132.8052
period1,sc01,t3052,1.235641715,132.8052
period1,sc01,t3053,1.4305333459999998,132.8052
period1,sc01,t3054,1.626531687,132.8052
period1,sc01,t3055,1.384604881,132.8052
period1,sc01,t3056,1.128180174,132.8052
period1,sc01,t3057,0.996371013,132.8052
period1,sc01,t3058,0.8599136700000001,132.8052
period1,sc01,t3059,0.7354087950000001,132.8052
period1,sc01,t3060,0.7244523659999998,132.8052
period1,sc01,t3061,0.8007046849999999,132.8052
period1,sc01,t3062,0.9569721370000001,132.8052
period1,sc01,t3063,1.003011273,132.8052
period1,sc01,t3064,1.06576173,132.8052
period1,sc01,t3065,1.2284481,132.8052
period1,sc01,t3066,1.4323040819999997,132.8052
period1,sc01,t3067,1.8131229930000001,132.8052
period1,sc01,t3068,1.499260037,132.8052
period1,sc01,t3069,1.216606303,132.8052
period1,sc01,t3070,1.0758327909999998,132.8052
period1,sc01,t3071,0.8155345989999999,132.8052
period1,sc01,t3072,0.795060464,132.8052
period1,sc01,t3073,0.786428126,132.8052
period1,sc01,t3074,0.758428363,132.8052
period1,sc01,t3075,0.73596215,132.8052
period1,sc01,t3076,0.786760139,132.8052
period1,sc01,t3077,1.7231474699999998,132.8052
period1,sc01,t3078,1.6342786569999999,132.8052
period1,sc01,t3079,1.068196492,132.8052
period1,sc01,t3080,0.9185693,132.8052
period1,sc01,t3081,0.68948033,132.8052
period1,sc01,t3082,0.603267621,132.8052
period1,sc01,t3083,0.547157424,132.8052
period1,sc01,t3084,0.49005118799999997,132.8052
period1,sc01,t3085,0.44534010400000007,132.8052
period1,sc01,t3086,0.5208177260000001,132.8052
period1,sc01,t3087,0.587884352,132.8052
period1,sc01,t3088,0.9318498199999999,132.8052
period1,sc01,t3089,1.1770967559999999,132.8052
period1,sc01,t3090,1.422454363,132.8052
period1,sc01,t3091,1.775605524,132.8052
period1,sc01,t3092,1.5585796930000002,132.8052
period1,sc01,t3093,1.262866781,132.8052
period1,sc01,t3094,1.159500067,132.8052
period1,sc01,t3095,1.1526384650000001,132.8052
period1,sc01,t3096,1.1331603689999998,132.8052
period1,sc01,t3097,1.083690432,132.8052
period1,sc01,t3098,1.0604495219999999,132.8052
period1,sc01,t3099,1.108591407,132.8052
period1,sc01,t3100,1.104385909,132.8052
period1,sc01,t3101,1.0417461229999998,132.8052
period1,sc01,t3102,0.938600751,132.8052
period1,sc01,t3103,0.5990621230000001,132.8052
period1,sc01,t3104,0.30423457899999995,132.8052
period1,sc01,t3105,0.11144569700000001,132.8052
period1,sc01,t3106,0.093627666,132.8052
period1,sc01,t3107,0.073928228,132.8052
period1,sc01,t3108,0.06706662599999999,132.8052
period1,sc01,t3109,0.098939874,132.8052
period1,sc01,t3110,0.08798344500000001,132.8052
period1,sc01,t3111,0.164014422,132.8052
period1,sc01,t3112,0.5017823140000001,132.8052
period1,sc01,t3113,0.784325377,132.8052
period1,sc01,t3114,1.178203466,132.8052
period1,sc01,t3115,1.680428464,132.8052
period1,sc01,t3116,1.348083451,132.8052
period1,sc01,t3117,1.188385198,132.8052
period1,sc01,t3118,1.024592118,132.8052
period1,sc01,t3119,1.0404180710000002,132.8052
period1,sc01,t3120,0.9990271169999999,132.8052
period1,sc01,t3121,1.0343311659999999,132.8052
period1,sc01,t3122,1.020718633,132.8052
period1,sc01,t3123,1.0196119229999998,132.8052
period1,sc01,t3124,0.9953749739999999,132.8052
period1,sc01,t3125,0.899201875,132.8052
period1,sc01,t3126,0.606255738,132.8052
period1,sc01,t3127,0.159587582,132.8052
period1,sc01,t3128,0.09916121600000001,132.8052
period1,sc01,t3129,0.066291929,132.8052
period1,sc01,t3130,0.038624179,132.8052
period1,sc01,t3131,0.042386993,132.8052
period1,sc01,t3132,0.048584568999999994,132.8052
period1,sc01,t3133,0.043272361,132.8052
period1,sc01,t3134,0.045485780999999996,132.8052
period1,sc01,t3135,0.09019686500000001,132.8052
period1,sc01,t3136,0.37384663800000006,132.8052
period1,sc01,t3137,0.858474947,132.8052
period1,sc01,t3138,1.279246089,132.8052
period1,sc01,t3139,1.453552914,132.8052
period1,sc01,t3140,1.265854898,132.8052
period1,sc01,t3141,1.13548446,132.8052
period1,sc01,t3142,0.9353912919999999,132.8052
period1,sc01,t3143,0.941367526,132.8052
period1,sc01,t3144,0.888466788,132.8052
period1,sc01,t3145,0.8943323510000001,132.8052
period1,sc01,t3146,0.8962137580000001,132.8052
period1,sc01,t3147,0.943580946,132.8052
period1,sc01,t3148,1.075500778,132.8052
period1,sc01,t3149,1.5678760569999999,132.8052
period1,sc01,t3150,1.5945477680000002,132.8052
period1,sc01,t3151,1.211072753,132.8052
period1,sc01,t3152,0.7687207659999999,132.8052
period1,sc01,t3153,0.455079152,132.8052
period1,sc01,t3154,0.43416233299999996,132.8052
period1,sc01,t3155,0.35979142099999994,132.8052
period1,sc01,t3156,0.18161111100000002,132.8052
period1,sc01,t3157,0.234290507,132.8052
period1,sc01,t3158,0.396312851,132.8052
period1,sc01,t3159,0.49370333099999997,132.8052
period1,sc01,t3160,0.8737475450000001,132.8052
period1,sc01,t3161,1.1731126,132.8052
period1,sc01,t3162,1.6363814060000001,132.8052
period1,sc01,t3163,1.986987134,132.8052
period1,sc01,t3164,1.312890073,132.8052
period1,sc01,t3165,1.112354221,132.8052
period1,sc01,t3166,0.934173911,132.8052
period1,sc01,t3167,0.639235696,132.8052
period1,sc01,t3168,0.515505518,132.8052
period1,sc01,t3169,0.594413941,132.8052
period1,sc01,t3170,0.8459691239999999,132.8052
period1,sc01,t3171,0.9898414239999999,132.8052
period1,sc01,t3172,1.109808788,132.8052
period1,sc01,t3173,1.3344709179999998,132.8052
period1,sc01,t3174,1.343767282,132.8052
period1,sc01,t3175,1.043295517,132.8052
period1,sc01,t3176,0.847518518,132.8052
period1,sc01,t3177,0.18227513699999998,132.8052
period1,sc01,t3178,0.072489505,132.8052
period1,sc01,t3179,0.064521193,132.8052
period1,sc01,t3180,0.10956429000000001,132.8052
period1,sc01,t3181,0.014829914,132.8052
period1,sc01,t3182,0.047477859000000004,132.8052
period1,sc01,t3183,0.049580608000000005,132.8052
period1,sc01,t3184,0.640453077,132.8052
period1,sc01,t3185,1.123199979,132.8052
period1,sc01,t3186,1.516746055,132.8052
period1,sc01,t3187,2.2988580119999997,132.8052
period1,sc01,t3188,1.5410936750000002,132.8052
period1,sc01,t3189,1.0186158840000001,132.8052
period1,sc01,t3190,0.941146184,132.8052
period1,sc01,t3191,0.45408311300000004,132.8052
period1,sc01,t3192,0.43571172699999994,132.8052
period1,sc01,t3193,0.43881051499999996,132.8052
period1,sc01,t3194,0.455189823,132.8052
period1,sc01,t3195,0.41612296000000004,132.8052
period1,sc01,t3196,0.45275506099999996,132.8052
period1,sc01,t3197,0.669891563,132.8052
period1,sc01,t3198,1.304700419,132.8052
period1,sc01,t3199,1.08678922,132.8052
period1,sc01,t3200,0.7862067840000001,132.8052
period1,sc01,t3201,0.026339697999999998,132.8052
period1,sc01,t3202,-0.006197576000000001,132.8052
period1,sc01,t3203,-0.028553118000000002,132.8052
period1,sc01,t3204,-0.031541235,132.8052
period1,sc01,t3205,-0.0332013,132.8052
period1,sc01,t3206,-0.010956429,132.8052
period1,sc01,t3207,0.051683357,132.8052
period1,sc01,t3208,0.345514862,132.8052
period1,sc01,t3209,0.957082808,132.8052
period1,sc01,t3210,1.055358656,132.8052
period1,sc01,t3211,1.249586261,132.8052
period1,sc01,t3212,1.437062935,132.8052
period1,sc01,t3213,1.199009614,132.8052
period1,sc01,t3214,1.0469476599999998,132.8052
period1,sc01,t3215,0.7667286879999999,132.8052
period1,sc01,t3216,0.6621445930000001,132.8052
period1,sc01,t3217,0.7745863289999999,132.8052
period1,sc01,t3218,0.840656916,132.8052
period1,sc01,t3219,0.8226175429999999,132.8052
period1,sc01,t3220,0.7742543159999999,132.8052
period1,sc01,t3221,0.686492213,132.8052
period1,sc01,t3222,0.9779996270000001,132.8052
period1,sc01,t3223,0.92410285,132.8052
period1,sc01,t3224,0.47245449899999997,132.8052
period1,sc01,t3225,0.044821755,132.8052
period1,sc01,t3226,0.003652143,132.8052
period1,sc01,t3227,-0.027335737000000006,132.8052
period1,sc01,t3228,-0.048031214,132.8052
period1,sc01,t3229,-0.037406798,132.8052
period1,sc01,t3230,-0.017818031,132.8052
period1,sc01,t3231,0.002545433,132.8052
period1,sc01,t3232,0.042829677000000003,132.8052
period1,sc01,t3233,0.845415769,132.8052
period1,sc01,t3234,1.0939828349999998,132.8052
period1,sc01,t3235,1.248700893,132.8052
period1,sc01,t3236,0.813653192,132.8052
period1,sc01,t3237,0.49967956499999994,132.8052
period1,sc01,t3238,0.31762577,132.8052
period1,sc01,t3239,0.324487372,132.8052
period1,sc01,t3240,0.14951652099999999,132.8052
period1,sc01,t3241,0.078797752,132.8052
period1,sc01,t3242,0.068948033,132.8052
period1,sc01,t3243,0.081011172,132.8052
period1,sc01,t3244,0.329135554,132.8052
period1,sc01,t3245,0.5606592859999999,132.8052
period1,sc01,t3246,0.707519703,132.8052
period1,sc01,t3247,0.8302538419999999,132.8052
period1,sc01,t3248,0.37938018799999995,132.8052
period1,sc01,t3249,0.103920069,132.8052
period1,sc01,t3250,0.023904936,132.8052
period1,sc01,t3251,0.000996039,132.8052
period1,sc01,t3252,0.001881407,132.8052
period1,sc01,t3253,0.0022134200000000002,132.8052
period1,sc01,t3254,0.019256754,132.8052
period1,sc01,t3255,0.042940347999999996,132.8052
period1,sc01,t3256,0.339317286,132.8052
period1,sc01,t3257,0.36023410499999997,132.8052
period1,sc01,t3258,0.374178651,132.8052
period1,sc01,t3259,0.392550037,132.8052
period1,sc01,t3260,0.406273241,132.8052
period1,sc01,t3261,0.379490859,132.8052
period1,sc01,t3262,0.345182849,132.8052
period1,sc01,t3263,0.27225066,132.8052
period1,sc01,t3264,0.271475963,132.8052
period1,sc01,t3265,0.21049624199999997,132.8052
period1,sc01,t3266,0.254985984,132.8052
period1,sc01,t3267,0.212820333,132.8052
period1,sc01,t3268,0.264835703,132.8052
period1,sc01,t3269,0.277009513,132.8052
period1,sc01,t3270,0.272361331,132.8052
period1,sc01,t3271,0.28696990299999997,132.8052
period1,sc01,t3272,0.045153768000000004,132.8052
period1,sc01,t3273,0.008078983,132.8052
period1,sc01,t3274,-0.023794265,132.8052
period1,sc01,t3275,-0.024790304000000003,132.8052
period1,sc01,t3276,-0.021802187,132.8052
period1,sc01,t3277,-0.01992078,132.8052
period1,sc01,t3278,-0.0014387230000000003,132.8052
period1,sc01,t3279,0.019478096,132.8052
period1,sc01,t3280,0.10956429000000001,132.8052
period1,sc01,t3281,0.345072178,132.8052
period1,sc01,t3282,0.49492071199999993,132.8052
period1,sc01,t3283,0.494367357,132.8052
period1,sc01,t3284,0.48938716199999993,132.8052
period1,sc01,t3285,0.492264608,132.8052
period1,sc01,t3286,0.47533194500000003,132.8052
period1,sc01,t3287,0.43692910799999995,132.8052
period1,sc01,t3288,0.14719243,132.8052
period1,sc01,t3289,0.080679159,132.8052
period1,sc01,t3290,0.110671,132.8052
period1,sc01,t3291,0.039730889,132.8052
period1,sc01,t3292,0.048363226999999995,132.8052
period1,sc01,t3293,0.067951994,132.8052
period1,sc01,t3294,0.066070587,132.8052
period1,sc01,t3295,0.074702925,132.8052
period1,sc01,t3296,0.062750457,132.8052
period1,sc01,t3297,0.011177771000000001,132.8052
period1,sc01,t3298,0.004205498,132.8052
period1,sc01,t3299,-0.018260715,132.8052
period1,sc01,t3300,-0.055888854999999994,132.8052
period1,sc01,t3301,-0.059540998000000005,132.8052
period1,sc01,t3302,-0.0221342,132.8052
period1,sc01,t3303,0.015604611000000001,132.8052
period1,sc01,t3304,0.087651432,132.8052
period1,sc01,t3305,0.328582199,132.8052
period1,sc01,t3306,0.478209391,132.8052
period1,sc01,t3307,0.504106405,132.8052
period1,sc01,t3308,0.492264608,132.8052
period1,sc01,t3309,0.48562434800000004,132.8052
period1,sc01,t3310,0.473118525,132.8052
period1,sc01,t3311,0.205294705,132.8052
period1,sc01,t3312,0.24236949,132.8052
period1,sc01,t3313,0.442019974,132.8052
period1,sc01,t3314,0.454968481,132.8052
period1,sc01,t3315,0.45806726900000005,132.8052
period1,sc01,t3316,0.48341092799999996,132.8052
period1,sc01,t3317,0.543726623,132.8052
period1,sc01,t3318,0.55667513,132.8052
period1,sc01,t3319,0.608247816,132.8052
period1,sc01,t3320,0.396976877,132.8052
period1,sc01,t3321,0.349941702,132.8052
period1,sc01,t3322,0.25697806199999995,132.8052
period1,sc01,t3323,0.09595175700000001,132.8052
period1,sc01,t3324,0.048141884999999995,132.8052
period1,sc01,t3325,0.071714808,132.8052
period1,sc01,t3326,0.253768603,132.8052
period1,sc01,t3327,0.34219473200000006,132.8052
period1,sc01,t3328,0.411585449,132.8052
period1,sc01,t3329,0.484517638,132.8052
period1,sc01,t3330,0.658824463,132.8052
period1,sc01,t3331,0.658049766,132.8052
period1,sc01,t3332,0.518936319,132.8052
period1,sc01,t3333,0.36111947299999997,132.8052
period1,sc01,t3334,0.339095944,132.8052
period1,sc01,t3335,0.421767181,132.8052
period1,sc01,t3336,0.31076416799999995,132.8052
period1,sc01,t3337,0.301246462,132.8052
period1,sc01,t3338,0.300361094,132.8052
period1,sc01,t3339,0.291175401,132.8052
period1,sc01,t3340,0.300250423,132.8052
period1,sc01,t3341,0.367538391,132.8052
period1,sc01,t3342,0.46636759400000005,132.8052
period1,sc01,t3343,0.367206378,132.8052
period1,sc01,t3344,0.341088022,132.8052
period1,sc01,t3345,0.305894644,132.8052
period1,sc01,t3346,0.10546946299999999,132.8052
period1,sc01,t3347,-0.0008853680000000001,132.8052
period1,sc01,t3348,0.00011067100000000001,132.8052
period1,sc01,t3349,0.000664026,132.8052
period1,sc01,t3350,0.035968074999999995,132.8052
period1,sc01,t3351,0.36908778500000006,132.8052
period1,sc01,t3352,0.330795619,132.8052
period1,sc01,t3353,0.5084225739999999,132.8052
period1,sc01,t3354,0.544944004,132.8052
period1,sc01,t3355,0.637243618,132.8052
period1,sc01,t3356,0.610129223,132.8052
period1,sc01,t3357,0.467474304,132.8052
period1,sc01,t3358,0.461387399,132.8052
period1,sc01,t3359,0.4243126140000001,132.8052
period1,sc01,t3360,0.409593371,132.8052
period1,sc01,t3361,0.359902092,132.8052
period1,sc01,t3362,0.308882761,132.8052
period1,sc01,t3363,0.31353094299999995,132.8052
period1,sc01,t3364,0.397972916,132.8052
period1,sc01,t3365,0.44578278800000004,132.8052
period1,sc01,t3366,0.465371555,132.8052
period1,sc01,t3367,0.37107986300000007,132.8052
period1,sc01,t3368,0.33533313,132.8052
period1,sc01,t3369,0.234069165,132.8052
period1,sc01,t3370,0.075145609,132.8052
period1,sc01,t3371,0.046371149,132.8052
period1,sc01,t3372,0.041390954,132.8052
period1,sc01,t3373,0.034086668,132.8052
period1,sc01,t3374,0.049912621000000004,132.8052
period1,sc01,t3375,0.095730415,132.8052
period1,sc01,t3376,0.286748561,132.8052
period1,sc01,t3377,0.43803581799999997,132.8052
period1,sc01,t3378,0.512296059,132.8052
period1,sc01,t3379,0.41136410700000003,132.8052
period1,sc01,t3380,0.408818674,132.8052
period1,sc01,t3381,0.40206774300000003,132.8052
period1,sc01,t3382,0.289072652,132.8052
period1,sc01,t3383,0.23904936000000002,132.8052
period1,sc01,t3384,0.20872550599999998,132.8052
period1,sc01,t3385,0.19378492100000003,132.8052
period1,sc01,t3386,0.173310786,132.8052
period1,sc01,t3387,0.138117408,132.8052
period1,sc01,t3388,0.17320011500000002,132.8052
period1,sc01,t3389,0.24945243399999997,132.8052
period1,sc01,t3390,0.271697305,132.8052
period1,sc01,t3391,0.254100616,132.8052
period1,sc01,t3392,0.186148622,132.8052
period1,sc01,t3393,0.037517469000000005,132.8052
period1,sc01,t3394,0.023572923,132.8052
period1,sc01,t3395,0.010513745,132.8052
period1,sc01,t3396,0.015161927000000002,132.8052
period1,sc01,t3397,0.015161927000000002,132.8052
period1,sc01,t3398,0.021470173999999998,132.8052
period1,sc01,t3399,0.023130238999999997,132.8052
period1,sc01,t3400,0.07924043600000001,132.8052
period1,sc01,t3401,0.26118356000000004,132.8052
period1,sc01,t3402,0.408708003,132.8052
period1,sc01,t3403,0.454968481,132.8052
period1,sc01,t3404,0.470019737,132.8052
period1,sc01,t3405,0.467584975,132.8052
period1,sc01,t3406,0.43405166199999995,132.8052
period1,sc01,t3407,0.448660234,132.8052
period1,sc01,t3408,0.435379714,132.8052
period1,sc01,t3409,0.43881051499999996,132.8052
period1,sc01,t3410,0.442019974,132.8052
period1,sc01,t3411,0.44854956300000004,132.8052
period1,sc01,t3412,0.464486187,132.8052
period1,sc01,t3413,0.6092438549999999,132.8052
period1,sc01,t3414,0.8844826320000001,132.8052
period1,sc01,t3415,0.885035987,132.8052
period1,sc01,t3416,0.49193259500000003,132.8052
period1,sc01,t3417,0.410036055,132.8052
period1,sc01,t3418,0.297594319,132.8052
period1,sc01,t3419,0.18194312399999998,132.8052
period1,sc01,t3420,0.056552881,132.8052
period1,sc01,t3421,0.04415772900000001,132.8052
period1,sc01,t3422,0.09860786099999999,132.8052
period1,sc01,t3423,0.268819859,132.8052
period1,sc01,t3424,0.366431681,132.8052
period1,sc01,t3425,0.4261940209999999,132.8052
period1,sc01,t3426,0.46393283199999996,132.8052
period1,sc01,t3427,0.553908355,132.8052
period1,sc01,t3428,0.611789288,132.8052
period1,sc01,t3429,0.5329915359999999,132.8052
period1,sc01,t3430,0.47909475900000004,132.8052
period1,sc01,t3431,0.466478265,132.8052
period1,sc01,t3432,0.43936387000000005,132.8052
period1,sc01,t3433,0.414241553,132.8052
period1,sc01,t3434,0.41125343599999997,132.8052
period1,sc01,t3435,0.40859733200000004,132.8052
period1,sc01,t3436,0.402953111,132.8052
period1,sc01,t3437,0.381150924,132.8052
period1,sc01,t3438,0.364771616,132.8052
period1,sc01,t3439,0.32205261,132.8052
period1,sc01,t3440,0.112663078,132.8052
period1,sc01,t3441,0.0,132.8052
period1,sc01,t3442,-0.0011067100000000001,132.8052
period1,sc01,t3443,-0.0016600649999999998,132.8052
period1,sc01,t3444,-0.0022134200000000002,132.8052
period1,sc01,t3445,-0.002988117,132.8052
period1,sc01,t3446,-0.0005533550000000001,132.8052
period1,sc01,t3447,0.024236949,132.8052
period1,sc01,t3448,0.271918647,132.8052
period1,sc01,t3449,0.41822570899999995,132.8052
period1,sc01,t3450,0.600722188,132.8052
period1,sc01,t3451,0.5960740059999999,132.8052
period1,sc01,t3452,0.567410217,132.8052
period1,sc01,t3453,0.495695409,132.8052
period1,sc01,t3454,0.400297007,132.8052
period1,sc01,t3455,0.261404902,132.8052
period1,sc01,t3456,0.162354357,132.8052
period1,sc01,t3457,0.093959679,132.8052
period1,sc01,t3458,0.063635825,132.8052
period1,sc01,t3459,0.038624179,132.8052
period1,sc01,t3460,0.023462252,132.8052
period1,sc01,t3461,0.015936624,132.8052
period1,sc01,t3462,0.016379308,132.8052
period1,sc01,t3463,0.009185693,132.8052
period1,sc01,t3464,0.0044268400000000005,132.8052
period1,sc01,t3465,0.001992078,132.8052
period1,sc01,t3466,-0.002102749,132.8052
period1,sc01,t3467,0.000332013,132.8052
period1,sc01,t3468,-0.009185693,132.8052
period1,sc01,t3469,-0.01549394,132.8052
period1,sc01,t3470,-0.021359503,132.8052
period1,sc01,t3471,0.00011067100000000001,132.8052
period1,sc01,t3472,0.031430563999999994,132.8052
period1,sc01,t3473,0.07780171300000001,132.8052
period1,sc01,t3474,0.339317286,132.8052
period1,sc01,t3475,0.378384149,132.8052
period1,sc01,t3476,0.382036292,132.8052
period1,sc01,t3477,0.381482937,132.8052
period1,sc01,t3478,0.296930293,132.8052
period1,sc01,t3479,0.22200602599999997,132.8052
period1,sc01,t3480,0.20662275700000002,132.8052
period1,sc01,t3481,0.21735784400000002,132.8052
period1,sc01,t3482,0.202638601,132.8052
period1,sc01,t3483,0.21990327700000004,132.8052
period1,sc01,t3484,0.261847586,132.8052
period1,sc01,t3485,0.374510664,132.8052
period1,sc01,t3486,0.434826359,132.8052
period1,sc01,t3487,0.387016487,132.8052
period1,sc01,t3488,0.332013,132.8052
period1,sc01,t3489,0.11985669299999999,132.8052
period1,sc01,t3490,0.0005533550000000001,132.8052
period1,sc01,t3491,-0.001881407,132.8052
period1,sc01,t3492,-0.010403074,132.8052
period1,sc01,t3493,-0.005976234,132.8052
period1,sc01,t3494,-0.005422878999999999,132.8052
period1,sc01,t3495,0.00011067100000000001,132.8052
period1,sc01,t3496,0.252993906,132.8052
period1,sc01,t3497,0.41579094699999997,132.8052
period1,sc01,t3498,0.44711083999999995,132.8052
period1,sc01,t3499,0.5397424670000001,132.8052
period1,sc01,t3500,0.5511415799999999,132.8052
period1,sc01,t3501,0.584564222,132.8052
period1,sc01,t3502,0.49469937,132.8052
period1,sc01,t3503,0.40859733200000004,132.8052
period1,sc01,t3504,0.34806029499999996,132.8052
period1,sc01,t3505,0.22565816900000002,132.8052
period1,sc01,t3506,0.177184271,132.8052
period1,sc01,t3507,0.13701069800000001,132.8052
period1,sc01,t3508,0.15195128300000002,132.8052
period1,sc01,t3509,0.29327815,132.8052
period1,sc01,t3510,0.361340815,132.8052
period1,sc01,t3511,0.31043215500000004,132.8052
period1,sc01,t3512,0.24004539900000002,132.8052
period1,sc01,t3513,0.027114395000000003,132.8052
period1,sc01,t3514,0.019367425,132.8052
period1,sc01,t3515,-0.00022134200000000002,132.8052
period1,sc01,t3516,0.0,132.8052
period1,sc01,t3517,-0.0008853680000000001,132.8052
period1,sc01,t3518,0.016047295,132.8052
period1,sc01,t3519,0.25044847299999995,132.8052
period1,sc01,t3520,0.294938215,132.8052
period1,sc01,t3521,0.446668156,132.8052
period1,sc01,t3522,0.53896777,132.8052
period1,sc01,t3523,0.662033922,132.8052
period1,sc01,t3524,0.576374568,132.8052
period1,sc01,t3525,0.46835967200000006,132.8052
period1,sc01,t3526,0.439585212,132.8052
period1,sc01,t3527,0.31220289100000004,132.8052
period1,sc01,t3528,0.288187284,132.8052
period1,sc01,t3529,0.279886959,132.8052
period1,sc01,t3530,0.269483885,132.8052
period1,sc01,t3531,0.288519297,132.8052
period1,sc01,t3532,0.309657458,132.8052
period1,sc01,t3533,0.366874365,132.8052
period1,sc01,t3534,0.5596632469999999,132.8052
period1,sc01,t3535,0.49901553900000006,132.8052
period1,sc01,t3536,0.47367188,132.8052
period1,sc01,t3537,0.423095233,132.8052
period1,sc01,t3538,0.405609215,132.8052
period1,sc01,t3539,0.36632101000000006,132.8052
period1,sc01,t3540,0.329356896,132.8052
period1,sc01,t3541,0.29427418899999996,132.8052
period1,sc01,t3542,0.28154702400000003,132.8052
period1,sc01,t3543,0.40239975599999994,132.8052
period1,sc01,t3544,0.39310339200000005,132.8052
period1,sc01,t3545,0.427300731,132.8052
period1,sc01,t3546,0.47433590600000003,132.8052
period1,sc01,t3547,0.50465976,132.8052
period1,sc01,t3548,0.451648351,132.8052
period1,sc01,t3549,0.42885012499999997,132.8052
period1,sc01,t3550,0.395648825,132.8052
period1,sc01,t3551,0.380597569,132.8052
period1,sc01,t3552,0.381704279,132.8052
period1,sc01,t3553,0.378273478,132.8052
period1,sc01,t3554,0.37041583699999997,132.8052
period1,sc01,t3555,0.373071941,132.8052
period1,sc01,t3556,0.375064019,132.8052
period1,sc01,t3557,0.368866443,132.8052
period1,sc01,t3558,0.324598043,132.8052
period1,sc01,t3559,0.352597806,132.8052
period1,sc01,t3560,0.303017198,132.8052
period1,sc01,t3561,0.203302627,132.8052
period1,sc01,t3562,0.02545433,132.8052
period1,sc01,t3563,0.019699438,132.8052
period1,sc01,t3564,0.026118355999999995,132.8052
period1,sc01,t3565,0.022798226,132.8052
period1,sc01,t3566,0.031983919,132.8052
period1,sc01,t3567,0.058876972,132.8052
period1,sc01,t3568,0.22842494400000002,132.8052
period1,sc01,t3569,0.328028844,132.8052
period1,sc01,t3570,0.35768867200000004,132.8052
period1,sc01,t3571,0.37428932200000004,132.8052
period1,sc01,t3572,0.36399691900000003,132.8052
period1,sc01,t3573,0.349277676,132.8052
period1,sc01,t3574,0.303349211,132.8052
period1,sc01,t3575,0.26074087599999995,132.8052
period1,sc01,t3576,0.157927517,132.8052
period1,sc01,t3577,0.162465028,132.8052
period1,sc01,t3578,0.155492755,132.8052
period1,sc01,t3579,0.109674961,132.8052
period1,sc01,t3580,0.14497901,132.8052
period1,sc01,t3581,0.32426603,132.8052
period1,sc01,t3582,0.36930912699999996,132.8052
period1,sc01,t3583,0.377941465,132.8052
period1,sc01,t3584,0.246685659,132.8052
period1,sc01,t3585,0.04725651699999999,132.8052
period1,sc01,t3586,0.015051256,132.8052
period1,sc01,t3587,0.006750931,132.8052
period1,sc01,t3588,0.002545433,132.8052
period1,sc01,t3589,-0.01217381,132.8052
period1,sc01,t3590,-0.0022134200000000002,132.8052
period1,sc01,t3591,0.019699438,132.8052
period1,sc01,t3592,0.138117408,132.8052
period1,sc01,t3593,0.217247173,132.8052
period1,sc01,t3594,0.27125462100000003,132.8052
period1,sc01,t3595,0.43272361000000004,132.8052
period1,sc01,t3596,0.334447762,132.8052
period1,sc01,t3597,0.280772327,132.8052
period1,sc01,t3598,0.09860786099999999,132.8052
period1,sc01,t3599,0.133579897,132.8052
period1,sc01,t3600,0.08986485199999998,132.8052
period1,sc01,t3601,0.08986485199999998,132.8052
period1,sc01,t3602,0.09716913799999999,132.8052
period1,sc01,t3603,0.110781671,132.8052
period1,sc01,t3604,0.12970641200000002,132.8052
period1,sc01,t3605,0.322384623,132.8052
period1,sc01,t3606,0.308108064,132.8052
period1,sc01,t3607,0.279001591,132.8052
period1,sc01,t3608,0.049912621000000004,132.8052
period1,sc01,t3609,-0.00044268400000000005,132.8052
period1,sc01,t3610,-0.009849719,132.8052
period1,sc01,t3611,-0.030655867,132.8052
period1,sc01,t3612,-0.131145135,132.8052
period1,sc01,t3613,-0.074370912,132.8052
period1,sc01,t3614,-0.029217144,132.8052
period1,sc01,t3615,-0.0015493940000000002,132.8052
period1,sc01,t3616,0.242480161,132.8052
period1,sc01,t3617,0.389229907,132.8052
period1,sc01,t3618,0.405277202,132.8052
period1,sc01,t3619,0.9339525690000001,132.8052
period1,sc01,t3620,1.0346631789999998,132.8052
period1,sc01,t3621,0.719804184,132.8052
period1,sc01,t3622,0.553244329,132.8052
period1,sc01,t3623,0.39587016700000005,132.8052
period1,sc01,t3624,0.38214696299999995,132.8052
period1,sc01,t3625,0.380597569,132.8052
period1,sc01,t3626,0.391000643,132.8052
period1,sc01,t3627,0.34861365,132.8052
period1,sc01,t3628,0.300361094,132.8052
period1,sc01,t3629,0.19810108999999998,132.8052
period1,sc01,t3630,0.070718769,132.8052
period1,sc01,t3631,0.022355542000000003,132.8052
period1,sc01,t3632,0.0016600649999999998,132.8052
period1,sc01,t3633,-0.005865563,132.8052
period1,sc01,t3634,-0.022908896999999998,132.8052
period1,sc01,t3635,-0.052126041,132.8052
period1,sc01,t3636,-0.071050782,132.8052
period1,sc01,t3637,-0.07193614999999999,132.8052
period1,sc01,t3638,-0.034861365,132.8052
period1,sc01,t3639,-0.011288442000000001,132.8052
period1,sc01,t3640,0.036742772,132.8052
period1,sc01,t3641,0.139777473,132.8052
period1,sc01,t3642,0.364660945,132.8052
period1,sc01,t3643,0.409814713,132.8052
period1,sc01,t3644,0.41202813299999996,132.8052
period1,sc01,t3645,0.410921423,132.8052
period1,sc01,t3646,0.366099668,132.8052
period1,sc01,t3647,0.203413298,132.8052
period1,sc01,t3648,0.110781671,132.8052
period1,sc01,t3649,0.161247647,132.8052
period1,sc01,t3650,0.166891868,132.8052
period1,sc01,t3651,0.173310786,132.8052
period1,sc01,t3652,0.34806029499999996,132.8052
period1,sc01,t3653,0.40749062199999997,132.8052
period1,sc01,t3654,0.420439129,132.8052
period1,sc01,t3655,0.471679802,132.8052
period1,sc01,t3656,0.4306208609999999,132.8052
period1,sc01,t3657,0.320613887,132.8052
period1,sc01,t3658,0.197105051,132.8052
period1,sc01,t3659,0.110671,132.8052
period1,sc01,t3660,0.058102275,132.8052
period1,sc01,t3661,0.07381755699999999,132.8052
period1,sc01,t3662,0.090418207,132.8052
period1,sc01,t3663,0.087098077,132.8052
period1,sc01,t3664,0.240488083,132.8052
period1,sc01,t3665,0.459948676,132.8052
period1,sc01,t3666,0.5251338950000001,132.8052
period1,sc01,t3667,0.663583316,132.8052
period1,sc01,t3668,0.597955413,132.8052
period1,sc01,t3669,0.523252488,132.8052
period1,sc01,t3670,0.44534010400000007,132.8052
period1,sc01,t3671,0.394542115,132.8052
period1,sc01,t3672,0.36731704899999995,132.8052
period1,sc01,t3673,0.354368542,132.8052
period1,sc01,t3674,0.337325208,132.8052
period1,sc01,t3675,0.359238066,132.8052
period1,sc01,t3676,0.378273478,132.8052
period1,sc01,t3677,0.525355237,132.8052
period1,sc01,t3678,0.594635283,132.8052
period1,sc01,t3679,0.42608334999999997,132.8052
period1,sc01,t3680,0.368091746,132.8052
period1,sc01,t3681,0.057880933,132.8052
period1,sc01,t3682,0.048584568999999994,132.8052
period1,sc01,t3683,0.033865326,132.8052
period1,sc01,t3684,0.025786343,132.8052
period1,sc01,t3685,0.028331776000000003,132.8052
period1,sc01,t3686,0.041058940999999995,132.8052
period1,sc01,t3687,0.081453856,132.8052
period1,sc01,t3688,0.317293757,132.8052
period1,sc01,t3689,0.375396032,132.8052
period1,sc01,t3690,0.438367831,132.8052
period1,sc01,t3691,0.48252556,132.8052
period1,sc01,t3692,0.534430259,132.8052
period1,sc01,t3693,0.479537443,132.8052
period1,sc01,t3694,0.33157031600000003,132.8052
period1,sc01,t3695,0.112441736,132.8052
period1,sc01,t3696,0.09075021999999999,132.8052
period1,sc01,t3697,0.074481583,132.8052
period1,sc01,t3698,0.06750930999999999,132.8052
period1,sc01,t3699,0.069944072,132.8052
period1,sc01,t3700,0.07769104199999999,132.8052
period1,sc01,t3701,0.296155596,132.8052
period1,sc01,t3702,0.48186153400000004,132.8052
period1,sc01,t3703,0.457181901,132.8052
period1,sc01,t3704,0.309657458,132.8052
period1,sc01,t3705,0.243033516,132.8052
period1,sc01,t3706,0.043051019,132.8052
period1,sc01,t3707,0.026782381999999997,132.8052
period1,sc01,t3708,0.031983919,132.8052
period1,sc01,t3709,0.101263965,132.8052
period1,sc01,t3710,0.22222736799999998,132.8052
period1,sc01,t3711,0.279112262,132.8052
period1,sc01,t3712,0.407379951,132.8052
period1,sc01,t3713,0.5118533749999999,132.8052
period1,sc01,t3714,0.5816867760000001,132.8052
period1,sc01,t3715,0.667567472,132.8052
period1,sc01,t3716,0.494367357,132.8052
period1,sc01,t3717,0.40583055700000004,132.8052
period1,sc01,t3718,0.287191245,132.8052
period1,sc01,t3719,0.19068613299999998,132.8052
period1,sc01,t3720,0.18415654400000003,132.8052
period1,sc01,t3721,0.198765116,132.8052
period1,sc01,t3722,0.199871826,132.8052
period1,sc01,t3723,0.22278072299999999,132.8052
period1,sc01,t3724,0.28586319299999996,132.8052
period1,sc01,t3725,0.47156913100000003,132.8052
period1,sc01,t3726,0.6022715820000001,132.8052
period1,sc01,t3727,0.590651127,132.8052
period1,sc01,t3728,0.44124527699999994,132.8052
period1,sc01,t3729,0.36510362900000004,132.8052
period1,sc01,t3730,0.274574751,132.8052
period1,sc01,t3731,0.12096340300000001,132.8052
period1,sc01,t3732,0.069058704,132.8052
period1,sc01,t3733,0.039620218000000006,132.8052
period1,sc01,t3734,0.125168901,132.8052
period1,sc01,t3735,0.317404428,132.8052
period1,sc01,t3736,0.425640666,132.8052
period1,sc01,t3737,0.529671406,132.8052
period1,sc01,t3738,0.610018552,132.8052
period1,sc01,t3739,0.688484291,132.8052
period1,sc01,t3740,0.583125499,132.8052
period1,sc01,t3741,0.48662038700000004,132.8052
period1,sc01,t3742,0.4243126140000001,132.8052
period1,sc01,t3743,0.264725032,132.8052
period1,sc01,t3744,0.21547643699999997,132.8052
period1,sc01,t3745,0.27501743500000003,132.8052
period1,sc01,t3746,0.283428431,132.8052
period1,sc01,t3747,0.291396743,132.8052
period1,sc01,t3748,0.35957007900000004,132.8052
period1,sc01,t3749,0.38037622699999996,132.8052
period1,sc01,t3750,0.40361713699999996,132.8052
period1,sc01,t3751,0.325704753,132.8052
period1,sc01,t3752,0.110781671,132.8052
period1,sc01,t3753,0.033422642,132.8052
period1,sc01,t3754,0.025675672,132.8052
period1,sc01,t3755,0.019367425,132.8052
period1,sc01,t3756,0.013612533,132.8052
period1,sc01,t3757,0.007304286,132.8052
period1,sc01,t3758,0.001881407,132.8052
period1,sc01,t3759,0.011841797,132.8052
period1,sc01,t3760,0.043825716,132.8052
period1,sc01,t3761,0.303349211,132.8052
period1,sc01,t3762,0.42464462699999994,132.8052
period1,sc01,t3763,0.44445473599999996,132.8052
period1,sc01,t3764,0.43139555799999996,132.8052
period1,sc01,t3765,0.424091272,132.8052
period1,sc01,t3766,0.389783262,132.8052
period1,sc01,t3767,0.24236949,132.8052
period1,sc01,t3768,0.023904936,132.8052
period1,sc01,t3769,-0.00022134200000000002,132.8052
period1,sc01,t3770,-0.00022134200000000002,132.8052
period1,sc01,t3771,-0.001217381,132.8052
period1,sc01,t3772,0.0016600649999999998,132.8052
period1,sc01,t3773,0.006972273,132.8052
period1,sc01,t3774,0.002988117,132.8052
period1,sc01,t3775,0.002545433,132.8052
period1,sc01,t3776,0.002766775,132.8052
period1,sc01,t3777,0.0017707360000000002,132.8052
period1,sc01,t3778,0.0014387230000000003,132.8052
period1,sc01,t3779,-0.002102749,132.8052
period1,sc01,t3780,-0.002434762,132.8052
period1,sc01,t3781,-0.0014387230000000003,132.8052
period1,sc01,t3782,-0.002434762,132.8052
period1,sc01,t3783,-0.001328052,132.8052
period1,sc01,t3784,0.165563816,132.8052
period1,sc01,t3785,0.372739928,132.8052
period1,sc01,t3786,0.427300731,132.8052
period1,sc01,t3787,0.49768748699999993,132.8052
period1,sc01,t3788,0.591757837,132.8052
period1,sc01,t3789,0.523805843,132.8052
period1,sc01,t3790,0.437039779,132.8052
period1,sc01,t3791,0.449766944,132.8052
period1,sc01,t3792,0.44080259299999996,132.8052
period1,sc01,t3793,0.417672354,132.8052
period1,sc01,t3794,0.378716162,132.8052
period1,sc01,t3795,0.36078746000000006,132.8052
period1,sc01,t3796,0.302242501,132.8052
period1,sc01,t3797,0.218575225,132.8052
period1,sc01,t3798,0.040062902,132.8052
period1,sc01,t3799,0.013723204,132.8052
period1,sc01,t3800,0.010845757999999999,132.8052
period1,sc01,t3801,0.0007746970000000001,132.8052
period1,sc01,t3802,-0.002434762,132.8052
period1,sc01,t3803,0.0033201299999999997,132.8052
period1,sc01,t3804,0.0110671,132.8052
period1,sc01,t3805,0.010735086999999999,132.8052
period1,sc01,t3806,0.013391190999999998,132.8052
period1,sc01,t3807,0.019146083,132.8052
period1,sc01,t3808,0.046924504,132.8052
period1,sc01,t3809,0.062639786,132.8052
period1,sc01,t3810,0.29704096399999996,132.8052
period1,sc01,t3811,0.37285059899999995,132.8052
period1,sc01,t3812,0.418115038,132.8052
period1,sc01,t3813,0.39587016700000005,132.8052
period1,sc01,t3814,0.315633692,132.8052
period1,sc01,t3815,0.051794028,132.8052
period1,sc01,t3816,0.044379071,132.8052
period1,sc01,t3817,0.042276322,132.8052
period1,sc01,t3818,0.043825716,132.8052
period1,sc01,t3819,0.094291692,132.8052
period1,sc01,t3820,0.20186390399999998,132.8052
period1,sc01,t3821,0.485292335,132.8052
period1,sc01,t3822,0.43183824200000004,132.8052
period1,sc01,t3823,0.072268163,132.8052
period1,sc01,t3824,0.045707123,132.8052
period1,sc01,t3825,0.028221104999999996,132.8052
period1,sc01,t3826,0.021802187,132.8052
period1,sc01,t3827,0.0033201299999999997,132.8052
period1,sc01,t3828,-0.026782381999999997,132.8052
period1,sc01,t3829,-0.024679632999999996,132.8052
period1,sc01,t3830,-0.0035414720000000004,132.8052
period1,sc01,t3831,0.012063139,132.8052
period1,sc01,t3832,0.058212946,132.8052
period1,sc01,t3833,0.378384149,132.8052
period1,sc01,t3834,0.409593371,132.8052
period1,sc01,t3835,0.417783025,132.8052
period1,sc01,t3836,0.42353791700000004,132.8052
period1,sc01,t3837,0.41523759200000004,132.8052
period1,sc01,t3838,0.413577527,132.8052
period1,sc01,t3839,0.408486661,132.8052
period1,sc01,t3840,0.402289085,132.8052
period1,sc01,t3841,0.387680513,132.8052
period1,sc01,t3842,0.346953585,132.8052
period1,sc01,t3843,0.319617848,132.8052
period1,sc01,t3844,0.36111947299999997,132.8052
period1,sc01,t3845,0.43847850199999994,132.8052
period1,sc01,t3846,0.889573498,132.8052
period1,sc01,t3847,0.9136997760000001,132.8052
period1,sc01,t3848,0.771708883,132.8052
period1,sc01,t3849,0.25266189299999997,132.8052
period1,sc01,t3850,0.27003723999999996,132.8052
period1,sc01,t3851,0.19699438,132.8052
period1,sc01,t3852,0.175524206,132.8052
period1,sc01,t3853,0.273689383,132.8052
period1,sc01,t3854,0.348392308,132.8052
period1,sc01,t3855,0.526904631,132.8052
period1,sc01,t3856,0.646982666,132.8052
period1,sc01,t3857,0.789416243,132.8052
period1,sc01,t3858,0.9203400359999999,132.8052
period1,sc01,t3859,0.948118457,132.8052
period1,sc01,t3860,1.017951858,132.8052
period1,sc01,t3861,1.09232277,132.8052
period1,sc01,t3862,0.9513279159999999,132.8052
period1,sc01,t3863,0.518493635,132.8052
period1,sc01,t3864,0.456517875,132.8052
period1,sc01,t3865,0.444565407,132.8052
period1,sc01,t3866,0.4205498,132.8052
period1,sc01,t3867,0.4326129390000001,132.8052
period1,sc01,t3868,0.484517638,132.8052
period1,sc01,t3869,0.746033211,132.8052
period1,sc01,t3870,1.201333705,132.8052
period1,sc01,t3871,0.9476757729999999,132.8052
period1,sc01,t3872,0.723899011,132.8052
period1,sc01,t3873,0.184709899,132.8052
period1,sc01,t3874,0.054782145000000004,132.8052
period1,sc01,t3875,0.03098788,132.8052
period1,sc01,t3876,0.012284481000000002,132.8052
period1,sc01,t3877,0.004980195,132.8052
period1,sc01,t3878,0.002656104,132.8052
period1,sc01,t3879,0.029770499000000002,132.8052
period1,sc01,t3880,0.35193378000000003,132.8052
period1,sc01,t3881,0.49447802799999996,132.8052
period1,sc01,t3882,0.708737084,132.8052
period1,sc01,t3883,1.132275001,132.8052
period1,sc01,t3884,0.9600709249999999,132.8052
period1,sc01,t3885,0.634698185,132.8052
period1,sc01,t3886,0.4346050170000001,132.8052
period1,sc01,t3887,0.503995734,132.8052
period1,sc01,t3888,0.43881051499999996,132.8052
period1,sc01,t3889,0.42021778699999995,132.8052
period1,sc01,t3890,0.408486661,132.8052
period1,sc01,t3891,0.30700135399999995,132.8052
period1,sc01,t3892,0.394763457,132.8052
period1,sc01,t3893,0.580358724,132.8052
period1,sc01,t3894,0.577259936,132.8052
period1,sc01,t3895,0.443680039,132.8052
period1,sc01,t3896,0.20972154499999998,132.8052
period1,sc01,t3897,0.024126278,132.8052
period1,sc01,t3898,0.004537511,132.8052
period1,sc01,t3899,0.0,132.8052
period1,sc01,t3900,0.008410996,132.8052
period1,sc01,t3901,0.012727165,132.8052
period1,sc01,t3902,0.024458291,132.8052
period1,sc01,t3903,0.045264439,132.8052
period1,sc01,t3904,0.082560566,132.8052
period1,sc01,t3905,0.466256923,132.8052
period1,sc01,t3906,0.663251303,132.8052
period1,sc01,t3907,0.7362941630000001,132.8052
period1,sc01,t3908,0.621749678,132.8052
period1,sc01,t3909,0.572943767,132.8052
period1,sc01,t3910,0.479869456,132.8052
period1,sc01,t3911,0.39863694200000005,132.8052
period1,sc01,t3912,0.313752285,132.8052
period1,sc01,t3913,0.325151398,132.8052
period1,sc01,t3914,0.34529351999999996,132.8052
period1,sc01,t3915,0.34916700500000003,132.8052
period1,sc01,t3916,0.398083587,132.8052
period1,sc01,t3917,0.46360081900000005,132.8052
period1,sc01,t3918,0.47809872000000003,132.8052
period1,sc01,t3919,0.43305562300000006,132.8052
period1,sc01,t3920,0.241152109,132.8052
period1,sc01,t3921,0.04648182000000001,132.8052
period1,sc01,t3922,0.007636298999999999,132.8052
period1,sc01,t3923,0.000996039,132.8052
period1,sc01,t3924,-0.0011067100000000001,132.8052
period1,sc01,t3925,-0.0005533550000000001,132.8052
period1,sc01,t3926,0.00553355,132.8052
period1,sc01,t3927,0.02545433,132.8052
period1,sc01,t3928,0.19810108999999998,132.8052
period1,sc01,t3929,0.424533956,132.8052
period1,sc01,t3930,0.540295822,132.8052
period1,sc01,t3931,0.577923962,132.8052
period1,sc01,t3932,0.497355474,132.8052
period1,sc01,t3933,0.41114276499999997,132.8052
period1,sc01,t3934,0.373293283,132.8052
period1,sc01,t3935,0.388565881,132.8052
period1,sc01,t3936,0.22687555,132.8052
period1,sc01,t3937,0.053675434999999994,132.8052
period1,sc01,t3938,0.05467147400000001,132.8052
period1,sc01,t3939,0.028553118000000002,132.8052
period1,sc01,t3940,0.023351581,132.8052
period1,sc01,t3941,0.03906686299999999,132.8052
period1,sc01,t3942,0.052900738,132.8052
period1,sc01,t3943,0.04725651699999999,132.8052
period1,sc01,t3944,0.010071061,132.8052
period1,sc01,t3945,-0.008078983,132.8052
period1,sc01,t3946,-0.057548919999999996,132.8052
period1,sc01,t3947,-0.165010461,132.8052
period1,sc01,t3948,-0.22200602599999997,132.8052
period1,sc01,t3949,-0.242037477,132.8052
period1,sc01,t3950,-0.038070823999999996,132.8052
period1,sc01,t3951,0.0,132.8052
period1,sc01,t3952,0.038402837,132.8052
period1,sc01,t3953,0.321167242,132.8052
period1,sc01,t3954,0.284535141,132.8052
period1,sc01,t3955,0.628168596,132.8052
period1,sc01,t3956,0.60205024,132.8052
period1,sc01,t3957,0.5872203260000001,132.8052
period1,sc01,t3958,0.495142054,132.8052
period1,sc01,t3959,0.44224131600000005,132.8052
period1,sc01,t3960,0.42232053599999997,132.8052
period1,sc01,t3961,0.4206604709999999,132.8052
period1,sc01,t3962,0.414905579,132.8052
period1,sc01,t3963,0.39996499399999996,132.8052
period1,sc01,t3964,0.38956192,132.8052
period1,sc01,t3965,0.334779775,132.8052
period1,sc01,t3966,0.056995565,132.8052
period1,sc01,t3967,0.057106236000000005,132.8052
period1,sc01,t3968,0.04980195,132.8052
period1,sc01,t3969,0.010403074,132.8052
period1,sc01,t3970,-0.00022134200000000002,132.8052
period1,sc01,t3971,-0.013944546,132.8052
period1,sc01,t3972,-0.06418918,132.8052
period1,sc01,t3973,-0.038292166,132.8052
period1,sc01,t3974,-0.006086905,132.8052
period1,sc01,t3975,0.025232987999999998,132.8052
period1,sc01,t3976,0.3098788,132.8052
period1,sc01,t3977,0.522477791,132.8052
period1,sc01,t3978,0.602492924,132.8052
period1,sc01,t3979,0.644990588,132.8052
period1,sc01,t3980,0.743377107,132.8052
period1,sc01,t3981,0.7029821920000001,132.8052
period1,sc01,t3982,0.5816867760000001,132.8052
period1,sc01,t3983,0.447332182,132.8052
period1,sc01,t3984,0.42663670499999995,132.8052
period1,sc01,t3985,0.408154648,132.8052
period1,sc01,t3986,0.417340341,132.8052
period1,sc01,t3987,0.405387873,132.8052
period1,sc01,t3988,0.40616257000000006,132.8052
period1,sc01,t3989,0.43526904299999997,132.8052
period1,sc01,t3990,0.552580303,132.8052
period1,sc01,t3991,0.481750863,132.8052
period1,sc01,t3992,0.40793330599999994,132.8052
period1,sc01,t3993,0.36233685400000004,132.8052
period1,sc01,t3994,0.10735086999999999,132.8052
period1,sc01,t3995,0.043383031999999995,132.8052
period1,sc01,t3996,0.018703399,132.8052
period1,sc01,t3997,0.024790304000000003,132.8052
period1,sc01,t3998,0.045153768000000004,132.8052
period1,sc01,t3999,0.08521667000000001,132.8052
period1,sc01,t4000,0.325704753,132.8052
period1,sc01,t4001,0.38900856500000003,132.8052
period1,sc01,t4002,0.399854323,132.8052
period1,sc01,t4003,0.412581488,132.8052
period1,sc01,t4004,0.42796475700000003,132.8052
period1,sc01,t4005,0.42198852300000006,132.8052
period1,sc01,t4006,0.38037622699999996,132.8052
period1,sc01,t4007,0.313420272,132.8052
period1,sc01,t4008,0.319728519,132.8052
period1,sc01,t4009,0.281657695,132.8052
period1,sc01,t4010,0.261294231,132.8052
period1,sc01,t4011,0.255871352,132.8052
period1,sc01,t4012,0.306890683,132.8052
period1,sc01,t4013,0.37130120499999997,132.8052
period1,sc01,t4014,0.42265254899999993,132.8052
period1,sc01,t4015,0.42575133699999995,132.8052
period1,sc01,t4016,0.39930096800000003,132.8052
period1,sc01,t4017,0.047367188,132.8052
period1,sc01,t4018,0.017154005,132.8052
period1,sc01,t4019,0.003762814,132.8052
period1,sc01,t4020,-0.009628377,132.8052
period1,sc01,t4021,0.004205498,132.8052
period1,sc01,t4022,0.014497900999999999,132.8052
period1,sc01,t4023,0.051130002,132.8052
period1,sc01,t4024,0.26494637400000004,132.8052
period1,sc01,t4025,0.376502742,132.8052
period1,sc01,t4026,0.41966443200000003,132.8052
period1,sc01,t4027,0.472011815,132.8052
period1,sc01,t4028,0.475995971,132.8052
period1,sc01,t4029,0.28497782499999996,132.8052
period1,sc01,t4030,0.401182375,132.8052
period1,sc01,t4031,0.43095287399999993,132.8052
period1,sc01,t4032,0.37738811,132.8052
period1,sc01,t4033,0.157595504,132.8052
period1,sc01,t4034,0.273689383,132.8052
period1,sc01,t4035,0.39664486400000004,132.8052
period1,sc01,t4036,0.40992538399999995,132.8052
period1,sc01,t4037,0.44445473599999996,132.8052
period1,sc01,t4038,0.45275506099999996,132.8052
period1,sc01,t4039,0.43294495199999994,132.8052
period1,sc01,t4040,0.407047938,132.8052
period1,sc01,t4041,0.14940585,132.8052
period1,sc01,t4042,0.017818031,132.8052
period1,sc01,t4043,0.003209459,132.8052
period1,sc01,t4044,0.001881407,132.8052
period1,sc01,t4045,0.0015493940000000002,132.8052
period1,sc01,t4046,0.000996039,132.8052
period1,sc01,t4047,0.026118355999999995,132.8052
period1,sc01,t4048,0.338542589,132.8052
period1,sc01,t4049,0.395759496,132.8052
period1,sc01,t4050,0.40926135799999996,132.8052
period1,sc01,t4051,0.457181901,132.8052
period1,sc01,t4052,0.457845927,132.8052
period1,sc01,t4053,0.44412272300000005,132.8052
period1,sc01,t4054,0.40715860899999995,132.8052
period1,sc01,t4055,0.386684474,132.8052
period1,sc01,t4056,0.370526508,132.8052
period1,sc01,t4057,0.35458988399999997,132.8052
period1,sc01,t4058,0.107240199,132.8052
period1,sc01,t4059,0.025122316999999998,132.8052
period1,sc01,t4060,0.153611348,132.8052
period1,sc01,t4061,0.351269754,132.8052
period1,sc01,t4062,0.34905633399999997,132.8052
period1,sc01,t4063,0.249784447,132.8052
period1,sc01,t4064,0.029327815,132.8052
period1,sc01,t4065,0.00011067100000000001,132.8052
period1,sc01,t4066,-0.011731126,132.8052
period1,sc01,t4067,-0.027889092,132.8052
period1,sc01,t4068,-0.030434524999999997,132.8052
period1,sc01,t4069,-0.035304049000000004,132.8052
period1,sc01,t4070,-0.035304049000000004,132.8052
period1,sc01,t4071,-0.028331776000000003,132.8052
period1,sc01,t4072,0.004648182,132.8052
period1,sc01,t4073,0.324487372,132.8052
period1,sc01,t4074,0.377830794,132.8052
period1,sc01,t4075,0.441798632,132.8052
period1,sc01,t4076,0.469577053,132.8052
period1,sc01,t4077,0.452976403,132.8052
period1,sc01,t4078,0.43250226799999997,132.8052
period1,sc01,t4079,0.398747613,132.8052
period1,sc01,t4080,0.385245751,132.8052
period1,sc01,t4081,0.377720123,132.8052
period1,sc01,t4082,0.39210735300000005,132.8052
period1,sc01,t4083,0.244914923,132.8052
period1,sc01,t4084,0.40760129300000003,132.8052
period1,sc01,t4085,0.40549854399999996,132.8052
period1,sc01,t4086,0.08743009,132.8052
period1,sc01,t4087,0.086876735,132.8052
period1,sc01,t4088,0.079019094,132.8052
period1,sc01,t4089,0.06064770800000001,132.8052
period1,sc01,t4090,0.017043334,132.8052
period1,sc01,t4091,-0.021248832,132.8052
period1,sc01,t4092,-0.031983919,132.8052
period1,sc01,t4093,-0.023904936,132.8052
period1,sc01,t4094,0.015051256,132.8052
period1,sc01,t4095,0.09218894300000001,132.8052
period1,sc01,t4096,0.10923227699999999,132.8052
period1,sc01,t4097,0.40926135799999996,132.8052
period1,sc01,t4098,0.425308653,132.8052
period1,sc01,t4099,0.523805843,132.8052
period1,sc01,t4100,0.473118525,132.8052
period1,sc01,t4101,0.4389211859999999,132.8052
period1,sc01,t4102,0.13413325199999998,132.8052
period1,sc01,t4103,0.04493242599999999,132.8052
period1,sc01,t4104,0.041833638,132.8052
period1,sc01,t4105,0.036189417,132.8052
period1,sc01,t4106,0.062197102,132.8052
period1,sc01,t4107,0.014276559000000001,132.8052
period1,sc01,t4108,0.013391190999999998,132.8052
period1,sc01,t4109,0.013391190999999998,132.8052
period1,sc01,t4110,0.010513745,132.8052
period1,sc01,t4111,0.008078983,132.8052
period1,sc01,t4112,-0.002434762,132.8052
period1,sc01,t4113,-0.010181732,132.8052
period1,sc01,t4114,-0.022798226,132.8052
period1,sc01,t4115,-0.155714097,132.8052
period1,sc01,t4116,-0.265057045,132.8052
period1,sc01,t4117,-0.277230855,132.8052
period1,sc01,t4118,-0.048584568999999994,132.8052
period1,sc01,t4119,0.00022134200000000002,132.8052
period1,sc01,t4120,0.06972273,132.8052
period1,sc01,t4121,0.10480543700000002,132.8052
period1,sc01,t4122,0.422541878,132.8052
period1,sc01,t4123,0.45131633800000004,132.8052
period1,sc01,t4124,0.602824937,132.8052
period1,sc01,t4125,0.7924043599999999,132.8052
period1,sc01,t4126,0.481750863,132.8052
period1,sc01,t4127,0.39277137900000003,132.8052
period1,sc01,t4128,0.22067797400000003,132.8052
period1,sc01,t4129,0.160362279,132.8052
period1,sc01,t4130,0.075145609,132.8052
period1,sc01,t4131,0.09218894300000001,132.8052
period1,sc01,t4132,0.103698727,132.8052
period1,sc01,t4133,0.10712952799999999,132.8052
period1,sc01,t4134,0.085105999,132.8052
period1,sc01,t4135,0.037185456,132.8052
period1,sc01,t4136,-0.0008853680000000001,132.8052
period1,sc01,t4137,-0.039730889,132.8052
period1,sc01,t4138,-0.07060809800000001,132.8052
period1,sc01,t4139,-0.066955955,132.8052
period1,sc01,t4140,-0.06485320600000001,132.8052
period1,sc01,t4141,-0.106022818,132.8052
period1,sc01,t4142,-0.07304286,132.8052
period1,sc01,t4143,-0.015715281999999997,132.8052
period1,sc01,t4144,0.06330381199999999,132.8052
period1,sc01,t4145,0.25542866799999997,132.8052
period1,sc01,t4146,0.379712201,132.8052
period1,sc01,t4147,0.39941163900000004,132.8052
period1,sc01,t4148,0.40339579500000006,132.8052
period1,sc01,t4149,0.073264202,132.8052
period1,sc01,t4150,0.050133963000000004,132.8052
period1,sc01,t4151,0.045043097000000004,132.8052
period1,sc01,t4152,0.019699438,132.8052
period1,sc01,t4153,0.017596689000000002,132.8052
period1,sc01,t4154,0.0017707360000000002,132.8052
period1,sc01,t4155,0.00011067100000000001,132.8052
period1,sc01,t4156,0.01992078,132.8052
period1,sc01,t4157,0.283428431,132.8052
period1,sc01,t4158,0.303681224,132.8052
period1,sc01,t4159,0.30423457899999995,132.8052
period1,sc01,t4160,0.099271887,132.8052
period1,sc01,t4161,0.036964114,132.8052
period1,sc01,t4162,0.024236949,132.8052
period1,sc01,t4163,0.010513745,132.8052
period1,sc01,t4164,-0.004980195,132.8052
period1,sc01,t4165,0.0035414720000000004,132.8052
period1,sc01,t4166,0.005201537,132.8052
period1,sc01,t4167,0.008743009,132.8052
period1,sc01,t4168,0.015051256,132.8052
period1,sc01,t4169,0.0332013,132.8052
period1,sc01,t4170,0.073264202,132.8052
period1,sc01,t4171,0.30976812899999995,132.8052
period1,sc01,t4172,0.298701029,132.8052
period1,sc01,t4173,0.08942216800000001,132.8052
period1,sc01,t4174,0.029106473,132.8052
period1,sc01,t4175,0.032647945000000005,132.8052
period1,sc01,t4176,0.019256754,132.8052
period1,sc01,t4177,0.009517705999999999,132.8052
period1,sc01,t4178,0.001328052,132.8052
period1,sc01,t4179,0.0,132.8052
period1,sc01,t4180,0.030434524999999997,132.8052
period1,sc01,t4181,0.04758853,132.8052
period1,sc01,t4182,0.07735902900000001,132.8052
period1,sc01,t4183,0.13778539499999998,132.8052
period1,sc01,t4184,0.024790304000000003,132.8052
period1,sc01,t4185,0.0007746970000000001,132.8052
period1,sc01,t4186,-0.0022134200000000002,132.8052
period1,sc01,t4187,-0.020363464,132.8052
period1,sc01,t4188,-0.015825952999999997,132.8052
period1,sc01,t4189,-0.014719243,132.8052
period1,sc01,t4190,-0.010181732,132.8052
period1,sc01,t4191,0.016821992,132.8052
period1,sc01,t4192,0.041501625,132.8052
period1,sc01,t4193,0.110781671,132.8052
period1,sc01,t4194,0.13601465899999998,132.8052
period1,sc01,t4195,0.170211998,132.8052
period1,sc01,t4196,0.06197576,132.8052
period1,sc01,t4197,0.046703162,132.8052
period1,sc01,t4198,0.029659828,132.8052
period1,sc01,t4199,0.022355542000000003,132.8052
period1,sc01,t4200,0.01660065,132.8052
period1,sc01,t4201,0.014055217,132.8052
period1,sc01,t4202,0.009296364,132.8052
period1,sc01,t4203,0.017596689000000002,132.8052
period1,sc01,t4204,0.083445934,132.8052
period1,sc01,t4205,0.11011764499999999,132.8052
period1,sc01,t4206,0.15261530899999998,132.8052
period1,sc01,t4207,0.153943361,132.8052
period1,sc01,t4208,0.147413772,132.8052
period1,sc01,t4209,0.068726691,132.8052
period1,sc01,t4210,0.018482057,132.8052
period1,sc01,t4211,0.01217381,132.8052
period1,sc01,t4212,0.0,132.8052
period1,sc01,t4213,-0.00022134200000000002,132.8052
period1,sc01,t4214,0.008853680000000001,132.8052
period1,sc01,t4215,0.096173099,132.8052
period1,sc01,t4216,0.165342474,132.8052
period1,sc01,t4217,0.353815187,132.8052
period1,sc01,t4218,0.397419561,132.8052
period1,sc01,t4219,0.44379071000000003,132.8052
period1,sc01,t4220,0.4389211859999999,132.8052
period1,sc01,t4221,0.42663670499999995,132.8052
period1,sc01,t4222,0.423648588,132.8052
period1,sc01,t4223,0.42187785199999994,132.8052
period1,sc01,t4224,0.39764090299999993,132.8052
period1,sc01,t4225,0.368977114,132.8052
period1,sc01,t4226,0.396312851,132.8052
period1,sc01,t4227,0.39830492900000003,132.8052
period1,sc01,t4228,0.403285124,132.8052
period1,sc01,t4229,0.41501625,132.8052
period1,sc01,t4230,0.47079443400000004,132.8052
period1,sc01,t4231,0.594635283,132.8052
period1,sc01,t4232,0.558113853,132.8052
period1,sc01,t4233,0.412249475,132.8052
period1,sc01,t4234,0.369419798,132.8052
period1,sc01,t4235,0.280993669,132.8052
period1,sc01,t4236,0.331680987,132.8052
period1,sc01,t4237,0.378937504,132.8052
period1,sc01,t4238,0.41413088200000003,132.8052
period1,sc01,t4239,0.33975996999999997,132.8052
period1,sc01,t4240,0.511521362,132.8052
period1,sc01,t4241,0.47942677199999995,132.8052
period1,sc01,t4242,0.559552576,132.8052
period1,sc01,t4243,0.5689596109999999,132.8052
period1,sc01,t4244,0.575267858,132.8052
period1,sc01,t4245,0.449434931,132.8052
period1,sc01,t4246,0.416344302,132.8052
period1,sc01,t4247,0.404059821,132.8052
period1,sc01,t4248,0.393767418,132.8052
period1,sc01,t4249,0.37130120499999997,132.8052
period1,sc01,t4250,0.348170966,132.8052
period1,sc01,t4251,0.324598043,132.8052
period1,sc01,t4252,0.322495294,132.8052
period1,sc01,t4253,0.360676789,132.8052
period1,sc01,t4254,0.38756984200000005,132.8052
period1,sc01,t4255,0.49868352600000004,132.8052
period1,sc01,t4256,0.497134132,132.8052
period1,sc01,t4257,0.48617770299999996,132.8052
period1,sc01,t4258,0.41877906400000003,132.8052
period1,sc01,t4259,0.24281217400000002,132.8052
period1,sc01,t4260,0.075145609,132.8052
period1,sc01,t4261,0.046149807,132.8052
period1,sc01,t4262,0.045375109999999996,132.8052
period1,sc01,t4263,0.043825716,132.8052
period1,sc01,t4264,0.040837599,132.8052
period1,sc01,t4265,0.043161689999999996,132.8052
period1,sc01,t4266,0.051351344,132.8052
period1,sc01,t4267,0.060869049999999994,132.8052
period1,sc01,t4268,0.110671,132.8052
period1,sc01,t4269,0.154164703,132.8052
period1,sc01,t4270,0.08300325,132.8052
period1,sc01,t4271,0.034972036,132.8052
period1,sc01,t4272,0.029106473,132.8052
period1,sc01,t4273,0.028221104999999996,132.8052
period1,sc01,t4274,0.028995801999999998,132.8052
period1,sc01,t4275,0.032426603000000005,132.8052
period1,sc01,t4276,0.045375109999999996,132.8052
period1,sc01,t4277,0.059540998000000005,132.8052
period1,sc01,t4278,0.081121843,132.8052
period1,sc01,t4279,0.083777947,132.8052
period1,sc01,t4280,0.042608335000000004,132.8052
period1,sc01,t4281,0.0033201299999999997,132.8052
period1,sc01,t4282,0.0007746970000000001,132.8052
period1,sc01,t4283,-0.006861602,132.8052
period1,sc01,t4284,-0.022576884000000002,132.8052
period1,sc01,t4285,-0.018703399,132.8052
period1,sc01,t4286,0.0,132.8052
period1,sc01,t4287,0.011177771000000001,132.8052
period1,sc01,t4288,0.031983919,132.8052
period1,sc01,t4289,0.060426365999999995,132.8052
period1,sc01,t4290,0.059983682,132.8052
period1,sc01,t4291,0.049691279,132.8052
period1,sc01,t4292,0.031098551,132.8052
period1,sc01,t4293,0.013723204,132.8052
period1,sc01,t4294,0.0,132.8052
period1,sc01,t4295,0.017486018,132.8052
period1,sc01,t4296,0.0,132.8052
period1,sc01,t4297,-0.0015493940000000002,132.8052
period1,sc01,t4298,-0.001992078,132.8052
period1,sc01,t4299,-0.003430801,132.8052
period1,sc01,t4300,-0.0056442210000000005,132.8052
period1,sc01,t4301,-0.00553355,132.8052
period1,sc01,t4302,-0.008521667,132.8052
period1,sc01,t4303,-0.013612533,132.8052
period1,sc01,t4304,-0.002102749,132.8052
period1,sc01,t4305,-0.012284481000000002,132.8052
period1,sc01,t4306,-0.0221342,132.8052
period1,sc01,t4307,-0.059873011,132.8052
period1,sc01,t4308,-0.220345961,132.8052
period1,sc01,t4309,-0.261294231,132.8052
period1,sc01,t4310,-0.166891868,132.8052
period1,sc01,t4311,-0.023683594,132.8052
period1,sc01,t4312,-0.002766775,132.8052
period1,sc01,t4313,0.0,132.8052
period1,sc01,t4314,0.025343658999999998,132.8052
period1,sc01,t4315,0.027335737000000006,132.8052
period1,sc01,t4316,0.01992078,132.8052
period1,sc01,t4317,0.0044268400000000005,132.8052
period1,sc01,t4318,-0.0007746970000000001,132.8052
period1,sc01,t4319,-0.0007746970000000001,132.8052
period1,sc01,t4320,-0.0011067100000000001,132.8052
period1,sc01,t4321,-0.003430801,132.8052
period1,sc01,t4322,-0.002102749,132.8052
period1,sc01,t4323,-0.0011067100000000001,132.8052
period1,sc01,t4324,0.016821992,132.8052
period1,sc01,t4325,0.335222459,132.8052
period1,sc01,t4326,0.38934057800000005,132.8052
period1,sc01,t4327,0.36964114,132.8052
period1,sc01,t4328,0.34296942899999994,132.8052
period1,sc01,t4329,0.322384623,132.8052
period1,sc01,t4330,0.025786343,132.8052
period1,sc01,t4331,0.021470173999999998,132.8052
period1,sc01,t4332,0.015604611000000001,132.8052
period1,sc01,t4333,0.0332013,132.8052
period1,sc01,t4334,0.18161111100000002,132.8052
period1,sc01,t4335,0.331680987,132.8052
period1,sc01,t4336,0.36377557699999996,132.8052
period1,sc01,t4337,0.41191746199999996,132.8052
period1,sc01,t4338,0.429624822,132.8052
period1,sc01,t4339,0.44058125100000006,132.8052
period1,sc01,t4340,0.44379071000000003,132.8052
period1,sc01,t4341,0.419332419,132.8052
period1,sc01,t4342,0.376060058,132.8052
period1,sc01,t4343,0.362447525,132.8052
period1,sc01,t4344,0.339317286,132.8052
period1,sc01,t4345,0.34739626900000004,132.8052
period1,sc01,t4346,0.340091983,132.8052
period1,sc01,t4347,0.322273952,132.8052
period1,sc01,t4348,0.341862719,132.8052
period1,sc01,t4349,0.36554631300000007,132.8052
period1,sc01,t4350,0.484517638,132.8052
period1,sc01,t4351,0.441909303,132.8052
period1,sc01,t4352,0.345182849,132.8052
period1,sc01,t4353,0.33865326,132.8052
period1,sc01,t4354,0.18061507200000002,132.8052
period1,sc01,t4355,0.100378597,132.8052
period1,sc01,t4356,0.07780171300000001,132.8052
period1,sc01,t4357,0.23052769299999998,132.8052
period1,sc01,t4358,0.16390375100000001,132.8052
period1,sc01,t4359,0.493260647,132.8052
period1,sc01,t4360,0.645986627,132.8052
period1,sc01,t4361,0.736404834,132.8052
period1,sc01,t4362,0.82117882,132.8052
period1,sc01,t4363,0.993604238,132.8052
period1,sc01,t4364,0.795060464,132.8052
period1,sc01,t4365,0.692136434,132.8052
period1,sc01,t4366,0.44655748500000003,132.8052
period1,sc01,t4367,0.42829677000000005,132.8052
period1,sc01,t4368,0.426526034,132.8052
period1,sc01,t4369,0.44611480100000006,132.8052
period1,sc01,t4370,0.42552999500000005,132.8052
period1,sc01,t4371,0.38889789399999997,132.8052
period1,sc01,t4372,0.45430445499999994,132.8052
period1,sc01,t4373,0.599726149,132.8052
period1,sc01,t4374,0.674539745,132.8052
period1,sc01,t4375,0.663804658,132.8052
period1,sc01,t4376,0.605591712,132.8052
period1,sc01,t4377,0.559552576,132.8052
period1,sc01,t4378,0.265278387,132.8052
period1,sc01,t4379,0.22776091799999998,132.8052
period1,sc01,t4380,0.21868589600000005,132.8052
period1,sc01,t4381,0.249784447,132.8052
period1,sc01,t4382,0.434383675,132.8052
period1,sc01,t4383,0.557007143,132.8052
period1,sc01,t4384,0.605149028,132.8052
period1,sc01,t4385,0.700658101,132.8052
period1,sc01,t4386,1.009651533,132.8052
period1,sc01,t4387,0.9843078739999999,132.8052
period1,sc01,t4388,0.6941285119999999,132.8052
period1,sc01,t4389,0.6298286609999999,132.8052
period1,sc01,t4390,0.445118762,132.8052
period1,sc01,t4391,0.350273715,132.8052
period1,sc01,t4392,0.337325208,132.8052
period1,sc01,t4393,0.33433709100000003,132.8052
period1,sc01,t4394,0.23351581000000002,132.8052
period1,sc01,t4395,0.195998341,132.8052
period1,sc01,t4396,0.065849245,132.8052
period1,sc01,t4397,0.235618559,132.8052
period1,sc01,t4398,0.35624994899999995,132.8052
period1,sc01,t4399,0.244250897,132.8052
period1,sc01,t4400,0.19998249699999998,132.8052
period1,sc01,t4401,0.046924504,132.8052
period1,sc01,t4402,0.03652143,132.8052
period1,sc01,t4403,0.01881407,132.8052
period1,sc01,t4404,0.002324091,132.8052
period1,sc01,t4405,0.00011067100000000001,132.8052
period1,sc01,t4406,0.005976234,132.8052
period1,sc01,t4407,0.01660065,132.8052
period1,sc01,t4408,0.026671711000000004,132.8052
period1,sc01,t4409,0.034529352,132.8052
period1,sc01,t4410,0.068837362,132.8052
period1,sc01,t4411,0.073264202,132.8052
period1,sc01,t4412,0.21791119900000003,132.8052
period1,sc01,t4413,0.126386282,132.8052
period1,sc01,t4414,0.10093195199999999,132.8052
period1,sc01,t4415,0.012284481000000002,132.8052
period1,sc01,t4416,-0.009628377,132.8052
period1,sc01,t4417,0.0,132.8052
period1,sc01,t4418,0.009296364,132.8052
period1,sc01,t4419,0.024568962000000003,132.8052
period1,sc01,t4420,0.32847152799999996,132.8052
period1,sc01,t4421,0.36698503599999993,132.8052
period1,sc01,t4422,0.364660945,132.8052
period1,sc01,t4423,0.347617611,132.8052
period1,sc01,t4424,0.327143476,132.8052
period1,sc01,t4425,0.046592491,132.8052
period1,sc01,t4426,0.017264676,132.8052
period1,sc01,t4427,0.000664026,132.8052
period1,sc01,t4428,-0.013723204,132.8052
period1,sc01,t4429,-0.004205498,132.8052
period1,sc01,t4430,-0.003652143,132.8052
period1,sc01,t4431,0.027889092,132.8052
period1,sc01,t4432,0.24790304,132.8052
period1,sc01,t4433,0.276124145,132.8052
period1,sc01,t4434,0.398526271,132.8052
period1,sc01,t4435,0.41247081700000005,132.8052
period1,sc01,t4436,0.408043977,132.8052
period1,sc01,t4437,0.31120685200000003,132.8052
period1,sc01,t4438,0.146860417,132.8052
period1,sc01,t4439,0.091303575,132.8052
period1,sc01,t4440,0.059208985,132.8052
period1,sc01,t4441,0.05854495900000001,132.8052
period1,sc01,t4442,0.05854495900000001,132.8052
period1,sc01,t4443,0.058987643,132.8052
period1,sc01,t4444,0.069612059,132.8052
period1,sc01,t4445,0.057216907000000004,132.8052
period1,sc01,t4446,0.06529589000000001,132.8052
period1,sc01,t4447,0.058212946,132.8052
period1,sc01,t4448,0.041390954,132.8052
period1,sc01,t4449,0.023572923,132.8052
period1,sc01,t4450,0.019367425,132.8052
period1,sc01,t4451,0.0063082469999999995,132.8052
period1,sc01,t4452,0.004094827,132.8052
period1,sc01,t4453,0.005976234,132.8052
period1,sc01,t4454,0.014719243,132.8052
period1,sc01,t4455,0.035968074999999995,132.8052
period1,sc01,t4456,0.048584568999999994,132.8052
period1,sc01,t4457,0.205516047,132.8052
period1,sc01,t4458,0.327918173,132.8052
period1,sc01,t4459,0.341862719,132.8052
period1,sc01,t4460,0.289293994,132.8052
period1,sc01,t4461,0.254875313,132.8052
period1,sc01,t4462,0.085991367,132.8052
period1,sc01,t4463,0.042829677000000003,132.8052
period1,sc01,t4464,0.035857404,132.8052
period1,sc01,t4465,0.034972036,132.8052
period1,sc01,t4466,0.030213182999999998,132.8052
period1,sc01,t4467,0.031873248,132.8052
period1,sc01,t4468,0.038070823999999996,132.8052
period1,sc01,t4469,0.04205498,132.8052
period1,sc01,t4470,0.05378610600000001,132.8052
period1,sc01,t4471,0.082449895,132.8052
period1,sc01,t4472,0.0774697,132.8052
period1,sc01,t4473,0.090528878,132.8052
period1,sc01,t4474,0.103145372,132.8052
period1,sc01,t4475,0.071272124,132.8052
period1,sc01,t4476,0.062418444000000003,132.8052
period1,sc01,t4477,0.09008619400000001,132.8052
period1,sc01,t4478,0.109896303,132.8052
period1,sc01,t4479,0.23008500899999998,132.8052
period1,sc01,t4480,0.42796475700000003,132.8052
period1,sc01,t4481,0.424533956,132.8052
period1,sc01,t4482,0.416565644,132.8052
period1,sc01,t4483,0.43051018999999996,132.8052
period1,sc01,t4484,0.409372029,132.8052
period1,sc01,t4485,0.407379951,132.8052
period1,sc01,t4486,0.38967259099999996,132.8052
period1,sc01,t4487,0.367981075,132.8052
period1,sc01,t4488,0.361672828,132.8052
period1,sc01,t4489,0.357799343,132.8052
period1,sc01,t4490,0.352376464,132.8052
period1,sc01,t4491,0.351048412,132.8052
period1,sc01,t4492,0.36388624799999997,132.8052
period1,sc01,t4493,0.38712715799999997,132.8052
period1,sc01,t4494,0.8987591909999999,132.8052
period1,sc01,t4495,1.0733980289999998,132.8052
period1,sc01,t4496,1.0513745,132.8052
period1,sc01,t4497,1.047611686,132.8052
period1,sc01,t4498,1.0045606669999998,132.8052
period1,sc01,t4499,0.7833293379999999,132.8052
period1,sc01,t4500,0.713163924,132.8052
period1,sc01,t4501,0.5219244359999999,132.8052
period1,sc01,t4502,0.495142054,132.8052
period1,sc01,t4503,0.516501557,132.8052
period1,sc01,t4504,0.7307606130000001,132.8052
period1,sc01,t4505,0.9581895180000001,132.8052
period1,sc01,t4506,1.017509174,132.8052
period1,sc01,t4507,1.097192294,132.8052
period1,sc01,t4508,1.183626345,132.8052
period1,sc01,t4509,0.770048818,132.8052
period1,sc01,t4510,0.338542589,132.8052
period1,sc01,t4511,0.30943611600000004,132.8052
period1,sc01,t4512,0.09672645399999999,132.8052
period1,sc01,t4513,0.093406324,132.8052
period1,sc01,t4514,0.054450132,132.8052
period1,sc01,t4515,0.053232751,132.8052
period1,sc01,t4516,0.09827584800000001,132.8052
period1,sc01,t4517,0.39941163900000004,132.8052
period1,sc01,t4518,0.580690737,132.8052
period1,sc01,t4519,0.657939095,132.8052
period1,sc01,t4520,0.477877378,132.8052
period1,sc01,t4521,0.37727743900000005,132.8052
period1,sc01,t4522,0.30423457899999995,132.8052
period1,sc01,t4523,0.29460620200000004,132.8052
period1,sc01,t4524,0.281879037,132.8052
period1,sc01,t4525,0.330131593,132.8052
period1,sc01,t4526,0.416565644,132.8052
period1,sc01,t4527,0.529450064,132.8052
period1,sc01,t4528,0.710175807,132.8052
period1,sc01,t4529,0.7648472810000001,132.8052
period1,sc01,t4530,1.084797142,132.8052
period1,sc01,t4531,1.070963267,132.8052
period1,sc01,t4532,1.0264735249999999,132.8052
period1,sc01,t4533,0.9221107719999999,132.8052
period1,sc01,t4534,0.738839596,132.8052
period1,sc01,t4535,0.468249001,132.8052
period1,sc01,t4536,0.475995971,132.8052
period1,sc01,t4537,0.42796475700000003,132.8052
period1,sc01,t4538,0.39819425799999997,132.8052
period1,sc01,t4539,0.45530049400000006,132.8052
period1,sc01,t4540,0.623741756,132.8052
period1,sc01,t4541,1.224574615,132.8052
period1,sc01,t4542,1.26939637,132.8052
period1,sc01,t4543,1.259878664,132.8052
period1,sc01,t4544,1.023374737,132.8052
period1,sc01,t4545,0.9024113340000001,132.8052
period1,sc01,t4546,0.75034938,132.8052
period1,sc01,t4547,0.657496411,132.8052
period1,sc01,t4548,0.49469937,132.8052
period1,sc01,t4549,0.38557776400000005,132.8052
period1,sc01,t4550,0.517718938,132.8052
period1,sc01,t4551,0.765068623,132.8052
period1,sc01,t4552,0.908940923,132.8052
period1,sc01,t4553,1.1166703900000001,132.8052
period1,sc01,t4554,1.312226047,132.8052
period1,sc01,t4555,1.52061954,132.8052
period1,sc01,t4556,1.48077798,132.8052
period1,sc01,t4557,1.2209224719999998,132.8052
period1,sc01,t4558,0.569291624,132.8052
period1,sc01,t4559,0.48064415299999996,132.8052
period1,sc01,t4560,0.451427009,132.8052
period1,sc01,t4561,0.424091272,132.8052
period1,sc01,t4562,0.42265254899999993,132.8052
period1,sc01,t4563,0.4346050170000001,132.8052
period1,sc01,t4564,0.451427009,132.8052
period1,sc01,t4565,0.759424402,132.8052
period1,sc01,t4566,1.130946949,132.8052
period1,sc01,t4567,1.110915498,132.8052
period1,sc01,t4568,0.9299684130000001,132.8052
period1,sc01,t4569,0.7437091200000001,132.8052
period1,sc01,t4570,0.644437233,132.8052
period1,sc01,t4571,0.488280452,132.8052
period1,sc01,t4572,0.42674737600000007,132.8052
period1,sc01,t4573,0.42420194299999997,132.8052
period1,sc01,t4574,0.570951689,132.8052
period1,sc01,t4575,0.8020327369999999,132.8052
period1,sc01,t4576,0.909494278,132.8052
period1,sc01,t4577,1.057350734,132.8052
period1,sc01,t4578,1.209523359,132.8052
period1,sc01,t4579,1.21074074,132.8052
period1,sc01,t4580,0.8477398599999999,132.8052
period1,sc01,t4581,0.46503954200000003,132.8052
period1,sc01,t4582,0.313420272,132.8052
period1,sc01,t4583,0.302353172,132.8052
period1,sc01,t4584,0.080457817,132.8052
period1,sc01,t4585,0.050023292,132.8052
period1,sc01,t4586,0.037296127,132.8052
period1,sc01,t4587,0.038402837,132.8052
period1,sc01,t4588,0.043272361,132.8052
period1,sc01,t4589,0.10823623799999998,132.8052
period1,sc01,t4590,0.313641614,132.8052
period1,sc01,t4591,0.45430445499999994,132.8052
period1,sc01,t4592,0.31198154899999997,132.8052
period1,sc01,t4593,0.08078983,132.8052
period1,sc01,t4594,0.053675434999999994,132.8052
period1,sc01,t4595,0.053454093,132.8052
period1,sc01,t4596,0.051904699000000006,132.8052
period1,sc01,t4597,0.052126041,132.8052
period1,sc01,t4598,0.05566751300000001,132.8052
period1,sc01,t4599,0.066291929,132.8052
period1,sc01,t4600,0.059873011,132.8052
period1,sc01,t4601,0.076030977,132.8052
period1,sc01,t4602,0.073928228,132.8052
period1,sc01,t4603,0.058434288,132.8052
period1,sc01,t4604,0.050465975999999996,132.8052
period1,sc01,t4605,0.038956192,132.8052
period1,sc01,t4606,0.028774459999999998,132.8052
period1,sc01,t4607,0.021359503,132.8052
period1,sc01,t4608,0.01992078,132.8052
period1,sc01,t4609,0.0110671,132.8052
period1,sc01,t4610,0.010403074,132.8052
period1,sc01,t4611,0.008964351,132.8052
period1,sc01,t4612,0.017928702,132.8052
period1,sc01,t4613,0.024790304000000003,132.8052
period1,sc01,t4614,0.034750694,132.8052
period1,sc01,t4615,0.039398876,132.8052
period1,sc01,t4616,0.039288205,132.8052
period1,sc01,t4617,0.047477859000000004,132.8052
period1,sc01,t4618,0.033643984,132.8052
period1,sc01,t4619,0.019146083,132.8052
period1,sc01,t4620,0.004316169,132.8052
period1,sc01,t4621,0.010845757999999999,132.8052
period1,sc01,t4622,0.032869287,132.8052
period1,sc01,t4623,0.06673461300000001,132.8052
period1,sc01,t4624,0.087208748,132.8052
period1,sc01,t4625,0.323048649,132.8052
period1,sc01,t4626,0.343854797,132.8052
period1,sc01,t4627,0.341420035,132.8052
period1,sc01,t4628,0.131477148,132.8052
period1,sc01,t4629,0.068948033,132.8052
period1,sc01,t4630,0.049248595,132.8052
period1,sc01,t4631,0.282985747,132.8052
period1,sc01,t4632,0.192235527,132.8052
period1,sc01,t4633,0.16888394599999998,132.8052
period1,sc01,t4634,0.14110552499999998,132.8052
period1,sc01,t4635,0.1549394,132.8052
period1,sc01,t4636,0.17486018,132.8052
period1,sc01,t4637,0.242258819,132.8052
period1,sc01,t4638,0.26494637400000004,132.8052
period1,sc01,t4639,0.251555183,132.8052
period1,sc01,t4640,0.22842494400000002,132.8052
period1,sc01,t4641,0.124615546,132.8052
period1,sc01,t4642,0.04758853,132.8052
period1,sc01,t4643,0.02102749,132.8052
period1,sc01,t4644,0.0016600649999999998,132.8052
period1,sc01,t4645,0.008964351,132.8052
period1,sc01,t4646,0.060758379,132.8052
period1,sc01,t4647,0.170101327,132.8052
period1,sc01,t4648,0.308993432,132.8052
period1,sc01,t4649,0.38557776400000005,132.8052
period1,sc01,t4650,0.385024409,132.8052
period1,sc01,t4651,0.38214696299999995,132.8052
period1,sc01,t4652,0.36632101000000006,132.8052
period1,sc01,t4653,0.362890209,132.8052
period1,sc01,t4654,0.324930056,132.8052
period1,sc01,t4655,0.26195825699999997,132.8052
period1,sc01,t4656,0.224330117,132.8052
period1,sc01,t4657,0.246132304,132.8052
period1,sc01,t4658,0.243918884,132.8052
period1,sc01,t4659,0.21425905599999998,132.8052
period1,sc01,t4660,0.26173691499999996,132.8052
period1,sc01,t4661,0.286527219,132.8052
period1,sc01,t4662,0.405277202,132.8052
period1,sc01,t4663,0.366099668,132.8052
period1,sc01,t4664,0.33987064100000003,132.8052
period1,sc01,t4665,0.289183323,132.8052
period1,sc01,t4666,0.265167716,132.8052
period1,sc01,t4667,0.26727046499999996,132.8052
period1,sc01,t4668,0.306226657,132.8052
period1,sc01,t4669,0.31021081300000003,132.8052
period1,sc01,t4670,0.30246384299999995,132.8052
period1,sc01,t4671,0.275792132,132.8052
period1,sc01,t4672,0.38590977699999995,132.8052
period1,sc01,t4673,0.639789051,132.8052
period1,sc01,t4674,0.754886891,132.8052
period1,sc01,t4675,0.47488926099999995,132.8052
period1,sc01,t4676,0.519379003,132.8052
period1,sc01,t4677,0.338431918,132.8052
period1,sc01,t4678,0.285088496,132.8052
period1,sc01,t4679,0.440138567,132.8052
period1,sc01,t4680,0.304123908,132.8052
period1,sc01,t4681,0.239492044,132.8052
period1,sc01,t4682,0.229974338,132.8052
period1,sc01,t4683,0.158591543,132.8052
period1,sc01,t4684,0.345625533,132.8052
period1,sc01,t4685,0.416233631,132.8052
period1,sc01,t4686,0.570619676,132.8052
period1,sc01,t4687,0.624627124,132.8052
period1,sc01,t4688,0.535204956,132.8052
period1,sc01,t4689,0.528786038,132.8052
period1,sc01,t4690,0.49912621,132.8052
period1,sc01,t4691,0.47433590600000003,132.8052
period1,sc01,t4692,0.46216209599999997,132.8052
period1,sc01,t4693,0.425308653,132.8052
period1,sc01,t4694,0.45043097,132.8052
period1,sc01,t4695,0.5104146519999999,132.8052
period1,sc01,t4696,0.553355,132.8052
period1,sc01,t4697,0.9216680880000001,132.8052
period1,sc01,t4698,0.942031552,132.8052
period1,sc01,t4699,0.803582131,132.8052
period1,sc01,t4700,0.5789200010000001,132.8052
period1,sc01,t4701,0.452423048,132.8052
period1,sc01,t4702,0.42442328500000004,132.8052
period1,sc01,t4703,0.379269517,132.8052
period1,sc01,t4704,0.359902092,132.8052
period1,sc01,t4705,0.35082706999999996,132.8052
period1,sc01,t4706,0.31076416799999995,132.8052
period1,sc01,t4707,0.152393967,132.8052
period1,sc01,t4708,0.251555183,132.8052
period1,sc01,t4709,0.382700318,132.8052
period1,sc01,t4710,0.57438249,132.8052
period1,sc01,t4711,0.6644686839999999,132.8052
period1,sc01,t4712,0.5183829640000001,132.8052
period1,sc01,t4713,0.402289085,132.8052
period1,sc01,t4714,0.419332419,132.8052
period1,sc01,t4715,0.40970404200000005,132.8052
period1,sc01,t4716,0.38380702800000005,132.8052
period1,sc01,t4717,0.346953585,132.8052
period1,sc01,t4718,0.36975181099999993,132.8052
period1,sc01,t4719,0.385467093,132.8052
period1,sc01,t4720,0.43858917300000005,132.8052
period1,sc01,t4721,0.46736363299999995,132.8052
period1,sc01,t4722,0.46116605699999996,132.8052
period1,sc01,t4723,0.441798632,132.8052
period1,sc01,t4724,0.331902329,132.8052
period1,sc01,t4725,0.372186573,132.8052
period1,sc01,t4726,0.06330381199999999,132.8052
period1,sc01,t4727,0.057327578,132.8052
period1,sc01,t4728,0.050465975999999996,132.8052
period1,sc01,t4729,0.033865326,132.8052
period1,sc01,t4730,0.038513508,132.8052
period1,sc01,t4731,0.037960153,132.8052
period1,sc01,t4732,0.048584568999999994,132.8052
period1,sc01,t4733,0.077027016,132.8052
period1,sc01,t4734,0.30943611600000004,132.8052
period1,sc01,t4735,0.337878563,132.8052
period1,sc01,t4736,0.295823583,132.8052
period1,sc01,t4737,0.265721071,132.8052
period1,sc01,t4738,0.25365793200000003,132.8052
period1,sc01,t4739,0.241152109,132.8052
period1,sc01,t4740,0.22831427299999998,132.8052
period1,sc01,t4741,0.224883472,132.8052
period1,sc01,t4742,0.249784447,132.8052
period1,sc01,t4743,0.280440314,132.8052
period1,sc01,t4744,0.318621809,132.8052
period1,sc01,t4745,0.34197339,132.8052
period1,sc01,t4746,0.42741140199999994,132.8052
period1,sc01,t4747,0.40970404200000005,132.8052
period1,sc01,t4748,0.396423522,132.8052
period1,sc01,t4749,0.383585686,132.8052
period1,sc01,t4750,0.369973153,132.8052
period1,sc01,t4751,0.363443564,132.8052
period1,sc01,t4752,0.35636062,132.8052
period1,sc01,t4753,0.36034477600000003,132.8052
period1,sc01,t4754,0.35392585800000004,132.8052
period1,sc01,t4755,0.35458988399999997,132.8052
period1,sc01,t4756,0.370969192,132.8052
period1,sc01,t4757,0.407379951,132.8052
period1,sc01,t4758,0.493814002,132.8052
period1,sc01,t4759,0.481972205,132.8052
period1,sc01,t4760,0.41601228900000004,132.8052
period1,sc01,t4761,0.29626626699999997,132.8052
period1,sc01,t4762,0.304455921,132.8052
period1,sc01,t4763,0.296819622,132.8052
period1,sc01,t4764,0.270922608,132.8052
period1,sc01,t4765,0.27003723999999996,132.8052
period1,sc01,t4766,0.28055098500000003,132.8052
period1,sc01,t4767,0.331127632,132.8052
period1,sc01,t4768,0.353815187,132.8052
period1,sc01,t4769,0.498351513,132.8052
period1,sc01,t4770,0.545497359,132.8052
period1,sc01,t4771,0.503995734,132.8052
period1,sc01,t4772,0.428407441,132.8052
period1,sc01,t4773,0.38690581599999996,132.8052
period1,sc01,t4774,0.3652143,132.8052
period1,sc01,t4775,0.27114395,132.8052
period1,sc01,t4776,0.196773038,132.8052
period1,sc01,t4777,0.169769314,132.8052
period1,sc01,t4778,0.14829914,132.8052
period1,sc01,t4779,0.167777236,132.8052
period1,sc01,t4780,0.204520008,132.8052
period1,sc01,t4781,0.244914923,132.8052
period1,sc01,t4782,0.279444275,132.8052
period1,sc01,t4783,0.27313602800000003,132.8052
period1,sc01,t4784,0.267159794,132.8052
period1,sc01,t4785,0.11554052399999999,132.8052
period1,sc01,t4786,0.05334342200000001,132.8052
period1,sc01,t4787,0.032537274,132.8052
period1,sc01,t4788,0.027889092,132.8052
period1,sc01,t4789,0.043715045,132.8052
period1,sc01,t4790,0.09075021999999999,132.8052
period1,sc01,t4791,0.290732717,132.8052
period1,sc01,t4792,0.45884196600000005,132.8052
period1,sc01,t4793,0.5179402799999999,132.8052
period1,sc01,t4794,0.5754891999999999,132.8052
period1,sc01,t4795,0.577038594,132.8052
period1,sc01,t4796,0.582793486,132.8052
period1,sc01,t4797,0.535204956,132.8052
period1,sc01,t4798,0.457181901,132.8052
period1,sc01,t4799,0.398526271,132.8052
period1,sc01,t4800,0.383032331,132.8052
period1,sc01,t4801,0.379712201,132.8052
period1,sc01,t4802,0.37982287200000003,132.8052
period1,sc01,t4803,0.36875577200000004,132.8052
period1,sc01,t4804,0.280440314,132.8052
period1,sc01,t4805,0.30246384299999995,132.8052
period1,sc01,t4806,0.302353172,132.8052
period1,sc01,t4807,0.313420272,132.8052
period1,sc01,t4808,0.297483648,132.8052
period1,sc01,t4809,0.13878143399999998,132.8052
period1,sc01,t4810,0.054782145000000004,132.8052
period1,sc01,t4811,0.028110434,132.8052
period1,sc01,t4812,0.038181495,132.8052
period1,sc01,t4813,0.059208985,132.8052
period1,sc01,t4814,0.199429142,132.8052
period1,sc01,t4815,0.369419798,132.8052
period1,sc01,t4816,0.331680987,132.8052
period1,sc01,t4817,0.410921423,132.8052
period1,sc01,t4818,0.47112644700000006,132.8052
period1,sc01,t4819,0.45186969299999996,132.8052
period1,sc01,t4820,0.420107116,132.8052
period1,sc01,t4821,0.391553998,132.8052
period1,sc01,t4822,0.39288205,132.8052
period1,sc01,t4823,0.612674656,132.8052
period1,sc01,t4824,0.376724084,132.8052
period1,sc01,t4825,0.38690581599999996,132.8052
period1,sc01,t4826,0.24469358099999997,132.8052
period1,sc01,t4827,0.33876393099999996,132.8052
period1,sc01,t4828,0.42995683500000004,132.8052
period1,sc01,t4829,0.47046242099999996,132.8052
period1,sc01,t4830,0.574825174,132.8052
period1,sc01,t4831,0.499790236,132.8052
period1,sc01,t4832,0.40239975599999994,132.8052
period1,sc01,t4833,0.243365529,132.8052
period1,sc01,t4834,0.260630205,132.8052
period1,sc01,t4835,0.254875313,132.8052
period1,sc01,t4836,0.29770499,132.8052
period1,sc01,t4837,0.26926254299999997,132.8052
period1,sc01,t4838,0.265721071,132.8052
period1,sc01,t4839,0.412913501,132.8052
period1,sc01,t4840,0.503110366,132.8052
period1,sc01,t4841,0.545054675,132.8052
period1,sc01,t4842,0.819740097,132.8052
period1,sc01,t4843,0.48385361200000004,132.8052
period1,sc01,t4844,0.31043215500000004,132.8052
period1,sc01,t4845,0.243254858,132.8052
period1,sc01,t4846,0.132030503,132.8052
period1,sc01,t4847,0.16578515800000002,132.8052
period1,sc01,t4848,0.12229145500000001,132.8052
period1,sc01,t4849,0.11598320799999999,132.8052
period1,sc01,t4850,0.111556368,132.8052
period1,sc01,t4851,0.12505823000000002,132.8052
period1,sc01,t4852,0.14121619600000002,132.8052
period1,sc01,t4853,0.184045873,132.8052
period1,sc01,t4854,0.21923925099999997,132.8052
period1,sc01,t4855,0.30213183,132.8052
period1,sc01,t4856,0.297483648,132.8052
period1,sc01,t4857,0.26494637400000004,132.8052
period1,sc01,t4858,0.242037477,132.8052
period1,sc01,t4859,0.268819859,132.8052
period1,sc01,t4860,0.11708991800000002,132.8052
period1,sc01,t4861,0.110781671,132.8052
period1,sc01,t4862,0.147745785,132.8052
period1,sc01,t4863,0.30113579100000004,132.8052
period1,sc01,t4864,0.44556144599999997,132.8052
period1,sc01,t4865,0.479758785,132.8052
period1,sc01,t4866,0.49691278999999994,132.8052
period1,sc01,t4867,0.497134132,132.8052
period1,sc01,t4868,0.40394915,132.8052
period1,sc01,t4869,0.350605728,132.8052
period1,sc01,t4870,0.207176112,132.8052
period1,sc01,t4871,0.119635351,132.8052
period1,sc01,t4872,0.12771433399999998,132.8052
period1,sc01,t4873,0.10812556699999999,132.8052
period1,sc01,t4874,0.10491610800000001,132.8052
period1,sc01,t4875,0.10823623799999998,132.8052
period1,sc01,t4876,0.14387229999999998,132.8052
period1,sc01,t4877,0.3649929579999999,132.8052
period1,sc01,t4878,0.183049834,132.8052
period1,sc01,t4879,0.429624822,132.8052
period1,sc01,t4880,0.427300731,132.8052
period1,sc01,t4881,0.320281874,132.8052
period1,sc01,t4882,0.295934254,132.8052
period1,sc01,t4883,0.276456158,132.8052
period1,sc01,t4884,0.226100853,132.8052
period1,sc01,t4885,0.248013711,132.8052
period1,sc01,t4886,0.314969666,132.8052
period1,sc01,t4887,0.392328695,132.8052
period1,sc01,t4888,0.6092438549999999,132.8052
period1,sc01,t4889,0.672326325,132.8052
period1,sc01,t4890,0.77137687,132.8052
period1,sc01,t4891,0.782886654,132.8052
period1,sc01,t4892,0.786317455,132.8052
period1,sc01,t4893,0.720025526,132.8052
period1,sc01,t4894,0.650966822,132.8052
period1,sc01,t4895,0.6339234880000001,132.8052
period1,sc01,t4896,0.31651906,132.8052
period1,sc01,t4897,0.38004421400000005,132.8052
period1,sc01,t4898,0.37760945199999996,132.8052
period1,sc01,t4899,0.326147437,132.8052
period1,sc01,t4900,0.336218498,132.8052
period1,sc01,t4901,0.36410759,132.8052
period1,sc01,t4902,0.76805674,132.8052
period1,sc01,t4903,0.663472645,132.8052
period1,sc01,t4904,0.44489742,132.8052
period1,sc01,t4905,0.44135594800000005,132.8052
period1,sc01,t4906,0.46459685799999995,132.8052
period1,sc01,t4907,0.491268569,132.8052
period1,sc01,t4908,0.4980195,132.8052
period1,sc01,t4909,0.556785801,132.8052
period1,sc01,t4910,0.69944072,132.8052
period1,sc01,t4911,0.8410996,132.8052
period1,sc01,t4912,1.026805538,132.8052
period1,sc01,t4913,1.165476301,132.8052
period1,sc01,t4914,1.143784785,132.8052
period1,sc01,t4915,0.957968176,132.8052
period1,sc01,t4916,0.8667752719999998,132.8052
period1,sc01,t4917,0.7284365219999999,132.8052
period1,sc01,t4918,0.66291929,132.8052
period1,sc01,t4919,0.4333876359999999,132.8052
period1,sc01,t4920,0.322384623,132.8052
period1,sc01,t4921,0.110228316,132.8052
period1,sc01,t4922,0.10867892200000001,132.8052
period1,sc01,t4923,0.10956429000000001,132.8052
period1,sc01,t4924,0.140330828,132.8052
period1,sc01,t4925,0.18625929299999996,132.8052
period1,sc01,t4926,0.47566395799999994,132.8052
period1,sc01,t4927,0.464154174,132.8052
period1,sc01,t4928,0.462826122,132.8052
period1,sc01,t4929,0.35392585800000004,132.8052
period1,sc01,t4930,0.39830492900000003,132.8052
period1,sc01,t4931,0.36488228699999997,132.8052
period1,sc01,t4932,0.26549972899999996,132.8052
period1,sc01,t4933,0.39952231,132.8052
period1,sc01,t4934,0.397862245,132.8052
period1,sc01,t4935,0.429292809,132.8052
period1,sc01,t4936,0.473118525,132.8052
period1,sc01,t4937,0.491268569,132.8052
period1,sc01,t4938,0.5291180510000001,132.8052
period1,sc01,t4939,0.5002329200000001,132.8052
period1,sc01,t4940,0.47156913100000003,132.8052
period1,sc01,t4941,0.43803581799999997,132.8052
period1,sc01,t4942,0.419000406,132.8052
period1,sc01,t4943,0.440138567,132.8052
period1,sc01,t4944,0.430399519,132.8052
period1,sc01,t4945,0.424865969,132.8052
period1,sc01,t4946,0.165121132,132.8052
period1,sc01,t4947,0.15715282,132.8052
period1,sc01,t4948,0.147524443,132.8052
period1,sc01,t4949,0.433940991,132.8052
period1,sc01,t4950,0.437039779,132.8052
period1,sc01,t4951,0.39288205,132.8052
period1,sc01,t4952,0.369862482,132.8052
period1,sc01,t4953,0.328139515,132.8052
period1,sc01,t4954,0.290068691,132.8052
period1,sc01,t4955,0.19931847100000002,132.8052
period1,sc01,t4956,0.126496953,132.8052
period1,sc01,t4957,0.114987169,132.8052
period1,sc01,t4958,0.162797041,132.8052
period1,sc01,t4959,0.24945243399999997,132.8052
period1,sc01,t4960,0.471679802,132.8052
period1,sc01,t4961,0.522809804,132.8052
period1,sc01,t4962,0.627615241,132.8052
period1,sc01,t4963,0.635472882,132.8052
period1,sc01,t4964,0.684942819,132.8052
period1,sc01,t4965,0.5879950230000001,132.8052
period1,sc01,t4966,0.5045490890000001,132.8052
period1,sc01,t4967,0.5365330079999999,132.8052
period1,sc01,t4968,0.529339393,132.8052
period1,sc01,t4969,0.498794197,132.8052
period1,sc01,t4970,0.463047464,132.8052
period1,sc01,t4971,0.454968481,132.8052
period1,sc01,t4972,0.43228092600000007,132.8052
period1,sc01,t4973,0.4206604709999999,132.8052
period1,sc01,t4974,0.447332182,132.8052
period1,sc01,t4975,0.47588529999999996,132.8052
period1,sc01,t4976,0.47566395799999994,132.8052
period1,sc01,t4977,0.40892934500000006,132.8052
period1,sc01,t4978,0.383253673,132.8052
period1,sc01,t4979,0.399079626,132.8052
period1,sc01,t4980,0.153057993,132.8052
period1,sc01,t4981,0.097943835,132.8052
period1,sc01,t4982,0.182828492,132.8052
period1,sc01,t4983,0.397751574,132.8052
period1,sc01,t4984,0.44821755,132.8052
period1,sc01,t4985,0.468027659,132.8052
period1,sc01,t4986,0.7194721709999999,132.8052
period1,sc01,t4987,0.7532268259999999,132.8052
period1,sc01,t4988,0.723899011,132.8052
period1,sc01,t4989,0.49967956499999994,132.8052
period1,sc01,t4990,0.44224131600000005,132.8052
period1,sc01,t4991,0.47522127399999997,132.8052
period1,sc01,t4992,0.44799620799999995,132.8052
period1,sc01,t4993,0.42918213800000005,132.8052
period1,sc01,t4994,0.406273241,132.8052
period1,sc01,t4995,0.41523759200000004,132.8052
period1,sc01,t4996,0.428407441,132.8052
period1,sc01,t4997,0.47477859,132.8052
period1,sc01,t4998,0.543837294,132.8052
period1,sc01,t4999,0.566303507,132.8052
period1,sc01,t5000,0.529560735,132.8052
period1,sc01,t5001,0.522035107,132.8052
period1,sc01,t5002,0.47909475900000004,132.8052
period1,sc01,t5003,0.476770668,132.8052
period1,sc01,t5004,0.487837768,132.8052
period1,sc01,t5005,0.550698896,132.8052
period1,sc01,t5006,0.562319351,132.8052
period1,sc01,t5007,0.652073532,132.8052
period1,sc01,t5008,0.605259699,132.8052
period1,sc01,t5009,0.618982903,132.8052
period1,sc01,t5010,0.6304926869999999,132.8052
period1,sc01,t5011,0.617101496,132.8052
period1,sc01,t5012,0.570066321,132.8052
period1,sc01,t5013,0.474114564,132.8052
period1,sc01,t5014,0.199761155,132.8052
period1,sc01,t5015,0.20053585200000001,132.8052
period1,sc01,t5016,0.106465502,132.8052
period1,sc01,t5017,0.067619981,132.8052
period1,sc01,t5018,0.059208985,132.8052
period1,sc01,t5019,0.05854495900000001,132.8052
period1,sc01,t5020,0.068726691,132.8052
period1,sc01,t5021,0.073485544,132.8052
period1,sc01,t5022,0.110671,132.8052
period1,sc01,t5023,0.119303338,132.8052
period1,sc01,t5024,0.271918647,132.8052
period1,sc01,t5025,0.231413061,132.8052
period1,sc01,t5026,0.094623705,132.8052
period1,sc01,t5027,0.10192799100000001,132.8052
period1,sc01,t5028,0.051351344,132.8052
period1,sc01,t5029,0.038402837,132.8052
period1,sc01,t5030,0.070165414,132.8052
period1,sc01,t5031,0.110781671,132.8052
period1,sc01,t5032,0.163129054,132.8052
period1,sc01,t5033,0.184488557,132.8052
period1,sc01,t5034,0.42298456199999995,132.8052
period1,sc01,t5035,0.258859469,132.8052
period1,sc01,t5036,0.18625929299999996,132.8052
period1,sc01,t5037,0.129153057,132.8052
period1,sc01,t5038,0.086434051,132.8052
period1,sc01,t5039,0.348170966,132.8052
period1,sc01,t5040,0.34418681,132.8052
period1,sc01,t5041,0.050244633999999996,132.8052
period1,sc01,t5042,0.049248595,132.8052
period1,sc01,t5043,0.07060809800000001,132.8052
period1,sc01,t5044,0.24281217400000002,132.8052
period1,sc01,t5045,0.475553287,132.8052
period1,sc01,t5046,0.5140667950000001,132.8052
period1,sc01,t5047,0.514509479,132.8052
period1,sc01,t5048,0.501671643,132.8052
period1,sc01,t5049,0.33776789199999996,132.8052
period1,sc01,t5050,0.378937504,132.8052
period1,sc01,t5051,0.26826650399999996,132.8052
period1,sc01,t5052,0.193895592,132.8052
period1,sc01,t5053,0.120520719,132.8052
period1,sc01,t5054,0.302574514,132.8052
period1,sc01,t5055,0.47322919599999996,132.8052
period1,sc01,t5056,0.550809567,132.8052
period1,sc01,t5057,0.5935285730000001,132.8052
period1,sc01,t5058,0.607915803,132.8052
period1,sc01,t5059,0.6188722320000001,132.8052
period1,sc01,t5060,0.591093811,132.8052
period1,sc01,t5061,0.471790473,132.8052
period1,sc01,t5062,0.333451723,132.8052
period1,sc01,t5063,0.162465028,132.8052
period1,sc01,t5064,0.12406219100000002,132.8052
period1,sc01,t5065,0.124615546,132.8052
period1,sc01,t5066,0.12417286200000001,132.8052
period1,sc01,t5067,0.135682646,132.8052
period1,sc01,t5068,0.15372201900000002,132.8052
period1,sc01,t5069,0.185152583,132.8052
period1,sc01,t5070,0.513624111,132.8052
period1,sc01,t5071,0.615773444,132.8052
period1,sc01,t5072,0.5263512760000001,132.8052
period1,sc01,t5073,0.473007854,132.8052
period1,sc01,t5074,0.4298461640000001,132.8052
period1,sc01,t5075,0.338985273,132.8052
period1,sc01,t5076,0.32747548899999995,132.8052
period1,sc01,t5077,0.32537274,132.8052
period1,sc01,t5078,0.39177534,132.8052
period1,sc01,t5079,0.47488926099999995,132.8052
period1,sc01,t5080,0.5338769040000001,132.8052
period1,sc01,t5081,0.548153463,132.8052
period1,sc01,t5082,0.893336312,132.8052
period1,sc01,t5083,0.98939874,132.8052
period1,sc01,t5084,0.7193615,132.8052
period1,sc01,t5085,0.528564696,132.8052
period1,sc01,t5086,0.4205498,132.8052
period1,sc01,t5087,0.471679802,132.8052
period1,sc01,t5088,0.479869456,132.8052
period1,sc01,t5089,0.492043266,132.8052
period1,sc01,t5090,0.466478265,132.8052
period1,sc01,t5091,0.49071521400000007,132.8052
period1,sc01,t5092,0.26494637400000004,132.8052
period1,sc01,t5093,0.457845927,132.8052
period1,sc01,t5094,0.588659049,132.8052
period1,sc01,t5095,0.6063664089999999,132.8052
period1,sc01,t5096,0.574603832,132.8052
period1,sc01,t5097,0.49768748699999993,132.8052
period1,sc01,t5098,0.47289718299999994,132.8052
period1,sc01,t5099,0.46935571099999995,132.8052
period1,sc01,t5100,0.41058941,132.8052
period1,sc01,t5101,0.345182849,132.8052
period1,sc01,t5102,0.340645338,132.8052
period1,sc01,t5103,0.455079152,132.8052
period1,sc01,t5104,0.5128494140000001,132.8052
period1,sc01,t5105,0.6686741820000001,132.8052
period1,sc01,t5106,0.583125499,132.8052
period1,sc01,t5107,0.6084691579999999,132.8052
period1,sc01,t5108,0.6078051320000001,132.8052
period1,sc01,t5109,0.559884589,132.8052
period1,sc01,t5110,0.543837294,132.8052
period1,sc01,t5111,0.5988407809999999,132.8052
period1,sc01,t5112,0.570066321,132.8052
period1,sc01,t5113,0.545940043,132.8052
period1,sc01,t5114,0.526129934,132.8052
period1,sc01,t5115,0.5187149769999999,132.8052
period1,sc01,t5116,0.481086837,132.8052
period1,sc01,t5117,0.463490148,132.8052
period1,sc01,t5118,0.467584975,132.8052
period1,sc01,t5119,0.435158372,132.8052
period1,sc01,t5120,0.377720123,132.8052
period1,sc01,t5121,0.218132541,132.8052
period1,sc01,t5122,0.062307773,132.8052
period1,sc01,t5123,0.044600413000000005,132.8052
period1,sc01,t5124,0.033533312999999995,132.8052
period1,sc01,t5125,0.04205498,132.8052
period1,sc01,t5126,0.048363226999999995,132.8052
period1,sc01,t5127,0.059873011,132.8052
period1,sc01,t5128,0.37406797999999997,132.8052
period1,sc01,t5129,0.498572855,132.8052
period1,sc01,t5130,0.527347315,132.8052
period1,sc01,t5131,0.553465671,132.8052
period1,sc01,t5132,0.568184914,132.8052
period1,sc01,t5133,0.566856862,132.8052
period1,sc01,t5134,0.536865021,132.8052
period1,sc01,t5135,0.4648182,132.8052
period1,sc01,t5136,0.46658893599999995,132.8052
period1,sc01,t5137,0.43194891300000005,132.8052
period1,sc01,t5138,0.40915068699999996,132.8052
period1,sc01,t5139,0.381482937,132.8052
period1,sc01,t5140,0.356139278,132.8052
period1,sc01,t5141,0.286859232,132.8052
period1,sc01,t5142,0.145975049,132.8052
period1,sc01,t5143,0.046149807,132.8052
period1,sc01,t5144,0.022908896999999998,132.8052
period1,sc01,t5145,0.009849719,132.8052
period1,sc01,t5146,0.006529588999999999,132.8052
period1,sc01,t5147,0.007304286,132.8052
period1,sc01,t5148,0.009628377,132.8052
period1,sc01,t5149,0.015272597999999998,132.8052
period1,sc01,t5150,0.023904936,132.8052
period1,sc01,t5151,0.036853443,132.8052
period1,sc01,t5152,0.041390954,132.8052
period1,sc01,t5153,0.421103155,132.8052
period1,sc01,t5154,0.465260884,132.8052
period1,sc01,t5155,0.486288374,132.8052
period1,sc01,t5156,0.5002329200000001,132.8052
period1,sc01,t5157,0.506651838,132.8052
period1,sc01,t5158,0.286416548,132.8052
period1,sc01,t5159,0.434273004,132.8052
period1,sc01,t5160,0.42077114200000004,132.8052
period1,sc01,t5161,0.39266070799999997,132.8052
period1,sc01,t5162,0.29527022799999997,132.8052
period1,sc01,t5163,0.334558433,132.8052
period1,sc01,t5164,0.44744285300000003,132.8052
period1,sc01,t5165,0.503110366,132.8052
period1,sc01,t5166,0.538303744,132.8052
period1,sc01,t5167,0.533323549,132.8052
period1,sc01,t5168,0.481086837,132.8052
period1,sc01,t5169,0.421767181,132.8052
period1,sc01,t5170,0.31651906,132.8052
period1,sc01,t5171,0.099382558,132.8052
period1,sc01,t5172,0.045707123,132.8052
period1,sc01,t5173,0.040062902,132.8052
period1,sc01,t5174,0.045928465,132.8052
period1,sc01,t5175,0.118749983,132.8052
period1,sc01,t5176,0.239160031,132.8052
period1,sc01,t5177,0.243144187,132.8052
period1,sc01,t5178,0.192014185,132.8052
period1,sc01,t5179,0.398747613,132.8052
period1,sc01,t5180,0.124615546,132.8052
period1,sc01,t5181,0.035857404,132.8052
period1,sc01,t5182,0.008743009,132.8052
period1,sc01,t5183,0.004316169,132.8052
period1,sc01,t5184,-0.0005533550000000001,132.8052
period1,sc01,t5185,-0.0011067100000000001,132.8052
period1,sc01,t5186,-0.000332013,132.8052
period1,sc01,t5187,-0.000996039,132.8052
period1,sc01,t5188,-0.002545433,132.8052
period1,sc01,t5189,0.018703399,132.8052
period1,sc01,t5190,0.019810109000000003,132.8052
period1,sc01,t5191,0.024900975,132.8052
period1,sc01,t5192,0.022798226,132.8052
period1,sc01,t5193,0.0,132.8052
period1,sc01,t5194,-0.004537511,132.8052
period1,sc01,t5195,-0.022023529,132.8052
period1,sc01,t5196,-0.025786343,132.8052
period1,sc01,t5197,-0.026893053000000004,132.8052
period1,sc01,t5198,-0.022687554999999998,132.8052
period1,sc01,t5199,-0.0007746970000000001,132.8052
period1,sc01,t5200,0.011509784000000002,132.8052
period1,sc01,t5201,0.018924741,132.8052
period1,sc01,t5202,0.027114395000000003,132.8052
period1,sc01,t5203,0.026782381999999997,132.8052
period1,sc01,t5204,0.025011646,132.8052
period1,sc01,t5205,0.014276559000000001,132.8052
period1,sc01,t5206,0.00011067100000000001,132.8052
period1,sc01,t5207,-0.00011067100000000001,132.8052
period1,sc01,t5208,-0.0007746970000000001,132.8052
period1,sc01,t5209,-0.002102749,132.8052
period1,sc01,t5210,-0.009185693,132.8052
period1,sc01,t5211,-0.0015493940000000002,132.8052
period1,sc01,t5212,-0.0008853680000000001,132.8052
period1,sc01,t5213,0.0063082469999999995,132.8052
period1,sc01,t5214,0.024679632999999996,132.8052
period1,sc01,t5215,0.025675672,132.8052
period1,sc01,t5216,0.013391190999999998,132.8052
period1,sc01,t5217,0.00022134200000000002,132.8052
period1,sc01,t5218,-0.011509784000000002,132.8052
period1,sc01,t5219,-0.023683594,132.8052
period1,sc01,t5220,-0.033422642,132.8052
period1,sc01,t5221,-0.026893053000000004,132.8052
period1,sc01,t5222,-0.011731126,132.8052
period1,sc01,t5223,-0.000996039,132.8052
period1,sc01,t5224,0.014276559000000001,132.8052
period1,sc01,t5225,0.030213182999999998,132.8052
period1,sc01,t5226,0.09495571800000001,132.8052
period1,sc01,t5227,0.110671,132.8052
period1,sc01,t5228,0.110671,132.8052
period1,sc01,t5229,0.084552644,132.8052
period1,sc01,t5230,0.025011646,132.8052
period1,sc01,t5231,0.004205498,132.8052
period1,sc01,t5232,0.0017707360000000002,132.8052
period1,sc01,t5233,0.0011067100000000001,132.8052
period1,sc01,t5234,0.007082944000000001,132.8052
period1,sc01,t5235,0.008410996,132.8052
period1,sc01,t5236,0.031430563999999994,132.8052
period1,sc01,t5237,0.0553355,132.8052
period1,sc01,t5238,0.10757221200000001,132.8052
period1,sc01,t5239,0.056331539,132.8052
period1,sc01,t5240,0.258638127,132.8052
period1,sc01,t5241,0.054339461000000006,132.8052
period1,sc01,t5242,0.031983919,132.8052
period1,sc01,t5243,0.01549394,132.8052
period1,sc01,t5244,0.01217381,132.8052
period1,sc01,t5245,0.025232987999999998,132.8052
period1,sc01,t5246,0.032979958,132.8052
period1,sc01,t5247,0.049912621000000004,132.8052
period1,sc01,t5248,0.310100142,132.8052
period1,sc01,t5249,0.455189823,132.8052
period1,sc01,t5250,0.538414415,132.8052
period1,sc01,t5251,0.5518056060000001,132.8052
period1,sc01,t5252,0.5689596109999999,132.8052
period1,sc01,t5253,0.524801882,132.8052
period1,sc01,t5254,0.24015607,132.8052
period1,sc01,t5255,0.395648825,132.8052
period1,sc01,t5256,0.095509073,132.8052
period1,sc01,t5257,0.04448974199999999,132.8052
period1,sc01,t5258,0.04603913600000001,132.8052
period1,sc01,t5259,0.081343185,132.8052
period1,sc01,t5260,0.373071941,132.8052
period1,sc01,t5261,0.36576765499999997,132.8052
period1,sc01,t5262,0.532106168,132.8052
period1,sc01,t5263,0.518936319,132.8052
period1,sc01,t5264,0.43106354500000005,132.8052
period1,sc01,t5265,0.324155359,132.8052
period1,sc01,t5266,0.082671237,132.8052
period1,sc01,t5267,0.041390954,132.8052
period1,sc01,t5268,0.030213182999999998,132.8052
period1,sc01,t5269,0.030545195999999997,132.8052
period1,sc01,t5270,0.043272361,132.8052
period1,sc01,t5271,0.06939071699999999,132.8052
period1,sc01,t5272,0.381261595,132.8052
period1,sc01,t5273,0.46437551600000004,132.8052
period1,sc01,t5274,0.49359266,132.8052
period1,sc01,t5275,0.5064304959999999,132.8052
period1,sc01,t5276,0.5043277469999999,132.8052
period1,sc01,t5277,0.40726928,132.8052
period1,sc01,t5278,0.11288441999999999,132.8052
period1,sc01,t5279,0.071161453,132.8052
period1,sc01,t5280,0.054450132,132.8052
period1,sc01,t5281,0.028442447,132.8052
period1,sc01,t5282,0.032979958,132.8052
period1,sc01,t5283,0.048031214,132.8052
period1,sc01,t5284,0.05467147400000001,132.8052
period1,sc01,t5285,0.37561737399999995,132.8052
period1,sc01,t5286,0.348392308,132.8052
period1,sc01,t5287,0.445672117,132.8052
period1,sc01,t5288,0.135129291,132.8052
period1,sc01,t5289,0.028221104999999996,132.8052
period1,sc01,t5290,0.00011067100000000001,132.8052
period1,sc01,t5291,0.00774697,132.8052
period1,sc01,t5292,-0.0007746970000000001,132.8052
period1,sc01,t5293,0.00044268400000000005,132.8052
period1,sc01,t5294,0.01660065,132.8052
period1,sc01,t5295,0.018260715,132.8052
period1,sc01,t5296,0.067177297,132.8052
period1,sc01,t5297,0.212045636,132.8052
period1,sc01,t5298,0.335222459,132.8052
period1,sc01,t5299,0.470241079,132.8052
period1,sc01,t5300,0.48584569,132.8052
period1,sc01,t5301,0.298590358,132.8052
period1,sc01,t5302,0.033643984,132.8052
period1,sc01,t5303,0.260851547,132.8052
period1,sc01,t5304,0.042829677000000003,132.8052
period1,sc01,t5305,0.14542169400000002,132.8052
period1,sc01,t5306,0.154164703,132.8052
period1,sc01,t5307,0.04094827,132.8052
period1,sc01,t5308,0.054782145000000004,132.8052
period1,sc01,t5309,0.06064770800000001,132.8052
period1,sc01,t5310,0.078355068,132.8052
period1,sc01,t5311,0.08211788199999999,132.8052
period1,sc01,t5312,0.030877209,132.8052
period1,sc01,t5313,0.00011067100000000001,132.8052
period1,sc01,t5314,-0.030655867,132.8052
period1,sc01,t5315,-0.141437538,132.8052
period1,sc01,t5316,-0.190464791,132.8052
period1,sc01,t5317,-0.168109249,132.8052
period1,sc01,t5318,-0.043825716,132.8052
period1,sc01,t5319,-0.013280519999999999,132.8052
period1,sc01,t5320,0.031098551,132.8052
period1,sc01,t5321,0.21923925099999997,132.8052
period1,sc01,t5322,0.39066862999999996,132.8052
period1,sc01,t5323,0.40173573,132.8052
period1,sc01,t5324,0.400186336,132.8052
period1,sc01,t5325,0.41745101199999995,132.8052
period1,sc01,t5326,0.439031857,132.8052
period1,sc01,t5327,0.40771196400000004,132.8052
period1,sc01,t5328,0.384471054,132.8052
period1,sc01,t5329,0.24270150299999999,132.8052
period1,sc01,t5330,0.363332893,132.8052
period1,sc01,t5331,0.362890209,132.8052
period1,sc01,t5332,0.3583526980000001,132.8052
period1,sc01,t5333,0.394763457,132.8052
period1,sc01,t5334,0.417340341,132.8052
period1,sc01,t5335,0.5952993089999999,132.8052
period1,sc01,t5336,0.545386688,132.8052
period1,sc01,t5337,0.314969666,132.8052
period1,sc01,t5338,0.050797988999999995,132.8052
period1,sc01,t5339,0.020142122,132.8052
period1,sc01,t5340,0.01992078,132.8052
period1,sc01,t5341,0.032647945000000005,132.8052
period1,sc01,t5342,0.06706662599999999,132.8052
period1,sc01,t5343,0.260851547,132.8052
period1,sc01,t5344,0.525797921,132.8052
period1,sc01,t5345,0.5203750420000001,132.8052
period1,sc01,t5346,0.6298286609999999,132.8052
period1,sc01,t5347,0.7243416950000001,132.8052
period1,sc01,t5348,0.736515505,132.8052
period1,sc01,t5349,0.625180479,132.8052
period1,sc01,t5350,0.553355,132.8052
period1,sc01,t5351,0.349277676,132.8052
period1,sc01,t5352,0.451759022,132.8052
period1,sc01,t5353,0.425972679,132.8052
period1,sc01,t5354,0.388012526,132.8052
period1,sc01,t5355,0.4326129390000001,132.8052
period1,sc01,t5356,0.5282326829999999,132.8052
period1,sc01,t5357,0.55446171,132.8052
period1,sc01,t5358,0.6085798290000001,132.8052
period1,sc01,t5359,0.588659049,132.8052
period1,sc01,t5360,0.5414025320000001,132.8052
period1,sc01,t5361,0.481750863,132.8052
period1,sc01,t5362,0.26350765099999995,132.8052
period1,sc01,t5363,0.087319419,132.8052
period1,sc01,t5364,0.049469937,132.8052
period1,sc01,t5365,0.058434288,132.8052
period1,sc01,t5366,0.234733191,132.8052
period1,sc01,t5367,0.45109499599999997,132.8052
period1,sc01,t5368,0.504106405,132.8052
period1,sc01,t5369,0.535536969,132.8052
period1,sc01,t5370,0.631378055,132.8052
period1,sc01,t5371,0.69944072,132.8052
period1,sc01,t5372,0.7958351610000001,132.8052
period1,sc01,t5373,0.687377581,132.8052
period1,sc01,t5374,0.592643205,132.8052
period1,sc01,t5375,0.38181495000000004,132.8052
period1,sc01,t5376,0.3555859230000001,132.8052
period1,sc01,t5377,0.349277676,132.8052
period1,sc01,t5378,0.35458988399999997,132.8052
period1,sc01,t5379,0.365656984,132.8052
period1,sc01,t5380,0.38004421400000005,132.8052
period1,sc01,t5381,0.645765285,132.8052
period1,sc01,t5382,0.714270634,132.8052
period1,sc01,t5383,0.8588069599999999,132.8052
period1,sc01,t5384,0.789526914,132.8052
period1,sc01,t5385,0.756214943,132.8052
period1,sc01,t5386,0.411806791,132.8052
period1,sc01,t5387,0.23683594,132.8052
period1,sc01,t5388,0.174196154,132.8052
period1,sc01,t5389,0.294716873,132.8052
period1,sc01,t5390,0.49348198900000007,132.8052
period1,sc01,t5391,0.643883878,132.8052
period1,sc01,t5392,0.639789051,132.8052
period1,sc01,t5393,0.5648647840000001,132.8052
period1,sc01,t5394,0.78355068,132.8052
period1,sc01,t5395,0.926094928,132.8052
period1,sc01,t5396,0.646429311,132.8052
period1,sc01,t5397,0.61311734,132.8052
period1,sc01,t5398,0.5084225739999999,132.8052
period1,sc01,t5399,0.398747613,132.8052
period1,sc01,t5400,0.373403954,132.8052
period1,sc01,t5401,0.35968075,132.8052
period1,sc01,t5402,0.357910014,132.8052
period1,sc01,t5403,0.36045544700000004,132.8052
period1,sc01,t5404,0.36975181099999993,132.8052
period1,sc01,t5405,0.423205904,132.8052
period1,sc01,t5406,0.452423048,132.8052
period1,sc01,t5407,0.664026,132.8052
period1,sc01,t5408,0.6086905,132.8052
period1,sc01,t5409,0.59540998,132.8052
period1,sc01,t5410,0.394542115,132.8052
period1,sc01,t5411,0.308993432,132.8052
period1,sc01,t5412,0.24723901399999998,132.8052
period1,sc01,t5413,0.299697068,132.8052
period1,sc01,t5414,0.29438486,132.8052
period1,sc01,t5415,0.35326183200000005,132.8052
period1,sc01,t5416,0.39952231,132.8052
period1,sc01,t5417,0.481750863,132.8052
period1,sc01,t5418,0.9296364,132.8052
period1,sc01,t5419,0.9791063369999999,132.8052
period1,sc01,t5420,0.49492071199999993,132.8052
period1,sc01,t5421,0.36764906199999997,132.8052
period1,sc01,t5422,0.34529351999999996,132.8052
period1,sc01,t5423,0.354036529,132.8052
period1,sc01,t5424,0.349277676,132.8052
period1,sc01,t5425,0.350384386,132.8052
period1,sc01,t5426,0.341198693,132.8052
period1,sc01,t5427,0.326590121,132.8052
period1,sc01,t5428,0.308218735,132.8052
period1,sc01,t5429,0.330020922,132.8052
period1,sc01,t5430,0.448660234,132.8052
period1,sc01,t5431,0.530446103,132.8052
period1,sc01,t5432,0.481750863,132.8052
period1,sc01,t5433,0.266163755,132.8052
period1,sc01,t5434,0.033975997,132.8052
period1,sc01,t5435,0.011620455000000002,132.8052
period1,sc01,t5436,0.006640259999999999,132.8052
period1,sc01,t5437,0.00011067100000000001,132.8052
period1,sc01,t5438,0.016047295,132.8052
period1,sc01,t5439,0.110671,132.8052
period1,sc01,t5440,0.25642470700000003,132.8052
period1,sc01,t5441,0.33599715599999996,132.8052
period1,sc01,t5442,0.385467093,132.8052
period1,sc01,t5443,0.407379951,132.8052
period1,sc01,t5444,0.345514862,132.8052
period1,sc01,t5445,0.33710386600000003,132.8052
period1,sc01,t5446,0.318400467,132.8052
period1,sc01,t5447,0.33809990500000003,132.8052
period1,sc01,t5448,0.325926095,132.8052
period1,sc01,t5449,0.331459645,132.8052
period1,sc01,t5450,0.331680987,132.8052
period1,sc01,t5451,0.411474778,132.8052
period1,sc01,t5452,0.41579094699999997,132.8052
period1,sc01,t5453,0.4326129390000001,132.8052
period1,sc01,t5454,0.409593371,132.8052
period1,sc01,t5455,0.39288205,132.8052
period1,sc01,t5456,0.36156215700000005,132.8052
period1,sc01,t5457,0.16489979,132.8052
period1,sc01,t5458,0.036632101,132.8052
period1,sc01,t5459,0.005090866,132.8052
period1,sc01,t5460,0.0005533550000000001,132.8052
period1,sc01,t5461,0.00022134200000000002,132.8052
period1,sc01,t5462,0.000664026,132.8052
period1,sc01,t5463,0.01660065,132.8052
period1,sc01,t5464,0.12693963700000002,132.8052
period1,sc01,t5465,0.40239975599999994,132.8052
period1,sc01,t5466,0.42719006000000004,132.8052
period1,sc01,t5467,0.462051425,132.8052
period1,sc01,t5468,0.489608504,132.8052
period1,sc01,t5469,0.47488926099999995,132.8052
period1,sc01,t5470,0.45684988800000004,132.8052
period1,sc01,t5471,0.43858917300000005,132.8052
period1,sc01,t5472,0.401514388,132.8052
period1,sc01,t5473,0.405719886,132.8052
period1,sc01,t5474,0.40439183399999995,132.8052
period1,sc01,t5475,0.37152254700000004,132.8052
period1,sc01,t5476,0.299586397,132.8052
period1,sc01,t5477,0.282875076,132.8052
period1,sc01,t5478,0.275681461,132.8052
period1,sc01,t5479,0.26339698,132.8052
period1,sc01,t5480,0.20485202100000002,132.8052
period1,sc01,t5481,0.073596215,132.8052
period1,sc01,t5482,0.015936624,132.8052
period1,sc01,t5483,0.003762814,132.8052
period1,sc01,t5484,0.00044268400000000005,132.8052
period1,sc01,t5485,0.012284481000000002,132.8052
period1,sc01,t5486,0.026671711000000004,132.8052
period1,sc01,t5487,0.110781671,132.8052
period1,sc01,t5488,0.419332419,132.8052
period1,sc01,t5489,0.547710779,132.8052
period1,sc01,t5490,0.641559787,132.8052
period1,sc01,t5491,0.646539982,132.8052
period1,sc01,t5492,0.646982666,132.8052
period1,sc01,t5493,0.622856388,132.8052
period1,sc01,t5494,0.607251777,132.8052
period1,sc01,t5495,0.533655562,132.8052
period1,sc01,t5496,0.507094522,132.8052
period1,sc01,t5497,0.49171125299999996,132.8052
period1,sc01,t5498,0.48971917499999995,132.8052
period1,sc01,t5499,0.528786038,132.8052
period1,sc01,t5500,0.579252014,132.8052
period1,sc01,t5501,0.7568789690000001,132.8052
period1,sc01,t5502,0.9897307530000001,132.8052
period1,sc01,t5503,1.1759900460000001,132.8052
period1,sc01,t5504,0.625844505,132.8052
period1,sc01,t5505,0.49934755200000003,132.8052
period1,sc01,t5506,0.387459171,132.8052
period1,sc01,t5507,0.235286546,132.8052
period1,sc01,t5508,0.142544248,132.8052
period1,sc01,t5509,0.173642799,132.8052
period1,sc01,t5510,0.397862245,132.8052
period1,sc01,t5511,0.469466382,132.8052
period1,sc01,t5512,0.558999221,132.8052
period1,sc01,t5513,0.687488252,132.8052
period1,sc01,t5514,1.335577628,132.8052
period1,sc01,t5515,1.263198794,132.8052
period1,sc01,t5516,0.8111077590000001,132.8052
period1,sc01,t5517,0.609907881,132.8052
period1,sc01,t5518,0.556011104,132.8052
period1,sc01,t5519,0.570066321,132.8052
period1,sc01,t5520,0.477434694,132.8052
period1,sc01,t5521,0.443901381,132.8052
period1,sc01,t5522,0.45773525600000003,132.8052
period1,sc01,t5523,0.428739454,132.8052
period1,sc01,t5524,0.560327273,132.8052
period1,sc01,t5525,0.6180975350000001,132.8052
period1,sc01,t5526,0.677085178,132.8052
period1,sc01,t5527,0.566967533,132.8052
period1,sc01,t5528,0.498351513,132.8052
period1,sc01,t5529,0.406273241,132.8052
period1,sc01,t5530,0.271475963,132.8052
period1,sc01,t5531,0.165674487,132.8052
period1,sc01,t5532,0.082339224,132.8052
period1,sc01,t5533,0.12616494,132.8052
period1,sc01,t5534,0.21038557100000002,132.8052
period1,sc01,t5535,0.364439603,132.8052
period1,sc01,t5536,0.5810227499999999,132.8052
period1,sc01,t5537,0.65959916,132.8052
period1,sc01,t5538,0.8599136700000001,132.8052
period1,sc01,t5539,0.8879134330000001,132.8052
period1,sc01,t5540,0.715488015,132.8052
period1,sc01,t5541,0.580801408,132.8052
period1,sc01,t5542,0.475995971,132.8052
period1,sc01,t5543,0.495031383,132.8052
period1,sc01,t5544,0.48064415299999996,132.8052
period1,sc01,t5545,0.444233394,132.8052
period1,sc01,t5546,0.4326129390000001,132.8052
period1,sc01,t5547,0.4270793890000001,132.8052
period1,sc01,t5548,0.446889498,132.8052
period1,sc01,t5549,0.6085798290000001,132.8052
period1,sc01,t5550,0.870648757,132.8052
period1,sc01,t5551,0.796167174,132.8052
period1,sc01,t5552,0.7191401580000001,132.8052
period1,sc01,t5553,0.5703983340000001,132.8052
period1,sc01,t5554,0.5353156269999999,132.8052
period1,sc01,t5555,0.374178651,132.8052
period1,sc01,t5556,0.316851073,132.8052
period1,sc01,t5557,0.36012343399999996,132.8052
period1,sc01,t5558,0.606145067,132.8052
period1,sc01,t5559,0.881826528,132.8052
period1,sc01,t5560,1.080812986,132.8052
period1,sc01,t5561,1.164148249,132.8052
period1,sc01,t5562,1.41769551,132.8052
period1,sc01,t5563,1.32694529,132.8052
period1,sc01,t5564,1.2098553719999998,132.8052
period1,sc01,t5565,1.051927855,132.8052
period1,sc01,t5566,0.734523427,132.8052
period1,sc01,t5567,0.715598686,132.8052
period1,sc01,t5568,0.621306994,132.8052
period1,sc01,t5569,0.610350565,132.8052
period1,sc01,t5570,0.647646692,132.8052
period1,sc01,t5571,0.659488489,132.8052
period1,sc01,t5572,0.81564527,132.8052
period1,sc01,t5573,1.020275949,132.8052
period1,sc01,t5574,1.25390243,132.8052
period1,sc01,t5575,1.1826303059999999,132.8052
period1,sc01,t5576,1.0085448229999998,132.8052
period1,sc01,t5577,0.874079558,132.8052
period1,sc01,t5578,0.800372672,132.8052
period1,sc01,t5579,0.730871284,132.8052
period1,sc01,t5580,0.712278556,132.8052
period1,sc01,t5581,0.589101733,132.8052
period1,sc01,t5582,0.679077256,132.8052
period1,sc01,t5583,0.721464249,132.8052
period1,sc01,t5584,0.982426467,132.8052
period1,sc01,t5585,1.111690195,132.8052
period1,sc01,t5586,1.149761019,132.8052
period1,sc01,t5587,1.165144288,132.8052
period1,sc01,t5588,1.177650111,132.8052
period1,sc01,t5589,1.0730660159999998,132.8052
period1,sc01,t5590,0.963833739,132.8052
period1,sc01,t5591,0.8520560289999999,132.8052
period1,sc01,t5592,0.7742543159999999,132.8052
period1,sc01,t5593,0.848182544,132.8052
period1,sc01,t5594,0.837447457,132.8052
period1,sc01,t5595,0.8416529549999999,132.8052
period1,sc01,t5596,0.8983165070000001,132.8052
period1,sc01,t5597,1.1379192219999998,132.8052
period1,sc01,t5598,1.1867251330000002,132.8052
period1,sc01,t5599,1.122535953,132.8052
period1,sc01,t5600,0.971470038,132.8052
period1,sc01,t5601,0.818412045,132.8052
period1,sc01,t5602,0.442684,132.8052
period1,sc01,t5603,0.297151635,132.8052
period1,sc01,t5604,0.25797410099999996,132.8052
period1,sc01,t5605,0.11520851100000001,132.8052
period1,sc01,t5606,0.197990419,132.8052
period1,sc01,t5607,0.48075482399999997,132.8052
period1,sc01,t5608,0.813321179,132.8052
period1,sc01,t5609,0.966711185,132.8052
period1,sc01,t5610,1.003453957,132.8052
period1,sc01,t5611,1.14765827,132.8052
period1,sc01,t5612,1.0493824219999999,132.8052
period1,sc01,t5613,0.878949082,132.8052
period1,sc01,t5614,0.557007143,132.8052
period1,sc01,t5615,0.528564696,132.8052
period1,sc01,t5616,0.5010076170000001,132.8052
period1,sc01,t5617,0.49691278999999994,132.8052
period1,sc01,t5618,0.486509716,132.8052
period1,sc01,t5619,0.49370333099999997,132.8052
period1,sc01,t5620,0.501228959,132.8052
period1,sc01,t5621,0.48728441299999997,132.8052
period1,sc01,t5622,0.5036637209999999,132.8052
period1,sc01,t5623,0.537197034,132.8052
period1,sc01,t5624,0.3780521359999999,132.8052
period1,sc01,t5625,0.146639075,132.8052
period1,sc01,t5626,0.045043097000000004,132.8052
period1,sc01,t5627,0.034197339,132.8052
period1,sc01,t5628,0.023462252,132.8052
period1,sc01,t5629,0.02434762,132.8052
period1,sc01,t5630,0.042608335000000004,132.8052
period1,sc01,t5631,0.11554052399999999,132.8052
period1,sc01,t5632,0.455411165,132.8052
period1,sc01,t5633,0.5160588730000001,132.8052
period1,sc01,t5634,0.510303981,132.8052
period1,sc01,t5635,0.572833096,132.8052
period1,sc01,t5636,0.537750389,132.8052
period1,sc01,t5637,0.544390649,132.8052
period1,sc01,t5638,0.528122012,132.8052
period1,sc01,t5639,0.520485713,132.8052
period1,sc01,t5640,0.50133963,132.8052
period1,sc01,t5641,0.48916582000000003,132.8052
period1,sc01,t5642,0.48805911,132.8052
period1,sc01,t5643,0.49359266,132.8052
period1,sc01,t5644,0.466256923,132.8052
period1,sc01,t5645,0.45607519100000005,132.8052
period1,sc01,t5646,0.44401205199999993,132.8052
period1,sc01,t5647,0.336107827,132.8052
period1,sc01,t5648,0.041612296,132.8052
period1,sc01,t5649,0.014497900999999999,132.8052
period1,sc01,t5650,0.001881407,132.8052
period1,sc01,t5651,0.0008853680000000001,132.8052
period1,sc01,t5652,-0.000332013,132.8052
period1,sc01,t5653,-0.001328052,132.8052
period1,sc01,t5654,0.0035414720000000004,132.8052
period1,sc01,t5655,0.03098788,132.8052
period1,sc01,t5656,0.35425787099999995,132.8052
period1,sc01,t5657,0.8004833429999999,132.8052
period1,sc01,t5658,0.865779233,132.8052
period1,sc01,t5659,0.835234037,132.8052
period1,sc01,t5660,0.7992659619999999,132.8052
period1,sc01,t5661,0.54450132,132.8052
period1,sc01,t5662,0.512738743,132.8052
period1,sc01,t5663,0.53232751,132.8052
period1,sc01,t5664,0.496027422,132.8052
period1,sc01,t5665,0.478320062,132.8052
period1,sc01,t5666,0.146639075,132.8052
period1,sc01,t5667,0.469909066,132.8052
period1,sc01,t5668,0.518936319,132.8052
period1,sc01,t5669,0.747139921,132.8052
period1,sc01,t5670,0.9629483710000001,132.8052
period1,sc01,t5671,0.914474473,132.8052
period1,sc01,t5672,0.793400399,132.8052
period1,sc01,t5673,0.5723904120000001,132.8052
period1,sc01,t5674,0.320060532,132.8052
period1,sc01,t5675,0.110671,132.8052
period1,sc01,t5676,0.065738574,132.8052
period1,sc01,t5677,0.076695003,132.8052
period1,sc01,t5678,0.215587108,132.8052
period1,sc01,t5679,0.454525797,132.8052
period1,sc01,t5680,0.7441518039999999,132.8052
period1,sc01,t5681,0.944687656,132.8052
period1,sc01,t5682,1.174551323,132.8052
period1,sc01,t5683,1.4582010959999998,132.8052
period1,sc01,t5684,0.871534125,132.8052
period1,sc01,t5685,0.646982666,132.8052
period1,sc01,t5686,0.587884352,132.8052
period1,sc01,t5687,0.606698422,132.8052
period1,sc01,t5688,0.591425824,132.8052
period1,sc01,t5689,0.579141343,132.8052
period1,sc01,t5690,0.5689596109999999,132.8052
period1,sc01,t5691,0.600390175,132.8052
period1,sc01,t5692,0.6221923619999999,132.8052
period1,sc01,t5693,1.412604644,132.8052
period1,sc01,t5694,1.659732987,132.8052
period1,sc01,t5695,1.280795483,132.8052
period1,sc01,t5696,1.0850184840000001,132.8052
period1,sc01,t5697,0.936055318,132.8052
period1,sc01,t5698,0.7738116319999999,132.8052
period1,sc01,t5699,0.596627361,132.8052
period1,sc01,t5700,0.47145845999999997,132.8052
period1,sc01,t5701,0.7774637750000001,132.8052
period1,sc01,t5702,0.915913196,132.8052
period1,sc01,t5703,1.028576274,132.8052
period1,sc01,t5704,1.188827882,132.8052
period1,sc01,t5705,1.4621852520000003,132.8052
period1,sc01,t5706,2.154653699,132.8052
period1,sc01,t5707,2.0181963560000002,132.8052
period1,sc01,t5708,1.398106743,132.8052
period1,sc01,t5709,1.182408964,132.8052
period1,sc01,t5710,1.055026643,132.8052
period1,sc01,t5711,0.959738912,132.8052
period1,sc01,t5712,0.8843719609999999,132.8052
period1,sc01,t5713,0.7722622379999999,132.8052
period1,sc01,t5714,0.7478039469999999,132.8052
period1,sc01,t5715,0.786649468,132.8052
period1,sc01,t5716,0.9944896059999999,132.8052
period1,sc01,t5717,1.173444613,132.8052
period1,sc01,t5718,1.267514963,132.8052
period1,sc01,t5719,1.240179226,132.8052
period1,sc01,t5720,1.110140801,132.8052
period1,sc01,t5721,1.002789931,132.8052
period1,sc01,t5722,0.9401501449999999,132.8052
period1,sc01,t5723,0.7352981239999999,132.8052
period1,sc01,t5724,0.798269923,132.8052
period1,sc01,t5725,0.904071399,132.8052
period1,sc01,t5726,0.8854786710000001,132.8052
period1,sc01,t5727,0.9906161210000001,132.8052
period1,sc01,t5728,1.140353984,132.8052
period1,sc01,t5729,1.422675705,132.8052
period1,sc01,t5730,1.947034903,132.8052
period1,sc01,t5731,1.8627036010000002,132.8052
period1,sc01,t5732,1.329601394,132.8052
period1,sc01,t5733,1.034552508,132.8052
period1,sc01,t5734,0.8645618520000001,132.8052
period1,sc01,t5735,1.0481650409999999,132.8052
period1,sc01,t5736,0.982979822,132.8052
period1,sc01,t5737,0.9526559680000001,132.8052
period1,sc01,t5738,0.945241011,132.8052
period1,sc01,t5739,0.9746794969999999,132.8052
period1,sc01,t5740,1.075390107,132.8052
period1,sc01,t5741,1.267072279,132.8052
period1,sc01,t5742,1.6176780069999999,132.8052
period1,sc01,t5743,1.632286579,132.8052
period1,sc01,t5744,1.381616764,132.8052
period1,sc01,t5745,1.242503317,132.8052
period1,sc01,t5746,1.196685523,132.8052
period1,sc01,t5747,1.121871927,132.8052
period1,sc01,t5748,1.1118008659999998,132.8052
period1,sc01,t5749,1.116559719,132.8052
period1,sc01,t5750,1.114014286,132.8052
period1,sc01,t5751,1.089998679,132.8052
period1,sc01,t5752,1.4719243,132.8052
period1,sc01,t5753,1.823636738,132.8052
period1,sc01,t5754,2.0157615939999998,132.8052
period1,sc01,t5755,1.5789431569999999,132.8052
period1,sc01,t5756,1.303593709,132.8052
period1,sc01,t5757,1.093872164,132.8052
period1,sc01,t5758,0.902522005,132.8052
period1,sc01,t5759,0.8543801200000001,132.8052
period1,sc01,t5760,0.898869862,132.8052
period1,sc01,t5761,0.886585381,132.8052
period1,sc01,t5762,0.7742543159999999,132.8052
period1,sc01,t5763,0.8484038859999999,132.8052
period1,sc01,t5764,0.9767822460000001,132.8052
period1,sc01,t5765,1.222803879,132.8052
period1,sc01,t5766,1.291862583,132.8052
period1,sc01,t5767,1.281459509,132.8052
period1,sc01,t5768,1.188495869,132.8052
period1,sc01,t5769,0.978220969,132.8052
period1,sc01,t5770,1.019169239,132.8052
period1,sc01,t5771,0.9708060119999999,132.8052
period1,sc01,t5772,0.7710448569999999,132.8052
period1,sc01,t5773,0.843423691,132.8052
period1,sc01,t5774,0.9640550809999999,132.8052
period1,sc01,t5775,0.9430275909999999,132.8052
period1,sc01,t5776,0.886917394,132.8052
period1,sc01,t5777,0.9574148210000001,132.8052
period1,sc01,t5778,1.007991468,132.8052
period1,sc01,t5779,0.8393288640000001,132.8052
period1,sc01,t5780,0.7813372599999999,132.8052
period1,sc01,t5781,0.630050003,132.8052
period1,sc01,t5782,0.553687013,132.8052
period1,sc01,t5783,0.661037883,132.8052
period1,sc01,t5784,0.609465197,132.8052
period1,sc01,t5785,0.573497122,132.8052
period1,sc01,t5786,0.552469632,132.8052
period1,sc01,t5787,0.546161385,132.8052
period1,sc01,t5788,0.5483748049999999,132.8052
period1,sc01,t5789,0.567078204,132.8052
period1,sc01,t5790,0.617986864,132.8052
period1,sc01,t5791,0.7367368469999999,132.8052
period1,sc01,t5792,0.7568789690000001,132.8052
period1,sc01,t5793,0.442794671,132.8052
period1,sc01,t5794,0.12129541600000002,132.8052
period1,sc01,t5795,0.10436275299999999,132.8052
period1,sc01,t5796,0.091303575,132.8052
period1,sc01,t5797,0.14110552499999998,132.8052
period1,sc01,t5798,0.271807976,132.8052
period1,sc01,t5799,0.373071941,132.8052
period1,sc01,t5800,0.8178586900000001,132.8052
period1,sc01,t5801,1.06576173,132.8052
period1,sc01,t5802,1.1420140490000001,132.8052
period1,sc01,t5803,0.8586962890000001,132.8052
period1,sc01,t5804,0.7469185789999999,132.8052
period1,sc01,t5805,0.654729636,132.8052
period1,sc01,t5806,0.583346841,132.8052
period1,sc01,t5807,0.6017182269999999,132.8052
period1,sc01,t5808,0.56331539,132.8052
period1,sc01,t5809,0.514730821,132.8052
period1,sc01,t5810,0.487063071,132.8052
period1,sc01,t5811,0.484074954,132.8052
period1,sc01,t5812,0.467252962,132.8052
period1,sc01,t5813,0.499568894,132.8052
period1,sc01,t5814,0.5528016450000001,132.8052
period1,sc01,t5815,0.258527456,132.8052
period1,sc01,t5816,0.15040188899999998,132.8052
period1,sc01,t5817,0.074924267,132.8052
period1,sc01,t5818,0.08211788199999999,132.8052
period1,sc01,t5819,0.058434288,132.8052
period1,sc01,t5820,0.070940111,132.8052
period1,sc01,t5821,0.11897132499999999,132.8052
period1,sc01,t5822,0.114987169,132.8052
period1,sc01,t5823,0.33798923399999997,132.8052
period1,sc01,t5824,0.641117103,132.8052
period1,sc01,t5825,0.7821119569999999,132.8052
period1,sc01,t5826,0.794839122,132.8052
period1,sc01,t5827,0.7703808310000001,132.8052
period1,sc01,t5828,0.659931173,132.8052
period1,sc01,t5829,0.575046516,132.8052
period1,sc01,t5830,0.525797921,132.8052
period1,sc01,t5831,0.507537206,132.8052
period1,sc01,t5832,0.498351513,132.8052
period1,sc01,t5833,0.491600582,132.8052
period1,sc01,t5834,0.472786512,132.8052
period1,sc01,t5835,0.493260647,132.8052
period1,sc01,t5836,0.53343422,132.8052
period1,sc01,t5837,0.675867797,132.8052
period1,sc01,t5838,0.7430450940000001,132.8052
period1,sc01,t5839,0.714381305,132.8052
period1,sc01,t5840,0.6636939869999999,132.8052
period1,sc01,t5841,0.663251303,132.8052
period1,sc01,t5842,0.48186153400000004,132.8052
period1,sc01,t5843,0.396423522,132.8052
period1,sc01,t5844,0.258748798,132.8052
period1,sc01,t5845,0.341420035,132.8052
period1,sc01,t5846,0.442684,132.8052
period1,sc01,t5847,0.5085332450000001,132.8052
period1,sc01,t5848,0.633259462,132.8052
period1,sc01,t5849,0.8609097090000001,132.8052
period1,sc01,t5850,1.269949725,132.8052
period1,sc01,t5851,1.0956429,132.8052
period1,sc01,t5852,0.7029821920000001,132.8052
period1,sc01,t5853,0.618540219,132.8052
period1,sc01,t5854,0.536200995,132.8052
period1,sc01,t5855,0.510968007,132.8052
period1,sc01,t5856,0.506762509,132.8052
period1,sc01,t5857,0.5045490890000001,132.8052
period1,sc01,t5858,0.489055149,132.8052
period1,sc01,t5859,0.501892985,132.8052
period1,sc01,t5860,0.5739398059999999,132.8052
period1,sc01,t5861,0.541513203,132.8052
period1,sc01,t5862,1.393790574,132.8052
period1,sc01,t5863,1.3773005950000001,132.8052
period1,sc01,t5864,1.156733292,132.8052
period1,sc01,t5865,0.980213047,132.8052
period1,sc01,t5866,0.541955887,132.8052
period1,sc01,t5867,0.641781129,132.8052
period1,sc01,t5868,0.596627361,132.8052
period1,sc01,t5869,0.499900907,132.8052
period1,sc01,t5870,0.45087365400000007,132.8052
period1,sc01,t5871,0.628279267,132.8052
period1,sc01,t5872,0.6418918,132.8052
period1,sc01,t5873,1.4276559,132.8052
period1,sc01,t5874,2.212977316,132.8052
period1,sc01,t5875,1.7801430349999998,132.8052
period1,sc01,t5876,0.793953754,132.8052
period1,sc01,t5877,0.536865021,132.8052
period1,sc01,t5878,0.491268569,132.8052
period1,sc01,t5879,0.38214696299999995,132.8052
period1,sc01,t5880,0.35304049,132.8052
period1,sc01,t5881,0.318843151,132.8052
period1,sc01,t5882,0.31353094299999995,132.8052
period1,sc01,t5883,0.379712201,132.8052
period1,sc01,t5884,0.422099194,132.8052
period1,sc01,t5885,0.59873011,132.8052
period1,sc01,t5886,0.732310007,132.8052
period1,sc01,t5887,0.8170839929999999,132.8052
period1,sc01,t5888,0.574271819,132.8052
period1,sc01,t5889,0.35569659400000003,132.8052
period1,sc01,t5890,0.09849719,132.8052
period1,sc01,t5891,0.08078983,132.8052
period1,sc01,t5892,0.064631864,132.8052
period1,sc01,t5893,0.07315353100000001,132.8052
period1,sc01,t5894,0.15936624,132.8052
period1,sc01,t5895,0.33433709100000003,132.8052
period1,sc01,t5896,0.410810752,132.8052
period1,sc01,t5897,0.44633614299999996,132.8052
period1,sc01,t5898,0.572611754,132.8052
period1,sc01,t5899,0.524801882,132.8052
period1,sc01,t5900,0.49624876400000006,132.8052
period1,sc01,t5901,0.329910251,132.8052
period1,sc01,t5902,0.234733191,132.8052
period1,sc01,t5903,0.123066152,132.8052
period1,sc01,t5904,0.099493229,132.8052
period1,sc01,t5905,0.091524917,132.8052
period1,sc01,t5906,0.042276322,132.8052
period1,sc01,t5907,0.041722967,132.8052
period1,sc01,t5908,0.04493242599999999,132.8052
period1,sc01,t5909,0.332013,132.8052
period1,sc01,t5910,0.47422523499999997,132.8052
period1,sc01,t5911,0.6861602,132.8052
period1,sc01,t5912,0.4151269209999999,132.8052
period1,sc01,t5913,0.297594319,132.8052
period1,sc01,t5914,0.061754418,132.8052
period1,sc01,t5915,0.036853443,132.8052
period1,sc01,t5916,0.037738811000000004,132.8052
period1,sc01,t5917,0.269926569,132.8052
period1,sc01,t5918,0.306226657,132.8052
period1,sc01,t5919,0.36908778500000006,132.8052
period1,sc01,t5920,0.586666971,132.8052
period1,sc01,t5921,0.9273123090000001,132.8052
period1,sc01,t5922,1.5149753189999997,132.8052
period1,sc01,t5923,1.0152957539999998,132.8052
period1,sc01,t5924,0.635804895,132.8052
period1,sc01,t5925,0.567410217,132.8052
period1,sc01,t5926,0.532880865,132.8052
period1,sc01,t5927,0.394320773,132.8052
period1,sc01,t5928,0.431506229,132.8052
period1,sc01,t5929,0.44412272300000005,132.8052
period1,sc01,t5930,0.430842203,132.8052
period1,sc01,t5931,0.42497663999999996,132.8052
period1,sc01,t5932,0.49624876400000006,132.8052
period1,sc01,t5933,0.620089613,132.8052
period1,sc01,t5934,0.7078517160000001,132.8052
period1,sc01,t5935,0.7553295750000001,132.8052
period1,sc01,t5936,0.654729636,132.8052
period1,sc01,t5937,0.5723904120000001,132.8052
period1,sc01,t5938,0.5386357570000001,132.8052
period1,sc01,t5939,0.49370333099999997,132.8052
period1,sc01,t5940,0.464486187,132.8052
period1,sc01,t5941,0.45120566700000003,132.8052
period1,sc01,t5942,0.48595636099999995,132.8052
period1,sc01,t5943,0.509529284,132.8052
period1,sc01,t5944,0.584010867,132.8052
period1,sc01,t5945,0.667567472,132.8052
period1,sc01,t5946,0.8674392979999999,132.8052
period1,sc01,t5947,0.832356591,132.8052
period1,sc01,t5948,0.658271108,132.8052
period1,sc01,t5949,0.610682578,132.8052
period1,sc01,t5950,0.50465976,132.8052
period1,sc01,t5951,0.46393283199999996,132.8052
period1,sc01,t5952,0.46603558100000003,132.8052
period1,sc01,t5953,0.4528657320000001,132.8052
period1,sc01,t5954,0.45364042899999996,132.8052
period1,sc01,t5955,0.457513914,132.8052
period1,sc01,t5956,0.45430445499999994,132.8052
period1,sc01,t5957,0.45275506099999996,132.8052
period1,sc01,t5958,0.47145845999999997,132.8052
period1,sc01,t5959,0.498351513,132.8052
period1,sc01,t5960,0.578587988,132.8052
period1,sc01,t5961,0.318621809,132.8052
period1,sc01,t5962,0.10248134599999999,132.8052
period1,sc01,t5963,0.098829203,132.8052
period1,sc01,t5964,0.09252095599999999,132.8052
period1,sc01,t5965,0.07857641,132.8052
period1,sc01,t5966,0.090418207,132.8052
period1,sc01,t5967,0.346178888,132.8052
period1,sc01,t5968,0.540849177,132.8052
period1,sc01,t5969,0.660816541,132.8052
period1,sc01,t5970,0.834570011,132.8052
period1,sc01,t5971,0.741717042,132.8052
period1,sc01,t5972,0.613892037,132.8052
period1,sc01,t5973,0.514952163,132.8052
period1,sc01,t5974,0.43305562300000006,132.8052
period1,sc01,t5975,0.440138567,132.8052
period1,sc01,t5976,0.369973153,132.8052
period1,sc01,t5977,0.36034477600000003,132.8052
period1,sc01,t5978,0.3547005549999999,132.8052
period1,sc01,t5979,0.36908778500000006,132.8052
period1,sc01,t5980,0.34972036,132.8052
period1,sc01,t5981,0.337214537,132.8052
period1,sc01,t5982,0.305562631,132.8052
period1,sc01,t5983,0.121848771,132.8052
period1,sc01,t5984,0.07547762200000001,132.8052
period1,sc01,t5985,0.09827584800000001,132.8052
period1,sc01,t5986,0.084773986,132.8052
period1,sc01,t5987,0.037406798,132.8052
period1,sc01,t5988,0.04094827,132.8052
period1,sc01,t5989,0.04094827,132.8052
period1,sc01,t5990,0.07614164799999999,132.8052
period1,sc01,t5991,0.213816372,132.8052
period1,sc01,t5992,0.33400507799999996,132.8052
period1,sc01,t5993,0.916687893,132.8052
period1,sc01,t5994,0.885368,132.8052
period1,sc01,t5995,0.652626887,132.8052
period1,sc01,t5996,0.565971494,132.8052
period1,sc01,t5997,0.531995497,132.8052
period1,sc01,t5998,0.5180509510000001,132.8052
period1,sc01,t5999,0.485513677,132.8052
period1,sc01,t6000,0.49137924,132.8052
period1,sc01,t6001,0.505213115,132.8052
period1,sc01,t6002,0.5630940480000001,132.8052
period1,sc01,t6003,0.569070282,132.8052
period1,sc01,t6004,0.805352867,132.8052
period1,sc01,t6005,1.213728857,132.8052
period1,sc01,t6006,1.5505007100000001,132.8052
period1,sc01,t6007,1.337127022,132.8052
period1,sc01,t6008,1.107595368,132.8052
period1,sc01,t6009,0.971027354,132.8052
period1,sc01,t6010,0.853384081,132.8052
period1,sc01,t6011,0.746807908,132.8052
period1,sc01,t6012,0.695235222,132.8052
period1,sc01,t6013,0.774807671,132.8052
period1,sc01,t6014,0.8768463330000001,132.8052
period1,sc01,t6015,1.0733980289999998,132.8052
period1,sc01,t6016,1.3801780409999997,132.8052
period1,sc01,t6017,2.114812139,132.8052
period1,sc01,t6018,3.4028012370000003,132.8052
period1,sc01,t6019,2.675360754,132.8052
period1,sc01,t6020,1.4827700579999998,132.8052
period1,sc01,t6021,1.052038526,132.8052
period1,sc01,t6022,0.718586803,132.8052
period1,sc01,t6023,0.6692275369999999,132.8052
period1,sc01,t6024,0.663915329,132.8052
period1,sc01,t6025,0.663583316,132.8052
period1,sc01,t6026,0.7599777569999999,132.8052
period1,sc01,t6027,0.9245455340000001,132.8052
period1,sc01,t6028,1.124528031,132.8052
period1,sc01,t6029,1.6851873170000002,132.8052
period1,sc01,t6030,2.718854457,132.8052
period1,sc01,t6031,2.173135756,132.8052
period1,sc01,t6032,1.4351815280000002,132.8052
period1,sc01,t6033,1.1438954559999999,132.8052
period1,sc01,t6034,1.036544586,132.8052
period1,sc01,t6035,0.9134784340000001,132.8052
period1,sc01,t6036,0.8962137580000001,132.8052
period1,sc01,t6037,0.872751506,132.8052
period1,sc01,t6038,0.9429169199999999,132.8052
period1,sc01,t6039,1.0321177460000002,132.8052
period1,sc01,t6040,1.364462759,132.8052
period1,sc01,t6041,1.839573362,132.8052
period1,sc01,t6042,3.1633091929999995,132.8052
period1,sc01,t6043,1.7886647020000002,132.8052
period1,sc01,t6044,1.234424334,132.8052
period1,sc01,t6045,0.801036698,132.8052
period1,sc01,t6046,0.5104146519999999,132.8052
period1,sc01,t6047,0.423648588,132.8052
period1,sc01,t6048,0.366874365,132.8052
period1,sc01,t6049,0.353151161,132.8052
period1,sc01,t6050,0.307554709,132.8052
period1,sc01,t6051,0.311760207,132.8052
period1,sc01,t6052,0.663915329,132.8052
period1,sc01,t6053,1.231214875,132.8052
period1,sc01,t6054,2.1402664689999997,132.8052
period1,sc01,t6055,1.724696864,132.8052
period1,sc01,t6056,1.303815051,132.8052
period1,sc01,t6057,1.007770126,132.8052
period1,sc01,t6058,0.626619202,132.8052
period1,sc01,t6059,0.36432893200000005,132.8052
period1,sc01,t6060,0.35016304400000003,132.8052
period1,sc01,t6061,0.345514862,132.8052
period1,sc01,t6062,0.666128749,132.8052
period1,sc01,t6063,0.9402608159999999,132.8052
period1,sc01,t6064,1.286439704,132.8052
period1,sc01,t6065,1.6952583780000001,132.8052
period1,sc01,t6066,1.995176788,132.8052
period1,sc01,t6067,1.08789593,132.8052
period1,sc01,t6068,0.5057664700000001,132.8052
period1,sc01,t6069,0.372739928,132.8052
period1,sc01,t6070,0.21138161000000003,132.8052
period1,sc01,t6071,0.153390006,132.8052
period1,sc01,t6072,0.12782500500000002,132.8052
period1,sc01,t6073,0.103366714,132.8052
period1,sc01,t6074,0.07149346599999999,132.8052
period1,sc01,t6075,0.132141174,132.8052
period1,sc01,t6076,0.24347619999999998,132.8052
period1,sc01,t6077,0.33643984,132.8052
period1,sc01,t6078,0.452201706,132.8052
period1,sc01,t6079,0.653180242,132.8052
period1,sc01,t6080,0.542177229,132.8052
period1,sc01,t6081,0.319396506,132.8052
period1,sc01,t6082,0.136457343,132.8052
period1,sc01,t6083,0.051019331,132.8052
period1,sc01,t6084,0.06972273,132.8052
period1,sc01,t6085,0.060426365999999995,132.8052
period1,sc01,t6086,0.093295653,132.8052
period1,sc01,t6087,0.22112065800000003,132.8052
period1,sc01,t6088,0.34772828200000006,132.8052
period1,sc01,t6089,0.852941397,132.8052
period1,sc01,t6090,0.806459577,132.8052
period1,sc01,t6091,0.674650416,132.8052
period1,sc01,t6092,0.450652312,132.8052
period1,sc01,t6093,0.40140371700000005,132.8052
period1,sc01,t6094,0.22012461900000002,132.8052
period1,sc01,t6095,0.20662275700000002,132.8052
period1,sc01,t6096,0.15261530899999998,132.8052
period1,sc01,t6097,0.138560092,132.8052
period1,sc01,t6098,0.10867892200000001,132.8052
period1,sc01,t6099,0.10447342399999998,132.8052
period1,sc01,t6100,0.10048926799999999,132.8052
period1,sc01,t6101,0.193231566,132.8052
period1,sc01,t6102,0.6078051320000001,132.8052
period1,sc01,t6103,0.64299851,132.8052
period1,sc01,t6104,0.293388821,132.8052
period1,sc01,t6105,0.060426365999999995,132.8052
period1,sc01,t6106,0.04415772900000001,132.8052
period1,sc01,t6107,0.042165651,132.8052
period1,sc01,t6108,0.041501625,132.8052
period1,sc01,t6109,0.034529352,132.8052
period1,sc01,t6110,0.041944309,132.8052
period1,sc01,t6111,0.03906686299999999,132.8052
period1,sc01,t6112,0.321720597,132.8052
period1,sc01,t6113,0.55999526,132.8052
period1,sc01,t6114,0.651520177,132.8052
period1,sc01,t6115,0.639567709,132.8052
period1,sc01,t6116,0.549702857,132.8052
period1,sc01,t6117,0.375838716,132.8052
period1,sc01,t6118,0.336218498,132.8052
period1,sc01,t6119,0.247681698,132.8052
period1,sc01,t6120,0.19068613299999998,132.8052
period1,sc01,t6121,0.170654682,132.8052
period1,sc01,t6122,0.110671,132.8052
period1,sc01,t6123,0.12882104400000002,132.8052
period1,sc01,t6124,0.143761629,132.8052
period1,sc01,t6125,0.175192193,132.8052
period1,sc01,t6126,0.266163755,132.8052
period1,sc01,t6127,0.281657695,132.8052
period1,sc01,t6128,0.256535378,132.8052
period1,sc01,t6129,0.136236001,132.8052
period1,sc01,t6130,0.044711084000000005,132.8052
period1,sc01,t6131,0.040616257,132.8052
period1,sc01,t6132,0.037738811000000004,132.8052
period1,sc01,t6133,0.03873485,132.8052
period1,sc01,t6134,0.05467147400000001,132.8052
period1,sc01,t6135,0.087762103,132.8052
period1,sc01,t6136,0.616548141,132.8052
period1,sc01,t6137,0.8559295140000001,132.8052
period1,sc01,t6138,0.76252319,132.8052
period1,sc01,t6139,0.68284007,132.8052
period1,sc01,t6140,0.561544654,132.8052
period1,sc01,t6141,0.40715860899999995,132.8052
period1,sc01,t6142,0.332677026,132.8052
period1,sc01,t6143,0.315744363,132.8052
period1,sc01,t6144,0.220345961,132.8052
period1,sc01,t6145,0.222116697,132.8052
period1,sc01,t6146,0.247571027,132.8052
period1,sc01,t6147,0.255871352,132.8052
period1,sc01,t6148,0.279776288,132.8052
period1,sc01,t6149,0.370526508,132.8052
period1,sc01,t6150,0.420328458,132.8052
period1,sc01,t6151,0.646650653,132.8052
period1,sc01,t6152,0.773700961,132.8052
period1,sc01,t6153,0.520928397,132.8052
period1,sc01,t6154,0.277673539,132.8052
period1,sc01,t6155,0.10447342399999998,132.8052
period1,sc01,t6156,0.10712952799999999,132.8052
period1,sc01,t6157,0.10093195199999999,132.8052
period1,sc01,t6158,0.106022818,132.8052
period1,sc01,t6159,0.205294705,132.8052
period1,sc01,t6160,1.0213826590000001,132.8052
period1,sc01,t6161,1.329380052,132.8052
period1,sc01,t6162,1.530911943,132.8052
period1,sc01,t6163,1.155515911,132.8052
period1,sc01,t6164,0.942806249,132.8052
period1,sc01,t6165,0.6652433809999999,132.8052
period1,sc01,t6166,0.155050071,132.8052
period1,sc01,t6167,0.17795896799999997,132.8052
period1,sc01,t6168,0.09097156199999999,132.8052
period1,sc01,t6169,0.051019331,132.8052
period1,sc01,t6170,0.035968074999999995,132.8052
period1,sc01,t6171,0.035414720000000004,132.8052
period1,sc01,t6172,0.041058940999999995,132.8052
period1,sc01,t6173,0.20053585200000001,132.8052
period1,sc01,t6174,0.5578925109999999,132.8052
period1,sc01,t6175,0.525244566,132.8052
period1,sc01,t6176,0.110671,132.8052
period1,sc01,t6177,0.183049834,132.8052
period1,sc01,t6178,0.083777947,132.8052
period1,sc01,t6179,0.050355305,132.8052
period1,sc01,t6180,0.04393638700000001,132.8052
period1,sc01,t6181,0.04205498,132.8052
period1,sc01,t6182,0.041280283,132.8052
period1,sc01,t6183,0.048473898,132.8052
period1,sc01,t6184,0.06429985099999999,132.8052
period1,sc01,t6185,0.129817083,132.8052
period1,sc01,t6186,0.51572686,132.8052
period1,sc01,t6187,0.271586634,132.8052
period1,sc01,t6188,0.056663552000000006,132.8052
period1,sc01,t6189,0.033090629,132.8052
period1,sc01,t6190,0.005312208,132.8052
period1,sc01,t6191,0.0007746970000000001,132.8052
period1,sc01,t6192,0.001328052,132.8052
period1,sc01,t6193,0.000332013,132.8052
period1,sc01,t6194,0.0005533550000000001,132.8052
period1,sc01,t6195,0.003873485,132.8052
period1,sc01,t6196,0.023904936,132.8052
period1,sc01,t6197,0.044047058,132.8052
period1,sc01,t6198,0.16711320999999998,132.8052
period1,sc01,t6199,0.21348435899999998,132.8052
period1,sc01,t6200,0.15848087200000002,132.8052
period1,sc01,t6201,0.15261530899999998,132.8052
period1,sc01,t6202,0.12682896600000002,132.8052
period1,sc01,t6203,0.118085957,132.8052
period1,sc01,t6204,0.10535879199999999,132.8052
period1,sc01,t6205,0.110671,132.8052
period1,sc01,t6206,0.14852048199999998,132.8052
period1,sc01,t6207,0.196773038,132.8052
period1,sc01,t6208,0.246353646,132.8052
period1,sc01,t6209,0.623520414,132.8052
period1,sc01,t6210,0.8859213549999999,132.8052
period1,sc01,t6211,0.658049766,132.8052
period1,sc01,t6212,0.39409943100000006,132.8052
period1,sc01,t6213,0.335111788,132.8052
period1,sc01,t6214,0.278005552,132.8052
period1,sc01,t6215,0.30666934100000004,132.8052
period1,sc01,t6216,0.28398178599999996,132.8052
period1,sc01,t6217,0.23904936000000002,132.8052
period1,sc01,t6218,0.226211524,132.8052
period1,sc01,t6219,0.26339698,132.8052
period1,sc01,t6220,0.339095944,132.8052
period1,sc01,t6221,0.626619202,132.8052
period1,sc01,t6222,1.007438113,132.8052
period1,sc01,t6223,0.9786636530000001,132.8052
period1,sc01,t6224,0.8664432590000001,132.8052
period1,sc01,t6225,0.7111718460000002,132.8052
period1,sc01,t6226,0.46105538599999996,132.8052
period1,sc01,t6227,0.25111249900000004,132.8052
period1,sc01,t6228,0.199761155,132.8052
period1,sc01,t6229,0.201974575,132.8052
period1,sc01,t6230,0.38236830499999996,132.8052
period1,sc01,t6231,0.8499532799999999,132.8052
period1,sc01,t6232,1.092212099,132.8052
period1,sc01,t6233,1.230329507,132.8052
period1,sc01,t6234,1.351846265,132.8052
period1,sc01,t6235,1.217602342,132.8052
period1,sc01,t6236,0.891233563,132.8052
period1,sc01,t6237,0.693021802,132.8052
period1,sc01,t6238,0.398526271,132.8052
period1,sc01,t6239,0.306337328,132.8052
period1,sc01,t6240,0.262954296,132.8052
period1,sc01,t6241,0.207840138,132.8052
period1,sc01,t6242,0.189468752,132.8052
period1,sc01,t6243,0.21691516000000002,132.8052
period1,sc01,t6244,0.551473593,132.8052
period1,sc01,t6245,1.0125289789999998,132.8052
period1,sc01,t6246,1.169681799,132.8052
period1,sc01,t6247,1.1503143740000001,132.8052
period1,sc01,t6248,0.9601815960000001,132.8052
period1,sc01,t6249,0.745258514,132.8052
period1,sc01,t6250,0.48872313599999995,132.8052
period1,sc01,t6251,0.15272598,132.8052
period1,sc01,t6252,0.08798344500000001,132.8052
period1,sc01,t6253,0.094181021,132.8052
period1,sc01,t6254,0.102370675,132.8052
period1,sc01,t6255,0.310321484,132.8052
period1,sc01,t6256,0.6719943119999999,132.8052
period1,sc01,t6257,0.767392714,132.8052
period1,sc01,t6258,0.7909656370000001,132.8052
period1,sc01,t6259,0.794839122,132.8052
period1,sc01,t6260,0.641006432,132.8052
period1,sc01,t6261,0.387791184,132.8052
period1,sc01,t6262,0.328582199,132.8052
period1,sc01,t6263,0.146528404,132.8052
period1,sc01,t6264,0.105026779,132.8052
period1,sc01,t6265,0.106022818,132.8052
period1,sc01,t6266,0.10104262300000001,132.8052
period1,sc01,t6267,0.108789593,132.8052
period1,sc01,t6268,0.131477148,132.8052
period1,sc01,t6269,0.40516653099999994,132.8052
period1,sc01,t6270,0.7354087950000001,132.8052
period1,sc01,t6271,0.7667286879999999,132.8052
period1,sc01,t6272,0.72821518,132.8052
period1,sc01,t6273,0.5661928359999999,132.8052
period1,sc01,t6274,0.147745785,132.8052
period1,sc01,t6275,0.063193141,132.8052
period1,sc01,t6276,0.068062665,132.8052
period1,sc01,t6277,0.06308247,132.8052
period1,sc01,t6278,0.13778539499999998,132.8052
period1,sc01,t6279,0.45275506099999996,132.8052
period1,sc01,t6280,0.6085798290000001,132.8052
period1,sc01,t6281,1.021271988,132.8052
period1,sc01,t6282,0.7090690969999999,132.8052
period1,sc01,t6283,0.325594082,132.8052
period1,sc01,t6284,0.241041438,132.8052
period1,sc01,t6285,0.130259767,132.8052
period1,sc01,t6286,0.039288205,132.8052
period1,sc01,t6287,0.048584568999999994,132.8052
period1,sc01,t6288,0.048805911,132.8052
period1,sc01,t6289,0.036853443,132.8052
period1,sc01,t6290,0.034529352,132.8052
period1,sc01,t6291,0.032315932,132.8052
period1,sc01,t6292,0.032979958,132.8052
period1,sc01,t6293,0.034197339,132.8052
period1,sc01,t6294,0.03984156,132.8052
period1,sc01,t6295,0.127050308,132.8052
period1,sc01,t6296,0.197326393,132.8052
period1,sc01,t6297,0.034861365,132.8052
period1,sc01,t6298,0.026893053000000004,132.8052
period1,sc01,t6299,0.018371386,132.8052
period1,sc01,t6300,0.0071936149999999996,132.8052
period1,sc01,t6301,0.008078983,132.8052
period1,sc01,t6302,0.025122316999999998,132.8052
period1,sc01,t6303,0.222338039,132.8052
period1,sc01,t6304,0.320835229,132.8052
period1,sc01,t6305,0.34673224299999994,132.8052
period1,sc01,t6306,0.257531417,132.8052
period1,sc01,t6307,0.29803700299999997,132.8052
period1,sc01,t6308,0.301246462,132.8052
period1,sc01,t6309,0.223444749,132.8052
period1,sc01,t6310,0.241041438,132.8052
period1,sc01,t6311,0.08743009,132.8052
period1,sc01,t6312,0.039952231,132.8052
period1,sc01,t6313,0.037074785,132.8052
period1,sc01,t6314,0.018260715,132.8052
period1,sc01,t6315,0.022355542000000003,132.8052
period1,sc01,t6316,0.028553118000000002,132.8052
period1,sc01,t6317,0.037406798,132.8052
period1,sc01,t6318,0.041169612,132.8052
period1,sc01,t6319,0.034197339,132.8052
period1,sc01,t6320,0.014387229999999999,132.8052
period1,sc01,t6321,0.0014387230000000003,132.8052
period1,sc01,t6322,0.0007746970000000001,132.8052
period1,sc01,t6323,-0.013501862,132.8052
period1,sc01,t6324,-0.011288442000000001,132.8052
period1,sc01,t6325,0.00022134200000000002,132.8052
period1,sc01,t6326,-0.005865563,132.8052
period1,sc01,t6327,-0.020031451,132.8052
period1,sc01,t6328,0.025011646,132.8052
period1,sc01,t6329,0.18072574299999997,132.8052
period1,sc01,t6330,0.24159479299999997,132.8052
period1,sc01,t6331,0.239492044,132.8052
period1,sc01,t6332,0.110449658,132.8052
period1,sc01,t6333,0.025011646,132.8052
period1,sc01,t6334,0.012727165,132.8052
period1,sc01,t6335,0.006197576000000001,132.8052
period1,sc01,t6336,0.0,132.8052
period1,sc01,t6337,0.0,132.8052
period1,sc01,t6338,0.0007746970000000001,132.8052
period1,sc01,t6339,0.012616493999999999,132.8052
period1,sc01,t6340,0.110781671,132.8052
period1,sc01,t6341,0.232851784,132.8052
period1,sc01,t6342,0.321831268,132.8052
period1,sc01,t6343,0.33223434199999996,132.8052
period1,sc01,t6344,0.322495294,132.8052
period1,sc01,t6345,0.298369016,132.8052
period1,sc01,t6346,0.286305877,132.8052
period1,sc01,t6347,0.276456158,132.8052
period1,sc01,t6348,0.26494637400000004,132.8052
period1,sc01,t6349,0.26549972899999996,132.8052
period1,sc01,t6350,0.28774459999999996,132.8052
period1,sc01,t6351,0.29460620200000004,132.8052
period1,sc01,t6352,0.320281874,132.8052
period1,sc01,t6353,0.511521362,132.8052
period1,sc01,t6354,0.641006432,132.8052
period1,sc01,t6355,0.45043097,132.8052
period1,sc01,t6356,0.30290652700000004,132.8052
period1,sc01,t6357,0.293167479,132.8052
period1,sc01,t6358,0.24812438200000003,132.8052
period1,sc01,t6359,0.035193378000000004,132.8052
period1,sc01,t6360,0.20308128500000003,132.8052
period1,sc01,t6361,0.203302627,132.8052
period1,sc01,t6362,0.203413298,132.8052
period1,sc01,t6363,0.20097853599999999,132.8052
period1,sc01,t6364,0.250337802,132.8052
period1,sc01,t6365,0.46426484500000004,132.8052
period1,sc01,t6366,0.774143645,132.8052
period1,sc01,t6367,0.870648757,132.8052
period1,sc01,t6368,0.565639481,132.8052
period1,sc01,t6369,0.324819385,132.8052
period1,sc01,t6370,0.29770499,132.8052
period1,sc01,t6371,0.289515336,132.8052
period1,sc01,t6372,0.308882761,132.8052
period1,sc01,t6373,0.29427418899999996,132.8052
period1,sc01,t6374,0.27889092,132.8052
period1,sc01,t6375,0.339538628,132.8052
period1,sc01,t6376,0.8677713109999999,132.8052
period1,sc01,t6377,1.124638702,132.8052
period1,sc01,t6378,1.0305683520000002,132.8052
period1,sc01,t6379,1.06576173,132.8052
period1,sc01,t6380,0.5531336579999999,132.8052
period1,sc01,t6381,0.29914371300000003,132.8052
period1,sc01,t6382,0.287855271,132.8052
period1,sc01,t6383,0.43936387000000005,132.8052
period1,sc01,t6384,0.417561683,132.8052
period1,sc01,t6385,0.39896895499999996,132.8052
period1,sc01,t6386,0.408265319,132.8052
period1,sc01,t6387,0.374621335,132.8052
period1,sc01,t6388,0.447553524,132.8052
period1,sc01,t6389,0.697005958,132.8052
period1,sc01,t6390,1.0256988280000001,132.8052
period1,sc01,t6391,1.176654072,132.8052
period1,sc01,t6392,1.016070451,132.8052
period1,sc01,t6393,0.680847992,132.8052
period1,sc01,t6394,0.558999221,132.8052
period1,sc01,t6395,0.326036766,132.8052
period1,sc01,t6396,0.235175875,132.8052
period1,sc01,t6397,0.270590595,132.8052
period1,sc01,t6398,0.319396506,132.8052
period1,sc01,t6399,0.663251303,132.8052
period1,sc01,t6400,1.047611686,132.8052
period1,sc01,t6401,1.247815525,132.8052
period1,sc01,t6402,1.3391191,132.8052
period1,sc01,t6403,1.180970241,132.8052
period1,sc01,t6404,0.9637230680000001,132.8052
period1,sc01,t6405,0.8729728479999999,132.8052
period1,sc01,t6406,0.663472645,132.8052
period1,sc01,t6407,0.724563037,132.8052
period1,sc01,t6408,0.6810693339999999,132.8052
period1,sc01,t6409,0.649196086,132.8052
period1,sc01,t6410,0.649417428,132.8052
period1,sc01,t6411,0.687377581,132.8052
period1,sc01,t6412,0.773479619,132.8052
period1,sc01,t6413,1.1260774249999999,132.8052
period1,sc01,t6414,1.312890073,132.8052
period1,sc01,t6415,1.320858385,132.8052
period1,sc01,t6416,1.118330455,132.8052
period1,sc01,t6417,0.785653429,132.8052
period1,sc01,t6418,0.665354052,132.8052
period1,sc01,t6419,0.346953585,132.8052
period1,sc01,t6420,0.21171362299999996,132.8052
period1,sc01,t6421,0.31098551,132.8052
period1,sc01,t6422,0.390115275,132.8052
period1,sc01,t6423,0.749906696,132.8052
period1,sc01,t6424,0.9053994510000001,132.8052
period1,sc01,t6425,1.2210331429999999,132.8052
period1,sc01,t6426,1.210851411,132.8052
period1,sc01,t6427,1.188495869,132.8052
period1,sc01,t6428,0.8729728479999999,132.8052
period1,sc01,t6429,0.42198852300000006,132.8052
period1,sc01,t6430,0.341862719,132.8052
period1,sc01,t6431,0.5511415799999999,132.8052
period1,sc01,t6432,0.528675367,132.8052
period1,sc01,t6433,0.46658893599999995,132.8052
period1,sc01,t6434,0.5822401309999999,132.8052
period1,sc01,t6435,0.706191651,132.8052
period1,sc01,t6436,0.773368948,132.8052
period1,sc01,t6437,1.067089782,132.8052
period1,sc01,t6438,1.27492992,132.8052
period1,sc01,t6439,1.30370438,132.8052
period1,sc01,t6440,1.204211151,132.8052
period1,sc01,t6441,0.967928566,132.8052
period1,sc01,t6442,0.906174148,132.8052
period1,sc01,t6443,0.8301431710000001,132.8052
period1,sc01,t6444,0.769274121,132.8052
period1,sc01,t6445,0.763187216,132.8052
period1,sc01,t6446,0.8171946640000001,132.8052
period1,sc01,t6447,1.000133827,132.8052
period1,sc01,t6448,1.070409912,132.8052
period1,sc01,t6449,1.145334179,132.8052
period1,sc01,t6450,1.104607251,132.8052
period1,sc01,t6451,1.0386473349999998,132.8052
period1,sc01,t6452,0.7972738840000001,132.8052
period1,sc01,t6453,0.475110603,132.8052
period1,sc01,t6454,0.341088022,132.8052
period1,sc01,t6455,0.34972036,132.8052
period1,sc01,t6456,0.353704516,132.8052
period1,sc01,t6457,0.376945426,132.8052
period1,sc01,t6458,0.391443327,132.8052
period1,sc01,t6459,0.38889789399999997,132.8052
period1,sc01,t6460,0.39310339200000005,132.8052
period1,sc01,t6461,0.36388624799999997,132.8052
period1,sc01,t6462,0.36576765499999997,132.8052
period1,sc01,t6463,0.359348737,132.8052
period1,sc01,t6464,0.376502742,132.8052
period1,sc01,t6465,0.354479213,132.8052
period1,sc01,t6466,0.359348737,132.8052
period1,sc01,t6467,0.353483174,132.8052
period1,sc01,t6468,0.318289796,132.8052
period1,sc01,t6469,0.350384386,132.8052
period1,sc01,t6470,0.351601767,132.8052
period1,sc01,t6471,0.402289085,132.8052
period1,sc01,t6472,1.015406425,132.8052
period1,sc01,t6473,1.01263965,132.8052
period1,sc01,t6474,1.235973728,132.8052
period1,sc01,t6475,0.953652007,132.8052
period1,sc01,t6476,0.6187615609999999,132.8052
period1,sc01,t6477,0.500343591,132.8052
period1,sc01,t6478,0.283871115,132.8052
period1,sc01,t6479,0.258859469,132.8052
period1,sc01,t6480,0.25598202299999995,132.8052
period1,sc01,t6481,0.268709188,132.8052
period1,sc01,t6482,0.269815898,132.8052
period1,sc01,t6483,0.24469358099999997,132.8052
period1,sc01,t6484,0.25288323500000004,132.8052
period1,sc01,t6485,0.235618559,132.8052
period1,sc01,t6486,0.251776525,132.8052
period1,sc01,t6487,0.35624994899999995,132.8052
period1,sc01,t6488,0.32537274,132.8052
period1,sc01,t6489,0.319728519,132.8052
period1,sc01,t6490,0.297926332,132.8052
period1,sc01,t6491,0.20031451000000003,132.8052
period1,sc01,t6492,0.13247318700000002,132.8052
period1,sc01,t6493,0.258638127,132.8052
period1,sc01,t6494,0.36576765499999997,132.8052
period1,sc01,t6495,0.599615478,132.8052
period1,sc01,t6496,0.9779996270000001,132.8052
period1,sc01,t6497,1.053477249,132.8052
period1,sc01,t6498,0.781779944,132.8052
period1,sc01,t6499,0.435933069,132.8052
period1,sc01,t6500,0.21890723800000003,132.8052
period1,sc01,t6501,0.23008500899999998,132.8052
period1,sc01,t6502,0.226322195,132.8052
period1,sc01,t6503,0.24126278,132.8052
period1,sc01,t6504,0.23761063699999999,132.8052
period1,sc01,t6505,0.23417983600000003,132.8052
period1,sc01,t6506,0.24093076700000002,132.8052
period1,sc01,t6507,0.248788408,132.8052
period1,sc01,t6508,0.246464317,132.8052
period1,sc01,t6509,0.612342643,132.8052
period1,sc01,t6510,1.2499182739999999,132.8052
period1,sc01,t6511,1.225570654,132.8052
period1,sc01,t6512,0.767392714,132.8052
period1,sc01,t6513,0.5309994579999999,132.8052
period1,sc01,t6514,0.41966443200000003,132.8052
period1,sc01,t6515,0.325926095,132.8052
period1,sc01,t6516,0.34972036,132.8052
period1,sc01,t6517,0.479758785,132.8052
period1,sc01,t6518,0.7366261760000001,132.8052
period1,sc01,t6519,0.9581895180000001,132.8052
period1,sc01,t6520,1.31477148,132.8052
period1,sc01,t6521,2.586934625,132.8052
period1,sc01,t6522,2.503820704,132.8052
period1,sc01,t6523,1.188717211,132.8052
period1,sc01,t6524,0.9589642150000001,132.8052
period1,sc01,t6525,0.48938716199999993,132.8052
period1,sc01,t6526,0.2988117,132.8052
period1,sc01,t6527,0.279444275,132.8052
period1,sc01,t6528,0.262622283,132.8052
period1,sc01,t6529,0.243144187,132.8052
period1,sc01,t6530,0.323602004,132.8052
period1,sc01,t6531,0.243918884,132.8052
period1,sc01,t6532,0.5982874260000001,132.8052
period1,sc01,t6533,0.9024113340000001,132.8052
period1,sc01,t6534,1.9146082999999998,132.8052
period1,sc01,t6535,1.436730922,132.8052
period1,sc01,t6536,1.130836278,132.8052
period1,sc01,t6537,0.9695886309999999,132.8052
period1,sc01,t6538,0.8851466580000001,132.8052
period1,sc01,t6539,0.844198388,132.8052
period1,sc01,t6540,0.823945595,132.8052
period1,sc01,t6541,0.866885943,132.8052
period1,sc01,t6542,0.9346165949999999,132.8052
period1,sc01,t6543,1.042188807,132.8052
period1,sc01,t6544,1.30038425,132.8052
period1,sc01,t6545,2.659977485,132.8052
period1,sc01,t6546,2.142258547,132.8052
period1,sc01,t6547,1.1130182469999998,132.8052
period1,sc01,t6548,0.9766715749999999,132.8052
period1,sc01,t6549,0.8747435840000002,132.8052
period1,sc01,t6550,0.699219378,132.8052
period1,sc01,t6551,0.557449827,132.8052
period1,sc01,t6552,0.502335669,132.8052
period1,sc01,t6553,0.504770431,132.8052
period1,sc01,t6554,0.442684,132.8052
period1,sc01,t6555,0.44257332900000007,132.8052
period1,sc01,t6556,0.5440586359999999,132.8052
period1,sc01,t6557,0.903628715,132.8052
period1,sc01,t6558,1.531465298,132.8052
period1,sc01,t6559,1.9285528459999999,132.8052
period1,sc01,t6560,1.403972306,132.8052
period1,sc01,t6561,1.0388686770000002,132.8052
period1,sc01,t6562,0.8627911159999999,132.8052
period1,sc01,t6563,0.674982429,132.8052
period1,sc01,t6564,0.638239657,132.8052
period1,sc01,t6565,0.623188401,132.8052
period1,sc01,t6566,0.630271345,132.8052
period1,sc01,t6567,0.6161054570000001,132.8052
period1,sc01,t6568,0.9818731119999999,132.8052
period1,sc01,t6569,1.42544248,132.8052
period1,sc01,t6570,3.833311427,132.8052
period1,sc01,t6571,2.0007103379999998,132.8052
period1,sc01,t6572,1.219815762,132.8052
period1,sc01,t6573,1.003011273,132.8052
period1,sc01,t6574,0.861684406,132.8052
period1,sc01,t6575,0.936055318,132.8052
period1,sc01,t6576,0.8376687989999999,132.8052
period1,sc01,t6577,0.697337971,132.8052
period1,sc01,t6578,0.697116629,132.8052
period1,sc01,t6579,0.7992659619999999,132.8052
period1,sc01,t6580,0.8277084090000001,132.8052
period1,sc01,t6581,0.9149171570000001,132.8052
period1,sc01,t6582,1.654310108,132.8052
period1,sc01,t6583,1.7888860439999998,132.8052
period1,sc01,t6584,1.282566219,132.8052
period1,sc01,t6585,1.0478330279999999,132.8052
period1,sc01,t6586,0.931075123,132.8052
period1,sc01,t6587,0.69501388,132.8052
period1,sc01,t6588,0.565086126,132.8052
period1,sc01,t6589,0.6010542010000001,132.8052
period1,sc01,t6590,0.5961846769999999,132.8052
period1,sc01,t6591,0.735740808,132.8052
period1,sc01,t6592,1.275040591,132.8052
period1,sc01,t6593,1.6827525550000002,132.8052
period1,sc01,t6594,3.0749937350000005,132.8052
period1,sc01,t6595,1.9409479980000002,132.8052
period1,sc01,t6596,1.4127153150000002,132.8052
period1,sc01,t6597,1.389917089,132.8052
period1,sc01,t6598,1.221697169,132.8052
period1,sc01,t6599,0.912371724,132.8052
period1,sc01,t6600,0.5703983340000001,132.8052
period1,sc01,t6601,0.44024923800000004,132.8052
period1,sc01,t6602,0.214480398,132.8052
period1,sc01,t6603,0.387237829,132.8052
period1,sc01,t6604,0.442684,132.8052
period1,sc01,t6605,0.8646725229999999,132.8052
period1,sc01,t6606,1.006995429,132.8052
period1,sc01,t6607,1.206645913,132.8052
period1,sc01,t6608,1.118773139,132.8052
period1,sc01,t6609,0.90086194,132.8052
period1,sc01,t6610,0.44257332900000007,132.8052
period1,sc01,t6611,0.308329406,132.8052
period1,sc01,t6612,0.172093405,132.8052
period1,sc01,t6613,0.092631627,132.8052
period1,sc01,t6614,0.310542826,132.8052
period1,sc01,t6615,0.376170729,132.8052
period1,sc01,t6616,0.5270153019999999,132.8052
period1,sc01,t6617,1.169349786,132.8052
period1,sc01,t6618,1.1993416270000001,132.8052
period1,sc01,t6619,0.9649404490000001,132.8052
period1,sc01,t6620,0.397419561,132.8052
period1,sc01,t6621,0.143318945,132.8052
period1,sc01,t6622,0.0553355,132.8052
period1,sc01,t6623,0.024458291,132.8052
period1,sc01,t6624,0.0030987880000000003,132.8052
period1,sc01,t6625,0.002434762,132.8052
period1,sc01,t6626,0.001328052,132.8052
period1,sc01,t6627,-0.007414957,132.8052
period1,sc01,t6628,-0.007525628,132.8052
period1,sc01,t6629,-0.0063082469999999995,132.8052
period1,sc01,t6630,-0.0017707360000000002,132.8052
period1,sc01,t6631,-0.004205498,132.8052
period1,sc01,t6632,0.012063139,132.8052
period1,sc01,t6633,0.016268637,132.8052
period1,sc01,t6634,0.012727165,132.8052
period1,sc01,t6635,0.0022134200000000002,132.8052
period1,sc01,t6636,0.005865563,132.8052
period1,sc01,t6637,0.013169848999999999,132.8052
period1,sc01,t6638,0.003430801,132.8052
period1,sc01,t6639,0.013612533,132.8052
period1,sc01,t6640,0.013833875,132.8052
period1,sc01,t6641,0.023572923,132.8052
period1,sc01,t6642,0.028110434,132.8052
period1,sc01,t6643,0.025122316999999998,132.8052
period1,sc01,t6644,0.01660065,132.8052
period1,sc01,t6645,0.012505823,132.8052
period1,sc01,t6646,0.001328052,132.8052
period1,sc01,t6647,0.00774697,132.8052
period1,sc01,t6648,0.002434762,132.8052
period1,sc01,t6649,-0.00044268400000000005,132.8052
period1,sc01,t6650,-0.000664026,132.8052
period1,sc01,t6651,-0.0007746970000000001,132.8052
period1,sc01,t6652,-0.000664026,132.8052
period1,sc01,t6653,-0.0005533550000000001,132.8052
period1,sc01,t6654,0.00022134200000000002,132.8052
period1,sc01,t6655,0.006750931,132.8052
period1,sc01,t6656,0.020584806,132.8052
period1,sc01,t6657,0.014497900999999999,132.8052
period1,sc01,t6658,0.024900975,132.8052
period1,sc01,t6659,0.02545433,132.8052
period1,sc01,t6660,0.020916819,132.8052
period1,sc01,t6661,0.017043334,132.8052
period1,sc01,t6662,0.027446408,132.8052
period1,sc01,t6663,0.029549157,132.8052
period1,sc01,t6664,0.037849482,132.8052
period1,sc01,t6665,0.054782145000000004,132.8052
period1,sc01,t6666,0.201531891,132.8052
period1,sc01,t6667,0.249563105,132.8052
period1,sc01,t6668,0.078687081,132.8052
period1,sc01,t6669,0.060869049999999994,132.8052
period1,sc01,t6670,0.0553355,132.8052
period1,sc01,t6671,0.15693147799999999,132.8052
period1,sc01,t6672,0.138449421,132.8052
period1,sc01,t6673,0.074813596,132.8052
period1,sc01,t6674,0.11399113,132.8052
period1,sc01,t6675,0.11620455,132.8052
period1,sc01,t6676,0.088426129,132.8052
period1,sc01,t6677,0.26173691499999996,132.8052
period1,sc01,t6678,0.986742636,132.8052
period1,sc01,t6679,1.262534768,132.8052
period1,sc01,t6680,1.331040117,132.8052
period1,sc01,t6681,1.173333942,132.8052
period1,sc01,t6682,1.021936014,132.8052
period1,sc01,t6683,0.883043909,132.8052
period1,sc01,t6684,0.9029646890000002,132.8052
period1,sc01,t6685,0.8911228919999999,132.8052
period1,sc01,t6686,0.948339799,132.8052
period1,sc01,t6687,0.92410285,132.8052
period1,sc01,t6688,0.9972563809999999,132.8052
period1,sc01,t6689,1.177650111,132.8052
period1,sc01,t6690,1.731005111,132.8052
period1,sc01,t6691,1.594215755,132.8052
period1,sc01,t6692,1.299498882,132.8052
period1,sc01,t6693,1.311562021,132.8052
period1,sc01,t6694,1.09342948,132.8052
period1,sc01,t6695,1.010536901,132.8052
period1,sc01,t6696,0.9978097359999999,132.8052
period1,sc01,t6697,0.941256855,132.8052
period1,sc01,t6698,0.9140317889999999,132.8052
period1,sc01,t6699,0.869099363,132.8052
period1,sc01,t6700,0.903518044,132.8052
period1,sc01,t6701,1.0513745,132.8052
period1,sc01,t6702,1.5353387829999998,132.8052
period1,sc01,t6703,2.885967667,132.8052
period1,sc01,t6704,2.758917359,132.8052
period1,sc01,t6705,1.866134402,132.8052
period1,sc01,t6706,1.4412684329999998,132.8052
period1,sc01,t6707,1.1799742020000001,132.8052
period1,sc01,t6708,0.9917228309999999,132.8052
period1,sc01,t6709,0.9933828960000001,132.8052
period1,sc01,t6710,0.9712486960000001,132.8052
period1,sc01,t6711,1.0383153219999999,132.8052
period1,sc01,t6712,1.058789457,132.8052
period1,sc01,t6713,1.293411977,132.8052
period1,sc01,t6714,0.906838174,132.8052
period1,sc01,t6715,0.4980195,132.8052
period1,sc01,t6716,0.235175875,132.8052
period1,sc01,t6717,0.252219209,132.8052
period1,sc01,t6718,0.236725269,132.8052
period1,sc01,t6719,0.299697068,132.8052
period1,sc01,t6720,0.254321958,132.8052
period1,sc01,t6721,0.254875313,132.8052
period1,sc01,t6722,0.25520732599999996,132.8052
period1,sc01,t6723,0.23783197899999997,132.8052
period1,sc01,t6724,0.256535378,132.8052
period1,sc01,t6725,0.296155596,132.8052
period1,sc01,t6726,0.746586566,132.8052
period1,sc01,t6727,1.307356523,132.8052
period1,sc01,t6728,1.205096519,132.8052
period1,sc01,t6729,0.9649404490000001,132.8052
period1,sc01,t6730,0.9192333260000001,132.8052
period1,sc01,t6731,0.57880933,132.8052
period1,sc01,t6732,0.442684,132.8052
period1,sc01,t6733,0.366874365,132.8052
period1,sc01,t6734,0.292946137,132.8052
period1,sc01,t6735,0.590208443,132.8052
period1,sc01,t6736,0.900087243,132.8052
period1,sc01,t6737,1.2154995929999999,132.8052
period1,sc01,t6738,1.393126548,132.8052
period1,sc01,t6739,1.305807129,132.8052
period1,sc01,t6740,1.183515674,132.8052
period1,sc01,t6741,0.943802288,132.8052
period1,sc01,t6742,0.575710542,132.8052
period1,sc01,t6743,0.7222389459999999,132.8052
period1,sc01,t6744,0.5976234,132.8052
period1,sc01,t6745,0.560880628,132.8052
period1,sc01,t6746,0.5747145029999999,132.8052
period1,sc01,t6747,0.555789762,132.8052
period1,sc01,t6748,0.8420956390000001,132.8052
period1,sc01,t6749,1.096860281,132.8052
period1,sc01,t6750,1.26607624,132.8052
period1,sc01,t6751,1.6446817310000001,132.8052
period1,sc01,t6752,1.4971572880000001,132.8052
period1,sc01,t6753,1.2171596580000001,132.8052
period1,sc01,t6754,0.993604238,132.8052
period1,sc01,t6755,0.8515026739999999,132.8052
period1,sc01,t6756,0.592200521,132.8052
period1,sc01,t6757,0.53675435,132.8052
period1,sc01,t6758,0.497908829,132.8052
period1,sc01,t6759,0.378937504,132.8052
period1,sc01,t6760,0.333009039,132.8052
period1,sc01,t6761,0.334779775,132.8052
period1,sc01,t6762,0.339317286,132.8052
period1,sc01,t6763,0.322605965,132.8052
period1,sc01,t6764,0.294495531,132.8052
period1,sc01,t6765,0.277452197,132.8052
period1,sc01,t6766,0.244914923,132.8052
period1,sc01,t6767,0.055556841999999995,132.8052
period1,sc01,t6768,0.025122316999999998,132.8052
period1,sc01,t6769,0.016489979,132.8052
period1,sc01,t6770,0.017375347,132.8052
period1,sc01,t6771,0.030877209,132.8052
period1,sc01,t6772,0.131477148,132.8052
period1,sc01,t6773,0.28221104999999996,132.8052
period1,sc01,t6774,0.7297645739999999,132.8052
period1,sc01,t6775,0.9600709249999999,132.8052
period1,sc01,t6776,0.730649942,132.8052
period1,sc01,t6777,0.5975127290000001,132.8052
period1,sc01,t6778,0.46769564599999996,132.8052
period1,sc01,t6779,0.28774459999999996,132.8052
period1,sc01,t6780,0.27446408,132.8052
period1,sc01,t6781,0.252219209,132.8052
period1,sc01,t6782,0.236503927,132.8052
period1,sc01,t6783,0.234069165,132.8052
period1,sc01,t6784,0.26339698,132.8052
period1,sc01,t6785,0.26195825699999997,132.8052
period1,sc01,t6786,0.24037741199999998,132.8052
period1,sc01,t6787,0.20418799499999998,132.8052
period1,sc01,t6788,0.017486018,132.8052
period1,sc01,t6789,0.0,132.8052
period1,sc01,t6790,-0.006750931,132.8052
period1,sc01,t6791,0.012727165,132.8052
period1,sc01,t6792,0.00044268400000000005,132.8052
period1,sc01,t6793,-0.0008853680000000001,132.8052
period1,sc01,t6794,-0.00022134200000000002,132.8052
period1,sc01,t6795,-0.005422878999999999,132.8052
period1,sc01,t6796,-0.0044268400000000005,132.8052
period1,sc01,t6797,0.0014387230000000003,132.8052
period1,sc01,t6798,0.018260715,132.8052
period1,sc01,t6799,0.170544011,132.8052
period1,sc01,t6800,0.214037714,132.8052
period1,sc01,t6801,0.282764405,132.8052
period1,sc01,t6802,0.27756286799999996,132.8052
period1,sc01,t6803,0.26660643900000003,132.8052
period1,sc01,t6804,0.22831427299999998,132.8052
period1,sc01,t6805,0.19621968299999998,132.8052
period1,sc01,t6806,0.264725032,132.8052
period1,sc01,t6807,0.30047176499999995,132.8052
period1,sc01,t6808,0.3984156,132.8052
period1,sc01,t6809,0.36078746000000006,132.8052
period1,sc01,t6810,0.3541472,132.8052
period1,sc01,t6811,0.345625533,132.8052
period1,sc01,t6812,0.279776288,132.8052
period1,sc01,t6813,0.0553355,132.8052
period1,sc01,t6814,0.024015607,132.8052
period1,sc01,t6815,0.030213182999999998,132.8052
period1,sc01,t6816,0.013280519999999999,132.8052
period1,sc01,t6817,0.011288442000000001,132.8052
period1,sc01,t6818,0.0017707360000000002,132.8052
period1,sc01,t6819,0.00011067100000000001,132.8052
period1,sc01,t6820,-0.001881407,132.8052
period1,sc01,t6821,-0.001992078,132.8052
period1,sc01,t6822,0.0,132.8052
period1,sc01,t6823,0.017486018,132.8052
period1,sc01,t6824,0.023572923,132.8052
period1,sc01,t6825,0.025011646,132.8052
period1,sc01,t6826,0.025011646,132.8052
period1,sc01,t6827,0.025011646,132.8052
period1,sc01,t6828,0.033865326,132.8052
period1,sc01,t6829,0.034086668,132.8052
period1,sc01,t6830,0.032426603000000005,132.8052
period1,sc01,t6831,0.22554749799999999,132.8052
period1,sc01,t6832,0.27778421000000003,132.8052
period1,sc01,t6833,0.37406797999999997,132.8052
period1,sc01,t6834,0.346842914,132.8052
period1,sc01,t6835,0.326036766,132.8052
period1,sc01,t6836,0.317183086,132.8052
period1,sc01,t6837,0.243697542,132.8052
period1,sc01,t6838,0.24159479299999997,132.8052
period1,sc01,t6839,0.246464317,132.8052
period1,sc01,t6840,0.21315234600000002,132.8052
period1,sc01,t6841,0.21149228099999998,132.8052
period1,sc01,t6842,0.200646523,132.8052
period1,sc01,t6843,0.27402139600000003,132.8052
period1,sc01,t6844,0.35879538200000005,132.8052
period1,sc01,t6845,0.6086905,132.8052
period1,sc01,t6846,1.40662841,132.8052
period1,sc01,t6847,2.213087987,132.8052
period1,sc01,t6848,1.8138976900000001,132.8052
period1,sc01,t6849,1.265412214,132.8052
period1,sc01,t6850,1.160053422,132.8052
period1,sc01,t6851,0.9695886309999999,132.8052
period1,sc01,t6852,0.9138104469999999,132.8052
period1,sc01,t6853,0.80015133,132.8052
period1,sc01,t6854,0.840214232,132.8052
period1,sc01,t6855,0.8837079349999999,132.8052
period1,sc01,t6856,1.0702992409999998,132.8052
period1,sc01,t6857,1.786672624,132.8052
period1,sc01,t6858,2.0144335420000004,132.8052
period1,sc01,t6859,1.841122756,132.8052
period1,sc01,t6860,1.5464058829999998,132.8052
period1,sc01,t6861,1.286882388,132.8052
period1,sc01,t6862,1.193697406,132.8052
period1,sc01,t6863,1.14212472,132.8052
period1,sc01,t6864,1.088891969,132.8052
period1,sc01,t6865,1.03698727,132.8052
period1,sc01,t6866,1.00931952,132.8052
period1,sc01,t6867,0.985967939,132.8052
period1,sc01,t6868,1.0735087,132.8052
period1,sc01,t6869,1.145887534,132.8052
period1,sc01,t6870,1.948252284,132.8052
period1,sc01,t6871,2.610507548,132.8052
period1,sc01,t6872,2.43365529,132.8052
period1,sc01,t6873,2.731249609,132.8052
period1,sc01,t6874,1.770403987,132.8052
period1,sc01,t6875,1.6753375979999998,132.8052
period1,sc01,t6876,1.4711496030000002,132.8052
period1,sc01,t6877,1.3277199869999998,132.8052
period1,sc01,t6878,1.363798733,132.8052
period1,sc01,t6879,1.7855659140000002,132.8052
period1,sc01,t6880,2.0631287819999997,132.8052
period1,sc01,t6881,3.104985576,132.8052
period1,sc01,t6882,5.375511812,132.8052
period1,sc01,t6883,3.5694717629999997,132.8052
period1,sc01,t6884,1.9594300550000001,132.8052
period1,sc01,t6885,1.61801002,132.8052
period1,sc01,t6886,1.249254248,132.8052
period1,sc01,t6887,0.82449895,132.8052
period1,sc01,t6888,0.918458629,132.8052
period1,sc01,t6889,0.716262712,132.8052
period1,sc01,t6890,0.664026,132.8052
period1,sc01,t6891,0.663915329,132.8052
period1,sc01,t6892,0.76805674,132.8052
period1,sc01,t6893,1.1589467119999999,132.8052
period1,sc01,t6894,2.23666091,132.8052
period1,sc01,t6895,3.397489029,132.8052
period1,sc01,t6896,2.554397351,132.8052
period1,sc01,t6897,2.0257219839999996,132.8052
period1,sc01,t6898,1.521947592,132.8052
period1,sc01,t6899,1.346534057,132.8052
period1,sc01,t6900,1.286329033,132.8052
period1,sc01,t6901,1.173997968,132.8052
period1,sc01,t6902,1.104939264,132.8052
period1,sc01,t6903,1.03145372,132.8052
period1,sc01,t6904,1.042078136,132.8052
period1,sc01,t6905,1.328052,132.8052
period1,sc01,t6906,1.161934829,132.8052
period1,sc01,t6907,0.9374940409999999,132.8052
period1,sc01,t6908,0.989952095,132.8052
period1,sc01,t6909,0.558113853,132.8052
period1,sc01,t6910,0.469023698,132.8052
period1,sc01,t6911,0.462494109,132.8052
period1,sc01,t6912,0.71825479,132.8052
period1,sc01,t6913,0.4980195,132.8052
period1,sc01,t6914,0.395316812,132.8052
period1,sc01,t6915,0.38380702800000005,132.8052
period1,sc01,t6916,0.407047938,132.8052
period1,sc01,t6917,0.488833807,132.8052
period1,sc01,t6918,0.810775746,132.8052
period1,sc01,t6919,1.281348838,132.8052
period1,sc01,t6920,1.2446060659999998,132.8052
period1,sc01,t6921,1.031343049,132.8052
period1,sc01,t6922,0.851834687,132.8052
period1,sc01,t6923,0.555015065,132.8052
period1,sc01,t6924,0.554019026,132.8052
period1,sc01,t6925,0.556011104,132.8052
period1,sc01,t6926,0.578698659,132.8052
period1,sc01,t6927,0.565971494,132.8052
period1,sc01,t6928,0.721242907,132.8052
period1,sc01,t6929,1.095532229,132.8052
period1,sc01,t6930,1.311008666,132.8052
period1,sc01,t6931,1.3578224989999998,132.8052
period1,sc01,t6932,1.105713961,132.8052
period1,sc01,t6933,0.741717042,132.8052
period1,sc01,t6934,0.749021328,132.8052
period1,sc01,t6935,0.330242264,132.8052
period1,sc01,t6936,0.326036766,132.8052
period1,sc01,t6937,0.325815424,132.8052
period1,sc01,t6938,0.33157031600000003,132.8052
period1,sc01,t6939,0.339427957,132.8052
period1,sc01,t6940,0.5084225739999999,132.8052
period1,sc01,t6941,0.8393288640000001,132.8052
period1,sc01,t6942,1.5134259250000002,132.8052
period1,sc01,t6943,2.017975014,132.8052
period1,sc01,t6944,1.8303876689999998,132.8052
period1,sc01,t6945,1.459307806,132.8052
period1,sc01,t6946,1.303925722,132.8052
period1,sc01,t6947,1.2740445519999999,132.8052
period1,sc01,t6948,1.120875888,132.8052
period1,sc01,t6949,0.990062766,132.8052
period1,sc01,t6950,0.81343185,132.8052
period1,sc01,t6951,0.968924605,132.8052
period1,sc01,t6952,1.07240199,132.8052
period1,sc01,t6953,1.327166632,132.8052
period1,sc01,t6954,1.234313663,132.8052
period1,sc01,t6955,1.005667377,132.8052
period1,sc01,t6956,0.7833293379999999,132.8052
period1,sc01,t6957,0.8198507679999999,132.8052
period1,sc01,t6958,0.8144278890000001,132.8052
period1,sc01,t6959,0.872419493,132.8052
period1,sc01,t6960,0.732974033,132.8052
period1,sc01,t6961,0.65959916,132.8052
period1,sc01,t6962,0.605923725,132.8052
period1,sc01,t6963,0.5412918609999999,132.8052
period1,sc01,t6964,0.497908829,132.8052
period1,sc01,t6965,0.4980195,132.8052
period1,sc01,t6966,0.5104146519999999,132.8052
period1,sc01,t6967,0.663915329,132.8052
period1,sc01,t6968,0.7084050710000002,132.8052
period1,sc01,t6969,0.547378766,132.8052
period1,sc01,t6970,0.5159482019999999,132.8052
period1,sc01,t6971,0.45485781000000003,132.8052
period1,sc01,t6972,0.390779301,132.8052
period1,sc01,t6973,0.368091746,132.8052
period1,sc01,t6974,0.39553815400000003,132.8052
period1,sc01,t6975,0.543837294,132.8052
period1,sc01,t6976,0.670112905,132.8052
period1,sc01,t6977,0.9245455340000001,132.8052
period1,sc01,t6978,1.030457681,132.8052
period1,sc01,t6979,0.8419849679999999,132.8052
period1,sc01,t6980,0.59983682,132.8052
period1,sc01,t6981,0.5065411670000001,132.8052
period1,sc01,t6982,0.448438892,132.8052
period1,sc01,t6983,0.444233394,132.8052
period1,sc01,t6984,0.398858284,132.8052
period1,sc01,t6985,0.41269215899999995,132.8052
period1,sc01,t6986,0.359127395,132.8052
period1,sc01,t6987,0.31873248,132.8052
period1,sc01,t6988,0.300582436,132.8052
period1,sc01,t6989,0.347949624,132.8052
period1,sc01,t6990,0.373957309,132.8052
period1,sc01,t6991,0.434273004,132.8052
period1,sc01,t6992,0.45939532099999997,132.8052
period1,sc01,t6993,0.39730889,132.8052
period1,sc01,t6994,0.40383847900000003,132.8052
period1,sc01,t6995,0.321277913,132.8052
period1,sc01,t6996,0.175192193,132.8052
period1,sc01,t6997,0.09030753600000001,132.8052
period1,sc01,t6998,0.299365055,132.8052
period1,sc01,t6999,0.35481122600000004,132.8052
period1,sc01,t7000,0.5270153019999999,132.8052
period1,sc01,t7001,0.7192508289999999,132.8052
period1,sc01,t7002,0.6589351339999999,132.8052
period1,sc01,t7003,0.417672354,132.8052
period1,sc01,t7004,0.431174216,132.8052
period1,sc01,t7005,0.39553815400000003,132.8052
period1,sc01,t7006,0.383585686,132.8052
period1,sc01,t7007,0.31651906,132.8052
period1,sc01,t7008,0.321941939,132.8052
period1,sc01,t7009,0.317515099,132.8052
period1,sc01,t7010,0.324930056,132.8052
period1,sc01,t7011,0.311649536,132.8052
period1,sc01,t7012,0.43294495199999994,132.8052
period1,sc01,t7013,0.603488963,132.8052
period1,sc01,t7014,0.9616203189999999,132.8052
period1,sc01,t7015,1.277807366,132.8052
period1,sc01,t7016,1.182851648,132.8052
period1,sc01,t7017,0.7676140560000001,132.8052
period1,sc01,t7018,0.7091797679999999,132.8052
period1,sc01,t7019,0.663804658,132.8052
period1,sc01,t7020,0.634808856,132.8052
period1,sc01,t7021,0.626065847,132.8052
period1,sc01,t7022,0.73596215,132.8052
period1,sc01,t7023,0.80347146,132.8052
period1,sc01,t7024,0.834016656,132.8052
period1,sc01,t7025,0.918347958,132.8052
period1,sc01,t7026,0.8266016989999999,132.8052
period1,sc01,t7027,0.554904394,132.8052
period1,sc01,t7028,0.49525272499999995,132.8052
period1,sc01,t7029,0.43781447600000006,132.8052
period1,sc01,t7030,0.332787697,132.8052
period1,sc01,t7031,0.073928228,132.8052
period1,sc01,t7032,0.110671,132.8052
period1,sc01,t7033,0.110671,132.8052
period1,sc01,t7034,0.06518521899999999,132.8052
period1,sc01,t7035,0.0553355,132.8052
period1,sc01,t7036,0.07769104199999999,132.8052
period1,sc01,t7037,0.284535141,132.8052
period1,sc01,t7038,0.35359384499999996,132.8052
period1,sc01,t7039,0.39830492900000003,132.8052
period1,sc01,t7040,0.371633218,132.8052
period1,sc01,t7041,0.359348737,132.8052
period1,sc01,t7042,0.3430801,132.8052
period1,sc01,t7043,0.310874839,132.8052
period1,sc01,t7044,0.23882801799999998,132.8052
period1,sc01,t7045,0.13723204,132.8052
period1,sc01,t7046,0.21525509499999998,132.8052
period1,sc01,t7047,0.302685185,132.8052
period1,sc01,t7048,0.332677026,132.8052
period1,sc01,t7049,0.35602860700000005,132.8052
period1,sc01,t7050,0.35049505700000005,132.8052
period1,sc01,t7051,0.334669104,132.8052
period1,sc01,t7052,0.318068454,132.8052
period1,sc01,t7053,0.216583147,132.8052
period1,sc01,t7054,0.046592491,132.8052
period1,sc01,t7055,0.08211788199999999,132.8052
period1,sc01,t7056,0.04725651699999999,132.8052
period1,sc01,t7057,0.037738811000000004,132.8052
period1,sc01,t7058,0.050687317999999995,132.8052
period1,sc01,t7059,0.055224829,132.8052
period1,sc01,t7060,0.086212709,132.8052
period1,sc01,t7061,0.319396506,132.8052
period1,sc01,t7062,0.35636062,132.8052
period1,sc01,t7063,0.48695239999999995,132.8052
period1,sc01,t7064,0.497908829,132.8052
period1,sc01,t7065,0.361340815,132.8052
period1,sc01,t7066,0.36300087999999997,132.8052
period1,sc01,t7067,0.35857404,132.8052
period1,sc01,t7068,0.35702464599999995,132.8052
period1,sc01,t7069,0.381593608,132.8052
period1,sc01,t7070,0.537197034,132.8052
period1,sc01,t7071,0.383917699,132.8052
period1,sc01,t7072,0.5925325339999999,132.8052
period1,sc01,t7073,0.586445629,132.8052
period1,sc01,t7074,0.5329915359999999,132.8052
period1,sc01,t7075,0.502003656,132.8052
period1,sc01,t7076,0.484960322,132.8052
period1,sc01,t7077,0.437039779,132.8052
period1,sc01,t7078,0.37938018799999995,132.8052
period1,sc01,t7079,0.369419798,132.8052
period1,sc01,t7080,0.378826833,132.8052
period1,sc01,t7081,0.353815187,132.8052
period1,sc01,t7082,0.4261940209999999,132.8052
period1,sc01,t7083,0.427632744,132.8052
period1,sc01,t7084,0.38967259099999996,132.8052
period1,sc01,t7085,0.401182375,132.8052
period1,sc01,t7086,0.526129934,132.8052
period1,sc01,t7087,0.833463301,132.8052
period1,sc01,t7088,0.858474947,132.8052
period1,sc01,t7089,0.9066168320000001,132.8052
period1,sc01,t7090,0.7813372599999999,132.8052
period1,sc01,t7091,0.728879206,132.8052
period1,sc01,t7092,0.7113931880000001,132.8052
period1,sc01,t7093,0.651630848,132.8052
period1,sc01,t7094,0.6989980359999999,132.8052
period1,sc01,t7095,0.733416717,132.8052
period1,sc01,t7096,0.7458118690000001,132.8052
period1,sc01,t7097,0.753890852,132.8052
period1,sc01,t7098,0.7413850289999999,132.8052
period1,sc01,t7099,0.546382727,132.8052
period1,sc01,t7100,0.497466145,132.8052
period1,sc01,t7101,0.49115789800000004,132.8052
period1,sc01,t7102,0.410146726,132.8052
period1,sc01,t7103,0.226211524,132.8052
period1,sc01,t7104,0.146196391,132.8052
period1,sc01,t7105,0.106022818,132.8052
period1,sc01,t7106,0.057216907000000004,132.8052
period1,sc01,t7107,0.045375109999999996,132.8052
period1,sc01,t7108,0.044711084000000005,132.8052
period1,sc01,t7109,0.071604137,132.8052
period1,sc01,t7110,0.557117814,132.8052
period1,sc01,t7111,1.0687498469999999,132.8052
period1,sc01,t7112,1.1177771,132.8052
period1,sc01,t7113,0.956529453,132.8052
period1,sc01,t7114,0.73928228,132.8052
period1,sc01,t7115,0.5747145029999999,132.8052
period1,sc01,t7116,0.46636759400000005,132.8052
period1,sc01,t7117,0.341862719,132.8052
period1,sc01,t7118,0.22554749799999999,132.8052
period1,sc01,t7119,0.149959205,132.8052
period1,sc01,t7120,0.6112359329999999,132.8052
period1,sc01,t7121,0.669891563,132.8052
period1,sc01,t7122,0.801036698,132.8052
period1,sc01,t7123,0.625844505,132.8052
period1,sc01,t7124,0.29637693800000003,132.8052
period1,sc01,t7125,0.21337368800000003,132.8052
period1,sc01,t7126,0.168441262,132.8052
period1,sc01,t7127,0.038624179,132.8052
period1,sc01,t7128,0.031209222000000002,132.8052
period1,sc01,t7129,0.029438486,132.8052
period1,sc01,t7130,0.018039373,132.8052
period1,sc01,t7131,0.006418918,132.8052
period1,sc01,t7132,0.004869524,132.8052
period1,sc01,t7133,0.002545433,132.8052
period1,sc01,t7134,0.021470173999999998,132.8052
period1,sc01,t7135,0.041058940999999995,132.8052
period1,sc01,t7136,0.079572449,132.8052
period1,sc01,t7137,0.074481583,132.8052
period1,sc01,t7138,0.073596215,132.8052
period1,sc01,t7139,0.052900738,132.8052
period1,sc01,t7140,0.059319656,132.8052
period1,sc01,t7141,0.048031214,132.8052
period1,sc01,t7142,0.051019331,132.8052
period1,sc01,t7143,0.048805911,132.8052
period1,sc01,t7144,0.097943835,132.8052
period1,sc01,t7145,0.336329169,132.8052
period1,sc01,t7146,0.38934057800000005,132.8052
period1,sc01,t7147,0.33311971,132.8052
period1,sc01,t7148,0.204520008,132.8052
period1,sc01,t7149,0.142101564,132.8052
period1,sc01,t7150,0.09739048,132.8052
period1,sc01,t7151,0.027557079,132.8052
period1,sc01,t7152,0.042719006,132.8052
period1,sc01,t7153,0.039952231,132.8052
period1,sc01,t7154,0.031651905999999994,132.8052
period1,sc01,t7155,0.014829914,132.8052
period1,sc01,t7156,0.013059177999999998,132.8052
period1,sc01,t7157,0.007414957,132.8052
period1,sc01,t7158,0.01549394,132.8052
period1,sc01,t7159,0.022244870999999996,132.8052
period1,sc01,t7160,0.039952231,132.8052
period1,sc01,t7161,0.040726928,132.8052
period1,sc01,t7162,0.043051019,132.8052
period1,sc01,t7163,0.045375109999999996,132.8052
period1,sc01,t7164,0.04603913600000001,132.8052
period1,sc01,t7165,0.054450132,132.8052
period1,sc01,t7166,0.05566751300000001,132.8052
period1,sc01,t7167,0.058434288,132.8052
period1,sc01,t7168,0.12848903099999998,132.8052
period1,sc01,t7169,0.24535760700000003,132.8052
period1,sc01,t7170,0.443126684,132.8052
period1,sc01,t7171,0.389119236,132.8052
period1,sc01,t7172,0.33422641999999997,132.8052
period1,sc01,t7173,0.21824321199999996,132.8052
period1,sc01,t7174,0.196662367,132.8052
period1,sc01,t7175,0.072378834,132.8052
period1,sc01,t7176,0.049137924000000006,132.8052
period1,sc01,t7177,0.050133963000000004,132.8052
period1,sc01,t7178,0.048805911,132.8052
period1,sc01,t7179,0.045596452,132.8052
period1,sc01,t7180,0.049469937,132.8052
period1,sc01,t7181,0.04648182000000001,132.8052
period1,sc01,t7182,0.144314984,132.8052
period1,sc01,t7183,0.7275511539999999,132.8052
period1,sc01,t7184,1.007659455,132.8052
period1,sc01,t7185,1.065540388,132.8052
period1,sc01,t7186,1.013857031,132.8052
period1,sc01,t7187,0.99271887,132.8052
period1,sc01,t7188,0.871534125,132.8052
period1,sc01,t7189,0.792183018,132.8052
period1,sc01,t7190,0.7347447690000001,132.8052
period1,sc01,t7191,0.721021565,132.8052
period1,sc01,t7192,0.8447517429999999,132.8052
period1,sc01,t7193,1.086346536,132.8052
period1,sc01,t7194,1.1925906960000001,132.8052
period1,sc01,t7195,1.145002166,132.8052
period1,sc01,t7196,0.936165989,132.8052
period1,sc01,t7197,0.8198507679999999,132.8052
period1,sc01,t7198,0.726887128,132.8052
period1,sc01,t7199,0.57659591,132.8052
period1,sc01,t7200,0.46503954200000003,132.8052
period1,sc01,t7201,0.35458988399999997,132.8052
period1,sc01,t7202,0.209500203,132.8052
period1,sc01,t7203,0.14575370699999998,132.8052
period1,sc01,t7204,0.055556841999999995,132.8052
period1,sc01,t7205,0.137896066,132.8052
period1,sc01,t7206,0.284535141,132.8052
period1,sc01,t7207,0.884150619,132.8052
period1,sc01,t7208,1.0527025520000002,132.8052
period1,sc01,t7209,1.0401967289999998,132.8052
period1,sc01,t7210,1.015406425,132.8052
period1,sc01,t7211,0.886364039,132.8052
period1,sc01,t7212,0.8505066349999999,132.8052
period1,sc01,t7213,0.752673471,132.8052
period1,sc01,t7214,0.7192508289999999,132.8052
period1,sc01,t7215,0.8799451210000001,132.8052
period1,sc01,t7216,1.156843963,132.8052
period1,sc01,t7217,1.369885638,132.8052
period1,sc01,t7218,1.2485902219999998,132.8052
period1,sc01,t7219,1.27050308,132.8052
period1,sc01,t7220,1.113571602,132.8052
period1,sc01,t7221,0.9767822460000001,132.8052
period1,sc01,t7222,0.938822093,132.8052
period1,sc01,t7223,0.815977283,132.8052
period1,sc01,t7224,0.701986153,132.8052
period1,sc01,t7225,0.619978942,132.8052
period1,sc01,t7226,0.560769957,132.8052
period1,sc01,t7227,0.5676315590000001,132.8052
period1,sc01,t7228,0.5119640459999999,132.8052
period1,sc01,t7229,0.5511415799999999,132.8052
period1,sc01,t7230,0.6905870399999999,132.8052
period1,sc01,t7231,1.164701604,132.8052
period1,sc01,t7232,1.30149096,132.8052
period1,sc01,t7233,1.171009851,132.8052
period1,sc01,t7234,0.9207827199999999,132.8052
period1,sc01,t7235,0.802918105,132.8052
period1,sc01,t7236,0.733638059,132.8052
period1,sc01,t7237,0.775361026,132.8052
period1,sc01,t7238,0.781005247,132.8052
period1,sc01,t7239,1.0445128979999998,132.8052
period1,sc01,t7240,1.2473728409999998,132.8052
period1,sc01,t7241,1.600856015,132.8052
period1,sc01,t7242,1.337680377,132.8052
period1,sc01,t7243,1.3740911359999999,132.8052
period1,sc01,t7244,1.153302491,132.8052
period1,sc01,t7245,1.105271277,132.8052
period1,sc01,t7246,0.827265725,132.8052
period1,sc01,t7247,0.638239657,132.8052
period1,sc01,t7248,0.694571196,132.8052
period1,sc01,t7249,0.67066626,132.8052
period1,sc01,t7250,0.598398097,132.8052
period1,sc01,t7251,0.552026948,132.8052
period1,sc01,t7252,0.514509479,132.8052
period1,sc01,t7253,0.483078915,132.8052
period1,sc01,t7254,0.672658338,132.8052
period1,sc01,t7255,0.797384555,132.8052
period1,sc01,t7256,1.113460931,132.8052
period1,sc01,t7257,0.988845385,132.8052
period1,sc01,t7258,0.7785704849999999,132.8052
period1,sc01,t7259,0.541070519,132.8052
period1,sc01,t7260,0.4980195,132.8052
period1,sc01,t7261,0.47477859,132.8052
period1,sc01,t7262,0.21525509499999998,132.8052
period1,sc01,t7263,0.321056571,132.8052
period1,sc01,t7264,0.390225946,132.8052
period1,sc01,t7265,0.37285059899999995,132.8052
period1,sc01,t7266,0.368091746,132.8052
period1,sc01,t7267,0.360012763,132.8052
period1,sc01,t7268,0.334447762,132.8052
period1,sc01,t7269,0.336107827,132.8052
period1,sc01,t7270,0.048584568999999994,132.8052
period1,sc01,t7271,0.024126278,132.8052
period1,sc01,t7272,0.014829914,132.8052
period1,sc01,t7273,0.012505823,132.8052
period1,sc01,t7274,0.020806148,132.8052
period1,sc01,t7275,0.055224829,132.8052
period1,sc01,t7276,0.07614164799999999,132.8052
period1,sc01,t7277,0.29704096399999996,132.8052
period1,sc01,t7278,0.33223434199999996,132.8052
period1,sc01,t7279,0.9348379370000001,132.8052
period1,sc01,t7280,1.331040117,132.8052
period1,sc01,t7281,1.061666903,132.8052
period1,sc01,t7282,0.8655578909999999,132.8052
period1,sc01,t7283,0.811329101,132.8052
period1,sc01,t7284,0.769384792,132.8052
period1,sc01,t7285,0.7877561780000001,132.8052
period1,sc01,t7286,0.8536054229999999,132.8052
period1,sc01,t7287,1.117555758,132.8052
period1,sc01,t7288,1.4330787790000001,132.8052
period1,sc01,t7289,1.456209018,132.8052
period1,sc01,t7290,1.334913602,132.8052
period1,sc01,t7291,1.0407500840000001,132.8052
period1,sc01,t7292,0.99161216,132.8052
period1,sc01,t7293,0.9629483710000001,132.8052
period1,sc01,t7294,0.7303179289999999,132.8052
period1,sc01,t7295,0.582904157,132.8052
period1,sc01,t7296,0.431506229,132.8052
period1,sc01,t7297,0.387237829,132.8052
period1,sc01,t7298,0.21890723800000003,132.8052
period1,sc01,t7299,0.25387927400000004,132.8052
period1,sc01,t7300,0.161911673,132.8052
period1,sc01,t7301,0.138117408,132.8052
period1,sc01,t7302,0.13944546,132.8052
period1,sc01,t7303,0.15693147799999999,132.8052
period1,sc01,t7304,0.303791895,132.8052
period1,sc01,t7305,0.38535642200000003,132.8052
period1,sc01,t7306,0.19832243200000002,132.8052
period1,sc01,t7307,0.137342711,132.8052
period1,sc01,t7308,0.130923793,132.8052
period1,sc01,t7309,0.186812648,132.8052
period1,sc01,t7310,0.310874839,132.8052
period1,sc01,t7311,0.31386295599999997,132.8052
period1,sc01,t7312,0.38690581599999996,132.8052
period1,sc01,t7313,0.331791658,132.8052
period1,sc01,t7314,0.328803541,132.8052
period1,sc01,t7315,0.324487372,132.8052
period1,sc01,t7316,0.315080337,132.8052
period1,sc01,t7317,0.307886722,132.8052
period1,sc01,t7318,0.26893053,132.8052
period1,sc01,t7319,0.243918884,132.8052
period1,sc01,t7320,0.20872550599999998,132.8052
period1,sc01,t7321,0.206733428,132.8052
period1,sc01,t7322,0.16888394599999998,132.8052
period1,sc01,t7323,0.230859706,132.8052
period1,sc01,t7324,0.23008500899999998,132.8052
period1,sc01,t7325,0.233073126,132.8052
period1,sc01,t7326,0.253547261,132.8052
period1,sc01,t7327,0.273578712,132.8052
period1,sc01,t7328,0.295712912,132.8052
period1,sc01,t7329,0.30877209,132.8052
period1,sc01,t7330,0.31386295599999997,132.8052
period1,sc01,t7331,0.31253490399999995,132.8052
period1,sc01,t7332,0.31851113799999997,132.8052
period1,sc01,t7333,0.37960152999999996,132.8052
period1,sc01,t7334,0.40505586,132.8052
period1,sc01,t7335,0.41368819800000006,132.8052
period1,sc01,t7336,0.461387399,132.8052
period1,sc01,t7337,0.4980195,132.8052
period1,sc01,t7338,0.522809804,132.8052
period1,sc01,t7339,0.4980195,132.8052
period1,sc01,t7340,0.478762746,132.8052
period1,sc01,t7341,0.415680276,132.8052
period1,sc01,t7342,0.386352461,132.8052
period1,sc01,t7343,0.328582199,132.8052
period1,sc01,t7344,0.310100142,132.8052
period1,sc01,t7345,0.31629771799999995,132.8052
period1,sc01,t7346,0.304123908,132.8052
period1,sc01,t7347,0.27656682899999996,132.8052
period1,sc01,t7348,0.278780249,132.8052
period1,sc01,t7349,0.2766775,132.8052
period1,sc01,t7350,0.524469869,132.8052
period1,sc01,t7351,0.783218667,132.8052
period1,sc01,t7352,1.005003351,132.8052
period1,sc01,t7353,0.974126142,132.8052
period1,sc01,t7354,0.8839292770000001,132.8052
period1,sc01,t7355,0.6529589,132.8052
period1,sc01,t7356,0.6065877510000001,132.8052
period1,sc01,t7357,0.589655088,132.8052
period1,sc01,t7358,0.5794733559999999,132.8052
period1,sc01,t7359,0.563647403,132.8052
period1,sc01,t7360,0.627393899,132.8052
period1,sc01,t7361,0.754997562,132.8052
period1,sc01,t7362,0.674982429,132.8052
period1,sc01,t7363,0.45950599200000003,132.8052
period1,sc01,t7364,0.321499255,132.8052
period1,sc01,t7365,0.30666934100000004,132.8052
period1,sc01,t7366,0.269815898,132.8052
period1,sc01,t7367,0.233405139,132.8052
period1,sc01,t7368,0.035857404,132.8052
period1,sc01,t7369,0.022355542000000003,132.8052
period1,sc01,t7370,0.018482057,132.8052
period1,sc01,t7371,0.020363464,132.8052
period1,sc01,t7372,0.017486018,132.8052
period1,sc01,t7373,0.016711321,132.8052
period1,sc01,t7374,0.008078983,132.8052
period1,sc01,t7375,0.23251977100000001,132.8052
period1,sc01,t7376,0.110781671,132.8052
period1,sc01,t7377,0.110781671,132.8052
period1,sc01,t7378,0.07691634500000001,132.8052
period1,sc01,t7379,0.067619981,132.8052
period1,sc01,t7380,0.035304049000000004,132.8052
period1,sc01,t7381,0.05467147400000001,132.8052
period1,sc01,t7382,0.0553355,132.8052
period1,sc01,t7383,0.048363226999999995,132.8052
period1,sc01,t7384,0.09628376999999999,132.8052
period1,sc01,t7385,0.20706544100000002,132.8052
period1,sc01,t7386,0.311649536,132.8052
period1,sc01,t7387,0.23008500899999998,132.8052
period1,sc01,t7388,0.029217144,132.8052
period1,sc01,t7389,0.043383031999999995,132.8052
period1,sc01,t7390,-0.00011067100000000001,132.8052
period1,sc01,t7391,-0.019588767,132.8052
period1,sc01,t7392,-0.040284244,132.8052
period1,sc01,t7393,-0.041390954,132.8052
period1,sc01,t7394,-0.045928465,132.8052
period1,sc01,t7395,-0.037738811000000004,132.8052
period1,sc01,t7396,-0.036632101,132.8052
period1,sc01,t7397,-0.0221342,132.8052
period1,sc01,t7398,0.026229027000000002,132.8052
period1,sc01,t7399,0.134465265,132.8052
period1,sc01,t7400,0.217579186,132.8052
period1,sc01,t7401,0.314526982,132.8052
period1,sc01,t7402,0.323269991,132.8052
period1,sc01,t7403,0.29814767400000003,132.8052
period1,sc01,t7404,0.28497782499999996,132.8052
period1,sc01,t7405,0.326922134,132.8052
period1,sc01,t7406,0.325815424,132.8052
period1,sc01,t7407,0.33311971,132.8052
period1,sc01,t7408,0.338985273,132.8052
period1,sc01,t7409,0.343301442,132.8052
period1,sc01,t7410,0.349277676,132.8052
period1,sc01,t7411,0.33987064100000003,132.8052
period1,sc01,t7412,0.331348974,132.8052
period1,sc01,t7413,0.315965705,132.8052
period1,sc01,t7414,0.30047176499999995,132.8052
period1,sc01,t7415,0.277673539,132.8052
period1,sc01,t7416,0.07691634500000001,132.8052
period1,sc01,t7417,0.05378610600000001,132.8052
period1,sc01,t7418,0.05090866,132.8052
period1,sc01,t7419,0.053564763999999994,132.8052
period1,sc01,t7420,0.055556841999999995,132.8052
period1,sc01,t7421,0.195998341,132.8052
period1,sc01,t7422,0.326590121,132.8052
period1,sc01,t7423,0.353483174,132.8052
period1,sc01,t7424,0.369419798,132.8052
period1,sc01,t7425,0.36831308800000007,132.8052
period1,sc01,t7426,0.505102444,132.8052
period1,sc01,t7427,0.5976234,132.8052
period1,sc01,t7428,0.565750152,132.8052
period1,sc01,t7429,0.5976234,132.8052
period1,sc01,t7430,0.5976234,132.8052
period1,sc01,t7431,0.377166768,132.8052
period1,sc01,t7432,0.451759022,132.8052
period1,sc01,t7433,0.6085798290000001,132.8052
period1,sc01,t7434,0.6556150040000001,132.8052
period1,sc01,t7435,0.613781366,132.8052
period1,sc01,t7436,0.442019974,132.8052
period1,sc01,t7437,0.389229907,132.8052
period1,sc01,t7438,0.378937504,132.8052
period1,sc01,t7439,0.33157031600000003,132.8052
period1,sc01,t7440,0.30523061799999995,132.8052
period1,sc01,t7441,0.301246462,132.8052
period1,sc01,t7442,0.289293994,132.8052
period1,sc01,t7443,0.284535141,132.8052
period1,sc01,t7444,0.289293994,132.8052
period1,sc01,t7445,0.316740402,132.8052
period1,sc01,t7446,0.366210339,132.8052
period1,sc01,t7447,0.694460525,132.8052
period1,sc01,t7448,1.140132642,132.8052
period1,sc01,t7449,0.708183729,132.8052
period1,sc01,t7450,0.700104746,132.8052
period1,sc01,t7451,0.7003260880000001,132.8052
period1,sc01,t7452,0.697116629,132.8052
period1,sc01,t7453,0.699219378,132.8052
period1,sc01,t7454,0.701432798,132.8052
period1,sc01,t7455,0.970916683,132.8052
period1,sc01,t7456,1.289759834,132.8052
period1,sc01,t7457,1.493615816,132.8052
period1,sc01,t7458,1.5749590009999999,132.8052
period1,sc01,t7459,0.7330847039999999,132.8052
period1,sc01,t7460,0.7132745950000001,132.8052
period1,sc01,t7461,0.6086905,132.8052
period1,sc01,t7462,0.452533719,132.8052
period1,sc01,t7463,0.42818609899999993,132.8052
period1,sc01,t7464,0.40583055700000004,132.8052
period1,sc01,t7465,0.386020448,132.8052
period1,sc01,t7466,0.387016487,132.8052
period1,sc01,t7467,0.381482937,132.8052
period1,sc01,t7468,0.373625296,132.8052
period1,sc01,t7469,0.375728045,132.8052
period1,sc01,t7470,0.386684474,132.8052
period1,sc01,t7471,0.4361544109999999,132.8052
period1,sc01,t7472,0.474114564,132.8052
period1,sc01,t7473,0.586888313,132.8052
period1,sc01,t7474,0.6298286609999999,132.8052
period1,sc01,t7475,0.644437233,132.8052
period1,sc01,t7476,0.6649113680000001,132.8052
period1,sc01,t7477,0.667014117,132.8052
period1,sc01,t7478,0.74592254,132.8052
period1,sc01,t7479,0.694460525,132.8052
period1,sc01,t7480,1.1174450870000001,132.8052
period1,sc01,t7481,1.271388448,132.8052
period1,sc01,t7482,1.381063409,132.8052
period1,sc01,t7483,0.886364039,132.8052
period1,sc01,t7484,0.65849245,132.8052
period1,sc01,t7485,0.42719006000000004,132.8052
period1,sc01,t7486,0.379269517,132.8052
period1,sc01,t7487,0.362004841,132.8052
period1,sc01,t7488,0.346068217,132.8052
period1,sc01,t7489,0.314637653,132.8052
period1,sc01,t7490,0.330020922,132.8052
period1,sc01,t7491,0.33809990500000003,132.8052
period1,sc01,t7492,0.335775814,132.8052
period1,sc01,t7493,0.337657221,132.8052
period1,sc01,t7494,0.336882524,132.8052
period1,sc01,t7495,0.340313325,132.8052
period1,sc01,t7496,0.34053466699999996,132.8052
period1,sc01,t7497,0.349941702,132.8052
period1,sc01,t7498,0.531663484,132.8052
period1,sc01,t7499,0.590097772,132.8052
period1,sc01,t7500,0.6146667339999999,132.8052
period1,sc01,t7501,0.60758379,132.8052
period1,sc01,t7502,0.6197576,132.8052
period1,sc01,t7503,0.676421152,132.8052
period1,sc01,t7504,0.7109505039999999,132.8052
period1,sc01,t7505,0.907612871,132.8052
period1,sc01,t7506,1.02592017,132.8052
period1,sc01,t7507,0.952766639,132.8052
period1,sc01,t7508,0.810665075,132.8052
period1,sc01,t7509,0.586224287,132.8052
period1,sc01,t7510,0.497908829,132.8052
period1,sc01,t7511,0.372297244,132.8052
period1,sc01,t7512,0.36598899700000004,132.8052
period1,sc01,t7513,0.360898131,132.8052
period1,sc01,t7514,0.3594594079999999,132.8052
period1,sc01,t7515,0.354368542,132.8052
period1,sc01,t7516,0.349831031,132.8052
period1,sc01,t7517,0.350605728,132.8052
period1,sc01,t7518,0.6624766059999999,132.8052
period1,sc01,t7519,1.321743753,132.8052
period1,sc01,t7520,1.746499051,132.8052
period1,sc01,t7521,1.765534463,132.8052
period1,sc01,t7522,1.519734172,132.8052
period1,sc01,t7523,1.3660121530000002,132.8052
period1,sc01,t7524,1.2266773640000002,132.8052
period1,sc01,t7525,1.209302017,132.8052
period1,sc01,t7526,1.146330218,132.8052
period1,sc01,t7527,1.151531755,132.8052
period1,sc01,t7528,1.402422912,132.8052
period1,sc01,t7529,1.6995745469999999,132.8052
period1,sc01,t7530,1.773613446,132.8052
period1,sc01,t7531,1.476793824,132.8052
period1,sc01,t7532,1.015074412,132.8052
period1,sc01,t7533,1.0407500840000001,132.8052
period1,sc01,t7534,0.850617306,132.8052
period1,sc01,t7535,0.6934644859999999,132.8052
period1,sc01,t7536,0.7286578640000001,132.8052
period1,sc01,t7537,0.678855914,132.8052
period1,sc01,t7538,0.608358487,132.8052
period1,sc01,t7539,0.610018552,132.8052
period1,sc01,t7540,0.5159482019999999,132.8052
period1,sc01,t7541,0.48418562499999995,132.8052
period1,sc01,t7542,0.7275511539999999,132.8052
period1,sc01,t7543,1.0417461229999998,132.8052
period1,sc01,t7544,1.275261933,132.8052
period1,sc01,t7545,1.233317624,132.8052
period1,sc01,t7546,1.157286647,132.8052
period1,sc01,t7547,1.0376512960000002,132.8052
period1,sc01,t7548,0.949667851,132.8052
period1,sc01,t7549,0.90528878,132.8052
period1,sc01,t7550,0.9263162699999999,132.8052
period1,sc01,t7551,0.9092729359999999,132.8052
period1,sc01,t7552,1.1489863219999998,132.8052
period1,sc01,t7553,1.495939907,132.8052
period1,sc01,t7554,1.043738201,132.8052
period1,sc01,t7555,0.557007143,132.8052
period1,sc01,t7556,0.36598899700000004,132.8052
period1,sc01,t7557,0.350384386,132.8052
period1,sc01,t7558,0.333451723,132.8052
period1,sc01,t7559,0.315965705,132.8052
period1,sc01,t7560,0.3098788,132.8052
period1,sc01,t7561,0.299254384,132.8052
period1,sc01,t7562,0.282543063,132.8052
period1,sc01,t7563,0.25786343,132.8052
period1,sc01,t7564,0.233073126,132.8052
period1,sc01,t7565,0.234954533,132.8052
period1,sc01,t7566,0.24657498800000002,132.8052
period1,sc01,t7567,0.27966561700000003,132.8052
period1,sc01,t7568,0.303791895,132.8052
period1,sc01,t7569,0.285752522,132.8052
period1,sc01,t7570,0.289515336,132.8052
period1,sc01,t7571,0.283539102,132.8052
period1,sc01,t7572,0.263618322,132.8052
period1,sc01,t7573,0.266827781,132.8052
period1,sc01,t7574,0.294938215,132.8052
period1,sc01,t7575,0.28696990299999997,132.8052
period1,sc01,t7576,0.305783973,132.8052
period1,sc01,t7577,0.324708714,132.8052
period1,sc01,t7578,0.309325445,132.8052
period1,sc01,t7579,0.28696990299999997,132.8052
period1,sc01,t7580,0.21116026799999998,132.8052
period1,sc01,t7581,0.07691634500000001,132.8052
period1,sc01,t7582,0.05566751300000001,132.8052
period1,sc01,t7583,0.013612533,132.8052
period1,sc01,t7584,-0.01217381,132.8052
period1,sc01,t7585,-0.0071936149999999996,132.8052
period1,sc01,t7586,0.00011067100000000001,132.8052
period1,sc01,t7587,0.0,132.8052
period1,sc01,t7588,0.00011067100000000001,132.8052
period1,sc01,t7589,0.011731126,132.8052
period1,sc01,t7590,0.029217144,132.8052
period1,sc01,t7591,0.22919964099999998,132.8052
period1,sc01,t7592,0.323602004,132.8052
period1,sc01,t7593,0.30943611600000004,132.8052
period1,sc01,t7594,0.304123908,132.8052
period1,sc01,t7595,0.261072889,132.8052
period1,sc01,t7596,0.235839901,132.8052
period1,sc01,t7597,0.297594319,132.8052
period1,sc01,t7598,0.315855034,132.8052
period1,sc01,t7599,0.32869287,132.8052
period1,sc01,t7600,0.34075600899999997,132.8052
period1,sc01,t7601,0.355143239,132.8052
period1,sc01,t7602,0.35802068500000006,132.8052
period1,sc01,t7603,0.350384386,132.8052
period1,sc01,t7604,0.341198693,132.8052
period1,sc01,t7605,0.33754655,132.8052
period1,sc01,t7606,0.336107827,132.8052
period1,sc01,t7607,0.324487372,132.8052
period1,sc01,t7608,0.322163281,132.8052
period1,sc01,t7609,0.294716873,132.8052
period1,sc01,t7610,0.282100379,132.8052
period1,sc01,t7611,0.291618085,132.8052
period1,sc01,t7612,0.312756246,132.8052
period1,sc01,t7613,0.323269991,132.8052
period1,sc01,t7614,0.350384386,132.8052
period1,sc01,t7615,0.7636299000000001,132.8052
period1,sc01,t7616,1.338565745,132.8052
period1,sc01,t7617,1.342549901,132.8052
period1,sc01,t7618,1.219262407,132.8052
period1,sc01,t7619,1.135816473,132.8052
period1,sc01,t7620,1.041524781,132.8052
period1,sc01,t7621,1.007659455,132.8052
period1,sc01,t7622,1.022710711,132.8052
period1,sc01,t7623,1.108259394,132.8052
period1,sc01,t7624,1.147768941,132.8052
period1,sc01,t7625,1.222250524,132.8052
period1,sc01,t7626,0.9608456219999999,132.8052
period1,sc01,t7627,0.773700961,132.8052
period1,sc01,t7628,0.40516653099999994,132.8052
period1,sc01,t7629,0.382700318,132.8052
period1,sc01,t7630,0.3547005549999999,132.8052
period1,sc01,t7631,0.327364818,132.8052
period1,sc01,t7632,0.32780750200000003,132.8052
period1,sc01,t7633,0.31629771799999995,132.8052
period1,sc01,t7634,0.30179981699999997,132.8052
period1,sc01,t7635,0.295934254,132.8052
period1,sc01,t7636,0.29427418899999996,132.8052
period1,sc01,t7637,0.288519297,132.8052
period1,sc01,t7638,0.291728756,132.8052
period1,sc01,t7639,0.325483411,132.8052
period1,sc01,t7640,0.349388347,132.8052
period1,sc01,t7641,0.377830794,132.8052
period1,sc01,t7642,0.389229907,132.8052
period1,sc01,t7643,0.393214063,132.8052
period1,sc01,t7644,0.384692396,132.8052
period1,sc01,t7645,0.40096103299999997,132.8052
period1,sc01,t7646,0.40583055700000004,132.8052
period1,sc01,t7647,0.407047938,132.8052
period1,sc01,t7648,0.41025739699999997,132.8052
period1,sc01,t7649,0.442684,132.8052
period1,sc01,t7650,0.43969588299999995,132.8052
period1,sc01,t7651,0.41446289500000005,132.8052
period1,sc01,t7652,0.400850362,132.8052
period1,sc01,t7653,0.38734850000000004,132.8052
period1,sc01,t7654,0.366210339,132.8052
period1,sc01,t7655,0.35458988399999997,132.8052
period1,sc01,t7656,0.332787697,132.8052
period1,sc01,t7657,0.322495294,132.8052
period1,sc01,t7658,0.33798923399999997,132.8052
period1,sc01,t7659,0.326258108,132.8052
period1,sc01,t7660,0.332677026,132.8052
period1,sc01,t7661,0.33754655,132.8052
period1,sc01,t7662,0.35846336900000003,132.8052
period1,sc01,t7663,0.37661341299999995,132.8052
period1,sc01,t7664,0.411585449,132.8052
period1,sc01,t7665,0.428075428,132.8052
period1,sc01,t7666,0.434273004,132.8052
period1,sc01,t7667,0.450320299,132.8052
period1,sc01,t7668,0.47156913100000003,132.8052
period1,sc01,t7669,0.8581429340000001,132.8052
period1,sc01,t7670,0.772040896,132.8052
period1,sc01,t7671,0.829700487,132.8052
period1,sc01,t7672,0.963280384,132.8052
period1,sc01,t7673,1.106599329,132.8052
period1,sc01,t7674,1.1755473619999999,132.8052
period1,sc01,t7675,1.0936508219999999,132.8052
period1,sc01,t7676,0.983975861,132.8052
period1,sc01,t7677,0.780119879,132.8052
period1,sc01,t7678,0.722128275,132.8052
period1,sc01,t7679,0.533102207,132.8052
period1,sc01,t7680,0.5168335700000001,132.8052
period1,sc01,t7681,0.5194896739999999,132.8052
period1,sc01,t7682,0.513734782,132.8052
period1,sc01,t7683,0.507426535,132.8052
period1,sc01,t7684,0.486841729,132.8052
period1,sc01,t7685,0.5291180510000001,132.8052
period1,sc01,t7686,0.771598212,132.8052
period1,sc01,t7687,1.0005765109999998,132.8052
period1,sc01,t7688,1.3071351809999998,132.8052
period1,sc01,t7689,1.310123298,132.8052
period1,sc01,t7690,1.255230482,132.8052
period1,sc01,t7691,1.0086554939999999,132.8052
period1,sc01,t7692,0.903296702,132.8052
period1,sc01,t7693,0.8096690360000001,132.8052
period1,sc01,t7694,0.9394861190000001,132.8052
period1,sc01,t7695,0.9300790840000001,132.8052
period1,sc01,t7696,1.117555758,132.8052
period1,sc01,t7697,1.2363057409999998,132.8052
period1,sc01,t7698,1.263641478,132.8052
period1,sc01,t7699,1.241064594,132.8052
period1,sc01,t7700,1.172448574,132.8052
period1,sc01,t7701,1.1201011909999998,132.8052
period1,sc01,t7702,1.006442074,132.8052
period1,sc01,t7703,0.971470038,132.8052
period1,sc01,t7704,0.9795490210000001,132.8052
period1,sc01,t7705,0.937715383,132.8052
period1,sc01,t7706,0.882822567,132.8052
period1,sc01,t7707,0.849178583,132.8052
period1,sc01,t7708,0.8361194049999999,132.8052
period1,sc01,t7709,0.848514557,132.8052
period1,sc01,t7710,0.9643870939999999,132.8052
period1,sc01,t7711,1.144116798,132.8052
period1,sc01,t7712,1.497821314,132.8052
period1,sc01,t7713,1.5187381329999998,132.8052
period1,sc01,t7714,1.152417123,132.8052
period1,sc01,t7715,0.988734714,132.8052
period1,sc01,t7716,1.0113115979999998,132.8052
period1,sc01,t7717,1.0995163849999998,132.8052
period1,sc01,t7718,1.10671,132.8052
period1,sc01,t7719,1.2074206099999998,132.8052
period1,sc01,t7720,1.4430391689999997,132.8052
period1,sc01,t7721,1.6712427709999997,132.8052
period1,sc01,t7722,2.016093607,132.8052
period1,sc01,t7723,1.629630475,132.8052
period1,sc01,t7724,1.4557663339999998,132.8052
period1,sc01,t7725,1.139136603,132.8052
period1,sc01,t7726,1.159942751,132.8052
period1,sc01,t7727,1.0773821849999998,132.8052
period1,sc01,t7728,1.0376512960000002,132.8052
period1,sc01,t7729,0.9617309900000001,132.8052
period1,sc01,t7730,0.9497785219999999,132.8052
period1,sc01,t7731,0.908830252,132.8052
period1,sc01,t7732,0.8989805330000001,132.8052
period1,sc01,t7733,0.965936488,132.8052
period1,sc01,t7734,1.004671338,132.8052
period1,sc01,t7735,1.4327467660000002,132.8052
period1,sc01,t7736,1.779921693,132.8052
period1,sc01,t7737,1.660065,132.8052
period1,sc01,t7738,1.567765386,132.8052
period1,sc01,t7739,1.370660335,132.8052
period1,sc01,t7740,1.4116086049999998,132.8052
period1,sc01,t7741,1.3924625219999998,132.8052
period1,sc01,t7742,1.257333231,132.8052
period1,sc01,t7743,1.6193380720000001,132.8052
period1,sc01,t7744,1.881407,132.8052
period1,sc01,t7745,2.087919086,132.8052
period1,sc01,t7746,1.797739724,132.8052
period1,sc01,t7747,1.5438604500000002,132.8052
period1,sc01,t7748,1.356162434,132.8052
period1,sc01,t7749,1.17532602,132.8052
period1,sc01,t7750,1.107042013,132.8052
period1,sc01,t7751,1.033224456,132.8052
period1,sc01,t7752,1.060560193,132.8052
period1,sc01,t7753,0.990394779,132.8052
period1,sc01,t7754,0.951659929,132.8052
period1,sc01,t7755,0.931185794,132.8052
period1,sc01,t7756,0.925873586,132.8052
period1,sc01,t7757,0.948782483,132.8052
period1,sc01,t7758,0.9838651900000001,132.8052
period1,sc01,t7759,1.521062224,132.8052
period1,sc01,t7760,1.7035587030000001,132.8052
period1,sc01,t7761,1.908742737,132.8052
period1,sc01,t7762,1.795968988,132.8052
period1,sc01,t7763,1.53168664,132.8052
period1,sc01,t7764,1.4473553380000002,132.8052
period1,sc01,t7765,1.367118863,132.8052
period1,sc01,t7766,1.383055487,132.8052
period1,sc01,t7767,1.4628492780000002,132.8052
period1,sc01,t7768,1.6692506930000002,132.8052
period1,sc01,t7769,1.95223644,132.8052
period1,sc01,t7770,1.8789722380000002,132.8052
period1,sc01,t7771,1.8006171699999998,132.8052
period1,sc01,t7772,1.563006533,132.8052
period1,sc01,t7773,1.4170314839999998,132.8052
period1,sc01,t7774,1.233870979,132.8052
period1,sc01,t7775,1.129286884,132.8052
period1,sc01,t7776,1.113239589,132.8052
period1,sc01,t7777,1.085903852,132.8052
period1,sc01,t7778,1.0071061,132.8052
period1,sc01,t7779,0.9652724619999999,132.8052
period1,sc01,t7780,0.9443556430000001,132.8052
period1,sc01,t7781,0.94181021,132.8052
period1,sc01,t7782,1.104053896,132.8052
period1,sc01,t7783,1.6442390469999997,132.8052
period1,sc01,t7784,2.479362413,132.8052
period1,sc01,t7785,2.376770396,132.8052
period1,sc01,t7786,1.9852163979999997,132.8052
period1,sc01,t7787,1.687068724,132.8052
period1,sc01,t7788,1.46971088,132.8052
period1,sc01,t7789,1.394343929,132.8052
period1,sc01,t7790,1.3369056799999999,132.8052
period1,sc01,t7791,1.6466738090000002,132.8052
period1,sc01,t7792,2.172250388,132.8052
period1,sc01,t7793,2.846236778,132.8052
period1,sc01,t7794,2.536800662,132.8052
period1,sc01,t7795,2.033247612,132.8052
period1,sc01,t7796,1.922023257,132.8052
period1,sc01,t7797,1.475576443,132.8052
period1,sc01,t7798,1.2837836,132.8052
period1,sc01,t7799,1.1489863219999998,132.8052
period1,sc01,t7800,1.0912160599999998,132.8052
period1,sc01,t7801,0.6972273,132.8052
period1,sc01,t7802,0.546493398,132.8052
period1,sc01,t7803,0.471901144,132.8052
period1,sc01,t7804,0.447664195,132.8052
period1,sc01,t7805,0.42508731099999997,132.8052
period1,sc01,t7806,0.419000406,132.8052
period1,sc01,t7807,0.43881051499999996,132.8052
period1,sc01,t7808,0.46371149,132.8052
period1,sc01,t7809,0.48064415299999996,132.8052
period1,sc01,t7810,0.491600582,132.8052
period1,sc01,t7811,0.49115789800000004,132.8052
period1,sc01,t7812,0.477766707,132.8052
period1,sc01,t7813,0.45839928199999996,132.8052
period1,sc01,t7814,0.440359909,132.8052
period1,sc01,t7815,0.458731295,132.8052
period1,sc01,t7816,0.45806726900000005,132.8052
period1,sc01,t7817,0.48263623099999997,132.8052
period1,sc01,t7818,0.483078915,132.8052
period1,sc01,t7819,0.49912621,132.8052
period1,sc01,t7820,0.48839112300000004,132.8052
period1,sc01,t7821,0.494367357,132.8052
period1,sc01,t7822,0.490825885,132.8052
period1,sc01,t7823,0.47909475900000004,132.8052
period1,sc01,t7824,0.354368542,132.8052
period1,sc01,t7825,0.19278888200000002,132.8052
period1,sc01,t7826,0.17109736600000003,132.8052
period1,sc01,t7827,0.22399810399999998,132.8052
period1,sc01,t7828,0.195666328,132.8052
period1,sc01,t7829,0.20474135,132.8052
period1,sc01,t7830,0.21912858000000002,132.8052
period1,sc01,t7831,0.307222696,132.8052
period1,sc01,t7832,0.562540693,132.8052
period1,sc01,t7833,0.736404834,132.8052
period1,sc01,t7834,0.746143882,132.8052
period1,sc01,t7835,0.7119465429999999,132.8052
period1,sc01,t7836,0.741717042,132.8052
period1,sc01,t7837,0.752009445,132.8052
period1,sc01,t7838,0.7386182539999999,132.8052
period1,sc01,t7839,0.78908423,132.8052
period1,sc01,t7840,0.8899055109999999,132.8052
period1,sc01,t7841,0.8731941900000001,132.8052
period1,sc01,t7842,0.9113756849999999,132.8052
period1,sc01,t7843,0.966932527,132.8052
period1,sc01,t7844,0.9093836070000001,132.8052
period1,sc01,t7845,0.8570362239999999,132.8052
period1,sc01,t7846,0.830696526,132.8052
period1,sc01,t7847,0.777574446,132.8052
period1,sc01,t7848,0.743377107,132.8052
period1,sc01,t7849,0.752230787,132.8052
period1,sc01,t7850,0.7453691849999999,132.8052
period1,sc01,t7851,0.764072584,132.8052
period1,sc01,t7852,0.7504600510000001,132.8052
period1,sc01,t7853,0.763740571,132.8052
period1,sc01,t7854,0.821732175,132.8052
period1,sc01,t7855,1.055026643,132.8052
period1,sc01,t7856,1.235863057,132.8052
period1,sc01,t7857,1.370660335,132.8052
period1,sc01,t7858,1.7410761719999999,132.8052
period1,sc01,t7859,1.7467203930000004,132.8052
period1,sc01,t7860,1.6556381599999999,132.8052
period1,sc01,t7861,1.4022015700000001,132.8052
period1,sc01,t7862,1.7526966270000002,132.8052
period1,sc01,t7863,1.825407474,132.8052
period1,sc01,t7864,1.988315186,132.8052
period1,sc01,t7865,2.429671134,132.8052
period1,sc01,t7866,2.6962775729999997,132.8052
period1,sc01,t7867,2.124219174,132.8052
period1,sc01,t7868,1.6557488310000001,132.8052
period1,sc01,t7869,1.5738522910000001,132.8052
period1,sc01,t7870,1.381727435,132.8052
period1,sc01,t7871,1.154741214,132.8052
period1,sc01,t7872,1.007659455,132.8052
period1,sc01,t7873,0.9580788469999999,132.8052
period1,sc01,t7874,0.9263162699999999,132.8052
period1,sc01,t7875,0.9112650139999999,132.8052
period1,sc01,t7876,0.8914549049999999,132.8052
period1,sc01,t7877,0.914585144,132.8052
period1,sc01,t7878,0.912703737,132.8052
period1,sc01,t7879,1.589788915,132.8052
period1,sc01,t7880,3.1765897129999994,132.8052
period1,sc01,t7881,3.0330494260000003,132.8052
period1,sc01,t7882,3.15523021,132.8052
period1,sc01,t7883,2.756371926,132.8052
period1,sc01,t7884,3.1755936739999995,132.8052
period1,sc01,t7885,3.25262069,132.8052
period1,sc01,t7886,2.584278521,132.8052
period1,sc01,t7887,2.8998015419999996,132.8052
period1,sc01,t7888,3.1717201889999993,132.8052
period1,sc01,t7889,3.509930765,132.8052
period1,sc01,t7890,3.175815016,132.8052
period1,sc01,t7891,3.359639547,132.8052
period1,sc01,t7892,2.1298633949999997,132.8052
period1,sc01,t7893,1.606168223,132.8052
period1,sc01,t7894,1.249586261,132.8052
period1,sc01,t7895,1.089888008,132.8052
period1,sc01,t7896,0.942584907,132.8052
period1,sc01,t7897,0.712942582,132.8052
period1,sc01,t7898,0.67730652,132.8052
period1,sc01,t7899,0.6783025589999999,132.8052
period1,sc01,t7900,0.628943293,132.8052
period1,sc01,t7901,0.720025526,132.8052
period1,sc01,t7902,0.96062428,132.8052
period1,sc01,t7903,0.9232174820000001,132.8052
period1,sc01,t7904,1.438723,132.8052
period1,sc01,t7905,1.6520966879999999,132.8052
period1,sc01,t7906,1.6630531170000002,132.8052
period1,sc01,t7907,1.137365867,132.8052
period1,sc01,t7908,1.078488895,132.8052
period1,sc01,t7909,1.076939501,132.8052
period1,sc01,t7910,1.0540306039999998,132.8052
period1,sc01,t7911,1.089888008,132.8052
period1,sc01,t7912,1.328052,132.8052
period1,sc01,t7913,1.756127428,132.8052
period1,sc01,t7914,1.6161286129999999,132.8052
period1,sc01,t7915,1.34907949,132.8052
period1,sc01,t7916,1.0690818599999998,132.8052
period1,sc01,t7917,0.869099363,132.8052
period1,sc01,t7918,0.7271084700000001,132.8052
period1,sc01,t7919,0.6125639850000001,132.8052
period1,sc01,t7920,0.603267621,132.8052
period1,sc01,t7921,0.581133421,132.8052
period1,sc01,t7922,0.553687013,132.8052
period1,sc01,t7923,0.508754587,132.8052
period1,sc01,t7924,0.463490148,132.8052
period1,sc01,t7925,0.4215458390000001,132.8052
period1,sc01,t7926,0.45607519100000005,132.8052
period1,sc01,t7927,0.565307468,132.8052
period1,sc01,t7928,0.621749678,132.8052
period1,sc01,t7929,0.5664141779999999,132.8052
period1,sc01,t7930,0.5332128780000001,132.8052
period1,sc01,t7931,0.503221037,132.8052
period1,sc01,t7932,0.49447802799999996,132.8052
period1,sc01,t7933,0.471347789,132.8052
period1,sc01,t7934,0.488280452,132.8052
period1,sc01,t7935,0.453419087,132.8052
period1,sc01,t7936,0.470241079,132.8052
period1,sc01,t7937,0.517497596,132.8052
period1,sc01,t7938,0.50687318,132.8052
period1,sc01,t7939,0.47013040799999994,132.8052
period1,sc01,t7940,0.42818609899999993,132.8052
period1,sc01,t7941,0.419000406,132.8052
period1,sc01,t7942,0.149184508,132.8052
period1,sc01,t7943,0.06297179900000001,132.8052
period1,sc01,t7944,0.142876261,132.8052
period1,sc01,t7945,0.120742061,132.8052
period1,sc01,t7946,0.06861602,132.8052
period1,sc01,t7947,0.069612059,132.8052
period1,sc01,t7948,0.035525391,132.8052
period1,sc01,t7949,0.026450369,132.8052
period1,sc01,t7950,0.032979958,132.8052
period1,sc01,t7951,0.21193496499999998,132.8052
period1,sc01,t7952,0.44257332900000007,132.8052
period1,sc01,t7953,0.332013,132.8052
period1,sc01,t7954,0.475774629,132.8052
period1,sc01,t7955,0.44257332900000007,132.8052
period1,sc01,t7956,0.44401205199999993,132.8052
period1,sc01,t7957,0.45043097,132.8052
period1,sc01,t7958,0.45109499599999997,132.8052
period1,sc01,t7959,0.446889498,132.8052
period1,sc01,t7960,0.299586397,132.8052
period1,sc01,t7961,0.21492308200000004,132.8052
period1,sc01,t7962,0.332013,132.8052
period1,sc01,t7963,0.189579423,132.8052
period1,sc01,t7964,0.178290981,132.8052
period1,sc01,t7965,0.174638838,132.8052
period1,sc01,t7966,0.164567777,132.8052
period1,sc01,t7967,0.149959205,132.8052
period1,sc01,t7968,0.057106236000000005,132.8052
period1,sc01,t7969,0.052126041,132.8052
period1,sc01,t7970,0.036410759,132.8052
period1,sc01,t7971,0.017375347,132.8052
period1,sc01,t7972,0.029106473,132.8052
period1,sc01,t7973,0.022023529,132.8052
period1,sc01,t7974,0.029659828,132.8052
period1,sc01,t7975,0.050797988999999995,132.8052
period1,sc01,t7976,0.140994854,132.8052
period1,sc01,t7977,0.15848087200000002,132.8052
period1,sc01,t7978,0.169215959,132.8052
period1,sc01,t7979,0.18437788600000002,132.8052
period1,sc01,t7980,0.199761155,132.8052
period1,sc01,t7981,0.12273413899999999,132.8052
period1,sc01,t7982,0.18249647899999996,132.8052
period1,sc01,t7983,0.19832243200000002,132.8052
period1,sc01,t7984,0.207176112,132.8052
period1,sc01,t7985,0.21315234600000002,132.8052
period1,sc01,t7986,0.21337368800000003,132.8052
period1,sc01,t7987,0.21425905599999998,132.8052
period1,sc01,t7988,0.21149228099999998,132.8052
period1,sc01,t7989,0.210053558,132.8052
period1,sc01,t7990,0.20872550599999998,132.8052
period1,sc01,t7991,0.206733428,132.8052
period1,sc01,t7992,0.259855508,132.8052
period1,sc01,t7993,0.286305877,132.8052
period1,sc01,t7994,0.221342,132.8052
period1,sc01,t7995,0.189579423,132.8052
period1,sc01,t7996,0.208282822,132.8052
period1,sc01,t7997,0.17795896799999997,132.8052
period1,sc01,t7998,0.169547972,132.8052
period1,sc01,t7999,0.203302627,132.8052
period1,sc01,t8000,0.23329446799999998,132.8052
period1,sc01,t8001,0.238274663,132.8052
period1,sc01,t8002,0.36111947299999997,132.8052
period1,sc01,t8003,0.37628140000000004,132.8052
period1,sc01,t8004,0.41822570899999995,132.8052
period1,sc01,t8005,0.426415363,132.8052
period1,sc01,t8006,0.430842203,132.8052
period1,sc01,t8007,0.458952637,132.8052
period1,sc01,t8008,0.5132920980000001,132.8052
period1,sc01,t8009,0.6644686839999999,132.8052
period1,sc01,t8010,0.643773207,132.8052
period1,sc01,t8011,0.646982666,132.8052
period1,sc01,t8012,0.538303744,132.8052
period1,sc01,t8013,0.464707529,132.8052
period1,sc01,t8014,0.442684,132.8052
period1,sc01,t8015,0.337325208,132.8052
period1,sc01,t8016,0.251555183,132.8052
period1,sc01,t8017,0.23019567999999999,132.8052
period1,sc01,t8018,0.23694661099999997,132.8052
period1,sc01,t8019,0.248899079,132.8052
period1,sc01,t8020,0.148077798,132.8052
period1,sc01,t8021,0.319175164,132.8052
period1,sc01,t8022,0.36078746000000006,132.8052
period1,sc01,t8023,0.48363227000000003,132.8052
period1,sc01,t8024,0.784768061,132.8052
period1,sc01,t8025,0.8492892539999999,132.8052
period1,sc01,t8026,0.871312783,132.8052
period1,sc01,t8027,0.8625697739999999,132.8052
period1,sc01,t8028,0.82671237,132.8052
period1,sc01,t8029,0.8404355739999999,132.8052
period1,sc01,t8030,0.828372435,132.8052
period1,sc01,t8031,0.827929751,132.8052
period1,sc01,t8032,0.864229839,132.8052
period1,sc01,t8033,0.8820478700000001,132.8052
period1,sc01,t8034,0.8274870669999999,132.8052
period1,sc01,t8035,0.8021434080000001,132.8052
period1,sc01,t8036,0.785210745,132.8052
period1,sc01,t8037,0.678855914,132.8052
period1,sc01,t8038,0.574271819,132.8052
period1,sc01,t8039,0.447553524,132.8052
period1,sc01,t8040,0.42243120700000003,132.8052
period1,sc01,t8041,0.386352461,132.8052
period1,sc01,t8042,0.320281874,132.8052
period1,sc01,t8043,0.300361094,132.8052
period1,sc01,t8044,0.258638127,132.8052
period1,sc01,t8045,0.23716795300000001,132.8052
period1,sc01,t8046,0.285420509,132.8052
period1,sc01,t8047,0.708073058,132.8052
period1,sc01,t8048,0.766507346,132.8052
period1,sc01,t8049,0.7908549659999999,132.8052
period1,sc01,t8050,0.626729873,132.8052
period1,sc01,t8051,0.7398356349999999,132.8052
period1,sc01,t8052,0.751566761,132.8052
period1,sc01,t8053,0.478541404,132.8052
period1,sc01,t8054,0.557671169,132.8052
period1,sc01,t8055,0.570951689,132.8052
period1,sc01,t8056,0.63193141,132.8052
period1,sc01,t8057,0.633702146,132.8052
period1,sc01,t8058,0.630160674,132.8052
period1,sc01,t8059,0.621085652,132.8052
period1,sc01,t8060,0.60758379,132.8052
period1,sc01,t8061,0.598398097,132.8052
period1,sc01,t8062,0.5857816029999999,132.8052
period1,sc01,t8063,0.57659591,132.8052
period1,sc01,t8064,0.5008969459999999,132.8052
period1,sc01,t8065,0.54339461,132.8052
period1,sc01,t8066,0.554019026,132.8052
period1,sc01,t8067,0.511632033,132.8052
period1,sc01,t8068,0.5111893489999999,132.8052
period1,sc01,t8069,0.548264134,132.8052
period1,sc01,t8070,0.5611019700000001,132.8052
period1,sc01,t8071,0.6043743309999999,132.8052
period1,sc01,t8072,0.7746970000000001,132.8052
period1,sc01,t8073,1.306692497,132.8052
period1,sc01,t8074,1.027469564,132.8052
period1,sc01,t8075,0.7064129929999999,132.8052
period1,sc01,t8076,0.681401347,132.8052
period1,sc01,t8077,0.669116866,132.8052
period1,sc01,t8078,0.672326325,132.8052
period1,sc01,t8079,0.6933538149999999,132.8052
period1,sc01,t8080,0.7375115440000001,132.8052
period1,sc01,t8081,0.808562326,132.8052
period1,sc01,t8082,1.170124483,132.8052
period1,sc01,t8083,1.2335389659999998,132.8052
period1,sc01,t8084,1.1566226210000001,132.8052
period1,sc01,t8085,0.750128038,132.8052
period1,sc01,t8086,0.7219069330000001,132.8052
period1,sc01,t8087,0.678081217,132.8052
period1,sc01,t8088,0.661923251,132.8052
period1,sc01,t8089,0.649306757,132.8052
period1,sc01,t8090,0.624627124,132.8052
period1,sc01,t8091,0.597955413,132.8052
period1,sc01,t8092,0.643330523,132.8052
period1,sc01,t8093,0.691472408,132.8052
period1,sc01,t8094,0.805906222,132.8052
period1,sc01,t8095,0.948007786,132.8052
period1,sc01,t8096,1.238519161,132.8052
period1,sc01,t8097,1.0540306039999998,132.8052
period1,sc01,t8098,1.308905917,132.8052
period1,sc01,t8099,1.58923556,132.8052
period1,sc01,t8100,1.49737863,132.8052
period1,sc01,t8101,1.505789626,132.8052
period1,sc01,t8102,1.511101834,132.8052
period1,sc01,t8103,1.604618829,132.8052
period1,sc01,t8104,1.620776795,132.8052
period1,sc01,t8105,1.60583621,132.8052
period1,sc01,t8106,1.4966039329999998,132.8052
period1,sc01,t8107,1.600191989,132.8052
period1,sc01,t8108,1.4334107920000003,132.8052
period1,sc01,t8109,1.1566226210000001,132.8052
period1,sc01,t8110,1.130725607,132.8052
period1,sc01,t8111,0.8710914409999999,132.8052
period1,sc01,t8112,0.834016656,132.8052
period1,sc01,t8113,0.8186333869999999,132.8052
period1,sc01,t8114,0.8129891659999999,132.8052
period1,sc01,t8115,0.8102223909999999,132.8052
period1,sc01,t8116,0.80900501,132.8052
period1,sc01,t8117,0.810554404,132.8052
period1,sc01,t8118,0.82671237,132.8052
period1,sc01,t8119,1.6135831800000002,132.8052
period1,sc01,t8120,1.6972504560000004,132.8052
period1,sc01,t8121,2.0806148,132.8052
period1,sc01,t8122,1.874434727,132.8052
period1,sc01,t8123,1.8187672140000002,132.8052
period1,sc01,t8124,1.7556847439999996,132.8052
period1,sc01,t8125,1.7145151319999996,132.8052
period1,sc01,t8126,1.6756696109999998,132.8052
period1,sc01,t8127,1.7024519930000002,132.8052
period1,sc01,t8128,1.7087602400000002,132.8052
period1,sc01,t8129,1.783795178,132.8052
period1,sc01,t8130,1.6509899780000001,132.8052
period1,sc01,t8131,1.5932197160000001,132.8052
period1,sc01,t8132,0.9574148210000001,132.8052
period1,sc01,t8133,0.9402608159999999,132.8052
period1,sc01,t8134,0.89090155,132.8052
period1,sc01,t8135,0.768499424,132.8052
period1,sc01,t8136,0.765400636,132.8052
period1,sc01,t8137,0.6121213010000001,132.8052
period1,sc01,t8138,0.5180509510000001,132.8052
period1,sc01,t8139,0.437039779,132.8052
period1,sc01,t8140,0.4298461640000001,132.8052
period1,sc01,t8141,0.415569605,132.8052
period1,sc01,t8142,0.405941228,132.8052
period1,sc01,t8143,0.42907146700000004,132.8052
period1,sc01,t8144,0.48363227000000003,132.8052
period1,sc01,t8145,0.504770431,132.8052
period1,sc01,t8146,0.510303981,132.8052
period1,sc01,t8147,0.513402769,132.8052
period1,sc01,t8148,0.5125174010000001,132.8052
period1,sc01,t8149,0.50687318,132.8052
period1,sc01,t8150,0.477213352,132.8052
period1,sc01,t8151,0.47665999699999995,132.8052
period1,sc01,t8152,0.48009079800000004,132.8052
period1,sc01,t8153,0.484296296,132.8052
period1,sc01,t8154,0.487395084,132.8052
period1,sc01,t8155,0.476106642,132.8052
period1,sc01,t8156,0.45828861099999996,132.8052
period1,sc01,t8157,0.435379714,132.8052
period1,sc01,t8158,0.41833638,132.8052
period1,sc01,t8159,0.406715925,132.8052
period1,sc01,t8160,0.303017198,132.8052
period1,sc01,t8161,0.29361016300000004,132.8052
period1,sc01,t8162,0.267159794,132.8052
period1,sc01,t8163,0.24469358099999997,132.8052
period1,sc01,t8164,0.263839664,132.8052
period1,sc01,t8165,0.26926254299999997,132.8052
period1,sc01,t8166,0.27280401499999996,132.8052
period1,sc01,t8167,0.328803541,132.8052
period1,sc01,t8168,0.35115908300000004,132.8052
period1,sc01,t8169,0.45596452,132.8052
period1,sc01,t8170,0.5188256480000001,132.8052
period1,sc01,t8171,0.547268095,132.8052
period1,sc01,t8172,0.629053964,132.8052
period1,sc01,t8173,0.636136908,132.8052
period1,sc01,t8174,0.641781129,132.8052
period1,sc01,t8175,0.65738574,132.8052
period1,sc01,t8176,0.680737321,132.8052
period1,sc01,t8177,0.6989980359999999,132.8052
period1,sc01,t8178,0.686381542,132.8052
period1,sc01,t8179,0.666903446,132.8052
period1,sc01,t8180,0.649970783,132.8052
period1,sc01,t8181,0.630160674,132.8052
period1,sc01,t8182,0.504881102,132.8052
period1,sc01,t8183,0.407047938,132.8052
period1,sc01,t8184,0.244140226,132.8052
period1,sc01,t8185,0.157263491,132.8052
period1,sc01,t8186,0.161911673,132.8052
period1,sc01,t8187,0.08311392100000001,132.8052
period1,sc01,t8188,0.07381755699999999,132.8052
period1,sc01,t8189,0.099271887,132.8052
period1,sc01,t8190,0.354036529,132.8052
period1,sc01,t8191,0.57659591,132.8052
period1,sc01,t8192,0.7164840539999999,132.8052
period1,sc01,t8193,0.7133852659999999,132.8052
period1,sc01,t8194,0.7209108940000001,132.8052
period1,sc01,t8195,0.759092389,132.8052
period1,sc01,t8196,0.764957952,132.8052
period1,sc01,t8197,0.730871284,132.8052
period1,sc01,t8198,0.670223576,132.8052
period1,sc01,t8199,0.7180334479999999,132.8052
period1,sc01,t8200,0.726776457,132.8052
period1,sc01,t8201,0.7746970000000001,132.8052
period1,sc01,t8202,0.718697474,132.8052
period1,sc01,t8203,0.6905870399999999,132.8052
period1,sc01,t8204,0.541845216,132.8052
period1,sc01,t8205,0.49923688099999997,132.8052
period1,sc01,t8206,0.468249001,132.8052
period1,sc01,t8207,0.43881051499999996,132.8052
period1,sc01,t8208,0.41302417199999997,132.8052
period1,sc01,t8209,0.42243120700000003,132.8052
period1,sc01,t8210,0.23606124299999998,132.8052
period1,sc01,t8211,0.22123132899999998,132.8052
period1,sc01,t8212,0.223223407,132.8052
period1,sc01,t8213,0.35591793599999993,132.8052
period1,sc01,t8214,0.561765996,132.8052
period1,sc01,t8215,0.807787629,132.8052
period1,sc01,t8216,0.903960728,132.8052
period1,sc01,t8217,1.302708341,132.8052
period1,sc01,t8218,1.078267553,132.8052
period1,sc01,t8219,1.016955819,132.8052
period1,sc01,t8220,0.980987744,132.8052
period1,sc01,t8221,0.993604238,132.8052
period1,sc01,t8222,0.926869625,132.8052
period1,sc01,t8223,1.1139036150000001,132.8052
period1,sc01,t8224,1.125966754,132.8052
period1,sc01,t8225,1.125413399,132.8052
period1,sc01,t8226,1.097745649,132.8052
period1,sc01,t8227,1.037761967,132.8052
period1,sc01,t8228,0.9232174820000001,132.8052
period1,sc01,t8229,0.800815356,132.8052
period1,sc01,t8230,0.7193615,132.8052
period1,sc01,t8231,0.610793249,132.8052
period1,sc01,t8232,0.530335432,132.8052
period1,sc01,t8233,0.41446289500000005,132.8052
period1,sc01,t8234,0.337214537,132.8052
period1,sc01,t8235,0.331902329,132.8052
period1,sc01,t8236,0.280440314,132.8052
period1,sc01,t8237,0.286859232,132.8052
period1,sc01,t8238,0.404059821,132.8052
period1,sc01,t8239,0.48352159899999997,132.8052
period1,sc01,t8240,0.5644220999999999,132.8052
period1,sc01,t8241,0.583457512,132.8052
period1,sc01,t8242,0.567852901,132.8052
period1,sc01,t8243,0.47522127399999997,132.8052
period1,sc01,t8244,0.500786275,132.8052
period1,sc01,t8245,0.468470343,132.8052
period1,sc01,t8246,0.438146489,132.8052
period1,sc01,t8247,0.465592897,132.8052
period1,sc01,t8248,0.46503954200000003,132.8052
period1,sc01,t8249,0.463379477,132.8052
period1,sc01,t8250,0.450652312,132.8052
period1,sc01,t8251,0.41125343599999997,132.8052
period1,sc01,t8252,0.345957546,132.8052
period1,sc01,t8253,0.280661656,132.8052
period1,sc01,t8254,0.184488557,132.8052
period1,sc01,t8255,0.18017238800000002,132.8052
period1,sc01,t8256,0.20595873099999998,132.8052
period1,sc01,t8257,0.20518403399999996,132.8052
period1,sc01,t8258,0.213927043,132.8052
period1,sc01,t8259,0.228756957,132.8052
period1,sc01,t8260,0.28497782499999996,132.8052
period1,sc01,t8261,0.27889092,132.8052
period1,sc01,t8262,0.379933543,132.8052
period1,sc01,t8263,0.43825716000000003,132.8052
period1,sc01,t8264,0.493814002,132.8052
period1,sc01,t8265,0.5422879,132.8052
period1,sc01,t8266,0.520264371,132.8052
period1,sc01,t8267,0.49392467300000004,132.8052
period1,sc01,t8268,0.5173869249999999,132.8052
period1,sc01,t8269,0.493814002,132.8052
period1,sc01,t8270,0.5057664700000001,132.8052
period1,sc01,t8271,0.678191888,132.8052
period1,sc01,t8272,0.697116629,132.8052
period1,sc01,t8273,0.721464249,132.8052
period1,sc01,t8274,0.697116629,132.8052
period1,sc01,t8275,0.693021802,132.8052
period1,sc01,t8276,0.7167053960000002,132.8052
period1,sc01,t8277,0.62861128,132.8052
period1,sc01,t8278,0.5593312340000001,132.8052
period1,sc01,t8279,0.464707529,132.8052
period1,sc01,t8280,0.483078915,132.8052
period1,sc01,t8281,0.479758785,132.8052
period1,sc01,t8282,0.442684,132.8052
period1,sc01,t8283,0.531995497,132.8052
period1,sc01,t8284,0.45408311300000004,132.8052
period1,sc01,t8285,0.538193073,132.8052
period1,sc01,t8286,0.553687013,132.8052
period1,sc01,t8287,0.8288151189999999,132.8052
period1,sc01,t8288,0.977003588,132.8052
period1,sc01,t8289,1.127516148,132.8052
period1,sc01,t8290,1.029793655,132.8052
period1,sc01,t8291,1.1482116249999998,132.8052
period1,sc01,t8292,1.0447342400000001,132.8052
period1,sc01,t8293,1.082473051,132.8052
period1,sc01,t8294,1.0677538080000002,132.8052
period1,sc01,t8295,1.139136603,132.8052
period1,sc01,t8296,1.2499182739999999,132.8052
period1,sc01,t8297,1.4222330209999998,132.8052
period1,sc01,t8298,1.310123298,132.8052
period1,sc01,t8299,1.225349312,132.8052
period1,sc01,t8300,1.2021084020000001,132.8052
period1,sc01,t8301,0.774032974,132.8052
period1,sc01,t8302,0.888466788,132.8052
period1,sc01,t8303,0.8157559409999999,132.8052
period1,sc01,t8304,0.778238472,132.8052
period1,sc01,t8305,0.7667286879999999,132.8052
period1,sc01,t8306,0.658824463,132.8052
period1,sc01,t8307,0.5353156269999999,132.8052
period1,sc01,t8308,0.524137856,132.8052
period1,sc01,t8309,0.5167228989999999,132.8052
period1,sc01,t8310,0.53011409,132.8052
period1,sc01,t8311,0.7216855909999998,132.8052
period1,sc01,t8312,0.7963885159999999,132.8052
period1,sc01,t8313,0.843645033,132.8052
period1,sc01,t8314,0.888466788,132.8052
period1,sc01,t8315,0.8532734099999999,132.8052
period1,sc01,t8316,0.8214001619999999,132.8052
period1,sc01,t8317,0.8210681489999999,132.8052
period1,sc01,t8318,0.8170839929999999,132.8052
period1,sc01,t8319,0.7271084700000001,132.8052
period1,sc01,t8320,0.7196935130000001,132.8052
period1,sc01,t8321,0.6870455679999999,132.8052
period1,sc01,t8322,0.638903683,132.8052
period1,sc01,t8323,0.642777168,132.8052
period1,sc01,t8324,0.639567709,132.8052
period1,sc01,t8325,0.590872469,132.8052
period1,sc01,t8326,0.567078204,132.8052
period1,sc01,t8327,0.50465976,132.8052
period1,sc01,t8328,0.414352224,132.8052
period1,sc01,t8329,0.384803067,132.8052
period1,sc01,t8330,0.365656984,132.8052
period1,sc01,t8331,0.34640023000000003,132.8052
period1,sc01,t8332,0.30943611600000004,132.8052
period1,sc01,t8333,0.28331776000000003,132.8052
period1,sc01,t8334,0.29427418899999996,132.8052
period1,sc01,t8335,0.305783973,132.8052
period1,sc01,t8336,0.320613887,132.8052
period1,sc01,t8337,0.330574277,132.8052
period1,sc01,t8338,0.33710386600000003,132.8052
period1,sc01,t8339,0.3566926329999999,132.8052
period1,sc01,t8340,0.346621572,132.8052
period1,sc01,t8341,0.33975996999999997,132.8052
period1,sc01,t8342,0.350716399,132.8052
period1,sc01,t8343,0.36078746000000006,132.8052
period1,sc01,t8344,0.38004421400000005,132.8052
period1,sc01,t8345,0.39830492900000003,132.8052
period1,sc01,t8346,0.38258964700000003,132.8052
period1,sc01,t8347,0.374732006,132.8052
period1,sc01,t8348,0.36455027399999995,132.8052
period1,sc01,t8349,0.361672828,132.8052
period1,sc01,t8350,0.35968075,132.8052
period1,sc01,t8351,0.349609689,132.8052
period1,sc01,t8352,0.293831505,132.8052
period1,sc01,t8353,0.28121501099999996,132.8052
period1,sc01,t8354,0.254875313,132.8052
period1,sc01,t8355,0.22643286600000004,132.8052
period1,sc01,t8356,0.19931847100000002,132.8052
period1,sc01,t8357,0.187698016,132.8052
period1,sc01,t8358,0.261294231,132.8052
period1,sc01,t8359,0.41800436700000004,132.8052
period1,sc01,t8360,0.5037743920000001,132.8052
period1,sc01,t8361,0.489608504,132.8052
period1,sc01,t8362,0.48938716199999993,132.8052
period1,sc01,t8363,0.495031383,132.8052
period1,sc01,t8364,0.505877141,132.8052
period1,sc01,t8365,0.517718938,132.8052
period1,sc01,t8366,0.506983851,132.8052
period1,sc01,t8367,0.510303981,132.8052
period1,sc01,t8368,0.515505518,132.8052
period1,sc01,t8369,0.536865021,132.8052
period1,sc01,t8370,0.5545723810000001,132.8052
period1,sc01,t8371,0.550809567,132.8052
period1,sc01,t8372,0.551252251,132.8052
period1,sc01,t8373,0.5483748049999999,132.8052
period1,sc01,t8374,0.5312208,132.8052
period1,sc01,t8375,0.513845453,132.8052
period1,sc01,t8376,0.508643916,132.8052
period1,sc01,t8377,0.492043266,132.8052
period1,sc01,t8378,0.482082876,132.8052
period1,sc01,t8379,0.487616426,132.8052
period1,sc01,t8380,0.49724480299999996,132.8052
period1,sc01,t8381,0.5057664700000001,132.8052
period1,sc01,t8382,0.519711016,132.8052
period1,sc01,t8383,0.825716331,132.8052
period1,sc01,t8384,0.697116629,132.8052
period1,sc01,t8385,0.702207495,132.8052
period1,sc01,t8386,0.6983340100000001,132.8052
period1,sc01,t8387,0.649196086,132.8052
period1,sc01,t8388,0.663915329,132.8052
period1,sc01,t8389,0.6133386820000001,132.8052
period1,sc01,t8390,0.622524375,132.8052
period1,sc01,t8391,0.8004833429999999,132.8052
period1,sc01,t8392,0.9121503820000001,132.8052
period1,sc01,t8393,1.019169239,132.8052
period1,sc01,t8394,0.96062428,132.8052
period1,sc01,t8395,0.7118358719999999,132.8052
period1,sc01,t8396,0.6148880760000001,132.8052
period1,sc01,t8397,0.553244329,132.8052
period1,sc01,t8398,0.533323549,132.8052
period1,sc01,t8399,0.5090866,132.8052
period1,sc01,t8400,0.543947965,132.8052
period1,sc01,t8401,0.520485713,132.8052
period1,sc01,t8402,0.505213115,132.8052
period1,sc01,t8403,0.502778353,132.8052
period1,sc01,t8404,0.503331708,132.8052
period1,sc01,t8405,0.514509479,132.8052
period1,sc01,t8406,0.553244329,132.8052
period1,sc01,t8407,0.6112359329999999,132.8052
period1,sc01,t8408,0.7745863289999999,132.8052
period1,sc01,t8409,0.7745863289999999,132.8052
period1,sc01,t8410,0.7746970000000001,132.8052
period1,sc01,t8411,0.846301137,132.8052
period1,sc01,t8412,0.745590527,132.8052
period1,sc01,t8413,0.7750290129999999,132.8052
period1,sc01,t8414,0.7848787319999999,132.8052
period1,sc01,t8415,0.7746970000000001,132.8052
period1,sc01,t8416,0.8049101830000001,132.8052
period1,sc01,t8417,0.8637871549999999,132.8052
period1,sc01,t8418,0.8683246659999999,132.8052
period1,sc01,t8419,0.7592030599999999,132.8052
period1,sc01,t8420,0.726997799,132.8052
period1,sc01,t8421,0.565750152,132.8052
period1,sc01,t8422,0.557007143,132.8052
period1,sc01,t8423,0.526683289,132.8052
period1,sc01,t8424,0.452976403,132.8052
period1,sc01,t8425,0.4346050170000001,132.8052
period1,sc01,t8426,0.36676369400000003,132.8052
period1,sc01,t8427,0.326811463,132.8052
period1,sc01,t8428,0.217800528,132.8052
period1,sc01,t8429,0.16423576399999998,132.8052
period1,sc01,t8430,0.25731007499999997,132.8052
period1,sc01,t8431,0.44356936799999996,132.8052
period1,sc01,t8432,0.451427009,132.8052
period1,sc01,t8433,0.512738743,132.8052
period1,sc01,t8434,0.44810687900000007,132.8052
period1,sc01,t8435,0.397972916,132.8052
period1,sc01,t8436,0.401846401,132.8052
period1,sc01,t8437,0.39919029699999997,132.8052
period1,sc01,t8438,0.39963298099999994,132.8052
period1,sc01,t8439,0.45839928199999996,132.8052
period1,sc01,t8440,0.47488926099999995,132.8052
period1,sc01,t8441,0.497908829,132.8052
period1,sc01,t8442,0.470905105,132.8052
period1,sc01,t8443,0.441798632,132.8052
period1,sc01,t8444,0.429292809,132.8052
period1,sc01,t8445,0.357799343,132.8052
period1,sc01,t8446,0.339317286,132.8052
period1,sc01,t8447,0.18039373000000003,132.8052
period1,sc01,t8448,0.075145609,132.8052
period1,sc01,t8449,0.042386993,132.8052
period1,sc01,t8450,0.033865326,132.8052
period1,sc01,t8451,0.027557079,132.8052
period1,sc01,t8452,0.026339697999999998,132.8052
period1,sc01,t8453,0.041501625,132.8052
period1,sc01,t8454,0.031319893,132.8052
period1,sc01,t8455,0.03652143,132.8052
period1,sc01,t8456,0.046149807,132.8052
period1,sc01,t8457,0.041612296,132.8052
period1,sc01,t8458,0.043272361,132.8052
period1,sc01,t8459,0.0553355,132.8052
period1,sc01,t8460,0.043051019,132.8052
period1,sc01,t8461,0.040726928,132.8052
period1,sc01,t8462,0.035082707,132.8052
period1,sc01,t8463,0.07691634500000001,132.8052
period1,sc01,t8464,0.11487649800000001,132.8052
period1,sc01,t8465,0.36111947299999997,132.8052
period1,sc01,t8466,0.295823583,132.8052
period1,sc01,t8467,0.027889092,132.8052
period1,sc01,t8468,0.012948507,132.8052
period1,sc01,t8469,0.010513745,132.8052
period1,sc01,t8470,0.010181732,132.8052
period1,sc01,t8471,-0.007857640999999999,132.8052
period1,sc01,t8472,-0.016932663,132.8052
period1,sc01,t8473,-0.019035411999999998,132.8052
period1,sc01,t8474,-0.0221342,132.8052
period1,sc01,t8475,-0.024790304000000003,132.8052
period1,sc01,t8476,-0.05467147400000001,132.8052
period1,sc01,t8477,-0.0553355,132.8052
period1,sc01,t8478,-0.026893053000000004,132.8052
period1,sc01,t8479,-0.0221342,132.8052
period1,sc01,t8480,-0.012727165,132.8052
period1,sc01,t8481,-0.0022134200000000002,132.8052
period1,sc01,t8482,-0.0071936149999999996,132.8052
period1,sc01,t8483,-0.004648182,132.8052
period1,sc01,t8484,-0.010181732,132.8052
period1,sc01,t8485,-0.008743009,132.8052
period1,sc01,t8486,-0.001992078,132.8052
period1,sc01,t8487,0.00044268400000000005,132.8052
period1,sc01,t8488,0.017486018,132.8052
period1,sc01,t8489,0.110781671,132.8052
period1,sc01,t8490,0.516280215,132.8052
period1,sc01,t8491,0.509861297,132.8052
period1,sc01,t8492,0.44257332900000007,132.8052
period1,sc01,t8493,0.182939163,132.8052
period1,sc01,t8494,0.162575699,132.8052
period1,sc01,t8495,0.09207827200000002,132.8052
period1,sc01,t8496,0.07691634500000001,132.8052
period1,sc01,t8497,0.09816517699999999,132.8052
period1,sc01,t8498,0.110671,132.8052
period1,sc01,t8499,0.110781671,132.8052
period1,sc01,t8500,0.145311023,132.8052
period1,sc01,t8501,0.122402126,132.8052
period1,sc01,t8502,0.42851811199999995,132.8052
period1,sc01,t8503,0.44777486600000005,132.8052
period1,sc01,t8504,0.487616426,132.8052
period1,sc01,t8505,0.527789999,132.8052
period1,sc01,t8506,0.525908592,132.8052
period1,sc01,t8507,0.526904631,132.8052
period1,sc01,t8508,0.529560735,132.8052
period1,sc01,t8509,0.546050714,132.8052
period1,sc01,t8510,0.543726623,132.8052
period1,sc01,t8511,0.549149502,132.8052
period1,sc01,t8512,0.568738269,132.8052
period1,sc01,t8513,0.583125499,132.8052
period1,sc01,t8514,0.629053964,132.8052
period1,sc01,t8515,0.592643205,132.8052
period1,sc01,t8516,0.5531336579999999,132.8052
period1,sc01,t8517,0.540738506,132.8052
period1,sc01,t8518,0.5422879,132.8052
period1,sc01,t8519,0.525908592,132.8052
period1,sc01,t8520,0.49447802799999996,132.8052
period1,sc01,t8521,0.49724480299999996,132.8052
period1,sc01,t8522,0.48695239999999995,132.8052
period1,sc01,t8523,0.485070993,132.8052
period1,sc01,t8524,0.48064415299999996,132.8052
period1,sc01,t8525,0.5025570109999999,132.8052
period1,sc01,t8526,0.5480427920000001,132.8052
period1,sc01,t8527,0.653069571,132.8052
period1,sc01,t8528,0.6981126679999999,132.8052
period1,sc01,t8529,0.8078983,132.8052
period1,sc01,t8530,0.8167519799999999,132.8052
period1,sc01,t8531,0.8227282140000001,132.8052
period1,sc01,t8532,0.8273763960000001,132.8052
period1,sc01,t8533,0.821621504,132.8052
period1,sc01,t8534,0.8377794700000001,132.8052
period1,sc01,t8535,0.8821585409999999,132.8052
period1,sc01,t8536,0.995596316,132.8052
period1,sc01,t8537,1.0248134599999998,132.8052
period1,sc01,t8538,0.9407035,132.8052
period1,sc01,t8539,0.8370047729999999,132.8052
period1,sc01,t8540,0.810665075,132.8052
period1,sc01,t8541,0.795060464,132.8052
period1,sc01,t8542,0.7853214159999999,132.8052
period1,sc01,t8543,0.693243144,132.8052
period1,sc01,t8544,0.6815120179999999,132.8052
period1,sc01,t8545,0.6270618859999999,132.8052
period1,sc01,t8546,0.553576342,132.8052
period1,sc01,t8547,0.39919029699999997,132.8052
period1,sc01,t8548,0.38436038299999997,132.8052
period1,sc01,t8549,0.381040253,132.8052
period1,sc01,t8550,0.540517164,132.8052
period1,sc01,t8551,0.626176518,132.8052
period1,sc01,t8552,0.6769745070000001,132.8052
period1,sc01,t8553,0.677085178,132.8052
period1,sc01,t8554,0.6755357839999999,132.8052
period1,sc01,t8555,0.648642731,132.8052
period1,sc01,t8556,0.6636939869999999,132.8052
period1,sc01,t8557,0.652294874,132.8052
period1,sc01,t8558,0.629939332,132.8052
period1,sc01,t8559,0.635915566,132.8052
period1,sc01,t8560,0.6719943119999999,132.8052
period1,sc01,t8561,0.661369896,132.8052
period1,sc01,t8562,0.656611043,132.8052
period1,sc01,t8563,0.652294874,132.8052
period1,sc01,t8564,0.626508531,132.8052
period1,sc01,t8565,0.5583351950000001,132.8052
period1,sc01,t8566,0.5583351950000001,132.8052
period1,sc01,t8567,0.5143988079999999,132.8052
period1,sc01,t8568,0.743377107,132.8052
period1,sc01,t8569,0.437593134,132.8052
period1,sc01,t8570,0.406826596,132.8052
period1,sc01,t8571,0.408486661,132.8052
period1,sc01,t8572,0.47367188,132.8052
period1,sc01,t8573,0.516501557,132.8052
period1,sc01,t8574,0.468249001,132.8052
period1,sc01,t8575,0.5852282480000001,132.8052
period1,sc01,t8576,0.736404834,132.8052
period1,sc01,t8577,0.822396201,132.8052
period1,sc01,t8578,0.8543801200000001,132.8052
period1,sc01,t8579,0.682950741,132.8052
period1,sc01,t8580,0.46426484500000004,132.8052
period1,sc01,t8581,0.44821755,132.8052
period1,sc01,t8582,0.46216209599999997,132.8052
period1,sc01,t8583,0.484517638,132.8052
period1,sc01,t8584,0.5630940480000001,132.8052
period1,sc01,t8585,0.584785564,132.8052
period1,sc01,t8586,0.575821213,132.8052
period1,sc01,t8587,0.48894447799999996,132.8052
period1,sc01,t8588,0.454415126,132.8052
period1,sc01,t8589,0.451427009,132.8052
period1,sc01,t8590,0.45607519100000005,132.8052
period1,sc01,t8591,0.445118762,132.8052
period1,sc01,t8592,0.41601228900000004,132.8052
period1,sc01,t8593,0.374732006,132.8052
period1,sc01,t8594,0.36156215700000005,132.8052
period1,sc01,t8595,0.306890683,132.8052
period1,sc01,t8596,0.255539339,132.8052
period1,sc01,t8597,0.166781197,132.8052
period1,sc01,t8598,0.14387229999999998,132.8052
period1,sc01,t8599,0.18061507200000002,132.8052
period1,sc01,t8600,0.33754655,132.8052
period1,sc01,t8601,0.38734850000000004,132.8052
period1,sc01,t8602,0.35735665899999997,132.8052
period1,sc01,t8603,0.22665420800000002,132.8052
period1,sc01,t8604,0.306226657,132.8052
period1,sc01,t8605,0.122402126,132.8052
period1,sc01,t8606,0.118639312,132.8052
period1,sc01,t8607,0.154828729,132.8052
period1,sc01,t8608,0.155160742,132.8052
period1,sc01,t8609,0.150291218,132.8052
period1,sc01,t8610,0.110671,132.8052
period1,sc01,t8611,0.084884657,132.8052
period1,sc01,t8612,0.082339224,132.8052
period1,sc01,t8613,0.022798226,132.8052
period1,sc01,t8614,0.021691515999999997,132.8052
period1,sc01,t8615,0.017596689000000002,132.8052
period1,sc01,t8616,0.010956429,132.8052
period1,sc01,t8617,0.01217381,132.8052
period1,sc01,t8618,0.009517705999999999,132.8052
period1,sc01,t8619,0.004205498,132.8052
period1,sc01,t8620,0.002324091,132.8052
period1,sc01,t8621,0.00011067100000000001,132.8052
period1,sc01,t8622,0.020806148,132.8052
period1,sc01,t8623,0.07691634500000001,132.8052
period1,sc01,t8624,0.08942216800000001,132.8052
period1,sc01,t8625,0.233405139,132.8052
period1,sc01,t8626,0.43161689999999997,132.8052
period1,sc01,t8627,0.477434694,132.8052
period1,sc01,t8628,0.523252488,132.8052
period1,sc01,t8629,0.509861297,132.8052
period1,sc01,t8630,0.479758785,132.8052
period1,sc01,t8631,0.570619676,132.8052
period1,sc01,t8632,0.5892124040000001,132.8052
period1,sc01,t8633,0.593971257,132.8052
period1,sc01,t8634,0.5907617980000001,132.8052
period1,sc01,t8635,0.5892124040000001,132.8052
period1,sc01,t8636,0.580580066,132.8052
period1,sc01,t8637,0.554351039,132.8052
period1,sc01,t8638,0.49005118799999997,132.8052
period1,sc01,t8639,0.167777236,132.8052
period1,sc01,t8640,0.331902329,132.8052
period1,sc01,t8641,0.02102749,132.8052
period1,sc01,t8642,0.003430801,132.8052
period1,sc01,t8643,-0.00553355,132.8052
period1,sc01,t8644,-0.014276559000000001,132.8052
period1,sc01,t8645,0.006086905,132.8052
period1,sc01,t8646,0.001217381,132.8052
period1,sc01,t8647,0.00011067100000000001,132.8052
period1,sc01,t8648,0.000664026,132.8052
period1,sc01,t8649,0.0,132.8052
period1,sc01,t8650,0.003652143,132.8052
period1,sc01,t8651,0.005976234,132.8052
period1,sc01,t8652,0.011731126,132.8052
period1,sc01,t8653,0.020806148,132.8052
period1,sc01,t8654,0.020806148,132.8052
period1,sc01,t8655,0.018482057,132.8052
period1,sc01,t8656,0.007636298999999999,132.8052
period1,sc01,t8657,0.002434762,132.8052
period1,sc01,t8658,0.016711321,132.8052
period1,sc01,t8659,-0.00044268400000000005,132.8052
period1,sc01,t8660,-0.0005533550000000001,132.8052
period1,sc01,t8661,-0.010956429,132.8052
period1,sc01,t8662,-0.008410996,132.8052
period1,sc01,t8663,-0.022576884000000002,132.8052
period1,sc01,t8664,-0.0014387230000000003,132.8052
period1,sc01,t8665,-0.001328052,132.8052
period1,sc01,t8666,-0.003873485,132.8052
period1,sc01,t8667,-0.001328052,132.8052
period1,sc01,t8668,-0.000664026,132.8052
period1,sc01,t8669,0.008521667,132.8052
period1,sc01,t8670,0.006640259999999999,132.8052
period1,sc01,t8671,0.026561039999999998,132.8052
period1,sc01,t8672,0.038513508,132.8052
period1,sc01,t8673,0.041722967,132.8052
period1,sc01,t8674,0.055999525999999994,132.8052
period1,sc01,t8675,0.070165414,132.8052
period1,sc01,t8676,0.041280283,132.8052
period1,sc01,t8677,0.036410759,132.8052
period1,sc01,t8678,0.089311497,132.8052
period1,sc01,t8679,0.145975049,132.8052
period1,sc01,t8680,0.325704753,132.8052
period1,sc01,t8681,0.3541472,132.8052
period1,sc01,t8682,0.4326129390000001,132.8052
period1,sc01,t8683,0.36189417,132.8052
period1,sc01,t8684,0.361340815,132.8052
period1,sc01,t8685,0.3541472,132.8052
period1,sc01,t8686,0.21636180500000002,132.8052
period1,sc01,t8687,0.07691634500000001,132.8052
period1,sc01,t8688,0.121074074,132.8052
period1,sc01,t8689,0.096173099,132.8052
period1,sc01,t8690,0.07691634500000001,132.8052
period1,sc01,t8691,0.031319893,132.8052
period1,sc01,t8692,0.026339697999999998,132.8052
period1,sc01,t8693,0.026893053000000004,132.8052
period1,sc01,t8694,0.048363226999999995,132.8052
period1,sc01,t8695,0.172757431,132.8052
period1,sc01,t8696,0.396755535,132.8052
period1,sc01,t8697,0.44257332900000007,132.8052
period1,sc01,t8698,0.442684,132.8052
period1,sc01,t8699,0.38734850000000004,132.8052
period1,sc01,t8700,0.331902329,132.8052
period1,sc01,t8701,0.231413061,132.8052
period1,sc01,t8702,0.28663789,132.8052
period1,sc01,t8703,0.387237829,132.8052
period1,sc01,t8704,0.39819425799999997,132.8052
period1,sc01,t8705,0.46492887099999997,132.8052
period1,sc01,t8706,0.457292572,132.8052
period1,sc01,t8707,0.387237829,132.8052
period1,sc01,t8708,0.246464317,132.8052
period1,sc01,t8709,0.12882104400000002,132.8052
period1,sc01,t8710,0.09440236299999999,132.8052
period1,sc01,t8711,0.07691634500000001,132.8052
period1,sc01,t8712,0.029106473,132.8052
period1,sc01,t8713,0.019699438,132.8052
period1,sc01,t8714,0.017264676,132.8052
period1,sc01,t8715,0.019699438,132.8052
period1,sc01,t8716,0.020916819,132.8052
period1,sc01,t8717,0.018260715,132.8052
period1,sc01,t8718,0.026561039999999998,132.8052
period1,sc01,t8719,0.07691634500000001,132.8052
period1,sc01,t8720,0.40992538399999995,132.8052
period1,sc01,t8721,0.4298461640000001,132.8052
period1,sc01,t8722,0.420439129,132.8052
period1,sc01,t8723,0.3541472,132.8052
period1,sc01,t8724,0.332013,132.8052
period1,sc01,t8725,0.417783025,132.8052
period1,sc01,t8726,0.481308179,132.8052
period1,sc01,t8727,0.5691809529999999,132.8052
period1,sc01,t8728,0.792625702,132.8052
period1,sc01,t8729,0.79351107,132.8052
period1,sc01,t8730,0.840656916,132.8052
period1,sc01,t8731,1.063105626,132.8052
period1,sc01,t8732,1.0607815349999998,132.8052
period1,sc01,t8733,0.9989164460000001,132.8052
period1,sc01,t8734,1.0853504969999999,132.8052
period1,sc01,t8735,0.9259842570000001,132.8052
period1,sc01,t8736,0.7786811560000001,132.8052
